CUDA graph capture is not supported in this JAX version
JAX devices: [CudaDevice(id=0), CudaDevice(id=1)]
Arguments:
  data: None
  train_npz: out/splits01/energies_forces_dipoles_train.npz
  valid_npz: out/splits01/energies_forces_dipoles_valid.npz
  test_npz: out/splits01/energies_forces_dipoles_test.npz
  output_dir: /mmhome/boittier/home/ckpts/dipetidePert_ef2_ptT_run1
  features: 64
  max_degree: 1
  num_iterations: 2
  num_basis_functions: 32
  cutoff: 10.0
  num_train: 8000
  num_valid: 1000
  num_epochs: 500
  learning_rate: 0.0004
  batch_size: 16
  clip_norm: 1000.0
  ema_decay: 0.5
  early_stopping_patience: None
  early_stopping_min_delta: 0.0
  reduce_on_plateau_patience: 15
  reduce_on_plateau_cooldown: 15
  reduce_on_plateau_factor: 0.9
  reduce_on_plateau_rtol: 0.0001
  reduce_on_plateau_accumulation_size: 5
  reduce_on_plateau_min_scale: 0.01
  restart: None
  energy_weight: 1.0
  forces_weight: 1.0
  dipole_weight: 1.0
  charge_weight: 1.0
  dipole_field_coupling: False
  field_scale: 100.0
  zbl: True
  include_pseudotensors: True
  gradient_checkpoint: False
  rot_augment: True
  rot_perturbation: 1.0
  verbose: False
  save_every: 0
Hyperparameters:
  restart: None
  features: 64
  max_degree: 1
  num_iterations: 2
  num_basis_functions: 32
  cutoff: 10.0
  num_train: 8000
  num_valid: 1000
  num_epochs: 500
  learning_rate: 0.0004
  batch_size: 16
  clip_norm: 1000.0
  ema_decay: 0.5
  early_stopping_patience: None
  early_stopping_min_delta: 0.0
  reduce_on_plateau_patience: 15
  reduce_on_plateau_cooldown: 15
  reduce_on_plateau_factor: 0.9
  reduce_on_plateau_rtol: 0.0001
  reduce_on_plateau_accumulation_size: 5
  reduce_on_plateau_min_scale: 0.01
  save_every: 0
  rot_augment: True
  rot_perturbation: 1.0
Loading splits:
  train: out/splits01/energies_forces_dipoles_train.npz
  valid: out/splits01/energies_forces_dipoles_valid.npz

Test split (informational only, not used in training):
  atomic_numbers: (768, 29)
  positions: (768, 29, 3)
  electric_field: (768, 3)
  energies: (768,)
  forces: (768, 29, 3)
  D: (768, 3)

Prepared data shapes:
  train atomic_numbers: (6134, 29)
  train positions:      (6134, 29, 3)
  train electric_field: (6134, 3)
  train energies:       (6134,)
  train forces:        (6134, 29, 3)
Message passing model: MessagePassingModel(
    # attributes
    features = 64
    max_degree = 1
    num_iterations = 2
    num_basis_functions = 32
    cutoff = 10.0
    max_atomic_number = 55
    include_pseudotensors = True
    dipole_field_coupling = False
    field_scale = 100.0
    zbl = True
)

============================================================
Training Run UUID: bd8b7a90-13fa-4943-9453-6b3ef7bf4433
============================================================

                             Validation Batch[0]                              
┏━━━━━━━━━━━━━━━━┳━━━━━━━━━━━━━━━━━━━━━━━━━━━━━━━━━━━━━━━━━━━━━━━━━━━━━━━━━━━┓
┃ Key            ┃ Shape + Stats                                             ┃
┡━━━━━━━━━━━━━━━━╇━━━━━━━━━━━━━━━━━━━━━━━━━━━━━━━━━━━━━━━━━━━━━━━━━━━━━━━━━━━┩
│ atomic_numbers │ shape=(464,) x∈[1, 16]                                    │
│ positions      │ shape=(464, 3) x∈[-11.78, 13.92] μ=-0.2818 σ=4.108        │
│ energies       │ shape=(16,) x∈[-128, -120.1] μ=-125.4 σ=1.68              │
│ forces         │ shape=(464, 3) x∈[-18.97, 13.56] μ=8.88e-06 σ=2.573       │
│ electric_field │ shape=(16, 3) x∈[-0.01439, 0.02215] μ=0.001791 σ=0.006659 │
│ dst_idx_flat   │ shape=(12992,) x∈[0, 463]                                 │
│ src_idx_flat   │ shape=(12992,) x∈[0, 463]                                 │
│ batch_segments │ shape=(464,) x∈[0, 15]                                    │
│ dipoles        │ shape=(16, 3) x∈[-1.845, 1.263] μ=0.1034 σ=0.6808         │
└────────────────┴───────────────────────────────────────────────────────────┘
epoch:   1                    train:   valid:
    weighted total loss      4249.493164  65.630775
    energy MSE [eV²]         4185.971191  11.660387
    force MSE [(eV/Å)²]      8.634393  4.300795
    energy mae [kcal/mol]          910.469849  89.625755
    energy R²                    N/A -15.693858
    forces mae [kcal/mol/Å]        73.315559  52.430973
    forces R²                    N/A -0.255090
    dipole mae [tgt units]   0.425062  0.245965
    dipole R²                    N/A  0.848709
    dipole MSE [tgt²]        0.159123  0.045538
    charge loss [e²]         54.724602  49.624054
    charge RMSE [e]          7.397608  7.044434
    LR scale:  1.000000, effective LR:  0.000400
    ✓ Best valid checkpoint: params-best-bd8b7a90-13fa-4943-9453-6b3ef7bf4433.json (weighted loss=65.630775, epoch 1)
epoch:   2                    train:   valid:
    weighted total loss      45.189526  15.282981
    energy MSE [eV²]         8.340314  2.401725
    force MSE [(eV/Å)²]      3.501509  2.865030
    energy mae [kcal/mol]          74.351517  40.369896
    energy R²                    N/A -2.356219
    forces mae [kcal/mol/Å]        45.609367  39.750462
    forces R²                    N/A  0.167591
    dipole mae [tgt units]   0.160594  0.135309
    dipole R²                    N/A  0.949408
    dipole MSE [tgt²]        0.021701  0.015438
    charge loss [e²]         33.326008  10.000787
    charge RMSE [e]          5.772868  3.162402
    LR scale:  1.000000, effective LR:  0.000400
    ✓ Best valid checkpoint: params-best-bd8b7a90-13fa-4943-9453-6b3ef7bf4433.json (weighted loss=15.282981, epoch 2)
epoch:   3                    train:   valid:
    weighted total loss      5.260314  3.983722
    energy MSE [eV²]         1.871879  1.227910
    force MSE [(eV/Å)²]      2.823884  2.740805
    energy mae [kcal/mol]          35.787506  28.999191
    energy R²                    N/A -0.691613
    forces mae [kcal/mol/Å]        39.273621  38.432819
    forces R²                    N/A  0.204104
    dipole mae [tgt units]   0.121538  0.117072
    dipole R²                    N/A  0.963511
    dipole MSE [tgt²]        0.012004  0.011012
    charge loss [e²]         0.552549  0.003996
    charge RMSE [e]          0.743337  0.063216
    LR scale:  1.000000, effective LR:  0.000400
    ✓ Best valid checkpoint: params-best-bd8b7a90-13fa-4943-9453-6b3ef7bf4433.json (weighted loss=3.983722, epoch 3)
epoch:   4                    train:   valid:
    weighted total loss      3.808946  3.531747
    energy MSE [eV²]         1.036146  0.813076
    force MSE [(eV/Å)²]      2.758925  2.706051
    energy mae [kcal/mol]          26.406689  24.217524
    energy R²                    N/A -0.120783
    forces mae [kcal/mol/Å]        38.602726  38.201832
    forces R²                    N/A  0.214264
    dipole mae [tgt units]   0.111695  0.109619
    dipole R²                    N/A  0.968086
    dipole MSE [tgt²]        0.010165  0.009557
    charge loss [e²]         0.003710  0.003063
    charge RMSE [e]          0.060914  0.055347
    LR scale:  1.000000, effective LR:  0.000400
    ✓ Best valid checkpoint: params-best-bd8b7a90-13fa-4943-9453-6b3ef7bf4433.json (weighted loss=3.531747, epoch 4)
epoch:   5                    train:   valid:
    weighted total loss      3.465171  3.282952
    energy MSE [eV²]         0.736578  0.626765
    force MSE [(eV/Å)²]      2.716181  2.643914
    energy mae [kcal/mol]          22.188883  20.652536
    energy R²                    N/A  0.152366
    forces mae [kcal/mol/Å]        38.313496  37.732201
    forces R²                    N/A  0.232313
    dipole mae [tgt units]   0.105907  0.104539
    dipole R²                    N/A  0.970969
    dipole MSE [tgt²]        0.009089  0.008657
    charge loss [e²]         0.003323  0.003616
    charge RMSE [e]          0.057645  0.060131
    LR scale:  1.000000, effective LR:  0.000400
    ✓ Best valid checkpoint: params-best-bd8b7a90-13fa-4943-9453-6b3ef7bf4433.json (weighted loss=3.282952, epoch 5)
epoch:   6                    train:   valid:
    weighted total loss      3.358923  3.295489
    energy MSE [eV²]         0.709633  0.730349
    force MSE [(eV/Å)²]      2.637557  2.554106
    energy mae [kcal/mol]          21.739849  23.250183
    energy R²                    N/A -0.029267
    forces mae [kcal/mol/Å]        37.709003  37.026577
    forces R²                    N/A  0.258378
    dipole mae [tgt units]   0.101785  0.100886
    dipole R²                    N/A  0.972937
    dipole MSE [tgt²]        0.008399  0.008055
    charge loss [e²]         0.003334  0.002980
    charge RMSE [e]          0.057738  0.054589
    LR scale:  1.000000, effective LR:  0.000400
epoch:   7                    train:   valid:
    weighted total loss      3.205235  2.973459
    energy MSE [eV²]         0.654392  0.514457
    force MSE [(eV/Å)²]      2.539629  2.447581
    energy mae [kcal/mol]          20.899551  18.399467
    energy R²                    N/A  0.309642
    forces mae [kcal/mol/Å]        36.977787  36.214828
    forces R²                    N/A  0.289273
    dipole mae [tgt units]   0.099473  0.103254
    dipole R²                    N/A  0.971601
    dipole MSE [tgt²]        0.008011  0.008503
    charge loss [e²]         0.003204  0.002918
    charge RMSE [e]          0.056600  0.054022
    LR scale:  1.000000, effective LR:  0.000400
    ✓ Best valid checkpoint: params-best-bd8b7a90-13fa-4943-9453-6b3ef7bf4433.json (weighted loss=2.973459, epoch 7)
epoch:   8                    train:   valid:
    weighted total loss      3.063870  2.870133
    energy MSE [eV²]         0.625819  0.529873
    force MSE [(eV/Å)²]      2.427378  2.330316
    energy mae [kcal/mol]          20.468496  17.973440
    energy R²                    N/A  0.296302
    forces mae [kcal/mol/Å]        36.120979  35.325901
    forces R²                    N/A  0.323259
    dipole mae [tgt units]   0.096635  0.095482
    dipole R²                    N/A  0.975640
    dipole MSE [tgt²]        0.007545  0.007264
    charge loss [e²]         0.003126  0.002680
    charge RMSE [e]          0.055911  0.051772
    LR scale:  1.000000, effective LR:  0.000400
    ✓ Best valid checkpoint: params-best-bd8b7a90-13fa-4943-9453-6b3ef7bf4433.json (weighted loss=2.870133, epoch 8)
epoch:   9                    train:   valid:
    weighted total loss      2.897202  2.888719
    energy MSE [eV²]         0.576600  0.663243
    force MSE [(eV/Å)²]      2.310328  2.215232
    energy mae [kcal/mol]          19.615295  20.426971
    energy R²                    N/A  0.117850
    forces mae [kcal/mol/Å]        35.271175  34.494019
    forces R²                    N/A  0.356572
    dipole mae [tgt units]   0.095611  0.095074
    dipole R²                    N/A  0.975974
    dipole MSE [tgt²]        0.007388  0.007151
    charge loss [e²]         0.002886  0.003092
    charge RMSE [e]          0.053719  0.055605
    LR scale:  1.000000, effective LR:  0.000400
epoch:  10                    train:   valid:
    weighted total loss      2.764746  2.568254
    energy MSE [eV²]         0.554893  0.448583
    force MSE [(eV/Å)²]      2.200158  2.110469
    energy mae [kcal/mol]          19.411987  16.856846
    energy R²                    N/A  0.390411
    forces mae [kcal/mol/Å]        34.475555  33.722435
    forces R²                    N/A  0.386883
    dipole mae [tgt units]   0.093963  0.093643
    dipole R²                    N/A  0.976623
    dipole MSE [tgt²]        0.007150  0.006986
    charge loss [e²]         0.002545  0.002216
    charge RMSE [e]          0.050453  0.047072
    LR scale:  1.000000, effective LR:  0.000400
    ✓ Best valid checkpoint: params-best-bd8b7a90-13fa-4943-9453-6b3ef7bf4433.json (weighted loss=2.568254, epoch 10)
epoch:  11                    train:   valid:
    weighted total loss      2.677852  2.491559
    energy MSE [eV²]         0.569179  0.467432
    force MSE [(eV/Å)²]      2.099498  2.015393
    energy mae [kcal/mol]          19.502876  17.075377
    energy R²                    N/A  0.373902
    forces mae [kcal/mol/Å]        33.681942  32.937511
    forces R²                    N/A  0.414428
    dipole mae [tgt units]   0.092666  0.092672
    dipole R²                    N/A  0.977111
    dipole MSE [tgt²]        0.006928  0.006826
    charge loss [e²]         0.002249  0.001909
    charge RMSE [e]          0.047421  0.043689
    LR scale:  1.000000, effective LR:  0.000400
    ✓ Best valid checkpoint: params-best-bd8b7a90-13fa-4943-9453-6b3ef7bf4433.json (weighted loss=2.491559, epoch 11)
epoch:  12                    train:   valid:
    weighted total loss      2.634192  2.357303
    energy MSE [eV²]         0.609530  0.413517
    force MSE [(eV/Å)²]      2.015824  1.935293
    energy mae [kcal/mol]          20.251123  16.402025
    energy R²                    N/A  0.434271
    forces mae [kcal/mol/Å]        32.934582  32.236076
    forces R²                    N/A  0.437655
    dipole mae [tgt units]   0.091830  0.091908
    dipole R²                    N/A  0.977566
    dipole MSE [tgt²]        0.006797  0.006703
    charge loss [e²]         0.002043  0.001791
    charge RMSE [e]          0.045202  0.042316
    LR scale:  1.000000, effective LR:  0.000400
    ✓ Best valid checkpoint: params-best-bd8b7a90-13fa-4943-9453-6b3ef7bf4433.json (weighted loss=2.357303, epoch 12)
epoch:  13                    train:   valid:
    weighted total loss      2.525224  2.268329
    energy MSE [eV²]         0.585615  0.406245
    force MSE [(eV/Å)²]      1.931197  1.853879
    energy mae [kcal/mol]          19.857441  16.480675
    energy R²                    N/A  0.433916
    forces mae [kcal/mol/Å]        32.184616  31.498171
    forces R²                    N/A  0.461273
    dipole mae [tgt units]   0.091018  0.091932
    dipole R²                    N/A  0.977317
    dipole MSE [tgt²]        0.006723  0.006791
    charge loss [e²]         0.001690  0.001415
    charge RMSE [e]          0.041107  0.037619
    LR scale:  1.000000, effective LR:  0.000400
    ✓ Best valid checkpoint: params-best-bd8b7a90-13fa-4943-9453-6b3ef7bf4433.json (weighted loss=2.268329, epoch 13)
epoch:  14                    train:   valid:
    weighted total loss      2.406122  2.241825
    energy MSE [eV²]         0.551336  0.463433
    force MSE [(eV/Å)²]      1.846733  1.770876
    energy mae [kcal/mol]          19.204250  18.093142
    energy R²                    N/A  0.348456
    forces mae [kcal/mol/Å]        31.420866  30.729830
    forces R²                    N/A  0.485357
    dipole mae [tgt units]   0.090421  0.090007
    dipole R²                    N/A  0.978281
    dipole MSE [tgt²]        0.006640  0.006488
    charge loss [e²]         0.001414  0.001027
    charge RMSE [e]          0.037605  0.032052
    LR scale:  1.000000, effective LR:  0.000400
    ✓ Best valid checkpoint: params-best-bd8b7a90-13fa-4943-9453-6b3ef7bf4433.json (weighted loss=2.241825, epoch 14)
epoch:  15                    train:   valid:
    weighted total loss      2.425558  2.120155
    energy MSE [eV²]         0.644356  0.405572
    force MSE [(eV/Å)²]      1.773488  1.707347
    energy mae [kcal/mol]          20.929310  16.842222
    energy R²                    N/A  0.425799
    forces mae [kcal/mol/Å]        30.715389  30.050478
    forces R²                    N/A  0.503842
    dipole mae [tgt units]   0.089958  0.088625
    dipole R²                    N/A  0.978915
    dipole MSE [tgt²]        0.006604  0.006313
    charge loss [e²]         0.001111  0.000922
    charge RMSE [e]          0.033336  0.030371
    LR scale:  1.000000, effective LR:  0.000400
    ✓ Best valid checkpoint: params-best-bd8b7a90-13fa-4943-9453-6b3ef7bf4433.json (weighted loss=2.120155, epoch 15)
epoch:  16                    train:   valid:
    weighted total loss      2.193963  2.044324
    energy MSE [eV²]         0.482476  0.411839
    force MSE [(eV/Å)²]      1.704124  1.625767
    energy mae [kcal/mol]          18.008703  16.050413
    energy R²                    N/A  0.437168
    forces mae [kcal/mol/Å]        30.027550  29.241169
    forces R²                    N/A  0.527523
    dipole mae [tgt units]   0.088248  0.087411
    dipole R²                    N/A  0.979448
    dipole MSE [tgt²]        0.006334  0.006148
    charge loss [e²]         0.001029  0.000570
    charge RMSE [e]          0.032072  0.023869
    LR scale:  1.000000, effective LR:  0.000400
    ✓ Best valid checkpoint: params-best-bd8b7a90-13fa-4943-9453-6b3ef7bf4433.json (weighted loss=2.044324, epoch 16)
epoch:  17                    train:   valid:
    weighted total loss      2.152367  1.929330
    energy MSE [eV²]         0.517329  0.365264
    force MSE [(eV/Å)²]      1.628099  1.557526
    energy mae [kcal/mol]          18.720592  15.534375
    energy R²                    N/A  0.492819
    forces mae [kcal/mol/Å]        29.251297  28.544996
    forces R²                    N/A  0.547348
    dipole mae [tgt units]   0.087383  0.087202
    dipole R²                    N/A  0.979647
    dipole MSE [tgt²]        0.006188  0.006077
    charge loss [e²]         0.000751  0.000463
    charge RMSE [e]          0.027399  0.021525
    LR scale:  1.000000, effective LR:  0.000400
    ✓ Best valid checkpoint: params-best-bd8b7a90-13fa-4943-9453-6b3ef7bf4433.json (weighted loss=1.929330, epoch 17)
epoch:  18                    train:   valid:
    weighted total loss      2.063308  1.918077
    energy MSE [eV²]         0.491614  0.418972
    force MSE [(eV/Å)²]      1.564590  1.492996
    energy mae [kcal/mol]          18.139992  16.221991
    energy R²                    N/A  0.424313
    forces mae [kcal/mol/Å]        28.588984  27.851278
    forces R²                    N/A  0.566100
    dipole mae [tgt units]   0.087041  0.084989
    dipole R²                    N/A  0.980549
    dipole MSE [tgt²]        0.006148  0.005812
    charge loss [e²]         0.000957  0.000297
    charge RMSE [e]          0.030935  0.017237
    LR scale:  1.000000, effective LR:  0.000400
    ✓ Best valid checkpoint: params-best-bd8b7a90-13fa-4943-9453-6b3ef7bf4433.json (weighted loss=1.918077, epoch 18)
epoch:  19                    train:   valid:
    weighted total loss      1.983615  1.819369
    energy MSE [eV²]         0.474262  0.375549
    force MSE [(eV/Å)²]      1.502524  1.437790
    energy mae [kcal/mol]          17.790686  16.227535
    energy R²                    N/A  0.466357
    forces mae [kcal/mol/Å]        27.912037  27.238489
    forces R²                    N/A  0.582152
    dipole mae [tgt units]   0.085133  0.084647
    dipole R²                    N/A  0.980756
    dipole MSE [tgt²]        0.005867  0.005744
    charge loss [e²]         0.000962  0.000286
    charge RMSE [e]          0.031009  0.016908
    LR scale:  1.000000, effective LR:  0.000400
    ✓ Best valid checkpoint: params-best-bd8b7a90-13fa-4943-9453-6b3ef7bf4433.json (weighted loss=1.819369, epoch 19)
epoch:  20                    train:   valid:
    weighted total loss      1.998839  1.733982
    energy MSE [eV²]         0.533947  0.332093
    force MSE [(eV/Å)²]      1.454819  1.396130
    energy mae [kcal/mol]          19.075382  14.893500
    energy R²                    N/A  0.535978
    forces mae [kcal/mol/Å]        27.356647  26.731718
    forces R²                    N/A  0.594292
    dipole mae [tgt units]   0.083821  0.083024
    dipole R²                    N/A  0.981267
    dipole MSE [tgt²]        0.005696  0.005594
    charge loss [e²]         0.004379  0.000165
    charge RMSE [e]          0.066171  0.012854
    LR scale:  1.000000, effective LR:  0.000400
    ✓ Best valid checkpoint: params-best-bd8b7a90-13fa-4943-9453-6b3ef7bf4433.json (weighted loss=1.733982, epoch 20)
epoch:  21                    train:   valid:
    weighted total loss      1.907696  1.720388
    energy MSE [eV²]         0.480287  0.357255
    force MSE [(eV/Å)²]      1.419239  1.357438
    energy mae [kcal/mol]          17.921862  15.176372
    energy R²                    N/A  0.514351
    forces mae [kcal/mol/Å]        26.946978  26.274244
    forces R²                    N/A  0.605546
    dipole mae [tgt units]   0.083965  0.082851
    dipole R²                    N/A  0.981339
    dipole MSE [tgt²]        0.005727  0.005579
    charge loss [e²]         0.002442  0.000116
    charge RMSE [e]          0.049420  0.010782
    LR scale:  1.000000, effective LR:  0.000400
    ✓ Best valid checkpoint: params-best-bd8b7a90-13fa-4943-9453-6b3ef7bf4433.json (weighted loss=1.720388, epoch 21)
epoch:  22                    train:   valid:
    weighted total loss      1.845234  1.704337
    energy MSE [eV²]         0.456854  0.374990
    force MSE [(eV/Å)²]      1.381159  1.323834
    energy mae [kcal/mol]          17.520977  16.393616
    energy R²                    N/A  0.460063
    forces mae [kcal/mol/Å]        26.500450  25.886963
    forces R²                    N/A  0.615329
    dipole mae [tgt units]   0.082732  0.081007
    dipole R²                    N/A  0.982316
    dipole MSE [tgt²]        0.005590  0.005282
    charge loss [e²]         0.001631  0.000230
    charge RMSE [e]          0.040385  0.015166
    LR scale:  1.000000, effective LR:  0.000400
    ✓ Best valid checkpoint: params-best-bd8b7a90-13fa-4943-9453-6b3ef7bf4433.json (weighted loss=1.704337, epoch 22)
epoch:  23                    train:   valid:
    weighted total loss      1.823111  1.614835
    energy MSE [eV²]         0.465312  0.312715
    force MSE [(eV/Å)²]      1.348637  1.295457
    energy mae [kcal/mol]          17.773369  14.580357
    energy R²                    N/A  0.562649
    forces mae [kcal/mol/Å]        26.132715  25.555773
    forces R²                    N/A  0.623600
    dipole mae [tgt units]   0.080979  0.080533
    dipole R²                    N/A  0.982503
    dipole MSE [tgt²]        0.005284  0.005216
    charge loss [e²]         0.003878  0.001448
    charge RMSE [e]          0.062272  0.038052
    LR scale:  1.000000, effective LR:  0.000400
    ✓ Best valid checkpoint: params-best-bd8b7a90-13fa-4943-9453-6b3ef7bf4433.json (weighted loss=1.614835, epoch 23)
epoch:  24                    train:   valid:
    weighted total loss      1.767763  1.575283
    energy MSE [eV²]         0.439282  0.301997
    force MSE [(eV/Å)²]      1.321168  1.268288
    energy mae [kcal/mol]          17.170513  14.056328
    energy R²                    N/A  0.584958
    forces mae [kcal/mol/Å]        25.807381  25.237097
    forces R²                    N/A  0.631519
    dipole mae [tgt units]   0.079487  0.078070
    dipole R²                    N/A  0.983503
    dipole MSE [tgt²]        0.005157  0.004922
    charge loss [e²]         0.002157  0.000075
    charge RMSE [e]          0.046443  0.008656
    LR scale:  1.000000, effective LR:  0.000400
    ✓ Best valid checkpoint: params-best-bd8b7a90-13fa-4943-9453-6b3ef7bf4433.json (weighted loss=1.575283, epoch 24)
epoch:  25                    train:   valid:
    weighted total loss      1.731399  1.557993
    energy MSE [eV²]         0.429833  0.311712
    force MSE [(eV/Å)²]      1.295866  1.241394
    energy mae [kcal/mol]          16.918114  14.197186
    energy R²                    N/A  0.577173
    forces mae [kcal/mol/Å]        25.535442  24.943487
    forces R²                    N/A  0.639364
    dipole mae [tgt units]   0.079454  0.077552
    dipole R²                    N/A  0.983779
    dipole MSE [tgt²]        0.005175  0.004834
    charge loss [e²]         0.000524  0.000053
    charge RMSE [e]          0.022892  0.007290
    LR scale:  1.000000, effective LR:  0.000400
    ✓ Best valid checkpoint: params-best-bd8b7a90-13fa-4943-9453-6b3ef7bf4433.json (weighted loss=1.557993, epoch 25)
epoch:  26                    train:   valid:
    weighted total loss      1.737503  1.539823
    energy MSE [eV²]         0.456242  0.315829
    force MSE [(eV/Å)²]      1.270047  1.214376
    energy mae [kcal/mol]          17.492151  14.238292
    energy R²                    N/A  0.569903
    forces mae [kcal/mol/Å]        25.268082  24.668419
    forces R²                    N/A  0.647245
    dipole mae [tgt units]   0.077300  0.078141
    dipole R²                    N/A  0.983479
    dipole MSE [tgt²]        0.004849  0.004926
    charge loss [e²]         0.006364  0.004691
    charge RMSE [e]          0.079777  0.068493
    LR scale:  1.000000, effective LR:  0.000400
    ✓ Best valid checkpoint: params-best-bd8b7a90-13fa-4943-9453-6b3ef7bf4433.json (weighted loss=1.539823, epoch 26)
epoch:  27                    train:   valid:
    weighted total loss      1.674226  1.461240
    energy MSE [eV²]         0.426646  0.273419
    force MSE [(eV/Å)²]      1.240768  1.182894
    energy mae [kcal/mol]          16.919878  13.670718
    energy R²                    N/A  0.616438
    forces mae [kcal/mol/Å]        24.979792  24.389338
    forces R²                    N/A  0.656439
    dipole mae [tgt units]   0.077595  0.074871
    dipole R²                    N/A  0.984840
    dipole MSE [tgt²]        0.004933  0.004515
    charge loss [e²]         0.001879  0.000412
    charge RMSE [e]          0.043343  0.020293
    LR scale:  1.000000, effective LR:  0.000400
    ✓ Best valid checkpoint: params-best-bd8b7a90-13fa-4943-9453-6b3ef7bf4433.json (weighted loss=1.461240, epoch 27)
epoch:  28                    train:   valid:
    weighted total loss      1.609096  1.479425
    energy MSE [eV²]         0.395035  0.325841
    force MSE [(eV/Å)²]      1.206285  1.146398
    energy mae [kcal/mol]          16.179672  14.396508
    energy R²                    N/A  0.553085
    forces mae [kcal/mol/Å]        24.690016  24.118025
    forces R²                    N/A  0.667088
    dipole mae [tgt units]   0.075452  0.078577
    dipole R²                    N/A  0.983106
    dipole MSE [tgt²]        0.004654  0.005032
    charge loss [e²]         0.003123  0.002155
    charge RMSE [e]          0.055879  0.046419
    LR scale:  1.000000, effective LR:  0.000400
epoch:  29                    train:   valid:
    weighted total loss      1.553834  1.389894
    energy MSE [eV²]         0.373204  0.265965
    force MSE [(eV/Å)²]      1.175501  1.119519
    energy mae [kcal/mol]          15.774203  13.554484
    energy R²                    N/A  0.623444
    forces mae [kcal/mol/Å]        24.510847  23.954235
    forces R²                    N/A  0.674926
    dipole mae [tgt units]   0.075169  0.073484
    dipole R²                    N/A  0.985491
    dipole MSE [tgt²]        0.004631  0.004331
    charge loss [e²]         0.000499  0.000080
    charge RMSE [e]          0.022340  0.008925
    LR scale:  1.000000, effective LR:  0.000400
    ✓ Best valid checkpoint: params-best-bd8b7a90-13fa-4943-9453-6b3ef7bf4433.json (weighted loss=1.389894, epoch 29)
epoch:  30                    train:   valid:
    weighted total loss      1.565585  1.356213
    energy MSE [eV²]         0.401785  0.252855
    force MSE [(eV/Å)²]      1.152816  1.099334
    energy mae [kcal/mol]          16.344831  13.199179
    energy R²                    N/A  0.634200
    forces mae [kcal/mol/Å]        24.326923  23.808332
    forces R²                    N/A  0.680815
    dipole mae [tgt units]   0.072281  0.070247
    dipole R²                    N/A  0.986581
    dipole MSE [tgt²]        0.004243  0.003993
    charge loss [e²]         0.006741  0.000030
    charge RMSE [e]          0.082106  0.005509
    LR scale:  1.000000, effective LR:  0.000400
    ✓ Best valid checkpoint: params-best-bd8b7a90-13fa-4943-9453-6b3ef7bf4433.json (weighted loss=1.356213, epoch 30)
epoch:  31                    train:   valid:
    weighted total loss      1.511086  1.340671
    energy MSE [eV²]         0.375205  0.257126
    force MSE [(eV/Å)²]      1.131703  1.079553
    energy mae [kcal/mol]          15.919477  13.186337
    energy R²                    N/A  0.643273
    forces mae [kcal/mol/Å]        24.153524  23.605621
    forces R²                    N/A  0.686595
    dipole mae [tgt units]   0.070673  0.069839
    dipole R²                    N/A  0.986674
    dipole MSE [tgt²]        0.004097  0.003968
    charge loss [e²]         0.000081  0.000024
    charge RMSE [e]          0.008999  0.004900
    LR scale:  1.000000, effective LR:  0.000400
    ✓ Best valid checkpoint: params-best-bd8b7a90-13fa-4943-9453-6b3ef7bf4433.json (weighted loss=1.340671, epoch 31)
epoch:  32                    train:   valid:
    weighted total loss      1.402763  1.291884
    energy MSE [eV²]         0.288240  0.231996
    force MSE [(eV/Å)²]      1.110469  1.056197
    energy mae [kcal/mol]          13.911557  12.597977
    energy R²                    N/A  0.670533
    forces mae [kcal/mol/Å]        23.976265  23.431061
    forces R²                    N/A  0.693394
    dipole mae [tgt units]   0.069728  0.066991
    dipole R²                    N/A  0.987672
    dipole MSE [tgt²]        0.003993  0.003670
    charge loss [e²]         0.000061  0.000022
    charge RMSE [e]          0.007814  0.004655
    LR scale:  1.000000, effective LR:  0.000400
    ✓ Best valid checkpoint: params-best-bd8b7a90-13fa-4943-9453-6b3ef7bf4433.json (weighted loss=1.291884, epoch 32)
epoch:  33                    train:   valid:
    weighted total loss      1.465177  1.277127
    energy MSE [eV²]         0.365231  0.233775
    force MSE [(eV/Å)²]      1.090463  1.038902
    energy mae [kcal/mol]          15.701185  12.731369
    energy R²                    N/A  0.669002
    forces mae [kcal/mol/Å]        23.776718  23.248297
    forces R²                    N/A  0.698420
    dipole mae [tgt units]   0.068552  0.066623
    dipole R²                    N/A  0.987846
    dipole MSE [tgt²]        0.003869  0.003628
    charge loss [e²]         0.005614  0.000823
    charge RMSE [e]          0.074927  0.028685
    LR scale:  1.000000, effective LR:  0.000400
    ✓ Best valid checkpoint: params-best-bd8b7a90-13fa-4943-9453-6b3ef7bf4433.json (weighted loss=1.277127, epoch 33)
epoch:  34                    train:   valid:
    weighted total loss      1.445990  1.301013
    energy MSE [eV²]         0.365860  0.275388
    force MSE [(eV/Å)²]      1.073397  1.021524
    energy mae [kcal/mol]          15.675905  13.344613
    energy R²                    N/A  0.616950
    forces mae [kcal/mol/Å]        23.640514  23.074175
    forces R²                    N/A  0.703485
    dipole mae [tgt units]   0.067211  0.065674
    dipole R²                    N/A  0.988283
    dipole MSE [tgt²]        0.003734  0.003499
    charge loss [e²]         0.002999  0.000602
    charge RMSE [e]          0.054760  0.024540
    LR scale:  1.000000, effective LR:  0.000400
epoch:  35                    train:   valid:
    weighted total loss      1.424864  1.302763
    energy MSE [eV²]         0.359727  0.236599
    force MSE [(eV/Å)²]      1.055804  1.006802
    energy mae [kcal/mol]          15.543984  12.187244
    energy R²                    N/A  0.666375
    forces mae [kcal/mol/Å]        23.452963  22.925982
    forces R²                    N/A  0.707768
    dipole mae [tgt units]   0.066730  0.068280
    dipole R²                    N/A  0.987550
    dipole MSE [tgt²]        0.003687  0.003710
    charge loss [e²]         0.005646  0.055652
    charge RMSE [e]          0.075141  0.235906
    LR scale:  1.000000, effective LR:  0.000400
epoch:  36                    train:   valid:
    weighted total loss      1.397974  1.211291
    energy MSE [eV²]         0.353854  0.220045
    force MSE [(eV/Å)²]      1.039001  0.988042
    energy mae [kcal/mol]          15.364199  11.848253
    energy R²                    N/A  0.692273
    forces mae [kcal/mol/Å]        23.269825  22.723743
    forces R²                    N/A  0.713232
    dipole mae [tgt units]   0.064967  0.062436
    dipole R²                    N/A  0.989344
    dipole MSE [tgt²]        0.003487  0.003185
    charge loss [e²]         0.001631  0.000019
    charge RMSE [e]          0.040384  0.004365
    LR scale:  1.000000, effective LR:  0.000400
    ✓ Best valid checkpoint: params-best-bd8b7a90-13fa-4943-9453-6b3ef7bf4433.json (weighted loss=1.211291, epoch 36)
epoch:  37                    train:   valid:
    weighted total loss      1.330556  1.168312
    energy MSE [eV²]         0.306939  0.197267
    force MSE [(eV/Å)²]      1.019803  0.967100
    energy mae [kcal/mol]          14.299821  11.449365
    energy R²                    N/A  0.719103
    forces mae [kcal/mol/Å]        23.101084  22.524576
    forces R²                    N/A  0.719316
    dipole mae [tgt units]   0.063533  0.061425
    dipole R²                    N/A  0.989644
    dipole MSE [tgt²]        0.003335  0.003091
    charge loss [e²]         0.000479  0.000854
    charge RMSE [e]          0.021876  0.029216
    LR scale:  1.000000, effective LR:  0.000400
    ✓ Best valid checkpoint: params-best-bd8b7a90-13fa-4943-9453-6b3ef7bf4433.json (weighted loss=1.168312, epoch 37)
epoch:  38                    train:   valid:
    weighted total loss      1.280634  1.215636
    energy MSE [eV²]         0.279374  0.268923
    force MSE [(eV/Å)²]      0.996402  0.943284
    energy mae [kcal/mol]          13.670465  13.185901
    energy R²                    N/A  0.626449
    forces mae [kcal/mol/Å]        22.859715  22.272816
    forces R²                    N/A  0.726251
    dipole mae [tgt units]   0.062688  0.061724
    dipole R²                    N/A  0.989610
    dipole MSE [tgt²]        0.003255  0.003104
    charge loss [e²]         0.001603  0.000325
    charge RMSE [e]          0.040034  0.018022
    LR scale:  1.000000, effective LR:  0.000400
epoch:  39                    train:   valid:
    weighted total loss      1.314648  1.156453
    energy MSE [eV²]         0.333593  0.231823
    force MSE [(eV/Å)²]      0.974176  0.921533
    energy mae [kcal/mol]          14.913782  12.173819
    energy R²                    N/A  0.676528
    forces mae [kcal/mol/Å]        22.631399  22.044359
    forces R²                    N/A  0.732565
    dipole mae [tgt units]   0.062887  0.060768
    dipole R²                    N/A  0.989731
    dipole MSE [tgt²]        0.003273  0.003078
    charge loss [e²]         0.003606  0.000019
    charge RMSE [e]          0.060049  0.004351
    LR scale:  1.000000, effective LR:  0.000400
    ✓ Best valid checkpoint: params-best-bd8b7a90-13fa-4943-9453-6b3ef7bf4433.json (weighted loss=1.156453, epoch 39)
epoch:  40                    train:   valid:
    weighted total loss      1.235936  1.114918
    energy MSE [eV²]         0.285533  0.218298
    force MSE [(eV/Å)²]      0.947056  0.893547
    energy mae [kcal/mol]          13.781845  11.895022
    energy R²                    N/A  0.699159
    forces mae [kcal/mol/Å]        22.334837  21.716793
    forces R²                    N/A  0.740694
    dipole mae [tgt units]   0.062692  0.060668
    dipole R²                    N/A  0.989818
    dipole MSE [tgt²]        0.003253  0.003050
    charge loss [e²]         0.000093  0.000023
    charge RMSE [e]          0.009658  0.004800
    LR scale:  1.000000, effective LR:  0.000400
    ✓ Best valid checkpoint: params-best-bd8b7a90-13fa-4943-9453-6b3ef7bf4433.json (weighted loss=1.114918, epoch 40)
epoch:  41                    train:   valid:
    weighted total loss      1.266707  1.071064
    energy MSE [eV²]         0.329845  0.189958
    force MSE [(eV/Å)²]      0.921940  0.875167
    energy mae [kcal/mol]          14.779975  11.409558
    energy R²                    N/A  0.730027
    forces mae [kcal/mol/Å]        22.036880  21.494497
    forces R²                    N/A  0.746008
    dipole mae [tgt units]   0.061893  0.060867
    dipole R²                    N/A  0.989834
    dipole MSE [tgt²]        0.003184  0.003042
    charge loss [e²]         0.011736  0.002896
    charge RMSE [e]          0.108334  0.053814
    LR scale:  1.000000, effective LR:  0.000400
    ✓ Best valid checkpoint: params-best-bd8b7a90-13fa-4943-9453-6b3ef7bf4433.json (weighted loss=1.071064, epoch 41)
epoch:  42                    train:   valid:
    weighted total loss      1.220588  1.125431
    energy MSE [eV²]         0.315136  0.269337
    force MSE [(eV/Å)²]      0.902105  0.852993
    energy mae [kcal/mol]          14.522732  13.185079
    energy R²                    N/A  0.625732
    forces mae [kcal/mol/Å]        21.796816  21.201984
    forces R²                    N/A  0.752435
    dipole mae [tgt units]   0.059764  0.060177
    dipole R²                    N/A  0.989851
    dipole MSE [tgt²]        0.002959  0.003048
    charge loss [e²]         0.000388  0.000053
    charge RMSE [e]          0.019706  0.007278
    LR scale:  1.000000, effective LR:  0.000400
epoch:  43                    train:   valid:
    weighted total loss      1.181265  1.044324
    energy MSE [eV²]         0.293857  0.204549
    force MSE [(eV/Å)²]      0.884503  0.836822
    energy mae [kcal/mol]          14.073917  11.529518
    energy R²                    N/A  0.718545
    forces mae [kcal/mol/Å]        21.577690  21.029680
    forces R²                    N/A  0.757124
    dipole mae [tgt units]   0.058598  0.057898
    dipole R²                    N/A  0.990796
    dipole MSE [tgt²]        0.002851  0.002759
    charge loss [e²]         0.000055  0.000195
    charge RMSE [e]          0.007390  0.013966
    LR scale:  1.000000, effective LR:  0.000400
    ✓ Best valid checkpoint: params-best-bd8b7a90-13fa-4943-9453-6b3ef7bf4433.json (weighted loss=1.044324, epoch 43)
epoch:  44                    train:   valid:
    weighted total loss      1.164890  1.000070
    energy MSE [eV²]         0.292332  0.176988
    force MSE [(eV/Å)²]      0.866536  0.819831
    energy mae [kcal/mol]          13.981568  10.969015
    energy R²                    N/A  0.746361
    forces mae [kcal/mol/Å]        21.358364  20.797384
    forces R²                    N/A  0.762040
    dipole mae [tgt units]   0.057432  0.058691
    dipole R²                    N/A  0.990525
    dipole MSE [tgt²]        0.002736  0.002853
    charge loss [e²]         0.003287  0.000398
    charge RMSE [e]          0.057330  0.019946
    LR scale:  1.000000, effective LR:  0.000400
    ✓ Best valid checkpoint: params-best-bd8b7a90-13fa-4943-9453-6b3ef7bf4433.json (weighted loss=1.000070, epoch 44)
epoch:  45                    train:   valid:
    weighted total loss      1.108730  1.538623
    energy MSE [eV²]         0.256748  0.731358
    force MSE [(eV/Å)²]      0.849240  0.804658
    energy mae [kcal/mol]          13.065144  25.095596
    energy R²                    N/A -0.093492
    forces mae [kcal/mol/Å]        21.138300  20.622139
    forces R²                    N/A  0.766446
    dipole mae [tgt units]   0.056490  0.055332
    dipole R²                    N/A  0.991466
    dipole MSE [tgt²]        0.002647  0.002570
    charge loss [e²]         0.000096  0.000036
    charge RMSE [e]          0.009776  0.005961
    LR scale:  1.000000, effective LR:  0.000400
epoch:  46                    train:   valid:
    weighted total loss      1.134783  0.987195
    energy MSE [eV²]         0.292618  0.194728
    force MSE [(eV/Å)²]      0.835747  0.790027
    energy mae [kcal/mol]          13.919715  11.591623
    energy R²                    N/A  0.721945
    forces mae [kcal/mol/Å]        20.970118  20.380970
    forces R²                    N/A  0.770710
    dipole mae [tgt units]   0.055956  0.054179
    dipole R²                    N/A  0.991940
    dipole MSE [tgt²]        0.002596  0.002427
    charge loss [e²]         0.003822  0.000013
    charge RMSE [e]          0.061824  0.003639
    LR scale:  1.000000, effective LR:  0.000400
    ✓ Best valid checkpoint: params-best-bd8b7a90-13fa-4943-9453-6b3ef7bf4433.json (weighted loss=0.987195, epoch 46)
epoch:  47                    train:   valid:
    weighted total loss      1.104634  0.945288
    energy MSE [eV²]         0.277968  0.165456
    force MSE [(eV/Å)²]      0.820774  0.777271
    energy mae [kcal/mol]          13.677904  10.352354
    energy R²                    N/A  0.770153
    forces mae [kcal/mol/Å]        20.761068  20.186804
    forces R²                    N/A  0.774404
    dipole mae [tgt units]   0.055970  0.054406
    dipole R²                    N/A  0.991890
    dipole MSE [tgt²]        0.002622  0.002444
    charge loss [e²]         0.003270  0.000117
    charge RMSE [e]          0.057184  0.010818
    LR scale:  1.000000, effective LR:  0.000400
    ✓ Best valid checkpoint: params-best-bd8b7a90-13fa-4943-9453-6b3ef7bf4433.json (weighted loss=0.945288, epoch 47)
epoch:  48                    train:   valid:
    weighted total loss      1.104716  0.931810
    energy MSE [eV²]         0.289711  0.166351
    force MSE [(eV/Å)²]      0.809423  0.763190
    energy mae [kcal/mol]          13.773073  10.480214
    energy R²                    N/A  0.772602
    forces mae [kcal/mol/Å]        20.586626  20.002789
    forces R²                    N/A  0.778483
    dipole mae [tgt units]   0.055241  0.052597
    dipole R²                    N/A  0.992503
    dipole MSE [tgt²]        0.002543  0.002255
    charge loss [e²]         0.003039  0.000014
    charge RMSE [e]          0.055128  0.003695
    LR scale:  1.000000, effective LR:  0.000400
    ✓ Best valid checkpoint: params-best-bd8b7a90-13fa-4943-9453-6b3ef7bf4433.json (weighted loss=0.931810, epoch 48)
epoch:  49                    train:   valid:
    weighted total loss      1.053180  0.916876
    energy MSE [eV²]         0.255927  0.163109
    force MSE [(eV/Å)²]      0.794699  0.751371
    energy mae [kcal/mol]          13.056599  10.589791
    energy R²                    N/A  0.772400
    forces mae [kcal/mol/Å]        20.400934  19.839502
    forces R²                    N/A  0.781916
    dipole mae [tgt units]   0.053930  0.052377
    dipole R²                    N/A  0.992494
    dipole MSE [tgt²]        0.002410  0.002258
    charge loss [e²]         0.000145  0.000138
    charge RMSE [e]          0.012044  0.011727
    LR scale:  1.000000, effective LR:  0.000400
    ✓ Best valid checkpoint: params-best-bd8b7a90-13fa-4943-9453-6b3ef7bf4433.json (weighted loss=0.916876, epoch 49)
epoch:  50                    train:   valid:
    weighted total loss      1.020772  0.933146
    energy MSE [eV²]         0.234695  0.192814
    force MSE [(eV/Å)²]      0.783207  0.737787
    energy mae [kcal/mol]          12.452145  10.898602
    energy R²                    N/A  0.732021
    forces mae [kcal/mol/Å]        20.240461  19.650414
    forces R²                    N/A  0.785836
    dipole mae [tgt units]   0.053194  0.054093
    dipole R²                    N/A  0.991734
    dipole MSE [tgt²]        0.002356  0.002500
    charge loss [e²]         0.000515  0.000045
    charge RMSE [e]          0.022688  0.006739
    LR scale:  1.000000, effective LR:  0.000400
epoch:  51                    train:   valid:
    weighted total loss      1.050424  0.877572
    energy MSE [eV²]         0.273086  0.146555
    force MSE [(eV/Å)²]      0.772698  0.728882
    energy mae [kcal/mol]          13.626951  9.929315
    energy R²                    N/A  0.795887
    forces mae [kcal/mol/Å]        20.079401  19.526527
    forces R²                    N/A  0.788406
    dipole mae [tgt units]   0.052991  0.051105
    dipole R²                    N/A  0.992976
    dipole MSE [tgt²]        0.002349  0.002120
    charge loss [e²]         0.002291  0.000014
    charge RMSE [e]          0.047863  0.003792
    LR scale:  1.000000, effective LR:  0.000400
    ✓ Best valid checkpoint: params-best-bd8b7a90-13fa-4943-9453-6b3ef7bf4433.json (weighted loss=0.877572, epoch 51)
epoch:  52                    train:   valid:
    weighted total loss      1.006209  0.892194
    energy MSE [eV²]         0.239878  0.169845
    force MSE [(eV/Å)²]      0.762870  0.720188
    energy mae [kcal/mol]          12.564027  10.832476
    energy R²                    N/A  0.757344
    forces mae [kcal/mol/Å]        19.929201  19.394651
    forces R²                    N/A  0.790916
    dipole mae [tgt units]   0.052046  0.050698
    dipole R²                    N/A  0.992919
    dipole MSE [tgt²]        0.002270  0.002138
    charge loss [e²]         0.001192  0.000022
    charge RMSE [e]          0.034527  0.004706
    LR scale:  1.000000, effective LR:  0.000400
epoch:  53                    train:   valid:
    weighted total loss      1.024716  0.958492
    energy MSE [eV²]         0.264904  0.242242
    force MSE [(eV/Å)²]      0.753958  0.714044
    energy mae [kcal/mol]          13.379426  13.398857
    energy R²                    N/A  0.644986
    forces mae [kcal/mol/Å]        19.787247  19.262527
    forces R²                    N/A  0.792717
    dipole mae [tgt units]   0.051365  0.051296
    dipole R²                    N/A  0.992849
    dipole MSE [tgt²]        0.002214  0.002157
    charge loss [e²]         0.003640  0.000049
    charge RMSE [e]          0.060334  0.007005
    LR scale:  1.000000, effective LR:  0.000400
epoch:  54                    train:   valid:
    weighted total loss      0.998627  0.886786
    energy MSE [eV²]         0.246383  0.180923
    force MSE [(eV/Å)²]      0.746746  0.703866
    energy mae [kcal/mol]          12.821057  10.631884
    energy R²                    N/A  0.746876
    forces mae [kcal/mol/Å]        19.682667  19.148895
    forces R²                    N/A  0.795636
    dipole mae [tgt units]   0.050369  0.049017
    dipole R²                    N/A  0.993463
    dipole MSE [tgt²]        0.002135  0.001983
    charge loss [e²]         0.003362  0.000013
    charge RMSE [e]          0.057987  0.003620
    LR scale:  1.000000, effective LR:  0.000400
epoch:  55                    train:   valid:
    weighted total loss      0.967748  0.844300
    energy MSE [eV²]         0.226068  0.143028
    force MSE [(eV/Å)²]      0.737611  0.698906
    energy mae [kcal/mol]          12.228168  9.872671
    energy R²                    N/A  0.798953
    forces mae [kcal/mol/Å]        19.570202  19.028154
    forces R²                    N/A  0.797115
    dipole mae [tgt units]   0.050763  0.050302
    dipole R²                    N/A  0.993173
    dipole MSE [tgt²]        0.002159  0.002056
    charge loss [e²]         0.001910  0.000312
    charge RMSE [e]          0.043701  0.017650
    LR scale:  1.000000, effective LR:  0.000400
    ✓ Best valid checkpoint: params-best-bd8b7a90-13fa-4943-9453-6b3ef7bf4433.json (weighted loss=0.844300, epoch 55)
epoch:  56                    train:   valid:
    weighted total loss      0.978366  0.871860
    energy MSE [eV²]         0.242461  0.179326
    force MSE [(eV/Å)²]      0.731838  0.690439
    energy mae [kcal/mol]          12.664205  11.374815
    energy R²                    N/A  0.740902
    forces mae [kcal/mol/Å]        19.459330  18.896099
    forces R²                    N/A  0.799559
    dipole mae [tgt units]   0.049739  0.049650
    dipole R²                    N/A  0.993142
    dipole MSE [tgt²]        0.002055  0.002081
    charge loss [e²]         0.002013  0.000015
    charge RMSE [e]          0.044862  0.003817
    LR scale:  1.000000, effective LR:  0.000400
epoch:  57                    train:   valid:
    weighted total loss      0.957748  0.832438
    energy MSE [eV²]         0.230048  0.147154
    force MSE [(eV/Å)²]      0.725076  0.683430
    energy mae [kcal/mol]          12.374869  10.065281
    energy R²                    N/A  0.789395
    forces mae [kcal/mol/Å]        19.350565  18.778730
    forces R²                    N/A  0.801590
    dipole mae [tgt units]   0.049315  0.046932
    dipole R²                    N/A  0.993930
    dipole MSE [tgt²]        0.002063  0.001833
    charge loss [e²]         0.000561  0.000022
    charge RMSE [e]          0.023678  0.004667
    LR scale:  1.000000, effective LR:  0.000400
    ✓ Best valid checkpoint: params-best-bd8b7a90-13fa-4943-9453-6b3ef7bf4433.json (weighted loss=0.832438, epoch 57)
epoch:  58                    train:   valid:
    weighted total loss      0.971896  0.844110
    energy MSE [eV²]         0.250404  0.164462
    force MSE [(eV/Å)²]      0.716559  0.677622
    energy mae [kcal/mol]          12.864733  10.274877
    energy R²                    N/A  0.773114
    forces mae [kcal/mol/Å]        19.217012  18.689798
    forces R²                    N/A  0.803273
    dipole mae [tgt units]   0.049131  0.048211
    dipole R²                    N/A  0.993528
    dipole MSE [tgt²]        0.002046  0.001951
    charge loss [e²]         0.002887  0.000075
    charge RMSE [e]          0.053730  0.008645
    LR scale:  1.000000, effective LR:  0.000400
epoch:  59                    train:   valid:
    weighted total loss      0.943336  0.828245
    energy MSE [eV²]         0.229934  0.155966
    force MSE [(eV/Å)²]      0.711423  0.670523
    energy mae [kcal/mol]          12.421518  9.900571
    energy R²                    N/A  0.785159
    forces mae [kcal/mol/Å]        19.133846  18.571045
    forces R²                    N/A  0.805331
    dipole mae [tgt units]   0.047747  0.046016
    dipole R²                    N/A  0.994239
    dipole MSE [tgt²]        0.001933  0.001744
    charge loss [e²]         0.000048  0.000013
    charge RMSE [e]          0.006893  0.003553
    LR scale:  1.000000, effective LR:  0.000400
    ✓ Best valid checkpoint: params-best-bd8b7a90-13fa-4943-9453-6b3ef7bf4433.json (weighted loss=0.828245, epoch 59)
epoch:  60                    train:   valid:
    weighted total loss      0.929636  0.836762
    energy MSE [eV²]         0.221790  0.172445
    force MSE [(eV/Å)²]      0.703653  0.662499
    energy mae [kcal/mol]          12.128197  10.412245
    energy R²                    N/A  0.759651
    forces mae [kcal/mol/Å]        19.008696  18.471256
    forces R²                    N/A  0.807638
    dipole mae [tgt units]   0.048337  0.046451
    dipole R²                    N/A  0.994018
    dipole MSE [tgt²]        0.001981  0.001806
    charge loss [e²]         0.002211  0.000013
    charge RMSE [e]          0.047025  0.003575
    LR scale:  1.000000, effective LR:  0.000400
epoch:  61                    train:   valid:
    weighted total loss      0.899415  0.834179
    energy MSE [eV²]         0.201447  0.176054
    force MSE [(eV/Å)²]      0.695982  0.655978
    energy mae [kcal/mol]          11.529670  10.611421
    energy R²                    N/A  0.754990
    forces mae [kcal/mol/Å]        18.898582  18.356966
    forces R²                    N/A  0.809568
    dipole mae [tgt units]   0.047098  0.050674
    dipole R²                    N/A  0.993015
    dipole MSE [tgt²]        0.001892  0.002114
    charge loss [e²]         0.000095  0.000033
    charge RMSE [e]          0.009740  0.005767
    LR scale:  1.000000, effective LR:  0.000400
epoch:  62                    train:   valid:
    weighted total loss      0.917911  0.877087
    energy MSE [eV²]         0.224376  0.223937
    force MSE [(eV/Å)²]      0.688953  0.651400
    energy mae [kcal/mol]          12.256845  12.934816
    energy R²                    N/A  0.670810
    forces mae [kcal/mol/Å]        18.791227  18.281086
    forces R²                    N/A  0.810868
    dipole mae [tgt units]   0.047043  0.045960
    dipole R²                    N/A  0.994250
    dipole MSE [tgt²]        0.001868  0.001737
    charge loss [e²]         0.002713  0.000012
    charge RMSE [e]          0.052089  0.003520
    LR scale:  1.000000, effective LR:  0.000400
epoch:  63                    train:   valid:
    weighted total loss      0.890776  0.891212
    energy MSE [eV²]         0.202725  0.245451
    force MSE [(eV/Å)²]      0.682394  0.643476
    energy mae [kcal/mol]          11.587251  13.586449
    energy R²                    N/A  0.644854
    forces mae [kcal/mol/Å]        18.686880  18.153330
    forces R²                    N/A  0.813173
    dipole mae [tgt units]   0.046403  0.050862
    dipole R²                    N/A  0.992622
    dipole MSE [tgt²]        0.001825  0.002260
    charge loss [e²]         0.003831  0.000024
    charge RMSE [e]          0.061896  0.004902
    LR scale:  1.000000, effective LR:  0.000400
epoch:  64                    train:   valid:
    weighted total loss      0.925442  0.770525
    energy MSE [eV²]         0.245355  0.130521
    force MSE [(eV/Å)²]      0.675852  0.637592
    energy mae [kcal/mol]          12.803477  9.241632
    energy R²                    N/A  0.821762
    forces mae [kcal/mol/Å]        18.582922  18.072001
    forces R²                    N/A  0.814870
    dipole mae [tgt units]   0.046722  0.045699
    dipole R²                    N/A  0.994308
    dipole MSE [tgt²]        0.001869  0.001721
    charge loss [e²]         0.002367  0.000691
    charge RMSE [e]          0.048648  0.026291
    LR scale:  1.000000, effective LR:  0.000400
    ✓ Best valid checkpoint: params-best-bd8b7a90-13fa-4943-9453-6b3ef7bf4433.json (weighted loss=0.770525, epoch 64)
epoch:  65                    train:   valid:
    weighted total loss      0.898726  0.761857
    energy MSE [eV²]         0.225661  0.127850
    force MSE [(eV/Å)²]      0.670169  0.631963
    energy mae [kcal/mol]          12.184717  9.324442
    energy R²                    N/A  0.818580
    forces mae [kcal/mol/Å]        18.491220  17.979654
    forces R²                    N/A  0.816500
    dipole mae [tgt units]   0.045562  0.047511
    dipole R²                    N/A  0.993483
    dipole MSE [tgt²]        0.001754  0.001974
    charge loss [e²]         0.001143  0.000069
    charge RMSE [e]          0.033807  0.008315
    LR scale:  1.000000, effective LR:  0.000400
    ✓ Best valid checkpoint: params-best-bd8b7a90-13fa-4943-9453-6b3ef7bf4433.json (weighted loss=0.761857, epoch 65)
epoch:  66                    train:   valid:
    weighted total loss      0.877454  0.794540
    energy MSE [eV²]         0.208982  0.164536
    force MSE [(eV/Å)²]      0.663572  0.626364
    energy mae [kcal/mol]          11.743408  10.881101
    energy R²                    N/A  0.766278
    forces mae [kcal/mol/Å]        18.403240  17.884705
    forces R²                    N/A  0.818160
    dipole mae [tgt units]   0.045454  0.046929
    dipole R²                    N/A  0.993999
    dipole MSE [tgt²]        0.001751  0.001810
    charge loss [e²]         0.003149  0.001830
    charge RMSE [e]          0.056113  0.042776
    LR scale:  1.000000, effective LR:  0.000400
epoch:  67                    train:   valid:
    weighted total loss      0.870525  0.757702
    energy MSE [eV²]         0.210584  0.136781
    force MSE [(eV/Å)²]      0.656117  0.619142
    energy mae [kcal/mol]          11.772992  9.559470
    energy R²                    N/A  0.805725
    forces mae [kcal/mol/Å]        18.291586  17.794861
    forces R²                    N/A  0.820233
    dipole mae [tgt units]   0.045858  0.045962
    dipole R²                    N/A  0.994188
    dipole MSE [tgt²]        0.001780  0.001767
    charge loss [e²]         0.002045  0.000013
    charge RMSE [e]          0.045219  0.003611
    LR scale:  1.000000, effective LR:  0.000400
    ✓ Best valid checkpoint: params-best-bd8b7a90-13fa-4943-9453-6b3ef7bf4433.json (weighted loss=0.757702, epoch 67)
epoch:  68                    train:   valid:
    weighted total loss      0.869846  0.733850
    energy MSE [eV²]         0.215804  0.118279
    force MSE [(eV/Å)²]      0.650705  0.613864
    energy mae [kcal/mol]          11.997375  8.786314
    energy R²                    N/A  0.832545
    forces mae [kcal/mol/Å]        18.216480  17.712778
    forces R²                    N/A  0.821753
    dipole mae [tgt units]   0.045245  0.042648
    dipole R²                    N/A  0.995003
    dipole MSE [tgt²]        0.001743  0.001510
    charge loss [e²]         0.001594  0.000197
    charge RMSE [e]          0.039922  0.014039
    LR scale:  1.000000, effective LR:  0.000400
    ✓ Best valid checkpoint: params-best-bd8b7a90-13fa-4943-9453-6b3ef7bf4433.json (weighted loss=0.733850, epoch 68)
epoch:  69                    train:   valid:
    weighted total loss      0.819109  0.741305
    energy MSE [eV²]         0.173835  0.134734
    force MSE [(eV/Å)²]      0.643521  0.604960
    energy mae [kcal/mol]          10.728951  9.766934
    energy R²                    N/A  0.809204
    forces mae [kcal/mol/Å]        18.108757  17.559668
    forces R²                    N/A  0.824397
    dipole mae [tgt units]   0.044731  0.043730
    dipole R²                    N/A  0.994699
    dipole MSE [tgt²]        0.001672  0.001603
    charge loss [e²]         0.000082  0.000008
    charge RMSE [e]          0.009048  0.002815
    LR scale:  1.000000, effective LR:  0.000400
epoch:  70                    train:   valid:
    weighted total loss      0.807336  0.725332
    energy MSE [eV²]         0.170755  0.126760
    force MSE [(eV/Å)²]      0.634889  0.597078
    energy mae [kcal/mol]          10.688164  9.234529
    energy R²                    N/A  0.825078
    forces mae [kcal/mol/Å]        17.977695  17.445654
    forces R²                    N/A  0.826673
    dipole mae [tgt units]   0.044241  0.041965
    dipole R²                    N/A  0.995142
    dipole MSE [tgt²]        0.001670  0.001475
    charge loss [e²]         0.000022  0.000019
    charge RMSE [e]          0.004685  0.004386
    LR scale:  1.000000, effective LR:  0.000400
    ✓ Best valid checkpoint: params-best-bd8b7a90-13fa-4943-9453-6b3ef7bf4433.json (weighted loss=0.725332, epoch 70)
epoch:  71                    train:   valid:
    weighted total loss      0.839979  0.761328
    energy MSE [eV²]         0.206866  0.167289
    force MSE [(eV/Å)²]      0.628377  0.592015
    energy mae [kcal/mol]          11.860411  10.274997
    energy R²                    N/A  0.766210
    forces mae [kcal/mol/Å]        17.882263  17.366348
    forces R²                    N/A  0.828118
    dipole mae [tgt units]   0.045112  0.041875
    dipole R²                    N/A  0.995109
    dipole MSE [tgt²]        0.001730  0.001486
    charge loss [e²]         0.003005  0.000538
    charge RMSE [e]          0.054821  0.023192
    LR scale:  1.000000, effective LR:  0.000400
epoch:  72                    train:   valid:
    weighted total loss      0.812604  0.852321
    energy MSE [eV²]         0.186374  0.172082
    force MSE [(eV/Å)²]      0.621544  0.588250
    energy mae [kcal/mol]          11.105748  11.033311
    energy R²                    N/A  0.756733
    forces mae [kcal/mol/Å]        17.784487  17.289648
    forces R²                    N/A  0.829276
    dipole mae [tgt units]   0.043735  0.043041
    dipole R²                    N/A  0.994904
    dipole MSE [tgt²]        0.001625  0.001549
    charge loss [e²]         0.003061  0.090440
    charge RMSE [e]          0.055328  0.300732
    LR scale:  1.000000, effective LR:  0.000400
epoch:  73                    train:   valid:
    weighted total loss      0.794318  0.693091
    energy MSE [eV²]         0.176842  0.115174
    force MSE [(eV/Å)²]      0.613802  0.576414
    energy mae [kcal/mol]          10.865122  8.832983
    energy R²                    N/A  0.834904
    forces mae [kcal/mol/Å]        17.662806  17.144173
    forces R²                    N/A  0.832672
    dipole mae [tgt units]   0.044242  0.041725
    dipole R²                    N/A  0.995088
    dipole MSE [tgt²]        0.001675  0.001494
    charge loss [e²]         0.001999  0.000009
    charge RMSE [e]          0.044715  0.003040
    LR scale:  1.000000, effective LR:  0.000400
    ✓ Best valid checkpoint: params-best-bd8b7a90-13fa-4943-9453-6b3ef7bf4433.json (weighted loss=0.693091, epoch 73)
epoch:  74                    train:   valid:
    weighted total loss      0.802158  0.690875
    energy MSE [eV²]         0.193355  0.116933
    force MSE [(eV/Å)²]      0.606402  0.572492
    energy mae [kcal/mol]          11.294359  8.705901
    energy R²                    N/A  0.839166
    forces mae [kcal/mol/Å]        17.558346  17.044207
    forces R²                    N/A  0.833861
    dipole mae [tgt units]   0.043845  0.040958
    dipole R²                    N/A  0.995251
    dipole MSE [tgt²]        0.001645  0.001442
    charge loss [e²]         0.000756  0.000008
    charge RMSE [e]          0.027493  0.002884
    LR scale:  1.000000, effective LR:  0.000400
    ✓ Best valid checkpoint: params-best-bd8b7a90-13fa-4943-9453-6b3ef7bf4433.json (weighted loss=0.690875, epoch 74)
epoch:  75                    train:   valid:
    weighted total loss      0.811269  0.682931
    energy MSE [eV²]         0.206453  0.103918
    force MSE [(eV/Å)²]      0.601405  0.564521
    energy mae [kcal/mol]          11.681090  8.274316
    energy R²                    N/A  0.853740
    forces mae [kcal/mol/Å]        17.458014  16.926941
    forces R²                    N/A  0.836154
    dipole mae [tgt units]   0.043407  0.042280
    dipole R²                    N/A  0.995100
    dipole MSE [tgt²]        0.001613  0.001485
    charge loss [e²]         0.001798  0.013007
    charge RMSE [e]          0.042399  0.114050
    LR scale:  1.000000, effective LR:  0.000400
    ✓ Best valid checkpoint: params-best-bd8b7a90-13fa-4943-9453-6b3ef7bf4433.json (weighted loss=0.682931, epoch 75)
epoch:  76                    train:   valid:
    weighted total loss      0.761962  0.666202
    energy MSE [eV²]         0.165130  0.108925
    force MSE [(eV/Å)²]      0.593759  0.555682
    energy mae [kcal/mol]          10.430266  8.413477
    energy R²                    N/A  0.848022
    forces mae [kcal/mol/Å]        17.344925  16.819115
    forces R²                    N/A  0.838704
    dipole mae [tgt units]   0.043822  0.040239
    dipole R²                    N/A  0.995484
    dipole MSE [tgt²]        0.001640  0.001374
    charge loss [e²]         0.001433  0.000222
    charge RMSE [e]          0.037858  0.014905
    LR scale:  1.000000, effective LR:  0.000400
    ✓ Best valid checkpoint: params-best-bd8b7a90-13fa-4943-9453-6b3ef7bf4433.json (weighted loss=0.666202, epoch 76)
epoch:  77                    train:   valid:
    weighted total loss      0.779280  0.655947
    energy MSE [eV²]         0.187716  0.105204
    force MSE [(eV/Å)²]      0.586602  0.549200
    energy mae [kcal/mol]          11.091396  8.389853
    energy R²                    N/A  0.851118
    forces mae [kcal/mol/Å]        17.235098  16.725582
    forces R²                    N/A  0.840577
    dipole mae [tgt units]   0.043398  0.042394
    dipole R²                    N/A  0.994954
    dipole MSE [tgt²]        0.001609  0.001536
    charge loss [e²]         0.003353  0.000008
    charge RMSE [e]          0.057907  0.002810
    LR scale:  1.000000, effective LR:  0.000400
    ✓ Best valid checkpoint: params-best-bd8b7a90-13fa-4943-9453-6b3ef7bf4433.json (weighted loss=0.655947, epoch 77)
epoch:  78                    train:   valid:
    weighted total loss      0.755049  0.667219
    energy MSE [eV²]         0.174083  0.125089
    force MSE [(eV/Å)²]      0.579273  0.540708
    energy mae [kcal/mol]          10.824737  9.279220
    energy R²                    N/A  0.824119
    forces mae [kcal/mol/Å]        17.129580  16.592951
    forces R²                    N/A  0.843021
    dipole mae [tgt units]   0.043042  0.040605
    dipole R²                    N/A  0.995349
    dipole MSE [tgt²]        0.001587  0.001414
    charge loss [e²]         0.000106  0.000009
    charge RMSE [e]          0.010297  0.002957
    LR scale:  1.000000, effective LR:  0.000400
epoch:  79                    train:   valid:
    weighted total loss      0.747294  0.654709
    energy MSE [eV²]         0.171709  0.113141
    force MSE [(eV/Å)²]      0.570894  0.540181
    energy mae [kcal/mol]          10.592299  8.582152
    energy R²                    N/A  0.841914
    forces mae [kcal/mol/Å]        16.990168  16.552273
    forces R²                    N/A  0.843292
    dipole mae [tgt units]   0.043132  0.039915
    dipole R²                    N/A  0.995504
    dipole MSE [tgt²]        0.001592  0.001374
    charge loss [e²]         0.003099  0.000014
    charge RMSE [e]          0.055667  0.003791
    LR scale:  1.000000, effective LR:  0.000400
    ✓ Best valid checkpoint: params-best-bd8b7a90-13fa-4943-9453-6b3ef7bf4433.json (weighted loss=0.654709, epoch 79)
epoch:  80                    train:   valid:
    weighted total loss      0.741702  0.627271
    energy MSE [eV²]         0.175294  0.097651
    force MSE [(eV/Å)²]      0.564809  0.528316
    energy mae [kcal/mol]          10.812487  8.109744
    energy R²                    N/A  0.861812
    forces mae [kcal/mol/Å]        16.889780  16.390539
    forces R²                    N/A  0.846670
    dipole mae [tgt units]   0.042159  0.039069
    dipole R²                    N/A  0.995740
    dipole MSE [tgt²]        0.001529  0.001294
    charge loss [e²]         0.000070  0.000008
    charge RMSE [e]          0.008355  0.002877
    LR scale:  1.000000, effective LR:  0.000400
    ✓ Best valid checkpoint: params-best-bd8b7a90-13fa-4943-9453-6b3ef7bf4433.json (weighted loss=0.627271, epoch 80)
epoch:  81                    train:   valid:
    weighted total loss      0.729036  0.725545
    energy MSE [eV²]         0.169895  0.112487
    force MSE [(eV/Å)²]      0.556654  0.527838
    energy mae [kcal/mol]          10.555359  8.422104
    energy R²                    N/A  0.838589
    forces mae [kcal/mol/Å]        16.769327  16.334078
    forces R²                    N/A  0.846861
    dipole mae [tgt units]   0.042132  0.042078
    dipole R²                    N/A  0.995194
    dipole MSE [tgt²]        0.001507  0.001454
    charge loss [e²]         0.000981  0.083765
    charge RMSE [e]          0.031319  0.289422
    LR scale:  1.000000, effective LR:  0.000400
epoch:  82                    train:   valid:
    weighted total loss      0.702795  0.614505
    energy MSE [eV²]         0.150766  0.099251
    force MSE [(eV/Å)²]      0.549201  0.513969
    energy mae [kcal/mol]          9.971160  8.283630
    energy R²                    N/A  0.857356
    forces mae [kcal/mol/Å]        16.654415  16.198936
    forces R²                    N/A  0.850771
    dipole mae [tgt units]   0.042150  0.037878
    dipole R²                    N/A  0.995988
    dipole MSE [tgt²]        0.001519  0.001220
    charge loss [e²]         0.001308  0.000065
    charge RMSE [e]          0.036167  0.008062
    LR scale:  1.000000, effective LR:  0.000400
    ✓ Best valid checkpoint: params-best-bd8b7a90-13fa-4943-9453-6b3ef7bf4433.json (weighted loss=0.614505, epoch 82)
epoch:  83                    train:   valid:
    weighted total loss      0.723766  0.613871
    energy MSE [eV²]         0.174200  0.103532
    force MSE [(eV/Å)²]      0.543191  0.509058
    energy mae [kcal/mol]          10.766197  8.450763
    energy R²                    N/A  0.847958
    forces mae [kcal/mol/Å]        16.568775  16.065266
    forces R²                    N/A  0.852272
    dipole mae [tgt units]   0.041488  0.038761
    dipole R²                    N/A  0.995811
    dipole MSE [tgt²]        0.001476  0.001270
    charge loss [e²]         0.004898  0.000011
    charge RMSE [e]          0.069987  0.003364
    LR scale:  1.000000, effective LR:  0.000400
    ✓ Best valid checkpoint: params-best-bd8b7a90-13fa-4943-9453-6b3ef7bf4433.json (weighted loss=0.613871, epoch 83)
epoch:  84                    train:   valid:
    weighted total loss      0.710027  0.607325
    energy MSE [eV²]         0.171698  0.103933
    force MSE [(eV/Å)²]      0.536844  0.501966
    energy mae [kcal/mol]          10.685349  8.514968
    energy R²                    N/A  0.848064
    forces mae [kcal/mol/Å]        16.457043  15.949927
    forces R²                    N/A  0.854331
    dipole mae [tgt units]   0.040828  0.040415
    dipole R²                    N/A  0.995374
    dipole MSE [tgt²]        0.001420  0.001412
    charge loss [e²]         0.000066  0.000014
    charge RMSE [e]          0.008102  0.003760
    LR scale:  1.000000, effective LR:  0.000400
    ✓ Best valid checkpoint: params-best-bd8b7a90-13fa-4943-9453-6b3ef7bf4433.json (weighted loss=0.607325, epoch 84)
epoch:  85                    train:   valid:
    weighted total loss      0.703455  0.597068
    energy MSE [eV²]         0.170942  0.100927
    force MSE [(eV/Å)²]      0.530482  0.494506
    energy mae [kcal/mol]          10.705756  8.021572
    energy R²                    N/A  0.856679
    forces mae [kcal/mol/Å]        16.359034  15.840755
    forces R²                    N/A  0.856483
    dipole mae [tgt units]   0.041448  0.040415
    dipole R²                    N/A  0.995497
    dipole MSE [tgt²]        0.001479  0.001371
    charge loss [e²]         0.000552  0.000264
    charge RMSE [e]          0.023494  0.016235
    LR scale:  1.000000, effective LR:  0.000400
    ✓ Best valid checkpoint: params-best-bd8b7a90-13fa-4943-9453-6b3ef7bf4433.json (weighted loss=0.597068, epoch 85)
epoch:  86                    train:   valid:
    weighted total loss      0.708669  0.642864
    energy MSE [eV²]         0.179338  0.152204
    force MSE [(eV/Å)²]      0.523619  0.489340
    energy mae [kcal/mol]          11.057992  10.002763
    energy R²                    N/A  0.783498
    forces mae [kcal/mol/Å]        16.246067  15.764015
    forces R²                    N/A  0.857992
    dipole mae [tgt units]   0.041094  0.039525
    dipole R²                    N/A  0.995692
    dipole MSE [tgt²]        0.001446  0.001311
    charge loss [e²]         0.004266  0.000010
    charge RMSE [e]          0.065314  0.003111
    LR scale:  1.000000, effective LR:  0.000400
epoch:  87                    train:   valid:
    weighted total loss      0.678235  0.704448
    energy MSE [eV²]         0.159789  0.218596
    force MSE [(eV/Å)²]      0.516984  0.484594
    energy mae [kcal/mol]          10.300120  12.980262
    energy R²                    N/A  0.676087
    forces mae [kcal/mol/Å]        16.129837  15.671165
    forces R²                    N/A  0.859360
    dipole mae [tgt units]   0.041168  0.038088
    dipole R²                    N/A  0.995908
    dipole MSE [tgt²]        0.001447  0.001247
    charge loss [e²]         0.000015  0.000011
    charge RMSE [e]          0.003901  0.003278
    LR scale:  1.000000, effective LR:  0.000400
epoch:  88                    train:   valid:
    weighted total loss      0.699038  0.645088
    energy MSE [eV²]         0.183634  0.165130
    force MSE [(eV/Å)²]      0.513110  0.478391
    energy mae [kcal/mol]          11.000609  10.760191
    energy R²                    N/A  0.753229
    forces mae [kcal/mol/Å]        16.070564  15.598915
    forces R²                    N/A  0.861132
    dipole mae [tgt units]   0.039979  0.039975
    dipole R²                    N/A  0.995423
    dipole MSE [tgt²]        0.001370  0.001393
    charge loss [e²]         0.000923  0.000173
    charge RMSE [e]          0.030378  0.013160
    LR scale:  1.000000, effective LR:  0.000400
epoch:  89                    train:   valid:
    weighted total loss      0.665401  0.564080
    energy MSE [eV²]         0.156393  0.089252
    force MSE [(eV/Å)²]      0.506381  0.473503
    energy mae [kcal/mol]          10.192078  7.553331
    energy R²                    N/A  0.872410
    forces mae [kcal/mol/Å]        15.965360  15.488696
    forces R²                    N/A  0.862622
    dipole mae [tgt units]   0.039400  0.038311
    dipole R²                    N/A  0.995908
    dipole MSE [tgt²]        0.001321  0.001247
    charge loss [e²]         0.001306  0.000079
    charge RMSE [e]          0.036138  0.008913
    LR scale:  1.000000, effective LR:  0.000400
    ✓ Best valid checkpoint: params-best-bd8b7a90-13fa-4943-9453-6b3ef7bf4433.json (weighted loss=0.564080, epoch 89)
epoch:  90                    train:   valid:
    weighted total loss      0.652494  0.554197
    energy MSE [eV²]         0.149101  0.085507
    force MSE [(eV/Å)²]      0.499915  0.467467
    energy mae [kcal/mol]          10.007475  7.498531
    energy R²                    N/A  0.877631
    forces mae [kcal/mol/Å]        15.870027  15.380347
    forces R²                    N/A  0.864379
    dipole mae [tgt units]   0.039908  0.037922
    dipole R²                    N/A  0.996019
    dipole MSE [tgt²]        0.001368  0.001211
    charge loss [e²]         0.002109  0.000013
    charge RMSE [e]          0.045925  0.003536
    LR scale:  1.000000, effective LR:  0.000400
    ✓ Best valid checkpoint: params-best-bd8b7a90-13fa-4943-9453-6b3ef7bf4433.json (weighted loss=0.554197, epoch 90)
epoch:  91                    train:   valid:
    weighted total loss      0.662012  0.563143
    energy MSE [eV²]         0.164615  0.094387
    force MSE [(eV/Å)²]      0.494266  0.461809
    energy mae [kcal/mol]          10.488662  7.675843
    energy R²                    N/A  0.863760
    forces mae [kcal/mol/Å]        15.790830  15.307786
    forces R²                    N/A  0.865971
    dipole mae [tgt units]   0.040067  0.045011
    dipole R²                    N/A  0.994580
    dipole MSE [tgt²]        0.001377  0.001636
    charge loss [e²]         0.001754  0.005312
    charge RMSE [e]          0.041880  0.072880
    LR scale:  1.000000, effective LR:  0.000400
epoch:  92                    train:   valid:
    weighted total loss      0.647866  0.544480
    energy MSE [eV²]         0.155971  0.087316
    force MSE [(eV/Å)²]      0.489373  0.455964
    energy mae [kcal/mol]          10.202478  7.456555
    energy R²                    N/A  0.876604
    forces mae [kcal/mol/Å]        15.699176  15.196647
    forces R²                    N/A  0.867711
    dipole mae [tgt units]   0.040033  0.037242
    dipole R²                    N/A  0.996172
    dipole MSE [tgt²]        0.001376  0.001164
    charge loss [e²]         0.001145  0.000036
    charge RMSE [e]          0.033844  0.005963
    LR scale:  1.000000, effective LR:  0.000400
    ✓ Best valid checkpoint: params-best-bd8b7a90-13fa-4943-9453-6b3ef7bf4433.json (weighted loss=0.544480, epoch 92)
epoch:  93                    train:   valid:
    weighted total loss      0.634099  0.543530
    energy MSE [eV²]         0.146317  0.088448
    force MSE [(eV/Å)²]      0.484264  0.452734
    energy mae [kcal/mol]          9.887673  7.465460
    energy R²                    N/A  0.874261
    forces mae [kcal/mol/Å]        15.621105  15.138151
    forces R²                    N/A  0.868650
    dipole mae [tgt units]   0.038926  0.035563
    dipole R²                    N/A  0.996480
    dipole MSE [tgt²]        0.001289  0.001069
    charge loss [e²]         0.002230  0.001280
    charge RMSE [e]          0.047223  0.035777
    LR scale:  1.000000, effective LR:  0.000400
    ✓ Best valid checkpoint: params-best-bd8b7a90-13fa-4943-9453-6b3ef7bf4433.json (weighted loss=0.543530, epoch 93)
epoch:  94                    train:   valid:
    weighted total loss      0.629536  0.534142
    energy MSE [eV²]         0.147861  0.088549
    force MSE [(eV/Å)²]      0.480230  0.444339
    energy mae [kcal/mol]          9.834060  7.529514
    energy R²                    N/A  0.873633
    forces mae [kcal/mol/Å]        15.539197  15.027965
    forces R²                    N/A  0.871066
    dipole mae [tgt units]   0.038584  0.038527
    dipole R²                    N/A  0.995911
    dipole MSE [tgt²]        0.001282  0.001245
    charge loss [e²]         0.000163  0.000009
    charge RMSE [e]          0.012780  0.002974
    LR scale:  1.000000, effective LR:  0.000400
    ✓ Best valid checkpoint: params-best-bd8b7a90-13fa-4943-9453-6b3ef7bf4433.json (weighted loss=0.534142, epoch 94)
epoch:  95                    train:   valid:
    weighted total loss      0.638539  0.533347
    energy MSE [eV²]         0.160201  0.089538
    force MSE [(eV/Å)²]      0.473625  0.442694
    energy mae [kcal/mol]          10.258275  7.538289
    energy R²                    N/A  0.872468
    forces mae [kcal/mol/Å]        15.443878  14.968574
    forces R²                    N/A  0.871565
    dipole mae [tgt units]   0.038098  0.035929
    dipole R²                    N/A  0.996380
    dipole MSE [tgt²]        0.001244  0.001101
    charge loss [e²]         0.003470  0.000014
    charge RMSE [e]          0.058910  0.003728
    LR scale:  1.000000, effective LR:  0.000400
    ✓ Best valid checkpoint: params-best-bd8b7a90-13fa-4943-9453-6b3ef7bf4433.json (weighted loss=0.533347, epoch 95)
epoch:  96                    train:   valid:
    weighted total loss      0.635334  0.586623
    energy MSE [eV²]         0.162965  0.143510
    force MSE [(eV/Å)²]      0.470410  0.441915
    energy mae [kcal/mol]          10.429172  10.301134
    energy R²                    N/A  0.786703
    forces mae [kcal/mol/Å]        15.387781  14.930722
    forces R²                    N/A  0.871846
    dipole mae [tgt units]   0.037817  0.037441
    dipole R²                    N/A  0.996115
    dipole MSE [tgt²]        0.001232  0.001187
    charge loss [e²]         0.000728  0.000011
    charge RMSE [e]          0.026973  0.003268
    LR scale:  1.000000, effective LR:  0.000400
epoch:  97                    train:   valid:
    weighted total loss      0.613995  0.552378
    energy MSE [eV²]         0.146560  0.118401
    force MSE [(eV/Å)²]      0.465807  0.432710
    energy mae [kcal/mol]          9.873057  8.612674
    energy R²                    N/A  0.831921
    forces mae [kcal/mol/Å]        15.305082  14.797442
    forces R²                    N/A  0.874474
    dipole mae [tgt units]   0.037880  0.036500
    dipole R²                    N/A  0.996287
    dipole MSE [tgt²]        0.001242  0.001128
    charge loss [e²]         0.000387  0.000140
    charge RMSE [e]          0.019669  0.011835
    LR scale:  1.000000, effective LR:  0.000400
epoch:  98                    train:   valid:
    weighted total loss      0.659988  0.561289
    energy MSE [eV²]         0.191772  0.129744
    force MSE [(eV/Å)²]      0.462747  0.430207
    energy mae [kcal/mol]          11.265796  9.345369
    energy R²                    N/A  0.815484
    forces mae [kcal/mol/Å]        15.253900  14.752257
    forces R²                    N/A  0.875198
    dipole mae [tgt units]   0.038185  0.038282
    dipole R²                    N/A  0.995693
    dipole MSE [tgt²]        0.001255  0.001328
    charge loss [e²]         0.004215  0.000010
    charge RMSE [e]          0.064925  0.003121
    LR scale:  1.000000, effective LR:  0.000400
epoch:  99                    train:   valid:
    weighted total loss      0.592892  0.560544
    energy MSE [eV²]         0.133328  0.134291
    force MSE [(eV/Å)²]      0.458247  0.425232
    energy mae [kcal/mol]          9.379627  9.744632
    energy R²                    N/A  0.799543
    forces mae [kcal/mol/Å]        15.168931  14.701857
    forces R²                    N/A  0.876595
    dipole mae [tgt units]   0.037221  0.034067
    dipole R²                    N/A  0.996766
    dipole MSE [tgt²]        0.001187  0.000987
    charge loss [e²]         0.000131  0.000033
    charge RMSE [e]          0.011432  0.005784
    LR scale:  1.000000, effective LR:  0.000400
epoch: 100                    train:   valid:
    weighted total loss      0.603648  0.598399
    energy MSE [eV²]         0.149390  0.167660
    force MSE [(eV/Å)²]      0.452527  0.420176
    energy mae [kcal/mol]          9.938305  10.623390
    energy R²                    N/A  0.759533
    forces mae [kcal/mol/Å]        15.091714  14.593200
    forces R²                    N/A  0.878068
    dipole mae [tgt units]   0.036491  0.035601
    dipole R²                    N/A  0.996417
    dipole MSE [tgt²]        0.001140  0.001096
    charge loss [e²]         0.000591  0.009467
    charge RMSE [e]          0.024306  0.097297
    LR scale:  1.000000, effective LR:  0.000400
epoch: 101                    train:   valid:
    weighted total loss      0.588301  0.492819
    energy MSE [eV²]         0.132585  0.076016
    force MSE [(eV/Å)²]      0.449321  0.415753
    energy mae [kcal/mol]          9.283941  7.006867
    energy R²                    N/A  0.889187
    forces mae [kcal/mol/Å]        15.027007  14.536280
    forces R²                    N/A  0.879347
    dipole mae [tgt units]   0.036791  0.035368
    dipole R²                    N/A  0.996565
    dipole MSE [tgt²]        0.001161  0.001040
    charge loss [e²]         0.005234  0.000009
    charge RMSE [e]          0.072345  0.003070
    LR scale:  1.000000, effective LR:  0.000400
    ✓ Best valid checkpoint: params-best-bd8b7a90-13fa-4943-9453-6b3ef7bf4433.json (weighted loss=0.492819, epoch 101)
epoch: 102                    train:   valid:
    weighted total loss      0.604153  0.502814
    energy MSE [eV²]         0.156543  0.087763
    force MSE [(eV/Å)²]      0.444512  0.414065
    energy mae [kcal/mol]          10.233958  7.410176
    energy R²                    N/A  0.871105
    forces mae [kcal/mol/Å]        14.954243  14.493820
    forces R²                    N/A  0.879822
    dipole mae [tgt units]   0.036017  0.033809
    dipole R²                    N/A  0.996793
    dipole MSE [tgt²]        0.001106  0.000975
    charge loss [e²]         0.001992  0.000011
    charge RMSE [e]          0.044634  0.003265
    LR scale:  1.000000, effective LR:  0.000400
epoch: 103                    train:   valid:
    weighted total loss      0.615144  0.565120
    energy MSE [eV²]         0.170683  0.151550
    force MSE [(eV/Å)²]      0.441604  0.412585
    energy mae [kcal/mol]          10.685997  10.219290
    energy R²                    N/A  0.783959
    forces mae [kcal/mol/Å]        14.895931  14.427409
    forces R²                    N/A  0.880319
    dipole mae [tgt units]   0.036040  0.033521
    dipole R²                    N/A  0.996816
    dipole MSE [tgt²]        0.001116  0.000973
    charge loss [e²]         0.001741  0.000011
    charge RMSE [e]          0.041730  0.003374
    LR scale:  1.000000, effective LR:  0.000400
epoch: 104                    train:   valid:
    weighted total loss      0.572838  0.502235
    energy MSE [eV²]         0.133455  0.094689
    force MSE [(eV/Å)²]      0.438274  0.406567
    energy mae [kcal/mol]          9.356078  7.890954
    energy R²                    N/A  0.859483
    forces mae [kcal/mol/Å]        14.831712  14.351609
    forces R²                    N/A  0.882011
    dipole mae [tgt units]   0.035612  0.033722
    dipole R²                    N/A  0.996819
    dipole MSE [tgt²]        0.001076  0.000965
    charge loss [e²]         0.000033  0.000015
    charge RMSE [e]          0.005762  0.003866
    LR scale:  1.000000, effective LR:  0.000400
epoch: 105                    train:   valid:
    weighted total loss      0.589326  0.487255
    energy MSE [eV²]         0.153133  0.081622
    force MSE [(eV/Å)²]      0.434796  0.404607
    energy mae [kcal/mol]          10.090481  7.195170
    energy R²                    N/A  0.883533
    forces mae [kcal/mol/Å]        14.772680  14.283870
    forces R²                    N/A  0.882637
    dipole mae [tgt units]   0.035170  0.034054
    dipole R²                    N/A  0.996700
    dipole MSE [tgt²]        0.001077  0.001007
    charge loss [e²]         0.000320  0.000019
    charge RMSE [e]          0.017890  0.004396
    LR scale:  1.000000, effective LR:  0.000400
    ✓ Best valid checkpoint: params-best-bd8b7a90-13fa-4943-9453-6b3ef7bf4433.json (weighted loss=0.487255, epoch 105)
epoch: 106                    train:   valid:
    weighted total loss      0.574066  0.485044
    energy MSE [eV²]         0.140412  0.083913
    force MSE [(eV/Å)²]      0.430464  0.399458
    energy mae [kcal/mol]          9.597914  7.209520
    energy R²                    N/A  0.878325
    forces mae [kcal/mol/Å]        14.697046  14.257713
    forces R²                    N/A  0.884056
    dipole mae [tgt units]   0.035855  0.034755
    dipole R²                    N/A  0.996537
    dipole MSE [tgt²]        0.001109  0.001058
    charge loss [e²]         0.002079  0.000615
    charge RMSE [e]          0.045600  0.024801
    LR scale:  1.000000, effective LR:  0.000400
    ✓ Best valid checkpoint: params-best-bd8b7a90-13fa-4943-9453-6b3ef7bf4433.json (weighted loss=0.485044, epoch 106)
epoch: 107                    train:   valid:
    weighted total loss      0.567121  0.485343
    energy MSE [eV²]         0.138122  0.088873
    force MSE [(eV/Å)²]      0.426364  0.395407
    energy mae [kcal/mol]          9.447431  7.787701
    energy R²                    N/A  0.868306
    forces mae [kcal/mol/Å]        14.622946  14.142262
    forces R²                    N/A  0.885268
    dipole mae [tgt units]   0.035789  0.034279
    dipole R²                    N/A  0.996577
    dipole MSE [tgt²]        0.001109  0.001051
    charge loss [e²]         0.001526  0.000013
    charge RMSE [e]          0.039069  0.003579
    LR scale:  1.000000, effective LR:  0.000400
epoch: 108                    train:   valid:
    weighted total loss      0.558094  0.474740
    energy MSE [eV²]         0.134025  0.075839
    force MSE [(eV/Å)²]      0.422101  0.391059
    energy mae [kcal/mol]          9.442541  6.851223
    energy R²                    N/A  0.891435
    forces mae [kcal/mol/Å]        14.546652  14.061794
    forces R²                    N/A  0.886540
    dipole mae [tgt units]   0.034390  0.034757
    dipole R²                    N/A  0.996601
    dipole MSE [tgt²]        0.001024  0.001040
    charge loss [e²]         0.000944  0.006802
    charge RMSE [e]          0.030724  0.082474
    LR scale:  1.000000, effective LR:  0.000400
    ✓ Best valid checkpoint: params-best-bd8b7a90-13fa-4943-9453-6b3ef7bf4433.json (weighted loss=0.474740, epoch 108)
epoch: 109                    train:   valid:
    weighted total loss      0.564902  0.472580
    energy MSE [eV²]         0.143677  0.083660
    force MSE [(eV/Å)²]      0.418847  0.387974
    energy mae [kcal/mol]          9.730005  7.515612
    energy R²                    N/A  0.875973
    forces mae [kcal/mol/Å]        14.486529  14.004278
    forces R²                    N/A  0.887433
    dipole mae [tgt units]   0.035129  0.032897
    dipole R²                    N/A  0.996934
    dipole MSE [tgt²]        0.001059  0.000935
    charge loss [e²]         0.001319  0.000011
    charge RMSE [e]          0.036315  0.003341
    LR scale:  1.000000, effective LR:  0.000400
    ✓ Best valid checkpoint: params-best-bd8b7a90-13fa-4943-9453-6b3ef7bf4433.json (weighted loss=0.472580, epoch 109)
epoch: 110                    train:   valid:
    weighted total loss      0.565143  0.466456
    energy MSE [eV²]         0.146923  0.078967
    force MSE [(eV/Å)²]      0.415668  0.386366
    energy mae [kcal/mol]          9.825161  6.993541
    energy R²                    N/A  0.885945
    forces mae [kcal/mol/Å]        14.428356  13.978097
    forces R²                    N/A  0.887890
    dipole mae [tgt units]   0.034522  0.035799
    dipole R²                    N/A  0.996333
    dipole MSE [tgt²]        0.001036  0.001115
    charge loss [e²]         0.001516  0.000009
    charge RMSE [e]          0.038942  0.003056
    LR scale:  1.000000, effective LR:  0.000400
    ✓ Best valid checkpoint: params-best-bd8b7a90-13fa-4943-9453-6b3ef7bf4433.json (weighted loss=0.466456, epoch 110)
epoch: 111                    train:   valid:
    weighted total loss      0.551061  0.517846
    energy MSE [eV²]         0.136023  0.130483
    force MSE [(eV/Å)²]      0.413254  0.382634
    energy mae [kcal/mol]          9.493560  9.841978
    energy R²                    N/A  0.804088
    forces mae [kcal/mol/Å]        14.378957  13.881273
    forces R²                    N/A  0.889012
    dipole mae [tgt units]   0.034070  0.032548
    dipole R²                    N/A  0.996929
    dipole MSE [tgt²]        0.001007  0.000944
    charge loss [e²]         0.000776  0.003784
    charge RMSE [e]          0.027850  0.061512
    LR scale:  1.000000, effective LR:  0.000400
epoch: 112                    train:   valid:
    weighted total loss      0.548131  0.458150
    energy MSE [eV²]         0.137080  0.077641
    force MSE [(eV/Å)²]      0.408425  0.379618
    energy mae [kcal/mol]          9.544163  6.928020
    energy R²                    N/A  0.887678
    forces mae [kcal/mol/Å]        14.296857  13.847010
    forces R²                    N/A  0.889847
    dipole mae [tgt units]   0.033831  0.032067
    dipole R²                    N/A  0.997119
    dipole MSE [tgt²]        0.000978  0.000878
    charge loss [e²]         0.001649  0.000014
    charge RMSE [e]          0.040604  0.003795
    LR scale:  1.000000, effective LR:  0.000400
    ✓ Best valid checkpoint: params-best-bd8b7a90-13fa-4943-9453-6b3ef7bf4433.json (weighted loss=0.458150, epoch 112)
epoch: 113                    train:   valid:
    weighted total loss      0.542898  0.451911
    energy MSE [eV²]         0.134694  0.074163
    force MSE [(eV/Å)²]      0.405473  0.376561
    energy mae [kcal/mol]          9.265765  6.762177
    energy R²                    N/A  0.892794
    forces mae [kcal/mol/Å]        14.239687  13.795054
    forces R²                    N/A  0.890728
    dipole mae [tgt units]   0.033739  0.034277
    dipole R²                    N/A  0.996537
    dipole MSE [tgt²]        0.000978  0.001064
    charge loss [e²]         0.001752  0.000123
    charge RMSE [e]          0.041859  0.011107
    LR scale:  1.000000, effective LR:  0.000400
    ✓ Best valid checkpoint: params-best-bd8b7a90-13fa-4943-9453-6b3ef7bf4433.json (weighted loss=0.451911, epoch 113)
epoch: 114                    train:   valid:
    weighted total loss      0.563400  0.497007
    energy MSE [eV²]         0.156014  0.117653
    force MSE [(eV/Å)²]      0.403286  0.375965
    energy mae [kcal/mol]          10.242941  9.224855
    energy R²                    N/A  0.824938
    forces mae [kcal/mol/Å]        14.199429  13.739224
    forces R²                    N/A  0.890968
    dipole mae [tgt units]   0.034147  0.031790
    dipole R²                    N/A  0.997095
    dipole MSE [tgt²]        0.001019  0.000887
    charge loss [e²]         0.003082  0.002502
    charge RMSE [e]          0.055514  0.050021
    LR scale:  1.000000, effective LR:  0.000400
epoch: 115                    train:   valid:
    weighted total loss      0.542352  0.448325
    energy MSE [eV²]         0.140300  0.077463
    force MSE [(eV/Å)²]      0.400335  0.369976
    energy mae [kcal/mol]          9.623771  7.025959
    energy R²                    N/A  0.885391
    forces mae [kcal/mol/Å]        14.141411  13.649472
    forces R²                    N/A  0.892681
    dipole mae [tgt units]   0.033191  0.031507
    dipole R²                    N/A  0.997144
    dipole MSE [tgt²]        0.000946  0.000877
    charge loss [e²]         0.000772  0.000009
    charge RMSE [e]          0.027791  0.002966
    LR scale:  1.000000, effective LR:  0.000400
    ✓ Best valid checkpoint: params-best-bd8b7a90-13fa-4943-9453-6b3ef7bf4433.json (weighted loss=0.448325, epoch 115)
epoch: 116                    train:   valid:
    weighted total loss      0.528106  0.455085
    energy MSE [eV²]         0.129006  0.084139
    force MSE [(eV/Å)²]      0.396854  0.369943
    energy mae [kcal/mol]          9.271089  7.029454
    energy R²                    N/A  0.875830
    forces mae [kcal/mol/Å]        14.073643  13.696234
    forces R²                    N/A  0.892627
    dipole mae [tgt units]   0.032657  0.033938
    dipole R²                    N/A  0.996746
    dipole MSE [tgt²]        0.000921  0.000988
    charge loss [e²]         0.001326  0.000014
    charge RMSE [e]          0.036411  0.003799
    LR scale:  1.000000, effective LR:  0.000400
epoch: 117                    train:   valid:
    weighted total loss      0.509484  0.437182
    energy MSE [eV²]         0.115244  0.073085
    force MSE [(eV/Å)²]      0.393173  0.363255
    energy mae [kcal/mol]          8.668335  6.811186
    energy R²                    N/A  0.893396
    forces mae [kcal/mol/Å]        14.000455  13.522929
    forces R²                    N/A  0.894639
    dipole mae [tgt units]   0.032903  0.030597
    dipole R²                    N/A  0.997279
    dipole MSE [tgt²]        0.000939  0.000834
    charge loss [e²]         0.000128  0.000009
    charge RMSE [e]          0.011297  0.002950
    LR scale:  1.000000, effective LR:  0.000400
    ✓ Best valid checkpoint: params-best-bd8b7a90-13fa-4943-9453-6b3ef7bf4433.json (weighted loss=0.437182, epoch 117)
epoch: 118                    train:   valid:
    weighted total loss      0.532105  0.432955
    energy MSE [eV²]         0.137776  0.070432
    force MSE [(eV/Å)²]      0.390205  0.361517
    energy mae [kcal/mol]          9.581858  6.567417
    energy R²                    N/A  0.896807
    forces mae [kcal/mol/Å]        13.947751  13.521128
    forces R²                    N/A  0.895088
    dipole mae [tgt units]   0.033065  0.032304
    dipole R²                    N/A  0.996812
    dipole MSE [tgt²]        0.000943  0.000991
    charge loss [e²]         0.003181  0.000015
    charge RMSE [e]          0.056401  0.003885
    LR scale:  1.000000, effective LR:  0.000400
    ✓ Best valid checkpoint: params-best-bd8b7a90-13fa-4943-9453-6b3ef7bf4433.json (weighted loss=0.432955, epoch 118)
epoch: 119                    train:   valid:
    weighted total loss      0.540356  0.472824
    energy MSE [eV²]         0.151593  0.111540
    force MSE [(eV/Å)²]      0.387751  0.360414
    energy mae [kcal/mol]          10.084001  8.546517
    energy R²                    N/A  0.840578
    forces mae [kcal/mol/Å]        13.897229  13.444046
    forces R²                    N/A  0.895477
    dipole mae [tgt units]   0.032869  0.030748
    dipole R²                    N/A  0.997289
    dipole MSE [tgt²]        0.000943  0.000831
    charge loss [e²]         0.000069  0.000039
    charge RMSE [e]          0.008336  0.006249
    LR scale:  1.000000, effective LR:  0.000400
epoch: 120                    train:   valid:
    weighted total loss      0.541261  0.424471
    energy MSE [eV²]         0.150864  0.067493
    force MSE [(eV/Å)²]      0.387262  0.356007
    energy mae [kcal/mol]          10.006832  6.503339
    energy R²                    N/A  0.901176
    forces mae [kcal/mol/Å]        13.871623  13.375567
    forces R²                    N/A  0.896731
    dipole mae [tgt units]   0.032535  0.032519
    dipole R²                    N/A  0.996861
    dipole MSE [tgt²]        0.000908  0.000963
    charge loss [e²]         0.002228  0.000009
    charge RMSE [e]          0.047198  0.002922
    LR scale:  1.000000, effective LR:  0.000400
    ✓ Best valid checkpoint: params-best-bd8b7a90-13fa-4943-9453-6b3ef7bf4433.json (weighted loss=0.424471, epoch 120)
epoch: 121                    train:   valid:
    weighted total loss      0.507031  0.431841
    energy MSE [eV²]         0.123421  0.077605
    force MSE [(eV/Å)²]      0.382675  0.353383
    energy mae [kcal/mol]          9.004543  6.825533
    energy R²                    N/A  0.888419
    forces mae [kcal/mol/Å]        13.795427  13.318727
    forces R²                    N/A  0.897506
    dipole mae [tgt units]   0.031479  0.030017
    dipole R²                    N/A  0.997414
    dipole MSE [tgt²]        0.000857  0.000791
    charge loss [e²]         0.000078  0.000062
    charge RMSE [e]          0.008845  0.007859
    LR scale:  1.000000, effective LR:  0.000400
epoch: 122                    train:   valid:
    weighted total loss      0.512431  0.433623
    energy MSE [eV²]         0.128372  0.080611
    force MSE [(eV/Å)²]      0.379996  0.352030
    energy mae [kcal/mol]          9.190837  7.142255
    energy R²                    N/A  0.879520
    forces mae [kcal/mol/Å]        13.752739  13.312072
    forces R²                    N/A  0.897869
    dipole mae [tgt units]   0.032824  0.031896
    dipole R²                    N/A  0.997107
    dipole MSE [tgt²]        0.000934  0.000881
    charge loss [e²]         0.003129  0.000101
    charge RMSE [e]          0.055941  0.010036
    LR scale:  1.000000, effective LR:  0.000400
epoch: 123                    train:   valid:
    weighted total loss      0.504511  0.447538
    energy MSE [eV²]         0.126225  0.097863
    force MSE [(eV/Å)²]      0.377185  0.348656
    energy mae [kcal/mol]          9.141859  8.003343
    energy R²                    N/A  0.858194
    forces mae [kcal/mol/Å]        13.687924  13.270060
    forces R²                    N/A  0.898846
    dipole mae [tgt units]   0.032140  0.031812
    dipole R²                    N/A  0.997143
    dipole MSE [tgt²]        0.000898  0.000879
    charge loss [e²]         0.000202  0.000140
    charge RMSE [e]          0.014227  0.011821
    LR scale:  1.000000, effective LR:  0.000400
epoch: 124                    train:   valid:
    weighted total loss      0.497921  0.418649
    energy MSE [eV²]         0.120708  0.072286
    force MSE [(eV/Å)²]      0.373912  0.345555
    energy mae [kcal/mol]          8.911116  6.566110
    energy R²                    N/A  0.894152
    forces mae [kcal/mol/Å]        13.631300  13.196718
    forces R²                    N/A  0.899714
    dipole mae [tgt units]   0.031869  0.030146
    dipole R²                    N/A  0.997410
    dipole MSE [tgt²]        0.000867  0.000798
    charge loss [e²]         0.002434  0.000010
    charge RMSE [e]          0.049336  0.003133
    LR scale:  1.000000, effective LR:  0.000400
    ✓ Best valid checkpoint: params-best-bd8b7a90-13fa-4943-9453-6b3ef7bf4433.json (weighted loss=0.418649, epoch 124)
epoch: 125                    train:   valid:
    weighted total loss      0.502083  0.412380
    energy MSE [eV²]         0.128641  0.069084
    force MSE [(eV/Å)²]      0.371001  0.342408
    energy mae [kcal/mol]          9.160333  6.482289
    energy R²                    N/A  0.900001
    forces mae [kcal/mol/Å]        13.557298  13.114966
    forces R²                    N/A  0.900669
    dipole mae [tgt units]   0.031147  0.030732
    dipole R²                    N/A  0.997156
    dipole MSE [tgt²]        0.000838  0.000879
    charge loss [e²]         0.001603  0.000009
    charge RMSE [e]          0.040035  0.003032
    LR scale:  1.000000, effective LR:  0.000400
    ✓ Best valid checkpoint: params-best-bd8b7a90-13fa-4943-9453-6b3ef7bf4433.json (weighted loss=0.412380, epoch 125)
epoch: 126                    train:   valid:
    weighted total loss      0.500246  0.425773
    energy MSE [eV²]         0.131610  0.081052
    force MSE [(eV/Å)²]      0.367733  0.343962
    energy mae [kcal/mol]          9.275269  7.149638
    energy R²                    N/A  0.882069
    forces mae [kcal/mol/Å]        13.506221  13.079410
    forces R²                    N/A  0.900268
    dipole mae [tgt units]   0.031538  0.028926
    dipole R²                    N/A  0.997569
    dipole MSE [tgt²]        0.000868  0.000751
    charge loss [e²]         0.000035  0.000008
    charge RMSE [e]          0.005948  0.002889
    LR scale:  1.000000, effective LR:  0.000400
epoch: 127                    train:   valid:
    weighted total loss      0.487661  0.406874
    energy MSE [eV²]         0.118997  0.068458
    force MSE [(eV/Å)²]      0.365382  0.337622
    energy mae [kcal/mol]          8.861526  6.498064
    energy R²                    N/A  0.900587
    forces mae [kcal/mol/Å]        13.461157  12.978899
    forces R²                    N/A  0.902078
    dipole mae [tgt units]   0.031374  0.029997
    dipole R²                    N/A  0.997452
    dipole MSE [tgt²]        0.000855  0.000784
    charge loss [e²]         0.002427  0.000009
    charge RMSE [e]          0.049263  0.003038
    LR scale:  1.000000, effective LR:  0.000400
    ✓ Best valid checkpoint: params-best-bd8b7a90-13fa-4943-9453-6b3ef7bf4433.json (weighted loss=0.406874, epoch 127)
epoch: 128                    train:   valid:
    weighted total loss      0.488709  0.411356
    energy MSE [eV²]         0.124936  0.075450
    force MSE [(eV/Å)²]      0.362360  0.335027
    energy mae [kcal/mol]          9.039924  6.791532
    energy R²                    N/A  0.890114
    forces mae [kcal/mol/Å]        13.400435  12.938077
    forces R²                    N/A  0.902816
    dipole mae [tgt units]   0.031242  0.030449
    dipole R²                    N/A  0.997373
    dipole MSE [tgt²]        0.000849  0.000805
    charge loss [e²]         0.000563  0.000074
    charge RMSE [e]          0.023736  0.008629
    LR scale:  1.000000, effective LR:  0.000400
epoch: 129                    train:   valid:
    weighted total loss      0.490853  0.427455
    energy MSE [eV²]         0.127826  0.091192
    force MSE [(eV/Å)²]      0.360255  0.334477
    energy mae [kcal/mol]          9.200671  7.156944
    energy R²                    N/A  0.865860
    forces mae [kcal/mol/Å]        13.357733  12.912000
    forces R²                    N/A  0.902991
    dipole mae [tgt units]   0.030685  0.029028
    dipole R²                    N/A  0.997530
    dipole MSE [tgt²]        0.000807  0.000758
    charge loss [e²]         0.001964  0.001030
    charge RMSE [e]          0.044316  0.032086
    LR scale:  1.000000, effective LR:  0.000400
epoch: 130                    train:   valid:
    weighted total loss      0.477455  0.395752
    energy MSE [eV²]         0.117735  0.065170
    force MSE [(eV/Å)²]      0.357446  0.329758
    energy mae [kcal/mol]          8.772990  6.352592
    energy R²                    N/A  0.904809
    forces mae [kcal/mol/Å]        13.296988  12.814251
    forces R²                    N/A  0.904368
    dipole mae [tgt units]   0.031359  0.029634
    dipole R²                    N/A  0.997353
    dipole MSE [tgt²]        0.000868  0.000814
    charge loss [e²]         0.001407  0.000010
    charge RMSE [e]          0.037504  0.003161
    LR scale:  1.000000, effective LR:  0.000400
    ✓ Best valid checkpoint: params-best-bd8b7a90-13fa-4943-9453-6b3ef7bf4433.json (weighted loss=0.395752, epoch 130)
epoch: 131                    train:   valid:
    weighted total loss      0.493872  0.399924
    energy MSE [eV²]         0.136311  0.070481
    force MSE [(eV/Å)²]      0.355907  0.328392
    energy mae [kcal/mol]          9.478280  6.559224
    energy R²                    N/A  0.897231
    forces mae [kcal/mol/Å]        13.264086  12.792396
    forces R²                    N/A  0.904757
    dipole mae [tgt units]   0.030609  0.032964
    dipole R²                    N/A  0.996620
    dipole MSE [tgt²]        0.000809  0.001042
    charge loss [e²]         0.000844  0.000008
    charge RMSE [e]          0.029057  0.002849
    LR scale:  1.000000, effective LR:  0.000400
epoch: 132                    train:   valid:
    weighted total loss      0.461711  0.404794
    energy MSE [eV²]         0.106604  0.079870
    force MSE [(eV/Å)²]      0.352556  0.323763
    energy mae [kcal/mol]          8.342576  7.052984
    energy R²                    N/A  0.883538
    forces mae [kcal/mol/Å]        13.197699  12.728955
    forces R²                    N/A  0.906066
    dipole mae [tgt units]   0.030835  0.034714
    dipole R²                    N/A  0.996288
    dipole MSE [tgt²]        0.000822  0.001149
    charge loss [e²]         0.001729  0.000012
    charge RMSE [e]          0.041579  0.003510
    LR scale:  1.000000, effective LR:  0.000400
epoch: 133                    train:   valid:
    weighted total loss      0.478098  0.418422
    energy MSE [eV²]         0.125089  0.095116
    force MSE [(eV/Å)²]      0.349589  0.322314
    energy mae [kcal/mol]          9.067021  7.996926
    energy R²                    N/A  0.861486
    forces mae [kcal/mol/Å]        13.133533  12.657806
    forces R²                    N/A  0.906528
    dipole mae [tgt units]   0.030521  0.032141
    dipole R²                    N/A  0.996856
    dipole MSE [tgt²]        0.000812  0.000975
    charge loss [e²]         0.002608  0.000017
    charge RMSE [e]          0.051070  0.004123
    LR scale:  1.000000, effective LR:  0.000400
epoch: 134                    train:   valid:
    weighted total loss      0.468643  0.400887
    energy MSE [eV²]         0.120584  0.078237
    force MSE [(eV/Å)²]      0.347150  0.321888
    energy mae [kcal/mol]          8.951816  6.923455
    energy R²                    N/A  0.885546
    forces mae [kcal/mol/Å]        13.090591  12.643255
    forces R²                    N/A  0.906639
    dipole mae [tgt units]   0.030742  0.028802
    dipole R²                    N/A  0.997562
    dipole MSE [tgt²]        0.000809  0.000754
    charge loss [e²]         0.000100  0.000009
    charge RMSE [e]          0.010012  0.002975
    LR scale:  1.000000, effective LR:  0.000400
epoch: 135                    train:   valid:
    weighted total loss      0.475961  0.396875
    energy MSE [eV²]         0.127276  0.077257
    force MSE [(eV/Å)²]      0.345637  0.318871
    energy mae [kcal/mol]          9.176875  7.039584
    energy R²                    N/A  0.889745
    forces mae [kcal/mol/Å]        13.050328  12.574215
    forces R²                    N/A  0.907540
    dipole mae [tgt units]   0.030526  0.028613
    dipole R²                    N/A  0.997606
    dipole MSE [tgt²]        0.000812  0.000740
    charge loss [e²]         0.002237  0.000008
    charge RMSE [e]          0.047293  0.002804
    LR scale:  1.000000, effective LR:  0.000400
epoch: 136                    train:   valid:
    weighted total loss      0.471168  0.390407
    energy MSE [eV²]         0.126894  0.072509
    force MSE [(eV/Å)²]      0.342817  0.316743
    energy mae [kcal/mol]          9.181809  6.609278
    energy R²                    N/A  0.894244
    forces mae [kcal/mol/Å]        12.999962  12.535158
    forces R²                    N/A  0.908138
    dipole mae [tgt units]   0.029646  0.029468
    dipole R²                    N/A  0.997563
    dipole MSE [tgt²]        0.000761  0.000746
    charge loss [e²]         0.000697  0.000409
    charge RMSE [e]          0.026394  0.020215
    LR scale:  1.000000, effective LR:  0.000400
    ✓ Best valid checkpoint: params-best-bd8b7a90-13fa-4943-9453-6b3ef7bf4433.json (weighted loss=0.390407, epoch 136)
epoch: 137                    train:   valid:
    weighted total loss      0.472805  0.392272
    energy MSE [eV²]         0.127882  0.074007
    force MSE [(eV/Å)²]      0.341387  0.316511
    energy mae [kcal/mol]          9.238518  6.971025
    energy R²                    N/A  0.890614
    forces mae [kcal/mol/Å]        12.952094  12.601252
    forces R²                    N/A  0.908159
    dipole mae [tgt units]   0.030117  0.028004
    dipole R²                    N/A  0.997734
    dipole MSE [tgt²]        0.000784  0.000695
    charge loss [e²]         0.002752  0.001060
    charge RMSE [e]          0.052461  0.032553
    LR scale:  1.000000, effective LR:  0.000400
epoch: 138                    train:   valid:
    weighted total loss      0.459103  0.385795
    energy MSE [eV²]         0.116935  0.072504
    force MSE [(eV/Å)²]      0.339318  0.312586
    energy mae [kcal/mol]          8.777068  6.768088
    energy R²                    N/A  0.896379
    forces mae [kcal/mol/Å]        12.920470  12.442287
    forces R²                    N/A  0.909357
    dipole mae [tgt units]   0.029757  0.027733
    dipole R²                    N/A  0.997742
    dipole MSE [tgt²]        0.000754  0.000696
    charge loss [e²]         0.002096  0.000009
    charge RMSE [e]          0.045781  0.003080
    LR scale:  1.000000, effective LR:  0.000400
    ✓ Best valid checkpoint: params-best-bd8b7a90-13fa-4943-9453-6b3ef7bf4433.json (weighted loss=0.385795, epoch 138)
epoch: 139                    train:   valid:
    weighted total loss      0.440246  0.370332
    energy MSE [eV²]         0.102977  0.060914
    force MSE [(eV/Å)²]      0.336390  0.308721
    energy mae [kcal/mol]          8.164022  6.097906
    energy R²                    N/A  0.910864
    forces mae [kcal/mol/Å]        12.858974  12.368601
    forces R²                    N/A  0.910441
    dipole mae [tgt units]   0.029739  0.027535
    dipole R²                    N/A  0.997784
    dipole MSE [tgt²]        0.000770  0.000685
    charge loss [e²]         0.000109  0.000012
    charge RMSE [e]          0.010459  0.003460
    LR scale:  1.000000, effective LR:  0.000400
    ✓ Best valid checkpoint: params-best-bd8b7a90-13fa-4943-9453-6b3ef7bf4433.json (weighted loss=0.370332, epoch 139)
epoch: 140                    train:   valid:
    weighted total loss      0.465415  0.381000
    energy MSE [eV²]         0.127605  0.070580
    force MSE [(eV/Å)²]      0.333651  0.309643
    energy mae [kcal/mol]          9.118004  6.574492
    energy R²                    N/A  0.894732
    forces mae [kcal/mol/Å]        12.809854  12.348738
    forces R²                    N/A  0.910225
    dipole mae [tgt units]   0.030074  0.029413
    dipole R²                    N/A  0.997508
    dipole MSE [tgt²]        0.000790  0.000764
    charge loss [e²]         0.003369  0.000013
    charge RMSE [e]          0.058043  0.003552
    LR scale:  1.000000, effective LR:  0.000400
epoch: 141                    train:   valid:
    weighted total loss      0.440564  0.375000
    energy MSE [eV²]         0.107729  0.066847
    force MSE [(eV/Å)²]      0.332023  0.307491
    energy mae [kcal/mol]          8.419184  6.373303
    energy R²                    N/A  0.901749
    forces mae [kcal/mol/Å]        12.767679  12.315396
    forces R²                    N/A  0.910860
    dipole mae [tgt units]   0.030118  0.027091
    dipole R²                    N/A  0.997865
    dipole MSE [tgt²]        0.000788  0.000651
    charge loss [e²]         0.000025  0.000009
    charge RMSE [e]          0.004989  0.003069
    LR scale:  1.000000, effective LR:  0.000400
epoch: 142                    train:   valid:
    weighted total loss      0.440041  0.465045
    energy MSE [eV²]         0.109705  0.156683
    force MSE [(eV/Å)²]      0.328876  0.307459
    energy mae [kcal/mol]          8.432254  10.144830
    energy R²                    N/A  0.776183
    forces mae [kcal/mol/Å]        12.697225  12.291446
    forces R²                    N/A  0.910874
    dipole mae [tgt units]   0.029285  0.029119
    dipole R²                    N/A  0.997368
    dipole MSE [tgt²]        0.000748  0.000812
    charge loss [e²]         0.000711  0.000091
    charge RMSE [e]          0.026664  0.009557
    LR scale:  1.000000, effective LR:  0.000400
epoch: 143                    train:   valid:
    weighted total loss      0.444514  0.371715
    energy MSE [eV²]         0.113454  0.068870
    force MSE [(eV/Å)²]      0.327836  0.302131
    energy mae [kcal/mol]          8.633365  6.337993
    energy R²                    N/A  0.897997
    forces mae [kcal/mol/Å]        12.668562  12.208529
    forces R²                    N/A  0.912389
    dipole mae [tgt units]   0.030349  0.027889
    dipole R²                    N/A  0.997751
    dipole MSE [tgt²]        0.000813  0.000697
    charge loss [e²]         0.002410  0.000017
    charge RMSE [e]          0.049091  0.004111
    LR scale:  1.000000, effective LR:  0.000400
epoch: 144                    train:   valid:
    weighted total loss      0.449305  0.453235
    energy MSE [eV²]         0.121524  0.150736
    force MSE [(eV/Å)²]      0.325677  0.301793
    energy mae [kcal/mol]          9.042571  10.843505
    energy R²                    N/A  0.781255
    forces mae [kcal/mol/Å]        12.622354  12.172664
    forces R²                    N/A  0.912499
    dipole mae [tgt units]   0.029623  0.027461
    dipole R²                    N/A  0.997758
    dipole MSE [tgt²]        0.000759  0.000692
    charge loss [e²]         0.001345  0.000014
    charge RMSE [e]          0.036679  0.003688
    LR scale:  1.000000, effective LR:  0.000400
epoch: 145                    train:   valid:
    weighted total loss      0.440900  0.396454
    energy MSE [eV²]         0.114299  0.097595
    force MSE [(eV/Å)²]      0.324187  0.298137
    energy mae [kcal/mol]          8.673727  8.290906
    energy R²                    N/A  0.854462
    forces mae [kcal/mol/Å]        12.577579  12.118861
    forces R²                    N/A  0.913546
    dipole mae [tgt units]   0.030211  0.028046
    dipole R²                    N/A  0.997694
    dipole MSE [tgt²]        0.000811  0.000714
    charge loss [e²]         0.001603  0.000008
    charge RMSE [e]          0.040033  0.002817
    LR scale:  1.000000, effective LR:  0.000400
epoch: 146                    train:   valid:
    weighted total loss      0.423440  0.372060
    energy MSE [eV²]         0.100130  0.076309
    force MSE [(eV/Å)²]      0.321925  0.295084
    energy mae [kcal/mol]          8.028956  6.819088
    energy R²                    N/A  0.888062
    forces mae [kcal/mol/Å]        12.540099  12.091081
    forces R²                    N/A  0.914388
    dipole mae [tgt units]   0.029152  0.027096
    dipole R²                    N/A  0.997874
    dipole MSE [tgt²]        0.000745  0.000654
    charge loss [e²]         0.000640  0.000012
    charge RMSE [e]          0.025301  0.003531
    LR scale:  1.000000, effective LR:  0.000400
epoch: 147                    train:   valid:
    weighted total loss      0.429445  0.358866
    energy MSE [eV²]         0.107152  0.059789
    force MSE [(eV/Å)²]      0.318924  0.298223
    energy mae [kcal/mol]          8.359979  6.041104
    energy R²                    N/A  0.912005
    forces mae [kcal/mol/Å]        12.483618  12.087277
    forces R²                    N/A  0.913549
    dipole mae [tgt units]   0.029868  0.030620
    dipole R²                    N/A  0.997301
    dipole MSE [tgt²]        0.000792  0.000830
    charge loss [e²]         0.002576  0.000024
    charge RMSE [e]          0.050753  0.004901
    LR scale:  1.000000, effective LR:  0.000400
    ✓ Best valid checkpoint: params-best-bd8b7a90-13fa-4943-9453-6b3ef7bf4433.json (weighted loss=0.358866, epoch 147)
epoch: 148                    train:   valid:
    weighted total loss      0.432517  0.349685
    energy MSE [eV²]         0.113977  0.055631
    force MSE [(eV/Å)²]      0.317788  0.293306
    energy mae [kcal/mol]          8.675816  5.825292
    energy R²                    N/A  0.917989
    forces mae [kcal/mol/Å]        12.456431  11.981344
    forces R²                    N/A  0.914967
    dipole mae [tgt units]   0.028644  0.026721
    dipole R²                    N/A  0.997888
    dipole MSE [tgt²]        0.000719  0.000644
    charge loss [e²]         0.000033  0.000104
    charge RMSE [e]          0.005768  0.010185
    LR scale:  1.000000, effective LR:  0.000400
    ✓ Best valid checkpoint: params-best-bd8b7a90-13fa-4943-9453-6b3ef7bf4433.json (weighted loss=0.349685, epoch 148)
epoch: 149                    train:   valid:
    weighted total loss      0.437536  0.351434
    energy MSE [eV²]         0.117779  0.058978
    force MSE [(eV/Å)²]      0.315787  0.291824
    energy mae [kcal/mol]          8.725796  6.033003
    energy R²                    N/A  0.913753
    forces mae [kcal/mol/Å]        12.405715  11.939324
    forces R²                    N/A  0.915416
    dipole mae [tgt units]   0.029274  0.026652
    dipole R²                    N/A  0.997976
    dipole MSE [tgt²]        0.000746  0.000620
    charge loss [e²]         0.003224  0.000012
    charge RMSE [e]          0.056777  0.003492
    LR scale:  1.000000, effective LR:  0.000400
epoch: 150                    train:   valid:
    weighted total loss      0.423051  0.359562
    energy MSE [eV²]         0.107450  0.070046
    force MSE [(eV/Å)²]      0.314541  0.288646
    energy mae [kcal/mol]          8.374949  6.637064
    energy R²                    N/A  0.898689
    forces mae [kcal/mol/Å]        12.376546  11.881632
    forces R²                    N/A  0.916321
    dipole mae [tgt units]   0.029526  0.030701
    dipole R²                    N/A  0.997420
    dipole MSE [tgt²]        0.000766  0.000791
    charge loss [e²]         0.000295  0.000080
    charge RMSE [e]          0.017179  0.008922
    LR scale:  1.000000, effective LR:  0.000400
epoch: 151                    train:   valid:
    weighted total loss      0.408747  0.345414
    energy MSE [eV²]         0.095652  0.057422
    force MSE [(eV/Å)²]      0.312330  0.287210
    energy mae [kcal/mol]          7.858809  5.909300
    energy R²                    N/A  0.915635
    forces mae [kcal/mol/Å]        12.328116  11.859899
    forces R²                    N/A  0.916733
    dipole mae [tgt units]   0.028906  0.028619
    dipole R²                    N/A  0.997543
    dipole MSE [tgt²]        0.000728  0.000758
    charge loss [e²]         0.000037  0.000024
    charge RMSE [e]          0.006044  0.004887
    LR scale:  1.000000, effective LR:  0.000400
    ✓ Best valid checkpoint: params-best-bd8b7a90-13fa-4943-9453-6b3ef7bf4433.json (weighted loss=0.345414, epoch 151)
epoch: 152                    train:   valid:
    weighted total loss      0.418333  0.368505
    energy MSE [eV²]         0.104164  0.082430
    force MSE [(eV/Å)²]      0.310166  0.285395
    energy mae [kcal/mol]          8.147672  7.429846
    energy R²                    N/A  0.876364
    forces mae [kcal/mol/Å]        12.292629  11.816724
    forces R²                    N/A  0.917254
    dipole mae [tgt units]   0.029774  0.027746
    dipole R²                    N/A  0.997809
    dipole MSE [tgt²]        0.000787  0.000672
    charge loss [e²]         0.003216  0.000009
    charge RMSE [e]          0.056707  0.002944
    LR scale:  1.000000, effective LR:  0.000400
epoch: 153                    train:   valid:
    weighted total loss      0.436820  0.345908
    energy MSE [eV²]         0.127514  0.061575
    force MSE [(eV/Å)²]      0.308591  0.283606
    energy mae [kcal/mol]          9.231485  6.029586
    energy R²                    N/A  0.908367
    forces mae [kcal/mol/Å]        12.244513  11.795637
    forces R²                    N/A  0.917740
    dipole mae [tgt units]   0.028255  0.028175
    dipole R²                    N/A  0.997678
    dipole MSE [tgt²]        0.000690  0.000718
    charge loss [e²]         0.000024  0.000008
    charge RMSE [e]          0.004946  0.002914
    LR scale:  1.000000, effective LR:  0.000400
epoch: 154                    train:   valid:
    weighted total loss      0.407129  0.338025
    energy MSE [eV²]         0.100206  0.055865
    force MSE [(eV/Å)²]      0.306173  0.281428
    energy mae [kcal/mol]          8.004155  5.871583
    energy R²                    N/A  0.917728
    forces mae [kcal/mol/Å]        12.196445  11.722838
    forces R²                    N/A  0.918400
    dipole mae [tgt units]   0.028655  0.028306
    dipole R²                    N/A  0.997716
    dipole MSE [tgt²]        0.000709  0.000705
    charge loss [e²]         0.000040  0.000027
    charge RMSE [e]          0.006313  0.005223
    LR scale:  1.000000, effective LR:  0.000400
    ✓ Best valid checkpoint: params-best-bd8b7a90-13fa-4943-9453-6b3ef7bf4433.json (weighted loss=0.338025, epoch 154)
epoch: 155                    train:   valid:
    weighted total loss      0.399122  0.340350
    energy MSE [eV²]         0.093737  0.058475
    force MSE [(eV/Å)²]      0.304065  0.281241
    energy mae [kcal/mol]          7.729244  5.964896
    energy R²                    N/A  0.914928
    forces mae [kcal/mol/Å]        12.154332  11.695334
    forces R²                    N/A  0.918482
    dipole mae [tgt units]   0.028421  0.026436
    dipole R²                    N/A  0.997988
    dipole MSE [tgt²]        0.000709  0.000613
    charge loss [e²]         0.000611  0.000021
    charge RMSE [e]          0.024710  0.004628
    LR scale:  1.000000, effective LR:  0.000400
epoch: 156                    train:   valid:
    weighted total loss      0.416549  0.335951
    energy MSE [eV²]         0.111660  0.057822
    force MSE [(eV/Å)²]      0.302013  0.277455
    energy mae [kcal/mol]          8.627373  5.934244
    energy R²                    N/A  0.914803
    forces mae [kcal/mol/Å]        12.122772  11.650422
    forces R²                    N/A  0.919557
    dipole mae [tgt units]   0.028778  0.027069
    dipole R²                    N/A  0.997843
    dipole MSE [tgt²]        0.000725  0.000667
    charge loss [e²]         0.002152  0.000008
    charge RMSE [e]          0.046386  0.002769
    LR scale:  1.000000, effective LR:  0.000400
    ✓ Best valid checkpoint: params-best-bd8b7a90-13fa-4943-9453-6b3ef7bf4433.json (weighted loss=0.335951, epoch 156)
epoch: 157                    train:   valid:
    weighted total loss      0.422837  0.332131
    energy MSE [eV²]         0.119400  0.054954
    force MSE [(eV/Å)²]      0.300570  0.276428
    energy mae [kcal/mol]          8.946304  5.828177
    energy R²                    N/A  0.918567
    forces mae [kcal/mol/Å]        12.080648  11.602800
    forces R²                    N/A  0.919862
    dipole mae [tgt units]   0.028178  0.027058
    dipole R²                    N/A  0.997885
    dipole MSE [tgt²]        0.000693  0.000653
    charge loss [e²]         0.002174  0.000096
    charge RMSE [e]          0.046626  0.009799
    LR scale:  1.000000, effective LR:  0.000400
    ✓ Best valid checkpoint: params-best-bd8b7a90-13fa-4943-9453-6b3ef7bf4433.json (weighted loss=0.332131, epoch 157)
epoch: 158                    train:   valid:
    weighted total loss      0.442093  0.346409
    energy MSE [eV²]         0.137792  0.068693
    force MSE [(eV/Å)²]      0.300761  0.276976
    energy mae [kcal/mol]          9.461784  6.266695
    energy R²                    N/A  0.897322
    forces mae [kcal/mol/Å]        12.069548  11.663302
    forces R²                    N/A  0.919644
    dipole mae [tgt units]   0.028863  0.028244
    dipole R²                    N/A  0.997688
    dipole MSE [tgt²]        0.000726  0.000711
    charge loss [e²]         0.002814  0.000029
    charge RMSE [e]          0.053049  0.005403
    LR scale:  1.000000, effective LR:  0.000400
epoch: 159                    train:   valid:
    weighted total loss      0.410409  0.332595
    energy MSE [eV²]         0.110306  0.058306
    force MSE [(eV/Å)²]      0.299403  0.273672
    energy mae [kcal/mol]          8.563841  5.973465
    energy R²                    N/A  0.912819
    forces mae [kcal/mol/Å]        12.030627  11.556221
    forces R²                    N/A  0.920648
    dipole mae [tgt units]   0.027831  0.026359
    dipole R²                    N/A  0.998018
    dipole MSE [tgt²]        0.000680  0.000608
    charge loss [e²]         0.000020  0.000008
    charge RMSE [e]          0.004444  0.002905
    LR scale:  1.000000, effective LR:  0.000400
epoch: 160                    train:   valid:
    weighted total loss      0.392911  0.333073
    energy MSE [eV²]         0.095775  0.060541
    force MSE [(eV/Å)²]      0.296474  0.271626
    energy mae [kcal/mol]          7.909533  6.036021
    energy R²                    N/A  0.910179
    forces mae [kcal/mol/Å]        11.989964  11.505541
    forces R²                    N/A  0.921251
    dipole mae [tgt units]   0.027352  0.030656
    dipole R²                    N/A  0.997195
    dipole MSE [tgt²]        0.000646  0.000862
    charge loss [e²]         0.000016  0.000044
    charge RMSE [e]          0.004039  0.006596
    LR scale:  1.000000, effective LR:  0.000400
epoch: 161                    train:   valid:
    weighted total loss      0.411241  0.352183
    energy MSE [eV²]         0.112215  0.078545
    force MSE [(eV/Å)²]      0.295975  0.272994
    energy mae [kcal/mol]          8.529625  7.202272
    energy R²                    N/A  0.882591
    forces mae [kcal/mol/Å]        11.964252  11.497252
    forces R²                    N/A  0.920886
    dipole mae [tgt units]   0.028662  0.027025
    dipole R²                    N/A  0.997933
    dipole MSE [tgt²]        0.000722  0.000631
    charge loss [e²]         0.002330  0.000014
    charge RMSE [e]          0.048266  0.003778
    LR scale:  1.000000, effective LR:  0.000400
epoch: 162                    train:   valid:
    weighted total loss      0.397660  0.329035
    energy MSE [eV²]         0.102403  0.057621
    force MSE [(eV/Å)²]      0.293467  0.270758
    energy mae [kcal/mol]          8.139425  5.880574
    energy R²                    N/A  0.915054
    forces mae [kcal/mol/Å]        11.911128  11.448413
    forces R²                    N/A  0.921531
    dipole mae [tgt units]   0.027581  0.027073
    dipole R²                    N/A  0.997883
    dipole MSE [tgt²]        0.000657  0.000647
    charge loss [e²]         0.001134  0.000009
    charge RMSE [e]          0.033668  0.003039
    LR scale:  1.000000, effective LR:  0.000400
    ✓ Best valid checkpoint: params-best-bd8b7a90-13fa-4943-9453-6b3ef7bf4433.json (weighted loss=0.329035, epoch 162)
epoch: 163                    train:   valid:
    weighted total loss      0.382064  0.323095
    energy MSE [eV²]         0.089321  0.057153
    force MSE [(eV/Å)²]      0.292054  0.265302
    energy mae [kcal/mol]          7.550775  5.870279
    energy R²                    N/A  0.915625
    forces mae [kcal/mol/Å]        11.883821  11.405409
    forces R²                    N/A  0.923053
    dipole mae [tgt units]   0.027540  0.026560
    dipole R²                    N/A  0.997941
    dipole MSE [tgt²]        0.000662  0.000630
    charge loss [e²]         0.000027  0.000010
    charge RMSE [e]          0.005172  0.003157
    LR scale:  1.000000, effective LR:  0.000400
    ✓ Best valid checkpoint: params-best-bd8b7a90-13fa-4943-9453-6b3ef7bf4433.json (weighted loss=0.323095, epoch 163)
epoch: 164                    train:   valid:
    weighted total loss      0.407801  0.331026
    energy MSE [eV²]         0.113782  0.060122
    force MSE [(eV/Å)²]      0.291175  0.266667
    energy mae [kcal/mol]          8.606587  6.057518
    energy R²                    N/A  0.910281
    forces mae [kcal/mol/Å]        11.867816  11.379801
    forces R²                    N/A  0.922701
    dipole mae [tgt units]   0.028125  0.025798
    dipole R²                    N/A  0.998052
    dipole MSE [tgt²]        0.000697  0.000599
    charge loss [e²]         0.002148  0.003639
    charge RMSE [e]          0.046345  0.060320
    LR scale:  1.000000, effective LR:  0.000400
epoch: 165                    train:   valid:
    weighted total loss      0.392904  0.351709
    energy MSE [eV²]         0.101963  0.085240
    force MSE [(eV/Å)²]      0.289097  0.265626
    energy mae [kcal/mol]          8.125285  6.718439
    energy R²                    N/A  0.873384
    forces mae [kcal/mol/Å]        11.809196  11.369076
    forces R²                    N/A  0.922985
    dipole mae [tgt units]   0.027101  0.029519
    dipole R²                    N/A  0.997414
    dipole MSE [tgt²]        0.000635  0.000791
    charge loss [e²]         0.001209  0.000052
    charge RMSE [e]          0.034771  0.007184
    LR scale:  1.000000, effective LR:  0.000400
epoch: 166                    train:   valid:
    weighted total loss      0.390947  0.315952
    energy MSE [eV²]         0.101041  0.054402
    force MSE [(eV/Å)²]      0.287284  0.260917
    energy mae [kcal/mol]          8.097350  5.838916
    energy R²                    N/A  0.919186
    forces mae [kcal/mol/Å]        11.781434  11.281604
    forces R²                    N/A  0.924352
    dipole mae [tgt units]   0.027972  0.026136
    dipole R²                    N/A  0.998011
    dipole MSE [tgt²]        0.000681  0.000608
    charge loss [e²]         0.001940  0.000025
    charge RMSE [e]          0.044044  0.005023
    LR scale:  1.000000, effective LR:  0.000400
    ✓ Best valid checkpoint: params-best-bd8b7a90-13fa-4943-9453-6b3ef7bf4433.json (weighted loss=0.315952, epoch 166)
epoch: 167                    train:   valid:
    weighted total loss      0.392397  0.320276
    energy MSE [eV²]         0.105956  0.057236
    force MSE [(eV/Å)²]      0.285374  0.262452
    energy mae [kcal/mol]          8.323400  5.872254
    energy R²                    N/A  0.914555
    forces mae [kcal/mol/Å]        11.745464  11.269317
    forces R²                    N/A  0.923937
    dipole mae [tgt units]   0.027755  0.025859
    dipole R²                    N/A  0.998111
    dipole MSE [tgt²]        0.000661  0.000579
    charge loss [e²]         0.000406  0.000009
    charge RMSE [e]          0.020138  0.002955
    LR scale:  1.000000, effective LR:  0.000400
epoch: 168                    train:   valid:
    weighted total loss      0.370664  0.318498
    energy MSE [eV²]         0.086390  0.056353
    force MSE [(eV/Å)²]      0.283617  0.261523
    energy mae [kcal/mol]          7.437937  5.833154
    energy R²                    N/A  0.916290
    forces mae [kcal/mol/Å]        11.706119  11.264645
    forces R²                    N/A  0.924215
    dipole mae [tgt units]   0.026530  0.026200
    dipole R²                    N/A  0.998036
    dipole MSE [tgt²]        0.000611  0.000602
    charge loss [e²]         0.000047  0.000019
    charge RMSE [e]          0.006836  0.004331
    LR scale:  1.000000, effective LR:  0.000400
epoch: 169                    train:   valid:
    weighted total loss      0.387797  0.324662
    energy MSE [eV²]         0.101918  0.064801
    force MSE [(eV/Å)²]      0.281963  0.259307
    energy mae [kcal/mol]          8.115765  6.465116
    energy R²                    N/A  0.903175
    forces mae [kcal/mol/Å]        11.667490  11.202406
    forces R²                    N/A  0.924859
    dipole mae [tgt units]   0.027381  0.025114
    dipole R²                    N/A  0.998205
    dipole MSE [tgt²]        0.000654  0.000545
    charge loss [e²]         0.003262  0.000008
    charge RMSE [e]          0.057113  0.002887
    LR scale:  1.000000, effective LR:  0.000400
epoch: 170                    train:   valid:
    weighted total loss      0.408632  0.312692
    energy MSE [eV²]         0.124509  0.055442
    force MSE [(eV/Å)²]      0.282290  0.256661
    energy mae [kcal/mol]          9.042691  5.808808
    energy R²                    N/A  0.918200
    forces mae [kcal/mol/Å]        11.661791  11.169990
    forces R²                    N/A  0.925591
    dipole mae [tgt units]   0.027143  0.025704
    dipole R²                    N/A  0.998111
    dipole MSE [tgt²]        0.000634  0.000578
    charge loss [e²]         0.001199  0.000011
    charge RMSE [e]          0.034626  0.003375
    LR scale:  1.000000, effective LR:  0.000400
    ✓ Best valid checkpoint: params-best-bd8b7a90-13fa-4943-9453-6b3ef7bf4433.json (weighted loss=0.312692, epoch 170)
epoch: 171                    train:   valid:
    weighted total loss      0.390680  0.335710
    energy MSE [eV²]         0.107434  0.079720
    force MSE [(eV/Å)²]      0.280653  0.255424
    energy mae [kcal/mol]          8.328542  7.203495
    energy R²                    N/A  0.881392
    forces mae [kcal/mol/Å]        11.641048  11.117075
    forces R²                    N/A  0.925974
    dipole mae [tgt units]   0.026423  0.025433
    dipole R²                    N/A  0.998175
    dipole MSE [tgt²]        0.000602  0.000557
    charge loss [e²]         0.001991  0.000009
    charge RMSE [e]          0.044625  0.003039
    LR scale:  1.000000, effective LR:  0.000400
epoch: 172                    train:   valid:
    weighted total loss      0.383470  0.323989
    energy MSE [eV²]         0.104424  0.068021
    force MSE [(eV/Å)²]      0.278391  0.255280
    energy mae [kcal/mol]          8.272337  6.421590
    energy R²                    N/A  0.899264
    forces mae [kcal/mol/Å]        11.582106  11.119849
    forces R²                    N/A  0.926020
    dipole mae [tgt units]   0.026610  0.024835
    dipole R²                    N/A  0.998201
    dipole MSE [tgt²]        0.000615  0.000549
    charge loss [e²]         0.000040  0.000139
    charge RMSE [e]          0.006286  0.011799
    LR scale:  1.000000, effective LR:  0.000400
epoch: 173                    train:   valid:
    weighted total loss      0.376015  0.325631
    energy MSE [eV²]         0.095890  0.072225
    force MSE [(eV/Å)²]      0.277847  0.252635
    energy mae [kcal/mol]          7.922211  6.731184
    energy R²                    N/A  0.893647
    forces mae [kcal/mol/Å]        11.578514  11.051398
    forces R²                    N/A  0.926775
    dipole mae [tgt units]   0.026582  0.024601
    dipole R²                    N/A  0.998270
    dipole MSE [tgt²]        0.000611  0.000527
    charge loss [e²]         0.001667  0.000243
    charge RMSE [e]          0.040831  0.015591
    LR scale:  1.000000, effective LR:  0.000400
epoch: 174                    train:   valid:
    weighted total loss      0.388839  0.321695
    energy MSE [eV²]         0.110568  0.061418
    force MSE [(eV/Å)²]      0.276377  0.254406
    energy mae [kcal/mol]          8.476980  6.029209
    energy R²                    N/A  0.908367
    forces mae [kcal/mol/Å]        11.532295  11.067105
    forces R²                    N/A  0.926305
    dipole mae [tgt units]   0.026472  0.025365
    dipole R²                    N/A  0.998175
    dipole MSE [tgt²]        0.000607  0.000558
    charge loss [e²]         0.001286  0.005313
    charge RMSE [e]          0.035866  0.072893
    LR scale:  1.000000, effective LR:  0.000400
epoch: 175                    train:   valid:
    weighted total loss      0.384138  0.309059
    energy MSE [eV²]         0.107231  0.056706
    force MSE [(eV/Å)²]      0.274651  0.251726
    energy mae [kcal/mol]          8.418240  5.777484
    energy R²                    N/A  0.915622
    forces mae [kcal/mol/Å]        11.504316  11.016530
    forces R²                    N/A  0.927078
    dipole mae [tgt units]   0.027145  0.026345
    dipole R²                    N/A  0.998048
    dipole MSE [tgt²]        0.000651  0.000600
    charge loss [e²]         0.001605  0.000028
    charge RMSE [e]          0.040058  0.005273
    LR scale:  1.000000, effective LR:  0.000400
    ✓ Best valid checkpoint: params-best-bd8b7a90-13fa-4943-9453-6b3ef7bf4433.json (weighted loss=0.309059, epoch 175)
epoch: 176                    train:   valid:
    weighted total loss      0.402377  0.326877
    energy MSE [eV²]         0.123928  0.075801
    force MSE [(eV/Å)²]      0.275001  0.250497
    energy mae [kcal/mol]          8.835675  6.963953
    energy R²                    N/A  0.886955
    forces mae [kcal/mol/Å]        11.506303  10.990318
    forces R²                    N/A  0.927435
    dipole mae [tgt units]   0.026677  0.025542
    dipole R²                    N/A  0.998136
    dipole MSE [tgt²]        0.000614  0.000570
    charge loss [e²]         0.002834  0.000009
    charge RMSE [e]          0.053238  0.002932
    LR scale:  1.000000, effective LR:  0.000400
epoch: 177                    train:   valid:
    weighted total loss      0.357866  0.301087
    energy MSE [eV²]         0.085158  0.053406
    force MSE [(eV/Å)²]      0.272105  0.247122
    energy mae [kcal/mol]          7.323169  5.689362
    energy R²                    N/A  0.920440
    forces mae [kcal/mol/Å]        11.438539  10.916180
    forces R²                    N/A  0.928404
    dipole mae [tgt units]   0.026244  0.024792
    dipole R²                    N/A  0.998226
    dipole MSE [tgt²]        0.000592  0.000542
    charge loss [e²]         0.000013  0.000017
    charge RMSE [e]          0.003540  0.004180
    LR scale:  1.000000, effective LR:  0.000400
    ✓ Best valid checkpoint: params-best-bd8b7a90-13fa-4943-9453-6b3ef7bf4433.json (weighted loss=0.301087, epoch 177)
epoch: 178                    train:   valid:
    weighted total loss      0.376039  0.311127
    energy MSE [eV²]         0.102622  0.061302
    force MSE [(eV/Å)²]      0.271166  0.249056
    energy mae [kcal/mol]          8.033133  6.025966
    energy R²                    N/A  0.906918
    forces mae [kcal/mol/Å]        11.411407  10.936388
    forces R²                    N/A  0.927863
    dipole mae [tgt units]   0.027137  0.025959
    dipole R²                    N/A  0.998106
    dipole MSE [tgt²]        0.000641  0.000581
    charge loss [e²]         0.001610  0.000188
    charge RMSE [e]          0.040126  0.013728
    LR scale:  1.000000, effective LR:  0.000400
epoch: 179                    train:   valid:
    weighted total loss      0.376073  0.310768
    energy MSE [eV²]         0.105310  0.065000
    force MSE [(eV/Å)²]      0.270020  0.245173
    energy mae [kcal/mol]          8.326943  6.344151
    energy R²                    N/A  0.902856
    forces mae [kcal/mol/Å]        11.381342  10.929767
    forces R²                    N/A  0.928927
    dipole mae [tgt units]   0.025817  0.025219
    dipole R²                    N/A  0.998181
    dipole MSE [tgt²]        0.000576  0.000554
    charge loss [e²]         0.000166  0.000042
    charge RMSE [e]          0.012897  0.006497
    LR scale:  1.000000, effective LR:  0.000400
epoch: 180                    train:   valid:
    weighted total loss      0.345980  0.302127
    energy MSE [eV²]         0.077672  0.057626
    force MSE [(eV/Å)²]      0.267661  0.243354
    energy mae [kcal/mol]          7.003210  5.902226
    energy R²                    N/A  0.914106
    forces mae [kcal/mol/Å]        11.341309  10.832466
    forces R²                    N/A  0.929500
    dipole mae [tgt units]   0.026211  0.025948
    dipole R²                    N/A  0.998001
    dipole MSE [tgt²]        0.000593  0.000614
    charge loss [e²]         0.000054  0.000532
    charge RMSE [e]          0.007322  0.023073
    LR scale:  1.000000, effective LR:  0.000400
epoch: 181                    train:   valid:
    weighted total loss      0.360259  0.300544
    energy MSE [eV²]         0.092438  0.055198
    force MSE [(eV/Å)²]      0.265754  0.244626
    energy mae [kcal/mol]          7.703142  5.749458
    energy R²                    N/A  0.918548
    forces mae [kcal/mol/Å]        11.300022  10.852880
    forces R²                    N/A  0.929151
    dipole mae [tgt units]   0.027457  0.028727
    dipole R²                    N/A  0.997688
    dipole MSE [tgt²]        0.000662  0.000711
    charge loss [e²]         0.001405  0.000010
    charge RMSE [e]          0.037484  0.003103
    LR scale:  1.000000, effective LR:  0.000400
    ✓ Best valid checkpoint: params-best-bd8b7a90-13fa-4943-9453-6b3ef7bf4433.json (weighted loss=0.300544, epoch 181)
epoch: 182                    train:   valid:
    weighted total loss      0.369375  0.309254
    energy MSE [eV²]         0.100426  0.068701
    force MSE [(eV/Å)²]      0.266329  0.240017
    energy mae [kcal/mol]          7.996987  6.639534
    energy R²                    N/A  0.898254
    forces mae [kcal/mol/Å]        11.305274  10.783285
    forces R²                    N/A  0.930453
    dipole mae [tgt units]   0.026119  0.024629
    dipole R²                    N/A  0.998280
    dipole MSE [tgt²]        0.000593  0.000527
    charge loss [e²]         0.002027  0.000009
    charge RMSE [e]          0.045021  0.002930
    LR scale:  1.000000, effective LR:  0.000400
epoch: 183                    train:   valid:
    weighted total loss      0.366249  0.295147
    energy MSE [eV²]         0.100163  0.054033
    force MSE [(eV/Å)²]      0.264198  0.240600
    energy mae [kcal/mol]          8.054836  5.627011
    energy R²                    N/A  0.919962
    forces mae [kcal/mol/Å]        11.261945  10.775410
    forces R²                    N/A  0.930302
    dipole mae [tgt units]   0.025539  0.023879
    dipole R²                    N/A  0.998337
    dipole MSE [tgt²]        0.000559  0.000507
    charge loss [e²]         0.001328  0.000007
    charge RMSE [e]          0.036441  0.002577
    LR scale:  1.000000, effective LR:  0.000400
    ✓ Best valid checkpoint: params-best-bd8b7a90-13fa-4943-9453-6b3ef7bf4433.json (weighted loss=0.295147, epoch 183)
epoch: 184                    train:   valid:
    weighted total loss      0.357790  0.288409
    energy MSE [eV²]         0.094023  0.049738
    force MSE [(eV/Å)²]      0.262573  0.238139
    energy mae [kcal/mol]          7.786987  5.443097
    energy R²                    N/A  0.925875
    forces mae [kcal/mol/Å]        11.228307  10.743719
    forces R²                    N/A  0.930984
    dipole mae [tgt units]   0.025805  0.024522
    dipole R²                    N/A  0.998274
    dipole MSE [tgt²]        0.000574  0.000525
    charge loss [e²]         0.000619  0.000007
    charge RMSE [e]          0.024879  0.002734
    LR scale:  1.000000, effective LR:  0.000400
    ✓ Best valid checkpoint: params-best-bd8b7a90-13fa-4943-9453-6b3ef7bf4433.json (weighted loss=0.288409, epoch 184)
epoch: 185                    train:   valid:
    weighted total loss      0.351567  0.323842
    energy MSE [eV²]         0.089559  0.087760
    force MSE [(eV/Å)²]      0.260810  0.235551
    energy mae [kcal/mol]          7.562032  7.976971
    energy R²                    N/A  0.870428
    forces mae [kcal/mol/Å]        11.198910  10.689160
    forces R²                    N/A  0.931735
    dipole mae [tgt units]   0.025638  0.024393
    dipole R²                    N/A  0.998284
    dipole MSE [tgt²]        0.000565  0.000524
    charge loss [e²]         0.000633  0.000007
    charge RMSE [e]          0.025165  0.002649
    LR scale:  1.000000, effective LR:  0.000400
epoch: 186                    train:   valid:
    weighted total loss      0.339070  0.288495
    energy MSE [eV²]         0.078320  0.052723
    force MSE [(eV/Å)²]      0.259908  0.235094
    energy mae [kcal/mol]          7.055078  5.598634
    energy R²                    N/A  0.921234
    forces mae [kcal/mol/Å]        11.162934  10.682315
    forces R²                    N/A  0.931857
    dipole mae [tgt units]   0.025627  0.024457
    dipole R²                    N/A  0.998329
    dipole MSE [tgt²]        0.000559  0.000510
    charge loss [e²]         0.000282  0.000169
    charge RMSE [e]          0.016804  0.012985
    LR scale:  1.000000, effective LR:  0.000400
epoch: 187                    train:   valid:
    weighted total loss      0.369617  0.340876
    energy MSE [eV²]         0.107077  0.101319
    force MSE [(eV/Å)²]      0.258954  0.238242
    energy mae [kcal/mol]          8.346469  8.388193
    energy R²                    N/A  0.851330
    forces mae [kcal/mol/Å]        11.140835  10.692066
    forces R²                    N/A  0.931023
    dipole mae [tgt units]   0.026773  0.025941
    dipole R²                    N/A  0.998049
    dipole MSE [tgt²]        0.000631  0.000599
    charge loss [e²]         0.002955  0.000716
    charge RMSE [e]          0.054356  0.026763
    LR scale:  1.000000, effective LR:  0.000400
epoch: 188                    train:   valid:
    weighted total loss      0.375807  0.295449
    energy MSE [eV²]         0.114499  0.061737
    force MSE [(eV/Å)²]      0.258427  0.233072
    energy mae [kcal/mol]          8.580980  6.096232
    energy R²                    N/A  0.906933
    forces mae [kcal/mol/Å]        11.119781  10.599936
    forces R²                    N/A  0.932464
    dipole mae [tgt units]   0.026010  0.026513
    dipole R²                    N/A  0.997955
    dipole MSE [tgt²]        0.000579  0.000626
    charge loss [e²]         0.002302  0.000014
    charge RMSE [e]          0.047983  0.003697
    LR scale:  1.000000, effective LR:  0.000400
epoch: 189                    train:   valid:
    weighted total loss      0.358762  0.283812
    energy MSE [eV²]         0.101243  0.049305
    force MSE [(eV/Å)²]      0.256884  0.233852
    energy mae [kcal/mol]          8.081406  5.368053
    energy R²                    N/A  0.926482
    forces mae [kcal/mol/Å]        11.088787  10.585903
    forces R²                    N/A  0.932287
    dipole mae [tgt units]   0.025921  0.026583
    dipole R²                    N/A  0.997888
    dipole MSE [tgt²]        0.000586  0.000646
    charge loss [e²]         0.000049  0.000010
    charge RMSE [e]          0.006993  0.003094
    LR scale:  1.000000, effective LR:  0.000400
    ✓ Best valid checkpoint: params-best-bd8b7a90-13fa-4943-9453-6b3ef7bf4433.json (weighted loss=0.283812, epoch 189)
epoch: 190                    train:   valid:
    weighted total loss      0.333127  0.291452
    energy MSE [eV²]         0.077168  0.061191
    force MSE [(eV/Å)²]      0.255345  0.229492
    energy mae [kcal/mol]          6.957547  5.981688
    energy R²                    N/A  0.909585
    forces mae [kcal/mol/Å]        11.057014  10.521231
    forces R²                    N/A  0.933514
    dipole mae [tgt units]   0.025655  0.023645
    dipole R²                    N/A  0.998401
    dipole MSE [tgt²]        0.000569  0.000487
    charge loss [e²]         0.000045  0.000282
    charge RMSE [e]          0.006723  0.016790
    LR scale:  1.000000, effective LR:  0.000400
epoch: 191                    train:   valid:
    weighted total loss      0.364010  0.283493
    energy MSE [eV²]         0.107360  0.052914
    force MSE [(eV/Å)²]      0.254146  0.230048
    energy mae [kcal/mol]          8.452994  5.638019
    energy R²                    N/A  0.920767
    forces mae [kcal/mol/Å]        11.024605  10.520061
    forces R²                    N/A  0.933373
    dipole mae [tgt units]   0.025872  0.024534
    dipole R²                    N/A  0.998303
    dipole MSE [tgt²]        0.000579  0.000518
    charge loss [e²]         0.001925  0.000013
    charge RMSE [e]          0.043876  0.003543
    LR scale:  1.000000, effective LR:  0.000400
    ✓ Best valid checkpoint: params-best-bd8b7a90-13fa-4943-9453-6b3ef7bf4433.json (weighted loss=0.283493, epoch 191)
epoch: 192                    train:   valid:
    weighted total loss      0.356061  0.281979
    energy MSE [eV²]         0.101055  0.053151
    force MSE [(eV/Å)²]      0.252549  0.228321
    energy mae [kcal/mol]          8.072322  5.496092
    energy R²                    N/A  0.920423
    forces mae [kcal/mol/Å]        10.999643  10.490207
    forces R²                    N/A  0.933865
    dipole mae [tgt units]   0.025495  0.023815
    dipole R²                    N/A  0.998373
    dipole MSE [tgt²]        0.000562  0.000496
    charge loss [e²]         0.001895  0.000012
    charge RMSE [e]          0.043532  0.003497
    LR scale:  1.000000, effective LR:  0.000400
    ✓ Best valid checkpoint: params-best-bd8b7a90-13fa-4943-9453-6b3ef7bf4433.json (weighted loss=0.281979, epoch 192)
epoch: 193                    train:   valid:
    weighted total loss      0.362525  0.287487
    energy MSE [eV²]         0.107034  0.059331
    force MSE [(eV/Å)²]      0.252770  0.227398
    energy mae [kcal/mol]          8.225881  5.740312
    energy R²                    N/A  0.912335
    forces mae [kcal/mol/Å]        10.984796  10.452882
    forces R²                    N/A  0.934145
    dipole mae [tgt units]   0.025349  0.028276
    dipole R²                    N/A  0.997566
    dipole MSE [tgt²]        0.000557  0.000747
    charge loss [e²]         0.002165  0.000010
    charge RMSE [e]          0.046533  0.003224
    LR scale:  1.000000, effective LR:  0.000400
epoch: 194                    train:   valid:
    weighted total loss      0.359204  0.283380
    energy MSE [eV²]         0.106787  0.057237
    force MSE [(eV/Å)²]      0.251591  0.225490
    energy mae [kcal/mol]          8.368537  5.902625
    energy R²                    N/A  0.914568
    forces mae [kcal/mol/Å]        10.961584  10.431755
    forces R²                    N/A  0.934671
    dipole mae [tgt units]   0.026141  0.026624
    dipole R²                    N/A  0.997913
    dipole MSE [tgt²]        0.000600  0.000632
    charge loss [e²]         0.000226  0.000021
    charge RMSE [e]          0.015027  0.004595
    LR scale:  1.000000, effective LR:  0.000400
epoch: 195                    train:   valid:
    weighted total loss      0.336352  0.287849
    energy MSE [eV²]         0.085445  0.063437
    force MSE [(eV/Å)²]      0.249147  0.223905
    energy mae [kcal/mol]          7.438974  6.384974
    energy R²                    N/A  0.906135
    forces mae [kcal/mol/Å]        10.924292  10.395342
    forces R²                    N/A  0.935137
    dipole mae [tgt units]   0.025357  0.023981
    dipole R²                    N/A  0.998363
    dipole MSE [tgt²]        0.000552  0.000498
    charge loss [e²]         0.001208  0.000009
    charge RMSE [e]          0.034754  0.002969
    LR scale:  1.000000, effective LR:  0.000400
epoch: 196                    train:   valid:
    weighted total loss      0.344813  0.279889
    energy MSE [eV²]         0.093474  0.056236
    force MSE [(eV/Å)²]      0.248616  0.223155
    energy mae [kcal/mol]          7.650826  5.715708
    energy R²                    N/A  0.917174
    forces mae [kcal/mol/Å]        10.903373  10.369534
    forces R²                    N/A  0.935374
    dipole mae [tgt units]   0.025701  0.023564
    dipole R²                    N/A  0.998400
    dipole MSE [tgt²]        0.000573  0.000489
    charge loss [e²]         0.002151  0.000009
    charge RMSE [e]          0.046379  0.002998
    LR scale:  1.000000, effective LR:  0.000400
    ✓ Best valid checkpoint: params-best-bd8b7a90-13fa-4943-9453-6b3ef7bf4433.json (weighted loss=0.279889, epoch 196)
epoch: 197                    train:   valid:
    weighted total loss      0.327628  0.276902
    energy MSE [eV²]         0.080048  0.054704
    force MSE [(eV/Å)²]      0.247016  0.221637
    energy mae [kcal/mol]          7.107454  5.603148
    energy R²                    N/A  0.919013
    forces mae [kcal/mol/Å]        10.869705  10.344543
    forces R²                    N/A  0.935789
    dipole mae [tgt units]   0.025364  0.024837
    dipole R²                    N/A  0.998190
    dipole MSE [tgt²]        0.000552  0.000554
    charge loss [e²]         0.000012  0.000007
    charge RMSE [e]          0.003422  0.002663
    LR scale:  1.000000, effective LR:  0.000400
    ✓ Best valid checkpoint: params-best-bd8b7a90-13fa-4943-9453-6b3ef7bf4433.json (weighted loss=0.276902, epoch 197)
epoch: 198                    train:   valid:
    weighted total loss      0.329179  0.270492
    energy MSE [eV²]         0.081998  0.048042
    force MSE [(eV/Å)²]      0.245255  0.221944
    energy mae [kcal/mol]          7.228307  5.259717
    energy R²                    N/A  0.927805
    forces mae [kcal/mol/Å]        10.835461  10.313791
    forces R²                    N/A  0.935739
    dipole mae [tgt units]   0.025137  0.023678
    dipole R²                    N/A  0.998362
    dipole MSE [tgt²]        0.000548  0.000499
    charge loss [e²]         0.001378  0.000007
    charge RMSE [e]          0.037120  0.002609
    LR scale:  1.000000, effective LR:  0.000400
    ✓ Best valid checkpoint: params-best-bd8b7a90-13fa-4943-9453-6b3ef7bf4433.json (weighted loss=0.270492, epoch 198)
epoch: 199                    train:   valid:
    weighted total loss      0.330010  0.278542
    energy MSE [eV²]         0.085153  0.056279
    force MSE [(eV/Å)²]      0.244198  0.219826
    energy mae [kcal/mol]          7.474853  5.867410
    energy R²                    N/A  0.915727
    forces mae [kcal/mol/Å]        10.800937  10.322916
    forces R²                    N/A  0.936313
    dipole mae [tgt units]   0.025356  0.023975
    dipole R²                    N/A  0.998344
    dipole MSE [tgt²]        0.000548  0.000505
    charge loss [e²]         0.000111  0.001932
    charge RMSE [e]          0.010532  0.043958
    LR scale:  1.000000, effective LR:  0.000400
epoch: 200                    train:   valid:
    weighted total loss      0.339134  0.280627
    energy MSE [eV²]         0.092864  0.059690
    force MSE [(eV/Å)²]      0.243159  0.220416
    energy mae [kcal/mol]          7.792035  5.664890
    energy R²                    N/A  0.911470
    forces mae [kcal/mol/Å]        10.790788  10.290154
    forces R²                    N/A  0.936177
    dipole mae [tgt units]   0.025257  0.023983
    dipole R²                    N/A  0.998323
    dipole MSE [tgt²]        0.000543  0.000513
    charge loss [e²]         0.002567  0.000008
    charge RMSE [e]          0.050666  0.002836
    LR scale:  1.000000, effective LR:  0.000400
epoch: 201                    train:   valid:
    weighted total loss      0.326803  0.286021
    energy MSE [eV²]         0.084551  0.069401
    force MSE [(eV/Å)²]      0.241538  0.216020
    energy mae [kcal/mol]          7.359477  6.683622
    energy R²                    N/A  0.895567
    forces mae [kcal/mol/Å]        10.741625  10.228896
    forces R²                    N/A  0.937411
    dipole mae [tgt units]   0.024980  0.023715
    dipole R²                    N/A  0.998393
    dipole MSE [tgt²]        0.000539  0.000490
    charge loss [e²]         0.000175  0.000109
    charge RMSE [e]          0.013227  0.010427
    LR scale:  1.000000, effective LR:  0.000400
epoch: 202                    train:   valid:
    weighted total loss      0.336552  0.282330
    energy MSE [eV²]         0.093853  0.064804
    force MSE [(eV/Å)²]      0.239565  0.217022
    energy mae [kcal/mol]          7.825980  6.365572
    energy R²                    N/A  0.902934
    forces mae [kcal/mol/Å]        10.708339  10.188487
    forces R²                    N/A  0.937178
    dipole mae [tgt units]   0.025370  0.023796
    dipole R²                    N/A  0.998373
    dipole MSE [tgt²]        0.000551  0.000494
    charge loss [e²]         0.002583  0.000009
    charge RMSE [e]          0.050825  0.003013
    LR scale:  1.000000, effective LR:  0.000400
epoch: 203                    train:   valid:
    weighted total loss      0.337468  0.279647
    energy MSE [eV²]         0.094969  0.063479
    force MSE [(eV/Å)²]      0.240150  0.215628
    energy mae [kcal/mol]          7.812776  6.405701
    energy R²                    N/A  0.904876
    forces mae [kcal/mol/Å]        10.701129  10.185215
    forces R²                    N/A  0.937568
    dipole mae [tgt units]   0.025579  0.024515
    dipole R²                    N/A  0.998268
    dipole MSE [tgt²]        0.000568  0.000531
    charge loss [e²]         0.001781  0.000008
    charge RMSE [e]          0.042199  0.002898
    LR scale:  1.000000, effective LR:  0.000400
epoch: 204                    train:   valid:
    weighted total loss      0.322840  0.285832
    energy MSE [eV²]         0.084149  0.069411
    force MSE [(eV/Å)²]      0.238094  0.213136
    energy mae [kcal/mol]          7.370564  6.685792
    energy R²                    N/A  0.896304
    forces mae [kcal/mol/Å]        10.663231  10.122071
    forces R²                    N/A  0.938276
    dipole mae [tgt units]   0.024280  0.024776
    dipole R²                    N/A  0.998152
    dipole MSE [tgt²]        0.000503  0.000566
    charge loss [e²]         0.000093  0.002719
    charge RMSE [e]          0.009639  0.052145
    LR scale:  1.000000, effective LR:  0.000400
epoch: 205                    train:   valid:
    weighted total loss      0.331203  0.269089
    energy MSE [eV²]         0.091803  0.055965
    force MSE [(eV/Å)²]      0.237257  0.212581
    energy mae [kcal/mol]          7.658629  5.666017
    energy R²                    N/A  0.915064
    forces mae [kcal/mol/Å]        10.635334  10.144905
    forces R²                    N/A  0.938419
    dipole mae [tgt units]   0.025003  0.024227
    dipole R²                    N/A  0.998250
    dipole MSE [tgt²]        0.000538  0.000537
    charge loss [e²]         0.001605  0.000007
    charge RMSE [e]          0.040064  0.002720
    LR scale:  1.000000, effective LR:  0.000400
    ✓ Best valid checkpoint: params-best-bd8b7a90-13fa-4943-9453-6b3ef7bf4433.json (weighted loss=0.269089, epoch 205)
epoch: 206                    train:   valid:
    weighted total loss      0.318889  0.273751
    energy MSE [eV²]         0.082806  0.060521
    force MSE [(eV/Å)²]      0.235331  0.212437
    energy mae [kcal/mol]          7.262918  6.109652
    energy R²                    N/A  0.910121
    forces mae [kcal/mol/Å]        10.593304  10.101556
    forces R²                    N/A  0.938482
    dipole mae [tgt units]   0.025090  0.023956
    dipole R²                    N/A  0.998368
    dipole MSE [tgt²]        0.000537  0.000501
    charge loss [e²]         0.000214  0.000292
    charge RMSE [e]          0.014642  0.017080
    LR scale:  1.000000, effective LR:  0.000400
epoch: 207                    train:   valid:
    weighted total loss      0.308911  0.284654
    energy MSE [eV²]         0.073430  0.074285
    force MSE [(eV/Å)²]      0.234338  0.209680
    energy mae [kcal/mol]          6.863307  6.836254
    energy R²                    N/A  0.888577
    forces mae [kcal/mol/Å]        10.567393  10.058353
    forces R²                    N/A  0.939268
    dipole mae [tgt units]   0.024695  0.024226
    dipole R²                    N/A  0.998299
    dipole MSE [tgt²]        0.000522  0.000515
    charge loss [e²]         0.000621  0.000174
    charge RMSE [e]          0.024911  0.013174
    LR scale:  1.000000, effective LR:  0.000400
epoch: 208                    train:   valid:
    weighted total loss      0.320431  0.256724
    energy MSE [eV²]         0.084791  0.046364
    force MSE [(eV/Å)²]      0.233241  0.209872
    energy mae [kcal/mol]          7.485704  5.203326
    energy R²                    N/A  0.930930
    forces mae [kcal/mol/Å]        10.549367  10.018274
    forces R²                    N/A  0.939260
    dipole mae [tgt units]   0.024532  0.023170
    dipole R²                    N/A  0.998457
    dipole MSE [tgt²]        0.000518  0.000472
    charge loss [e²]         0.001882  0.000016
    charge RMSE [e]          0.043381  0.003954
    LR scale:  1.000000, effective LR:  0.000400
    ✓ Best valid checkpoint: params-best-bd8b7a90-13fa-4943-9453-6b3ef7bf4433.json (weighted loss=0.256724, epoch 208)
epoch: 209                    train:   valid:
    weighted total loss      0.332415  0.282211
    energy MSE [eV²]         0.097430  0.067574
    force MSE [(eV/Å)²]      0.232613  0.208786
    energy mae [kcal/mol]          7.951239  6.641342
    energy R²                    N/A  0.898910
    forces mae [kcal/mol/Å]        10.519908  10.000087
    forces R²                    N/A  0.939560
    dipole mae [tgt units]   0.024801  0.024530
    dipole R²                    N/A  0.998231
    dipole MSE [tgt²]        0.000533  0.000544
    charge loss [e²]         0.001839  0.005306
    charge RMSE [e]          0.042884  0.072842
    LR scale:  1.000000, effective LR:  0.000400
epoch: 210                    train:   valid:
    weighted total loss      0.317540  0.270221
    energy MSE [eV²]         0.084603  0.062911
    force MSE [(eV/Å)²]      0.231237  0.206580
    energy mae [kcal/mol]          7.403681  6.234130
    energy R²                    N/A  0.906289
    forces mae [kcal/mol/Å]        10.493750  9.957753
    forces R²                    N/A  0.940181
    dipole mae [tgt units]   0.024704  0.024898
    dipole R²                    N/A  0.998266
    dipole MSE [tgt²]        0.000527  0.000528
    charge loss [e²]         0.001173  0.000202
    charge RMSE [e]          0.034252  0.014201
    LR scale:  1.000000, effective LR:  0.000400
epoch: 211                    train:   valid:
    weighted total loss      0.314024  0.264078
    energy MSE [eV²]         0.082778  0.055973
    force MSE [(eV/Å)²]      0.230138  0.207604
    energy mae [kcal/mol]          7.219901  5.550419
    energy R²                    N/A  0.917099
    forces mae [kcal/mol/Å]        10.458018  9.963119
    forces R²                    N/A  0.939921
    dipole mae [tgt units]   0.024566  0.023297
    dipole R²                    N/A  0.998427
    dipole MSE [tgt²]        0.000519  0.000477
    charge loss [e²]         0.000590  0.000024
    charge RMSE [e]          0.024286  0.004893
    LR scale:  1.000000, effective LR:  0.000400
epoch: 212                    train:   valid:
    weighted total loss      0.311424  0.256394
    energy MSE [eV²]         0.080240  0.050189
    force MSE [(eV/Å)²]      0.229592  0.205597
    energy mae [kcal/mol]          7.140300  5.380882
    energy R²                    N/A  0.924167
    forces mae [kcal/mol/Å]        10.451637  10.022548
    forces R²                    N/A  0.940433
    dipole mae [tgt units]   0.024672  0.023124
    dipole R²                    N/A  0.998434
    dipole MSE [tgt²]        0.000525  0.000478
    charge loss [e²]         0.001067  0.000130
    charge RMSE [e]          0.032667  0.011423
    LR scale:  1.000000, effective LR:  0.000400
    ✓ Best valid checkpoint: params-best-bd8b7a90-13fa-4943-9453-6b3ef7bf4433.json (weighted loss=0.256394, epoch 212)
epoch: 213                    train:   valid:
    weighted total loss      0.322614  0.277738
    energy MSE [eV²]         0.089425  0.074240
    force MSE [(eV/Å)²]      0.228140  0.202945
    energy mae [kcal/mol]          7.594181  7.090625
    energy R²                    N/A  0.889366
    forces mae [kcal/mol/Å]        10.413184  9.865333
    forces R²                    N/A  0.941256
    dipole mae [tgt units]   0.024281  0.024758
    dipole R²                    N/A  0.998229
    dipole MSE [tgt²]        0.000503  0.000539
    charge loss [e²]         0.004545  0.000014
    charge RMSE [e]          0.067420  0.003749
    LR scale:  1.000000, effective LR:  0.000400
epoch: 214                    train:   valid:
    weighted total loss      0.326011  0.251528
    energy MSE [eV²]         0.097816  0.047621
    force MSE [(eV/Å)²]      0.227375  0.203329
    energy mae [kcal/mol]          7.774796  5.261617
    energy R²                    N/A  0.927775
    forces mae [kcal/mol/Å]        10.404742  9.875653
    forces R²                    N/A  0.941143
    dipole mae [tgt units]   0.025173  0.025277
    dipole R²                    N/A  0.998153
    dipole MSE [tgt²]        0.000551  0.000563
    charge loss [e²]         0.000269  0.000015
    charge RMSE [e]          0.016398  0.003936
    LR scale:  1.000000, effective LR:  0.000400
    ✓ Best valid checkpoint: params-best-bd8b7a90-13fa-4943-9453-6b3ef7bf4433.json (weighted loss=0.251528, epoch 214)
epoch: 215                    train:   valid:
    weighted total loss      0.306044  0.246956
    energy MSE [eV²]         0.079329  0.044600
    force MSE [(eV/Å)²]      0.226123  0.201893
    energy mae [kcal/mol]          7.109655  5.048300
    energy R²                    N/A  0.933151
    forces mae [kcal/mol/Å]        10.372973  9.848680
    forces R²                    N/A  0.941565
    dipole mae [tgt units]   0.024305  0.022584
    dipole R²                    N/A  0.998517
    dipole MSE [tgt²]        0.000505  0.000454
    charge loss [e²]         0.000086  0.000009
    charge RMSE [e]          0.009287  0.003055
    LR scale:  1.000000, effective LR:  0.000400
    ✓ Best valid checkpoint: params-best-bd8b7a90-13fa-4943-9453-6b3ef7bf4433.json (weighted loss=0.246956, epoch 215)
epoch: 216                    train:   valid:
    weighted total loss      0.307411  0.249997
    energy MSE [eV²]         0.080797  0.047150
    force MSE [(eV/Å)²]      0.224662  0.202351
    energy mae [kcal/mol]          7.227787  5.195212
    energy R²                    N/A  0.929846
    forces mae [kcal/mol/Å]        10.337870  9.831161
    forces R²                    N/A  0.941460
    dipole mae [tgt units]   0.024497  0.023399
    dipole R²                    N/A  0.998415
    dipole MSE [tgt²]        0.000511  0.000485
    charge loss [e²]         0.001441  0.000012
    charge RMSE [e]          0.037954  0.003416
    LR scale:  1.000000, effective LR:  0.000400
epoch: 217                    train:   valid:
    weighted total loss      0.311717  0.269932
    energy MSE [eV²]         0.086379  0.070182
    force MSE [(eV/Å)²]      0.223876  0.199195
    energy mae [kcal/mol]          7.426278  6.697432
    energy R²                    N/A  0.895023
    forces mae [kcal/mol/Å]        10.304029  9.819066
    forces R²                    N/A  0.942294
    dipole mae [tgt units]   0.024662  0.024649
    dipole R²                    N/A  0.998217
    dipole MSE [tgt²]        0.000525  0.000546
    charge loss [e²]         0.000937  0.000009
    charge RMSE [e]          0.030617  0.002961
    LR scale:  1.000000, effective LR:  0.000400
epoch: 218                    train:   valid:
    weighted total loss      0.314394  0.250076
    energy MSE [eV²]         0.088961  0.050861
    force MSE [(eV/Å)²]      0.222479  0.198651
    energy mae [kcal/mol]          7.531306  5.391156
    energy R²                    N/A  0.924120
    forces mae [kcal/mol/Å]        10.277186  9.750056
    forces R²                    N/A  0.942512
    dipole mae [tgt units]   0.024718  0.024027
    dipole R²                    N/A  0.998359
    dipole MSE [tgt²]        0.000526  0.000501
    charge loss [e²]         0.002428  0.000063
    charge RMSE [e]          0.049274  0.007945
    LR scale:  1.000000, effective LR:  0.000400
epoch: 219                    train:   valid:
    weighted total loss      0.289064  0.251969
    energy MSE [eV²]         0.067161  0.052946
    force MSE [(eV/Å)²]      0.221352  0.198488
    energy mae [kcal/mol]          6.456886  5.497649
    energy R²                    N/A  0.920850
    forces mae [kcal/mol/Å]        10.249405  9.731457
    forces R²                    N/A  0.942563
    dipole mae [tgt units]   0.024913  0.023772
    dipole R²                    N/A  0.998392
    dipole MSE [tgt²]        0.000534  0.000493
    charge loss [e²]         0.000018  0.000042
    charge RMSE [e]          0.004230  0.006450
    LR scale:  1.000000, effective LR:  0.000400
epoch: 220                    train:   valid:
    weighted total loss      0.291827  0.252586
    energy MSE [eV²]         0.071028  0.056064
    force MSE [(eV/Å)²]      0.220253  0.196049
    energy mae [kcal/mol]          6.645418  5.787642
    energy R²                    N/A  0.915637
    forces mae [kcal/mol/Å]        10.215847  9.691215
    forces R²                    N/A  0.943248
    dipole mae [tgt units]   0.024459  0.023045
    dipole R²                    N/A  0.998474
    dipole MSE [tgt²]        0.000512  0.000464
    charge loss [e²]         0.000034  0.000008
    charge RMSE [e]          0.005816  0.002888
    LR scale:  1.000000, effective LR:  0.000400
epoch: 221                    train:   valid:
    weighted total loss      0.293122  0.248065
    energy MSE [eV²]         0.072005  0.052092
    force MSE [(eV/Å)²]      0.219169  0.195182
    energy mae [kcal/mol]          6.777342  5.292428
    energy R²                    N/A  0.921408
    forces mae [kcal/mol/Å]        10.194793  9.666156
    forces R²                    N/A  0.943512
    dipole mae [tgt units]   0.024162  0.029162
    dipole R²                    N/A  0.997462
    dipole MSE [tgt²]        0.000503  0.000783
    charge loss [e²]         0.001445  0.000009
    charge RMSE [e]          0.038014  0.003026
    LR scale:  1.000000, effective LR:  0.000400
epoch: 222                    train:   valid:
    weighted total loss      0.300473  0.279964
    energy MSE [eV²]         0.080472  0.085103
    force MSE [(eV/Å)²]      0.218022  0.194171
    energy mae [kcal/mol]          7.188214  7.706885
    energy R²                    N/A  0.874805
    forces mae [kcal/mol/Å]        10.168253  9.626660
    forces R²                    N/A  0.943825
    dipole mae [tgt units]   0.024702  0.023888
    dipole R²                    N/A  0.998385
    dipole MSE [tgt²]        0.000521  0.000493
    charge loss [e²]         0.001459  0.000198
    charge RMSE [e]          0.038196  0.014061
    LR scale:  1.000000, effective LR:  0.000400
epoch: 223                    train:   valid:
    weighted total loss      0.299113  0.237518
    energy MSE [eV²]         0.080022  0.043830
    force MSE [(eV/Å)²]      0.217327  0.193201
    energy mae [kcal/mol]          7.095291  5.075766
    energy R²                    N/A  0.934270
    forces mae [kcal/mol/Å]        10.141933  9.595670
    forces R²                    N/A  0.944102
    dipole mae [tgt units]   0.023944  0.023432
    dipole R²                    N/A  0.998442
    dipole MSE [tgt²]        0.000493  0.000477
    charge loss [e²]         0.001272  0.000011
    charge RMSE [e]          0.035661  0.003283
    LR scale:  1.000000, effective LR:  0.000400
    ✓ Best valid checkpoint: params-best-bd8b7a90-13fa-4943-9453-6b3ef7bf4433.json (weighted loss=0.237518, epoch 223)
epoch: 224                    train:   valid:
    weighted total loss      0.299020  0.237661
    energy MSE [eV²]         0.081800  0.041650
    force MSE [(eV/Å)²]      0.215835  0.194276
    energy mae [kcal/mol]          7.254946  4.873346
    energy R²                    N/A  0.937458
    forces mae [kcal/mol/Å]        10.106509  9.592385
    forces R²                    N/A  0.943806
    dipole mae [tgt units]   0.024187  0.024045
    dipole R²                    N/A  0.998322
    dipole MSE [tgt²]        0.000504  0.000510
    charge loss [e²]         0.000881  0.001225
    charge RMSE [e]          0.029687  0.034996
    LR scale:  1.000000, effective LR:  0.000400
epoch: 225                    train:   valid:
    weighted total loss      0.316405  0.238038
    energy MSE [eV²]         0.097180  0.045029
    force MSE [(eV/Å)²]      0.215685  0.192538
    energy mae [kcal/mol]          8.059176  4.945097
    energy R²                    N/A  0.931956
    forces mae [kcal/mol/Å]        10.106099  9.560391
    forces R²                    N/A  0.944315
    dipole mae [tgt units]   0.024562  0.023253
    dipole R²                    N/A  0.998490
    dipole MSE [tgt²]        0.000516  0.000461
    charge loss [e²]         0.003023  0.000010
    charge RMSE [e]          0.054981  0.003084
    LR scale:  1.000000, effective LR:  0.000400
epoch: 226                    train:   valid:
    weighted total loss      0.297182  0.238429
    energy MSE [eV²]         0.081915  0.047510
    force MSE [(eV/Å)²]      0.214759  0.190436
    energy mae [kcal/mol]          7.300504  5.232052
    energy R²                    N/A  0.928119
    forces mae [kcal/mol/Å]        10.068136  9.560414
    forces R²                    N/A  0.944869
    dipole mae [tgt units]   0.023805  0.023322
    dipole R²                    N/A  0.998450
    dipole MSE [tgt²]        0.000489  0.000473
    charge loss [e²]         0.000019  0.000010
    charge RMSE [e]          0.004369  0.003140
    LR scale:  1.000000, effective LR:  0.000400
epoch: 227                    train:   valid:
    weighted total loss      0.284481  0.232716
    energy MSE [eV²]         0.070784  0.041572
    force MSE [(eV/Å)²]      0.213189  0.190594
    energy mae [kcal/mol]          6.680045  4.794526
    energy R²                    N/A  0.936169
    forces mae [kcal/mol/Å]        10.040730  9.522519
    forces R²                    N/A  0.944861
    dipole mae [tgt units]   0.023862  0.023435
    dipole R²                    N/A  0.998406
    dipole MSE [tgt²]        0.000487  0.000489
    charge loss [e²]         0.000021  0.000061
    charge RMSE [e]          0.004540  0.007783
    LR scale:  1.000000, effective LR:  0.000400
    ✓ Best valid checkpoint: params-best-bd8b7a90-13fa-4943-9453-6b3ef7bf4433.json (weighted loss=0.232716, epoch 227)
epoch: 228                    train:   valid:
    weighted total loss      0.290758  0.237440
    energy MSE [eV²]         0.075518  0.048328
    force MSE [(eV/Å)²]      0.212134  0.187645
    energy mae [kcal/mol]          6.893575  5.369886
    energy R²                    N/A  0.927056
    forces mae [kcal/mol/Å]        10.002418  9.464287
    forces R²                    N/A  0.945698
    dipole mae [tgt units]   0.024299  0.023349
    dipole R²                    N/A  0.998422
    dipole MSE [tgt²]        0.000507  0.000484
    charge loss [e²]         0.002599  0.000983
    charge RMSE [e]          0.050978  0.031359
    LR scale:  1.000000, effective LR:  0.000400
epoch: 229                    train:   valid:
    weighted total loss      0.282826  0.251352
    energy MSE [eV²]         0.070905  0.063660
    force MSE [(eV/Å)²]      0.211325  0.187185
    energy mae [kcal/mol]          6.633328  5.945733
    energy R²                    N/A  0.904197
    forces mae [kcal/mol/Å]        9.979774  9.441734
    forces R²                    N/A  0.945846
    dipole mae [tgt units]   0.024396  0.023773
    dipole R²                    N/A  0.998384
    dipole MSE [tgt²]        0.000511  0.000495
    charge loss [e²]         0.000085  0.000012
    charge RMSE [e]          0.009210  0.003441
    LR scale:  1.000000, effective LR:  0.000400
epoch: 230                    train:   valid:
    weighted total loss      0.299350  0.229822
    energy MSE [eV²]         0.085743  0.041409
    force MSE [(eV/Å)²]      0.210733  0.186300
    energy mae [kcal/mol]          7.493628  4.814964
    energy R²                    N/A  0.937767
    forces mae [kcal/mol/Å]        9.955411  9.410772
    forces R²                    N/A  0.946109
    dipole mae [tgt units]   0.023723  0.025835
    dipole R²                    N/A  0.998043
    dipole MSE [tgt²]        0.000480  0.000595
    charge loss [e²]         0.002394  0.001518
    charge RMSE [e]          0.048929  0.038965
    LR scale:  1.000000, effective LR:  0.000400
    ✓ Best valid checkpoint: params-best-bd8b7a90-13fa-4943-9453-6b3ef7bf4433.json (weighted loss=0.229822, epoch 230)
epoch: 231                    train:   valid:
    weighted total loss      0.284088  0.237555
    energy MSE [eV²]         0.074339  0.045977
    force MSE [(eV/Å)²]      0.208727  0.188366
    energy mae [kcal/mol]          6.869240  4.934724
    energy R²                    N/A  0.931052
    forces mae [kcal/mol/Å]        9.924263  9.512238
    forces R²                    N/A  0.945473
    dipole mae [tgt units]   0.024127  0.023875
    dipole R²                    N/A  0.998368
    dipole MSE [tgt²]        0.000504  0.000500
    charge loss [e²]         0.000518  0.002712
    charge RMSE [e]          0.022767  0.052077
    LR scale:  1.000000, effective LR:  0.000400
epoch: 232                    train:   valid:
    weighted total loss      0.298232  0.256740
    energy MSE [eV²]         0.086566  0.070634
    force MSE [(eV/Å)²]      0.209782  0.185606
    energy mae [kcal/mol]          7.533673  6.790309
    energy R²                    N/A  0.893834
    forces mae [kcal/mol/Å]        9.926302  9.398604
    forces R²                    N/A  0.946302
    dipole mae [tgt units]   0.023785  0.023287
    dipole R²                    N/A  0.998435
    dipole MSE [tgt²]        0.000483  0.000478
    charge loss [e²]         0.001401  0.000022
    charge RMSE [e]          0.037427  0.004645
    LR scale:  1.000000, effective LR:  0.000400
epoch: 233                    train:   valid:
    weighted total loss      0.287614  0.238895
    energy MSE [eV²]         0.076943  0.053055
    force MSE [(eV/Å)²]      0.208029  0.185193
    energy mae [kcal/mol]          7.077460  5.491206
    energy R²                    N/A  0.921829
    forces mae [kcal/mol/Å]        9.897583  9.384777
    forces R²                    N/A  0.946435
    dipole mae [tgt units]   0.023539  0.023582
    dipole R²                    N/A  0.998370
    dipole MSE [tgt²]        0.000467  0.000495
    charge loss [e²]         0.002174  0.000151
    charge RMSE [e]          0.046631  0.012293
    LR scale:  1.000000, effective LR:  0.000400
epoch: 234                    train:   valid:
    weighted total loss      0.292344  0.234449
    energy MSE [eV²]         0.083555  0.049209
    force MSE [(eV/Å)²]      0.207231  0.184776
    energy mae [kcal/mol]          7.303258  5.325275
    energy R²                    N/A  0.926194
    forces mae [kcal/mol/Å]        9.874083  9.349301
    forces R²                    N/A  0.946564
    dipole mae [tgt units]   0.023589  0.022475
    dipole R²                    N/A  0.998531
    dipole MSE [tgt²]        0.000476  0.000447
    charge loss [e²]         0.001082  0.000018
    charge RMSE [e]          0.032894  0.004184
    LR scale:  1.000000, effective LR:  0.000400
epoch: 235                    train:   valid:
    weighted total loss      0.285362  0.237260
    energy MSE [eV²]         0.077308  0.053564
    force MSE [(eV/Å)²]      0.206682  0.183095
    energy mae [kcal/mol]          6.932312  5.780862
    energy R²                    N/A  0.919979
    forces mae [kcal/mol/Å]        9.843083  9.326878
    forces R²                    N/A  0.947033
    dipole mae [tgt units]   0.023988  0.023353
    dipole R²                    N/A  0.998461
    dipole MSE [tgt²]        0.000496  0.000468
    charge loss [e²]         0.000877  0.000133
    charge RMSE [e]          0.029608  0.011550
    LR scale:  1.000000, effective LR:  0.000400
epoch: 236                    train:   valid:
    weighted total loss      0.281652  0.235856
    energy MSE [eV²]         0.075332  0.053156
    force MSE [(eV/Å)²]      0.205669  0.182151
    energy mae [kcal/mol]          6.914654  5.565783
    energy R²                    N/A  0.921020
    forces mae [kcal/mol/Å]        9.830161  9.294079
    forces R²                    N/A  0.947309
    dipole mae [tgt units]   0.023568  0.022784
    dipole R²                    N/A  0.998524
    dipole MSE [tgt²]        0.000473  0.000450
    charge loss [e²]         0.000177  0.000099
    charge RMSE [e]          0.013311  0.009957
    LR scale:  1.000000, effective LR:  0.000400
epoch: 237                    train:   valid:
    weighted total loss      0.286598  0.263768
    energy MSE [eV²]         0.079208  0.081474
    force MSE [(eV/Å)²]      0.204975  0.181757
    energy mae [kcal/mol]          7.116358  7.494787
    energy R²                    N/A  0.878508
    forces mae [kcal/mol/Å]        9.807875  9.279446
    forces R²                    N/A  0.947420
    dipole mae [tgt units]   0.024180  0.023488
    dipole R²                    N/A  0.998447
    dipole MSE [tgt²]        0.000509  0.000473
    charge loss [e²]         0.001905  0.000065
    charge RMSE [e]          0.043650  0.008044
    LR scale:  1.000000, effective LR:  0.000400
epoch: 238                    train:   valid:
    weighted total loss      0.279760  0.223008
    energy MSE [eV²]         0.073684  0.041922
    force MSE [(eV/Å)²]      0.204978  0.180625
    energy mae [kcal/mol]          6.778185  4.828914
    energy R²                    N/A  0.938024
    forces mae [kcal/mol/Å]        9.803163  9.243748
    forces R²                    N/A  0.947762
    dipole mae [tgt units]   0.023401  0.022706
    dipole R²                    N/A  0.998522
    dipole MSE [tgt²]        0.000466  0.000451
    charge loss [e²]         0.000632  0.000010
    charge RMSE [e]          0.025138  0.003092
    LR scale:  1.000000, effective LR:  0.000400
    ✓ Best valid checkpoint: params-best-bd8b7a90-13fa-4943-9453-6b3ef7bf4433.json (weighted loss=0.223008, epoch 238)
epoch: 239                    train:   valid:
    weighted total loss      0.267993  0.229204
    energy MSE [eV²]         0.063743  0.049848
    force MSE [(eV/Å)²]      0.203422  0.178913
    energy mae [kcal/mol]          6.340133  5.246393
    energy R²                    N/A  0.926147
    forces mae [kcal/mol/Å]        9.762412  9.230783
    forces R²                    N/A  0.948232
    dipole mae [tgt units]   0.022812  0.022285
    dipole R²                    N/A  0.998572
    dipole MSE [tgt²]        0.000447  0.000434
    charge loss [e²]         0.000381  0.000009
    charge RMSE [e]          0.019511  0.002955
    LR scale:  1.000000, effective LR:  0.000400
epoch: 240                    train:   valid:
    weighted total loss      0.308311  0.238560
    energy MSE [eV²]         0.100395  0.056849
    force MSE [(eV/Å)²]      0.203004  0.181252
    energy mae [kcal/mol]          7.919653  6.029019
    energy R²                    N/A  0.915104
    forces mae [kcal/mol/Å]        9.758858  9.224364
    forces R²                    N/A  0.947609
    dipole mae [tgt units]   0.024304  0.022633
    dipole R²                    N/A  0.998555
    dipole MSE [tgt²]        0.000504  0.000440
    charge loss [e²]         0.004408  0.000018
    charge RMSE [e]          0.066394  0.004296
    LR scale:  1.000000, effective LR:  0.000400
epoch: 241                    train:   valid:
    weighted total loss      0.266543  0.237040
    energy MSE [eV²]         0.063849  0.058662
    force MSE [(eV/Å)²]      0.202238  0.177898
    energy mae [kcal/mol]          6.347794  6.040174
    energy R²                    N/A  0.913617
    forces mae [kcal/mol/Å]        9.737759  9.196050
    forces R²                    N/A  0.948532
    dipole mae [tgt units]   0.022801  0.022987
    dipole R²                    N/A  0.998500
    dipole MSE [tgt²]        0.000441  0.000459
    charge loss [e²]         0.000014  0.000021
    charge RMSE [e]          0.003712  0.004547
    LR scale:  1.000000, effective LR:  0.000400
epoch: 242                    train:   valid:
    weighted total loss      0.267808  0.226399
    energy MSE [eV²]         0.065992  0.049297
    force MSE [(eV/Å)²]      0.201323  0.176620
    energy mae [kcal/mol]          6.465547  5.287025
    energy R²                    N/A  0.926105
    forces mae [kcal/mol/Å]        9.696353  9.194224
    forces R²                    N/A  0.948875
    dipole mae [tgt units]   0.023624  0.023391
    dipole R²                    N/A  0.998450
    dipole MSE [tgt²]        0.000481  0.000471
    charge loss [e²]         0.000012  0.000010
    charge RMSE [e]          0.003479  0.003233
    LR scale:  1.000000, effective LR:  0.000400
epoch: 243                    train:   valid:
    weighted total loss      0.275991  0.232373
    energy MSE [eV²]         0.074186  0.045270
    force MSE [(eV/Å)²]      0.200387  0.175990
    energy mae [kcal/mol]          6.853849  4.937655
    energy R²                    N/A  0.933086
    forces mae [kcal/mol/Å]        9.678321  9.117627
    forces R²                    N/A  0.949108
    dipole mae [tgt units]   0.023748  0.024830
    dipole R²                    N/A  0.998146
    dipole MSE [tgt²]        0.000489  0.000565
    charge loss [e²]         0.000929  0.010547
    charge RMSE [e]          0.030475  0.102700
    LR scale:  1.000000, effective LR:  0.000400
epoch: 244                    train:   valid:
    weighted total loss      0.290413  0.244567
    energy MSE [eV²]         0.087477  0.052775
    force MSE [(eV/Å)²]      0.200359  0.181693
    energy mae [kcal/mol]          7.567489  5.578646
    energy R²                    N/A  0.921658
    forces mae [kcal/mol/Å]        9.661393  9.246043
    forces R²                    N/A  0.947518
    dipole mae [tgt units]   0.023568  0.022235
    dipole R²                    N/A  0.998582
    dipole MSE [tgt²]        0.000480  0.000432
    charge loss [e²]         0.002097  0.009666
    charge RMSE [e]          0.045788  0.098315
    LR scale:  1.000000, effective LR:  0.000400
epoch: 245                    train:   valid:
    weighted total loss      0.259849  0.231377
    energy MSE [eV²]         0.060090  0.055858
    force MSE [(eV/Å)²]      0.198865  0.175043
    energy mae [kcal/mol]          6.134891  5.589645
    energy R²                    N/A  0.917761
    forces mae [kcal/mol/Å]        9.634393  9.077295
    forces R²                    N/A  0.949402
    dipole mae [tgt units]   0.022617  0.023150
    dipole R²                    N/A  0.998468
    dipole MSE [tgt²]        0.000432  0.000466
    charge loss [e²]         0.000462  0.000010
    charge RMSE [e]          0.021488  0.003193
    LR scale:  1.000000, effective LR:  0.000400
epoch: 246                    train:   valid:
    weighted total loss      0.296182  0.223828
    energy MSE [eV²]         0.093984  0.048011
    force MSE [(eV/Å)²]      0.198588  0.175023
    energy mae [kcal/mol]          7.839893  5.217462
    energy R²                    N/A  0.928332
    forces mae [kcal/mol/Å]        9.622939  9.078239
    forces R²                    N/A  0.949398
    dipole mae [tgt units]   0.023727  0.029673
    dipole R²                    N/A  0.997488
    dipole MSE [tgt²]        0.000479  0.000774
    charge loss [e²]         0.003131  0.000021
    charge RMSE [e]          0.055954  0.004598
    LR scale:  1.000000, effective LR:  0.000400
epoch: 247                    train:   valid:
    weighted total loss      0.266080  0.229270
    energy MSE [eV²]         0.068233  0.055426
    force MSE [(eV/Å)²]      0.197383  0.173388
    energy mae [kcal/mol]          6.576076  5.736021
    energy R²                    N/A  0.916598
    forces mae [kcal/mol/Å]        9.588694  9.053859
    forces R²                    N/A  0.949843
    dipole mae [tgt units]   0.022847  0.022663
    dipole R²                    N/A  0.998550
    dipole MSE [tgt²]        0.000447  0.000443
    charge loss [e²]         0.000016  0.000014
    charge RMSE [e]          0.004042  0.003676
    LR scale:  1.000000, effective LR:  0.000400
epoch: 248                    train:   valid:
    weighted total loss      0.279168  0.270312
    energy MSE [eV²]         0.079580  0.043872
    force MSE [(eV/Å)²]      0.196502  0.175117
    energy mae [kcal/mol]          6.986767  4.801717
    energy R²                    N/A  0.935567
    forces mae [kcal/mol/Å]        9.564717  9.060976
    forces R²                    N/A  0.949382
    dipole mae [tgt units]   0.022805  0.027128
    dipole R²                    N/A  0.997956
    dipole MSE [tgt²]        0.000446  0.000616
    charge loss [e²]         0.002640  0.050706
    charge RMSE [e]          0.051379  0.225181
    LR scale:  1.000000, effective LR:  0.000400
epoch: 249                    train:   valid:
    weighted total loss      0.257628  0.230632
    energy MSE [eV²]         0.060028  0.057332
    force MSE [(eV/Å)²]      0.196575  0.172839
    energy mae [kcal/mol]          6.126998  6.063489
    energy R²                    N/A  0.915146
    forces mae [kcal/mol/Å]        9.557366  9.003243
    forces R²                    N/A  0.950030
    dipole mae [tgt units]   0.022985  0.022623
    dipole R²                    N/A  0.998524
    dipole MSE [tgt²]        0.000451  0.000450
    charge loss [e²]         0.000574  0.000010
    charge RMSE [e]          0.023952  0.003223
    LR scale:  1.000000, effective LR:  0.000400
epoch: 250                    train:   valid:
    weighted total loss      0.274471  0.216873
    energy MSE [eV²]         0.077726  0.043347
    force MSE [(eV/Å)²]      0.195568  0.172545
    energy mae [kcal/mol]          6.991903  4.851031
    energy R²                    N/A  0.934207
    forces mae [kcal/mol/Å]        9.533805  9.042811
    forces R²                    N/A  0.950079
    dipole mae [tgt units]   0.023079  0.021240
    dipole R²                    N/A  0.998707
    dipole MSE [tgt²]        0.000456  0.000393
    charge loss [e²]         0.000721  0.000589
    charge RMSE [e]          0.026860  0.024268
    LR scale:  1.000000, effective LR:  0.000400
    ✓ Best valid checkpoint: params-best-bd8b7a90-13fa-4943-9453-6b3ef7bf4433.json (weighted loss=0.216873, epoch 250)
epoch: 251                    train:   valid:
    weighted total loss      0.270184  0.210912
    energy MSE [eV²]         0.072040  0.039221
    force MSE [(eV/Å)²]      0.194088  0.171212
    energy mae [kcal/mol]          6.612210  4.657039
    energy R²                    N/A  0.941053
    forces mae [kcal/mol/Å]        9.504616  8.961653
    forces R²                    N/A  0.950513
    dipole mae [tgt units]   0.022673  0.023454
    dipole R²                    N/A  0.998471
    dipole MSE [tgt²]        0.000435  0.000464
    charge loss [e²]         0.003622  0.000015
    charge RMSE [e]          0.060180  0.003867
    LR scale:  1.000000, effective LR:  0.000400
    ✓ Best valid checkpoint: params-best-bd8b7a90-13fa-4943-9453-6b3ef7bf4433.json (weighted loss=0.210912, epoch 251)
epoch: 252                    train:   valid:
    weighted total loss      0.260437  0.212142
    energy MSE [eV²]         0.066139  0.041903
    force MSE [(eV/Å)²]      0.193862  0.169804
    energy mae [kcal/mol]          6.501764  4.718846
    energy R²                    N/A  0.938096
    forces mae [kcal/mol/Å]        9.475972  8.947252
    forces R²                    N/A  0.950887
    dipole mae [tgt units]   0.022311  0.022048
    dipole R²                    N/A  0.998603
    dipole MSE [tgt²]        0.000424  0.000424
    charge loss [e²]         0.000012  0.000010
    charge RMSE [e]          0.003509  0.003201
    LR scale:  1.000000, effective LR:  0.000400
epoch: 253                    train:   valid:
    weighted total loss      0.277120  0.216452
    energy MSE [eV²]         0.082210  0.046070
    force MSE [(eV/Å)²]      0.194115  0.169927
    energy mae [kcal/mol]          7.122168  5.007523
    energy R²                    N/A  0.930818
    forces mae [kcal/mol/Å]        9.483343  8.919544
    forces R²                    N/A  0.950877
    dipole mae [tgt units]   0.022759  0.022611
    dipole R²                    N/A  0.998542
    dipole MSE [tgt²]        0.000445  0.000444
    charge loss [e²]         0.000350  0.000011
    charge RMSE [e]          0.018720  0.003281
    LR scale:  1.000000, effective LR:  0.000400
epoch: 254                    train:   valid:
    weighted total loss      0.269336  0.215902
    energy MSE [eV²]         0.074432  0.046296
    force MSE [(eV/Å)²]      0.193510  0.168727
    energy mae [kcal/mol]          6.855607  5.109732
    energy R²                    N/A  0.928869
    forces mae [kcal/mol/Å]        9.464980  8.928142
    forces R²                    N/A  0.951197
    dipole mae [tgt units]   0.023508  0.024655
    dipole R²                    N/A  0.998303
    dipole MSE [tgt²]        0.000476  0.000515
    charge loss [e²]         0.000918  0.000364
    charge RMSE [e]          0.030298  0.019089
    LR scale:  1.000000, effective LR:  0.000400
epoch: 255                    train:   valid:
    weighted total loss      0.273407  0.217955
    energy MSE [eV²]         0.078521  0.046622
    force MSE [(eV/Å)²]      0.192251  0.170690
    energy mae [kcal/mol]          7.035926  5.002938
    energy R²                    N/A  0.930272
    forces mae [kcal/mol/Å]        9.435128  8.904194
    forces R²                    N/A  0.950682
    dipole mae [tgt units]   0.022713  0.023185
    dipole R²                    N/A  0.998475
    dipole MSE [tgt²]        0.000444  0.000465
    charge loss [e²]         0.002192  0.000177
    charge RMSE [e]          0.046818  0.013308
    LR scale:  1.000000, effective LR:  0.000400
epoch: 256                    train:   valid:
    weighted total loss      0.259784  0.209889
    energy MSE [eV²]         0.067035  0.040894
    force MSE [(eV/Å)²]      0.192264  0.168546
    energy mae [kcal/mol]          6.547568  4.727143
    energy R²                    N/A  0.937844
    forces mae [kcal/mol/Å]        9.429006  8.888528
    forces R²                    N/A  0.951265
    dipole mae [tgt units]   0.022813  0.022410
    dipole R²                    N/A  0.998579
    dipole MSE [tgt²]        0.000449  0.000433
    charge loss [e²]         0.000035  0.000016
    charge RMSE [e]          0.005943  0.004012
    LR scale:  1.000000, effective LR:  0.000400
    ✓ Best valid checkpoint: params-best-bd8b7a90-13fa-4943-9453-6b3ef7bf4433.json (weighted loss=0.209889, epoch 256)
epoch: 257                    train:   valid:
    weighted total loss      0.257768  0.218627
    energy MSE [eV²]         0.065398  0.048932
    force MSE [(eV/Å)²]      0.190942  0.168045
    energy mae [kcal/mol]          6.473496  5.336841
    energy R²                    N/A  0.925499
    forces mae [kcal/mol/Å]        9.394720  8.867399
    forces R²                    N/A  0.951411
    dipole mae [tgt units]   0.022483  0.022595
    dipole R²                    N/A  0.998517
    dipole MSE [tgt²]        0.000432  0.000454
    charge loss [e²]         0.000996  0.001196
    charge RMSE [e]          0.031559  0.034587
    LR scale:  1.000000, effective LR:  0.000400
epoch: 258                    train:   valid:
    weighted total loss      0.271549  0.210502
    energy MSE [eV²]         0.078362  0.041486
    force MSE [(eV/Å)²]      0.191582  0.168447
    energy mae [kcal/mol]          7.146642  4.813351
    energy R²                    N/A  0.938700
    forces mae [kcal/mol/Å]        9.415869  8.842810
    forces R²                    N/A  0.951326
    dipole mae [tgt units]   0.023333  0.025424
    dipole R²                    N/A  0.998208
    dipole MSE [tgt²]        0.000475  0.000550
    charge loss [e²]         0.001129  0.000019
    charge RMSE [e]          0.033606  0.004415
    LR scale:  1.000000, effective LR:  0.000400
epoch: 259                    train:   valid:
    weighted total loss      0.263251  0.212998
    energy MSE [eV²]         0.070092  0.045588
    force MSE [(eV/Å)²]      0.190622  0.166992
    energy mae [kcal/mol]          6.489028  5.231487
    energy R²                    N/A  0.931607
    forces mae [kcal/mol/Å]        9.375723  8.808774
    forces R²                    N/A  0.951740
    dipole mae [tgt units]   0.022603  0.021582
    dipole R²                    N/A  0.998680
    dipole MSE [tgt²]        0.000430  0.000403
    charge loss [e²]         0.002106  0.000015
    charge RMSE [e]          0.045894  0.003831
    LR scale:  1.000000, effective LR:  0.000400
epoch: 260                    train:   valid:
    weighted total loss      0.263166  0.209576
    energy MSE [eV²]         0.071404  0.040450
    force MSE [(eV/Å)²]      0.190059  0.168631
    energy mae [kcal/mol]          6.690138  4.595618
    energy R²                    N/A  0.939666
    forces mae [kcal/mol/Å]        9.347500  8.890836
    forces R²                    N/A  0.951261
    dipole mae [tgt units]   0.022208  0.022635
    dipole R²                    N/A  0.998544
    dipole MSE [tgt²]        0.000416  0.000447
    charge loss [e²]         0.001288  0.000046
    charge RMSE [e]          0.035885  0.006814
    LR scale:  1.000000, effective LR:  0.000400
    ✓ Best valid checkpoint: params-best-bd8b7a90-13fa-4943-9453-6b3ef7bf4433.json (weighted loss=0.209576, epoch 260)
epoch: 261                    train:   valid:
    weighted total loss      0.256302  0.211790
    energy MSE [eV²]         0.066464  0.043169
    force MSE [(eV/Å)²]      0.189158  0.167682
    energy mae [kcal/mol]          6.520467  4.742814
    energy R²                    N/A  0.936695
    forces mae [kcal/mol/Å]        9.345693  8.813568
    forces R²                    N/A  0.951552
    dipole mae [tgt units]   0.022360  0.022312
    dipole R²                    N/A  0.998592
    dipole MSE [tgt²]        0.000424  0.000429
    charge loss [e²]         0.000256  0.000510
    charge RMSE [e]          0.016007  0.022573
    LR scale:  1.000000, effective LR:  0.000400
epoch: 262                    train:   valid:
    weighted total loss      0.264000  0.211062
    energy MSE [eV²]         0.072831  0.043718
    force MSE [(eV/Å)²]      0.188831  0.166812
    energy mae [kcal/mol]          6.736208  4.785999
    energy R²                    N/A  0.935553
    forces mae [kcal/mol/Å]        9.325538  8.788584
    forces R²                    N/A  0.951808
    dipole mae [tgt units]   0.022676  0.023107
    dipole R²                    N/A  0.998405
    dipole MSE [tgt²]        0.000439  0.000486
    charge loss [e²]         0.001898  0.000046
    charge RMSE [e]          0.043566  0.006815
    LR scale:  1.000000, effective LR:  0.000400
epoch: 263                    train:   valid:
    weighted total loss      0.257749  0.210770
    energy MSE [eV²]         0.067945  0.044001
    force MSE [(eV/Å)²]      0.188020  0.166198
    energy mae [kcal/mol]          6.524234  4.896785
    energy R²                    N/A  0.934804
    forces mae [kcal/mol/Å]        9.303409  8.745688
    forces R²                    N/A  0.951987
    dipole mae [tgt units]   0.022850  0.024782
    dipole R²                    N/A  0.998189
    dipole MSE [tgt²]        0.000446  0.000561
    charge loss [e²]         0.001338  0.000009
    charge RMSE [e]          0.036573  0.003030
    LR scale:  1.000000, effective LR:  0.000400
epoch: 264                    train:   valid:
    weighted total loss      0.258268  0.215106
    energy MSE [eV²]         0.069204  0.048168
    force MSE [(eV/Å)²]      0.188017  0.165530
    energy mae [kcal/mol]          6.607935  5.366926
    energy R²                    N/A  0.927503
    forces mae [kcal/mol/Å]        9.289051  8.822272
    forces R²                    N/A  0.952129
    dipole mae [tgt units]   0.022473  0.022906
    dipole R²                    N/A  0.998503
    dipole MSE [tgt²]        0.000435  0.000458
    charge loss [e²]         0.000613  0.000949
    charge RMSE [e]          0.024751  0.030808
    LR scale:  1.000000, effective LR:  0.000400
epoch: 265                    train:   valid:
    weighted total loss      0.259727  0.223095
    energy MSE [eV²]         0.069594  0.058681
    force MSE [(eV/Å)²]      0.187935  0.163913
    energy mae [kcal/mol]          6.683107  5.810881
    energy R²                    N/A  0.913068
    forces mae [kcal/mol/Å]        9.278516  8.746202
    forces R²                    N/A  0.952585
    dipole mae [tgt units]   0.023272  0.023871
    dipole R²                    N/A  0.998408
    dipole MSE [tgt²]        0.000473  0.000488
    charge loss [e²]         0.001725  0.000013
    charge RMSE [e]          0.041538  0.003614
    LR scale:  1.000000, effective LR:  0.000400
epoch: 266                    train:   valid:
    weighted total loss      0.261541  0.236429
    energy MSE [eV²]         0.073176  0.071444
    force MSE [(eV/Å)²]      0.186982  0.164420
    energy mae [kcal/mol]          6.900390  7.009083
    energy R²                    N/A  0.894169
    forces mae [kcal/mol/Å]        9.252921  8.716726
    forces R²                    N/A  0.952492
    dipole mae [tgt units]   0.022189  0.023243
    dipole R²                    N/A  0.998465
    dipole MSE [tgt²]        0.000422  0.000471
    charge loss [e²]         0.000961  0.000094
    charge RMSE [e]          0.030997  0.009719
    LR scale:  1.000000, effective LR:  0.000400
epoch: 267                    train:   valid:
    weighted total loss      0.264053  0.219433
    energy MSE [eV²]         0.075050  0.056056
    force MSE [(eV/Å)²]      0.186894  0.162901
    energy mae [kcal/mol]          6.921941  5.635527
    energy R²                    N/A  0.917586
    forces mae [kcal/mol/Å]        9.250481  8.698449
    forces R²                    N/A  0.952897
    dipole mae [tgt units]   0.022115  0.022876
    dipole R²                    N/A  0.998523
    dipole MSE [tgt²]        0.000416  0.000455
    charge loss [e²]         0.001692  0.000021
    charge RMSE [e]          0.041134  0.004614
    LR scale:  1.000000, effective LR:  0.000400
epoch: 268                    train:   valid:
    weighted total loss      0.261051  0.200790
    energy MSE [eV²]         0.073049  0.037146
    force MSE [(eV/Å)²]      0.185517  0.163194
    energy mae [kcal/mol]          6.764184  4.380397
    energy R²                    N/A  0.944279
    forces mae [kcal/mol/Å]        9.219002  8.672271
    forces R²                    N/A  0.952841
    dipole mae [tgt units]   0.022669  0.022640
    dipole R²                    N/A  0.998561
    dipole MSE [tgt²]        0.000440  0.000438
    charge loss [e²]         0.002045  0.000012
    charge RMSE [e]          0.045226  0.003529
    LR scale:  1.000000, effective LR:  0.000400
    ✓ Best valid checkpoint: params-best-bd8b7a90-13fa-4943-9453-6b3ef7bf4433.json (weighted loss=0.200790, epoch 268)
epoch: 269                    train:   valid:
    weighted total loss      0.248849  0.218218
    energy MSE [eV²]         0.063313  0.052989
    force MSE [(eV/Å)²]      0.184871  0.163035
    energy mae [kcal/mol]          6.326081  5.841649
    energy R²                    N/A  0.920173
    forces mae [kcal/mol/Å]        9.199781  8.689867
    forces R²                    N/A  0.952884
    dipole mae [tgt units]   0.022290  0.022694
    dipole R²                    N/A  0.998529
    dipole MSE [tgt²]        0.000422  0.000451
    charge loss [e²]         0.000243  0.001744
    charge RMSE [e]          0.015582  0.041756
    LR scale:  1.000000, effective LR:  0.000400
epoch: 270                    train:   valid:
    weighted total loss      0.260973  0.221747
    energy MSE [eV²]         0.074346  0.058155
    force MSE [(eV/Å)²]      0.184674  0.162407
    energy mae [kcal/mol]          6.939108  6.053843
    energy R²                    N/A  0.913430
    forces mae [kcal/mol/Å]        9.184348  8.662744
    forces R²                    N/A  0.953051
    dipole mae [tgt units]   0.023050  0.022232
    dipole R²                    N/A  0.998596
    dipole MSE [tgt²]        0.000457  0.000431
    charge loss [e²]         0.001496  0.000753
    charge RMSE [e]          0.038678  0.027443
    LR scale:  1.000000, effective LR:  0.000400
epoch: 271                    train:   valid:
    weighted total loss      0.254102  0.232820
    energy MSE [eV²]         0.067541  0.070588
    force MSE [(eV/Å)²]      0.184103  0.161791
    energy mae [kcal/mol]          6.524942  6.775886
    energy R²                    N/A  0.894095
    forces mae [kcal/mol/Å]        9.166889  8.634461
    forces R²                    N/A  0.953247
    dipole mae [tgt units]   0.022338  0.022163
    dipole R²                    N/A  0.998618
    dipole MSE [tgt²]        0.000425  0.000424
    charge loss [e²]         0.002034  0.000017
    charge RMSE [e]          0.045102  0.004126
    LR scale:  1.000000, effective LR:  0.000400
epoch: 272                    train:   valid:
    weighted total loss      0.244258  0.197756
    energy MSE [eV²]         0.060395  0.038524
    force MSE [(eV/Å)²]      0.183406  0.158765
    energy mae [kcal/mol]          6.075723  4.546889
    energy R²                    N/A  0.942275
    forces mae [kcal/mol/Å]        9.151813  8.575798
    forces R²                    N/A  0.954093
    dipole mae [tgt units]   0.022460  0.022816
    dipole R²                    N/A  0.998519
    dipole MSE [tgt²]        0.000428  0.000457
    charge loss [e²]         0.000028  0.000010
    charge RMSE [e]          0.005248  0.003169
    LR scale:  1.000000, effective LR:  0.000400
    ✓ Best valid checkpoint: params-best-bd8b7a90-13fa-4943-9453-6b3ef7bf4433.json (weighted loss=0.197756, epoch 272)
epoch: 273                    train:   valid:
    weighted total loss      0.249302  0.201105
    energy MSE [eV²]         0.065049  0.041461
    force MSE [(eV/Å)²]      0.182261  0.159207
    energy mae [kcal/mol]          6.390677  4.684949
    energy R²                    N/A  0.938415
    forces mae [kcal/mol/Å]        9.130139  8.560833
    forces R²                    N/A  0.953990
    dipole mae [tgt units]   0.022426  0.022003
    dipole R²                    N/A  0.998606
    dipole MSE [tgt²]        0.000428  0.000427
    charge loss [e²]         0.001564  0.000010
    charge RMSE [e]          0.039547  0.003127
    LR scale:  1.000000, effective LR:  0.000400
epoch: 274                    train:   valid:
    weighted total loss      0.246736  0.204652
    energy MSE [eV²]         0.064478  0.044428
    force MSE [(eV/Å)²]      0.181628  0.159782
    energy mae [kcal/mol]          6.394889  4.959233
    energy R²                    N/A  0.934281
    forces mae [kcal/mol/Å]        9.103880  8.571974
    forces R²                    N/A  0.953820
    dipole mae [tgt units]   0.021906  0.021979
    dipole R²                    N/A  0.998633
    dipole MSE [tgt²]        0.000408  0.000420
    charge loss [e²]         0.000221  0.000022
    charge RMSE [e]          0.014877  0.004638
    LR scale:  1.000000, effective LR:  0.000400
epoch: 275                    train:   valid:
    weighted total loss      0.259721  0.251988
    energy MSE [eV²]         0.074134  0.092661
    force MSE [(eV/Å)²]      0.182480  0.158855
    energy mae [kcal/mol]          6.786846  8.514537
    energy R²                    N/A  0.861618
    forces mae [kcal/mol/Å]        9.113789  8.534526
    forces R²                    N/A  0.954095
    dipole mae [tgt units]   0.021704  0.022217
    dipole R²                    N/A  0.998593
    dipole MSE [tgt²]        0.000401  0.000431
    charge loss [e²]         0.002706  0.000041
    charge RMSE [e]          0.052017  0.006413
    LR scale:  1.000000, effective LR:  0.000400
epoch: 276                    train:   valid:
    weighted total loss      0.256183  0.209777
    energy MSE [eV²]         0.073713  0.049644
    force MSE [(eV/Å)²]      0.181991  0.158965
    energy mae [kcal/mol]          6.924686  5.436044
    energy R²                    N/A  0.925383
    forces mae [kcal/mol/Å]        9.100721  8.571212
    forces R²                    N/A  0.954048
    dipole mae [tgt units]   0.022293  0.024566
    dipole R²                    N/A  0.998275
    dipole MSE [tgt²]        0.000421  0.000532
    charge loss [e²]         0.000059  0.000635
    charge RMSE [e]          0.007652  0.025199
    LR scale:  1.000000, effective LR:  0.000400
epoch: 277                    train:   valid:
    weighted total loss      0.248243  0.216860
    energy MSE [eV²]         0.065064  0.056903
    force MSE [(eV/Å)²]      0.181158  0.159479
    energy mae [kcal/mol]          6.413074  6.283257
    energy R²                    N/A  0.915971
    forces mae [kcal/mol/Å]        9.083608  8.547636
    forces R²                    N/A  0.953928
    dipole mae [tgt units]   0.021776  0.023026
    dipole R²                    N/A  0.998479
    dipole MSE [tgt²]        0.000400  0.000468
    charge loss [e²]         0.001621  0.000010
    charge RMSE [e]          0.040266  0.003120
    LR scale:  1.000000, effective LR:  0.000400
epoch: 278                    train:   valid:
    weighted total loss      0.241693  0.196636
    energy MSE [eV²]         0.059605  0.039076
    force MSE [(eV/Å)²]      0.180728  0.157116
    energy mae [kcal/mol]          6.076819  4.631300
    energy R²                    N/A  0.942386
    forces mae [kcal/mol/Å]        9.058516  8.481443
    forces R²                    N/A  0.954593
    dipole mae [tgt units]   0.021482  0.022491
    dipole R²                    N/A  0.998611
    dipole MSE [tgt²]        0.000389  0.000426
    charge loss [e²]         0.000972  0.000018
    charge RMSE [e]          0.031174  0.004267
    LR scale:  1.000000, effective LR:  0.000400
    ✓ Best valid checkpoint: params-best-bd8b7a90-13fa-4943-9453-6b3ef7bf4433.json (weighted loss=0.196636, epoch 278)
epoch: 279                    train:   valid:
    weighted total loss      0.243725  0.204854
    energy MSE [eV²]         0.062956  0.046612
    force MSE [(eV/Å)²]      0.180252  0.157397
    energy mae [kcal/mol]          6.273438  4.981817
    energy R²                    N/A  0.930638
    forces mae [kcal/mol/Å]        9.044997  8.516588
    forces R²                    N/A  0.954501
    dipole mae [tgt units]   0.021324  0.026450
    dipole R²                    N/A  0.997928
    dipole MSE [tgt²]        0.000391  0.000640
    charge loss [e²]         0.000126  0.000205
    charge RMSE [e]          0.011244  0.014312
    LR scale:  1.000000, effective LR:  0.000400
epoch: 280                    train:   valid:
    weighted total loss      0.244686  0.208362
    energy MSE [eV²]         0.062861  0.050484
    force MSE [(eV/Å)²]      0.179779  0.157448
    energy mae [kcal/mol]          6.276936  5.597037
    energy R²                    N/A  0.924909
    forces mae [kcal/mol/Å]        9.030079  8.484252
    forces R²                    N/A  0.954511
    dipole mae [tgt units]   0.022773  0.022084
    dipole R²                    N/A  0.998629
    dipole MSE [tgt²]        0.000446  0.000419
    charge loss [e²]         0.001600  0.000010
    charge RMSE [e]          0.039999  0.003192
    LR scale:  1.000000, effective LR:  0.000400
epoch: 281                    train:   valid:
    weighted total loss      0.252785  0.195172
    energy MSE [eV²]         0.070478  0.039523
    force MSE [(eV/Å)²]      0.179237  0.155155
    energy mae [kcal/mol]          6.784929  4.532166
    energy R²                    N/A  0.939768
    forces mae [kcal/mol/Å]        9.022768  8.447374
    forces R²                    N/A  0.955134
    dipole mae [tgt units]   0.021103  0.023289
    dipole R²                    N/A  0.998473
    dipole MSE [tgt²]        0.000376  0.000470
    charge loss [e²]         0.002693  0.000023
    charge RMSE [e]          0.051898  0.004808
    LR scale:  1.000000, effective LR:  0.000400
    ✓ Best valid checkpoint: params-best-bd8b7a90-13fa-4943-9453-6b3ef7bf4433.json (weighted loss=0.195172, epoch 281)
epoch: 282                    train:   valid:
    weighted total loss      0.255733  0.209636
    energy MSE [eV²]         0.076699  0.052906
    force MSE [(eV/Å)²]      0.178593  0.156217
    energy mae [kcal/mol]          7.059577  5.807480
    energy R²                    N/A  0.920122
    forces mae [kcal/mol/Å]        8.998658  8.442464
    forces R²                    N/A  0.954859
    dipole mae [tgt units]   0.021938  0.022328
    dipole R²                    N/A  0.998578
    dipole MSE [tgt²]        0.000413  0.000437
    charge loss [e²]         0.000029  0.000076
    charge RMSE [e]          0.005368  0.008705
    LR scale:  1.000000, effective LR:  0.000400
epoch: 283                    train:   valid:
    weighted total loss      0.254160  0.198180
    energy MSE [eV²]         0.073775  0.040336
    force MSE [(eV/Å)²]      0.178407  0.157327
    energy mae [kcal/mol]          6.850069  4.689425
    energy R²                    N/A  0.938960
    forces mae [kcal/mol/Å]        8.987527  8.523232
    forces R²                    N/A  0.954514
    dipole mae [tgt units]   0.021630  0.023605
    dipole R²                    N/A  0.998351
    dipole MSE [tgt²]        0.000399  0.000506
    charge loss [e²]         0.001580  0.000011
    charge RMSE [e]          0.039749  0.003302
    LR scale:  1.000000, effective LR:  0.000400
epoch: 284                    train:   valid:
    weighted total loss      0.250668  0.206614
    energy MSE [eV²]         0.072144  0.048033
    force MSE [(eV/Å)²]      0.177889  0.156703
    energy mae [kcal/mol]          6.815726  5.237007
    energy R²                    N/A  0.928297
    forces mae [kcal/mol/Å]        8.975169  8.469516
    forces R²                    N/A  0.954731
    dipole mae [tgt units]   0.021459  0.022706
    dipole R²                    N/A  0.998529
    dipole MSE [tgt²]        0.000390  0.000452
    charge loss [e²]         0.000244  0.001425
    charge RMSE [e]          0.015622  0.037751
    LR scale:  1.000000, effective LR:  0.000400
epoch: 285                    train:   valid:
    weighted total loss      0.234508  0.194826
    energy MSE [eV²]         0.055137  0.039881
    force MSE [(eV/Å)²]      0.177672  0.154496
    energy mae [kcal/mol]          5.819838  4.547916
    energy R²                    N/A  0.941386
    forces mae [kcal/mol/Å]        8.966182  8.385417
    forces R²                    N/A  0.955364
    dipole mae [tgt units]   0.021232  0.021959
    dipole R²                    N/A  0.998587
    dipole MSE [tgt²]        0.000386  0.000433
    charge loss [e²]         0.001314  0.000015
    charge RMSE [e]          0.036252  0.003937
    LR scale:  1.000000, effective LR:  0.000400
    ✓ Best valid checkpoint: params-best-bd8b7a90-13fa-4943-9453-6b3ef7bf4433.json (weighted loss=0.194826, epoch 285)
epoch: 286                    train:   valid:
    weighted total loss      0.240972  0.199214
    energy MSE [eV²]         0.061568  0.045187
    force MSE [(eV/Å)²]      0.177833  0.153620
    energy mae [kcal/mol]          6.249795  4.695034
    energy R²                    N/A  0.933986
    forces mae [kcal/mol/Å]        8.948109  8.373554
    forces R²                    N/A  0.955604
    dipole mae [tgt units]   0.021646  0.021384
    dipole R²                    N/A  0.998709
    dipole MSE [tgt²]        0.000399  0.000398
    charge loss [e²]         0.001172  0.000010
    charge RMSE [e]          0.034236  0.003128
    LR scale:  1.000000, effective LR:  0.000400
epoch: 287                    train:   valid:
    weighted total loss      0.239362  0.223461
    energy MSE [eV²]         0.060851  0.066321
    force MSE [(eV/Å)²]      0.177096  0.154888
    energy mae [kcal/mol]          6.183197  6.584404
    energy R²                    N/A  0.901210
    forces mae [kcal/mol/Å]        8.949183  8.403270
    forces R²                    N/A  0.955263
    dipole mae [tgt units]   0.021355  0.022131
    dipole R²                    N/A  0.998605
    dipole MSE [tgt²]        0.000389  0.000425
    charge loss [e²]         0.001025  0.001827
    charge RMSE [e]          0.032016  0.042744
    LR scale:  1.000000, effective LR:  0.000400
epoch: 288                    train:   valid:
    weighted total loss      0.237644  0.191269
    energy MSE [eV²]         0.060123  0.036640
    force MSE [(eV/Å)²]      0.176637  0.154177
    energy mae [kcal/mol]          6.081550  4.464882
    energy R²                    N/A  0.945490
    forces mae [kcal/mol/Å]        8.914535  8.351190
    forces R²                    N/A  0.955467
    dipole mae [tgt units]   0.021776  0.021541
    dipole R²                    N/A  0.998667
    dipole MSE [tgt²]        0.000407  0.000409
    charge loss [e²]         0.000477  0.000043
    charge RMSE [e]          0.021841  0.006570
    LR scale:  1.000000, effective LR:  0.000400
    ✓ Best valid checkpoint: params-best-bd8b7a90-13fa-4943-9453-6b3ef7bf4433.json (weighted loss=0.191269, epoch 288)
epoch: 289                    train:   valid:
    weighted total loss      0.241932  0.214237
    energy MSE [eV²]         0.062761  0.060137
    force MSE [(eV/Å)²]      0.176282  0.153680
    energy mae [kcal/mol]          6.270901  5.468431
    energy R²                    N/A  0.911694
    forces mae [kcal/mol/Å]        8.901947  8.353954
    forces R²                    N/A  0.955590
    dipole mae [tgt units]   0.021259  0.021592
    dipole R²                    N/A  0.998672
    dipole MSE [tgt²]        0.000384  0.000410
    charge loss [e²]         0.002505  0.000010
    charge RMSE [e]          0.050051  0.003208
    LR scale:  1.000000, effective LR:  0.000400
epoch: 290                    train:   valid:
    weighted total loss      0.254969  0.195147
    energy MSE [eV²]         0.076830  0.040417
    force MSE [(eV/Å)²]      0.176161  0.154318
    energy mae [kcal/mol]          6.900424  4.671085
    energy R²                    N/A  0.939875
    forces mae [kcal/mol/Å]        8.908640  8.385172
    forces R²                    N/A  0.955406
    dipole mae [tgt units]   0.021638  0.021238
    dipole R²                    N/A  0.998696
    dipole MSE [tgt²]        0.000400  0.000399
    charge loss [e²]         0.001578  0.000013
    charge RMSE [e]          0.039727  0.003623
    LR scale:  1.000000, effective LR:  0.000400
epoch: 291                    train:   valid:
    weighted total loss      0.235152  0.191664
    energy MSE [eV²]         0.058925  0.036937
    force MSE [(eV/Å)²]      0.175830  0.154288
    energy mae [kcal/mol]          6.055040  4.243443
    energy R²                    N/A  0.945628
    forces mae [kcal/mol/Å]        8.896197  8.328135
    forces R²                    N/A  0.955446
    dipole mae [tgt units]   0.021165  0.022286
    dipole R²                    N/A  0.998608
    dipole MSE [tgt²]        0.000378  0.000428
    charge loss [e²]         0.000018  0.000011
    charge RMSE [e]          0.004277  0.003330
    LR scale:  1.000000, effective LR:  0.000400
epoch: 292                    train:   valid:
    weighted total loss      0.235112  0.190395
    energy MSE [eV²]         0.058876  0.038454
    force MSE [(eV/Å)²]      0.174536  0.151484
    energy mae [kcal/mol]          6.039053  4.393294
    energy R²                    N/A  0.942671
    forces mae [kcal/mol/Å]        8.864687  8.288925
    forces R²                    N/A  0.956223
    dipole mae [tgt units]   0.021038  0.022631
    dipole R²                    N/A  0.998550
    dipole MSE [tgt²]        0.000372  0.000445
    charge loss [e²]         0.001328  0.000013
    charge RMSE [e]          0.036446  0.003570
    LR scale:  1.000000, effective LR:  0.000400
    ✓ Best valid checkpoint: params-best-bd8b7a90-13fa-4943-9453-6b3ef7bf4433.json (weighted loss=0.190395, epoch 292)
epoch: 293                    train:   valid:
    weighted total loss      0.241395  0.214611
    energy MSE [eV²]         0.065266  0.061844
    force MSE [(eV/Å)²]      0.174602  0.152302
    energy mae [kcal/mol]          6.367313  6.304103
    energy R²                    N/A  0.908910
    forces mae [kcal/mol/Å]        8.846853  8.293826
    forces R²                    N/A  0.956007
    dipole mae [tgt units]   0.021393  0.022576
    dipole R²                    N/A  0.998518
    dipole MSE [tgt²]        0.000386  0.000452
    charge loss [e²]         0.001140  0.000013
    charge RMSE [e]          0.033768  0.003607
    LR scale:  1.000000, effective LR:  0.000400
epoch: 294                    train:   valid:
    weighted total loss      0.239831  0.196201
    energy MSE [eV²]         0.064809  0.042662
    force MSE [(eV/Å)²]      0.174416  0.152055
    energy mae [kcal/mol]          6.333881  4.782999
    energy R²                    N/A  0.937105
    forces mae [kcal/mol/Å]        8.832185  8.290677
    forces R²                    N/A  0.956066
    dipole mae [tgt units]   0.022087  0.021800
    dipole R²                    N/A  0.998635
    dipole MSE [tgt²]        0.000425  0.000418
    charge loss [e²]         0.000182  0.001066
    charge RMSE [e]          0.013489  0.032647
    LR scale:  1.000000, effective LR:  0.000400
epoch: 295                    train:   valid:
    weighted total loss      0.238388  0.208849
    energy MSE [eV²]         0.061773  0.056850
    force MSE [(eV/Å)²]      0.173893  0.151549
    energy mae [kcal/mol]          6.086671  6.207817
    energy R²                    N/A  0.916099
    forces mae [kcal/mol/Å]        8.829670  8.287775
    forces R²                    N/A  0.956224
    dipole mae [tgt units]   0.021420  0.022423
    dipole R²                    N/A  0.998570
    dipole MSE [tgt²]        0.000392  0.000440
    charge loss [e²]         0.002330  0.000010
    charge RMSE [e]          0.048272  0.003221
    LR scale:  1.000000, effective LR:  0.000400
epoch: 296                    train:   valid:
    weighted total loss      0.246554  0.228009
    energy MSE [eV²]         0.071823  0.077064
    force MSE [(eV/Å)²]      0.174201  0.150510
    energy mae [kcal/mol]          6.723812  7.450798
    energy R²                    N/A  0.885293
    forces mae [kcal/mol/Å]        8.833323  8.235886
    forces R²                    N/A  0.956520
    dipole mae [tgt units]   0.021220  0.021918
    dipole R²                    N/A  0.998627
    dipole MSE [tgt²]        0.000386  0.000425
    charge loss [e²]         0.000144  0.000010
    charge RMSE [e]          0.011990  0.003138
    LR scale:  1.000000, effective LR:  0.000400
epoch: 297                    train:   valid:
    weighted total loss      0.230153  0.195908
    energy MSE [eV²]         0.056317  0.044798
    force MSE [(eV/Å)²]      0.172827  0.150615
    energy mae [kcal/mol]          5.931035  4.794868
    energy R²                    N/A  0.933733
    forces mae [kcal/mol/Å]        8.792476  8.226361
    forces R²                    N/A  0.956493
    dipole mae [tgt units]   0.020446  0.021868
    dipole R²                    N/A  0.998607
    dipole MSE [tgt²]        0.000356  0.000425
    charge loss [e²]         0.000654  0.000069
    charge RMSE [e]          0.025568  0.008321
    LR scale:  1.000000, effective LR:  0.000400
epoch: 298                    train:   valid:
    weighted total loss      0.250222  0.191297
    energy MSE [eV²]         0.074750  0.038667
    force MSE [(eV/Å)²]      0.173450  0.151662
    energy mae [kcal/mol]          6.943679  4.372505
    energy R²                    N/A  0.942876
    forces mae [kcal/mol/Å]        8.799549  8.240003
    forces R²                    N/A  0.956206
    dipole mae [tgt units]   0.020811  0.022237
    dipole R²                    N/A  0.998560
    dipole MSE [tgt²]        0.000365  0.000447
    charge loss [e²]         0.001657  0.000522
    charge RMSE [e]          0.040711  0.022837
    LR scale:  1.000000, effective LR:  0.000400
epoch: 299                    train:   valid:
    weighted total loss      0.231439  0.186819
    energy MSE [eV²]         0.057429  0.036998
    force MSE [(eV/Å)²]      0.173105  0.149399
    energy mae [kcal/mol]          5.994426  4.225452
    energy R²                    N/A  0.944867
    forces mae [kcal/mol/Å]        8.785657  8.227622
    forces R²                    N/A  0.956808
    dipole mae [tgt units]   0.020845  0.021703
    dipole R²                    N/A  0.998648
    dipole MSE [tgt²]        0.000369  0.000414
    charge loss [e²]         0.000536  0.000008
    charge RMSE [e]          0.023151  0.002881
    LR scale:  1.000000, effective LR:  0.000400
    ✓ Best valid checkpoint: params-best-bd8b7a90-13fa-4943-9453-6b3ef7bf4433.json (weighted loss=0.186819, epoch 299)
epoch: 300                    train:   valid:
    weighted total loss      0.233013  0.192149
    energy MSE [eV²]         0.058550  0.043627
    force MSE [(eV/Å)²]      0.172430  0.148109
    energy mae [kcal/mol]          6.039980  4.947679
    energy R²                    N/A  0.934060
    forces mae [kcal/mol/Å]        8.774025  8.181754
    forces R²                    N/A  0.957187
    dipole mae [tgt units]   0.020920  0.021424
    dipole R²                    N/A  0.998689
    dipole MSE [tgt²]        0.000367  0.000405
    charge loss [e²]         0.001666  0.000008
    charge RMSE [e]          0.040822  0.002844
    LR scale:  1.000000, effective LR:  0.000400
epoch: 301                    train:   valid:
    weighted total loss      0.232744  0.185861
    energy MSE [eV²]         0.060476  0.036070
    force MSE [(eV/Å)²]      0.171300  0.148854
    energy mae [kcal/mol]          6.134901  4.331773
    energy R²                    N/A  0.945954
    forces mae [kcal/mol/Å]        8.747105  8.180305
    forces R²                    N/A  0.956991
    dipole mae [tgt units]   0.020971  0.024660
    dipole R²                    N/A  0.998263
    dipole MSE [tgt²]        0.000375  0.000537
    charge loss [e²]         0.000593  0.000400
    charge RMSE [e]          0.024356  0.019998
    LR scale:  1.000000, effective LR:  0.000400
    ✓ Best valid checkpoint: params-best-bd8b7a90-13fa-4943-9453-6b3ef7bf4433.json (weighted loss=0.185861, epoch 301)
epoch: 302                    train:   valid:
    weighted total loss      0.233996  0.185618
    energy MSE [eV²]         0.060840  0.035985
    force MSE [(eV/Å)²]      0.170704  0.149199
    energy mae [kcal/mol]          6.226789  4.225900
    energy R²                    N/A  0.947073
    forces mae [kcal/mol/Å]        8.734462  8.183485
    forces R²                    N/A  0.956910
    dipole mae [tgt units]   0.020687  0.021857
    dipole R²                    N/A  0.998620
    dipole MSE [tgt²]        0.000362  0.000425
    charge loss [e²]         0.002090  0.000010
    charge RMSE [e]          0.045720  0.003176
    LR scale:  1.000000, effective LR:  0.000400
    ✓ Best valid checkpoint: params-best-bd8b7a90-13fa-4943-9453-6b3ef7bf4433.json (weighted loss=0.185618, epoch 302)
epoch: 303                    train:   valid:
    weighted total loss      0.234018  0.187688
    energy MSE [eV²]         0.062044  0.038756
    force MSE [(eV/Å)²]      0.171010  0.148448
    energy mae [kcal/mol]          6.208676  4.468978
    energy R²                    N/A  0.941754
    forces mae [kcal/mol/Å]        8.716808  8.164837
    forces R²                    N/A  0.957122
    dipole mae [tgt units]   0.020567  0.021721
    dipole R²                    N/A  0.998616
    dipole MSE [tgt²]        0.000359  0.000430
    charge loss [e²]         0.000605  0.000055
    charge RMSE [e]          0.024591  0.007394
    LR scale:  1.000000, effective LR:  0.000400
epoch: 304                    train:   valid:
    weighted total loss      0.228847  0.193775
    energy MSE [eV²]         0.056109  0.044054
    force MSE [(eV/Å)²]      0.170583  0.148425
    energy mae [kcal/mol]          5.891387  5.069365
    energy R²                    N/A  0.933750
    forces mae [kcal/mol/Å]        8.715375  8.191756
    forces R²                    N/A  0.957082
    dipole mae [tgt units]   0.020876  0.021152
    dipole R²                    N/A  0.998698
    dipole MSE [tgt²]        0.000365  0.000401
    charge loss [e²]         0.001789  0.000895
    charge RMSE [e]          0.042301  0.029915
    LR scale:  1.000000, effective LR:  0.000400
epoch: 305                    train:   valid:
    weighted total loss      0.243962  0.212034
    energy MSE [eV²]         0.071640  0.058875
    force MSE [(eV/Å)²]      0.170581  0.152342
    energy mae [kcal/mol]          6.788363  6.095071
    energy R²                    N/A  0.914416
    forces mae [kcal/mol/Å]        8.721189  8.312428
    forces R²                    N/A  0.956019
    dipole mae [tgt units]   0.020720  0.027928
    dipole R²                    N/A  0.997638
    dipole MSE [tgt²]        0.000367  0.000725
    charge loss [e²]         0.001374  0.000093
    charge RMSE [e]          0.037073  0.009623
    LR scale:  1.000000, effective LR:  0.000400
epoch: 306                    train:   valid:
    weighted total loss      0.236535  0.187482
    energy MSE [eV²]         0.064716  0.038607
    force MSE [(eV/Å)²]      0.170304  0.148005
    energy mae [kcal/mol]          6.391220  4.464889
    energy R²                    N/A  0.942822
    forces mae [kcal/mol/Å]        8.704503  8.135349
    forces R²                    N/A  0.957245
    dipole mae [tgt units]   0.021346  0.021114
    dipole R²                    N/A  0.998700
    dipole MSE [tgt²]        0.000388  0.000401
    charge loss [e²]         0.001128  0.000469
    charge RMSE [e]          0.033581  0.021665
    LR scale:  1.000000, effective LR:  0.000400
epoch: 307                    train:   valid:
    weighted total loss      0.230568  0.185292
    energy MSE [eV²]         0.059118  0.034108
    force MSE [(eV/Å)²]      0.169806  0.149510
    energy mae [kcal/mol]          6.111482  4.141761
    energy R²                    N/A  0.949849
    forces mae [kcal/mol/Å]        8.680230  8.179458
    forces R²                    N/A  0.956830
    dipole mae [tgt units]   0.020954  0.021139
    dipole R²                    N/A  0.998726
    dipole MSE [tgt²]        0.000373  0.000391
    charge loss [e²]         0.001271  0.001283
    charge RMSE [e]          0.035647  0.035821
    LR scale:  1.000000, effective LR:  0.000400
    ✓ Best valid checkpoint: params-best-bd8b7a90-13fa-4943-9453-6b3ef7bf4433.json (weighted loss=0.185292, epoch 307)
epoch: 308                    train:   valid:
    weighted total loss      0.229877  0.223364
    energy MSE [eV²]         0.059225  0.072445
    force MSE [(eV/Å)²]      0.169894  0.148905
    energy mae [kcal/mol]          6.084223  7.290938
    energy R²                    N/A  0.893698
    forces mae [kcal/mol/Å]        8.676527  8.161254
    forces R²                    N/A  0.956996
    dipole mae [tgt units]   0.020799  0.021397
    dipole R²                    N/A  0.998688
    dipole MSE [tgt²]        0.000365  0.000403
    charge loss [e²]         0.000393  0.001611
    charge RMSE [e]          0.019830  0.040142
    LR scale:  1.000000, effective LR:  0.000400
epoch: 309                    train:   valid:
    weighted total loss      0.237383  0.187374
    energy MSE [eV²]         0.065315  0.039524
    force MSE [(eV/Å)²]      0.169785  0.146445
    energy mae [kcal/mol]          6.354515  4.491371
    energy R²                    N/A  0.940630
    forces mae [kcal/mol/Å]        8.654855  8.089728
    forces R²                    N/A  0.957700
    dipole mae [tgt units]   0.020983  0.023381
    dipole R²                    N/A  0.998486
    dipole MSE [tgt²]        0.000374  0.000466
    charge loss [e²]         0.001909  0.000939
    charge RMSE [e]          0.043694  0.030645
    LR scale:  1.000000, effective LR:  0.000400
epoch: 310                    train:   valid:
    weighted total loss      0.220098  0.189645
    energy MSE [eV²]         0.050877  0.042518
    force MSE [(eV/Å)²]      0.168710  0.146219
    energy mae [kcal/mol]          5.557681  4.806020
    energy R²                    N/A  0.937203
    forces mae [kcal/mol/Å]        8.645962  8.087893
    forces R²                    N/A  0.957772
    dipole mae [tgt units]   0.020377  0.021136
    dipole R²                    N/A  0.998684
    dipole MSE [tgt²]        0.000351  0.000405
    charge loss [e²]         0.000160  0.000504
    charge RMSE [e]          0.012656  0.022443
    LR scale:  1.000000, effective LR:  0.000400
epoch: 311                    train:   valid:
    weighted total loss      0.233977  0.185941
    energy MSE [eV²]         0.064512  0.036494
    force MSE [(eV/Å)²]      0.167612  0.149025
    energy mae [kcal/mol]          6.404835  4.351991
    energy R²                    N/A  0.945927
    forces mae [kcal/mol/Å]        8.629755  8.176668
    forces R²                    N/A  0.956981
    dipole mae [tgt units]   0.020524  0.021673
    dipole R²                    N/A  0.998655
    dipole MSE [tgt²]        0.000353  0.000414
    charge loss [e²]         0.001500  0.000008
    charge RMSE [e]          0.038726  0.002839
    LR scale:  1.000000, effective LR:  0.000400
epoch: 312                    train:   valid:
    weighted total loss      0.226821  0.189184
    energy MSE [eV²]         0.056993  0.041984
    force MSE [(eV/Å)²]      0.168481  0.146507
    energy mae [kcal/mol]          6.010810  4.701741
    energy R²                    N/A  0.937799
    forces mae [kcal/mol/Å]        8.633436  8.105005
    forces R²                    N/A  0.957662
    dipole mae [tgt units]   0.020920  0.021014
    dipole R²                    N/A  0.998720
    dipole MSE [tgt²]        0.000374  0.000395
    charge loss [e²]         0.000973  0.000298
    charge RMSE [e]          0.031199  0.017265
    LR scale:  1.000000, effective LR:  0.000400
epoch: 313                    train:   valid:
    weighted total loss      0.228300  0.192692
    energy MSE [eV²]         0.058728  0.038397
    force MSE [(eV/Å)²]      0.167614  0.147241
    energy mae [kcal/mol]          6.011872  4.551254
    energy R²                    N/A  0.942081
    forces mae [kcal/mol/Å]        8.610697  8.178438
    forces R²                    N/A  0.957428
    dipole mae [tgt units]   0.020753  0.021878
    dipole R²                    N/A  0.998663
    dipole MSE [tgt²]        0.000364  0.000413
    charge loss [e²]         0.001594  0.006641
    charge RMSE [e]          0.039930  0.081495
    LR scale:  1.000000, effective LR:  0.000400
epoch: 314                    train:   valid:
    weighted total loss      0.229724  0.186189
    energy MSE [eV²]         0.059770  0.040160
    force MSE [(eV/Å)²]      0.167700  0.145642
    energy mae [kcal/mol]          6.026999  4.691948
    energy R²                    N/A  0.939461
    forces mae [kcal/mol/Å]        8.593985  8.142975
    forces R²                    N/A  0.957874
    dipole mae [tgt units]   0.020933  0.020734
    dipole R²                    N/A  0.998767
    dipole MSE [tgt²]        0.000374  0.000380
    charge loss [e²]         0.001880  0.000008
    charge RMSE [e]          0.043354  0.002790
    LR scale:  1.000000, effective LR:  0.000400
epoch: 315                    train:   valid:
    weighted total loss      0.232236  0.181193
    energy MSE [eV²]         0.064533  0.034282
    force MSE [(eV/Å)²]      0.167274  0.146501
    energy mae [kcal/mol]          6.388382  4.107078
    energy R²                    N/A  0.949061
    forces mae [kcal/mol/Å]        8.594084  8.052413
    forces R²                    N/A  0.957716
    dipole mae [tgt units]   0.020900  0.021487
    dipole R²                    N/A  0.998696
    dipole MSE [tgt²]        0.000370  0.000403
    charge loss [e²]         0.000059  0.000007
    charge RMSE [e]          0.007667  0.002652
    LR scale:  1.000000, effective LR:  0.000400
    ✓ Best valid checkpoint: params-best-bd8b7a90-13fa-4943-9453-6b3ef7bf4433.json (weighted loss=0.181193, epoch 315)
epoch: 316                    train:   valid:
    weighted total loss      0.221163  0.183500
    energy MSE [eV²]         0.052682  0.038333
    force MSE [(eV/Å)²]      0.167229  0.144684
    energy mae [kcal/mol]          5.660606  4.386690
    energy R²                    N/A  0.941832
    forces mae [kcal/mol/Å]        8.574021  8.036913
    forces R²                    N/A  0.958194
    dipole mae [tgt units]   0.020577  0.022802
    dipole R²                    N/A  0.998471
    dipole MSE [tgt²]        0.000360  0.000473
    charge loss [e²]         0.000892  0.000009
    charge RMSE [e]          0.029868  0.003062
    LR scale:  1.000000, effective LR:  0.000400
epoch: 317                    train:   valid:
    weighted total loss      0.232138  0.192073
    energy MSE [eV²]         0.062707  0.048361
    force MSE [(eV/Å)²]      0.167124  0.143234
    energy mae [kcal/mol]          6.212029  5.430644
    energy R²                    N/A  0.928743
    forces mae [kcal/mol/Å]        8.577659  8.011774
    forces R²                    N/A  0.958617
    dipole mae [tgt units]   0.021116  0.021603
    dipole R²                    N/A  0.998682
    dipole MSE [tgt²]        0.000381  0.000406
    charge loss [e²]         0.001926  0.000072
    charge RMSE [e]          0.043884  0.008466
    LR scale:  1.000000, effective LR:  0.000400
epoch: 318                    train:   valid:
    weighted total loss      0.218252  0.186961
    energy MSE [eV²]         0.052231  0.043028
    force MSE [(eV/Å)²]      0.165653  0.143421
    energy mae [kcal/mol]          5.661689  4.980104
    energy R²                    N/A  0.935378
    forces mae [kcal/mol/Å]        8.555122  8.008573
    forces R²                    N/A  0.958546
    dipole mae [tgt units]   0.019800  0.023480
    dipole R²                    N/A  0.998361
    dipole MSE [tgt²]        0.000329  0.000504
    charge loss [e²]         0.000038  0.000008
    charge RMSE [e]          0.006167  0.002915
    LR scale:  1.000000, effective LR:  0.000400
epoch: 319                    train:   valid:
    weighted total loss      0.222216  0.182366
    energy MSE [eV²]         0.055184  0.038503
    force MSE [(eV/Å)²]      0.165913  0.143458
    energy mae [kcal/mol]          5.796935  4.243225
    energy R²                    N/A  0.943276
    forces mae [kcal/mol/Å]        8.536636  7.979546
    forces R²                    N/A  0.958558
    dipole mae [tgt units]   0.020971  0.020985
    dipole R²                    N/A  0.998722
    dipole MSE [tgt²]        0.000375  0.000393
    charge loss [e²]         0.000744  0.000013
    charge RMSE [e]          0.027278  0.003546
    LR scale:  1.000000, effective LR:  0.000400
epoch: 320                    train:   valid:
    weighted total loss      0.226694  0.182452
    energy MSE [eV²]         0.059577  0.039546
    force MSE [(eV/Å)²]      0.165211  0.142433
    energy mae [kcal/mol]          6.131912  4.642780
    energy R²                    N/A  0.940054
    forces mae [kcal/mol/Å]        8.524079  7.963181
    forces R²                    N/A  0.958843
    dipole mae [tgt units]   0.020026  0.020696
    dipole R²                    N/A  0.998779
    dipole MSE [tgt²]        0.000338  0.000377
    charge loss [e²]         0.001568  0.000097
    charge RMSE [e]          0.039604  0.009850
    LR scale:  1.000000, effective LR:  0.000400
epoch: 321                    train:   valid:
    weighted total loss      0.222805  0.181535
    energy MSE [eV²]         0.056257  0.038109
    force MSE [(eV/Å)²]      0.165063  0.142869
    energy mae [kcal/mol]          5.945180  4.395156
    energy R²                    N/A  0.943704
    forces mae [kcal/mol/Å]        8.528916  7.953218
    forces R²                    N/A  0.958725
    dipole mae [tgt units]   0.020005  0.024908
    dipole R²                    N/A  0.998249
    dipole MSE [tgt²]        0.000335  0.000543
    charge loss [e²]         0.001150  0.000014
    charge RMSE [e]          0.033910  0.003729
    LR scale:  1.000000, effective LR:  0.000400
epoch: 322                    train:   valid:
    weighted total loss      0.229141  0.204228
    energy MSE [eV²]         0.061616  0.061203
    force MSE [(eV/Å)²]      0.165711  0.142563
    energy mae [kcal/mol]          6.124811  5.951034
    energy R²                    N/A  0.909993
    forces mae [kcal/mol/Å]        8.518806  7.953497
    forces R²                    N/A  0.958797
    dipole mae [tgt units]   0.020637  0.022313
    dipole R²                    N/A  0.998521
    dipole MSE [tgt²]        0.000365  0.000454
    charge loss [e²]         0.001448  0.000008
    charge RMSE [e]          0.038051  0.002900
    LR scale:  1.000000, effective LR:  0.000400
epoch: 323                    train:   valid:
    weighted total loss      0.225344  0.202326
    energy MSE [eV²]         0.059267  0.059186
    force MSE [(eV/Å)²]      0.165613  0.142725
    energy mae [kcal/mol]          6.035733  6.368884
    energy R²                    N/A  0.911412
    forces mae [kcal/mol/Å]        8.508898  7.936362
    forces R²                    N/A  0.958779
    dipole mae [tgt units]   0.020609  0.021538
    dipole R²                    N/A  0.998666
    dipole MSE [tgt²]        0.000359  0.000409
    charge loss [e²]         0.000105  0.000007
    charge RMSE [e]          0.010242  0.002602
    LR scale:  1.000000, effective LR:  0.000400
epoch: 324                    train:   valid:
    weighted total loss      0.231733  0.188963
    energy MSE [eV²]         0.063220  0.046503
    force MSE [(eV/Å)²]      0.164829  0.141989
    energy mae [kcal/mol]          6.236397  5.175506
    energy R²                    N/A  0.929176
    forces mae [kcal/mol/Å]        8.504608  7.931014
    forces R²                    N/A  0.958970
    dipole mae [tgt units]   0.021098  0.022352
    dipole R²                    N/A  0.998554
    dipole MSE [tgt²]        0.000379  0.000449
    charge loss [e²]         0.003305  0.000021
    charge RMSE [e]          0.057490  0.004549
    LR scale:  1.000000, effective LR:  0.000400
epoch: 325                    train:   valid:
    weighted total loss      0.223682  0.181292
    energy MSE [eV²]         0.058145  0.039913
    force MSE [(eV/Å)²]      0.164577  0.140966
    energy mae [kcal/mol]          5.959105  4.614689
    energy R²                    N/A  0.940082
    forces mae [kcal/mol/Å]        8.491187  7.906238
    forces R²                    N/A  0.959261
    dipole mae [tgt units]   0.019877  0.021233
    dipole R²                    N/A  0.998681
    dipole MSE [tgt²]        0.000330  0.000405
    charge loss [e²]         0.000629  0.000008
    charge RMSE [e]          0.025087  0.002817
    LR scale:  1.000000, effective LR:  0.000400
epoch: 326                    train:   valid:
    weighted total loss      0.225290  0.187913
    energy MSE [eV²]         0.060503  0.044715
    force MSE [(eV/Å)²]      0.164060  0.142774
    energy mae [kcal/mol]          6.120921  4.951313
    energy R²                    N/A  0.931852
    forces mae [kcal/mol/Å]        8.483357  7.945405
    forces R²                    N/A  0.958769
    dipole mae [tgt units]   0.020125  0.021360
    dipole R²                    N/A  0.998641
    dipole MSE [tgt²]        0.000343  0.000417
    charge loss [e²]         0.000384  0.000008
    charge RMSE [e]          0.019605  0.002855
    LR scale:  1.000000, effective LR:  0.000400
epoch: 327                    train:   valid:
    weighted total loss      0.221627  0.193805
    energy MSE [eV²]         0.055741  0.051977
    force MSE [(eV/Å)²]      0.163719  0.141427
    energy mae [kcal/mol]          5.850262  5.732547
    energy R²                    N/A  0.922337
    forces mae [kcal/mol/Å]        8.464403  7.909717
    forces R²                    N/A  0.959138
    dipole mae [tgt units]   0.020059  0.020829
    dipole R²                    N/A  0.998742
    dipole MSE [tgt²]        0.000337  0.000389
    charge loss [e²]         0.001829  0.000011
    charge RMSE [e]          0.042763  0.003360
    LR scale:  1.000000, effective LR:  0.000400
epoch: 328                    train:   valid:
    weighted total loss      0.231237  0.176477
    energy MSE [eV²]         0.066010  0.034749
    force MSE [(eV/Å)²]      0.163692  0.141335
    energy mae [kcal/mol]          6.525023  4.101653
    energy R²                    N/A  0.948623
    forces mae [kcal/mol/Å]        8.462610  7.891758
    forces R²                    N/A  0.959179
    dipole mae [tgt units]   0.020282  0.020836
    dipole R²                    N/A  0.998763
    dipole MSE [tgt²]        0.000348  0.000383
    charge loss [e²]         0.001187  0.000009
    charge RMSE [e]          0.034453  0.002993
    LR scale:  1.000000, effective LR:  0.000400
    ✓ Best valid checkpoint: params-best-bd8b7a90-13fa-4943-9453-6b3ef7bf4433.json (weighted loss=0.176477, epoch 328)
epoch: 329                    train:   valid:
    weighted total loss      0.224280  0.194680
    energy MSE [eV²]         0.059240  0.048877
    force MSE [(eV/Å)²]      0.163004  0.144329
    energy mae [kcal/mol]          5.906114  4.838326
    energy R²                    N/A  0.929010
    forces mae [kcal/mol/Å]        8.453934  7.954162
    forces R²                    N/A  0.958339
    dipole mae [tgt units]   0.020407  0.021857
    dipole R²                    N/A  0.998585
    dipole MSE [tgt²]        0.000362  0.000432
    charge loss [e²]         0.001674  0.001042
    charge RMSE [e]          0.040918  0.032278
    LR scale:  1.000000, effective LR:  0.000400
epoch: 330                    train:   valid:
    weighted total loss      0.218980  0.175993
    energy MSE [eV²]         0.054592  0.035085
    force MSE [(eV/Å)²]      0.163711  0.140468
    energy mae [kcal/mol]          5.705794  4.157261
    energy R²                    N/A  0.946974
    forces mae [kcal/mol/Å]        8.443610  7.869827
    forces R²                    N/A  0.959423
    dipole mae [tgt units]   0.020222  0.021427
    dipole R²                    N/A  0.998663
    dipole MSE [tgt²]        0.000348  0.000414
    charge loss [e²]         0.000329  0.000026
    charge RMSE [e]          0.018138  0.005073
    LR scale:  1.000000, effective LR:  0.000400
    ✓ Best valid checkpoint: params-best-bd8b7a90-13fa-4943-9453-6b3ef7bf4433.json (weighted loss=0.175993, epoch 330)
epoch: 331                    train:   valid:
    weighted total loss      0.227783  0.199237
    energy MSE [eV²]         0.062753  0.057329
    force MSE [(eV/Å)²]      0.163072  0.140978
    energy mae [kcal/mol]          6.254392  6.016474
    energy R²                    N/A  0.914074
    forces mae [kcal/mol/Å]        8.438541  7.896859
    forces R²                    N/A  0.959264
    dipole mae [tgt units]   0.020785  0.022291
    dipole R²                    N/A  0.998588
    dipole MSE [tgt²]        0.000374  0.000436
    charge loss [e²]         0.001585  0.000494
    charge RMSE [e]          0.039808  0.022220
    LR scale:  1.000000, effective LR:  0.000400
epoch: 332                    train:   valid:
    weighted total loss      0.219079  0.180571
    energy MSE [eV²]         0.055739  0.037694
    force MSE [(eV/Å)²]      0.161993  0.142423
    energy mae [kcal/mol]          5.860686  4.787103
    energy R²                    N/A  0.944537
    forces mae [kcal/mol/Å]        8.409146  7.889029
    forces R²                    N/A  0.958895
    dipole mae [tgt units]   0.020054  0.022630
    dipole R²                    N/A  0.998546
    dipole MSE [tgt²]        0.000339  0.000449
    charge loss [e²]         0.001009  0.000006
    charge RMSE [e]          0.031769  0.002436
    LR scale:  1.000000, effective LR:  0.000400
epoch: 333                    train:   valid:
    weighted total loss      0.211222  0.181127
    energy MSE [eV²]         0.048648  0.041476
    force MSE [(eV/Å)²]      0.161604  0.139201
    energy mae [kcal/mol]          5.473283  4.450030
    energy R²                    N/A  0.937511
    forces mae [kcal/mol/Å]        8.390510  7.830235
    forces R²                    N/A  0.959767
    dipole mae [tgt units]   0.019453  0.021315
    dipole R²                    N/A  0.998685
    dipole MSE [tgt²]        0.000319  0.000408
    charge loss [e²]         0.000652  0.000041
    charge RMSE [e]          0.025525  0.006398
    LR scale:  1.000000, effective LR:  0.000400
epoch: 334                    train:   valid:
    weighted total loss      0.227933  0.179974
    energy MSE [eV²]         0.064013  0.040040
    force MSE [(eV/Å)²]      0.161740  0.139511
    energy mae [kcal/mol]          6.367432  4.594066
    energy R²                    N/A  0.940387
    forces mae [kcal/mol/Å]        8.399345  7.807325
    forces R²                    N/A  0.959709
    dipole mae [tgt units]   0.020049  0.021685
    dipole R²                    N/A  0.998649
    dipole MSE [tgt²]        0.000340  0.000418
    charge loss [e²]         0.001840  0.000006
    charge RMSE [e]          0.042891  0.002434
    LR scale:  1.000000, effective LR:  0.000400
epoch: 335                    train:   valid:
    weighted total loss      0.213806  0.175737
    energy MSE [eV²]         0.051352  0.035237
    force MSE [(eV/Å)²]      0.161879  0.140113
    energy mae [kcal/mol]          5.600058  4.192609
    energy R²                    N/A  0.947098
    forces mae [kcal/mol/Å]        8.394866  7.827559
    forces R²                    N/A  0.959535
    dipole mae [tgt units]   0.019703  0.020499
    dipole R²                    N/A  0.998788
    dipole MSE [tgt²]        0.000327  0.000376
    charge loss [e²]         0.000247  0.000011
    charge RMSE [e]          0.015708  0.003285
    LR scale:  1.000000, effective LR:  0.000400
    ✓ Best valid checkpoint: params-best-bd8b7a90-13fa-4943-9453-6b3ef7bf4433.json (weighted loss=0.175737, epoch 335)
epoch: 336                    train:   valid:
    weighted total loss      0.219719  0.197472
    energy MSE [eV²]         0.056467  0.056010
    force MSE [(eV/Å)²]      0.161342  0.141051
    energy mae [kcal/mol]          5.894382  5.630699
    energy R²                    N/A  0.917848
    forces mae [kcal/mol/Å]        8.393888  7.842660
    forces R²                    N/A  0.959273
    dipole mae [tgt units]   0.020244  0.021130
    dipole R²                    N/A  0.998695
    dipole MSE [tgt²]        0.000350  0.000404
    charge loss [e²]         0.001561  0.000007
    charge RMSE [e]          0.039505  0.002691
    LR scale:  1.000000, effective LR:  0.000400
epoch: 337                    train:   valid:
    weighted total loss      0.225171  0.188060
    energy MSE [eV²]         0.061604  0.047525
    force MSE [(eV/Å)²]      0.161503  0.139738
    energy mae [kcal/mol]          6.181686  4.895665
    energy R²                    N/A  0.929379
    forces mae [kcal/mol/Å]        8.378284  7.830451
    forces R²                    N/A  0.959635
    dipole mae [tgt units]   0.019802  0.020597
    dipole R²                    N/A  0.998763
    dipole MSE [tgt²]        0.000330  0.000384
    charge loss [e²]         0.001733  0.000413
    charge RMSE [e]          0.041631  0.020315
    LR scale:  1.000000, effective LR:  0.000400
epoch: 338                    train:   valid:
    weighted total loss      0.229744  0.190419
    energy MSE [eV²]         0.065359  0.048634
    force MSE [(eV/Å)²]      0.161526  0.141303
    energy mae [kcal/mol]          6.497164  5.667326
    energy R²                    N/A  0.928107
    forces mae [kcal/mol/Å]        8.376722  7.867159
    forces R²                    N/A  0.959190
    dipole mae [tgt units]   0.019899  0.022244
    dipole R²                    N/A  0.998584
    dipole MSE [tgt²]        0.000333  0.000433
    charge loss [e²]         0.002525  0.000050
    charge RMSE [e]          0.050254  0.007067
    LR scale:  1.000000, effective LR:  0.000400
epoch: 339                    train:   valid:
    weighted total loss      0.214898  0.178069
    energy MSE [eV²]         0.053376  0.038877
    force MSE [(eV/Å)²]      0.161180  0.138793
    energy mae [kcal/mol]          5.725601  4.550084
    energy R²                    N/A  0.940734
    forces mae [kcal/mol/Å]        8.357828  7.783001
    forces R²                    N/A  0.959922
    dipole mae [tgt units]   0.019766  0.020803
    dipole R²                    N/A  0.998726
    dipole MSE [tgt²]        0.000332  0.000394
    charge loss [e²]         0.000010  0.000006
    charge RMSE [e]          0.003169  0.002375
    LR scale:  1.000000, effective LR:  0.000400
epoch: 340                    train:   valid:
    weighted total loss      0.221714  0.199055
    energy MSE [eV²]         0.061025  0.059968
    force MSE [(eV/Å)²]      0.160367  0.138669
    energy mae [kcal/mol]          6.200006  6.437279
    energy R²                    N/A  0.911865
    forces mae [kcal/mol/Å]        8.339131  7.773974
    forces R²                    N/A  0.959950
    dipole mae [tgt units]   0.019352  0.020832
    dipole R²                    N/A  0.998733
    dipole MSE [tgt²]        0.000314  0.000392
    charge loss [e²]         0.000008  0.000027
    charge RMSE [e]          0.002870  0.005187
    LR scale:  1.000000, effective LR:  0.000400
epoch: 341                    train:   valid:
    weighted total loss      0.216689  0.217825
    energy MSE [eV²]         0.054778  0.078123
    force MSE [(eV/Å)²]      0.160537  0.139111
    energy mae [kcal/mol]          5.849022  7.423204
    energy R²                    N/A  0.884498
    forces mae [kcal/mol/Å]        8.339947  7.809821
    forces R²                    N/A  0.959794
    dipole mae [tgt units]   0.019816  0.022091
    dipole R²                    N/A  0.998534
    dipole MSE [tgt²]        0.000327  0.000455
    charge loss [e²]         0.001048  0.000136
    charge RMSE [e]          0.032369  0.011670
    LR scale:  1.000000, effective LR:  0.000400
epoch: 342                    train:   valid:
    weighted total loss      0.211677  0.192515
    energy MSE [eV²]         0.050424  0.037267
    force MSE [(eV/Å)²]      0.160053  0.138627
    energy mae [kcal/mol]          5.480139  4.508155
    energy R²                    N/A  0.943843
    forces mae [kcal/mol/Å]        8.322239  7.775057
    forces R²                    N/A  0.959951
    dipole mae [tgt units]   0.019831  0.024356
    dipole R²                    N/A  0.998362
    dipole MSE [tgt²]        0.000336  0.000500
    charge loss [e²]         0.000864  0.016121
    charge RMSE [e]          0.029393  0.126970
    LR scale:  1.000000, effective LR:  0.000400
epoch: 343                    train:   valid:
    weighted total loss      0.218363  0.205296
    energy MSE [eV²]         0.057713  0.067160
    force MSE [(eV/Å)²]      0.159392  0.137582
    energy mae [kcal/mol]          5.959274  6.842933
    energy R²                    N/A  0.900760
    forces mae [kcal/mol/Å]        8.311223  7.737829
    forces R²                    N/A  0.960268
    dipole mae [tgt units]   0.019837  0.024925
    dipole R²                    N/A  0.998231
    dipole MSE [tgt²]        0.000330  0.000545
    charge loss [e²]         0.000928  0.000010
    charge RMSE [e]          0.030462  0.003091
    LR scale:  1.000000, effective LR:  0.000400
epoch: 344                    train:   valid:
    weighted total loss      0.212477  0.192596
    energy MSE [eV²]         0.051925  0.053489
    force MSE [(eV/Å)²]      0.159311  0.138695
    energy mae [kcal/mol]          5.561522  5.649541
    energy R²                    N/A  0.921199
    forces mae [kcal/mol/Å]        8.315808  7.791139
    forces R²                    N/A  0.959932
    dipole mae [tgt units]   0.019788  0.021500
    dipole R²                    N/A  0.998686
    dipole MSE [tgt²]        0.000330  0.000405
    charge loss [e²]         0.000912  0.000008
    charge RMSE [e]          0.030198  0.002739
    LR scale:  1.000000, effective LR:  0.000400
epoch: 345                    train:   valid:
    weighted total loss      0.224729  0.180142
    energy MSE [eV²]         0.062854  0.042470
    force MSE [(eV/Å)²]      0.159962  0.137231
    energy mae [kcal/mol]          6.187840  4.826508
    energy R²                    N/A  0.936901
    forces mae [kcal/mol/Å]        8.317321  7.739700
    forces R²                    N/A  0.960348
    dipole mae [tgt units]   0.020265  0.021867
    dipole R²                    N/A  0.998602
    dipole MSE [tgt²]        0.000349  0.000434
    charge loss [e²]         0.001564  0.000008
    charge RMSE [e]          0.039548  0.002793
    LR scale:  1.000000, effective LR:  0.000400
epoch: 346                    train:   valid:
    weighted total loss      0.208250  0.186007
    energy MSE [eV²]         0.048811  0.042852
    force MSE [(eV/Å)²]      0.158371  0.135918
    energy mae [kcal/mol]          5.460097  4.697024
    energy R²                    N/A  0.935555
    forces mae [kcal/mol/Å]        8.262937  7.716973
    forces R²                    N/A  0.960712
    dipole mae [tgt units]   0.019376  0.021492
    dipole R²                    N/A  0.998681
    dipole MSE [tgt²]        0.000317  0.000407
    charge loss [e²]         0.000750  0.006829
    charge RMSE [e]          0.027395  0.082641
    LR scale:  1.000000, effective LR:  0.000400
epoch: 347                    train:   valid:
    weighted total loss      0.224818  0.179038
    energy MSE [eV²]         0.063129  0.042078
    force MSE [(eV/Å)²]      0.159088  0.136540
    energy mae [kcal/mol]          6.296102  4.790393
    energy R²                    N/A  0.937724
    forces mae [kcal/mol/Å]        8.294682  7.715141
    forces R²                    N/A  0.960554
    dipole mae [tgt units]   0.020552  0.021391
    dipole R²                    N/A  0.998666
    dipole MSE [tgt²]        0.000361  0.000413
    charge loss [e²]         0.002241  0.000007
    charge RMSE [e]          0.047335  0.002694
    LR scale:  1.000000, effective LR:  0.000400
epoch: 348                    train:   valid:
    weighted total loss      0.211444  0.186596
    energy MSE [eV²]         0.052546  0.049239
    force MSE [(eV/Å)²]      0.158530  0.136946
    energy mae [kcal/mol]          5.686250  5.026652
    energy R²                    N/A  0.927501
    forces mae [kcal/mol/Å]        8.268591  7.747699
    forces R²                    N/A  0.960417
    dipole mae [tgt units]   0.019775  0.021225
    dipole R²                    N/A  0.998695
    dipole MSE [tgt²]        0.000332  0.000404
    charge loss [e²]         0.000035  0.000007
    charge RMSE [e]          0.005953  0.002684
    LR scale:  1.000000, effective LR:  0.000400
epoch: 349                    train:   valid:
    weighted total loss      0.213856  0.181455
    energy MSE [eV²]         0.053839  0.045183
    force MSE [(eV/Å)²]      0.158126  0.135857
    energy mae [kcal/mol]          5.724177  4.953820
    energy R²                    N/A  0.932900
    forces mae [kcal/mol/Å]        8.253773  7.703412
    forces R²                    N/A  0.960737
    dipole mae [tgt units]   0.019709  0.021189
    dipole R²                    N/A  0.998685
    dipole MSE [tgt²]        0.000329  0.000406
    charge loss [e²]         0.001562  0.000009
    charge RMSE [e]          0.039526  0.003004
    LR scale:  1.000000, effective LR:  0.000400
epoch: 350                    train:   valid:
    weighted total loss      0.213838  0.185684
    energy MSE [eV²]         0.055889  0.046780
    force MSE [(eV/Å)²]      0.157508  0.138483
    energy mae [kcal/mol]          5.855786  5.331398
    energy R²                    N/A  0.931522
    forces mae [kcal/mol/Å]        8.240459  7.774218
    forces R²                    N/A  0.960025
    dipole mae [tgt units]   0.019257  0.021596
    dipole R²                    N/A  0.998654
    dipole MSE [tgt²]        0.000312  0.000415
    charge loss [e²]         0.000129  0.000005
    charge RMSE [e]          0.011374  0.002305
    LR scale:  1.000000, effective LR:  0.000400
epoch: 351                    train:   valid:
    weighted total loss      0.218646  0.170156
    energy MSE [eV²]         0.059300  0.032758
    force MSE [(eV/Å)²]      0.157627  0.137021
    energy mae [kcal/mol]          6.020625  4.094675
    energy R²                    N/A  0.950048
    forces mae [kcal/mol/Å]        8.241496  7.675414
    forces R²                    N/A  0.960451
    dipole mae [tgt units]   0.019677  0.020289
    dipole R²                    N/A  0.998803
    dipole MSE [tgt²]        0.000326  0.000371
    charge loss [e²]         0.001393  0.000006
    charge RMSE [e]          0.037326  0.002378
    LR scale:  1.000000, effective LR:  0.000400
    ✓ Best valid checkpoint: params-best-bd8b7a90-13fa-4943-9453-6b3ef7bf4433.json (weighted loss=0.170156, epoch 351)
epoch: 352                    train:   valid:
    weighted total loss      0.208318  0.182225
    energy MSE [eV²]         0.049612  0.044208
    force MSE [(eV/Å)²]      0.157701  0.137621
    energy mae [kcal/mol]          5.480747  5.186347
    energy R²                    N/A  0.932796
    forces mae [kcal/mol/Å]        8.215709  7.766965
    forces R²                    N/A  0.960227
    dipole mae [tgt units]   0.019309  0.020552
    dipole R²                    N/A  0.998754
    dipole MSE [tgt²]        0.000312  0.000386
    charge loss [e²]         0.000694  0.000010
    charge RMSE [e]          0.026340  0.003219
    LR scale:  1.000000, effective LR:  0.000400
epoch: 353                    train:   valid:
    weighted total loss      0.213079  0.181889
    energy MSE [eV²]         0.052686  0.046174
    force MSE [(eV/Å)²]      0.157588  0.135238
    energy mae [kcal/mol]          5.711288  5.431657
    energy R²                    N/A  0.930540
    forces mae [kcal/mol/Å]        8.226322  7.653881
    forces R²                    N/A  0.960926
    dipole mae [tgt units]   0.019478  0.022350
    dipole R²                    N/A  0.998553
    dipole MSE [tgt²]        0.000319  0.000448
    charge loss [e²]         0.002486  0.000029
    charge RMSE [e]          0.049856  0.005343
    LR scale:  1.000000, effective LR:  0.000400
epoch: 354                    train:   valid:
    weighted total loss      0.208395  0.173234
    energy MSE [eV²]         0.050764  0.037911
    force MSE [(eV/Å)²]      0.157235  0.134918
    energy mae [kcal/mol]          5.533199  4.505010
    energy R²                    N/A  0.942907
    forces mae [kcal/mol/Å]        8.219058  7.626396
    forces R²                    N/A  0.961032
    dipole mae [tgt units]   0.019583  0.020365
    dipole R²                    N/A  0.998787
    dipole MSE [tgt²]        0.000323  0.000376
    charge loss [e²]         0.000072  0.000029
    charge RMSE [e]          0.008509  0.005344
    LR scale:  1.000000, effective LR:  0.000400
epoch: 355                    train:   valid:
    weighted total loss      0.222779  0.169199
    energy MSE [eV²]         0.063536  0.032910
    force MSE [(eV/Å)²]      0.156761  0.135836
    energy mae [kcal/mol]          6.303159  3.969493
    energy R²                    N/A  0.950760
    forces mae [kcal/mol/Å]        8.207768  7.653618
    forces R²                    N/A  0.960775
    dipole mae [tgt units]   0.019857  0.020502
    dipole R²                    N/A  0.998760
    dipole MSE [tgt²]        0.000336  0.000384
    charge loss [e²]         0.002146  0.000068
    charge RMSE [e]          0.046325  0.008265
    LR scale:  1.000000, effective LR:  0.000400
    ✓ Best valid checkpoint: params-best-bd8b7a90-13fa-4943-9453-6b3ef7bf4433.json (weighted loss=0.169199, epoch 355)
epoch: 356                    train:   valid:
    weighted total loss      0.213582  0.170024
    energy MSE [eV²]         0.056518  0.034595
    force MSE [(eV/Å)²]      0.156515  0.134912
    energy mae [kcal/mol]          5.935290  4.189288
    energy R²                    N/A  0.947908
    forces mae [kcal/mol/Å]        8.208831  7.628573
    forces R²                    N/A  0.961038
    dipole mae [tgt units]   0.019051  0.021115
    dipole R²                    N/A  0.998679
    dipole MSE [tgt²]        0.000304  0.000410
    charge loss [e²]         0.000245  0.000107
    charge RMSE [e]          0.015660  0.010362
    LR scale:  1.000000, effective LR:  0.000400
epoch: 357                    train:   valid:
    weighted total loss      0.214721  0.177687
    energy MSE [eV²]         0.055571  0.041925
    force MSE [(eV/Å)²]      0.156701  0.135355
    energy mae [kcal/mol]          5.904190  4.836881
    energy R²                    N/A  0.937387
    forces mae [kcal/mol/Å]        8.178281  7.660987
    forces R²                    N/A  0.960908
    dipole mae [tgt units]   0.019354  0.021005
    dipole R²                    N/A  0.998706
    dipole MSE [tgt²]        0.000316  0.000401
    charge loss [e²]         0.002133  0.000006
    charge RMSE [e]          0.046186  0.002499
    LR scale:  1.000000, effective LR:  0.000400
epoch: 358                    train:   valid:
    weighted total loss      0.215289  0.174949
    energy MSE [eV²]         0.058615  0.037651
    force MSE [(eV/Å)²]      0.156331  0.136919
    energy mae [kcal/mol]          6.060647  4.311571
    energy R²                    N/A  0.943224
    forces mae [kcal/mol/Å]        8.191583  7.692068
    forces R²                    N/A  0.960492
    dipole mae [tgt units]   0.019475  0.020310
    dipole R²                    N/A  0.998798
    dipole MSE [tgt²]        0.000327  0.000373
    charge loss [e²]         0.000016  0.000006
    charge RMSE [e]          0.004049  0.002466
    LR scale:  1.000000, effective LR:  0.000400
epoch: 359                    train:   valid:
    weighted total loss      0.203409  0.194694
    energy MSE [eV²]         0.047476  0.058268
    force MSE [(eV/Å)²]      0.155587  0.135920
    energy mae [kcal/mol]          5.368081  5.564311
    energy R²                    N/A  0.916665
    forces mae [kcal/mol/Å]        8.165001  7.663156
    forces R²                    N/A  0.960759
    dipole mae [tgt units]   0.018851  0.022820
    dipole R²                    N/A  0.998406
    dipole MSE [tgt²]        0.000298  0.000496
    charge loss [e²]         0.000048  0.000010
    charge RMSE [e]          0.006926  0.003093
    LR scale:  1.000000, effective LR:  0.000400
epoch: 360                    train:   valid:
    weighted total loss      0.207559  0.174529
    energy MSE [eV²]         0.051448  0.039496
    force MSE [(eV/Å)²]      0.155587  0.134271
    energy mae [kcal/mol]          5.571239  4.546362
    energy R²                    N/A  0.942702
    forces mae [kcal/mol/Å]        8.154333  7.594392
    forces R²                    N/A  0.961226
    dipole mae [tgt units]   0.019481  0.021088
    dipole R²                    N/A  0.998685
    dipole MSE [tgt²]        0.000325  0.000409
    charge loss [e²]         0.000200  0.000353
    charge RMSE [e]          0.014126  0.018776
    LR scale:  1.000000, effective LR:  0.000400
epoch: 361                    train:   valid:
    weighted total loss      0.212886  0.182780
    energy MSE [eV²]         0.054444  0.044230
    force MSE [(eV/Å)²]      0.155944  0.135193
    energy mae [kcal/mol]          5.765605  4.764266
    energy R²                    N/A  0.934212
    forces mae [kcal/mol/Å]        8.153113  7.637677
    forces R²                    N/A  0.960960
    dipole mae [tgt units]   0.019177  0.021331
    dipole R²                    N/A  0.998650
    dipole MSE [tgt²]        0.000314  0.000419
    charge loss [e²]         0.002184  0.002937
    charge RMSE [e]          0.046729  0.054198
    LR scale:  1.000000, effective LR:  0.000400
epoch: 362                    train:   valid:
    weighted total loss      0.208428  0.199510
    energy MSE [eV²]         0.051587  0.065163
    force MSE [(eV/Å)²]      0.156114  0.133922
    energy mae [kcal/mol]          5.663892  6.834649
    energy R²                    N/A  0.903892
    forces mae [kcal/mol/Å]        8.163115  7.598952
    forces R²                    N/A  0.961321
    dipole mae [tgt units]   0.019076  0.021356
    dipole R²                    N/A  0.998655
    dipole MSE [tgt²]        0.000308  0.000420
    charge loss [e²]         0.000418  0.000006
    charge RMSE [e]          0.020451  0.002441
    LR scale:  1.000000, effective LR:  0.000400
epoch: 363                    train:   valid:
    weighted total loss      0.216679  0.181690
    energy MSE [eV²]         0.059033  0.046425
    force MSE [(eV/Å)²]      0.155704  0.134674
    energy mae [kcal/mol]          6.036510  5.205052
    energy R²                    N/A  0.931454
    forces mae [kcal/mol/Å]        8.149928  7.615316
    forces R²                    N/A  0.961105
    dipole mae [tgt units]   0.018986  0.023082
    dipole R²                    N/A  0.998428
    dipole MSE [tgt²]        0.000306  0.000484
    charge loss [e²]         0.001635  0.000107
    charge RMSE [e]          0.040440  0.010358
    LR scale:  1.000000, effective LR:  0.000400
epoch: 364                    train:   valid:
    weighted total loss      0.208563  0.173245
    energy MSE [eV²]         0.052559  0.034036
    force MSE [(eV/Å)²]      0.154979  0.133877
    energy mae [kcal/mol]          5.761322  4.052545
    energy R²                    N/A  0.948165
    forces mae [kcal/mol/Å]        8.127352  7.607420
    forces R²                    N/A  0.961338
    dipole mae [tgt units]   0.018819  0.022035
    dipole R²                    N/A  0.998620
    dipole MSE [tgt²]        0.000297  0.000427
    charge loss [e²]         0.000728  0.004905
    charge RMSE [e]          0.026983  0.070038
    LR scale:  1.000000, effective LR:  0.000400
epoch: 365                    train:   valid:
    weighted total loss      0.206969  0.178722
    energy MSE [eV²]         0.051993  0.045388
    force MSE [(eV/Å)²]      0.154175  0.132878
    energy mae [kcal/mol]          5.575606  4.983125
    energy R²                    N/A  0.932709
    forces mae [kcal/mol/Å]        8.099716  7.555262
    forces R²                    N/A  0.961603
    dipole mae [tgt units]   0.019227  0.020858
    dipole R²                    N/A  0.998701
    dipole MSE [tgt²]        0.000310  0.000405
    charge loss [e²]         0.000491  0.000050
    charge RMSE [e]          0.022169  0.007089
    LR scale:  1.000000, effective LR:  0.000400
epoch: 366                    train:   valid:
    weighted total loss      0.213198  0.169104
    energy MSE [eV²]         0.056267  0.035479
    force MSE [(eV/Å)²]      0.153962  0.133192
    energy mae [kcal/mol]          5.963205  4.251631
    energy R²                    N/A  0.946650
    forces mae [kcal/mol/Å]        8.104244  7.559308
    forces R²                    N/A  0.961537
    dipole mae [tgt units]   0.018770  0.021708
    dipole R²                    N/A  0.998618
    dipole MSE [tgt²]        0.000293  0.000427
    charge loss [e²]         0.002676  0.000006
    charge RMSE [e]          0.051733  0.002470
    LR scale:  1.000000, effective LR:  0.000400
    ✓ Best valid checkpoint: params-best-bd8b7a90-13fa-4943-9453-6b3ef7bf4433.json (weighted loss=0.169104, epoch 366)
epoch: 367                    train:   valid:
    weighted total loss      0.203215  0.174531
    energy MSE [eV²]         0.048825  0.040527
    force MSE [(eV/Å)²]      0.154020  0.132914
    energy mae [kcal/mol]          5.457628  4.886927
    energy R²                    N/A  0.939092
    forces mae [kcal/mol/Å]        8.102635  7.521585
    forces R²                    N/A  0.961635
    dipole mae [tgt units]   0.019332  0.021935
    dipole R²                    N/A  0.998612
    dipole MSE [tgt²]        0.000314  0.000431
    charge loss [e²]         0.000057  0.000659
    charge RMSE [e]          0.007535  0.025679
    LR scale:  1.000000, effective LR:  0.000400
epoch: 368                    train:   valid:
    weighted total loss      0.205275  0.165901
    energy MSE [eV²]         0.050507  0.033421
    force MSE [(eV/Å)²]      0.153504  0.132010
    energy mae [kcal/mol]          5.538021  4.101562
    energy R²                    N/A  0.949321
    forces mae [kcal/mol/Å]        8.095883  7.518033
    forces R²                    N/A  0.961861
    dipole mae [tgt units]   0.019421  0.022383
    dipole R²                    N/A  0.998506
    dipole MSE [tgt²]        0.000321  0.000465
    charge loss [e²]         0.000943  0.000005
    charge RMSE [e]          0.030709  0.002200
    LR scale:  1.000000, effective LR:  0.000400
    ✓ Best valid checkpoint: params-best-bd8b7a90-13fa-4943-9453-6b3ef7bf4433.json (weighted loss=0.165901, epoch 368)
epoch: 369                    train:   valid:
    weighted total loss      0.208993  0.166975
    energy MSE [eV²]         0.052872  0.033477
    force MSE [(eV/Å)²]      0.153900  0.133048
    energy mae [kcal/mol]          5.820923  4.006361
    energy R²                    N/A  0.949147
    forces mae [kcal/mol/Å]        8.086657  7.533481
    forces R²                    N/A  0.961585
    dipole mae [tgt units]   0.019259  0.021869
    dipole R²                    N/A  0.998581
    dipole MSE [tgt²]        0.000309  0.000444
    charge loss [e²]         0.001912  0.000006
    charge RMSE [e]          0.043730  0.002374
    LR scale:  1.000000, effective LR:  0.000400
epoch: 370                    train:   valid:
    weighted total loss      0.211629  0.188127
    energy MSE [eV²]         0.056781  0.054533
    force MSE [(eV/Å)²]      0.153637  0.133163
    energy mae [kcal/mol]          5.919312  5.940408
    energy R²                    N/A  0.916686
    forces mae [kcal/mol/Å]        8.071914  7.647971
    forces R²                    N/A  0.961477
    dipole mae [tgt units]   0.019080  0.020834
    dipole R²                    N/A  0.998704
    dipole MSE [tgt²]        0.000308  0.000403
    charge loss [e²]         0.000903  0.000028
    charge RMSE [e]          0.030054  0.005325
    LR scale:  1.000000, effective LR:  0.000400
epoch: 371                    train:   valid:
    weighted total loss      0.206158  0.170870
    energy MSE [eV²]         0.051580  0.038716
    force MSE [(eV/Å)²]      0.153922  0.131756
    energy mae [kcal/mol]          5.619361  4.153729
    energy R²                    N/A  0.943531
    forces mae [kcal/mol/Å]        8.074890  7.490548
    forces R²                    N/A  0.961962
    dipole mae [tgt units]   0.018680  0.020565
    dipole R²                    N/A  0.998759
    dipole MSE [tgt²]        0.000298  0.000386
    charge loss [e²]         0.000359  0.000012
    charge RMSE [e]          0.018938  0.003460
    LR scale:  1.000000, effective LR:  0.000400
epoch: 372                    train:   valid:
    weighted total loss      0.203562  0.166745
    energy MSE [eV²]         0.049111  0.034829
    force MSE [(eV/Å)²]      0.153154  0.131526
    energy mae [kcal/mol]          5.491611  4.269987
    energy R²                    N/A  0.948096
    forces mae [kcal/mol/Å]        8.062213  7.507147
    forces R²                    N/A  0.962002
    dipole mae [tgt units]   0.019135  0.020594
    dipole R²                    N/A  0.998761
    dipole MSE [tgt²]        0.000309  0.000384
    charge loss [e²]         0.000989  0.000006
    charge RMSE [e]          0.031454  0.002397
    LR scale:  1.000000, effective LR:  0.000400
epoch: 373                    train:   valid:
    weighted total loss      0.198116  0.170773
    energy MSE [eV²]         0.045147  0.038336
    force MSE [(eV/Å)²]      0.152577  0.132016
    energy mae [kcal/mol]          5.217122  4.735784
    energy R²                    N/A  0.943454
    forces mae [kcal/mol/Å]        8.037731  7.502826
    forces R²                    N/A  0.961864
    dipole mae [tgt units]   0.018559  0.021375
    dipole R²                    N/A  0.998660
    dipole MSE [tgt²]        0.000288  0.000416
    charge loss [e²]         0.000105  0.000004
    charge RMSE [e]          0.010234  0.002054
    LR scale:  1.000000, effective LR:  0.000400
epoch: 374                    train:   valid:
    weighted total loss      0.198790  0.166405
    energy MSE [eV²]         0.044183  0.033618
    force MSE [(eV/Å)²]      0.152348  0.132386
    energy mae [kcal/mol]          5.111320  3.963977
    energy R²                    N/A  0.948352
    forces mae [kcal/mol/Å]        8.030142  7.514001
    forces R²                    N/A  0.961753
    dipole mae [tgt units]   0.019138  0.020978
    dipole R²                    N/A  0.998733
    dipole MSE [tgt²]        0.000309  0.000395
    charge loss [e²]         0.001951  0.000006
    charge RMSE [e]          0.044166  0.002461
    LR scale:  1.000000, effective LR:  0.000400
epoch: 375                    train:   valid:
    weighted total loss      0.206789  0.166153
    energy MSE [eV²]         0.053153  0.032699
    force MSE [(eV/Å)²]      0.152446  0.132912
    energy mae [kcal/mol]          5.604871  3.904641
    energy R²                    N/A  0.950824
    forces mae [kcal/mol/Å]        8.037519  7.519316
    forces R²                    N/A  0.961631
    dipole mae [tgt units]   0.019194  0.023890
    dipole R²                    N/A  0.998305
    dipole MSE [tgt²]        0.000311  0.000525
    charge loss [e²]         0.000879  0.000016
    charge RMSE [e]          0.029642  0.004053
    LR scale:  1.000000, effective LR:  0.000400
epoch: 376                    train:   valid:
    weighted total loss      0.200482  0.173621
    energy MSE [eV²]         0.047377  0.038350
    force MSE [(eV/Å)²]      0.152212  0.134701
    energy mae [kcal/mol]          5.356624  4.211123
    energy R²                    N/A  0.943732
    forces mae [kcal/mol/Å]        8.026875  7.615229
    forces R²                    N/A  0.961119
    dipole mae [tgt units]   0.018701  0.021027
    dipole R²                    N/A  0.998704
    dipole MSE [tgt²]        0.000295  0.000400
    charge loss [e²]         0.000597  0.000170
    charge RMSE [e]          0.024438  0.013037
    LR scale:  1.000000, effective LR:  0.000400
epoch: 377                    train:   valid:
    weighted total loss      0.204394  0.166436
    energy MSE [eV²]         0.050907  0.035019
    force MSE [(eV/Å)²]      0.151714  0.130815
    energy mae [kcal/mol]          5.599867  4.154379
    energy R²                    N/A  0.946341
    forces mae [kcal/mol/Å]        8.000395  7.488900
    forces R²                    N/A  0.962194
    dipole mae [tgt units]   0.018986  0.021152
    dipole R²                    N/A  0.998650
    dipole MSE [tgt²]        0.000303  0.000419
    charge loss [e²]         0.001470  0.000183
    charge RMSE [e]          0.038344  0.013524
    LR scale:  1.000000, effective LR:  0.000400
epoch: 378                    train:   valid:
    weighted total loss      0.210449  0.174510
    energy MSE [eV²]         0.057082  0.038921
    force MSE [(eV/Å)²]      0.151970  0.135199
    energy mae [kcal/mol]          6.041150  4.662040
    energy R²                    N/A  0.941868
    forces mae [kcal/mol/Å]        8.027406  7.619033
    forces R²                    N/A  0.960993
    dipole mae [tgt units]   0.018829  0.020431
    dipole R²                    N/A  0.998770
    dipole MSE [tgt²]        0.000296  0.000382
    charge loss [e²]         0.001101  0.000007
    charge RMSE [e]          0.033187  0.002725
    LR scale:  1.000000, effective LR:  0.000400
epoch: 379                    train:   valid:
    weighted total loss      0.203486  0.168145
    energy MSE [eV²]         0.050806  0.036683
    force MSE [(eV/Å)²]      0.152111  0.131019
    energy mae [kcal/mol]          5.552443  4.251501
    energy R²                    N/A  0.944236
    forces mae [kcal/mol/Å]        8.005874  7.458869
    forces R²                    N/A  0.962172
    dipole mae [tgt units]   0.018936  0.020373
    dipole R²                    N/A  0.998782
    dipole MSE [tgt²]        0.000301  0.000379
    charge loss [e²]         0.000268  0.000065
    charge RMSE [e]          0.016384  0.008051
    LR scale:  1.000000, effective LR:  0.000400
epoch: 380                    train:   valid:
    weighted total loss      0.204107  0.166099
    energy MSE [eV²]         0.050468  0.036644
    force MSE [(eV/Å)²]      0.151365  0.129065
    energy mae [kcal/mol]          5.613075  4.332444
    energy R²                    N/A  0.943968
    forces mae [kcal/mol/Å]        7.995629  7.401261
    forces R²                    N/A  0.962714
    dipole mae [tgt units]   0.018912  0.020415
    dipole R²                    N/A  0.998763
    dipole MSE [tgt²]        0.000300  0.000385
    charge loss [e²]         0.001974  0.000005
    charge RMSE [e]          0.044425  0.002241
    LR scale:  1.000000, effective LR:  0.000400
epoch: 381                    train:   valid:
    weighted total loss      0.203030  0.167211
    energy MSE [eV²]         0.050777  0.035871
    force MSE [(eV/Å)²]      0.151336  0.130921
    energy mae [kcal/mol]          5.567038  4.138342
    energy R²                    N/A  0.946494
    forces mae [kcal/mol/Å]        7.993315  7.507302
    forces R²                    N/A  0.962136
    dipole mae [tgt units]   0.018129  0.021116
    dipole R²                    N/A  0.998707
    dipole MSE [tgt²]        0.000276  0.000402
    charge loss [e²]         0.000641  0.000017
    charge RMSE [e]          0.025327  0.004085
    LR scale:  1.000000, effective LR:  0.000400
epoch: 382                    train:   valid:
    weighted total loss      0.204039  0.182312
    energy MSE [eV²]         0.051367  0.049333
    force MSE [(eV/Å)²]      0.150310  0.132349
    energy mae [kcal/mol]          5.579679  5.589169
    energy R²                    N/A  0.927673
    forces mae [kcal/mol/Å]        7.976847  7.484374
    forces R²                    N/A  0.961800
    dipole mae [tgt units]   0.018912  0.020800
    dipole R²                    N/A  0.998729
    dipole MSE [tgt²]        0.000302  0.000394
    charge loss [e²]         0.002060  0.000234
    charge RMSE [e]          0.045386  0.015310
    LR scale:  1.000000, effective LR:  0.000400
epoch: 383                    train:   valid:
    weighted total loss      0.204305  0.166860
    energy MSE [eV²]         0.052451  0.036273
    force MSE [(eV/Å)²]      0.151087  0.130197
    energy mae [kcal/mol]          5.694948  4.410755
    energy R²                    N/A  0.944844
    forces mae [kcal/mol/Å]        7.972475  7.411847
    forces R²                    N/A  0.962405
    dipole mae [tgt units]   0.018590  0.020809
    dipole R²                    N/A  0.998760
    dipole MSE [tgt²]        0.000290  0.000384
    charge loss [e²]         0.000476  0.000006
    charge RMSE [e]          0.021827  0.002546
    LR scale:  1.000000, effective LR:  0.000400
epoch: 384                    train:   valid:
    weighted total loss      0.202442  0.169392
    energy MSE [eV²]         0.050288  0.039662
    force MSE [(eV/Å)²]      0.150256  0.129327
    energy mae [kcal/mol]          5.567718  4.139895
    energy R²                    N/A  0.941796
    forces mae [kcal/mol/Å]        7.951888  7.404119
    forces R²                    N/A  0.962634
    dipole mae [tgt units]   0.018813  0.021053
    dipole R²                    N/A  0.998720
    dipole MSE [tgt²]        0.000298  0.000398
    charge loss [e²]         0.001601  0.000005
    charge RMSE [e]          0.040012  0.002293
    LR scale:  1.000000, effective LR:  0.000400
epoch: 385                    train:   valid:
    weighted total loss      0.198222  0.181369
    energy MSE [eV²]         0.046654  0.049616
    force MSE [(eV/Å)²]      0.151101  0.130911
    energy mae [kcal/mol]          5.298217  5.471113
    energy R²                    N/A  0.926122
    forces mae [kcal/mol/Å]        7.969582  7.446134
    forces R²                    N/A  0.962205
    dipole mae [tgt units]   0.018716  0.026936
    dipole R²                    N/A  0.997782
    dipole MSE [tgt²]        0.000300  0.000687
    charge loss [e²]         0.000167  0.000155
    charge RMSE [e]          0.012928  0.012438
    LR scale:  1.000000, effective LR:  0.000400
epoch: 386                    train:   valid:
    weighted total loss      0.199729  0.168040
    energy MSE [eV²]         0.047808  0.038223
    force MSE [(eV/Å)²]      0.150291  0.129396
    energy mae [kcal/mol]          5.389363  4.481044
    energy R²                    N/A  0.941896
    forces mae [kcal/mol/Å]        7.941545  7.498033
    forces R²                    N/A  0.962551
    dipole mae [tgt units]   0.018620  0.021156
    dipole R²                    N/A  0.998666
    dipole MSE [tgt²]        0.000292  0.000415
    charge loss [e²]         0.001339  0.000006
    charge RMSE [e]          0.036596  0.002448
    LR scale:  1.000000, effective LR:  0.000400
epoch: 387                    train:   valid:
    weighted total loss      0.202199  0.169739
    energy MSE [eV²]         0.049947  0.041635
    force MSE [(eV/Å)²]      0.150419  0.127705
    energy mae [kcal/mol]          5.587661  5.045197
    energy R²                    N/A  0.938060
    forces mae [kcal/mol/Å]        7.946620  7.381950
    forces R²                    N/A  0.963075
    dipole mae [tgt units]   0.018532  0.021133
    dipole R²                    N/A  0.998735
    dipole MSE [tgt²]        0.000285  0.000393
    charge loss [e²]         0.001548  0.000006
    charge RMSE [e]          0.039338  0.002353
    LR scale:  1.000000, effective LR:  0.000400
epoch: 388                    train:   valid:
    weighted total loss      0.195989  0.166678
    energy MSE [eV²]         0.046131  0.034435
    force MSE [(eV/Å)²]      0.149555  0.131865
    energy mae [kcal/mol]          5.262965  4.063894
    energy R²                    N/A  0.948443
    forces mae [kcal/mol/Å]        7.915986  7.531880
    forces R²                    N/A  0.961938
    dipole mae [tgt units]   0.018725  0.019848
    dipole R²                    N/A  0.998805
    dipole MSE [tgt²]        0.000294  0.000374
    charge loss [e²]         0.000009  0.000005
    charge RMSE [e]          0.002921  0.002186
    LR scale:  1.000000, effective LR:  0.000400
epoch: 389                    train:   valid:
    weighted total loss      0.205858  0.165213
    energy MSE [eV²]         0.052583  0.035747
    force MSE [(eV/Å)²]      0.150312  0.129074
    energy mae [kcal/mol]          5.655540  4.073757
    energy R²                    N/A  0.947361
    forces mae [kcal/mol/Å]        7.954467  7.365090
    forces R²                    N/A  0.962732
    dipole mae [tgt units]   0.018715  0.020809
    dipole R²                    N/A  0.998755
    dipole MSE [tgt²]        0.000291  0.000387
    charge loss [e²]         0.002672  0.000005
    charge RMSE [e]          0.051689  0.002207
    LR scale:  1.000000, effective LR:  0.000400
    ✓ Best valid checkpoint: params-best-bd8b7a90-13fa-4943-9453-6b3ef7bf4433.json (weighted loss=0.165213, epoch 389)
epoch: 390                    train:   valid:
    weighted total loss      0.202787  0.164060
    energy MSE [eV²]         0.052404  0.033805
    force MSE [(eV/Å)²]      0.149756  0.129831
    energy mae [kcal/mol]          5.601584  3.988422
    energy R²                    N/A  0.949665
    forces mae [kcal/mol/Å]        7.919333  7.397820
    forces R²                    N/A  0.962529
    dipole mae [tgt units]   0.018640  0.020543
    dipole R²                    N/A  0.998774
    dipole MSE [tgt²]        0.000291  0.000379
    charge loss [e²]         0.000337  0.000046
    charge RMSE [e]          0.018370  0.006748
    LR scale:  1.000000, effective LR:  0.000400
    ✓ Best valid checkpoint: params-best-bd8b7a90-13fa-4943-9453-6b3ef7bf4433.json (weighted loss=0.164060, epoch 390)
epoch: 391                    train:   valid:
    weighted total loss      0.192945  0.160546
    energy MSE [eV²]         0.043115  0.032847
    force MSE [(eV/Å)²]      0.149535  0.127320
    energy mae [kcal/mol]          5.093919  3.907983
    energy R²                    N/A  0.950159
    forces mae [kcal/mol/Å]        7.904062  7.331251
    forces R²                    N/A  0.963221
    dipole mae [tgt units]   0.018121  0.020070
    dipole R²                    N/A  0.998813
    dipole MSE [tgt²]        0.000276  0.000368
    charge loss [e²]         0.000019  0.000011
    charge RMSE [e]          0.004343  0.003245
    LR scale:  1.000000, effective LR:  0.000400
    ✓ Best valid checkpoint: params-best-bd8b7a90-13fa-4943-9453-6b3ef7bf4433.json (weighted loss=0.160546, epoch 391)
epoch: 392                    train:   valid:
    weighted total loss      0.202604  0.165426
    energy MSE [eV²]         0.051801  0.036904
    force MSE [(eV/Å)²]      0.149330  0.128119
    energy mae [kcal/mol]          5.607584  4.299380
    energy R²                    N/A  0.943376
    forces mae [kcal/mol/Å]        7.909750  7.343585
    forces R²                    N/A  0.962991
    dipole mae [tgt units]   0.018606  0.020618
    dipole R²                    N/A  0.998754
    dipole MSE [tgt²]        0.000289  0.000388
    charge loss [e²]         0.001183  0.000014
    charge RMSE [e]          0.034397  0.003800
    LR scale:  1.000000, effective LR:  0.000400
epoch: 393                    train:   valid:
    weighted total loss      0.200315  0.166332
    energy MSE [eV²]         0.048501  0.036071
    force MSE [(eV/Å)²]      0.148745  0.128492
    energy mae [kcal/mol]          5.471762  4.412388
    energy R²                    N/A  0.945037
    forces mae [kcal/mol/Å]        7.888916  7.341810
    forces R²                    N/A  0.962896
    dipole mae [tgt units]   0.018496  0.021261
    dipole R²                    N/A  0.998707
    dipole MSE [tgt²]        0.000285  0.000400
    charge loss [e²]         0.002783  0.001369
    charge RMSE [e]          0.052756  0.036997
    LR scale:  1.000000, effective LR:  0.000400
epoch: 394                    train:   valid:
    weighted total loss      0.204045  0.164991
    energy MSE [eV²]         0.054102  0.034806
    force MSE [(eV/Å)²]      0.149236  0.129759
    energy mae [kcal/mol]          5.786684  4.065009
    energy R²                    N/A  0.946335
    forces mae [kcal/mol/Å]        7.914085  7.485591
    forces R²                    N/A  0.962472
    dipole mae [tgt units]   0.018627  0.020299
    dipole R²                    N/A  0.998795
    dipole MSE [tgt²]        0.000297  0.000377
    charge loss [e²]         0.000411  0.000050
    charge RMSE [e]          0.020265  0.007087
    LR scale:  1.000000, effective LR:  0.000400
epoch: 395                    train:   valid:
    weighted total loss      0.195460  0.162056
    energy MSE [eV²]         0.046150  0.033564
    force MSE [(eV/Å)²]      0.148993  0.128075
    energy mae [kcal/mol]          5.293360  3.977354
    energy R²                    N/A  0.949632
    forces mae [kcal/mol/Å]        7.886460  7.333005
    forces R²                    N/A  0.963021
    dipole mae [tgt units]   0.018418  0.019883
    dipole R²                    N/A  0.998847
    dipole MSE [tgt²]        0.000283  0.000357
    charge loss [e²]         0.000033  0.000060
    charge RMSE [e]          0.005777  0.007755
    LR scale:  1.000000, effective LR:  0.000400
epoch: 396                    train:   valid:
    weighted total loss      0.196918  0.182704
    energy MSE [eV²]         0.046745  0.050872
    force MSE [(eV/Å)²]      0.148622  0.131443
    energy mae [kcal/mol]          5.199547  5.828173
    energy R²                    N/A  0.925712
    forces mae [kcal/mol/Å]        7.870045  7.440136
    forces R²                    N/A  0.962080
    dipole mae [tgt units]   0.018892  0.020523
    dipole R²                    N/A  0.998767
    dipole MSE [tgt²]        0.000304  0.000384
    charge loss [e²]         0.001247  0.000004
    charge RMSE [e]          0.035313  0.002083
    LR scale:  1.000000, effective LR:  0.000400
epoch: 397                    train:   valid:
    weighted total loss      0.207982  0.166725
    energy MSE [eV²]         0.056481  0.038031
    force MSE [(eV/Å)²]      0.149103  0.128305
    energy mae [kcal/mol]          5.838866  4.209615
    energy R²                    N/A  0.943053
    forces mae [kcal/mol/Å]        7.891760  7.325165
    forces R²                    N/A  0.962956
    dipole mae [tgt units]   0.018331  0.020318
    dipole R²                    N/A  0.998791
    dipole MSE [tgt²]        0.000282  0.000377
    charge loss [e²]         0.002115  0.000012
    charge RMSE [e]          0.045990  0.003525
    LR scale:  1.000000, effective LR:  0.000400
epoch: 398                    train:   valid:
    weighted total loss      0.198292  0.162635
    energy MSE [eV²]         0.048879  0.032736
    force MSE [(eV/Å)²]      0.149002  0.129510
    energy mae [kcal/mol]          5.466980  3.969516
    energy R²                    N/A  0.951146
    forces mae [kcal/mol/Å]        7.891542  7.375119
    forces R²                    N/A  0.962621
    dipole mae [tgt units]   0.018148  0.020311
    dipole R²                    N/A  0.998766
    dipole MSE [tgt²]        0.000274  0.000385
    charge loss [e²]         0.000136  0.000004
    charge RMSE [e]          0.011678  0.002107
    LR scale:  1.000000, effective LR:  0.000400
epoch: 399                    train:   valid:
    weighted total loss      0.197571  0.161920
    energy MSE [eV²]         0.047862  0.035368
    force MSE [(eV/Å)²]      0.148216  0.126151
    energy mae [kcal/mol]          5.355220  4.028031
    energy R²                    N/A  0.947468
    forces mae [kcal/mol/Å]        7.845282  7.304912
    forces R²                    N/A  0.963522
    dipole mae [tgt units]   0.018510  0.020954
    dipole R²                    N/A  0.998728
    dipole MSE [tgt²]        0.000287  0.000396
    charge loss [e²]         0.001206  0.000004
    charge RMSE [e]          0.034731  0.002094
    LR scale:  1.000000, effective LR:  0.000400
epoch: 400                    train:   valid:
    weighted total loss      0.206079  0.162361
    energy MSE [eV²]         0.055360  0.032280
    force MSE [(eV/Å)²]      0.147686  0.128762
    energy mae [kcal/mol]          5.822158  4.001424
    energy R²                    N/A  0.951749
    forces mae [kcal/mol/Å]        7.849643  7.333571
    forces R²                    N/A  0.962836
    dipole mae [tgt units]   0.018931  0.020931
    dipole R²                    N/A  0.998673
    dipole MSE [tgt²]        0.000302  0.000412
    charge loss [e²]         0.002731  0.000907
    charge RMSE [e]          0.052257  0.030113
    LR scale:  1.000000, effective LR:  0.000400
epoch: 401                    train:   valid:
    weighted total loss      0.193290  0.207093
    energy MSE [eV²]         0.044798  0.079188
    force MSE [(eV/Å)²]      0.148184  0.127464
    energy mae [kcal/mol]          5.155976  7.823209
    energy R²                    N/A  0.881211
    forces mae [kcal/mol/Å]        7.837145  7.342817
    forces R²                    N/A  0.963188
    dipole mae [tgt units]   0.018330  0.021775
    dipole R²                    N/A  0.998636
    dipole MSE [tgt²]        0.000281  0.000421
    charge loss [e²]         0.000028  0.000019
    charge RMSE [e]          0.005308  0.004323
    LR scale:  1.000000, effective LR:  0.000400
epoch: 402                    train:   valid:
    weighted total loss      0.203378  0.169081
    energy MSE [eV²]         0.053561  0.041129
    force MSE [(eV/Å)²]      0.147816  0.127591
    energy mae [kcal/mol]          5.736061  4.633518
    energy R²                    N/A  0.938242
    forces mae [kcal/mol/Å]        7.838335  7.282660
    forces R²                    N/A  0.963147
    dipole mae [tgt units]   0.018440  0.019824
    dipole R²                    N/A  0.998858
    dipole MSE [tgt²]        0.000287  0.000356
    charge loss [e²]         0.001714  0.000005
    charge RMSE [e]          0.041396  0.002283
    LR scale:  1.000000, effective LR:  0.000400
epoch: 403                    train:   valid:
    weighted total loss      0.193224  0.186614
    energy MSE [eV²]         0.045152  0.058958
    force MSE [(eV/Å)²]      0.147608  0.127271
    energy mae [kcal/mol]          5.199006  6.072194
    energy R²                    N/A  0.908925
    forces mae [kcal/mol/Å]        7.819834  7.382495
    forces R²                    N/A  0.963184
    dipole mae [tgt units]   0.018133  0.020148
    dipole R²                    N/A  0.998776
    dipole MSE [tgt²]        0.000277  0.000380
    charge loss [e²]         0.000186  0.000004
    charge RMSE [e]          0.013652  0.001992
    LR scale:  1.000000, effective LR:  0.000400
epoch: 404                    train:   valid:
    weighted total loss      0.206184  0.160929
    energy MSE [eV²]         0.055074  0.032901
    force MSE [(eV/Å)²]      0.147824  0.127661
    energy mae [kcal/mol]          5.756824  4.084169
    energy R²                    N/A  0.949762
    forces mae [kcal/mol/Å]        7.841571  7.297825
    forces R²                    N/A  0.963149
    dipole mae [tgt units]   0.018297  0.019703
    dipole R²                    N/A  0.998853
    dipole MSE [tgt²]        0.000282  0.000357
    charge loss [e²]         0.003004  0.000010
    charge RMSE [e]          0.054811  0.003107
    LR scale:  1.000000, effective LR:  0.000400
epoch: 405                    train:   valid:
    weighted total loss      0.196879  0.169552
    energy MSE [eV²]         0.048977  0.042084
    force MSE [(eV/Å)²]      0.147620  0.127102
    energy mae [kcal/mol]          5.440318  4.953130
    energy R²                    N/A  0.938408
    forces mae [kcal/mol/Å]        7.827417  7.346827
    forces R²                    N/A  0.963243
    dipole mae [tgt units]   0.017958  0.019900
    dipole R²                    N/A  0.998842
    dipole MSE [tgt²]        0.000270  0.000360
    charge loss [e²]         0.000012  0.000005
    charge RMSE [e]          0.003415  0.002275
    LR scale:  1.000000, effective LR:  0.000400
epoch: 406                    train:   valid:
    weighted total loss      0.201408  0.160399
    energy MSE [eV²]         0.053265  0.033636
    force MSE [(eV/Å)²]      0.147082  0.126383
    energy mae [kcal/mol]          5.724499  3.919197
    energy R²                    N/A  0.949859
    forces mae [kcal/mol/Å]        7.812836  7.241172
    forces R²                    N/A  0.963504
    dipole mae [tgt units]   0.017944  0.020005
    dipole R²                    N/A  0.998808
    dipole MSE [tgt²]        0.000267  0.000371
    charge loss [e²]         0.000794  0.000009
    charge RMSE [e]          0.028185  0.003040
    LR scale:  1.000000, effective LR:  0.000400
    ✓ Best valid checkpoint: params-best-bd8b7a90-13fa-4943-9453-6b3ef7bf4433.json (weighted loss=0.160399, epoch 406)
epoch: 407                    train:   valid:
    weighted total loss      0.195459  0.159141
    energy MSE [eV²]         0.047229  0.032391
    force MSE [(eV/Å)²]      0.146919  0.126329
    energy mae [kcal/mol]          5.403748  3.865711
    energy R²                    N/A  0.951740
    forces mae [kcal/mol/Å]        7.799667  7.257644
    forces R²                    N/A  0.963500
    dipole mae [tgt units]   0.018168  0.021277
    dipole R²                    N/A  0.998698
    dipole MSE [tgt²]        0.000278  0.000404
    charge loss [e²]         0.001033  0.000017
    charge RMSE [e]          0.032145  0.004146
    LR scale:  1.000000, effective LR:  0.000400
    ✓ Best valid checkpoint: params-best-bd8b7a90-13fa-4943-9453-6b3ef7bf4433.json (weighted loss=0.159141, epoch 407)
epoch: 408                    train:   valid:
    weighted total loss      0.195209  0.177601
    energy MSE [eV²]         0.047069  0.050620
    force MSE [(eV/Å)²]      0.146397  0.126236
    energy mae [kcal/mol]          5.309740  4.999219
    energy R²                    N/A  0.925161
    forces mae [kcal/mol/Å]        7.795838  7.249231
    forces R²                    N/A  0.963540
    dipole mae [tgt units]   0.017778  0.020119
    dipole R²                    N/A  0.998812
    dipole MSE [tgt²]        0.000263  0.000369
    charge loss [e²]         0.001481  0.000376
    charge RMSE [e]          0.038481  0.019387
    LR scale:  1.000000, effective LR:  0.000400
epoch: 409                    train:   valid:
    weighted total loss      0.203602  0.159442
    energy MSE [eV²]         0.054500  0.032422
    force MSE [(eV/Å)²]      0.146611  0.126628
    energy mae [kcal/mol]          5.766644  3.999332
    energy R²                    N/A  0.950326
    forces mae [kcal/mol/Å]        7.798559  7.254738
    forces R²                    N/A  0.963411
    dipole mae [tgt units]   0.018485  0.020184
    dipole R²                    N/A  0.998766
    dipole MSE [tgt²]        0.000288  0.000384
    charge loss [e²]         0.002204  0.000007
    charge RMSE [e]          0.046941  0.002665
    LR scale:  1.000000, effective LR:  0.000400
epoch: 410                    train:   valid:
    weighted total loss      0.192597  0.161206
    energy MSE [eV²]         0.045346  0.034692
    force MSE [(eV/Å)²]      0.146972  0.126134
    energy mae [kcal/mol]          5.128863  4.088531
    energy R²                    N/A  0.947619
    forces mae [kcal/mol/Å]        7.777848  7.268724
    forces R²                    N/A  0.963544
    dipole mae [tgt units]   0.017923  0.020208
    dipole R²                    N/A  0.998792
    dipole MSE [tgt²]        0.000271  0.000376
    charge loss [e²]         0.000009  0.000004
    charge RMSE [e]          0.002997  0.002002
    LR scale:  1.000000, effective LR:  0.000400
epoch: 411                    train:   valid:
    weighted total loss      0.195366  0.159801
    energy MSE [eV²]         0.048362  0.030856
    force MSE [(eV/Å)²]      0.146083  0.128539
    energy mae [kcal/mol]          5.454014  3.828136
    energy R²                    N/A  0.954353
    forces mae [kcal/mol/Å]        7.774296  7.340321
    forces R²                    N/A  0.962904
    dipole mae [tgt units]   0.017883  0.020222
    dipole R²                    N/A  0.998775
    dipole MSE [tgt²]        0.000269  0.000380
    charge loss [e²]         0.000653  0.000026
    charge RMSE [e]          0.025548  0.005120
    LR scale:  1.000000, effective LR:  0.000400
epoch: 412                    train:   valid:
    weighted total loss      0.198137  0.164299
    energy MSE [eV²]         0.050047  0.034954
    force MSE [(eV/Å)²]      0.146195  0.126284
    energy mae [kcal/mol]          5.529039  3.986017
    energy R²                    N/A  0.947338
    forces mae [kcal/mol/Å]        7.769194  7.236392
    forces R²                    N/A  0.963519
    dipole mae [tgt units]   0.017677  0.021559
    dipole R²                    N/A  0.998648
    dipole MSE [tgt²]        0.000259  0.000419
    charge loss [e²]         0.001636  0.002642
    charge RMSE [e]          0.040442  0.051402
    LR scale:  1.000000, effective LR:  0.000400
epoch: 413                    train:   valid:
    weighted total loss      0.199317  0.160829
    energy MSE [eV²]         0.050730  0.034111
    force MSE [(eV/Å)²]      0.146471  0.126318
    energy mae [kcal/mol]          5.503506  3.969770
    energy R²                    N/A  0.949804
    forces mae [kcal/mol/Å]        7.775185  7.239382
    forces R²                    N/A  0.963523
    dipole mae [tgt units]   0.018034  0.020196
    dipole R²                    N/A  0.998786
    dipole MSE [tgt²]        0.000270  0.000376
    charge loss [e²]         0.001846  0.000023
    charge RMSE [e]          0.042965  0.004774
    LR scale:  1.000000, effective LR:  0.000400
epoch: 414                    train:   valid:
    weighted total loss      0.198034  0.168786
    energy MSE [eV²]         0.050437  0.036180
    force MSE [(eV/Å)²]      0.146496  0.127691
    energy mae [kcal/mol]          5.465567  4.123875
    energy R²                    N/A  0.947154
    forces mae [kcal/mol/Å]        7.785736  7.286785
    forces R²                    N/A  0.963148
    dipole mae [tgt units]   0.017856  0.020817
    dipole R²                    N/A  0.998733
    dipole MSE [tgt²]        0.000265  0.000391
    charge loss [e²]         0.000837  0.004524
    charge RMSE [e]          0.028926  0.067260
    LR scale:  1.000000, effective LR:  0.000400
epoch: 415                    train:   valid:
    weighted total loss      0.191319  0.163694
    energy MSE [eV²]         0.044400  0.038637
    force MSE [(eV/Å)²]      0.146073  0.124619
    energy mae [kcal/mol]          5.211276  4.527648
    energy R²                    N/A  0.943360
    forces mae [kcal/mol/Å]        7.761538  7.191600
    forces R²                    N/A  0.963996
    dipole mae [tgt units]   0.018016  0.022308
    dipole R²                    N/A  0.998600
    dipole MSE [tgt²]        0.000273  0.000433
    charge loss [e²]         0.000573  0.000006
    charge RMSE [e]          0.023940  0.002368
    LR scale:  1.000000, effective LR:  0.000400
epoch: 416                    train:   valid:
    weighted total loss      0.194933  0.163645
    energy MSE [eV²]         0.048307  0.036734
    force MSE [(eV/Å)²]      0.145823  0.126038
    energy mae [kcal/mol]          5.389926  4.248331
    energy R²                    N/A  0.945556
    forces mae [kcal/mol/Å]        7.759290  7.260307
    forces R²                    N/A  0.963614
    dipole mae [tgt units]   0.017915  0.023767
    dipole R²                    N/A  0.998371
    dipole MSE [tgt²]        0.000268  0.000506
    charge loss [e²]         0.000534  0.000367
    charge RMSE [e]          0.023118  0.019161
    LR scale:  1.000000, effective LR:  0.000400
epoch: 417                    train:   valid:
    weighted total loss      0.196637  0.170168
    energy MSE [eV²]         0.048398  0.041546
    force MSE [(eV/Å)²]      0.145409  0.128246
    energy mae [kcal/mol]          5.435473  4.848439
    energy R²                    N/A  0.937518
    forces mae [kcal/mol/Å]        7.743170  7.290479
    forces R²                    N/A  0.962992
    dipole mae [tgt units]   0.018627  0.019788
    dipole R²                    N/A  0.998816
    dipole MSE [tgt²]        0.000290  0.000368
    charge loss [e²]         0.002541  0.000008
    charge RMSE [e]          0.050404  0.002900
    LR scale:  1.000000, effective LR:  0.000400
epoch: 418                    train:   valid:
    weighted total loss      0.192880  0.189621
    energy MSE [eV²]         0.047512  0.062529
    force MSE [(eV/Å)²]      0.145031  0.126457
    energy mae [kcal/mol]          5.326200  6.684152
    energy R²                    N/A  0.908043
    forces mae [kcal/mol/Å]        7.732009  7.251737
    forces R²                    N/A  0.963478
    dipole mae [tgt units]   0.017543  0.020435
    dipole R²                    N/A  0.998745
    dipole MSE [tgt²]        0.000255  0.000391
    charge loss [e²]         0.000081  0.000244
    charge RMSE [e]          0.009025  0.015626
    LR scale:  1.000000, effective LR:  0.000400
epoch: 419                    train:   valid:
    weighted total loss      0.195620  0.162473
    energy MSE [eV²]         0.048474  0.036377
    force MSE [(eV/Å)²]      0.145431  0.125742
    energy mae [kcal/mol]          5.439192  4.227410
    energy R²                    N/A  0.943976
    forces mae [kcal/mol/Å]        7.742408  7.229597
    forces R²                    N/A  0.963677
    dipole mae [tgt units]   0.017974  0.019413
    dipole R²                    N/A  0.998873
    dipole MSE [tgt²]        0.000269  0.000351
    charge loss [e²]         0.001445  0.000004
    charge RMSE [e]          0.038014  0.001899
    LR scale:  1.000000, effective LR:  0.000400
epoch: 420                    train:   valid:
    weighted total loss      0.192888  0.159923
    energy MSE [eV²]         0.046717  0.034393
    force MSE [(eV/Å)²]      0.145582  0.125154
    energy mae [kcal/mol]          5.167500  3.945693
    energy R²                    N/A  0.949165
    forces mae [kcal/mol/Å]        7.728256  7.232141
    forces R²                    N/A  0.963826
    dipole mae [tgt units]   0.017977  0.020109
    dipole R²                    N/A  0.998807
    dipole MSE [tgt²]        0.000271  0.000371
    charge loss [e²]         0.000318  0.000005
    charge RMSE [e]          0.017827  0.002216
    LR scale:  1.000000, effective LR:  0.000400
epoch: 421                    train:   valid:
    weighted total loss      0.189096  0.162495
    energy MSE [eV²]         0.042960  0.036835
    force MSE [(eV/Å)²]      0.144978  0.125244
    energy mae [kcal/mol]          5.023072  4.020104
    energy R²                    N/A  0.945442
    forces mae [kcal/mol/Å]        7.720820  7.208329
    forces R²                    N/A  0.963797
    dipole mae [tgt units]   0.017596  0.021177
    dipole R²                    N/A  0.998704
    dipole MSE [tgt²]        0.000260  0.000400
    charge loss [e²]         0.000899  0.000016
    charge RMSE [e]          0.029981  0.004003
    LR scale:  1.000000, effective LR:  0.000400
epoch: 422                    train:   valid:
    weighted total loss      0.188866  0.163684
    energy MSE [eV²]         0.043570  0.039065
    force MSE [(eV/Å)²]      0.144789  0.124240
    energy mae [kcal/mol]          5.079435  4.780720
    energy R²                    N/A  0.941989
    forces mae [kcal/mol/Å]        7.702044  7.170260
    forces R²                    N/A  0.964099
    dipole mae [tgt units]   0.017570  0.019915
    dipole R²                    N/A  0.998837
    dipole MSE [tgt²]        0.000255  0.000362
    charge loss [e²]         0.000251  0.000017
    charge RMSE [e]          0.015852  0.004078
    LR scale:  1.000000, effective LR:  0.000400
epoch: 423                    train:   valid:
    weighted total loss      0.192107  0.169611
    energy MSE [eV²]         0.045600  0.042557
    force MSE [(eV/Å)²]      0.144477  0.125740
    energy mae [kcal/mol]          5.281868  4.846337
    energy R²                    N/A  0.937274
    forces mae [kcal/mol/Å]        7.697888  7.238641
    forces R²                    N/A  0.963695
    dipole mae [tgt units]   0.017424  0.019257
    dipole R²                    N/A  0.998895
    dipole MSE [tgt²]        0.000254  0.000344
    charge loss [e²]         0.001777  0.000970
    charge RMSE [e]          0.042159  0.031148
    LR scale:  1.000000, effective LR:  0.000400
epoch: 424                    train:   valid:
    weighted total loss      0.197812  0.163085
    energy MSE [eV²]         0.051790  0.038687
    force MSE [(eV/Å)²]      0.144355  0.123983
    energy mae [kcal/mol]          5.604634  4.465140
    energy R²                    N/A  0.941229
    forces mae [kcal/mol/Å]        7.688286  7.197614
    forces R²                    N/A  0.964136
    dipole mae [tgt units]   0.017633  0.020031
    dipole R²                    N/A  0.998827
    dipole MSE [tgt²]        0.000259  0.000365
    charge loss [e²]         0.001408  0.000050
    charge RMSE [e]          0.037529  0.007095
    LR scale:  1.000000, effective LR:  0.000400
epoch: 425                    train:   valid:
    weighted total loss      0.200716  0.160865
    energy MSE [eV²]         0.052844  0.036769
    force MSE [(eV/Å)²]      0.145223  0.123647
    energy mae [kcal/mol]          5.731636  4.422530
    energy R²                    N/A  0.945864
    forces mae [kcal/mol/Å]        7.715627  7.132485
    forces R²                    N/A  0.964278
    dipole mae [tgt units]   0.018134  0.022237
    dipole R²                    N/A  0.998564
    dipole MSE [tgt²]        0.000277  0.000443
    charge loss [e²]         0.002373  0.000006
    charge RMSE [e]          0.048709  0.002408
    LR scale:  1.000000, effective LR:  0.000400
epoch: 426                    train:   valid:
    weighted total loss      0.196486  0.157968
    energy MSE [eV²]         0.051005  0.032620
    force MSE [(eV/Å)²]      0.143499  0.124971
    energy mae [kcal/mol]          5.556299  3.974739
    energy R²                    N/A  0.951419
    forces mae [kcal/mol/Å]        7.684398  7.140537
    forces R²                    N/A  0.963931
    dipole mae [tgt units]   0.018192  0.020017
    dipole R²                    N/A  0.998801
    dipole MSE [tgt²]        0.000281  0.000371
    charge loss [e²]         0.001700  0.000005
    charge RMSE [e]          0.041234  0.002322
    LR scale:  1.000000, effective LR:  0.000400
    ✓ Best valid checkpoint: params-best-bd8b7a90-13fa-4943-9453-6b3ef7bf4433.json (weighted loss=0.157968, epoch 426)
epoch: 427                    train:   valid:
    weighted total loss      0.190101  0.162838
    energy MSE [eV²]         0.045873  0.036920
    force MSE [(eV/Å)²]      0.143929  0.125385
    energy mae [kcal/mol]          5.274443  4.438461
    energy R²                    N/A  0.944135
    forces mae [kcal/mol/Å]        7.675261  7.208081
    forces R²                    N/A  0.963772
    dipole mae [tgt units]   0.017778  0.021396
    dipole R²                    N/A  0.998619
    dipole MSE [tgt²]        0.000264  0.000427
    charge loss [e²]         0.000035  0.000105
    charge RMSE [e]          0.005942  0.010269
    LR scale:  1.000000, effective LR:  0.000400
epoch: 428                    train:   valid:
    weighted total loss      0.187596  0.163710
    energy MSE [eV²]         0.043002  0.036993
    force MSE [(eV/Å)²]      0.144020  0.124506
    energy mae [kcal/mol]          5.068131  3.985070
    energy R²                    N/A  0.944532
    forces mae [kcal/mol/Å]        7.670624  7.192786
    forces R²                    N/A  0.964011
    dipole mae [tgt units]   0.017490  0.019870
    dipole R²                    N/A  0.998832
    dipole MSE [tgt²]        0.000254  0.000363
    charge loss [e²]         0.000319  0.001848
    charge RMSE [e]          0.017872  0.042989
    LR scale:  1.000000, effective LR:  0.000400
epoch: 429                    train:   valid:
    weighted total loss      0.188630  0.159329
    energy MSE [eV²]         0.043271  0.033022
    force MSE [(eV/Å)²]      0.143649  0.125904
    energy mae [kcal/mol]          4.975185  3.914668
    energy R²                    N/A  0.950451
    forces mae [kcal/mol/Å]        7.676394  7.167712
    forces R²                    N/A  0.963666
    dipole mae [tgt units]   0.017789  0.019937
    dipole R²                    N/A  0.998821
    dipole MSE [tgt²]        0.000266  0.000366
    charge loss [e²]         0.001444  0.000037
    charge RMSE [e]          0.038002  0.006121
    LR scale:  1.000000, effective LR:  0.000400
epoch: 430                    train:   valid:
    weighted total loss      0.190876  0.158088
    energy MSE [eV²]         0.044629  0.034333
    force MSE [(eV/Å)²]      0.145046  0.123226
    energy mae [kcal/mol]          5.187195  3.993054
    energy R²                    N/A  0.947836
    forces mae [kcal/mol/Å]        7.693109  7.114851
    forces R²                    N/A  0.964392
    dipole mae [tgt units]   0.017807  0.020570
    dipole R²                    N/A  0.998755
    dipole MSE [tgt²]        0.000266  0.000386
    charge loss [e²]         0.000935  0.000143
    charge RMSE [e]          0.030580  0.011963
    LR scale:  1.000000, effective LR:  0.000400
epoch: 431                    train:   valid:
    weighted total loss      0.189343  0.155492
    energy MSE [eV²]         0.044288  0.030742
    force MSE [(eV/Å)²]      0.143181  0.124378
    energy mae [kcal/mol]          5.161890  3.854474
    energy R²                    N/A  0.954052
    forces mae [kcal/mol/Å]        7.657673  7.134600
    forces R²                    N/A  0.964083
    dipole mae [tgt units]   0.017515  0.019759
    dipole R²                    N/A  0.998844
    dipole MSE [tgt²]        0.000255  0.000361
    charge loss [e²]         0.001619  0.000011
    charge RMSE [e]          0.040236  0.003354
    LR scale:  1.000000, effective LR:  0.000400
    ✓ Best valid checkpoint: params-best-bd8b7a90-13fa-4943-9453-6b3ef7bf4433.json (weighted loss=0.155492, epoch 431)
epoch: 432                    train:   valid:
    weighted total loss      0.194336  0.161356
    energy MSE [eV²]         0.049223  0.035598
    force MSE [(eV/Å)²]      0.143279  0.124602
    energy mae [kcal/mol]          5.527059  4.556947
    energy R²                    N/A  0.947384
    forces mae [kcal/mol/Å]        7.665636  7.130817
    forces R²                    N/A  0.964028
    dipole mae [tgt units]   0.017520  0.021599
    dipole R²                    N/A  0.998680
    dipole MSE [tgt²]        0.000255  0.000409
    charge loss [e²]         0.001579  0.000747
    charge RMSE [e]          0.039732  0.027326
    LR scale:  1.000000, effective LR:  0.000400
epoch: 433                    train:   valid:
    weighted total loss      0.195685  0.156592
    energy MSE [eV²]         0.051621  0.032497
    force MSE [(eV/Å)²]      0.142850  0.123745
    energy mae [kcal/mol]          5.684049  4.114332
    energy R²                    N/A  0.951968
    forces mae [kcal/mol/Å]        7.639848  7.095587
    forces R²                    N/A  0.964286
    dipole mae [tgt units]   0.018124  0.019357
    dipole R²                    N/A  0.998888
    dipole MSE [tgt²]        0.000278  0.000346
    charge loss [e²]         0.000936  0.000005
    charge RMSE [e]          0.030599  0.002253
    LR scale:  1.000000, effective LR:  0.000400
epoch: 434                    train:   valid:
    weighted total loss      0.193584  0.165838
    energy MSE [eV²]         0.048929  0.042087
    force MSE [(eV/Å)²]      0.143120  0.123387
    energy mae [kcal/mol]          5.528371  5.013019
    energy R²                    N/A  0.938307
    forces mae [kcal/mol/Å]        7.639824  7.107624
    forces R²                    N/A  0.964361
    dipole mae [tgt units]   0.017190  0.019623
    dipole R²                    N/A  0.998855
    dipole MSE [tgt²]        0.000245  0.000356
    charge loss [e²]         0.001290  0.000008
    charge RMSE [e]          0.035920  0.002871
    LR scale:  1.000000, effective LR:  0.000400
epoch: 435                    train:   valid:
    weighted total loss      0.193219  0.159028
    energy MSE [eV²]         0.048857  0.035135
    force MSE [(eV/Å)²]      0.142687  0.123136
    energy mae [kcal/mol]          5.395124  4.158233
    energy R²                    N/A  0.947587
    forces mae [kcal/mol/Å]        7.627792  7.117506
    forces R²                    N/A  0.964420
    dipole mae [tgt units]   0.017801  0.020203
    dipole R²                    N/A  0.998797
    dipole MSE [tgt²]        0.000265  0.000374
    charge loss [e²]         0.001409  0.000382
    charge RMSE [e]          0.037535  0.019557
    LR scale:  1.000000, effective LR:  0.000400
epoch: 436                    train:   valid:
    weighted total loss      0.194540  0.155314
    energy MSE [eV²]         0.049549  0.031015
    force MSE [(eV/Å)²]      0.143405  0.123939
    energy mae [kcal/mol]          5.473094  3.723987
    energy R²                    N/A  0.954171
    forces mae [kcal/mol/Å]        7.637246  7.112424
    forces R²                    N/A  0.964213
    dipole mae [tgt units]   0.017194  0.019472
    dipole R²                    N/A  0.998863
    dipole MSE [tgt²]        0.000247  0.000355
    charge loss [e²]         0.001340  0.000006
    charge RMSE [e]          0.036601  0.002358
    LR scale:  1.000000, effective LR:  0.000400
    ✓ Best valid checkpoint: params-best-bd8b7a90-13fa-4943-9453-6b3ef7bf4433.json (weighted loss=0.155314, epoch 436)
epoch: 437                    train:   valid:
    weighted total loss      0.183715  0.190693
    energy MSE [eV²]         0.041411  0.067551
    force MSE [(eV/Å)²]      0.142015  0.122786
    energy mae [kcal/mol]          4.983968  7.202816
    energy R²                    N/A  0.896190
    forces mae [kcal/mol/Å]        7.603285  7.064641
    forces R²                    N/A  0.964542
    dipole mae [tgt units]   0.017433  0.019067
    dipole R²                    N/A  0.998919
    dipole MSE [tgt²]        0.000255  0.000336
    charge loss [e²]         0.000035  0.000021
    charge RMSE [e]          0.005934  0.004537
    LR scale:  1.000000, effective LR:  0.000400
epoch: 438                    train:   valid:
    weighted total loss      0.191833  0.156212
    energy MSE [eV²]         0.047639  0.034592
    force MSE [(eV/Å)²]      0.142562  0.121241
    energy mae [kcal/mol]          5.326755  4.000407
    energy R²                    N/A  0.947587
    forces mae [kcal/mol/Å]        7.620585  7.047728
    forces R²                    N/A  0.964967
    dipole mae [tgt units]   0.017287  0.020283
    dipole R²                    N/A  0.998791
    dipole MSE [tgt²]        0.000245  0.000376
    charge loss [e²]         0.001387  0.000004
    charge RMSE [e]          0.037238  0.001928
    LR scale:  1.000000, effective LR:  0.000400
epoch: 439                    train:   valid:
    weighted total loss      0.189180  0.162729
    energy MSE [eV²]         0.045830  0.034422
    force MSE [(eV/Å)²]      0.142428  0.123544
    energy mae [kcal/mol]          5.279104  3.980404
    energy R²                    N/A  0.949176
    forces mae [kcal/mol/Å]        7.617996  7.116487
    forces R²                    N/A  0.964313
    dipole mae [tgt units]   0.017267  0.018878
    dipole R²                    N/A  0.998922
    dipole MSE [tgt²]        0.000249  0.000337
    charge loss [e²]         0.000673  0.004425
    charge RMSE [e]          0.025939  0.066523
    LR scale:  1.000000, effective LR:  0.000400
epoch: 440                    train:   valid:
    weighted total loss      0.191408  0.155610
    energy MSE [eV²]         0.046896  0.031132
    force MSE [(eV/Å)²]      0.142615  0.124119
    energy mae [kcal/mol]          5.349526  3.904752
    energy R²                    N/A  0.952610
    forces mae [kcal/mol/Å]        7.603679  7.119931
    forces R²                    N/A  0.964163
    dipole mae [tgt units]   0.017265  0.019644
    dipole R²                    N/A  0.998858
    dipole MSE [tgt²]        0.000247  0.000355
    charge loss [e²]         0.001649  0.000004
    charge RMSE [e]          0.040606  0.001882
    LR scale:  1.000000, effective LR:  0.000400
epoch: 441                    train:   valid:
    weighted total loss      0.193965  0.160251
    energy MSE [eV²]         0.049865  0.035927
    force MSE [(eV/Å)²]      0.142850  0.122952
    energy mae [kcal/mol]          5.559324  3.929232
    energy R²                    N/A  0.946298
    forces mae [kcal/mol/Å]        7.617349  7.158122
    forces R²                    N/A  0.964429
    dipole mae [tgt units]   0.017464  0.019633
    dipole R²                    N/A  0.998842
    dipole MSE [tgt²]        0.000256  0.000360
    charge loss [e²]         0.000994  0.001011
    charge RMSE [e]          0.031526  0.031795
    LR scale:  1.000000, effective LR:  0.000400
epoch: 442                    train:   valid:
    weighted total loss      0.186656  0.157070
    energy MSE [eV²]         0.043891  0.033207
    force MSE [(eV/Å)²]      0.141492  0.123470
    energy mae [kcal/mol]          5.124403  4.046826
    energy R²                    N/A  0.949857
    forces mae [kcal/mol/Å]        7.577144  7.076792
    forces R²                    N/A  0.964356
    dipole mae [tgt units]   0.017248  0.020616
    dipole R²                    N/A  0.998742
    dipole MSE [tgt²]        0.000247  0.000390
    charge loss [e²]         0.001027  0.000003
    charge RMSE [e]          0.032041  0.001828
    LR scale:  1.000000, effective LR:  0.000400
epoch: 443                    train:   valid:
    weighted total loss      0.190562  0.156393
    energy MSE [eV²]         0.046052  0.034123
    force MSE [(eV/Å)²]      0.142170  0.121869
    energy mae [kcal/mol]          5.277075  4.068042
    energy R²                    N/A  0.947974
    forces mae [kcal/mol/Å]        7.589718  7.062971
    forces R²                    N/A  0.964791
    dipole mae [tgt units]   0.017865  0.020509
    dipole R²                    N/A  0.998722
    dipole MSE [tgt²]        0.000266  0.000396
    charge loss [e²]         0.002073  0.000006
    charge RMSE [e]          0.045534  0.002421
    LR scale:  1.000000, effective LR:  0.000400
epoch: 444                    train:   valid:
    weighted total loss      0.182034  0.153236
    energy MSE [eV²]         0.040510  0.030914
    force MSE [(eV/Å)²]      0.141292  0.121945
    energy mae [kcal/mol]          4.891775  3.841861
    energy R²                    N/A  0.953391
    forces mae [kcal/mol/Å]        7.587461  7.028636
    forces R²                    N/A  0.964786
    dipole mae [tgt units]   0.016505  0.020283
    dipole R²                    N/A  0.998802
    dipole MSE [tgt²]        0.000226  0.000371
    charge loss [e²]         0.000007  0.000005
    charge RMSE [e]          0.002577  0.002333
    LR scale:  1.000000, effective LR:  0.000400
    ✓ Best valid checkpoint: params-best-bd8b7a90-13fa-4943-9453-6b3ef7bf4433.json (weighted loss=0.153236, epoch 444)
epoch: 445                    train:   valid:
    weighted total loss      0.191489  0.156597
    energy MSE [eV²]         0.047555  0.034922
    force MSE [(eV/Å)²]      0.142233  0.121282
    energy mae [kcal/mol]          5.324213  4.010902
    energy R²                    N/A  0.946675
    forces mae [kcal/mol/Å]        7.587145  7.063154
    forces R²                    N/A  0.964927
    dipole mae [tgt units]   0.017797  0.019833
    dipole R²                    N/A  0.998813
    dipole MSE [tgt²]        0.000263  0.000369
    charge loss [e²]         0.001438  0.000024
    charge RMSE [e]          0.037919  0.004894
    LR scale:  1.000000, effective LR:  0.000400
epoch: 446                    train:   valid:
    weighted total loss      0.187190  0.161623
    energy MSE [eV²]         0.045593  0.036793
    force MSE [(eV/Å)²]      0.141193  0.124420
    energy mae [kcal/mol]          5.292767  4.434833
    energy R²                    N/A  0.944319
    forces mae [kcal/mol/Å]        7.558829  7.170059
    forces R²                    N/A  0.964074
    dipole mae [tgt units]   0.017401  0.019749
    dipole R²                    N/A  0.998856
    dipole MSE [tgt²]        0.000255  0.000354
    charge loss [e²]         0.000148  0.000056
    charge RMSE [e]          0.012174  0.007471
    LR scale:  1.000000, effective LR:  0.000400
epoch: 447                    train:   valid:
    weighted total loss      0.188621  0.161890
    energy MSE [eV²]         0.045263  0.037444
    force MSE [(eV/Å)²]      0.141642  0.124047
    energy mae [kcal/mol]          5.257260  4.400851
    energy R²                    N/A  0.944211
    forces mae [kcal/mol/Å]        7.585191  7.138270
    forces R²                    N/A  0.964204
    dipole mae [tgt units]   0.017444  0.018986
    dipole R²                    N/A  0.998909
    dipole MSE [tgt²]        0.000252  0.000341
    charge loss [e²]         0.001464  0.000058
    charge RMSE [e]          0.038259  0.007624
    LR scale:  1.000000, effective LR:  0.000400
epoch: 448                    train:   valid:
    weighted total loss      0.185539  0.159429
    energy MSE [eV²]         0.042730  0.036941
    force MSE [(eV/Å)²]      0.141775  0.122125
    energy mae [kcal/mol]          5.059361  4.542405
    energy R²                    N/A  0.943670
    forces mae [kcal/mol/Å]        7.563045  7.020790
    forces R²                    N/A  0.964733
    dipole mae [tgt units]   0.017442  0.019507
    dipole R²                    N/A  0.998853
    dipole MSE [tgt²]        0.000255  0.000359
    charge loss [e²]         0.000780  0.000004
    charge RMSE [e]          0.027931  0.001881
    LR scale:  1.000000, effective LR:  0.000400
epoch: 449                    train:   valid:
    weighted total loss      0.195786  0.155325
    energy MSE [eV²]         0.051191  0.032342
    force MSE [(eV/Å)²]      0.141659  0.122587
    energy mae [kcal/mol]          5.689412  4.045395
    energy R²                    N/A  0.950388
    forces mae [kcal/mol/Å]        7.580556  7.035667
    forces R²                    N/A  0.964615
    dipole mae [tgt units]   0.017208  0.020016
    dipole R²                    N/A  0.998813
    dipole MSE [tgt²]        0.000245  0.000372
    charge loss [e²]         0.002692  0.000024
    charge RMSE [e]          0.051880  0.004902
    LR scale:  1.000000, effective LR:  0.000400
epoch: 450                    train:   valid:
    weighted total loss      0.204315  0.181110
    energy MSE [eV²]         0.060428  0.057576
    force MSE [(eV/Å)²]      0.141969  0.123143
    energy mae [kcal/mol]          6.279102  5.844604
    energy R²                    N/A  0.915539
    forces mae [kcal/mol/Å]        7.586646  7.149029
    forces R²                    N/A  0.964395
    dipole mae [tgt units]   0.017869  0.019669
    dipole R²                    N/A  0.998845
    dipole MSE [tgt²]        0.000266  0.000360
    charge loss [e²]         0.001653  0.000031
    charge RMSE [e]          0.040658  0.005579
    LR scale:  1.000000, effective LR:  0.000400
epoch: 451                    train:   valid:
    weighted total loss      0.192713  0.156645
    energy MSE [eV²]         0.050160  0.034004
    force MSE [(eV/Å)²]      0.141418  0.122249
    energy mae [kcal/mol]          5.640060  4.011254
    energy R²                    N/A  0.949280
    forces mae [kcal/mol/Å]        7.567759  7.035039
    forces R²                    N/A  0.964696
    dipole mae [tgt units]   0.017036  0.019206
    dipole R²                    N/A  0.998894
    dipole MSE [tgt²]        0.000242  0.000344
    charge loss [e²]         0.000893  0.000047
    charge RMSE [e]          0.029876  0.006864
    LR scale:  1.000000, effective LR:  0.000400
epoch: 452                    train:   valid:
    weighted total loss      0.181691  0.160726
    energy MSE [eV²]         0.040418  0.036683
    force MSE [(eV/Å)²]      0.141018  0.123689
    energy mae [kcal/mol]          4.868907  4.221604
    energy R²                    N/A  0.945843
    forces mae [kcal/mol/Å]        7.546560  7.076430
    forces R²                    N/A  0.964283
    dipole mae [tgt units]   0.017211  0.019569
    dipole R²                    N/A  0.998876
    dipole MSE [tgt²]        0.000248  0.000351
    charge loss [e²]         0.000007  0.000003
    charge RMSE [e]          0.002659  0.001766
    LR scale:  1.000000, effective LR:  0.000400
epoch: 453                    train:   valid:
    weighted total loss      0.189212  0.153649
    energy MSE [eV²]         0.045990  0.032286
    force MSE [(eV/Å)²]      0.141341  0.120894
    energy mae [kcal/mol]          5.305250  3.823463
    energy R²                    N/A  0.950593
    forces mae [kcal/mol/Å]        7.550315  7.014964
    forces R²                    N/A  0.965061
    dipole mae [tgt units]   0.017160  0.022062
    dipole R²                    N/A  0.998504
    dipole MSE [tgt²]        0.000245  0.000464
    charge loss [e²]         0.001636  0.000005
    charge RMSE [e]          0.040442  0.002268
    LR scale:  1.000000, effective LR:  0.000400
epoch: 454                    train:   valid:
    weighted total loss      0.180443  0.154497
    energy MSE [eV²]         0.039606  0.033066
    force MSE [(eV/Å)²]      0.140457  0.121057
    energy mae [kcal/mol]          4.870303  3.948295
    energy R²                    N/A  0.949049
    forces mae [kcal/mol/Å]        7.521492  7.054734
    forces R²                    N/A  0.965005
    dipole mae [tgt units]   0.016867  0.019503
    dipole R²                    N/A  0.998862
    dipole MSE [tgt²]        0.000237  0.000354
    charge loss [e²]         0.000144  0.000020
    charge RMSE [e]          0.011984  0.004463
    LR scale:  1.000000, effective LR:  0.000400
epoch: 455                    train:   valid:
    weighted total loss      0.187036  0.153255
    energy MSE [eV²]         0.044285  0.033119
    force MSE [(eV/Å)²]      0.140789  0.119775
    energy mae [kcal/mol]          5.072418  3.986825
    energy R²                    N/A  0.949913
    forces mae [kcal/mol/Å]        7.553943  6.985821
    forces R²                    N/A  0.965372
    dipole mae [tgt units]   0.016952  0.019823
    dipole R²                    N/A  0.998852
    dipole MSE [tgt²]        0.000239  0.000358
    charge loss [e²]         0.001723  0.000003
    charge RMSE [e]          0.041508  0.001717
    LR scale:  1.000000, effective LR:  0.000400
epoch: 456                    train:   valid:
    weighted total loss      0.187299  0.165875
    energy MSE [eV²]         0.045938  0.042204
    force MSE [(eV/Å)²]      0.140390  0.121648
    energy mae [kcal/mol]          5.286299  4.764617
    energy R²                    N/A  0.938296
    forces mae [kcal/mol/Å]        7.526172  7.032613
    forces R²                    N/A  0.964859
    dipole mae [tgt units]   0.017175  0.021100
    dipole R²                    N/A  0.998699
    dipole MSE [tgt²]        0.000246  0.000403
    charge loss [e²]         0.000725  0.001621
    charge RMSE [e]          0.026921  0.040261
    LR scale:  1.000000, effective LR:  0.000400
epoch: 457                    train:   valid:
    weighted total loss      0.191643  0.155128
    energy MSE [eV²]         0.047785  0.033578
    force MSE [(eV/Å)²]      0.141394  0.121142
    energy mae [kcal/mol]          5.290210  3.855309
    energy R²                    N/A  0.949168
    forces mae [kcal/mol/Å]        7.552858  7.006311
    forces R²                    N/A  0.965010
    dipole mae [tgt units]   0.017467  0.020209
    dipole R²                    N/A  0.998703
    dipole MSE [tgt²]        0.000256  0.000403
    charge loss [e²]         0.002209  0.000005
    charge RMSE [e]          0.046995  0.002292
    LR scale:  1.000000, effective LR:  0.000400
epoch: 458                    train:   valid:
    weighted total loss      0.182187  0.156383
    energy MSE [eV²]         0.040842  0.035293
    force MSE [(eV/Å)²]      0.141094  0.120721
    energy mae [kcal/mol]          4.896924  4.088387
    energy R²                    N/A  0.946121
    forces mae [kcal/mol/Å]        7.556206  6.988117
    forces R²                    N/A  0.965129
    dipole mae [tgt units]   0.017117  0.019369
    dipole R²                    N/A  0.998878
    dipole MSE [tgt²]        0.000244  0.000348
    charge loss [e²]         0.000007  0.000020
    charge RMSE [e]          0.002608  0.004524
    LR scale:  1.000000, effective LR:  0.000400
epoch: 459                    train:   valid:
    weighted total loss      0.187018  0.158727
    energy MSE [eV²]         0.045016  0.038913
    force MSE [(eV/Å)²]      0.140050  0.119406
    energy mae [kcal/mol]          5.275388  4.177104
    energy R²                    N/A  0.941694
    forces mae [kcal/mol/Å]        7.508374  6.945625
    forces R²                    N/A  0.965492
    dipole mae [tgt units]   0.016700  0.020181
    dipole R²                    N/A  0.998809
    dipole MSE [tgt²]        0.000231  0.000370
    charge loss [e²]         0.001721  0.000038
    charge RMSE [e]          0.041479  0.006158
    LR scale:  1.000000, effective LR:  0.000400
epoch: 460                    train:   valid:
    weighted total loss      0.189555  0.158427
    energy MSE [eV²]         0.047940  0.036906
    force MSE [(eV/Å)²]      0.140156  0.121008
    energy mae [kcal/mol]          5.399684  4.215248
    energy R²                    N/A  0.944308
    forces mae [kcal/mol/Å]        7.517615  7.073786
    forces R²                    N/A  0.965004
    dipole mae [tgt units]   0.017200  0.020554
    dipole R²                    N/A  0.998756
    dipole MSE [tgt²]        0.000245  0.000387
    charge loss [e²]         0.001213  0.000126
    charge RMSE [e]          0.034830  0.011227
    LR scale:  1.000000, effective LR:  0.000400
epoch: 461                    train:   valid:
    weighted total loss      0.186130  0.156672
    energy MSE [eV²]         0.044315  0.036367
    force MSE [(eV/Å)²]      0.140385  0.119955
    energy mae [kcal/mol]          5.201146  4.088408
    energy R²                    N/A  0.943855
    forces mae [kcal/mol/Å]        7.512685  7.042368
    forces R²                    N/A  0.965271
    dipole mae [tgt units]   0.016893  0.019090
    dipole R²                    N/A  0.998901
    dipole MSE [tgt²]        0.000236  0.000343
    charge loss [e²]         0.001193  0.000007
    charge RMSE [e]          0.034543  0.002692
    LR scale:  1.000000, effective LR:  0.000400
epoch: 462                    train:   valid:
    weighted total loss      0.184536  0.156436
    energy MSE [eV²]         0.044323  0.036552
    force MSE [(eV/Å)²]      0.139909  0.119481
    energy mae [kcal/mol]          5.133340  4.023860
    energy R²                    N/A  0.944328
    forces mae [kcal/mol/Å]        7.499940  7.004057
    forces R²                    N/A  0.965434
    dipole mae [tgt units]   0.017265  0.019800
    dipole R²                    N/A  0.998829
    dipole MSE [tgt²]        0.000251  0.000364
    charge loss [e²]         0.000054  0.000038
    charge RMSE [e]          0.007343  0.006203
    LR scale:  1.000000, effective LR:  0.000400
epoch: 463                    train:   valid:
    weighted total loss      0.197122  0.159516
    energy MSE [eV²]         0.053882  0.038074
    force MSE [(eV/Å)²]      0.139992  0.121067
    energy mae [kcal/mol]          5.847349  4.578693
    energy R²                    N/A  0.942352
    forces mae [kcal/mol/Å]        7.514071  7.011704
    forces R²                    N/A  0.965019
    dipole mae [tgt units]   0.017076  0.019634
    dipole R²                    N/A  0.998860
    dipole MSE [tgt²]        0.000244  0.000354
    charge loss [e²]         0.003004  0.000021
    charge RMSE [e]          0.054809  0.004623
    LR scale:  1.000000, effective LR:  0.000400
epoch: 464                    train:   valid:
    weighted total loss      0.186996  0.151624
    energy MSE [eV²]         0.047296  0.030781
    force MSE [(eV/Å)²]      0.139179  0.120487
    energy mae [kcal/mol]          5.463502  3.815249
    energy R²                    N/A  0.953459
    forces mae [kcal/mol/Å]        7.496033  6.982625
    forces R²                    N/A  0.965205
    dipole mae [tgt units]   0.016609  0.019088
    dipole R²                    N/A  0.998873
    dipole MSE [tgt²]        0.000229  0.000352
    charge loss [e²]         0.000292  0.000004
    charge RMSE [e]          0.017102  0.002098
    LR scale:  1.000000, effective LR:  0.000400
    ✓ Best valid checkpoint: params-best-bd8b7a90-13fa-4943-9453-6b3ef7bf4433.json (weighted loss=0.151624, epoch 464)
epoch: 465                    train:   valid:
    weighted total loss      0.184446  0.154315
    energy MSE [eV²]         0.044316  0.031868
    force MSE [(eV/Å)²]      0.139010  0.122072
    energy mae [kcal/mol]          5.152082  4.046263
    energy R²                    N/A  0.952198
    forces mae [kcal/mol/Å]        7.476780  7.002935
    forces R²                    N/A  0.964776
    dipole mae [tgt units]   0.016925  0.020209
    dipole R²                    N/A  0.998799
    dipole MSE [tgt²]        0.000239  0.000372
    charge loss [e²]         0.000882  0.000003
    charge RMSE [e]          0.029695  0.001596
    LR scale:  1.000000, effective LR:  0.000400
epoch: 466                    train:   valid:
    weighted total loss      0.179129  0.163039
    energy MSE [eV²]         0.039287  0.042329
    force MSE [(eV/Å)²]      0.139600  0.120362
    energy mae [kcal/mol]          4.784593  5.148140
    energy R²                    N/A  0.937220
    forces mae [kcal/mol/Å]        7.487276  6.970476
    forces R²                    N/A  0.965233
    dipole mae [tgt units]   0.016522  0.019370
    dipole R²                    N/A  0.998892
    dipole MSE [tgt²]        0.000226  0.000345
    charge loss [e²]         0.000016  0.000003
    charge RMSE [e]          0.003952  0.001585
    LR scale:  1.000000, effective LR:  0.000400
epoch: 467                    train:   valid:
    weighted total loss      0.183385  0.155419
    energy MSE [eV²]         0.042939  0.032939
    force MSE [(eV/Å)²]      0.138898  0.122095
    energy mae [kcal/mol]          5.049097  3.944342
    energy R²                    N/A  0.950519
    forces mae [kcal/mol/Å]        7.475062  7.010779
    forces R²                    N/A  0.964760
    dipole mae [tgt units]   0.017287  0.019377
    dipole R²                    N/A  0.998876
    dipole MSE [tgt²]        0.000252  0.000351
    charge loss [e²]         0.001295  0.000034
    charge RMSE [e]          0.035992  0.005813
    LR scale:  1.000000, effective LR:  0.000400
epoch: 468                    train:   valid:
    weighted total loss      0.183549  0.153539
    energy MSE [eV²]         0.042035  0.033562
    force MSE [(eV/Å)²]      0.139361  0.119625
    energy mae [kcal/mol]          4.985568  4.076391
    energy R²                    N/A  0.949025
    forces mae [kcal/mol/Å]        7.475462  6.949258
    forces R²                    N/A  0.965444
    dipole mae [tgt units]   0.016888  0.019305
    dipole R²                    N/A  0.998879
    dipole MSE [tgt²]        0.000237  0.000349
    charge loss [e²]         0.001916  0.000003
    charge RMSE [e]          0.043774  0.001773
    LR scale:  1.000000, effective LR:  0.000400
epoch: 469                    train:   valid:
    weighted total loss      0.188160  0.162274
    energy MSE [eV²]         0.046905  0.041204
    force MSE [(eV/Å)²]      0.138917  0.120662
    energy mae [kcal/mol]          5.356717  4.778506
    energy R²                    N/A  0.936999
    forces mae [kcal/mol/Å]        7.469482  6.956919
    forces R²                    N/A  0.965167
    dipole mae [tgt units]   0.016857  0.020591
    dipole R²                    N/A  0.998703
    dipole MSE [tgt²]        0.000238  0.000404
    charge loss [e²]         0.002101  0.000004
    charge RMSE [e]          0.045838  0.002095
    LR scale:  1.000000, effective LR:  0.000400
epoch: 470                    train:   valid:
    weighted total loss      0.183994  0.154041
    energy MSE [eV²]         0.044519  0.032952
    force MSE [(eV/Å)²]      0.139204  0.120538
    energy mae [kcal/mol]          5.236764  3.854721
    energy R²                    N/A  0.949654
    forces mae [kcal/mol/Å]        7.473974  6.988049
    forces R²                    N/A  0.965168
    dipole mae [tgt units]   0.017020  0.019023
    dipole R²                    N/A  0.998899
    dipole MSE [tgt²]        0.000244  0.000342
    charge loss [e²]         0.000027  0.000210
    charge RMSE [e]          0.005239  0.014479
    LR scale:  1.000000, effective LR:  0.000400
epoch: 471                    train:   valid:
    weighted total loss      0.179925  0.151943
    energy MSE [eV²]         0.039165  0.031421
    force MSE [(eV/Å)²]      0.138941  0.119199
    energy mae [kcal/mol]          4.838605  3.766122
    energy R²                    N/A  0.953029
    forces mae [kcal/mol/Å]        7.456324  6.913679
    forces R²                    N/A  0.965564
    dipole mae [tgt units]   0.016849  0.019206
    dipole R²                    N/A  0.998895
    dipole MSE [tgt²]        0.000235  0.000344
    charge loss [e²]         0.001585  0.000979
    charge RMSE [e]          0.039808  0.031292
    LR scale:  1.000000, effective LR:  0.000400
epoch: 472                    train:   valid:
    weighted total loss      0.182395  0.151050
    energy MSE [eV²]         0.043085  0.031492
    force MSE [(eV/Å)²]      0.138780  0.119200
    energy mae [kcal/mol]          5.025695  3.833339
    energy R²                    N/A  0.952274
    forces mae [kcal/mol/Å]        7.457941  6.901589
    forces R²                    N/A  0.965558
    dipole mae [tgt units]   0.016515  0.019519
    dipole R²                    N/A  0.998868
    dipole MSE [tgt²]        0.000225  0.000353
    charge loss [e²]         0.000305  0.000006
    charge RMSE [e]          0.017477  0.002413
    LR scale:  1.000000, effective LR:  0.000400
    ✓ Best valid checkpoint: params-best-bd8b7a90-13fa-4943-9453-6b3ef7bf4433.json (weighted loss=0.151050, epoch 472)
epoch: 473                    train:   valid:
    weighted total loss      0.187533  0.180630
    energy MSE [eV²]         0.046887  0.059180
    force MSE [(eV/Å)²]      0.138787  0.121098
    energy mae [kcal/mol]          5.374898  6.618309
    energy R²                    N/A  0.909761
    forces mae [kcal/mol/Å]        7.464102  7.034657
    forces R²                    N/A  0.964984
    dipole mae [tgt units]   0.016820  0.019579
    dipole R²                    N/A  0.998876
    dipole MSE [tgt²]        0.000234  0.000348
    charge loss [e²]         0.001625  0.000004
    charge RMSE [e]          0.040317  0.001882
    LR scale:  1.000000, effective LR:  0.000400
epoch: 474                    train:   valid:
    weighted total loss      0.181805  0.179775
    energy MSE [eV²]         0.042822  0.060005
    force MSE [(eV/Å)²]      0.138703  0.119352
    energy mae [kcal/mol]          5.040715  5.902977
    energy R²                    N/A  0.910302
    forces mae [kcal/mol/Å]        7.436285  6.989570
    forces R²                    N/A  0.965479
    dipole mae [tgt units]   0.016139  0.020345
    dipole R²                    N/A  0.998744
    dipole MSE [tgt²]        0.000216  0.000392
    charge loss [e²]         0.000064  0.000026
    charge RMSE [e]          0.008024  0.005100
    LR scale:  1.000000, effective LR:  0.000400
epoch: 475                    train:   valid:
    weighted total loss      0.187658  0.170417
    energy MSE [eV²]         0.046560  0.049475
    force MSE [(eV/Å)²]      0.139363  0.120550
    energy mae [kcal/mol]          5.177850  5.468847
    energy R²                    N/A  0.926276
    forces mae [kcal/mol/Å]        7.465808  6.971174
    forces R²                    N/A  0.965193
    dipole mae [tgt units]   0.016964  0.019330
    dipole R²                    N/A  0.998870
    dipole MSE [tgt²]        0.000242  0.000351
    charge loss [e²]         0.001493  0.000041
    charge RMSE [e]          0.038644  0.006407
    LR scale:  1.000000, effective LR:  0.000400
epoch: 476                    train:   valid:
    weighted total loss      0.178081  0.150876
    energy MSE [eV²]         0.039657  0.028987
    force MSE [(eV/Å)²]      0.137410  0.121525
    energy mae [kcal/mol]          4.810732  3.612983
    energy R²                    N/A  0.956193
    forces mae [kcal/mol/Å]        7.421795  6.965804
    forces R²                    N/A  0.964945
    dipole mae [tgt units]   0.016546  0.019929
    dipole R²                    N/A  0.998842
    dipole MSE [tgt²]        0.000229  0.000360
    charge loss [e²]         0.000785  0.000004
    charge RMSE [e]          0.028021  0.001946
    LR scale:  1.000000, effective LR:  0.000400
    ✓ Best valid checkpoint: params-best-bd8b7a90-13fa-4943-9453-6b3ef7bf4433.json (weighted loss=0.150876, epoch 476)
epoch: 477                    train:   valid:
    weighted total loss      0.184836  0.157703
    energy MSE [eV²]         0.044055  0.038130
    force MSE [(eV/Å)²]      0.138328  0.119219
    energy mae [kcal/mol]          5.173765  4.314208
    energy R²                    N/A  0.942764
    forces mae [kcal/mol/Å]        7.434425  6.905115
    forces R²                    N/A  0.965572
    dipole mae [tgt units]   0.016973  0.019232
    dipole R²                    N/A  0.998868
    dipole MSE [tgt²]        0.000241  0.000351
    charge loss [e²]         0.002212  0.000004
    charge RMSE [e]          0.047031  0.001939
    LR scale:  1.000000, effective LR:  0.000400
epoch: 478                    train:   valid:
    weighted total loss      0.189851  0.166427
    energy MSE [eV²]         0.048605  0.048301
    force MSE [(eV/Å)²]      0.138728  0.117732
    energy mae [kcal/mol]          5.541766  5.259929
    energy R²                    N/A  0.926814
    forces mae [kcal/mol/Å]        7.443802  6.889622
    forces R²                    N/A  0.965957
    dipole mae [tgt units]   0.016822  0.019665
    dipole R²                    N/A  0.998865
    dipole MSE [tgt²]        0.000237  0.000352
    charge loss [e²]         0.002280  0.000042
    charge RMSE [e]          0.047751  0.006492
    LR scale:  1.000000, effective LR:  0.000400
epoch: 479                    train:   valid:
    weighted total loss      0.181965  0.162813
    energy MSE [eV²]         0.044104  0.041000
    force MSE [(eV/Å)²]      0.137621  0.121428
    energy mae [kcal/mol]          5.150171  5.093463
    energy R²                    N/A  0.937911
    forces mae [kcal/mol/Å]        7.414751  6.952846
    forces R²                    N/A  0.964969
    dipole mae [tgt units]   0.016693  0.020426
    dipole R²                    N/A  0.998764
    dipole MSE [tgt²]        0.000231  0.000381
    charge loss [e²]         0.000010  0.000004
    charge RMSE [e]          0.003102  0.001892
    LR scale:  1.000000, effective LR:  0.000400
epoch: 480                    train:   valid:
    weighted total loss      0.186831  0.162653
    energy MSE [eV²]         0.049078  0.040629
    force MSE [(eV/Å)²]      0.136734  0.120565
    energy mae [kcal/mol]          5.498305  4.447439
    energy R²                    N/A  0.939111
    forces mae [kcal/mol/Å]        7.389111  6.977565
    forces R²                    N/A  0.965143
    dipole mae [tgt units]   0.016598  0.019689
    dipole R²                    N/A  0.998813
    dipole MSE [tgt²]        0.000230  0.000369
    charge loss [e²]         0.000789  0.001089
    charge RMSE [e]          0.028084  0.033007
    LR scale:  1.000000, effective LR:  0.000400
epoch: 481                    train:   valid:
    weighted total loss      0.181935  0.155460
    energy MSE [eV²]         0.042194  0.034616
    force MSE [(eV/Å)²]      0.137710  0.120246
    energy mae [kcal/mol]          5.006433  3.991238
    energy R²                    N/A  0.948645
    forces mae [kcal/mol/Å]        7.411564  6.980577
    forces R²                    N/A  0.965232
    dipole mae [tgt units]   0.016441  0.019944
    dipole R²                    N/A  0.998769
    dipole MSE [tgt²]        0.000224  0.000381
    charge loss [e²]         0.001806  0.000216
    charge RMSE [e]          0.042502  0.014698
    LR scale:  1.000000, effective LR:  0.000400
epoch: 482                    train:   valid:
    weighted total loss      0.180818  0.152436
    energy MSE [eV²]         0.041800  0.033061
    force MSE [(eV/Å)²]      0.137807  0.119041
    energy mae [kcal/mol]          4.953084  3.850554
    energy R²                    N/A  0.949182
    forces mae [kcal/mol/Å]        7.413912  6.887654
    forces R²                    N/A  0.965626
    dipole mae [tgt units]   0.016719  0.018658
    dipole R²                    N/A  0.998945
    dipole MSE [tgt²]        0.000232  0.000330
    charge loss [e²]         0.000978  0.000003
    charge RMSE [e]          0.031276  0.001795
    LR scale:  1.000000, effective LR:  0.000400
epoch: 483                    train:   valid:
    weighted total loss      0.176022  0.154153
    energy MSE [eV²]         0.038980  0.033283
    force MSE [(eV/Å)²]      0.136801  0.120500
    energy mae [kcal/mol]          4.766767  3.687999
    energy R²                    N/A  0.950424
    forces mae [kcal/mol/Å]        7.394474  6.904864
    forces R²                    N/A  0.965240
    dipole mae [tgt units]   0.016426  0.019711
    dipole R²                    N/A  0.998827
    dipole MSE [tgt²]        0.000222  0.000364
    charge loss [e²]         0.000019  0.000006
    charge RMSE [e]          0.004407  0.002499
    LR scale:  1.000000, effective LR:  0.000400
epoch: 484                    train:   valid:
    weighted total loss      0.177601  0.152709
    energy MSE [eV²]         0.039977  0.032645
    force MSE [(eV/Å)²]      0.137271  0.119426
    energy mae [kcal/mol]          4.938677  3.758182
    energy R²                    N/A  0.951340
    forces mae [kcal/mol/Å]        7.394547  6.891652
    forces R²                    N/A  0.965520
    dipole mae [tgt units]   0.016584  0.019357
    dipole R²                    N/A  0.998875
    dipole MSE [tgt²]        0.000228  0.000350
    charge loss [e²]         0.000125  0.000287
    charge RMSE [e]          0.011161  0.016929
    LR scale:  1.000000, effective LR:  0.000400
epoch: 485                    train:   valid:
    weighted total loss      0.193028  0.157439
    energy MSE [eV²]         0.050690  0.032591
    force MSE [(eV/Å)²]      0.137938  0.121928
    energy mae [kcal/mol]          5.493720  4.258925
    energy R²                    N/A  0.951253
    forces mae [kcal/mol/Å]        7.417540  6.974110
    forces R²                    N/A  0.964815
    dipole mae [tgt units]   0.017075  0.019207
    dipole R²                    N/A  0.998899
    dipole MSE [tgt²]        0.000247  0.000343
    charge loss [e²]         0.004153  0.002577
    charge RMSE [e]          0.064443  0.050763
    LR scale:  1.000000, effective LR:  0.000400
epoch: 486                    train:   valid:
    weighted total loss      0.184333  0.182182
    energy MSE [eV²]         0.045436  0.062664
    force MSE [(eV/Å)²]      0.137903  0.119178
    energy mae [kcal/mol]          5.263210  6.818491
    energy R²                    N/A  0.903765
    forces mae [kcal/mol/Å]        7.410362  6.898434
    forces R²                    N/A  0.965568
    dipole mae [tgt units]   0.016699  0.019070
    dipole R²                    N/A  0.998918
    dipole MSE [tgt²]        0.000233  0.000338
    charge loss [e²]         0.000762  0.000003
    charge RMSE [e]          0.027596  0.001659
    LR scale:  1.000000, effective LR:  0.000400
epoch: 487                    train:   valid:
    weighted total loss      0.180663  0.152541
    energy MSE [eV²]         0.041540  0.033039
    force MSE [(eV/Å)²]      0.137438  0.119170
    energy mae [kcal/mol]          4.992124  4.153076
    energy R²                    N/A  0.950692
    forces mae [kcal/mol/Å]        7.402209  6.898126
    forces R²                    N/A  0.965584
    dipole mae [tgt units]   0.016523  0.018854
    dipole R²                    N/A  0.998943
    dipole MSE [tgt²]        0.000226  0.000328
    charge loss [e²]         0.001459  0.000003
    charge RMSE [e]          0.038192  0.001768
    LR scale:  1.000000, effective LR:  0.000400
epoch: 488                    train:   valid:
    weighted total loss      0.177572  0.154180
    energy MSE [eV²]         0.040037  0.031781
    force MSE [(eV/Å)²]      0.137310  0.122015
    energy mae [kcal/mol]          4.864253  3.826020
    energy R²                    N/A  0.950872
    forces mae [kcal/mol/Å]        7.381322  7.036328
    forces R²                    N/A  0.964791
    dipole mae [tgt units]   0.016161  0.019954
    dipole R²                    N/A  0.998779
    dipole MSE [tgt²]        0.000218  0.000381
    charge loss [e²]         0.000006  0.000003
    charge RMSE [e]          0.002470  0.001742
    LR scale:  1.000000, effective LR:  0.000400
epoch: 489                    train:   valid:
    weighted total loss      0.180555  0.150074
    energy MSE [eV²]         0.041089  0.031222
    force MSE [(eV/Å)²]      0.137252  0.118499
    energy mae [kcal/mol]          4.906459  3.655743
    energy R²                    N/A  0.951598
    forces mae [kcal/mol/Å]        7.381321  6.864258
    forces R²                    N/A  0.965772
    dipole mae [tgt units]   0.016493  0.019079
    dipole R²                    N/A  0.998884
    dipole MSE [tgt²]        0.000228  0.000349
    charge loss [e²]         0.001986  0.000003
    charge RMSE [e]          0.044561  0.001607
    LR scale:  1.000000, effective LR:  0.000400
    ✓ Best valid checkpoint: params-best-bd8b7a90-13fa-4943-9453-6b3ef7bf4433.json (weighted loss=0.150074, epoch 489)
epoch: 490                    train:   valid:
    weighted total loss      0.179205  0.155802
    energy MSE [eV²]         0.042146  0.035416
    force MSE [(eV/Å)²]      0.136811  0.119994
    energy mae [kcal/mol]          5.016276  4.028036
    energy R²                    N/A  0.945046
    forces mae [kcal/mol/Å]        7.384449  7.005486
    forces R²                    N/A  0.965273
    dipole mae [tgt units]   0.016953  0.019789
    dipole R²                    N/A  0.998783
    dipole MSE [tgt²]        0.000243  0.000378
    charge loss [e²]         0.000005  0.000013
    charge RMSE [e]          0.002144  0.003619
    LR scale:  1.000000, effective LR:  0.000400
epoch: 491                    train:   valid:
    weighted total loss      0.183375  0.156005
    energy MSE [eV²]         0.044533  0.037569
    force MSE [(eV/Å)²]      0.136996  0.118046
    energy mae [kcal/mol]          5.250482  4.099391
    energy R²                    N/A  0.942342
    forces mae [kcal/mol/Å]        7.372910  6.920642
    forces R²                    N/A  0.965829
    dipole mae [tgt units]   0.016644  0.020109
    dipole R²                    N/A  0.998759
    dipole MSE [tgt²]        0.000231  0.000387
    charge loss [e²]         0.001615  0.000003
    charge RMSE [e]          0.040188  0.001858
    LR scale:  1.000000, effective LR:  0.000400
epoch: 492                    train:   valid:
    weighted total loss      0.179339  0.151680
    energy MSE [eV²]         0.042331  0.033080
    force MSE [(eV/Å)²]      0.136755  0.118221
    energy mae [kcal/mol]          4.900860  3.878647
    energy R²                    N/A  0.950105
    forces mae [kcal/mol/Å]        7.368762  6.864448
    forces R²                    N/A  0.965841
    dipole mae [tgt units]   0.016668  0.020204
    dipole R²                    N/A  0.998786
    dipole MSE [tgt²]        0.000232  0.000376
    charge loss [e²]         0.000022  0.000003
    charge RMSE [e]          0.004687  0.001740
    LR scale:  1.000000, effective LR:  0.000400
epoch: 493                    train:   valid:
    weighted total loss      0.186152  0.179138
    energy MSE [eV²]         0.047502  0.057717
    force MSE [(eV/Å)²]      0.136975  0.119538
    energy mae [kcal/mol]          5.412967  6.340715
    energy R²                    N/A  0.914747
    forces mae [kcal/mol/Å]        7.369754  6.886552
    forces R²                    N/A  0.965478
    dipole mae [tgt units]   0.016048  0.019867
    dipole R²                    N/A  0.998775
    dipole MSE [tgt²]        0.000213  0.000381
    charge loss [e²]         0.001462  0.001503
    charge RMSE [e]          0.038239  0.038765
    LR scale:  1.000000, effective LR:  0.000400
epoch: 494                    train:   valid:
    weighted total loss      0.179715  0.153572
    energy MSE [eV²]         0.041216  0.035937
    force MSE [(eV/Å)²]      0.136522  0.117296
    energy mae [kcal/mol]          5.067962  3.932756
    energy R²                    N/A  0.945226
    forces mae [kcal/mol/Å]        7.364401  6.856255
    forces R²                    N/A  0.966103
    dipole mae [tgt units]   0.016557  0.018662
    dipole R²                    N/A  0.998933
    dipole MSE [tgt²]        0.000230  0.000333
    charge loss [e²]         0.001746  0.000006
    charge RMSE [e]          0.041788  0.002544
    LR scale:  1.000000, effective LR:  0.000400
epoch: 495                    train:   valid:
    weighted total loss      0.176985  0.155279
    energy MSE [eV²]         0.040149  0.037784
    force MSE [(eV/Å)²]      0.136583  0.116858
    energy mae [kcal/mol]          4.882439  4.281551
    energy R²                    N/A  0.941015
    forces mae [kcal/mol/Å]        7.363230  6.848907
    forces R²                    N/A  0.966211
    dipole mae [tgt units]   0.016358  0.019519
    dipole R²                    N/A  0.998825
    dipole MSE [tgt²]        0.000225  0.000366
    charge loss [e²]         0.000028  0.000272
    charge RMSE [e]          0.005338  0.016480
    LR scale:  1.000000, effective LR:  0.000400
epoch: 496                    train:   valid:
    weighted total loss      0.184642  0.153718
    energy MSE [eV²]         0.044976  0.032483
    force MSE [(eV/Å)²]      0.136506  0.119093
    energy mae [kcal/mol]          5.214671  3.939026
    energy R²                    N/A  0.951255
    forces mae [kcal/mol/Å]        7.353929  6.847052
    forces R²                    N/A  0.965613
    dipole mae [tgt units]   0.016816  0.020877
    dipole R²                    N/A  0.998721
    dipole MSE [tgt²]        0.000238  0.000393
    charge loss [e²]         0.002921  0.001748
    charge RMSE [e]          0.054051  0.041815
    LR scale:  1.000000, effective LR:  0.000400
epoch: 497                    train:   valid:
    weighted total loss      0.184996  0.149644
    energy MSE [eV²]         0.046101  0.030766
    force MSE [(eV/Å)²]      0.136400  0.118537
    energy mae [kcal/mol]          5.257995  3.743830
    energy R²                    N/A  0.953114
    forces mae [kcal/mol/Å]        7.356951  6.902119
    forces R²                    N/A  0.965740
    dipole mae [tgt units]   0.016884  0.018766
    dipole R²                    N/A  0.998923
    dipole MSE [tgt²]        0.000239  0.000337
    charge loss [e²]         0.002256  0.000004
    charge RMSE [e]          0.047494  0.001955
    LR scale:  1.000000, effective LR:  0.000400
    ✓ Best valid checkpoint: params-best-bd8b7a90-13fa-4943-9453-6b3ef7bf4433.json (weighted loss=0.149644, epoch 497)
epoch: 498                    train:   valid:
    weighted total loss      0.172857  0.146330
    energy MSE [eV²]         0.037076  0.028403
    force MSE [(eV/Å)²]      0.135567  0.117590
    energy mae [kcal/mol]          4.676837  3.528756
    energy R²                    N/A  0.956892
    forces mae [kcal/mol/Å]        7.331793  6.804938
    forces R²                    N/A  0.966043
    dipole mae [tgt units]   0.015962  0.018837
    dipole R²                    N/A  0.998923
    dipole MSE [tgt²]        0.000211  0.000335
    charge loss [e²]         0.000003  0.000002
    charge RMSE [e]          0.001826  0.001562
    LR scale:  1.000000, effective LR:  0.000400
    ✓ Best valid checkpoint: params-best-bd8b7a90-13fa-4943-9453-6b3ef7bf4433.json (weighted loss=0.146330, epoch 498)
epoch: 499                    train:   valid:
    weighted total loss      0.180197  0.167795
    energy MSE [eV²]         0.043480  0.039316
    force MSE [(eV/Å)²]      0.136348  0.118263
    energy mae [kcal/mol]          5.144151  4.361373
    energy R²                    N/A  0.941567
    forces mae [kcal/mol/Å]        7.345227  6.865390
    forces R²                    N/A  0.965825
    dipole mae [tgt units]   0.016351  0.021718
    dipole R²                    N/A  0.998595
    dipole MSE [tgt²]        0.000223  0.000439
    charge loss [e²]         0.000146  0.009777
    charge RMSE [e]          0.012092  0.098878
    LR scale:  1.000000, effective LR:  0.000400
epoch: 500                    train:   valid:
    weighted total loss      0.176824  0.151150
    energy MSE [eV²]         0.039385  0.032196
    force MSE [(eV/Å)²]      0.136133  0.118614
    energy mae [kcal/mol]          4.885193  3.997486
    energy R²                    N/A  0.951559
    forces mae [kcal/mol/Å]        7.329921  6.893631
    forces R²                    N/A  0.965742
    dipole mae [tgt units]   0.015996  0.018826
    dipole R²                    N/A  0.998928
    dipole MSE [tgt²]        0.000213  0.000335
    charge loss [e²]         0.001094  0.000004
    charge RMSE [e]          0.033078  0.002014
    LR scale:  1.000000, effective LR:  0.000400

✓ Model config saved to /mmhome/boittier/home/ckpts/dipetidePert_ef2_ptT_run1/config-bd8b7a90-13fa-4943-9453-6b3ef7bf4433.json
✓ Parameters saved to /mmhome/boittier/home/ckpts/dipetidePert_ef2_ptT_run1/params-bd8b7a90-13fa-4943-9453-6b3ef7bf4433.json
✓ Round-trip check: 38 leaves, max diff = 0.00e+00
✓ Created symlinks in /mmhome/boittier/home/ckpts/dipetidePert_ef2_ptT_run1: params.json, config.json, params-best.json, best-valid.json

============================================================
Training complete!
UUID: bd8b7a90-13fa-4943-9453-6b3ef7bf4433
Config: /mmhome/boittier/home/ckpts/dipetidePert_ef2_ptT_run1/config-bd8b7a90-13fa-4943-9453-6b3ef7bf4433.json
Params: /mmhome/boittier/home/ckpts/dipetidePert_ef2_ptT_run1/params-bd8b7a90-13fa-4943-9453-6b3ef7bf4433.json
============================================================
