{
  "mae": 0.005983559414744377,
  "rmse": 0.007212710101157427,
  "r2": 0.9997909069061279,
  "mean_error": -0.005583454389125109,
  "std_error": 0.004565985407680273,
  "max_abs_error": 0.042118072509765625,
  "mae_kcal_mol": 0.13798297941684723,
  "rmse_kcal_mol": 0.16632762551307678,
  "mean_error_kcal_mol": -0.12875641882419586,
  "std_error_kcal_mol": 0.10529322177171707,
  "max_abs_error_kcal_mol": 0.9712575078010559,
  "mae_overall": 0.001327643869444728,
  "rmse_overall": 0.002233958337455988,
  "r2_overall": 0.9998487830162048,
  "r_overall": 0.9999257526273511,
  "mae_x": 0.0012125453213229775,
  "mae_y": 0.0013783328467980027,
  "mae_z": 0.0013920534402132034,
  "r2_x": 0.9998770356178284,
  "r2_y": 0.9998670816421509,
  "r2_z": 0.9997929334640503,
  "mae_components": [
    0.016767160966992378,
    0.02024156227707863,
    0.020779991522431374
  ],
  "mae_magnitude": 0.0014245022321119905,
  "rmse_magnitude": 0.0020526465959846973,
  "r2_magnitude": 0.9996592402458191,
  "mae_overall_kcal_mol_ang": 0.44420933723449707,
  "rmse_overall_kcal_mol_ang": 0.7195016145706177,
  "mae_x_kcal_mol_ang": 0.38665661215782166,
  "mae_y_kcal_mol_ang": 0.4667775332927704,
  "mae_z_kcal_mol_ang": 0.47919389605522156,
  "mae_magnitude_kcal_mol_ang": 0.6039754152297974,
  "rmse_magnitude_kcal_mol_ang": 0.9857178926467896,
  "r": 0.9998998590568465,
  "mae_overall_debye": 0.001327643869444728,
  "rmse_overall_debye": 0.002233958337455988,
  "mae_x_debye": 0.0012125453213229775,
  "mae_y_debye": 0.0013783328467980027,
  "mae_z_debye": 0.0013920534402132034,
  "mae_magnitude_debye": 0.0014245022321119905,
  "rmse_magnitude_debye": 0.0020526465959846973
}