{
  "mae": 0.004497358109802008,
  "rmse": 0.0062647005543112755,
  "r2": 0.999768078327179,
  "mean_error": -0.002433353802189231,
  "std_error": 0.0057728043757379055,
  "max_abs_error": 0.05610847473144531,
  "mae_kcal_mol": 0.10371065139770508,
  "rmse_kcal_mol": 0.14446619153022766,
  "mean_error_kcal_mol": -0.056113991886377335,
  "std_error_kcal_mol": 0.13312289118766785,
  "max_abs_error_kcal_mol": 1.2938810586929321,
  "mae_overall": 0.0015873152296990156,
  "rmse_overall": 0.0023526924196630716,
  "r2_overall": 0.9998282790184021,
  "r_overall": 0.9999141481643483,
  "mae_x": 0.0018113190308213234,
  "mae_y": 0.0018463113810867071,
  "mae_z": 0.0011043152771890163,
  "r2_x": 0.9998699426651001,
  "r2_y": 0.9998665452003479,
  "r2_z": 0.9997313022613525,
  "mae_components": [
    0.016251403838396072,
    0.019697094336152077,
    0.024585971608757973
  ],
  "mae_magnitude": 0.0025947322137653828,
  "rmse_magnitude": 0.003343133255839348,
  "r2_magnitude": 0.9996764659881592,
  "mae_overall_kcal_mol_ang": 0.4653153419494629,
  "rmse_overall_kcal_mol_ang": 0.7667940855026245,
  "mae_x_kcal_mol_ang": 0.3747630715370178,
  "mae_y_kcal_mol_ang": 0.4542219042778015,
  "mae_z_kcal_mol_ang": 0.5669611096382141,
  "mae_magnitude_kcal_mol_ang": 0.6010770201683044,
  "rmse_magnitude_kcal_mol_ang": 0.9605062007904053,
  "r": 0.9999279473073144,
  "mae_overall_debye": 0.0015873152296990156,
  "rmse_overall_debye": 0.0023526924196630716,
  "mae_x_debye": 0.0018113190308213234,
  "mae_y_debye": 0.0018463113810867071,
  "mae_z_debye": 0.0011043152771890163,
  "mae_magnitude_debye": 0.0025947322137653828,
  "rmse_magnitude_debye": 0.003343133255839348
}