{
  "mae": 0.04683481901884079,
  "rmse": 0.06461645662784576,
  "r2": 0.9992844462394714,
  "mean_error": -0.004848196636885405,
  "std_error": 0.06443431973457336,
  "max_abs_error": 0.31697750091552734,
  "mae_kcal_mol": 1.0800273418426514,
  "rmse_kcal_mol": 1.490078091621399,
  "mean_error_kcal_mol": -0.11180111020803452,
  "std_error_kcal_mol": 1.4858779907226562,
  "max_abs_error_kcal_mol": 7.309612274169922,
  "mae_overall": 0.0022993164602667093,
  "rmse_overall": 0.0035945232957601547,
  "r2_overall": 0.9948945641517639,
  "r_overall": 0.9974441008488374,
  "mae_x": 0.0020637563429772854,
  "mae_y": 0.002300071530044079,
  "mae_z": 0.00253412127494812,
  "r2_x": 0.9953792691230774,
  "r2_y": 0.9954280257225037,
  "r2_z": 0.9935435652732849,
  "mae_components": [
    0.11186818033456802,
    0.12292195111513138,
    0.1140746921300888
  ],
  "mae_magnitude": 0.002417981158941984,
  "rmse_magnitude": 0.0034136055037379265,
  "r2_magnitude": 0.9786919951438904,
  "mae_overall_kcal_mol_ang": 2.6816482543945312,
  "rmse_overall_kcal_mol_ang": 3.6246697902679443,
  "mae_x_kcal_mol_ang": 2.5797195434570312,
  "mae_y_kcal_mol_ang": 2.834623336791992,
  "mae_z_kcal_mol_ang": 2.6306023597717285,
  "mae_magnitude_kcal_mol_ang": 3.939476490020752,
  "rmse_magnitude_kcal_mol_ang": 5.241549491882324,
  "r": 0.9996570937797763,
  "mae_overall_debye": 0.0022993164602667093,
  "rmse_overall_debye": 0.0035945232957601547,
  "mae_x_debye": 0.0020637563429772854,
  "mae_y_debye": 0.002300071530044079,
  "mae_z_debye": 0.00253412127494812,
  "mae_magnitude_debye": 0.002417981158941984,
  "rmse_magnitude_debye": 0.0034136055037379265
}