{
  "mae": 0.045172274112701416,
  "rmse": 0.06313207000494003,
  "r2": 0.9996650815010071,
  "mean_error": 0.0029297349974513054,
  "std_error": 0.06306404620409012,
  "max_abs_error": 0.3129892349243164,
  "mae_kcal_mol": 1.0416884422302246,
  "rmse_kcal_mol": 1.4558476209640503,
  "mean_error_kcal_mol": 0.06756071746349335,
  "std_error_kcal_mol": 1.4542789459228516,
  "max_abs_error_kcal_mol": 7.217641353607178,
  "mae_overall": 0.0015269039431586862,
  "rmse_overall": 0.0024592317640781403,
  "r2_overall": 0.9959229826927185,
  "r_overall": 0.997959417658346,
  "mae_x": 0.001498526893556118,
  "mae_y": 0.0014968827599659562,
  "mae_z": 0.0015853019431233406,
  "r2_x": 0.9956410527229309,
  "r2_y": 0.9958195090293884,
  "r2_z": 0.9964029788970947,
  "mae_components": [
    0.10720441490411758,
    0.11515697091817856,
    0.08702117949724197
  ],
  "mae_magnitude": 0.0017100446857511997,
  "rmse_magnitude": 0.002455908339470625,
  "r2_magnitude": 0.9821867942810059,
  "mae_overall_kcal_mol_ang": 2.378156900405884,
  "rmse_overall_kcal_mol_ang": 3.239086627960205,
  "mae_x_kcal_mol_ang": 2.4721713066101074,
  "mae_y_kcal_mol_ang": 2.65556001663208,
  "mae_z_kcal_mol_ang": 2.0067389011383057,
  "mae_magnitude_kcal_mol_ang": 3.5915846824645996,
  "rmse_magnitude_kcal_mol_ang": 4.792471408843994,
  "r": 0.9998350697208965,
  "mae_overall_debye": 0.0015269039431586862,
  "rmse_overall_debye": 0.0024592317640781403,
  "mae_x_debye": 0.001498526893556118,
  "mae_y_debye": 0.0014968827599659562,
  "mae_z_debye": 0.0015853019431233406,
  "mae_magnitude_debye": 0.0017100446857511997,
  "rmse_magnitude_debye": 0.002455908339470625
}