step,time_fs,E_pot_eV,E_kin_eV,E_tot_eV,T_K
0,0.0,-68.04270935058594,0.7802276914959263,-67.26248165909001,402.4075314711213
1000,500.0,-67.7259521484375,0.4653608510095304,-67.26059129742796,240.01290051498142
2000,1000.0,-67.64656066894531,0.37795167338160013,-67.26860899556371,194.93104584543357
3000,1500.0,-67.62052154541016,0.36654381195183194,-67.25397773345833,189.047366751045
4000,2000.0,-67.50554656982422,0.24945354925542282,-67.2560930205688,128.65729846132817
5000,2500.0,-67.67028045654297,0.4033793663980507,-67.26690109014491,208.0455447145227
6000,3000.0,-67.49304962158203,0.22980553611698912,-67.26324408546505,118.52370726541693
7000,3500.0,-67.61077117919922,0.35051872401986767,-67.26025245517936,180.7823229098741
8000,4000.0,-67.66698455810547,0.40099550303298553,-67.26598905507248,206.8160516030169
9000,4500.0,-67.60515594482422,0.3443508546543353,-67.26080509016988,177.60120397129666
10000,5000.0,-67.73294830322266,0.4695268052696136,-67.26342149795305,242.16151865337065
11000,5500.0,-67.5353775024414,0.2743784020462816,-67.26099910039513,141.51245419749566
12000,6000.0,-67.63143920898438,0.37648426913406774,-67.25495493985031,194.1742225137884
13000,6500.0,-67.57600402832031,0.3247970920195326,-67.25120693630078,167.5162230886561
14000,7000.0,-67.76203155517578,0.5000842245135205,-67.26194733066227,257.92170735225244
15000,7500.0,-67.74246978759766,0.48894947804360034,-67.25352030955406,252.1788890834897
16000,8000.0,-67.60177612304688,0.3495958597515185,-67.25218026329536,180.30634963161572
17000,8500.0,-67.61042022705078,0.3585477546295467,-67.25187247242124,184.92334792470322
18000,9000.0,-67.6047134399414,0.3539767195217568,-67.25073672041965,182.56580669149363
19000,9500.0,-67.57789611816406,0.32321594733817244,-67.25468017082589,166.7007373848548
20000,10000.0,-67.68245697021484,0.42146703090064874,-67.2609899393142,217.37437590303517
21000,10500.0,-67.68649291992188,0.43021310491533166,-67.25627981500655,221.88522074060353
22000,11000.0,-67.70549774169922,0.44579464444674005,-67.25970309725248,229.9215015951475
23000,11500.0,-67.72789764404297,0.46700223217716924,-67.2608954118658,240.85945358028772
24000,12000.0,-67.68058776855469,0.4260370651257932,-67.25455070342889,219.73140092447858
25000,12500.0,-67.75801086425781,0.5032745990489871,-67.25473626520882,259.56716387126414
26000,13000.0,-67.66851806640625,0.4099292387517269,-67.25858882765452,211.42368419101362
27000,13500.0,-67.59796142578125,0.3381888590349846,-67.25977256674626,174.42311445570334
28000,14000.0,-67.73119354248047,0.4786425754720358,-67.25255096700843,246.8630367161064
29000,14500.0,-67.6927719116211,0.4403766009304158,-67.25239531069067,227.12711023917427
30000,15000.0,-67.61430358886719,0.36537965651434656,-67.24892393235284,188.4469459752212
31000,15500.0,-67.66036987304688,0.4080335771265194,-67.25233629592036,210.44598431773468
32000,16000.0,-67.6438217163086,0.386760282962609,-67.25706143334598,199.4741438100681
33000,16500.0,-67.68669128417969,0.43039688723379127,-67.25629439694589,221.9800076725536
34000,17000.0,-67.62873077392578,0.3783812880303465,-67.25034948589544,195.1526224084935
35000,17500.0,-67.62505340576172,0.36679201611096834,-67.25826138965076,189.1753796683864
36000,18000.0,-67.68962860107422,0.4372569199303987,-67.25237168114381,225.51811437312486
37000,18500.0,-67.61773681640625,0.36382830509772174,-67.25390851130852,187.64682634243647
38000,19000.0,-67.70374298095703,0.4461742823771267,-67.2575686985799,230.11730233906468
39000,19500.0,-67.72074890136719,0.4674115443441295,-67.25333735702306,241.0705590056691
40000,20000.0,-67.65422058105469,0.3979457625307174,-67.25627481852398,205.24312800581382
41000,20500.0,-67.70125579833984,0.44418551765910697,-67.25707028068074,229.09158393714438
42000,21000.0,-67.66929626464844,0.4143096131103207,-67.25498665153812,213.68289089666325
43000,21500.0,-67.68999481201172,0.44317870848247176,-67.24681610352924,228.57231552377203
44000,22000.0,-67.74110412597656,0.48577788951545053,-67.25532623646112,250.5431215705373
45000,22500.0,-67.69944763183594,0.45287730890292566,-67.24657032293301,233.57443208084635
46000,23000.0,-67.65557861328125,0.4028576191777078,-67.25272099410354,207.7764501754817
47000,23500.0,-67.5909423828125,0.3442340178384813,-67.24670836497401,177.54094461987245
48000,24000.0,-67.72666931152344,0.4696491671364046,-67.25702014438703,242.22462758592744
49000,24500.0,-67.68882751464844,0.43476666289839916,-67.25406085175004,224.23374803250672
50000,25000.0,-67.65267944335938,0.3926945408295401,-67.25998490252984,202.534776091353
51000,25500.0,-67.75823211669922,0.5011330618041647,-67.25709905489505,258.4626520401214
52000,26000.0,-67.74995422363281,0.4909442170013884,-67.25901000663143,253.2076887386183
53000,26500.0,-67.6049575805664,0.35478333162052134,-67.25017424894588,182.9818221534625
54000,27000.0,-67.7074203491211,0.45593505012975083,-67.25148529899134,235.15148210403257
55000,27500.0,-67.60201263427734,0.3492190515926393,-67.2527935826847,180.1120083608489
56000,28000.0,-67.6972885131836,0.44211537976138005,-67.25517313342222,228.02389678593352
57000,28500.0,-67.58673858642578,0.33246416986113864,-67.25427441656464,171.47056859762182
58000,29000.0,-67.70724487304688,0.45676639634684235,-67.25047847670004,235.58025434919122
59000,29500.0,-67.60331726074219,0.3475528629303575,-67.25576439781183,179.25266066803826
60000,30000.0,-67.58670043945312,0.33593175744147896,-67.25076868201164,173.2589995563966
61000,30500.0,-67.70425415039062,0.4568971643087955,-67.24735698608183,235.6476987802703
62000,31000.0,-67.63423919677734,0.382333777890195,-67.25190541888715,197.19114488725455
63000,31500.0,-67.6935806274414,0.4387581463878731,-67.25482248105354,226.29238173061015
64000,32000.0,-67.62877655029297,0.3801457574190306,-67.24863079287394,196.06265902831072
65000,32500.0,-67.79572296142578,0.5424446416696096,-67.25327831975618,279.76936936894685
66000,33000.0,-67.64673614501953,0.3929423219737056,-67.25379382304583,202.66257083595832
67000,33500.0,-67.56771087646484,0.31681420075704986,-67.25089667570779,163.39899474371106
68000,34000.0,-67.7372055053711,0.4863072726485623,-67.25089823272253,250.8161543814973
69000,34500.0,-67.63255310058594,0.3817217214490449,-67.2508313791369,196.87547277731957
70000,35000.0,-67.51113891601562,0.25935991520084584,-67.25177900081478,133.76657144586446
71000,35500.0,-67.58321380615234,0.32917120891458673,-67.25404259723776,169.77220246658626
72000,36000.0,-67.69872283935547,0.44283948328452316,-67.25588335607094,228.3973579107481
73000,36500.0,-67.57585144042969,0.3182555243809615,-67.25759591604873,164.14236682326037
74000,37000.0,-67.56880187988281,0.3150649237456658,-67.25373695613715,162.496793691784
75000,37500.0,-67.65467834472656,0.4086339922038311,-67.24604435252273,210.75565231818186
76000,38000.0,-67.74545288085938,0.49088614010101694,-67.25456674075836,253.17773519766004
77000,38500.0,-67.73025512695312,0.47602235059468967,-67.25423277635844,245.51163860977863
78000,39000.0,-67.66471099853516,0.4110317488555424,-67.2536792496796,211.99231098308215
79000,39500.0,-67.69985961914062,0.439026800216267,-67.26083281892436,226.43094169853052
80000,40000.0,-67.60885620117188,0.34357480426117487,-67.2652813969107,177.20095090874497
81000,40500.0,-67.61409759521484,0.35066339631088844,-67.26343419890395,180.85693858954872
82000,41000.0,-67.68241882324219,0.4238606124765361,-67.25855821076566,218.60888124529095
83000,41500.0,-67.6103744506836,0.34215849507197454,-67.26821595561162,176.4704801873928
84000,42000.0,-67.75882720947266,0.4928710982592845,-67.26595611121337,254.20149034150845
85000,42500.0,-67.46821594238281,0.1949055555132564,-67.27331038686955,100.52381416214654
86000,43000.0,-67.80786895751953,0.5419261564397387,-67.26594280107979,279.5019572228123
87000,43500.0,-67.57756042480469,0.3146422093412656,-67.26291821546342,162.2787759748457
88000,44000.0,-67.64778900146484,0.3754107333237817,-67.27237826814107,193.6205394029842
89000,44500.0,-67.56170654296875,0.30202934781784124,-67.25967719515091,155.7736102062519
90000,45000.0,-67.67945098876953,0.4119464699053944,-67.26750451886414,212.4640843431764
91000,45500.0,-67.67555236816406,0.40246827429606175,-67.27308409386801,207.57564300800766
92000,46000.0,-67.64106750488281,0.36866173716592127,-67.27240576771689,190.1397005230085
93000,46500.0,-67.64895629882812,0.3838077846814766,-67.26514851414665,197.95137352399266
94000,47000.0,-67.7099838256836,0.4413934544358504,-67.26859037124774,227.6515590807748
95000,47500.0,-67.59324645996094,0.33158543146521274,-67.26166102849572,171.01735352647324
96000,48000.0,-67.69637298583984,0.4339143312541861,-67.26245865458566,223.79415241614905
97000,48500.0,-67.62870788574219,0.3613226898315145,-67.26738519591068,186.35453889214403
98000,49000.0,-67.71412658691406,0.4518907905450594,-67.262235796369,233.06562878987523
99000,49500.0,-67.61079406738281,0.33892359178019293,-67.27187047560263,174.8020576712709
100000,50000.0,-67.63424682617188,0.3688291008227415,-67.26541772534914,190.2260194229054
101000,50500.0,-67.68632507324219,0.4224090877333602,-67.26391598550883,217.86024787180637
102000,51000.0,-67.71880340576172,0.4538448133546497,-67.26495859240707,234.07342882544935
103000,51500.0,-67.58143615722656,0.3253910084469289,-67.25604514877963,167.8225393679341
104000,52000.0,-67.72010803222656,0.453518773061645,-67.26658925916492,233.90527141332703
105000,52500.0,-67.62818145751953,0.36981335330149273,-67.25836810421804,190.7336540719131
106000,53000.0,-67.63934326171875,0.37626076977857315,-67.26308249194018,194.0589512603963
107000,53500.0,-67.62156677246094,0.35712996595168967,-67.26443680650925,184.1921141474064
108000,54000.0,-67.5830307006836,0.32128387531455443,-67.26174682536904,165.70425861061662
109000,54500.0,-67.67494201660156,0.41327054132653473,-67.26167147527502,213.14698283278395
110000,55000.0,-67.6441421508789,0.3862473118464621,-67.25789483903245,199.20957560412697
111000,55500.0,-67.52452850341797,0.2788132219377661,-67.2457152814802,143.79974154259062
112000,56000.0,-67.6806869506836,0.424251063447638,-67.25643588723595,218.81025888563124
113000,56500.0,-67.6508560180664,0.39156458307811187,-67.2592914349883,201.9519929956299
114000,57000.0,-67.75184631347656,0.4901767456405793,-67.26166956783598,252.8118603680745
115000,57500.0,-67.52963256835938,0.27097369398543253,-67.25865887437394,139.75645376188015
116000,58000.0,-67.76953887939453,0.5084072663286323,-67.2611316130659,262.214370567946
117000,58500.0,-67.64994049072266,0.3878005432176332,-67.26213994750502,200.0106648357564
118000,59000.0,-67.70187377929688,0.44032685208780004,-67.26154692720908,227.10145194843588
119000,59500.0,-67.71892547607422,0.4597860229119976,-67.25913945316222,237.1376464865031
120000,60000.0,-67.66493225097656,0.4049273861189817,-67.26000486485758,208.84394600347736
121000,60500.0,-67.738037109375,0.47783996815254026,-67.26019714122246,246.44908674522082
122000,61000.0,-67.69749450683594,0.4368368337668182,-67.26065767306912,225.30145218856754
123000,61500.0,-67.6998519897461,0.4425565633039804,-67.25729542644211,228.25144008161314
124000,62000.0,-67.53600311279297,0.27336238673966495,-67.2626407260533,140.98843766241396
125000,62500.0,-67.62989807128906,0.37027465968317147,-67.25962341160589,190.97157585337064
126000,63000.0,-67.67279815673828,0.4142438860997175,-67.25855427063857,213.64899176135174
127000,63500.0,-67.63349151611328,0.36312485088081486,-67.27036666523247,187.28401523227745
128000,64000.0,-67.70772552490234,0.44184090788517333,-67.26588461701716,227.88233612182682
129000,64500.0,-67.76056671142578,0.4948919852091853,-67.2656747262166,255.2437759944729
130000,65000.0,-67.6159439086914,0.35348786840994945,-67.26245604028146,182.3136785354394
131000,65500.0,-67.65990447998047,0.401076966290497,-67.25882751368997,206.85806681052372
132000,66000.0,-67.62677001953125,0.3572426765253622,-67.26952734300589,184.2502453624563
133000,66500.0,-67.68775177001953,0.4234229557960938,-67.26432881422343,218.38315695182095
134000,67000.0,-67.64755249023438,0.39069933433234566,-67.25685315590204,201.50573529971973
135000,67500.0,-67.67481994628906,0.41409424094645025,-67.26072570534261,213.57181129547078
136000,68000.0,-67.76456451416016,0.5023886528035225,-67.26217586135664,259.11023130460535
137000,68500.0,-67.52371215820312,0.27242426666187464,-67.25128789154125,140.50459610072406
138000,69000.0,-67.6474609375,0.3850452221332659,-67.26241571536673,198.58958997766626
139000,69500.0,-67.6209945678711,0.35855044626427013,-67.26244412160682,184.9247361529044
140000,70000.0,-67.7162094116211,0.45645110943168266,-67.25975830218941,235.41764306197672
141000,70500.0,-67.795654296875,0.5364678191813742,-67.25918647769363,276.68678410602115
142000,71000.0,-67.68148803710938,0.421282425963333,-67.26020561114605,217.27916470003342
143000,71500.0,-67.66874694824219,0.4138406194524904,-67.2549063287897,213.44100435228637
144000,72000.0,-67.5892562866211,0.3316957065329785,-67.25756058008811,171.0742286134332
145000,72500.0,-67.61868286132812,0.3597396568718397,-67.25894320445629,185.53807929646013
146000,73000.0,-67.74388122558594,0.49616159253291187,-67.24771963305302,255.89858426986098
147000,73500.0,-67.64791870117188,0.3938069784596781,-67.2541117227122,203.10852307000886
148000,74000.0,-67.63836669921875,0.38429875926919876,-67.25406793994955,198.20459687662904
149000,74500.0,-67.7782211303711,0.5235890783077878,-67.2546320520633,270.0444893247891
150000,75000.0,-67.65030670166016,0.3968285155329693,-67.25347818612718,204.66690056437892
151000,75500.0,-67.67125701904297,0.4133849892524561,-67.25787202979052,213.20601009861156
152000,76000.0,-67.65001678466797,0.3885439513663074,-67.26147283330167,200.39408244736404
153000,76500.0,-67.64534759521484,0.3893759932603749,-67.25597160195447,200.82321349247
154000,77000.0,-67.64435577392578,0.3861354177536115,-67.25822035617217,199.1518654943975
155000,77500.0,-67.69792175292969,0.4332241544580988,-67.26469759847159,223.43818922255917
156000,78000.0,-67.74674224853516,0.489110823020522,-67.25763142551463,252.2621038098907
157000,78500.0,-67.61188507080078,0.3466327184753114,-67.26525235232548,178.7780901512677
158000,79000.0,-67.55744934082031,0.2983763248168438,-67.25907301600347,153.88953971726403
159000,79500.0,-67.63294982910156,0.37145124154638637,-67.26149858755518,191.57840563948375
160000,80000.0,-67.6094741821289,0.3446713612283333,-67.26480282090057,177.7665073316728
161000,80500.0,-67.55352783203125,0.29690425113338514,-67.25662358089787,153.1303080935204
162000,81000.0,-67.65668487548828,0.3971656515820856,-67.2595192239062,204.84078068523792
163000,81500.0,-67.73262786865234,0.4697634834310287,-67.26286438522132,242.28358696205316
164000,82000.0,-67.62018585205078,0.3611618206581719,-67.25902403139261,186.2715695645488
165000,82500.0,-67.60321807861328,0.3378231459474809,-67.2653949326658,174.23449554051606
166000,83000.0,-67.63948822021484,0.3806569505511836,-67.25883126966366,196.32631022738602
167000,83500.0,-67.52594757080078,0.2669598913170504,-67.25898767948372,137.6863088013763
168000,84000.0,-67.64788055419922,0.38544171095428004,-67.26243884324494,198.7940816785623
169000,84500.0,-67.71247100830078,0.44649496276562883,-67.26597604553515,230.2826953454074
170000,85000.0,-67.53150177001953,0.2708700382125898,-67.26063173180694,139.70299261954057
171000,85500.0,-67.64822387695312,0.3806688329410288,-67.2675550440121,196.3324386476122
172000,86000.0,-67.70197296142578,0.4417923424218713,-67.2601806190039,227.85728816670408
173000,86500.0,-67.6837387084961,0.4239396625695434,-67.25979904592656,218.64965184743227
174000,87000.0,-67.65872192382812,0.3961717253966514,-67.26255019843147,204.32815675878095
175000,87500.0,-67.64483642578125,0.382454818128826,-67.26238160765243,197.2535721814496
176000,88000.0,-67.6476058959961,0.37805607241421324,-67.26954982358188,194.98489032885772
177000,88500.0,-67.80269622802734,0.5408430251588022,-67.26185320286854,278.9433251853039
178000,89000.0,-67.72779846191406,0.46143692950180504,-67.26636153241226,237.98911235055118
179000,89500.0,-67.59149932861328,0.3232967239378578,-67.26820260467542,166.7423984440998
180000,90000.0,-67.60255432128906,0.3313344710838399,-67.27121985020523,170.88791906949868
181000,90500.0,-67.76335906982422,0.4948711911804455,-67.26848787864377,255.2330513382402
182000,91000.0,-67.58840942382812,0.32149606694824867,-67.26691335687988,165.8136978325827
183000,91500.0,-67.61287689208984,0.34574628106443145,-67.26713061102541,178.32090426283565
184000,92000.0,-67.66101837158203,0.395343082338514,-67.26567528924352,203.9007786855208
185000,92500.0,-67.69478607177734,0.42779565489849586,-67.26699041687885,220.63840509392406
186000,93000.0,-67.769775390625,0.507237035730974,-67.26253835489402,261.61081648855566
187000,93500.0,-67.6921615600586,0.4233517665907498,-67.26880979346784,218.34644065387087
188000,94000.0,-67.68687438964844,0.41903852557678084,-67.26783586407166,216.12185840949624
189000,94500.0,-67.60038757324219,0.3333763227508025,-67.26701125049138,171.9410174123135
190000,95000.0,-67.69720458984375,0.42594359324355635,-67.27126099660019,219.68319219028103
191000,95500.0,-67.54622650146484,0.2746081519323026,-67.27161834953255,141.6309492028603
192000,96000.0,-67.6585922241211,0.3863667151698465,-67.27222550895125,199.27115864858473
193000,96500.0,-67.62434387207031,0.3570899621943999,-67.26725390987592,184.17148194811892
194000,97000.0,-67.55036163330078,0.28054183447623476,-67.26981979882454,144.6912847575482
195000,97500.0,-67.59574890136719,0.32334112836875734,-67.27240777299843,166.76530031956437
196000,98000.0,-67.65739440917969,0.3941599656664317,-67.26323444351326,203.2905785290227
197000,98500.0,-67.63561248779297,0.3650479558253787,-67.2705645319676,188.27586917688444
198000,99000.0,-67.73375701904297,0.4651118422423402,-67.26864517680063,239.88447261577736
199000,99500.0,-67.70777130126953,0.43420989900131673,-67.27356140226821,223.9465934135677
200000,100000.0,-67.64629364013672,0.3782221616282944,-67.26807147850842,195.07055192658214
201000,100500.0,-67.70463562011719,0.4273405481318632,-67.27729507198532,220.40368080444733
202000,101000.0,-67.64653778076172,0.36936892585717696,-67.27716885490455,190.5044377127215
203000,101500.0,-67.67448425292969,0.39672998216494015,-67.27775427076475,204.61608133580208
204000,102000.0,-67.69727325439453,0.4202985516809496,-67.27697470271359,216.77172510827435
205000,102500.0,-67.59042358398438,0.3108428369208318,-67.27958074706355,160.31922481624113
206000,103000.0,-67.59272003173828,0.312660620596552,-67.28005941114174,161.2567586280603
207000,103500.0,-67.70199584960938,0.4203270778623922,-67.28166877174698,216.78643767280101
208000,104000.0,-67.53793334960938,0.2635738677953415,-67.27435948181403,135.93994503894484
209000,104500.0,-67.6455307006836,0.36216513537117107,-67.28336556531242,186.789035685461
210000,105000.0,-67.54881286621094,0.2736323253892412,-67.2751805408217,141.12766028525672
211000,105500.0,-67.54479217529297,0.26637273084865404,-67.27841944444431,137.3834769521096
212000,106000.0,-67.57701110839844,0.30302721943276634,-67.27398388896567,156.28826901375618
213000,106500.0,-67.67697143554688,0.3997089217557992,-67.27726251379107,206.15248890018987
214000,107000.0,-67.53260803222656,0.2582229491121146,-67.27438508311445,133.18017375437068
215000,107500.0,-67.6689682006836,0.38934327804790353,-67.27962492263569,200.80634040781067
216000,108000.0,-67.6848373413086,0.4132992561252454,-67.27153808518335,213.1617926778994
217000,108500.0,-67.67469024658203,0.40147868271688236,-67.27321156386515,207.0652546830577
218000,109000.0,-67.7168960571289,0.4441679453321121,-67.2727281117968,229.08252089464375
219000,109500.0,-67.65409088134766,0.37654088312859224,-67.27754999821906,194.2034215514945
220000,110000.0,-67.72103118896484,0.4459905059404686,-67.27504068302437,230.02251844069218
221000,110500.0,-67.8475112915039,0.5758440127909028,-67.271667278713,296.99531332363875
222000,111000.0,-67.58494567871094,0.30685767612105963,-67.27808800258988,158.26385208667662
223000,111500.0,-67.66520690917969,0.3836276440054945,-67.28157926517419,197.85846479295225
224000,112000.0,-67.61679077148438,0.3423751654670361,-67.27441560601734,176.58222935980737
225000,112500.0,-67.60748291015625,0.3331109652653621,-67.27437194489089,171.80415755481638
226000,113000.0,-67.72713470458984,0.4509197822556467,-67.27621492233419,232.56482491808316
227000,113500.0,-67.65531921386719,0.38908188800518095,-67.26623732586201,200.6715267848265
228000,114000.0,-67.68073272705078,0.4094970074626494,-67.27123571958813,211.2007580786005
229000,114500.0,-67.625732421875,0.3453463270943962,-67.28038609478061,178.1146253886837
230000,115000.0,-67.7010269165039,0.41810785752931123,-67.2829190589746,215.64186028115083
231000,115500.0,-67.6092529296875,0.3324696747253138,-67.27678325496218,171.47340776730007
232000,116000.0,-67.65123748779297,0.36498408431867196,-67.28625340347429,188.24292702983513
233000,116500.0,-67.7698974609375,0.49138775069302804,-67.27850971024448,253.43644413902553
234000,117000.0,-67.59134674072266,0.3059070209423098,-67.28543971978034,157.77354546473723
235000,117500.0,-67.7715072631836,0.49359435230172827,-67.27791291088187,254.57451334110013
236000,118000.0,-67.6520004272461,0.37196287240830284,-67.28003755483779,191.8422826005456
237000,118500.0,-67.66293334960938,0.3899256483611066,-67.27300770124828,201.1067017032279
238000,119000.0,-67.72366333007812,0.4491370968386705,-67.27452623323946,231.64539326261402
239000,119500.0,-67.60392761230469,0.32074818695860935,-67.28317942534608,165.4279738397693
240000,120000.0,-67.69080352783203,0.4096647169434584,-67.28113881088858,211.28725533947988
241000,120500.0,-67.71345520019531,0.4271689229967955,-67.28628627719851,220.31516401929122
242000,121000.0,-67.70862579345703,0.42802604633843777,-67.2805997471186,220.75723098491667
243000,121500.0,-67.66400909423828,0.38414591535251064,-67.27986317888578,198.12576662760657
244000,122000.0,-67.5814208984375,0.29938604645086714,-67.28203485198664,154.41031024957016
245000,122500.0,-67.72309875488281,0.43783956088088244,-67.28525919400192,225.81861525148847
246000,123000.0,-67.61487579345703,0.33331744010157704,-67.28155835335545,171.91064830111745
247000,123500.0,-67.5787582397461,0.29292227649490016,-67.28583596325119,151.07657864746454
248000,124000.0,-67.68978118896484,0.4055322074489013,-67.28424898151594,209.15588655750636
249000,124500.0,-67.69730377197266,0.4155154800409405,-67.28178829193172,214.30482464769818
250000,125000.0,-67.68499755859375,0.4004781424788281,-67.28451941611492,206.5492195157324
251000,125500.0,-67.69514465332031,0.41011395222261504,-67.2850307010977,211.51895137091472
252000,126000.0,-67.54595947265625,0.26451995657907873,-67.28143951607717,136.4278965128105
253000,126500.0,-67.60708618164062,0.32171992646164077,-67.28536625517899,165.92915483976446
254000,127000.0,-67.76211547851562,0.4853697449810443,-67.27674573353458,250.33261835927732
255000,127500.0,-67.71704864501953,0.42977172543767767,-67.28727691958186,221.65757639013935
256000,128000.0,-67.637939453125,0.355674937064441,-67.28226451606056,183.44167348871312
257000,128500.0,-67.7936782836914,0.5033988669895102,-67.29027941670189,259.63125587380637
258000,129000.0,-67.5810775756836,0.29696992098289454,-67.2841076547007,153.16417774762417
259000,129500.0,-67.67801666259766,0.40201170167233724,-67.27600496092532,207.34016269315495
260000,130000.0,-67.69371795654297,0.41258393391063763,-67.28113402263233,212.7928605703567
261000,130500.0,-67.73248291015625,0.4535057393635314,-67.27897717079271,233.89854919833644
262000,131000.0,-67.61393737792969,0.32615004481401383,-67.28778733311567,168.21401733533338
263000,131500.0,-67.68042755126953,0.39545731448059174,-67.28497023678894,203.9596946594207
264000,132000.0,-67.597900390625,0.3150207186877995,-67.2828796719372,162.47399464426442
265000,132500.0,-67.67695617675781,0.3939332463992065,-67.28302293035861,203.17364658511013
266000,133000.0,-67.59339141845703,0.3180623503999322,-67.2753290680571,164.04273607995594
267000,133500.0,-67.80486297607422,0.5222370437345476,-67.28262593233967,269.3471686567184
268000,134000.0,-67.71971130371094,0.44103794564782833,-67.2786733580631,227.46820309974066
269000,134500.0,-67.64817810058594,0.3633636627251339,-67.2848144378608,187.40718400186344
270000,135000.0,-67.70386505126953,0.42252956389667057,-67.28133548737286,217.92238424046803
271000,135500.0,-67.67926788330078,0.3962070827630577,-67.28306080053773,204.34639255160138
272000,136000.0,-67.69652557373047,0.41730136611600277,-67.27922420761446,215.22590706349476
273000,136500.0,-67.63924407958984,0.3481307289756296,-67.29111335061421,179.55069885783013
274000,137000.0,-67.69529724121094,0.40999275012382375,-67.28530449108712,211.45644059628404
275000,137500.0,-67.67557525634766,0.39802490739627105,-67.27755034895138,205.28394748751538
276000,138000.0,-67.61522674560547,0.3319849276943151,-67.28324181791115,171.22339631774724
277000,138500.0,-67.73873901367188,0.45367799256260366,-67.28506102110927,233.98738991160795
278000,139000.0,-67.64022827148438,0.3579951469740156,-67.28223312451036,184.63833691450955
279000,139500.0,-67.63609313964844,0.3468141154843959,-67.28927902416405,178.8716468443171
280000,140000.0,-67.6358642578125,0.35462953597666086,-67.28123472183584,182.9025010449304
281000,140500.0,-67.56192779541016,0.27618387472732403,-67.28574392068283,142.44363853334488
282000,141000.0,-67.6668701171875,0.3793219672593214,-67.28754814992818,195.6377838691335
283000,141500.0,-67.64228820800781,0.35814178629145416,-67.28414642171636,184.71396710091568
284000,142000.0,-67.6888198852539,0.40577783632841513,-67.2830420489255,209.28257125755036
285000,142500.0,-67.6143798828125,0.3264926648753173,-67.28788721793718,168.39072587132148
286000,143000.0,-67.7068862915039,0.4230733811963976,-67.2838129103075,218.2028615672018
287000,143500.0,-67.5966796875,0.3145132852227511,-67.28216640227726,162.21228251807156
288000,144000.0,-67.72553253173828,0.4379920106158503,-67.28754052112244,225.89724219871232
289000,144500.0,-67.7131576538086,0.43158431876816467,-67.28157333504043,222.59243324748033
290000,145000.0,-67.66592407226562,0.384261249513023,-67.28166282275261,198.18525097471695
291000,145500.0,-67.68235778808594,0.3965687920900841,-67.28578899599586,204.53294650115387
292000,146000.0,-67.65570831298828,0.3738815382470834,-67.28182677474119,192.8318470473308
293000,146500.0,-67.6618423461914,0.38147014153985276,-67.28037220465156,196.74571879482295
294000,147000.0,-67.58106231689453,0.301808558762152,-67.27925375813238,155.65973680769898
295000,147500.0,-67.71823120117188,0.43419825939387596,-67.284032941778,223.94059020995346
296000,148000.0,-67.59758758544922,0.313887829863432,-67.28369975558579,161.88969982851532
297000,148500.0,-67.81573486328125,0.5332372776853539,-67.28249758559589,275.0206112145719
298000,149000.0,-67.6476821899414,0.360530809004506,-67.2871513809369,185.94612117986722
299000,149500.0,-67.83536529541016,0.5543473835523683,-67.28101791185779,285.90828629151275
300000,150000.0,-67.67395782470703,0.4010964858508883,-67.27286133885615,206.86813415137573
301000,150500.0,-67.72702026367188,0.44281547049022735,-67.28420479318164,228.38497315514198
302000,151000.0,-67.61096954345703,0.3308289589912646,-67.28014058446577,170.6271979037169
303000,151500.0,-67.60482788085938,0.3154418037320032,-67.28938607712738,162.69117200803183
304000,152000.0,-67.62134552001953,0.34308105581547893,-67.27826446420406,176.94629692072866
305000,152500.0,-67.69889831542969,0.42168527512917403,-67.27721304030051,217.48693679034528
306000,153000.0,-67.62220001220703,0.3437942823823247,-67.27840572982471,177.3141481842409
307000,153500.0,-67.70233917236328,0.42508400424097414,-67.27725516812231,219.23985354391021
308000,154000.0,-67.72834014892578,0.4495220572460535,-67.27881809167972,231.8439391088299
309000,154500.0,-67.7047348022461,0.41909346071673237,-67.28564134152936,216.1501915669833
310000,155000.0,-67.64817810058594,0.3641369856974387,-67.2840411148885,187.8060303792824
311000,155500.0,-67.71192169189453,0.4230459135749782,-67.28887577831955,218.1886949619259
312000,156000.0,-67.54920959472656,0.2685685026736906,-67.28064109205287,138.51596062247597
313000,156500.0,-67.70574951171875,0.41841360754561757,-67.28733590417313,215.79955285044838
314000,157000.0,-67.70364379882812,0.4167123207612497,-67.28693147806688,214.92210307176993
315000,157500.0,-67.568115234375,0.28927632661592284,-67.27883890775908,149.1961561673886
316000,158000.0,-67.65298461914062,0.3676596582097189,-67.28532496093091,189.62287175174123
317000,158500.0,-67.6943359375,0.40802723424125464,-67.28630870325874,210.4427129332022
318000,159000.0,-67.64287567138672,0.36279218941265273,-67.28008348197406,187.11244290579154
319000,159500.0,-67.5731430053711,0.2873610008907174,-67.28578200448038,148.20831440601086
320000,160000.0,-67.67445373535156,0.3907818316299332,-67.28367190372163,201.54828382015432
321000,160500.0,-67.60641479492188,0.32431172724298124,-67.28210306767889,167.2658930327969
322000,161000.0,-67.67622375488281,0.38674314154827455,-67.28948061333453,199.4653030135885
323000,161500.0,-67.58002471923828,0.29157670133530217,-67.28844801790298,150.38258946419867
324000,162000.0,-67.68226623535156,0.39104386622112564,-67.29122236913044,201.68342987322458
325000,162500.0,-67.63937377929688,0.3535976929559727,-67.2857760863409,182.3703212628661
326000,163000.0,-67.6109848022461,0.3278388579175272,-67.28314594432857,169.08503373158294
327000,163500.0,-67.72142791748047,0.42585795599051934,-67.29556996148995,219.6390242173006
328000,164000.0,-67.72257232666016,0.4308133377206369,-67.29175898893952,222.19479473307203
329000,164500.0,-67.68598937988281,0.3998538008056099,-67.2861355790772,206.2272112170618
330000,165000.0,-67.6721420288086,0.3798898696525095,-67.29225215915608,195.93068324024043
331000,165500.0,-67.75822448730469,0.4702981152472465,-67.28792637205744,242.55932681563058
332000,166000.0,-67.60843658447266,0.3226446637995036,-67.28579192067315,166.40609416586693
333000,166500.0,-67.65330505371094,0.36305630837030933,-67.29024874534063,187.24866398448916
334000,167000.0,-67.65528106689453,0.36693407633423314,-67.2883469905603,189.24864815704336
335000,167500.0,-67.66343688964844,0.383834850564829,-67.27960203908361,197.96533293023478
336000,168000.0,-67.69120025634766,0.40531032227763314,-67.28588993407003,209.04144783017938
337000,168500.0,-67.73191833496094,0.44582485608638367,-67.28609347887455,229.9370834457575
338000,169000.0,-67.60016632080078,0.3135772005583517,-67.28658912024243,161.72949073414148
339000,169500.0,-67.60250091552734,0.32900899397693506,-67.2734919215504,169.68853905225268
340000,170000.0,-67.7665786743164,0.4804702108416236,-67.28610846347479,247.80565160342866
341000,170500.0,-67.717529296875,0.43359814725304346,-67.28393114962196,223.63107845097545
342000,171000.0,-67.69905090332031,0.40829388583658976,-67.29075701748373,210.58024023633584
343000,171500.0,-67.65000915527344,0.37087530668154356,-67.2791338485919,191.28136346862053
344000,172000.0,-67.67750549316406,0.3969518311284508,-67.28055366203562,204.73050138874146
345000,172500.0,-67.79865264892578,0.5191693993889468,-67.27948324953684,267.76501103529665
346000,173000.0,-67.58355712890625,0.3064903397604614,-67.27706678914579,158.0743959577811
347000,173500.0,-67.63995361328125,0.3614001134867193,-67.27855349979453,186.39447064835832
348000,174000.0,-67.64044189453125,0.36056345698158915,-67.27987843754966,185.9629595874356
349000,174500.0,-67.50003814697266,0.21685643357638354,-67.28318171339627,111.8451229945346
350000,175000.0,-67.64482116699219,0.36687023026238974,-67.2779509367298,189.21571912819107
351000,175500.0,-67.70149230957031,0.42256370685518113,-67.27892860271513,217.93999369447886
352000,176000.0,-67.59810638427734,0.3165120726160618,-67.28159431166128,163.24317018028154
353000,176500.0,-67.7012939453125,0.4152385186537939,-67.2860554266587,214.16198000205276
354000,177000.0,-67.63282775878906,0.3467654173137214,-67.28606234147534,178.84653044449962
355000,177500.0,-67.62876892089844,0.3416365793970592,-67.28713234150138,176.20129876680508
356000,178000.0,-67.75114440917969,0.4628053821650577,-67.28833902701463,238.69490075585472
357000,178500.0,-67.67945098876953,0.3986463401706576,-67.28080464859887,205.6044555026009
358000,179000.0,-67.58876037597656,0.30355252095403346,-67.28520785502253,156.5591967067298
359000,179500.0,-67.5921630859375,0.30801153738885767,-67.28415154854864,158.85896357720128
360000,180000.0,-67.69931030273438,0.4130613671818038,-67.28624893555258,213.03909990047302
361000,180500.0,-67.56544494628906,0.2847695400412785,-67.28067540624778,146.87175153507843
362000,181000.0,-67.69432830810547,0.4052767274170375,-67.28905158068844,209.02412106125058
363000,181500.0,-67.63052368164062,0.34955698056628054,-67.28096670107435,180.28629743771418
364000,182000.0,-67.65631866455078,0.3721438712516908,-67.28417479329909,191.9356339370346
365000,182500.0,-67.62300109863281,0.34706589972865387,-67.27593519890416,179.00150621395946
366000,183000.0,-67.58558654785156,0.30333588951430585,-67.28225065833726,156.44746762578333
367000,183500.0,-67.72113800048828,0.4401007815834963,-67.28103721890479,226.98485460824037
368000,184000.0,-67.67578887939453,0.3879782179607469,-67.28781066143378,200.10230174580258
369000,184500.0,-67.62470245361328,0.3328307270805999,-67.29187172653268,171.6596228793835
370000,185000.0,-67.66009521484375,0.37902800941014997,-67.2810672054336,195.4861731871096
371000,185500.0,-67.6230697631836,0.3367048205233496,-67.28636494266024,173.65771189362545
372000,186000.0,-67.68949890136719,0.3981270304166106,-67.29137187095057,205.33661810273338
373000,186500.0,-67.66419219970703,0.3715305378340524,-67.29266166187298,191.61930321812943
374000,187000.0,-67.60113525390625,0.3146751974591573,-67.2864600564471,162.29578981225927
375000,187500.0,-67.72990417480469,0.4478521344801707,-67.28205204032452,230.98266552768087
376000,188000.0,-67.5757827758789,0.2886570294379904,-67.28712574644092,148.87674960013257
377000,188500.0,-67.80094146728516,0.5137547330083655,-67.28718673427679,264.9723614591559
378000,189000.0,-67.64276123046875,0.35740364546167647,-67.28535758500708,184.33326614345623
379000,189500.0,-67.55333709716797,0.2709037916085285,-67.28243330555944,139.72040115410874
380000,190000.0,-67.66853332519531,0.3930227415192782,-67.27551058367604,202.70404774221097
381000,190500.0,-67.6739501953125,0.39277308426189306,-67.28117711105061,202.57528537995032
382000,191000.0,-67.66680145263672,0.3829673652401095,-67.28383408739661,197.51792170411116
383000,191500.0,-67.72968292236328,0.4584751314712668,-67.27120779089202,236.46154565793634
384000,192000.0,-67.79956817626953,0.521033826378408,-67.27853434989112,268.7266014410393
385000,192500.0,-67.6728744506836,0.40102665451896696,-67.27184779616462,206.83211818551848
386000,193000.0,-67.61009216308594,0.33420891975950134,-67.27588324332643,172.37043476141884
387000,193500.0,-67.5595703125,0.28833635118911277,-67.27123396131088,148.71135769731518
388000,194000.0,-67.70783996582031,0.4320525335008434,-67.27578743231948,222.83391805611922
389000,194500.0,-67.53728485107422,0.264172441168991,-67.27311240990522,136.24866316869083
390000,195000.0,-67.60169982910156,0.32770002259414277,-67.27399980650742,169.01342850611726
391000,195500.0,-67.61410522460938,0.3447291916376977,-67.26937603297168,177.7963337432831
392000,196000.0,-67.68622589111328,0.4100678499081715,-67.27615804120511,211.49517380091493
393000,196500.0,-67.64730834960938,0.37727085823250495,-67.27003749137687,194.57991098246777
394000,197000.0,-67.56620788574219,0.30112760614150497,-67.26508027960068,155.3085310428818
395000,197500.0,-67.65117645263672,0.3802754300245044,-67.27090102261221,196.1295385221263
396000,198000.0,-67.65968322753906,0.3878753824908962,-67.27180784504817,200.04926368009262
397000,198500.0,-67.65630340576172,0.3864911645580185,-67.2698122412037,199.33534423393786
398000,199000.0,-67.71713256835938,0.44383334966962074,-67.27329921868976,228.9099509947906
399000,199500.0,-67.68070983886719,0.41587085779622673,-67.26483898107097,214.4881130477424
400000,200000.0,-67.52278900146484,0.2542178979504757,-67.26857110351436,131.11454244066968
401000,200500.0,-67.69380187988281,0.4181020570766543,-67.27569982280616,215.63886865978117
402000,201000.0,-67.58663940429688,0.31605749046968395,-67.27058191382719,163.00871646713017
403000,201500.0,-67.69837951660156,0.4218106817140252,-67.27656883488754,217.55161605614194
404000,202000.0,-67.68031311035156,0.41606653800199045,-67.26424657234958,214.58903639283434
405000,202500.0,-67.69684600830078,0.4174694101633073,-67.27937659813747,215.31257687923096
406000,203000.0,-67.68592834472656,0.40589710734969053,-67.28003123737687,209.34408606633068
407000,203500.0,-67.67166900634766,0.3962118979441583,-67.2754571084035,204.34887601272612
408000,204000.0,-67.6875991821289,0.41335712166178046,-67.27424206046713,213.19163720657755
409000,204500.0,-67.71371459960938,0.4393572540201004,-67.27435734558928,226.60137540770953
410000,205000.0,-67.6279525756836,0.351430753007346,-67.27652182267624,181.25270782120376
411000,205500.0,-67.74995422363281,0.4686169564446822,-67.28133726718814,241.69225817512412
412000,206000.0,-67.65543365478516,0.38318402161257753,-67.27224963317258,197.62966364428144
413000,206500.0,-67.68698120117188,0.4119676127255841,-67.27501358844628,212.47498889087908
414000,207000.0,-67.69003295898438,0.41203443633858855,-67.27799852264579,212.50945360604646
415000,207500.0,-67.71125793457031,0.4362622733503516,-67.27499566121996,225.0051188984378
416000,208000.0,-67.6244888305664,0.3472806833229928,-67.27720814724341,179.11228225656916
417000,208500.0,-67.69920349121094,0.42279691723657303,-67.27640657397437,218.06027347294892
418000,209000.0,-67.57782745361328,0.3010978444870885,-67.27672960912619,155.2931812750938
419000,209500.0,-67.72244262695312,0.45101413373877697,-67.27142849321434,232.61348731219059
420000,210000.0,-67.64307403564453,0.36600643367483116,-67.2770676019697,188.77021039236786
421000,210500.0,-67.68388366699219,0.4093418844144757,-67.27454178257771,211.12075235261793
422000,211000.0,-67.67644500732422,0.3914846123620404,-67.28496039496218,201.910747576126
423000,211500.0,-67.62619018554688,0.3472142226561423,-67.27897596289073,179.07800473325293
424000,212000.0,-67.71466827392578,0.4338235036367794,-67.28084477028901,223.7473074788206
425000,212500.0,-67.7227783203125,0.44738389110508364,-67.27539442920741,230.74116594653267
426000,213000.0,-67.6081771850586,0.3320827075100748,-67.27609447754853,171.27382689681593
427000,213500.0,-67.56523895263672,0.29422244132065134,-67.27101651131606,151.7471471542462
428000,214000.0,-67.68975067138672,0.42148830970721196,-67.2682623616795,217.38535058659883
429000,214500.0,-67.75174713134766,0.48285220616337254,-67.26889492518428,249.03418125938455
430000,215000.0,-67.53208923339844,0.264769282516432,-67.26731995088201,136.5564879945992
431000,215500.0,-67.70083618164062,0.4250518280314988,-67.27578435360913,219.22325845356906
432000,216000.0,-67.57363891601562,0.3032498204989763,-67.27038909551665,156.40307696857852
433000,216500.0,-67.61099243164062,0.34046443029967177,-67.27052800134095,175.5967552086401
434000,217000.0,-67.71931457519531,0.4447927702825881,-67.27452180491272,229.40477844671875
435000,217500.0,-67.596435546875,0.3195728434886299,-67.27686270338637,164.82178276306152
436000,218000.0,-67.64311981201172,0.3665044942978757,-67.27661531771385,189.02708841403617
437000,218500.0,-67.63294219970703,0.3610487522943215,-67.27189344741271,186.21325381687612
438000,219000.0,-67.74702453613281,0.47048217852918367,-67.27654235760363,242.65425865633054
439000,219500.0,-67.5899887084961,0.3163169214783758,-67.27367178701772,163.1425197055087
440000,220000.0,-67.66162872314453,0.3859847004456685,-67.27564402269886,199.0741320577349
441000,220500.0,-67.51631164550781,0.23923791962014532,-67.27707372588766,123.38852070739642
442000,221000.0,-67.70081329345703,0.4210935262829635,-67.27971976717407,217.18173845523117
443000,221500.0,-67.65967559814453,0.3811108422056858,-67.27856475593885,196.5604078148395
444000,222000.0,-67.67037963867188,0.389707007609212,-67.28067263106266,200.9939363063984
445000,222500.0,-67.59638977050781,0.3207937891719092,-67.2755959813359,165.45149347933557
446000,223000.0,-67.76725769042969,0.48494036215932,-67.28231732827037,250.11116136251925
447000,223500.0,-67.75013732910156,0.47020904303529826,-67.27992828606627,242.5133872401407
448000,224000.0,-67.6632080078125,0.39018025072534057,-67.27302775708716,201.23801453666715
449000,224500.0,-67.64871978759766,0.3694026502617054,-67.27931713733595,190.52183129478036
450000,225000.0,-67.67634582519531,0.3951770611494025,-67.28116876404592,203.81515217211907
451000,225500.0,-67.68511962890625,0.40695194828132136,-67.27816768062493,209.8881271712784
452000,226000.0,-67.63147735595703,0.35458038625122884,-67.2768969697058,182.87715175279536
453000,226500.0,-67.67818450927734,0.39430547188725806,-67.28387903739008,203.36562431344515
454000,227000.0,-67.60209655761719,0.32139152649216635,-67.28070503112502,165.75978040907998
455000,227500.0,-67.58033752441406,0.29775613750929486,-67.28258138690477,153.56967405984037
456000,228000.0,-67.53091430664062,0.24924837127218932,-67.28166593536844,128.55147657542852
457000,228500.0,-67.7568130493164,0.46228644456228696,-67.29452660475413,238.4272552954403
458000,229000.0,-67.59053039550781,0.30737026067213735,-67.28316013483567,158.52822091915672
459000,229500.0,-67.73245239257812,0.4481106659357953,-67.28434172664232,231.11600481568547
460000,230000.0,-67.60338592529297,0.32265791005675937,-67.2807280152362,166.41292600962436
461000,230500.0,-67.74431610107422,0.45502374685765007,-67.28929235421657,234.68147148515217
462000,231000.0,-67.75228118896484,0.46603120346777815,-67.28624998549707,240.35863917675832
463000,231500.0,-67.60875701904297,0.3312521731771426,-67.27750484586582,170.84547338621897
464000,232000.0,-67.69864654541016,0.41517831545409134,-67.28346822995607,214.13092980831698
465000,232500.0,-67.6632308959961,0.38419414853426553,-67.27903674746183,198.1506432063496
466000,233000.0,-67.69009399414062,0.40910545291701833,-67.2809885412236,210.99881126248377
467000,233500.0,-67.7566146850586,0.46963386776232025,-67.28698081729627,242.21673683374644
468000,234000.0,-67.66024780273438,0.3792705009571127,-67.28097730177726,195.6112397873847
469000,234500.0,-67.58522033691406,0.3077516427415593,-67.2774686941725,158.7249212141811
470000,235000.0,-67.77164459228516,0.4905743154363113,-67.28107027684885,253.01690958874656
471000,235500.0,-67.58443450927734,0.2973909402723187,-67.28704356900502,153.38132119793428
472000,236000.0,-67.70352172851562,0.41247179758812974,-67.2910499309275,212.73502552909827
473000,236500.0,-67.63086700439453,0.34741486409092215,-67.28345214030361,179.18148686463664
474000,237000.0,-67.70446014404297,0.42240828963413996,-67.28205185440883,217.85983624691713
475000,237500.0,-67.67266845703125,0.39012965034389047,-67.28253880668736,201.21191705920927
476000,238000.0,-67.6698226928711,0.3894901535064115,-67.28033253936468,200.88209238551676
477000,238500.0,-67.68876647949219,0.40783748621101934,-67.28092899328117,210.3448491464118
478000,239000.0,-67.68248748779297,0.3957026593261658,-67.2867848284668,204.0862328671038
479000,239500.0,-67.62517547607422,0.343858992164358,-67.28131648390986,177.34752267726887
480000,240000.0,-67.60971069335938,0.33383165946524435,-67.27587903389413,172.1758602988758
481000,240500.0,-67.62035369873047,0.33922752859582456,-67.28112617013464,174.9588150704693
482000,241000.0,-67.68153381347656,0.4043263769325921,-67.27720743654397,208.53397158739014
483000,241500.0,-67.52392578125,0.2468592718486585,-67.27706650940134,127.31928293254609
484000,242000.0,-67.61914825439453,0.3394749849516642,-67.27967326944287,175.0864423033728
485000,242500.0,-67.7130355834961,0.43000184249141205,-67.28303374100469,221.77626076465202
486000,243000.0,-67.62163543701172,0.346532862899137,-67.27510257411258,178.7265889851979
487000,243500.0,-67.72858428955078,0.44927040060075474,-67.27931388895003,231.71414554918474
488000,244000.0,-67.73633575439453,0.459524724326756,-67.27681103006778,237.00288003331252
489000,244500.0,-67.6545181274414,0.37602059690509915,-67.27849753053631,193.9350805311279
490000,245000.0,-67.72581481933594,0.4435773593990411,-67.2822374599369,228.77792233958218
491000,245500.0,-67.65977478027344,0.3819659508488084,-67.27780882942463,197.0014356865353
492000,246000.0,-67.7503890991211,0.47429896513943637,-67.27609013398165,244.6227912971537
493000,246500.0,-67.55852508544922,0.2841918864766186,-67.2743331989726,146.57382293355107
494000,247000.0,-67.58926391601562,0.31406337871758433,-67.27520053729805,161.98024029743485
495000,247500.0,-67.63511657714844,0.354699001797813,-67.28041757535063,182.93832849621944
496000,248000.0,-67.64225769042969,0.36911561750699956,-67.27314207292268,190.37379227548965
497000,248500.0,-67.68033599853516,0.40107614929073654,-67.27925984924443,206.85764543755735
498000,249000.0,-67.61331176757812,0.3378286816076192,-67.2754830859705,174.23735059341357
499000,249500.0,-67.56002044677734,0.287622121130954,-67.27239832564639,148.3429888765994
500000,250000.0,-67.6473159790039,0.3790427557426388,-67.26827322326126,195.49377870447302
501000,250500.0,-67.6510238647461,0.3732447516822658,-67.27777911306383,192.50342021447776
502000,251000.0,-67.61078643798828,0.3355901910847705,-67.2751962469035,173.0828344754404
503000,251500.0,-67.53278350830078,0.2599229754391919,-67.27286053286159,134.0569734439632
504000,252000.0,-67.6403579711914,0.37071335319970117,-67.2696446179917,191.19783490182945
505000,252500.0,-67.63785552978516,0.36612697566012453,-67.27172855412503,188.83238070914746
506000,253000.0,-67.62516784667969,0.35486051804081786,-67.27030732863886,183.02163155422227
507000,253500.0,-67.69821166992188,0.42055810480702804,-67.27765356511485,216.90559132949315
508000,254000.0,-67.75372314453125,0.4842058935775475,-67.2695172509537,249.73235439097036
509000,254500.0,-67.68440246582031,0.4132880933362201,-67.27111437248409,213.15603539649942
510000,255000.0,-67.79521179199219,0.5267237928701197,-67.26848799912207,271.661238848862
511000,255500.0,-67.53416442871094,0.263460156924246,-67.2707042717867,135.88129791396108
512000,256000.0,-67.70112609863281,0.43518416002697796,-67.26594193860583,224.44907490533993
513000,256500.0,-67.55420684814453,0.29005272719963776,-67.2641541209449,149.59658984300765
514000,257000.0,-67.63151550292969,0.36294790123925214,-67.26856760169044,187.19275229809546
515000,257500.0,-67.67872619628906,0.40618671252384586,-67.27253948376521,209.49345182776585
516000,258000.0,-67.68104553222656,0.4158906768769954,-67.26515485534956,214.49833486818667
517000,258500.0,-67.6993179321289,0.43453556018094985,-67.26478237194796,224.11455529549076
518000,259000.0,-67.7016372680664,0.43594272543793305,-67.26569454262847,224.84030997403707
519000,259500.0,-67.67601013183594,0.40918640831339875,-67.26682372352253,211.0405645372929
520000,260000.0,-67.69886779785156,0.4277278348141046,-67.27113996303746,220.603426442126
521000,260500.0,-67.76739501953125,0.49819372557029,-67.26920129396096,256.9466701659465
522000,261000.0,-67.75538635253906,0.4869427821537238,-67.26844357038534,251.14392256248576
523000,261500.0,-67.68199157714844,0.40993131145122086,-67.27206026569722,211.42475319932484
524000,262000.0,-67.65095520019531,0.3862347524362601,-67.26472044775905,199.20309800622678
525000,262500.0,-67.71231842041016,0.4443262847416632,-67.26799213566849,229.1641854800289
526000,263000.0,-67.6241455078125,0.36117099473715675,-67.26297451307535,186.2763011557472
527000,263500.0,-67.74182891845703,0.47623478933158936,-67.26559412912545,245.62120527683803
528000,264000.0,-67.5912857055664,0.32011418627926064,-67.27117151928715,165.10098384555545
529000,264500.0,-67.7267837524414,0.4596468793442921,-67.26713687309712,237.06588228201414
530000,265000.0,-67.56612396240234,0.3032015972883246,-67.26292236511402,156.3782055324971
531000,265500.0,-67.59822082519531,0.32613062861235553,-67.27209019658295,168.20400330242347
532000,266000.0,-67.64081573486328,0.3710129976685677,-67.26980273719471,191.35237849512896
533000,266500.0,-67.54048156738281,0.26762716358493865,-67.27285440379788,138.0304588348431
534000,267000.0,-67.64311981201172,0.3754687890547994,-67.26765102295693,193.6504820257099
535000,267500.0,-67.66207122802734,0.38883073688456077,-67.27324049114279,200.54199395283845
536000,268000.0,-67.69877624511719,0.4319855480335552,-67.26679069708364,222.79936986354716
537000,268500.0,-67.72882843017578,0.4552594949963837,-67.2735689351794,234.8030601285581
538000,269000.0,-67.62712860107422,0.3655054114708418,-67.26162318960338,188.5118049159703
539000,269500.0,-67.6543960571289,0.3892670806960593,-67.26512897643285,200.76704112556976
540000,270000.0,-67.6823501586914,0.4137220127273144,-67.26862814596409,213.3798321585612
541000,270500.0,-67.72918701171875,0.46175296904409885,-67.26743404267465,238.15211181012927
542000,271000.0,-67.6836929321289,0.41474281814347114,-67.26895011398544,213.9063192239464
543000,271500.0,-67.6832046508789,0.410275495736622,-67.27292915514228,211.6022684941151
544000,272000.0,-67.62605285644531,0.35467160433400435,-67.27138125211131,182.92419807518982
545000,272500.0,-67.60753631591797,0.3418393734969587,-67.26569694242102,176.3058911492941
546000,273000.0,-67.68013000488281,0.4119176925869538,-67.26821231229586,212.44924225310163
547000,273500.0,-67.58660888671875,0.31865280975645804,-67.26795607696229,164.347269352337
548000,274000.0,-67.69963073730469,0.43108378344113846,-67.26854695386355,222.33427888105876
549000,274500.0,-67.58255004882812,0.31289151582830643,-67.26965853299981,161.37584435297302
550000,275000.0,-67.68743133544922,0.42949416056674744,-67.25793717488247,221.51442049378815
551000,275500.0,-67.6888656616211,0.41918592852622977,-67.26967973309486,216.19788244410282
552000,276000.0,-67.61068725585938,0.3492840234350992,-67.26140323242427,180.1455180132547
553000,276500.0,-67.59638977050781,0.33322173042525993,-67.26316804008255,171.86128540999675
554000,277000.0,-67.59056091308594,0.3285098849778159,-67.26205102810812,169.43112032377167
555000,277500.0,-67.70298767089844,0.4417939247181912,-67.26119374618024,227.85810424637296
556000,278000.0,-67.66923522949219,0.40064131690688004,-67.2685939125853,206.63337779351116
557000,278500.0,-67.62036895751953,0.351605988614058,-67.26876296890548,181.34308673070854
558000,279000.0,-67.68670654296875,0.4191409269941666,-67.26756561597459,216.17467260981044
559000,279500.0,-67.62809753417969,0.3620037172590006,-67.26609381692069,186.7057832390774
560000,280000.0,-67.63679504394531,0.37048259980137616,-67.26631244414394,191.078822328435
561000,280500.0,-67.59407043457031,0.32862041984332224,-67.265450014727,169.4881294031144
562000,281000.0,-67.67562103271484,0.4142957732032544,-67.2613252595116,213.67575287413592
563000,281500.0,-67.55641174316406,0.2958247090540636,-67.26058703411,152.57352721020405
564000,282000.0,-67.59606170654297,0.3349377615083067,-67.26112394503467,172.74633965708784
565000,282500.0,-67.68905639648438,0.4295866856114887,-67.25946971087289,221.5621408903588
566000,283000.0,-67.5927734375,0.33055159736030126,-67.2622218401397,170.48414682970702
567000,283500.0,-67.77147674560547,0.5067615437017303,-67.26471520190374,261.36557836664883
568000,284000.0,-67.70330047607422,0.4441146249754122,-67.2591858510988,229.05502057217296
569000,284500.0,-67.53602600097656,0.2787607082728709,-67.25726529270369,143.7726572766907
570000,285000.0,-67.61895751953125,0.36110119679913383,-67.25785632273211,186.2403024130113
571000,285500.0,-67.72638702392578,0.46405113689508753,-67.26233588703069,239.33740690014272
572000,286000.0,-67.59102630615234,0.33375127596267995,-67.25727503018966,172.13440198204017
573000,286500.0,-67.66891479492188,0.4130314850327119,-67.25588330988916,213.02368798676864
574000,287000.0,-67.63433837890625,0.38537494240771003,-67.24896343649854,198.7596453642684
575000,287500.0,-67.60464477539062,0.35075393399753585,-67.25389084139309,180.90363399319307
576000,288000.0,-67.73546600341797,0.47473965507639937,-67.26072634834156,244.85008001249963
577000,288500.0,-67.57280731201172,0.31764311803857515,-67.25516419397314,163.82651424947585
578000,289000.0,-67.62913513183594,0.36952342340917554,-67.25961170842676,190.58412083496356
579000,289500.0,-67.59931945800781,0.34074724858399774,-67.25857220942382,175.74262058728658
580000,290000.0,-67.61320495605469,0.35270923439658186,-67.2604957216581,181.9120929538793
581000,290500.0,-67.60680389404297,0.35129252464664,-67.25551136939633,181.1814156407066
582000,291000.0,-67.5964126586914,0.34048179801059264,-67.25593086068082,175.6057127190632
583000,291500.0,-67.60332489013672,0.35349567774806595,-67.24982921238865,182.31770625261498
584000,292000.0,-67.7123794555664,0.4590930988889058,-67.2532863566775,236.78026639262973
585000,292500.0,-67.60520935058594,0.3504672084013817,-67.25474214218455,180.75575339293295
586000,293000.0,-67.62313842773438,0.3675795374726117,-67.25555889026177,189.58154895790761
587000,293500.0,-67.6724624633789,0.41472843819290706,-67.257734025186,213.89890267045539
588000,294000.0,-67.54255676269531,0.2848072768237017,-67.25774948587161,146.89121452726147
589000,294500.0,-67.56946563720703,0.3215942417734733,-67.24787139543356,165.86433214036472
590000,295000.0,-67.67227172851562,0.41838444479477,-67.25388728372086,215.7845119710905
591000,295500.0,-67.59439849853516,0.33297784048289203,-67.26142065805226,171.7354975781515
592000,296000.0,-67.61863708496094,0.3591070958430186,-67.25952998911792,185.2118318114155
593000,296500.0,-67.65229034423828,0.3950580076283696,-67.25723233660992,203.75374954051046
594000,297000.0,-67.5751724243164,0.31747635601186514,-67.25769606830454,163.74050564424059
595000,297500.0,-67.73741149902344,0.4740384415948052,-67.26337305742864,244.48842457622362
596000,298000.0,-67.72041320800781,0.4575502431055803,-67.26286296490223,235.98452843824668
597000,298500.0,-67.71475219726562,0.4531734918742379,-67.26157870539139,233.7271903841578
598000,299000.0,-67.66492462158203,0.4118807530443726,-67.25304386853766,212.43019044257784
599000,299500.0,-67.6139144897461,0.35028826346333,-67.26362622628277,180.66346137154548
600000,300000.0,-67.61376953125,0.35246615373707313,-67.26130337751293,181.78672251495814
601000,300500.0,-67.6622314453125,0.3986945175443541,-67.26353692776814,205.62930329797305
602000,301000.0,-67.60658264160156,0.34700061610003635,-67.25958202550153,178.96783575580503
603000,301500.0,-67.71571350097656,0.45771894754435954,-67.2579945534322,236.0715388552023
604000,302000.0,-67.56936645507812,0.3063294424780542,-67.26303701260007,157.9914121327521
605000,302500.0,-67.72169494628906,0.45859978440591426,-67.26309516188314,236.52583622371458
606000,303000.0,-67.77235412597656,0.5113505528581879,-67.26100357311837,263.7323898329375
607000,303500.0,-67.65283203125,0.3833950751279904,-67.26943695612201,197.7385158743052
608000,304000.0,-67.64200592041016,0.3767711418982236,-67.26523477851194,194.32217901690728
609000,304500.0,-67.63681030273438,0.37434048821667654,-67.2624698145177,193.0685534938536
610000,305000.0,-67.65788269042969,0.3938313114499599,-67.26405137897973,203.12107296878756
611000,305500.0,-67.57676696777344,0.3168918449394787,-67.25987512283396,163.4390402382825
612000,306000.0,-67.62265014648438,0.36843320347079617,-67.25421694301357,190.02183277604743
613000,306500.0,-67.53687286376953,0.2812889874263667,-67.25558387634317,145.07663377498375
614000,307000.0,-67.71990966796875,0.46393006451010016,-67.25597960345866,239.27496302625423
615000,307500.0,-67.60615539550781,0.34808469193509545,-67.25807070357271,179.52695495327572
616000,308000.0,-67.62145233154297,0.3600998082334844,-67.26135252330948,185.7238297151841
617000,308500.0,-67.6361083984375,0.37374924955204814,-67.26235914888545,192.76361828822508
618000,309000.0,-67.55448150634766,0.2990734932833593,-67.2554080130643,154.24910891057493
619000,309500.0,-67.6971664428711,0.4407539184480423,-67.25641252442306,227.32171421504415
620000,310000.0,-67.60887908935547,0.3495821878028104,-67.25929690155266,180.2992982347094
621000,310500.0,-67.63316345214844,0.3705680392579598,-67.26259541289048,191.12288828660184
622000,311000.0,-67.54714965820312,0.28894787743844474,-67.25820178076468,149.0267563573546
623000,311500.0,-67.56349182128906,0.3044384151093182,-67.25905340617975,157.0161024075379
624000,312000.0,-67.59886169433594,0.3395519925972881,-67.25930970173864,175.12615949992664
625000,312500.0,-67.57205963134766,0.32443781578522485,-67.24762181556243,167.330924022576
626000,313000.0,-67.60797119140625,0.355934505262485,-67.25203668614377,183.5755474833967
627000,313500.0,-67.61690521240234,0.3616164179825384,-67.25528879441981,186.50603110584706
628000,314000.0,-67.55011749267578,0.29615855085134163,-67.25395894182444,152.74570829914612
629000,314500.0,-67.6004638671875,0.34459043650106014,-67.25587343068644,177.72476987465623
630000,315000.0,-67.65323638916016,0.3908432897847914,-67.26239309937536,201.57998126521403
631000,315500.0,-67.51537322998047,0.2621312358403831,-67.25324199414008,135.1958981791069
632000,316000.0,-67.62752532958984,0.3726739781896581,-67.25485135140019,192.2090400550796
633000,316500.0,-67.59101867675781,0.3314260429009689,-67.25959263385684,170.93514783269796
634000,317000.0,-67.61610412597656,0.3631626691227946,-67.25294145685376,187.3035202377592
635000,317500.0,-67.61711120605469,0.36077282746425027,-67.25633837859044,186.07094378231727
636000,318000.0,-67.7196044921875,0.4642961874711192,-67.25530830471638,239.463793336386
637000,318500.0,-67.68225860595703,0.4227472022864643,-67.25951140367057,218.03463266249256
638000,319000.0,-67.57403564453125,0.3192196564530953,-67.25481598807815,164.63962424104778
639000,319500.0,-67.64906311035156,0.38572388537145996,-67.2633392249801,198.93961497851987
640000,320000.0,-67.6293716430664,0.3715877749627467,-67.25778386810366,191.64882364135642
641000,320500.0,-67.63228607177734,0.3740420955114315,-67.25824397626592,192.91465550582348
642000,321000.0,-67.61386108398438,0.3615226352537937,-67.25233844873058,186.45766205053138
643000,321500.0,-67.61602020263672,0.35524506274720674,-67.26077513988952,183.2199629999334
644000,322000.0,-67.73551940917969,0.4775089054653735,-67.25801050371432,246.27833900048296
645000,322500.0,-67.544677734375,0.2870121722041377,-67.25766556217086,148.02840373095685
646000,323000.0,-67.60980987548828,0.35393873190405445,-67.25587114358423,182.5462143293759
647000,323500.0,-67.65111541748047,0.3951543166789909,-67.25596110080147,203.80342156284604
648000,324000.0,-67.5555419921875,0.29051520570555134,-67.26502678648195,149.83511615520032
649000,324500.0,-67.67152404785156,0.4145566965516988,-67.25696735129986,213.8103257964958
650000,325000.0,-67.5422134399414,0.2834755616313657,-67.25873787831004,146.20437371269995
651000,325500.0,-67.58414459228516,0.3283652801903226,-67.25577931209483,169.35653945948252
652000,326000.0,-67.77771759033203,0.5115803648931285,-67.2661372254389,263.8509168920137
653000,326500.0,-67.64411926269531,0.38800937408601055,-67.2561098886093,200.1183707210443
654000,327000.0,-67.55543518066406,0.2928142031363441,-67.26262097752772,151.02083910641988
655000,327500.0,-67.66902923583984,0.4150390510766763,-67.25399018476317,214.05910329543073
656000,328000.0,-67.58860778808594,0.335288268561137,-67.2533195195248,172.92711596050543
657000,328500.0,-67.58414459228516,0.3302563894900552,-67.2538882027951,170.3318914411437
658000,329000.0,-67.6437759399414,0.38813165257621257,-67.2556442873652,200.18143665158038
659000,329500.0,-67.63907623291016,0.38417529003045064,-67.2549009428797,198.14091680974755
660000,330000.0,-67.74525451660156,0.4909408972160643,-67.2543136193855,253.2059765376392
661000,330500.0,-67.77779388427734,0.5182717088015593,-67.25952217547578,267.30202124752986
662000,331000.0,-67.65259552001953,0.39784539236518296,-67.25475012765435,205.19136143691824
663000,331500.0,-67.70095825195312,0.44647449743844336,-67.25448375451468,230.27214021914975
664000,332000.0,-67.6595458984375,0.40031190873812617,-67.25923398969937,206.4634833774587
665000,332500.0,-67.78934478759766,0.5295677677898473,-67.25977701980781,273.12803750198225
666000,333000.0,-67.69746398925781,0.43685549209380997,-67.260608497164,225.3110753426647
667000,333500.0,-67.71798706054688,0.4567852714030075,-67.26120178914387,235.58998928277612
668000,334000.0,-67.69011688232422,0.43024755148951044,-67.2598693308347,221.90298678637967
669000,334500.0,-67.59722137451172,0.34144342988169735,-67.25577794463003,176.10168064182852
670000,335000.0,-67.59978485107422,0.3386324104714851,-67.26115244060273,174.6518790081386
671000,335500.0,-67.57813262939453,0.3201604942247238,-67.25797213516981,165.12486747109764
672000,336000.0,-67.6838607788086,0.4245591009340759,-67.25930167787452,218.9691312326001
673000,336500.0,-67.6075439453125,0.34527346580364543,-67.26227047950886,178.07704670175627
674000,337000.0,-67.68868255615234,0.4347260491746124,-67.25395650697773,224.21280123901167
675000,337500.0,-67.59976959228516,0.33999156295312444,-67.25977802933203,175.35287078398892
676000,338000.0,-67.62664031982422,0.3601886273031233,-67.2664516925211,185.76963873087337
677000,338500.0,-67.7861328125,0.5195826108228491,-67.26655020167715,267.97812753308904
678000,339000.0,-67.55187225341797,0.2903417690133889,-67.26153048440457,149.74566504763223
679000,339500.0,-67.58198547363281,0.32727147495850095,-67.2547139986743,168.79240226204
680000,340000.0,-67.62519836425781,0.36632017751496815,-67.25887818674285,188.93202582855383
681000,340500.0,-67.67091369628906,0.41207513512900495,-67.25883856116006,212.53044427321174
682000,341000.0,-67.53783416748047,0.2851615068032046,-67.25267266067726,147.07391095444356
683000,341500.0,-67.65899658203125,0.39971223193393035,-67.25928435009732,206.1541961461964
684000,342000.0,-67.61622619628906,0.3595827990831632,-67.2566433972059,185.45717886672492
685000,342500.0,-67.58647155761719,0.3303986674686895,-67.2560728901485,170.40527223855574
686000,343000.0,-67.67948913574219,0.4217334452207696,-67.25775569052142,217.51178082992627
687000,343500.0,-67.6811294555664,0.42893535467280636,-67.2521941008936,221.22621270162276
688000,344000.0,-67.62916564941406,0.37689211968089487,-67.25227352973317,194.38457409903296
689000,344500.0,-67.60904693603516,0.35694530764610305,-67.25210162838906,184.09687541937012
690000,345000.0,-67.66156005859375,0.40860230401116665,-67.25295775458258,210.73930892570056
691000,345500.0,-67.6307144165039,0.3862897051210959,-67.2444247113828,199.23144021260256
692000,346000.0,-67.65364074707031,0.39552456776413303,-67.25811617930619,203.99438097997577
693000,346500.0,-67.53428649902344,0.28158998726548007,-67.25269651175796,145.23187640934677
694000,347000.0,-67.7100830078125,0.45598180109567166,-67.25410120671683,235.1755942202714
695000,347500.0,-67.62848663330078,0.3803850228301884,-67.2481016104706,196.1860617279583
696000,348000.0,-67.62246704101562,0.372018049456314,-67.25044899155931,191.8707405236955
697000,348500.0,-67.67694091796875,0.41890204516048024,-67.25803887280827,216.05146774275076
698000,349000.0,-67.5881576538086,0.32987231637026465,-67.25828533743832,170.13380321930296
699000,349500.0,-67.72107696533203,0.4715094446120689,-67.24956752071996,243.18407785280803
700000,350000.0,-67.61378479003906,0.35713722726634484,-67.25664756277271,184.19585921789988
701000,350500.0,-67.64293670654297,0.3851793474948421,-67.25775735904813,198.65876600954493
702000,351000.0,-67.69743347167969,0.4481212784398345,-67.24931219323986,231.1214782840072
703000,351500.0,-67.66300964355469,0.41986495338384167,-67.24314469017085,216.54809395253474
704000,352000.0,-67.6655044555664,0.4160888971984318,-67.24941555836797,214.60056829453904
705000,352500.0,-67.66536712646484,0.41563498540227384,-67.24973214106257,214.366460318895
706000,353000.0,-67.75782775878906,0.5075823806215892,-67.25024537816748,261.7889303730708
707000,353500.0,-67.65707397460938,0.4035671405268223,-67.25350683408256,208.1423904487317
708000,354000.0,-67.67469787597656,0.4290913458212751,-67.24560653015529,221.30666615600646
709000,354500.0,-67.68457794189453,0.4294374597178163,-67.25514048217671,221.48517666035417
710000,355000.0,-67.67948150634766,0.430580898938691,-67.24890060740897,222.0749129120594
711000,355500.0,-67.5976791381836,0.34511344151599116,-67.2525656966676,177.994513129477
712000,356000.0,-67.7436294555664,0.5006883300701266,-67.24294112549627,258.2332787415167
713000,356500.0,-67.87380981445312,0.6235928945404184,-67.2502169199127,321.6221111734936
714000,357000.0,-67.59725189208984,0.3448657456012606,-67.25238614648859,177.8667623425098
715000,357500.0,-67.7227783203125,0.4736253702921841,-67.24915295002032,244.2753803520554
716000,358000.0,-67.55455780029297,0.3031971498790783,-67.25136065041389,156.37591175211
717000,358500.0,-67.62080383300781,0.37199038084537955,-67.24881345216244,191.85647025676354
718000,359000.0,-67.5737075805664,0.327599058144958,-67.24610852242145,168.96135543154477
719000,359500.0,-67.73230743408203,0.47265806046898723,-67.25964937361304,243.77648398838738
720000,360000.0,-67.73489379882812,0.4816332542487817,-67.25326054457935,248.40549884234287
721000,360500.0,-67.55731964111328,0.30832383447511214,-67.24899580663816,159.02003284061635
722000,361000.0,-67.55536651611328,0.30235695969081006,-67.25300955642247,155.9425781710126
723000,361500.0,-67.60725402832031,0.35525793516093124,-67.25199609315938,183.2266020314461
724000,362000.0,-67.62496948242188,0.37063474223802634,-67.25433474018385,191.15729078454302
725000,362500.0,-67.61742401123047,0.3687172397466925,-67.24870677148378,190.16832634180713
726000,363000.0,-67.64342498779297,0.3919721198269405,-67.25145286796602,202.16218273750573
727000,363500.0,-67.76473999023438,0.5133152276191154,-67.25142476261526,264.74568368203506
728000,364000.0,-67.61238861083984,0.35587900733050887,-67.25650960350933,183.54692406224453
729000,364500.0,-67.5926742553711,0.34439838120823196,-67.24827587416286,177.62571610210327
730000,365000.0,-67.68405151367188,0.43144551742732834,-67.25260599624454,222.52084554873596
731000,365500.0,-67.69471740722656,0.4412578055695655,-67.253459601657,227.58159729138495
732000,366000.0,-67.74281311035156,0.49096356748509307,-67.25184954286647,253.21766887706406
733000,366500.0,-67.61965942382812,0.36846004000126864,-67.25119938382686,190.03567389204267
734000,367000.0,-67.64156341552734,0.39273794025712505,-67.24882547527022,202.55715962978937
735000,367500.0,-67.63600158691406,0.38674633666384695,-67.24925525025021,199.4669509153283
736000,368000.0,-67.60945892333984,0.3694370862368142,-67.24002183710303,190.53959187401688
737000,368500.0,-67.61200714111328,0.36572124215291163,-67.24628589896037,188.62312100092097
738000,369000.0,-67.78744506835938,0.5333205013453021,-67.25412456701407,275.0635343611415
739000,369500.0,-67.60871124267578,0.3728073931474665,-67.23590384952831,192.27784969157187
740000,370000.0,-67.65354919433594,0.41284786034176624,-67.24070133399417,212.92898235223913
741000,370500.0,-67.59760284423828,0.35154365288152895,-67.24605919135675,181.3109366692292
742000,371000.0,-67.68598937988281,0.43281207560137536,-67.25317730428144,223.2256568588493
743000,371500.0,-67.68551635742188,0.4340316140930159,-67.25148474332886,223.8546418068382
744000,372000.0,-67.69915008544922,0.4512346880413907,-67.24791539740782,232.72723963531047
745000,372500.0,-67.59156799316406,0.34701943551027736,-67.24454855765379,178.97754198964083
746000,373000.0,-67.71542358398438,0.47033739681093284,-67.24508618717344,242.5795865388468
747000,373500.0,-67.57894134521484,0.3316501247005414,-67.2472912205143,171.05071948543014
748000,374000.0,-67.76829528808594,0.509297893855608,-67.25899739423033,262.67371753614106
749000,374500.0,-67.65127563476562,0.3977845091439692,-67.25349112562165,205.1599605176434
750000,375000.0,-67.60150146484375,0.350103163101465,-67.25139830174228,180.56799465009433
751000,375500.0,-67.74403381347656,0.493232651373447,-67.25080116210312,254.38796372325535
752000,376000.0,-67.65772247314453,0.4056918946774344,-67.2520305784671,209.23824628934088
753000,376500.0,-67.65206909179688,0.3995539295013285,-67.25251516229555,206.07255063191448
754000,377000.0,-67.62744903564453,0.3714838093419989,-67.25596522630254,191.5952026929346
755000,377500.0,-67.55047607421875,0.3022896378434553,-67.24818643637529,155.9078564882226
756000,378000.0,-67.63240814208984,0.37588040232756226,-67.25652773976228,193.862774261449
757000,378500.0,-67.64561462402344,0.38986448986749767,-67.25575013415595,201.0751588104161
758000,379000.0,-67.62651062011719,0.3806955573176099,-67.24581506279958,196.3462219195049
759000,379500.0,-67.65093994140625,0.39911835912415544,-67.25182158228209,205.84790236299173
760000,380000.0,-67.7083511352539,0.45214572425970245,-67.2562054109942,233.1971125194537
761000,380500.0,-67.77861785888672,0.5332455668283317,-67.24537229205839,275.0248863942407
762000,381000.0,-67.72994995117188,0.47653831823114884,-67.25341163294073,245.7777522906561
763000,381500.0,-67.66410827636719,0.410986557666658,-67.25312171870053,211.9690033320446
764000,382000.0,-67.6509780883789,0.3988168697838024,-67.2521612185951,205.69240726516492
765000,382500.0,-67.62937927246094,0.37334353843707196,-67.25603573402387,192.55437012894103
766000,383000.0,-67.6878890991211,0.44119511935377714,-67.24669397976731,227.5492664658739
767000,383500.0,-67.64518737792969,0.394837470651856,-67.25034990727784,203.6400061534399
768000,384000.0,-67.6327896118164,0.37586611421440236,-67.256923497602,193.85540507369942
769000,384500.0,-67.61163330078125,0.3622580698107978,-67.24937523097046,186.8369672301196
770000,385000.0,-67.68075561523438,0.43268183809973254,-67.24807377713464,223.15848601614238
771000,385500.0,-67.67987060546875,0.42363541812667066,-67.25623518734209,218.49273578747355
772000,386000.0,-67.76512908935547,0.5053627827185938,-67.25976630663688,260.64415824726944
773000,386500.0,-67.74481201171875,0.48797039665779807,-67.25684161506095,251.6739214594688
774000,387000.0,-67.70082092285156,0.43609029928435183,-67.26473062356722,224.91642214987283
775000,387500.0,-67.70433044433594,0.4427558608780868,-67.26157458345786,228.35422910807102
776000,388000.0,-67.55619812011719,0.29238401821797994,-67.26381410189921,150.79896842307727
777000,388500.0,-67.70279693603516,0.43132341799619717,-67.27147351803896,222.457871969086
778000,389000.0,-67.65398406982422,0.3939990427845856,-67.25998502703963,203.20758150091572
779000,389500.0,-67.61093139648438,0.3471526350664357,-67.26377876141794,179.04624053132414
780000,390000.0,-67.67223358154297,0.4054694749228875,-67.26676410662009,209.12353184719382
781000,390500.0,-67.71002197265625,0.4417437127622507,-67.268278259894,227.83220710191043
782000,391000.0,-67.84037017822266,0.5737794692939993,-67.26659070892866,295.9305115212176
783000,391500.0,-67.65379333496094,0.38601311194400806,-67.26778022301693,199.08878547370156
784000,392000.0,-67.73176574707031,0.4685171460264915,-67.26324860104383,241.64078029957963
785000,392500.0,-67.61398315429688,0.34567132819506036,-67.26831182610181,178.28224683056422
786000,393000.0,-67.70441436767578,0.4307119140312593,-67.27370245364452,222.1424848023685
787000,393500.0,-67.76720428466797,0.502948307664131,-67.26425597700384,259.3988769568783
788000,394000.0,-67.65255737304688,0.38073946231590255,-67.27181791073097,196.3688662093382
789000,394500.0,-67.65450286865234,0.3817024916184254,-67.27280037703392,196.86555486649104
790000,395000.0,-67.68718719482422,0.4153512973570294,-67.27183589746718,214.22014635537008
791000,395500.0,-67.63859558105469,0.3720863477961746,-67.26650923325852,191.9059658388778
792000,396000.0,-67.61014556884766,0.3381972172224808,-67.27194835162517,174.42742524553378
793000,396500.0,-67.67144775390625,0.4101498492026067,-67.26129790470364,211.53746547296873
794000,397000.0,-67.74652099609375,0.4692465228794886,-67.27727447321426,242.01696117873297
795000,397500.0,-67.59552001953125,0.3257064429316639,-67.26981357659959,167.98522676512158
796000,398000.0,-67.73138427734375,0.45125529861768043,-67.28012897872607,232.737869674743
797000,398500.0,-67.63739776611328,0.36439896578225806,-67.27299880033102,187.94114832033446
798000,399000.0,-67.65277099609375,0.379565904250379,-67.27320509184337,195.76359596664798
799000,399500.0,-67.62555694580078,0.35296267673216203,-67.27259426906862,182.0428074949584
800000,400000.0,-67.62979125976562,0.35908154155747807,-67.27070971820815,185.1986520216247
801000,400500.0,-67.74250030517578,0.46195349924775314,-67.28054680592803,238.25553657333296
802000,401000.0,-67.6672134399414,0.39427286831600666,-67.2729405716254,203.3488088084747
803000,401500.0,-67.62388610839844,0.34991443613118217,-67.27397167226725,180.47065748164815
804000,402000.0,-67.72257995605469,0.4540209559336744,-67.26855900012102,234.1642755118524
805000,402500.0,-67.6213607788086,0.35035134168552323,-67.27100943712307,180.69599437692202
806000,403000.0,-67.66706085205078,0.4010160126908531,-67.26604483935992,206.82662959311355
807000,403500.0,-67.59400939941406,0.3286767974382819,-67.26533260197579,169.5172065161998
808000,404000.0,-67.68229675292969,0.4108987770682287,-67.27139797586146,211.92372991466914
809000,404500.0,-67.54267883300781,0.27990549368473744,-67.26277333932308,144.36308783519868
810000,405000.0,-67.73554229736328,0.4657174410307735,-67.2698248563325,240.1968141491163
811000,405500.0,-67.63599395751953,0.3649643534734241,-67.2710296040461,188.2327507174374
812000,406000.0,-67.7241439819336,0.4528566262652912,-67.2712873556683,233.5637648753043
813000,406500.0,-67.74766540527344,0.47516219093342305,-67.27250321434002,245.0680056424615
814000,407000.0,-67.64495086669922,0.37710169247229974,-67.26784917422692,194.49266263597153
815000,407500.0,-67.73652648925781,0.46115578538559227,-67.27537070387223,237.84411043505148
816000,408000.0,-67.72676849365234,0.4610788056353656,-67.26568968801698,237.80440762573105
817000,408500.0,-67.77828979492188,0.507023486812154,-67.27126630810972,261.5006772379147
818000,409000.0,-67.73406982421875,0.45972609662792796,-67.27434372759082,237.1067391138149
819000,409500.0,-67.5757827758789,0.30319655088133995,-67.27258622499757,156.3756028151114
820000,410000.0,-67.641845703125,0.3734387963940846,-67.26840690673092,192.603500042878
821000,410500.0,-67.62163543701172,0.3586201253993823,-67.26301531161234,184.96067362226256
822000,411000.0,-67.6705551147461,0.4083921055682353,-67.26216300917785,210.63089770489796
823000,411500.0,-67.62716674804688,0.3647009340664266,-67.26246581398046,188.0968904365645
824000,412000.0,-67.62937927246094,0.3703616087025995,-67.25901766375834,191.01642037844096
825000,412500.0,-67.62167358398438,0.3654049865072865,-67.25626859747709,188.46001008463728
826000,413000.0,-67.7414321899414,0.47994057508709664,-67.26149161485431,247.53248850132263
827000,413500.0,-67.68312072753906,0.42365215675246837,-67.2594685707866,218.50136884313267
828000,414000.0,-67.64054107666016,0.372953084520889,-67.26758799213927,192.3529909696559
829000,414500.0,-67.71493530273438,0.44592587981986515,-67.26900942291451,229.9891870965935
830000,415000.0,-67.7486801147461,0.4784365753453718,-67.27024353940072,246.75679080435896
831000,415500.0,-67.63182830810547,0.3671963124995733,-67.2646319956059,189.3838981732978
832000,416000.0,-67.7025146484375,0.43778674278167895,-67.26472790565582,225.79137397160423
833000,416500.0,-67.74811553955078,0.4754403981384319,-67.27267514141235,245.21149282681208
834000,417000.0,-67.74092102050781,0.46645281756586704,-67.27446820294195,240.57608940352492
835000,417500.0,-67.5323715209961,0.26652758456228187,-67.26584393643381,137.4633437670398
836000,418000.0,-67.7003402709961,0.4348547928538695,-67.26548547814222,224.27920163305953
837000,418500.0,-67.68968200683594,0.41972304958056805,-67.26995895725537,216.4749061385106
838000,419000.0,-67.5743179321289,0.3075785383721692,-67.26673939375674,158.63564150425492
839000,419500.0,-67.65261840820312,0.38186550071024883,-67.27075290749288,196.9496278710293
840000,420000.0,-67.72261810302734,0.4595579971759104,-67.26306010585144,237.02004072273584
841000,420500.0,-67.73626708984375,0.4709318248345138,-67.26533526500924,242.88616667720083
842000,421000.0,-67.69940185546875,0.42890423212615886,-67.27049762334259,221.21016104477178
843000,421500.0,-67.58990478515625,0.32200519582863674,-67.26789958932761,166.0762843803183
844000,422000.0,-67.63410949707031,0.3727182643597932,-67.26139123271052,192.231880936782
845000,422500.0,-67.58540344238281,0.32488087385864767,-67.26052256852417,167.5594341197793
846000,423000.0,-67.63469696044922,0.36761807289732196,-67.2670788875519,189.60142385507015
847000,423500.0,-67.73152160644531,0.45636204689984294,-67.27515955954547,235.3717084790661
848000,424000.0,-67.6358642578125,0.37193117336527287,-67.26393308444723,191.82593361191738
849000,424500.0,-67.7183609008789,0.452843718237728,-67.26551718264118,233.55710747572147
850000,425000.0,-67.64540100097656,0.37798436953866,-67.2674166314379,194.94790910213985
851000,425500.0,-67.64673614501953,0.3731195764904817,-67.27361656852905,192.43886029116783
852000,426000.0,-67.59783935546875,0.32841984371942506,-67.26941951174932,169.38468095624532
853000,426500.0,-67.76057434082031,0.48979387905144056,-67.27078046176887,252.61439442230335
854000,427000.0,-67.520751953125,0.2509906130676354,-67.26976134005737,129.45004916875328
855000,427500.0,-67.66102600097656,0.38720415739726916,-67.2738218435793,199.7030749509153
856000,428000.0,-67.65803527832031,0.39210881942594755,-67.26592645889437,202.23268644916462
857000,428500.0,-67.71138000488281,0.4430479592446742,-67.26833204563813,228.50488074979862
858000,429000.0,-67.69886779785156,0.42474704442853567,-67.27412075342302,219.06606431826975
859000,429500.0,-67.73796844482422,0.4702053447030058,-67.26776310012121,242.51147980108848
860000,430000.0,-67.6436767578125,0.373719991533788,-67.26995676627871,192.74852827407648
861000,430500.0,-67.59860229492188,0.3291586784569941,-67.26944361646488,169.76573980118354
862000,431000.0,-67.74578094482422,0.47956939260464415,-67.26621155221957,247.34104870994244
863000,431500.0,-67.48696899414062,0.22081371750038334,-67.26615527664025,113.88611804321576
864000,432000.0,-67.68926239013672,0.4213215061765195,-67.2679408839602,217.29932057541333
865000,432500.0,-67.66618347167969,0.3937728133331147,-67.27241065834657,203.0909021826799
866000,433000.0,-67.71598815917969,0.44472450900307503,-67.2712636501766,229.36957224565293
867000,433500.0,-67.67353820800781,0.4024088745983327,-67.27112933340948,207.5450072256664
868000,434000.0,-67.59554290771484,0.32272422042059606,-67.27281868729425,166.44712601317886
869000,434500.0,-67.538330078125,0.27242581361548074,-67.26590426450952,140.5053939521573
870000,435000.0,-67.59555053710938,0.32301734837517626,-67.2725331887342,166.59830867164314
871000,435500.0,-67.68438720703125,0.40975073814252827,-67.27463646888872,211.33162133513628
872000,436000.0,-67.69895935058594,0.4301851396485298,-67.26877421093741,221.870797471469
873000,436500.0,-67.67198181152344,0.4071079681271876,-67.26487384339624,209.96859542653237
874000,437000.0,-67.75517272949219,0.4767958633111969,-67.27837686618099,245.91058284901013
875000,437500.0,-67.69548797607422,0.429708165214108,-67.26577981086011,221.62479478940253
876000,438000.0,-67.79397583007812,0.5196833303688161,-67.2742924997093,268.0300742972263
877000,438500.0,-67.68273162841797,0.41385411127488675,-67.26887751714308,213.4479628478701
878000,439000.0,-67.6494369506836,0.37748197174091547,-67.27195497894267,194.68879415427216
879000,439500.0,-67.77717590332031,0.5104180325808401,-67.26675787073947,263.25143640492615
880000,440000.0,-67.6893310546875,0.4234455885876375,-67.26588546609986,218.39482996198794
881000,440500.0,-67.6763687133789,0.40366258035247293,-67.27270613302643,208.1916141626074
882000,441000.0,-67.67658233642578,0.4005638944161071,-67.27601844200967,206.59344663786024
883000,441500.0,-67.57144927978516,0.3013816993718954,-67.27006758041325,155.43958128721354
884000,442000.0,-67.73590087890625,0.46067543016187473,-67.27522544874438,237.59636408880885
885000,442500.0,-67.73893737792969,0.4729399502830156,-67.26599742764667,243.92187050240935
886000,443000.0,-67.71463012695312,0.44257417689409007,-67.27205595005904,228.26052440583496
887000,443500.0,-67.67664337158203,0.4018746941072382,-67.2747686774748,207.26950014597122
888000,444000.0,-67.7464599609375,0.47025039366188376,-67.27620956727561,242.5347140960706
889000,444500.0,-67.59873962402344,0.32340321197536814,-67.27533641204806,166.79732034545347
890000,445000.0,-67.5877456665039,0.31178845559578305,-67.27595721090812,160.80693382842776
891000,445500.0,-67.61621856689453,0.34349510392306487,-67.27272346297147,177.15984493844192
892000,446000.0,-67.64966583251953,0.3761397198261228,-67.2735261126934,193.9965189562354
893000,446500.0,-67.66998291015625,0.38868721350498214,-67.28129569665127,200.46797083174943
894000,447000.0,-67.60902404785156,0.3303221368183111,-67.27870191103325,170.36580105541736
895000,447500.0,-67.6695556640625,0.4041394976747005,-67.2654161663878,208.43758738868638
896000,448000.0,-67.78008270263672,0.5028301081092708,-67.27725259452745,259.33791476390473
897000,448500.0,-67.69187927246094,0.40797603803383187,-67.2839032344271,210.41630815460456
898000,449000.0,-67.73075866699219,0.45448715300530085,-67.27627151398688,234.40471969861608
899000,449500.0,-67.55441284179688,0.27999633349491543,-67.27441650830195,144.4099390610286
900000,450000.0,-67.85292053222656,0.5768548674266168,-67.27606566479994,297.5166682089722
901000,450500.0,-67.65393829345703,0.3753615937494284,-67.2785766997076,193.59519534633435
902000,451000.0,-67.62628936767578,0.3596392075177298,-67.26665016015805,185.4862718855392
903000,451500.0,-67.6003646850586,0.3235382962567719,-67.27682638880182,166.86699094650072
904000,452000.0,-67.61418914794922,0.34341018270313034,-67.2707789652461,177.11604626421408
905000,452500.0,-67.65879821777344,0.3829343454904288,-67.27586387228301,197.50089155239567
906000,453000.0,-67.74694061279297,0.47311944404031586,-67.27382116875265,244.01444558091137
907000,453500.0,-67.56584930419922,0.2888302550886917,-67.27701904911052,148.96609186168772
908000,454000.0,-67.61820220947266,0.3463620393350277,-67.27184017013762,178.63848561550267
909000,454500.0,-67.6356201171875,0.35933367964390794,-67.27628643754359,185.32869388767992
910000,455000.0,-67.62730407714844,0.352055245295439,-67.275248831853,181.57479380048045
911000,455500.0,-67.63681030273438,0.36616336033829544,-67.27064694239608,188.851146344725
912000,456000.0,-67.76780700683594,0.4815285366440247,-67.28627847019192,248.35149005325331
913000,456500.0,-67.60443878173828,0.3345495757404365,-67.26988920599784,172.54613031011968
914000,457000.0,-67.63250732421875,0.3663616984754405,-67.2661456257433,188.95344053529917
915000,457500.0,-67.63789367675781,0.36410858066917234,-67.27378509608864,187.79138030029824
916000,458000.0,-67.64436340332031,0.374222735259298,-67.27014066806102,193.00782163645022
917000,458500.0,-67.67658233642578,0.40582830372523665,-67.27075403270054,209.30860014731687
918000,459000.0,-67.73558044433594,0.46109830145926517,-67.27448214287668,237.81446272433232
919000,459500.0,-67.7083969116211,0.4381749896655681,-67.27022192195552,225.99161483955862
920000,460000.0,-67.68798065185547,0.41650396523500793,-67.27147668662046,214.8146423472953
921000,460500.0,-67.59828186035156,0.3299392293005609,-67.268342631051,170.16831400044737
922000,461000.0,-67.57843780517578,0.3072014343164666,-67.27123637085931,158.4411476227675
923000,461500.0,-67.61530303955078,0.3401316934478861,-67.2751713461029,175.42514400255763
924000,462000.0,-67.64599609375,0.3849145095088257,-67.26108158424117,198.5221740872712
925000,462500.0,-67.71283721923828,0.44287401479092575,-67.26996320444735,228.4151677608738
926000,463000.0,-67.69393920898438,0.4224804302899566,-67.27145877869442,217.89704326166716
927000,463500.0,-67.632080078125,0.3657315885565819,-67.26634848956841,188.6284572262382
928000,464000.0,-67.66400146484375,0.39793078810999455,-67.26607067673376,205.23540485045294
929000,464500.0,-67.72345733642578,0.45805843141900393,-67.26539890500678,236.2466298824228
930000,465000.0,-67.67835998535156,0.4046741480217891,-67.27368583732978,208.7133367996815
931000,465500.0,-67.64775848388672,0.37088218514119686,-67.27687629874552,191.28491107914445
932000,466000.0,-67.57648468017578,0.30608450292856254,-67.27040017724723,157.8650829591725
933000,466500.0,-67.69004821777344,0.42559785077568024,-67.26445036699776,219.504873252695
934000,467000.0,-67.62944793701172,0.3618210109388271,-67.2676269260729,186.61155126027617
935000,467500.0,-67.58464813232422,0.31236254756278176,-67.27228558476143,161.10302551268268
936000,468000.0,-67.60386657714844,0.3349562497334098,-67.26891032741503,172.75587508002417
937000,468500.0,-67.64244842529297,0.3713000290142234,-67.27114839627875,191.50041678769287
938000,469000.0,-67.62545776367188,0.3566193300552818,-67.2688384336166,183.9287503463087
939000,469500.0,-67.8243408203125,0.5498841368931132,-67.27445668341939,283.6063376551422
940000,470000.0,-67.6667251586914,0.3984951296663763,-67.26823002902503,205.5264676967033
941000,470500.0,-67.55408477783203,0.289311679532711,-67.26477309829932,149.2143896652894
942000,471000.0,-67.73469543457031,0.46318132789133715,-67.27151410667898,238.8887972213713
943000,471500.0,-67.73505401611328,0.47203535081816267,-67.26301866529512,243.45531741593322
944000,472000.0,-67.6883544921875,0.42041597448150286,-67.267938517706,216.8322866851372
945000,472500.0,-67.65558624267578,0.38896921074115154,-67.26661703193463,200.61341274944274
946000,473000.0,-67.7365493774414,0.46266051631921673,-67.27388886112219,238.6201852490165
947000,473500.0,-67.67823791503906,0.4122658780549742,-67.26597203698408,212.62882118397957
948000,474000.0,-67.75321960449219,0.48701786657441776,-67.26620173791777,251.1826478432118
949000,474500.0,-67.64546203613281,0.3725618216789888,-67.27290021445383,192.151194601645
950000,475000.0,-67.66886138916016,0.3980643698215788,-67.27079701933857,205.30430049129495
951000,475500.0,-67.58573150634766,0.31246104783529227,-67.27327045851236,161.1538276720295
952000,476000.0,-67.6845474243164,0.41889175218628527,-67.26565567213012,216.04615907403465
953000,476500.0,-67.70521545410156,0.4350347246336063,-67.27018072946795,224.3720026244961
954000,477000.0,-67.54176330566406,0.2795091727291207,-67.26225413293494,144.1586827119785
955000,477500.0,-67.60977935791016,0.34198138931434025,-67.26779796859581,176.37913673532654
956000,478000.0,-67.71014404296875,0.44491397710621605,-67.26523006586254,229.4672916582148
957000,478500.0,-67.64967346191406,0.38138141274956777,-67.2682920491645,196.69995634130052
958000,479000.0,-67.55522918701172,0.2935850015708888,-67.26164418544083,151.4183834369886
959000,479500.0,-67.68357849121094,0.41966576396832356,-67.26391272724261,216.4453607095757
960000,480000.0,-67.70833587646484,0.4484559460611805,-67.25987993040367,231.29408529710994
961000,480500.0,-67.6112289428711,0.35060553435808145,-67.26062340851301,180.82709590920177
962000,481000.0,-67.56741333007812,0.30591991442055727,-67.26149341565757,157.78019536041535
963000,481500.0,-67.74079895019531,0.4735734779621456,-67.26722547223316,244.24861654366885
964000,482000.0,-67.5470962524414,0.29222283019929607,-67.25487342224211,150.7158346489133
965000,482500.0,-67.60562133789062,0.3491264134048635,-67.25649492448576,180.06422961001869
966000,483000.0,-67.64572143554688,0.38797313398071315,-67.25774830156617,200.09967964987118
967000,483500.0,-67.69981384277344,0.43228260271224844,-67.26753124006119,222.95257775563786
968000,484000.0,-67.6545639038086,0.39489266845381055,-67.25967123535479,203.6684747805718
969000,484500.0,-67.61399841308594,0.3569230886304532,-67.25707532445549,184.08541581682482
970000,485000.0,-67.60997009277344,0.35162816927907486,-67.25834192349436,181.3545265536642
971000,485500.0,-67.65213775634766,0.39346434712548223,-67.25867340922217,202.9318087199528
972000,486000.0,-67.69888305664062,0.44133560322918935,-67.25754745341143,227.62172194282286
973000,486500.0,-67.670654296875,0.41574743233135886,-67.25490686454364,214.42445555752573
974000,487000.0,-67.77729034423828,0.5152667579735084,-67.26202358626477,265.7521982175505
975000,487500.0,-67.67579650878906,0.4172414684194967,-67.25855504036957,215.19501443502935
976000,488000.0,-67.46504974365234,0.21104585991327163,-67.25400388373907,108.84828164977162
977000,488500.0,-67.65072631835938,0.39404614601181853,-67.25668017234756,203.23187529822866
978000,489000.0,-67.58975982666016,0.3315730655235944,-67.25818676113656,171.01097571125956
979000,489500.0,-67.63044738769531,0.373272307760894,-67.25717507993441,192.51763244213728
980000,490000.0,-67.70549774169922,0.4347776564918835,-67.27072008520733,224.2394180502006
981000,490500.0,-67.73019409179688,0.46612740968437955,-67.2640666821125,240.40825816177605
982000,491000.0,-67.57655334472656,0.3140288111744712,-67.2625245335521,161.96241186114014
983000,491500.0,-67.63095092773438,0.36197186498366146,-67.26897906275072,186.6893552198842
984000,492000.0,-67.64539337158203,0.3837945891250453,-67.26159878245699,197.94456782951687
985000,492500.0,-67.54715728759766,0.2902852836970532,-67.2568720039006,149.71653237654306
986000,493000.0,-67.81819915771484,0.557002560246941,-67.2611965974679,287.27771102602077
987000,493500.0,-67.62704467773438,0.36238108858643486,-67.26466358914794,186.90041496770735
988000,494000.0,-67.54840087890625,0.29250018378217013,-67.25590069512408,150.85888157206855
989000,494500.0,-67.73109436035156,0.4778728914146725,-67.25322146893689,246.46606713285254
990000,495000.0,-67.687255859375,0.4251504813376523,-67.26210537803735,219.2741395410175
991000,495500.0,-67.63277435302734,0.37075726892825384,-67.26201708409909,191.22048472586448
992000,496000.0,-67.71337127685547,0.44297102859677306,-67.2704002482587,228.4652032653235
993000,496500.0,-67.60964965820312,0.34541078744340215,-67.26423887075973,178.1478712349975
994000,497000.0,-67.53426361083984,0.27157132578729676,-67.26269228505255,140.06468626982374
995000,497500.0,-67.6376953125,0.37631510456736494,-67.26138020793263,194.08697478284884
996000,498000.0,-67.60198974609375,0.33810096910705356,-67.26388877698669,174.3777846509228
997000,498500.0,-67.505126953125,0.24327795196053903,-67.26184900116446,125.47219379267786
998000,499000.0,-67.48471069335938,0.22220123172436199,-67.26250946163502,114.60173757305044
999000,499500.0,-67.76091766357422,0.49428628809057285,-67.26663137548364,254.93138374670136
1000000,500000.0,-67.65926361083984,0.3992812921504374,-67.25998231868941,205.9319361362298
1001000,500500.0,-67.5938491821289,0.3390968697218189,-67.25475231240709,174.89142690221217
1002000,501000.0,-67.64812469482422,0.385575688492054,-67.26254900633216,198.86318146934877
1003000,501500.0,-67.66956329345703,0.4080252715766746,-67.26153802188036,210.44170067611702
1004000,502000.0,-67.64822387695312,0.38553319928955304,-67.26269067766357,198.84126738544873
1005000,502500.0,-67.61058044433594,0.348934632254496,-67.26164581208144,179.96531722823164
1006000,503000.0,-67.63397979736328,0.3705139098742844,-67.26346588748899,191.09497070318062
1007000,503500.0,-67.70320129394531,0.4378630155205032,-67.2653382784248,225.83071213517283
1008000,504000.0,-67.65800476074219,0.3946621454623005,-67.26334261527988,203.5495810409981
1009000,504500.0,-67.64085388183594,0.37594068210795256,-67.26491319972799,193.89386395217502
1010000,505000.0,-67.71328735351562,0.4508721460752888,-67.26241520744034,232.54025624671266
1011000,505500.0,-67.68386840820312,0.41335495215876356,-67.27051345604436,213.19051827121666
1012000,506000.0,-67.63676452636719,0.36758373807169814,-67.26918078829549,189.58371544434164
1013000,506500.0,-67.54005432128906,0.27413389733680266,-67.26592042395227,141.38634929549474
1014000,507000.0,-67.58889770507812,0.3194853827077312,-67.2694123223704,164.77667429366778
1015000,507500.0,-67.64007568359375,0.37079282248243395,-67.26928286111132,191.23882170381154
1016000,508000.0,-67.6994857788086,0.43216422655072667,-67.26732155225787,222.89152447662428
1017000,508500.0,-67.64518737792969,0.3755434988969236,-67.26964387903277,193.6890141150903
1018000,509000.0,-67.66089630126953,0.3917671798932417,-67.2691291213763,202.0564836272095
1019000,509500.0,-67.61141967773438,0.336288934797013,-67.27513074293736,173.44321611203083
1020000,510000.0,-67.73950958251953,0.47231788550720216,-67.26719169701232,243.60103652845712
1021000,510500.0,-67.70880126953125,0.4387109496677536,-67.2700903198635,226.2680397137299
1022000,511000.0,-67.7073974609375,0.43821870733237245,-67.26917875360513,226.0141625119524
1023000,511500.0,-67.5642318725586,0.29047738224233816,-67.27375449031625,149.8156084568333
1024000,512000.0,-67.6550521850586,0.3789278160940264,-67.27612436896457,195.4344978294536
1025000,512500.0,-67.64891815185547,0.37720914248646603,-67.271709009369,194.54808068307298
1026000,513000.0,-67.61078643798828,0.34184088849438893,-67.26894554949389,176.30667251912078
1027000,513500.0,-67.6846694946289,0.4126525236397873,-67.27201697098911,212.82823617146934
1028000,514000.0,-67.6598892211914,0.38277665012828915,-67.27711257106311,197.41955913867244
1029000,514500.0,-67.68482971191406,0.41256683690406903,-67.27226287501,212.78404267747263
1030000,515000.0,-67.6968002319336,0.4267859938959245,-67.27001423803767,220.1176658326856
1031000,515500.0,-67.56668853759766,0.29030742937830234,-67.27638110821935,149.7279541563919
1032000,516000.0,-67.62216186523438,0.3456209567929375,-67.27654090844143,178.25626745069096
1033000,516500.0,-67.69632720947266,0.42321549080357623,-67.27311171866909,218.27615552593514
1034000,517000.0,-67.6496810913086,0.3700574005717706,-67.27962369073683,190.8595230466562
1035000,517500.0,-67.47740173339844,0.20598784034980536,-67.27141389304863,106.23957500060787
1036000,518000.0,-67.71012878417969,0.43740375048487345,-67.27272503369481,225.5938431912823
1037000,518500.0,-67.69390869140625,0.41596714146480024,-67.27794154994145,214.53777197912095
1038000,519000.0,-67.64930725097656,0.37080739289725895,-67.2784998580793,191.24633649049002
1039000,519500.0,-67.71095275878906,0.44239751734549465,-67.26855524144356,228.1694110889969
1040000,520000.0,-67.6189956665039,0.3424254401089907,-67.27657022639491,176.6081588349914
1041000,520500.0,-67.63375091552734,0.356261150859123,-67.27748976466822,183.7440170848242
1042000,521000.0,-67.70897674560547,0.43103175714729075,-67.27794498845817,222.307445979962
1043000,521500.0,-67.60246276855469,0.32517022868144657,-67.27729253987324,167.7086707608661
1044000,522000.0,-67.66761016845703,0.3914460655857594,-67.27616410287128,201.89086682431665
1045000,522500.0,-67.71622467041016,0.44232380710588937,-67.27390086330426,228.13139455114904
1046000,523000.0,-67.55249786376953,0.2793594113212657,-67.27313845244826,144.08144228703406
1047000,523500.0,-67.75211334228516,0.4767731691042797,-67.27534017318088,245.89887816346285
1048000,524000.0,-67.64188385009766,0.3664333901163808,-67.27545045998127,188.990415967692
1049000,524500.0,-67.72577667236328,0.442467522595959,-67.28330914976732,228.20551675447945
1050000,525000.0,-67.82637786865234,0.5446322864060223,-67.28174558224632,280.89766144023673
1051000,525500.0,-67.56293487548828,0.2941985786298098,-67.26873629685848,151.7348398154777
1052000,526000.0,-67.65074920654297,0.3826526373091618,-67.2680965692338,197.3555987166575
1053000,526500.0,-67.64275360107422,0.3648271578657361,-67.27792644320849,188.16199118605937
1054000,527000.0,-67.63764190673828,0.3639007246771487,-67.27374118206113,187.68417721386157
1055000,527500.0,-67.6651382446289,0.393411502775941,-67.27172674185296,202.9045539012853
1056000,528000.0,-67.62873840332031,0.36436831661457264,-67.26437008670574,187.9253408117772
1057000,528500.0,-67.65199279785156,0.38276413725640407,-67.26922866059516,197.41310554321336
1058000,529000.0,-67.69015502929688,0.4204080639170359,-67.26974696537984,216.82820675980977
1059000,529500.0,-67.69225311279297,0.4274296551900811,-67.26482345760289,220.44963835212855
1060000,530000.0,-67.6295394897461,0.36869996638215335,-67.26083952336394,190.15941749114705
1061000,530500.0,-67.627197265625,0.35800495041330055,-67.2691923152117,184.64339310239623
1062000,531000.0,-67.61466979980469,0.35344362931953877,-67.26122617048514,182.29086193541264
1063000,531500.0,-67.66580963134766,0.40084626126984,-67.26496337007782,206.73907918822778
1064000,532000.0,-67.69673919677734,0.4271175859007132,-67.26962161087663,220.28868657644662
1065000,532500.0,-67.6872329711914,0.42083868492568444,-67.26639428626572,217.05030235956684
1066000,533000.0,-67.6364517211914,0.36616089371061655,-67.27029082748079,188.8498741653777
1067000,533500.0,-67.71182250976562,0.4416811695336748,-67.27014134023194,227.79995002298875
1068000,534000.0,-67.65361785888672,0.38370474034557484,-67.26991311854114,197.89822773425172
1069000,534500.0,-67.78111267089844,0.5072675287683472,-67.27384514213009,261.62654347188396
1070000,535000.0,-67.6369857788086,0.37143953351746817,-67.26554624529112,191.5723671470453
1071000,535500.0,-67.67049407958984,0.4072339490549135,-67.26326013053493,210.03357091342062
1072000,536000.0,-67.6935806274414,0.4301167199388548,-67.26346390750255,221.83550955901168
1073000,536500.0,-67.61824035644531,0.350760606833725,-67.26747974961158,180.9070755520714
1074000,537000.0,-67.6338882446289,0.3671763560029577,-67.26671188862595,189.3736054797323
1075000,537500.0,-67.74522399902344,0.4819932675659238,-67.26323073145751,248.5911780637124
1076000,538000.0,-67.5469741821289,0.28284428674972933,-67.26412989537917,145.8787895664721
1077000,538500.0,-67.64571380615234,0.38416156230218496,-67.26155224385016,198.13383664416986
1078000,539000.0,-67.63748931884766,0.38326937216270557,-67.25421994668496,197.6736837483627
1079000,539500.0,-67.70735168457031,0.4400102192554598,-67.26734146531486,226.93814649563856
1080000,540000.0,-67.57341003417969,0.31726047274516544,-67.25614956143453,163.62916243842335
1081000,540500.0,-67.64382934570312,0.38803963237881756,-67.2557897133243,200.13397663332825
1082000,541000.0,-67.66834259033203,0.4034202882277745,-67.26492230210425,208.06665041566853
1083000,541500.0,-67.72643280029297,0.47032939941981305,-67.25610340087316,242.57546183210567
1084000,542000.0,-67.57083129882812,0.30688000632666407,-67.26395129250146,158.27536903616775
1085000,542500.0,-67.75468444824219,0.4986194898261242,-67.25606495841606,257.16626086369575
1086000,543000.0,-67.54185485839844,0.28809693453353397,-67.25375792386491,148.58787699236888
1087000,543500.0,-67.62995147705078,0.3694581839218705,-67.26049329312892,190.55047314297954
1088000,544000.0,-67.65284729003906,0.3935160654651514,-67.25933122457391,202.95848279166918
1089000,544500.0,-67.6753921508789,0.4161407612500967,-67.25925138962882,214.6273175181696
1090000,545000.0,-67.62895965576172,0.3683788080602908,-67.26058084770143,189.99377798754992
1091000,545500.0,-67.61621856689453,0.355464567853914,-67.26075399904062,183.33317419340693
1092000,546000.0,-67.69134521484375,0.42834333739872266,-67.26300187744502,220.92087592307863
1093000,546500.0,-67.73902130126953,0.4739758545613616,-67.26504544670817,244.45614490465513
1094000,547000.0,-67.61466217041016,0.3543057943223569,-67.2603563760878,182.73552917074193
1095000,547500.0,-67.70977020263672,0.45234279651345055,-67.25742740612327,233.29875382239206
1096000,548000.0,-67.6044921875,0.3418749821548225,-67.26261720534518,176.32425654732614
1097000,548500.0,-67.71098327636719,0.44840977751734584,-67.26257349884985,231.2702735688688
1098000,549000.0,-67.7969970703125,0.5356141676672648,-67.26138290264524,276.2465077581377
1099000,549500.0,-67.61656951904297,0.3521546270526643,-67.2644148919903,181.62605059133034
1100000,550000.0,-67.59695434570312,0.3414225295489267,-67.2555318161542,176.09090115859712
1101000,550500.0,-67.65416717529297,0.3867962271193801,-67.26737094817359,199.49268224385446
1102000,551000.0,-67.70588684082031,0.44440577961443667,-67.26148106120587,229.20518548024174
1103000,551500.0,-67.64736938476562,0.3844488750692814,-67.26292050969634,198.2820200816812
1104000,552000.0,-67.68876647949219,0.42669866006412277,-67.26206781942807,220.07262283811838
1105000,552500.0,-67.5762710571289,0.31308200173199263,-67.26318905539691,161.47408870281845
1106000,553000.0,-67.64806365966797,0.39335828211666934,-67.2547053775513,202.87710499841478
1107000,553500.0,-67.58070373535156,0.31465136075168665,-67.26605237459988,162.28349587458416
1108000,554000.0,-67.64603424072266,0.3779835069244686,-67.26805073379819,194.94746420323256
1109000,554500.0,-67.64617156982422,0.38244732200935827,-67.26372424781486,197.24970600883938
1110000,555000.0,-67.63497161865234,0.37287656873630226,-67.26209504991604,192.31352745364677
1111000,555500.0,-67.61860656738281,0.3581292111901578,-67.26047735619265,184.707481410231
1112000,556000.0,-67.70492553710938,0.43944525508908105,-67.26548028202029,226.64676253421285
1113000,556500.0,-67.68427276611328,0.4152434289199186,-67.26902933719336,214.16451250390014
1114000,557000.0,-67.7851791381836,0.521083354242202,-67.26409578394139,268.75214576050604
1115000,557500.0,-67.70462036132812,0.4454539194253739,-67.25916644190275,229.74577043839307
1116000,558000.0,-67.62191009521484,0.3569406384002005,-67.26496945681464,184.0944672252776
1117000,558500.0,-67.64836883544922,0.3850777500631644,-67.26329108538606,198.60636647011455
1118000,559000.0,-67.71368408203125,0.4495515195306859,-67.26413256250056,231.85913447469508
1119000,559500.0,-67.49649810791016,0.2306435043314652,-67.26585460357869,118.95589484900815
1120000,560000.0,-67.56349182128906,0.3044321786561107,-67.25905964263295,157.01288591603458
1121000,560500.0,-67.5609359741211,0.3067869377955081,-67.25414903632559,158.22736833292646
1122000,561000.0,-67.63640594482422,0.3811763687121166,-67.2552295761121,196.59420353881356
1123000,561500.0,-67.61750030517578,0.36434861579390265,-67.25315168938188,187.91517998475175
1124000,562000.0,-67.62779998779297,0.3692276411401733,-67.2585723466528,190.43156919648746
1125000,562500.0,-67.65663146972656,0.40151118057732865,-67.25512028914923,207.08201566698946
1126000,563000.0,-67.67606353759766,0.415461981275891,-67.26060155632176,214.27723230995502
1127000,563500.0,-67.62544250488281,0.3688564072501682,-67.25658609763265,190.24010289132602
1128000,564000.0,-67.76476287841797,0.514003288913332,-67.25075958950464,265.1005557917082
1129000,564500.0,-67.64981842041016,0.397405146269067,-67.25241327414109,204.9643016353901
1130000,565000.0,-67.74020385742188,0.4846127123678648,-67.25559114505401,249.94217384105136
1131000,565500.0,-67.69585418701172,0.44520586163400544,-67.25064832537771,229.61783301118467
1132000,566000.0,-67.60386657714844,0.3566844737282047,-67.24718210342023,183.96234862139892
1133000,566500.0,-67.7279052734375,0.475256728277824,-67.25264854515967,245.11676389573407
1134000,567000.0,-67.62153625488281,0.3665748563347612,-67.25496139854805,189.06337809444742
1135000,567500.0,-67.59662628173828,0.34749154799859366,-67.2491347337397,179.22103709122558
1136000,568000.0,-67.6084213256836,0.3592971086946584,-67.24912421698893,185.3098321815761
1137000,568500.0,-67.67613983154297,0.4298081391178832,-67.24633169242509,221.6763569837058
1138000,569000.0,-67.65428161621094,0.40604161365771935,-67.24824000255322,209.41861613919232
1139000,569500.0,-67.5998306274414,0.35215719874884965,-67.24767342869255,181.62737696044658
1140000,570000.0,-67.6070556640625,0.35936372463307037,-67.24769193942943,185.34418978721504
1141000,570500.0,-67.69436645507812,0.4450261920445009,-67.24934026303363,229.52516724607406
1142000,571000.0,-67.66519927978516,0.41710684396015674,-67.248092435825,215.1255809902169
1143000,571500.0,-67.5489501953125,0.3038153656725722,-67.24513482963992,156.69476058827394
1144000,572000.0,-67.62728881835938,0.37891999794635933,-67.24836882041302,195.43046556869473
1145000,572500.0,-67.64761352539062,0.3987780622016322,-67.248835463189,205.6723920010136
1146000,573000.0,-67.72929382324219,0.47905946330747723,-67.25023435993471,247.07804934202164
1147000,573500.0,-67.65628814697266,0.4093626872834708,-67.24692545968918,211.13148156827006
1148000,574000.0,-67.61327362060547,0.3701253235432779,-67.24314829706219,190.89455476315683
1149000,574500.0,-67.49910736083984,0.24783210256756535,-67.25127525827227,127.82102673426122
1150000,575000.0,-67.66902160644531,0.4174132119955233,-67.25160839444979,215.28359230688412
1151000,575500.0,-67.63343811035156,0.3864092789392802,-67.24702883141228,199.2931111908677
1152000,576000.0,-67.71276092529297,0.4644057161648078,-67.24835520912816,239.52028347603738
1153000,576500.0,-67.6733627319336,0.42211991561690176,-67.25124281631669,217.71110546270882
1154000,577000.0,-67.68386840820312,0.433667737083118,-67.25020067112001,223.66696986067677
1155000,577500.0,-67.63256072998047,0.37954052218185935,-67.25302020779861,195.75050499891134
1156000,578000.0,-67.6311264038086,0.3794510197647337,-67.25167538404386,195.7043435422894
1157000,578500.0,-67.66207885742188,0.4151793285065815,-67.24689952891529,214.1314522967601
1158000,579000.0,-67.59593963623047,0.348861032574019,-67.24707860365645,179.9273577119768
1159000,579500.0,-67.6487045288086,0.3958359787020855,-67.25286855010651,204.1549932066122
1160000,580000.0,-67.63008880615234,0.3828399330313385,-67.24724887312101,197.45219770953832
1161000,580500.0,-67.56369018554688,0.3185573116762158,-67.24513287387066,164.29801559327493
1162000,581000.0,-67.57966613769531,0.33381155279535757,-67.24585458489996,172.16549015246412
1163000,581500.0,-67.60595703125,0.35751408492045944,-67.24844294632955,184.3902260161578
1164000,582000.0,-67.63719940185547,0.386020189513608,-67.25117921234187,199.09243577648186
1165000,582500.0,-67.61174774169922,0.3559993946605374,-67.25574834703868,183.6090146145605
1166000,583000.0,-67.716064453125,0.46950471908384966,-67.24655973404116,242.15012755870717
1167000,583500.0,-67.66442108154297,0.4163795086564526,-67.24804157288652,214.75045305345498
1168000,584000.0,-67.71855163574219,0.47299273111880985,-67.24555890462338,243.94909256344673
1169000,584500.0,-67.6475830078125,0.399786121361589,-67.24779688645091,206.19230510145394
1170000,585000.0,-67.62611389160156,0.37454035840095223,-67.25157353320061,193.1716378477489
1171000,585500.0,-67.67561340332031,0.4276738474680131,-67.2479395558523,220.57558211551708
1172000,586000.0,-67.62462615966797,0.3764199458257735,-67.2482062138422,194.14104734711736
1173000,586500.0,-67.68360137939453,0.4334466556270993,-67.25015472376744,223.55294565474276
1174000,587000.0,-67.60560607910156,0.35275947740214986,-67.25284660169942,181.93800611239018
1175000,587500.0,-67.67594146728516,0.42662270733283647,-67.24931875995232,220.03344972052906
1176000,588000.0,-67.74456024169922,0.49761774692069,-67.24694249477852,256.64960541280857
1177000,588500.0,-67.54092407226562,0.300531894303112,-67.24039217796252,155.00128876864744
1178000,589000.0,-67.64019775390625,0.398451097905767,-67.24174665600049,205.50375802837667
1179000,589500.0,-67.76868438720703,0.5147180726652018,-67.25396631454183,265.4692101835744
1180000,590000.0,-67.74649047851562,0.5000063280115189,-67.2464841505041,257.8815317222122
1181000,590500.0,-67.57876586914062,0.33749685749055663,-67.24126901165006,174.0662101362302
1182000,591000.0,-67.65363311767578,0.40441575051078527,-67.249217367165,208.58006659449057
1183000,591500.0,-67.6800308227539,0.4318740366716832,-67.24815678608222,222.7418571498214
1184000,592000.0,-67.63273620605469,0.38499098083218647,-67.2477452252225,198.56161467211243
1185000,592500.0,-67.59315490722656,0.3496075135360436,-67.24354739369052,180.31236014715387
1186000,593000.0,-67.71575164794922,0.4714759013678153,-67.24427574658141,243.166777705345
1187000,593500.0,-67.67559814453125,0.4227493359125723,-67.25284880861868,218.03573309410316
1188000,594000.0,-67.64558410644531,0.39726839102543626,-67.24831571541988,204.89376922465283
1189000,594500.0,-67.64098358154297,0.3939963916309213,-67.24698718991205,203.2062141510854
1190000,595000.0,-67.6645736694336,0.4191551221487196,-67.24541854728487,216.18199385355092
1191000,595500.0,-67.68513488769531,0.43482629090008085,-67.25030859679524,224.26450156410374
1192000,596000.0,-67.52092742919922,0.2692228176670484,-67.25170461153218,138.85342785691475
1193000,596500.0,-67.62791442871094,0.3827339194685487,-67.24518050924239,197.39752052162294
1194000,597000.0,-67.70592498779297,0.45807815531969903,-67.24784683247327,236.2568026131221
1195000,597500.0,-67.67015838623047,0.41633543449118776,-67.25382295173928,214.72772151465009
1196000,598000.0,-67.62972259521484,0.38069399814133215,-67.24902859707352,196.34541776414886
1197000,598500.0,-67.67085266113281,0.41751567724287986,-67.25333698388994,215.33643942792295
1198000,599000.0,-67.57711029052734,0.33254349716028375,-67.24456679336706,171.51148217064056
1199000,599500.0,-67.6669921875,0.4161437566760829,-67.25084843082392,214.62886242870013
1200000,600000.0,-67.6822738647461,0.4374095873648022,-67.2448642773813,225.5968536002555
1201000,600500.0,-67.60588073730469,0.35865667161587433,-67.24722406568881,184.97952257228505
1202000,601000.0,-67.6227035522461,0.374567818966323,-67.24813573327977,193.18580081382163
1203000,601500.0,-67.7089614868164,0.45951059495035806,-67.24945089186605,236.99559271508542
1204000,602000.0,-67.66808319091797,0.4131007160609151,-67.25498247485706,213.05939434205965
1205000,602500.0,-67.70942687988281,0.45773551469463936,-67.25169136518818,236.08008347124232
1206000,603000.0,-67.5733871459961,0.3267604024452124,-67.24662674355088,168.52881327293238
1207000,603500.0,-67.66996765136719,0.42255200851521335,-67.24741564285198,217.93396019917992
1208000,604000.0,-67.62696075439453,0.3861804573366348,-67.2407802970579,199.1750949537213
1209000,604500.0,-67.6843032836914,0.44409279946248825,-67.24021048422892,229.0437639212305
1210000,605000.0,-67.65641021728516,0.41216401140387304,-67.24424620588128,212.5762827928719
1211000,605500.0,-67.6513671875,0.40816188413401283,-67.24320530336598,210.5121594954663
1212000,606000.0,-67.6738052368164,0.43448768504540874,-67.239317551771,224.0898633814227
1213000,606500.0,-67.63558197021484,0.39016808922243434,-67.24541388099242,201.23174216205547
1214000,607000.0,-67.59187316894531,0.3429576432828475,-67.24891552566247,176.8826461003975
1215000,607500.0,-67.60693359375,0.3667605928314226,-67.24017300091857,189.15917290657757
1216000,608000.0,-67.69388580322266,0.44930827002019635,-67.24457753320246,231.73367694977696
1217000,608500.0,-67.67247009277344,0.42742909486917036,-67.24504099790427,220.44934936295655
1218000,609000.0,-67.73576354980469,0.48912376911449007,-67.2466397806902,252.26878084247062
1219000,609500.0,-67.6326675415039,0.39139040232110434,-67.2412771391828,201.8621581317547
1220000,610000.0,-67.67105102539062,0.4275393222609933,-67.24351170312963,220.50619986073744
1221000,610500.0,-67.64653778076172,0.40277285655594597,-67.24376492420578,207.73273329929805
1222000,611000.0,-67.59178161621094,0.3484158228590988,-67.24336579335184,179.69773789160806
1223000,611500.0,-67.61705780029297,0.37263617207419725,-67.24442162821877,192.18954130392925
1224000,612000.0,-67.6054458618164,0.36959964679999097,-67.23584621501641,190.62343354697404
1225000,612500.0,-67.62751770019531,0.3904069442729082,-67.2371107559224,201.35493321549822
1226000,613000.0,-67.6329574584961,0.3924560944992975,-67.2405013639968,202.41179583804092
1227000,613500.0,-67.50711059570312,0.26791504643089326,-67.23919554927224,138.1789362942516
1228000,614000.0,-67.54732513427734,0.30927106793042186,-67.23805406634692,159.50857468632708
1229000,614500.0,-67.55720520019531,0.31932732419511156,-67.2378778760002,164.69515458271096
1230000,615000.0,-67.62643432617188,0.38266676189020593,-67.24376756428167,197.36288356164954
1231000,615500.0,-67.56734466552734,0.32672329663221183,-67.24062136889513,168.5096757073531
1232000,616000.0,-67.58734130859375,0.35052545763010634,-67.23681585096364,180.7857958133657
1233000,616500.0,-67.59757232666016,0.3520515032493822,-67.24552082341077,181.57286381576859
1234000,617000.0,-67.73834228515625,0.4970747812624909,-67.24126750389375,256.36956732575914
1235000,617500.0,-67.63404846191406,0.3999893642132104,-67.23405909770085,206.2971289305766
1236000,618000.0,-67.61277770996094,0.36322488967587685,-67.24955282028506,187.335610894686
1237000,618500.0,-67.7091293334961,0.4670429235945624,-67.24208640990153,240.88044044476808
1238000,619000.0,-67.69400787353516,0.45125906884472855,-67.24274880469042,232.73981419398532
1239000,619500.0,-67.66594696044922,0.42795164039584543,-67.23799532005337,220.7188556337061
1240000,620000.0,-67.69060516357422,0.45007574239264453,-67.24052942118158,232.1295058420802
1241000,620500.0,-67.62090301513672,0.38230195602194805,-67.23860105911477,197.17473255071786
1242000,621000.0,-67.55522918701172,0.3149589324170539,-67.24027025459466,162.44212797129123
1243000,621500.0,-67.54669189453125,0.30842938111718976,-67.23826251341406,159.07446921112262
1244000,622000.0,-67.642333984375,0.39448759747834045,-67.24784638689665,203.459556777422
1245000,622500.0,-67.6700668334961,0.4162397282007236,-67.25382710529537,214.67836036980518
1246000,623000.0,-67.57787322998047,0.32927357262480916,-67.24859965735565,169.8249972191845
1247000,623500.0,-67.66036987304688,0.41935911799687403,-67.24101075505,216.28720604555707
1248000,624000.0,-67.63469696044922,0.38758884318026904,-67.24710811726895,199.90147915781063
1249000,624500.0,-67.66893005371094,0.42749184849568217,-67.24143820521526,220.48171495598885
1250000,625000.0,-67.53014373779297,0.28506213978331113,-67.24508159800966,147.0226617644689
1251000,625500.0,-67.68749237060547,0.44130860364291274,-67.24618376696256,227.60779672973092
1252000,626000.0,-67.69100952148438,0.44929969163959843,-67.24170982984478,231.72925259391513
1253000,626500.0,-67.64414978027344,0.40289064274493785,-67.2412591375285,207.79348229612322
1254000,627000.0,-67.59481811523438,0.35043748984051004,-67.24438062539386,180.74042585092235
1255000,627500.0,-67.61005401611328,0.3694985781756767,-67.2405554379376,190.57130674339763
1256000,628000.0,-67.79701232910156,0.5542572294582222,-67.24275509964335,285.8617887282081
1257000,628500.0,-67.61532592773438,0.3759035565366922,-67.23942237119768,193.8747161961441
1258000,629000.0,-67.58415222167969,0.3412743468142946,-67.2428778748654,176.0144749446856
1259000,629500.0,-67.77833557128906,0.5382834292109039,-67.24005214207816,277.6231968456106
1260000,630000.0,-67.60124969482422,0.3617664517520234,-67.2394832430722,186.58341200308232
1261000,630500.0,-67.5878677368164,0.34822548206096887,-67.23964225475544,179.59956838090173
1262000,631000.0,-67.63896942138672,0.40081043130612104,-67.23815899008059,206.72059965025443
1263000,631500.0,-67.56707000732422,0.326139530984337,-67.24093047633988,168.20859475895898
1264000,632000.0,-67.69171142578125,0.4495441987586963,-67.24216722702255,231.85535873869273
1265000,632500.0,-67.59626770019531,0.3543237387001437,-67.24194396149517,182.74478410087022
1266000,633000.0,-67.58211517333984,0.3379015711630508,-67.2442136021768,174.27494385803485
1267000,633500.0,-67.74851989746094,0.5074072401647516,-67.24111265729618,261.6986005377357
1268000,634000.0,-67.4999008178711,0.25879139662249306,-67.2411094212486,133.47335427323145
1269000,634500.0,-67.7490234375,0.5017372369093318,-67.24728620059066,258.77425929951056
1270000,635000.0,-67.58089447021484,0.3358917920900683,-67.24500267812478,173.23838716519228
1271000,635500.0,-67.68238830566406,0.4376420227015824,-67.24474628296248,225.71673364440142
1272000,636000.0,-67.78273010253906,0.5316641445871064,-67.25106595795195,274.2092575371248
1273000,636500.0,-67.64163970947266,0.39800775592720905,-67.24363195354545,205.27510150524432
1274000,637000.0,-67.67606353759766,0.4357030899491298,-67.24036044764853,224.71671640442497
1275000,637500.0,-67.71630859375,0.4703711391735623,-67.24593745457643,242.59698938291365
1276000,638000.0,-67.6169662475586,0.3699540766015041,-67.24701217095709,190.80623303366394
1277000,638500.0,-67.73918914794922,0.4971534359482557,-67.24203571200097,256.4101339940308
1278000,639000.0,-67.66477966308594,0.416564652211917,-67.24821501087402,214.8459420522873
1279000,639500.0,-67.75750732421875,0.5081588345954501,-67.2493484896233,262.086240277803
1280000,640000.0,-67.70430755615234,0.46116404016302776,-67.24314351598932,237.84836789046722
1281000,640500.0,-67.6675033569336,0.4156286794792686,-67.25187467745432,214.36320799788945
1282000,641000.0,-67.67739868164062,0.4295911267855462,-67.24780755485507,221.56443145490653
1283000,641500.0,-67.54204559326172,0.29426500363021446,-67.2477805896315,151.7690989435914
1284000,642000.0,-67.70999908447266,0.4598603903653133,-67.25013869410735,237.17600198661765
1285000,642500.0,-67.59402465820312,0.34171185696187856,-67.25231280124125,176.24012366287616
1286000,643000.0,-67.7244873046875,0.47117637265818285,-67.25331093202932,243.0122938156271
1287000,643500.0,-67.71025085449219,0.46260628999854886,-67.24764456449364,238.59221766970785
1288000,644000.0,-67.63963317871094,0.3922721962473879,-67.24736098246355,202.3169491126563
1289000,644500.0,-67.61016845703125,0.3581936448891652,-67.25197481214208,184.74071351163388
1290000,645000.0,-67.70578002929688,0.44939066538579464,-67.25638936391108,231.77617289812184
1291000,645500.0,-67.66890716552734,0.41755995267222284,-67.25134721285512,215.3592747699916
1292000,646000.0,-67.66195678710938,0.4075400928442795,-67.25441669426509,210.1914665737474
1293000,646500.0,-67.58466339111328,0.33032371886769984,-67.25433967224558,170.36661700772993
1294000,647000.0,-67.59793090820312,0.34353184195725106,-67.25439906624587,177.17879281969388
1295000,647500.0,-67.653076171875,0.39624257705635524,-67.25683359481864,204.36469896536093
1296000,648000.0,-67.61785888671875,0.36582061070739524,-67.25203827601135,188.67437098237053
1297000,648500.0,-67.51331329345703,0.26104605304941236,-67.25226724040762,134.63620806188968
1298000,649000.0,-67.5852279663086,0.327576295384091,-67.2576516709245,168.94961538884982
1299000,649500.0,-67.71085357666016,0.4507558096202352,-67.26009776703992,232.48025495964163
1300000,650000.0,-67.6204833984375,0.37065872672245165,-67.24982467171505,191.1696609391484
1301000,650500.0,-67.70565032958984,0.45245096663913437,-67.25319936295071,233.35454327171536
1302000,651000.0,-67.69071960449219,0.4344577173485641,-67.25626188714362,224.07440734590568
1303000,651500.0,-67.62283325195312,0.3750479031592106,-67.24778534879391,193.43340737414223
1304000,652000.0,-67.5993881225586,0.3458322455194675,-67.25355587703913,178.3652409923857
1305000,652500.0,-67.6483383178711,0.3930207037644398,-67.25531761410666,202.7029967568343
1306000,653000.0,-67.69139862060547,0.4376736254078749,-67.2537249951976,225.73303294672763
1307000,653500.0,-67.70179748535156,0.45627485289296466,-67.2455226324586,235.326737600117
1308000,654000.0,-67.66171264648438,0.40870041966701637,-67.25301222681736,210.78991271649073
1309000,654500.0,-67.65480041503906,0.40423970175355534,-67.25056071328551,208.48926829729143
1310000,655000.0,-67.65080261230469,0.39864729693787043,-67.25215531536682,205.60494896154438
1311000,655500.0,-67.66716003417969,0.41893619642283164,-67.24822383775685,216.06908147952177
1312000,656000.0,-67.73157501220703,0.47671791488440235,-67.25485709732263,245.87038043841855
1313000,656500.0,-67.62897491455078,0.37238336264095045,-67.25659155190984,192.05915318636525
1314000,657000.0,-67.599365234375,0.3471122910020285,-67.25225294337297,179.02543281641664
1315000,657500.0,-67.67821502685547,0.4195684102432968,-67.25864661661217,216.39514988958746
1316000,658000.0,-67.74707794189453,0.48305835508001405,-67.26401958681451,249.1405039105354
1317000,658500.0,-67.70040893554688,0.447750657327018,-67.25265827821985,230.9303280226859
1318000,659000.0,-67.6325912475586,0.38108396401425343,-67.25150728354434,196.5465452119319
1319000,659500.0,-67.70612335205078,0.45665446282406513,-67.24946888922672,235.52252390321937
1320000,660000.0,-67.60584259033203,0.3578242942666714,-67.24801829606535,184.55021851400045
1321000,660500.0,-67.64437866210938,0.39503051527528016,-67.2493481468341,203.73957017971404
1322000,661000.0,-67.62841796875,0.3724277324976057,-67.2559902362524,192.08203722993736
1323000,661500.0,-67.55866241455078,0.31310857827572414,-67.24555383627505,161.48779572895273
1324000,662000.0,-67.59122467041016,0.3463041288131806,-67.24492054159697,178.60861788535587
1325000,662500.0,-67.66490173339844,0.41975894889316334,-67.24514278450528,216.49342144362015
1326000,663000.0,-67.6683349609375,0.42539984760619864,-67.2429351133313,219.40275182388262
1327000,663500.0,-67.53438568115234,0.2925042473314015,-67.24188143382094,150.86097737414406
1328000,664000.0,-67.72618865966797,0.48439061612122525,-67.24179804354674,249.82762625022198
1329000,664500.0,-67.65740966796875,0.41165138027976395,-67.24575828768899,212.31188994004646
1330000,665000.0,-67.73080444335938,0.4858941521748302,-67.24491029118454,250.60308479700717
1331000,665500.0,-67.63733673095703,0.3928002594347765,-67.24453647152225,202.58930115298236
1332000,666000.0,-67.7267074584961,0.4818569680045079,-67.24485049049159,248.52088067405575
1333000,666500.0,-67.52332305908203,0.2739066542186398,-67.2494164048634,141.26914717203718
1334000,667000.0,-67.73475646972656,0.4888924421461534,-67.24586402758041,252.14947244659382
1335000,667500.0,-67.63961029052734,0.3950943113132564,-67.24451597921409,203.77247340327233
1336000,668000.0,-67.65856170654297,0.40319157280233126,-67.25537013374064,207.9486889401081
1337000,668500.0,-67.56929016113281,0.3256006438736436,-67.24368951725917,167.9306602094431
1338000,669000.0,-67.74079132080078,0.4940906087997215,-67.24670071200106,254.83046087348146
1339000,669500.0,-67.73616790771484,0.49105590010755046,-67.24511200760729,253.26529003058414
1340000,670000.0,-67.57259368896484,0.3338494161927846,-67.23874427277205,172.18501844716295
1341000,670500.0,-67.53385162353516,0.2888565598740984,-67.24499506366105,148.97965872668976
1342000,671000.0,-67.71329498291016,0.46818754121509415,-67.24510744169507,241.4707844637985
1343000,671500.0,-67.64027404785156,0.39441565950814683,-67.24585838834342,203.4224542991068
1344000,672000.0,-67.67815399169922,0.42911696667018967,-67.24903702502903,221.31988027629245
1345000,672500.0,-67.63207244873047,0.38532961251657594,-67.2467428362139,198.73626617663902
1346000,673000.0,-67.59051513671875,0.346915706588901,-67.24359943012985,178.92404312046688
1347000,673500.0,-67.6586685180664,0.41509143650620367,-67.2435770815602,214.08612142310156
1348000,674000.0,-67.6697769165039,0.4267094037650237,-67.24306751273889,220.07816397207904
1349000,674500.0,-67.6329574584961,0.38543996410045334,-67.24751749439564,198.7931807272837
1350000,675000.0,-67.65484619140625,0.4101743755883342,-67.24467181581791,211.55011511671256
1351000,675500.0,-67.70679473876953,0.4594476769857603,-67.24734706178377,236.96314236361118
1352000,676000.0,-67.6260986328125,0.38210998828976867,-67.24398864452273,197.07572393814183
1353000,676500.0,-67.59437561035156,0.3501809875620233,-67.24419462278954,180.60813312428937
1354000,677000.0,-67.58778381347656,0.33746107388186297,-67.2503227395947,174.04775450616415
1355000,677500.0,-67.68309783935547,0.4345482430503335,-67.24854959630514,224.12109656827087
1356000,678000.0,-67.60521697998047,0.35878672535970485,-67.24643025462076,185.04659864069924
1357000,678500.0,-67.58001708984375,0.33597454473156085,-67.2440425451122,173.2810673809148
1358000,679000.0,-67.63639831542969,0.3955089693347081,-67.24088934609497,203.98633598804827
1359000,679500.0,-67.54112243652344,0.30199055594246155,-67.23913188058097,155.75360304298044
1360000,680000.0,-67.66014099121094,0.4226057547041334,-67.2375352365068,217.9616801474015
1361000,680500.0,-67.6307144165039,0.38948467740215975,-67.24122973910174,200.87926804895702
1362000,681000.0,-67.71912384033203,0.47151985050512424,-67.24760398982691,243.18944476016443
1363000,681500.0,-67.70726013183594,0.4658887153725744,-67.24137141646337,240.28515001035228
1364000,682000.0,-67.5958251953125,0.35447555329215996,-67.24134964202034,182.82308346896548
1365000,682500.0,-67.5227279663086,0.28386034888825173,-67.23886761742034,146.4028302554153
1366000,683000.0,-67.53470611572266,0.2926861595939876,-67.24201995612867,150.95479981255463
1367000,683500.0,-67.72229766845703,0.4801081814063971,-67.24218948705064,247.61893255597974
1368000,684000.0,-67.75196075439453,0.5086454709934034,-67.24331528340113,262.3372261807116
1369000,684500.0,-67.56294250488281,0.32584998387449027,-67.23709252100832,168.05925894457044
1370000,685000.0,-67.74183654785156,0.5034405616312977,-67.23839598622027,259.65276015782524
1371000,685500.0,-67.5987777709961,0.35341216199539616,-67.2453656090007,182.27463245731508
1372000,686000.0,-67.6877212524414,0.44363528750411607,-67.24408596493728,228.8077991383937
1373000,686500.0,-67.66114044189453,0.41952906140550744,-67.24161138048902,216.3748554693129
1374000,687000.0,-67.5467300415039,0.3050755198701115,-67.24165452163379,157.3446933520451
1375000,687500.0,-67.5228271484375,0.2839399411088232,-67.23888720732867,146.4438804633912
1376000,688000.0,-67.77059936523438,0.5354574341660705,-67.2351419310683,276.1656714304838
1377000,688500.0,-67.65184020996094,0.4155761941492495,-67.23626401581168,214.33613834588704
1378000,689000.0,-67.65592193603516,0.41528157563009804,-67.24064036040505,214.18418691900277
1379000,689500.0,-67.66873931884766,0.42636169248241057,-67.24237762636524,219.89882960542417
1380000,690000.0,-67.6622543334961,0.4207644936575186,-67.24148983983858,217.01203772809487
1381000,690500.0,-67.60029602050781,0.36070189247650164,-67.23959412803131,186.03435859875358
1382000,691000.0,-67.60781860351562,0.3665356807896028,-67.24128292272603,189.0431730509799
1383000,691500.0,-67.56890106201172,0.3335734644799579,-67.23532759753176,172.04269454764727
1384000,692000.0,-67.65604400634766,0.414859267735696,-67.24118473861196,213.96637886225298
1385000,692500.0,-67.57402038574219,0.3413158717851055,-67.23270451395709,176.03589171978928
1386000,693000.0,-67.73265838623047,0.490346753571212,-67.24231163265925,252.89954306947317
1387000,693500.0,-67.4954833984375,0.2575966671424038,-67.23788673129509,132.85716473510226
1388000,694000.0,-67.52891540527344,0.29406749410918637,-67.23484791116425,151.6672321171954
1389000,694500.0,-67.5847396850586,0.34421755303630686,-67.24052213202229,177.53245279053675
1390000,695000.0,-67.63751983642578,0.39964768856210287,-67.23787214786368,206.12090748031974
1391000,695500.0,-67.583984375,0.3427550985773809,-67.24122927642262,176.7781823447173
1392000,696000.0,-67.62130737304688,0.37659462544290356,-67.24471274760397,194.2311395013613
1393000,696500.0,-67.68270874023438,0.4426506410169433,-67.24005809921744,228.29996127696737
1394000,697000.0,-67.54914093017578,0.3070385768173148,-67.24210235335846,158.3571528031404
1395000,697500.0,-67.61271667480469,0.3694581292352994,-67.24325854556939,190.55044493802305
1396000,698000.0,-67.5889663696289,0.3484794374273828,-67.24048693220152,179.7305475209865
1397000,698500.0,-67.5531005859375,0.31702348763447086,-67.23607709830303,163.5069358186437
1398000,699000.0,-67.68148040771484,0.4458498529477514,-67.2356305547671,229.94997574038786
1399000,699500.0,-67.4976577758789,0.25645018610108483,-67.24120758977782,132.26585964462146
1400000,700000.0,-67.62071228027344,0.3807749283304361,-67.239937351943,196.38715803814037
1401000,700500.0,-67.66830444335938,0.43295851715332456,-67.23534592620605,223.3011850464117
1402000,701000.0,-67.67268371582031,0.42879279524423497,-67.24389092057608,221.1526867445661
1403000,701500.0,-67.59407806396484,0.3554845234402208,-67.23859354052462,183.34346641747473
1404000,702000.0,-67.63819122314453,0.4014751626620344,-67.2367160604825,207.06343919176274
1405000,702500.0,-67.49871063232422,0.26949180545906193,-67.22921882686515,138.9921600687547
1406000,703000.0,-67.62445068359375,0.3933581774977195,-67.23109250609603,202.8770510405076
1407000,703500.0,-67.60558319091797,0.37104925233199054,-67.23453393858598,191.37107707475042
1408000,704000.0,-67.69310760498047,0.4579794987219316,-67.23512810625854,236.20591982800224
1409000,704500.0,-67.64752197265625,0.4155202271026175,-67.23200174555363,214.30727297578497
1410000,705000.0,-67.6185531616211,0.39010511846667106,-67.22844804315443,201.1992645831926
1411000,705500.0,-67.59272003173828,0.364883879740351,-67.22783615199793,188.1912458636272
1412000,706000.0,-67.55036926269531,0.32044799997572887,-67.22992126271959,165.2731504413212
1413000,706500.0,-67.67618560791016,0.4439500094887305,-67.23223559842143,228.9701190589871
1414000,707000.0,-67.6161117553711,0.3936066209493389,-67.22250513442175,203.00518737451114
1415000,707500.0,-67.65266418457031,0.4272199223433667,-67.22544426222694,220.34146726561798
1416000,708000.0,-67.75872039794922,0.5331919723030752,-67.22552842564615,274.99724466754486
1417000,708500.0,-67.59635925292969,0.3669005058799423,-67.22945874704975,189.23133397582578
1418000,709000.0,-67.6120834350586,0.3838467043257913,-67.2282367307328,197.9714465849275
1419000,709500.0,-67.63494873046875,0.40499417820183314,-67.22995455226692,208.8783944567622
1420000,710000.0,-67.6073226928711,0.37857969418549137,-67.2287429986856,195.25495167979562
1421000,710500.0,-67.57071685791016,0.33298492922271306,-67.23773192868744,171.73915364204632
1422000,711000.0,-67.6047134399414,0.3723748494523515,-67.23233859048905,192.05476245370298
1423000,711500.0,-67.5906753540039,0.36124983711371855,-67.22942551689019,186.3169646267741
1424000,712000.0,-67.60108947753906,0.36697751145866153,-67.2341119660804,189.27105010636006
1425000,712500.0,-67.68858337402344,0.4584664033357396,-67.2301169706877,236.45704406499098
1426000,713000.0,-67.73954772949219,0.507830924850819,-67.23171680464137,261.9171186837856
1427000,713500.0,-67.66120910644531,0.42751144885844433,-67.23369765758687,220.49182397119176
1428000,714000.0,-67.6729736328125,0.44120071426358015,-67.23177291854891,227.55215207717322
1429000,714500.0,-67.61727142333984,0.3874960451279882,-67.22977537821185,199.85361795581704
1430000,715000.0,-67.6341781616211,0.40141362871938385,-67.23276453290171,207.03170265865376
1431000,715500.0,-67.6316146850586,0.40309135603131263,-67.22852332902728,207.89700148543665
1432000,716000.0,-67.65367126464844,0.4255105900384322,-67.22816067461001,219.45986795712162
1433000,716500.0,-67.58601379394531,0.35840218995587475,-67.22761160398944,184.8482719928436
1434000,717000.0,-67.6239013671875,0.4012641573424255,-67.22263720984508,206.95461181903988
1435000,717500.0,-67.64363861083984,0.4155951381700286,-67.22804347266981,214.34590884842228
1436000,718000.0,-67.58891296386719,0.35764864972543947,-67.23126431414175,184.45962869384422
1437000,718500.0,-67.60797882080078,0.3766693329038005,-67.23130948789698,194.2696703626082
1438000,719000.0,-67.77088165283203,0.5381441543658559,-67.23273749846618,277.55136493397424
1439000,719500.0,-67.56346130371094,0.3339452059887082,-67.22951609772223,172.23442266049435
1440000,720000.0,-67.63189697265625,0.3925465044878992,-67.23935046816835,202.45842538058352
1441000,720500.0,-67.73955535888672,0.5107577763236244,-67.22879758256309,263.4266614608384
1442000,721000.0,-67.61831665039062,0.3873199453254363,-67.2309967050652,199.76279333165945
1443000,721500.0,-67.68167877197266,0.45503561021990474,-67.22664316175275,234.68759009177418
1444000,722000.0,-67.64138793945312,0.4108474720266158,-67.23054046742651,211.89726900412663
1445000,722500.0,-67.66584014892578,0.43296366434540867,-67.23287648458037,223.3038397443712
1446000,723000.0,-67.57194519042969,0.34380559533084976,-67.22813959509884,177.31998291138436
1447000,723500.0,-67.72499084472656,0.4883282561082852,-67.23666258861827,251.85848981003326
1448000,724000.0,-67.67843627929688,0.44422177168744337,-67.23421450760944,229.11028218921584
1449000,724500.0,-67.55088806152344,0.31541739550767744,-67.23547066601576,162.67858330680323
1450000,725000.0,-67.80548858642578,0.5703913979213876,-67.2350971885044,294.1830915662983
1451000,725500.0,-67.63216400146484,0.397123005410044,-67.2350409960548,204.81878564327133
1452000,726000.0,-67.51148986816406,0.28323728985831104,-67.22825257830576,146.08148348839845
1453000,726500.0,-67.61499786376953,0.378594157760268,-67.23640370600927,195.26241136302087
1454000,727000.0,-67.62461853027344,0.3906209931017998,-67.23399753717163,201.46533029802603
1455000,727500.0,-67.71776580810547,0.4819065860125501,-67.23585922209291,248.5464714860077
1456000,728000.0,-67.59965515136719,0.37016179996377274,-67.22949335140342,190.9133677154376
1457000,728500.0,-67.62759399414062,0.386375039080882,-67.24121895505974,199.27545176010653
1458000,729000.0,-67.54685974121094,0.306854550740849,-67.24000519047009,158.26224015140545
1459000,729500.0,-67.66368865966797,0.42042919122506983,-67.2432594684429,216.83910330701676
1460000,730000.0,-67.61620330810547,0.3776930129561422,-67.23851029514933,194.7976400403945
1461000,730500.0,-67.59642028808594,0.3574229272741412,-67.2389973608118,184.34321086426118
1462000,731000.0,-67.58486938476562,0.35056495846444224,-67.23430442630118,180.80616862685258
1463000,731500.0,-67.606689453125,0.37004781406329423,-67.2366416390617,190.85457874225193
1464000,732000.0,-67.60548400878906,0.3645669142801765,-67.24091709450889,188.0277688558503
1465000,732500.0,-67.64956665039062,0.41333854199517234,-67.23622810839545,213.18205462208738
1466000,733000.0,-67.6927261352539,0.45691713728446837,-67.23580899796944,235.6579999730173
1467000,733500.0,-67.63282012939453,0.3972712150107202,-67.23554891438381,204.89522571352066
1468000,734000.0,-67.68426513671875,0.4442563223774012,-67.24000881434135,229.12810193338552
1469000,734500.0,-67.68971252441406,0.45788855846476234,-67.2318239659493,236.15901679598005
1470000,735000.0,-67.69711303710938,0.4597658281219215,-67.23734720898746,237.12723089152783
1471000,735500.0,-67.71234893798828,0.4734678985869739,-67.2388810394013,244.19416329085539
1472000,736000.0,-67.68382263183594,0.45030272568285795,-67.23351990615308,232.2465739575746
1473000,736500.0,-67.66178894042969,0.43447710486557,-67.22731183556412,224.08440658451863
1474000,737000.0,-67.68246459960938,0.4480835642002031,-67.23438103540917,231.10202691841639
1475000,737500.0,-67.81366729736328,0.5785493021331028,-67.23511799523018,298.39058398369775
1476000,738000.0,-67.48162078857422,0.2566200259724811,-67.22500076260174,132.35345566837051
1477000,738500.0,-67.67179107666016,0.44357509530941436,-67.22821598135074,228.77675462055905
1478000,739000.0,-67.60569763183594,0.37435874804688374,-67.23133888378905,193.07797112062957
1479000,739500.0,-67.58859252929688,0.3538835289826816,-67.2347090003142,182.5177430618706
1480000,740000.0,-67.64578247070312,0.4114639279798198,-67.2343185427233,212.2152101911587
1481000,740500.0,-67.7362060546875,0.5010978367117029,-67.23510821797579,258.4444844684524
1482000,741000.0,-67.60579681396484,0.36854683849833625,-67.23724997546651,190.0804407842218
1483000,741500.0,-67.63616943359375,0.4041186484850639,-67.23205078510868,208.42683428286065
1484000,742000.0,-67.61328125,0.3766372840491433,-67.23664396595086,194.25314095634687
1485000,742500.0,-67.7308578491211,0.49698502149613205,-67.23387282762496,256.32327313958814
1486000,743000.0,-67.69464111328125,0.45904948942728946,-67.23559162385396,236.75777452776887
1487000,743500.0,-67.70259857177734,0.4713659448914458,-67.2312326268859,243.11006693397994
1488000,744000.0,-67.525146484375,0.2893782300982625,-67.23576825427673,149.24871355444827
1489000,744500.0,-67.78334045410156,0.5468468626086289,-67.23649359149293,282.0398435912406
1490000,745000.0,-67.53836822509766,0.30227804470233377,-67.23609018039532,155.9018772499162
1491000,745500.0,-67.64923095703125,0.41090586445911514,-67.23832509257214,211.92738528284215
1492000,746000.0,-67.497802734375,0.26410585631323497,-67.23369687806176,136.21432159413484
1493000,746500.0,-67.67691802978516,0.4502893248960561,-67.2266287048891,232.2396624141938
1494000,747000.0,-67.62706756591797,0.3937273155053704,-67.2333402504126,203.06743638064614
1495000,747500.0,-67.58911895751953,0.35589629993289,-67.23322265758664,183.55584283494738
1496000,748000.0,-67.70104217529297,0.4552461157842152,-67.24579605950875,234.7961597124354
1497000,748500.0,-67.67125701904297,0.4309342278027009,-67.24032279124027,222.25714458303628
1498000,749000.0,-67.73204803466797,0.48895318000382304,-67.24309485466415,252.18079839367064
1499000,749500.0,-67.55170440673828,0.3136016518211318,-67.23810275491715,161.74210163273423
1500000,750000.0,-67.79884338378906,0.5569941232207533,-67.24184926056832,287.2733595746199
1501000,750500.0,-67.60641479492188,0.3629463396710435,-67.24346845525083,187.19194690908543
1502000,751000.0,-67.64215087890625,0.4004896206297045,-67.24166125827655,206.55513944706829
1503000,751500.0,-67.66400909423828,0.4282869579869175,-67.23572213625137,220.8917978729433
1504000,752000.0,-67.49005889892578,0.25236240992713416,-67.23769648899865,130.15756236512848
1505000,752500.0,-67.63233947753906,0.3986652560228313,-67.23367422151622,205.61421147699386
1506000,753000.0,-67.59520721435547,0.3630551541376431,-67.23215206021783,187.24806868144745
1507000,753500.0,-67.57894897460938,0.3434761777845938,-67.23547279682478,177.15008365882386
1508000,754000.0,-67.66615295410156,0.43595837860706865,-67.2301945754945,224.84838319832812
1509000,754500.0,-67.61058807373047,0.37924386608085847,-67.23134420764961,195.59750267587057
1510000,755000.0,-67.61289978027344,0.37230404620208774,-67.24059573407135,192.01824521460816
1511000,755500.0,-67.71070861816406,0.48263208409788366,-67.22807653406618,248.9206518653869
1512000,756000.0,-67.68766784667969,0.4530696601646613,-67.23459818651503,233.67363850129777
1513000,756500.0,-67.56621551513672,0.33297336859567866,-67.23324214654104,171.73319117309285
1514000,757000.0,-67.6214828491211,0.3902045974990217,-67.23127825162207,201.25057154432415
1515000,757500.0,-67.57783508300781,0.3387976568469978,-67.23903742616082,174.73710590636253
1516000,758000.0,-67.62188720703125,0.3789514396371152,-67.24293576739413,195.44668182620552
1517000,758500.0,-67.56635284423828,0.3312902879011296,-67.23506255633716,170.86513130423376
1518000,759000.0,-67.62312316894531,0.3867315003037164,-67.2363916686416,199.45929896562026
1519000,759500.0,-67.67771911621094,0.4413645995179437,-67.236354516693,227.63667696826818
1520000,760000.0,-67.52996063232422,0.28976950171452087,-67.2401911306097,149.45051444789178
1521000,760500.0,-67.73062133789062,0.48721736176488084,-67.24340397612575,251.28553879159725
1522000,761000.0,-67.6978759765625,0.4607378437740584,-67.23713813278844,237.62855431722906
1523000,761500.0,-67.71533203125,0.4796848056690413,-67.23564722558096,247.40057375224714
1524000,762000.0,-67.77454376220703,0.5352915194182084,-67.23925224278882,276.0800998148522
1525000,762500.0,-67.72557830810547,0.48262890853066176,-67.24294939957481,248.91901404583666
1526000,763000.0,-67.6702651977539,0.42631353448859854,-67.2439516632653,219.87399180535414
1527000,763500.0,-67.69784545898438,0.4609086992263744,-67.236936759758,237.71667413347532
1528000,764000.0,-67.58110046386719,0.3472329234083877,-67.2338675404588,179.08764976845194
1529000,764500.0,-67.64673614501953,0.4030873555716975,-67.24364878944783,207.89493822224307
1530000,765000.0,-67.70249938964844,0.4644653704842645,-67.23803401916417,239.55105058119887
1531000,765500.0,-67.58550262451172,0.3432723244442937,-67.24223030006742,177.04494496617502
1532000,766000.0,-67.62893676757812,0.38564599898144003,-67.24329076859668,198.89944456380024
1533000,766500.0,-67.62359619140625,0.38465538805750127,-67.23894080334875,198.3885305051282
1534000,767000.0,-67.66045379638672,0.41750849700179066,-67.24294529938493,215.33273617165102
1535000,767500.0,-67.66412353515625,0.4179726256803072,-67.24615090947594,215.57211357114923
1536000,768000.0,-67.67010498046875,0.43473909827361895,-67.23536588219513,224.21953139711346
1537000,768500.0,-67.68675231933594,0.4508786544549985,-67.23587366488094,232.5436129860868
1538000,769000.0,-67.67437744140625,0.4335463202601832,-67.24083112114607,223.6043483406656
1539000,769500.0,-67.628662109375,0.3835542342342838,-67.24510787514072,197.82060322364276
1540000,770000.0,-67.57067108154297,0.32863300707025545,-67.24203807447272,169.49462134767555
1541000,770500.0,-67.80792999267578,0.56765198312935,-67.24027800954643,292.770220482441
1542000,771000.0,-67.56158447265625,0.3299515392956684,-67.23163293336059,170.1746629608824
1543000,771500.0,-67.67338562011719,0.433038402687237,-67.24034721742996,223.3423865326603
1544000,772000.0,-67.58722686767578,0.33498996096140976,-67.25223690671437,172.77326186620232
1545000,772500.0,-67.59779357910156,0.3582390842389141,-67.23955449486265,184.76414915325927
1546000,773000.0,-67.67620086669922,0.4294758995389274,-67.24672496716029,221.50500224933555
1547000,773500.0,-67.65909576416016,0.41826138577132915,-67.24083437838883,215.7210434754349
1548000,774000.0,-67.63233947753906,0.38792695875956884,-67.2444125187795,200.07586447776393
1549000,774500.0,-67.64334106445312,0.39884520430011616,-67.24449586015301,205.70702097714866
1550000,775000.0,-67.71829986572266,0.47561073075780025,-67.24268913496486,245.29934298854832
1551000,775500.0,-67.59228515625,0.3459293740196992,-67.2463557822303,178.4153356512138
1552000,776000.0,-67.59991455078125,0.3531340314939155,-67.24678051928734,182.1311848333105
1553000,776500.0,-67.73067474365234,0.47827828212468954,-67.25239646152765,246.67515004118474
1554000,777000.0,-67.56161499023438,0.31075826813516777,-67.2508567220992,160.27560791229183
1555000,777500.0,-67.67159271240234,0.42333294841602964,-67.24825976398631,218.336735057263
1556000,778000.0,-67.592529296875,0.33693099969416684,-67.25559829718084,173.77436527928552
1557000,778500.0,-67.61726379394531,0.36691591006545915,-67.25034788387985,189.23927878518813
1558000,779000.0,-67.6089096069336,0.36228388773440473,-67.24662571919919,186.8502829929663
1559000,779500.0,-67.65129089355469,0.4023366044289794,-67.2489542891257,207.50773341346334
1560000,780000.0,-67.6757583618164,0.42727790281232203,-67.24848045900409,220.37137107144306
1561000,780500.0,-67.76069641113281,0.5170044415492113,-67.24369196958361,266.64841987925007
1562000,781000.0,-67.53594207763672,0.29335427125592667,-67.2425878063808,151.29938276898943
1563000,781500.0,-67.64964294433594,0.40143839608290954,-67.24820454825303,207.04447658827206
1564000,782000.0,-67.57147979736328,0.3219458246538108,-67.24953397270947,166.04566330885075
1565000,782500.0,-67.58795166015625,0.3422214556955582,-67.24573020446068,176.5029525405178
1566000,783000.0,-67.64730834960938,0.39442926460951705,-67.25287908499986,203.42947121906164
1567000,783500.0,-67.66533660888672,0.41470692818192845,-67.25062968070479,213.88780874170334
1568000,784000.0,-67.59725952148438,0.3523632265155197,-67.24489629496885,181.73363712770782
1569000,784500.0,-67.68287658691406,0.4365616853218233,-67.24631490159224,225.1595425796863
1570000,785000.0,-67.5991439819336,0.3582360940390588,-67.24090788789454,184.76260693813992
1571000,785500.0,-67.6853256225586,0.43963349097034243,-67.24569213158826,226.7438464202865
1572000,786000.0,-67.56696319580078,0.3204618703450975,-67.24650132545568,165.28030417498007
1573000,786500.0,-67.73929595947266,0.493707306985168,-67.24558865248748,254.632770457358
1574000,787000.0,-67.61212158203125,0.36163332050955005,-67.2504882615217,186.51474869462854
1575000,787500.0,-67.59915161132812,0.3563570353875889,-67.24279457594054,183.79347015708348
1576000,788000.0,-67.65426635742188,0.40908948728364225,-67.24517687013824,210.99057688271841
1577000,788500.0,-67.72174072265625,0.46645058459420397,-67.25529013806205,240.57493773379497
1578000,789000.0,-67.7261962890625,0.4741252354699899,-67.25207105359252,244.53318908463646
1579000,789500.0,-67.67434692382812,0.4338937163774639,-67.24045320745066,223.78352015874034
1580000,790000.0,-67.58787536621094,0.34522358411981796,-67.24265178209112,178.0513198972947
1581000,790500.0,-67.70919036865234,0.46798730348631395,-67.24120306516603,241.36751054642275
1582000,791000.0,-67.63370513916016,0.38970620697095254,-67.2439989321892,200.99352337198312
1583000,791500.0,-67.71237182617188,0.46762388439481334,-67.24474794177706,241.18007477466764
1584000,792000.0,-67.69771575927734,0.4439708937036787,-67.25374486557367,228.98089022934624
1585000,792500.0,-67.6412582397461,0.386771005072239,-67.25448723467386,199.47967380818966
1586000,793000.0,-67.6241683959961,0.3853712733054141,-67.23879712269068,198.75775300077797
1587000,793500.0,-67.6636734008789,0.4270395815634957,-67.23663381931541,220.24845532968894
1588000,794000.0,-67.53797912597656,0.2921549517954504,-67.24582417418111,150.68082591847545
1589000,794500.0,-67.6360855102539,0.3887446357069976,-67.24734087454691,200.49758670775142
1590000,795000.0,-67.6961669921875,0.44830412996326785,-67.24786286222424,231.21578515233878
1591000,795500.0,-67.7144775390625,0.4723321536672357,-67.24214538539526,243.60839542525136
1592000,796000.0,-67.55180358886719,0.3104930963394625,-67.24131049252773,160.13884382548923
1593000,796500.0,-67.59523010253906,0.3545944014473074,-67.24063570109176,182.88438018177644
1594000,797000.0,-67.79241180419922,0.5453217033051262,-67.2470901008941,281.2532327119907
1595000,797500.0,-67.5981216430664,0.35791414003309846,-67.2402075030333,184.59655705526873
1596000,798000.0,-67.6576156616211,0.42302367320963846,-67.23459198841145,218.1772243481385
1597000,798500.0,-67.66680145263672,0.4239655076152773,-67.24283594502144,218.6629815986932
1598000,799000.0,-67.74635314941406,0.5075031233849694,-67.2388500260291,261.7480529352574
1599000,799500.0,-67.64788055419922,0.4096236558429505,-67.23825689835627,211.26607780851688
1600000,800000.0,-67.58731842041016,0.3497923465644588,-67.2375260738457,180.40768898963097
1601000,800500.0,-67.7182388305664,0.48100469798348117,-67.23723413258293,248.08131684025918
1602000,801000.0,-67.58467864990234,0.3522440207113917,-67.23243462919095,181.67215595509754
1603000,801500.0,-67.78479766845703,0.5429426180543034,-67.24185505040273,280.02620394413526
1604000,802000.0,-67.50772857666016,0.26649910294843826,-67.24122947371171,137.4486541885436
1605000,802500.0,-67.53321075439453,0.2994371998154173,-67.23377355457912,154.4366929316762
1606000,803000.0,-67.61840057373047,0.38133776763876465,-67.2370628060917,196.67744609013857
1607000,803500.0,-67.65634155273438,0.41407748879123757,-67.24226406394314,213.56317126192744
1608000,804000.0,-67.66214752197266,0.4232431181338136,-67.23890440383884,218.29040450207776
1609000,804500.0,-67.70989227294922,0.46678644169346684,-67.24310583125575,240.74815822790777
1610000,805000.0,-67.68817138671875,0.4460784134875369,-67.24209297323121,230.06785733265798
1611000,805500.0,-67.58305358886719,0.34565443719192906,-67.23739915167526,178.27353518529935
1612000,806000.0,-67.64891052246094,0.40805999870459436,-67.24085052375634,210.45961141931875
1613000,806500.0,-67.62693786621094,0.3845330865006948,-67.24240477971024,198.32545267784008
1614000,807000.0,-67.60601043701172,0.36911587477689695,-67.23689456223482,190.37392496412073
1615000,807500.0,-67.6781005859375,0.43201296650982324,-67.24608761942768,222.81351112189003
1616000,808000.0,-67.77118682861328,0.5273719828781162,-67.24381484573516,271.9955470820676
1617000,808500.0,-67.57188415527344,0.3384788643600541,-67.23340529091338,174.57268659758793
1618000,809000.0,-67.66261291503906,0.4246074180068206,-67.23800549703225,218.99405107866943
1619000,809500.0,-67.48688507080078,0.25495984195155,-67.23192522884924,131.49720490858297
1620000,810000.0,-67.56855773925781,0.33723621318158065,-67.23132152607623,173.93178113029998
1621000,810500.0,-67.58998107910156,0.3552553984172086,-67.23472568068435,183.22529368929096
1622000,811000.0,-67.71444702148438,0.474699930496959,-67.23974709098742,244.82959180101273
1623000,811500.0,-67.79570770263672,0.5570189978647906,-67.23868870477193,287.2861888348633
1624000,812000.0,-67.6252212524414,0.38529607206251576,-67.23992518037889,198.71896746823649
1625000,812500.0,-67.60918426513672,0.3696957704695556,-67.23948849466716,190.673009957818
1626000,813000.0,-67.6418228149414,0.4029466459816942,-67.2388761689597,207.82236633151848
1627000,813500.0,-67.69110870361328,0.4525099719635306,-67.23859873164974,233.38497565343255
1628000,814000.0,-67.57272338867188,0.3366369772658624,-67.236086411406,173.62272129015167
1629000,814500.0,-67.5948715209961,0.35645259449438066,-67.23841892650171,183.84275539098735
1630000,815000.0,-67.7368392944336,0.4984992360658263,-67.23834005836777,257.1042392008414
1631000,815500.0,-67.63011932373047,0.3948804572530734,-67.23523886647739,203.662176773979
1632000,816000.0,-67.69054412841797,0.4485389925520127,-67.24200513586595,231.33691706755
1633000,816500.0,-67.55086517333984,0.319670693287514,-67.23119448005232,164.87224943638404
1634000,817000.0,-67.60347747802734,0.369359054149768,-67.23411842387758,190.4993463151037
1635000,817500.0,-67.75774383544922,0.5195291335907273,-67.2382147018585,267.9505463010941
1636000,818000.0,-67.49388122558594,0.25157965107656566,-67.24230157450937,129.75384937182199
1637000,818500.0,-67.70491027832031,0.46065440807971636,-67.2442558702406,237.58552181253498
1638000,819000.0,-67.67733001708984,0.43578947701910126,-67.24154054007074,224.76127110039016
1639000,819500.0,-67.56719970703125,0.3266043487597215,-67.24059535827153,168.4483275646708
1640000,820000.0,-67.49159240722656,0.24657437621394346,-67.24501803101262,127.17234614685887
1641000,820500.0,-67.74473571777344,0.49718533956111743,-67.24755037821232,256.4265884908868
1642000,821000.0,-67.65894317626953,0.4140335329793913,-67.24490964329014,213.54050076467178
1643000,821500.0,-67.47779083251953,0.23777466405697467,-67.24001616846256,122.63383708682672
1644000,822000.0,-67.76375579833984,0.5142876423127902,-67.24946815602705,265.24721291601765
1645000,822500.0,-67.64190673828125,0.39793476033461533,-67.24397197794663,205.23745355126363
1646000,823000.0,-67.65296173095703,0.41406231478741495,-67.23889941616962,213.55534517027837
1647000,823500.0,-67.76468658447266,0.5125068177310975,-67.25217976674156,264.3287409985084
1648000,824000.0,-67.77882385253906,0.536366545515254,-67.24245730702381,276.63455155079316
1649000,824500.0,-67.61429595947266,0.36962706057860284,-67.24466889889405,190.63757238247007
1650000,825000.0,-67.63810729980469,0.3898537660454983,-67.24825353375918,201.06962792912884
1651000,825500.0,-67.66734313964844,0.42389263238927316,-67.24345050725917,218.6253957245678
1652000,826000.0,-67.66200256347656,0.4127508062805372,-67.24925175719602,212.8789260858132
1653000,826500.0,-67.75483703613281,0.505971527136999,-67.24886550899582,260.9581221598263
1654000,827000.0,-67.64225769042969,0.3923481000820938,-67.2499095903476,202.35609701151466
1655000,827500.0,-67.69801330566406,0.446236169406248,-67.25177713625781,230.1492209788287
1656000,828000.0,-67.70741271972656,0.4637044438218066,-67.24370827590475,239.15859768160598
1657000,828500.0,-67.70719146728516,0.4655721674929587,-67.24161929979219,240.12188837247788
1658000,829000.0,-67.64521026611328,0.40593824395609973,-67.23927202215718,209.3653025399558
1659000,829500.0,-67.47496795654297,0.2406713477978756,-67.2342966087451,124.12782065897294
1660000,830000.0,-67.71892547607422,0.4780240701305616,-67.24090140594366,246.54403854367914
1661000,830500.0,-67.64244079589844,0.40328433497516425,-67.23915646092327,207.99653163704193
1662000,831000.0,-67.50181579589844,0.2666452224231471,-67.23517057347529,137.52401626266416
1663000,831500.0,-67.69226837158203,0.4530042446881005,-67.23926412689393,233.63990004170483
1664000,832000.0,-67.69651794433594,0.4564347263572414,-67.2400832179787,235.40919338425357
1665000,832500.0,-67.68876647949219,0.4492907870230248,-67.23947569246916,231.72465997971653
1666000,833000.0,-67.69577026367188,0.45442891400285806,-67.24134134966901,234.37468255245506
1667000,833500.0,-67.68174743652344,0.43527754123244844,-67.24646989529099,224.49723687240254
1668000,834000.0,-67.6397933959961,0.40143304566257604,-67.23836035033352,207.04171707401463
1669000,834500.0,-67.72783660888672,0.48855476586593233,-67.23928184302079,251.9753136980116
1670000,835000.0,-67.74334716796875,0.5005557087198422,-67.2427914592489,258.164878413292
1671000,835500.0,-67.64302825927734,0.40077227094946444,-67.24225598832788,206.700918196892
1672000,836000.0,-67.51079559326172,0.2674729656018015,-67.24332262765992,137.95093021719936
1673000,836500.0,-67.61578369140625,0.36947791250158446,-67.24630577890467,190.56064828691333
1674000,837000.0,-67.6812973022461,0.4342648163010846,-67.24703248594501,223.97491736986345
1675000,837500.0,-67.65013122558594,0.4020805222900296,-67.2480507032959,207.37565737654256
1676000,838000.0,-67.64175415039062,0.40105025730380356,-67.24070389308682,206.84429147606616
1677000,838500.0,-67.63580322265625,0.3889894951517347,-67.24681372750452,200.62387456678027
1678000,839000.0,-67.61871337890625,0.3782388100226979,-67.24047456888356,195.07913844480993
1679000,839500.0,-67.72870635986328,0.49031628106803593,-67.23839007879525,252.8838266767913
1680000,840000.0,-67.66331481933594,0.42519007915001816,-67.23812474018592,219.29456237155716
1681000,840500.0,-67.63550567626953,0.3932195501275078,-67.24228612614202,202.80555306824996
1682000,841000.0,-67.6377182006836,0.39471445519490916,-67.24300374548868,203.5765601274884
1683000,841500.0,-67.58610534667969,0.34404617778604873,-67.24205916889363,177.44406488510444
1684000,842000.0,-67.62621307373047,0.3851923678277669,-67.2410207059027,198.66548133135203
1685000,842500.0,-67.52587890625,0.29559738473055236,-67.23028152151944,152.45628320455728
1686000,843000.0,-67.55020904541016,0.31117583706395746,-67.2390332083462,160.49097181655307
1687000,843500.0,-67.6529541015625,0.4095483104862673,-67.24340579107623,211.22721794834888
1688000,844000.0,-67.63107299804688,0.3845894283523444,-67.24648356969453,198.3545113560797
1689000,844500.0,-67.51007843017578,0.2783446157156616,-67.23173381446011,143.5580548207216
1690000,845000.0,-67.64759826660156,0.4173001947949435,-67.23029807180662,215.22530294700266
1691000,845500.0,-67.56700134277344,0.32902749646205015,-67.23797384631139,169.69808182988336
1692000,846000.0,-67.61920928955078,0.3825021869295128,-67.23670710262127,197.2780029500072
1693000,846500.0,-67.64405059814453,0.4036402444633405,-67.24041035368118,208.1800942817996
1694000,847000.0,-67.66966247558594,0.4277268611923753,-67.24193561439357,220.6029242903555
1695000,847500.0,-67.68487548828125,0.45204801452933707,-67.23282747375191,233.1467180873852
1696000,848000.0,-67.59722137451172,0.3617562342422449,-67.23546514026947,186.57814225563223
1697000,848500.0,-67.64498901367188,0.41112017027350684,-67.23386884339837,212.03791490732127
1698000,849000.0,-67.63700103759766,0.404409145602388,-67.23259189199527,208.5766600698149
1699000,849500.0,-67.73135375976562,0.4900868947626183,-67.24126686500301,252.76551919049916
1700000,850000.0,-67.62654876708984,0.3924114133677014,-67.23413735372215,202.38875125238357
1701000,850500.0,-67.57593536376953,0.34704187807204007,-67.2288934856975,178.98911688755493
1702000,851000.0,-67.5976791381836,0.36363654193260725,-67.23404259625099,187.5479232366612
1703000,851500.0,-67.68970489501953,0.4611329797329977,-67.22857191528654,237.8323482706677
1704000,852000.0,-67.65568542480469,0.42339942086033355,-67.23228600394435,218.37101865487784
1705000,852500.0,-67.6973876953125,0.4710048772053392,-67.22638281810715,242.9238439149256
1706000,853000.0,-67.63892364501953,0.4086462268551984,-67.23027741816433,210.76196241959045
1707000,853500.0,-67.71520233154297,0.47809245686765184,-67.23710987467531,246.57930945031038
1708000,854000.0,-67.67938232421875,0.4488321664117591,-67.23055015780699,231.48812340190378
1709000,854500.0,-67.62195587158203,0.38900424155501173,-67.23295163002702,200.63148012065315
1710000,855000.0,-67.68836975097656,0.46133678640619624,-67.22703296457037,237.9374628944539
1711000,855500.0,-67.6733627319336,0.44407634534832147,-67.22928638658527,229.03527760430458
1712000,856000.0,-67.72286987304688,0.494311996779561,-67.22855787626732,254.94464317107946
1713000,856500.0,-67.71036529541016,0.4784191646872309,-67.23194613072293,246.7478111436264
1714000,857000.0,-67.68448638916016,0.4539379091344638,-67.23054848002569,234.12144358236415
1715000,857500.0,-67.68061065673828,0.44823341436893055,-67.23237724236935,231.17931312236092
1716000,858000.0,-67.67665100097656,0.4476177443900591,-67.2290332565865,230.86177730672802
1717000,858500.0,-67.73756408691406,0.504984826897869,-67.2325792600162,260.4492250624047
1718000,859000.0,-67.61570739746094,0.3877699798965207,-67.22793741756442,199.99490160313022
1719000,859500.0,-67.60822296142578,0.3743689677170852,-67.23385399370869,193.0832419823319
1720000,860000.0,-67.64533233642578,0.41776722608083056,-67.22756511034495,215.46617738522372
1721000,860500.0,-67.63761138916016,0.4047886914632407,-67.23282269769692,208.7724133282682
1722000,861000.0,-67.58309936523438,0.36098041269924475,-67.22211895253513,186.17800722404647
1723000,861500.0,-67.67002868652344,0.4432518754149659,-67.22677681110846,228.61005184742626
1724000,862000.0,-67.5444107055664,0.319662494386643,-67.22474821117976,164.86802079967165
1725000,862500.0,-67.67578125,0.44999241342111457,-67.22578883657889,232.08652838037398
1726000,863000.0,-67.56265258789062,0.33881910718295066,-67.22383348070767,174.74816905733
1727000,863500.0,-67.54920959472656,0.3285739957460742,-67.2206355989805,169.46418587153
1728000,864000.0,-67.63859558105469,0.4179688227575558,-67.22062675829713,215.57015218888424
1729000,864500.0,-67.7146224975586,0.49591078316109144,-67.2187117143975,255.76922769705007
1730000,865000.0,-67.57935333251953,0.3667544371457761,-67.21259889537376,189.1559980714717
1731000,865500.0,-67.67105102539062,0.4582235466477541,-67.21282747874287,236.3317891408468
1732000,866000.0,-67.61463928222656,0.3982723467688065,-67.21636693545776,205.4115659611687
1733000,866500.0,-67.64913177490234,0.4394013869810332,-67.20973038792131,226.62413727076444
1734000,867000.0,-67.62107849121094,0.41171266822189384,-67.20936582298904,212.34349959677903
1735000,867500.0,-67.62919616699219,0.4117489422504661,-67.21744722474172,212.36220816410287
1736000,868000.0,-67.42500305175781,0.20795713634905305,-67.21704591540876,107.25525228357363
1737000,868500.0,-67.71330261230469,0.49842140221695136,-67.21488121008774,257.0640958845607
1738000,869000.0,-67.68452453613281,0.47091338146586736,-67.21361115466695,242.87665438927525
1739000,869500.0,-67.63868713378906,0.42473083171373466,-67.21395630207533,219.05770250464454
1740000,870000.0,-67.67755126953125,0.45477864871443907,-67.22277262081681,234.5550605158253
1741000,870500.0,-67.6805419921875,0.4715314060825385,-67.20901058610497,243.1954046247433
1742000,871000.0,-67.54603576660156,0.33373878114652245,-67.21229698545504,172.1279576989406
1743000,871500.0,-67.63267517089844,0.41908052883936175,-67.21359464205908,216.1435218667064
1744000,872000.0,-67.57737731933594,0.3606160344316763,-67.21676128490427,185.9900767509652
1745000,872500.0,-67.73124694824219,0.5122985011687224,-67.21894844707346,264.22130036990274
1746000,873000.0,-67.58943176269531,0.3755856083904653,-67.21384615430485,193.71073236161283
1747000,873500.0,-67.5836181640625,0.37169380871629165,-67.21192435534621,191.70351124278574
1748000,874000.0,-67.65807342529297,0.4434043220592624,-67.2146691032337,228.68867720061616
1749000,874500.0,-67.5411605834961,0.32570793958330463,-67.21545264391278,167.98599867298742
1750000,875000.0,-67.58354949951172,0.36386395854018755,-67.21968554097153,187.66521483841973
1751000,875500.0,-67.58766174316406,0.36576214160268367,-67.22189960156138,188.64421515946043
1752000,876000.0,-67.51240539550781,0.29342590732988016,-67.21897948817794,151.3363295423456
1753000,876500.0,-67.60425567626953,0.3867815213240585,-67.21747415494548,199.4850976338
1754000,877000.0,-67.61146545410156,0.39485185093603425,-67.21661360316553,203.64742287899466
1755000,877500.0,-67.57794189453125,0.3596320165058069,-67.21830987802544,185.48256307413936
1756000,878000.0,-67.7068862915039,0.48888150749260456,-67.2180047840113,252.1438328275569
1757000,878500.0,-67.65563201904297,0.43816899824919253,-67.21746302079377,225.9885247274029
1758000,879000.0,-67.53661346435547,0.31604002105197293,-67.2205734433035,162.99970650076528
1759000,879500.0,-67.70142364501953,0.48028901319238465,-67.22113463182714,247.7121977315226
1760000,880000.0,-67.62074279785156,0.39600727489252313,-67.22473552295904,204.24334033642538
1761000,880500.0,-67.59323120117188,0.36737500723673233,-67.22585619393514,189.47606115193958
1762000,881000.0,-67.5131607055664,0.29723697815941863,-67.21592372740699,153.30191423190695
1763000,881500.0,-67.63246154785156,0.41373375490133646,-67.21872779295023,213.38588826156013
1764000,882000.0,-67.64570617675781,0.4186937100818605,-67.22701246667596,215.94401756427087
1765000,882500.0,-67.64511108398438,0.42188191478530085,-67.22322916919907,217.58835497823299
1766000,883000.0,-67.59001922607422,0.3672918855338923,-67.22272734054033,189.43319059041488
1767000,883500.0,-67.55054473876953,0.33036456759138794,-67.22018017117814,170.38768500396006
1768000,884000.0,-67.716796875,0.49021790287612244,-67.22657897212387,252.8330874813103
1769000,884500.0,-67.6733169555664,0.4493678509505165,-67.22394910461588,231.7644062040116
1770000,885000.0,-67.72425079345703,0.49958356741477555,-67.22466722604226,257.66349018127096
1771000,885500.0,-67.68888854980469,0.46471526796069307,-67.22417328184399,239.67993683800125
1772000,886000.0,-67.70105743408203,0.4742801135781254,-67.2267773205039,244.6130684811934
1773000,886500.0,-67.66854858398438,0.4400784603481406,-67.22847012363623,226.97334228521368
1774000,887000.0,-67.62845611572266,0.4094878652158009,-67.21896825050686,211.1960429050345
1775000,887500.0,-67.69004821777344,0.46452338706289326,-67.22552483071054,239.58097301082404
1776000,888000.0,-67.68572998046875,0.46243387634839456,-67.22329610412035,238.50329420274207
1777000,888500.0,-67.6034164428711,0.377034544827664,-67.22638189804343,194.45803079937244
1778000,889000.0,-67.69136047363281,0.4611946184920266,-67.23016585514078,237.86413886350886
1779000,889500.0,-67.63436126708984,0.4036985091198945,-67.23066275796995,208.21014465923616
1780000,890000.0,-67.7280502319336,0.4952878379621304,-67.23276239397147,255.44793963910496
1781000,890500.0,-67.58183288574219,0.3554172876981598,-67.22641559804403,183.30878914405275
1782000,891000.0,-67.67798614501953,0.4538042146774191,-67.22418193034211,234.052489792314
1783000,891500.0,-67.71334838867188,0.4900067128336693,-67.2233416758382,252.7241648365732
1784000,892000.0,-67.73419952392578,0.5134319431241567,-67.22076758080162,264.8058804666148
1785000,892500.0,-67.67193603515625,0.44683826082558314,-67.22509777433066,230.45975356363107
1786000,893000.0,-67.58680725097656,0.36604177790666526,-67.2207654730699,188.7884394109468
1787000,893500.0,-67.7396240234375,0.5176322326673027,-67.2219917907702,266.97220725165965
1788000,894000.0,-67.67819213867188,0.4528209095234227,-67.22537122914845,233.54534373224033
1789000,894500.0,-67.73356628417969,0.5067620986723284,-67.22680418550736,261.3658645963621
1790000,895000.0,-67.66937255859375,0.43948153068890805,-67.22989102790484,226.6654719119216
1791000,895500.0,-67.50434112548828,0.28013949454992293,-67.22420163093835,144.48377531085194
1792000,896000.0,-67.6427993774414,0.4174639067031705,-67.22533547073823,215.3097384336947
1793000,896500.0,-67.6029052734375,0.377147831598854,-67.22575744183865,194.51645919205802
1794000,897000.0,-67.69744110107422,0.4794696821545403,-67.21797141891967,247.28962239359208
1795000,897500.0,-67.60684967041016,0.38643475236902297,-67.22041491804113,199.30624927875235
1796000,898000.0,-67.63585662841797,0.4143862599620193,-67.22147036845595,213.72242201139198
1797000,898500.0,-67.63256072998047,0.4070339005377487,-67.22552682944271,209.9303945831722
1798000,899000.0,-67.73160552978516,0.5043933404659529,-67.2272121893192,260.14416206917804
1799000,899500.0,-67.55274200439453,0.33087270404944763,-67.22186930034508,170.6497597033933
1800000,900000.0,-67.62103271484375,0.40346755429734027,-67.21756516054641,208.09102819997895
1801000,900500.0,-67.76615142822266,0.5374617769949606,-67.2286896512277,277.1994243449043
1802000,901000.0,-67.6517562866211,0.432513183599541,-67.21924310302155,223.07150135533976
1803000,901500.0,-67.61600494384766,0.39654252999972384,-67.21946241384794,204.51940165640104
1804000,902000.0,-67.66956329345703,0.4414445770114928,-67.22811871644554,227.67792588330045
1805000,902500.0,-67.6014404296875,0.38252944802546796,-67.21891098166203,197.29206303842506
1806000,903000.0,-67.70519256591797,0.47635097541530685,-67.22884159050267,245.68112900890964
1807000,903500.0,-67.66090393066406,0.4345075336970286,-67.22639639696703,224.1001004532268
1808000,904000.0,-67.64904022216797,0.42891730433517866,-67.2201229178328,221.21690312201395
1809000,904500.0,-67.68229675292969,0.4558038165412108,-67.22649293638848,235.083797522998
1810000,905000.0,-67.59368896484375,0.37218080014599647,-67.22150816469775,191.95468025564065
1811000,905500.0,-67.63567352294922,0.4064836011102798,-67.22918992183894,209.64657405668825
1812000,906000.0,-67.68827819824219,0.46174073752138,-67.2265374607208,238.14580332234158
1813000,906500.0,-67.64071655273438,0.4129026869325067,-67.22781386580186,212.9572595247611
1814000,907000.0,-67.61498260498047,0.3851485504299796,-67.2298340545505,198.64288222205192
1815000,907500.0,-67.6966552734375,0.45961358249959255,-67.23704169093791,237.04870921673157
1816000,908000.0,-67.58740234375,0.35837556347800126,-67.229026780272,184.83453921284922
1817000,908500.0,-67.66425323486328,0.42931874402316555,-67.23493449084012,221.42394826491014
1818000,909000.0,-67.5705795288086,0.3398637382418231,-67.23071579056678,175.28694435367066
1819000,909500.0,-67.68313598632812,0.4537108705436147,-67.22942511578451,234.00434694520544
1820000,910000.0,-67.4979019165039,0.27020049412776226,-67.22770142237614,139.35767088163868
1821000,910500.0,-67.74115753173828,0.5112383558306143,-67.22991917590767,263.6745234826446
1822000,911000.0,-67.61383056640625,0.3841793613068061,-67.22965120509944,198.1430165971378
1823000,911500.0,-67.75139617919922,0.5197103988841552,-67.23168578031506,268.0440350609327
1824000,912000.0,-67.58757781982422,0.3598676639903259,-67.22771015583389,185.6040998044762
1825000,912500.0,-67.65351867675781,0.43118766493967503,-67.22233101181814,222.38785644290033
1826000,913000.0,-67.71702575683594,0.48276097305504434,-67.23426478378089,248.98712718746305
1827000,913500.0,-67.69234466552734,0.4607997910189306,-67.23154487450842,237.6605040136602
1828000,914000.0,-67.62665557861328,0.40227093024001065,-67.22438464837327,207.47386152125506
1829000,914500.0,-67.65733337402344,0.42912385260549474,-67.22820952141794,221.32343174243263
1830000,915000.0,-67.70101928710938,0.4675426540523242,-67.23347663305705,241.1381796946059
1831000,915500.0,-67.60625457763672,0.382845617852841,-67.22340895978388,197.45512969338432
1832000,916000.0,-67.6565170288086,0.4374090038678208,-67.21910802494077,225.59655265787362
1833000,916500.0,-67.57398223876953,0.35710871220840523,-67.21687352656113,184.18115239039258
1834000,917000.0,-67.68301391601562,0.4551150714838426,-67.22789884453178,234.72857275801036
1835000,917500.0,-67.659423828125,0.43871650103137344,-67.22070732709362,226.27090286580065
1836000,918000.0,-67.56127166748047,0.3327435570611773,-67.22852811041929,171.6146643721215
1837000,918500.0,-67.72749328613281,0.5014666372763271,-67.22602664885649,258.6346957701444
1838000,919000.0,-67.6423568725586,0.4216814396351649,-67.22067543292343,217.4849586092412
1839000,919500.0,-67.63591766357422,0.40921512513962494,-67.2267025384346,211.05537542811274
1840000,920000.0,-67.62760162353516,0.4086303928000746,-67.21897123073508,210.7537959021687
1841000,920500.0,-67.62738800048828,0.4073060102844267,-67.22008199020385,210.07073696353552
1842000,921000.0,-67.59754180908203,0.3721495395405649,-67.22539226954147,191.93855739406945
1843000,921500.0,-67.66249084472656,0.4433504792963207,-67.21914036543023,228.66090744371172
1844000,922000.0,-67.7422866821289,0.5152715520519985,-67.22701513007691,265.7546707948659
1845000,922500.0,-67.56660461425781,0.34509765282769633,-67.22150696143012,177.9863700102938
1846000,923000.0,-67.60944366455078,0.38957346449685865,-67.21987020005392,200.925060573362
1847000,923500.0,-67.65975952148438,0.435463400509611,-67.22429612097477,224.5930950093787
1848000,924000.0,-67.71073913574219,0.4884384805673285,-67.22230065517486,251.9153387952139
1849000,924500.0,-67.52703857421875,0.3125067892446764,-67.21453178497407,161.17741910288603
1850000,925000.0,-67.72317504882812,0.4968774983880798,-67.22629755044005,256.2678173938373
1851000,925500.0,-67.68758392333984,0.46827403275543217,-67.21930989058441,241.51539304103807
1852000,926000.0,-67.7024917602539,0.48456233381576963,-67.21792942643813,249.91619077353315
1853000,926500.0,-67.52937316894531,0.31069074160078003,-67.21868242734453,160.24078066082672
1854000,927000.0,-67.63484954833984,0.417967106059648,-67.2168824422802,215.5692667907179
1855000,927500.0,-67.65308380126953,0.4397562904775357,-67.213327510792,226.80718106874122
1856000,928000.0,-67.78568267822266,0.5710787802590375,-67.21460389796361,294.5376134996844
1857000,928500.0,-67.6942367553711,0.4844299738036753,-67.20980678156742,249.84792523218812
1858000,929000.0,-67.60845184326172,0.4002704657848026,-67.20818137747692,206.44210890341014
1859000,929500.0,-67.7546157836914,0.5446993030956141,-67.2099164805958,280.93222573591595
1860000,930000.0,-67.58140563964844,0.37779971350983504,-67.20360592613861,194.8526715483583
1861000,930500.0,-67.69813537597656,0.48764989881422605,-67.21048547716234,251.5086226018669
1862000,931000.0,-67.642333984375,0.4411867594266373,-67.20114722494836,227.5449547788109
1863000,931500.0,-67.57256317138672,0.3708770163712082,-67.20168615501551,191.28224525223962
1864000,932000.0,-67.62849426269531,0.41971813505893585,-67.20877612763638,216.47237144185738
1865000,932500.0,-67.63803100585938,0.4291442011802479,-67.20888680467912,221.3339266528602
1866000,933000.0,-67.65203094482422,0.44730553237964676,-67.20472541244457,230.7007519217346
1867000,933500.0,-67.63191223144531,0.42352436201752497,-67.20838786942778,218.43545787331695
1868000,934000.0,-67.69232940673828,0.4881973054734463,-67.20413210126483,251.79095116421945
1869000,934500.0,-67.6129150390625,0.4008634333518047,-67.2120516057107,206.74793580173807
1870000,935000.0,-67.62257385253906,0.4097640064462274,-67.21280984609284,211.33846454949096
1871000,935500.0,-67.66218566894531,0.4525416433353273,-67.20964402560999,233.40131037044137
1872000,936000.0,-67.64402770996094,0.4366056129026402,-67.2074220970583,225.18219851660407
1873000,936500.0,-67.74769592285156,0.5392446281964408,-67.20845129465512,278.118941504815
1874000,937000.0,-67.58029174804688,0.3691974310800971,-67.21109431696678,190.4159881605497
1875000,937500.0,-67.67049407958984,0.4600115556846082,-67.21048252390524,237.25396648806324
1876000,938000.0,-67.69825744628906,0.4894583720237412,-67.20879907426531,252.44135447988748
1877000,938500.0,-67.67232513427734,0.46052831067323297,-67.21179682360412,237.52048625096626
1878000,939000.0,-67.64494323730469,0.42981342423548347,-67.2151298130692,221.6790828176518
1879000,939500.0,-67.69342041015625,0.48229209553152164,-67.21112831462473,248.74530054011436
1880000,940000.0,-67.56806182861328,0.3543865363740394,-67.21367529223924,182.77717241162864
1881000,940500.0,-67.82160186767578,0.6084883798177334,-67.21311348785805,313.83185898189134
1882000,941000.0,-67.69844818115234,0.48877224092761645,-67.20967594022473,252.08747788249607
1883000,941500.0,-67.64325714111328,0.4323750440743157,-67.21088209703896,223.00025499232243
1884000,942000.0,-67.52507019042969,0.3195876330084462,-67.20548255742123,164.82941055457135
1885000,942500.0,-67.65341186523438,0.4390881931189502,-67.21432367211543,226.46260548935447
1886000,943000.0,-67.49556732177734,0.29221009725682257,-67.20335722452052,150.70926755060984
1887000,943500.0,-67.57335662841797,0.36757989692173937,-67.20577673149623,189.58173434614457
1888000,944000.0,-67.5476303100586,0.3399138339581149,-67.20771647610047,175.31278154677466
1889000,944500.0,-67.7734146118164,0.5612537258024973,-67.2121608860139,289.47027744699284
1890000,945000.0,-67.65995025634766,0.4530187664665001,-67.20693148988116,233.647389743829
1891000,945500.0,-67.76637268066406,0.5514646101883993,-67.21490807047566,284.42147708718767
1892000,946000.0,-67.7053451538086,0.49457416038385277,-67.21077099342475,255.07985576349893
1893000,946500.0,-67.56053161621094,0.3502506730856517,-67.21028094312528,180.64407388856654
1894000,947000.0,-67.66431427001953,0.4530506941804596,-67.21126357583907,233.66385667098373
1895000,947500.0,-67.59117126464844,0.38576103984156906,-67.20541022480687,198.9587776393209
1896000,948000.0,-67.49813842773438,0.28593858546388123,-67.2121998422705,147.4746943526875
1897000,948500.0,-67.64802551269531,0.43817024035157986,-67.20985527234373,225.98916534982757
1898000,949000.0,-67.62574768066406,0.41652952284884004,-67.20921815781523,214.82782385367423
1899000,949500.0,-67.63761138916016,0.42223347110204684,-67.21537791805811,217.76967244637308
1900000,950000.0,-67.66337585449219,0.4526618430984304,-67.21071401139376,233.46330418388956
1901000,950500.0,-67.57779693603516,0.36545177345749186,-67.21234516257766,188.48414076000603
1902000,951000.0,-67.60999298095703,0.39658149430629386,-67.21341148665074,204.53949775218595
1903000,951500.0,-67.59115600585938,0.37572620978193527,-67.21542979607744,193.78324844823666
1904000,952000.0,-67.6484603881836,0.43892372975034605,-67.20953665843325,226.37778243206137
1905000,952500.0,-67.54340362548828,0.33505085652786126,-67.20835276896042,172.8046691526142
1906000,953000.0,-67.66278839111328,0.4475375988889948,-67.21525079222428,230.8204417407217
1907000,953500.0,-67.70156860351562,0.4916692690874934,-67.20989933442813,253.5816390909803
1908000,954000.0,-67.61652374267578,0.40349592315603827,-67.21302781951974,208.10565962427182
1909000,954500.0,-67.61652374267578,0.3960093031584894,-67.22051443951729,204.24438642785427
1910000,955000.0,-67.71208190917969,0.49834685812975943,-67.21373505104992,257.02564928437
1911000,955500.0,-67.58061218261719,0.3684947531629566,-67.21211742945422,190.05357743206906
1912000,956000.0,-67.57998657226562,0.3788197681240042,-67.20116680414162,195.37877138271116
1913000,956500.0,-67.67435455322266,0.4624229036053956,-67.21193164961726,238.49763493882233
1914000,957000.0,-67.5374755859375,0.3257694225419192,-67.21170616339558,168.01770891074662
1915000,957500.0,-67.66593170166016,0.46010928956186276,-67.2058224120983,237.30437337404763
1916000,958000.0,-67.5621566772461,0.3592273441502671,-67.20292933309582,185.27385066182396
1917000,958500.0,-67.6147232055664,0.4085901578959465,-67.20613304767046,210.73304448738855
1918000,959000.0,-67.59194946289062,0.3836586956568384,-67.20829076723379,197.874479885087
1919000,959500.0,-67.71678161621094,0.5148483046721714,-67.20193331153877,265.53637819236764
1920000,960000.0,-67.55528259277344,0.3473077430853286,-67.20797484968811,179.12623850585695
1921000,960500.0,-67.72088623046875,0.5159765020152581,-67.20490972845349,266.11825334598257
1922000,961000.0,-67.51265716552734,0.3069022226035746,-67.20575494292378,158.28682722619033
1923000,961500.0,-67.60969543457031,0.4047945030059682,-67.20490093156434,208.7754106694142
1924000,962000.0,-67.5921859741211,0.38408756071660644,-67.20809841340449,198.09566984273204
1925000,962500.0,-67.7036361694336,0.5021486468185907,-67.201487522615,258.98644664919334
1926000,963000.0,-67.65571594238281,0.45145592644510213,-67.2042600159377,232.8413447880428
1927000,963500.0,-67.6031723022461,0.39684621538617426,-67.20632608685992,204.67602937935595
1928000,964000.0,-67.478271484375,0.270562542357618,-67.20770894201738,139.54439962254045
1929000,964500.0,-67.60176086425781,0.4006600679936352,-67.20110079626417,206.64304878906256
1930000,965000.0,-67.53510284423828,0.32971794780091707,-67.20538489643737,170.05418662070622
1931000,965500.0,-67.6977310180664,0.48971925498378527,-67.20801176308262,252.57590657166588
1932000,966000.0,-67.625244140625,0.4229476661946817,-67.20229647443031,218.13802323339135
1933000,966500.0,-67.61392211914062,0.4102686455698092,-67.20365347357081,211.59873547580858
1934000,967000.0,-67.5401382446289,0.3296173656278218,-67.21052087900108,170.00231070752545
1935000,967500.0,-67.626953125,0.41676297581641925,-67.21019014918357,214.94822874755596
1936000,968000.0,-67.5344467163086,0.3279959568350322,-67.20645075947355,169.16605852508746
1937000,968500.0,-67.5870590209961,0.38027563428423666,-67.20678338671186,196.12964387041822
1938000,969000.0,-67.65602111816406,0.44484955431206397,-67.211171563852,229.43406518106235
1939000,969500.0,-67.59971618652344,0.3939925578858336,-67.2057236286376,203.20423687199897
1940000,970000.0,-67.70783996582031,0.49938870566643073,-67.20845126015388,257.5629889609423
1941000,970500.0,-67.70587921142578,0.5043143082819019,-67.20156490314388,260.103400703698
1942000,971000.0,-67.61119079589844,0.40313271958011343,-67.20805807631832,207.91833500608354
1943000,971500.0,-67.59649658203125,0.3933870660025298,-67.20310951602872,202.89195047567932
1944000,972000.0,-67.52605438232422,0.31887837135900443,-67.20717601096521,164.46360422312497
1945000,972500.0,-67.589599609375,0.38440850843859264,-67.2051911009364,198.26120072806646
1946000,973000.0,-67.6799545288086,0.47378245025844834,-67.20617207855014,244.35639537133363
1947000,973500.0,-67.81057739257812,0.6037496687937013,-67.20682772378443,311.38783779894703
1948000,974000.0,-67.60548400878906,0.39561990953470405,-67.20986409925436,204.0435541213033
1949000,974500.0,-67.60575866699219,0.4014836208945548,-67.20427504609764,207.06780158046828
1950000,975000.0,-67.59093475341797,0.3892325207929146,-67.20170223262505,200.74921662963874
1951000,975500.0,-67.69322204589844,0.49236900705239883,-67.20085303884603,253.94253351988007
1952000,976000.0,-67.58418273925781,0.3876096527657245,-67.1965730864921,199.91221183752108
1953000,976500.0,-67.56302642822266,0.3584436787633468,-67.2045827494593,184.8696701164689
1954000,977000.0,-67.56590270996094,0.3628504445075216,-67.20305226545342,187.14248835172648
1955000,977500.0,-67.69108581542969,0.4847418856270396,-67.20634392980264,250.0087957937495
1956000,978000.0,-67.69776153564453,0.49692700855001204,-67.20083452709451,256.2933525834531
1957000,978500.0,-67.5901870727539,0.3867341181666724,-67.20345295458723,199.46064914555024
1958000,979000.0,-67.64363861083984,0.4378244488185226,-67.20581416202133,225.81082110655368
1959000,979500.0,-67.64300537109375,0.44657417047554143,-67.1964312006182,230.32354723949783
1960000,980000.0,-67.66895294189453,0.46825743695241007,-67.20069550494212,241.50683364715897
1961000,980500.0,-67.57071685791016,0.37046159248000476,-67.20025526543016,191.0679876651335
1962000,981000.0,-67.6468734741211,0.44993325341937407,-67.19694022070172,232.05601622280548
1963000,981500.0,-67.56430053710938,0.36077481648982385,-67.20352572061955,186.07196963525718
1964000,982000.0,-67.63105773925781,0.4279978377054896,-67.20305990155232,220.74268219810153
1965000,982500.0,-67.56378173828125,0.359365256997677,-67.20441648128357,185.34498011427647
1966000,983000.0,-67.61322784423828,0.40819656149255834,-67.20503128274572,210.530044569788
1967000,983500.0,-67.58128356933594,0.37384003072549743,-67.20744353861043,192.8104392717789
1968000,984000.0,-67.55064392089844,0.34675120696177736,-67.20389271393665,178.83920136260537
1969000,984500.0,-67.66752624511719,0.45926793461269977,-67.20825831050449,236.87043905990586
1970000,985000.0,-67.74626922607422,0.5443067153864847,-67.20196251068774,280.7297460589722
1971000,985500.0,-67.643310546875,0.4394047486700057,-67.203905798205,226.62587108382405
1972000,986000.0,-67.55270385742188,0.3526513652043732,-67.20005249221751,181.8822465397636
1973000,986500.0,-67.49698638916016,0.3013427533881229,-67.19564363577203,155.41949464153123
1974000,987000.0,-67.77605438232422,0.5758399630701362,-67.20021441925408,296.9932246536843
1975000,987500.0,-67.46224975585938,0.2616085864584744,-67.2006411694009,134.92633834434181
1976000,988000.0,-67.71440124511719,0.5148327383392556,-67.19956850677794,265.5283497544245
1977000,988500.0,-67.70036315917969,0.4958561444457729,-67.20450701473392,255.74104742250492
1978000,989000.0,-67.59889221191406,0.39193855909960756,-67.20695365281445,202.14487357303022
1979000,989500.0,-67.67247009277344,0.46220758428590947,-67.21026250848753,238.38658259246643
1980000,990000.0,-67.57614135742188,0.3656765736772561,-67.21046478374461,188.60008294264767
1981000,990500.0,-67.60800170898438,0.39744708164646875,-67.21055462733791,204.98593008037543
1982000,991000.0,-67.6357192993164,0.43218438012549204,-67.20353491919091,222.90191881453367
1983000,991500.0,-67.58374786376953,0.3782995454225879,-67.20544831834694,195.11046312427086
1984000,992000.0,-67.68411254882812,0.47605476085673143,-67.2080577879714,245.52835441426072
1985000,992500.0,-67.62171936035156,0.40970450204609293,-67.21201485830547,211.3077747661998
1986000,993000.0,-67.54059600830078,0.33619658153125614,-67.20439942676953,173.39558431159412
1987000,993500.0,-67.67842864990234,0.46757828155657327,-67.21085036834577,241.15655481278438
1988000,994000.0,-67.59391021728516,0.3854045521600615,-67.20850566512509,198.77491678757352
1989000,994500.0,-67.6541748046875,0.4458477554151961,-67.2083270492723,229.94889392426293
1990000,995000.0,-67.55928802490234,0.35011155045613984,-67.20917647444621,180.5723204830878
1991000,995500.0,-67.67682647705078,0.46027526825080667,-67.21655120879997,237.3899779677101
1992000,996000.0,-67.5895767211914,0.37092679007175483,-67.21864993111966,191.30791636361835
1993000,996500.0,-67.6126480102539,0.39454003250722797,-67.21810797774668,203.48660048628702
1994000,997000.0,-67.68372344970703,0.4689113716312476,-67.21481207807578,241.84410473189814
1995000,997500.0,-67.49336242675781,0.2749337964478064,-67.21842863031,141.79890249014977
1996000,998000.0,-67.63153839111328,0.41896329248981373,-67.21257509862346,216.08305645316815
1997000,998500.0,-67.653076171875,0.43811772224795814,-67.21495844962705,225.9620787946254
1998000,999000.0,-67.59798431396484,0.3810593327022966,-67.21692498126255,196.53384145179947
1999000,999500.0,-67.63764953613281,0.42172859613760816,-67.2159209399952,217.50927988359206
2000000,1000000.0,-67.71976470947266,0.50263820007959,-67.21712650939307,259.23893694328257
2001000,1000500.0,-67.65900421142578,0.4485995989423973,-67.21040461248339,231.3681752095153
2002000,1001000.0,-67.6030502319336,0.3912929988686599,-67.21175723306493,201.8119216645258
2003000,1001500.0,-67.78509521484375,0.569752347227767,-67.21534286761599,293.85349699421675
2004000,1002000.0,-67.62646484375,0.410888510923847,-67.21557633282616,211.91843508360458
2005000,1002500.0,-67.60293579101562,0.3905083922369584,-67.21242739877867,201.40725566602282
2006000,1003000.0,-67.62034606933594,0.4031295313750166,-67.21721653796092,207.91669066846669
2007000,1003500.0,-67.60877990722656,0.39431600285120877,-67.21446390437535,203.3710557269333
2008000,1004000.0,-67.63941192626953,0.42537033971885174,-67.21404158655068,219.3875329381194
2009000,1004500.0,-67.63106536865234,0.4166374039874095,-67.21442796466494,214.88346425600446
2010000,1005000.0,-67.7046127319336,0.4932229965035459,-67.21138973543005,254.38298416099946
2011000,1005500.0,-67.5650863647461,0.35474199521345445,-67.21034436953263,182.96050263134228
2012000,1006000.0,-67.45811462402344,0.24175429904643816,-67.216360324977,124.68635984360773
2013000,1006500.0,-67.58293914794922,0.3707889840195695,-67.21215016392965,191.23684199150094
2014000,1007000.0,-67.67108154296875,0.45493673180682626,-67.21614481116193,234.63659290395788
2015000,1007500.0,-67.52920532226562,0.3136812487504761,-67.21552407351516,161.7831542692905
2016000,1008000.0,-67.52029418945312,0.3092451534108691,-67.21104903604225,159.49520910348997
2017000,1008500.0,-67.58589935302734,0.3735770117906777,-67.21232234123667,192.6747855370492
2018000,1009000.0,-67.68167877197266,0.4631042393396906,-67.21857453263297,238.84903829700747
2019000,1009500.0,-67.59452056884766,0.37416088742887,-67.22035968141878,192.97592321366844
2020000,1010000.0,-67.73387908935547,0.5113651890244897,-67.22251390033098,263.7399385313699
2021000,1010500.0,-67.57514953613281,0.3625889136831872,-67.21256062244963,187.0076021197059
2022000,1011000.0,-67.59439849853516,0.3790369142550337,-67.21536158428012,195.49076591906064
2023000,1011500.0,-67.66659545898438,0.4507530399398507,-67.21584241904452,232.47882647888065
2024000,1012000.0,-67.56974792480469,0.3609866351036055,-67.20876128970109,186.1812164697653
2025000,1012500.0,-67.65261840820312,0.44083029133696405,-67.21178811686616,227.36110403168013
2026000,1013000.0,-67.65633392333984,0.4413451103581799,-67.21498881298166,227.6266253067385
2027000,1013500.0,-67.74479675292969,0.5324690456800415,-67.21232770724964,274.62439053665395
2028000,1014000.0,-67.68852996826172,0.473167145311933,-67.21536282294979,244.03904782352427
2029000,1014500.0,-67.62665557861328,0.4197679482782839,-67.206887630335,216.49806293531623
2030000,1015000.0,-67.72867584228516,0.5092175303320026,-67.21945831195315,262.63226952358417
2031000,1015500.0,-67.6461410522461,0.4279160468825413,-67.21822500536355,220.70049804657967
2032000,1016000.0,-67.63520812988281,0.42021172560325304,-67.21499640427956,216.72694399120556
2033000,1016500.0,-67.75630187988281,0.5420033396900225,-67.21429854019279,279.5417649886172
2034000,1017000.0,-67.64063262939453,0.4348952232629085,-67.20573740613162,224.30005388077527
2035000,1017500.0,-67.57745361328125,0.36976772187737883,-67.20768589140387,190.71011936667853
2036000,1018000.0,-67.56519317626953,0.35369385035687817,-67.21149932591265,182.4199150708696
2037000,1018500.0,-67.68294525146484,0.46798807838577644,-67.21495717307907,241.3679102058853
2038000,1019000.0,-67.71218872070312,0.502811630848612,-67.20937708985451,259.32838499595226
2039000,1019500.0,-67.46846771240234,0.2590588252797459,-67.20940888712259,133.61128235112807
2040000,1020000.0,-67.68267059326172,0.4724537543004705,-67.21021683896124,243.6711117466261
2041000,1020500.0,-67.7352294921875,0.5234151340313381,-67.21181435815616,269.95477642730725
2042000,1021000.0,-67.7380142211914,0.530431715945297,-67.20758250524611,273.57362440993603
2043000,1021500.0,-67.64415740966797,0.42691589370477223,-67.2172415159632,220.18466250812628
2044000,1022000.0,-67.72140502929688,0.5086130082312663,-67.21279202106561,262.3204832989622
2045000,1022500.0,-67.6571273803711,0.4389409936095282,-67.21818638676156,226.38668638027147
2046000,1023000.0,-67.66175842285156,0.4401691671082934,-67.22158925574327,227.0201248896235
2047000,1023500.0,-67.67562103271484,0.46188374408964383,-67.2137372886252,238.21955989461713
2048000,1024000.0,-67.58602905273438,0.3781027654544749,-67.2079262872799,195.0089725695592
2049000,1024500.0,-67.66117095947266,0.4501305473852463,-67.21104041208741,232.157771875221
2050000,1025000.0,-67.56890869140625,0.3494288791104092,-67.21947981229584,180.22022827457513
2051000,1025500.0,-67.59486389160156,0.37944580126482846,-67.21541809033674,195.70165206685505
2052000,1026000.0,-67.5527114868164,0.34290359370578744,-67.20980789311062,176.85476967775975
2053000,1026500.0,-67.720703125,0.5063133329690278,-67.21438979203097,261.1344107517442
2054000,1027000.0,-67.63320922851562,0.42473828759882565,-67.2084709409168,219.061547926112
2055000,1027500.0,-67.70885467529297,0.49551753866284265,-67.21333713663013,255.5664092768252
2056000,1028000.0,-67.53564453125,0.324368962116421,-67.21127556913358,167.2954122928616
2057000,1028500.0,-67.58080291748047,0.36289720132686387,-67.21790571615361,187.16660348690567
2058000,1029000.0,-67.67594909667969,0.4586935344136911,-67.21725556226599,236.5741884029772
2059000,1029500.0,-67.66332244873047,0.44981138543182686,-67.21351106329864,231.99316201169668
2060000,1030000.0,-67.64372253417969,0.43137075569360467,-67.21235177848608,222.48228669592396
2061000,1030500.0,-67.73076629638672,0.5173296215030495,-67.21343667488367,266.8161335658241
2062000,1031000.0,-67.62789154052734,0.41102424920875175,-67.2168672913186,211.98844299123206
2063000,1031500.0,-67.54719543457031,0.3320512883010218,-67.2151441462693,171.25762223439034
2064000,1032000.0,-67.5538330078125,0.3363092770343956,-67.2175237307781,173.45370775391814
2065000,1032500.0,-67.65261840820312,0.43523444401187533,-67.21738396419126,224.47500919920776
2066000,1033000.0,-67.6056900024414,0.387247042012716,-67.21844296042869,199.7251929716266
2067000,1033500.0,-67.68510437011719,0.46498889153647205,-67.22011547858071,239.82105998561784
2068000,1034000.0,-67.62300109863281,0.4047314614282007,-67.21826963720461,208.74289656363976
2069000,1034500.0,-67.6937255859375,0.47879439173541266,-67.2149311942021,246.9413369462168
2070000,1035000.0,-67.58135986328125,0.3663493156604503,-67.21501054762079,188.9470540175337
2071000,1035500.0,-67.46521759033203,0.2512663321666949,-67.21395125816534,129.59225309619816
2072000,1036000.0,-67.62574005126953,0.41173993606424675,-67.21400011520528,212.35756316469565
2073000,1036500.0,-67.73452758789062,0.5257323817829184,-67.20879520610771,271.1499121007574
2074000,1037000.0,-67.6116943359375,0.4037882603356008,-67.2079060756019,208.2564344353522
2075000,1037500.0,-67.61048126220703,0.392898267508177,-67.21758299469886,202.6398494574212
2076000,1038000.0,-67.47496795654297,0.2611727314232601,-67.21379522511971,134.70154326117375
2077000,1038500.0,-67.63993072509766,0.429779782778629,-67.21015094231903,221.66173201639793
2078000,1039000.0,-67.65385437011719,0.45003784285572573,-67.20381652726147,232.1099589082023
2079000,1039500.0,-67.62409210205078,0.4143703728766815,-67.2097217291741,213.71422814329074
2080000,1040000.0,-67.58460235595703,0.37065469442940385,-67.21394766152763,191.16758125765384
2081000,1040500.0,-67.5753173828125,0.3657706341526439,-67.20954674865986,188.64859524760988
2082000,1041000.0,-67.51631164550781,0.30702801813678565,-67.20928362737102,158.35170709464577
2083000,1041500.0,-67.6046371459961,0.3930896399580267,-67.21154750603807,202.7385510492449
2084000,1042000.0,-67.72762298583984,0.5122235626241878,-67.21539942321566,264.1826503257593
2085000,1042500.0,-67.63477325439453,0.4206895682221054,-67.21408368617243,216.97339444506653
2086000,1043000.0,-67.6153335571289,0.40268437916188127,-67.21264917796702,207.68710050501934
2087000,1043500.0,-67.5439224243164,0.33646940799690656,-67.2074530163195,173.53629634445198
2088000,1044000.0,-67.66548919677734,0.4487307733023968,-67.21675842347494,231.435829243043
2089000,1044500.0,-67.52159118652344,0.31723690308174035,-67.2043542834417,163.6170062304601
2090000,1045000.0,-67.61875915527344,0.40863100413442205,-67.21012815113902,210.75411120185404
2091000,1045500.0,-67.64826202392578,0.4402473660562174,-67.20801465786957,227.06045650812501
2092000,1046000.0,-67.54454803466797,0.3368604301618802,-67.20768760450609,173.737968581765
2093000,1046500.0,-67.6807632446289,0.4677311563467368,-67.21303208828218,241.23540098500357
2094000,1047000.0,-67.63643646240234,0.42538140135632563,-67.21105506104603,219.3932380499456
2095000,1047500.0,-67.59667205810547,0.38435380464273156,-67.21231825346274,198.23298688780613
2096000,1048000.0,-67.64024353027344,0.4252027964030155,-67.21504073387042,219.30112137791073
2097000,1048500.0,-67.60285949707031,0.38937138795829057,-67.21348810911202,200.82083827781966
2098000,1049000.0,-67.64271545410156,0.43543445911508283,-67.20728099498648,224.57816829598931
2099000,1049500.0,-67.60824584960938,0.40037158084737856,-67.207874268762,206.49425965782356
2100000,1050000.0,-67.68757629394531,0.4724234556809749,-67.21515283826433,243.65548503558892
2101000,1050500.0,-67.57386016845703,0.36652272373862577,-67.2073374447184,189.03649036725096
2102000,1051000.0,-67.49170684814453,0.29251577284504393,-67.19919107529948,150.8669217331361
2103000,1051500.0,-67.553466796875,0.34636642982250865,-67.20710036705249,178.6407500381173
2104000,1052000.0,-67.62283325195312,0.4065801636334082,-67.21625308831972,209.6963768091261
2105000,1052500.0,-67.62801361083984,0.4179737701758895,-67.21003984066395,215.57270385222625
2106000,1053000.0,-67.66325378417969,0.464997193508136,-67.19825659067155,239.82534178176536
2107000,1053500.0,-67.67985534667969,0.4772484241004371,-67.20260692257925,246.14399403400617
2108000,1054000.0,-67.64271545410156,0.43467029325985684,-67.2080451608417,224.18404476155487
2109000,1054500.0,-67.548583984375,0.33366605304103836,-67.21491793133396,172.090447703185
2110000,1055000.0,-67.63996124267578,0.43130335837603084,-67.20865788429975,222.44752608887518
2111000,1055500.0,-67.60768127441406,0.39799132744905746,-67.209689946965,205.26662841026084
2112000,1056000.0,-67.64736938476562,0.445580495547731,-67.2017888892179,229.81105290080257
2113000,1056500.0,-67.68339538574219,0.4710574920617884,-67.2123378936804,242.95098037103094
2114000,1057000.0,-67.61042785644531,0.4088680143327752,-67.20155984211253,210.87635076075756
2115000,1057500.0,-67.60238647460938,0.39395871171766983,-67.2084277628917,203.18678048954936
2116000,1058000.0,-67.53956604003906,0.33671589014367165,-67.2028501498954,173.66342112265778
2117000,1058500.0,-67.62200164794922,0.4225276616546911,-67.19947398629452,217.92140314673404
2118000,1059000.0,-67.61593627929688,0.4160971058934876,-67.19983917340339,214.60480198266626
2119000,1059500.0,-67.60580444335938,0.4027889664182101,-67.20301547694116,207.74104206605512
2120000,1060000.0,-67.65262603759766,0.4466139212519006,-67.20601211634576,230.34404896221685
2121000,1060500.0,-67.6531982421875,0.4466058389613262,-67.20659240322617,230.3398804680271
2122000,1061000.0,-67.6014633178711,0.4025718670990055,-67.1988914507721,207.62907167321032
2123000,1061500.0,-67.63838958740234,0.43671085912478447,-67.20167872827756,225.23647994356614
2124000,1062000.0,-67.60348510742188,0.4051880022937749,-67.1982971051281,208.9783604990189
2125000,1062500.0,-67.69865417480469,0.49339113323114325,-67.20526304157355,254.46970177720243
2126000,1063000.0,-67.63097381591797,0.4261495851726573,-67.20482423074532,219.78943387408177
2127000,1063500.0,-67.6267318725586,0.4268068712006329,-67.19992500135795,220.12843343904336
2128000,1064000.0,-67.60721588134766,0.40613315440696524,-67.2010827269407,209.46582887892785
2129000,1064500.0,-67.53070068359375,0.3345703331654102,-67.19613035042833,172.55683608772077
2130000,1065000.0,-67.5973892211914,0.39120363502747746,-67.20618558616393,201.7658316793523
2131000,1065500.0,-67.73213958740234,0.5345211172945085,-67.19761847010784,275.6827598841919
2132000,1066000.0,-67.56493377685547,0.36470949976506545,-67.2002242770904,188.10130825162304
2133000,1066500.0,-67.55889129638672,0.3635986399927572,-67.19529265639396,187.5283750634558
2134000,1067000.0,-67.54814910888672,0.34877772653541217,-67.1993713823513,179.8843920780756
2135000,1067500.0,-67.65242004394531,0.4566407847378444,-67.19577925920747,235.5154693408508
2136000,1068000.0,-67.66061401367188,0.46730722187622076,-67.19330679179565,241.01675401099166
2137000,1068500.0,-67.68363952636719,0.48378154430308695,-67.1998579820641,249.5134934791129
2138000,1069000.0,-67.53504943847656,0.32817109755682883,-67.20687834091973,169.25638849707695
2139000,1069500.0,-67.628173828125,0.4291723188352956,-67.1990015092897,221.34842851722857
2140000,1070000.0,-67.6231689453125,0.43120387666855137,-67.19196506864395,222.39621774802845
2141000,1070500.0,-67.72496032714844,0.52860341001717,-67.19635691713127,272.6306636776644
2142000,1071000.0,-67.59793853759766,0.3938654158263777,-67.20407312177127,203.13866252383184
2143000,1071500.0,-67.70283508300781,0.49484006007883163,-67.20799502292898,255.21699526910942
2144000,1072000.0,-67.64067077636719,0.437640422054371,-67.20303035431282,225.71590810014027
2145000,1072500.0,-67.61615753173828,0.4163555651921025,-67.19980196654618,214.73810405522147
2146000,1073000.0,-67.6673583984375,0.4631906789433308,-67.20416771949417,238.8936200875557
2147000,1073500.0,-67.62007904052734,0.4190378778391135,-67.20104116268823,216.1215243345607
2148000,1074000.0,-67.69623565673828,0.49739299250146257,-67.19884266423682,256.5336868520931
2149000,1074500.0,-67.6752700805664,0.4774645920783183,-67.19780548848809,246.25548408147614
2150000,1075000.0,-67.6940689086914,0.49244542114701495,-67.2016234875444,253.9819445886222
2151000,1075500.0,-67.60687255859375,0.4072077285617501,-67.199664830032,210.02004752269397
2152000,1076000.0,-67.67520141601562,0.48149137159732014,-67.19371004441831,248.33232193750405
2153000,1076500.0,-67.7087173461914,0.5162272696667801,-67.19249007652462,266.2475884012769
2154000,1077000.0,-67.77611541748047,0.5798950977810458,-67.19622031969942,299.0846868852687
2155000,1077500.0,-67.6805419921875,0.48568568471071855,-67.19485630747678,250.49556633984454
2156000,1078000.0,-67.56985473632812,0.3722946706117746,-67.19756006571635,192.01340969262515
2157000,1078500.0,-67.66535949707031,0.4693739100422809,-67.19598558702803,242.08266194054787
2158000,1079000.0,-67.72933959960938,0.5336724483945637,-67.1956671512148,275.24505335213036
2159000,1079500.0,-67.6166000366211,0.41863858742632215,-67.19796144919478,215.91558769439428
2160000,1080000.0,-67.65206146240234,0.44870640697079683,-67.20335505543154,231.42326214826153
2161000,1080500.0,-67.6514663696289,0.4567739135688941,-67.19469245606001,235.5841314055971
2162000,1081000.0,-67.60372924804688,0.40928863095744555,-67.19444061708943,211.09328653408906
2163000,1081500.0,-67.65570068359375,0.4643673420116355,-67.19133334158211,239.50049175572462
2164000,1082000.0,-67.65067291259766,0.45859503012669267,-67.19207788247097,236.523384173132
2165000,1082500.0,-67.57763671875,0.38516384828151495,-67.19247287046848,198.65077218896832
2166000,1083000.0,-67.63553619384766,0.4414785245135768,-67.19405766933409,227.6954345293817
2167000,1083500.0,-67.6323471069336,0.4428100950214723,-67.18953701191212,228.3822007219974
2168000,1084000.0,-67.7047119140625,0.5153057170196516,-67.18940619704284,265.7722916002358
2169000,1084500.0,-67.52507781982422,0.332194666022155,-67.19288315380206,171.33157023118414
2170000,1085000.0,-67.59133911132812,0.4046869564267512,-67.18665215490137,208.7199428182567
2171000,1085500.0,-67.64946746826172,0.4514548384373862,-67.19801262982433,232.84078364095205
2172000,1086000.0,-67.70968627929688,0.5168252222396287,-67.19286105705724,266.5559863489522
2173000,1086500.0,-67.63520050048828,0.4463145091359696,-67.18888599135231,230.1896252064625
2174000,1087000.0,-67.66299438476562,0.47437247873926536,-67.18862190602636,244.66070641675168
2175000,1087500.0,-67.66224670410156,0.47253116196969064,-67.18971554213188,243.7110352579643
2176000,1088000.0,-67.6863021850586,0.48910052226931816,-67.19720166278927,252.25679113013143
2177000,1088500.0,-67.68932342529297,0.4902189741368075,-67.19910445115616,252.8336399910104
2178000,1089000.0,-67.69611358642578,0.5042877581817743,-67.191825828244,260.0897073160253
2179000,1089500.0,-67.70208740234375,0.5100146372963311,-67.19207276504741,263.0433826503419
2180000,1090000.0,-67.54042053222656,0.352508372541085,-67.18791215968548,181.80849713907014
2181000,1090500.0,-67.65251922607422,0.4606336814222027,-67.19188554465201,237.5748319034525
2182000,1091000.0,-67.65399932861328,0.45638164461405123,-67.19761768399923,235.38181612826003
2183000,1091500.0,-67.57229614257812,0.380179038349378,-67.19211710422874,196.07982388566214
2184000,1092000.0,-67.5345458984375,0.3494420892817237,-67.18510380915578,180.2270415067725
2185000,1092500.0,-67.76026916503906,0.5702822211558775,-67.18998694388318,294.12678293590517
2186000,1093000.0,-67.78634643554688,0.5886052754608523,-67.19774116008603,303.57701795350545
2187000,1093500.0,-67.55311584472656,0.3540130264291962,-67.19910281829736,182.5845322163081
2188000,1094000.0,-67.6324234008789,0.43391712363772666,-67.19850627724118,223.79559260621116
2189000,1094500.0,-67.6023941040039,0.4039298247013601,-67.19846427930254,208.32944718225977
2190000,1095000.0,-67.50389099121094,0.30512547888910596,-67.19876551232183,157.37046004262453
2191000,1095500.0,-67.66937255859375,0.47052472848554244,-67.1988478301082,242.67620407442985
2192000,1096000.0,-67.56293487548828,0.3664324416298178,-67.19650243385847,188.9899267795478
2193000,1096500.0,-67.57363891601562,0.3849182248427435,-67.18872069117288,198.52409029502277
2194000,1097000.0,-67.6239013671875,0.4284670211904624,-67.19543434599704,220.98466664706788
2195000,1097500.0,-67.56629180908203,0.37630943764041996,-67.18998237144162,194.0840520282378
2196000,1098000.0,-67.67755126953125,0.48210247707711823,-67.19544879245413,248.6475035829062
2197000,1098500.0,-67.57057189941406,0.37442921254776285,-67.1961426868663,193.1143136475152
2198000,1099000.0,-67.67496490478516,0.4815728702978261,-67.19339203448733,248.37435542496695
2199000,1099500.0,-67.63932037353516,0.44097569051864827,-67.19834468301651,227.4360946099654
2200000,1100000.0,-67.65555572509766,0.45938461077803583,-67.19617111431963,236.93061555477544
2201000,1100500.0,-67.68407440185547,0.4927108555519705,-67.19136354630349,254.11884411786204
2202000,1101000.0,-67.62854766845703,0.4279112862907371,-67.2006363821663,220.69804274024133
2203000,1101500.0,-67.66925048828125,0.47081099019424016,-67.19843949808701,242.82384542170234
2204000,1102000.0,-67.75202178955078,0.5443685548037086,-67.20765323474707,280.761640142589
2205000,1102500.0,-67.65538024902344,0.45815356833532933,-67.1972266806881,236.29569736883423
2206000,1103000.0,-67.69586181640625,0.502230081619159,-67.19363173478709,259.0284471798458
2207000,1103500.0,-67.70496368408203,0.5059792955327412,-67.19898438854929,260.96212876070473
2208000,1104000.0,-67.56029510498047,0.3641411070706038,-67.19615399790986,187.80815600442966
2209000,1104500.0,-67.7302474975586,0.5338268533954195,-67.19642064416317,275.32468874051557
2210000,1105000.0,-67.5612564086914,0.3680044513097685,-67.19325195738163,189.80070104666567
2211000,1105500.0,-67.6010513305664,0.40498875901288983,-67.19606257155351,208.8755994746448
2212000,1106000.0,-67.63420867919922,0.4430344859485584,-67.19117419325066,228.49793180926517
2213000,1106500.0,-67.58782196044922,0.3853143608823066,-67.20250759956691,198.72840004657965
2214000,1107000.0,-67.52031707763672,0.32329941934731266,-67.19701765828941,166.74378861914337
2215000,1107500.0,-67.6495132446289,0.4525714018571089,-67.19694184277179,233.41665852255247
2216000,1108000.0,-67.5892105102539,0.3912456505584979,-67.1979648596954,201.78750146409035
2217000,1108500.0,-67.54446411132812,0.3489694916384835,-67.19549461968964,179.98329618336476
2218000,1109000.0,-67.68667602539062,0.48551777705823806,-67.20115824833239,250.4089668706303
2219000,1109500.0,-67.65143585205078,0.4491587612739074,-67.20227709077687,231.6565668366866
2220000,1110000.0,-67.64976501464844,0.44870498266812087,-67.20106003198032,231.42252755484714
2221000,1110500.0,-67.7247543334961,0.5189007377985899,-67.2058535956975,267.62644706409316
2222000,1111000.0,-67.69420623779297,0.49255251593031624,-67.20165372186266,254.03717942308327
2223000,1111500.0,-67.72077178955078,0.5263991143494283,-67.19437267520135,271.49378377971084
2224000,1112000.0,-67.59233856201172,0.3897584591668413,-67.20258010284488,201.02047278353402
2225000,1112500.0,-67.6126937866211,0.40924340843417506,-67.20345037818691,211.0699627221371
2226000,1113000.0,-67.61127471923828,0.41944249847341725,-67.19183222076487,216.33021007131052
2227000,1113500.0,-67.67549896240234,0.4841083454267599,-67.19139061697558,249.68204329462517
2228000,1114000.0,-67.54893493652344,0.3486170670086671,-67.20031786951478,179.80153087708328
2229000,1114500.0,-67.66194915771484,0.4634831939314521,-67.19846596378339,239.04448660456242
2230000,1115000.0,-67.54200744628906,0.3485159170354725,-67.19349152925359,179.74936211729016
2231000,1115500.0,-67.69734954833984,0.5081156333989495,-67.1892339149409,262.06395897834403
2232000,1116000.0,-67.65711212158203,0.46332473315896966,-67.19378738842306,238.96275942545216
2233000,1116500.0,-67.5655517578125,0.37350223220996337,-67.19204952560254,192.6362174795351
2234000,1117000.0,-67.69918823242188,0.5058661678868759,-67.193322064535,260.9037824379454
2235000,1117500.0,-67.62956237792969,0.4405010621314869,-67.1890613157982,227.19130191710732
2236000,1118000.0,-67.73452758789062,0.5462620283148029,-67.18826555957583,281.7382114817124
2237000,1118500.0,-67.56009674072266,0.36978226820713495,-67.19031447251552,190.71762173132532
2238000,1119000.0,-67.44758605957031,0.2606200944725069,-67.18696596509781,134.41651714177783
2239000,1119500.0,-67.59429168701172,0.4067295808453133,-67.18756210616641,209.7734397127597
2240000,1120000.0,-67.50200653076172,0.3117353143413447,-67.19027121642037,160.779525879119
2241000,1120500.0,-67.59455108642578,0.40751110691576814,-67.18703997951002,210.17651689166513
2242000,1121000.0,-67.5702133178711,0.3847831423559023,-67.1854301755152,198.45442061953287
2243000,1121500.0,-67.60681915283203,0.41940953968886663,-67.18740961314316,216.31321136275932
2244000,1122000.0,-67.57245635986328,0.38471101030381666,-67.18774534955946,198.41721804221334
2245000,1122500.0,-67.62124633789062,0.4353613277881008,-67.18588501010252,224.5404503361107
2246000,1123000.0,-67.65165710449219,0.46002386595836847,-67.19163323853383,237.26031559221525
2247000,1123500.0,-67.57258605957031,0.38365759205684524,-67.18892846751346,197.87391069617738
2248000,1124000.0,-67.57334899902344,0.38085043470797036,-67.19249856431547,196.4261009458647
2249000,1124500.0,-67.57821655273438,0.38572031470994983,-67.19249623802442,198.9377733865081
2250000,1125000.0,-67.6821517944336,0.49455355901686887,-67.18759823541673,255.06923047382608
2251000,1125500.0,-67.61414337158203,0.43052704525486873,-67.18361632632717,222.04713752263945
2252000,1126000.0,-67.61331176757812,0.4277694233896038,-67.18554234418852,220.62487602176338
2253000,1126500.0,-67.77010345458984,0.5902325504915383,-67.17987090409831,304.4162956864804
2254000,1127000.0,-67.60181427001953,0.4160368133045735,-67.18577745671496,214.57370568586038
2255000,1127500.0,-67.68299865722656,0.4972871519823175,-67.18571150524424,256.47909891256853
2256000,1128000.0,-67.53713989257812,0.35201915729633276,-67.18512073528179,181.5561811790696
2257000,1128500.0,-67.70780181884766,0.5291020914527786,-67.17869972739487,272.8878618874703
2258000,1129000.0,-67.58863067626953,0.40736802777244113,-67.1812626484971,210.10272288832638
2259000,1129500.0,-67.6143798828125,0.4408871073376151,-67.17349277547488,227.39040725536628
2260000,1130000.0,-67.59300231933594,0.41686311700063,-67.1761392023353,214.99987721783722
2261000,1130500.0,-67.62373352050781,0.4405339689252942,-67.18319955158252,227.20827381109282
2262000,1131000.0,-67.63066101074219,0.4513154879337174,-67.17934552280848,232.7689127078875
2263000,1131500.0,-67.57244110107422,0.3964950265088382,-67.17594607456537,204.49490142049314
2264000,1132000.0,-67.720703125,0.5486122538333457,-67.17209087116666,282.9503556540168
2265000,1132500.0,-67.61450958251953,0.44083877450595577,-67.17367080801357,227.36547928153374
2266000,1133000.0,-67.700927734375,0.5232406368321417,-67.17768709754286,269.86477835630495
2267000,1133500.0,-67.55302429199219,0.3797055994578725,-67.17331869253431,195.83564468296314
2268000,1134000.0,-67.68013763427734,0.5060431757764383,-67.1740944585009,260.9950754139139
2269000,1134500.0,-67.71586608886719,0.5383478539303601,-67.17751823493683,277.6564243157513
2270000,1135000.0,-67.52359771728516,0.3452027160625339,-67.17839500122263,178.04055706035643
2271000,1135500.0,-67.66261291503906,0.4786009303242108,-67.18401198471486,246.84155795892224
2272000,1136000.0,-67.69680786132812,0.5206146135536076,-67.17619324777452,268.51038968666603
2273000,1136500.0,-67.67362213134766,0.4962319187402723,-67.17739021260738,255.93485547096046
2274000,1137000.0,-67.6185531616211,0.44244412183955256,-67.17610903978154,228.19344766141506
2275000,1137500.0,-67.73004913330078,0.5630932606634415,-67.16695587263735,290.4190295747574
2276000,1138000.0,-67.68594360351562,0.5023840069872562,-67.18355959652837,259.1078351945008
2277000,1138500.0,-67.5426025390625,0.3591967662432266,-67.18340577281927,185.2580799064101
2278000,1139000.0,-67.53560638427734,0.36075226666039234,-67.17485411761695,186.06033941334178
2279000,1139500.0,-67.64688873291016,0.47392997261139813,-67.17295876029876,244.43248098907623
2280000,1140000.0,-67.6480712890625,0.46939973022802284,-67.17867155883448,242.09597887010545
2281000,1140500.0,-67.56196594238281,0.3814206040266077,-67.18054533835621,196.72016949858875
2282000,1141000.0,-67.65271759033203,0.47486024908756497,-67.17785734124446,244.9122771619629
2283000,1141500.0,-67.46385955810547,0.282891577797188,-67.18096798030828,145.90318023329405
2284000,1142000.0,-67.54550170898438,0.3620349744938852,-67.1834667344905,186.721904362267
2285000,1142500.0,-67.64916229248047,0.4637347453346789,-67.18542754714579,239.1742258849211
2286000,1143000.0,-67.59077453613281,0.4120003295513146,-67.1787742065815,212.49186280758735
2287000,1143500.0,-67.66820526123047,0.4903516886215976,-67.17785357260887,252.90208835396513
2288000,1144000.0,-67.52580261230469,0.34419343359226273,-67.18160917871242,177.5200130296259
2289000,1144500.0,-67.79183959960938,0.6084114273108672,-67.1834281722985,313.79217022351213
2290000,1145000.0,-67.60901641845703,0.4290616224629038,-67.17995479599412,221.29133613965405
2291000,1145500.0,-67.59305572509766,0.4117558977304532,-67.1812998273672,212.36579549836733
2292000,1146000.0,-67.72509765625,0.5524568521076182,-67.17264080414238,284.93323234233566
2293000,1146500.0,-67.53558349609375,0.35677677296540367,-67.17880672312835,184.00995255625372
2294000,1147000.0,-67.6544189453125,0.4751981690837171,-67.17922077622879,245.08656160862947
2295000,1147500.0,-67.51220703125,0.3367323749899191,-67.17547465626008,173.67192328985516
2296000,1148000.0,-67.63814544677734,0.4511645678068087,-67.18698087897053,232.69107466601767
2297000,1148500.0,-67.68609619140625,0.502388586455654,-67.1837076049506,259.11019708525845
2298000,1149000.0,-67.53421020507812,0.3537635549408925,-67.18044665013723,182.45586566566539
2299000,1149500.0,-67.7725830078125,0.5899938410850577,-67.18258916672744,304.2931797498791
2300000,1150000.0,-67.6740493774414,0.4896341995659291,-67.18441517787548,252.53203868398282
2301000,1150500.0,-67.6562271118164,0.47174153938713986,-67.18448557242927,243.30378225002647
2302000,1151000.0,-67.71571350097656,0.5341152408058115,-67.18159826017074,275.4734264323305
2303000,1151500.0,-67.71236419677734,0.525658681838236,-67.1867055149391,271.1119008725833
2304000,1152000.0,-67.59976196289062,0.4118387492387582,-67.18792321365187,212.40852670529458
2305000,1152500.0,-67.54100036621094,0.35949168015651395,-67.18150868605443,185.41018368475065
2306000,1153000.0,-67.5955810546875,0.40926403966827446,-67.18631701501923,211.08060341596996
2307000,1153500.0,-67.51658630371094,0.33658525457492317,-67.18000104913601,173.59604497423933
2308000,1154000.0,-67.56881713867188,0.3861213126794688,-67.18269582599241,199.1445907102174
2309000,1154500.0,-67.59756469726562,0.42138583264509316,-67.17617886462054,217.33249737201916
2310000,1155000.0,-67.65567779541016,0.47512537579419445,-67.18055241961596,245.04901799377993
2311000,1155500.0,-67.59046936035156,0.40902967347741387,-67.18143968687414,210.95972752121202
2312000,1156000.0,-67.55422973632812,0.36978405043482654,-67.1844456858933,190.71854092690594
2313000,1156500.0,-67.51077270507812,0.3373991055593588,-67.17337359951877,174.01579393880655
2314000,1157000.0,-67.57706451416016,0.39012008361761463,-67.18694443054254,201.20698295760423
2315000,1157500.0,-67.57298278808594,0.39649270594561814,-67.17649008214032,204.49370457484514
2316000,1158000.0,-67.56120300292969,0.37736913088072577,-67.18383387204896,194.63059574309943
2317000,1158500.0,-67.59638214111328,0.41540775512518585,-67.1809743859881,214.24926481830573
2318000,1159000.0,-67.63912200927734,0.45870416878666875,-67.18041784049068,236.57967315034688
2319000,1159500.0,-67.5770263671875,0.3977619830732635,-67.17926438411423,205.14834254944617
2320000,1160000.0,-67.52332305908203,0.33692983328337606,-67.18639322579865,173.7737636952965
2321000,1160500.0,-67.56758117675781,0.3865489411272186,-67.1810322356306,199.3651428771315
2322000,1161000.0,-67.7286605834961,0.5431747693068557,-67.18548581418924,280.1459374699838
2323000,1161500.0,-67.57356262207031,0.3939757151409402,-67.17958690692937,203.19555011623575
2324000,1162000.0,-67.47946166992188,0.2986601028522713,-67.18080156706961,154.03590009381406
2325000,1162500.0,-67.71920776367188,0.5397569739525391,-67.17945078971934,278.38318717722365
2326000,1163000.0,-67.65412902832031,0.4605925845100073,-67.1935364438103,237.55363590237755
2327000,1163500.0,-67.51212310791016,0.33412010114954716,-67.1780030067606,172.32462598281495
2328000,1164000.0,-67.60550689697266,0.4262097302471319,-67.17929716672552,219.82045408935133
2329000,1164500.0,-67.70384979248047,0.5194408788640948,-67.18440891361638,267.90502834899894
2330000,1165000.0,-67.6436538696289,0.4665727299989574,-67.17708113962995,240.63793502464108
2331000,1165500.0,-67.47078704833984,0.2927267634929912,-67.17806028484685,150.97574153885355
2332000,1166000.0,-67.59456634521484,0.40986964342119325,-67.18469670179365,211.39294750977476
2333000,1166500.0,-67.56678771972656,0.38945866646423627,-67.17732905326233,200.86585273771502
2334000,1167000.0,-67.69596099853516,0.5134810074849399,-67.18247999105022,264.8311857313742
2335000,1167500.0,-67.56266021728516,0.3855772613195041,-67.17708295596566,198.8639926653862
2336000,1168000.0,-67.59037017822266,0.40274845817538807,-67.18762172004728,207.72014967505706
2337000,1168500.0,-67.6219711303711,0.43792611579049706,-67.18404501458059,225.86325651184663
2338000,1169000.0,-67.53031158447266,0.34980257885409916,-67.18050900561856,180.4129663598914
2339000,1169500.0,-67.64836120605469,0.4679773923989546,-67.18038381365574,241.36239883833812
2340000,1170000.0,-67.62763214111328,0.4408824630706025,-67.18674967804267,227.38801194429954
2341000,1170500.0,-67.48518371582031,0.30673457185171865,-67.17844914396859,158.2003602551523
2342000,1171000.0,-67.75800323486328,0.5650500393285918,-67.19295319553468,291.4282509608489
2343000,1171500.0,-67.59217071533203,0.40791290590277185,-67.18425780942925,210.38374734537763
2344000,1172000.0,-67.6602554321289,0.48462703673744845,-67.17562839539146,249.94956172828844
2345000,1172500.0,-67.56431579589844,0.3838954178228629,-67.18042037807558,197.99657088943445
2346000,1173000.0,-67.50214385986328,0.32764340908166384,-67.17450045078162,168.98422971702934
2347000,1173500.0,-67.57361602783203,0.3932158380719509,-67.18040018976008,202.80363855133442
2348000,1174000.0,-67.69833374023438,0.5216130454399452,-67.17672069479443,269.02533745781324
2349000,1174500.0,-67.6646957397461,0.4846933886453101,-67.18000235110078,249.98378315844536
2350000,1175000.0,-67.57475280761719,0.4000120660043317,-67.17474074161285,206.30883752772672
2351000,1175500.0,-67.59700012207031,0.42537335203805715,-67.17162677003226,219.38908656143815
2352000,1176000.0,-67.57857513427734,0.40253368313916604,-67.17604145113818,207.60937804635208
2353000,1176500.0,-67.54882049560547,0.37038541030652256,-67.17843508529894,191.028696211232
2354000,1177000.0,-67.53548431396484,0.35555037345399015,-67.17993394051085,183.37742899247314
2355000,1177500.0,-67.56095123291016,0.37706040836026156,-67.18389082454989,194.47137008535412
2356000,1178000.0,-67.59547424316406,0.4143282873931852,-67.18114595577087,213.6925222801061
2357000,1178500.0,-67.5046157836914,0.325132773685339,-67.17948301000607,167.6893531018171
2358000,1179000.0,-67.5537338256836,0.3723512349529883,-67.1813825907306,192.04258312131162
2359000,1179500.0,-67.55104064941406,0.3751384870336727,-67.1759021623804,193.48012659945388
2360000,1180000.0,-67.6845474243164,0.5038649338199964,-67.18068249049641,259.87163288785075
2361000,1180500.0,-67.62516021728516,0.44604903141102076,-67.17911118587413,230.052703334653
2362000,1181000.0,-67.60586547851562,0.42228550652918384,-67.18357997198645,217.79651005802344
2363000,1181500.0,-67.6874008178711,0.5049546199567913,-67.1824461979143,260.43364563511074
2364000,1182000.0,-67.49942016601562,0.32149002922375414,-67.17793013679187,165.81058383671197
2365000,1182500.0,-67.5555419921875,0.3753453933772712,-67.18019659881023,193.58683989850834
2366000,1183000.0,-67.58241271972656,0.4062221925623834,-67.17619052716418,209.51175088953974
2367000,1183500.0,-67.68597412109375,0.5021376316919799,-67.18383648940177,258.98076552564874
2368000,1184000.0,-67.55021667480469,0.3678836609017487,-67.18233301390293,189.73840260424117
2369000,1184500.0,-67.6099624633789,0.4265875954708984,-67.18337486790801,220.01534054824276
2370000,1185000.0,-67.58882141113281,0.40284809440468855,-67.18597331672812,207.77153771154295
2371000,1185500.0,-67.6375961303711,0.4617768802284717,-67.17581925014262,238.1644441597535
2372000,1186000.0,-67.56987762451172,0.3967341115180824,-67.17314351299363,204.6182110766747
2373000,1186500.0,-67.48733520507812,0.30967045827471756,-67.1776647468034,159.71456286682
2374000,1187000.0,-67.60014343261719,0.4158772727863839,-67.1842661598308,214.49142162084445
2375000,1187500.0,-67.615234375,0.42012615925052027,-67.19510821574949,216.68281258552042
2376000,1188000.0,-67.67604064941406,0.48953892770465574,-67.1865017217094,252.4829015988325
2377000,1188500.0,-67.5988998413086,0.41913786697790817,-67.17976197433069,216.17309438642482
2378000,1189000.0,-67.50794982910156,0.33668277403289415,-67.17126705506867,173.6463412720768
2379000,1189500.0,-67.68912506103516,0.5006497198812719,-67.18847534115389,258.21336528425803
2380000,1190000.0,-67.70818328857422,0.5234066008441194,-67.18477668773009,269.95037538022615
2381000,1190500.0,-67.61465454101562,0.42781029496881307,-67.18684424604682,220.64595580587795
2382000,1191000.0,-67.59410095214844,0.4119519561018098,-67.18214899604662,212.46691388483552
2383000,1191500.0,-67.67465209960938,0.4805423575234143,-67.19410974208596,247.8428617261142
2384000,1192000.0,-67.66106414794922,0.4758388746968329,-67.18522527325239,245.41700971625727
2385000,1192500.0,-67.60502624511719,0.4165504514298838,-67.1884757936873,214.8386179061371
2386000,1193000.0,-67.64083862304688,0.45600776546101257,-67.18483085758587,235.18898551139952
2387000,1193500.0,-67.62025451660156,0.4311532366361837,-67.18910127996539,222.37009982035067
2388000,1194000.0,-67.50132751464844,0.31574018958924605,-67.18558732505919,162.8450664641601
2389000,1194500.0,-67.63396453857422,0.4518629448339716,-67.18210159374024,233.05126718238165
2390000,1195000.0,-67.62057495117188,0.432255329593042,-67.18831962157883,222.93851146614955
2391000,1195500.0,-67.72628021240234,0.541504812876562,-67.18477539952578,279.2846465261949
2392000,1196000.0,-67.55144500732422,0.3699324621665365,-67.18151254515769,190.7950852475571
2393000,1196500.0,-67.61476135253906,0.43423487058353544,-67.18052648195552,223.95947267031173
2394000,1197000.0,-67.67430877685547,0.4934003653249872,-67.18090841153048,254.47446328994357
2395000,1197500.0,-67.60364532470703,0.4185516745652963,-67.18509365014174,215.8707618182562
2396000,1198000.0,-67.62562561035156,0.44723099144871226,-67.17839461890286,230.66230694940427
2397000,1198500.0,-67.46088409423828,0.2883989938951984,-67.17248510034308,148.7436660824127
2398000,1199000.0,-67.63053894042969,0.44558758426420425,-67.18495135616548,229.81470895265562
2399000,1199500.0,-67.66655731201172,0.4850378939397693,-67.18151941807194,250.16146401575543
2400000,1200000.0,-67.6885986328125,0.5118934639366144,-67.17670516887588,264.01239977011244
2401000,1200500.0,-67.6984634399414,0.5240045435802851,-67.17445889636112,270.258768254568
2402000,1201000.0,-67.54129028320312,0.3610759023697822,-67.18021438083335,186.22725664574835
2403000,1201500.0,-67.53453063964844,0.36726572435278954,-67.16726491529565,189.4196977902712
2404000,1202000.0,-67.68863677978516,0.5150166813898607,-67.17362009839529,265.6232195850291
2405000,1202500.0,-67.58157348632812,0.41235902870657576,-67.16921445762155,212.6768642413774
2406000,1203000.0,-67.6078109741211,0.44104146222720836,-67.16676951189389,227.4700167985403
2407000,1203500.0,-67.57913208007812,0.4086090001122909,-67.17052307996583,210.74276248362122
2408000,1204000.0,-67.5353012084961,0.3659084223822854,-67.1693927861138,188.7196604276338
2409000,1204500.0,-67.4944839477539,0.3305820471462531,-67.16390190060766,170.49985150583203
2410000,1205000.0,-67.57987976074219,0.40063163610269925,-67.17924812463949,206.628384855481
2411000,1205500.0,-67.65496826171875,0.48436701039920427,-67.17060125131954,249.81545144480225
2412000,1206000.0,-67.58972930908203,0.41903896944929914,-67.17069033963273,216.12208733964871
2413000,1206500.0,-67.6705551147461,0.5032946169382952,-67.1672604978078,259.5774882285121
2414000,1207000.0,-67.65966033935547,0.4905895498247669,-67.1690707895307,253.02476682416474
2415000,1207500.0,-67.55664825439453,0.3857751829083588,-67.17087307148617,198.96607201845706
2416000,1208000.0,-67.48574829101562,0.3173080769738605,-67.16844021404177,163.65371463051488
2417000,1208500.0,-67.56175231933594,0.3871222895235866,-67.17463002981235,199.66085105997365
2418000,1209000.0,-67.5451431274414,0.37989989710131217,-67.1652432303401,195.9358549625
2419000,1209500.0,-67.6338882446289,0.45610398216502357,-67.17778426246389,235.2386099053673
2420000,1210000.0,-67.56668853759766,0.3954777396370809,-67.17121079796057,203.97022906737917
2421000,1210500.0,-67.58870697021484,0.41712059758901715,-67.17158637262582,215.1326745141956
2422000,1211000.0,-67.5478515625,0.3762032755353393,-67.17164828696465,194.02929822866506
2423000,1211500.0,-67.64044952392578,0.4668002017189281,-67.17364932220686,240.7552550509752
2424000,1212000.0,-67.66921997070312,0.5020578170095299,-67.1671621536936,258.939600581505
2425000,1212500.0,-67.5765609741211,0.40516583027167863,-67.17139514384941,208.966925133706
2426000,1213000.0,-67.5532455444336,0.38168106193779966,-67.1715644824958,196.85450236864355
2427000,1213500.0,-67.50717163085938,0.3315185157610048,-67.17565311509837,170.98284131466573
2428000,1214000.0,-67.6214370727539,0.44740286862726286,-67.17403420412664,230.75095372763406
2429000,1214500.0,-67.56753540039062,0.39842261280451596,-67.16911278758612,205.48906665122732
2430000,1215000.0,-67.66376495361328,0.4968690222415148,-67.16689593137177,256.26344576584614
2431000,1215500.0,-67.684814453125,0.5116934627649844,-67.17312099036002,263.909247858633
2432000,1216000.0,-67.6522445678711,0.48367366606694573,-67.16857090180415,249.45785457372898
2433000,1216500.0,-67.65084838867188,0.47442249546600873,-67.17642589320586,244.6865028704798
2434000,1217000.0,-67.61329650878906,0.4410004924144926,-67.17229601637457,227.44888634985273
2435000,1217500.0,-67.48756408691406,0.3204393059371689,-67.16712478097689,165.26866643410952
2436000,1218000.0,-67.55574035644531,0.38584251059507757,-67.16989784585023,199.00079671293722
2437000,1218500.0,-67.65652465820312,0.48693864595681624,-67.16958601224631,251.14178929189646
2438000,1219000.0,-67.7038803100586,0.5276610426673521,-67.17621926739125,272.144631557666
2439000,1219500.0,-67.48834228515625,0.3146567690688832,-67.17368551608736,162.28628524952714
2440000,1220000.0,-67.67324829101562,0.49990619423453314,-67.1733420967811,257.8298870722556
2441000,1220500.0,-67.78158569335938,0.611135002851248,-67.17045069050813,315.1968721098018
2442000,1221000.0,-67.62852478027344,0.452254514303935,-67.1762702659695,233.2532216958203
2443000,1221500.0,-67.59325408935547,0.4153281648440973,-67.17792592451137,214.20821561063082
2444000,1222000.0,-67.54916381835938,0.37042473336982407,-67.17873908498954,191.048977338146
2445000,1222500.0,-67.56739044189453,0.3870231800646303,-67.1803672618299,199.60973470873574
2446000,1223000.0,-67.51180267333984,0.33904232809567036,-67.17276034524417,174.86329670204103
2447000,1223500.0,-67.68563842773438,0.5161162740033655,-67.16952215373101,266.1903416624011
2448000,1224000.0,-67.54629516601562,0.37024469855851616,-67.1760504674571,190.9561232075032
2449000,1224500.0,-67.56790924072266,0.40070640276250225,-67.16720283796015,206.6669462489506
2450000,1225000.0,-67.68347930908203,0.5134621459441583,-67.17001716313787,264.82145776843674
2451000,1225500.0,-67.57283020019531,0.40179094186246467,-67.17103925833285,207.2263043783231
2452000,1226000.0,-67.68644714355469,0.5210808516776103,-67.16536629187708,268.7508550464611
2453000,1226500.0,-67.53826904296875,0.37359459378868537,-67.16467444918007,192.6838535674379
2454000,1227000.0,-67.78907775878906,0.6175552035103247,-67.17152255527874,318.5081325622665
2455000,1227500.0,-67.49266815185547,0.31871168379628684,-67.17395646805919,164.3776340231805
2456000,1228000.0,-67.60980224609375,0.4327945469596246,-67.17700769913412,223.21661634729884
2457000,1228500.0,-67.55146789550781,0.37270397625018414,-67.17876391925763,192.2245117508638
2458000,1229000.0,-67.5690689086914,0.392869646961581,-67.17619926172982,202.6250882234499
2459000,1229500.0,-67.6563949584961,0.47408560645161507,-67.18230935204448,244.51275015939368
2460000,1230000.0,-67.57074737548828,0.38714375890273295,-67.18360361658554,199.6719240325926
2461000,1230500.0,-67.66531372070312,0.4862394541415605,-67.17907426656157,250.78117654324814
2462000,1231000.0,-67.64401245117188,0.4626952118506868,-67.18131723932119,238.6380796961428
2463000,1231500.0,-67.52011108398438,0.346305580391959,-67.17380550359242,178.60936654659835
2464000,1232000.0,-67.6038818359375,0.4253443015284676,-67.17853753440903,219.37410357124267
2465000,1232500.0,-67.72909545898438,0.5541363991913785,-67.174959059793,285.7994697283347
2466000,1233000.0,-67.57759094238281,0.40943611131682545,-67.16815483106599,211.16935049337349
2467000,1233500.0,-67.586669921875,0.41513454062510513,-67.1715353812499,214.10835265415426
2468000,1234000.0,-67.57852935791016,0.4122146406247294,-67.16631471728543,212.60239514444203
2469000,1234500.0,-67.61241912841797,0.43854324712798215,-67.17387588128999,226.18154603273598
2470000,1235000.0,-67.59758758544922,0.4311785371800771,-67.16640904826914,222.3831487412285
2471000,1235500.0,-67.56656646728516,0.3944061189085354,-67.17216034837662,203.41753367249964
2472000,1236000.0,-67.63081359863281,0.4560482954069465,-67.17476530322587,235.2098890959194
2473000,1236500.0,-67.75667572021484,0.5869416067789026,-67.16973411343594,302.7189699570217
2474000,1237000.0,-67.65435028076172,0.48749815779612304,-67.1668521229656,251.4303611799983
2475000,1237500.0,-67.63337707519531,0.4608195862560348,-67.17255748893928,237.67071353657872
2476000,1238000.0,-67.66035461425781,0.48898389694447,-67.17137071731334,252.19664085657578
2477000,1238500.0,-67.57730865478516,0.4033978498132317,-67.17391080497192,208.0550776567102
2478000,1239000.0,-67.51995086669922,0.35066580192099545,-67.16928506477822,180.85817929868452
2479000,1239500.0,-67.6285400390625,0.4530634456346179,-67.17547659342789,233.6704333168096
2480000,1240000.0,-67.65464782714844,0.48258723188250274,-67.17206059526593,248.89751904214933
2481000,1240500.0,-67.7470474243164,0.5752834216813851,-67.17176400263502,296.70618479487155
2482000,1241000.0,-67.67291259765625,0.5085178004153196,-67.16439479724093,262.2713792456077
2483000,1241500.0,-67.68040466308594,0.5157033040405157,-67.16470135904542,265.97734970488233
2484000,1242000.0,-67.61982727050781,0.4563989779356246,-67.16342829257219,235.3907559021524
2485000,1242500.0,-67.60977172851562,0.4485780751946088,-67.16119365332102,231.35707419591378
2486000,1243000.0,-67.5617446899414,0.4021961743571895,-67.15954851558422,207.43530568608426
2487000,1243500.0,-67.59059143066406,0.4306848650860457,-67.15990656557801,222.1285341320822
2488000,1244000.0,-67.63438415527344,0.47407777636222526,-67.16030637891122,244.50871173961326
2489000,1244500.0,-67.62406158447266,0.467476828693487,-67.15658475577916,241.10422983554992
2490000,1245000.0,-67.55570220947266,0.3994100068610309,-67.15629220261162,205.99832158950005
2491000,1245500.0,-67.54110717773438,0.3885052643383073,-67.15260191339607,200.37412935981388
2492000,1246000.0,-67.48870849609375,0.3311831084525341,-67.15752538764121,170.80985280309386
2493000,1246500.0,-67.65638732910156,0.4962655982234741,-67.16012173087809,255.9522258845515
2494000,1247000.0,-67.6357421875,0.4816751478011854,-67.15406703969882,248.4271057158121
2495000,1247500.0,-67.49424743652344,0.3397766827928717,-67.15447075373056,175.24204493687802
2496000,1248000.0,-67.55467987060547,0.4030413060147251,-67.15163856459074,207.8711878622538
2497000,1248500.0,-67.62291717529297,0.47162818255135586,-67.15128899274161,243.24531772106857
2498000,1249000.0,-67.695068359375,0.5298445446217709,-67.16522381475323,273.2707869620652
2499000,1249500.0,-67.6070327758789,0.45306243571831184,-67.1539703401606,233.66991244587393
2500000,1250000.0,-67.56951904296875,0.4125503071414165,-67.15696873582733,212.77551734434573
2501000,1250500.0,-67.5843505859375,0.4261971772391321,-67.15815340869837,219.81397979342873
2502000,1251000.0,-67.47248840332031,0.31485285490134074,-67.15763554841897,162.38741779923762
2503000,1251500.0,-67.52149200439453,0.37072012007310867,-67.15077188432143,191.20132496101778
2504000,1252000.0,-67.50897216796875,0.35372275295745015,-67.1552494150113,182.4348217760225
2505000,1252500.0,-67.6628646850586,0.508901269427832,-67.15396341563076,262.46915589517124
2506000,1253000.0,-67.62506103515625,0.4695794656099625,-67.15548156954628,242.1886785680945
2507000,1253500.0,-67.62967681884766,0.47549321339924594,-67.15418360544841,245.2387326427784
2508000,1254000.0,-67.61004638671875,0.45340891053177557,-67.15663747618697,233.8486090954834
2509000,1254500.0,-67.52658081054688,0.3689659374304211,-67.15761487311646,190.29659379768265
2510000,1255000.0,-67.602783203125,0.4486886456081942,-67.1540945575168,231.41410160941064
2511000,1255500.0,-67.63069152832031,0.470543492202704,-67.1601480361176,242.6858815841959
2512000,1256000.0,-67.50621795654297,0.3472624395253888,-67.15895551701757,179.10287289871314
2513000,1256500.0,-67.71488189697266,0.5593353105910807,-67.15554658638158,288.48084226290865
2514000,1257000.0,-67.59947204589844,0.4442975068288255,-67.1551745390696,229.1493430833899
2515000,1257500.0,-67.58837890625,0.43849340656633007,-67.14988549968368,226.15584043730513
2516000,1258000.0,-67.64570617675781,0.48794818205633894,-67.15775799470147,251.66246413357123
2517000,1258500.0,-67.82327270507812,0.6610379184547103,-67.16223478662342,340.93462699863323
2518000,1259000.0,-67.65629577636719,0.5006325354633354,-67.15566324090385,258.2045023083896
2519000,1259500.0,-67.59123229980469,0.4372233474042125,-67.15400895240047,225.50079912331367
2520000,1260000.0,-67.63856506347656,0.48832375448199994,-67.15024130899457,251.85616806685394
2521000,1260500.0,-67.62177276611328,0.4671381652558614,-67.15463460085742,240.92956195408422
2522000,1261000.0,-67.59365844726562,0.4391098283876294,-67.154548618878,226.47376402058427
2523000,1261500.0,-67.61107635498047,0.45283984884745776,-67.15823650613301,233.5551118123992
2524000,1262000.0,-67.5485610961914,0.3856060094841146,-67.16295508670729,198.8788197191826
2525000,1262500.0,-67.64453125,0.49204805613156727,-67.15248319386843,253.77700098472025
2526000,1263000.0,-67.59371948242188,0.43377089354059717,-67.15994858888128,223.72017347785408
2527000,1263500.0,-67.63018035888672,0.46233820657325087,-67.16784215231347,238.45395189091235
2528000,1264000.0,-67.59025573730469,0.43166454035035867,-67.15859119695433,222.6338080528266
2529000,1264500.0,-67.58836364746094,0.4275343156433601,-67.16082933181758,220.50361766496977
2530000,1265000.0,-67.5111083984375,0.3515575742617707,-67.15955082417572,181.31811671207927
2531000,1265500.0,-67.4714126586914,0.3136533525850443,-67.15775930610636,161.7687666396392
2532000,1266000.0,-67.75666809082031,0.6005343969311029,-67.1561336938892,309.7295403207377
2533000,1266500.0,-67.67657470703125,0.5225126595257022,-67.15406204750555,269.4893193024361
2534000,1267000.0,-67.74787139892578,0.5925264263701473,-67.15534497255564,305.5993771636866
2535000,1267500.0,-67.72675323486328,0.567181810879106,-67.15957142398418,292.52772607132346
2536000,1268000.0,-67.61254119873047,0.4561133323275564,-67.15642786640291,235.24343231280642
2537000,1268500.0,-67.68119049072266,0.5226582089342943,-67.15853228178837,269.56438736123096
2538000,1269000.0,-67.51956939697266,0.3617669959886001,-67.15780240098405,186.5836926966539
2539000,1269500.0,-67.58221435546875,0.4287780781448061,-67.15343627732395,221.14509630434443
2540000,1270000.0,-67.614990234375,0.45672637728947707,-67.15826385708553,235.5596142587898
2541000,1270500.0,-67.57306671142578,0.41436237649062435,-67.15870433493515,213.71010395491726
2542000,1271000.0,-67.55944061279297,0.40399379915004807,-67.15544681364293,208.36244242230876
2543000,1271500.0,-67.64752960205078,0.4884230720105216,-67.15910653004026,251.90739173133014
2544000,1272000.0,-67.64401245117188,0.489082720315748,-67.15492973085613,252.24760965622374
2545000,1272500.0,-67.65275573730469,0.49817954305198703,-67.1545761942527,256.93935543943456
2546000,1273000.0,-67.54239654541016,0.3914877668792605,-67.15090877853089,201.91237453900024
2547000,1273500.0,-67.70667266845703,0.5504772520808207,-67.1561954163762,283.91224068981376
2548000,1274000.0,-67.55850982666016,0.40217254925153995,-67.15633727740861,207.42312088343138
2549000,1274500.0,-67.51936340332031,0.3624555240298347,-67.15690787929047,186.9388055341522
2550000,1275000.0,-67.58429718017578,0.42272725966984276,-67.16156992050594,218.0243471276247
2551000,1275500.0,-67.70008850097656,0.5395231384370289,-67.16056536253953,278.26258498174616
2552000,1276000.0,-67.54962158203125,0.3907795472274523,-67.1588420348038,201.5471056246439
2553000,1276500.0,-67.60722351074219,0.4438899099036881,-67.1633336008385,228.93912230518953
2554000,1277000.0,-67.65796661376953,0.49915425616214515,-67.15881235760739,257.44207009674085
2555000,1277500.0,-67.58336639404297,0.4218881501727951,-67.16147824387018,217.59157092008772
2556000,1278000.0,-67.58875274658203,0.4250280693524241,-67.16372467722961,219.2110047595491
2557000,1278500.0,-67.52375793457031,0.36351869197250264,-67.16023924259781,187.4871413494678
2558000,1279000.0,-67.59046936035156,0.42468661299361793,-67.16578274735795,219.03489641072997
2559000,1279500.0,-67.60028839111328,0.43847192576076655,-67.16181646535252,226.14476157143682
2560000,1280000.0,-67.595458984375,0.4400665294183413,-67.15539245495665,226.96718883018892
2561000,1280500.0,-67.46315002441406,0.31044003197927666,-67.15270999243478,160.1114755348938
2562000,1281000.0,-67.50323486328125,0.34370313777360456,-67.15953172550765,177.2671397565707
2563000,1281500.0,-67.64781951904297,0.4879517734728881,-67.15986774557008,251.66431643013001
2564000,1282000.0,-67.51297760009766,0.3587033960446469,-67.15427420405301,185.0036210018162
2565000,1282500.0,-67.4971694946289,0.3366928917171659,-67.16047660291174,173.6515595338693
2566000,1283000.0,-67.59832763671875,0.437407991015449,-67.1609196457033,225.59603027264285
2567000,1283500.0,-67.5811996459961,0.4260754087947247,-67.15512423720136,219.7511769223449
2568000,1284000.0,-67.68829345703125,0.531821642777459,-67.15647181425379,274.29048825821013
2569000,1284500.0,-67.57498931884766,0.4203316370250392,-67.15465768182261,216.78878909073495
2570000,1285000.0,-67.58390045166016,0.42575011589059203,-67.15815033576956,219.58340498091826
2571000,1285500.0,-67.5047836303711,0.3543208089106218,-67.15046282146047,182.74327304277514
2572000,1286000.0,-67.60337829589844,0.4544973831829167,-67.14888091271553,234.40999597958609
2573000,1286500.0,-67.6513671875,0.4942548164285019,-67.15711237107149,254.91515203128893
2574000,1287000.0,-67.49581909179688,0.34089101593870924,-67.15492807585817,175.81676954014503
2575000,1287500.0,-67.65315246582031,0.5015491720250693,-67.15160329379525,258.67726360625676
2576000,1288000.0,-67.51008605957031,0.3590045602915496,-67.15108149927876,185.15894843057114
2577000,1288500.0,-67.54867553710938,0.39135288483831837,-67.15732265227106,201.84280824479293
2578000,1289000.0,-67.57615661621094,0.4232218232572764,-67.15293479295366,218.27942153032004
2579000,1289500.0,-67.6610336303711,0.5097870582175854,-67.15124657215351,262.92600725301793
2580000,1290000.0,-67.59896850585938,0.4389540654259253,-67.16001444043344,226.3934282550159
2581000,1290500.0,-67.60053253173828,0.4431445470210613,-67.15738798471722,228.55469652676967
2582000,1291000.0,-67.58650970458984,0.4244640880132784,-67.16204561657656,218.92012769769264
2583000,1291500.0,-67.62080383300781,0.4565032721324533,-67.16430056087536,235.4445463158355
2584000,1292000.0,-67.5479736328125,0.38433285783539284,-67.16364077497711,198.22218343501248
2585000,1292500.0,-67.70732116699219,0.5466305800747854,-67.1606905869174,281.9282944607843
2586000,1293000.0,-67.59303283691406,0.43192089731262173,-67.16111193960144,222.76602583166743
2587000,1293500.0,-67.59708404541016,0.43935576637939744,-67.15772827903076,226.60060814729374
2588000,1294000.0,-67.54524230957031,0.3856973612070552,-67.15954494836326,198.9259349673657
2589000,1294500.0,-67.70411682128906,0.538370381465592,-67.16574643982347,277.6680430392875
2590000,1295000.0,-67.60476684570312,0.4459888397074215,-67.1587780059957,230.02165907010763
2591000,1295500.0,-67.67997741699219,0.5211986381941156,-67.15877877879807,268.81160421220346
2592000,1296000.0,-67.59724426269531,0.4320785429966481,-67.16516571969866,222.84733262357904
2593000,1296500.0,-67.63121032714844,0.4676433198014043,-67.16356700734703,241.19009871264709
2594000,1297000.0,-67.62612915039062,0.46415401935144024,-67.16197513103918,239.3904691994482
2595000,1297500.0,-67.62767791748047,0.4700879575958082,-67.15758995988466,242.4509366333071
2596000,1298000.0,-67.53771209716797,0.374971420623673,-67.1627406765443,193.3939610065475
2597000,1298500.0,-67.69223022460938,0.5222228796428018,-67.17000734496658,269.3398634338237
2598000,1299000.0,-67.6365737915039,0.47249658610836104,-67.16407720539554,243.6932025314951
2599000,1299500.0,-67.6024398803711,0.43640652819047304,-67.16603335218062,225.07951927508262
2600000,1300000.0,-67.6079330444336,0.44928435816908996,-67.1586486862645,231.72134425628053
2601000,1300500.0,-67.60664367675781,0.4431650441931449,-67.16347863256466,228.56526807724168
2602000,1301000.0,-67.65624237060547,0.4951626527903746,-67.1610797178151,255.3833745685594
2603000,1301500.0,-67.54931640625,0.3820067123340719,-67.16730969391593,197.02245868897774
2604000,1302000.0,-67.58503723144531,0.42593737875553006,-67.15909985268978,219.67998702746348
2605000,1302500.0,-67.62629699707031,0.4585911463690288,-67.16770585070128,236.52138109973257
2606000,1303000.0,-67.61507415771484,0.44955289687741545,-67.16552126083742,231.8598448502732
2607000,1303500.0,-67.7036361694336,0.5400890717049841,-67.16354709772861,278.55446876364397
2608000,1304000.0,-67.62467193603516,0.4611341746372492,-67.1635377613979,237.8329645503453
2609000,1304500.0,-67.63066101074219,0.47528143373396514,-67.15537957700822,245.12950589621414
2610000,1305000.0,-67.49021911621094,0.32848707988913206,-67.16173203632181,169.41935845022851
2611000,1305500.0,-67.5672836303711,0.4099981137806612,-67.15728551659043,211.4592069373549
2612000,1306000.0,-67.53207397460938,0.3741596177780494,-67.15791435683133,192.97526838295926
2613000,1306500.0,-67.50299072265625,0.34823944369094256,-67.1547512789653,179.6067691828141
2614000,1307000.0,-67.5970230102539,0.43883181060896576,-67.15819119964495,226.33037453410935
2615000,1307500.0,-67.5489501953125,0.3852423440806178,-67.16370785123188,198.69125691040554
2616000,1308000.0,-67.56392669677734,0.3957620687617993,-67.16816462801555,204.11687367183293
2617000,1308500.0,-67.52366638183594,0.3593961410595782,-67.16427024077636,185.36090877106076
2618000,1309000.0,-67.64204406738281,0.48402390953001545,-67.1580201578528,249.6384949290047
2619000,1309500.0,-67.4761734008789,0.3165521555832302,-67.15962124529568,163.26384323258165
2620000,1310000.0,-67.578125,0.4132478322713344,-67.16487716772866,213.13527048913758
2621000,1310500.0,-67.65776062011719,0.49958192350425407,-67.15817869661294,257.6626423236749
2622000,1311000.0,-67.54773712158203,0.3874856625272859,-67.16025145905475,199.84826306164396
2623000,1311500.0,-67.59832763671875,0.43303534313412445,-67.16529229358463,223.34080854814522
2624000,1312000.0,-67.5385971069336,0.38132054289834794,-67.15727656403524,196.66856231768745
2625000,1312500.0,-67.52569580078125,0.3687997925621482,-67.1568960082191,190.21090349594508
2626000,1313000.0,-67.61566162109375,0.46024257426674864,-67.155419046827,237.37311583174372
2627000,1313500.0,-67.5862808227539,0.4291858752682574,-67.15709494748565,221.3554203361337
2628000,1314000.0,-67.54529571533203,0.3929955265621432,-67.15230018876989,202.69001145019115
2629000,1314500.0,-67.56455993652344,0.40498392785708637,-67.15957600866635,208.87310777446262
2630000,1315000.0,-67.56350708007812,0.41332109874310585,-67.15018598133501,213.1730581508247
2631000,1315500.0,-67.53602600097656,0.3815198179898853,-67.15450618298668,196.7713397486134
2632000,1316000.0,-67.70267486572266,0.5449546913352121,-67.15772017438745,281.06394388971074
2633000,1316500.0,-67.51268768310547,0.3626313846393888,-67.15005629846608,187.02950679295782
2634000,1317000.0,-67.70845794677734,0.5584769471012286,-67.14998099967612,288.0381356827384
2635000,1317500.0,-67.61935424804688,0.4655239881626907,-67.15383025988419,240.0970395679912
2636000,1318000.0,-67.43598175048828,0.29350792072661164,-67.14247382976167,151.3786284877509
2637000,1318500.0,-67.67268371582031,0.525072378634022,-67.14761133718629,270.80951116292175
2638000,1319000.0,-67.55259704589844,0.3967609835174295,-67.15583606238101,204.63207048597383
2639000,1319500.0,-67.59615325927734,0.44373691195265946,-67.15241634732469,228.86021261194918
2640000,1320000.0,-67.59378051757812,0.4450057019134984,-67.14877481566462,229.51459932708568
2641000,1320500.0,-67.50607299804688,0.3574922195014864,-67.1485807785454,184.3789487834097
2642000,1321000.0,-67.68051147460938,0.5371824885445713,-67.1433289860648,277.05537950118173
2643000,1321500.0,-67.52857208251953,0.3860282974514268,-67.1425437850681,199.09661749840555
2644000,1322000.0,-67.56082153320312,0.40894475558466914,-67.15187677761845,210.91593056300405
2645000,1322500.0,-67.69583892822266,0.5420399385733695,-67.15379898964929,279.56064110191437
2646000,1323000.0,-67.70093536376953,0.5504835713458236,-67.15045179242371,283.91549989204185
2647000,1323500.0,-67.50248718261719,0.3536847711050027,-67.14880241151218,182.41523238737264
2648000,1324000.0,-67.60662841796875,0.45686966949347674,-67.14975874847528,235.63351814956303
2649000,1324500.0,-67.5998764038086,0.4532387249188659,-67.14663767888973,233.76083475328903
2650000,1325000.0,-67.56944274902344,0.4198046526151123,-67.14963809640832,216.51699343693565
2651000,1325500.0,-67.49590301513672,0.35239147982104674,-67.14351153531567,181.7482089546975
2652000,1326000.0,-67.56707763671875,0.41718678386058455,-67.14989085285816,215.16681051635115
2653000,1326500.0,-67.70206451416016,0.5470530309280058,-67.15501148323214,282.146176249479
2654000,1327000.0,-67.59295654296875,0.44115492944854046,-67.1518016135202,227.52853825956615
2655000,1327500.0,-67.70509338378906,0.5527447672124401,-67.15234861657662,285.08172643946585
2656000,1328000.0,-67.70960235595703,0.5546767525449461,-67.15492560341208,286.07816050219634
2657000,1328500.0,-67.58368682861328,0.4259805572927066,-67.15770627132058,219.70225664022797
2658000,1329000.0,-67.65180969238281,0.49729184585680486,-67.154517846526,256.4815198090146
2659000,1329500.0,-67.59609985351562,0.4450856819763554,-67.15101417153927,229.55584956725528
2660000,1330000.0,-67.4866714477539,0.33298485690094765,-67.15368659085296,171.7391163416231
2661000,1330500.0,-67.59161376953125,0.4413942147454754,-67.15021955478578,227.65195121543331
2662000,1331000.0,-67.5711898803711,0.414837912359121,-67.15635196801198,213.9553646872053
2663000,1331500.0,-67.71302795410156,0.563523276071912,-67.14950467802964,290.64081283226443
2664000,1332000.0,-67.52314758300781,0.37290724879990905,-67.15024033420791,192.32935089697742
2665000,1332500.0,-67.61150360107422,0.4598063966750476,-67.15169720439917,237.14815438795938
2666000,1333000.0,-67.60809326171875,0.45521409706674887,-67.152879164652,234.77964584962726
2667000,1333500.0,-67.6205062866211,0.4689950099151775,-67.15151127670592,241.88724172349632
2668000,1334000.0,-67.5246810913086,0.3741107204555603,-67.15057037085303,192.95004926929175
2669000,1334500.0,-67.50480651855469,0.35100070194018596,-67.15380581661451,181.03090617249453
2670000,1335000.0,-67.51303100585938,0.3582914555272888,-67.15473955033208,184.7911599875382
2671000,1335500.0,-67.65699768066406,0.49773326874253304,-67.15926441192153,256.7091865474768
2672000,1336000.0,-67.50438690185547,0.3517038980255823,-67.15268300382989,181.39358414963982
2673000,1336500.0,-67.60901641845703,0.4562414707653594,-67.15277494769167,235.30952054961844
2674000,1337000.0,-67.59588623046875,0.44548004851733514,-67.15040618195141,229.7592466883523
2675000,1337500.0,-67.6661148071289,0.5159138219912037,-67.1502009851377,266.08592571389875
2676000,1338000.0,-67.68272399902344,0.5304189077221183,-67.15230509130132,273.5670184851168
2677000,1338500.0,-67.59537506103516,0.45013001922636486,-67.14524504180879,232.15749947382582
2678000,1339000.0,-67.59099578857422,0.4350115112138801,-67.15598427736033,224.36003015154898
2679000,1339500.0,-67.76677703857422,0.6103831798644466,-67.15639385870978,314.8091144904305
2680000,1340000.0,-67.52996826171875,0.3740408019570782,-67.15592745976167,192.91398834671102
2681000,1340500.0,-67.65291595458984,0.4988355692163524,-67.15408038537349,257.2777052215047
2682000,1341000.0,-67.53346252441406,0.3839112815082492,-67.14955124290582,198.00475268885776
2683000,1341500.0,-67.559326171875,0.40379246827519033,-67.15553370359981,208.25860470769868
2684000,1342000.0,-67.47968292236328,0.32316744368912353,-67.15651547867415,166.6757213108371
2685000,1342500.0,-67.59837341308594,0.4451820706553604,-67.15319134243057,229.60556265845022
2686000,1343000.0,-67.58586120605469,0.43012697818089146,-67.1557342278738,221.84080031439012
2687000,1343500.0,-67.558349609375,0.4062613932402736,-67.15208821613473,209.53196889537796
2688000,1344000.0,-67.6086654663086,0.45683475256272316,-67.15183071374587,235.6155095143092
2689000,1344500.0,-67.49171447753906,0.330849597232481,-67.16086488030658,170.63784221151616
2690000,1345000.0,-67.57384490966797,0.4206072695986289,-67.15323764006934,216.93094839210323
2691000,1345500.0,-67.56572723388672,0.41787993885272007,-67.147847295034,215.5243097340184
2692000,1346000.0,-67.53658294677734,0.38167722158860984,-67.15490572518874,196.8525216834483
2693000,1346500.0,-67.54861450195312,0.39601200260272224,-67.15260249935041,204.24577868386095
2694000,1347000.0,-67.5695571899414,0.4076605025721923,-67.16189668736921,210.25356867791854
2695000,1347500.0,-67.5633544921875,0.4082196539222441,-67.15513483826525,210.54195464133093
2696000,1348000.0,-67.54273223876953,0.385248185191567,-67.15748405357796,198.6942695015552
2697000,1348500.0,-67.6548080444336,0.5023789705112434,-67.15242907392235,259.1052375990787
2698000,1349000.0,-67.56194305419922,0.4078304723282866,-67.15411258187093,210.34123169054956
2699000,1349500.0,-67.67504119873047,0.5151817291164157,-67.15985946961405,265.70834402875477
2700000,1350000.0,-67.64808654785156,0.4940217431866682,-67.1540648046649,254.79494298344233
2701000,1350500.0,-67.68338775634766,0.5237368983138362,-67.15965085803381,270.1207284590627
2702000,1351000.0,-67.59929656982422,0.44910109686232297,-67.1501954729619,231.6268260395163
2703000,1351500.0,-67.56756591796875,0.41409006607180254,-67.15347585189694,213.56965807658415
2704000,1352000.0,-67.51537322998047,0.35511730216042925,-67.16025592782005,183.1540696422574
2705000,1352500.0,-67.58975219726562,0.4287658425383301,-67.1609863547273,221.1387857103323
2706000,1353000.0,-67.62007904052734,0.4566890092421193,-67.16339003128522,235.54034144412682
2707000,1353500.0,-67.64696502685547,0.4845877670801193,-67.16237725977535,249.92930814585378
2708000,1354000.0,-67.50851440429688,0.347424408981714,-67.16108999531517,179.1864097044481
2709000,1354500.0,-67.74044036865234,0.5873470573849793,-67.15309331126737,302.92808375713815
2710000,1355000.0,-67.61028289794922,0.441976677691632,-67.16830622025759,227.95236028690178
2711000,1355500.0,-67.62565612792969,0.4589217975373815,-67.1667343303923,236.69191660095237
2712000,1356000.0,-67.6396484375,0.4741261423775224,-67.16552229512247,244.5336568281239
2713000,1356500.0,-67.49695587158203,0.3325742432323089,-67.16438162834972,171.52733965824441
2714000,1357000.0,-67.6987075805664,0.5339211169371229,-67.16478646362928,275.37330577825725
2715000,1357500.0,-67.61113739013672,0.4439514068597538,-67.16718598327697,228.97083976222564
2716000,1358000.0,-67.69854736328125,0.5365588176536829,-67.16198854562757,276.733717162882
2717000,1358500.0,-67.6650619506836,0.505165318733345,-67.15989663195025,260.54231490624926
2718000,1359000.0,-67.67005157470703,0.5079452928993888,-67.16210628180764,261.97610475234706
2719000,1359500.0,-67.4729232788086,0.3164961649469121,-67.15642711386168,163.23496569594477
2720000,1360000.0,-67.49547576904297,0.33205193993840704,-67.16342382910456,171.25795832063088
2721000,1360500.0,-67.63381958007812,0.472839232857804,-67.16098034722032,243.86992483206558
2722000,1361000.0,-67.63258361816406,0.46872926323345593,-67.1638543549306,241.75018113547335
2723000,1361500.0,-67.56819152832031,0.40712774622703946,-67.16106378209328,209.978796110801
2724000,1362000.0,-67.60812377929688,0.4431685570041044,-67.16495522229278,228.56707983245383
2725000,1362500.0,-67.70903778076172,0.5430819805640252,-67.1659558001977,280.0980810694001
2726000,1363000.0,-67.6447982788086,0.48154588186744,-67.16325239694116,248.36043596559847
2727000,1363500.0,-67.54813385009766,0.38694731908895746,-67.1611865310087,199.57060891470377
2728000,1364000.0,-67.6528549194336,0.4832853642254848,-67.16956955520811,249.25758536104775
2729000,1364500.0,-67.51622009277344,0.3500988391560978,-67.16612125361733,180.56576454700982
2730000,1365000.0,-67.57762908935547,0.4209566837421806,-67.15667240561329,217.11116102041711
2731000,1365500.0,-67.62427520751953,0.4549511221390721,-67.16932408538045,234.6440148118691
2732000,1366000.0,-67.51213073730469,0.35455996057048633,-67.1575707767342,182.86661707444978
2733000,1366500.0,-67.67179870605469,0.5018908210796202,-67.16990788497506,258.8534713391657
2734000,1367000.0,-67.46029663085938,0.29358541444926955,-67.1667112164101,151.41859638171206
2735000,1367500.0,-67.6732177734375,0.506656469504014,-67.16656130393349,261.3113856624098
2736000,1368000.0,-67.47325134277344,0.30157080945152237,-67.17168053332192,155.537116046808
2737000,1368500.0,-67.57494354248047,0.4006717267722726,-67.1742718157082,206.64906188034678
2738000,1369000.0,-67.60708618164062,0.43876714963921637,-67.1683190320014,226.29702521633584
2739000,1369500.0,-67.56600952148438,0.3973661166998791,-67.16864340478449,204.9441718799835
2740000,1370000.0,-67.67408752441406,0.5014755988918036,-67.17261192552226,258.63931778189965
2741000,1370500.0,-67.5799560546875,0.41363151680993054,-67.16632453787757,213.33315829768753
2742000,1371000.0,-67.73908996582031,0.5693671187602133,-67.1697228470601,293.6548128942158
2743000,1371500.0,-67.64928436279297,0.4781453508189846,-67.17113901197398,246.60658985142607
2744000,1372000.0,-67.55973052978516,0.3950877441945682,-67.16464278559059,203.7690863688861
2745000,1372500.0,-67.54222869873047,0.37983402138141825,-67.16239467734906,195.90187912939984
2746000,1373000.0,-67.70297241210938,0.5372130773992939,-67.16575933471007,277.07115590293427
2747000,1373500.0,-67.64913940429688,0.4802717061589379,-67.16886769813793,247.70327151590334
2748000,1374000.0,-67.42920684814453,0.26828687805822765,-67.1609199700863,138.37071088634747
2749000,1374500.0,-67.5986328125,0.44251427221341677,-67.15611854028658,228.22962817523964
2750000,1375000.0,-67.61825561523438,0.4500505828876133,-67.16820503234676,232.11652966291737
2751000,1375500.0,-67.63678741455078,0.469910628404428,-67.16687678614635,242.359477943826
2752000,1376000.0,-67.59892272949219,0.43533070351514824,-67.16359202597704,224.52465566717459
2753000,1376500.0,-67.56967163085938,0.4060924842072208,-67.16357914665215,209.44485295758852
2754000,1377000.0,-67.56594848632812,0.40184982606491837,-67.1640986602632,207.2566742906068
2755000,1377500.0,-67.6419906616211,0.4788047447221748,-67.16318591689893,246.9466765668067
2756000,1378000.0,-67.53152465820312,0.3595068111214945,-67.17201784708163,185.41798757883564
2757000,1378500.0,-67.60523986816406,0.4310366458856555,-67.17420322227841,222.3099673787265
2758000,1379000.0,-67.58039093017578,0.4173554489406035,-67.16303548123518,215.2538006337689
2759000,1379500.0,-67.62104797363281,0.452977133940899,-67.16807083969191,233.62591749663932
2760000,1380000.0,-67.56847381591797,0.39786747872414585,-67.17060633719382,205.2027526209102
2761000,1380500.0,-67.67990112304688,0.5143599278084294,-67.16554119523845,265.28449463285284
2762000,1381000.0,-67.60518646240234,0.4349090514326558,-67.17027741096969,224.3071858497036
2763000,1381500.0,-67.6219253540039,0.4567787124680696,-67.16514664153584,235.58660646921257
2764000,1382000.0,-67.5776596069336,0.40540730330157154,-67.17225230363202,209.0914664271453
2765000,1382500.0,-67.66278839111328,0.4916201597505364,-67.17116823136274,253.55631062946523
2766000,1383000.0,-67.57847595214844,0.41284690152799985,-67.16562905062044,212.9284878377723
2767000,1383500.0,-67.6174087524414,0.45358669053528006,-67.16382206190613,233.94030029426412
2768000,1384000.0,-67.5936508178711,0.42678954942248487,-67.16686126844861,220.11949961874808
2769000,1384500.0,-67.53291320800781,0.3626888705328435,-67.17022433747496,187.05915551823588
2770000,1385000.0,-67.63690948486328,0.46347794991883673,-67.17343153494444,239.04178197078107
2771000,1385500.0,-67.5951919555664,0.4296732671015855,-67.16551868846481,221.60679585977437
2772000,1386000.0,-67.74183654785156,0.5714985648555708,-67.17033798299599,294.7541201490661
2773000,1386500.0,-67.58049774169922,0.4142869638637788,-67.16621077783545,213.67120939972338
2774000,1387000.0,-67.67487335205078,0.5019206622447426,-67.17295268980604,258.86886211511995
2775000,1387500.0,-67.55976104736328,0.393849622407782,-67.1659114249555,203.13051696496504
2776000,1388000.0,-67.57918548583984,0.4170047745430966,-67.16218071129674,215.0729380212406
2777000,1388500.0,-67.56884765625,0.40075849362686194,-67.16808916262313,206.69381245271094
2778000,1389000.0,-67.66254425048828,0.49037399543499754,-67.17217025505329,252.91359323877387
2779000,1389500.0,-67.7191162109375,0.549950182360686,-67.16916602857681,283.64040103671726
2780000,1390000.0,-67.64789581298828,0.4802087018698812,-67.1676871111184,247.6707766420252
2781000,1390500.0,-67.60452270507812,0.441497039979816,-67.1630256650983,227.704984002112
2782000,1391000.0,-67.64813995361328,0.4811213799264233,-67.16701857368686,248.14149631496684
2783000,1391500.0,-67.5340805053711,0.3653328205045963,-67.1687476848665,188.42278999707153
2784000,1392000.0,-67.6337661743164,0.46920745956801607,-67.1645587147484,241.99681402052252
2785000,1392500.0,-67.60505676269531,0.43741094397836344,-67.16764581871695,225.59755328256657
2786000,1393000.0,-67.60830688476562,0.4383843858012439,-67.16992249896438,226.09961226515028
2787000,1393500.0,-67.70571899414062,0.5341189113123456,-67.17160008282828,275.47531952006597
2788000,1394000.0,-67.59364318847656,0.42250451031256797,-67.171138678164,217.90946269071645
2789000,1394500.0,-67.63128662109375,0.45900298151952373,-67.17228363957423,236.7337877703622
2790000,1395000.0,-67.6570053100586,0.4883937735424809,-67.16861153651611,251.89228085494284
2791000,1395500.0,-67.66014099121094,0.48877915067783234,-67.17136184053311,252.09104163133216
2792000,1396000.0,-67.5826644897461,0.41135903891361164,-67.17130545083248,212.16111296970502
2793000,1396500.0,-67.70336151123047,0.5315221623728388,-67.17183934885763,274.136029282118
2794000,1397000.0,-67.62368774414062,0.46085289349144704,-67.16283485064918,237.68789196093925
2795000,1397500.0,-67.48368072509766,0.3172395677047134,-67.16644115739294,163.61838052717448
2796000,1398000.0,-67.67866516113281,0.5027489888943656,-67.17591617223844,259.2960769986208
2797000,1398500.0,-67.67835235595703,0.5097109510867073,-67.16864140487033,262.88675450282994
2798000,1399000.0,-67.61468505859375,0.4435613955381591,-67.1711236630556,228.7696888739922
2799000,1399500.0,-67.57398223876953,0.4046730377705825,-67.16930920099895,208.7127641803651
2800000,1400000.0,-67.58605194091797,0.41201865613883976,-67.17403328477913,212.50131486488635
2801000,1400500.0,-67.63277435302734,0.4618917501528156,-67.17088260287453,238.22368907402574
2802000,1401000.0,-67.59878540039062,0.4238328747349947,-67.17495252565563,218.5945753237966
2803000,1401500.0,-67.58892059326172,0.4171720324156616,-67.17174856084605,215.1592023622164
2804000,1402000.0,-67.44903564453125,0.27542315789888205,-67.17361248663236,142.05129385701719
2805000,1402500.0,-67.63539123535156,0.4656394344985184,-67.16975180085305,240.15658177025364
2806000,1403000.0,-67.64743041992188,0.4751509349092073,-67.17227948501267,245.06220027440264
2807000,1403500.0,-67.67478942871094,0.5039962164529919,-67.17079321225795,259.9393427638838
2808000,1404000.0,-67.61283874511719,0.445497697974307,-67.16734104714288,229.7683495111427
2809000,1404500.0,-67.62926483154297,0.45827031348525615,-67.17099451805771,236.35590944295737
2810000,1405000.0,-67.57164001464844,0.3994368202299329,-67.1722031944185,206.0121507597639
2811000,1405500.0,-67.66271209716797,0.49733170617127354,-67.16538039099669,256.5020780267296
2812000,1406000.0,-67.63737487792969,0.47402455943969374,-67.16335031848999,244.48126476399088
2813000,1406500.0,-67.62913513183594,0.4669122681190424,-67.16222286371689,240.81305402930212
2814000,1407000.0,-67.6056900024414,0.44263296342772634,-67.16305703901368,228.2908439447877
2815000,1407500.0,-67.7561264038086,0.5927232699862555,-67.16340313382234,305.70090054526776
2816000,1408000.0,-67.64281463623047,0.4734941903394786,-67.16932044589099,244.20772343405304
2817000,1408500.0,-67.55259704589844,0.3935966199260572,-67.15900042597238,203.00002928138676
2818000,1409000.0,-67.57652282714844,0.41242129395174737,-67.16410153319669,212.7089779485414
2819000,1409500.0,-67.59952545166016,0.4294945376511236,-67.17003091400903,221.51461497751978
2820000,1410000.0,-67.59672546386719,0.42798612577348655,-67.1687393380937,220.73664169262156
2821000,1410500.0,-67.63116455078125,0.4647144525669589,-67.16645009821428,239.67951629335346
2822000,1411000.0,-67.49571990966797,0.32938213721329646,-67.16633777245467,169.88099011527692
2823000,1411500.0,-67.61680603027344,0.4444059457020131,-67.17240008457142,229.20527114099482
2824000,1412000.0,-67.47367858886719,0.3061752597250148,-67.16750332914218,157.91189137013077
2825000,1412500.0,-67.57415771484375,0.40042616994239333,-67.17373154490136,206.52241434037273
2826000,1413000.0,-67.51544189453125,0.33557381742844544,-67.17986807710281,173.07438965517224
2827000,1413500.0,-67.60096740722656,0.4231939682661693,-67.17777343896039,218.2650551365958
2828000,1414000.0,-67.56800842285156,0.39803163153576576,-67.16997679131579,205.28741550640885
2829000,1414500.0,-67.6194076538086,0.4504334573962407,-67.16897419641235,232.31399969321657
2830000,1415000.0,-67.50562286376953,0.3378622119231415,-67.1677606518464,174.25464407279892
2831000,1415500.0,-67.6966323852539,0.5223540063327542,-67.17427837892116,269.40749288121305
2832000,1416000.0,-67.56990051269531,0.3951990383848949,-67.17470147431042,203.8264870749679
2833000,1416500.0,-67.58379364013672,0.41291150433403206,-67.17088213580269,212.96180715722852
2834000,1417000.0,-67.56603240966797,0.3897366646684237,-67.17629574499955,201.00923212852592
2835000,1417500.0,-67.62333679199219,0.45384509029324144,-67.16949170169895,234.07357165833812
2836000,1418000.0,-67.65799713134766,0.48505409679644257,-67.17294303455121,250.16982074498682
2837000,1418500.0,-67.64810943603516,0.4744889618251344,-67.17362047421003,244.72078332962417
2838000,1419000.0,-67.61061096191406,0.43738468916134104,-67.17322627275273,225.5840121890853
2839000,1419500.0,-67.4752197265625,0.3056323382575762,-67.16958738830492,157.63187607475493
2840000,1420000.0,-67.66303253173828,0.48937819839637525,-67.1736543333419,252.40000440755725
2841000,1420500.0,-67.61077880859375,0.4430435923199285,-67.16773521627383,228.50262847981872
2842000,1421000.0,-67.51937103271484,0.3519210233764398,-67.16745000933841,181.50556796847977
2843000,1421500.0,-67.59569549560547,0.42021822732181874,-67.17547726828364,216.73029729505117
2844000,1422000.0,-67.67166137695312,0.49551238060311886,-67.17614899635001,255.56374897380948
2845000,1422500.0,-67.59693145751953,0.4321421489690825,-67.16478930855045,222.88013781959185
2846000,1423000.0,-67.56277465820312,0.39599120647080926,-67.16678345173231,204.23505294290297
2847000,1423500.0,-67.68323516845703,0.5062091340140809,-67.17702603444295,261.0806694596841
2848000,1424000.0,-67.76072692871094,0.5830899866588711,-67.17763694205206,300.73247170585773
2849000,1424500.0,-67.72582244873047,0.5476687750651538,-67.17815367366532,282.46375031272777
2850000,1425000.0,-67.52488708496094,0.354585334708063,-67.17030175025288,182.87970395175077
2851000,1425500.0,-67.43287658691406,0.25900983985426324,-67.1738667470598,133.58601779776578
2852000,1426000.0,-67.76547241210938,0.5882736842747731,-67.17719872783461,303.4059976319992
2853000,1426500.0,-67.48177337646484,0.3135832147939729,-67.16819016167086,161.73259261547227
2854000,1427000.0,-67.56362915039062,0.3945579517586111,-67.16907119863201,203.4958424573084
2855000,1427500.0,-67.64155578613281,0.47687767993082836,-67.16467810620199,245.95278030533996
2856000,1428000.0,-67.56522369384766,0.3939743597242326,-67.17124933412343,203.19485105120978
2857000,1428500.0,-67.65348815917969,0.48104371277413704,-67.17244444640555,248.10143897354132
2858000,1429000.0,-67.50752258300781,0.3355616196761262,-67.17196096333168,173.06809858468887
2859000,1429500.0,-67.62407684326172,0.4526442471092417,-67.17143259615247,233.45422893745783
2860000,1430000.0,-67.5713882446289,0.4000709946539183,-67.17131724997499,206.33923036390973
2861000,1430500.0,-67.62210083007812,0.4549777840942756,-67.16712304598384,234.65776588952835
2862000,1431000.0,-67.58234405517578,0.41942226826608786,-67.16292178690969,216.3197762096554
2863000,1431500.0,-67.4286117553711,0.25959115659392384,-67.16902059877717,133.8858357057423
2864000,1432000.0,-67.71427154541016,0.5409702712518831,-67.17330127415828,279.0089531894931
2865000,1432500.0,-67.6379165649414,0.46886167282866564,-67.16905489211274,241.81847224963423
2866000,1433000.0,-67.60986328125,0.4388503427868249,-67.17101293846318,226.33993262596684
2867000,1433500.0,-67.63298797607422,0.46567775593232846,-67.16731022014189,240.17634630021075
2868000,1434000.0,-67.64251708984375,0.472838252940447,-67.1696788369033,243.86941943328395
2869000,1434500.0,-67.54788208007812,0.37454827926827416,-67.17333380080986,193.17572308684112
2870000,1435000.0,-67.85212707519531,0.6829937128083147,-67.169133362387,352.25847143996793
2871000,1435500.0,-67.48715209960938,0.3147898577772616,-67.17236224183212,162.35492662074347
2872000,1436000.0,-67.49622344970703,0.32412924187324393,-67.1720942078338,167.17177501062727
2873000,1436500.0,-67.55290985107422,0.3817048730931053,-67.17120497798112,196.86678312762257
2874000,1437000.0,-67.60345458984375,0.4345943976517873,-67.16886019219196,224.14490110563796
2875000,1437500.0,-67.59585571289062,0.41987121441733105,-67.1759844984733,216.5513231214791
2876000,1438000.0,-67.52877044677734,0.3594399860478495,-67.1693304607295,185.38352211033333
2877000,1438500.0,-67.62825012207031,0.45748591443930114,-67.17076420763101,235.95135050815992
2878000,1439000.0,-67.46704864501953,0.2899982791204924,-67.17705036589904,149.5685078903148
2879000,1439500.0,-67.53437805175781,0.3665849554834571,-67.16779309627435,189.06858679639552
2880000,1440000.0,-67.61571502685547,0.44489356377184347,-67.17082146308363,229.45676334759023
2881000,1440500.0,-67.6473159790039,0.47150697378257306,-67.17580900522134,243.18280350634618
2882000,1441000.0,-67.6023178100586,0.4356949837740831,-67.16662282628451,224.71253559166252
2883000,1441500.0,-67.66321563720703,0.49431971047492507,-67.1688959267321,254.9486215598803
2884000,1442000.0,-67.5589370727539,0.3911608876760343,-67.16777618507787,201.74378445344803
2885000,1442500.0,-67.72249603271484,0.5511278977314842,-67.17136813498335,284.24781543677506
2886000,1443000.0,-67.5719223022461,0.40661784852967575,-67.16530445371642,209.71581304068525
2887000,1443500.0,-67.59135437011719,0.4237038778084308,-67.16765049230875,218.52804431579503
2888000,1444000.0,-67.62830352783203,0.45812800729554787,-67.17017552053649,236.28251409549952
2889000,1444500.0,-67.64344787597656,0.4757569756599196,-67.16769090031664,245.37476975267566
2890000,1445000.0,-67.56704711914062,0.39756950787759743,-67.16947761126303,205.0490722092601
2891000,1445500.0,-67.59282684326172,0.4224309554956428,-67.17039588776608,217.8715263131317
2892000,1446000.0,-67.61363983154297,0.44467269073068977,-67.16896714081228,229.34284663298507
2893000,1446500.0,-67.55921936035156,0.38609855314652697,-67.17312080720504,199.13285233234592
2894000,1447000.0,-67.5904769897461,0.4157527314917607,-67.17472425825433,214.4271886341384
2895000,1447500.0,-67.63683319091797,0.4671756567277887,-67.16965753419018,240.94889842577567
2896000,1448000.0,-67.59527587890625,0.4263031274955211,-67.16897275141073,219.86862433065411
2897000,1448500.0,-67.6560287475586,0.4785154809533356,-67.17751326660526,246.79748688739474
2898000,1449000.0,-67.46652221679688,0.2938041965025698,-67.17271802029431,151.53143465566507
2899000,1449500.0,-67.54013061523438,0.36629073412407703,-67.1738398811103,188.9168402072592
2900000,1450000.0,-67.66181945800781,0.4886058950607955,-67.17321356294701,252.00168391444362
2901000,1450500.0,-67.6361312866211,0.4631763819958272,-67.17295490462527,238.8862463434356
2902000,1451000.0,-67.60125732421875,0.41988679587725297,-67.1813705283415,216.55935936127455
2903000,1451500.0,-67.66847229003906,0.4887014409611769,-67.17977084907788,252.05096233705504
2904000,1452000.0,-67.65837097167969,0.47888069294023655,-67.17949027873945,246.98584735667094
2905000,1452500.0,-67.51724243164062,0.33628021323196483,-67.18096221840867,173.43871790785292
2906000,1453000.0,-67.58292388916016,0.4047459067377528,-67.1781779824224,208.75034682645605
2907000,1453500.0,-67.52413940429688,0.34525729083713586,-67.17888211345974,178.0687043570591
2908000,1454000.0,-67.57051086425781,0.39047335076573664,-67.18003751349208,201.3891827982085
2909000,1454500.0,-67.58028411865234,0.3974402627564873,-67.18284385589585,204.98241319329912
2910000,1455000.0,-67.6114501953125,0.43606938937766704,-67.17538080593484,224.90563772883263
2911000,1455500.0,-67.606201171875,0.42596654237932147,-67.18023462949567,219.69502835704785
2912000,1456000.0,-67.6535873413086,0.4741093206390598,-67.17947802066953,244.52498090656465
2913000,1456500.0,-67.68848419189453,0.5068101130194945,-67.18167407887503,261.39062830973563
2914000,1457000.0,-67.67904663085938,0.5029790507543469,-67.17606758010503,259.4147329065945
2915000,1457500.0,-67.63809967041016,0.46007906127415127,-67.178020609136,237.2887829370878
2916000,1458000.0,-67.65100860595703,0.47440254377154784,-67.17660606218548,244.67621265365696
2917000,1458500.0,-67.6576919555664,0.4775111960428708,-67.18018075952354,246.27952038079843
2918000,1459000.0,-67.6377182006836,0.464088567010733,-67.17362963367286,239.35671172693077
2919000,1459500.0,-67.45220947265625,0.2783609056181071,-67.17384856703815,143.56645644437899
2920000,1460000.0,-67.63422393798828,0.45609880418953974,-67.17812513379874,235.23593933066817
2921000,1460500.0,-67.73628997802734,0.5584194539847724,-67.17787052404258,288.0084832321501
2922000,1461000.0,-67.51041412353516,0.3327855385401436,-67.177628584995,171.63631659429004
2923000,1461500.0,-67.59131622314453,0.4178594689409196,-67.17345675420361,215.5137522432156
2924000,1462000.0,-67.68370056152344,0.5079825634755534,-67.17571799804789,261.9953272956051
2925000,1462500.0,-67.64065551757812,0.46299276847443405,-67.17766274910369,238.79154646967584
2926000,1463000.0,-67.54115295410156,0.36492738740919667,-67.17622556669237,188.21368522820123
2927000,1463500.0,-67.63511657714844,0.4491757786625478,-67.18594079848589,231.66534366610384
2928000,1464000.0,-67.62288665771484,0.44614367431674695,-67.1767429833981,230.101516031869
2929000,1464500.0,-67.5150146484375,0.3332044049422948,-67.1818102434952,171.85234967891782
2930000,1465000.0,-67.6249771118164,0.4433241702899167,-67.1816529415265,228.64733840170274
2931000,1465500.0,-67.5960464477539,0.4154904830136393,-67.18055596474026,214.29193226748654
2932000,1466000.0,-67.7277603149414,0.5475376198253404,-67.18022269511607,282.396106140561
2933000,1466500.0,-67.54988098144531,0.3736398922237948,-67.17624108922152,192.70721653141698
2934000,1467000.0,-67.55175018310547,0.37302158315564093,-67.17872859994982,192.38831958823752
2935000,1467500.0,-67.73336791992188,0.5546085994208102,-67.17875932050106,286.04301008297324
2936000,1468000.0,-67.62014770507812,0.4538135424384466,-67.16633416263967,234.05730064603034
2937000,1468500.0,-67.62364959716797,0.4544297834323934,-67.16921981373558,234.3751309664205
2938000,1469000.0,-67.67025756835938,0.49799354939019114,-67.17226401896919,256.8434279927054
2939000,1469500.0,-67.50057220458984,0.32929034257601886,-67.17128186201383,169.8336464311296
2940000,1470000.0,-67.6014404296875,0.42588127954629784,-67.1755591501412,219.65105349363654
2941000,1470500.0,-67.58289337158203,0.40843110746710015,-67.17446226411494,210.6510131891546
2942000,1471000.0,-67.53473663330078,0.3739522428066805,-67.1607843904941,192.86831338606925
2943000,1471500.0,-67.5452651977539,0.37136819592176185,-67.17389700183215,191.53557431579597
2944000,1472000.0,-67.63810729980469,0.46140153198574346,-67.17670576781894,237.9708558502836
2945000,1472500.0,-67.75019073486328,0.5695471081015208,-67.18064362676176,293.7476435734087
2946000,1473000.0,-67.6488037109375,0.4776036193331669,-67.17120009160433,246.32718829684893
2947000,1473500.0,-67.69803619384766,0.519695876616559,-67.1783403172311,268.0365451065022
2948000,1474000.0,-67.57119750976562,0.3976486420862714,-67.17354886767936,205.08988619460627
2949000,1474500.0,-67.68498992919922,0.5092519053453508,-67.17573802385387,262.6499986613942
2950000,1475000.0,-67.6894760131836,0.5131167377395601,-67.17635927544403,264.64331122932106
2951000,1475500.0,-67.57081604003906,0.3964312309890456,-67.17438480905001,204.46199846419142
2952000,1476000.0,-67.60051727294922,0.4294901006569852,-67.17102717229223,221.51232656879262
2953000,1476500.0,-67.6036148071289,0.43279446805947025,-67.17082033906944,223.21657565402853
2954000,1477000.0,-67.51546478271484,0.3435665192771714,-67.17189826343767,177.1966778740944
2955000,1477500.0,-67.49656677246094,0.3148939276832647,-67.18167284477768,162.40860135496732
2956000,1478000.0,-67.69175720214844,0.5226556866780474,-67.16910151547039,269.56308649108615
2957000,1478500.0,-67.53392028808594,0.3650497267235672,-67.16887056136237,188.27678252919978
2958000,1479000.0,-67.65399932861328,0.4794886758342683,-67.17451065277902,247.29941850805486
2959000,1479500.0,-67.65872192382812,0.4844512327842486,-67.17427069104387,249.85888969036787
2960000,1480000.0,-67.62630462646484,0.4518357327332008,-67.17446889373164,233.03723236355034
2961000,1480500.0,-67.5853042602539,0.41316746595203147,-67.17213679430188,213.0938210346814
2962000,1481000.0,-67.59746551513672,0.42344833952144245,-67.17401717561528,218.396248774078
2963000,1481500.0,-67.59657287597656,0.42526713643579084,-67.17130573954077,219.33430517034222
2964000,1482000.0,-67.58171081542969,0.41162206444056826,-67.17008875098912,212.29677010437243
2965000,1482500.0,-67.56587219238281,0.3817103303830991,-67.18416186199971,196.8695977606058
2966000,1483000.0,-67.6123275756836,0.4340232835397528,-67.17830429214384,223.85034526954414
2967000,1483500.0,-67.581787109375,0.40224988441586684,-67.17953722495913,207.463006999897
2968000,1484000.0,-67.60626220703125,0.43032912466013484,-67.17593308237112,221.9450586822929
2969000,1484500.0,-67.6747055053711,0.49818048715513663,-67.17652501821595,256.9398423668046
2970000,1485000.0,-67.6533203125,0.4692800610429246,-67.18404025145708,242.0342587057311
2971000,1485500.0,-67.64212036132812,0.4643746046588442,-67.17774575666928,239.50423751349132
2972000,1486000.0,-67.66497802734375,0.485628744352443,-67.17934928299131,250.46619897790075
2973000,1486500.0,-67.55923461914062,0.3806485118373545,-67.17858610730327,196.32195790557307
2974000,1487000.0,-67.72914123535156,0.5571075219022936,-67.17203371344927,287.3318456858002
2975000,1487500.0,-67.57508087158203,0.3923946419031644,-67.18268622967886,202.38010125993
2976000,1488000.0,-67.72789001464844,0.5408428169305992,-67.18704719771785,278.9432177902472
2977000,1488500.0,-67.71065521240234,0.5323329638185078,-67.17832224858384,274.5542054271345
2978000,1489000.0,-67.64323425292969,0.4652779713180167,-67.17795628161167,239.97015477238008
2979000,1489500.0,-67.60325622558594,0.4272077479459436,-67.17604847764,220.33518824057492
2980000,1490000.0,-67.64125061035156,0.45751411406222914,-67.18373649628933,235.96589464799828
2981000,1490500.0,-67.66333770751953,0.49609216513075144,-67.16724554238878,255.86277663341798
2982000,1491000.0,-67.67855072021484,0.49815629472633133,-67.18039442548852,256.92736496352614
2983000,1491500.0,-67.59400939941406,0.4163708950530215,-67.17763850436104,214.7460105311867
2984000,1492000.0,-67.44569396972656,0.27113966531630224,-67.17455430441026,139.8420545605678
2985000,1492500.0,-67.53800201416016,0.3535447047795146,-67.18445730938065,182.34299226452617
2986000,1493000.0,-67.61921691894531,0.4406758474318525,-67.17854107151346,227.28144857817074
2987000,1493500.0,-67.62362670898438,0.44382560379028285,-67.17980110519409,228.90595600689488
2988000,1494000.0,-67.61101531982422,0.43585940158601405,-67.1751559182382,224.79733515280364
2989000,1494500.0,-67.58645629882812,0.4112546822600243,-67.1752016165681,212.1072903435404
2990000,1495000.0,-67.53984832763672,0.3560129348958214,-67.1838353927409,183.61599807940743
2991000,1495500.0,-67.57048797607422,0.39062734076470046,-67.17986063530952,201.46860414665548
2992000,1496000.0,-67.53547668457031,0.3622856217294942,-67.17319106284081,186.8511773122671
2993000,1496500.0,-67.67616271972656,0.5017976211119128,-67.17436509861464,258.805402846664
2994000,1497000.0,-67.60160827636719,0.4242793873160179,-67.17732888905117,218.82486710587347
2995000,1497500.0,-67.71344757080078,0.5274883685275632,-67.18595920227322,272.0555737414686
2996000,1498000.0,-67.56816101074219,0.3921008576501075,-67.17606015309208,202.2285801112368
2997000,1498500.0,-67.60140991210938,0.43517463694915015,-67.16623527516022,224.44416331570721
2998000,1499000.0,-67.6311264038086,0.4568607341601201,-67.17426566964848,235.62890969298283
2999000,1499500.0,-67.60690307617188,0.42749190752724514,-67.17941116864463,220.48174540190328
3000000,1500000.0,-67.51252746582031,0.3434795095543304,-67.16904795626598,177.15180204084203
3001000,1500500.0,-67.61844635009766,0.4476422341306974,-67.17080411596696,230.87440805052762
3002000,1501000.0,-67.60057067871094,0.4216631942081797,-67.17890748450276,217.47554841102115
3003000,1501500.0,-67.5635986328125,0.38564285828939837,-67.1779557745231,198.89782473135213
3004000,1502000.0,-67.55564880371094,0.38053794092164955,-67.17511086278928,196.2649302331048
3005000,1502500.0,-67.67141723632812,0.4857644008353951,-67.18565283549273,250.53616469563647
3006000,1503000.0,-67.54946899414062,0.3740136557277229,-67.1754553384129,192.8999875014928
3007000,1503500.0,-67.59211730957031,0.4111671478562213,-67.1809501617141,212.0621439026526
3008000,1504000.0,-67.50888061523438,0.33007691007664347,-67.17880370515773,170.23932376059597
3009000,1504500.0,-67.4901123046875,0.30806327410623136,-67.18204903058127,158.88564712733887
3010000,1505000.0,-67.69285583496094,0.5151727230879071,-67.17768311187304,265.70369911068786
3011000,1505500.0,-67.63150024414062,0.4554822886422449,-67.17601795549838,234.91796740759423
3012000,1506000.0,-67.64330291748047,0.4657364867761249,-67.17756643070435,240.2066371167646
3013000,1506500.0,-67.72962951660156,0.5517246149576369,-67.17790490164393,284.55557624631774
3014000,1507000.0,-67.55660247802734,0.38010494584487675,-67.17649753218247,196.0416101921957
3015000,1507500.0,-67.72334289550781,0.5448138114550258,-67.17852908405278,280.99128417071125
3016000,1508000.0,-67.6312484741211,0.45788798871995934,-67.17336048540113,236.15872294637404
3017000,1508500.0,-67.63233947753906,0.46012160707486277,-67.1722178704642,237.31072621188486
3018000,1509000.0,-67.68046569824219,0.5095176074380243,-67.17094809080416,262.7870362523242
3019000,1509500.0,-67.54320526123047,0.3593414954329556,-67.18386376579751,185.3327249319654
3020000,1510000.0,-67.6781234741211,0.4986056525654023,-67.17951782155569,257.15912420603786
3021000,1510500.0,-67.5733413696289,0.38883560351705154,-67.18450576611185,200.54450395035397
3022000,1511000.0,-67.69786071777344,0.5151427661544483,-67.18271795161898,265.6882486264575
3023000,1511500.0,-67.53634643554688,0.35509205399296967,-67.1812543815539,183.14104773486767
3024000,1512000.0,-67.68912506103516,0.5072913767764642,-67.18183368425869,261.6388432379413
3025000,1512500.0,-67.60914611816406,0.4180456058549339,-67.19110051230913,215.60975357321266
3026000,1513000.0,-67.59503936767578,0.40968600055857607,-67.1853533671172,211.29823250308692
3027000,1513500.0,-67.61592102050781,0.43264997065420563,-67.1832710498536,223.1420501728257
3028000,1514000.0,-67.58709716796875,0.40829098770917244,-67.17880618025957,210.57874550817814
3029000,1514500.0,-67.61958312988281,0.43722995958214894,-67.18235317030066,225.5042093973017
3030000,1515000.0,-67.67163848876953,0.4853185662715713,-67.18631992249796,250.30622260536165
3031000,1515500.0,-67.63945770263672,0.4552331256105784,-67.18422457702614,234.78945994547823
3032000,1516000.0,-67.63987731933594,0.45183060289008425,-67.18804671644585,233.03458661343424
3033000,1516500.0,-67.56676483154297,0.38332226169260825,-67.18344256985036,197.70096186909691
3034000,1517000.0,-67.61470794677734,0.42881345034736795,-67.18589449642998,221.16333974900905
3035000,1517500.0,-67.70970153808594,0.5235006843352374,-67.1862008537507,269.99889955570166
3036000,1518000.0,-67.58879852294922,0.40754115401075003,-67.18125736893847,210.19201387729038
3037000,1518500.0,-67.73023986816406,0.5508104073328717,-67.17942946083119,284.08406768856776
3038000,1519000.0,-67.63932800292969,0.4571255190320231,-67.18220248389767,235.76547422130545
3039000,1519500.0,-67.51971435546875,0.34110239232758116,-67.17861196314117,175.92578829426557
3040000,1520000.0,-67.64935302734375,0.4667755575671034,-67.18257746977665,240.742544668597
3041000,1520500.0,-67.71442413330078,0.5313975078772718,-67.18302662542351,274.0717379112853
3042000,1521000.0,-67.55593872070312,0.37359406189683414,-67.18234465880629,192.68357924073916
3043000,1521500.0,-67.65978240966797,0.4759978772290845,-67.18378453243888,245.4990163115094
3044000,1522000.0,-67.66327667236328,0.48012606694075494,-67.18315060542253,247.62815713722497
3045000,1522500.0,-67.69105529785156,0.5041232164898615,-67.1869320813617,260.0048438629738
3046000,1523000.0,-67.5555191040039,0.37208066052175004,-67.18343844348216,191.9030325899212
3047000,1523500.0,-67.58843994140625,0.4094499995179488,-67.1789899418883,211.1765134238764
3048000,1524000.0,-67.63109588623047,0.4494354242821138,-67.18166046194835,231.7992575914434
3049000,1524500.0,-67.69322204589844,0.5119776249396819,-67.18124442095876,264.05580635752233
3050000,1525000.0,-67.5425033569336,0.35817902558085285,-67.18432433135274,184.7331735078197
3051000,1525500.0,-67.5071792602539,0.3338114680634422,-67.17336779219046,172.16544645142497
3052000,1526000.0,-67.66034698486328,0.48136359751234464,-67.17898338735094,248.26642161804423
3053000,1526500.0,-67.66460418701172,0.4834435740940491,-67.18116061291767,249.33918313482232
3054000,1527000.0,-67.6607894897461,0.48488973875431146,-67.17589975099179,250.08505201051062
3055000,1527500.0,-67.72225952148438,0.5479462599100094,-67.17431326157437,282.606864935108
3056000,1528000.0,-67.6712875366211,0.4969328972178811,-67.17435463940322,256.296389702395
3057000,1528500.0,-67.6211166381836,0.44069817073316075,-67.18041846745044,227.29296196672595
3058000,1529000.0,-67.65452575683594,0.484784225937186,-67.16974153089875,250.03063308544452
3059000,1529500.0,-67.61906433105469,0.44404129634804745,-67.17502303470664,229.01720085333235
3060000,1530000.0,-67.6299057006836,0.45884963357869674,-67.1710560671049,236.6546975675958
3061000,1530500.0,-67.6126937866211,0.4336173515708243,-67.17907643505026,223.64098320339068
3062000,1531000.0,-67.58341979980469,0.4031694011834282,-67.18025039862125,207.93725378274473
3063000,1531500.0,-67.69752502441406,0.5234669541760849,-67.17405807023798,269.9815030056578
3064000,1532000.0,-67.5787353515625,0.40377189727504753,-67.17496345428745,208.24799507992262
3065000,1532500.0,-67.57440185546875,0.4038241352887821,-67.17057772017996,208.2749371769348
3066000,1533000.0,-67.63958740234375,0.4678792002533255,-67.17170820209043,241.31175559744432
3067000,1533500.0,-67.53776550292969,0.36279255508978553,-67.1749729478399,187.11263150616284
3068000,1534000.0,-67.58377075195312,0.4151969250289579,-67.16857382692417,214.1405278181869
3069000,1534500.0,-67.64097595214844,0.4670582830737807,-67.17391766907465,240.88836219656477
3070000,1535000.0,-67.62224578857422,0.4474930559530456,-67.17475273262117,230.79746843037248
3071000,1535500.0,-67.5840072631836,0.4111825109670343,-67.17282475221656,212.07006752746796
3072000,1536000.0,-67.523681640625,0.34809534397760666,-67.1755862966474,179.53244881382284
3073000,1536500.0,-67.69554901123047,0.516573694720301,-67.17897531651016,266.42625938687064
3074000,1537000.0,-67.66677856445312,0.49082580532448516,-67.17595275912863,253.1466171423146
3075000,1537500.0,-67.54241180419922,0.3682219320812498,-67.17418987211796,189.91286817601534
3076000,1538000.0,-67.64799499511719,0.46632902286326133,-67.18166597225392,240.51224147653164
3077000,1538500.0,-67.63961029052734,0.46124912195322854,-67.17836116857411,237.89224937985935
3078000,1539000.0,-67.55192565917969,0.38299734348979636,-67.1689283156899,197.5333831823255
3079000,1539500.0,-67.67393493652344,0.49791205957689477,-67.17602287694655,256.80139908887895
3080000,1540000.0,-67.58682250976562,0.412908011608391,-67.17391449815723,212.96000576115063
3081000,1540500.0,-67.55238342285156,0.3646443588671872,-67.18773906398438,188.06771140778025
3082000,1541000.0,-67.49488067626953,0.32063630101210366,-67.17424437525743,165.37026793157045
3083000,1541500.0,-67.6448745727539,0.4670454386687138,-67.17782913408519,240.88173761070024
3084000,1542000.0,-67.5610580444336,0.3755899290101965,-67.18546811542339,193.71296074947884
3085000,1542500.0,-67.62169647216797,0.44278714863486657,-67.1789093235331,228.37036597312752
3086000,1543000.0,-67.5458755493164,0.3697237104175634,-67.17615183889885,190.68742016861904
3087000,1543500.0,-67.50824737548828,0.33291569644514624,-67.17533167904314,171.70344638450956
3088000,1544000.0,-67.5877456665039,0.4013317770262016,-67.1864138894777,206.9894871129109
3089000,1544500.0,-67.66165924072266,0.4873509132976846,-67.17430832742497,251.354418867536
3090000,1545000.0,-67.54364776611328,0.36533576198502815,-67.17831200412826,188.42430708482982
3091000,1545500.0,-67.52703857421875,0.35297885900666365,-67.17405971521208,182.05115360880023
3092000,1546000.0,-67.5873794555664,0.40883524184609105,-67.17854421372031,210.85944813654865
3093000,1546500.0,-67.65435028076172,0.4721992113805566,-67.18215106938116,243.53982957198346
3094000,1547000.0,-67.6727523803711,0.49398766915594494,-67.17876471121515,254.77736907938834
3095000,1547500.0,-67.55366516113281,0.3803561462953966,-67.17330901483741,196.17116846640192
3096000,1548000.0,-67.54312896728516,0.37709770382999624,-67.16603126345515,194.49060546763366
3097000,1548500.0,-67.61617279052734,0.44259204996086476,-67.17358074056648,228.2697425568427
3098000,1549000.0,-67.75309753417969,0.5728599311823029,-67.18023760299738,295.4562537299928
3099000,1549500.0,-67.51197052001953,0.33816578980682954,-67.17380473021271,174.4112163505015
3100000,1550000.0,-67.63246154785156,0.46003657511561813,-67.17242497273594,237.26687042313404
3101000,1550500.0,-67.63908386230469,0.4669777072478842,-67.17210615505681,240.8468046877136
3102000,1551000.0,-67.52295684814453,0.3470285959629543,-67.17592825218158,178.98226655298186
3103000,1551500.0,-67.55352783203125,0.37262160601358757,-67.18090622601767,192.18202876296579
3104000,1552000.0,-67.58216094970703,0.4069332425811715,-67.17522770712586,209.8784795841653
3105000,1552500.0,-67.64154052734375,0.4620726815533208,-67.17946784579043,238.31700562640717
3106000,1553000.0,-67.64920043945312,0.4754648106482992,-67.17373562880482,245.22408373833673
3107000,1553500.0,-67.67902374267578,0.500328758030263,-67.17869498464552,258.0478271117878
3108000,1554000.0,-67.54302215576172,0.3649949394526229,-67.17802721630909,188.24852563611967
3109000,1554500.0,-67.5869369506836,0.4029750271768502,-67.18396192350674,207.83700411842017
3110000,1555000.0,-67.57002258300781,0.39020751522384656,-67.17981506778396,201.25207637997286
3111000,1555500.0,-67.51831817626953,0.3445761218740561,-67.17374205439548,177.71738701221824
3112000,1556000.0,-67.75585174560547,0.583947867564552,-67.17190387804092,301.1749293900875
3113000,1556500.0,-67.52681732177734,0.344600032205815,-67.18221728957153,177.72971892210123
3114000,1557000.0,-67.72801208496094,0.544863768915846,-67.18314831604509,281.01705005765206
3115000,1557500.0,-67.49685668945312,0.3162421503348399,-67.18061453911828,163.10395599952452
3116000,1558000.0,-67.61360168457031,0.43310056387167056,-67.18050112069864,223.37444656981853
3117000,1558500.0,-67.67721557617188,0.49871972245158275,-67.17849585372029,257.2179564953982
3118000,1559000.0,-67.57191467285156,0.39747041391951776,-67.17444425893204,204.99796385270062
3119000,1559500.0,-67.53291320800781,0.3534438488026083,-67.1794693592052,182.2909751352403
3120000,1560000.0,-67.70760345458984,0.5280315188143104,-67.17957193577553,272.33570705189845
3121000,1560500.0,-67.63471221923828,0.45038873379841426,-67.18432348543986,232.29093320532334
3122000,1561000.0,-67.55758666992188,0.3787664391863023,-67.17882023073557,195.35126663453255
3123000,1561500.0,-67.65054321289062,0.4696895987018237,-67.1808536141888,242.24548043005376
3124000,1562000.0,-67.63259887695312,0.4555018429660986,-67.17709703398702,234.92805267792917
3125000,1562500.0,-67.61527252197266,0.4358423857367911,-67.17943013623587,224.78855911735104
3126000,1563000.0,-67.66121673583984,0.4794517503882175,-67.18176498545162,247.2803739679088
3127000,1563500.0,-67.6691665649414,0.4936744534815324,-67.17549211145987,254.61582604812682
3128000,1564000.0,-67.57827758789062,0.39750171305981546,-67.18077587483081,205.01410658888088
3129000,1564500.0,-67.6931381225586,0.5133215807871303,-67.17981654177146,264.7489603699632
3130000,1565000.0,-67.57913970947266,0.4018439520702125,-67.17729575740245,207.25364473944472
3131000,1565500.0,-67.61589813232422,0.4397118651263395,-67.17618626719788,226.78426840349684
3132000,1566000.0,-67.71600341796875,0.5315243010854235,-67.18447911688332,274.1371323371122
3133000,1566500.0,-67.65746307373047,0.4742528501378708,-67.1832102235926,244.59900718368777
3134000,1567000.0,-67.62611389160156,0.4447845994541743,-67.18132929214738,229.40056428855965
3135000,1567500.0,-67.46337127685547,0.2896519508698919,-67.17371932598557,149.38988683146
3136000,1568000.0,-67.68436431884766,0.5028050684321795,-67.18155925041548,259.3250003867852
3137000,1568500.0,-67.71882629394531,0.5404068967021296,-67.17841939724319,278.7183890832316
3138000,1569000.0,-67.60794830322266,0.43548276829363725,-67.17246553492902,224.6030840705784
3139000,1569500.0,-67.6311264038086,0.4535420220388792,-67.17758438176972,233.9172622252913
3140000,1570000.0,-67.5518569946289,0.3779713290058029,-67.1738856656231,194.94118336208564
3141000,1570500.0,-67.62751007080078,0.4464947005562577,-67.18101537024452,230.2825601092104
3142000,1571000.0,-67.51052856445312,0.32544932674578975,-67.18507923770734,167.85261741174102
3143000,1571500.0,-67.68360137939453,0.5025471401112451,-67.18105423928328,259.1919721694391
3144000,1572000.0,-67.49554443359375,0.3152907736060714,-67.18025365998768,162.6132772334469
3145000,1572500.0,-67.68231201171875,0.4998346801133266,-67.18247733160543,257.79300319682574
3146000,1573000.0,-67.6439437866211,0.45897127723744124,-67.18497250938366,236.7174360796584
3147000,1573500.0,-67.61882781982422,0.4336593478718268,-67.1851684719524,223.6626430701213
3148000,1574000.0,-67.69046783447266,0.5082972677831973,-67.18217056668946,262.1576380991854
3149000,1574500.0,-67.58186340332031,0.39480765535120205,-67.18705574796911,203.62462871725432
3150000,1575000.0,-67.6561279296875,0.46936070745656583,-67.18676722223094,242.07585262067298
3151000,1575500.0,-67.55364227294922,0.36889821236916853,-67.18474406058004,190.26166415468944
3152000,1576000.0,-67.60819244384766,0.42584140938807824,-67.18235103445957,219.6304901989427
3153000,1576500.0,-67.59265899658203,0.4080984664274057,-67.18456053015463,210.47945139878442
3154000,1577000.0,-67.63309478759766,0.4458068917519307,-67.18728789584573,229.9278182228482
3155000,1577500.0,-67.57146453857422,0.38918149701099847,-67.18228304156322,200.72290078062315
3156000,1578000.0,-67.54124450683594,0.35434068396590473,-67.18690382287004,182.75352373244104
3157000,1578500.0,-67.62886047363281,0.4423983834476917,-67.18646209018512,228.1698577868659
3158000,1579000.0,-67.56041717529297,0.3814168323682328,-67.17900034292474,196.71822424113026
3159000,1579500.0,-67.63746643066406,0.4541777227520132,-67.18328870791206,234.24512902304133
3160000,1580000.0,-67.61808776855469,0.4311347345928974,-67.18695303396179,222.36055727059608
3161000,1580500.0,-67.7120132446289,0.5259746824551984,-67.1860385621737,271.2748802561673
3162000,1581000.0,-67.59930419921875,0.42461108886630805,-67.17469311035244,218.99594434844286
3163000,1581500.0,-67.64244079589844,0.46172008369527123,-67.18072071220317,238.1351509765322
3164000,1582000.0,-67.71874237060547,0.5372403436153317,-67.18150202699013,277.0852186320682
3165000,1582500.0,-67.6143569946289,0.42710386730148586,-67.18725312732742,220.28161111923012
3166000,1583000.0,-67.62954711914062,0.44856265954942137,-67.1809844595912,231.34912347615142
3167000,1583500.0,-67.67137908935547,0.4883530836568124,-67.18302600569865,251.8712947804595
3168000,1584000.0,-67.6010971069336,0.4242718725128124,-67.17682523442078,218.82099129700336
3169000,1584500.0,-67.65886688232422,0.4799654998621356,-67.17890138246209,247.54534361695775
3170000,1585000.0,-67.57445526123047,0.4043433885291707,-67.1701118727013,208.54274542951364
3171000,1585500.0,-67.58959197998047,0.42026802363516425,-67.16932395634531,216.7559800691287
3172000,1586000.0,-67.6093978881836,0.43522812478431677,-67.17416976339928,224.47175001629185
3173000,1586500.0,-67.59229278564453,0.41637878641831344,-67.17591399922622,214.75008055441413
3174000,1587000.0,-67.74370574951172,0.5711267276492011,-67.17257902186252,294.56234267954636
3175000,1587500.0,-67.74486541748047,0.5735758073538227,-67.17128961012665,295.8254715444335
3176000,1588000.0,-67.54496002197266,0.3698246919699042,-67.17513533000275,190.73950206425604
3177000,1588500.0,-67.65277099609375,0.4815071314129615,-67.17126386468078,248.34045016542748
3178000,1589000.0,-67.72041320800781,0.547973548246664,-67.17243965976115,282.6209390730946
3179000,1589500.0,-67.55738067626953,0.382766845000501,-67.17461383126903,197.4145020799292
3180000,1590000.0,-67.73236846923828,0.5587010318320192,-67.17366743740627,288.1537088472655
3181000,1590500.0,-67.59817504882812,0.42342318238896803,-67.17475186643915,218.38327381857684
3182000,1591000.0,-67.59164428710938,0.4167765701054851,-67.17486771700389,214.95524009099418
3183000,1591500.0,-67.69712829589844,0.5217652514481238,-67.17536304445031,269.1038387013525
3184000,1592000.0,-67.43804168701172,0.26920161581205887,-67.16884007119965,138.8424928616282
3185000,1592500.0,-67.58238220214844,0.41717957739848893,-67.16520262474995,215.16309373642375
3186000,1593000.0,-67.57709503173828,0.40709503454189705,-67.16999999719638,209.96192484538466
3187000,1593500.0,-67.59793090820312,0.42596960490162655,-67.1719613033015,219.69660787294342
3188000,1594000.0,-67.4920654296875,0.32302395474812445,-67.16904147493938,166.60171595167054
3189000,1594500.0,-67.674560546875,0.49659170774210787,-67.17796883913289,256.12041900024445
3190000,1595000.0,-67.53234100341797,0.3613357825370254,-67.17100522088094,186.36129154058546
3191000,1595500.0,-67.63395690917969,0.46022106158776227,-67.17373584759193,237.36202052694927
3192000,1596000.0,-67.53893280029297,0.3690546662185469,-67.16987813407442,190.34235625009146
3193000,1596500.0,-67.61947631835938,0.4461917418957349,-67.17328457646364,230.12630719990258
3194000,1597000.0,-67.5953140258789,0.4330049156441932,-67.16230911023472,223.32511537133854
3195000,1597500.0,-67.60700225830078,0.43990450326961683,-67.16709775503116,226.88362278497848
3196000,1598000.0,-67.68892669677734,0.5259751496478161,-67.16295154712952,271.27512121381346
3197000,1598500.0,-67.53681945800781,0.3649761581305719,-67.17184329987724,188.2388390465168
3198000,1599000.0,-67.67008209228516,0.5037831272998904,-67.16629896498526,259.8294406404172
3199000,1599500.0,-67.70964050292969,0.5399695030773591,-67.16967099985233,278.4928004624437
3200000,1600000.0,-67.54362487792969,0.3781594987330481,-67.16546537919663,195.03823312879305
3201000,1600500.0,-67.52430725097656,0.35792169316471073,-67.16638555781185,184.60045263226516
3202000,1601000.0,-67.54771423339844,0.3895941106558902,-67.15812012274255,200.9357089648262
3203000,1601500.0,-67.63072204589844,0.46685370848867697,-67.16386833740977,240.78285151719436
3204000,1602000.0,-67.62190246582031,0.45267239261956693,-67.16923007320075,233.4687451683676
3205000,1602500.0,-67.52357482910156,0.3614617869115284,-67.16211304219003,186.4262791203022
3206000,1603000.0,-67.55125427246094,0.3881090090823104,-67.16314526337862,200.16975812160206
3207000,1603500.0,-67.71475982666016,0.5506352515921693,-67.16412457506799,283.9937299704795
3208000,1604000.0,-67.6221923828125,0.44950994371215586,-67.17268243910034,231.8376914745479
3209000,1604500.0,-67.75048065185547,0.5765129259748375,-67.17396772588063,297.34030967028156
3210000,1605000.0,-67.60094451904297,0.4335652214754736,-67.16737929756749,223.61409676599033
3211000,1605500.0,-67.5386734008789,0.36939161737656684,-67.16928178350234,190.51614101215904
3212000,1606000.0,-67.53807830810547,0.36865076273013336,-67.16942754537534,190.13404038602178
3213000,1606500.0,-67.7119369506836,0.5475458373441487,-67.16439111333945,282.4003443795963
3214000,1607000.0,-67.70963287353516,0.5351875518626039,-67.17444532167255,276.02647786851537
3215000,1607500.0,-67.48483276367188,0.32325835026188515,-67.16157441341,166.72260696990588
3216000,1608000.0,-67.62603759765625,0.4600091799924274,-67.16602841766382,237.25274120929342
3217000,1608500.0,-67.582763671875,0.41896242601727746,-67.16380124585773,216.0826095642943
3218000,1609000.0,-67.58277893066406,0.41688594278012375,-67.16589298788394,215.01164976280083
3219000,1609500.0,-67.6355209350586,0.46830119353595834,-67.16721974152263,241.5294013911178
3220000,1610000.0,-67.66463470458984,0.5016848451960859,-67.16294985939376,258.7472379309708
3221000,1610500.0,-67.62698364257812,0.4611241008339006,-67.16585954174423,237.8277689204257
3222000,1611000.0,-67.58687591552734,0.4192530617165642,-67.16762285381078,216.23250682580152
3223000,1611500.0,-67.56123352050781,0.3973460493209403,-67.16388747118687,204.93382199813504
3224000,1612000.0,-67.65460968017578,0.4910106062470928,-67.1635990739287,253.2419294260116
3225000,1612500.0,-67.517578125,0.3624482722735051,-67.15512985272649,186.9350653934276
3226000,1613000.0,-67.68943786621094,0.524223541753171,-67.16521432445776,270.3717179936099
3227000,1613500.0,-67.65315246582031,0.49429245488958157,-67.15886001093074,254.9345643135964
3228000,1614000.0,-67.56612396240234,0.40241738109989666,-67.16370658130245,207.5493945094467
3229000,1614500.0,-67.5385513305664,0.38130959185149865,-67.1572417387149,196.66291424369868
3230000,1615000.0,-67.61145782470703,0.4524486524932819,-67.15900917221374,233.35334973586666
3231000,1615500.0,-67.57940673828125,0.4246595434587261,-67.15474719482252,219.02093512118256
3232000,1616000.0,-67.66465759277344,0.5069966774955253,-67.15766091527792,261.4868501576373
3233000,1616500.0,-67.65520477294922,0.49332086735601866,-67.1618839055932,254.4334616928479
3234000,1617000.0,-67.60688781738281,0.4399515640013346,-67.16693625338148,226.90789466495173
3235000,1617500.0,-67.48394012451172,0.3248880746810224,-67.15905204983069,167.56314799098374
3236000,1618000.0,-67.57738494873047,0.42000329980146983,-67.157381648929,216.6194470216611
3237000,1618500.0,-67.63945007324219,0.4670176866188393,-67.17243238662334,240.86742430958958
3238000,1619000.0,-67.56189727783203,0.3947293128162346,-67.16716796501579,203.58422304279665
3239000,1619500.0,-67.7702407836914,0.6077228467443979,-67.16251793694701,313.43703029578074
3240000,1620000.0,-67.6131591796875,0.4471091528916284,-67.16605002679587,230.59946791724929
3241000,1620500.0,-67.54363250732422,0.373480778795293,-67.17015172852892,192.62515274069898
3242000,1621000.0,-67.5243911743164,0.365722270303425,-67.15866890401298,188.62365127626828
3243000,1621500.0,-67.57929229736328,0.415208746848888,-67.16408355051439,214.14662499908346
3244000,1622000.0,-67.63178253173828,0.46442958276834956,-67.16735294896993,239.53259283280659
3245000,1622500.0,-67.56822204589844,0.4006299802180634,-67.16759206568038,206.62753082215715
3246000,1623000.0,-67.75366973876953,0.5917965201481848,-67.16187321862135,305.22292325902936
3247000,1623500.0,-67.67347717285156,0.5083099223586454,-67.16516725049291,262.1641647791833
3248000,1624000.0,-67.68628692626953,0.5245158640403822,-67.16177106222915,270.52248512386274
3249000,1624500.0,-67.54345703125,0.37686674230952494,-67.16659028894047,194.37148555388197
3250000,1625000.0,-67.56951141357422,0.4058556292509296,-67.16365578432328,209.32269346579312
3251000,1625500.0,-67.70210266113281,0.5401260634601476,-67.16197659767266,278.57354750314835
3252000,1626000.0,-67.65242004394531,0.48363248518501023,-67.1687875587603,249.43661526471178
3253000,1626500.0,-67.61504364013672,0.4433747884429705,-67.17166885169375,228.67344504498138
3254000,1627000.0,-67.60753631591797,0.43308033845884997,-67.17445597745912,223.36401518096264
3255000,1627500.0,-67.8017807006836,0.6344610236917069,-67.16731967699188,327.2274198175564
3256000,1628000.0,-67.56964874267578,0.4031997765412885,-67.1664489661345,207.95292007209508
3257000,1628500.0,-67.62225341796875,0.4600966759175615,-67.1621567420512,237.29786780455623
3258000,1629000.0,-67.6605453491211,0.5030731589833372,-67.15747219013775,259.46326984078934
3259000,1629500.0,-67.44769287109375,0.2853046954242719,-67.16238817566948,147.1477614216424
3260000,1630000.0,-67.6480712890625,0.48423405127539165,-67.1638372377871,249.74687690767269
3261000,1630500.0,-67.51932525634766,0.3566398416182846,-67.16268541472937,183.93932931899135
3262000,1631000.0,-67.48626708984375,0.3267124903051259,-67.15955459953862,168.50410227352816
3263000,1631500.0,-67.59880828857422,0.43443918405936754,-67.16436910451485,224.06484868086864
3264000,1632000.0,-67.64434814453125,0.47750979485920414,-67.16683834967205,246.2787977111642
3265000,1632500.0,-67.61416625976562,0.45077482166913474,-67.1633914380965,232.49006054812463
3266000,1633000.0,-67.6485595703125,0.4807345197277482,-67.16782505058475,247.94197063897502
3267000,1633500.0,-67.69788360595703,0.532198428192977,-67.16568517776406,274.48481779893973
3268000,1634000.0,-67.5600814819336,0.38538358344202917,-67.17469789849156,198.76410203419644
3269000,1634500.0,-67.5886001586914,0.420973318966532,-67.16762683972487,217.11974074610447
3270000,1635000.0,-67.70721435546875,0.5354880265797332,-67.17172632888902,276.1814496677829
3271000,1635500.0,-67.4996109008789,0.33037052879520423,-67.1692403720837,170.39075953379086
3272000,1636000.0,-67.5653076171875,0.40041970670777316,-67.16488791047972,206.51908088487357
3273000,1636500.0,-67.73162078857422,0.5589695584541293,-67.1726512301201,288.29220320771356
3274000,1637000.0,-67.54594421386719,0.3785644107689612,-67.16737980309823,195.24706915782753
3275000,1637500.0,-67.76496887207031,0.6020000158339387,-67.16296885623638,310.48544284918654
3276000,1638000.0,-67.47300720214844,0.29759821092720795,-67.17540899122123,153.4882223929181
3277000,1638500.0,-67.6036376953125,0.4217976820583423,-67.18184001325416,217.54491139875748
3278000,1639000.0,-67.64447784423828,0.4728457802373298,-67.17163206400095,243.8733016858498
3279000,1639500.0,-67.5594711303711,0.38082258799585983,-67.17864854237523,196.4117388220871
3280000,1640000.0,-67.62190246582031,0.4470540775933441,-67.17484838822696,230.57106247218601
3281000,1640500.0,-67.55123138427734,0.3826286324921491,-67.1686027517852,197.3432180753873
3282000,1641000.0,-67.57525634765625,0.4051572584393978,-67.17009908921685,208.96250415518153
3283000,1641500.0,-67.61618041992188,0.43958533186488624,-67.17659508805698,226.71900804687868
3284000,1642000.0,-67.62535095214844,0.45627165853647755,-67.16907929361196,235.32509008988043
3285000,1642500.0,-67.69804382324219,0.5198104820756551,-67.17823334116653,268.0956536210943
3286000,1643000.0,-67.53268432617188,0.3609155380003962,-67.17176878817148,186.14454767409316
3287000,1643500.0,-67.68862915039062,0.5073400732955178,-67.1812890770951,261.6639587859245
3288000,1644000.0,-67.53177642822266,0.36328382604972104,-67.16849260217293,187.36600771470535
3289000,1644500.0,-67.7020492553711,0.5240630215390525,-67.17798623383204,270.28892864401524
3290000,1645000.0,-67.66474914550781,0.49737528215350113,-67.16737386335431,256.5245526243769
3291000,1645500.0,-67.57673645019531,0.40892390000635126,-67.16781255018896,210.90517416217418
3292000,1646000.0,-67.55972290039062,0.39498121340666814,-67.16474168698396,203.7141424187395
3293000,1646500.0,-67.50165557861328,0.3366937819847619,-67.16496179662852,173.65201869520075
3294000,1647000.0,-67.63678741455078,0.4678086906855137,-67.16897872386527,241.27538982699355
3295000,1647500.0,-67.65385437011719,0.48851484262657674,-67.16533952749062,251.95472302637495
3296000,1648000.0,-67.51856231689453,0.3552213307788227,-67.16334098611571,183.20772308212673
3297000,1648500.0,-67.67342376708984,0.5052784224571196,-67.16814534463272,260.600648891034
3298000,1649000.0,-67.51582336425781,0.3478761677115487,-67.16794719654627,179.41940722206346
3299000,1649500.0,-67.60240936279297,0.4387867762434042,-67.16362258654956,226.30714776572555
3300000,1650000.0,-67.5684585571289,0.4002295167895864,-67.16822904033933,206.42098919148404
3301000,1650500.0,-67.59285736083984,0.42882381900839195,-67.16403354183146,221.16868745370192
3302000,1651000.0,-67.61140441894531,0.4490212208023616,-67.16238319814295,231.5856294395199
3303000,1651500.0,-67.53748321533203,0.37565702947251045,-67.16182618585952,193.74756825148708
3304000,1652000.0,-67.64531707763672,0.48709689569434034,-67.15822018194238,251.22340762834762
3305000,1652500.0,-67.67139434814453,0.5094053907722539,-67.16198895737227,262.72915977350294
3306000,1653000.0,-67.66008758544922,0.5004305557750296,-67.1596570296742,258.10032996400304
3307000,1653500.0,-67.66921997070312,0.5073982976197053,-67.16182167308342,261.69398836167943
3308000,1654000.0,-67.57185363769531,0.4051126827457444,-67.16674095494957,208.93951394983225
3309000,1654500.0,-67.53396606445312,0.37194681586661266,-67.16201924858652,191.83400133422305
3310000,1655000.0,-67.61372375488281,0.4469374276308511,-67.16678632725196,230.51089949160402
3311000,1655500.0,-67.61055755615234,0.4442193168997082,-67.16633823925264,229.1090161163969
3312000,1656000.0,-67.64403533935547,0.48202145671520774,-67.16201388264027,248.60571680170034
3313000,1656500.0,-67.56201934814453,0.4061397566501298,-67.1558795914944,209.46923402899236
3314000,1657000.0,-67.57088470458984,0.41342694228186994,-67.15745776230797,213.2276476477375
3315000,1657500.0,-67.63286590576172,0.471806412599182,-67.16105949316254,243.33724103314967
3316000,1658000.0,-67.57160949707031,0.41468888499167705,-67.15692061207864,213.87850284840056
3317000,1658500.0,-67.58087921142578,0.42343173115190524,-67.15744748027387,218.3876828989366
3318000,1659000.0,-67.40776062011719,0.25005432629298013,-67.1577062938242,128.96715314513776
3319000,1659500.0,-67.69904327392578,0.5403804929888367,-67.15866278093695,278.70477119552567
3320000,1660000.0,-67.55775451660156,0.3969872729197875,-67.16076724368178,204.74878072427157
3321000,1660500.0,-67.76751708984375,0.6093940637894698,-67.15812302605428,314.29897140988095
3322000,1661000.0,-67.58776092529297,0.4208625479959766,-67.16689837729699,217.0626098940395
3323000,1661500.0,-67.65399169921875,0.4936386483355335,-67.16035305088322,254.59735931005483
3324000,1662000.0,-67.63764953613281,0.4768512397289322,-67.16079829640388,245.93914359839835
3325000,1662500.0,-67.48467254638672,0.33115339416924044,-67.15351915221748,170.79452746727205
3326000,1663000.0,-67.54476165771484,0.384418074991527,-67.16034358272331,198.26613474026954
3327000,1663500.0,-67.4786605834961,0.3264258572534962,-67.1522347262426,168.35626940371142
3328000,1664000.0,-67.64933013916016,0.48430776312233836,-67.16502237603781,249.7848942745174
3329000,1664500.0,-67.58138275146484,0.4210820573845051,-67.16030069408033,217.17582329589035
3330000,1665000.0,-67.59232330322266,0.4283670012866235,-67.16395630193604,220.9330807279311
3331000,1665500.0,-67.65029907226562,0.48223622330123656,-67.16806284896438,248.71648407216296
3332000,1666000.0,-67.56045532226562,0.39965738668915657,-67.16079793557647,206.12590935273482
3333000,1666500.0,-67.66598510742188,0.5016006489724736,-67.1643844584494,258.70381317833477
3334000,1667000.0,-67.58656311035156,0.4257263831074698,-67.16083672724409,219.57116464290507
3335000,1667500.0,-67.56075286865234,0.4015971064640202,-67.15915576218832,207.12633250466376
3336000,1668000.0,-67.45713806152344,0.29659089985617393,-67.16054716166727,152.96869512422919
3337000,1668500.0,-67.57938385009766,0.42742026402585537,-67.1519635860718,220.44479479779832
3338000,1669000.0,-67.6240463256836,0.46922981666415975,-67.15481650901944,242.00834483898498
3339000,1669500.0,-67.5644302368164,0.4049833198972704,-67.15944691691914,208.8727942152139
3340000,1670000.0,-67.53174591064453,0.3746387113093537,-67.15710719933517,193.22236400309333
3341000,1670500.0,-67.64159393310547,0.486843436515789,-67.15475049658968,251.09268440039605
3342000,1671000.0,-67.61104583740234,0.44959386118840994,-67.16145197621394,231.88097246141209
3343000,1671500.0,-67.47588348388672,0.3197537197578999,-67.15612976412882,164.91507088114804
3344000,1672000.0,-67.63612365722656,0.48067432025915596,-67.15544933696741,247.91092236958374
3345000,1672500.0,-67.53458404541016,0.3770698277827736,-67.15751421762738,194.47622821408024
3346000,1673000.0,-67.6897964477539,0.5307057490821272,-67.15909069867178,273.71495879134164
3347000,1673500.0,-67.55451965332031,0.3895880004297171,-67.1649316528906,200.93255757574084
3348000,1674000.0,-67.4945068359375,0.337578031227843,-67.15692880470965,174.10807602178866
3349000,1674500.0,-67.53083801269531,0.3755927752666345,-67.15524523742867,193.7144287248399
3350000,1675000.0,-67.49207305908203,0.33339899860986827,-67.15867406047217,171.9527126348365
3351000,1675500.0,-67.50979614257812,0.3509334670102687,-67.15886267556786,180.996229317941
3352000,1676000.0,-67.47613525390625,0.31429230657662277,-67.16184294732963,162.09831133701047
3353000,1676500.0,-67.54999542236328,0.39610148823987834,-67.1538939341234,204.29193148610395
3354000,1677000.0,-67.51331329345703,0.35743722104066106,-67.15587607241638,184.3505829677681
3355000,1677500.0,-67.55277252197266,0.39785721523620404,-67.15491530673646,205.19745915992186
3356000,1678000.0,-67.63324737548828,0.476157334731351,-67.15709004075693,245.58125756052044
3357000,1678500.0,-67.70548248291016,0.5525097525886218,-67.15297273032154,284.9605161111717
3358000,1679000.0,-67.55046081542969,0.3959209851471744,-67.15453983028252,204.19883583627043
3359000,1679500.0,-67.68696594238281,0.5328129711136494,-67.15415297126917,274.80177232694
3360000,1680000.0,-67.6345443725586,0.4738980303531606,-67.16064634220544,244.41600656061505
3361000,1680500.0,-67.53020477294922,0.36821829355404706,-67.16198647939517,189.91099158182905
3362000,1681000.0,-67.6356430053711,0.4783364749870332,-67.15730653038406,246.70516339028808
3363000,1681500.0,-67.52246856689453,0.36570333915284076,-67.15676522774169,188.6138874116201
3364000,1682000.0,-67.56824493408203,0.40787637956887735,-67.16036855451316,210.36490864993476
3365000,1682500.0,-67.63475799560547,0.46945934220557234,-67.1652986533999,242.12672413715157
3366000,1683000.0,-67.66836547851562,0.5058143946608813,-67.16255108385474,260.87708005824794
3367000,1683500.0,-67.56766510009766,0.40774461156422503,-67.15992048853343,210.2969484402973
3368000,1684000.0,-67.55020904541016,0.3875882849210238,-67.16262076048913,199.9011912319561
3369000,1684500.0,-67.62803649902344,0.4630014888884545,-67.16503501013499,238.79604408020367
3370000,1685000.0,-67.53012084960938,0.36593617702659154,-67.16418467258278,188.73397506683955
3371000,1685500.0,-67.6769790649414,0.5144440077587141,-67.1625350571827,265.32785941676025
3372000,1686000.0,-67.64897918701172,0.48314624085891067,-67.1658329461528,249.18583157542434
3373000,1686500.0,-67.66954803466797,0.5020969389165003,-67.16745109575147,258.95977796072646
3374000,1687000.0,-67.6799545288086,0.5166351246925839,-67.16331940411601,266.45794229658287
3375000,1687500.0,-67.61780548095703,0.4519328184810118,-67.16587266247602,233.08730497253805
3376000,1688000.0,-67.65951538085938,0.4989953066071834,-67.16052007425219,257.3600908248722
3377000,1688500.0,-67.52659606933594,0.3562058501283036,-67.17039021920763,183.7154953714575
3378000,1689000.0,-67.63838195800781,0.4664449962560139,-67.1719369617518,240.57205551184794
3379000,1689500.0,-67.6871337890625,0.5229954767252316,-67.16413831233727,269.7383354287952
3380000,1690000.0,-67.6636734008789,0.49562719341186257,-67.16804620746704,255.62296443033762
3381000,1690500.0,-67.73005676269531,0.5594885515645205,-67.17056821113079,288.559877296546
3382000,1691000.0,-67.60894012451172,0.43840032538115786,-67.17053979913057,226.1078332076723
3383000,1691500.0,-67.73011016845703,0.5613175451817733,-67.16879262327525,289.50319270897904
3384000,1692000.0,-67.7326889038086,0.557949909358985,-67.17473899444961,287.76631252244823
3385000,1692500.0,-67.5857162475586,0.409245696134911,-67.17647055142368,211.07114261874412
3386000,1693000.0,-67.55081939697266,0.38061054967551433,-67.17020884729715,196.30237867248266
3387000,1693500.0,-67.52476501464844,0.3538968680380955,-67.17086814661035,182.52462276688462
3388000,1694000.0,-67.62142181396484,0.4541065591222213,-67.16731525484262,234.2084259158494
3389000,1694500.0,-67.64664459228516,0.48083664046533364,-67.16580795181983,247.99464007684765
3390000,1695000.0,-67.57212829589844,0.4050743323134851,-67.16705396358495,208.9197344637354
3391000,1695500.0,-67.46612548828125,0.295122126632157,-67.1710033616491,152.21116573401446
3392000,1696000.0,-67.73616027832031,0.5642126189695436,-67.17194765935076,290.9963459372754
3393000,1696500.0,-67.42933654785156,0.26713993893162175,-67.16219660891994,137.7791695353859
3394000,1697000.0,-67.55843353271484,0.38826322850047584,-67.17017030421437,200.24929779450176
3395000,1697500.0,-67.57654571533203,0.40315483549625447,-67.17339087983578,207.92974143438332
3396000,1698000.0,-67.6362533569336,0.46988462405596454,-67.16636873287763,242.3460660311411
3397000,1698500.0,-67.44857788085938,0.28823894901069214,-67.16033893184868,148.66112188717236
3398000,1699000.0,-67.56013488769531,0.3980689644938905,-67.16206592320142,205.30667022357056
3399000,1699500.0,-67.54337310791016,0.37547729487706505,-67.16789581303308,193.6548689591376
3400000,1700000.0,-67.6221923828125,0.45067108760633984,-67.17152129520616,232.4365590272305
3401000,1700500.0,-67.62052154541016,0.4556695804197089,-67.16485196499045,235.0145643659637
3402000,1701000.0,-67.56232452392578,0.3947802341289064,-67.16754428979688,203.61048604262973
3403000,1701500.0,-67.73707580566406,0.560127442318864,-67.1769483633452,288.88938937890003
3404000,1702000.0,-67.66374969482422,0.4925511307385436,-67.17119856408567,254.0364650013729
3405000,1702500.0,-67.59634399414062,0.42556287580815255,-67.17078111833247,219.48683468459558
3406000,1703000.0,-67.60195922851562,0.42911632974799413,-67.17284289876763,221.31955177950715
3407000,1703500.0,-67.49202728271484,0.32207773359985226,-67.16994954911499,166.11369620993088
3408000,1704000.0,-67.58229064941406,0.416953469799702,-67.16533717961435,215.0464772645061
3409000,1704500.0,-67.63037872314453,0.4599200805163619,-67.17045864262818,237.20678757215688
3410000,1705000.0,-67.71087646484375,0.5390931651482732,-67.17178329969548,278.04082344775736
3411000,1705500.0,-67.5560531616211,0.38362554649169045,-67.17242761512941,197.8573829864984
3412000,1706000.0,-67.51800537109375,0.34847787279540376,-67.16952749829835,179.72974055181686
3413000,1706500.0,-67.6102066040039,0.4373026181838992,-67.17290398582001,225.54168354605233
3414000,1707000.0,-67.44517517089844,0.28166991099667,-67.16350525990177,145.2730975960909
3415000,1707500.0,-67.65838623046875,0.4913430371401355,-67.16704319332861,253.41338283187264
3416000,1708000.0,-67.6457748413086,0.4772620582253276,-67.16851278308327,246.1510259230313
3417000,1708500.0,-67.51993560791016,0.3591219207424368,-67.16081368716772,185.21947785018625
3418000,1709000.0,-67.60749053955078,0.435833641637001,-67.17165689791378,224.7840492907327
3419000,1709500.0,-67.61883544921875,0.4516402647221959,-67.16719518449655,232.93641845929216
3420000,1710000.0,-67.58110046386719,0.41202485934195493,-67.16907560452523,212.50451420743727
3421000,1710500.0,-67.57321166992188,0.4037845099060815,-67.1694271600158,208.25450012681478
3422000,1711000.0,-67.52791595458984,0.36359345087119416,-67.16432250371865,187.52569874009345
3423000,1711500.0,-67.6607437133789,0.5014323193789175,-67.15931139399999,258.616996090253
3424000,1712000.0,-67.65577697753906,0.4935388241424065,-67.16223815339666,254.54587432999688
3425000,1712500.0,-67.42777252197266,0.26570509715751983,-67.16206742481513,137.03914051224143
3426000,1713000.0,-67.49524688720703,0.3302932578901071,-67.16495362931693,170.350906559443
3427000,1713500.0,-67.5677490234375,0.40733065873962954,-67.16041836469788,210.08344956540913
3428000,1714000.0,-67.59365844726562,0.42835800322269696,-67.16530044404293,220.92843991764946
3429000,1714500.0,-67.5533676147461,0.3883341400977915,-67.1650334746483,200.28587091429677
3430000,1715000.0,-67.66962432861328,0.5083340841930778,-67.1612902444202,262.17662640321396
3431000,1715500.0,-67.54167175292969,0.3778977020364588,-67.16377405089322,194.90320977141923
3432000,1716000.0,-67.60002136230469,0.43480639906118623,-67.1652149632435,224.25424221818042
3433000,1716500.0,-67.61404418945312,0.44624571947229913,-67.16779846998082,230.154146487814
3434000,1717000.0,-67.53060913085938,0.36960286789326063,-67.16100626296611,190.625094846881
3435000,1717500.0,-67.61194610595703,0.45939347707817924,-67.15255262887885,236.9351884070247
3436000,1718000.0,-67.52320861816406,0.362837906585283,-67.16037071157878,187.13602183638383
3437000,1718500.0,-67.58087158203125,0.4223509381291479,-67.15852064390211,217.83025683336703
3438000,1719000.0,-67.61283111572266,0.4493174025240918,-67.16351371319857,231.73838709835124
3439000,1719500.0,-67.4135513305664,0.25620462033797314,-67.15734671022844,132.1392074972744
3440000,1720000.0,-67.61493682861328,0.45281335451736915,-67.1621234740959,233.54144718848858
3441000,1720500.0,-67.5966796875,0.43698527033409673,-67.15969441716591,225.3780093183255
3442000,1721000.0,-67.56269073486328,0.40571533522835096,-67.15697539963493,209.25033590668394
3443000,1721500.0,-67.73622131347656,0.5836398594970293,-67.15258145397954,301.0160722161165
3444000,1722000.0,-67.47869873046875,0.3278931987106962,-67.15080553175805,169.11306035083226
3445000,1722500.0,-67.61198425292969,0.4699726855237472,-67.14201156740594,242.39148430872135
3446000,1723000.0,-67.68022918701172,0.527868390760123,-67.1523607962516,272.25157269174343
3447000,1723500.0,-67.62355041503906,0.4650316841828595,-67.1585187308562,239.84313057268568
3448000,1724000.0,-67.65839385986328,0.5026482826327611,-67.15574557723052,259.2441370859803
3449000,1724500.0,-67.76210021972656,0.6006623052178481,-67.16143791450871,309.7955098556374
3450000,1725000.0,-67.5730972290039,0.40988273391193675,-67.16321449509196,211.3996990159354
3451000,1725500.0,-67.51856994628906,0.3525987615609392,-67.16597118472812,181.8551158668442
3452000,1726000.0,-67.61241912841797,0.4460717017289444,-67.16634742668903,230.06439569929572
3453000,1726500.0,-67.48248291015625,0.31949046967576,-67.1629924404805,164.77929793067716
3454000,1727000.0,-67.48892974853516,0.33395770250013573,-67.15497204603503,172.24086781794054
3455000,1727500.0,-67.65332794189453,0.49486798139106586,-67.15845996050346,255.2313958683884
3456000,1728000.0,-67.66725158691406,0.5050295861589497,-67.16222200075511,260.4723099438543
3457000,1728500.0,-67.6622085571289,0.5077121914002272,-67.15449636572868,261.8558811305989
3458000,1729000.0,-67.494873046875,0.3354067912534361,-67.15946625562157,172.98824481372512
3459000,1729500.0,-67.65151977539062,0.48510713614854595,-67.16641263924208,250.1971761375003
3460000,1730000.0,-67.65428161621094,0.4925382605607384,-67.1617433556502,254.02982712305015
3461000,1730500.0,-67.56014251708984,0.39899898984012566,-67.16114352724972,205.7863368745536
3462000,1731000.0,-67.50920104980469,0.3522563755599409,-67.15694467424474,181.67852804898828
3463000,1731500.0,-67.68952178955078,0.5333225844940229,-67.15619920505677,275.06460875870977
3464000,1732000.0,-67.62828826904297,0.4742704781476237,-67.15401779089534,244.60809894493482
3465000,1732500.0,-67.5882339477539,0.4218828724493567,-67.16635107530455,217.58884889972907
3466000,1733000.0,-67.4368896484375,0.2730078735948436,-67.16388177484265,140.8055951908681
3467000,1733500.0,-67.66936492919922,0.509045613066535,-67.16031931613269,262.5436020702649
3468000,1734000.0,-67.71727752685547,0.5565889050243529,-67.16068862183111,287.0643656413131
3469000,1734500.0,-67.55029296875,0.3920656807093013,-67.15822728804069,202.2104373740989
3470000,1735000.0,-67.48649597167969,0.32976088171375845,-67.15673508996593,170.07633006687098
3471000,1735500.0,-67.56672668457031,0.4065770837255667,-67.16014960084475,209.69478832652652
3472000,1736000.0,-67.6321792602539,0.47009436632540047,-67.16208489392851,242.4542419774819
3473000,1736500.0,-67.63948059082031,0.4808196895949919,-67.15866090122532,247.9858975546777
3474000,1737000.0,-67.65264129638672,0.49035477413060097,-67.16228652225612,252.90367972540056
3475000,1737500.0,-67.6546630859375,0.48882155555276263,-67.16584153038474,252.11291222273647
3476000,1738000.0,-67.56946563720703,0.4068616192410767,-67.16260401796596,209.84153937838
3477000,1738500.0,-67.55347442626953,0.39333133900741396,-67.16014308726211,202.86320891371568
3478000,1739000.0,-67.7070083618164,0.5418141938359939,-67.16519416798042,279.4442117781413
3479000,1739500.0,-67.57752990722656,0.4055654868847617,-67.1719644203418,209.17305064406634
3480000,1740000.0,-67.56035614013672,0.4039650515853707,-67.15639108855135,208.3476156779318
3481000,1740500.0,-67.63883209228516,0.4773232702036054,-67.16150882208156,246.18259640091065
3482000,1741000.0,-67.52342987060547,0.35844764393259054,-67.16498222667288,184.8717151784228
3483000,1741500.0,-67.49647521972656,0.33670642825613784,-67.15976879147043,173.65854109231915
3484000,1742000.0,-67.68660736083984,0.5276772240656847,-67.15893013677416,272.152977219618
3485000,1742500.0,-67.60901641845703,0.45362666673497565,-67.15538975172205,233.96091828054227
3486000,1743000.0,-67.63066864013672,0.47634701364820137,-67.15432162648851,245.67908570163078
3487000,1743500.0,-67.59522247314453,0.4313130263560364,-67.1639094467885,222.45251241275315
3488000,1744000.0,-67.54525756835938,0.38068666031936726,-67.16457090804,196.34163323451034
3489000,1744500.0,-67.54547119140625,0.3841399758876236,-67.16133121551863,198.12270330977063
3490000,1745000.0,-67.70208740234375,0.5307390542252681,-67.17134834811849,273.7321361365996
3491000,1745500.0,-67.57659149169922,0.4137184824118655,-67.16287300928735,213.3780113752942
3492000,1746000.0,-67.66411590576172,0.49799280620076947,-67.16612309956095,256.84304468790367
3493000,1746500.0,-67.57261657714844,0.41160264269734026,-67.16101393445109,212.28675321336172
3494000,1747000.0,-67.6169204711914,0.4467721288790919,-67.17014834231232,230.42564557998864
3495000,1747500.0,-67.4921875,0.3335183958488992,-67.1586691041511,172.01429254124918
3496000,1748000.0,-67.62679290771484,0.46578465578259776,-67.16100825193224,240.23148059668648
3497000,1748500.0,-67.5967025756836,0.4327492941307886,-67.1639532815528,223.19327690505338
3498000,1749000.0,-67.6875991821289,0.5176982101723046,-67.16990097195661,267.0062355810945
3499000,1749500.0,-67.67391967773438,0.5020090806668592,-67.17191059706751,258.91446449423097
3500000,1750000.0,-67.5512466430664,0.38390979450729035,-67.16733684855912,198.00398575839415
3501000,1750500.0,-67.59471893310547,0.42952215232968244,-67.16519678077579,221.52885742847653
3502000,1751000.0,-67.51702880859375,0.3497613244469518,-67.1672674841468,180.3916891297656
3503000,1751500.0,-67.63378143310547,0.4725804854880068,-67.16120094761746,243.73647418491527
3504000,1752000.0,-67.53282165527344,0.3706130876327037,-67.16220856764073,191.14612228031297
3505000,1752500.0,-67.6678466796875,0.503840587181083,-67.16400609250641,259.85907594970115
3506000,1753000.0,-67.60981750488281,0.4414061420906554,-67.16841136279216,227.6581028216672
3507000,1753500.0,-67.57420349121094,0.4089370956351047,-67.16526639557583,210.91197989395064
3508000,1754000.0,-67.69679260253906,0.5308610851526868,-67.16593151738637,273.7950743850121
3509000,1754500.0,-67.68830871582031,0.5184415601295489,-67.16986715569077,267.3896231800918
3510000,1755000.0,-67.60023498535156,0.4393280872603422,-67.16090689809123,226.5863324607298
3511000,1755500.0,-67.57391357421875,0.41345592603076803,-67.16045764818799,213.24259620567
3512000,1756000.0,-67.5796890258789,0.4187618352574661,-67.16092719062144,215.9791535688568
3513000,1756500.0,-67.62383270263672,0.4631183534010521,-67.16071434923566,238.85631771640442
3514000,1757000.0,-67.54322814941406,0.3868861099877183,-67.15634203942635,199.5390399206759
3515000,1757500.0,-67.633544921875,0.473695036660037,-67.15984988521497,244.31131123661615
3516000,1758000.0,-67.57803344726562,0.4179671076424072,-67.16006633962321,215.56926760703632
3517000,1758500.0,-67.54032135009766,0.38751613950866054,-67.152805210589,199.86398176398603
3518000,1759000.0,-67.56903839111328,0.41159412237906845,-67.15744426873421,212.2823588035241
3519000,1759500.0,-67.60355377197266,0.44231803846533346,-67.16123573350733,228.12841933707838
3520000,1760000.0,-67.49037170410156,0.328442491858569,-67.161929212243,169.39636188203744
3521000,1760500.0,-67.65919494628906,0.5036494272317633,-67.1555455190573,259.76048395641465
3522000,1761000.0,-67.62657928466797,0.46854643888739833,-67.15803284578057,241.65588828405097
3523000,1761500.0,-67.6449203491211,0.48850155433731585,-67.15641879478378,251.94786950433615
3524000,1762000.0,-67.47781372070312,0.3187395597115853,-67.15907416099154,164.39201120869316
3525000,1762500.0,-67.5164794921875,0.3619523146342327,-67.15452717755326,186.6792719993849
3526000,1763000.0,-67.60707092285156,0.45029448719132703,-67.15677643566023,232.2423249017206
3527000,1763500.0,-67.64654541015625,0.4959747714123573,-67.15057063874389,255.80223005586876
3528000,1764000.0,-67.63833618164062,0.4830501007100043,-67.15528608093062,249.13624666525217
3529000,1764500.0,-67.63349151611328,0.47958092848984096,-67.15391058762344,247.34699841813145
3530000,1765000.0,-67.58894348144531,0.4350228140243592,-67.15392066742095,224.36585964992895
3531000,1765500.0,-67.62923431396484,0.47747090302527284,-67.15176341093957,246.2587389936164
3532000,1766000.0,-67.49368286132812,0.3376518937969871,-67.15603096753114,174.1461711245918
3533000,1766500.0,-67.58984375,0.4388201421043747,-67.15102360789562,226.32435642660096
3534000,1767000.0,-67.67103576660156,0.5128377454869649,-67.1581980211146,264.49941915154676
3535000,1767500.0,-67.60388946533203,0.44631913490841374,-67.15757033042362,230.1920109788347
3536000,1768000.0,-67.64183044433594,0.4881935924555877,-67.15363685188035,251.7890361509905
3537000,1768500.0,-67.60149383544922,0.4421162807467435,-67.15937755470247,228.02436147502357
3538000,1769000.0,-67.72701263427734,0.5720950023387488,-67.15491763193859,295.06173667934115
3539000,1769500.0,-67.55083465576172,0.3994008503784424,-67.15143380538328,205.9935990737581
3540000,1770000.0,-67.63451385498047,0.49079018486294695,-67.14372367011752,253.1282456564603
3541000,1770500.0,-67.56082153320312,0.41015164979349666,-67.15066988340963,211.5383941394889
3542000,1771000.0,-67.65989685058594,0.5120209216559349,-67.14787592893,264.0781369219179
3543000,1771500.0,-67.57492065429688,0.4246497435148572,-67.15027091078201,219.01588073607957
3544000,1772000.0,-67.59593963623047,0.4446323392405633,-67.1513072969899,229.32203508821428
3545000,1772500.0,-67.53392028808594,0.38549361297558526,-67.14842667511036,198.820850485283
3546000,1773000.0,-67.64128875732422,0.49491843897701093,-67.14637031834721,255.25741969813126
3547000,1773500.0,-67.55892181396484,0.4050438844366797,-67.15387792952816,208.90403077226517
3548000,1774000.0,-67.57276916503906,0.4234092602937667,-67.1493599047453,218.37609340698168
3549000,1774500.0,-67.54476165771484,0.39909052237197423,-67.14567113534287,205.83354537611277
3550000,1775000.0,-67.60293579101562,0.4550513220655366,-67.14788446895008,234.69569357885172
3551000,1775500.0,-67.62633514404297,0.47953553924085035,-67.14679960480211,247.32358861629962
3552000,1776000.0,-67.56163787841797,0.41446416692236576,-67.1471737114956,213.76260303539198
3553000,1776500.0,-67.74610137939453,0.5917771924747791,-67.15432418691975,305.2129548851443
3554000,1777000.0,-67.67229461669922,0.5172329679031066,-67.1550616487961,266.76628383992386
3555000,1777500.0,-67.62794494628906,0.4760669650455853,-67.15187798124347,245.5346488044289
3556000,1778000.0,-67.70121765136719,0.552956546811675,-67.14826110455552,285.1909531519665
3557000,1778500.0,-67.67617797851562,0.5246774671280063,-67.15150051138762,270.6058329725455
3558000,1779000.0,-67.57810974121094,0.42712032499293195,-67.15098941621801,220.2900992811612
3559000,1779500.0,-67.60941314697266,0.4594989518995485,-67.14991419507311,236.9895877355312
3560000,1780000.0,-67.63799285888672,0.4918197099887926,-67.14617314889793,253.65922996910976
3561000,1780500.0,-67.6166000366211,0.46293651956796084,-67.15366351705313,238.76253572851843
3562000,1781000.0,-67.63951873779297,0.487958658493144,-67.15156007929983,251.66786742432762
3563000,1781500.0,-67.5933837890625,0.4415506490205322,-67.15183314004197,227.73263321525104
3564000,1782000.0,-67.52922058105469,0.37600824649337367,-67.15321233456132,193.92871072555798
3565000,1782500.0,-67.55721282958984,0.4006619734064428,-67.1565508561834,206.6440315181719
3566000,1783000.0,-67.60430145263672,0.45396520957057124,-67.15033624306615,234.1355239607227
3567000,1783500.0,-67.7515869140625,0.5963201178677865,-67.15526679619471,307.55599834922924
3568000,1784000.0,-67.5001220703125,0.35256401573198803,-67.14755805458051,181.83719547846326
3569000,1784500.0,-67.6214828491211,0.47024708372000484,-67.15123576540108,242.5330069719127
3570000,1785000.0,-67.48723602294922,0.3374517080136158,-67.1497843149356,174.04292399840017
3571000,1785500.0,-67.56974029541016,0.4242566256999578,-67.1454836697102,218.81312765362017
3572000,1786000.0,-67.47281646728516,0.32361832578271554,-67.14919814150244,166.90826669758056
3573000,1786500.0,-67.64724731445312,0.5024250459749395,-67.14482226847818,259.12900132063004
3574000,1787000.0,-67.67918395996094,0.5325642312577039,-67.14661972870323,274.67348312046795
3575000,1787500.0,-67.55081176757812,0.39756356259045883,-67.15324820498766,205.04600588855985
3576000,1788000.0,-67.4770278930664,0.3225982145248535,-67.15442967854155,166.38213764887286
3577000,1788500.0,-67.61700439453125,0.47377414307707005,-67.14323025145418,244.3521108882419
3578000,1789000.0,-67.63900756835938,0.4915267491919242,-67.14748081916746,253.5081335233279
3579000,1789500.0,-67.76400756835938,0.6176773127590243,-67.14633025560035,318.57111120539156
3580000,1790000.0,-67.56922149658203,0.42190353373921086,-67.14731796284282,217.59950509501394
3581000,1790500.0,-67.55423736572266,0.4075502885084866,-67.14668707721417,210.19672505420127
3582000,1791000.0,-67.60990905761719,0.4619875316574305,-67.14792152595976,238.2730890110605
3583000,1791500.0,-67.58953094482422,0.44542352790231315,-67.14410741692191,229.73009581173497
3584000,1792000.0,-67.5470199584961,0.39939550897169007,-67.1476244495244,205.99084420831406
3585000,1792500.0,-67.71977233886719,0.5748987133983241,-67.14487362546886,296.5077689834226
3586000,1793000.0,-67.65841674804688,0.5094415951598433,-67.14897515288703,262.7478324230347
3587000,1793500.0,-67.53294372558594,0.38507432969156646,-67.14786939589438,198.60460239110728
3588000,1794000.0,-67.66678619384766,0.5178222556665537,-67.1489639381811,267.070212855517
3589000,1794500.0,-67.65128326416016,0.5099053088205754,-67.14137795533958,262.98699577439805
3590000,1795000.0,-67.66817474365234,0.5311706154088885,-67.13700412824346,273.9547166377434
3591000,1795500.0,-67.68498992919922,0.5399225140657997,-67.14506741513343,278.46856557261094
3592000,1796000.0,-67.54598999023438,0.4075277612552827,-67.1384622289791,210.1851064761228
3593000,1796500.0,-67.61326599121094,0.4704865536350842,-67.14277943757585,242.65651514579451
3594000,1797000.0,-67.77349090576172,0.6222387985853403,-67.15125210717638,320.9237273342667
3595000,1797500.0,-67.64665985107422,0.5095619194987104,-67.13709793157551,262.80989048724746
3596000,1798000.0,-67.56903076171875,0.4304333919563285,-67.13859736976242,221.9988352217977
3597000,1798500.0,-67.65118408203125,0.511840231755132,-67.13934385027612,263.98494492458644
3598000,1799000.0,-67.56832122802734,0.4259783185577305,-67.14234290946962,219.70110199803162
3599000,1799500.0,-67.52506256103516,0.38591787300683095,-67.13914468802832,199.0396653693691
3600000,1800000.0,-67.64250183105469,0.5044006413403187,-67.13810118971436,260.1479275428509
3601000,1800500.0,-67.6363754272461,0.5000121856038917,-67.1363632416422,257.8845528137638
3602000,1801000.0,-67.56916046142578,0.4228460638875586,-67.14631439753822,218.0856211794181
3603000,1801500.0,-67.6462173461914,0.5098760596521726,-67.13634128653923,262.9719103246212
3604000,1802000.0,-67.56856536865234,0.42731083372377127,-67.14125453492858,220.38835540426004
3605000,1802500.0,-67.67131805419922,0.5315818534222505,-67.13973620077697,274.1668153309938
3606000,1803000.0,-67.71043395996094,0.5699373510545407,-67.1404966089064,293.9489139270636
3607000,1803500.0,-67.5694351196289,0.4349475086300429,-67.13448761099886,224.32702040061292
3608000,1804000.0,-67.59366607666016,0.45802391229354167,-67.13564216436662,236.22882641784804
3609000,1804500.0,-67.640625,0.5029280936909586,-67.13769690630905,259.38845146809575
3610000,1805000.0,-67.56548309326172,0.42895550892405093,-67.13652758433767,221.23660738843068
3611000,1805500.0,-67.54850769042969,0.4168314655059502,-67.13167622492374,214.98355275258137
3612000,1806000.0,-67.5816421508789,0.4488595489877141,-67.1327826018912,231.50224614442556
3613000,1806500.0,-67.62738800048828,0.4907834188124875,-67.1366045816758,253.1247560217128
3614000,1807000.0,-67.62899780273438,0.48753319660973954,-67.14146460612463,251.44843267713532
3615000,1807500.0,-67.62097930908203,0.48563818698872696,-67.13534112209331,250.47106907928142
3616000,1808000.0,-67.56588745117188,0.4302934263611924,-67.13559402481069,221.9266470512886
3617000,1808500.0,-67.59564971923828,0.46062389905320156,-67.13502582018508,237.56978658270242
3618000,1809000.0,-67.48517608642578,0.3469888022887961,-67.13818728413699,178.96174270544256
3619000,1809500.0,-67.62481689453125,0.4888186210767903,-67.13599827345446,252.11139874757396
3620000,1810000.0,-67.60824584960938,0.4687610427671688,-67.1394848068422,241.76657163769735
3621000,1810500.0,-67.78034210205078,0.6331530364343492,-67.14718906561643,326.55281684054614
3622000,1811000.0,-67.56698608398438,0.4234941939259013,-67.14349189005847,218.41989848288287
3623000,1811500.0,-67.53115844726562,0.39345481787539277,-67.13770362939023,202.92689394693582
3624000,1812000.0,-67.73177337646484,0.5912767921808558,-67.140496584284,304.95487016292816
3625000,1812500.0,-67.5670394897461,0.4371034626972246,-67.12993602704887,225.43896780211608
3626000,1813000.0,-67.69374084472656,0.5554046627552655,-67.1383361819713,286.4535849508027
3627000,1813500.0,-67.54300689697266,0.4015352134040493,-67.14147168356861,207.09441075444963
3628000,1814000.0,-67.52521514892578,0.38600928840454757,-67.13920586052123,199.0868134582341
3629000,1814500.0,-67.5605239868164,0.42005180087111493,-67.14047218594528,216.64446176533443
3630000,1815000.0,-67.63935089111328,0.5026834171519481,-67.13666747396134,259.26225794389086
3631000,1815500.0,-67.63170623779297,0.49744165637194915,-67.13426458142102,256.5587855613645
3632000,1816000.0,-67.67060852050781,0.533065276452011,-67.1375432440558,274.9319004542721
3633000,1816500.0,-67.5693130493164,0.4386900534956973,-67.13062299582072,226.2572623764141
3634000,1817000.0,-67.67327117919922,0.536477678221188,-67.13679350097803,276.69186897024395
3635000,1817500.0,-67.48062896728516,0.35176681906327517,-67.12886214822188,181.42603608608295
3636000,1818000.0,-67.7650375366211,0.6275476485013843,-67.1374898881197,323.6618013772041
3637000,1818500.0,-67.60832977294922,0.46746797249842104,-67.14086180045079,241.09966219506038
3638000,1819000.0,-67.53165435791016,0.3950954707813623,-67.1365588871288,203.77307140652627
3639000,1819500.0,-67.58040618896484,0.44013191844396604,-67.14027427052088,227.0009136475387
3640000,1820000.0,-67.56583404541016,0.43020812631056093,-67.1356259190996,221.8826529926528
3641000,1820500.0,-67.51702880859375,0.38301566305508117,-67.13401314553867,197.54283161785816
3642000,1821000.0,-67.56473541259766,0.43675611538198883,-67.12797929721567,225.259821154015
3643000,1821500.0,-67.47795104980469,0.3473234739468826,-67.1306275758578,179.13435180052062
3644000,1822000.0,-67.54994201660156,0.41552912239961204,-67.13441289420194,214.31186078334972
3645000,1822500.0,-67.60050964355469,0.4735850003495751,-67.12692464320511,244.25455929029616
3646000,1823000.0,-67.67913055419922,0.5523731240936949,-67.12675743010553,284.8900490719069
3647000,1823500.0,-67.5672836303711,0.4397415154849396,-67.12754211488615,226.79956076974014
3648000,1824000.0,-67.53863525390625,0.4136625403197677,-67.12497271358649,213.34915887565626
3649000,1824500.0,-67.62974548339844,0.5005053319345473,-67.12924015146389,258.13889625701256
3650000,1825000.0,-67.63224029541016,0.4983385364254761,-67.13390175898468,257.02135731099503
3651000,1825500.0,-67.62376403808594,0.49240682294505655,-67.13135721514088,253.96203731368365
3652000,1826000.0,-67.60722351074219,0.47826015549385986,-67.12896335524833,246.66580111285836
3653000,1826500.0,-67.52609252929688,0.3949282353941479,-67.13116429390273,203.68681866251694
3654000,1827000.0,-67.60123443603516,0.4712500722521175,-67.12998436378304,243.05030486290073
3655000,1827500.0,-67.79403686523438,0.6654480571246443,-67.12858880810973,343.20918484239667
3656000,1828000.0,-67.665771484375,0.5330111491667916,-67.1327603352082,274.9039839531434
3657000,1828500.0,-67.46056365966797,0.33914529243748726,-67.12141836723048,174.91640123430986
3658000,1829000.0,-67.78204345703125,0.6563234767015537,-67.12571998032969,338.5031228507674
3659000,1829500.0,-67.72809600830078,0.599505939905176,-67.12859006839561,309.19910688760245
3660000,1830000.0,-67.63090515136719,0.5125088002494544,-67.11839635111774,264.3297634953088
3661000,1830500.0,-67.72724151611328,0.6020347910522165,-67.12520672506106,310.50337839530476
3662000,1831000.0,-67.5674057006836,0.44410869041205,-67.12329701027154,229.05195978233047
3663000,1831500.0,-67.73021697998047,0.6058507852673789,-67.12436619471309,312.471502353181
3664000,1832000.0,-67.65330505371094,0.5311488075782573,-67.12215624613268,273.943469106559
3665000,1832500.0,-67.54161071777344,0.4228175495671829,-67.11879316820625,218.07091473231426
3666000,1833000.0,-67.55899047851562,0.4325075850940162,-67.12648289342161,223.06861388952345
3667000,1833500.0,-67.71297454833984,0.5880365961001273,-67.12493795223972,303.28371785631305
3668000,1834000.0,-67.58440399169922,0.4670714707931036,-67.11733252090612,240.8951638490007
3669000,1834500.0,-67.54737091064453,0.418748382821877,-67.12862252782266,215.97221538727635
3670000,1835000.0,-67.63389587402344,0.5113763521625867,-67.12251952186085,263.74569599280585
3671000,1835500.0,-67.66899871826172,0.5361069620228863,-67.13289175623883,276.5006696679622
3672000,1836000.0,-67.58556365966797,0.4510755364392907,-67.13448812322868,232.6451561563097
3673000,1836500.0,-67.57477569580078,0.4498764925615443,-67.12489920323924,232.02674143938984
3674000,1837000.0,-67.65889739990234,0.5298467764034401,-67.1290506234989,273.27193801804805
3675000,1837500.0,-67.60900115966797,0.48197992076036944,-67.1270212389076,248.58429436151275
3676000,1838000.0,-67.46582794189453,0.3432186640414679,-67.12260927785306,177.01726926269228
3677000,1838500.0,-67.65798950195312,0.5281895284353264,-67.1297999735178,272.41720154669116
3678000,1839000.0,-67.66486358642578,0.5397881755538099,-67.12507541087197,278.3992796070133
3679000,1839500.0,-67.62754821777344,0.5064914596051088,-67.12105675816832,261.22628072854184
3680000,1840000.0,-67.62112426757812,0.4982918557535177,-67.1228324118246,256.9972814493268
3681000,1840500.0,-67.64608764648438,0.5311097390906587,-67.11497790739372,273.92331927872766
3682000,1841000.0,-67.65332794189453,0.5280523876486709,-67.12527555424586,272.34647028961894
3683000,1841500.0,-67.4676742553711,0.3510357020676185,-67.11663855330347,181.04895771697932
3684000,1842000.0,-67.68523406982422,0.5622016417179386,-67.12303242810628,289.959171275977
3685000,1842500.0,-67.70570373535156,0.5861957379242485,-67.11950799742732,302.3342832202218
3686000,1843000.0,-67.6015625,0.48610154528176064,-67.11546095471824,250.7100491474316
3687000,1843500.0,-67.60259246826172,0.4816894988806186,-67.1209029693811,248.4345073788287
3688000,1844000.0,-67.55565643310547,0.44395390877459195,-67.11170252433088,228.97213014115596
3689000,1844500.0,-67.62328338623047,0.5043821678298176,-67.11890121840065,260.13839970906673
3690000,1845000.0,-67.62248992919922,0.5098050073267466,-67.11268492187247,262.9352646233835
3691000,1845500.0,-67.61273193359375,0.4949850351410652,-67.11774689845268,255.29176710501596
3692000,1846000.0,-67.66484069824219,0.5485890449112147,-67.11625165333098,282.93838550073383
3693000,1846500.0,-67.66813659667969,0.5499829120599657,-67.11815368461973,283.6572815930427
3694000,1847000.0,-67.74279022216797,0.628956449983392,-67.11383377218458,324.3883999495011
3695000,1847500.0,-67.58602905273438,0.4716815018550765,-67.1143475508793,243.27281750045842
3696000,1848000.0,-67.69820404052734,0.5832910411127779,-67.11491299941457,300.83616685455564
3697000,1848500.0,-67.55852508544922,0.4443920923013094,-67.1141329931479,229.1981261590358
3698000,1849000.0,-67.62344360351562,0.501879845918369,-67.12156375759726,258.8478108280165
3699000,1849500.0,-67.51829528808594,0.4078125430917072,-67.11048274499423,210.33198456959792
3700000,1850000.0,-67.64081573486328,0.5270698874587444,-67.11374584740453,271.8397393950256
3701000,1850500.0,-67.54718780517578,0.4357104770364522,-67.11147732813933,224.72052634299362
3702000,1851000.0,-67.56017303466797,0.446029911466719,-67.11414312320125,230.04284209841109
3703000,1851500.0,-67.40216827392578,0.2878541583897866,-67.11431411553599,148.462663609442
3704000,1852000.0,-67.56510925292969,0.4529962887816469,-67.11211296414804,233.63579673095143
3705000,1852500.0,-67.61558532714844,0.49852251070769027,-67.11706281644075,257.1162432495062
3706000,1853000.0,-67.52959442138672,0.41491442875332407,-67.1146799926334,213.99482851762806
3707000,1853500.0,-67.66267395019531,0.5456124298045455,-67.11706152039076,281.4031768042598
3708000,1854000.0,-67.56292724609375,0.44700710653834225,-67.11592013955541,230.54683684356516
3709000,1854500.0,-67.52825927734375,0.41531385529008563,-67.11294542205367,214.2008353646218
3710000,1855000.0,-67.6698989868164,0.5544459557334226,-67.11545303108298,285.959125538161
3711000,1855500.0,-67.49493408203125,0.3839774560700332,-67.11095662596122,198.03888265161595
3712000,1856000.0,-67.53849792480469,0.430661799752663,-67.10783612505202,222.11663803563462
3713000,1856500.0,-67.68000030517578,0.5716471776411618,-67.10835312753461,294.8307681645705
3714000,1857000.0,-67.69200134277344,0.5808366037335894,-67.11116473903985,299.57027473399273
3715000,1857500.0,-67.52359771728516,0.4094177952712768,-67.11417992201388,211.1599038731678
3716000,1858000.0,-67.55525207519531,0.4415232047730223,-67.11372887042229,227.71847866522174
3717000,1858500.0,-67.56281280517578,0.45094817043276036,-67.11186463474301,232.57946630597516
3718000,1859000.0,-67.6754150390625,0.5573356122938506,-67.11807942676865,287.4494847960486
3719000,1859500.0,-67.49545288085938,0.380415086686008,-67.11503779417336,196.2015673580952
3720000,1860000.0,-67.67976379394531,0.5597481553752307,-67.12001563857008,288.6937696586949
3721000,1860500.0,-67.66192626953125,0.5459697285035927,-67.11595654102766,281.587455943604
3722000,1861000.0,-67.63175964355469,0.51177584603742,-67.11998379751726,263.95173756985025
3723000,1861500.0,-67.56790924072266,0.4560571492285327,-67.11185209149413,235.2144555122712
3724000,1862000.0,-67.60324096679688,0.4835202729716663,-67.11972069382522,249.3787410822586
3725000,1862500.0,-67.5221939086914,0.40748341234698354,-67.11471049634443,210.16223323680228
3726000,1863000.0,-67.65524291992188,0.5381952672231443,-67.11704765269873,277.57772672419526
3727000,1863500.0,-67.57523345947266,0.45102181928079954,-67.12421164019186,232.61745118072156
3728000,1864000.0,-67.6138916015625,0.4938173188103338,-67.12007428275217,254.6895097752265
3729000,1864500.0,-67.5634536743164,0.4458685473557988,-67.1175851269606,229.95961750352527
3730000,1865000.0,-67.58698272705078,0.471187016071602,-67.11579571097919,243.01778322566355
3731000,1865500.0,-67.65069580078125,0.5336254328451202,-67.11707036793614,275.2208047752104
3732000,1866000.0,-67.57122039794922,0.4497860746215874,-67.12143432332763,231.98010779588375
3733000,1866500.0,-67.70531463623047,0.5871159794839568,-67.11819865674651,302.80890381935654
3734000,1867000.0,-67.63478088378906,0.5131031239615278,-67.12167775982753,264.636289834321
3735000,1867500.0,-67.6072769165039,0.48296944352649535,-67.1243074729774,249.09464719568064
3736000,1868000.0,-67.62464141845703,0.5125063097612239,-67.11213510869581,264.32847900972604
3737000,1868500.0,-67.64427185058594,0.5233753661801498,-67.12089648440579,269.9342658981335
3738000,1869000.0,-67.60308074951172,0.48645857302004425,-67.11662217649167,250.89418853699104
3739000,1869500.0,-67.71418762207031,0.5949403667001202,-67.1192472553702,306.8443826664271
3740000,1870000.0,-67.7103042602539,0.5977697515642739,-67.11253450868963,308.3036564030243
3741000,1870500.0,-67.68537139892578,0.5689247834104847,-67.1164466155153,293.42667554648153
3742000,1871000.0,-67.6741943359375,0.5539359918612178,-67.12025834407628,285.6961083379384
3743000,1871500.0,-67.60420989990234,0.4802756142493993,-67.12393428565295,247.70528713910218
3744000,1872000.0,-67.61900329589844,0.49960071151421676,-67.11940258438422,257.67233236261194
3745000,1872500.0,-67.59931945800781,0.47934274348026273,-67.11997671452755,247.22415294266003
3746000,1873000.0,-67.69863891601562,0.5771984920574867,-67.12144042395813,297.69389485828003
3747000,1873500.0,-67.560546875,0.44652354963756885,-67.11402332536242,230.29743921145476
3748000,1874000.0,-67.73515319824219,0.6122273155296504,-67.12292588271254,315.76023951306297
3749000,1874500.0,-67.50544738769531,0.3830744716924076,-67.1223729160029,197.57316255693357
3750000,1875000.0,-67.44855499267578,0.33509872987279904,-67.11345626280298,172.82936014316687
3751000,1875500.0,-67.61909484863281,0.5060132834944707,-67.11308156513834,260.97965827411264
3752000,1876000.0,-67.609130859375,0.488171552538915,-67.12095930683608,251.77766891991328
3753000,1876500.0,-67.56114196777344,0.4450862596262146,-67.11605570814723,229.5561474939457
3754000,1877000.0,-67.70772552490234,0.5860102219315301,-67.12171530297081,302.2386021344414
3755000,1877500.0,-67.5710678100586,0.4539184566058323,-67.11714935345276,234.1114108135804
3756000,1878000.0,-67.46728515625,0.3472641752684294,-67.12002098098156,179.10376811953117
3757000,1878500.0,-67.59127807617188,0.4678301182617529,-67.12344795791012,241.28644123948996
3758000,1879000.0,-67.58771514892578,0.46293094913183763,-67.12478419979395,238.7596627396794
3759000,1879500.0,-67.5405502319336,0.41992180527744616,-67.12062842665615,216.57741568824625
3760000,1880000.0,-67.55121612548828,0.4283247238754918,-67.12289140161279,220.911275876814
3761000,1880500.0,-67.62969207763672,0.5047622469272823,-67.12492983070943,260.33442798778793
3762000,1881000.0,-67.52935791015625,0.4025263592052226,-67.12683155095102,207.6056006795514
3763000,1881500.0,-67.50785827636719,0.37985941734557854,-67.1279988590216,195.91497726390398
3764000,1882000.0,-67.55438232421875,0.43441068508038416,-67.11997163913837,224.05015014618814
3765000,1882500.0,-67.5407943725586,0.4141483591814637,-67.12664601337713,213.5997231288967
3766000,1883000.0,-67.66841125488281,0.54611774259405,-67.12229351228876,281.6637951781801
3767000,1883500.0,-67.50883483886719,0.383268755946381,-67.12556608292081,197.6733659307657
3768000,1884000.0,-67.61994171142578,0.5004592893536466,-67.11948242207214,258.1151494949779
3769000,1884500.0,-67.61434173583984,0.4918702594738733,-67.12247147636597,253.68530119643248
3770000,1885000.0,-67.59001159667969,0.4707751880753199,-67.11923640860437,242.80538024486592
3771000,1885500.0,-67.49600982666016,0.3779508915578209,-67.11805893510234,194.93064261470943
3772000,1886000.0,-67.64277648925781,0.5155879125262861,-67.12718857673153,265.9178357772174
3773000,1886500.0,-67.49931335449219,0.3700754148321609,-67.12923793966003,190.86881401919402
3774000,1887000.0,-67.65870666503906,0.5286108764634496,-67.13009578857562,272.6345145461339
3775000,1887500.0,-67.5103759765625,0.38824345371174357,-67.12213252285076,200.2390988179647
3776000,1888000.0,-67.5102767944336,0.37956613608102074,-67.13071065835257,195.76371553481673
3777000,1888500.0,-67.52043151855469,0.3956259742706969,-67.12480554428399,204.04668204853084
3778000,1889000.0,-67.63578796386719,0.5071759101028512,-67.12861205376434,261.57929054633314
3779000,1889500.0,-67.5647964477539,0.440690824472234,-67.12410562328168,227.2891730846377
3780000,1890000.0,-67.58216857910156,0.4604304551686854,-67.12173812393287,237.47001663491054
3781000,1890500.0,-67.50831604003906,0.3903359681721345,-67.11798007186692,201.31832682762314
3782000,1891000.0,-67.63036346435547,0.5125251676993714,-67.1178382966561,264.3382051145814
3783000,1891500.0,-67.5108413696289,0.39103521851587936,-67.11980615111302,201.67896976272226
3784000,1892000.0,-67.62187957763672,0.49436783308495796,-67.12751174455175,254.97344111053502
3785000,1892500.0,-67.4916000366211,0.36278814028133105,-67.12881189633977,187.11035453984718
3786000,1893000.0,-67.51589965820312,0.3948268491495762,-67.12107280905354,203.6345280442168
3787000,1893500.0,-67.53025817871094,0.4078146259983582,-67.12244355271258,210.3330588423171
3788000,1894000.0,-67.50479125976562,0.3863222295586521,-67.11846903020697,199.24821490385247
3789000,1894500.0,-67.55421447753906,0.43806086929310195,-67.11615360824597,225.9327565115664
3790000,1895000.0,-67.62702178955078,0.4998979546632432,-67.12712383488754,257.8256374595088
3791000,1895500.0,-67.64849090576172,0.5316590113017016,-67.11683189446002,274.20661001162597
3792000,1896000.0,-67.64430236816406,0.5193126978243825,-67.12498967033969,267.83891813997377
3793000,1896500.0,-67.44723510742188,0.3286671743749726,-67.1185679330469,169.51224335840155
3794000,1897000.0,-67.61480712890625,0.49426161151837794,-67.12054551738787,254.91865664330533
3795000,1897500.0,-67.46688079833984,0.35212136386340087,-67.11475943447644,181.6088948840589
3796000,1898000.0,-67.76704406738281,0.6436079175312722,-67.12343614985154,331.9449900995734
3797000,1898500.0,-67.74530792236328,0.6229608205897859,-67.1223471017735,321.2961149022082
3798000,1899000.0,-67.66255950927734,0.5399874130408907,-67.12257209623645,278.50203764319497
3799000,1899500.0,-67.53048706054688,0.40504133208824056,-67.12544572845863,208.90271438187548
3800000,1900000.0,-67.58350372314453,0.46358801048890397,-67.11991571265563,239.0985464291511
3801000,1900500.0,-67.57101440429688,0.44439266775027364,-67.1266217365466,229.19842295060027
3802000,1901000.0,-67.51811218261719,0.4020775135750403,-67.11603466904215,207.3741056121218
3803000,1901500.0,-67.56243896484375,0.4416296833848124,-67.12080928145893,227.77339570519857
3804000,1902000.0,-67.52040100097656,0.39459134385739936,-67.12580965711916,203.51306465050982
3805000,1902500.0,-67.5633773803711,0.43794407334253577,-67.12543330702856,225.8725182366815
3806000,1903000.0,-67.5362548828125,0.41715783678810503,-67.1190970460244,215.15188087452125
3807000,1903500.0,-67.63108825683594,0.5145733877378013,-67.11651486909814,265.3945879866043
3808000,1904000.0,-67.74079132080078,0.6232551100123546,-67.11753621078843,321.4478965953789
3809000,1904500.0,-67.5643310546875,0.45041331475460794,-67.11391773993289,232.30361099414182
3810000,1905000.0,-67.42121124267578,0.3048331693840694,-67.11637807329171,157.2196995048618
3811000,1905500.0,-67.52344512939453,0.4086144164734806,-67.11483071292105,210.74555600730628
3812000,1906000.0,-67.55157470703125,0.4305228290756833,-67.12105187795557,222.0449630006675
3813000,1906500.0,-67.6641616821289,0.5427236762625803,-67.12143800586632,279.9132832840466
3814000,1907000.0,-67.53855895996094,0.42163085598351,-67.11692810397743,217.45886976028456
3815000,1907500.0,-67.60847473144531,0.48713007295247307,-67.12134465849284,251.24051901607672
3816000,1908000.0,-67.69584655761719,0.5819104752166051,-67.11393608240058,300.12413097020124
3817000,1908500.0,-67.53649139404297,0.4219347221487956,-67.11455667189418,217.61559072110526
3818000,1909000.0,-67.5679931640625,0.4506827192911257,-67.11731044477138,232.4425581446837
3819000,1909500.0,-67.5731201171875,0.460956777345075,-67.11216333984243,237.7414707374346
3820000,1910000.0,-67.6869888305664,0.5708847892969633,-67.11610404126944,294.4375613930663
3821000,1910500.0,-67.40338134765625,0.29482817591213706,-67.10855317174412,152.05955872889706
3822000,1911000.0,-67.4527587890625,0.34496358694463974,-67.10779520211786,177.91722465485037
3823000,1911500.0,-67.58992767333984,0.4799731554405523,-67.1099545178993,247.54929203156317
3824000,1912000.0,-67.4993896484375,0.3829182413377111,-67.1164714070998,197.49258573037446
3825000,1912500.0,-67.65706634521484,0.5430779524200129,-67.11398839279484,280.09600352779773
3826000,1913000.0,-67.65646362304688,0.5404347829536923,-67.11602884009318,278.73277159974015
3827000,1913500.0,-67.50846862792969,0.3977056768480823,-67.11076295108161,205.11930224579046
3828000,1914000.0,-67.50151824951172,0.40223693769885505,-67.09928131181286,207.4563296459782
3829000,1914500.0,-67.54691314697266,0.4366671518124289,-67.11024599516023,225.21393761154698
3830000,1915000.0,-67.63298797607422,0.526841061560366,-67.10614691451386,271.7217209423268
3831000,1915500.0,-67.66217041015625,0.5513253101322724,-67.11084510002398,284.34963217277254
3832000,1916000.0,-67.56277465820312,0.45376560177140274,-67.10900905643172,234.0325749336614
3833000,1916500.0,-67.57597351074219,0.4699255995183476,-67.10604791122384,242.36719939368152
3834000,1917000.0,-67.64910125732422,0.5407920825656019,-67.10830917475862,278.9170512098991
3835000,1917500.0,-67.50706481933594,0.3989768396062615,-67.10808797972967,205.77491274666383
3836000,1918000.0,-67.56734466552734,0.4627505524177608,-67.10459411310958,238.66662195531813
3837000,1918500.0,-67.70233917236328,0.5878632938194482,-67.11447587854383,303.19433607234606
3838000,1919000.0,-67.63072204589844,0.5219880044750748,-67.10873404142336,269.2187250309202
3839000,1919500.0,-67.57543182373047,0.47524388701780923,-67.10018793671266,245.11014093195072
3840000,1920000.0,-67.48770141601562,0.3917988466249941,-67.09590256939063,202.07281595108512
3841000,1920500.0,-67.54180908203125,0.4449277713276356,-67.09688131070361,229.47440611807122
3842000,1921000.0,-67.52666473388672,0.4325875719526182,-67.0940771619341,223.10986763464294
3843000,1921500.0,-67.52249908447266,0.4202613248144107,-67.10223775965825,216.75252510854145
3844000,1922000.0,-67.61566925048828,0.5113076292025648,-67.10436162128572,263.7102516770001
3845000,1922500.0,-67.5269546508789,0.4234454433105434,-67.10350920756837,218.3947550343771
3846000,1923000.0,-67.58267211914062,0.48150141677499114,-67.10117070236564,248.33750280354332
3847000,1923500.0,-67.58928680419922,0.49148019294612383,-67.09780661125309,253.4841218352639
3848000,1924000.0,-67.64453887939453,0.5420925396884891,-67.10244633970605,279.5877704708392
3849000,1924500.0,-67.71094512939453,0.604573122030871,-67.10637200736366,311.81253918812234
3850000,1925000.0,-67.70923614501953,0.5996839790880897,-67.10955216593145,309.2909317598575
3851000,1925500.0,-67.60223388671875,0.4977876472443997,-67.10444623947436,256.7372326152334
3852000,1926000.0,-67.50218200683594,0.39806698298188553,-67.10411502385405,205.30564824580281
3853000,1926500.0,-67.49024963378906,0.3893597027800344,-67.10088993100902,200.8148115707595
3854000,1927000.0,-67.62138366699219,0.5229942727713337,-67.09838939422086,269.7377144817033
3855000,1927500.0,-67.61109924316406,0.5042180668104399,-67.10688117635362,260.05376353575554
3856000,1928000.0,-67.609619140625,0.5087728028187877,-67.10084633780622,262.4028984018966
3857000,1928500.0,-67.51194763183594,0.41005699416588026,-67.10189063767005,211.4895748808749
3858000,1929000.0,-67.61247253417969,0.5122118910964892,-67.1002606430832,264.17663065906345
3859000,1929500.0,-67.60372161865234,0.5012608947474386,-67.10246072390491,258.5285827161333
3860000,1930000.0,-67.60054779052734,0.49048509962290854,-67.11006269090444,252.97089594986792
3861000,1930500.0,-67.58393859863281,0.4776247906285902,-67.10631380800422,246.33810753083944
3862000,1931000.0,-67.46723175048828,0.3619905187136872,-67.1052412317746,186.6989760030661
3863000,1931500.0,-67.63761901855469,0.5278739205248661,-67.10974509802982,272.2544247040523
3864000,1932000.0,-67.49295043945312,0.3898583491108204,-67.1030920903423,201.0719916750237
3865000,1932500.0,-67.55400848388672,0.4391314794940296,-67.1148770043927,226.4849307202222
3866000,1933000.0,-67.48875427246094,0.3785099172940754,-67.11024435516686,195.21896379198483
3867000,1933500.0,-67.67251586914062,0.5665506621119415,-67.10596520702869,292.20220696945876
3868000,1934000.0,-67.66822814941406,0.5615853430712308,-67.10664280634283,289.64131122079846
3869000,1934500.0,-67.59709930419922,0.48649166648146047,-67.11060763771776,250.9112567060159
3870000,1935000.0,-67.47642517089844,0.3751131709383835,-67.10131199996006,193.46706965784202
3871000,1935500.0,-67.62022399902344,0.5104322140295627,-67.10979178499387,263.2587505797951
3872000,1936000.0,-67.64708709716797,0.5378045753846228,-67.10928252178334,277.37622485490897
3873000,1936500.0,-67.4183120727539,0.3157497035117186,-67.1025623692422,162.8499733318585
3874000,1937000.0,-67.75542449951172,0.6452082126673807,-67.11021628684433,332.7703527755789
3875000,1937500.0,-67.52616882324219,0.41881731094050184,-67.10735151230169,216.00776551497253
3876000,1938000.0,-67.5411605834961,0.43479499017902346,-67.10636559331707,224.24835801263632
3877000,1938500.0,-67.6492919921875,0.5386217082142625,-67.11067028397323,277.79766645259036
3878000,1939000.0,-67.5338134765625,0.42441498007318623,-67.10939849648932,218.89479995661972
3879000,1939500.0,-67.58258819580078,0.47944263183133123,-67.10314556396945,247.27567101259564
3880000,1940000.0,-67.54903411865234,0.44544191017480134,-67.10359220847754,229.73957658891763
3881000,1940500.0,-67.63021850585938,0.5247628309119908,-67.10545567494738,270.64985990207475
3882000,1941000.0,-67.53833770751953,0.43061631870145195,-67.10772138881808,222.09318088620756
3883000,1941500.0,-67.69001770019531,0.5864269695121676,-67.10359073068315,302.45354242302477
3884000,1942000.0,-67.58513641357422,0.4795425312233412,-67.10559388235087,247.32719477696898
3885000,1942500.0,-67.67098999023438,0.5706718226072087,-67.10031816762717,294.3277224308713
3886000,1943000.0,-67.44519805908203,0.35468811103784803,-67.09050994804419,182.9327115155853
3887000,1943500.0,-67.58448791503906,0.48182698335759805,-67.10266093168147,248.50541589643183
3888000,1944000.0,-67.50767517089844,0.4110519952731631,-67.09662317562527,212.002753205301
3889000,1944500.0,-67.54862976074219,0.45317069348079414,-67.09545906726139,233.72574709444885
3890000,1945000.0,-67.5634765625,0.4645021256359406,-67.09897443686405,239.57000729090817
3891000,1945500.0,-67.50526428222656,0.4109790151856284,-67.09428526704093,211.9651132481558
3892000,1946000.0,-67.60297393798828,0.4937963484569822,-67.1091775895313,254.67869417842283
3893000,1946500.0,-67.65625,0.5550585028074462,-67.10119149719256,286.2750506952073
3894000,1947000.0,-67.50828552246094,0.4076902371861879,-67.10059528527475,210.26890449943275
3895000,1947500.0,-67.70487213134766,0.5943185150718803,-67.11055361627578,306.523658624729
3896000,1948000.0,-67.5905532836914,0.49248869685480584,-67.0980645868366,254.00426431776617
3897000,1948500.0,-67.58086395263672,0.474537254805787,-67.10632669783094,244.74569075003953
3898000,1949000.0,-67.64122772216797,0.5375958916840032,-67.10363183048396,277.2685948723541
3899000,1949500.0,-67.6615982055664,0.5515676981735849,-67.11003050739282,284.474645389332
3900000,1950000.0,-67.60116577148438,0.4990278222180444,-67.10213794926634,257.3768609636964
3901000,1950500.0,-67.54814910888672,0.4449931890110847,-67.10315591987563,229.50814571588123
3902000,1951000.0,-67.4760513305664,0.3828635107172528,-67.09318781984915,197.4643580551528
3903000,1951500.0,-67.51217651367188,0.41080423457210213,-67.10137227909978,211.87496900436042
3904000,1952000.0,-67.65536499023438,0.556782340120537,-67.09858265011384,287.16413105646524
3905000,1952500.0,-67.41266632080078,0.3160719475836409,-67.09659437321714,163.0161728181454
3906000,1953000.0,-67.58745574951172,0.49486100989979703,-67.09259473961193,255.22780027620072
3907000,1953500.0,-67.48665618896484,0.3911577448787725,-67.09549844408608,201.74216353521888
3908000,1954000.0,-67.58314514160156,0.4875221626331288,-67.09562297896844,251.44274183158007
3909000,1954500.0,-67.41939544677734,0.3312444228075262,-67.08815102396981,170.84147608243273
3910000,1955000.0,-67.55062866210938,0.45338104676358165,-67.0972476153458,233.8342381749193
3911000,1955500.0,-67.54345703125,0.44261656014529566,-67.1008404711047,228.28238384466192
3912000,1956000.0,-67.451904296875,0.35182954820999496,-67.10007474866501,181.45838905350251
3913000,1956500.0,-67.59858703613281,0.5011384238854295,-67.09744861224738,258.46541756858034
3914000,1957000.0,-67.5292739868164,0.4304229702236714,-67.09885101659273,221.99346014506315
3915000,1957500.0,-67.61941528320312,0.5243639526669476,-67.09505133053618,270.44413584011835
3916000,1958000.0,-67.5459213256836,0.4412819291066639,-67.10463939657693,227.59403916331533
3917000,1958500.0,-67.69720458984375,0.5920599633821781,-67.10514462646157,305.3587958288311
3918000,1959000.0,-67.49577331542969,0.3905622046142774,-67.1052111108154,201.43500975134373
3919000,1959500.0,-67.56277465820312,0.45654670926747326,-67.10622794893565,235.46694930212794
3920000,1960000.0,-67.44873809814453,0.34920579166537,-67.09953230647916,180.10516946669267
3921000,1960500.0,-67.53917694091797,0.4341578652758731,-67.10501907564209,223.9197566795768
3922000,1961000.0,-67.56352233886719,0.45363813937699754,-67.1098841994902,233.96683537065044
3923000,1961500.0,-67.58941650390625,0.472809220223368,-67.11660728368288,243.85444561969211
3924000,1962000.0,-67.50582885742188,0.40672482854446845,-67.0991040288774,209.77098868253785
3925000,1962500.0,-67.52864837646484,0.4228768358399721,-67.10577154062487,218.1014920150014
3926000,1963000.0,-67.69571685791016,0.5881775339530179,-67.10753932395714,303.3564074751137
3927000,1963500.0,-67.54946899414062,0.4436045506285942,-67.10586444351203,228.79194639394655
3928000,1964000.0,-67.54299926757812,0.4382870853290817,-67.10471218224905,226.049428910675
3929000,1964500.0,-67.5615005493164,0.4530314782193443,-67.10846907109706,233.65394591344267
3930000,1965000.0,-67.59529876708984,0.4955334902306505,-67.09976527685919,255.57463640218182
3931000,1965500.0,-67.54432678222656,0.43742009698401657,-67.10690668524255,225.6022740050564
3932000,1966000.0,-67.6545639038086,0.5492528595206044,-67.10531104428799,283.28075222423064
3933000,1966500.0,-67.47049713134766,0.3693794361138782,-67.10111769523378,190.5098584463104
3934000,1967000.0,-67.73262786865234,0.6228138155042121,-67.10981405314813,321.22029606849566
3935000,1967500.0,-67.5523452758789,0.43853956329304794,-67.11380571258586,226.17964607079105
3936000,1968000.0,-67.50184631347656,0.39438619435890854,-67.10746011911765,203.40725745580238
3937000,1968500.0,-67.59532165527344,0.4939674421166569,-67.10135421315678,254.76693685167123
3938000,1969000.0,-67.46414947509766,0.3608802942677994,-67.10326918082986,186.1263704886527
3939000,1969500.0,-67.61695098876953,0.5119267756493814,-67.10502421312015,264.02958050369796
3940000,1970000.0,-67.61898803710938,0.5097417168388158,-67.10924632027056,262.90262214056537
3941000,1970500.0,-67.66913604736328,0.5595936455752752,-67.109542401788,288.6140802194891
3942000,1971000.0,-67.49765014648438,0.3970217625395042,-67.10062838394487,204.7665689710652
3943000,1971500.0,-67.64722442626953,0.5404720281085615,-67.10675239816096,278.75198103179895
3944000,1972000.0,-67.65766906738281,0.5494936574648582,-67.10817540991795,283.4049453378392
3945000,1972500.0,-67.57868957519531,0.4747508939089507,-67.10393868128637,244.8558765138452
3946000,1973000.0,-67.49214935302734,0.384892749450653,-67.10725660357669,198.51095119504447
3947000,1973500.0,-67.58158111572266,0.48100943324378587,-67.10057168247887,248.08375908171107
3948000,1974000.0,-67.60645294189453,0.5039358610406224,-67.10251708085391,259.9082140654702
3949000,1974500.0,-67.54412078857422,0.4419619366863255,-67.10215885188789,227.94475751706744
3950000,1975000.0,-67.4706039428711,0.36658393430527847,-67.10402000856581,189.06806011707545
3951000,1975500.0,-67.52253723144531,0.41328260045449505,-67.10925463099082,213.15320240684815
3952000,1976000.0,-67.4245834350586,0.3207175854001294,-67.10386584965846,165.41219088597092
3953000,1976500.0,-67.5146484375,0.41579243829142637,-67.09885599920857,214.4476676755903
3954000,1977000.0,-67.5723648071289,0.4690647868909564,-67.10330002023795,241.92322965481782
3955000,1977500.0,-67.6818618774414,0.5744434468541205,-67.10741843058729,296.27296228761935
3956000,1978000.0,-67.62101745605469,0.5212236210067717,-67.09979383504792,268.8244892611189
3957000,1978500.0,-67.46980285644531,0.36838459644852584,-67.10141825999679,189.99676338661516
3958000,1979000.0,-67.48965454101562,0.390846611305577,-67.09880792971005,201.58169436126875
3959000,1979500.0,-67.60848236083984,0.5093644351029912,-67.09911792573685,262.70803661939374
3960000,1980000.0,-67.63502502441406,0.5365334766848282,-67.09849154772924,276.72064739256615
3961000,1980500.0,-67.44718933105469,0.34731988152167803,-67.099869449533,179.13249898374121
3962000,1981000.0,-67.62680053710938,0.5303707638367765,-67.0964297732726,273.5421879615825
3963000,1981500.0,-67.59296417236328,0.5055367502991271,-67.08742742206415,260.73388316398473
3964000,1982000.0,-67.42550659179688,0.32960360512405645,-67.09590298667281,169.99521363776958
3965000,1982500.0,-67.65848541259766,0.5612284251517006,-67.09725698744596,289.4572284709789
3966000,1983000.0,-67.6331787109375,0.532688967228003,-67.1004897437095,274.7378165124262
3967000,1983500.0,-67.61019134521484,0.5168119061340894,-67.09337943908075,266.5491184804861
3968000,1984000.0,-67.59198760986328,0.4958740114948587,-67.09611359836842,255.75026246985027
3969000,1984500.0,-67.63996887207031,0.5370316800338493,-67.10293719203646,276.97759902608976
3970000,1985000.0,-67.55052947998047,0.45060260659779255,-67.09992687338267,232.40123949947915
3971000,1985500.0,-67.4893569946289,0.3891112508260257,-67.10024574380289,200.68667085159314
3972000,1986000.0,-67.60387420654297,0.5075264076316974,-67.09634779891127,261.76006193769365
3973000,1986500.0,-67.47607421875,0.37710128258671566,-67.09897293616328,194.4924512348025
3974000,1987000.0,-67.52153015136719,0.42682732660997014,-67.09470282475722,220.138983450106
3975000,1987500.0,-67.64103698730469,0.5361296858800122,-67.10490730142467,276.5123896457984
3976000,1988000.0,-67.43682861328125,0.3313183226165222,-67.10551029066472,170.8795903919329
3977000,1988500.0,-67.65721130371094,0.5542006408399475,-67.10301066287099,285.8326027784687
3978000,1989000.0,-67.50576782226562,0.4105567200696963,-67.09521110219593,211.74731178198542
3979000,1989500.0,-67.60792541503906,0.5128831659809997,-67.09504224905807,264.52284506821434
3980000,1990000.0,-67.6550521850586,0.5530010938438836,-67.1020510912147,285.21392857498824
3981000,1990500.0,-67.7694320678711,0.6602607910727419,-67.10917127679835,340.53381847206464
3982000,1991000.0,-67.46161651611328,0.3653028517367734,-67.09631366437651,188.40733340919047
3983000,1991500.0,-67.53740692138672,0.4374302764344781,-67.09997664495224,225.607524123165
3984000,1992000.0,-67.67845153808594,0.5677183745852485,-67.11073316350068,292.80446230975645
3985000,1992500.0,-67.68244171142578,0.5772122121529589,-67.10522949927282,297.7009710871946
3986000,1993000.0,-67.58612823486328,0.4767532109334908,-67.10937502392979,245.88858460643152
3987000,1993500.0,-67.52143096923828,0.41490960759597945,-67.10652136164231,213.9923419742164
3988000,1994000.0,-67.55159759521484,0.44099717588861953,-67.11060041932622,227.44717582995685
3989000,1994500.0,-67.58026123046875,0.47619600981958676,-67.10406522064916,245.6012044900591
3990000,1995000.0,-67.66378784179688,0.5575411632602417,-67.10624667853664,287.55549905044955
3991000,1995500.0,-67.53966522216797,0.43047932366441444,-67.10918589850355,222.02252480045348
3992000,1996000.0,-67.58101654052734,0.46429830608174427,-67.1167182344456,239.46488602366315
3993000,1996500.0,-67.61383056640625,0.5101548003286991,-67.10367576607756,263.1156726503938
3994000,1997000.0,-67.48414611816406,0.3711505480221646,-67.1129955701419,191.4233209890281
3995000,1997500.0,-67.4939956665039,0.38991689389964057,-67.10407877260427,201.1021865325075
3996000,1998000.0,-67.66084289550781,0.5499272204129129,-67.1109156750949,283.62855826207357
3997000,1998500.0,-67.47598266601562,0.3675090325530456,-67.10847363346258,189.54518558482002
3998000,1999000.0,-67.5662612915039,0.4590708863529967,-67.10719040515092,236.7688101320531
3999000,1999500.0,-67.64298248291016,0.5335169998661772,-67.10946548304398,275.16487975760066
4000000,2000000.0,-67.44725036621094,0.3471608069537998,-67.10008955925714,179.0504552356438
4001000,2000500.0,-67.55130767822266,0.44334027949201893,-67.10796739873064,228.655646827977
4002000,2001000.0,-67.5323486328125,0.4368649860747004,-67.0954836467378,225.3159719253618
4003000,2001500.0,-67.63465881347656,0.5237997466268312,-67.11085906684973,270.15314288726756
4004000,2002000.0,-67.67693328857422,0.5620343501278058,-67.11489893844642,289.87288954494517
4005000,2002500.0,-67.49939727783203,0.39318301853237614,-67.10621425929966,202.78671165928967
4006000,2003000.0,-67.52936553955078,0.41681694041208955,-67.11254859913869,214.97606134048647
4007000,2003500.0,-67.72329711914062,0.6170324241845122,-67.10626469495611,318.2385057080837
4008000,2004000.0,-67.50395202636719,0.39920428973147065,-67.10474773663572,205.8922216353585
4009000,2004500.0,-67.46955871582031,0.35939624287147837,-67.11016247294883,185.36096128121375
4010000,2005000.0,-67.6796875,0.5737972802389982,-67.10589021976101,295.9396976325135
4011000,2005500.0,-67.50274658203125,0.3934510121639287,-67.10929556986733,202.92493112637405
4012000,2006000.0,-67.7086410522461,0.6077105072657886,-67.1009305449803,313.4306661290369
4013000,2006500.0,-67.55010986328125,0.44326183519563095,-67.10684802808562,228.61518866940156
4014000,2007000.0,-67.53218078613281,0.4329501143276102,-67.0992306718052,223.2968512341285
4015000,2007500.0,-67.541259765625,0.4380643715567627,-67.10319539406824,225.9345628269403
4016000,2008000.0,-67.47560119628906,0.3759979260886853,-67.09960327020038,193.9233879093856
4017000,2008500.0,-67.65316009521484,0.5546965311585351,-67.0984635640563,286.0883614514283
4018000,2009000.0,-67.46009826660156,0.3573261696540046,-67.10277209694756,184.2933074892662
4019000,2009500.0,-67.60311126708984,0.5079326629606239,-67.09517860412922,261.96959077887954
4020000,2010000.0,-67.50492095947266,0.4012167667128295,-67.10370419275982,206.93016979207977
4021000,2010500.0,-67.52173614501953,0.4168072991758717,-67.10492884584366,214.97108880989182
4022000,2011000.0,-67.62816619873047,0.5246382217697055,-67.10352797696076,270.5855919224935
4023000,2011500.0,-67.65392303466797,0.5571405304498391,-67.09678250421813,287.34887005994125
4024000,2012000.0,-67.63505554199219,0.5300008466072441,-67.10505469538495,273.3514007326656
4025000,2012500.0,-67.70893096923828,0.6053708101233878,-67.10356015911489,312.22395203554146
4026000,2013000.0,-67.4869384765625,0.3916874953199149,-67.09525098124259,202.0153857876964
4027000,2013500.0,-67.76586151123047,0.6648865443830496,-67.10097496684742,342.91958097586195
4028000,2014000.0,-67.57740783691406,0.47973259176048794,-67.09767524515358,247.42521974124148
4029000,2014500.0,-67.64480590820312,0.5471267415236074,-67.09767916667951,282.1841929709343
4030000,2015000.0,-67.48907470703125,0.38974861977240977,-67.09932608725885,201.0153980515455
4031000,2015500.0,-67.54592895507812,0.4513521849803258,-67.0945767700978,232.78783944952832
4032000,2016000.0,-67.48408508300781,0.3809915364983102,-67.1030935465095,196.49887511647628
4033000,2016500.0,-67.5679931640625,0.46099330193619203,-67.1069998621263,237.76030853402858
4034000,2017000.0,-67.54451751708984,0.4448871162106211,-67.09963040087922,229.45343797574841
4035000,2017500.0,-67.53628540039062,0.4314270385205148,-67.10485836187011,222.51131493176842
4036000,2018000.0,-67.5281753540039,0.4328154802153454,-67.09535987378857,223.22741281075696
4037000,2018500.0,-67.674560546875,0.5760178949584892,-67.09854265191652,297.0849941880684
4038000,2019000.0,-67.51600646972656,0.4182670139539386,-67.09773945577263,215.72394624740164
4039000,2019500.0,-67.52037048339844,0.42890897348988827,-67.09146150990856,221.21260643410486
4040000,2020000.0,-67.62810516357422,0.5379258922722051,-67.09017927130202,277.4387948326089
4041000,2020500.0,-67.60323333740234,0.5020129991668888,-67.10122033823545,258.9164854862326
4042000,2021000.0,-67.69503021240234,0.59486863509141,-67.10016157731093,306.80738662039573
4043000,2021500.0,-67.52242279052734,0.42719158910260274,-67.09523120142474,220.3268542115074
4044000,2022000.0,-67.65267944335938,0.554356476958237,-67.09832296640114,285.91297627502416
4045000,2022500.0,-67.68878173828125,0.589992626883023,-67.09878911139823,304.2925535172436
4046000,2023000.0,-67.50569152832031,0.4026507968914182,-67.10304073142889,207.6697802295337
4047000,2023500.0,-67.58431243896484,0.4793982420283502,-67.10491419693649,247.25277668157563
4048000,2024000.0,-67.61469268798828,0.5201314488310423,-67.09456123915724,268.2611943230297
4049000,2024500.0,-67.65865325927734,0.5597536430331734,-67.09889961624417,288.69659995414634
4050000,2025000.0,-67.5378189086914,0.432270267541229,-67.10554864115018,222.94621581056168
4051000,2025500.0,-67.52145385742188,0.4189528487480836,-67.1025010086738,216.07767002511034
4052000,2026000.0,-67.32870483398438,0.23629517147322524,-67.09240966251114,121.87077911676805
4053000,2026500.0,-67.5079574584961,0.40845214618778436,-67.09950531230831,210.66186404685695
4054000,2027000.0,-67.6317367553711,0.5372200314456489,-67.09451672392545,277.0747424977936
4055000,2027500.0,-67.54450225830078,0.45284245563593933,-67.09165980266484,233.55645628059656
4056000,2028000.0,-67.5559310913086,0.4648710757692268,-67.09106001553937,239.76029573361515
4057000,2028500.0,-67.61766052246094,0.5216738330312359,-67.09598668942971,269.0566890553302
4058000,2029000.0,-67.57593536376953,0.4809155665212687,-67.09501979724826,248.03534670605828
4059000,2029500.0,-67.62019348144531,0.5254328314914998,-67.09476064995381,270.9954170800922
4060000,2030000.0,-67.5215835571289,0.4277242421694026,-67.0938593149595,220.60157351213934
4061000,2030500.0,-67.56338500976562,0.46159033358158436,-67.10179467618404,238.06823150734914
4062000,2031000.0,-67.54911041259766,0.4492140600384611,-67.0998963525592,231.68508753593886
4063000,2031500.0,-67.47893524169922,0.3739658657810777,-67.10496937591815,192.8753395241546
4064000,2032000.0,-67.5643081665039,0.46466099075716194,-67.09964717574674,239.65194301552333
4065000,2032500.0,-67.54239654541016,0.44667435161573815,-67.09572219379442,230.37521631734
4066000,2033000.0,-67.47911071777344,0.38229702804637544,-67.09681368972706,197.17219091510697
4067000,2033500.0,-67.53707122802734,0.4323704544653483,-67.104700773562,222.99788787149973
4068000,2034000.0,-67.5695571899414,0.46079226446613974,-67.10876492547527,237.65662214486463
4069000,2034500.0,-67.5994644165039,0.49092349269153596,-67.10854092381237,253.19700004035744
4070000,2035000.0,-67.59551239013672,0.4890782705109057,-67.10643411962582,252.2453146402923
4071000,2035500.0,-67.56751251220703,0.4603660357215772,-67.10714647648545,237.43679188401782
4072000,2036000.0,-67.48796081542969,0.3772079953134843,-67.1107528201162,194.54748902110973
4073000,2036500.0,-67.4889144897461,0.3770151207797996,-67.11189936896629,194.44801271973043
4074000,2037000.0,-67.59983825683594,0.48409617556323997,-67.1157420812727,249.67576660797235
4075000,2037500.0,-67.61551666259766,0.5075640486277851,-67.10795261396987,261.77947552744814
4076000,2038000.0,-67.61790466308594,0.5076246315844947,-67.11028003150145,261.81072158334234
4077000,2038500.0,-67.65778350830078,0.5455642609804796,-67.1122192473203,281.3783334184155
4078000,2039000.0,-67.68818664550781,0.5699564422866209,-67.11823020322119,293.9587603547896
4079000,2039500.0,-67.6097640991211,0.49842806833170455,-67.11133603078939,257.0675339768145
4080000,2040000.0,-67.53715515136719,0.4162513062555605,-67.12090384511163,214.6843318272617
4081000,2040500.0,-67.53594207763672,0.4234169106535771,-67.11252516698315,218.38003913005682
4082000,2041000.0,-67.65132904052734,0.5314577911697246,-67.11987124935762,274.1028294133805
4083000,2041500.0,-67.56980895996094,0.4488289675152326,-67.12097999244571,231.48647355011218
4084000,2042000.0,-67.55867767333984,0.4444324363972044,-67.11424523694264,229.2189338901834
4085000,2042500.0,-67.63214111328125,0.5169327832418369,-67.11520833003941,266.6114616388617
4086000,2043000.0,-67.50346374511719,0.38859703932900785,-67.11486670578817,200.42146291111067
4087000,2043500.0,-67.5478744506836,0.4377804543447406,-67.11009399633885,225.78813066915194
4088000,2044000.0,-67.55754089355469,0.4438111724132502,-67.11372972114144,228.89851292986654
4089000,2044500.0,-67.62198638916016,0.509517451023283,-67.11246893813687,262.786955580399
4090000,2045000.0,-67.51255798339844,0.4039920385701292,-67.10856594482831,208.36153439170843
4091000,2045500.0,-67.6392822265625,0.5304131770932381,-67.10886904946926,273.5640628758164
4092000,2046000.0,-67.51761627197266,0.4102148446493132,-67.10740142732334,211.570987299419
4093000,2046500.0,-67.67652130126953,0.5649122953505319,-67.111609005919,291.35720860386743
4094000,2047000.0,-67.68749237060547,0.5724976286287484,-67.11499474197672,295.2693938199811
4095000,2047500.0,-67.53866577148438,0.41709999330245334,-67.12156577818192,215.12204771873033
4096000,2048000.0,-67.64256286621094,0.527454327256416,-67.11510853895452,272.03801673338006
4097000,2048500.0,-67.65573120117188,0.5311467025719576,-67.12458449859992,273.94238343580156
4098000,2049000.0,-67.53007507324219,0.41391687421324697,-67.11615819902894,213.48033324354904
4099000,2049500.0,-67.58865356445312,0.480773169649087,-67.10788039480404,247.96190458852206
4100000,2050000.0,-67.46976470947266,0.3548325099519328,-67.11493219952072,183.0071861993184
4101000,2050500.0,-67.60545349121094,0.48567962339930176,-67.11977386781163,250.49244017886448
4102000,2051000.0,-67.54065704345703,0.4257074685797396,-67.11494957487729,219.56140935160255
4103000,2051500.0,-67.4500961303711,0.3314837970405883,-67.1186123333305,170.96493490768876
4104000,2052000.0,-67.55878448486328,0.4479194458870695,-67.11086503897621,231.0173818257375
4105000,2052500.0,-67.47569274902344,0.35936458848169617,-67.11632816054174,185.3446353227899
4106000,2053000.0,-67.64871215820312,0.5281068927783801,-67.12060526542474,272.37458166651294
4107000,2053500.0,-67.50785064697266,0.3935609305987776,-67.11428971637388,202.9816222775762
4108000,2054000.0,-67.5269775390625,0.4063621527577388,-67.12061538630476,209.58393627507664
4109000,2054500.0,-67.55949401855469,0.44127998296123105,-67.11821403559345,227.5930354260883
4110000,2055000.0,-67.58268737792969,0.46898137389929007,-67.11370600403039,241.88020885917712
4111000,2055500.0,-67.61013793945312,0.49982828169811083,-67.11030965775501,257.7897031723581
4112000,2056000.0,-67.55464935302734,0.43805647009260484,-67.11659288293474,225.93048759515676
4113000,2056500.0,-67.53315734863281,0.42070264188706796,-67.11245470674575,216.9801372732207
4114000,2057000.0,-67.61344146728516,0.5062661955033316,-67.10717527178183,261.1100992957201
4115000,2057500.0,-67.45704650878906,0.3433445295249138,-67.11370197926415,177.08218520843855
4116000,2058000.0,-67.66254425048828,0.5535169430434568,-67.10902730744482,285.47998117126764
4117000,2058500.0,-67.72460174560547,0.6115990719174054,-67.11300267368806,315.43621876383617
4118000,2059000.0,-67.60485076904297,0.4917933204009021,-67.11305744864207,253.64561936667243
4119000,2059500.0,-67.45426940917969,0.3477230757544368,-67.10654633342526,179.34044904457122
4120000,2060000.0,-67.60186767578125,0.48914025010577067,-67.11272742567547,252.27728102144366
4121000,2060500.0,-67.61869049072266,0.5099084671942273,-67.10878202352843,262.9886247262522
4122000,2061000.0,-67.6888198852539,0.5731156955358989,-67.115704189718,295.5881658670403
4123000,2061500.0,-67.60430145263672,0.4906616277707405,-67.11363982486598,253.0619414959034
4124000,2062000.0,-67.7236328125,0.6129297971023548,-67.11070301539765,316.12254897561735
4125000,2062500.0,-67.73838806152344,0.6210452855873375,-67.1173427759361,320.30816520472456
4126000,2063000.0,-67.5541763305664,0.439276418863805,-67.11489991170261,226.55968414751015
4127000,2063500.0,-67.5217514038086,0.4017877766755281,-67.11996362713306,207.22467191247287
4128000,2064000.0,-67.52095031738281,0.4089380443786676,-67.11201227300414,210.9124692146442
4129000,2064500.0,-67.61553955078125,0.4962823396424598,-67.11925721113879,255.96086038081557
4130000,2065000.0,-67.5870361328125,0.4744145705592397,-67.11262156225327,244.68241554801634
4131000,2065500.0,-67.66009521484375,0.5453774438327748,-67.11471777101097,281.28198125344653
4132000,2066000.0,-67.52958679199219,0.41822130289440446,-67.11136548909778,215.7003704696786
4133000,2066500.0,-67.68302154541016,0.5650070506486958,-67.11801449476145,291.4060792682178
4134000,2067000.0,-67.52562713623047,0.41517290622942254,-67.11045423000104,214.12813996533924
4135000,2067500.0,-67.44334411621094,0.33193132343826826,-67.11141279277267,171.19574957233272
4136000,2068000.0,-67.64110565185547,0.5286366975559431,-67.11246895429953,272.64783194335456
4137000,2068500.0,-67.63722229003906,0.5258919169100689,-67.111330373129,271.2321933853097
4138000,2069000.0,-67.66930389404297,0.5541641891246849,-67.11513970491828,285.813802568073
4139000,2069500.0,-67.59964752197266,0.48937171852235,-67.1102758034503,252.39666237017613
4140000,2070000.0,-67.4742660522461,0.36535097075402667,-67.10891508149207,188.4321511068456
4141000,2070500.0,-67.66808319091797,0.5533357974097032,-67.11474739350827,285.38655412668817
4142000,2071000.0,-67.65959167480469,0.5445598917571804,-67.11503178304751,280.8603234269238
4143000,2071500.0,-67.45870208740234,0.3467811742226997,-67.11192091317965,178.85465717329262
4144000,2072000.0,-67.69044494628906,0.5809946574348344,-67.10945028885423,299.6517919634516
4145000,2072500.0,-67.59202575683594,0.48561352409030406,-67.10641223274564,250.45834902822267
4146000,2073000.0,-67.55146026611328,0.44808656376407785,-67.1033737023492,231.10357396308996
4147000,2073500.0,-67.63789367675781,0.525089913486212,-67.1128037632716,270.81855487754683
4148000,2074000.0,-67.47162628173828,0.3608362671988658,-67.11079001453942,186.10366324008848
4149000,2074500.0,-67.46356201171875,0.36041283605479024,-67.10314917566396,185.885275859978
4150000,2075000.0,-67.53852081298828,0.4266801024324282,-67.11184071055585,220.06305161827888
4151000,2075500.0,-67.62852478027344,0.5208349457419724,-67.10768983453147,268.62402745291024
4152000,2076000.0,-67.66414642333984,0.5569178729639942,-67.10722855037585,287.2340330063234
4153000,2076500.0,-67.7260971069336,0.6194664049316423,-67.10663070200195,319.4938471869576
4154000,2077000.0,-67.51403045654297,0.40350726728835234,-67.11052318925462,208.11151043465827
4155000,2077500.0,-67.60931396484375,0.5001333766192939,-67.10918058822446,257.9470578720641
4156000,2078000.0,-67.59416961669922,0.4918570025314513,-67.10231261416777,253.67846384173072
4157000,2078500.0,-67.6312026977539,0.5177618858774649,-67.11344081187644,267.0390767422164
4158000,2079000.0,-67.70821380615234,0.598826479491649,-67.1093873266607,308.84867073836057
4159000,2079500.0,-67.48670196533203,0.3784224783305734,-67.10827948700145,195.17386657505608
4160000,2080000.0,-67.59886932373047,0.49545098212563693,-67.10341834160484,255.53208230774663
4161000,2080500.0,-67.63031005859375,0.5270456474390831,-67.10326441115467,271.8272374464521
4162000,2081000.0,-67.55148315429688,0.44058951908084143,-67.11089363521603,227.23692416689312
4163000,2081500.0,-67.70677947998047,0.6062444463911302,-67.10053503358934,312.67453565073185
4164000,2082000.0,-67.46415710449219,0.3599668944189708,-67.10419021007321,185.65527854662164
4165000,2082500.0,-67.43062591552734,0.32467645660273514,-67.10594945892461,167.4540045839676
4166000,2083000.0,-67.47615814208984,0.36978364353183024,-67.10637449855801,190.71833106402607
4167000,2083500.0,-67.60112762451172,0.495161443859627,-67.10596618065209,255.38275105462475
4168000,2084000.0,-67.50816345214844,0.41000424028514304,-67.09815921186329,211.46236672208437
4169000,2084500.0,-67.5845947265625,0.48166482463771104,-67.1029299019248,248.42178147677782
4170000,2085000.0,-67.43804168701172,0.33974341869322333,-67.0982982683185,175.2248887600696
4171000,2085500.0,-67.66732788085938,0.56259470052876,-67.10473318033061,290.16189392669753
4172000,2086000.0,-67.55200958251953,0.449334580216727,-67.1026750023028,231.74724660560156
4173000,2086500.0,-67.51556396484375,0.40039203217517866,-67.11517193266857,206.5048075638067
4174000,2087000.0,-67.56758117675781,0.45634830116867076,-67.11123287558914,235.3646190283717
4175000,2087500.0,-67.6294937133789,0.5213640600734744,-67.10812965330543,268.89692162768307
4176000,2088000.0,-67.47795104980469,0.36600325153137275,-67.11194779827332,188.76856918108064
4177000,2088500.0,-67.56732177734375,0.4539938676685705,-67.11332790967518,234.15030456207566
4178000,2089000.0,-67.53465270996094,0.42073596209570013,-67.11391674786523,216.9973223886042
4179000,2089500.0,-67.41793823242188,0.3150521327153273,-67.10288609970655,162.4901966342845
4180000,2090000.0,-67.63249206542969,0.5295090302201974,-67.10298303520949,273.09774321652554
4181000,2090500.0,-67.4359359741211,0.3291665569217496,-67.10676941719935,169.769803170875
4182000,2091000.0,-67.56281280517578,0.45870948894992614,-67.10410331622586,236.58241705931957
4183000,2091500.0,-67.59451293945312,0.48748223973861676,-67.10703069971451,251.4221513377987
4184000,2092000.0,-67.6730728149414,0.5642350599308342,-67.10883775501057,291.0079200097356
4185000,2092500.0,-67.53848266601562,0.4335412403235309,-67.10494142569209,223.60172833013465
4186000,2093000.0,-67.57389831542969,0.46412821267213367,-67.10977010275755,239.37715923592293
4187000,2093500.0,-67.47845458984375,0.37901674379503336,-67.09943784604872,195.48036287248095
4188000,2094000.0,-67.55809020996094,0.45805981856316524,-67.10003039139777,236.2473453110904
4189000,2094500.0,-67.7033920288086,0.6018084697743019,-67.1015835590343,310.38665171698045
4190000,2095000.0,-67.54293060302734,0.44681537146200073,-67.09611523156535,230.44794822475816
4191000,2095500.0,-67.57957458496094,0.4826738196999429,-67.096900765261,248.94217727493358
4192000,2096000.0,-67.63459014892578,0.5301805035352787,-67.1044096453905,273.4440599675403
4193000,2096500.0,-67.50387573242188,0.40036297239544405,-67.10351276002643,206.48981979247336
4194000,2097000.0,-67.5614013671875,0.45792911089344757,-67.10347225629405,236.17993197612586
4195000,2097500.0,-67.67955780029297,0.5767411490557325,-67.10281665123723,297.4580172159233
4196000,2098000.0,-67.61752319335938,0.5082561794737666,-67.10926701388561,262.1364465350426
4197000,2098500.0,-67.62159729003906,0.5189518730988327,-67.10264541694023,267.6528204294146
4198000,2099000.0,-67.62186431884766,0.5228409696167107,-67.09902334923095,269.6586473777143
4199000,2099500.0,-67.56729125976562,0.4630881866009401,-67.10420307316468,238.8407589920759
4200000,2100000.0,-67.66648864746094,0.5715633584353195,-67.09492528902562,294.78753786131347
4201000,2100500.0,-67.3800277709961,0.286943150293485,-67.09308462070261,147.99280522940927
4202000,2101000.0,-67.66447448730469,0.5626673613712808,-67.1018071259334,290.19936923114017
4203000,2101500.0,-67.61016845703125,0.5151006697426499,-67.0950677872886,265.66653712692954
4204000,2102000.0,-67.58455657958984,0.4832536852180178,-67.10130289437183,249.2412467058921
4205000,2102500.0,-67.54705810546875,0.452815182171604,-67.09424292329714,233.54238981310576
4206000,2103000.0,-67.46543884277344,0.37118080075833176,-67.0942580420151,191.43892403543876
4207000,2103500.0,-67.61587524414062,0.5205059864143529,-67.09536925772628,268.45436452960644
4208000,2104000.0,-67.55521392822266,0.45587443892738905,-67.09933948929526,235.12022148025858
4209000,2104500.0,-67.47677612304688,0.38291902800974786,-67.09385709503712,197.49299146161914
4210000,2105000.0,-67.5384521484375,0.4497085687689764,-67.08874357966852,231.94013364582003
4211000,2105500.0,-67.50643920898438,0.41588612976367584,-67.0905530792207,214.4959896647721
4212000,2106000.0,-67.600341796875,0.5092668615857705,-67.09107493528923,262.6577124401449
4213000,2106500.0,-67.55632781982422,0.46002541857208074,-67.09630240125213,237.26111636288528
4214000,2107000.0,-67.53681945800781,0.43873169501096204,-67.09808776299685,226.2787392600816
4215000,2107500.0,-67.55262756347656,0.4503915166736927,-67.10223604680287,232.29236849143712
4216000,2108000.0,-67.62871551513672,0.5360642554876208,-67.0926512596491,276.47864349326835
4217000,2108500.0,-67.59445190429688,0.4981036072044717,-67.0963482970924,256.9001910297605
4218000,2109000.0,-67.570068359375,0.4711964905367029,-67.0988718688383,243.0226697429646
4219000,2109500.0,-67.66178894042969,0.5641473413602301,-67.09764159906946,290.96267858361637
4220000,2110000.0,-67.4721450805664,0.3760074121637877,-67.09613766840262,193.92828041462082
4221000,2110500.0,-67.66368103027344,0.56207931632279,-67.10160171395064,289.8960811539081
4222000,2111000.0,-67.6386947631836,0.5372172971185589,-67.10147746606503,277.07333225072534
4223000,2111500.0,-67.54563903808594,0.4463021221589224,-67.09933691592701,230.1832365420889
4224000,2112000.0,-67.57295989990234,0.46844018608701155,-67.10451971381534,241.6010877077813
4225000,2112500.0,-67.71964263916016,0.6242663208692094,-67.09537631829095,321.969435204094
4226000,2113000.0,-67.51187896728516,0.4115505904789379,-67.10032837680622,212.25990694150647
4227000,2113500.0,-67.44588470458984,0.35825803640525294,-67.0876266681846,184.77392385692022
4228000,2114000.0,-67.73255157470703,0.6384727044015243,-67.09407887030551,329.29647036406135
4229000,2114500.0,-67.48721313476562,0.39775957264094436,-67.08945356212467,205.14709935322293
4230000,2115000.0,-67.54752349853516,0.44643000960739365,-67.10109348892776,230.24919532951262
4231000,2115500.0,-67.51678466796875,0.4205453052473988,-67.09623936272135,216.89898987295624
4232000,2116000.0,-67.65437316894531,0.5470623089068672,-67.10731086003844,282.15096142771785
4233000,2116500.0,-67.75814819335938,0.6586375483346061,-67.09951064502476,339.69662042032763
4234000,2117000.0,-67.41604614257812,0.31884773501072666,-67.0971984075674,164.44780332626098
4235000,2117500.0,-67.40203857421875,0.3042164276167177,-67.09782214660203,156.90161090731496
4236000,2118000.0,-67.56922149658203,0.472909208264071,-67.09631228831796,243.9060151052083
4237000,2118500.0,-67.53617095947266,0.44560073417624163,-67.09057022529642,229.82149110573695
4238000,2119000.0,-67.47339630126953,0.36631093203561294,-67.10708536923391,188.92725741214775
4239000,2119500.0,-67.55145263671875,0.4520518334511454,-67.0994008032676,233.1486877212684
4240000,2120000.0,-67.68455505371094,0.5887081084368676,-67.09584694527408,303.63005473300353
4241000,2120500.0,-67.5645980834961,0.46362112296304625,-67.10097696053305,239.1156244041137
4242000,2121000.0,-67.43878936767578,0.332498630539731,-67.10629073713605,171.48834191784147
4243000,2121500.0,-67.56294250488281,0.4566515298179514,-67.10629097506487,235.521011186146
4244000,2122000.0,-67.6969223022461,0.5902142696487154,-67.10670803259738,304.4068672223105
4245000,2122500.0,-67.62269592285156,0.5178587837335628,-67.104837139118,267.08905244482503
4246000,2123000.0,-67.52708435058594,0.4243234342669576,-67.10276091631899,218.8475846087123
4247000,2123500.0,-67.5900650024414,0.48503858285948515,-67.10502641958192,250.16181933060167
4248000,2124000.0,-67.5807876586914,0.47616929922103246,-67.10461835947038,245.58742832427376
4249000,2124500.0,-67.49690246582031,0.39177724629335037,-67.10512521952697,202.0616754388597
4250000,2125000.0,-67.5755386352539,0.4781230662904712,-67.09741556896344,246.59509646019316
4251000,2125500.0,-67.67494201660156,0.574455216620541,-67.10048679998103,296.2790326215781
4252000,2126000.0,-67.65445709228516,0.5566994327866062,-67.09775765949855,287.1213710571066
4253000,2126500.0,-67.55533599853516,0.4574501777358066,-67.09788582079935,235.93291906975688
4254000,2127000.0,-67.58863830566406,0.4932294264861842,-67.09540887917788,254.3863004665716
4255000,2127500.0,-67.7009506225586,0.6002692171661387,-67.10068140539245,309.59277212373775
4256000,2128000.0,-67.54269409179688,0.4490576333985749,-67.0936364583983,231.60440947401025
4257000,2128500.0,-67.59224700927734,0.49789867181579933,-67.09434833746154,256.79449426359133
4258000,2129000.0,-67.5477294921875,0.45553668869607394,-67.09219280349143,234.9460245909163
4259000,2129500.0,-67.63526916503906,0.5424404607916317,-67.09282870424742,279.76721305380346
4260000,2130000.0,-67.40222930908203,0.3133977824646917,-67.08883152661734,161.6369546796565
4261000,2130500.0,-67.58985900878906,0.49716877616370586,-67.09269023262536,256.41804581041316
4262000,2131000.0,-67.62228393554688,0.5243231059728897,-67.09796082957399,270.4230688906833
4263000,2131500.0,-67.55696105957031,0.45914371343318633,-67.09781734613712,236.80637117465997
4264000,2132000.0,-67.57227325439453,0.4769967892423296,-67.0952764651522,246.01421171124727
4265000,2132500.0,-67.69493865966797,0.6001350103913737,-67.0948036492766,309.52355410247486
4266000,2133000.0,-67.61512756347656,0.5223198273280325,-67.09280773614853,269.38986483613326
4267000,2133500.0,-67.38719940185547,0.29211417104207366,-67.0950852308134,150.65979297837765
4268000,2134000.0,-67.60641479492188,0.5040171179567003,-67.10239767696517,259.95012285103405
4269000,2134500.0,-67.57926940917969,0.4816929495182683,-67.09757645966143,248.43628706774993
4270000,2135000.0,-67.51251220703125,0.4169707319641823,-67.09554147506707,215.05538033866262
4271000,2135500.0,-67.62936401367188,0.5287631886408632,-67.10060082503101,272.7130705471501
4272000,2136000.0,-67.62486267089844,0.5299703204127902,-67.09489235048565,273.33565664835623
4273000,2136500.0,-67.51007843017578,0.41231008577524736,-67.09776834440054,212.6516216046529
4274000,2137000.0,-67.61788940429688,0.5173725826180883,-67.10051682167878,266.8382910416999
4275000,2137500.0,-67.62195587158203,0.5197202049730715,-67.10223566660896,268.0490926153841
4276000,2138000.0,-67.63314056396484,0.5348120802196535,-67.09832848374519,275.83282591457436
4277000,2138500.0,-67.58182525634766,0.4793511693706381,-67.10247408697701,247.22849865069287
4278000,2139000.0,-67.66133880615234,0.5586190154326389,-67.1027197907197,288.1114083532244
4279000,2139500.0,-67.4792251586914,0.3779893338594335,-67.10123582483197,194.95046948302567
4280000,2140000.0,-67.59352111816406,0.48682393142791514,-67.10669718673614,251.0826245238395
4281000,2140500.0,-67.6890869140625,0.5850345204443558,-67.10405239361815,301.73537771522894
4282000,2141000.0,-67.55809783935547,0.4522926100809301,-67.10580522927454,233.2728698418002
4283000,2141500.0,-67.54622650146484,0.4347135798032665,-67.11151292166157,224.20637007924003
4284000,2142000.0,-67.57200622558594,0.46658612784437525,-67.10542009774156,240.6448450509839
4285000,2142500.0,-67.61450958251953,0.5117361772202957,-67.10277340529923,263.9312781181423
4286000,2143000.0,-67.595458984375,0.4941110435465141,-67.10134794082849,254.84100022770158
4287000,2143500.0,-67.50809478759766,0.4043908189520132,-67.10370396864565,208.56720798010076
4288000,2144000.0,-67.52783966064453,0.4293630909935337,-67.098476569651,221.44682050473008
4289000,2144500.0,-67.71357727050781,0.6060220385737681,-67.10755523193404,312.5598273652659
4290000,2145000.0,-67.51866149902344,0.40976574515862585,-67.10889575386481,211.33936130177472
4291000,2145500.0,-67.50739288330078,0.4000278111166183,-67.10736507218417,206.31695817229885
4292000,2146000.0,-67.53665161132812,0.4253517163864109,-67.11129989494171,219.37792783269057
4293000,2146500.0,-67.71619415283203,0.6098892816283884,-67.10630487120365,314.55438324705585
4294000,2147000.0,-67.68555450439453,0.5798679322005752,-67.10568657219396,299.0706760595863
4295000,2147500.0,-67.48707580566406,0.38209605373669814,-67.10497975192736,197.06853710131924
4296000,2148000.0,-67.5942153930664,0.47966459707473,-67.11455079599168,247.39015103764734
4297000,2148500.0,-67.66946411132812,0.5639523678655475,-67.10551174346257,290.86211972938355
4298000,2149000.0,-67.55432891845703,0.4463488392506138,-67.10798007920641,230.2073311874725
4299000,2149500.0,-67.41218566894531,0.30895995937723386,-67.10322570956808,159.3481184166093
4300000,2150000.0,-67.55236053466797,0.44912344085817424,-67.1032370938098,231.63835010141736
4301000,2150500.0,-67.5497055053711,0.44507397752124217,-67.10463152784985,229.54981291803009
4302000,2151000.0,-67.49871063232422,0.39344488843329284,-67.10526574389093,202.92177277227378
4303000,2151500.0,-67.58158111572266,0.4718722385057862,-67.10970887721687,243.37119117472008
4304000,2152000.0,-67.62539672851562,0.5206863474688923,-67.10471038104673,268.54738692232826
4305000,2152500.0,-67.54464721679688,0.4347856406331315,-67.10986157616374,224.24353592323376
4306000,2153000.0,-67.50959014892578,0.39966942352560864,-67.10992072540017,206.13211742980795
4307000,2153500.0,-67.40045166015625,0.29863566591672097,-67.10181599423953,154.02329658458373
4308000,2154000.0,-67.5539779663086,0.44048827181091765,-67.11348969449767,227.18470522567597
4309000,2154500.0,-67.61097717285156,0.5005683972322862,-67.11040877561928,258.17142259651735
4310000,2155000.0,-67.57841491699219,0.46260101768741524,-67.11581389930477,238.58949844078074
4311000,2155500.0,-67.54804229736328,0.4330229817111918,-67.11501931565209,223.33443306347323
4312000,2156000.0,-67.50143432617188,0.39066593958882734,-67.11076838658305,201.48851174248153
4313000,2156500.0,-67.63025665283203,0.5143300145208956,-67.11592663831114,265.26906665929346
4314000,2157000.0,-67.51217651367188,0.3955216806182836,-67.11665483305359,203.9928919156335
4315000,2157500.0,-67.6492919921875,0.5342076176197852,-67.11508437456772,275.52107037791393
4316000,2158000.0,-67.54779052734375,0.4313492344259187,-67.11644129291783,222.47118696145154
4317000,2158500.0,-67.61575317382812,0.5068714741162761,-67.10888169971184,261.422275696458
4318000,2159000.0,-67.5104751586914,0.3973891205161669,-67.11308603817524,204.95603624858728
4319000,2159500.0,-67.60901641845703,0.503583787966057,-67.10543263049098,259.7266300761072
4320000,2160000.0,-67.46569061279297,0.357359068831685,-67.10833154396128,184.3102754551845
4321000,2160500.0,-67.55598449707031,0.44304114459786414,-67.11294335247244,228.50136605116566
4322000,2161000.0,-67.59197998046875,0.4795837786858694,-67.11239620178289,247.34846842536203
4323000,2161500.0,-67.57884216308594,0.468118351046629,-67.11072381203931,241.43509918218444
4324000,2162000.0,-67.75179290771484,0.6314290760486652,-67.12036383166618,325.6636730037938
4325000,2162500.0,-67.49982452392578,0.3870268910660208,-67.11279763285977,199.61164868195803
4326000,2163000.0,-67.62548828125,0.507658552252437,-67.11782972899756,261.82821638953965
4327000,2163500.0,-67.58621978759766,0.47483480952332785,-67.11138497807433,244.89915654043418
4328000,2164000.0,-67.60086059570312,0.48749144221500423,-67.11336915348812,251.4268975751431
4329000,2164500.0,-67.65990447998047,0.5389302409377789,-67.1209742390427,277.95679422131934
4330000,2165000.0,-67.49662017822266,0.3925818951661108,-67.10403828305654,202.47667835418528
4331000,2165500.0,-67.53943634033203,0.4314744547420086,-67.10796188559003,222.5357701579171
4332000,2166000.0,-67.53734588623047,0.425066223662061,-67.11227966256841,219.2306830941216
4333000,2166500.0,-67.5903549194336,0.48270126016626763,-67.10765365926733,248.95632987479195
4334000,2167000.0,-67.5858383178711,0.4678372211318839,-67.1180010967392,241.2901045911845
4335000,2167500.0,-67.61949157714844,0.5101748576321072,-67.10931671951633,263.12601733572143
4336000,2168000.0,-67.54351043701172,0.4382053125470969,-67.10530512446462,226.00725406389796
4337000,2168500.0,-67.63260650634766,0.5212337588141414,-67.11137274753351,268.8297179015307
4338000,2169000.0,-67.67184448242188,0.556169384711813,-67.11567509771007,286.8479952981284
4339000,2169500.0,-67.63206481933594,0.5225748972843448,-67.1094899220516,269.5214188332431
4340000,2170000.0,-67.56599426269531,0.4597400993833875,-67.10625416331193,237.11396112646543
4341000,2170500.0,-67.58447265625,0.47976023625191766,-67.10471241999808,247.43947756838125
4342000,2171000.0,-67.69153594970703,0.5833692048248645,-67.10816674488217,300.87648029994375
4343000,2171500.0,-67.49079132080078,0.38959515079017687,-67.10119617001061,200.93624542088287
4344000,2172000.0,-67.49566650390625,0.39373597496088525,-67.10193052894536,203.0719025514263
4345000,2172500.0,-67.48274230957031,0.37550151644554064,-67.10724079312477,193.66736139139147
4346000,2173000.0,-67.71173858642578,0.6067202086178126,-67.10501837780797,312.9199131287337
4347000,2173500.0,-67.5998764038086,0.49365304864440573,-67.10622335516419,254.60478636347636
4348000,2174000.0,-67.56285095214844,0.45804899033646,-67.10480196181197,236.2417605823937
4349000,2174500.0,-67.60529327392578,0.5039704836811665,-67.10132279024461,259.926070918625
4350000,2175000.0,-67.59664154052734,0.4839929727742611,-67.11264856775308,249.62253909502124
4351000,2175500.0,-67.57083892822266,0.46697295806901196,-67.10386597015365,240.84435526766953
4352000,2176000.0,-67.660400390625,0.5549417849659313,-67.10545860565907,286.2148527055761
4353000,2176500.0,-67.6567611694336,0.5542269124842837,-67.10253425694931,285.84615255074704
4354000,2177000.0,-67.56684112548828,0.46193380059515055,-67.10490732489313,238.24537686450245
4355000,2177500.0,-67.50873565673828,0.4003547595699395,-67.10838089716835,206.4855839740402
4356000,2178000.0,-67.63762664794922,0.5339072645785774,-67.10371938337065,275.3661613337982
4357000,2178500.0,-67.60480499267578,0.49799981061384757,-67.10680518206193,256.8466572597297
4358000,2179000.0,-67.57596588134766,0.47100650801646193,-67.1049593733312,242.9246850164212
4359000,2179500.0,-67.54744720458984,0.4420194022381847,-67.10542780235166,227.9743957510347
4360000,2180000.0,-67.56975555419922,0.47116388037473883,-67.09859167382449,243.00585083879105
4361000,2180500.0,-67.50654602050781,0.40273778421206097,-67.10380823629575,207.71464450870587
4362000,2181000.0,-67.54949951171875,0.4369034695808194,-67.11259604213794,225.33582004517152
4363000,2181500.0,-67.49857330322266,0.39406018833236667,-67.1045131148903,203.23911771683223
4364000,2182000.0,-67.46548461914062,0.3633161919000183,-67.10216842724061,187.38270061353992
4365000,2182500.0,-67.62539672851562,0.514543937907606,-67.11085279060802,265.3793990441965
4366000,2183000.0,-67.59837341308594,0.4925129425979582,-67.10586047048798,254.0167692182676
4367000,2183500.0,-67.5494155883789,0.4492400498616647,-67.10017553851723,231.6984919571261
4368000,2184000.0,-67.65238952636719,0.5470083496074892,-67.10538117675969,282.1231315663847
4369000,2184500.0,-67.63960266113281,0.5286078358662271,-67.11099482526659,272.63294633824296
4370000,2185000.0,-67.5809326171875,0.47556252967902113,-67.10537008750848,245.27448296712487
4371000,2185500.0,-67.46231079101562,0.3512520002819289,-67.1110587907337,181.16051493473887
4372000,2186000.0,-67.65017700195312,0.5399183364012748,-67.11025866555185,278.46641091482695
4373000,2186500.0,-67.49248504638672,0.3839960253238593,-67.10848902106287,198.04845986564575
4374000,2187000.0,-67.58570861816406,0.4704638946354182,-67.11524472352865,242.64482861861717
4375000,2187500.0,-67.6501235961914,0.537068715791183,-67.11305488040023,276.99670046000097
4376000,2188000.0,-67.59268188476562,0.4809441609546901,-67.11173772381093,248.0500944719891
4377000,2188500.0,-67.55438995361328,0.43456117533094957,-67.11982877828233,224.12776647652422
4378000,2189000.0,-67.63465881347656,0.5242516551792298,-67.11040715829733,270.3862176768495
4379000,2189500.0,-67.62307739257812,0.5053436029917828,-67.11773378958634,260.63426617780766
4380000,2190000.0,-67.63356018066406,0.5216059511140985,-67.11195422954997,269.02167851288914
4381000,2190500.0,-67.5683364868164,0.45136019671974736,-67.11697629009666,232.79197155649987
4382000,2191000.0,-67.5846939086914,0.47245002248609913,-67.1122438862053,243.66918703897286
4383000,2191500.0,-67.68748474121094,0.5715015050833453,-67.11598323612759,294.7556365907582
4384000,2192000.0,-67.52487182617188,0.41616994012815756,-67.10870188604372,214.64236671524316
4385000,2192500.0,-67.56169128417969,0.4512386607494054,-67.11045262343028,232.72928858543472
4386000,2193000.0,-67.56664276123047,0.45674045461062174,-67.10990230661984,235.5668747291798
4387000,2193500.0,-67.58523559570312,0.47275023072520517,-67.11248536497791,243.8240214004582
4388000,2194000.0,-67.63565063476562,0.5228802362986447,-67.11277039846698,269.6788994255695
4389000,2194500.0,-67.48933410644531,0.3831528770360466,-67.10618122940926,197.61360062537412
4390000,2195000.0,-67.59113311767578,0.47664786238567175,-67.1144852552901,245.83425040433386
4391000,2195500.0,-67.63217163085938,0.5184806447031011,-67.11369098615627,267.40978130435883
4392000,2196000.0,-67.52111053466797,0.41208189193002775,-67.10902864273794,212.53392913750184
4393000,2196500.0,-67.62034606933594,0.5139769239936606,-67.10636914534227,265.08695791206605
4394000,2197000.0,-67.61739349365234,0.5024656190586803,-67.11492787459366,259.14992715375575
4395000,2197500.0,-67.4340591430664,0.32386987787686233,-67.11018926518955,167.03800633428574
4396000,2198000.0,-67.5438232421875,0.4349490220647202,-67.10887422012279,224.32780096443958
4397000,2198500.0,-67.60134887695312,0.48773835199098486,-67.11361052496214,251.55424290591182
4398000,2199000.0,-67.57234954833984,0.45844845630920894,-67.11390109203063,236.4477877687557
4399000,2199500.0,-67.54635620117188,0.42864434625460557,-67.11771185491727,221.07612320789949
4400000,2200000.0,-67.53388214111328,0.4257607073376036,-67.10812143377568,219.5888675889404
4401000,2200500.0,-67.68525695800781,0.5671677265478655,-67.11808923145995,292.52046198543076
4402000,2201000.0,-67.59248352050781,0.47994662081431877,-67.1125368996935,247.53560662465244
4403000,2201500.0,-67.50931549072266,0.393251285762188,-67.11606420496047,202.82192092926095
4404000,2202000.0,-67.61561584472656,0.4988048949677254,-67.11681094975884,257.2618847772879
4405000,2202500.0,-67.56883239746094,0.4550291513262123,-67.11380324613472,234.68425887513686
4406000,2203000.0,-67.665771484375,0.5394717226182946,-67.12629976175671,278.23606693717926
4407000,2203500.0,-67.46144104003906,0.3393552928858326,-67.12208574715324,175.02471033811065
4408000,2204000.0,-67.57642364501953,0.4581221928632634,-67.11830145215627,236.27951526404556
4409000,2204500.0,-67.70081329345703,0.5878808930746028,-67.11293240038243,303.2034130032211
4410000,2205000.0,-67.52802276611328,0.4080653964934231,-67.11995736961985,210.46239536418722
4411000,2205500.0,-67.62477111816406,0.5057928909615329,-67.11897822720253,260.86598938476044
4412000,2206000.0,-67.59900665283203,0.48288059143064943,-67.11612606140139,249.0488211465092
4413000,2206500.0,-67.67120361328125,0.5585939657659734,-67.11260964751527,288.0984888239166
4414000,2207000.0,-67.6152572631836,0.4970264781557136,-67.11823078502788,256.3446546827288
4415000,2207500.0,-67.51041412353516,0.3904550115412299,-67.11995911199392,201.37972422330367
4416000,2208000.0,-67.49755859375,0.38141174335479644,-67.1161468503952,196.71559954918857
4417000,2208500.0,-67.61214447021484,0.4985284151765061,-67.11361605503834,257.1192885178897
4418000,2209000.0,-67.66011047363281,0.5432913543712713,-67.11681911926154,280.2060669789582
4419000,2209500.0,-67.60579681396484,0.49232594269717317,-67.11347087126767,253.92032279720306
4420000,2210000.0,-67.48982238769531,0.3805523022064423,-67.10927008548887,196.27233715960227
4421000,2210500.0,-67.59539031982422,0.47898604649049004,-67.11640427333373,247.04018413880686
4422000,2211000.0,-67.49779510498047,0.38551111436490026,-67.11228399061557,198.8298769412116
4423000,2211500.0,-67.6369857788086,0.5278457050551321,-67.10914007375347,272.2398723911202
4424000,2212000.0,-67.58958435058594,0.4776133216615779,-67.11197102892436,246.33219233614147
4425000,2212500.0,-67.5068588256836,0.39835472762093566,-67.10850409806265,205.454054424097
4426000,2213000.0,-67.60554504394531,0.4877406481813005,-67.11780439576401,251.55542718107503
4427000,2213500.0,-67.5456314086914,0.4320893010552112,-67.11354210763619,222.8528811625978
4428000,2214000.0,-67.56320190429688,0.45128736425934035,-67.11191454003753,232.7544077390107
4429000,2214500.0,-67.63947296142578,0.52577269008995,-67.11370027133583,271.1707013735648
4430000,2215000.0,-67.58576202392578,0.4748427998513147,-67.11091922407446,244.90327760431833
4431000,2215500.0,-67.72359466552734,0.6115526177539804,-67.11204204777336,315.41225972542446
4432000,2216000.0,-67.56407165527344,0.4524891440975693,-67.11158251117587,233.3742335454317
4433000,2216500.0,-67.5583724975586,0.4519221520306075,-67.10645034552799,233.0818036810259
4434000,2217000.0,-67.59071350097656,0.47975089410882105,-67.11096260686774,247.43465929701875
4435000,2217500.0,-67.7337875366211,0.6244925273440254,-67.10929500927706,322.08610267196985
4436000,2218000.0,-67.56285858154297,0.45500021137298446,-67.10785837016998,234.66933290510755
4437000,2218500.0,-67.5155258178711,0.4023145158695867,-67.1132113020015,207.49634109458535
4438000,2219000.0,-67.41385650634766,0.30967454878702133,-67.10418195756064,159.71667257527633
4439000,2219500.0,-67.54985809326172,0.44771060477100205,-67.10214748849071,230.90967065513644
4440000,2220000.0,-67.53402709960938,0.43141407755119227,-67.10261302205818,222.5046302271272
4441000,2220500.0,-67.43680572509766,0.333695366394646,-67.103110358703,172.10556625690072
4442000,2221000.0,-67.49659729003906,0.38449423357215845,-67.1121030564669,198.30541402600403
4443000,2221500.0,-67.50181579589844,0.39813319096719496,-67.10368260493124,205.3397954469627
4444000,2222000.0,-67.60079956054688,0.48893963023077236,-67.1118599303161,252.1738100096582
4445000,2222500.0,-67.62266540527344,0.5172736353554362,-67.105391769918,266.7872583442661
4446000,2223000.0,-67.57095336914062,0.4773939107519194,-67.09355945838871,246.2190297254115
4447000,2223500.0,-67.5000991821289,0.4018263758525893,-67.09827280627631,207.24457969032707
4448000,2224000.0,-67.61167907714844,0.5092992250315773,-67.10237985211685,262.67440409884784
4449000,2224500.0,-67.58757019042969,0.49271125138974226,-67.09485893903995,254.11904827378004
4450000,2225000.0,-67.57051086425781,0.47747023335278277,-67.09304063090502,246.25839360565266
4451000,2225500.0,-67.50043487548828,0.40591109336212566,-67.09452378212616,209.3512994436569
4452000,2226000.0,-67.60846710205078,0.5075722300809337,-67.10089487196984,261.78369516538356
4453000,2226500.0,-67.57575225830078,0.4774623188560895,-67.0982899394447,246.2543116522538
4454000,2227000.0,-67.57715606689453,0.47434205573053745,-67.102814011164,244.64501555115496
4455000,2227500.0,-67.5009765625,0.3978692528250388,-67.10310730967497,205.2036676250413
4456000,2228000.0,-67.61517333984375,0.5219511206026226,-67.09322221924113,269.1997019326294
4457000,2228500.0,-67.49480438232422,0.3968328934621931,-67.09797148886203,204.66915850999033
4458000,2229000.0,-67.54364013671875,0.4418401062196683,-67.10180003049908,227.8819226576029
4459000,2229500.0,-67.54798126220703,0.4502066027117953,-67.09777465949523,232.1969979069876
4460000,2230000.0,-67.73716735839844,0.6363061129689741,-67.10086124542946,328.1790366718434
4461000,2230500.0,-67.54497528076172,0.4405460622134844,-67.10442921854823,227.21451100351888
4462000,2231000.0,-67.70880126953125,0.6126295441579035,-67.09617172537335,315.967691557058
4463000,2231500.0,-67.50447845458984,0.40847688081875083,-67.09600157377109,210.6746210944439
4464000,2232000.0,-67.51998901367188,0.42139861063450396,-67.09859040303738,217.33908770357493
4465000,2232500.0,-67.61442565917969,0.509943109042868,-67.10448255013682,263.00649148610836
4466000,2233000.0,-67.54143524169922,0.4410581890750961,-67.10037705262413,227.4786437796654
4467000,2233500.0,-67.51234436035156,0.40687037284334265,-67.10547398750822,209.84605410596237
4468000,2234000.0,-67.64137268066406,0.5287007387636594,-67.1126719419004,272.6808616148087
4469000,2234500.0,-67.57510375976562,0.47262568305010416,-67.10247807671553,243.75978512297905
4470000,2235000.0,-67.67943572998047,0.5774752408779689,-67.1019604891025,297.83662987127894
4471000,2235500.0,-67.63044738769531,0.518129291281579,-67.11231809641373,267.2285684807566
4472000,2236000.0,-67.51458740234375,0.4162394786189819,-67.09834792372477,214.67823164639063
4473000,2236500.0,-67.53775787353516,0.4337103035305567,-67.1040475700046,223.6889237841583
4474000,2237000.0,-67.56879425048828,0.466872588050431,-67.10192166243785,240.79258877456618
4475000,2237500.0,-67.61349487304688,0.5089061897193015,-67.10458868332758,262.47169356765573
4476000,2238000.0,-67.4267349243164,0.33663612124986003,-67.09009880306655,173.62227979430352
4477000,2238500.0,-67.6647720336914,0.5676281135026711,-67.09714392018874,292.75790956646904
4478000,2239000.0,-67.55337524414062,0.4568684804429088,-67.09650676369772,235.63290488896095
4479000,2239500.0,-67.5899887084961,0.48463265755789847,-67.1053560509382,249.95246070317333
4480000,2240000.0,-67.46183776855469,0.36451232425602226,-67.09732544429866,187.99961369409138
4481000,2240500.0,-67.55911254882812,0.4580536591434854,-67.10105888968464,236.24416855013246
4482000,2241000.0,-67.5514144897461,0.45236285268354204,-67.09905163706256,233.3090979232042
4483000,2241500.0,-67.54735565185547,0.44294015999349073,-67.10441549186197,228.4492825814229
4484000,2242000.0,-67.53929138183594,0.43669948011818716,-67.10259190171774,225.23061114654018
4485000,2242500.0,-67.55728912353516,0.44952952088786857,-67.10775960264729,231.84778853087852
4486000,2243000.0,-67.5517349243164,0.44173300926171144,-67.1100019150547,227.82668670154902
4487000,2243500.0,-67.5792007446289,0.47566211212832726,-67.10353863250057,245.3258432662272
4488000,2244000.0,-67.62619018554688,0.5260870516947919,-67.10010313385209,271.332835425935
4489000,2244500.0,-67.56521606445312,0.45941656205094666,-67.10579950240218,236.9470946326133
4490000,2245000.0,-67.53016662597656,0.43110507808794335,-67.09906154788862,222.34526173433056
4491000,2245500.0,-67.60063934326172,0.49493207763084696,-67.10570726563087,255.26445392298967
4492000,2246000.0,-67.58906555175781,0.4847939140701503,-67.10427163768766,250.03562980334266
4493000,2246500.0,-67.40625762939453,0.31448734036966497,-67.09177028902486,162.19890129051635
4494000,2247000.0,-67.42989349365234,0.3317826064658577,-67.09811088718648,171.1190478217952
4495000,2247500.0,-67.55496978759766,0.4569572850482159,-67.09801250254944,235.6787064445766
4496000,2248000.0,-67.53385162353516,0.4389183836917811,-67.09493323984337,226.37502516741458
4497000,2248500.0,-67.62596130371094,0.5330373990285948,-67.09292390468234,274.9175224909379
4498000,2249000.0,-67.52262878417969,0.4236041765520294,-67.09902460762765,218.47662274115683
4499000,2249500.0,-67.53765869140625,0.44196876823552395,-67.09568992317072,227.9482809332177
4500000,2250000.0,-67.77686309814453,0.6744838937394437,-67.10237920440508,347.86947663486865
4501000,2250500.0,-67.43714141845703,0.34036755293682763,-67.0967738655202,175.54679007556106
4502000,2251000.0,-67.41848754882812,0.3264583614482048,-67.09202918737992,168.37303365458038
4503000,2251500.0,-67.60649108886719,0.5164233139736306,-67.09006777489355,266.34869953388414
4504000,2252000.0,-67.55878448486328,0.4677994350245361,-67.09098504983875,241.2706161593492
4505000,2252500.0,-67.58304595947266,0.4871754403165269,-67.09587051915614,251.26391753060938
4506000,2253000.0,-67.635986328125,0.5418647087925791,-67.09412161933243,279.4702651971668
4507000,2253500.0,-67.60289001464844,0.5079396612638784,-67.09495035338456,261.97320019952406
4508000,2254000.0,-67.50405883789062,0.41583396318692784,-67.0882248747037,214.46908441185266
4509000,2254500.0,-67.46996307373047,0.3757223371647668,-67.09424073656571,193.7812511206205
4510000,2255000.0,-67.47542572021484,0.37958561318084977,-67.095840107034,195.77376097635621
4511000,2255500.0,-67.5551986694336,0.46214619569797194,-67.09305247373563,238.35492102700076
4512000,2256000.0,-67.53314971923828,0.4418690359786441,-67.09128068325964,227.8968433698801
4513000,2256500.0,-67.5015869140625,0.4077720098070637,-67.09381490425544,210.31107926311674
4514000,2257000.0,-67.5943832397461,0.5036279449512695,-67.09075529479482,259.7494043298414
4515000,2257500.0,-67.49835968017578,0.4019100905901299,-67.09644958958565,207.28775611337466
4516000,2258000.0,-67.63077545166016,0.5301892858301165,-67.10058616583004,273.44858949350413
4517000,2258500.0,-67.59629821777344,0.5030135305472716,-67.09328468722616,259.432516085156
4518000,2259000.0,-67.54891204833984,0.4581968808044093,-67.09071516753544,236.31803605785328
4519000,2259500.0,-67.57878112792969,0.4781935420114447,-67.10058758591825,246.63144477391583
4520000,2260000.0,-67.63949584960938,0.5404100512039888,-67.09908579840538,278.72001603818336
4521000,2260500.0,-67.63265228271484,0.5358925623195182,-67.09675972039533,276.3900916196298
4522000,2261000.0,-67.56605529785156,0.4680565555490198,-67.09799874230254,241.403227750396
4523000,2261500.0,-67.5611801147461,0.46089804030153575,-67.10028207444456,237.71117672332286
4524000,2262000.0,-67.61888885498047,0.513566131369571,-67.1053227236109,264.8750889312439
4525000,2262500.0,-67.64754486083984,0.5466074709109239,-67.10093738992892,281.9163757584808
4526000,2263000.0,-67.72295379638672,0.6245488473346047,-67.09840494905211,322.1151500752196
4527000,2263500.0,-67.63836669921875,0.5261895548922686,-67.11217714432648,271.3857021199964
4528000,2264000.0,-67.52435302734375,0.41468742333566566,-67.10966560400809,213.87774898975928
4529000,2264500.0,-67.59175872802734,0.4864431989024816,-67.10531552912487,250.8862592353726
4530000,2265000.0,-67.78314971923828,0.6831319465802096,-67.10001777265808,352.32976641132115
4531000,2265500.0,-67.57052612304688,0.4676941051301924,-67.10283201791668,241.21629157790338
4532000,2266000.0,-67.55197143554688,0.4518702805002859,-67.10010115504659,233.0550506002293
4533000,2266500.0,-67.43899536132812,0.3316384860886363,-67.10735687523949,171.0447167952699
4534000,2267000.0,-67.58147430419922,0.4785421921958193,-67.1029321120034,246.81126338529083
4535000,2267500.0,-67.60503387451172,0.4997141458494456,-67.10531972866227,257.73083686241506
4536000,2268000.0,-67.59747314453125,0.4891747260693381,-67.10829841846191,252.29506222498907
4537000,2268500.0,-67.60983276367188,0.5010605043235505,-67.10877225934833,258.42523004525765
4538000,2269000.0,-67.61366271972656,0.5096587635763633,-67.1040039561502,262.85983845327155
4539000,2269500.0,-67.62727355957031,0.5165421295269375,-67.11073143004337,266.4099794320827
4540000,2270000.0,-67.6344985961914,0.5302462145218885,-67.10425238166951,273.47795083837246
4541000,2270500.0,-67.51183319091797,0.3974512257862144,-67.11438196513176,204.98806744753543
4542000,2271000.0,-67.50342559814453,0.4007079761179876,-67.10271762202655,206.66775771732566
4543000,2271500.0,-67.69965362548828,0.5843137580754663,-67.11533986741281,301.36363981255846
4544000,2272000.0,-67.64713287353516,0.5377732398430208,-67.10935963369214,277.3600633445181
4545000,2272500.0,-67.4641342163086,0.35900498475491055,-67.10512923155369,185.15916735032386
4546000,2273000.0,-67.57774353027344,0.4686928203634651,-67.10905070990997,241.73138548708434
4547000,2273500.0,-67.50308990478516,0.3916059517072517,-67.11148395307791,201.97332913649487
4548000,2274000.0,-67.53053283691406,0.42158596416386523,-67.1089468727502,217.43571651088902
4549000,2274500.0,-67.66280364990234,0.5437306170677455,-67.11907303283459,280.4326195856936
4550000,2275000.0,-67.60319519042969,0.4972707287759714,-67.10592446165371,256.4706285365532
4551000,2275500.0,-67.50670623779297,0.3969278636409909,-67.10977837415197,204.7181400004321
4552000,2276000.0,-67.57032775878906,0.4578501608442124,-67.11247759794485,236.13921297221387
4553000,2276500.0,-67.64163970947266,0.5294045256994816,-67.11223518377318,273.04384432692297
4554000,2277000.0,-67.57049560546875,0.4574984748877703,-67.11299713058098,235.9578286415532
4555000,2277500.0,-67.596435546875,0.48504539867283125,-67.11139014820216,250.1653346308832
4556000,2278000.0,-67.6277847290039,0.5088666920081599,-67.11891803699575,262.45132236497676
4557000,2278500.0,-67.65354919433594,0.5318021847914847,-67.12174700954445,274.2804526747661
4558000,2279000.0,-67.54623413085938,0.42998613525581786,-67.11624799560356,221.76815965523156
4559000,2279500.0,-67.708984375,0.5903126873702567,-67.11867168762974,304.45762680545545
4560000,2280000.0,-67.55743408203125,0.4403015992017221,-67.11713248282953,227.08842760738787
4561000,2280500.0,-67.40865325927734,0.2962882814891186,-67.11236497778823,152.81261772350138
4562000,2281000.0,-67.67877960205078,0.5639998261917987,-67.11477977585898,290.88659667133606
4563000,2281500.0,-67.5904312133789,0.47189531255457334,-67.11853590082433,243.38309176619444
4564000,2282000.0,-67.5285873413086,0.4118059095539446,-67.11678143175465,212.3915894232112
4565000,2282500.0,-67.5169906616211,0.40040754165733533,-67.11658311996376,206.51280668059925
4566000,2283000.0,-67.48201751708984,0.3655012042281187,-67.11651631286172,188.50963500303723
4567000,2283500.0,-67.60887908935547,0.4893033062693782,-67.11957578308609,252.36137830356222
4568000,2284000.0,-67.53852844238281,0.42121507825311355,-67.1173133641297,217.2444296783019
4569000,2284500.0,-67.64545440673828,0.5229014580273293,-67.12255294871095,269.68984467084425
4570000,2285000.0,-67.43208312988281,0.3131121599950804,-67.11897096988773,161.4896430241209
4571000,2285500.0,-67.4902114868164,0.37357288593369337,-67.11663860088271,192.67265759934284
4572000,2286000.0,-67.66436004638672,0.5497299418712245,-67.1146301045155,283.5268105647817
4573000,2286500.0,-67.55847930908203,0.44789390735923873,-67.11058540172279,231.0042101630885
4574000,2287000.0,-67.54977416992188,0.4356589302121479,-67.11411523970973,224.69394073144773
4575000,2287500.0,-67.47728729248047,0.36323261688970926,-67.11405467559076,187.3395962557253
4576000,2288000.0,-67.62088775634766,0.5007453572631645,-67.12014239908449,258.2626908890567
4577000,2288500.0,-67.48109436035156,0.369262884419104,-67.11183147593246,190.44974614794666
4578000,2289000.0,-67.57552337646484,0.4523426507871332,-67.12318072567771,233.2986786630914
4579000,2289500.0,-67.56998443603516,0.45522962069557504,-67.11475481533958,234.78765226265705
4580000,2290000.0,-67.6185073852539,0.49473258060839753,-67.1237748046455,255.16156202974528
4581000,2290500.0,-67.62344360351562,0.5009428878204414,-67.12250071569518,258.36456856503554
4582000,2291000.0,-67.48023986816406,0.3630536793833747,-67.11718618878069,187.24730806729448
4583000,2291500.0,-67.58235931396484,0.4635388476118897,-67.11882046635296,239.07319035400155
4584000,2292000.0,-67.60484313964844,0.48152565322691243,-67.12331748642153,248.3500029120316
4585000,2292500.0,-67.68653106689453,0.5636484268255145,-67.12288264006902,290.7053601514225
4586000,2293000.0,-67.54561614990234,0.42858207190754466,-67.1170340779948,221.0440048063766
4587000,2293500.0,-67.54170989990234,0.420947127918561,-67.12076277198378,217.10623254192828
4588000,2294000.0,-67.62268829345703,0.4991235222453105,-67.12356477121172,257.42621887825595
4589000,2294500.0,-67.53585052490234,0.41532403217654584,-67.1205264927258,214.20608416032997
4590000,2295000.0,-67.5729751586914,0.4575795808813425,-67.11539557781006,235.99965958784827
4591000,2295500.0,-67.48320007324219,0.3678944927063644,-67.11530558053582,189.74398917826858
4592000,2296000.0,-67.52111053466797,0.39989285528144175,-67.12121767938653,206.24735381823282
4593000,2296500.0,-67.63785552978516,0.5177188093673738,-67.12013672041778,267.01685975058814
4594000,2297000.0,-67.50502014160156,0.38328206872775644,-67.12173807287381,197.68023208477265
4595000,2297500.0,-67.7899169921875,0.6695082509025369,-67.12040874128496,345.3032563208436
4596000,2298000.0,-67.47860717773438,0.356164851315661,-67.12244232641872,183.69434996586813
4597000,2298500.0,-67.5546875,0.43746028474001786,-67.11722721525999,225.62300110288194
4598000,2299000.0,-67.65977478027344,0.5382939413675358,-67.1214808389059,277.62861855910114
4599000,2299500.0,-67.48564910888672,0.3670110682896427,-67.11863804059708,189.28835726126664
4600000,2300000.0,-67.52684020996094,0.41018051706418296,-67.11665969289676,211.55328262302237
4601000,2300500.0,-67.59385681152344,0.47936608992286445,-67.11449072160057,247.2361940230246
4602000,2301000.0,-67.52106475830078,0.403761829077298,-67.11730292922348,208.24280234112737
4603000,2301500.0,-67.51775360107422,0.39745665193170227,-67.12029694914251,204.99086601753618
4604000,2302000.0,-67.49423217773438,0.37188998506190407,-67.12234219267248,191.80469047524744
4605000,2302500.0,-67.67168426513672,0.5483620031685339,-67.12332226196818,282.8212872379973
4606000,2303000.0,-67.71942901611328,0.5871948935355502,-67.13223412257773,302.8496042572495
4607000,2303500.0,-67.64836883544922,0.5275034262992331,-67.12086540914999,272.0633398856252
4608000,2304000.0,-67.53105926513672,0.4138968988972689,-67.11716236623946,213.47003084377434
4609000,2304500.0,-67.566162109375,0.4372687391009882,-67.12889337027401,225.52421018760668
4610000,2305000.0,-67.6910400390625,0.5607787885043937,-67.1302612505581,289.2253254312972
4611000,2305500.0,-67.5568618774414,0.42729915605174673,-67.12956272138966,220.3823325685879
4612000,2306000.0,-67.59400939941406,0.46255302879278176,-67.13145637062128,238.56474785471727
4613000,2306500.0,-67.57658386230469,0.4509744821197369,-67.12560938018495,232.59303673050698
4614000,2307000.0,-67.45915985107422,0.32869979120116133,-67.13046005987306,169.52906569969252
4615000,2307500.0,-67.55026245117188,0.41773974734926955,-67.1325227038226,215.45200504981963
4616000,2308000.0,-67.66183471679688,0.5361299228403139,-67.12570479395656,276.5125118596228
4617000,2308500.0,-67.70162963867188,0.5691686166107484,-67.13246102206112,293.55243411321567
4618000,2309000.0,-67.56007385253906,0.4255717025450884,-67.13450214999398,219.49138713186196
4619000,2309500.0,-67.50206756591797,0.3709888585708209,-67.13107870734714,191.33992859769248
4620000,2310000.0,-67.49898529052734,0.3754257189772738,-67.12355957155008,193.62826835171924
4621000,2310500.0,-67.52767944335938,0.3890394834092745,-67.1386399599501,200.64965633733058
4622000,2311000.0,-67.61634063720703,0.4861418444254197,-67.13019879278161,250.73083369416966
4623000,2311500.0,-67.56307983398438,0.4321548546176945,-67.13092497936668,222.88669084090782
4624000,2312000.0,-67.72386932373047,0.5911432545347881,-67.13272606919568,304.8859972491643
4625000,2312500.0,-67.49788665771484,0.36477586824201885,-67.13311078947282,188.1355382273973
4626000,2313000.0,-67.59718322753906,0.46276018938466873,-67.1344230381544,238.6715922839883
4627000,2313500.0,-67.6242904663086,0.49059380420079984,-67.1336966621078,253.02696104641043
4628000,2314000.0,-67.5869369506836,0.4467759457305855,-67.14016100495301,230.42761414609345
4629000,2314500.0,-67.6754379272461,0.5427523496030007,-67.13268557764309,279.92807174677785
4630000,2315000.0,-67.45774841308594,0.32580920718622797,-67.13193920589971,168.038228101082
4631000,2315500.0,-67.60166931152344,0.4677917260172447,-67.1338775855062,241.26664018845247
4632000,2316000.0,-67.49010467529297,0.358295711064715,-67.13180896422826,184.79335480878
4633000,2316500.0,-67.58265686035156,0.4475770352947427,-67.13507982505682,230.8407813247432
4634000,2317000.0,-67.65715789794922,0.5246765743360071,-67.1324813236132,270.60537250923664
4635000,2317500.0,-67.49617004394531,0.3637253561981097,-67.13244468774721,187.5937297745857
4636000,2318000.0,-67.615234375,0.47696895882179846,-67.1382654161782,245.99985798995823
4637000,2318500.0,-67.66978454589844,0.5342974170451108,-67.13548712885333,275.56738501845626
4638000,2319000.0,-67.48824310302734,0.35728356327928945,-67.13095953974805,184.27133297303084
4639000,2319500.0,-67.4791488647461,0.3502636775292491,-67.12888518721684,180.65078101534914
4640000,2320000.0,-67.57029724121094,0.43551438821991745,-67.13478285299102,224.61939225422583
4641000,2320500.0,-67.51727294921875,0.3885588144731462,-67.12871413474561,200.40174819186169
4642000,2321000.0,-67.60025024414062,0.462668190590115,-67.13758205355052,238.62414330439145
4643000,2321500.0,-67.6226806640625,0.4898571871506605,-67.13282347691184,252.6470459882589
4644000,2322000.0,-67.56922149658203,0.43157343592410874,-67.13764806065792,222.58682034952804
4645000,2322500.0,-67.55095672607422,0.4160992836654151,-67.1348574424088,214.60592518277184
4646000,2323000.0,-67.61309814453125,0.4794531851939643,-67.13364495933729,247.28111397835062
4647000,2323500.0,-67.51924133300781,0.3799187363655818,-67.13932259664223,195.94557143618084
4648000,2324000.0,-67.61630249023438,0.47362814748222926,-67.14267434275214,244.27681270597296
4649000,2324500.0,-67.49138641357422,0.3566643330283216,-67.1347220805459,183.95196092379422
4650000,2325000.0,-67.49687957763672,0.36466808778569154,-67.13221148985103,188.07994975259152
4651000,2325500.0,-67.67431640625,0.5358615859249901,-67.13845482032501,276.3741153416897
4652000,2326000.0,-67.64198303222656,0.5090717130786668,-67.1329113191479,262.55706332211207
4653000,2326500.0,-67.6883544921875,0.5543822279454365,-67.13397226424206,285.9262575149812
4654000,2327000.0,-67.59071350097656,0.45053875565996504,-67.1401747453166,232.36830796096373
4655000,2327500.0,-67.68077850341797,0.5427354127006334,-67.13804309071733,279.919336428682
4656000,2328000.0,-67.52517700195312,0.39180581078705284,-67.13337119116608,202.0764077631848
4657000,2328500.0,-67.55498504638672,0.423886473750124,-67.13109857263659,218.62221936617362
4658000,2329000.0,-67.49439239501953,0.3632214013840865,-67.13117099363545,187.3338117853956
4659000,2329500.0,-67.65515899658203,0.5208031674258996,-67.13435582915614,268.60763757869205
4660000,2330000.0,-67.48094940185547,0.3485576603776559,-67.13239174147782,179.77089151885644
4661000,2330500.0,-67.43977355957031,0.30939457090165384,-67.13037898866865,159.5722721509576
4662000,2331000.0,-67.49498748779297,0.3633740768608707,-67.1316134109321,187.41255516043668
4663000,2331500.0,-67.61406707763672,0.48009990244292033,-67.1339671751938,247.61466262645516
4664000,2332000.0,-67.58140563964844,0.4484853678803479,-67.13292027176809,231.30925979264705
4665000,2332500.0,-67.63798522949219,0.49910816190295215,-67.13887706758923,257.4182966812892
4666000,2333000.0,-67.67125701904297,0.5386102023347357,-67.13264681670823,277.7917322200218
4667000,2333500.0,-67.53096771240234,0.4006306143902937,-67.13033709801205,206.6278579006299
4668000,2334000.0,-67.6050796508789,0.47143695948637054,-67.13364269139254,243.14669317546503
4669000,2334500.0,-67.53374481201172,0.40191860475454305,-67.13182620725718,207.2921473493195
4670000,2335000.0,-67.46243286132812,0.3313678545173495,-67.13106500681077,170.90513679352597
4671000,2335500.0,-67.63660430908203,0.5049446890733359,-67.13165962000869,260.4285237170602
4672000,2336000.0,-67.61650085449219,0.48289699720756024,-67.13360385728463,249.0572825331794
4673000,2336500.0,-67.56712341308594,0.43455349397481124,-67.13256991911112,224.12380476689037
4674000,2337000.0,-67.56834411621094,0.4383834526643641,-67.12996066354657,226.09913099370553
4675000,2337500.0,-67.67384338378906,0.5306850425649856,-67.14315834122408,273.7042792697877
4676000,2338000.0,-67.62252807617188,0.4886444397016593,-67.13388363647022,252.0215635648976
4677000,2338500.0,-67.54693603515625,0.4090927137630906,-67.13784332139316,210.99224096058222
4678000,2339000.0,-67.61634063720703,0.4714242525615178,-67.14491638464551,243.14013949591956
4679000,2339500.0,-67.6029281616211,0.46279728256623015,-67.14013087905487,238.6907233348203
4680000,2340000.0,-67.69869995117188,0.5606813140565556,-67.13801863711532,289.17505234773
4681000,2340500.0,-67.55621337890625,0.41504538030489657,-67.14116799860135,214.06236763625327
4682000,2341000.0,-67.670166015625,0.5261090953796305,-67.14405692024538,271.34420460046846
4683000,2341500.0,-67.5728530883789,0.42747697259641565,-67.1453761157825,220.474042613713
4684000,2342000.0,-67.6170883178711,0.47782600729088887,-67.13926231058021,246.4418863395757
4685000,2342500.0,-67.5171890258789,0.37686028576451996,-67.14032874011438,194.36815554859555
4686000,2343000.0,-67.52442169189453,0.3879133571329739,-67.13650833476156,200.06884934994713
4687000,2343500.0,-67.6553955078125,0.5181506130169647,-67.13724489479553,267.239565305141
4688000,2344000.0,-67.55911254882812,0.4215869632704713,-67.13752558555765,217.43623180665128
4689000,2344500.0,-67.5387954711914,0.40262942276062136,-67.13616604843078,207.65875638187353
4690000,2345000.0,-67.46368408203125,0.32621922259899494,-67.13746485943226,168.24969623008462
4691000,2345500.0,-67.48931121826172,0.3573868562000915,-67.13192436206162,184.32460697205886
4692000,2346000.0,-67.72637176513672,0.5843870812845389,-67.14198468385219,301.4014567368795
4693000,2346500.0,-67.62885284423828,0.4963652481472624,-67.13248759609102,256.003620984059
4694000,2347000.0,-67.5892333984375,0.45176459387250134,-67.137468804565,233.00054203117972
4695000,2347500.0,-67.63426971435547,0.49416377095403236,-67.14010594340144,254.86819473275642
4696000,2348000.0,-67.5180435180664,0.38162636597233807,-67.13641715209407,196.8262925669629
4697000,2348500.0,-67.54840850830078,0.4152537287571671,-67.13315477954362,214.16982471228098
4698000,2349000.0,-67.5216293334961,0.38696961622171483,-67.13465971727437,199.58210880665786
4699000,2349500.0,-67.6351089477539,0.5039579497371437,-67.13115099801676,259.91960645507316
4700000,2350000.0,-67.63525390625,0.49942701923424665,-67.13582688701575,257.5827494339615
4701000,2350500.0,-67.55706787109375,0.42186626403667665,-67.13520160705707,217.58028300233647
4702000,2351000.0,-67.4666976928711,0.3401580176146908,-67.1265396752564,175.4387208636424
4703000,2351500.0,-67.56318664550781,0.4345733808916591,-67.12861326461615,224.13406157423591
4704000,2352000.0,-67.62750244140625,0.502002040575219,-67.12550040083103,258.91083352095336
4705000,2352500.0,-67.62554931640625,0.4959569279173524,-67.1295923884889,255.7930271566946
4706000,2353000.0,-67.51793670654297,0.38726888015755323,-67.13066782638542,199.7364561375609
4707000,2353500.0,-67.53247833251953,0.4012952355756235,-67.13118309694391,206.97064062093966
4708000,2354000.0,-67.61973571777344,0.48584470790289025,-67.13389100987055,250.5775835905855
4709000,2354500.0,-67.5641098022461,0.4317483078271219,-67.13236149441897,222.67701167647297
4710000,2355000.0,-67.59709930419922,0.4633203767209492,-67.13377892747828,238.96051256406938
4711000,2355500.0,-67.54533386230469,0.41166215809259404,-67.13367170421209,212.31744866745754
4712000,2356000.0,-67.4906005859375,0.3591040436797775,-67.13149654225772,185.2102576382749
4713000,2356500.0,-67.61980438232422,0.489730358836093,-67.13007402348812,252.58163345606857
4714000,2357000.0,-67.57461547851562,0.4432959342135268,-67.1313195443021,228.63277546075315
4715000,2357500.0,-67.60440826416016,0.46978970806672893,-67.13461855609343,242.29711248932023
4716000,2358000.0,-67.53543090820312,0.4051111542375286,-67.1303197539656,208.93872561172958
4717000,2358500.0,-67.64117431640625,0.5039585706369192,-67.13721574576932,259.91992668819057
4718000,2359000.0,-67.68017578125,0.5481084563515868,-67.13206732489841,282.6905188099703
4719000,2359500.0,-67.68860626220703,0.5591501399384374,-67.12945612226859,288.3853392885292
4720000,2360000.0,-67.61280822753906,0.48197515253412376,-67.13083307500494,248.58183511766134
4721000,2360500.0,-67.4932861328125,0.3712513097573963,-67.1220348230551,191.47528951255435
4722000,2361000.0,-67.55921936035156,0.424272062252281,-67.13494729809928,218.82108915637443
4723000,2361500.0,-67.64472961425781,0.5093368132805884,-67.13539280097723,262.6937904839528
4724000,2362000.0,-67.58172607421875,0.4470101118461377,-67.13471596237261,230.54838685070342
4725000,2362500.0,-67.61743927001953,0.4835228081368813,-67.13391646188265,249.38004861028813
4726000,2363000.0,-67.74043273925781,0.6062666105691438,-67.13416612868866,312.68596697040783
4727000,2363500.0,-67.54247283935547,0.40753943544880794,-67.13493340390666,210.1911275177362
4728000,2364000.0,-67.45829772949219,0.3226381958557499,-67.13565953363644,166.40275828160136
4729000,2364500.0,-67.61760711669922,0.4897053489071988,-67.12790176779203,252.56873442177604
4730000,2365000.0,-67.53434753417969,0.3986709481884974,-67.13567658599119,205.61714724864024
4731000,2365500.0,-67.60984802246094,0.47794273086545563,-67.13190529159549,246.50208728606586
4732000,2366000.0,-67.70780181884766,0.5707070285542584,-67.1370947902934,294.34588012816886
4733000,2366500.0,-67.58377838134766,0.4419359097319264,-67.14184247161573,227.93133394522349
4734000,2367000.0,-67.62352752685547,0.4837385557026123,-67.13978897115285,249.49132182744384
4735000,2367500.0,-67.51006317138672,0.36974084935727164,-67.14032232202945,190.696259688794
4736000,2368000.0,-67.58797454833984,0.4436501672687833,-67.14432438107106,228.81547347427525
4737000,2368500.0,-67.64774322509766,0.5091323080475134,-67.13861091705014,262.5883155733445
4738000,2369000.0,-67.53373718261719,0.3995758950275241,-67.13416128758966,206.08387949561694
4739000,2369500.0,-67.5788345336914,0.4373247396577608,-67.14150979403365,225.5530928407828
4740000,2370000.0,-67.55486297607422,0.41957859626360167,-67.13528437981061,216.40040339613572
4741000,2370500.0,-67.62177276611328,0.4780891900274706,-67.1436835760858,246.57762455613477
4742000,2371000.0,-67.64167022705078,0.5000599192011811,-67.1416103078496,257.9091717285534
4743000,2371500.0,-67.59895324707031,0.45740782792813117,-67.14154541914218,235.9110768796492
4744000,2372000.0,-67.64734649658203,0.5100420171444602,-67.13730447943757,263.0575039859697
4745000,2372500.0,-67.55097198486328,0.4149837034995197,-67.13598828136377,214.03055742075944
4746000,2373000.0,-67.57633972167969,0.4338247368039179,-67.14251498487577,223.7479434928323
4747000,2373500.0,-67.55669403076172,0.42163470771315903,-67.13505932304857,217.460856315026
4748000,2374000.0,-67.64933013916016,0.5113916670236718,-67.13793847213648,263.7535947325087
4749000,2374500.0,-67.61698150634766,0.48653799098286704,-67.13044351536479,250.9351488703941
4750000,2375000.0,-67.55305480957031,0.4209260987277654,-67.13212871084255,217.09538659932826
4751000,2375500.0,-67.51864624023438,0.3872131317957419,-67.13143310843863,199.70770355558443
4752000,2376000.0,-67.62042236328125,0.4889160968737286,-67.13150626640753,252.16167252694845
4753000,2376500.0,-67.72904968261719,0.6016176986297342,-67.12743198398745,310.2882602522861
4754000,2377000.0,-67.66927337646484,0.5358826530651412,-67.1333907233997,276.3849808569178
4755000,2377500.0,-67.53326416015625,0.4018170435159714,-67.13144711664027,207.2397664767201
4756000,2378000.0,-67.63528442382812,0.49863639519813285,-67.13664802862999,257.17497991980304
4757000,2378500.0,-67.5661392211914,0.42874251784935913,-67.13739670334205,221.12675584954494
4758000,2379000.0,-67.46577453613281,0.33349474179050215,-67.13227979434231,172.00209280602755
4759000,2379500.0,-67.52877044677734,0.38886477039943834,-67.13990567637791,200.55954696058024
4760000,2380000.0,-67.58667755126953,0.45322769353117326,-67.13344985773836,233.7551452429852
4761000,2380500.0,-67.65733337402344,0.5219819831683973,-67.13535139085504,269.21561950264595
4762000,2381000.0,-67.57888793945312,0.44091872487313366,-67.13796921458,227.40671420596277
4763000,2381500.0,-67.59268188476562,0.459063719887739,-67.13361816487789,236.76511398075627
4764000,2382000.0,-67.66112518310547,0.5225276707085479,-67.13859751239693,269.49706141810213
4765000,2382500.0,-67.64256286621094,0.5067048737122478,-67.13585799249869,261.3363504491772
4766000,2383000.0,-67.64801025390625,0.5060043070905529,-67.1420059468157,260.9750286351221
4767000,2383500.0,-67.5220718383789,0.38203182891242965,-67.14004000946647,197.03541272842816
4768000,2384000.0,-67.48899841308594,0.3547203173430044,-67.13427809574293,182.9493221279707
4769000,2384500.0,-67.58134460449219,0.4407053946061915,-67.14063920988599,227.29668772645692
4770000,2385000.0,-67.62639617919922,0.4870214892735065,-67.13937468992572,251.18451627394487
4771000,2385500.0,-67.52325439453125,0.3795289418661657,-67.14372545266508,195.7445323754032
4772000,2386000.0,-67.74906158447266,0.6140250398601155,-67.13503654461255,316.68742758645857
4773000,2386500.0,-67.60975646972656,0.4802420487399566,-67.12951442098661,247.6879755082223
4774000,2387000.0,-67.62931823730469,0.4962117899043999,-67.1331064474003,255.92447389229685
4775000,2387500.0,-67.6014175415039,0.46750616710548576,-67.13391137439842,241.11936131329466
4776000,2388000.0,-67.46973419189453,0.3334096226716081,-67.13632456922292,171.9581920641179
4777000,2388500.0,-67.52913665771484,0.39507478059754536,-67.1340618771173,203.76240030899126
4778000,2389000.0,-67.67098236083984,0.5305233934705457,-67.1404589673693,273.62090769278893
4779000,2389500.0,-67.50228118896484,0.370117395188478,-67.13216379377637,190.89046566234893
4780000,2390000.0,-67.4431381225586,0.3111267886232154,-67.13201133393538,160.46567476265886
4781000,2390500.0,-67.47102355957031,0.3302968353113157,-67.140726724259,170.3527516378134
4782000,2391000.0,-67.63985443115234,0.5065810027828136,-67.13327342836953,261.2724632076989
4783000,2391500.0,-67.77484893798828,0.6399272340975283,-67.13492170389075,330.0466535616074
4784000,2392000.0,-67.69955444335938,0.5646336768328939,-67.13492076652648,291.21350928234006
4785000,2392500.0,-67.66366577148438,0.5258626630056311,-67.13780310847875,271.2171054928919
4786000,2393000.0,-67.62627410888672,0.49385391893425956,-67.13242018995246,254.70838652836028
4787000,2393500.0,-67.47672271728516,0.3404297648753816,-67.13629295240978,175.57887628948865
4788000,2394000.0,-67.66975402832031,0.5344339126893278,-67.13532011563099,275.63778353909913
4789000,2394500.0,-67.61698913574219,0.4794109471383512,-67.13757818860384,247.25932942509945
4790000,2395000.0,-67.46149444580078,0.33335050556519225,-67.12814394023559,171.92770203009343
4791000,2395500.0,-67.5781021118164,0.4449925452321911,-67.13310956658421,229.50781368270913
4792000,2396000.0,-67.58287048339844,0.457540279779663,-67.12533020361877,235.97938978778438
4793000,2396500.0,-67.63218688964844,0.49558618288312895,-67.13660070676531,255.6018129820977
4794000,2397000.0,-67.62303924560547,0.4905797497326825,-67.13245949587278,253.01971236261863
4795000,2397500.0,-67.48526000976562,0.35265179532962154,-67.132608214436,181.88246837967174
4796000,2398000.0,-67.69977569580078,0.5601793138605932,-67.1395963819402,288.91614246558015
4797000,2398500.0,-67.52335357666016,0.38853745543419094,-67.13481612122597,200.39073212791743
4798000,2399000.0,-67.5218276977539,0.39362597952438544,-67.12820171822952,203.0151716861194
4799000,2399500.0,-67.69393157958984,0.5599578088875654,-67.13397377070228,288.80189982798066
4800000,2400000.0,-67.49568939208984,0.35913955068649506,-67.13654984140335,185.2285706090639
4801000,2400500.0,-67.69113159179688,0.5518834989984945,-67.13924809279838,284.637521728859
4802000,2401000.0,-67.5582046508789,0.41837391346992475,-67.13983073740899,215.77908037146864
4803000,2401500.0,-67.44603729248047,0.30519509450695836,-67.14084219797351,157.40636475254084
4804000,2402000.0,-67.64006805419922,0.5026956334362027,-67.13737242076301,259.268558572341
4805000,2402500.0,-67.51917266845703,0.37690277985856047,-67.14226988859848,194.39007215533908
4806000,2403000.0,-67.65065002441406,0.5116625182635889,-67.13898750615047,263.89328802978446
4807000,2403500.0,-67.55528259277344,0.4124633384304633,-67.14281925434297,212.73066266324258
4808000,2404000.0,-67.6734619140625,0.5295512813966987,-67.14391063266581,273.11953453696054
4809000,2404500.0,-67.72264099121094,0.5772530042484498,-67.14538798696249,297.7220098770619
4810000,2405000.0,-67.45293426513672,0.3118040693059051,-67.14113019583081,160.81498670147468
4811000,2405500.0,-67.5487060546875,0.4044922762701344,-67.14421377841737,208.61953525504862
4812000,2406000.0,-67.69924926757812,0.5565087136852694,-67.14274055389285,287.0230064340488
4813000,2406500.0,-67.5435791015625,0.39983597184348396,-67.14374312971901,206.21801581331493
4814000,2407000.0,-67.58369445800781,0.4416273795112521,-67.14206707849657,227.77220746735168
4815000,2407500.0,-67.6125717163086,0.4749688329780677,-67.13760288333053,244.96828001319594
4816000,2408000.0,-67.5044937133789,0.3617643478283867,-67.14272936555052,186.58232689071542
4817000,2408500.0,-67.54249572753906,0.40656905515630376,-67.13592667238275,209.69064753945426
4818000,2409000.0,-67.56175231933594,0.4210685895659361,-67.14068372977,217.16887718043748
4819000,2409500.0,-67.59396362304688,0.4533188376543569,-67.14064478539252,233.80215342023678
4820000,2410000.0,-67.62081146240234,0.48298657622852115,-67.13782488617382,249.10348349873007
4821000,2410500.0,-67.59133911132812,0.4506191311942182,-67.14071998013391,232.4097621680907
4822000,2411000.0,-67.57080841064453,0.43810321183744333,-67.13270519880709,225.9545949555621
4823000,2411500.0,-67.62214660644531,0.4947339999996186,-67.12741260644569,255.16229409004472
4824000,2412000.0,-67.45410919189453,0.32153578126023635,-67.1325734106343,165.83418074856382
4825000,2412500.0,-67.57768249511719,0.4373578084915535,-67.14032468662563,225.57014830794986
4826000,2413000.0,-67.54975891113281,0.41847058764957934,-67.13128832348323,215.82894071148965
4827000,2413500.0,-67.61781311035156,0.47751403877444376,-67.14029907157712,246.28098653818734
4828000,2414000.0,-67.56040954589844,0.42981321761579844,-67.13059632828264,221.67897625219877
4829000,2414500.0,-67.60354614257812,0.47377830397797854,-67.12976783860015,244.3542569000812
4830000,2415000.0,-67.55956268310547,0.4229227363840394,-67.13663994672143,218.1251655206109
4831000,2415500.0,-67.57853698730469,0.44393279632498955,-67.1346041909797,228.96124125728218
4832000,2416000.0,-67.762451171875,0.6254106418636921,-67.1370405300113,322.55962623630086
4833000,2416500.0,-67.52959442138672,0.3963261143038887,-67.13326830708283,204.40778384677725
4834000,2417000.0,-67.62157440185547,0.48321924806129807,-67.13835515379417,249.223485517232
4835000,2417500.0,-67.70594787597656,0.5710861036587874,-67.13486177231778,294.54139059097133
4836000,2418000.0,-67.80357360839844,0.6632701628168723,-67.14030344558157,342.08592161840727
4837000,2418500.0,-67.62397003173828,0.48422260776484,-67.13974742397345,249.74097484231066
4838000,2419000.0,-67.6595687866211,0.5138054399221548,-67.14576334669894,264.998513881364
4839000,2419500.0,-67.69979095458984,0.5567358564919686,-67.14305509809788,287.1401568212133
4840000,2420000.0,-67.62843322753906,0.49125501398069477,-67.13717821355837,253.36798431207012
4841000,2420500.0,-67.57977294921875,0.432788178541217,-67.14698477067753,223.213331793881
4842000,2421000.0,-67.69783782958984,0.5566857823461335,-67.14115204724371,287.1143307532134
4843000,2421500.0,-67.75428009033203,0.6116030640228226,-67.14267702630922,315.43827771829757
4844000,2422000.0,-67.62052154541016,0.48025335353397763,-67.14026819187617,247.693806029627
4845000,2422500.0,-67.78022766113281,0.6421251631630919,-67.13810249796973,331.1802498428754
4846000,2423000.0,-67.53878021240234,0.40253957577553645,-67.13624063662681,207.6124172120745
4847000,2423500.0,-67.558837890625,0.42010694834290796,-67.1387309422821,216.67290443435652
4848000,2424000.0,-67.73796844482422,0.598691497329798,-67.13927694749442,308.7790528061401
4849000,2424500.0,-67.7876205444336,0.6437219781298508,-67.14389856630375,332.00381759879235
4850000,2425000.0,-67.58134460449219,0.44110859089753357,-67.14023601359466,227.50463884901473
4851000,2425500.0,-67.4709243774414,0.3292756365217056,-67.1416487409197,169.8260616874985
4852000,2426000.0,-67.49262237548828,0.35034607843646387,-67.14227629705182,180.69327982181898
4853000,2426500.0,-67.5582275390625,0.4149165720580718,-67.14331096700442,213.9959339410604
4854000,2427000.0,-67.50867462158203,0.3707068255387116,-67.13796779604331,191.19446821800918
4855000,2427500.0,-67.60370635986328,0.45764685192314725,-67.14605950794014,236.0343550673438
4856000,2428000.0,-67.4967269897461,0.3504042244513,-67.1463227652948,180.72326900901407
4857000,2428500.0,-67.78627014160156,0.6411288637851912,-67.14514127781636,330.6664019268926
4858000,2429000.0,-67.61781311035156,0.4734725397829578,-67.1443405705686,244.196557018019
4859000,2429500.0,-67.6636734008789,0.5203531356429052,-67.143320265236,268.37553074519695
4860000,2430000.0,-67.74421691894531,0.597073475496888,-67.14714344344843,307.94454747039725
4861000,2430500.0,-67.6578598022461,0.5082570636118356,-67.14960273863426,262.13690253503046
4862000,2431000.0,-67.64779663085938,0.5087090794722515,-67.13908755138712,262.37003266942367
4863000,2431500.0,-67.6205825805664,0.4736789878449602,-67.14690359272144,244.30303395534497
4864000,2432000.0,-67.58209228515625,0.4408400239027646,-67.14125226125348,227.366123666104
4865000,2432500.0,-67.55874633789062,0.4075695493139702,-67.15117678857665,210.2066589405184
4866000,2433000.0,-67.58731842041016,0.43500649959206933,-67.1523119208181,224.35744537484402
4867000,2433500.0,-67.55653381347656,0.4044064874779361,-67.15212732599862,208.57528912475527
4868000,2434000.0,-67.56868743896484,0.4216918723937999,-67.14699556657105,217.4903393726959
4869000,2434500.0,-67.75787353515625,0.6016608849108651,-67.15621265024538,310.3105338590456
4870000,2435000.0,-67.60059356689453,0.45292987059888795,-67.14766369629564,233.60154111908307
4871000,2435500.0,-67.54583740234375,0.3944517753820999,-67.15138562696166,203.44108129715207
4872000,2436000.0,-67.60848236083984,0.4575411954246779,-67.15094116541516,235.9798620376855
4873000,2436500.0,-67.6170425415039,0.4707273586440671,-67.14631518285984,242.7807119030833
4874000,2437000.0,-67.7001724243164,0.5475316880139088,-67.1526407363025,282.39304677004475
4875000,2437500.0,-67.58216094970703,0.43200073566816616,-67.15016021403886,222.8072029853644
4876000,2438000.0,-67.67935180664062,0.5270997294114048,-67.15225207722922,271.85513057715775
4877000,2438500.0,-67.64203643798828,0.495216528838768,-67.14681990914951,255.41116149265312
4878000,2439000.0,-67.51671600341797,0.36627397616510315,-67.15044202725286,188.9081971803881
4879000,2439500.0,-67.56244659423828,0.4172459358910623,-67.14520065834722,215.19731856268876
4880000,2440000.0,-67.65373229980469,0.5074037983381429,-67.14632850146654,261.69682539316636
4881000,2440500.0,-67.53749084472656,0.3841792439766176,-67.15331160074994,198.14295608332623
4882000,2441000.0,-67.63653564453125,0.491465551999486,-67.14507009253177,253.47657067134196
4883000,2441500.0,-67.57952117919922,0.4293713405178666,-67.15014983868136,221.4510752508238
4884000,2442000.0,-67.62604522705078,0.47564157922305256,-67.15040364782773,245.31525328612832
4885000,2442500.0,-67.48553466796875,0.34095537873517107,-67.14457928923358,175.8499650730966
4886000,2443000.0,-67.66679382324219,0.520755582503861,-67.14603824073832,268.5830953441348
4887000,2443500.0,-67.47449493408203,0.33198631691330194,-67.14250861716873,171.22411281651966
4888000,2444000.0,-67.52008819580078,0.373088305492948,-67.14699989030784,192.42273206980204
4889000,2444500.0,-67.77362060546875,0.6222673765233814,-67.15135322894537,320.9384665925973
4890000,2445000.0,-67.5875015258789,0.44004554231406945,-67.14745598356484,226.95636459398864
4891000,2445500.0,-67.56218719482422,0.41599857087633224,-67.14618862394789,214.55398190354177
4892000,2446000.0,-67.601318359375,0.4511956967580424,-67.15012266261695,232.70712962607584
4893000,2446500.0,-67.62152099609375,0.47345211861263214,-67.14806887748112,244.1860246659504
4894000,2447000.0,-67.73965454101562,0.5936130666679547,-67.14604147434767,306.1598189995811
4895000,2447500.0,-67.59654235839844,0.4412091363001395,-67.15533322209829,227.5564957975753
4896000,2448000.0,-67.7064208984375,0.5527897837235628,-67.15363111471393,285.10494399930604
4897000,2448500.0,-67.52257537841797,0.3664065995192187,-67.15616877889875,188.9765985421018
4898000,2449000.0,-67.58255767822266,0.43028012245739683,-67.15227755576527,221.9197854759515
4899000,2449500.0,-67.6659164428711,0.5121126771014429,-67.15380376576965,264.1254603926539
4900000,2450000.0,-67.60939025878906,0.45364825294953626,-67.15574200583953,233.97205151178977
4901000,2450500.0,-67.73390197753906,0.5770301021229145,-67.15687187541614,297.6070466489248
4902000,2451000.0,-67.61286926269531,0.4594581609505983,-67.15341110174471,236.9685495369998
4903000,2451500.0,-67.644775390625,0.49027515271255817,-67.15450023791244,252.86261445863798
4904000,2452000.0,-67.56706237792969,0.4065869908757121,-67.16047538705398,209.6998980039673
4905000,2452500.0,-67.59172821044922,0.4303659459831945,-67.16136226446602,221.96404952032574
4906000,2453000.0,-67.59900665283203,0.44228306807540446,-67.15672358475663,228.11038312990541
4907000,2453500.0,-67.65274810791016,0.4902009579201185,-67.16254714999003,252.82434800949872
4908000,2454000.0,-67.50481414794922,0.3493264292831665,-67.15548771866605,180.16738910656082
4909000,2454500.0,-67.5857162475586,0.43526536362590057,-67.15045088393269,224.49095619223243
4910000,2455000.0,-67.64553833007812,0.48781213992228,-67.15772619015584,251.59229951375653
4911000,2455500.0,-67.55830383300781,0.40105211279031067,-67.1572517202175,206.8452484553597
4912000,2456000.0,-67.62557220458984,0.4683385734886059,-67.15723363110124,241.54868034601182
4913000,2456500.0,-67.63631439208984,0.4763819106492634,-67.15993248144058,245.69708405801595
4914000,2457000.0,-67.6430435180664,0.4800432759017562,-67.16300024216466,247.58545711773766
4915000,2457500.0,-67.58370208740234,0.4273948576390727,-67.15630722976327,220.43169128775855
4916000,2458000.0,-67.62298583984375,0.466839078137232,-67.15614676170652,240.7753058178124
4917000,2458500.0,-67.65908813476562,0.5091615355411427,-67.14992659922449,262.60338984421526
4918000,2459000.0,-67.62712860107422,0.47100853094156314,-67.15612007013266,242.92572835326402
4919000,2459500.0,-67.52979278564453,0.3814918251866188,-67.14830096045792,196.75690227736723
4920000,2460000.0,-67.59103393554688,0.44361307865026717,-67.1474208568966,228.7963447768637
4921000,2460500.0,-67.59370422363281,0.4439074931641498,-67.14979673046867,228.94819098669714
4922000,2461000.0,-67.6447982788086,0.49096963045590547,-67.15382864835269,253.22079589388824
4923000,2461500.0,-67.62293243408203,0.47203205567211387,-67.15090037840991,243.45361792282142
4924000,2462000.0,-67.52503204345703,0.37297207196651655,-67.15205997149052,192.3627838688406
4925000,2462500.0,-67.53761291503906,0.38859725099067655,-67.14901566404839,200.4215720769997
4926000,2463000.0,-67.564208984375,0.41811992486012234,-67.14608905951488,215.64808408588897
4927000,2463500.0,-67.59548950195312,0.43871103337250833,-67.15677846858061,226.26808288500425
4928000,2464000.0,-67.55140686035156,0.4004677959734903,-67.15093906437808,206.5438832379795
4929000,2464500.0,-67.61029052734375,0.45256475486317393,-67.15772577248057,233.41323029198563
4930000,2465000.0,-67.66996765136719,0.5212817084413378,-67.14868594292585,268.85444823515695
4931000,2465500.0,-67.70763397216797,0.5506731166920941,-67.15696085547587,284.01325914325264
4932000,2466000.0,-67.50115203857422,0.3513218030076074,-67.14983023556661,181.19651614673944
4933000,2466500.0,-67.66666412353516,0.5139177175754928,-67.15274640595966,265.0564218149218
4934000,2467000.0,-67.48412322998047,0.326933777512333,-67.15718945246813,168.61823259698235
4935000,2467500.0,-67.5735092163086,0.4262939131715254,-67.14721530313707,219.86387198282836
4936000,2468000.0,-67.601318359375,0.4494569191243066,-67.1518614402507,231.810343696795
4937000,2468500.0,-67.59999084472656,0.44900681809033854,-67.15098402663622,231.5782011466576
4938000,2469000.0,-67.6353530883789,0.48033543033023096,-67.15501765804868,247.73613767375008
4939000,2469500.0,-67.67274475097656,0.5197250676714236,-67.15301968330513,268.05160058384183
4940000,2470000.0,-67.58824157714844,0.4343545332797538,-67.15388704386868,224.02118948800387
4941000,2470500.0,-67.41828918457031,0.26612301105127595,-67.15216617351903,137.2546823344388
4942000,2471000.0,-67.73104095458984,0.5716398982943024,-67.15940105629554,294.8270137938498
4943000,2471500.0,-67.50626373291016,0.3483999945810757,-67.15786373832908,179.68957435376376
4944000,2472000.0,-67.68048858642578,0.5210313092493732,-67.15945727717641,268.7253032152876
4945000,2472500.0,-67.54025268554688,0.38811799004652675,-67.15213469550035,200.17439011259637
4946000,2473000.0,-67.66423797607422,0.5095309054040849,-67.15470707067013,262.7938947652356
4947000,2473500.0,-67.5230941772461,0.36979401914999754,-67.1533001580961,190.72368235691107
4948000,2474000.0,-67.53103637695312,0.37100393211054467,-67.16003244484259,191.34770287432593
4949000,2474500.0,-67.56727600097656,0.4110063015323021,-67.15626969944427,211.9791863597968
4950000,2475000.0,-67.67637634277344,0.519326253990185,-67.15705008878325,267.8459098210897
4951000,2475500.0,-67.53954315185547,0.38137580895062806,-67.15816734290485,196.69706614537083
4952000,2476000.0,-67.59323120117188,0.4387333232736142,-67.15449787789827,226.2795790471868
4953000,2476500.0,-67.62489318847656,0.4678458946009335,-67.15704729387564,241.29457798953678
4954000,2477000.0,-67.55840301513672,0.4001603970462071,-67.15824261809051,206.3853402320683
4955000,2477500.0,-67.68572998046875,0.5293950465526763,-67.15633493391607,273.0389553950023
4956000,2478000.0,-67.46080780029297,0.3055310015800989,-67.15527679871288,157.57961102100768
4957000,2478500.0,-67.54202270507812,0.392821229955223,-67.14920147512291,202.60011683596633
4958000,2479000.0,-67.63883972167969,0.49420411046147567,-67.1446356112182,254.88900009738003
4959000,2479500.0,-67.63715362548828,0.4965100987712912,-67.14064352671699,256.0783286401481
4960000,2480000.0,-67.52689361572266,0.3780351623885397,-67.14885845333411,194.97410584644828
4961000,2480500.0,-67.56377410888672,0.4127404639615475,-67.15103364492518,212.8735919671967
4962000,2481000.0,-67.56678771972656,0.4188024162360537,-67.14798530349051,216.00008347380134
4963000,2481500.0,-67.64410400390625,0.4963969864871721,-67.14770701741908,256.01999024030977
4964000,2482000.0,-67.62214660644531,0.4758196534635644,-67.14632695298175,245.40709623956872
4965000,2482500.0,-67.59021759033203,0.44499522188374707,-67.14522236844829,229.50919418324375
4966000,2483000.0,-67.76609802246094,0.6192097895849198,-67.14688823287602,319.361496144643
4967000,2483500.0,-67.47154235839844,0.3228903218179253,-67.14865203658051,166.53279389449312
4968000,2484000.0,-67.4959945678711,0.35787692088894735,-67.13811764698215,184.57736103840782
4969000,2484500.0,-67.67901611328125,0.5294986287403693,-67.14951748454088,273.09237858532
4970000,2485000.0,-67.52775573730469,0.3902232263824613,-67.13753251092223,201.26017951271683
4971000,2485500.0,-67.65145111083984,0.5063285606525737,-67.14512255018727,261.1422645290614
4972000,2486000.0,-67.66016387939453,0.5083663086777466,-67.15179757071678,262.1932463918017
4973000,2486500.0,-67.68141174316406,0.5231335990799743,-67.1582781440841,269.8095729360239
4974000,2487000.0,-67.7115478515625,0.5543346752404342,-67.15721317632206,285.901731896571
4975000,2487500.0,-67.69837951660156,0.5397255120671859,-67.15865400453437,278.3669605042173
4976000,2488000.0,-67.58133697509766,0.43079808304929057,-67.15053889204836,222.18692703662035
4977000,2488500.0,-67.66345977783203,0.5037272098019058,-67.15973256803012,259.8006008253539
4978000,2489000.0,-67.5470199584961,0.39051629982160296,-67.1565036586745,201.41133405448738
4979000,2489500.0,-67.66658782958984,0.5167609447099416,-67.1498268848799,266.522834792897
4980000,2490000.0,-67.65190124511719,0.497703937557839,-67.15419730755934,256.6940587972617
4981000,2490500.0,-67.70954132080078,0.5538802742560193,-67.15566104654476,285.667371618886
4982000,2491000.0,-67.62749481201172,0.47753491210210747,-67.14995989990962,246.29175209335833
4983000,2491500.0,-67.71443939208984,0.5579465811012967,-67.15649281098855,287.7645959517919
4984000,2492000.0,-67.48298645019531,0.3322346592693062,-67.15075179092601,171.3521970097989
4985000,2492500.0,-67.57752990722656,0.4284596821722751,-67.14907022505429,220.98088150046982
4986000,2493000.0,-67.54639434814453,0.3859652174171934,-67.16042913072734,199.06408355845744
4987000,2493500.0,-67.5614013671875,0.4071749290057028,-67.1542264381818,210.0031309372841
4988000,2494000.0,-67.67086791992188,0.5127746048530821,-67.1580933150688,264.4668539569334
4989000,2494500.0,-67.65348815917969,0.49156292247390476,-67.16192523670578,253.52679012993858
4990000,2495000.0,-67.53585815429688,0.38029845428952475,-67.15555970000734,196.14141343729753
4991000,2495500.0,-67.62907409667969,0.47587277815997076,-67.15320131851972,245.43449564896426
4992000,2496000.0,-67.51094818115234,0.3577651596689557,-67.15318302148339,184.5197194587238
4993000,2496500.0,-67.63088989257812,0.4774415142609227,-67.15344837831721,246.24358154631733
4994000,2497000.0,-67.60585021972656,0.46218863836818563,-67.14366158135837,238.3768111115695
4995000,2497500.0,-67.52605438232422,0.3789543155584389,-67.14710006676577,195.4481651014253
4996000,2498000.0,-67.55410766601562,0.39867647799454703,-67.15543118802108,205.61999928225325
4997000,2498500.0,-67.72286987304688,0.5738224406928981,-67.14904743235398,295.95267430106156
4998000,2499000.0,-67.5477294921875,0.39559075158391077,-67.15213874060359,204.0285157176048
4999000,2499500.0,-67.7024917602539,0.5505801213507328,-67.15191163890317,283.96529618812633
5000000,2500000.0,-67.58385467529297,0.4317803906497779,-67.15207428464319,222.69355860195168
