step,time_fs,E_pot_eV,E_kin_eV,E_tot_eV,T_K
0,0.0,-68.11537170410156,0.7802276914959267,-67.33514401260564,402.4075314711215
1000,500.0,-67.67803192138672,0.3497667769489525,-67.32826514443776,180.39450129331013
2000,1000.0,-67.71953582763672,0.3972440857851825,-67.32229174185153,204.88123363813247
3000,1500.0,-35.25104904174805,20522.811135805445,20487.560086763697,10584773.980751012
4000,2000.0,-35.24828338623047,20522.808369562503,20487.560086176272,10584772.554043133
5000,2500.0,-35.24753189086914,20522.807616978702,20487.560085087833,10584772.165893119
6000,3000.0,-35.2471809387207,20522.807266043055,20487.560085104335,10584771.984895766
7000,3500.0,-35.246978759765625,20522.80706294828,20487.560084188513,10584771.880148308
8000,4000.0,-35.24684524536133,20522.80693052614,20487.56008528078,10584771.811850725
9000,4500.0,-35.24674987792969,20522.806837354863,20487.560087476933,10584771.76379703
10000,5000.0,-35.246681213378906,20522.806768235663,20487.560087022284,10584771.72814835
11000,5500.0,-35.24662780761719,20522.806714919687,20487.56008711207,10584771.700650286
12000,6000.0,-35.246585845947266,20522.80667254317,20487.560086697224,10584771.67879432
13000,6500.0,-35.246551513671875,20522.806638052498,20487.560086538826,10584771.66100553
14000,7000.0,-35.246524810791016,20522.806609433803,20487.56008462301,10584771.646245252
15000,7500.0,-35.246498107910156,20522.80658530524,20487.56008719733,10584771.633800788
16000,8000.0,-35.24647903442383,20522.806564686925,20487.5600856525,10584771.623166759
17000,8500.0,-35.2464599609375,20522.806546864795,20487.560086903857,10584771.613974877
18000,9000.0,-35.24644470214844,20522.806531306134,20487.560086603986,10584771.605950397
19000,9500.0,-35.24643325805664,20522.806517605484,20487.560084347428,10584771.598884197
20000,10000.0,-35.24641799926758,20522.806505448767,20487.5600874495,10584771.592614291
21000,10500.0,-35.24641036987305,20522.806494588986,20487.560084219112,10584771.587013287
22000,11000.0,-35.24639892578125,20522.80648482906,20487.56008590328,10584771.581979541
23000,11500.0,-35.24639129638672,20522.80647600995,20487.560084713565,10584771.577431029
24000,12000.0,-35.24638366699219,20522.806468001916,20487.560084334924,10584771.573300833
25000,12500.0,-35.246376037597656,20522.806460697946,20487.56008466035,10584771.569533762
26000,13000.0,-35.246368408203125,20522.8064540091,20487.560085600897,10584771.566083945
27000,13500.0,-35.246360778808594,20522.806447860872,20487.560087082064,10584771.562912958
28000,14000.0,-35.24635696411133,20522.80644219019,20487.56008522608,10584771.559988266
29000,14500.0,-35.2463493347168,20522.80643694353,20487.560087608814,10584771.557282267
30000,15000.0,-35.24634552001953,20522.806432075035,20487.560086555015,10584771.554771308
31000,15500.0,-35.246341705322266,20522.80642754526,20487.560085839938,10584771.552435048
32000,16000.0,-35.246337890625,20522.806423320028,20487.560085429403,10584771.550255856
33000,16500.0,-35.246334075927734,20522.806419369637,20487.56008529371,10584771.548218416
34000,17000.0,-35.24633026123047,20522.806415668085,20487.560085406854,10584771.546309317
35000,17500.0,-35.2463264465332,20522.80641219261,20487.560085746078,10584771.544516819
36000,18000.0,-35.24632263183594,20522.80640892308,20487.560086291243,10584771.542830536
37000,18500.0,-35.24631881713867,20522.806405841795,20487.560087024656,10584771.541241344
38000,19000.0,-35.246315002441406,20522.806402932856,20487.560087930415,10584771.53974104
39000,19500.0,-35.246315002441406,20522.806400182242,20487.5600851798,10584771.538322393
40000,20000.0,-35.24631118774414,20522.80639757738,20487.560086389636,10584771.536978917
41000,20500.0,-35.246307373046875,20522.806395106978,20487.56008773393,10584771.535704792
42000,21000.0,-35.246307373046875,20522.80639276089,20487.560085387842,10584771.534494782
43000,21500.0,-35.24630355834961,20522.80639052995,20487.5600869716,10584771.533344159
44000,22000.0,-35.24630355834961,20522.8063884058,20487.56008484745,10584771.532248614
45000,22500.0,-35.246299743652344,20522.806386381162,20487.56008663751,10584771.531204395
46000,23000.0,-35.246299743652344,20522.806384448995,20487.560084705343,10584771.530207867
47000,23500.0,-35.24629592895508,20522.80638260326,20487.560086674304,10584771.529255917
48000,24000.0,-35.24629592895508,20522.80638083811,20487.560084909153,10584771.528345529
49000,24500.0,-35.24629211425781,20522.80637914854,20487.560087034282,10584771.527474122
50000,25000.0,-35.24629211425781,20522.80637752979,20487.56008541553,10584771.526639242
51000,25500.0,-35.24628829956055,20522.806375977478,20487.560087677917,10584771.525838627
52000,26000.0,-35.24628829956055,20522.806374487493,20487.560086187932,10584771.525070157
53000,26500.0,-35.24628829956055,20522.8063730562,20487.56008475664,10584771.524331959
54000,27000.0,-35.24628448486328,20522.806371680275,20487.560087195412,10584771.523622317
55000,27500.0,-35.24628448486328,20522.806370356582,20487.56008587172,10584771.522939613
56000,28000.0,-35.24628448486328,20522.806369081965,20487.560084597102,10584771.52228222
57000,28500.0,-35.246280670166016,20522.80636785409,20487.560087183923,10584771.521648936
58000,29000.0,-35.246280670166016,20522.806366670087,20487.56008599992,10584771.521038279
59000,29500.0,-35.246280670166016,20522.806365527947,20487.56008485778,10584771.520449214
60000,30000.0,-35.24627685546875,20522.80636442534,20487.560087569873,10584771.519880537
61000,30500.0,-35.24627685546875,20522.80636336025,20487.56008650478,10584771.51933121
62000,31000.0,-35.24627685546875,20522.806362330903,20487.560085475434,10584771.518800316
63000,31500.0,-35.24627685546875,20522.80636133527,20487.560084479803,10584771.518286813
64000,32000.0,-35.246273040771484,20522.806360372215,20487.560087331443,10584771.51779011
65000,32500.0,-35.246273040771484,20522.806359439546,20487.560086398775,10584771.51730908
66000,33000.0,-35.246273040771484,20522.80635853606,20487.56008549529,10584771.516843103
67000,33500.0,-35.246273040771484,20522.806357660884,20487.560084620112,10584771.516391724
68000,34000.0,-35.24626922607422,20522.80635681213,20487.560087586055,10584771.515953973
69000,34500.0,-35.24626922607422,20522.806355988567,20487.560086762493,10584771.515529215
70000,35000.0,-35.24626922607422,20522.806355189616,20487.56008596354,10584771.515117152
71000,35500.0,-35.24626922607422,20522.806354413773,20487.5600851877,10584771.514717005
72000,36000.0,-35.24626922607422,20522.80635366018,20487.560084434106,10584771.514328334
73000,36500.0,-35.24626541137695,20522.806352927764,20487.560087516387,10584771.513950586
74000,37000.0,-35.24626541137695,20522.806352216063,20487.560086804686,10584771.513583522
75000,37500.0,-35.24626541137695,20522.806351523825,20487.560086112448,10584771.513226496
76000,38000.0,-35.24626541137695,20522.806350850307,20487.56008543893,10584771.512879124
77000,38500.0,-35.24626541137695,20522.80635019478,20487.560084783403,10584771.512541031
78000,39000.0,-35.24626541137695,20522.806349556322,20487.560084144945,10584771.512211744
79000,39500.0,-35.24626159667969,20522.806348934846,20487.560087338166,10584771.511891212
80000,40000.0,-35.24626159667969,20522.80634832971,20487.56008673303,10584771.51157911
81000,40500.0,-35.24626159667969,20522.806347739825,20487.560086143145,10584771.511274872
82000,41000.0,-35.24626159667969,20522.806347164395,20487.560085567715,10584771.510978092
83000,41500.0,-35.24626159667969,20522.80634660284,20487.56008500616,10584771.510688465
84000,42000.0,-35.24626159667969,20522.80634605523,20487.56008445855,10584771.510406032
85000,42500.0,-35.24625778198242,20522.806345521753,20487.56008773977,10584771.510130888
86000,43000.0,-35.24625778198242,20522.80634500011,20487.560087218128,10584771.509861847
87000,43500.0,-35.24625778198242,20522.80634449031,20487.560086708327,10584771.509598915
88000,44000.0,-35.24625778198242,20522.80634399381,20487.560086211826,10584771.50934284
89000,44500.0,-35.24625778198242,20522.80634350772,20487.560085725738,10584771.509092137
90000,45000.0,-35.24625778198242,20522.806343033422,20487.56008525144,10584771.508847514
91000,45500.0,-35.24625778198242,20522.80634256932,20487.56008478734,10584771.508608151
92000,46000.0,-35.24625778198242,20522.806342115266,20487.560084333283,10584771.50837397
93000,46500.0,-35.246253967285156,20522.806341672305,20487.56008770502,10584771.50814551
94000,47000.0,-35.246253967285156,20522.8063412374,20487.560087270114,10584771.507921204
95000,47500.0,-35.246253967285156,20522.806340813688,20487.560086846403,10584771.507702673
96000,48000.0,-35.246253967285156,20522.806340397303,20487.560086430018,10584771.50748792
97000,48500.0,-35.246253967285156,20522.806339991523,20487.560086024238,10584771.507278636
98000,49000.0,-35.246253967285156,20522.806339592287,20487.560085625002,10584771.507072726
99000,49500.0,-35.246253967285156,20522.806339202987,20487.560085235702,10584771.506871942
100000,50000.0,-35.246253967285156,20522.806338820323,20487.560084853038,10584771.506674582
101000,50500.0,-35.246253967285156,20522.806338446262,20487.560084478977,10584771.506481657
102000,51000.0,-35.24625015258789,20522.806338079474,20487.560087926886,10584771.506292483
103000,51500.0,-35.24625015258789,20522.80633771902,20487.56008756643,10584771.506106576
104000,52000.0,-35.24625015258789,20522.806337367674,20487.560087215086,10584771.505925369
105000,52500.0,-35.24625015258789,20522.806337021742,20487.560086869154,10584771.505746951
106000,53000.0,-35.24625015258789,20522.806336682428,20487.56008652984,10584771.505571948
107000,53500.0,-35.24625015258789,20522.80633635078,20487.56008619819,10584771.505400898
108000,54000.0,-35.24625015258789,20522.806336023776,20487.560085871188,10584771.505232245
109000,54500.0,-35.24625015258789,20522.806335703506,20487.56008555092,10584771.505067063
110000,55000.0,-35.24625015258789,20522.806335390636,20487.56008523805,10584771.504905699
111000,55500.0,-35.24625015258789,20522.80633508178,20487.56008492919,10584771.504746404
112000,56000.0,-35.24625015258789,20522.80633477824,20487.560084625653,10584771.504589852
113000,56500.0,-35.24625015258789,20522.806334481924,20487.560084329336,10584771.504437024
114000,57000.0,-35.246246337890625,20522.806334190172,20487.560087852282,10584771.504286552
115000,57500.0,-35.246246337890625,20522.80633390165,20487.56008756376,10584771.504137745
116000,58000.0,-35.246246337890625,20522.806333620778,20487.560087282887,10584771.503992882
117000,58500.0,-35.246246337890625,20522.806333345095,20487.560087007205,10584771.503850697
118000,59000.0,-35.246246337890625,20522.806333072436,20487.560086734546,10584771.50371007
119000,59500.0,-35.246246337890625,20522.80633280324,20487.56008646535,10584771.50357123
120000,60000.0,-35.246246337890625,20522.806332542146,20487.560086204256,10584771.503436571
121000,60500.0,-35.246246337890625,20522.80633228393,20487.56008594604,10584771.503303394
122000,61000.0,-35.246246337890625,20522.8063320297,20487.56008569181,10584771.503172273
123000,61500.0,-35.246246337890625,20522.806331778833,20487.560085440942,10584771.503042886
124000,62000.0,-35.246246337890625,20522.806331533127,20487.560085195237,10584771.502916163
125000,62500.0,-35.246246337890625,20522.806331292493,20487.560084954603,10584771.502792055
126000,63000.0,-35.246246337890625,20522.806331054482,20487.56008471659,10584771.502669299
127000,63500.0,-35.246246337890625,20522.80633082028,20487.56008448239,10584771.502548506
128000,64000.0,-35.246246337890625,20522.806330587613,20487.560084249722,10584771.502428507
129000,64500.0,-35.24624252319336,20522.806330362135,20487.56008783894,10584771.502312215
130000,65000.0,-35.24624252319336,20522.806330139774,20487.56008761658,10584771.502197532
131000,65500.0,-35.24624252319336,20522.80632992028,20487.560087397087,10584771.502084326
132000,66000.0,-35.24624252319336,20522.806329703737,20487.560087180544,10584771.501972642
133000,66500.0,-35.24624252319336,20522.806329488838,20487.560086965645,10584771.501861807
134000,67000.0,-35.24624252319336,20522.806329279465,20487.56008675627,10584771.501753822
135000,67500.0,-35.24624252319336,20522.80632907343,20487.56008655024,10584771.501647558
136000,68000.0,-35.24624252319336,20522.806328871757,20487.560086348563,10584771.501543544
137000,68500.0,-35.24624252319336,20522.80632867123,20487.560086148038,10584771.50144012
138000,69000.0,-35.24624252319336,20522.806328473172,20487.56008594998,10584771.501337972
139000,69500.0,-35.24624252319336,20522.806328276965,20487.560085753772,10584771.501236776
140000,70000.0,-35.24624252319336,20522.806328084735,20487.56008556154,10584771.501137631
141000,70500.0,-35.24624252319336,20522.806327897506,20487.560085374313,10584771.501041068
142000,71000.0,-35.24624252319336,20522.806327711776,20487.560085188583,10584771.500945276
143000,71500.0,-35.24624252319336,20522.806327527713,20487.56008500452,10584771.500850344
144000,72000.0,-35.24624252319336,20522.806327347378,20487.560084824185,10584771.500757335
145000,72500.0,-35.24624252319336,20522.806327167636,20487.560084644443,10584771.500664633
146000,73000.0,-35.24624252319336,20522.806326989034,20487.56008446584,10584771.500572516
147000,73500.0,-35.24624252319336,20522.80632681635,20487.560084293156,10584771.500483453
148000,74000.0,-35.246238708496094,20522.806326647173,20487.560087938677,10584771.5003962
149000,74500.0,-35.246238708496094,20522.806326478058,20487.56008776956,10584771.500308977
150000,75000.0,-35.246238708496094,20522.806326312177,20487.56008760368,10584771.500223422
151000,75500.0,-35.246238708496094,20522.806326148537,20487.56008744004,10584771.500139024
152000,76000.0,-35.246238708496094,20522.80632598521,20487.560087276714,10584771.500054788
153000,76500.0,-35.246238708496094,20522.806325824244,20487.560087115748,10584771.499971768
154000,77000.0,-35.246238708496094,20522.806325665453,20487.560086956957,10584771.499889871
155000,77500.0,-35.246238708496094,20522.806325509024,20487.560086800528,10584771.499809192
156000,78000.0,-35.246238708496094,20522.80632535582,20487.560086647325,10584771.499730177
157000,78500.0,-35.246238708496094,20522.806325205536,20487.56008649704,10584771.499652667
158000,79000.0,-35.246238708496094,20522.806325056623,20487.560086348127,10584771.499575863
159000,79500.0,-35.246238708496094,20522.806324908448,20487.560086199952,10584771.49949944
160000,80000.0,-35.246238708496094,20522.80632476085,20487.560086052355,10584771.499423318
161000,80500.0,-35.246238708496094,20522.806324617733,20487.560085909237,10584771.499349503
162000,81000.0,-35.246238708496094,20522.806324474903,20487.560085766407,10584771.499275837
163000,81500.0,-35.246238708496094,20522.806324332727,20487.56008562423,10584771.499202508
164000,82000.0,-35.246238708496094,20522.806324191883,20487.560085483387,10584771.499129867
165000,82500.0,-35.246238708496094,20522.806324055415,20487.56008534692,10584771.499059483
166000,83000.0,-35.246238708496094,20522.806323922072,20487.560085213576,10584771.49899071
167000,83500.0,-35.246238708496094,20522.806323788936,20487.56008508044,10584771.498922046
168000,84000.0,-35.246238708496094,20522.806323656223,20487.560084947727,10584771.498853598
169000,84500.0,-35.246238708496094,20522.80632352496,20487.560084816465,10584771.498785898
170000,85000.0,-35.246238708496094,20522.806323397326,20487.56008468883,10584771.49872007
171000,85500.0,-35.246238708496094,20522.806323269928,20487.56008456143,10584771.498654364
172000,86000.0,-35.246238708496094,20522.806323143024,20487.560084434528,10584771.498588912
173000,86500.0,-35.246238708496094,20522.806323016546,20487.56008430805,10584771.49852368
174000,87000.0,-35.246238708496094,20522.806322892488,20487.56008418399,10584771.498459697
175000,87500.0,-35.24623489379883,20522.806322771223,20487.560087877424,10584771.498397153
176000,88000.0,-35.24623489379883,20522.80632264995,20487.560087756152,10584771.498334607
177000,88500.0,-35.24623489379883,20522.806322530087,20487.560087636288,10584771.498272786
178000,89000.0,-35.24623489379883,20522.80632241306,20487.56008751926,10584771.498212429
179000,89500.0,-35.24623489379883,20522.80632229625,20487.56008740245,10584771.498152182
180000,90000.0,-35.24623489379883,20522.80632218309,20487.56008728929,10584771.49809382
181000,90500.0,-35.24623489379883,20522.806322071392,20487.560087177593,10584771.498036211
182000,91000.0,-35.24623489379883,20522.806321960004,20487.560087066206,10584771.497978762
183000,91500.0,-35.24623489379883,20522.80632184864,20487.56008695484,10584771.497921323
184000,92000.0,-35.24623489379883,20522.806321737255,20487.560086843456,10584771.497863878
185000,92500.0,-35.24623489379883,20522.806321626336,20487.560086732537,10584771.49780667
186000,93000.0,-35.24623489379883,20522.806321519016,20487.560086625217,10584771.49775132
187000,93500.0,-35.24623489379883,20522.806321413682,20487.560086519883,10584771.497696992
188000,94000.0,-35.24623489379883,20522.806321308923,20487.560086415124,10584771.497642962
189000,94500.0,-35.24623489379883,20522.80632120415,20487.56008631035,10584771.497588925
190000,95000.0,-35.24623489379883,20522.806321099142,20487.560086205343,10584771.497534767
191000,95500.0,-35.24623489379883,20522.806320994376,20487.560086100577,10584771.497480733
192000,96000.0,-35.24623489379883,20522.80632089141,20487.56008599761,10584771.497427627
193000,96500.0,-35.24623489379883,20522.806320794356,20487.560085900557,10584771.49737757
194000,97000.0,-35.24623489379883,20522.806320697233,20487.560085803434,10584771.497327479
195000,97500.0,-35.24623489379883,20522.80632060145,20487.56008570765,10584771.497278078
196000,98000.0,-35.24623489379883,20522.80632050611,20487.560085612313,10584771.497228907
197000,98500.0,-35.24623489379883,20522.806320410633,20487.560085516834,10584771.497179663
198000,99000.0,-35.24623489379883,20522.806320315784,20487.560085421985,10584771.497130744
199000,99500.0,-35.24623489379883,20522.80632022123,20487.56008532743,10584771.497081976
200000,100000.0,-35.24623489379883,20522.806320129333,20487.560085235535,10584771.497034581
201000,100500.0,-35.24623489379883,20522.806320038777,20487.560085144978,10584771.496987876
202000,101000.0,-35.24623489379883,20522.806319948195,20487.560085054396,10584771.496941159
203000,101500.0,-35.24623489379883,20522.8063198577,20487.5600849639,10584771.496894484
204000,102000.0,-35.24623489379883,20522.806319767697,20487.560084873898,10584771.496848065
205000,102500.0,-35.24623489379883,20522.806319677846,20487.560084784047,10584771.496801723
206000,103000.0,-35.24623489379883,20522.806319588948,20487.56008469515,10584771.496755874
207000,103500.0,-35.24623489379883,20522.80631950062,20487.560084606823,10584771.49671032
208000,104000.0,-35.24623489379883,20522.8063194135,20487.5600845197,10584771.496665385
209000,104500.0,-35.24623489379883,20522.806319328425,20487.560084434626,10584771.496621508
210000,105000.0,-35.24623489379883,20522.80631924345,20487.56008434965,10584771.49657768
211000,105500.0,-35.24623489379883,20522.806319158582,20487.560084264784,10584771.49653391
212000,106000.0,-35.24623489379883,20522.80631907407,20487.56008418027,10584771.496490322
213000,106500.0,-35.24623107910156,20522.80631899366,20487.560087914557,10584771.49644885
214000,107000.0,-35.24623107910156,20522.806318913994,20487.560087834892,10584771.496407762
215000,107500.0,-35.24623107910156,20522.806318835355,20487.560087756254,10584771.496367203
216000,108000.0,-35.24623107910156,20522.806318756728,20487.560087677626,10584771.496326651
217000,108500.0,-35.24623107910156,20522.806318678096,20487.560087598995,10584771.496286096
218000,109000.0,-35.24623107910156,20522.806318602103,20487.560087523,10584771.496246902
219000,109500.0,-35.24623107910156,20522.806318526702,20487.5600874476,10584771.496208014
220000,110000.0,-35.24623107910156,20522.806318451934,20487.560087372833,10584771.496169452
221000,110500.0,-35.24623107910156,20522.80631837709,20487.56008729799,10584771.49613085
222000,111000.0,-35.24623107910156,20522.806318302268,20487.560087223166,10584771.49609226
223000,111500.0,-35.24623107910156,20522.806318227464,20487.560087148362,10584771.496053679
224000,112000.0,-35.24623107910156,20522.80631815295,20487.56008707385,10584771.496015249
225000,112500.0,-35.24623107910156,20522.80631807885,20487.560086999747,10584771.495977031
226000,113000.0,-35.24623107910156,20522.806318005398,20487.560086926296,10584771.495939149
227000,113500.0,-35.24623107910156,20522.80631793245,20487.560086853347,10584771.495901523
228000,114000.0,-35.24623107910156,20522.806317859588,20487.560086780486,10584771.495863944
229000,114500.0,-35.24623107910156,20522.806317789305,20487.560086710204,10584771.495827697
230000,115000.0,-35.24623107910156,20522.806317719816,20487.560086640715,10584771.495791858
231000,115500.0,-35.24623107910156,20522.8063176501,20487.560086570997,10584771.4957559
232000,116000.0,-35.24623107910156,20522.80631758042,20487.56008650132,10584771.495719962
233000,116500.0,-35.24623107910156,20522.806317511073,20487.56008643197,10584771.495684197
234000,117000.0,-35.24623107910156,20522.80631744222,20487.56008636312,10584771.495648686
235000,117500.0,-35.24623107910156,20522.80631737332,20487.56008629422,10584771.49561315
236000,118000.0,-35.24623107910156,20522.80631730515,20487.560086226047,10584771.49557799
237000,118500.0,-35.24623107910156,20522.806317237697,20487.560086158595,10584771.4955432
238000,119000.0,-35.24623107910156,20522.806317170252,20487.56008609115,10584771.495508416
239000,119500.0,-35.24623107910156,20522.806317102848,20487.560086023746,10584771.495473651
240000,120000.0,-35.24623107910156,20522.806317035862,20487.56008595676,10584771.495439103
241000,120500.0,-35.24623107910156,20522.80631697344,20487.56008589434,10584771.495406909
242000,121000.0,-35.24623107910156,20522.806316913735,20487.560085834633,10584771.495376116
243000,121500.0,-35.24623107910156,20522.806316854374,20487.560085775272,10584771.4953455
244000,122000.0,-35.24623107910156,20522.806316795024,20487.560085715922,10584771.495314889
245000,122500.0,-35.24623107910156,20522.806316735787,20487.560085656685,10584771.495284338
246000,123000.0,-35.24623107910156,20522.806316676793,20487.56008559769,10584771.495253911
247000,123500.0,-35.24623107910156,20522.806316618462,20487.56008553936,10584771.495223826
248000,124000.0,-35.24623107910156,20522.806316560178,20487.560085481076,10584771.495193766
249000,124500.0,-35.24623107910156,20522.806316502414,20487.560085423313,10584771.495163973
250000,125000.0,-35.24623107910156,20522.80631644483,20487.560085365727,10584771.495134274
251000,125500.0,-35.24623107910156,20522.806316387243,20487.56008530814,10584771.495104574
252000,126000.0,-35.24623107910156,20522.806316329636,20487.560085250534,10584771.495074863
253000,126500.0,-35.24623107910156,20522.806316272057,20487.560085192956,10584771.495045166
254000,127000.0,-35.24623107910156,20522.80631621454,20487.56008513544,10584771.495015502
255000,127500.0,-35.24623107910156,20522.806316157017,20487.560085077916,10584771.494985834
256000,128000.0,-35.24623107910156,20522.806316099308,20487.560085020206,10584771.494956069
257000,128500.0,-35.24623107910156,20522.806316042912,20487.56008496381,10584771.494926983
258000,129000.0,-35.24623107910156,20522.806315988666,20487.560084909564,10584771.494899005
259000,129500.0,-35.24623107910156,20522.80631593519,20487.56008485609,10584771.494871425
260000,130000.0,-35.24623107910156,20522.806315881713,20487.56008480261,10584771.494843844
261000,130500.0,-35.24623107910156,20522.80631582821,20487.560084749108,10584771.49481625
262000,131000.0,-35.24623107910156,20522.806315774636,20487.560084695535,10584771.494788619
263000,131500.0,-35.24623107910156,20522.806315720947,20487.560084641846,10584771.494760927
264000,132000.0,-35.24623107910156,20522.80631566728,20487.560084588178,10584771.494733248
265000,132500.0,-35.24623107910156,20522.806315614227,20487.560084535125,10584771.494705886
266000,133000.0,-35.24623107910156,20522.806315561364,20487.560084482262,10584771.49467862
267000,133500.0,-35.24623107910156,20522.806315508475,20487.560084429373,10584771.494651344
268000,134000.0,-35.24623107910156,20522.806315455597,20487.560084376495,10584771.49462407
269000,134500.0,-35.24623107910156,20522.806315402726,20487.560084323624,10584771.494596804
270000,135000.0,-35.24623107910156,20522.806315349848,20487.560084270746,10584771.49456953
271000,135500.0,-35.24623107910156,20522.806315297796,20487.560084218694,10584771.494542684
272000,136000.0,-35.24623107910156,20522.806315245914,20487.560084166813,10584771.494515926
273000,136500.0,-35.2462272644043,20522.806315193877,20487.560087929473,10584771.494489087
274000,137000.0,-35.2462272644043,20522.80631514179,20487.560087877384,10584771.494462222
275000,137500.0,-35.2462272644043,20522.80631508982,20487.560087825415,10584771.494435418
276000,138000.0,-35.2462272644043,20522.80631504033,20487.560087775924,10584771.494409895
277000,138500.0,-35.2462272644043,20522.806314992195,20487.56008772779,10584771.49438507
278000,139000.0,-35.2462272644043,20522.80631494403,20487.560087679627,10584771.494360227
279000,139500.0,-35.2462272644043,20522.8063148959,20487.560087631497,10584771.494335404
280000,140000.0,-35.2462272644043,20522.80631484793,20487.560087583526,10584771.494310664
281000,140500.0,-35.2462272644043,20522.80631480084,20487.560087536436,10584771.494286377
282000,141000.0,-35.2462272644043,20522.80631475377,20487.560087489364,10584771.4942621
283000,141500.0,-35.2462272644043,20522.806314706733,20487.56008744233,10584771.49423784
284000,142000.0,-35.2462272644043,20522.806314662226,20487.560087397822,10584771.494214885
285000,142500.0,-35.2462272644043,20522.806314619866,20487.56008735546,10584771.494193038
286000,143000.0,-35.2462272644043,20522.80631457785,20487.560087313446,10584771.494171368
287000,143500.0,-35.2462272644043,20522.806314536323,20487.56008727192,10584771.49414995
288000,144000.0,-35.2462272644043,20522.806314494817,20487.560087230413,10584771.494128542
289000,144500.0,-35.2462272644043,20522.806314453297,20487.560087188893,10584771.494107129
290000,145000.0,-35.2462272644043,20522.806314411777,20487.560087147373,10584771.494085714
291000,145500.0,-35.2462272644043,20522.80631437021,20487.560087105805,10584771.494064275
292000,146000.0,-35.2462272644043,20522.80631432855,20487.560087064147,10584771.49404279
293000,146500.0,-35.2462272644043,20522.806314286776,20487.56008702237,10584771.494021244
294000,147000.0,-35.2462272644043,20522.80631424494,20487.560086980535,10584771.493999667
295000,147500.0,-35.2462272644043,20522.806314203084,20487.56008693868,10584771.49397808
296000,148000.0,-35.2462272644043,20522.806314161233,20487.56008689683,10584771.493956495
297000,148500.0,-35.2462272644043,20522.806314119385,20487.56008685498,10584771.49393491
298000,149000.0,-35.2462272644043,20522.806314077556,20487.56008681315,10584771.493913338
299000,149500.0,-35.2462272644043,20522.806314035774,20487.56008677137,10584771.493891789
300000,150000.0,-35.2462272644043,20522.806313996476,20487.56008673207,10584771.49387152
301000,150500.0,-35.2462272644043,20522.80631395791,20487.560086693506,10584771.49385163
302000,151000.0,-35.2462272644043,20522.80631391931,20487.560086654907,10584771.493831722
303000,151500.0,-35.2462272644043,20522.806313880683,20487.56008661628,10584771.4938118
304000,152000.0,-35.2462272644043,20522.80631384187,20487.560086577465,10584771.493791781
305000,152500.0,-35.2462272644043,20522.80631380337,20487.560086538964,10584771.493771924
306000,153000.0,-35.2462272644043,20522.806313764882,20487.560086500478,10584771.493752073
307000,153500.0,-35.2462272644043,20522.80631372664,20487.560086462236,10584771.49373235
308000,154000.0,-35.2462272644043,20522.806313688372,20487.560086423968,10584771.493712613
309000,154500.0,-35.2462272644043,20522.806313650755,20487.56008638635,10584771.493693212
310000,155000.0,-35.2462272644043,20522.80631361399,20487.560086349586,10584771.49367425
311000,155500.0,-35.2462272644043,20522.806313577385,20487.56008631298,10584771.49365537
312000,156000.0,-35.2462272644043,20522.806313540787,20487.560086276382,10584771.493636495
313000,156500.0,-35.2462272644043,20522.8063135042,20487.560086239795,10584771.493617626
314000,157000.0,-35.2462272644043,20522.806313467605,20487.5600862032,10584771.493598752
315000,157500.0,-35.2462272644043,20522.806313431054,20487.56008616665,10584771.4935799
316000,158000.0,-35.2462272644043,20522.806313394518,20487.560086130114,10584771.493561056
317000,158500.0,-35.2462272644043,20522.806313357894,20487.56008609349,10584771.493542168
318000,159000.0,-35.2462272644043,20522.806313321114,20487.56008605671,10584771.493523197
319000,159500.0,-35.2462272644043,20522.80631328436,20487.560086019956,10584771.493504241
320000,160000.0,-35.2462272644043,20522.806313247613,20487.56008598321,10584771.493485289
321000,160500.0,-35.2462272644043,20522.806313210902,20487.560085946498,10584771.493466355
322000,161000.0,-35.2462272644043,20522.8063131742,20487.560085909794,10584771.493447425
323000,161500.0,-35.2462272644043,20522.8063131375,20487.560085873094,10584771.493428497
324000,162000.0,-35.2462272644043,20522.806313100802,20487.560085836398,10584771.49340957
325000,162500.0,-35.2462272644043,20522.806313064113,20487.56008579971,10584771.493390648
326000,163000.0,-35.2462272644043,20522.80631302746,20487.560085763056,10584771.493371744
327000,163500.0,-35.2462272644043,20522.80631299139,20487.560085726986,10584771.49335314
328000,164000.0,-35.2462272644043,20522.80631295551,20487.560085691104,10584771.493334634
329000,164500.0,-35.2462272644043,20522.806312919627,20487.560085655223,10584771.493316129
330000,165000.0,-35.2462272644043,20522.806312883746,20487.56008561934,10584771.493297622
331000,165500.0,-35.2462272644043,20522.806312849254,20487.56008558485,10584771.493279833
332000,166000.0,-35.2462272644043,20522.80631281656,20487.560085552155,10584771.49326297
333000,166500.0,-35.2462272644043,20522.80631278383,20487.560085519424,10584771.49324609
334000,167000.0,-35.2462272644043,20522.806312751072,20487.560085486668,10584771.493229195
335000,167500.0,-35.2462272644043,20522.80631271831,20487.560085453904,10584771.493212298
336000,168000.0,-35.2462272644043,20522.806312685567,20487.560085421163,10584771.49319541
337000,168500.0,-35.2462272644043,20522.806312652778,20487.560085388373,10584771.493178498
338000,169000.0,-35.2462272644043,20522.806312619996,20487.56008535559,10584771.49316159
339000,169500.0,-35.2462272644043,20522.806312587247,20487.560085322842,10584771.4931447
340000,170000.0,-35.2462272644043,20522.806312554505,20487.5600852901,10584771.493127814
341000,170500.0,-35.2462272644043,20522.806312522207,20487.560085257803,10584771.493111156
342000,171000.0,-35.2462272644043,20522.80631249012,20487.560085225716,10584771.493094606
343000,171500.0,-35.2462272644043,20522.806312458022,20487.560085193618,10584771.493078053
344000,172000.0,-35.2462272644043,20522.806312425935,20487.56008516153,10584771.493061503
345000,172500.0,-35.2462272644043,20522.806312393837,20487.560085129433,10584771.493044948
346000,173000.0,-35.2462272644043,20522.806312361754,20487.56008509735,10584771.493028402
347000,173500.0,-35.2462272644043,20522.806312329627,20487.560085065223,10584771.493011832
348000,174000.0,-35.2462272644043,20522.806312297485,20487.56008503308,10584771.492995255
349000,174500.0,-35.2462272644043,20522.806312265384,20487.56008500098,10584771.492978698
350000,175000.0,-35.2462272644043,20522.806312233282,20487.560084968878,10584771.49296214
351000,175500.0,-35.2462272644043,20522.806312201697,20487.560084937293,10584771.492945852
352000,176000.0,-35.2462272644043,20522.806312170378,20487.560084905974,10584771.492929699
353000,176500.0,-35.2462272644043,20522.80631213908,20487.560084874676,10584771.492913555
354000,177000.0,-35.2462272644043,20522.80631210782,20487.560084843415,10584771.492897432
355000,177500.0,-35.2462272644043,20522.806312077573,20487.56008481317,10584771.492881833
356000,178000.0,-35.2462272644043,20522.80631204784,20487.560084783436,10584771.492866497
357000,178500.0,-35.2462272644043,20522.806312018092,20487.560084753688,10584771.492851155
358000,179000.0,-35.2462272644043,20522.806311988348,20487.560084723944,10584771.492835814
359000,179500.0,-35.2462272644043,20522.806311958582,20487.560084694178,10584771.492820462
360000,180000.0,-35.2462272644043,20522.806311928834,20487.56008466443,10584771.49280512
361000,180500.0,-35.2462272644043,20522.806311899112,20487.560084634708,10584771.492789792
362000,181000.0,-35.2462272644043,20522.8063118695,20487.560084605095,10584771.492774518
363000,181500.0,-35.2462272644043,20522.806311840053,20487.56008457565,10584771.49275933
364000,182000.0,-35.2462272644043,20522.80631181052,20487.560084546116,10584771.4927441
365000,182500.0,-35.2462272644043,20522.80631178095,20487.560084516546,10584771.492728848
366000,183000.0,-35.2462272644043,20522.80631175428,20487.560084489876,10584771.492715092
367000,183500.0,-35.2462272644043,20522.80631172868,20487.560084464276,10584771.49270189
368000,184000.0,-35.2462272644043,20522.806311703087,20487.560084438683,10584771.49268869
369000,184500.0,-35.2462272644043,20522.806311677483,20487.56008441308,10584771.492675485
370000,185000.0,-35.2462272644043,20522.806311651922,20487.560084387518,10584771.492662301
371000,185500.0,-35.2462272644043,20522.80631162637,20487.560084361965,10584771.492649121
372000,186000.0,-35.2462272644043,20522.806311600805,20487.5600843364,10584771.492635937
373000,186500.0,-35.2462272644043,20522.80631157524,20487.560084310837,10584771.492622752
374000,187000.0,-35.2462272644043,20522.80631154969,20487.560084285287,10584771.492609575
375000,187500.0,-35.2462272644043,20522.80631152565,20487.560084261244,10584771.492597174
376000,188000.0,-35.2462272644043,20522.8063115033,20487.560084238896,10584771.492585648
377000,188500.0,-35.2462272644043,20522.806311480956,20487.56008421655,10584771.492574124
378000,189000.0,-35.2462272644043,20522.8063114586,20487.560084194196,10584771.492562594
379000,189500.0,-35.2462272644043,20522.806311436245,20487.56008417184,10584771.492551064
380000,190000.0,-35.2462272644043,20522.806311413882,20487.560084149478,10584771.49253953
381000,190500.0,-35.2462272644043,20522.806311391534,20487.56008412713,10584771.492528005
382000,191000.0,-35.24622344970703,20522.80631136917,20487.560087919464,10584771.492516471
383000,191500.0,-35.24622344970703,20522.806311346812,20487.560087897105,10584771.49250494
384000,192000.0,-35.24622344970703,20522.806311324443,20487.560087874735,10584771.492493402
385000,192500.0,-35.24622344970703,20522.806311302116,20487.56008785241,10584771.492481887
386000,193000.0,-35.24622344970703,20522.806311280056,20487.56008783035,10584771.492470508
387000,193500.0,-35.24622344970703,20522.806311258384,20487.560087808677,10584771.49245933
388000,194000.0,-35.24622344970703,20522.80631123674,20487.560087787035,10584771.49244817
389000,194500.0,-35.24622344970703,20522.80631121513,20487.56008776542,10584771.492437022
390000,195000.0,-35.24622344970703,20522.80631119351,20487.560087743805,10584771.492425872
391000,195500.0,-35.24622344970703,20522.8063111719,20487.56008772219,10584771.492414726
392000,196000.0,-35.24622344970703,20522.806311150063,20487.560087700356,10584771.492403464
393000,196500.0,-35.24622344970703,20522.806311128516,20487.56008767881,10584771.49239235
394000,197000.0,-35.24622344970703,20522.806311106975,20487.560087657268,10584771.492381241
395000,197500.0,-35.24622344970703,20522.806311085413,20487.560087635706,10584771.49237012
396000,198000.0,-35.24622344970703,20522.80631106384,20487.560087614132,10584771.492358994
397000,198500.0,-35.24622344970703,20522.80631104216,20487.560087592454,10584771.492347812
398000,199000.0,-35.24622344970703,20522.80631102035,20487.560087570644,10584771.492336564
399000,199500.0,-35.24622344970703,20522.806310998552,20487.560087548845,10584771.49232532
400000,200000.0,-35.24622344970703,20522.806310976754,20487.560087527047,10584771.492314078
401000,200500.0,-35.24622344970703,20522.80631095496,20487.56008750525,10584771.492302837
402000,201000.0,-35.24622344970703,20522.806310933163,20487.560087483456,10584771.492291596
403000,201500.0,-35.24622344970703,20522.80631091138,20487.560087461672,10584771.49228036
404000,202000.0,-35.24622344970703,20522.80631088956,20487.56008743985,10584771.492269106
405000,202500.0,-35.24622344970703,20522.806310867734,20487.560087418027,10584771.49225785
406000,203000.0,-35.24622344970703,20522.8063108459,20487.560087396192,10584771.492246589
407000,203500.0,-35.24622344970703,20522.806310824053,20487.560087374346,10584771.492235322
408000,204000.0,-35.24622344970703,20522.806310802214,20487.560087352507,10584771.492224058
409000,204500.0,-35.24622344970703,20522.806310780372,20487.560087330665,10584771.492212793
410000,205000.0,-35.24622344970703,20522.806310758555,20487.560087308848,10584771.49220154
411000,205500.0,-35.24622344970703,20522.806310736756,20487.56008728705,10584771.492190298
412000,206000.0,-35.24622344970703,20522.806310714957,20487.56008726525,10584771.492179055
413000,206500.0,-35.24622344970703,20522.80631069316,20487.56008724345,10584771.492167812
414000,207000.0,-35.24622344970703,20522.80631067137,20487.560087221664,10584771.492156575
415000,207500.0,-35.24622344970703,20522.806310650594,20487.560087200887,10584771.49214586
416000,208000.0,-35.24622344970703,20522.806310629803,20487.560087180096,10584771.492135137
417000,208500.0,-35.24622344970703,20522.80631060903,20487.560087159323,10584771.492124423
418000,209000.0,-35.24622344970703,20522.806310588254,20487.560087138547,10584771.492113708
419000,209500.0,-35.24622344970703,20522.80631056748,20487.560087117774,10584771.492102994
420000,210000.0,-35.24622344970703,20522.8063105467,20487.560087096994,10584771.492092276
421000,210500.0,-35.24622344970703,20522.806310525924,20487.560087076217,10584771.49208156
422000,211000.0,-35.24622344970703,20522.806310505148,20487.56008705544,10584771.492070844
423000,211500.0,-35.24622344970703,20522.80631048437,20487.560087034664,10584771.492060129
424000,212000.0,-35.24622344970703,20522.806310463588,20487.56008701388,10584771.49204941
425000,212500.0,-35.24622344970703,20522.806310442797,20487.56008699309,10584771.492038686
426000,213000.0,-35.24622344970703,20522.80631042203,20487.560086972324,10584771.492027977
427000,213500.0,-35.24622344970703,20522.806310401284,20487.560086951577,10584771.492017277
428000,214000.0,-35.24622344970703,20522.80631038053,20487.560086930822,10584771.492006572
429000,214500.0,-35.24622344970703,20522.806310359785,20487.560086910078,10584771.491995873
430000,215000.0,-35.24622344970703,20522.80631033903,20487.560086889323,10584771.491985168
431000,215500.0,-35.24622344970703,20522.806310318287,20487.56008686858,10584771.49197447
432000,216000.0,-35.24622344970703,20522.80631029753,20487.56008684782,10584771.491963763
433000,216500.0,-35.24622344970703,20522.80631027678,20487.560086827074,10584771.491953064
434000,217000.0,-35.24622344970703,20522.80631025604,20487.560086806334,10584771.491942367
435000,217500.0,-35.24622344970703,20522.806310235308,20487.5600867856,10584771.491931673
436000,218000.0,-35.24622344970703,20522.80631021459,20487.560086764883,10584771.491920987
437000,218500.0,-35.24622344970703,20522.806310193955,20487.560086744248,10584771.491910346
438000,219000.0,-35.24622344970703,20522.80631017332,20487.560086723613,10584771.491899703
439000,219500.0,-35.24622344970703,20522.80631015268,20487.56008670297,10584771.491889056
440000,220000.0,-35.24622344970703,20522.80631013205,20487.560086682344,10584771.491878418
441000,220500.0,-35.24622344970703,20522.80631011142,20487.560086661713,10584771.491867777
442000,221000.0,-35.24622344970703,20522.80631009079,20487.560086641082,10584771.491857138
443000,221500.0,-35.24622344970703,20522.806310071024,20487.560086621317,10584771.491846943
444000,222000.0,-35.24622344970703,20522.80631005375,20487.560086604044,10584771.491838034
445000,222500.0,-35.24622344970703,20522.806310037107,20487.5600865874,10584771.49182945
446000,223000.0,-35.24622344970703,20522.806310020474,20487.560086570767,10584771.491820872
447000,223500.0,-35.24622344970703,20522.80631000381,20487.560086554102,10584771.491812276
448000,224000.0,-35.24622344970703,20522.80630998711,20487.560086537404,10584771.491803663
449000,224500.0,-35.24622344970703,20522.806309970416,20487.56008652071,10584771.491795054
450000,225000.0,-35.24622344970703,20522.806309953714,20487.560086504007,10584771.491786439
451000,225500.0,-35.24622344970703,20522.806309937023,20487.560086487316,10584771.49177783
452000,226000.0,-35.24622344970703,20522.806309920335,20487.56008647063,10584771.491769224
453000,226500.0,-35.24622344970703,20522.806309903513,20487.560086453806,10584771.491760548
454000,227000.0,-35.24622344970703,20522.806309886706,20487.560086437,10584771.49175188
455000,227500.0,-35.24622344970703,20522.80630986989,20487.560086420184,10584771.491743207
456000,228000.0,-35.24622344970703,20522.806309853175,20487.560086403468,10584771.491734585
457000,228500.0,-35.24622344970703,20522.80630983704,20487.560086387333,10584771.491726264
458000,229000.0,-35.24622344970703,20522.80630982091,20487.560086371202,10584771.491717944
459000,229500.0,-35.24622344970703,20522.806309804786,20487.56008635508,10584771.49170963
460000,230000.0,-35.24622344970703,20522.806309788655,20487.560086338948,10584771.491701309
461000,230500.0,-35.24622344970703,20522.806309772528,20487.56008632282,10584771.491692992
462000,231000.0,-35.24622344970703,20522.806309756397,20487.56008630669,10584771.491684671
463000,231500.0,-35.24622344970703,20522.80630974027,20487.560086290563,10584771.491676355
464000,232000.0,-35.24622344970703,20522.806309724136,20487.56008627443,10584771.491668032
465000,232500.0,-35.24622344970703,20522.806309708012,20487.560086258305,10584771.491659718
466000,233000.0,-35.24622344970703,20522.806309691892,20487.560086242185,10584771.491651403
467000,233500.0,-35.24622344970703,20522.806309675983,20487.560086226276,10584771.491643198
468000,234000.0,-35.24622344970703,20522.806309660114,20487.560086210407,10584771.491635013
469000,234500.0,-35.24622344970703,20522.806309644235,20487.560086194528,10584771.491626823
470000,235000.0,-35.24622344970703,20522.806309628173,20487.560086178466,10584771.49161854
471000,235500.0,-35.24622344970703,20522.806309612104,20487.560086162397,10584771.491610251
472000,236000.0,-35.24622344970703,20522.806309596002,20487.560086146295,10584771.491601948
473000,236500.0,-35.24622344970703,20522.806309579915,20487.56008613021,10584771.49159365
474000,237000.0,-35.24622344970703,20522.806309563817,20487.56008611411,10584771.491585348
475000,237500.0,-35.24622344970703,20522.806309547723,20487.560086098016,10584771.491577046
476000,238000.0,-35.24622344970703,20522.80630953162,20487.560086081914,10584771.491568742
477000,238500.0,-35.24622344970703,20522.80630951553,20487.560086065823,10584771.491560442
478000,239000.0,-35.24622344970703,20522.806309499447,20487.56008604974,10584771.491552148
479000,239500.0,-35.24622344970703,20522.806309483367,20487.56008603366,10584771.491543856
480000,240000.0,-35.24622344970703,20522.806309467283,20487.560086017576,10584771.49153556
481000,240500.0,-35.24622344970703,20522.806309451196,20487.56008600149,10584771.491527263
482000,241000.0,-35.24622344970703,20522.80630943511,20487.560085985402,10584771.491518965
483000,241500.0,-35.24622344970703,20522.806309419007,20487.5600859693,10584771.491510661
484000,242000.0,-35.24622344970703,20522.806309402913,20487.560085953206,10584771.49150236
485000,242500.0,-35.24622344970703,20522.806309386822,20487.560085937115,10584771.491494061
486000,243000.0,-35.24622344970703,20522.80630937074,20487.56008592103,10584771.491485765
487000,243500.0,-35.24622344970703,20522.80630935464,20487.560085904934,10584771.491477463
488000,244000.0,-35.24622344970703,20522.80630933855,20487.560085888843,10584771.491469163
489000,244500.0,-35.24622344970703,20522.806309322455,20487.56008587275,10584771.491460864
490000,245000.0,-35.24622344970703,20522.80630930637,20487.56008585666,10584771.491452567
491000,245500.0,-35.24622344970703,20522.80630929028,20487.560085840574,10584771.49144427
492000,246000.0,-35.24622344970703,20522.806309274198,20487.56008582449,10584771.491435975
493000,246500.0,-35.24622344970703,20522.8063092581,20487.560085808393,10584771.491427671
494000,247000.0,-35.24622344970703,20522.806309241998,20487.56008579229,10584771.491419367
495000,247500.0,-35.24622344970703,20522.806309225904,20487.560085776197,10584771.491411066
496000,248000.0,-35.24622344970703,20522.806309209805,20487.5600857601,10584771.491402764
497000,248500.0,-35.24622344970703,20522.806309193715,20487.560085744008,10584771.491394464
498000,249000.0,-35.24622344970703,20522.806309177577,20487.56008572787,10584771.491386142
499000,249500.0,-35.24622344970703,20522.80630916143,20487.560085711724,10584771.491377814
500000,250000.0,-35.24622344970703,20522.806309145297,20487.56008569559,10584771.491369493
501000,250500.0,-35.24622344970703,20522.806309129137,20487.56008567943,10584771.491361158
502000,251000.0,-35.24622344970703,20522.806309112955,20487.560085663248,10584771.491352811
503000,251500.0,-35.24622344970703,20522.806309096784,20487.560085647077,10584771.491344472
504000,252000.0,-35.24622344970703,20522.806309080617,20487.56008563091,10584771.491336133
505000,252500.0,-35.24622344970703,20522.806309064435,20487.56008561473,10584771.491327789
506000,253000.0,-35.24622344970703,20522.806309048272,20487.560085598565,10584771.491319451
507000,253500.0,-35.24622344970703,20522.806309032105,20487.560085582398,10584771.491311112
508000,254000.0,-35.24622344970703,20522.806309015894,20487.560085566187,10584771.491302753
509000,254500.0,-35.24622344970703,20522.806308999687,20487.56008554998,10584771.491294393
510000,255000.0,-35.24622344970703,20522.806308983505,20487.560085533798,10584771.491286047
511000,255500.0,-35.24622344970703,20522.806308967316,20487.56008551761,10584771.491277698
512000,256000.0,-35.24622344970703,20522.806308951127,20487.56008550142,10584771.491269348
513000,256500.0,-35.24622344970703,20522.806308934934,20487.560085485227,10584771.491260996
514000,257000.0,-35.24622344970703,20522.80630891875,20487.560085469042,10584771.49125265
515000,257500.0,-35.24622344970703,20522.806308902567,20487.56008545286,10584771.491244303
516000,258000.0,-35.24622344970703,20522.80630888643,20487.560085436722,10584771.49123598
517000,258500.0,-35.24622344970703,20522.806308870287,20487.56008542058,10584771.491227655
518000,259000.0,-35.24622344970703,20522.806308854142,20487.560085404435,10584771.491219329
519000,259500.0,-35.24622344970703,20522.806308838,20487.560085388293,10584771.491211003
520000,260000.0,-35.24622344970703,20522.806308821866,20487.56008537216,10584771.49120268
521000,260500.0,-35.24622344970703,20522.8063088057,20487.56008535599,10584771.491194343
522000,261000.0,-35.24622344970703,20522.806308789513,20487.560085339806,10584771.491185995
523000,261500.0,-35.24622344970703,20522.806308773328,20487.56008532362,10584771.491177648
524000,262000.0,-35.24622344970703,20522.80630875714,20487.560085307432,10584771.491169298
525000,262500.0,-35.24622344970703,20522.806308741197,20487.56008529149,10584771.491161076
526000,263000.0,-35.24622344970703,20522.806308725816,20487.56008527611,10584771.491153143
527000,263500.0,-35.24622344970703,20522.806308710424,20487.560085260717,10584771.491145205
528000,264000.0,-35.24622344970703,20522.806308695028,20487.56008524532,10584771.491137264
529000,264500.0,-35.24622344970703,20522.806308679632,20487.560085229925,10584771.491129324
530000,265000.0,-35.24622344970703,20522.80630866423,20487.56008521452,10584771.491121378
531000,265500.0,-35.24622344970703,20522.806308648826,20487.56008519912,10584771.491113434
532000,266000.0,-35.24622344970703,20522.806308633426,20487.56008518372,10584771.491105491
533000,266500.0,-35.24622344970703,20522.806308618023,20487.560085168316,10584771.491097547
534000,267000.0,-35.24622344970703,20522.806308602798,20487.56008515309,10584771.491089696
535000,267500.0,-35.24622344970703,20522.806308588402,20487.560085138695,10584771.491082272
536000,268000.0,-35.24622344970703,20522.806308574,20487.560085124293,10584771.491074843
537000,268500.0,-35.24622344970703,20522.806308559608,20487.5600851099,10584771.491067419
538000,269000.0,-35.24622344970703,20522.806308545227,20487.56008509552,10584771.491060002
539000,269500.0,-35.24622344970703,20522.80630853085,20487.560085081142,10584771.491052587
540000,270000.0,-35.24622344970703,20522.80630851646,20487.560085066754,10584771.491045166
541000,270500.0,-35.24622344970703,20522.806308502084,20487.560085052377,10584771.49103775
542000,271000.0,-35.24622344970703,20522.806308487707,20487.560085038,10584771.491030335
543000,271500.0,-35.24622344970703,20522.806308473326,20487.56008502362,10584771.491022918
544000,272000.0,-35.24622344970703,20522.80630845895,20487.56008500924,10584771.491015503
545000,272500.0,-35.24622344970703,20522.806308444582,20487.560084994875,10584771.491008095
546000,273000.0,-35.24622344970703,20522.8063084302,20487.560084980494,10584771.491000678
547000,273500.0,-35.24622344970703,20522.806308415813,20487.560084966106,10584771.490993256
548000,274000.0,-35.24622344970703,20522.80630840144,20487.560084951732,10584771.490985844
549000,274500.0,-35.24622344970703,20522.806308387066,20487.56008493736,10584771.490978431
550000,275000.0,-35.24622344970703,20522.806308372714,20487.560084923007,10584771.490971029
551000,275500.0,-35.24622344970703,20522.806308358373,20487.560084908666,10584771.490963632
552000,276000.0,-35.24622344970703,20522.80630834402,20487.560084894314,10584771.49095623
553000,276500.0,-35.24622344970703,20522.806308329673,20487.560084879966,10584771.49094883
554000,277000.0,-35.24622344970703,20522.806308315332,20487.560084865625,10584771.490941433
555000,277500.0,-35.24622344970703,20522.806308300977,20487.56008485127,10584771.49093403
556000,278000.0,-35.24622344970703,20522.806308286632,20487.560084836925,10584771.49092663
557000,278500.0,-35.24622344970703,20522.806308272287,20487.56008482258,10584771.490919232
558000,279000.0,-35.24622344970703,20522.806308257936,20487.56008480823,10584771.49091183
559000,279500.0,-35.24622344970703,20522.806308243587,20487.56008479388,10584771.49090443
560000,280000.0,-35.24622344970703,20522.806308229246,20487.56008477954,10584771.490897033
561000,280500.0,-35.24622344970703,20522.806308214895,20487.560084765188,10584771.490889631
562000,281000.0,-35.24622344970703,20522.806308200543,20487.560084750836,10584771.490882229
563000,281500.0,-35.24622344970703,20522.806308186242,20487.560084736535,10584771.490874853
564000,282000.0,-35.24622344970703,20522.806308171937,20487.56008472223,10584771.490867477
565000,282500.0,-35.24622344970703,20522.806308157637,20487.56008470793,10584771.4908601
566000,283000.0,-35.24622344970703,20522.80630814335,20487.560084693643,10584771.490852732
567000,283500.0,-35.24622344970703,20522.806308129042,20487.560084679335,10584771.490845352
568000,284000.0,-35.24622344970703,20522.80630811473,20487.560084665023,10584771.49083797
569000,284500.0,-35.24622344970703,20522.80630810044,20487.560084650733,10584771.4908306
570000,285000.0,-35.24622344970703,20522.806308086136,20487.56008463643,10584771.490823224
571000,285500.0,-35.24622344970703,20522.806308072133,20487.560084622426,10584771.490816
572000,286000.0,-35.24622344970703,20522.806308061037,20487.56008461133,10584771.490810279
573000,286500.0,-35.24622344970703,20522.806308049938,20487.56008460023,10584771.490804555
574000,287000.0,-35.24622344970703,20522.806308038835,20487.560084589128,10584771.490798827
575000,287500.0,-35.24622344970703,20522.806308027746,20487.56008457804,10584771.490793109
576000,288000.0,-35.24622344970703,20522.806308016643,20487.560084566936,10584771.490787381
577000,288500.0,-35.24622344970703,20522.806308005554,20487.560084555847,10584771.490781663
578000,289000.0,-35.24622344970703,20522.80630799446,20487.56008454475,10584771.490775941
579000,289500.0,-35.24622344970703,20522.80630798335,20487.56008453364,10584771.49077021
580000,290000.0,-35.24622344970703,20522.806307972245,20487.560084522538,10584771.490764484
581000,290500.0,-35.24622344970703,20522.80630796115,20487.560084511442,10584771.490758762
582000,291000.0,-35.24622344970703,20522.80630795002,20487.560084500314,10584771.490753021
583000,291500.0,-35.24622344970703,20522.806307938885,20487.560084489178,10584771.490747279
584000,292000.0,-35.24622344970703,20522.806307927753,20487.560084478046,10584771.490741536
585000,292500.0,-35.24622344970703,20522.806307916617,20487.56008446691,10584771.490735793
586000,293000.0,-35.24622344970703,20522.80630790548,20487.560084455774,10584771.49073005
587000,293500.0,-35.24622344970703,20522.80630789435,20487.56008444464,10584771.490724308
588000,294000.0,-35.24622344970703,20522.806307883322,20487.560084433615,10584771.490718622
589000,294500.0,-35.24622344970703,20522.806307872866,20487.56008442316,10584771.490713228
590000,295000.0,-35.24622344970703,20522.806307862415,20487.560084412708,10584771.490707837
591000,295500.0,-35.24622344970703,20522.80630785196,20487.560084402252,10584771.490702445
592000,296000.0,-35.24622344970703,20522.806307841507,20487.5600843918,10584771.490697054
593000,296500.0,-35.24622344970703,20522.80630783106,20487.56008438135,10584771.490691666
594000,297000.0,-35.24622344970703,20522.806307820603,20487.560084370896,10584771.490686273
595000,297500.0,-35.24622344970703,20522.806307810155,20487.560084360448,10584771.490680885
596000,298000.0,-35.24622344970703,20522.806307799707,20487.56008435,10584771.490675496
597000,298500.0,-35.24622344970703,20522.80630778924,20487.560084339533,10584771.490670098
598000,299000.0,-35.24622344970703,20522.806307778796,20487.56008432909,10584771.490664711
599000,299500.0,-35.24622344970703,20522.806307768347,20487.56008431864,10584771.490659323
600000,300000.0,-35.24622344970703,20522.806307757903,20487.560084308196,10584771.490653936
601000,300500.0,-35.24622344970703,20522.806307747465,20487.56008429776,10584771.490648553
602000,301000.0,-35.24622344970703,20522.80630773702,20487.560084287314,10584771.490643166
603000,301500.0,-35.24622344970703,20522.80630772656,20487.560084276854,10584771.49063777
604000,302000.0,-35.24622344970703,20522.80630771612,20487.560084266413,10584771.490632385
605000,302500.0,-35.24622344970703,20522.806307705552,20487.560084255845,10584771.490626935
606000,303000.0,-35.24622344970703,20522.806307694864,20487.560084245157,10584771.490621423
607000,303500.0,-35.24622344970703,20522.80630768418,20487.560084234472,10584771.490615912
608000,304000.0,-35.24622344970703,20522.80630767349,20487.560084223784,10584771.490610398
609000,304500.0,-35.24622344970703,20522.806307662806,20487.5600842131,10584771.490604889
610000,305000.0,-35.24622344970703,20522.806307652125,20487.560084202418,10584771.490599379
611000,305500.0,-35.24622344970703,20522.80630764145,20487.560084191744,10584771.490593875
612000,306000.0,-35.24622344970703,20522.806307630934,20487.560084181227,10584771.49058845
613000,306500.0,-35.24622344970703,20522.806307620995,20487.560084171288,10584771.490583325
614000,307000.0,-35.24622344970703,20522.806307611056,20487.56008416135,10584771.490578197
615000,307500.0,-35.24622344970703,20522.80630760111,20487.560084151402,10584771.490573067
616000,308000.0,-35.24622344970703,20522.806307591152,20487.560084141445,10584771.490567932
617000,308500.0,-35.24622344970703,20522.8063075812,20487.56008413149,10584771.490562798
618000,309000.0,-35.24622344970703,20522.806307571245,20487.56008412154,10584771.490557665
619000,309500.0,-35.24622344970703,20522.80630756129,20487.560084111585,10584771.490552532
620000,310000.0,-35.24622344970703,20522.80630755134,20487.56008410163,10584771.490547398
621000,310500.0,-35.24622344970703,20522.80630754138,20487.560084091674,10584771.490542263
622000,311000.0,-35.24622344970703,20522.806307531424,20487.560084081717,10584771.490537127
623000,311500.0,-35.24622344970703,20522.806307521467,20487.56008407176,10584771.490531992
624000,312000.0,-35.24622344970703,20522.80630751151,20487.560084061803,10584771.490526857
625000,312500.0,-35.24622344970703,20522.80630750156,20487.560084051853,10584771.490521725
626000,313000.0,-35.24622344970703,20522.806307491603,20487.560084041896,10584771.49051659
627000,313500.0,-35.24622344970703,20522.806307481653,20487.560084031946,10584771.490511458
628000,314000.0,-35.24622344970703,20522.806307471717,20487.56008402201,10584771.490506332
629000,314500.0,-35.24622344970703,20522.80630746178,20487.56008401207,10584771.490501206
630000,315000.0,-35.24622344970703,20522.806307451843,20487.560084002136,10584771.490496082
631000,315500.0,-35.24622344970703,20522.8063074419,20487.560083992194,10584771.490490954
632000,316000.0,-35.24622344970703,20522.806307435927,20487.56008398622,10584771.490487874
633000,316500.0,-35.24622344970703,20522.806307430004,20487.560083980297,10584771.490484819
634000,317000.0,-35.246219635009766,20522.80630742407,20487.56008778906,10584771.490481758
635000,317500.0,-35.246219635009766,20522.806307418152,20487.560087783142,10584771.490478706
636000,318000.0,-35.246219635009766,20522.806307412226,20487.560087777216,10584771.490475649
637000,318500.0,-35.246219635009766,20522.806307406296,20487.560087771286,10584771.490472592
638000,319000.0,-35.246219635009766,20522.806307400395,20487.560087765385,10584771.490469549
639000,319500.0,-35.246219635009766,20522.806307394512,20487.560087759502,10584771.490466515
640000,320000.0,-35.246219635009766,20522.806307388622,20487.560087753613,10584771.490463477
641000,320500.0,-35.246219635009766,20522.806307382747,20487.560087747737,10584771.490460446
642000,321000.0,-35.246219635009766,20522.806307376854,20487.560087741844,10584771.490457406
643000,321500.0,-35.246219635009766,20522.806307370967,20487.560087735957,10584771.49045437
644000,322000.0,-35.246219635009766,20522.80630736507,20487.56008773006,10584771.490451328
645000,322500.0,-35.246219635009766,20522.806307359187,20487.560087724178,10584771.490448296
646000,323000.0,-35.246219635009766,20522.806307353305,20487.560087718295,10584771.490445262
647000,323500.0,-35.246219635009766,20522.806307347422,20487.560087712412,10584771.490442228
648000,324000.0,-35.246219635009766,20522.80630734153,20487.56008770652,10584771.490439188
649000,324500.0,-35.246219635009766,20522.806307335646,20487.560087700636,10584771.490436153
650000,325000.0,-35.246219635009766,20522.806307329745,20487.560087694736,10584771.49043311
651000,325500.0,-35.246219635009766,20522.806307323866,20487.560087688857,10584771.490430078
652000,326000.0,-35.246219635009766,20522.806307317976,20487.560087682967,10584771.49042704
653000,326500.0,-35.246219635009766,20522.80630731209,20487.56008767708,10584771.490424005
654000,327000.0,-35.246219635009766,20522.806307306204,20487.560087671194,10584771.49042097
655000,327500.0,-35.246219635009766,20522.806307300318,20487.560087665308,10584771.490417933
656000,328000.0,-35.246219635009766,20522.806307294417,20487.560087659407,10584771.49041489
657000,328500.0,-35.246219635009766,20522.806307288534,20487.560087653525,10584771.490411855
658000,329000.0,-35.246219635009766,20522.806307282644,20487.560087647635,10584771.490408817
659000,329500.0,-35.246219635009766,20522.806307276758,20487.56008764175,10584771.490405781
660000,330000.0,-35.246219635009766,20522.806307270872,20487.560087635862,10584771.490402745
661000,330500.0,-35.246219635009766,20522.806307264986,20487.560087629976,10584771.49039971
662000,331000.0,-35.246219635009766,20522.806307259092,20487.560087624082,10584771.490396671
663000,331500.0,-35.246219635009766,20522.80630725321,20487.5600876182,10584771.490393637
664000,332000.0,-35.246219635009766,20522.806307247323,20487.560087612314,10584771.4903906
665000,332500.0,-35.246219635009766,20522.806307241484,20487.560087606475,10584771.490387589
666000,333000.0,-35.246219635009766,20522.80630723564,20487.560087600632,10584771.490384575
667000,333500.0,-35.246219635009766,20522.806307229806,20487.560087594797,10584771.490381567
668000,334000.0,-35.246219635009766,20522.80630722396,20487.56008758895,10584771.490378551
669000,334500.0,-35.246219635009766,20522.806307218132,20487.560087583122,10584771.490375545
670000,335000.0,-35.246219635009766,20522.80630721229,20487.56008757728,10584771.490372531
671000,335500.0,-35.246219635009766,20522.806307206458,20487.560087571448,10584771.490369523
672000,336000.0,-35.246219635009766,20522.806307200615,20487.560087565605,10584771.490366511
673000,336500.0,-35.246219635009766,20522.80630719478,20487.56008755977,10584771.490363501
674000,337000.0,-35.246219635009766,20522.806307188937,20487.560087553928,10584771.490360487
675000,337500.0,-35.246219635009766,20522.806307183106,20487.560087548096,10584771.49035748
676000,338000.0,-35.246219635009766,20522.806307177267,20487.560087542257,10584771.490354469
677000,338500.0,-35.246219635009766,20522.806307171013,20487.560087536003,10584771.490351243
678000,339000.0,-35.246219635009766,20522.806307165243,20487.560087530233,10584771.490348266
679000,339500.0,-35.246219635009766,20522.806307159473,20487.560087524464,10584771.490345292
680000,340000.0,-35.246219635009766,20522.806307153704,20487.560087518694,10584771.490342315
681000,340500.0,-35.246219635009766,20522.806307147952,20487.560087512942,10584771.49033935
682000,341000.0,-35.246219635009766,20522.806307142186,20487.560087507176,10584771.490336375
683000,341500.0,-35.246219635009766,20522.80630713643,20487.56008750142,10584771.490333406
684000,342000.0,-35.246219635009766,20522.806307130664,20487.560087495654,10584771.490330433
685000,342500.0,-35.246219635009766,20522.806307124905,20487.560087489896,10584771.490327463
686000,343000.0,-35.246219635009766,20522.80630711914,20487.56008748413,10584771.490324488
687000,343500.0,-35.246219635009766,20522.806307113377,20487.560087478367,10584771.490321517
688000,344000.0,-35.246219635009766,20522.80630710761,20487.5600874726,10584771.490318542
689000,344500.0,-35.246219635009766,20522.806307101844,20487.560087466834,10584771.49031557
690000,345000.0,-35.246219635009766,20522.80630709608,20487.56008746107,10584771.490312597
691000,345500.0,-35.246219635009766,20522.806307090326,20487.560087455317,10584771.490309628
692000,346000.0,-35.246219635009766,20522.80630708456,20487.56008744955,10584771.490306655
693000,346500.0,-35.246219635009766,20522.806307078812,20487.560087443802,10584771.49030369
694000,347000.0,-35.246219635009766,20522.806307073064,20487.560087438054,10584771.490300724
695000,347500.0,-35.246219635009766,20522.806307067312,20487.560087432303,10584771.490297759
696000,348000.0,-35.246219635009766,20522.806307061557,20487.560087426547,10584771.49029479
697000,348500.0,-35.246219635009766,20522.80630705581,20487.5600874208,10584771.490291826
698000,349000.0,-35.246219635009766,20522.806307050054,20487.560087415044,10584771.490288857
699000,349500.0,-35.246219635009766,20522.806307044302,20487.560087409292,10584771.49028589
700000,350000.0,-35.246219635009766,20522.806307038558,20487.560087403548,10584771.490282929
701000,350500.0,-35.246219635009766,20522.806307032806,20487.560087397796,10584771.490279961
702000,351000.0,-35.246219635009766,20522.80630702705,20487.56008739204,10584771.490276994
703000,351500.0,-35.246219635009766,20522.806307021307,20487.560087386297,10584771.49027403
704000,352000.0,-35.246219635009766,20522.806307015544,20487.560087380534,10584771.490271058
705000,352500.0,-35.246219635009766,20522.806307009792,20487.560087374783,10584771.490268093
706000,353000.0,-35.246219635009766,20522.80630700404,20487.56008736903,10584771.490265125
707000,353500.0,-35.246219635009766,20522.80630699829,20487.56008736328,10584771.49026216
708000,354000.0,-35.246219635009766,20522.80630699253,20487.56008735752,10584771.49025919
709000,354500.0,-35.246219635009766,20522.806306986786,20487.560087351776,10584771.490256226
710000,355000.0,-35.246219635009766,20522.806306981023,20487.560087346013,10584771.490253255
711000,355500.0,-35.246219635009766,20522.80630697527,20487.56008734026,10584771.490250288
712000,356000.0,-35.246219635009766,20522.806306969524,20487.560087334514,10584771.490247324
713000,356500.0,-35.246219635009766,20522.806306963765,20487.560087328755,10584771.490244353
714000,357000.0,-35.246219635009766,20522.806306958013,20487.560087323003,10584771.490241386
715000,357500.0,-35.246219635009766,20522.806306952265,20487.560087317255,10584771.490238423
716000,358000.0,-35.246219635009766,20522.80630694651,20487.5600873115,10584771.490235453
717000,358500.0,-35.246219635009766,20522.806306940758,20487.56008730575,10584771.490232488
718000,359000.0,-35.246219635009766,20522.806306935006,20487.560087299997,10584771.490229521
719000,359500.0,-35.246219635009766,20522.806306929255,20487.560087294245,10584771.490226554
720000,360000.0,-35.246219635009766,20522.806306923496,20487.560087288486,10584771.490223585
721000,360500.0,-35.246219635009766,20522.806306917755,20487.560087282745,10584771.490220623
722000,361000.0,-35.246219635009766,20522.806306912007,20487.560087276997,10584771.49021766
723000,361500.0,-35.246219635009766,20522.80630690625,20487.56008727124,10584771.490214689
724000,362000.0,-35.246219635009766,20522.806306900507,20487.560087265498,10584771.490211727
725000,362500.0,-35.246219635009766,20522.806306894756,20487.560087259746,10584771.490208762
726000,363000.0,-35.246219635009766,20522.806306889004,20487.560087253994,10584771.490205795
727000,363500.0,-35.246219635009766,20522.806306883256,20487.560087248246,10584771.490202831
728000,364000.0,-35.246219635009766,20522.806306877508,20487.5600872425,10584771.490199866
729000,364500.0,-35.246219635009766,20522.806306871753,20487.560087236743,10584771.490196897
730000,365000.0,-35.246219635009766,20522.80630686601,20487.560087231,10584771.490193935
731000,365500.0,-35.246219635009766,20522.80630686026,20487.56008722525,10584771.49019097
732000,366000.0,-35.246219635009766,20522.8063068545,20487.560087219492,10584771.490188
733000,366500.0,-35.246219635009766,20522.806306848757,20487.560087213747,10584771.490185037
734000,367000.0,-35.246219635009766,20522.80630684301,20487.560087208,10584771.490182074
735000,367500.0,-35.246219635009766,20522.806306837258,20487.560087202248,10584771.490179107
736000,368000.0,-35.246219635009766,20522.806306831517,20487.560087196507,10584771.490176145
737000,368500.0,-35.246219635009766,20522.806306825765,20487.560087190755,10584771.49017318
738000,369000.0,-35.246219635009766,20522.806306820014,20487.560087185004,10584771.490170212
739000,369500.0,-35.246219635009766,20522.80630681427,20487.56008717926,10584771.49016725
740000,370000.0,-35.246219635009766,20522.806306808518,20487.560087173508,10584771.490164284
741000,370500.0,-35.246219635009766,20522.80630680277,20487.56008716776,10584771.490161318
742000,371000.0,-35.246219635009766,20522.806306797018,20487.560087162008,10584771.490158353
743000,371500.0,-35.246219635009766,20522.806306791274,20487.560087156264,10584771.49015539
744000,372000.0,-35.246219635009766,20522.80630678552,20487.56008715051,10584771.490152422
745000,372500.0,-35.246219635009766,20522.806306779774,20487.560087144764,10584771.490149459
746000,373000.0,-35.246219635009766,20522.806306774022,20487.560087139012,10584771.490146492
747000,373500.0,-35.246219635009766,20522.806306768274,20487.560087133264,10584771.490143528
748000,374000.0,-35.246219635009766,20522.806306762526,20487.560087127516,10584771.490140563
749000,374500.0,-35.246219635009766,20522.80630675678,20487.56008712177,10584771.4901376
750000,375000.0,-35.246219635009766,20522.806306751027,20487.560087116017,10584771.490134632
751000,375500.0,-35.246219635009766,20522.806306745286,20487.560087110276,10584771.49013167
752000,376000.0,-35.246219635009766,20522.806306739538,20487.560087104528,10584771.490128707
753000,376500.0,-35.246219635009766,20522.806306733783,20487.560087098773,10584771.490125738
754000,377000.0,-35.246219635009766,20522.806306728056,20487.560087093047,10584771.490122786
755000,377500.0,-35.246219635009766,20522.806306722356,20487.560087087346,10584771.490119845
756000,378000.0,-35.246219635009766,20522.80630671665,20487.56008708164,10584771.490116904
757000,378500.0,-35.246219635009766,20522.806306710954,20487.560087075944,10584771.490113964
758000,379000.0,-35.246219635009766,20522.80630670525,20487.56008707024,10584771.490111023
759000,379500.0,-35.246219635009766,20522.806306699542,20487.560087064532,10584771.490108078
760000,380000.0,-35.246219635009766,20522.806306693845,20487.560087058835,10584771.490105141
761000,380500.0,-35.246219635009766,20522.806306688144,20487.560087053134,10584771.4901022
762000,381000.0,-35.246219635009766,20522.80630668244,20487.56008704743,10584771.490099259
763000,381500.0,-35.246219635009766,20522.806306676743,20487.560087041733,10584771.49009632
764000,382000.0,-35.246219635009766,20522.806306671035,20487.560087036025,10584771.490093376
765000,382500.0,-35.246219635009766,20522.80630666533,20487.56008703032,10584771.490090434
766000,383000.0,-35.246219635009766,20522.806306659622,20487.560087024613,10584771.49008749
767000,383500.0,-35.246219635009766,20522.806306653925,20487.560087018916,10584771.490084551
768000,384000.0,-35.246219635009766,20522.806306648217,20487.560087013208,10584771.490081608
769000,384500.0,-35.246219635009766,20522.806306642524,20487.560087007514,10584771.49007867
770000,385000.0,-35.246219635009766,20522.806306636823,20487.560087001813,10584771.490075732
771000,385500.0,-35.246219635009766,20522.80630663112,20487.56008699611,10584771.490072789
772000,386000.0,-35.246219635009766,20522.8063066254,20487.56008699039,10584771.49006984
773000,386500.0,-35.246219635009766,20522.80630661965,20487.56008698464,10584771.490066873
774000,387000.0,-35.246219635009766,20522.806306613897,20487.560086978887,10584771.490063906
775000,387500.0,-35.246219635009766,20522.806306608152,20487.560086973142,10584771.490060944
776000,388000.0,-35.246219635009766,20522.80630660239,20487.56008696738,10584771.490057971
777000,388500.0,-35.246219635009766,20522.806306596638,20487.56008696163,10584771.490055006
778000,389000.0,-35.246219635009766,20522.806306590894,20487.560086955884,10584771.490052043
779000,389500.0,-35.246219635009766,20522.806306585142,20487.560086950132,10584771.490049075
780000,390000.0,-35.246219635009766,20522.806306579387,20487.560086944377,10584771.490046108
781000,390500.0,-35.246219635009766,20522.806306573646,20487.560086938636,10584771.490043147
782000,391000.0,-35.246219635009766,20522.806306567894,20487.560086932885,10584771.490040181
783000,391500.0,-35.246219635009766,20522.80630656213,20487.560086927122,10584771.490037208
784000,392000.0,-35.246219635009766,20522.80630655639,20487.56008692138,10584771.490034247
785000,392500.0,-35.246219635009766,20522.80630655065,20487.56008691564,10584771.490031287
786000,393000.0,-35.246219635009766,20522.80630654491,20487.5600869099,10584771.490028325
787000,393500.0,-35.246219635009766,20522.806306539173,20487.560086904163,10584771.490025368
788000,394000.0,-35.246219635009766,20522.80630653343,20487.560086898422,10584771.490022406
789000,394500.0,-35.246219635009766,20522.806306527687,20487.560086892678,10584771.490019444
790000,395000.0,-35.246219635009766,20522.80630652195,20487.56008688694,10584771.490016485
791000,395500.0,-35.246219635009766,20522.806306516217,20487.560086881207,10584771.490013527
792000,396000.0,-35.246219635009766,20522.806306510472,20487.560086875463,10584771.490010565
793000,396500.0,-35.246219635009766,20522.80630650474,20487.56008686973,10584771.490007607
794000,397000.0,-35.246219635009766,20522.806306499,20487.56008686399,10584771.490004648
795000,397500.0,-35.246219635009766,20522.806306493254,20487.560086858244,10584771.490001684
796000,398000.0,-35.246219635009766,20522.806306487517,20487.560086852507,10584771.489998726
797000,398500.0,-35.246219635009766,20522.806306481776,20487.560086846766,10584771.489995765
798000,399000.0,-35.246219635009766,20522.806306476035,20487.560086841026,10584771.489992803
799000,399500.0,-35.246219635009766,20522.806306470306,20487.560086835296,10584771.489989849
800000,400000.0,-35.246219635009766,20522.806306464558,20487.560086829548,10584771.489986883
801000,400500.0,-35.246219635009766,20522.806306458817,20487.560086823807,10584771.489983924
802000,401000.0,-35.246219635009766,20522.80630645308,20487.56008681807,10584771.489980964
803000,401500.0,-35.246219635009766,20522.806306447346,20487.560086812337,10584771.489978008
804000,402000.0,-35.246219635009766,20522.806306441616,20487.560086806607,10584771.489975052
805000,402500.0,-35.246219635009766,20522.806306435887,20487.560086800877,10584771.489972096
806000,403000.0,-35.246219635009766,20522.8063064302,20487.56008679519,10584771.489969164
807000,403500.0,-35.246219635009766,20522.806306424718,20487.56008678971,10584771.489966337
808000,404000.0,-35.246219635009766,20522.80630641925,20487.56008678424,10584771.489963517
809000,404500.0,-35.246219635009766,20522.806306413775,20487.560086778765,10584771.489960693
810000,405000.0,-35.246219635009766,20522.806306408296,20487.560086773286,10584771.489957867
811000,405500.0,-35.246219635009766,20522.80630640283,20487.56008676782,10584771.489955047
812000,406000.0,-35.246219635009766,20522.80630639735,20487.56008676234,10584771.489952222
813000,406500.0,-35.246219635009766,20522.806306391874,20487.560086756865,10584771.489949398
814000,407000.0,-35.246219635009766,20522.806306386377,20487.560086751368,10584771.489946563
815000,407500.0,-35.246219635009766,20522.806306380866,20487.560086745856,10584771.489943719
816000,408000.0,-35.246219635009766,20522.80630637535,20487.56008674034,10584771.489940874
817000,408500.0,-35.246219635009766,20522.806306369843,20487.560086734833,10584771.489938034
818000,409000.0,-35.246219635009766,20522.806306364324,20487.560086729314,10584771.489935188
819000,409500.0,-35.246219635009766,20522.80630635881,20487.5600867238,10584771.489932343
820000,410000.0,-35.246219635009766,20522.806306353294,20487.560086718284,10584771.4899295
821000,410500.0,-35.246219635009766,20522.806306347775,20487.560086712765,10584771.489926653
822000,411000.0,-35.246219635009766,20522.806306342263,20487.560086707254,10584771.48992381
823000,411500.0,-35.246219635009766,20522.806306336755,20487.560086701746,10584771.48992097
824000,412000.0,-35.246219635009766,20522.80630633124,20487.56008669623,10584771.489918124
825000,412500.0,-35.246219635009766,20522.80630632572,20487.56008669071,10584771.489915278
826000,413000.0,-35.246219635009766,20522.80630632021,20487.5600866852,10584771.489912435
827000,413500.0,-35.246219635009766,20522.806306314695,20487.560086679685,10584771.489909591
828000,414000.0,-35.246219635009766,20522.80630630918,20487.56008667417,10584771.489906747
829000,414500.0,-35.246219635009766,20522.806306303664,20487.560086668655,10584771.489903903
830000,415000.0,-35.246219635009766,20522.806306298146,20487.560086663136,10584771.489901057
831000,415500.0,-35.246219635009766,20522.806306292627,20487.560086657617,10584771.48989821
832000,416000.0,-35.246219635009766,20522.806306287115,20487.560086652105,10584771.489895366
833000,416500.0,-35.246219635009766,20522.806306281596,20487.560086646587,10584771.48989252
834000,417000.0,-35.246219635009766,20522.806306276078,20487.560086641068,10584771.489889674
835000,417500.0,-35.246219635009766,20522.80630627055,20487.56008663554,10584771.489886824
836000,418000.0,-35.246219635009766,20522.80630626502,20487.560086630012,10584771.489883972
837000,418500.0,-35.246219635009766,20522.806306259507,20487.560086624497,10584771.489881128
838000,419000.0,-35.246219635009766,20522.80630625397,20487.56008661896,10584771.489878273
839000,419500.0,-35.246219635009766,20522.80630624845,20487.56008661344,10584771.489875425
840000,420000.0,-35.246219635009766,20522.80630624292,20487.56008660791,10584771.489872573
841000,420500.0,-35.246219635009766,20522.8063062374,20487.56008660239,10584771.489869725
842000,421000.0,-35.246219635009766,20522.806306231872,20487.560086596863,10584771.489866875
843000,421500.0,-35.246219635009766,20522.806306226343,20487.560086591333,10584771.489864023
844000,422000.0,-35.246219635009766,20522.80630622082,20487.56008658581,10584771.489861175
845000,422500.0,-35.246219635009766,20522.806306215287,20487.560086580277,10584771.489858322
846000,423000.0,-35.246219635009766,20522.806306209768,20487.56008657476,10584771.489855474
847000,423500.0,-35.246219635009766,20522.806306204242,20487.560086569232,10584771.489852624
848000,424000.0,-35.246219635009766,20522.806306198712,20487.560086563702,10584771.489849772
849000,424500.0,-35.246219635009766,20522.806306193193,20487.560086558184,10584771.489846926
850000,425000.0,-35.246219635009766,20522.806306187656,20487.560086552647,10584771.48984407
851000,425500.0,-35.246219635009766,20522.806306182134,20487.560086547124,10584771.489841223
852000,426000.0,-35.246219635009766,20522.806306176608,20487.560086541598,10584771.489838373
853000,426500.0,-35.246219635009766,20522.80630617108,20487.560086536072,10584771.489835521
854000,427000.0,-35.246219635009766,20522.80630616556,20487.56008653055,10584771.489832673
855000,427500.0,-35.246219635009766,20522.80630616003,20487.56008652502,10584771.489829822
856000,428000.0,-35.246219635009766,20522.8063061545,20487.56008651949,10584771.48982697
857000,428500.0,-35.246219635009766,20522.806306148977,20487.560086513968,10584771.489824122
858000,429000.0,-35.246219635009766,20522.806306143455,20487.560086508445,10584771.489821274
859000,429500.0,-35.246219635009766,20522.80630613793,20487.56008650292,10584771.489818424
860000,430000.0,-35.246219635009766,20522.806306132363,20487.560086497353,10584771.489815552
861000,430500.0,-35.246219635009766,20522.8063061268,20487.56008649179,10584771.489812683
862000,431000.0,-35.246219635009766,20522.80630612123,20487.56008648622,10584771.489809811
863000,431500.0,-35.246219635009766,20522.806306115654,20487.560086480644,10584771.489806935
864000,432000.0,-35.246219635009766,20522.80630611009,20487.56008647508,10584771.489804065
865000,432500.0,-35.246219635009766,20522.806306104514,20487.560086469504,10584771.489801189
866000,433000.0,-35.246219635009766,20522.806306098948,20487.56008646394,10584771.489798319
867000,433500.0,-35.246219635009766,20522.806306093382,20487.560086458372,10584771.489795448
868000,434000.0,-35.246219635009766,20522.806306087812,20487.560086452802,10584771.489792574
869000,434500.0,-35.246219635009766,20522.806306082242,20487.560086447233,10584771.489789702
870000,435000.0,-35.246219635009766,20522.806306076676,20487.560086441666,10584771.489786832
871000,435500.0,-35.246219635009766,20522.806306071107,20487.560086436097,10584771.48978396
872000,436000.0,-35.246219635009766,20522.80630606554,20487.56008643053,10584771.48978109
873000,436500.0,-35.246219635009766,20522.806306059974,20487.560086424965,10584771.489778217
874000,437000.0,-35.246219635009766,20522.8063060544,20487.56008641939,10584771.489775343
875000,437500.0,-35.246219635009766,20522.806306048828,20487.560086413818,10584771.489772469
876000,438000.0,-35.246219635009766,20522.806306043265,20487.560086408255,10584771.4897696
877000,438500.0,-35.246219635009766,20522.806306037695,20487.560086402686,10584771.489766726
878000,439000.0,-35.246219635009766,20522.806306032107,20487.560086397098,10584771.489763845
879000,439500.0,-35.246219635009766,20522.806306026516,20487.560086391506,10584771.489760961
880000,440000.0,-35.246219635009766,20522.806306020913,20487.560086385904,10584771.489758072
881000,440500.0,-35.246219635009766,20522.806306015318,20487.56008638031,10584771.489755185
882000,441000.0,-35.246219635009766,20522.80630600972,20487.56008637471,10584771.489752298
883000,441500.0,-35.246219635009766,20522.80630600412,20487.56008636911,10584771.489749411
884000,442000.0,-35.246219635009766,20522.806305998525,20487.560086363515,10584771.489746524
885000,442500.0,-35.246219635009766,20522.80630599293,20487.56008635792,10584771.489743639
886000,443000.0,-35.246219635009766,20522.80630598733,20487.56008635232,10584771.489740752
887000,443500.0,-35.246219635009766,20522.80630598173,20487.56008634672,10584771.48973786
888000,444000.0,-35.246219635009766,20522.806305976137,20487.560086341127,10584771.489734977
889000,444500.0,-35.246219635009766,20522.806305970535,20487.560086335525,10584771.489732089
890000,445000.0,-35.246219635009766,20522.80630596494,20487.56008632993,10584771.489729203
891000,445500.0,-35.246219635009766,20522.806305959348,20487.560086324338,10584771.489726318
892000,446000.0,-35.246219635009766,20522.80630595374,20487.560086318732,10584771.489723427
893000,446500.0,-35.246219635009766,20522.806305948146,20487.560086313137,10584771.489720542
894000,447000.0,-35.246219635009766,20522.806305942555,20487.560086307545,10584771.489717657
895000,447500.0,-35.246219635009766,20522.806305936956,20487.560086301946,10584771.48971477
896000,448000.0,-35.246219635009766,20522.80630593136,20487.56008629635,10584771.489711884
897000,448500.0,-35.246219635009766,20522.806305925762,20487.560086290752,10584771.489708997
898000,449000.0,-35.246219635009766,20522.806305920163,20487.560086285153,10584771.489706108
899000,449500.0,-35.246219635009766,20522.806305914568,20487.560086279558,10584771.489703223
900000,450000.0,-35.246219635009766,20522.80630590895,20487.56008627394,10584771.489700327
901000,450500.0,-35.246219635009766,20522.806305903305,20487.560086268295,10584771.489697414
902000,451000.0,-35.246219635009766,20522.806305897655,20487.560086262645,10584771.4896945
903000,451500.0,-35.246219635009766,20522.80630589202,20487.56008625701,10584771.489691595
904000,452000.0,-35.246219635009766,20522.80630588637,20487.56008625136,10584771.48968868
905000,452500.0,-35.246219635009766,20522.80630588073,20487.56008624572,10584771.489685772
906000,453000.0,-35.246219635009766,20522.806305875092,20487.560086240082,10584771.489682863
907000,453500.0,-35.246219635009766,20522.806305869442,20487.560086234433,10584771.48967995
908000,454000.0,-35.246219635009766,20522.8063058638,20487.56008622879,10584771.48967704
909000,454500.0,-35.246219635009766,20522.80630585816,20487.56008622315,10584771.48967413
910000,455000.0,-35.246219635009766,20522.80630585252,20487.56008621751,10584771.489671221
911000,455500.0,-35.246219635009766,20522.806305846872,20487.560086211863,10584771.48966831
912000,456000.0,-35.246219635009766,20522.806305841237,20487.560086206227,10584771.489665402
913000,456500.0,-35.246219635009766,20522.80630583559,20487.56008620058,10584771.48966249
914000,457000.0,-35.246219635009766,20522.80630582994,20487.56008619493,10584771.489659576
915000,457500.0,-35.246219635009766,20522.806305824295,20487.560086189285,10584771.489656664
916000,458000.0,-35.246219635009766,20522.806305818638,20487.56008618363,10584771.489653748
917000,458500.0,-35.246219635009766,20522.806305812985,20487.560086177975,10584771.48965083
918000,459000.0,-35.246219635009766,20522.806305807335,20487.560086172325,10584771.489647917
919000,459500.0,-35.246219635009766,20522.806305801678,20487.560086166668,10584771.489644999
920000,460000.0,-35.246219635009766,20522.806305796028,20487.56008616102,10584771.489642086
921000,460500.0,-35.246219635009766,20522.806305790375,20487.560086155365,10584771.48963917
922000,461000.0,-35.246219635009766,20522.806305784718,20487.560086149708,10584771.489636252
923000,461500.0,-35.246219635009766,20522.80630577911,20487.5600861441,10584771.48963336
924000,462000.0,-35.246219635009766,20522.806305774466,20487.560086139456,10584771.489630964
925000,462500.0,-35.246219635009766,20522.806305769816,20487.560086134807,10584771.489628566
926000,463000.0,-35.246219635009766,20522.806305765163,20487.560086130154,10584771.489626167
927000,463500.0,-35.246219635009766,20522.80630576052,20487.56008612551,10584771.489623772
928000,464000.0,-35.246219635009766,20522.806305755883,20487.560086120873,10584771.48962138
929000,464500.0,-35.246219635009766,20522.80630575125,20487.560086116242,10584771.489618992
930000,465000.0,-35.246219635009766,20522.80630574662,20487.56008611161,10584771.489616603
931000,465500.0,-35.246219635009766,20522.806305741986,20487.560086106976,10584771.489614213
932000,466000.0,-35.246219635009766,20522.80630573735,20487.56008610234,10584771.489611823
933000,466500.0,-35.246219635009766,20522.806305732716,20487.560086097707,10584771.489609431
934000,467000.0,-35.246219635009766,20522.806305728085,20487.560086093075,10584771.489607044
935000,467500.0,-35.246219635009766,20522.80630572345,20487.56008608844,10584771.489604654
936000,468000.0,-35.246219635009766,20522.806305718816,20487.560086083806,10584771.489602262
937000,468500.0,-35.246219635009766,20522.80630571418,20487.56008607917,10584771.489599872
938000,469000.0,-35.246219635009766,20522.80630570955,20487.56008607454,10584771.489597484
939000,469500.0,-35.246219635009766,20522.806305704915,20487.560086069905,10584771.489595093
940000,470000.0,-35.246219635009766,20522.80630570028,20487.56008606527,10584771.489592703
941000,470500.0,-35.246219635009766,20522.80630569565,20487.56008606064,10584771.489590315
942000,471000.0,-35.246219635009766,20522.806305691014,20487.560086056004,10584771.489587924
943000,471500.0,-35.246219635009766,20522.806305686383,20487.560086051373,10584771.489585536
944000,472000.0,-35.246219635009766,20522.806305681737,20487.560086046728,10584771.489583138
945000,472500.0,-35.246219635009766,20522.806305677095,20487.560086042085,10584771.489580745
946000,473000.0,-35.246219635009766,20522.806305672453,20487.560086037443,10584771.489578351
947000,473500.0,-35.246219635009766,20522.80630566782,20487.56008603281,10584771.48957596
948000,474000.0,-35.246219635009766,20522.806305663187,20487.560086028177,10584771.489573572
949000,474500.0,-35.246219635009766,20522.80630565856,20487.56008602355,10584771.489571186
950000,475000.0,-35.246219635009766,20522.806305653954,20487.560086018944,10584771.489568809
951000,475500.0,-35.246219635009766,20522.806305649345,20487.560086014335,10584771.489566432
952000,476000.0,-35.246219635009766,20522.80630564474,20487.56008600973,10584771.489564057
953000,476500.0,-35.246219635009766,20522.80630564014,20487.56008600513,10584771.489561686
954000,477000.0,-35.246219635009766,20522.806305635528,20487.560086000518,10584771.489559306
955000,477500.0,-35.246219635009766,20522.806305630922,20487.560085995912,10584771.489556931
956000,478000.0,-35.246219635009766,20522.806305626316,20487.560085991307,10584771.489554556
957000,478500.0,-35.246219635009766,20522.80630562171,20487.5600859867,10584771.48955218
958000,479000.0,-35.246219635009766,20522.806305617105,20487.560085982095,10584771.489549804
959000,479500.0,-35.246219635009766,20522.8063056125,20487.56008597749,10584771.48954743
960000,480000.0,-35.246219635009766,20522.806305607897,20487.560085972887,10584771.489545057
961000,480500.0,-35.246219635009766,20522.80630560328,20487.56008596827,10584771.489542674
962000,481000.0,-35.246219635009766,20522.80630559868,20487.56008596367,10584771.489540301
963000,481500.0,-35.246219635009766,20522.806305594073,20487.560085959063,10584771.489537926
964000,482000.0,-35.246219635009766,20522.806305589464,20487.560085954454,10584771.489535548
965000,482500.0,-35.246219635009766,20522.80630558486,20487.56008594985,10584771.489533175
966000,483000.0,-35.246219635009766,20522.80630558026,20487.56008594525,10584771.489530802
967000,483500.0,-35.246219635009766,20522.806305575654,20487.560085940644,10584771.489528427
968000,484000.0,-35.246219635009766,20522.806305571048,20487.56008593604,10584771.48952605
969000,484500.0,-35.246219635009766,20522.806305566442,20487.560085931433,10584771.489523675
970000,485000.0,-35.246219635009766,20522.806305561837,20487.560085926827,10584771.4895213
971000,485500.0,-35.246219635009766,20522.80630555723,20487.56008592222,10584771.489518924
972000,486000.0,-35.246219635009766,20522.80630555263,20487.56008591762,10584771.48951655
973000,486500.0,-35.246219635009766,20522.806305548063,20487.560085913054,10584771.489514196
974000,487000.0,-35.246219635009766,20522.8063055435,20487.56008590849,10584771.489511844
975000,487500.0,-35.246219635009766,20522.806305538943,20487.560085903933,10584771.489509491
976000,488000.0,-35.246219635009766,20522.806305534385,20487.560085899375,10584771.48950714
977000,488500.0,-35.246219635009766,20522.80630552983,20487.56008589482,10584771.489504792
978000,489000.0,-35.246219635009766,20522.806305525264,20487.560085890254,10584771.489502437
979000,489500.0,-35.246219635009766,20522.80630552071,20487.5600858857,10584771.489500089
980000,490000.0,-35.246219635009766,20522.806305516144,20487.560085881134,10584771.489497734
981000,490500.0,-35.246219635009766,20522.806305511585,20487.560085876576,10584771.489495382
982000,491000.0,-35.246219635009766,20522.806305507027,20487.560085872017,10584771.489493031
983000,491500.0,-35.246219635009766,20522.80630550247,20487.56008586746,10584771.48949068
984000,492000.0,-35.246219635009766,20522.806305497914,20487.560085862904,10584771.489488332
985000,492500.0,-35.246219635009766,20522.806305493355,20487.560085858346,10584771.489485981
986000,493000.0,-35.246219635009766,20522.806305488793,20487.560085853784,10584771.489483627
987000,493500.0,-35.246219635009766,20522.80630548424,20487.56008584923,10584771.489481278
988000,494000.0,-35.246219635009766,20522.80630548227,20487.56008584726,10584771.489480263
989000,494500.0,-35.246219635009766,20522.806305480917,20487.560085845907,10584771.489479564
990000,495000.0,-35.246219635009766,20522.806305479557,20487.560085844547,10584771.489478864
991000,495500.0,-35.246219635009766,20522.806305478196,20487.560085843186,10584771.489478162
992000,496000.0,-35.246219635009766,20522.80630547684,20487.56008584183,10584771.489477461
993000,496500.0,-35.246219635009766,20522.80630547548,20487.56008584047,10584771.489476759
994000,497000.0,-35.246219635009766,20522.806305474118,20487.560085839108,10584771.489476059
995000,497500.0,-35.246219635009766,20522.806305472765,20487.560085837755,10584771.48947536
996000,498000.0,-35.246219635009766,20522.806305471408,20487.560085836398,10584771.48947466
997000,498500.0,-35.246219635009766,20522.806305470047,20487.560085835037,10584771.48947396
998000,499000.0,-35.246219635009766,20522.806305468675,20487.560085833666,10584771.489473252
999000,499500.0,-35.246219635009766,20522.806305467308,20487.560085832298,10584771.489472546
1000000,500000.0,-35.246219635009766,20522.80630546594,20487.56008583093,10584771.48947184
1001000,500500.0,-35.246219635009766,20522.806305464575,20487.560085829566,10584771.489471138
1002000,501000.0,-35.246219635009766,20522.8063054632,20487.56008582819,10584771.489470428
1003000,501500.0,-35.246219635009766,20522.806305461832,20487.560085826823,10584771.489469722
1004000,502000.0,-35.246219635009766,20522.806305460465,20487.560085825455,10584771.489469016
1005000,502500.0,-35.246219635009766,20522.80630545909,20487.56008582408,10584771.489468306
1006000,503000.0,-35.246219635009766,20522.806305457725,20487.560085822715,10584771.489467604
1007000,503500.0,-35.246219635009766,20522.806305456357,20487.560085821347,10584771.489466898
1008000,504000.0,-35.246219635009766,20522.80630545499,20487.56008581998,10584771.489466192
1009000,504500.0,-35.246219635009766,20522.806305453618,20487.560085818608,10584771.489465484
1010000,505000.0,-35.246219635009766,20522.806305452246,20487.560085817237,10584771.489464778
1011000,505500.0,-35.246219635009766,20522.80630545088,20487.56008581587,10584771.489464073
1012000,506000.0,-35.246219635009766,20522.806305449507,20487.560085814497,10584771.489463365
1013000,506500.0,-35.246219635009766,20522.806305448143,20487.560085813133,10584771.48946266
1014000,507000.0,-35.246219635009766,20522.80630544677,20487.56008581176,10584771.489461955
1015000,507500.0,-35.246219635009766,20522.806305445403,20487.560085810394,10584771.489461249
1016000,508000.0,-35.246219635009766,20522.806305444028,20487.56008580902,10584771.48946054
1017000,508500.0,-35.246219635009766,20522.80630544298,20487.56008580797,10584771.489459999
1018000,509000.0,-35.246219635009766,20522.806305442296,20487.560085807287,10584771.489459647
1019000,509500.0,-35.246219635009766,20522.80630544161,20487.5600858066,10584771.489459291
1020000,510000.0,-35.246219635009766,20522.806305440918,20487.560085805908,10584771.489458935
1021000,510500.0,-35.246219635009766,20522.806305440234,20487.560085805224,10584771.489458581
1022000,511000.0,-35.246219635009766,20522.80630543954,20487.56008580453,10584771.489458224
1023000,511500.0,-35.246219635009766,20522.806305438848,20487.560085803838,10584771.489457868
1024000,512000.0,-35.246219635009766,20522.80630543817,20487.56008580316,10584771.489457518
1025000,512500.0,-35.246219635009766,20522.806305437483,20487.560085802474,10584771.489457164
1026000,513000.0,-35.246219635009766,20522.806305436792,20487.560085801782,10584771.489456806
1027000,513500.0,-35.246219635009766,20522.8063054361,20487.56008580109,10584771.48945645
1028000,514000.0,-35.246219635009766,20522.80630543541,20487.5600858004,10584771.489456095
1029000,514500.0,-35.246219635009766,20522.806305434726,20487.560085799716,10584771.48945574
1030000,515000.0,-35.246219635009766,20522.806305434042,20487.560085799032,10584771.489455389
1031000,515500.0,-35.246219635009766,20522.806305433343,20487.560085798334,10584771.48945503
1032000,516000.0,-35.246219635009766,20522.80630543266,20487.56008579765,10584771.489454675
1033000,516500.0,-35.246219635009766,20522.806305431972,20487.560085796962,10584771.489454322
1034000,517000.0,-35.246219635009766,20522.806305431277,20487.560085796267,10584771.489453962
1035000,517500.0,-35.246219635009766,20522.806305430593,20487.560085795583,10584771.48945361
1036000,518000.0,-35.246219635009766,20522.806305429916,20487.560085794907,10584771.489453262
1037000,518500.0,-35.246219635009766,20522.806305429236,20487.560085794226,10584771.48945291
1038000,519000.0,-35.246219635009766,20522.806305428556,20487.560085793546,10584771.48945256
1039000,519500.0,-35.246219635009766,20522.806305427875,20487.560085792866,10584771.489452207
1040000,520000.0,-35.246219635009766,20522.8063054272,20487.56008579219,10584771.48945186
1041000,520500.0,-35.246219635009766,20522.806305426515,20487.560085791505,10584771.489451507
1042000,521000.0,-35.246219635009766,20522.806305425835,20487.560085790825,10584771.489451155
1043000,521500.0,-35.246219635009766,20522.806305425165,20487.560085790155,10584771.48945081
1044000,522000.0,-35.246219635009766,20522.806305424485,20487.560085789475,10584771.48945046
1045000,522500.0,-35.246219635009766,20522.80630542381,20487.5600857888,10584771.48945011
1046000,523000.0,-35.246219635009766,20522.80630542296,20487.56008578795,10584771.489449674
1047000,523500.0,-35.246219635009766,20522.806305422047,20487.560085787038,10584771.489449203
1048000,524000.0,-35.246219635009766,20522.80630542113,20487.56008578612,10584771.48944873
1049000,524500.0,-35.246219635009766,20522.806305420214,20487.560085785204,10584771.489448257
1050000,525000.0,-35.246219635009766,20522.806305419293,20487.560085784284,10584771.489447782
1051000,525500.0,-35.246219635009766,20522.806305418377,20487.560085783367,10584771.489447309
1052000,526000.0,-35.246219635009766,20522.80630541746,20487.56008578245,10584771.489446836
1053000,526500.0,-35.246219635009766,20522.80630541654,20487.56008578153,10584771.489446362
1054000,527000.0,-35.246219635009766,20522.806305415626,20487.560085780617,10584771.489445891
1055000,527500.0,-35.246219635009766,20522.806305414706,20487.560085779696,10584771.489445416
1056000,528000.0,-35.246219635009766,20522.806305413793,20487.560085778783,10584771.489444945
1057000,528500.0,-35.246219635009766,20522.806305412872,20487.560085777863,10584771.48944447
1058000,529000.0,-35.246219635009766,20522.806305411952,20487.560085776942,10584771.489443995
1059000,529500.0,-35.246219635009766,20522.806305411035,20487.560085776026,10584771.489443524
1060000,530000.0,-35.246219635009766,20522.80630541012,20487.56008577511,10584771.48944305
1061000,530500.0,-35.246219635009766,20522.8063054092,20487.560085774192,10584771.489442578
1062000,531000.0,-35.246219635009766,20522.80630540829,20487.56008577328,10584771.489442106
1063000,531500.0,-35.246219635009766,20522.806305407375,20487.560085772366,10584771.489441635
1064000,532000.0,-35.246219635009766,20522.80630540645,20487.56008577144,10584771.489441158
1065000,532500.0,-35.246219635009766,20522.80630540553,20487.56008577052,10584771.489440683
1066000,533000.0,-35.246219635009766,20522.80630540462,20487.56008576961,10584771.489440216
1067000,533500.0,-35.246219635009766,20522.806305403705,20487.560085768695,10584771.489439743
1068000,534000.0,-35.246219635009766,20522.806305402784,20487.560085767775,10584771.489439268
1069000,534500.0,-35.246219635009766,20522.806305401868,20487.560085766858,10584771.489438795
1070000,535000.0,-35.246219635009766,20522.806305400947,20487.560085765937,10584771.48943832
1071000,535500.0,-35.246219635009766,20522.806305400027,20487.560085765017,10584771.489437845
1072000,536000.0,-35.246219635009766,20522.806305399114,20487.560085764104,10584771.489437373
1073000,536500.0,-35.246219635009766,20522.8063053982,20487.56008576319,10584771.489436904
1074000,537000.0,-35.246219635009766,20522.80630539728,20487.56008576227,10584771.489436429
1075000,537500.0,-35.246219635009766,20522.80630539636,20487.56008576135,10584771.489435954
1076000,538000.0,-35.246219635009766,20522.80630539544,20487.56008576043,10584771.489435479
1077000,538500.0,-35.246219635009766,20522.806305394526,20487.560085759516,10584771.489435008
1078000,539000.0,-35.246219635009766,20522.806305393613,20487.560085758603,10584771.489434537
1079000,539500.0,-35.246219635009766,20522.80630539269,20487.56008575768,10584771.489434062
1080000,540000.0,-35.246219635009766,20522.806305391776,20487.560085756766,10584771.48943359
1081000,540500.0,-35.246219635009766,20522.806305390863,20487.560085755853,10584771.48943312
1082000,541000.0,-35.246219635009766,20522.80630538994,20487.56008575493,10584771.489432642
1083000,541500.0,-35.246219635009766,20522.806305389026,20487.560085754016,10584771.489432171
1084000,542000.0,-35.246219635009766,20522.80630538811,20487.5600857531,10584771.489431698
1085000,542500.0,-35.246219635009766,20522.806305387192,20487.560085752182,10584771.489431225
1086000,543000.0,-35.246219635009766,20522.806305386275,20487.560085751265,10584771.489430754
1087000,543500.0,-35.246219635009766,20522.806305385362,20487.560085750352,10584771.489430282
1088000,544000.0,-35.246219635009766,20522.80630538445,20487.56008574944,10584771.489429811
1089000,544500.0,-35.246219635009766,20522.80630538353,20487.56008574852,10584771.489429336
1090000,545000.0,-35.246219635009766,20522.806305382615,20487.560085747606,10584771.489428865
1091000,545500.0,-35.246219635009766,20522.806305381706,20487.560085746696,10584771.489428395
1092000,546000.0,-35.246219635009766,20522.80630538079,20487.56008574578,10584771.489427924
1093000,546500.0,-35.246219635009766,20522.806305379876,20487.560085744866,10584771.489427453
1094000,547000.0,-35.246219635009766,20522.806305378956,20487.560085743946,10584771.489426978
1095000,547500.0,-35.246219635009766,20522.80630537804,20487.56008574303,10584771.489426505
1096000,548000.0,-35.246219635009766,20522.806305377133,20487.560085742123,10584771.489426037
1097000,548500.0,-35.246219635009766,20522.806305376216,20487.560085741206,10584771.489425564
1098000,549000.0,-35.246219635009766,20522.8063053753,20487.56008574029,10584771.489425091
1099000,549500.0,-35.246219635009766,20522.806305374383,20487.560085739373,10584771.48942462
1100000,550000.0,-35.246219635009766,20522.806305373462,20487.560085738452,10584771.489424145
1101000,550500.0,-35.246219635009766,20522.806305372535,20487.560085737525,10584771.489423666
1102000,551000.0,-35.246219635009766,20522.80630537162,20487.56008573661,10584771.489423195
1103000,551500.0,-35.246219635009766,20522.806305370694,20487.560085735684,10584771.489422716
1104000,552000.0,-35.246219635009766,20522.806305369777,20487.560085734767,10584771.489422243
1105000,552500.0,-35.246219635009766,20522.80630536885,20487.56008573384,10584771.489421764
1106000,553000.0,-35.246219635009766,20522.80630536793,20487.56008573292,10584771.489421291
1107000,553500.0,-35.246219635009766,20522.806305367005,20487.560085731995,10584771.489420814
1108000,554000.0,-35.246219635009766,20522.80630536608,20487.56008573107,10584771.489420338
1109000,554500.0,-35.246219635009766,20522.806305365164,20487.560085730154,10584771.489419864
1110000,555000.0,-35.246219635009766,20522.80630536424,20487.56008572923,10584771.489419388
1111000,555500.0,-35.246219635009766,20522.806305363316,20487.560085728306,10584771.48941891
1112000,556000.0,-35.246219635009766,20522.806305362392,20487.560085727382,10584771.489418434
1113000,556500.0,-35.246219635009766,20522.80630536146,20487.56008572645,10584771.489417955
1114000,557000.0,-35.246219635009766,20522.806305360544,20487.560085725534,10584771.489417482
1115000,557500.0,-35.246219635009766,20522.80630535962,20487.56008572461,10584771.489417005
1116000,558000.0,-35.246219635009766,20522.806305358692,20487.560085723682,10584771.489416527
1117000,558500.0,-35.246219635009766,20522.806305357775,20487.560085722766,10584771.489416054
1118000,559000.0,-35.246219635009766,20522.806305356848,20487.560085721838,10584771.489415575
1119000,559500.0,-35.246219635009766,20522.806305355916,20487.560085720906,10584771.489415094
1120000,560000.0,-35.246219635009766,20522.806305355,20487.56008571999,10584771.489414623
1121000,560500.0,-35.246219635009766,20522.806305354075,20487.560085719066,10584771.489414146
1122000,561000.0,-35.246219635009766,20522.80630535315,20487.56008571814,10584771.48941367
1123000,561500.0,-35.246219635009766,20522.806305352227,20487.560085717218,10584771.489413192
1124000,562000.0,-35.246219635009766,20522.806305351303,20487.560085716294,10584771.489412716
1125000,562500.0,-35.246219635009766,20522.806305350376,20487.560085715366,10584771.489412237
1126000,563000.0,-35.246219635009766,20522.80630534946,20487.56008571445,10584771.489411764
1127000,563500.0,-35.246219635009766,20522.80630534853,20487.56008571352,10584771.489411285
1128000,564000.0,-35.246219635009766,20522.806305347607,20487.560085712597,10584771.48941081
1129000,564500.0,-35.246219635009766,20522.806305346683,20487.560085711673,10584771.489410333
1130000,565000.0,-35.246219635009766,20522.806305345763,20487.560085710753,10584771.489409858
1131000,565500.0,-35.246219635009766,20522.80630534483,20487.56008570982,10584771.489409378
1132000,566000.0,-35.246219635009766,20522.80630534391,20487.5600857089,10584771.489408903
1133000,566500.0,-35.246219635009766,20522.806305342987,20487.560085707977,10584771.489408426
1134000,567000.0,-35.246219635009766,20522.806305342063,20487.560085707053,10584771.48940795
1135000,567500.0,-35.246219635009766,20522.80630534114,20487.56008570613,10584771.489407474
1136000,568000.0,-35.246219635009766,20522.80630534022,20487.56008570521,10584771.489407
1137000,568500.0,-35.246219635009766,20522.806305339287,20487.560085704277,10584771.489406519
1138000,569000.0,-35.246219635009766,20522.806305338367,20487.560085703357,10584771.489406044
1139000,569500.0,-35.246219635009766,20522.806305337443,20487.560085702433,10584771.489405567
1140000,570000.0,-35.246219635009766,20522.806305336522,20487.560085701512,10584771.489405092
1141000,570500.0,-35.246219635009766,20522.806305335598,20487.56008570059,10584771.489404615
1142000,571000.0,-35.246219635009766,20522.80630533467,20487.56008569966,10584771.489404138
1143000,571500.0,-35.246219635009766,20522.806305333746,20487.560085698737,10584771.489403661
1144000,572000.0,-35.246219635009766,20522.806305332826,20487.560085697816,10584771.489403186
1145000,572500.0,-35.246219635009766,20522.8063053319,20487.56008569689,10584771.489402708
1146000,573000.0,-35.246219635009766,20522.806305330974,20487.560085695965,10584771.48940223
1147000,573500.0,-35.246219635009766,20522.806305330054,20487.560085695044,10584771.489401756
1148000,574000.0,-35.246219635009766,20522.806305329126,20487.560085694116,10584771.489401277
1149000,574500.0,-35.246219635009766,20522.80630532822,20487.56008569321,10584771.489400811
1150000,575000.0,-35.246219635009766,20522.80630532735,20487.56008569234,10584771.489400363
1151000,575500.0,-35.246219635009766,20522.806305326474,20487.560085691464,10584771.48939991
1152000,576000.0,-35.246219635009766,20522.8063053256,20487.56008569059,10584771.48939946
1153000,576500.0,-35.246219635009766,20522.806305324724,20487.560085689714,10584771.489399007
1154000,577000.0,-35.246219635009766,20522.806305323855,20487.560085688845,10584771.48939856
1155000,577500.0,-35.246219635009766,20522.806305322974,20487.560085687965,10584771.489398105
1156000,578000.0,-35.246219635009766,20522.8063053221,20487.56008568709,10584771.489397654
1157000,578500.0,-35.246219635009766,20522.806305321224,20487.560085686215,10584771.489397202
1158000,579000.0,-35.246219635009766,20522.80630532035,20487.56008568534,10584771.489396753
1159000,579500.0,-35.246219635009766,20522.80630531948,20487.56008568447,10584771.489396302
1160000,580000.0,-35.246219635009766,20522.806305318605,20487.560085683595,10584771.489395851
1161000,580500.0,-35.246219635009766,20522.80630531772,20487.56008568271,10584771.489395395
1162000,581000.0,-35.246219635009766,20522.80630531685,20487.560085681842,10584771.489394948
1163000,581500.0,-35.246219635009766,20522.80630531598,20487.56008568097,10584771.489394497
1164000,582000.0,-35.246219635009766,20522.806305315105,20487.560085680096,10584771.489394046
1165000,582500.0,-35.246219635009766,20522.80630531423,20487.56008567922,10584771.489393594
1166000,583000.0,-35.246219635009766,20522.806305313356,20487.560085678346,10584771.489393145
1167000,583500.0,-35.246219635009766,20522.80630531247,20487.56008567746,10584771.489392688
1168000,584000.0,-35.246219635009766,20522.806305311602,20487.560085676592,10584771.48939224
1169000,584500.0,-35.246219635009766,20522.80630531073,20487.56008567572,10584771.489391789
1170000,585000.0,-35.246219635009766,20522.806305309856,20487.560085674846,10584771.489391338
1171000,585500.0,-35.246219635009766,20522.806305309412,20487.560085674402,10584771.48939111
1172000,586000.0,-35.246219635009766,20522.806305309332,20487.560085674322,10584771.489391068
1173000,586500.0,-35.246219635009766,20522.80630530925,20487.56008567424,10584771.489391025
1174000,587000.0,-35.246219635009766,20522.806305309172,20487.560085674162,10584771.489390986
1175000,587500.0,-35.246219635009766,20522.806305309085,20487.560085674075,10584771.489390941
1176000,588000.0,-35.246219635009766,20522.806305309005,20487.560085673995,10584771.4893909
1177000,588500.0,-35.246219635009766,20522.806305308924,20487.560085673915,10584771.48939086
1178000,589000.0,-35.246219635009766,20522.806305308844,20487.560085673835,10584771.489390817
1179000,589500.0,-35.246219635009766,20522.806305308757,20487.560085673747,10584771.489390772
1180000,590000.0,-35.246219635009766,20522.806305308677,20487.560085673667,10584771.48939073
1181000,590500.0,-35.246219635009766,20522.806305308597,20487.560085673587,10584771.48939069
1182000,591000.0,-35.246219635009766,20522.80630530851,20487.5600856735,10584771.489390645
1183000,591500.0,-35.246219635009766,20522.806305308433,20487.560085673424,10584771.489390606
1184000,592000.0,-35.246219635009766,20522.80630530835,20487.56008567334,10584771.489390561
1185000,592500.0,-35.246219635009766,20522.806305308262,20487.560085673253,10584771.489390517
1186000,593000.0,-35.246219635009766,20522.806305308182,20487.560085673173,10584771.489390476
1187000,593500.0,-35.246219635009766,20522.8063053081,20487.56008567309,10584771.489390433
1188000,594000.0,-35.246219635009766,20522.806305308022,20487.560085673013,10584771.489390394
1189000,594500.0,-35.246219635009766,20522.80630530794,20487.56008567293,10584771.48939035
1190000,595000.0,-35.246219635009766,20522.806305307855,20487.560085672845,10584771.489390306
1191000,595500.0,-35.246219635009766,20522.806305307768,20487.560085672758,10584771.489390261
1192000,596000.0,-35.246219635009766,20522.80630530769,20487.56008567268,10584771.489390222
1193000,596500.0,-35.246219635009766,20522.806305307608,20487.560085672598,10584771.48939018
1194000,597000.0,-35.246219635009766,20522.80630530752,20487.56008567251,10584771.489390135
1195000,597500.0,-35.246219635009766,20522.80630530744,20487.56008567243,10584771.489390094
1196000,598000.0,-35.246219635009766,20522.80630530736,20487.56008567235,10584771.489390051
1197000,598500.0,-35.246219635009766,20522.806305307284,20487.560085672274,10584771.489390012
1198000,599000.0,-35.246219635009766,20522.80630530722,20487.56008567221,10584771.489389978
1199000,599500.0,-35.246219635009766,20522.806305307146,20487.560085672136,10584771.489389941
1200000,600000.0,-35.246219635009766,20522.806305307076,20487.560085672067,10584771.489389906
1201000,600500.0,-35.246219635009766,20522.806305307004,20487.560085671994,10584771.489389868
1202000,601000.0,-35.246219635009766,20522.806305306935,20487.560085671925,10584771.489389833
1203000,601500.0,-35.246219635009766,20522.80630530687,20487.56008567186,10584771.489389798
1204000,602000.0,-35.246219635009766,20522.80630530679,20487.56008567178,10584771.489389757
1205000,602500.0,-35.246219635009766,20522.80630530672,20487.56008567171,10584771.489389721
1206000,603000.0,-35.246219635009766,20522.80630530665,20487.56008567164,10584771.489389686
1207000,603500.0,-35.246219635009766,20522.80630530658,20487.560085671572,10584771.48938965
1208000,604000.0,-35.246219635009766,20522.80630530651,20487.5600856715,10584771.489389613
1209000,604500.0,-35.246219635009766,20522.806305306436,20487.560085671426,10584771.489389576
1210000,605000.0,-35.246219635009766,20522.806305306367,20487.560085671357,10584771.489389539
1211000,605500.0,-35.246219635009766,20522.806305306298,20487.560085671288,10584771.489389503
1212000,606000.0,-35.246219635009766,20522.806305306225,20487.560085671215,10584771.489389466
1213000,606500.0,-35.246219635009766,20522.806305306156,20487.560085671146,10584771.48938943
1214000,607000.0,-35.246219635009766,20522.80630530608,20487.56008567107,10584771.489389392
1215000,607500.0,-35.246219635009766,20522.80630530601,20487.560085671,10584771.489389356
1216000,608000.0,-35.246219635009766,20522.806305305934,20487.560085670924,10584771.489389317
1217000,608500.0,-35.246219635009766,20522.806305305865,20487.560085670855,10584771.48938928
1218000,609000.0,-35.246219635009766,20522.80630530579,20487.56008567078,10584771.48938924
1219000,609500.0,-35.246219635009766,20522.806305305716,20487.560085670706,10584771.489389203
1220000,610000.0,-35.246219635009766,20522.806305305643,20487.560085670633,10584771.489389166
1221000,610500.0,-35.246219635009766,20522.806305305574,20487.560085670564,10584771.48938913
1222000,611000.0,-35.246219635009766,20522.806305305505,20487.560085670495,10584771.489389095
1223000,611500.0,-35.246219635009766,20522.806305305425,20487.560085670415,10584771.489389054
1224000,612000.0,-35.246219635009766,20522.806305305352,20487.560085670342,10584771.489389015
1225000,612500.0,-35.246219635009766,20522.806305305283,20487.560085670273,10584771.48938898
1226000,613000.0,-35.246219635009766,20522.80630530521,20487.5600856702,10584771.489388943
1227000,613500.0,-35.246219635009766,20522.806305305137,20487.560085670128,10584771.489388905
1228000,614000.0,-35.246219635009766,20522.80630530506,20487.56008567005,10584771.489388866
1229000,614500.0,-35.246219635009766,20522.806305304992,20487.560085669982,10584771.489388831
1230000,615000.0,-35.246219635009766,20522.80630530492,20487.56008566991,10584771.489388794
1231000,615500.0,-35.246219635009766,20522.806305304846,20487.560085669837,10584771.489388755
1232000,616000.0,-35.246219635009766,20522.806305304777,20487.560085669767,10584771.48938872
1233000,616500.0,-35.246219635009766,20522.8063053047,20487.56008566969,10584771.48938868
1234000,617000.0,-35.246219635009766,20522.806305304628,20487.56008566962,10584771.489388643
1235000,617500.0,-35.246219635009766,20522.80630530456,20487.56008566955,10584771.489388607
1236000,618000.0,-35.246219635009766,20522.806305304486,20487.560085669476,10584771.48938857
1237000,618500.0,-35.246219635009766,20522.806305304413,20487.560085669404,10584771.489388533
1238000,619000.0,-35.246219635009766,20522.806305304337,20487.560085669327,10584771.489388492
1239000,619500.0,-35.246219635009766,20522.806305304264,20487.560085669254,10584771.489388455
1240000,620000.0,-35.246219635009766,20522.806305304195,20487.560085669185,10584771.48938842
1241000,620500.0,-35.246219635009766,20522.80630530412,20487.56008566911,10584771.48938838
1242000,621000.0,-35.246219635009766,20522.806305304046,20487.560085669036,10584771.489388343
1243000,621500.0,-35.246219635009766,20522.806305303977,20487.560085668967,10584771.489388308
1244000,622000.0,-35.246219635009766,20522.806305303904,20487.560085668894,10584771.489388268
1245000,622500.0,-35.246219635009766,20522.80630530383,20487.56008566882,10584771.489388231
1246000,623000.0,-35.246219635009766,20522.80630530376,20487.56008566875,10584771.489388194
1247000,623500.0,-35.246219635009766,20522.806305303686,20487.560085668676,10584771.489388157
1248000,624000.0,-35.246219635009766,20522.806305303613,20487.560085668603,10584771.48938812
1249000,624500.0,-35.246219635009766,20522.80630530354,20487.56008566853,10584771.489388082
1250000,625000.0,-35.246219635009766,20522.806305303468,20487.560085668458,10584771.489388045
1251000,625500.0,-35.246219635009766,20522.8063053034,20487.56008566839,10584771.489388008
1252000,626000.0,-35.246219635009766,20522.80630530332,20487.56008566831,10584771.489387967
1253000,626500.0,-35.246219635009766,20522.80630530325,20487.56008566824,10584771.489387931
1254000,627000.0,-35.246219635009766,20522.806305303176,20487.560085668167,10584771.489387894
1255000,627500.0,-35.246219635009766,20522.806305303107,20487.560085668098,10584771.489387859
1256000,628000.0,-35.246219635009766,20522.80630530303,20487.56008566802,10584771.48938782
1257000,628500.0,-35.246219635009766,20522.80630530296,20487.56008566795,10584771.489387782
1258000,629000.0,-35.246219635009766,20522.80630530289,20487.56008566788,10584771.489387745
1259000,629500.0,-35.246219635009766,20522.806305302816,20487.560085667807,10584771.489387708
1260000,630000.0,-35.246219635009766,20522.806305302744,20487.560085667734,10584771.48938767
1261000,630500.0,-35.246219635009766,20522.80630530267,20487.56008566766,10584771.489387633
1262000,631000.0,-35.246219635009766,20522.806305302598,20487.56008566759,10584771.489387596
1263000,631500.0,-35.246219635009766,20522.806305302525,20487.560085667516,10584771.489387559
1264000,632000.0,-35.246219635009766,20522.806305302453,20487.560085667443,10584771.489387522
1265000,632500.0,-35.246219635009766,20522.806305302383,20487.560085667374,10584771.489387484
1266000,633000.0,-35.246219635009766,20522.806305302303,20487.560085667294,10584771.489387443
1267000,633500.0,-35.246219635009766,20522.80630530223,20487.56008566722,10584771.489387406
1268000,634000.0,-35.246219635009766,20522.80630530216,20487.56008566715,10584771.48938737
1269000,634500.0,-35.246219635009766,20522.80630530209,20487.56008566708,10584771.489387333
1270000,635000.0,-35.246219635009766,20522.80630530202,20487.56008566701,10584771.489387298
1271000,635500.0,-35.246219635009766,20522.806305301943,20487.560085666933,10584771.489387259
1272000,636000.0,-35.246219635009766,20522.80630530187,20487.56008566686,10584771.48938722
1273000,636500.0,-35.246219635009766,20522.8063053018,20487.56008566679,10584771.489387184
1274000,637000.0,-35.246219635009766,20522.80630530173,20487.56008566672,10584771.489387147
1275000,637500.0,-35.246219635009766,20522.80630530166,20487.56008566665,10584771.489387112
1276000,638000.0,-35.246219635009766,20522.806305301583,20487.560085666573,10584771.489387073
1277000,638500.0,-35.246219635009766,20522.806305301514,20487.560085666504,10584771.489387037
1278000,639000.0,-35.246219635009766,20522.806305301445,20487.560085666435,10584771.489387002
1279000,639500.0,-35.246219635009766,20522.806305301365,20487.560085666355,10584771.489386959
1280000,640000.0,-35.246219635009766,20522.806305301296,20487.560085666286,10584771.489386924
1281000,640500.0,-35.246219635009766,20522.806305301223,20487.560085666213,10584771.489386886
1282000,641000.0,-35.246219635009766,20522.80630530115,20487.56008566614,10584771.48938685
1283000,641500.0,-35.246219635009766,20522.80630530108,20487.56008566607,10584771.489386814
1284000,642000.0,-35.246219635009766,20522.80630530101,20487.560085666,10584771.489386776
1285000,642500.0,-35.246219635009766,20522.80630530094,20487.56008566593,10584771.48938674
1286000,643000.0,-35.246219635009766,20522.806305300866,20487.560085665857,10584771.489386702
1287000,643500.0,-35.246219635009766,20522.80630530079,20487.56008566578,10584771.489386663
1288000,644000.0,-35.246219635009766,20522.80630530072,20487.56008566571,10584771.489386627
1289000,644500.0,-35.246219635009766,20522.806305300648,20487.56008566564,10584771.48938659
1290000,645000.0,-35.246219635009766,20522.806305300575,20487.560085665566,10584771.489386553
1291000,645500.0,-35.246219635009766,20522.806305300503,20487.560085665493,10584771.489386516
1292000,646000.0,-35.246219635009766,20522.80630530043,20487.56008566542,10584771.489386477
1293000,646500.0,-35.246219635009766,20522.80630530036,20487.56008566535,10584771.489386441
1294000,647000.0,-35.246219635009766,20522.806305300288,20487.560085665278,10584771.489386404
1295000,647500.0,-35.246219635009766,20522.80630530021,20487.5600856652,10584771.489386365
1296000,648000.0,-35.246219635009766,20522.806305300142,20487.560085665133,10584771.48938633
1297000,648500.0,-35.246219635009766,20522.80630530007,20487.56008566506,10584771.489386292
1298000,649000.0,-35.246219635009766,20522.8063053,20487.56008566499,10584771.489386257
1299000,649500.0,-35.246219635009766,20522.806305299928,20487.560085664918,10584771.489386218
1300000,650000.0,-35.246219635009766,20522.806305299855,20487.560085664845,10584771.48938618
1301000,650500.0,-35.246219635009766,20522.80630529978,20487.56008566477,10584771.489386141
1302000,651000.0,-35.246219635009766,20522.80630529971,20487.5600856647,10584771.489386106
1303000,651500.0,-35.246219635009766,20522.80630529964,20487.56008566463,10584771.48938607
1304000,652000.0,-35.246219635009766,20522.806305299568,20487.560085664558,10584771.489386033
1305000,652500.0,-35.246219635009766,20522.80630529949,20487.56008566448,10584771.489385994
1306000,653000.0,-35.246219635009766,20522.806305299422,20487.560085664412,10584771.489385957
1307000,653500.0,-35.246219635009766,20522.806305299353,20487.560085664343,10584771.489385922
1308000,654000.0,-35.246219635009766,20522.80630529928,20487.56008566427,10584771.489385884
1309000,654500.0,-35.246219635009766,20522.806305299204,20487.560085664194,10584771.489385845
1310000,655000.0,-35.246219635009766,20522.80630529913,20487.56008566412,10584771.489385808
1311000,655500.0,-35.246219635009766,20522.806305299062,20487.560085664052,10584771.489385772
1312000,656000.0,-35.246219635009766,20522.80630529899,20487.56008566398,10584771.489385735
1313000,656500.0,-35.246219635009766,20522.80630529892,20487.56008566391,10584771.489385698
1314000,657000.0,-35.246219635009766,20522.806305298844,20487.560085663834,10584771.489385659
1315000,657500.0,-35.246219635009766,20522.806305298775,20487.560085663765,10584771.489385623
1316000,658000.0,-35.246219635009766,20522.8063052987,20487.560085663692,10584771.489385586
1317000,658500.0,-35.246219635009766,20522.80630529863,20487.56008566362,10584771.489385549
1318000,659000.0,-35.246219635009766,20522.80630529856,20487.56008566355,10584771.489385514
1319000,659500.0,-35.246219635009766,20522.806305298483,20487.560085663474,10584771.489385474
1320000,660000.0,-35.246219635009766,20522.806305298414,20487.560085663405,10584771.489385437
1321000,660500.0,-35.246219635009766,20522.80630529834,20487.560085663332,10584771.4893854
1322000,661000.0,-35.246219635009766,20522.80630529827,20487.56008566326,10584771.489385363
1323000,661500.0,-35.246219635009766,20522.8063052982,20487.56008566319,10584771.489385327
1324000,662000.0,-35.246219635009766,20522.806305298127,20487.560085663117,10584771.48938529
1325000,662500.0,-35.246219635009766,20522.80630529805,20487.56008566304,10584771.489385251
1326000,663000.0,-35.246219635009766,20522.80630529798,20487.56008566297,10584771.489385216
1327000,663500.0,-35.246219635009766,20522.80630529791,20487.5600856629,10584771.489385176
1328000,664000.0,-35.246219635009766,20522.80630529784,20487.56008566283,10584771.489385141
1329000,664500.0,-35.246219635009766,20522.806305297763,20487.560085662753,10584771.489385102
1330000,665000.0,-35.246219635009766,20522.806305297698,20487.560085662688,10584771.489385068
1331000,665500.0,-35.246219635009766,20522.806305297618,20487.560085662608,10584771.489385027
1332000,666000.0,-35.246219635009766,20522.80630529755,20487.56008566254,10584771.489384992
1333000,666500.0,-35.246219635009766,20522.80630529748,20487.56008566247,10584771.489384957
1334000,667000.0,-35.246219635009766,20522.806305297403,20487.560085662393,10584771.489384916
1335000,667500.0,-35.246219635009766,20522.80630529733,20487.56008566232,10584771.489384878
1336000,668000.0,-35.246219635009766,20522.806305297265,20487.560085662255,10584771.489384845
1337000,668500.0,-35.246219635009766,20522.80630529719,20487.56008566218,10584771.489384806
1338000,669000.0,-35.246219635009766,20522.806305297112,20487.560085662102,10584771.489384767
1339000,669500.0,-35.246219635009766,20522.80630529704,20487.56008566203,10584771.48938473
1340000,670000.0,-35.246219635009766,20522.80630529697,20487.56008566196,10584771.489384692
1341000,670500.0,-35.246219635009766,20522.8063052969,20487.56008566189,10584771.489384657
1342000,671000.0,-35.246219635009766,20522.806305296832,20487.560085661822,10584771.489384621
1343000,671500.0,-35.246219635009766,20522.806305296755,20487.560085661746,10584771.489384582
1344000,672000.0,-35.246219635009766,20522.806305296683,20487.560085661673,10584771.489384545
1345000,672500.0,-35.246219635009766,20522.806305296614,20487.560085661604,10584771.48938451
1346000,673000.0,-35.246219635009766,20522.80630529654,20487.56008566153,10584771.489384472
1347000,673500.0,-35.246219635009766,20522.806305296468,20487.56008566146,10584771.489384433
1348000,674000.0,-35.246219635009766,20522.806305296395,20487.560085661386,10584771.489384396
1349000,674500.0,-35.246219635009766,20522.806305296323,20487.560085661313,10584771.489384359
1350000,675000.0,-35.246219635009766,20522.80630529625,20487.56008566124,10584771.489384321
1351000,675500.0,-35.246219635009766,20522.80630529618,20487.56008566117,10584771.489384286
1352000,676000.0,-35.246219635009766,20522.806305296108,20487.560085661098,10584771.489384249
1353000,676500.0,-35.246219635009766,20522.806305296035,20487.560085661025,10584771.489384212
1354000,677000.0,-35.246219635009766,20522.806305295966,20487.560085660956,10584771.489384174
1355000,677500.0,-35.246219635009766,20522.80630529589,20487.56008566088,10584771.489384135
1356000,678000.0,-35.246219635009766,20522.80630529582,20487.56008566081,10584771.4893841
1357000,678500.0,-35.246219635009766,20522.806305295748,20487.560085660738,10584771.489384063
1358000,679000.0,-35.246219635009766,20522.806305295675,20487.560085660665,10584771.489384025
1359000,679500.0,-35.246219635009766,20522.80630529561,20487.5600856606,10584771.489383992
1360000,680000.0,-35.246219635009766,20522.806305295537,20487.560085660527,10584771.489383955
1361000,680500.0,-35.246219635009766,20522.806305295457,20487.560085660447,10584771.489383912
1362000,681000.0,-35.246219635009766,20522.806305295384,20487.560085660374,10584771.489383874
1363000,681500.0,-35.246219635009766,20522.806305295315,20487.560085660305,10584771.48938384
1364000,682000.0,-35.246219635009766,20522.806305295242,20487.560085660232,10584771.489383802
1365000,682500.0,-35.246219635009766,20522.806305295177,20487.560085660167,10584771.489383768
1366000,683000.0,-35.246219635009766,20522.806305295104,20487.560085660094,10584771.489383731
1367000,683500.0,-35.246219635009766,20522.806305295024,20487.560085660014,10584771.48938369
1368000,684000.0,-35.246219635009766,20522.806305294955,20487.560085659945,10584771.489383653
1369000,684500.0,-35.246219635009766,20522.80630529488,20487.56008565987,10584771.489383614
1370000,685000.0,-35.246219635009766,20522.80630529481,20487.5600856598,10584771.489383578
1371000,685500.0,-35.246219635009766,20522.806305294744,20487.560085659734,10584771.489383545
1372000,686000.0,-35.246219635009766,20522.806305294667,20487.560085659657,10584771.489383506
1373000,686500.0,-35.246219635009766,20522.806305294598,20487.56008565959,10584771.48938347
1374000,687000.0,-35.246219635009766,20522.80630529452,20487.560085659512,10584771.489383431
1375000,687500.0,-35.246219635009766,20522.80630529445,20487.56008565944,10584771.489383392
1376000,688000.0,-35.246219635009766,20522.80630529438,20487.56008565937,10584771.489383357
1377000,688500.0,-35.246219635009766,20522.806305294307,20487.560085659297,10584771.48938332
1378000,689000.0,-35.246219635009766,20522.806305294234,20487.560085659225,10584771.489383282
1379000,689500.0,-35.246219635009766,20522.80630529416,20487.56008565915,10584771.489383245
1380000,690000.0,-35.246219635009766,20522.806305294092,20487.560085659083,10584771.48938321
1381000,690500.0,-35.246219635009766,20522.80630529402,20487.56008565901,10584771.489383172
1382000,691000.0,-35.246219635009766,20522.806305293947,20487.560085658937,10584771.489383133
1383000,691500.0,-35.246219635009766,20522.806305293874,20487.560085658864,10584771.489383096
1384000,692000.0,-35.246219635009766,20522.806305293805,20487.560085658795,10584771.48938306
1385000,692500.0,-35.246219635009766,20522.806305293732,20487.560085658723,10584771.489383023
1386000,693000.0,-35.246219635009766,20522.806305293656,20487.560085658646,10584771.489382984
1387000,693500.0,-35.246219635009766,20522.806305293583,20487.560085658573,10584771.489382947
1388000,694000.0,-35.246219635009766,20522.806305293514,20487.560085658504,10584771.489382911
1389000,694500.0,-35.246219635009766,20522.80630529345,20487.56008565844,10584771.489382876
1390000,695000.0,-35.246219635009766,20522.806305293372,20487.560085658362,10584771.489382837
1391000,695500.0,-35.246219635009766,20522.806305293296,20487.560085658286,10584771.489382798
1392000,696000.0,-35.246219635009766,20522.806305293223,20487.560085658213,10584771.48938276
1393000,696500.0,-35.246219635009766,20522.806305293154,20487.560085658144,10584771.489382725
1394000,697000.0,-35.246219635009766,20522.80630529308,20487.56008565807,10584771.489382688
1395000,697500.0,-35.246219635009766,20522.806305293016,20487.560085658006,10584771.489382654
1396000,698000.0,-35.246219635009766,20522.80630529294,20487.56008565793,10584771.489382613
1397000,698500.0,-35.246219635009766,20522.806305292863,20487.560085657853,10584771.489382574
1398000,699000.0,-35.246219635009766,20522.806305292794,20487.560085657784,10584771.489382539
1399000,699500.0,-35.246219635009766,20522.80630529272,20487.56008565771,10584771.489382502
1400000,700000.0,-35.246219635009766,20522.806305292648,20487.56008565764,10584771.489382464
1401000,700500.0,-35.246219635009766,20522.80630529258,20487.56008565757,10584771.489382429
1402000,701000.0,-35.246219635009766,20522.80630529251,20487.5600856575,10584771.489382392
1403000,701500.0,-35.246219635009766,20522.806305292434,20487.560085657424,10584771.489382353
1404000,702000.0,-35.246219635009766,20522.80630529236,20487.56008565735,10584771.489382315
1405000,702500.0,-35.246219635009766,20522.806305292288,20487.56008565728,10584771.489382278
1406000,703000.0,-35.246219635009766,20522.806305292215,20487.560085657205,10584771.48938224
1407000,703500.0,-35.246219635009766,20522.806305292146,20487.560085657136,10584771.489382206
1408000,704000.0,-35.246219635009766,20522.806305292077,20487.560085657067,10584771.48938217
1409000,704500.0,-35.246219635009766,20522.806305292,20487.56008565699,10584771.48938213
1410000,705000.0,-35.246219635009766,20522.806305291928,20487.560085656918,10584771.489382092
1411000,705500.0,-35.246219635009766,20522.80630529186,20487.56008565685,10584771.489382057
1412000,706000.0,-35.246219635009766,20522.806305291782,20487.560085656773,10584771.489382017
1413000,706500.0,-35.246219635009766,20522.806305291713,20487.560085656703,10584771.489381982
1414000,707000.0,-35.246219635009766,20522.806305291644,20487.560085656634,10584771.489381947
1415000,707500.0,-35.246219635009766,20522.806305291568,20487.560085656558,10584771.489381908
1416000,708000.0,-35.246219635009766,20522.806305291495,20487.560085656485,10584771.489381868
1417000,708500.0,-35.246219635009766,20522.806305291422,20487.560085656412,10584771.489381831
1418000,709000.0,-35.246219635009766,20522.806305291353,20487.560085656343,10584771.489381796
1419000,709500.0,-35.246219635009766,20522.806305291288,20487.560085656278,10584771.489381762
1420000,710000.0,-35.246219635009766,20522.806305291208,20487.560085656198,10584771.489381721
1421000,710500.0,-35.246219635009766,20522.806305291135,20487.560085656125,10584771.489381684
1422000,711000.0,-35.246219635009766,20522.806305291062,20487.560085656052,10584771.489381647
1423000,711500.0,-35.246219635009766,20522.806305290993,20487.560085655983,10584771.48938161
1424000,712000.0,-35.246219635009766,20522.80630529092,20487.56008565591,10584771.489381572
1425000,712500.0,-35.246219635009766,20522.80630529085,20487.56008565584,10584771.489381537
1426000,713000.0,-35.246219635009766,20522.80630529078,20487.56008565577,10584771.4893815
1427000,713500.0,-35.246219635009766,20522.806305290702,20487.560085655692,10584771.48938146
1428000,714000.0,-35.246219635009766,20522.806305290633,20487.560085655623,10584771.489381425
1429000,714500.0,-35.246219635009766,20522.80630529056,20487.56008565555,10584771.489381388
1430000,715000.0,-35.246219635009766,20522.806305290484,20487.560085655474,10584771.489381347
1431000,715500.0,-35.246219635009766,20522.806305290418,20487.56008565541,10584771.489381313
1432000,716000.0,-35.246219635009766,20522.80630529035,20487.56008565534,10584771.489381278
1433000,716500.0,-35.246219635009766,20522.806305290276,20487.560085655266,10584771.48938124
1434000,717000.0,-35.246219635009766,20522.806305290193,20487.560085655183,10584771.489381198
1435000,717500.0,-35.246219635009766,20522.806305290123,20487.560085655114,10584771.489381162
1436000,718000.0,-35.246219635009766,20522.806305290054,20487.560085655045,10584771.489381127
1437000,718500.0,-35.246219635009766,20522.806305289985,20487.560085654975,10584771.48938109
1438000,719000.0,-35.246219635009766,20522.806305289916,20487.560085654906,10584771.489381054
1439000,719500.0,-35.246219635009766,20522.80630528984,20487.56008565483,10584771.489381015
1440000,720000.0,-35.246219635009766,20522.806305289767,20487.560085654757,10584771.489380978
1441000,720500.0,-35.246219635009766,20522.806305289698,20487.560085654688,10584771.489380943
1442000,721000.0,-35.246219635009766,20522.806305289618,20487.560085654608,10584771.489380902
1443000,721500.0,-35.246219635009766,20522.806305289552,20487.560085654542,10584771.489380868
1444000,722000.0,-35.246219635009766,20522.80630528948,20487.56008565447,10584771.489380829
1445000,722500.0,-35.246219635009766,20522.80630528941,20487.5600856544,10584771.489380794
1446000,723000.0,-35.246219635009766,20522.806305289334,20487.560085654324,10584771.489380755
1447000,723500.0,-35.246219635009766,20522.80630528926,20487.56008565425,10584771.489380717
1448000,724000.0,-35.246219635009766,20522.806305289192,20487.560085654182,10584771.489380682
1449000,724500.0,-35.246219635009766,20522.80630528912,20487.56008565411,10584771.489380645
1450000,725000.0,-35.246219635009766,20522.806305289047,20487.560085654037,10584771.489380607
1451000,725500.0,-35.246219635009766,20522.806305288977,20487.560085653968,10584771.48938057
1452000,726000.0,-35.246219635009766,20522.8063052889,20487.56008565389,10584771.489380531
1453000,726500.0,-35.246219635009766,20522.806305288832,20487.560085653822,10584771.489380496
1454000,727000.0,-35.246219635009766,20522.806305288756,20487.560085653746,10584771.489380457
1455000,727500.0,-35.246219635009766,20522.806305288686,20487.560085653677,10584771.489380421
1456000,728000.0,-35.246219635009766,20522.806305288617,20487.560085653608,10584771.489380386
1457000,728500.0,-35.246219635009766,20522.806305288545,20487.560085653535,10584771.489380347
1458000,729000.0,-35.246219635009766,20522.806305288468,20487.56008565346,10584771.489380307
1459000,729500.0,-35.246219635009766,20522.806305288395,20487.560085653386,10584771.48938027
1460000,730000.0,-35.246219635009766,20522.806305288323,20487.560085653313,10584771.489380233
1461000,730500.0,-35.246219635009766,20522.806305288257,20487.560085653247,10584771.4893802
1462000,731000.0,-35.246219635009766,20522.806305288184,20487.560085653175,10584771.489380162
1463000,731500.0,-35.246219635009766,20522.80630528811,20487.560085653102,10584771.489380125
1464000,732000.0,-35.246219635009766,20522.806305288035,20487.560085653025,10584771.489380084
1465000,732500.0,-35.246219635009766,20522.806305287962,20487.560085652953,10584771.489380047
1466000,733000.0,-35.246219635009766,20522.806305287893,20487.560085652884,10584771.489380011
1467000,733500.0,-35.246219635009766,20522.806305287824,20487.560085652814,10584771.489379976
1468000,734000.0,-35.246219635009766,20522.806305287748,20487.560085652738,10584771.489379937
1469000,734500.0,-35.246219635009766,20522.80630528768,20487.56008565267,10584771.489379901
1470000,735000.0,-35.246219635009766,20522.806305287606,20487.560085652596,10584771.489379864
1471000,735500.0,-35.246219635009766,20522.806305287533,20487.560085652523,10584771.489379825
1472000,736000.0,-35.246219635009766,20522.806305287457,20487.560085652447,10584771.489379786
1473000,736500.0,-35.246219635009766,20522.806305287388,20487.560085652378,10584771.48937975
1474000,737000.0,-35.246219635009766,20522.80630528732,20487.56008565231,10584771.489379715
1475000,737500.0,-35.246219635009766,20522.806305287246,20487.560085652236,10584771.489379678
1476000,738000.0,-35.246219635009766,20522.806305287173,20487.560085652163,10584771.48937964
1477000,738500.0,-35.246219635009766,20522.8063052871,20487.56008565209,10584771.489379603
1478000,739000.0,-35.246219635009766,20522.806305287027,20487.560085652018,10584771.489379564
1479000,739500.0,-35.246219635009766,20522.80630528696,20487.56008565195,10584771.489379529
1480000,740000.0,-35.246219635009766,20522.806305286886,20487.560085651876,10584771.489379492
1481000,740500.0,-35.246219635009766,20522.806305286813,20487.560085651803,10584771.489379454
1482000,741000.0,-35.246219635009766,20522.806305286736,20487.560085651727,10584771.489379415
1483000,741500.0,-35.246219635009766,20522.806305286667,20487.560085651658,10584771.48937938
1484000,742000.0,-35.246219635009766,20522.8063052866,20487.56008565159,10584771.489379345
1485000,742500.0,-35.246219635009766,20522.806305286525,20487.560085651516,10584771.489379305
1486000,743000.0,-35.246219635009766,20522.806305286453,20487.560085651443,10584771.489379268
1487000,743500.0,-35.246219635009766,20522.80630528638,20487.56008565137,10584771.48937923
1488000,744000.0,-35.246219635009766,20522.806305286304,20487.560085651294,10584771.489379192
1489000,744500.0,-35.246219635009766,20522.806305286234,20487.560085651225,10584771.489379156
1490000,745000.0,-35.246219635009766,20522.80630528616,20487.560085651152,10584771.48937912
1491000,745500.0,-35.246219635009766,20522.806305286096,20487.560085651086,10584771.489379086
1492000,746000.0,-35.246219635009766,20522.806305286023,20487.560085651014,10584771.489379046
1493000,746500.0,-35.246219635009766,20522.806305285954,20487.560085650945,10584771.489379011
1494000,747000.0,-35.246219635009766,20522.806305285874,20487.560085650864,10584771.48937897
1495000,747500.0,-35.246219635009766,20522.806305285805,20487.560085650795,10584771.489378935
1496000,748000.0,-35.246219635009766,20522.806305285736,20487.560085650726,10584771.4893789
1497000,748500.0,-35.246219635009766,20522.806305285667,20487.560085650657,10584771.489378864
1498000,749000.0,-35.246219635009766,20522.806305285594,20487.560085650584,10584771.489378827
1499000,749500.0,-35.246219635009766,20522.806305285525,20487.560085650515,10584771.48937879
1500000,750000.0,-35.246219635009766,20522.806305285452,20487.560085650442,10584771.489378752
1501000,750500.0,-35.246219635009766,20522.806305285376,20487.560085650366,10584771.489378713
1502000,751000.0,-35.246219635009766,20522.806305285307,20487.560085650297,10584771.489378678
1503000,751500.0,-35.246219635009766,20522.806305285238,20487.560085650228,10584771.489378642
1504000,752000.0,-35.246219635009766,20522.80630528517,20487.56008565016,10584771.489378607
1505000,752500.0,-35.246219635009766,20522.806305285096,20487.560085650086,10584771.48937857
1506000,753000.0,-35.246219635009766,20522.806305285023,20487.560085650013,10584771.48937853
1507000,753500.0,-35.246219635009766,20522.80630528495,20487.56008564994,10584771.489378493
1508000,754000.0,-35.246219635009766,20522.806305284877,20487.560085649868,10584771.489378456
1509000,754500.0,-35.246219635009766,20522.806305284812,20487.560085649802,10584771.489378422
1510000,755000.0,-35.246219635009766,20522.80630528474,20487.56008564973,10584771.489378385
1511000,755500.0,-35.246219635009766,20522.806305284666,20487.560085649657,10584771.489378348
1512000,756000.0,-35.246219635009766,20522.806305284594,20487.560085649584,10584771.48937831
1513000,756500.0,-35.246219635009766,20522.806305284525,20487.560085649515,10584771.489378273
1514000,757000.0,-35.246219635009766,20522.80630528445,20487.560085649442,10584771.489378236
1515000,757500.0,-35.246219635009766,20522.806305284383,20487.560085649373,10584771.4893782
1516000,758000.0,-35.246219635009766,20522.80630528431,20487.5600856493,10584771.489378164
1517000,758500.0,-35.246219635009766,20522.80630528424,20487.56008564923,10584771.489378128
1518000,759000.0,-35.246219635009766,20522.806305284164,20487.560085649155,10584771.48937809
1519000,759500.0,-35.246219635009766,20522.806305284095,20487.560085649086,10584771.489378054
1520000,760000.0,-35.246219635009766,20522.806305284023,20487.560085649013,10584771.489378015
1521000,760500.0,-35.246219635009766,20522.806305283957,20487.560085648947,10584771.489377981
1522000,761000.0,-35.246219635009766,20522.806305283888,20487.560085648878,10584771.489377946
1523000,761500.0,-35.246219635009766,20522.80630528381,20487.5600856488,10584771.489377907
1524000,762000.0,-35.246219635009766,20522.806305283735,20487.560085648725,10584771.489377867
1525000,762500.0,-35.246219635009766,20522.806305283666,20487.560085648656,10584771.489377832
1526000,763000.0,-35.246219635009766,20522.806305283597,20487.560085648587,10584771.489377797
1527000,763500.0,-35.246219635009766,20522.806305283528,20487.560085648518,10584771.48937776
1528000,764000.0,-35.246219635009766,20522.806305283455,20487.560085648445,10584771.489377722
1529000,764500.0,-35.246219635009766,20522.806305283386,20487.560085648376,10584771.489377687
1530000,765000.0,-35.246219635009766,20522.806305283306,20487.560085648296,10584771.489377646
1531000,765500.0,-35.246219635009766,20522.806305283237,20487.560085648227,10584771.48937761
1532000,766000.0,-35.246219635009766,20522.806305283168,20487.560085648158,10584771.489377575
1533000,766500.0,-35.246219635009766,20522.8063052831,20487.56008564809,10584771.48937754
1534000,767000.0,-35.246219635009766,20522.80630528303,20487.56008564802,10584771.489377502
1535000,767500.0,-35.246219635009766,20522.806305282957,20487.560085647947,10584771.489377465
1536000,768000.0,-35.246219635009766,20522.806305282884,20487.560085647874,10584771.489377428
1537000,768500.0,-35.246219635009766,20522.80630528281,20487.5600856478,10584771.48937739
1538000,769000.0,-35.246219635009766,20522.80630528274,20487.56008564773,10584771.489377353
1539000,769500.0,-35.246219635009766,20522.806305282673,20487.560085647663,10584771.48937732
1540000,770000.0,-35.246219635009766,20522.8063052826,20487.56008564759,10584771.489377283
1541000,770500.0,-35.246219635009766,20522.806305282527,20487.560085647518,10584771.489377243
1542000,771000.0,-35.246219635009766,20522.806305282455,20487.560085647445,10584771.489377206
1543000,771500.0,-35.246219635009766,20522.806305282385,20487.560085647376,10584771.48937717
1544000,772000.0,-35.246219635009766,20522.806305282313,20487.560085647303,10584771.489377134
1545000,772500.0,-35.246219635009766,20522.80630528224,20487.56008564723,10584771.489377096
1546000,773000.0,-35.246219635009766,20522.80630528217,20487.56008564716,10584771.48937706
1547000,773500.0,-35.246219635009766,20522.8063052821,20487.560085647092,10584771.489377026
1548000,774000.0,-35.246219635009766,20522.80630528203,20487.56008564702,10584771.489376986
1549000,774500.0,-35.246219635009766,20522.806305281956,20487.560085646946,10584771.48937695
1550000,775000.0,-35.246219635009766,20522.806305281883,20487.560085646874,10584771.489376912
1551000,775500.0,-35.246219635009766,20522.806305281818,20487.560085646808,10584771.489376878
1552000,776000.0,-35.246219635009766,20522.80630528175,20487.56008564674,10584771.489376843
1553000,776500.0,-35.246219635009766,20522.80630528167,20487.56008564666,10584771.489376802
1554000,777000.0,-35.246219635009766,20522.8063052816,20487.56008564659,10584771.489376765
1555000,777500.0,-35.246219635009766,20522.806305281527,20487.560085646517,10584771.489376727
1556000,778000.0,-35.246219635009766,20522.806305281458,20487.560085646448,10584771.489376692
1557000,778500.0,-35.246219635009766,20522.80630528139,20487.56008564638,10584771.489376657
1558000,779000.0,-35.246219635009766,20522.806305281316,20487.560085646306,10584771.48937662
1559000,779500.0,-35.246219635009766,20522.806305281247,20487.560085646237,10584771.489376584
1560000,780000.0,-35.246219635009766,20522.806305281174,20487.560085646164,10584771.489376547
1561000,780500.0,-35.246219635009766,20522.806305281098,20487.560085646088,10584771.489376506
1562000,781000.0,-35.246219635009766,20522.80630528103,20487.56008564602,10584771.48937647
1563000,781500.0,-35.246219635009766,20522.80630528096,20487.56008564595,10584771.489376435
1564000,782000.0,-35.246219635009766,20522.80630528089,20487.56008564588,10584771.4893764
1565000,782500.0,-35.246219635009766,20522.806305280817,20487.560085645808,10584771.489376362
1566000,783000.0,-35.246219635009766,20522.806305280745,20487.560085645735,10584771.489376325
1567000,783500.0,-35.246219635009766,20522.80630528067,20487.56008564566,10584771.489376286
1568000,784000.0,-35.246219635009766,20522.8063052806,20487.56008564559,10584771.489376249
1569000,784500.0,-35.246219635009766,20522.806305280534,20487.560085645524,10584771.489376215
1570000,785000.0,-35.246219635009766,20522.80630528046,20487.56008564545,10584771.489376178
1571000,785500.0,-35.246219635009766,20522.80630528039,20487.56008564538,10584771.48937614
1572000,786000.0,-35.246219635009766,20522.80630528032,20487.56008564531,10584771.489376105
1573000,786500.0,-35.246219635009766,20522.806305280243,20487.560085645233,10584771.489376066
1574000,787000.0,-35.246219635009766,20522.806305280174,20487.560085645164,10584771.48937603
1575000,787500.0,-35.246219635009766,20522.8063052801,20487.56008564509,10584771.489375992
1576000,788000.0,-35.246219635009766,20522.80630528003,20487.560085645022,10584771.489375956
1577000,788500.0,-35.246219635009766,20522.806305279963,20487.560085644953,10584771.489375921
1578000,789000.0,-35.246219635009766,20522.80630527989,20487.56008564488,10584771.489375884
1579000,789500.0,-35.246219635009766,20522.806305279813,20487.560085644804,10584771.489375845
1580000,790000.0,-35.246219635009766,20522.806305279744,20487.560085644734,10584771.48937581
1581000,790500.0,-35.246219635009766,20522.80630527968,20487.56008564467,10584771.489375776
1582000,791000.0,-35.246219635009766,20522.806305279606,20487.560085644596,10584771.489375737
1583000,791500.0,-35.246219635009766,20522.80630527953,20487.56008564452,10584771.489375697
1584000,792000.0,-35.246219635009766,20522.80630527946,20487.56008564445,10584771.489375662
1585000,792500.0,-35.246219635009766,20522.806305279388,20487.560085644378,10584771.489375625
1586000,793000.0,-35.246219635009766,20522.806305279315,20487.560085644305,10584771.489375588
1587000,793500.0,-35.246219635009766,20522.80630527925,20487.56008564424,10584771.489375554
1588000,794000.0,-35.246219635009766,20522.806305279177,20487.560085644167,10584771.489375517
1589000,794500.0,-35.246219635009766,20522.806305279108,20487.560085644098,10584771.48937548
1590000,795000.0,-35.246219635009766,20522.806305279035,20487.560085644025,10584771.489375442
1591000,795500.0,-35.246219635009766,20522.80630527896,20487.56008564395,10584771.489375403
1592000,796000.0,-35.246219635009766,20522.806305278886,20487.560085643876,10584771.489375366
1593000,796500.0,-35.246219635009766,20522.80630527882,20487.56008564381,10584771.489375332
1594000,797000.0,-35.246219635009766,20522.80630527875,20487.56008564374,10584771.489375297
1595000,797500.0,-35.246219635009766,20522.80630527868,20487.56008564367,10584771.48937526
1596000,798000.0,-35.246219635009766,20522.806305278606,20487.560085643596,10584771.48937522
1597000,798500.0,-35.246219635009766,20522.80630527853,20487.56008564352,10584771.489375181
1598000,799000.0,-35.246219635009766,20522.80630527846,20487.56008564345,10584771.489375146
1599000,799500.0,-35.246219635009766,20522.80630527839,20487.56008564338,10584771.48937511
1600000,800000.0,-35.246219635009766,20522.80630527832,20487.560085643312,10584771.489375075
1601000,800500.0,-35.246219635009766,20522.80630527825,20487.56008564324,10584771.489375038
1602000,801000.0,-35.246219635009766,20522.80630527818,20487.56008564317,10584771.489375003
1603000,801500.0,-35.246219635009766,20522.806305278107,20487.560085643097,10584771.489374964
1604000,802000.0,-35.246219635009766,20522.806305278034,20487.560085643025,10584771.489374926
1605000,802500.0,-35.246219635009766,20522.806305277965,20487.560085642956,10584771.48937489
1606000,803000.0,-35.246219635009766,20522.806305277896,20487.560085642886,10584771.489374856
1607000,803500.0,-35.246219635009766,20522.806305277827,20487.560085642817,10584771.48937482
1608000,804000.0,-35.246219635009766,20522.806305277758,20487.560085642748,10584771.489374785
1609000,804500.0,-35.246219635009766,20522.80630527769,20487.56008564268,10584771.48937475
1610000,805000.0,-35.246219635009766,20522.806305277623,20487.560085642614,10584771.489374714
1611000,805500.0,-35.246219635009766,20522.806305277558,20487.560085642548,10584771.48937468
1612000,806000.0,-35.246219635009766,20522.80630527749,20487.56008564248,10584771.489374645
1613000,806500.0,-35.246219635009766,20522.806305277416,20487.560085642406,10584771.489374608
1614000,807000.0,-35.246219635009766,20522.806305277354,20487.560085642344,10584771.489374576
1615000,807500.0,-35.246219635009766,20522.806305277285,20487.560085642275,10584771.48937454
1616000,808000.0,-35.246219635009766,20522.806305277216,20487.560085642206,10584771.489374505
1617000,808500.0,-35.246219635009766,20522.806305277154,20487.560085642144,10584771.489374474
1618000,809000.0,-35.246219635009766,20522.80630527708,20487.56008564207,10584771.489374435
1619000,809500.0,-35.246219635009766,20522.806305277012,20487.560085642002,10584771.4893744
1620000,810000.0,-35.246219635009766,20522.806305276947,20487.560085641937,10584771.489374366
1621000,810500.0,-35.246219635009766,20522.806305276878,20487.560085641868,10584771.48937433
1622000,811000.0,-35.246219635009766,20522.80630527681,20487.5600856418,10584771.489374295
1623000,811500.0,-35.246219635009766,20522.806305276743,20487.560085641733,10584771.489374261
1624000,812000.0,-35.246219635009766,20522.806305276677,20487.560085641668,10584771.489374228
1625000,812500.0,-35.246219635009766,20522.80630527661,20487.5600856416,10584771.48937419
1626000,813000.0,-35.246219635009766,20522.806305276543,20487.560085641533,10584771.489374157
1627000,813500.0,-35.246219635009766,20522.80630527647,20487.56008564146,10584771.48937412
1628000,814000.0,-35.246219635009766,20522.806305276405,20487.560085641395,10584771.489374086
1629000,814500.0,-35.246219635009766,20522.80630527634,20487.56008564133,10584771.489374053
1630000,815000.0,-35.246219635009766,20522.80630527627,20487.56008564126,10584771.489374017
1631000,815500.0,-35.246219635009766,20522.8063052762,20487.56008564119,10584771.489373982
1632000,816000.0,-35.246219635009766,20522.806305276135,20487.560085641126,10584771.489373947
1633000,816500.0,-35.246219635009766,20522.806305276066,20487.560085641057,10584771.489373911
1634000,817000.0,-35.246219635009766,20522.806305276,20487.56008564099,10584771.489373878
1635000,817500.0,-35.246219635009766,20522.80630527593,20487.560085640922,10584771.489373842
1636000,818000.0,-35.246219635009766,20522.806305275863,20487.560085640853,10584771.489373807
1637000,818500.0,-35.246219635009766,20522.806305275797,20487.560085640787,10584771.489373773
1638000,819000.0,-35.246219635009766,20522.806305275728,20487.560085640718,10584771.489373738
1639000,819500.0,-35.246219635009766,20522.80630527566,20487.56008564065,10584771.489373703
1640000,820000.0,-35.246219635009766,20522.806305275593,20487.560085640584,10584771.489373667
1641000,820500.0,-35.246219635009766,20522.806305275524,20487.560085640514,10584771.489373632
1642000,821000.0,-35.246219635009766,20522.806305275455,20487.560085640445,10584771.489373596
1643000,821500.0,-35.246219635009766,20522.80630527539,20487.56008564038,10584771.489373563
1644000,822000.0,-35.246219635009766,20522.80630527532,20487.56008564031,10584771.489373527
1645000,822500.0,-35.246219635009766,20522.806305275255,20487.560085640245,10584771.489373494
1646000,823000.0,-35.246219635009766,20522.80630527519,20487.56008564018,10584771.48937346
1647000,823500.0,-35.246219635009766,20522.806305275124,20487.560085640114,10584771.489373425
1648000,824000.0,-35.246219635009766,20522.80630527505,20487.56008564004,10584771.489373388
1649000,824500.0,-35.246219635009766,20522.806305274982,20487.560085639972,10584771.489373352
1650000,825000.0,-35.246219635009766,20522.806305274917,20487.560085639907,10584771.489373319
1651000,825500.0,-35.246219635009766,20522.806305274848,20487.560085639838,10584771.489373283
1652000,826000.0,-35.246219635009766,20522.806305274782,20487.560085639772,10584771.48937325
1653000,826500.0,-35.246219635009766,20522.806305274713,20487.560085639703,10584771.489373215
1654000,827000.0,-35.246219635009766,20522.806305274647,20487.560085639638,10584771.48937318
1655000,827500.0,-35.246219635009766,20522.806305274582,20487.560085639572,10584771.489373146
1656000,828000.0,-35.246219635009766,20522.80630527451,20487.5600856395,10584771.489373108
1657000,828500.0,-35.246219635009766,20522.80630527444,20487.56008563943,10584771.489373073
1658000,829000.0,-35.246219635009766,20522.806305274375,20487.560085639365,10584771.48937304
1659000,829500.0,-35.246219635009766,20522.80630527431,20487.5600856393,10584771.489373006
1660000,830000.0,-35.246219635009766,20522.80630527424,20487.56008563923,10584771.48937297
1661000,830500.0,-35.246219635009766,20522.80630527417,20487.56008563916,10584771.489372935
1662000,831000.0,-35.246219635009766,20522.806305274105,20487.560085639096,10584771.4893729
1663000,831500.0,-35.246219635009766,20522.80630527404,20487.56008563903,10584771.489372866
1664000,832000.0,-35.246219635009766,20522.806305273967,20487.560085638957,10584771.489372829
1665000,832500.0,-35.246219635009766,20522.8063052739,20487.560085638892,10584771.489372795
1666000,833000.0,-35.246219635009766,20522.806305273833,20487.560085638823,10584771.48937276
1667000,833500.0,-35.246219635009766,20522.806305273767,20487.560085638757,10584771.489372727
1668000,834000.0,-35.246219635009766,20522.806305273698,20487.560085638688,10584771.489372691
1669000,834500.0,-35.246219635009766,20522.806305273632,20487.560085638623,10584771.489372656
1670000,835000.0,-35.246219635009766,20522.806305273563,20487.560085638554,10584771.48937262
1671000,835500.0,-35.246219635009766,20522.806305273494,20487.560085638484,10584771.489372585
1672000,836000.0,-35.246219635009766,20522.80630527343,20487.56008563842,10584771.489372551
1673000,836500.0,-35.246219635009766,20522.80630527336,20487.56008563835,10584771.489372516
1674000,837000.0,-35.246219635009766,20522.80630527329,20487.56008563828,10584771.48937248
1675000,837500.0,-35.246219635009766,20522.806305273225,20487.560085638215,10584771.489372447
1676000,838000.0,-35.246219635009766,20522.80630527316,20487.56008563815,10584771.489372412
1677000,838500.0,-35.246219635009766,20522.80630527309,20487.56008563808,10584771.489372376
1678000,839000.0,-35.246219635009766,20522.806305273018,20487.560085638008,10584771.48937234
1679000,839500.0,-35.246219635009766,20522.806305272952,20487.560085637942,10584771.489372306
1680000,840000.0,-35.246219635009766,20522.806305272887,20487.560085637877,10584771.489372272
1681000,840500.0,-35.246219635009766,20522.806305272818,20487.560085637808,10584771.489372237
1682000,841000.0,-35.246219635009766,20522.806305272752,20487.560085637742,10584771.489372203
1683000,841500.0,-35.246219635009766,20522.806305272734,20487.560085637724,10584771.489372194
1684000,842000.0,-35.246219635009766,20522.806305272712,20487.560085637702,10584771.489372183
1685000,842500.0,-35.246219635009766,20522.80630527269,20487.56008563768,10584771.489372171
1686000,843000.0,-35.246219635009766,20522.806305272665,20487.560085637655,10584771.489372157
1687000,843500.0,-35.246219635009766,20522.806305272643,20487.560085637633,10584771.489372145
1688000,844000.0,-35.246219635009766,20522.806305272625,20487.560085637615,10584771.489372136
1689000,844500.0,-35.246219635009766,20522.806305272607,20487.560085637597,10584771.489372127
1690000,845000.0,-35.246219635009766,20522.806305272585,20487.560085637575,10584771.489372116
1691000,845500.0,-35.246219635009766,20522.806305272563,20487.560085637553,10584771.489372104
1692000,846000.0,-35.246219635009766,20522.80630527254,20487.56008563753,10584771.489372093
1693000,846500.0,-35.246219635009766,20522.80630527252,20487.56008563751,10584771.489372082
1694000,847000.0,-35.246219635009766,20522.806305272497,20487.560085637488,10584771.48937207
1695000,847500.0,-35.246219635009766,20522.80630527248,20487.56008563747,10584771.489372062
1696000,848000.0,-35.246219635009766,20522.806305272457,20487.560085637448,10584771.48937205
1697000,848500.0,-35.246219635009766,20522.806305272436,20487.560085637426,10584771.48937204
1698000,849000.0,-35.246219635009766,20522.806305272414,20487.560085637404,10584771.489372028
1699000,849500.0,-35.246219635009766,20522.806305272396,20487.560085637386,10584771.489372019
1700000,850000.0,-35.246219635009766,20522.80630527237,20487.56008563736,10584771.489372006
1701000,850500.0,-35.246219635009766,20522.806305272352,20487.560085637342,10584771.489371996
1702000,851000.0,-35.246219635009766,20522.80630527233,20487.56008563732,10584771.489371985
1703000,851500.0,-35.246219635009766,20522.80630527231,20487.5600856373,10584771.489371974
1704000,852000.0,-35.246219635009766,20522.806305272286,20487.560085637277,10584771.489371963
1705000,852500.0,-35.246219635009766,20522.80630527227,20487.56008563726,10584771.489371954
1706000,853000.0,-35.246219635009766,20522.80630527225,20487.56008563724,10584771.489371944
1707000,853500.0,-35.246219635009766,20522.80630527223,20487.56008563722,10584771.489371933
1708000,854000.0,-35.246219635009766,20522.806305272203,20487.560085637193,10584771.48937192
1709000,854500.0,-35.246219635009766,20522.80630527218,20487.56008563717,10584771.489371907
1710000,855000.0,-35.246219635009766,20522.80630527216,20487.56008563715,10584771.489371896
1711000,855500.0,-35.246219635009766,20522.80630527214,20487.56008563713,10584771.489371886
1712000,856000.0,-35.246219635009766,20522.806305272123,20487.560085637113,10584771.489371877
1713000,856500.0,-35.246219635009766,20522.8063052721,20487.56008563709,10584771.489371866
1714000,857000.0,-35.246219635009766,20522.80630527208,20487.56008563707,10584771.489371855
1715000,857500.0,-35.246219635009766,20522.806305272054,20487.560085637044,10584771.489371842
1716000,858000.0,-35.246219635009766,20522.80630527203,20487.560085637022,10584771.48937183
1717000,858500.0,-35.246219635009766,20522.806305272014,20487.560085637004,10584771.489371821
1718000,859000.0,-35.246219635009766,20522.806305271995,20487.560085636986,10584771.489371812
1719000,859500.0,-35.246219635009766,20522.806305271974,20487.560085636964,10584771.4893718
1720000,860000.0,-35.246219635009766,20522.80630527195,20487.560085636942,10584771.48937179
1721000,860500.0,-35.246219635009766,20522.80630527193,20487.56008563692,10584771.489371778
1722000,861000.0,-35.246219635009766,20522.80630527191,20487.560085636902,10584771.48937177
1723000,861500.0,-35.246219635009766,20522.806305271886,20487.560085636876,10584771.489371756
1724000,862000.0,-35.246219635009766,20522.806305271868,20487.56008563686,10584771.489371747
1725000,862500.0,-35.246219635009766,20522.806305271846,20487.560085636836,10584771.489371736
1726000,863000.0,-35.246219635009766,20522.806305271824,20487.560085636815,10584771.489371724
1727000,863500.0,-35.246219635009766,20522.806305271803,20487.560085636793,10584771.489371713
1728000,864000.0,-35.246219635009766,20522.806305271784,20487.560085636775,10584771.489371704
1729000,864500.0,-35.246219635009766,20522.806305271763,20487.560085636753,10584771.489371693
1730000,865000.0,-35.246219635009766,20522.80630527174,20487.56008563673,10584771.489371682
1731000,865500.0,-35.246219635009766,20522.80630527172,20487.56008563671,10584771.48937167
1732000,866000.0,-35.246219635009766,20522.806305271697,20487.560085636687,10584771.48937166
1733000,866500.0,-35.246219635009766,20522.806305271675,20487.560085636665,10584771.489371646
1734000,867000.0,-35.246219635009766,20522.806305271657,20487.560085636647,10584771.489371637
1735000,867500.0,-35.246219635009766,20522.80630527164,20487.56008563663,10584771.489371628
1736000,868000.0,-35.246219635009766,20522.806305271617,20487.560085636607,10584771.489371616
1737000,868500.0,-35.246219635009766,20522.80630527159,20487.56008563658,10584771.489371603
1738000,869000.0,-35.246219635009766,20522.80630527157,20487.56008563656,10584771.489371592
1739000,869500.0,-35.246219635009766,20522.80630527155,20487.56008563654,10584771.489371583
1740000,870000.0,-35.246219635009766,20522.80630527153,20487.56008563652,10584771.489371572
1741000,870500.0,-35.246219635009766,20522.80630527151,20487.5600856365,10584771.489371562
1742000,871000.0,-35.246219635009766,20522.80630527149,20487.56008563648,10584771.489371551
1743000,871500.0,-35.246219635009766,20522.806305271468,20487.560085636458,10584771.48937154
1744000,872000.0,-35.246219635009766,20522.806305271446,20487.560085636436,10584771.489371529
1745000,872500.0,-35.246219635009766,20522.806305271424,20487.560085636414,10584771.489371518
1746000,873000.0,-35.246219635009766,20522.806305271402,20487.560085636393,10584771.489371506
1747000,873500.0,-35.246219635009766,20522.806305271384,20487.560085636374,10584771.489371497
1748000,874000.0,-35.246219635009766,20522.806305271362,20487.560085636353,10584771.489371486
1749000,874500.0,-35.246219635009766,20522.80630527134,20487.56008563633,10584771.489371475
1750000,875000.0,-35.246219635009766,20522.80630527132,20487.56008563631,10584771.489371464
1751000,875500.0,-35.246219635009766,20522.8063052713,20487.56008563629,10584771.489371454
1752000,876000.0,-35.246219635009766,20522.80630527128,20487.56008563627,10584771.489371443
1753000,876500.0,-35.246219635009766,20522.806305271257,20487.560085636247,10584771.489371432
1754000,877000.0,-35.246219635009766,20522.806305271235,20487.560085636225,10584771.48937142
1755000,877500.0,-35.246219635009766,20522.806305271213,20487.560085636203,10584771.48937141
1756000,878000.0,-35.246219635009766,20522.80630527119,20487.56008563618,10584771.489371397
1757000,878500.0,-35.246219635009766,20522.806305271173,20487.560085636163,10584771.489371387
1758000,879000.0,-35.246219635009766,20522.806305271155,20487.560085636145,10584771.489371378
1759000,879500.0,-35.246219635009766,20522.806305271133,20487.560085636123,10584771.489371367
1760000,880000.0,-35.246219635009766,20522.806305271108,20487.560085636098,10584771.489371354
1761000,880500.0,-35.246219635009766,20522.806305271086,20487.560085636076,10584771.489371343
1762000,881000.0,-35.246219635009766,20522.806305271064,20487.560085636054,10584771.489371331
1763000,881500.0,-35.246219635009766,20522.806305271046,20487.560085636036,10584771.489371322
1764000,882000.0,-35.246219635009766,20522.806305271028,20487.560085636018,10584771.489371313
1765000,882500.0,-35.246219635009766,20522.806305271006,20487.560085635996,10584771.489371302
1766000,883000.0,-35.246219635009766,20522.806305270984,20487.560085635974,10584771.48937129
1767000,883500.0,-35.246219635009766,20522.80630527096,20487.56008563595,10584771.489371277
1768000,884000.0,-35.246219635009766,20522.806305270937,20487.560085635927,10584771.489371266
1769000,884500.0,-35.246219635009766,20522.80630527092,20487.56008563591,10584771.489371257
1770000,885000.0,-35.246219635009766,20522.8063052709,20487.56008563589,10584771.489371248
1771000,885500.0,-35.246219635009766,20522.80630527088,20487.56008563587,10584771.489371236
1772000,886000.0,-35.246219635009766,20522.806305270857,20487.560085635847,10584771.489371225
1773000,886500.0,-35.246219635009766,20522.806305270835,20487.560085635825,10584771.489371214
1774000,887000.0,-35.246219635009766,20522.806305270813,20487.560085635803,10584771.489371203
1775000,887500.0,-35.246219635009766,20522.80630527079,20487.56008563578,10584771.489371192
1776000,888000.0,-35.246219635009766,20522.806305270773,20487.560085635763,10584771.489371182
1777000,888500.0,-35.246219635009766,20522.80630527075,20487.56008563574,10584771.489371171
1778000,889000.0,-35.246219635009766,20522.80630527073,20487.56008563572,10584771.48937116
1779000,889500.0,-35.246219635009766,20522.806305270708,20487.560085635698,10584771.489371149
1780000,890000.0,-35.246219635009766,20522.80630527069,20487.56008563568,10584771.489371138
1781000,890500.0,-35.246219635009766,20522.80630527067,20487.56008563566,10584771.489371128
1782000,891000.0,-35.246219635009766,20522.806305270646,20487.560085635636,10584771.489371115
1783000,891500.0,-35.246219635009766,20522.806305270624,20487.560085635614,10584771.489371104
1784000,892000.0,-35.246219635009766,20522.806305270602,20487.560085635592,10584771.489371093
1785000,892500.0,-35.246219635009766,20522.80630527058,20487.56008563557,10584771.489371082
1786000,893000.0,-35.246219635009766,20522.806305270562,20487.560085635552,10584771.489371073
1787000,893500.0,-35.246219635009766,20522.806305270544,20487.560085635534,10584771.489371063
1788000,894000.0,-35.246219635009766,20522.806305270522,20487.560085635512,10584771.489371052
1789000,894500.0,-35.246219635009766,20522.806305270497,20487.560085635487,10584771.489371039
1790000,895000.0,-35.246219635009766,20522.806305270475,20487.560085635465,10584771.489371028
1791000,895500.0,-35.246219635009766,20522.806305270457,20487.560085635447,10584771.489371018
1792000,896000.0,-35.246219635009766,20522.806305270442,20487.560085635432,10584771.489371011
1793000,896500.0,-35.246219635009766,20522.80630527043,20487.56008563542,10584771.489371005
1794000,897000.0,-35.246219635009766,20522.80630527042,20487.56008563541,10584771.489371
1795000,897500.0,-35.246219635009766,20522.80630527041,20487.5600856354,10584771.489370994
1796000,898000.0,-35.246219635009766,20522.806305270395,20487.560085635385,10584771.489370987
1797000,898500.0,-35.246219635009766,20522.806305270384,20487.560085635374,10584771.489370981
1798000,899000.0,-35.246219635009766,20522.80630527037,20487.56008563536,10584771.489370974
1799000,899500.0,-35.246219635009766,20522.80630527036,20487.56008563535,10584771.489370968
1800000,900000.0,-35.246219635009766,20522.806305270347,20487.560085635338,10584771.489370963
1801000,900500.0,-35.246219635009766,20522.806305270333,20487.560085635323,10584771.489370955
1802000,901000.0,-35.246219635009766,20522.806305270326,20487.560085635316,10584771.489370951
1803000,901500.0,-35.246219635009766,20522.80630527031,20487.5600856353,10584771.489370944
1804000,902000.0,-35.246219635009766,20522.8063052703,20487.56008563529,10584771.489370938
1805000,902500.0,-35.246219635009766,20522.806305270286,20487.560085635276,10584771.489370931
1806000,903000.0,-35.246219635009766,20522.806305270275,20487.560085635265,10584771.489370925
1807000,903500.0,-35.246219635009766,20522.806305270264,20487.560085635254,10584771.48937092
1808000,904000.0,-35.246219635009766,20522.80630527025,20487.56008563524,10584771.489370912
1809000,904500.0,-35.246219635009766,20522.806305270242,20487.560085635232,10584771.489370909
1810000,905000.0,-35.246219635009766,20522.806305270227,20487.560085635218,10584771.489370901
1811000,905500.0,-35.246219635009766,20522.806305270213,20487.560085635203,10584771.489370894
1812000,906000.0,-35.246219635009766,20522.806305270202,20487.560085635192,10584771.489370888
1813000,906500.0,-35.246219635009766,20522.80630527019,20487.56008563518,10584771.48937088
1814000,907000.0,-35.246219635009766,20522.80630527018,20487.56008563517,10584771.489370875
1815000,907500.0,-35.246219635009766,20522.806305270165,20487.560085635156,10584771.489370868
1816000,908000.0,-35.246219635009766,20522.80630527016,20487.56008563515,10584771.489370864
1817000,908500.0,-35.246219635009766,20522.806305270144,20487.560085635134,10584771.489370856
1818000,909000.0,-35.246219635009766,20522.806305270133,20487.560085635123,10584771.48937085
1819000,909500.0,-35.246219635009766,20522.806305270118,20487.56008563511,10584771.489370843
1820000,910000.0,-35.246219635009766,20522.806305270107,20487.560085635097,10584771.489370838
1821000,910500.0,-35.246219635009766,20522.806305270096,20487.560085635087,10584771.489370832
1822000,911000.0,-35.246219635009766,20522.80630527008,20487.560085635072,10584771.489370825
1823000,911500.0,-35.246219635009766,20522.806305270075,20487.560085635065,10584771.489370821
1824000,912000.0,-35.246219635009766,20522.80630527006,20487.56008563505,10584771.489370814
1825000,912500.0,-35.246219635009766,20522.80630527005,20487.56008563504,10584771.489370808
1826000,913000.0,-35.246219635009766,20522.806305270034,20487.560085635025,10584771.4893708
1827000,913500.0,-35.246219635009766,20522.80630527002,20487.56008563501,10584771.489370793
1828000,914000.0,-35.246219635009766,20522.806305270013,20487.560085635003,10584771.48937079
1829000,914500.0,-35.246219635009766,20522.806305269998,20487.56008563499,10584771.489370782
1830000,915000.0,-35.246219635009766,20522.80630526999,20487.56008563498,10584771.489370778
1831000,915500.0,-35.246219635009766,20522.806305269976,20487.560085634967,10584771.48937077
1832000,916000.0,-35.246219635009766,20522.806305269965,20487.560085634956,10584771.489370765
1833000,916500.0,-35.246219635009766,20522.80630526995,20487.56008563494,10584771.489370758
1834000,917000.0,-35.246219635009766,20522.806305269936,20487.560085634927,10584771.48937075
1835000,917500.0,-35.246219635009766,20522.80630526993,20487.56008563492,10584771.489370747
1836000,918000.0,-35.246219635009766,20522.806305269914,20487.560085634905,10584771.48937074
1837000,918500.0,-35.246219635009766,20522.806305269907,20487.560085634897,10584771.489370735
1838000,919000.0,-35.246219635009766,20522.806305269893,20487.560085634883,10584771.489370728
1839000,919500.0,-35.246219635009766,20522.80630526988,20487.560085634872,10584771.489370722
1840000,920000.0,-35.246219635009766,20522.80630526987,20487.56008563486,10584771.489370717
1841000,920500.0,-35.246219635009766,20522.806305269853,20487.560085634843,10584771.489370707
1842000,921000.0,-35.246219635009766,20522.806305269845,20487.560085634836,10584771.489370704
1843000,921500.0,-35.246219635009766,20522.80630526983,20487.56008563482,10584771.489370696
1844000,922000.0,-35.246219635009766,20522.80630526982,20487.56008563481,10584771.48937069
1845000,922500.0,-35.246219635009766,20522.80630526981,20487.5600856348,10584771.489370685
1846000,923000.0,-35.246219635009766,20522.806305269798,20487.56008563479,10584771.48937068
1847000,923500.0,-35.246219635009766,20522.806305269787,20487.560085634777,10584771.489370674
1848000,924000.0,-35.246219635009766,20522.80630526977,20487.56008563476,10584771.489370665
1849000,924500.0,-35.246219635009766,20522.80630526976,20487.560085634752,10584771.48937066
1850000,925000.0,-35.246219635009766,20522.806305269747,20487.560085634737,10584771.489370653
1851000,925500.0,-35.246219635009766,20522.806305269736,20487.560085634726,10584771.489370648
1852000,926000.0,-35.246219635009766,20522.806305269725,20487.560085634716,10584771.489370642
1853000,926500.0,-35.246219635009766,20522.80630526971,20487.5600856347,10584771.489370635
1854000,927000.0,-35.246219635009766,20522.806305269703,20487.560085634694,10584771.48937063
1855000,927500.0,-35.246219635009766,20522.80630526969,20487.56008563468,10584771.489370622
1856000,928000.0,-35.246219635009766,20522.806305269678,20487.56008563467,10584771.489370616
1857000,928500.0,-35.246219635009766,20522.806305269663,20487.560085634654,10584771.489370609
1858000,929000.0,-35.246219635009766,20522.806305269653,20487.560085634643,10584771.489370603
1859000,929500.0,-35.246219635009766,20522.80630526964,20487.560085634632,10584771.489370598
1860000,930000.0,-35.246219635009766,20522.806305269627,20487.560085634617,10584771.48937059
1861000,930500.0,-35.246219635009766,20522.80630526962,20487.56008563461,10584771.489370586
1862000,931000.0,-35.246219635009766,20522.806305269605,20487.560085634595,10584771.489370579
1863000,931500.0,-35.246219635009766,20522.806305269594,20487.560085634585,10584771.489370573
1864000,932000.0,-35.246219635009766,20522.80630526958,20487.56008563457,10584771.489370566
1865000,932500.0,-35.246219635009766,20522.80630526957,20487.56008563456,10584771.48937056
1866000,933000.0,-35.246219635009766,20522.806305269558,20487.560085634548,10584771.489370555
1867000,933500.0,-35.246219635009766,20522.806305269543,20487.560085634534,10584771.489370547
1868000,934000.0,-35.246219635009766,20522.806305269536,20487.560085634526,10584771.489370544
1869000,934500.0,-35.246219635009766,20522.80630526952,20487.56008563451,10584771.489370536
1870000,935000.0,-35.246219635009766,20522.806305269507,20487.560085634497,10584771.489370529
1871000,935500.0,-35.246219635009766,20522.806305269496,20487.560085634486,10584771.489370523
1872000,936000.0,-35.246219635009766,20522.806305269485,20487.560085634475,10584771.489370517
1873000,936500.0,-35.246219635009766,20522.806305269474,20487.560085634464,10584771.489370512
1874000,937000.0,-35.246219635009766,20522.80630526946,20487.56008563445,10584771.489370504
1875000,937500.0,-35.246219635009766,20522.806305269452,20487.560085634443,10584771.4893705
1876000,938000.0,-35.246219635009766,20522.806305269438,20487.560085634428,10584771.489370493
1877000,938500.0,-35.246219635009766,20522.806305269427,20487.560085634417,10584771.489370488
1878000,939000.0,-35.246219635009766,20522.806305269412,20487.560085634403,10584771.48937048
1879000,939500.0,-35.246219635009766,20522.8063052694,20487.56008563439,10584771.489370475
1880000,940000.0,-35.246219635009766,20522.80630526939,20487.56008563438,10584771.489370469
1881000,940500.0,-35.246219635009766,20522.806305269376,20487.560085634366,10584771.489370462
1882000,941000.0,-35.246219635009766,20522.80630526937,20487.56008563436,10584771.489370458
1883000,941500.0,-35.246219635009766,20522.806305269354,20487.560085634344,10584771.48937045
1884000,942000.0,-35.246219635009766,20522.806305269343,20487.560085634334,10584771.489370445
1885000,942500.0,-35.246219635009766,20522.80630526933,20487.56008563432,10584771.489370437
1886000,943000.0,-35.246219635009766,20522.806305269314,20487.560085634304,10584771.48937043
1887000,943500.0,-35.246219635009766,20522.806305269307,20487.560085634297,10584771.489370426
1888000,944000.0,-35.246219635009766,20522.806305269292,20487.560085634283,10584771.489370419
1889000,944500.0,-35.246219635009766,20522.806305269285,20487.560085634275,10584771.489370415
1890000,945000.0,-35.246219635009766,20522.80630526927,20487.56008563426,10584771.489370408
1891000,945500.0,-35.246219635009766,20522.80630526926,20487.56008563425,10584771.489370402
1892000,946000.0,-35.246219635009766,20522.80630526925,20487.56008563424,10584771.489370396
1893000,946500.0,-35.246219635009766,20522.80630526923,20487.56008563422,10584771.489370387
1894000,947000.0,-35.246219635009766,20522.806305269223,20487.560085634213,10584771.489370383
1895000,947500.0,-35.246219635009766,20522.80630526921,20487.5600856342,10584771.489370376
1896000,948000.0,-35.246219635009766,20522.806305269198,20487.560085634188,10584771.489370368
1897000,948500.0,-35.2462158203125,20522.806305269187,20487.560089448874,10584771.489370363
1898000,949000.0,-35.2462158203125,20522.806305269176,20487.560089448863,10584771.489370357
1899000,949500.0,-35.2462158203125,20522.806305269165,20487.560089448853,10584771.489370352
1900000,950000.0,-35.2462158203125,20522.806305269147,20487.560089448834,10584771.489370342
1901000,950500.0,-35.2462158203125,20522.80630526914,20487.560089448827,10584771.489370339
1902000,951000.0,-35.2462158203125,20522.806305269125,20487.560089448813,10584771.489370331
1903000,951500.0,-35.2462158203125,20522.806305269114,20487.5600894488,10584771.489370326
1904000,952000.0,-35.2462158203125,20522.806305269103,20487.56008944879,10584771.48937032
1905000,952500.0,-35.2462158203125,20522.806305269092,20487.56008944878,10584771.489370314
1906000,953000.0,-35.2462158203125,20522.80630526908,20487.56008944877,10584771.489370309
1907000,953500.0,-35.2462158203125,20522.806305269063,20487.56008944875,10584771.4893703
1908000,954000.0,-35.2462158203125,20522.806305269056,20487.560089448743,10584771.489370296
1909000,954500.0,-35.2462158203125,20522.80630526904,20487.56008944873,10584771.489370288
1910000,955000.0,-35.2462158203125,20522.80630526903,20487.560089448718,10584771.489370283
1911000,955500.0,-35.2462158203125,20522.80630526902,20487.560089448707,10584771.489370277
1912000,956000.0,-35.2462158203125,20522.806305269005,20487.560089448692,10584771.48937027
1913000,956500.0,-35.2462158203125,20522.806305268998,20487.560089448685,10584771.489370266
1914000,957000.0,-35.2462158203125,20522.806305268983,20487.56008944867,10584771.489370259
1915000,957500.0,-35.2462158203125,20522.806305268972,20487.56008944866,10584771.489370253
1916000,958000.0,-35.2462158203125,20522.806305268958,20487.560089448645,10584771.489370245
1917000,958500.0,-35.2462158203125,20522.806305268947,20487.560089448634,10584771.48937024
1918000,959000.0,-35.2462158203125,20522.806305268936,20487.560089448623,10584771.489370234
1919000,959500.0,-35.2462158203125,20522.80630526892,20487.56008944861,10584771.489370227
1920000,960000.0,-35.2462158203125,20522.806305268914,20487.5600894486,10584771.489370223
1921000,960500.0,-35.2462158203125,20522.8063052689,20487.560089448587,10584771.489370216
1922000,961000.0,-35.2462158203125,20522.806305268885,20487.560089448572,10584771.489370208
1923000,961500.0,-35.2462158203125,20522.806305268874,20487.56008944856,10584771.489370203
1924000,962000.0,-35.2462158203125,20522.806305268863,20487.56008944855,10584771.489370197
1925000,962500.0,-35.2462158203125,20522.806305268852,20487.56008944854,10584771.489370191
1926000,963000.0,-35.2462158203125,20522.806305268838,20487.560089448525,10584771.489370184
1927000,963500.0,-35.2462158203125,20522.80630526883,20487.560089448518,10584771.48937018
1928000,964000.0,-35.2462158203125,20522.806305268816,20487.560089448503,10584771.489370173
1929000,964500.0,-35.2462158203125,20522.806305268805,20487.560089448492,10584771.489370167
1930000,965000.0,-35.2462158203125,20522.80630526879,20487.560089448478,10584771.48937016
1931000,965500.0,-35.2462158203125,20522.80630526878,20487.560089448467,10584771.489370154
1932000,966000.0,-35.2462158203125,20522.80630526877,20487.560089448456,10584771.489370149
1933000,966500.0,-35.2462158203125,20522.806305268754,20487.56008944844,10584771.489370141
1934000,967000.0,-35.2462158203125,20522.806305268747,20487.560089448434,10584771.489370137
1935000,967500.0,-35.2462158203125,20522.806305268732,20487.56008944842,10584771.48937013
1936000,968000.0,-35.2462158203125,20522.80630526872,20487.56008944841,10584771.489370124
1937000,968500.0,-35.2462158203125,20522.806305268707,20487.560089448394,10584771.489370115
1938000,969000.0,-35.2462158203125,20522.806305268692,20487.56008944838,10584771.489370108
1939000,969500.0,-35.2462158203125,20522.806305268685,20487.560089448372,10584771.489370104
1940000,970000.0,-35.2462158203125,20522.80630526867,20487.560089448358,10584771.489370096
1941000,970500.0,-35.2462158203125,20522.806305268663,20487.56008944835,10584771.489370093
1942000,971000.0,-35.2462158203125,20522.80630526865,20487.560089448336,10584771.489370085
1943000,971500.0,-35.2462158203125,20522.806305268638,20487.560089448325,10584771.48937008
1944000,972000.0,-35.2462158203125,20522.806305268623,20487.56008944831,10584771.489370072
1945000,972500.0,-35.2462158203125,20522.80630526861,20487.560089448296,10584771.489370065
1946000,973000.0,-35.2462158203125,20522.8063052686,20487.56008944829,10584771.489370061
1947000,973500.0,-35.2462158203125,20522.806305268587,20487.560089448274,10584771.489370054
1948000,974000.0,-35.2462158203125,20522.80630526858,20487.560089448267,10584771.48937005
1949000,974500.0,-35.2462158203125,20522.806305268565,20487.560089448252,10584771.489370042
1950000,975000.0,-35.2462158203125,20522.806305268554,20487.56008944824,10584771.489370037
1951000,975500.0,-35.2462158203125,20522.806305268543,20487.56008944823,10584771.489370031
1952000,976000.0,-35.2462158203125,20522.806305268525,20487.560089448212,10584771.489370022
1953000,976500.0,-35.2462158203125,20522.806305268517,20487.560089448205,10584771.489370018
1954000,977000.0,-35.2462158203125,20522.806305268503,20487.56008944819,10584771.48937001
1955000,977500.0,-35.2462158203125,20522.806305268492,20487.56008944818,10584771.489370005
1956000,978000.0,-35.2462158203125,20522.80630526848,20487.56008944817,10584771.48937
1957000,978500.0,-35.2462158203125,20522.80630526847,20487.560089448158,10584771.489369994
1958000,979000.0,-35.2462158203125,20522.80630526846,20487.560089448147,10584771.489369988
1959000,979500.0,-35.2462158203125,20522.80630526844,20487.56008944813,10584771.48936998
1960000,980000.0,-35.2462158203125,20522.806305268434,20487.56008944812,10584771.489369975
1961000,980500.0,-35.2462158203125,20522.80630526842,20487.560089448107,10584771.489369968
1962000,981000.0,-35.2462158203125,20522.80630526841,20487.560089448096,10584771.489369962
1963000,981500.0,-35.2462158203125,20522.806305268397,20487.560089448085,10584771.489369957
1964000,982000.0,-35.2462158203125,20522.806305268383,20487.56008944807,10584771.48936995
1965000,982500.0,-35.2462158203125,20522.806305268376,20487.560089448063,10584771.489369946
1966000,983000.0,-35.2462158203125,20522.80630526836,20487.56008944805,10584771.489369938
1967000,983500.0,-35.2462158203125,20522.80630526835,20487.560089448038,10584771.489369933
1968000,984000.0,-35.2462158203125,20522.806305268336,20487.560089448023,10584771.489369925
1969000,984500.0,-35.2462158203125,20522.806305268325,20487.560089448012,10584771.48936992
1970000,985000.0,-35.2462158203125,20522.806305268314,20487.560089448,10584771.489369914
1971000,985500.0,-35.2462158203125,20522.8063052683,20487.560089447987,10584771.489369906
1972000,986000.0,-35.2462158203125,20522.806305268292,20487.56008944798,10584771.489369903
1973000,986500.0,-35.2462158203125,20522.806305268277,20487.560089447965,10584771.489369895
1974000,987000.0,-35.2462158203125,20522.806305268266,20487.560089447954,10584771.48936989
1975000,987500.0,-35.2462158203125,20522.806305268252,20487.56008944794,10584771.489369882
1976000,988000.0,-35.2462158203125,20522.80630526824,20487.56008944793,10584771.489369877
1977000,988500.0,-35.2462158203125,20522.80630526823,20487.560089447918,10584771.489369871
1978000,989000.0,-35.2462158203125,20522.806305268216,20487.560089447903,10584771.489369862
1979000,989500.0,-35.2462158203125,20522.80630526821,20487.560089447896,10584771.489369858
1980000,990000.0,-35.2462158203125,20522.806305268194,20487.56008944788,10584771.48936985
1981000,990500.0,-35.2462158203125,20522.80630526818,20487.560089447867,10584771.489369843
1982000,991000.0,-35.2462158203125,20522.80630526817,20487.560089447856,10584771.489369838
1983000,991500.0,-35.2462158203125,20522.806305268157,20487.560089447845,10584771.489369832
1984000,992000.0,-35.2462158203125,20522.806305268146,20487.560089447834,10584771.489369826
1985000,992500.0,-35.2462158203125,20522.806305268132,20487.56008944782,10584771.489369819
1986000,993000.0,-35.2462158203125,20522.806305268125,20487.560089447812,10584771.489369815
1987000,993500.0,-35.2462158203125,20522.80630526811,20487.560089447798,10584771.489369808
1988000,994000.0,-35.2462158203125,20522.8063052681,20487.560089447787,10584771.489369802
1989000,994500.0,-35.2462158203125,20522.806305268085,20487.560089447772,10584771.489369795
1990000,995000.0,-35.2462158203125,20522.806305268074,20487.56008944776,10584771.48936979
1991000,995500.0,-35.2462158203125,20522.806305268063,20487.56008944775,10584771.489369784
1992000,996000.0,-35.2462158203125,20522.806305268048,20487.560089447736,10584771.489369776
1993000,996500.0,-35.2462158203125,20522.80630526804,20487.56008944773,10584771.489369772
1994000,997000.0,-35.2462158203125,20522.806305268026,20487.560089447714,10584771.489369765
1995000,997500.0,-35.2462158203125,20522.806305268015,20487.560089447703,10584771.48936976
1996000,998000.0,-35.2462158203125,20522.806305268,20487.56008944769,10584771.489369752
1997000,998500.0,-35.2462158203125,20522.806305267986,20487.560089447674,10584771.489369744
1998000,999000.0,-35.2462158203125,20522.80630526798,20487.560089447667,10584771.48936974
1999000,999500.0,-35.2462158203125,20522.806305267964,20487.560089447652,10584771.489369733
2000000,1000000.0,-35.2462158203125,20522.806305267957,20487.560089447645,10584771.48936973
2001000,1000500.0,-35.2462158203125,20522.806305267943,20487.56008944763,10584771.489369722
2002000,1001000.0,-35.2462158203125,20522.80630526793,20487.56008944762,10584771.489369716
2003000,1001500.0,-35.2462158203125,20522.806305267917,20487.560089447605,10584771.489369709
2004000,1002000.0,-35.2462158203125,20522.806305267903,20487.56008944759,10584771.489369702
2005000,1002500.0,-35.2462158203125,20522.806305267895,20487.560089447583,10584771.489369698
2006000,1003000.0,-35.2462158203125,20522.80630526788,20487.56008944757,10584771.48936969
2007000,1003500.0,-35.2462158203125,20522.80630526787,20487.560089447557,10584771.489369685
2008000,1004000.0,-35.2462158203125,20522.80630526786,20487.560089447546,10584771.48936968
2009000,1004500.0,-35.2462158203125,20522.806305267848,20487.560089447536,10584771.489369674
2010000,1005000.0,-35.2462158203125,20522.806305267837,20487.560089447525,10584771.489369668
2011000,1005500.0,-35.2462158203125,20522.80630526782,20487.560089447506,10584771.489369659
2012000,1006000.0,-35.2462158203125,20522.80630526781,20487.5600894475,10584771.489369655
2013000,1006500.0,-35.2462158203125,20522.806305267797,20487.560089447485,10584771.489369648
2014000,1007000.0,-35.2462158203125,20522.806305267786,20487.560089447474,10584771.489369642
2015000,1007500.0,-35.2462158203125,20522.806305267775,20487.560089447463,10584771.489369636
2016000,1008000.0,-35.2462158203125,20522.806305267764,20487.560089447452,10584771.48936963
2017000,1008500.0,-35.2462158203125,20522.806305267753,20487.56008944744,10584771.489369625
2018000,1009000.0,-35.2462158203125,20522.806305267735,20487.560089447423,10584771.489369616
2019000,1009500.0,-35.2462158203125,20522.806305267728,20487.560089447416,10584771.489369612
2020000,1010000.0,-35.2462158203125,20522.806305267713,20487.5600894474,10584771.489369603
2021000,1010500.0,-35.2462158203125,20522.806305267703,20487.56008944739,10584771.489369597
2022000,1011000.0,-35.2462158203125,20522.80630526769,20487.56008944738,10584771.489369592
2023000,1011500.0,-35.2462158203125,20522.806305267677,20487.560089447365,10584771.489369584
2024000,1012000.0,-35.2462158203125,20522.80630526767,20487.560089447357,10584771.48936958
2025000,1012500.0,-35.2462158203125,20522.806305267655,20487.560089447343,10584771.489369573
2026000,1013000.0,-35.2462158203125,20522.806305267644,20487.560089447332,10584771.489369567
2027000,1013500.0,-35.2462158203125,20522.80630526763,20487.560089447317,10584771.48936956
2028000,1014000.0,-35.2462158203125,20522.80630526762,20487.560089447306,10584771.489369554
2029000,1014500.0,-35.2462158203125,20522.806305267608,20487.560089447295,10584771.489369549
2030000,1015000.0,-35.2462158203125,20522.806305267593,20487.56008944728,10584771.489369541
2031000,1015500.0,-35.2462158203125,20522.806305267586,20487.560089447274,10584771.489369538
2032000,1016000.0,-35.2462158203125,20522.80630526757,20487.56008944726,10584771.48936953
2033000,1016500.0,-35.2462158203125,20522.806305267557,20487.560089447245,10584771.489369523
2034000,1017000.0,-35.2462158203125,20522.806305267546,20487.560089447234,10584771.489369517
2035000,1017500.0,-35.2462158203125,20522.806305267535,20487.560089447223,10584771.489369512
2036000,1018000.0,-35.2462158203125,20522.806305267524,20487.56008944721,10584771.489369506
2037000,1018500.0,-35.2462158203125,20522.80630526751,20487.560089447197,10584771.489369499
2038000,1019000.0,-35.2462158203125,20522.806305267502,20487.56008944719,10584771.489369495
2039000,1019500.0,-35.2462158203125,20522.806305267488,20487.560089447175,10584771.489369487
2040000,1020000.0,-35.2462158203125,20522.806305267473,20487.56008944716,10584771.48936948
2041000,1020500.0,-35.2462158203125,20522.806305267462,20487.56008944715,10584771.489369474
2042000,1021000.0,-35.2462158203125,20522.80630526745,20487.56008944714,10584771.489369469
2043000,1021500.0,-35.2462158203125,20522.80630526744,20487.560089447128,10584771.489369463
2044000,1022000.0,-35.2462158203125,20522.806305267426,20487.560089447114,10584771.489369456
2045000,1022500.0,-35.2462158203125,20522.80630526742,20487.560089447106,10584771.489369452
2046000,1023000.0,-35.2462158203125,20522.806305267404,20487.56008944709,10584771.489369445
2047000,1023500.0,-35.2462158203125,20522.806305267393,20487.56008944708,10584771.489369439
2048000,1024000.0,-35.2462158203125,20522.80630526738,20487.560089447066,10584771.489369432
2049000,1024500.0,-35.2462158203125,20522.806305267364,20487.56008944705,10584771.489369424
2050000,1025000.0,-35.2462158203125,20522.806305267357,20487.560089447044,10584771.48936942
2051000,1025500.0,-35.2462158203125,20522.806305267342,20487.56008944703,10584771.489369413
2052000,1026000.0,-35.2462158203125,20522.806305267335,20487.560089447023,10584771.48936941
2053000,1026500.0,-35.2462158203125,20522.80630526732,20487.560089447008,10584771.489369402
2054000,1027000.0,-35.2462158203125,20522.80630526731,20487.560089446997,10584771.489369396
2055000,1027500.0,-35.2462158203125,20522.806305267295,20487.560089446983,10584771.489369389
2056000,1028000.0,-35.2462158203125,20522.80630526728,20487.560089446968,10584771.489369381
2057000,1028500.0,-35.2462158203125,20522.806305267273,20487.56008944696,10584771.489369377
2058000,1029000.0,-35.2462158203125,20522.80630526726,20487.560089446946,10584771.48936937
2059000,1029500.0,-35.2462158203125,20522.80630526725,20487.56008944694,10584771.489369366
2060000,1030000.0,-35.2462158203125,20522.806305267237,20487.560089446924,10584771.489369359
2061000,1030500.0,-35.2462158203125,20522.806305267226,20487.560089446913,10584771.489369353
2062000,1031000.0,-35.2462158203125,20522.806305267215,20487.560089446903,10584771.489369346
2063000,1031500.0,-35.2462158203125,20522.806305267197,20487.560089446884,10584771.489369337
2064000,1032000.0,-35.2462158203125,20522.80630526719,20487.560089446877,10584771.489369333
2065000,1032500.0,-35.2462158203125,20522.806305267175,20487.560089446863,10584771.489369325
2066000,1033000.0,-35.2462158203125,20522.806305267164,20487.56008944685,10584771.48936932
2067000,1033500.0,-35.2462158203125,20522.806305267153,20487.56008944684,10584771.489369314
2068000,1034000.0,-35.2462158203125,20522.806305267142,20487.56008944683,10584771.489369309
2069000,1034500.0,-35.2462158203125,20522.80630526713,20487.56008944682,10584771.489369303
2070000,1035000.0,-35.2462158203125,20522.806305267113,20487.5600894468,10584771.489369294
2071000,1035500.0,-35.2462158203125,20522.806305267113,20487.5600894468,10584771.489369294
2072000,1036000.0,-35.2462158203125,20522.806305267113,20487.5600894468,10584771.489369294
2073000,1036500.0,-35.2462158203125,20522.806305267113,20487.5600894468,10584771.489369294
2074000,1037000.0,-35.2462158203125,20522.806305267113,20487.5600894468,10584771.489369294
2075000,1037500.0,-35.2462158203125,20522.806305267113,20487.5600894468,10584771.489369294
2076000,1038000.0,-35.2462158203125,20522.806305267113,20487.5600894468,10584771.489369294
2077000,1038500.0,-35.2462158203125,20522.80630526711,20487.560089446797,10584771.489369292
2078000,1039000.0,-35.2462158203125,20522.80630526711,20487.560089446797,10584771.489369292
2079000,1039500.0,-35.2462158203125,20522.80630526711,20487.560089446797,10584771.489369292
2080000,1040000.0,-35.2462158203125,20522.80630526711,20487.560089446797,10584771.489369292
2081000,1040500.0,-35.2462158203125,20522.80630526711,20487.560089446797,10584771.489369292
2082000,1041000.0,-35.2462158203125,20522.80630526711,20487.560089446797,10584771.489369292
2083000,1041500.0,-35.2462158203125,20522.80630526711,20487.560089446797,10584771.489369292
2084000,1042000.0,-35.2462158203125,20522.80630526711,20487.560089446797,10584771.489369292
2085000,1042500.0,-35.2462158203125,20522.806305267106,20487.560089446793,10584771.48936929
2086000,1043000.0,-35.2462158203125,20522.806305267106,20487.560089446793,10584771.48936929
2087000,1043500.0,-35.2462158203125,20522.806305267106,20487.560089446793,10584771.48936929
2088000,1044000.0,-35.2462158203125,20522.806305267106,20487.560089446793,10584771.48936929
2089000,1044500.0,-35.2462158203125,20522.806305267106,20487.560089446793,10584771.48936929
2090000,1045000.0,-35.2462158203125,20522.806305267106,20487.560089446793,10584771.48936929
2091000,1045500.0,-35.2462158203125,20522.806305267106,20487.560089446793,10584771.48936929
2092000,1046000.0,-35.2462158203125,20522.806305267102,20487.56008944679,10584771.489369288
2093000,1046500.0,-35.2462158203125,20522.806305267102,20487.56008944679,10584771.489369288
2094000,1047000.0,-35.2462158203125,20522.806305267102,20487.56008944679,10584771.489369288
2095000,1047500.0,-35.2462158203125,20522.806305267102,20487.56008944679,10584771.489369288
2096000,1048000.0,-35.2462158203125,20522.806305267102,20487.56008944679,10584771.489369288
2097000,1048500.0,-35.2462158203125,20522.806305267102,20487.56008944679,10584771.489369288
2098000,1049000.0,-35.2462158203125,20522.806305267102,20487.56008944679,10584771.489369288
2099000,1049500.0,-35.2462158203125,20522.806305267102,20487.56008944679,10584771.489369288
2100000,1050000.0,-35.2462158203125,20522.8063052671,20487.560089446786,10584771.489369286
2101000,1050500.0,-35.2462158203125,20522.8063052671,20487.560089446786,10584771.489369286
2102000,1051000.0,-35.2462158203125,20522.8063052671,20487.560089446786,10584771.489369286
2103000,1051500.0,-35.2462158203125,20522.8063052671,20487.560089446786,10584771.489369286
2104000,1052000.0,-35.2462158203125,20522.8063052671,20487.560089446786,10584771.489369286
2105000,1052500.0,-35.2462158203125,20522.8063052671,20487.560089446786,10584771.489369286
2106000,1053000.0,-35.2462158203125,20522.8063052671,20487.560089446786,10584771.489369286
2107000,1053500.0,-35.2462158203125,20522.806305267095,20487.560089446783,10584771.489369284
2108000,1054000.0,-35.2462158203125,20522.806305267095,20487.560089446783,10584771.489369284
2109000,1054500.0,-35.2462158203125,20522.806305267095,20487.560089446783,10584771.489369284
2110000,1055000.0,-35.2462158203125,20522.806305267095,20487.560089446783,10584771.489369284
2111000,1055500.0,-35.2462158203125,20522.806305267095,20487.560089446783,10584771.489369284
2112000,1056000.0,-35.2462158203125,20522.806305267095,20487.560089446783,10584771.489369284
2113000,1056500.0,-35.2462158203125,20522.806305267095,20487.560089446783,10584771.489369284
2114000,1057000.0,-35.2462158203125,20522.80630526709,20487.56008944678,10584771.489369282
2115000,1057500.0,-35.2462158203125,20522.80630526709,20487.56008944678,10584771.489369282
2116000,1058000.0,-35.2462158203125,20522.80630526709,20487.56008944678,10584771.489369282
2117000,1058500.0,-35.2462158203125,20522.80630526709,20487.56008944678,10584771.489369282
2118000,1059000.0,-35.2462158203125,20522.80630526709,20487.56008944678,10584771.489369282
2119000,1059500.0,-35.2462158203125,20522.80630526709,20487.56008944678,10584771.489369282
2120000,1060000.0,-35.2462158203125,20522.80630526709,20487.56008944678,10584771.489369282
2121000,1060500.0,-35.2462158203125,20522.80630526709,20487.56008944678,10584771.489369282
2122000,1061000.0,-35.2462158203125,20522.806305267088,20487.560089446775,10584771.48936928
2123000,1061500.0,-35.2462158203125,20522.806305267088,20487.560089446775,10584771.48936928
2124000,1062000.0,-35.2462158203125,20522.806305267088,20487.560089446775,10584771.48936928
2125000,1062500.0,-35.2462158203125,20522.806305267088,20487.560089446775,10584771.48936928
2126000,1063000.0,-35.2462158203125,20522.806305267088,20487.560089446775,10584771.48936928
2127000,1063500.0,-35.2462158203125,20522.806305267088,20487.560089446775,10584771.48936928
2128000,1064000.0,-35.2462158203125,20522.806305267088,20487.560089446775,10584771.48936928
2129000,1064500.0,-35.2462158203125,20522.806305267084,20487.56008944677,10584771.489369279
2130000,1065000.0,-35.2462158203125,20522.806305267084,20487.56008944677,10584771.489369279
2131000,1065500.0,-35.2462158203125,20522.806305267084,20487.56008944677,10584771.489369279
2132000,1066000.0,-35.2462158203125,20522.806305267084,20487.56008944677,10584771.489369279
2133000,1066500.0,-35.2462158203125,20522.806305267084,20487.56008944677,10584771.489369279
2134000,1067000.0,-35.2462158203125,20522.806305267084,20487.56008944677,10584771.489369279
2135000,1067500.0,-35.2462158203125,20522.806305267084,20487.56008944677,10584771.489369279
2136000,1068000.0,-35.2462158203125,20522.80630526708,20487.560089446768,10584771.489369277
2137000,1068500.0,-35.2462158203125,20522.80630526708,20487.560089446768,10584771.489369277
2138000,1069000.0,-35.2462158203125,20522.80630526708,20487.560089446768,10584771.489369277
2139000,1069500.0,-35.2462158203125,20522.80630526708,20487.560089446768,10584771.489369277
2140000,1070000.0,-35.2462158203125,20522.80630526708,20487.560089446768,10584771.489369277
2141000,1070500.0,-35.2462158203125,20522.80630526708,20487.560089446768,10584771.489369277
2142000,1071000.0,-35.2462158203125,20522.80630526708,20487.560089446768,10584771.489369277
2143000,1071500.0,-35.2462158203125,20522.80630526708,20487.560089446768,10584771.489369277
2144000,1072000.0,-35.2462158203125,20522.806305267077,20487.560089446764,10584771.489369275
2145000,1072500.0,-35.2462158203125,20522.806305267077,20487.560089446764,10584771.489369275
2146000,1073000.0,-35.2462158203125,20522.806305267077,20487.560089446764,10584771.489369275
2147000,1073500.0,-35.2462158203125,20522.806305267077,20487.560089446764,10584771.489369275
2148000,1074000.0,-35.2462158203125,20522.806305267077,20487.560089446764,10584771.489369275
2149000,1074500.0,-35.2462158203125,20522.806305267077,20487.560089446764,10584771.489369275
2150000,1075000.0,-35.2462158203125,20522.806305267077,20487.560089446764,10584771.489369275
2151000,1075500.0,-35.2462158203125,20522.806305267073,20487.56008944676,10584771.489369273
2152000,1076000.0,-35.2462158203125,20522.806305267073,20487.56008944676,10584771.489369273
2153000,1076500.0,-35.2462158203125,20522.806305267073,20487.56008944676,10584771.489369273
2154000,1077000.0,-35.2462158203125,20522.806305267073,20487.56008944676,10584771.489369273
2155000,1077500.0,-35.2462158203125,20522.806305267073,20487.56008944676,10584771.489369273
2156000,1078000.0,-35.2462158203125,20522.806305267073,20487.56008944676,10584771.489369273
2157000,1078500.0,-35.2462158203125,20522.806305267073,20487.56008944676,10584771.489369273
2158000,1079000.0,-35.2462158203125,20522.806305267073,20487.56008944676,10584771.489369273
2159000,1079500.0,-35.2462158203125,20522.80630526707,20487.560089446757,10584771.489369271
2160000,1080000.0,-35.2462158203125,20522.80630526707,20487.560089446757,10584771.489369271
2161000,1080500.0,-35.2462158203125,20522.80630526707,20487.560089446757,10584771.489369271
2162000,1081000.0,-35.2462158203125,20522.80630526707,20487.560089446757,10584771.489369271
2163000,1081500.0,-35.2462158203125,20522.80630526707,20487.560089446757,10584771.489369271
2164000,1082000.0,-35.2462158203125,20522.80630526707,20487.560089446757,10584771.489369271
2165000,1082500.0,-35.2462158203125,20522.80630526707,20487.560089446757,10584771.489369271
2166000,1083000.0,-35.2462158203125,20522.806305267066,20487.560089446753,10584771.48936927
2167000,1083500.0,-35.2462158203125,20522.806305267066,20487.560089446753,10584771.48936927
2168000,1084000.0,-35.2462158203125,20522.806305267066,20487.560089446753,10584771.48936927
2169000,1084500.0,-35.2462158203125,20522.806305267066,20487.560089446753,10584771.48936927
2170000,1085000.0,-35.2462158203125,20522.806305267066,20487.560089446753,10584771.48936927
2171000,1085500.0,-35.2462158203125,20522.806305267066,20487.560089446753,10584771.48936927
2172000,1086000.0,-35.2462158203125,20522.806305267066,20487.560089446753,10584771.48936927
2173000,1086500.0,-35.2462158203125,20522.806305267062,20487.56008944675,10584771.489369268
2174000,1087000.0,-35.2462158203125,20522.806305267062,20487.56008944675,10584771.489369268
2175000,1087500.0,-35.2462158203125,20522.806305267062,20487.56008944675,10584771.489369268
2176000,1088000.0,-35.2462158203125,20522.806305267062,20487.56008944675,10584771.489369268
2177000,1088500.0,-35.2462158203125,20522.806305267062,20487.56008944675,10584771.489369268
2178000,1089000.0,-35.2462158203125,20522.806305267062,20487.56008944675,10584771.489369268
2179000,1089500.0,-35.2462158203125,20522.806305267062,20487.56008944675,10584771.489369268
2180000,1090000.0,-35.2462158203125,20522.806305267062,20487.56008944675,10584771.489369268
2181000,1090500.0,-35.2462158203125,20522.80630526706,20487.560089446746,10584771.489369266
2182000,1091000.0,-35.2462158203125,20522.80630526706,20487.560089446746,10584771.489369266
2183000,1091500.0,-35.2462158203125,20522.80630526706,20487.560089446746,10584771.489369266
2184000,1092000.0,-35.2462158203125,20522.80630526706,20487.560089446746,10584771.489369266
2185000,1092500.0,-35.2462158203125,20522.80630526706,20487.560089446746,10584771.489369266
2186000,1093000.0,-35.2462158203125,20522.80630526706,20487.560089446746,10584771.489369266
2187000,1093500.0,-35.2462158203125,20522.80630526706,20487.560089446746,10584771.489369266
2188000,1094000.0,-35.2462158203125,20522.806305267055,20487.560089446742,10584771.489369264
2189000,1094500.0,-35.2462158203125,20522.806305267055,20487.560089446742,10584771.489369264
2190000,1095000.0,-35.2462158203125,20522.806305267055,20487.560089446742,10584771.489369264
2191000,1095500.0,-35.2462158203125,20522.806305267055,20487.560089446742,10584771.489369264
2192000,1096000.0,-35.2462158203125,20522.806305267055,20487.560089446742,10584771.489369264
2193000,1096500.0,-35.2462158203125,20522.806305267055,20487.560089446742,10584771.489369264
2194000,1097000.0,-35.2462158203125,20522.806305267055,20487.560089446742,10584771.489369264
2195000,1097500.0,-35.2462158203125,20522.806305267055,20487.560089446742,10584771.489369264
2196000,1098000.0,-35.2462158203125,20522.80630526705,20487.56008944674,10584771.489369262
2197000,1098500.0,-35.2462158203125,20522.80630526705,20487.56008944674,10584771.489369262
2198000,1099000.0,-35.2462158203125,20522.80630526705,20487.56008944674,10584771.489369262
2199000,1099500.0,-35.2462158203125,20522.80630526705,20487.56008944674,10584771.489369262
2200000,1100000.0,-35.2462158203125,20522.80630526705,20487.56008944674,10584771.489369262
2201000,1100500.0,-35.2462158203125,20522.80630526705,20487.56008944674,10584771.489369262
2202000,1101000.0,-35.2462158203125,20522.80630526705,20487.56008944674,10584771.489369262
2203000,1101500.0,-35.2462158203125,20522.80630526705,20487.56008944674,10584771.489369262
2204000,1102000.0,-35.2462158203125,20522.80630526705,20487.56008944674,10584771.489369262
2205000,1102500.0,-35.2462158203125,20522.80630526705,20487.56008944674,10584771.489369262
2206000,1103000.0,-35.2462158203125,20522.80630526705,20487.56008944674,10584771.489369262
2207000,1103500.0,-35.2462158203125,20522.80630526705,20487.56008944674,10584771.489369262
2208000,1104000.0,-35.2462158203125,20522.80630526705,20487.56008944674,10584771.489369262
2209000,1104500.0,-35.2462158203125,20522.80630526705,20487.56008944674,10584771.489369262
2210000,1105000.0,-35.2462158203125,20522.80630526705,20487.56008944674,10584771.489369262
2211000,1105500.0,-35.2462158203125,20522.80630526705,20487.56008944674,10584771.489369262
2212000,1106000.0,-35.2462158203125,20522.80630526705,20487.56008944674,10584771.489369262
2213000,1106500.0,-35.2462158203125,20522.80630526705,20487.56008944674,10584771.489369262
2214000,1107000.0,-35.2462158203125,20522.80630526705,20487.56008944674,10584771.489369262
2215000,1107500.0,-35.2462158203125,20522.80630526705,20487.56008944674,10584771.489369262
2216000,1108000.0,-35.2462158203125,20522.80630526705,20487.56008944674,10584771.489369262
2217000,1108500.0,-35.2462158203125,20522.80630526705,20487.56008944674,10584771.489369262
2218000,1109000.0,-35.2462158203125,20522.80630526705,20487.56008944674,10584771.489369262
2219000,1109500.0,-35.2462158203125,20522.80630526705,20487.56008944674,10584771.489369262
2220000,1110000.0,-35.2462158203125,20522.80630526705,20487.56008944674,10584771.489369262
2221000,1110500.0,-35.2462158203125,20522.80630526705,20487.56008944674,10584771.489369262
2222000,1111000.0,-35.2462158203125,20522.80630526705,20487.56008944674,10584771.489369262
2223000,1111500.0,-35.2462158203125,20522.80630526705,20487.56008944674,10584771.489369262
2224000,1112000.0,-35.2462158203125,20522.80630526705,20487.56008944674,10584771.489369262
2225000,1112500.0,-35.2462158203125,20522.80630526705,20487.56008944674,10584771.489369262
2226000,1113000.0,-35.2462158203125,20522.80630526705,20487.56008944674,10584771.489369262
2227000,1113500.0,-35.2462158203125,20522.80630526705,20487.56008944674,10584771.489369262
2228000,1114000.0,-35.2462158203125,20522.80630526705,20487.56008944674,10584771.489369262
2229000,1114500.0,-35.2462158203125,20522.80630526705,20487.56008944674,10584771.489369262
2230000,1115000.0,-35.2462158203125,20522.80630526705,20487.56008944674,10584771.489369262
2231000,1115500.0,-35.2462158203125,20522.80630526705,20487.56008944674,10584771.489369262
2232000,1116000.0,-35.2462158203125,20522.80630526705,20487.56008944674,10584771.489369262
2233000,1116500.0,-35.2462158203125,20522.80630526705,20487.56008944674,10584771.489369262
2234000,1117000.0,-35.2462158203125,20522.80630526705,20487.56008944674,10584771.489369262
2235000,1117500.0,-35.2462158203125,20522.80630526705,20487.56008944674,10584771.489369262
2236000,1118000.0,-35.2462158203125,20522.80630526705,20487.56008944674,10584771.489369262
2237000,1118500.0,-35.2462158203125,20522.80630526705,20487.56008944674,10584771.489369262
2238000,1119000.0,-35.2462158203125,20522.80630526705,20487.56008944674,10584771.489369262
2239000,1119500.0,-35.2462158203125,20522.80630526705,20487.56008944674,10584771.489369262
2240000,1120000.0,-35.2462158203125,20522.80630526705,20487.56008944674,10584771.489369262
2241000,1120500.0,-35.2462158203125,20522.80630526705,20487.56008944674,10584771.489369262
2242000,1121000.0,-35.2462158203125,20522.80630526705,20487.56008944674,10584771.489369262
2243000,1121500.0,-35.2462158203125,20522.80630526705,20487.56008944674,10584771.489369262
2244000,1122000.0,-35.2462158203125,20522.80630526705,20487.56008944674,10584771.489369262
2245000,1122500.0,-35.2462158203125,20522.80630526705,20487.56008944674,10584771.489369262
2246000,1123000.0,-35.2462158203125,20522.80630526705,20487.56008944674,10584771.489369262
2247000,1123500.0,-35.2462158203125,20522.80630526705,20487.56008944674,10584771.489369262
2248000,1124000.0,-35.2462158203125,20522.80630526705,20487.56008944674,10584771.489369262
2249000,1124500.0,-35.2462158203125,20522.80630526705,20487.56008944674,10584771.489369262
2250000,1125000.0,-35.2462158203125,20522.80630526705,20487.56008944674,10584771.489369262
2251000,1125500.0,-35.2462158203125,20522.80630526705,20487.56008944674,10584771.489369262
2252000,1126000.0,-35.2462158203125,20522.80630526705,20487.56008944674,10584771.489369262
2253000,1126500.0,-35.2462158203125,20522.80630526705,20487.56008944674,10584771.489369262
2254000,1127000.0,-35.2462158203125,20522.80630526705,20487.56008944674,10584771.489369262
2255000,1127500.0,-35.2462158203125,20522.80630526705,20487.56008944674,10584771.489369262
2256000,1128000.0,-35.2462158203125,20522.80630526705,20487.56008944674,10584771.489369262
2257000,1128500.0,-35.2462158203125,20522.80630526705,20487.56008944674,10584771.489369262
2258000,1129000.0,-35.2462158203125,20522.80630526705,20487.56008944674,10584771.489369262
2259000,1129500.0,-35.2462158203125,20522.80630526705,20487.56008944674,10584771.489369262
2260000,1130000.0,-35.2462158203125,20522.80630526705,20487.56008944674,10584771.489369262
2261000,1130500.0,-35.2462158203125,20522.80630526705,20487.56008944674,10584771.489369262
2262000,1131000.0,-35.2462158203125,20522.80630526705,20487.56008944674,10584771.489369262
2263000,1131500.0,-35.2462158203125,20522.80630526705,20487.56008944674,10584771.489369262
2264000,1132000.0,-35.2462158203125,20522.80630526705,20487.56008944674,10584771.489369262
2265000,1132500.0,-35.2462158203125,20522.80630526705,20487.56008944674,10584771.489369262
2266000,1133000.0,-35.2462158203125,20522.80630526705,20487.56008944674,10584771.489369262
2267000,1133500.0,-35.2462158203125,20522.80630526705,20487.56008944674,10584771.489369262
2268000,1134000.0,-35.2462158203125,20522.80630526705,20487.56008944674,10584771.489369262
2269000,1134500.0,-35.2462158203125,20522.80630526705,20487.56008944674,10584771.489369262
2270000,1135000.0,-35.2462158203125,20522.80630526705,20487.56008944674,10584771.489369262
2271000,1135500.0,-35.2462158203125,20522.80630526705,20487.56008944674,10584771.489369262
2272000,1136000.0,-35.2462158203125,20522.80630526705,20487.56008944674,10584771.489369262
2273000,1136500.0,-35.2462158203125,20522.80630526705,20487.56008944674,10584771.489369262
2274000,1137000.0,-35.2462158203125,20522.80630526705,20487.56008944674,10584771.489369262
2275000,1137500.0,-35.2462158203125,20522.80630526705,20487.56008944674,10584771.489369262
2276000,1138000.0,-35.2462158203125,20522.80630526705,20487.56008944674,10584771.489369262
2277000,1138500.0,-35.2462158203125,20522.80630526705,20487.56008944674,10584771.489369262
2278000,1139000.0,-35.2462158203125,20522.80630526705,20487.56008944674,10584771.489369262
2279000,1139500.0,-35.2462158203125,20522.80630526705,20487.56008944674,10584771.489369262
2280000,1140000.0,-35.2462158203125,20522.80630526705,20487.56008944674,10584771.489369262
2281000,1140500.0,-35.2462158203125,20522.80630526705,20487.56008944674,10584771.489369262
2282000,1141000.0,-35.2462158203125,20522.80630526705,20487.56008944674,10584771.489369262
2283000,1141500.0,-35.2462158203125,20522.80630526705,20487.56008944674,10584771.489369262
2284000,1142000.0,-35.2462158203125,20522.80630526705,20487.56008944674,10584771.489369262
2285000,1142500.0,-35.2462158203125,20522.80630526705,20487.56008944674,10584771.489369262
2286000,1143000.0,-35.2462158203125,20522.80630526705,20487.56008944674,10584771.489369262
2287000,1143500.0,-35.2462158203125,20522.80630526705,20487.56008944674,10584771.489369262
2288000,1144000.0,-35.2462158203125,20522.80630526705,20487.56008944674,10584771.489369262
2289000,1144500.0,-35.2462158203125,20522.80630526705,20487.56008944674,10584771.489369262
2290000,1145000.0,-35.2462158203125,20522.80630526705,20487.56008944674,10584771.489369262
2291000,1145500.0,-35.2462158203125,20522.80630526705,20487.56008944674,10584771.489369262
2292000,1146000.0,-35.2462158203125,20522.80630526705,20487.56008944674,10584771.489369262
2293000,1146500.0,-35.2462158203125,20522.80630526705,20487.56008944674,10584771.489369262
2294000,1147000.0,-35.2462158203125,20522.80630526705,20487.56008944674,10584771.489369262
2295000,1147500.0,-35.2462158203125,20522.80630526705,20487.56008944674,10584771.489369262
2296000,1148000.0,-35.2462158203125,20522.80630526705,20487.56008944674,10584771.489369262
2297000,1148500.0,-35.2462158203125,20522.80630526705,20487.56008944674,10584771.489369262
2298000,1149000.0,-35.2462158203125,20522.80630526705,20487.56008944674,10584771.489369262
2299000,1149500.0,-35.2462158203125,20522.80630526705,20487.56008944674,10584771.489369262
2300000,1150000.0,-35.2462158203125,20522.80630526705,20487.56008944674,10584771.489369262
2301000,1150500.0,-35.2462158203125,20522.80630526705,20487.56008944674,10584771.489369262
2302000,1151000.0,-35.2462158203125,20522.80630526705,20487.56008944674,10584771.489369262
2303000,1151500.0,-35.2462158203125,20522.80630526705,20487.56008944674,10584771.489369262
2304000,1152000.0,-35.2462158203125,20522.80630526705,20487.56008944674,10584771.489369262
2305000,1152500.0,-35.2462158203125,20522.80630526705,20487.56008944674,10584771.489369262
2306000,1153000.0,-35.2462158203125,20522.80630526705,20487.56008944674,10584771.489369262
2307000,1153500.0,-35.2462158203125,20522.80630526705,20487.56008944674,10584771.489369262
2308000,1154000.0,-35.2462158203125,20522.80630526705,20487.56008944674,10584771.489369262
2309000,1154500.0,-35.2462158203125,20522.80630526705,20487.56008944674,10584771.489369262
2310000,1155000.0,-35.2462158203125,20522.80630526705,20487.56008944674,10584771.489369262
2311000,1155500.0,-35.2462158203125,20522.80630526705,20487.56008944674,10584771.489369262
2312000,1156000.0,-35.2462158203125,20522.80630526705,20487.56008944674,10584771.489369262
2313000,1156500.0,-35.2462158203125,20522.80630526705,20487.56008944674,10584771.489369262
2314000,1157000.0,-35.2462158203125,20522.80630526705,20487.56008944674,10584771.489369262
2315000,1157500.0,-35.2462158203125,20522.80630526705,20487.56008944674,10584771.489369262
2316000,1158000.0,-35.2462158203125,20522.80630526705,20487.56008944674,10584771.489369262
2317000,1158500.0,-35.2462158203125,20522.80630526705,20487.56008944674,10584771.489369262
2318000,1159000.0,-35.2462158203125,20522.80630526705,20487.56008944674,10584771.489369262
2319000,1159500.0,-35.2462158203125,20522.80630526705,20487.56008944674,10584771.489369262
2320000,1160000.0,-35.2462158203125,20522.80630526705,20487.56008944674,10584771.489369262
2321000,1160500.0,-35.2462158203125,20522.80630526705,20487.56008944674,10584771.489369262
2322000,1161000.0,-35.2462158203125,20522.80630526705,20487.56008944674,10584771.489369262
2323000,1161500.0,-35.2462158203125,20522.80630526705,20487.56008944674,10584771.489369262
2324000,1162000.0,-35.2462158203125,20522.80630526705,20487.56008944674,10584771.489369262
2325000,1162500.0,-35.2462158203125,20522.80630526705,20487.56008944674,10584771.489369262
2326000,1163000.0,-35.2462158203125,20522.80630526705,20487.56008944674,10584771.489369262
2327000,1163500.0,-35.2462158203125,20522.80630526705,20487.56008944674,10584771.489369262
2328000,1164000.0,-35.2462158203125,20522.80630526705,20487.56008944674,10584771.489369262
2329000,1164500.0,-35.2462158203125,20522.80630526705,20487.56008944674,10584771.489369262
2330000,1165000.0,-35.2462158203125,20522.80630526705,20487.56008944674,10584771.489369262
2331000,1165500.0,-35.2462158203125,20522.80630526705,20487.56008944674,10584771.489369262
2332000,1166000.0,-35.2462158203125,20522.80630526705,20487.56008944674,10584771.489369262
2333000,1166500.0,-35.2462158203125,20522.80630526705,20487.56008944674,10584771.489369262
2334000,1167000.0,-35.2462158203125,20522.80630526705,20487.56008944674,10584771.489369262
2335000,1167500.0,-35.2462158203125,20522.80630526705,20487.56008944674,10584771.489369262
2336000,1168000.0,-35.2462158203125,20522.80630526705,20487.56008944674,10584771.489369262
2337000,1168500.0,-35.2462158203125,20522.80630526705,20487.56008944674,10584771.489369262
2338000,1169000.0,-35.2462158203125,20522.80630526705,20487.56008944674,10584771.489369262
2339000,1169500.0,-35.2462158203125,20522.80630526705,20487.56008944674,10584771.489369262
2340000,1170000.0,-35.2462158203125,20522.80630526705,20487.56008944674,10584771.489369262
2341000,1170500.0,-35.2462158203125,20522.80630526705,20487.56008944674,10584771.489369262
2342000,1171000.0,-35.2462158203125,20522.80630526705,20487.56008944674,10584771.489369262
2343000,1171500.0,-35.2462158203125,20522.80630526705,20487.56008944674,10584771.489369262
2344000,1172000.0,-35.2462158203125,20522.80630526705,20487.56008944674,10584771.489369262
2345000,1172500.0,-35.2462158203125,20522.80630526705,20487.56008944674,10584771.489369262
2346000,1173000.0,-35.2462158203125,20522.80630526705,20487.56008944674,10584771.489369262
2347000,1173500.0,-35.2462158203125,20522.80630526705,20487.56008944674,10584771.489369262
2348000,1174000.0,-35.2462158203125,20522.80630526705,20487.56008944674,10584771.489369262
2349000,1174500.0,-35.2462158203125,20522.80630526705,20487.56008944674,10584771.489369262
2350000,1175000.0,-35.2462158203125,20522.80630526705,20487.56008944674,10584771.489369262
2351000,1175500.0,-35.2462158203125,20522.80630526705,20487.56008944674,10584771.489369262
2352000,1176000.0,-35.2462158203125,20522.80630526705,20487.56008944674,10584771.489369262
2353000,1176500.0,-35.2462158203125,20522.80630526705,20487.56008944674,10584771.489369262
2354000,1177000.0,-35.2462158203125,20522.80630526705,20487.56008944674,10584771.489369262
2355000,1177500.0,-35.2462158203125,20522.80630526705,20487.56008944674,10584771.489369262
2356000,1178000.0,-35.2462158203125,20522.80630526705,20487.56008944674,10584771.489369262
2357000,1178500.0,-35.2462158203125,20522.80630526705,20487.56008944674,10584771.489369262
2358000,1179000.0,-35.2462158203125,20522.80630526705,20487.56008944674,10584771.489369262
2359000,1179500.0,-35.2462158203125,20522.80630526705,20487.56008944674,10584771.489369262
2360000,1180000.0,-35.2462158203125,20522.80630526705,20487.56008944674,10584771.489369262
2361000,1180500.0,-35.2462158203125,20522.80630526705,20487.56008944674,10584771.489369262
2362000,1181000.0,-35.2462158203125,20522.80630526705,20487.56008944674,10584771.489369262
2363000,1181500.0,-35.2462158203125,20522.80630526705,20487.56008944674,10584771.489369262
2364000,1182000.0,-35.2462158203125,20522.80630526705,20487.56008944674,10584771.489369262
2365000,1182500.0,-35.2462158203125,20522.80630526705,20487.56008944674,10584771.489369262
2366000,1183000.0,-35.2462158203125,20522.80630526705,20487.56008944674,10584771.489369262
2367000,1183500.0,-35.2462158203125,20522.80630526705,20487.56008944674,10584771.489369262
2368000,1184000.0,-35.2462158203125,20522.80630526705,20487.56008944674,10584771.489369262
2369000,1184500.0,-35.2462158203125,20522.80630526705,20487.56008944674,10584771.489369262
2370000,1185000.0,-35.2462158203125,20522.80630526705,20487.56008944674,10584771.489369262
2371000,1185500.0,-35.2462158203125,20522.80630526705,20487.56008944674,10584771.489369262
2372000,1186000.0,-35.2462158203125,20522.80630526705,20487.56008944674,10584771.489369262
2373000,1186500.0,-35.2462158203125,20522.80630526705,20487.56008944674,10584771.489369262
2374000,1187000.0,-35.2462158203125,20522.80630526705,20487.56008944674,10584771.489369262
2375000,1187500.0,-35.2462158203125,20522.80630526705,20487.56008944674,10584771.489369262
2376000,1188000.0,-35.2462158203125,20522.80630526705,20487.56008944674,10584771.489369262
2377000,1188500.0,-35.2462158203125,20522.80630526705,20487.56008944674,10584771.489369262
2378000,1189000.0,-35.2462158203125,20522.80630526705,20487.56008944674,10584771.489369262
2379000,1189500.0,-35.2462158203125,20522.80630526705,20487.56008944674,10584771.489369262
2380000,1190000.0,-35.2462158203125,20522.80630526705,20487.56008944674,10584771.489369262
2381000,1190500.0,-35.2462158203125,20522.80630526705,20487.56008944674,10584771.489369262
2382000,1191000.0,-35.2462158203125,20522.80630526705,20487.56008944674,10584771.489369262
2383000,1191500.0,-35.2462158203125,20522.80630526705,20487.56008944674,10584771.489369262
2384000,1192000.0,-35.2462158203125,20522.80630526705,20487.56008944674,10584771.489369262
2385000,1192500.0,-35.2462158203125,20522.80630526705,20487.56008944674,10584771.489369262
2386000,1193000.0,-35.2462158203125,20522.80630526705,20487.56008944674,10584771.489369262
2387000,1193500.0,-35.2462158203125,20522.80630526705,20487.56008944674,10584771.489369262
2388000,1194000.0,-35.2462158203125,20522.80630526705,20487.56008944674,10584771.489369262
2389000,1194500.0,-35.2462158203125,20522.80630526705,20487.56008944674,10584771.489369262
2390000,1195000.0,-35.2462158203125,20522.80630526705,20487.56008944674,10584771.489369262
2391000,1195500.0,-35.2462158203125,20522.80630526705,20487.56008944674,10584771.489369262
2392000,1196000.0,-35.2462158203125,20522.80630526705,20487.56008944674,10584771.489369262
2393000,1196500.0,-35.2462158203125,20522.80630526705,20487.56008944674,10584771.489369262
2394000,1197000.0,-35.2462158203125,20522.80630526705,20487.56008944674,10584771.489369262
2395000,1197500.0,-35.2462158203125,20522.80630526705,20487.56008944674,10584771.489369262
2396000,1198000.0,-35.2462158203125,20522.80630526705,20487.56008944674,10584771.489369262
2397000,1198500.0,-35.2462158203125,20522.80630526705,20487.56008944674,10584771.489369262
2398000,1199000.0,-35.2462158203125,20522.80630526705,20487.56008944674,10584771.489369262
2399000,1199500.0,-35.2462158203125,20522.80630526705,20487.56008944674,10584771.489369262
2400000,1200000.0,-35.2462158203125,20522.80630526705,20487.56008944674,10584771.489369262
2401000,1200500.0,-35.2462158203125,20522.80630526705,20487.56008944674,10584771.489369262
2402000,1201000.0,-35.2462158203125,20522.80630526705,20487.56008944674,10584771.489369262
2403000,1201500.0,-35.2462158203125,20522.80630526705,20487.56008944674,10584771.489369262
2404000,1202000.0,-35.2462158203125,20522.80630526705,20487.56008944674,10584771.489369262
2405000,1202500.0,-35.2462158203125,20522.80630526705,20487.56008944674,10584771.489369262
2406000,1203000.0,-35.2462158203125,20522.80630526705,20487.56008944674,10584771.489369262
2407000,1203500.0,-35.2462158203125,20522.80630526705,20487.56008944674,10584771.489369262
2408000,1204000.0,-35.2462158203125,20522.80630526705,20487.56008944674,10584771.489369262
2409000,1204500.0,-35.2462158203125,20522.80630526705,20487.56008944674,10584771.489369262
2410000,1205000.0,-35.2462158203125,20522.80630526705,20487.56008944674,10584771.489369262
2411000,1205500.0,-35.2462158203125,20522.80630526705,20487.56008944674,10584771.489369262
2412000,1206000.0,-35.2462158203125,20522.80630526705,20487.56008944674,10584771.489369262
2413000,1206500.0,-35.2462158203125,20522.80630526705,20487.56008944674,10584771.489369262
2414000,1207000.0,-35.2462158203125,20522.80630526705,20487.56008944674,10584771.489369262
2415000,1207500.0,-35.2462158203125,20522.80630526705,20487.56008944674,10584771.489369262
2416000,1208000.0,-35.2462158203125,20522.80630526705,20487.56008944674,10584771.489369262
2417000,1208500.0,-35.2462158203125,20522.80630526705,20487.56008944674,10584771.489369262
2418000,1209000.0,-35.2462158203125,20522.80630526705,20487.56008944674,10584771.489369262
2419000,1209500.0,-35.2462158203125,20522.80630526705,20487.56008944674,10584771.489369262
2420000,1210000.0,-35.2462158203125,20522.80630526705,20487.56008944674,10584771.489369262
2421000,1210500.0,-35.2462158203125,20522.80630526705,20487.56008944674,10584771.489369262
2422000,1211000.0,-35.2462158203125,20522.80630526705,20487.56008944674,10584771.489369262
2423000,1211500.0,-35.2462158203125,20522.80630526705,20487.56008944674,10584771.489369262
2424000,1212000.0,-35.2462158203125,20522.80630526705,20487.56008944674,10584771.489369262
2425000,1212500.0,-35.2462158203125,20522.80630526705,20487.56008944674,10584771.489369262
2426000,1213000.0,-35.2462158203125,20522.80630526705,20487.56008944674,10584771.489369262
2427000,1213500.0,-35.2462158203125,20522.80630526705,20487.56008944674,10584771.489369262
2428000,1214000.0,-35.2462158203125,20522.80630526705,20487.56008944674,10584771.489369262
2429000,1214500.0,-35.2462158203125,20522.80630526705,20487.56008944674,10584771.489369262
2430000,1215000.0,-35.2462158203125,20522.80630526705,20487.56008944674,10584771.489369262
2431000,1215500.0,-35.2462158203125,20522.80630526705,20487.56008944674,10584771.489369262
2432000,1216000.0,-35.2462158203125,20522.80630526705,20487.56008944674,10584771.489369262
2433000,1216500.0,-35.2462158203125,20522.80630526705,20487.56008944674,10584771.489369262
2434000,1217000.0,-35.2462158203125,20522.80630526705,20487.56008944674,10584771.489369262
2435000,1217500.0,-35.2462158203125,20522.80630526705,20487.56008944674,10584771.489369262
2436000,1218000.0,-35.2462158203125,20522.80630526705,20487.56008944674,10584771.489369262
2437000,1218500.0,-35.2462158203125,20522.80630526705,20487.56008944674,10584771.489369262
2438000,1219000.0,-35.2462158203125,20522.80630526705,20487.56008944674,10584771.489369262
2439000,1219500.0,-35.2462158203125,20522.80630526705,20487.56008944674,10584771.489369262
2440000,1220000.0,-35.2462158203125,20522.80630526705,20487.56008944674,10584771.489369262
2441000,1220500.0,-35.2462158203125,20522.80630526705,20487.56008944674,10584771.489369262
2442000,1221000.0,-35.2462158203125,20522.80630526705,20487.56008944674,10584771.489369262
2443000,1221500.0,-35.2462158203125,20522.80630526705,20487.56008944674,10584771.489369262
2444000,1222000.0,-35.2462158203125,20522.80630526705,20487.56008944674,10584771.489369262
2445000,1222500.0,-35.2462158203125,20522.80630526705,20487.56008944674,10584771.489369262
2446000,1223000.0,-35.2462158203125,20522.80630526705,20487.56008944674,10584771.489369262
2447000,1223500.0,-35.2462158203125,20522.80630526705,20487.56008944674,10584771.489369262
2448000,1224000.0,-35.2462158203125,20522.80630526705,20487.56008944674,10584771.489369262
2449000,1224500.0,-35.2462158203125,20522.80630526705,20487.56008944674,10584771.489369262
2450000,1225000.0,-35.2462158203125,20522.80630526705,20487.56008944674,10584771.489369262
2451000,1225500.0,-35.2462158203125,20522.80630526705,20487.56008944674,10584771.489369262
2452000,1226000.0,-35.2462158203125,20522.80630526705,20487.56008944674,10584771.489369262
2453000,1226500.0,-35.2462158203125,20522.80630526705,20487.56008944674,10584771.489369262
2454000,1227000.0,-35.2462158203125,20522.80630526705,20487.56008944674,10584771.489369262
2455000,1227500.0,-35.2462158203125,20522.80630526705,20487.56008944674,10584771.489369262
2456000,1228000.0,-35.2462158203125,20522.80630526705,20487.56008944674,10584771.489369262
2457000,1228500.0,-35.2462158203125,20522.80630526705,20487.56008944674,10584771.489369262
2458000,1229000.0,-35.2462158203125,20522.80630526705,20487.56008944674,10584771.489369262
2459000,1229500.0,-35.2462158203125,20522.80630526705,20487.56008944674,10584771.489369262
2460000,1230000.0,-35.2462158203125,20522.80630526705,20487.56008944674,10584771.489369262
2461000,1230500.0,-35.2462158203125,20522.80630526705,20487.56008944674,10584771.489369262
2462000,1231000.0,-35.2462158203125,20522.80630526705,20487.56008944674,10584771.489369262
2463000,1231500.0,-35.2462158203125,20522.80630526705,20487.56008944674,10584771.489369262
2464000,1232000.0,-35.2462158203125,20522.80630526705,20487.56008944674,10584771.489369262
2465000,1232500.0,-35.2462158203125,20522.80630526705,20487.56008944674,10584771.489369262
2466000,1233000.0,-35.2462158203125,20522.80630526705,20487.56008944674,10584771.489369262
2467000,1233500.0,-35.2462158203125,20522.80630526705,20487.56008944674,10584771.489369262
2468000,1234000.0,-35.2462158203125,20522.80630526705,20487.56008944674,10584771.489369262
2469000,1234500.0,-35.2462158203125,20522.80630526705,20487.56008944674,10584771.489369262
2470000,1235000.0,-35.2462158203125,20522.80630526705,20487.56008944674,10584771.489369262
2471000,1235500.0,-35.2462158203125,20522.80630526705,20487.56008944674,10584771.489369262
2472000,1236000.0,-35.2462158203125,20522.80630526705,20487.56008944674,10584771.489369262
2473000,1236500.0,-35.2462158203125,20522.80630526705,20487.56008944674,10584771.489369262
2474000,1237000.0,-35.2462158203125,20522.80630526705,20487.56008944674,10584771.489369262
2475000,1237500.0,-35.2462158203125,20522.80630526705,20487.56008944674,10584771.489369262
2476000,1238000.0,-35.2462158203125,20522.80630526705,20487.56008944674,10584771.489369262
2477000,1238500.0,-35.2462158203125,20522.80630526705,20487.56008944674,10584771.489369262
2478000,1239000.0,-35.2462158203125,20522.80630526705,20487.56008944674,10584771.489369262
2479000,1239500.0,-35.2462158203125,20522.80630526705,20487.56008944674,10584771.489369262
2480000,1240000.0,-35.2462158203125,20522.80630526705,20487.56008944674,10584771.489369262
2481000,1240500.0,-35.2462158203125,20522.80630526705,20487.56008944674,10584771.489369262
2482000,1241000.0,-35.2462158203125,20522.80630526705,20487.56008944674,10584771.489369262
2483000,1241500.0,-35.2462158203125,20522.80630526705,20487.56008944674,10584771.489369262
2484000,1242000.0,-35.2462158203125,20522.80630526705,20487.56008944674,10584771.489369262
2485000,1242500.0,-35.2462158203125,20522.80630526705,20487.56008944674,10584771.489369262
2486000,1243000.0,-35.2462158203125,20522.80630526705,20487.56008944674,10584771.489369262
2487000,1243500.0,-35.2462158203125,20522.80630526705,20487.56008944674,10584771.489369262
2488000,1244000.0,-35.2462158203125,20522.80630526705,20487.56008944674,10584771.489369262
2489000,1244500.0,-35.2462158203125,20522.80630526705,20487.56008944674,10584771.489369262
2490000,1245000.0,-35.2462158203125,20522.80630526705,20487.56008944674,10584771.489369262
2491000,1245500.0,-35.2462158203125,20522.80630526705,20487.56008944674,10584771.489369262
2492000,1246000.0,-35.2462158203125,20522.80630526705,20487.56008944674,10584771.489369262
2493000,1246500.0,-35.2462158203125,20522.80630526705,20487.56008944674,10584771.489369262
2494000,1247000.0,-35.2462158203125,20522.80630526705,20487.56008944674,10584771.489369262
2495000,1247500.0,-35.2462158203125,20522.80630526705,20487.56008944674,10584771.489369262
2496000,1248000.0,-35.2462158203125,20522.80630526705,20487.56008944674,10584771.489369262
2497000,1248500.0,-35.2462158203125,20522.80630526705,20487.56008944674,10584771.489369262
2498000,1249000.0,-35.2462158203125,20522.80630526705,20487.56008944674,10584771.489369262
2499000,1249500.0,-35.2462158203125,20522.80630526705,20487.56008944674,10584771.489369262
2500000,1250000.0,-35.2462158203125,20522.80630526705,20487.56008944674,10584771.489369262
2501000,1250500.0,-35.2462158203125,20522.80630526705,20487.56008944674,10584771.489369262
2502000,1251000.0,-35.2462158203125,20522.80630526705,20487.56008944674,10584771.489369262
2503000,1251500.0,-35.2462158203125,20522.80630526705,20487.56008944674,10584771.489369262
2504000,1252000.0,-35.2462158203125,20522.80630526705,20487.56008944674,10584771.489369262
2505000,1252500.0,-35.2462158203125,20522.80630526705,20487.56008944674,10584771.489369262
2506000,1253000.0,-35.2462158203125,20522.80630526705,20487.56008944674,10584771.489369262
2507000,1253500.0,-35.2462158203125,20522.80630526705,20487.56008944674,10584771.489369262
2508000,1254000.0,-35.2462158203125,20522.80630526705,20487.56008944674,10584771.489369262
2509000,1254500.0,-35.2462158203125,20522.80630526705,20487.56008944674,10584771.489369262
2510000,1255000.0,-35.2462158203125,20522.80630526705,20487.56008944674,10584771.489369262
2511000,1255500.0,-35.2462158203125,20522.80630526705,20487.56008944674,10584771.489369262
2512000,1256000.0,-35.2462158203125,20522.80630526705,20487.56008944674,10584771.489369262
2513000,1256500.0,-35.2462158203125,20522.80630526705,20487.56008944674,10584771.489369262
2514000,1257000.0,-35.2462158203125,20522.80630526705,20487.56008944674,10584771.489369262
2515000,1257500.0,-35.2462158203125,20522.80630526705,20487.56008944674,10584771.489369262
2516000,1258000.0,-35.2462158203125,20522.80630526705,20487.56008944674,10584771.489369262
2517000,1258500.0,-35.2462158203125,20522.80630526705,20487.56008944674,10584771.489369262
2518000,1259000.0,-35.2462158203125,20522.80630526705,20487.56008944674,10584771.489369262
2519000,1259500.0,-35.2462158203125,20522.80630526705,20487.56008944674,10584771.489369262
2520000,1260000.0,-35.2462158203125,20522.80630526705,20487.56008944674,10584771.489369262
2521000,1260500.0,-35.2462158203125,20522.80630526705,20487.56008944674,10584771.489369262
2522000,1261000.0,-35.2462158203125,20522.80630526705,20487.56008944674,10584771.489369262
2523000,1261500.0,-35.2462158203125,20522.80630526705,20487.56008944674,10584771.489369262
2524000,1262000.0,-35.2462158203125,20522.80630526705,20487.56008944674,10584771.489369262
2525000,1262500.0,-35.2462158203125,20522.80630526705,20487.56008944674,10584771.489369262
2526000,1263000.0,-35.2462158203125,20522.80630526705,20487.56008944674,10584771.489369262
2527000,1263500.0,-35.2462158203125,20522.80630526705,20487.56008944674,10584771.489369262
2528000,1264000.0,-35.2462158203125,20522.80630526705,20487.56008944674,10584771.489369262
2529000,1264500.0,-35.2462158203125,20522.80630526705,20487.56008944674,10584771.489369262
2530000,1265000.0,-35.2462158203125,20522.80630526705,20487.56008944674,10584771.489369262
2531000,1265500.0,-35.2462158203125,20522.80630526705,20487.56008944674,10584771.489369262
2532000,1266000.0,-35.2462158203125,20522.80630526705,20487.56008944674,10584771.489369262
2533000,1266500.0,-35.2462158203125,20522.80630526705,20487.56008944674,10584771.489369262
2534000,1267000.0,-35.2462158203125,20522.80630526705,20487.56008944674,10584771.489369262
2535000,1267500.0,-35.2462158203125,20522.80630526705,20487.56008944674,10584771.489369262
2536000,1268000.0,-35.2462158203125,20522.80630526705,20487.56008944674,10584771.489369262
2537000,1268500.0,-35.2462158203125,20522.80630526705,20487.56008944674,10584771.489369262
2538000,1269000.0,-35.2462158203125,20522.80630526705,20487.56008944674,10584771.489369262
2539000,1269500.0,-35.2462158203125,20522.80630526705,20487.56008944674,10584771.489369262
2540000,1270000.0,-35.2462158203125,20522.80630526705,20487.56008944674,10584771.489369262
2541000,1270500.0,-35.2462158203125,20522.80630526705,20487.56008944674,10584771.489369262
2542000,1271000.0,-35.2462158203125,20522.80630526705,20487.56008944674,10584771.489369262
2543000,1271500.0,-35.2462158203125,20522.80630526705,20487.56008944674,10584771.489369262
2544000,1272000.0,-35.2462158203125,20522.80630526705,20487.56008944674,10584771.489369262
2545000,1272500.0,-35.2462158203125,20522.80630526705,20487.56008944674,10584771.489369262
2546000,1273000.0,-35.2462158203125,20522.80630526705,20487.56008944674,10584771.489369262
2547000,1273500.0,-35.2462158203125,20522.80630526705,20487.56008944674,10584771.489369262
2548000,1274000.0,-35.2462158203125,20522.80630526705,20487.56008944674,10584771.489369262
2549000,1274500.0,-35.2462158203125,20522.80630526705,20487.56008944674,10584771.489369262
2550000,1275000.0,-35.2462158203125,20522.80630526705,20487.56008944674,10584771.489369262
2551000,1275500.0,-35.2462158203125,20522.80630526705,20487.56008944674,10584771.489369262
2552000,1276000.0,-35.2462158203125,20522.80630526705,20487.56008944674,10584771.489369262
2553000,1276500.0,-35.2462158203125,20522.80630526705,20487.56008944674,10584771.489369262
2554000,1277000.0,-35.2462158203125,20522.80630526705,20487.56008944674,10584771.489369262
2555000,1277500.0,-35.2462158203125,20522.80630526705,20487.56008944674,10584771.489369262
2556000,1278000.0,-35.2462158203125,20522.80630526705,20487.56008944674,10584771.489369262
2557000,1278500.0,-35.2462158203125,20522.80630526705,20487.56008944674,10584771.489369262
2558000,1279000.0,-35.2462158203125,20522.80630526705,20487.56008944674,10584771.489369262
2559000,1279500.0,-35.2462158203125,20522.80630526705,20487.56008944674,10584771.489369262
2560000,1280000.0,-35.2462158203125,20522.80630526705,20487.56008944674,10584771.489369262
2561000,1280500.0,-35.2462158203125,20522.80630526705,20487.56008944674,10584771.489369262
2562000,1281000.0,-35.2462158203125,20522.80630526705,20487.56008944674,10584771.489369262
2563000,1281500.0,-35.2462158203125,20522.80630526705,20487.56008944674,10584771.489369262
2564000,1282000.0,-35.2462158203125,20522.80630526705,20487.56008944674,10584771.489369262
2565000,1282500.0,-35.2462158203125,20522.80630526705,20487.56008944674,10584771.489369262
2566000,1283000.0,-35.2462158203125,20522.80630526705,20487.56008944674,10584771.489369262
2567000,1283500.0,-35.2462158203125,20522.80630526705,20487.56008944674,10584771.489369262
2568000,1284000.0,-35.2462158203125,20522.80630526705,20487.56008944674,10584771.489369262
2569000,1284500.0,-35.2462158203125,20522.80630526705,20487.56008944674,10584771.489369262
2570000,1285000.0,-35.2462158203125,20522.80630526705,20487.56008944674,10584771.489369262
2571000,1285500.0,-35.2462158203125,20522.80630526705,20487.56008944674,10584771.489369262
2572000,1286000.0,-35.2462158203125,20522.80630526705,20487.56008944674,10584771.489369262
2573000,1286500.0,-35.2462158203125,20522.80630526705,20487.56008944674,10584771.489369262
2574000,1287000.0,-35.2462158203125,20522.80630526705,20487.56008944674,10584771.489369262
2575000,1287500.0,-35.2462158203125,20522.80630526705,20487.56008944674,10584771.489369262
2576000,1288000.0,-35.2462158203125,20522.80630526705,20487.56008944674,10584771.489369262
2577000,1288500.0,-35.2462158203125,20522.80630526705,20487.56008944674,10584771.489369262
2578000,1289000.0,-35.2462158203125,20522.80630526705,20487.56008944674,10584771.489369262
2579000,1289500.0,-35.2462158203125,20522.80630526705,20487.56008944674,10584771.489369262
2580000,1290000.0,-35.2462158203125,20522.80630526705,20487.56008944674,10584771.489369262
2581000,1290500.0,-35.2462158203125,20522.80630526705,20487.56008944674,10584771.489369262
2582000,1291000.0,-35.2462158203125,20522.80630526705,20487.56008944674,10584771.489369262
2583000,1291500.0,-35.2462158203125,20522.80630526705,20487.56008944674,10584771.489369262
2584000,1292000.0,-35.2462158203125,20522.80630526705,20487.56008944674,10584771.489369262
2585000,1292500.0,-35.2462158203125,20522.80630526705,20487.56008944674,10584771.489369262
2586000,1293000.0,-35.2462158203125,20522.80630526705,20487.56008944674,10584771.489369262
2587000,1293500.0,-35.2462158203125,20522.80630526705,20487.56008944674,10584771.489369262
2588000,1294000.0,-35.2462158203125,20522.80630526705,20487.56008944674,10584771.489369262
2589000,1294500.0,-35.2462158203125,20522.80630526705,20487.56008944674,10584771.489369262
2590000,1295000.0,-35.2462158203125,20522.80630526705,20487.56008944674,10584771.489369262
2591000,1295500.0,-35.2462158203125,20522.80630526705,20487.56008944674,10584771.489369262
2592000,1296000.0,-35.2462158203125,20522.80630526705,20487.56008944674,10584771.489369262
2593000,1296500.0,-35.2462158203125,20522.80630526705,20487.56008944674,10584771.489369262
2594000,1297000.0,-35.2462158203125,20522.80630526705,20487.56008944674,10584771.489369262
2595000,1297500.0,-35.2462158203125,20522.80630526705,20487.56008944674,10584771.489369262
2596000,1298000.0,-35.2462158203125,20522.80630526705,20487.56008944674,10584771.489369262
2597000,1298500.0,-35.2462158203125,20522.80630526705,20487.56008944674,10584771.489369262
2598000,1299000.0,-35.2462158203125,20522.80630526705,20487.56008944674,10584771.489369262
2599000,1299500.0,-35.2462158203125,20522.80630526705,20487.56008944674,10584771.489369262
2600000,1300000.0,-35.2462158203125,20522.80630526705,20487.56008944674,10584771.489369262
2601000,1300500.0,-35.2462158203125,20522.80630526705,20487.56008944674,10584771.489369262
2602000,1301000.0,-35.2462158203125,20522.80630526705,20487.56008944674,10584771.489369262
2603000,1301500.0,-35.2462158203125,20522.80630526705,20487.56008944674,10584771.489369262
2604000,1302000.0,-35.2462158203125,20522.80630526705,20487.56008944674,10584771.489369262
2605000,1302500.0,-35.2462158203125,20522.80630526705,20487.56008944674,10584771.489369262
2606000,1303000.0,-35.2462158203125,20522.80630526705,20487.56008944674,10584771.489369262
2607000,1303500.0,-35.2462158203125,20522.80630526705,20487.56008944674,10584771.489369262
2608000,1304000.0,-35.2462158203125,20522.80630526705,20487.56008944674,10584771.489369262
2609000,1304500.0,-35.2462158203125,20522.80630526705,20487.56008944674,10584771.489369262
2610000,1305000.0,-35.2462158203125,20522.80630526705,20487.56008944674,10584771.489369262
2611000,1305500.0,-35.2462158203125,20522.80630526705,20487.56008944674,10584771.489369262
2612000,1306000.0,-35.2462158203125,20522.80630526705,20487.56008944674,10584771.489369262
2613000,1306500.0,-35.2462158203125,20522.80630526705,20487.56008944674,10584771.489369262
2614000,1307000.0,-35.2462158203125,20522.80630526705,20487.56008944674,10584771.489369262
2615000,1307500.0,-35.2462158203125,20522.80630526705,20487.56008944674,10584771.489369262
2616000,1308000.0,-35.2462158203125,20522.80630526705,20487.56008944674,10584771.489369262
2617000,1308500.0,-35.2462158203125,20522.80630526705,20487.56008944674,10584771.489369262
2618000,1309000.0,-35.2462158203125,20522.80630526705,20487.56008944674,10584771.489369262
2619000,1309500.0,-35.2462158203125,20522.80630526705,20487.56008944674,10584771.489369262
2620000,1310000.0,-35.2462158203125,20522.80630526705,20487.56008944674,10584771.489369262
2621000,1310500.0,-35.2462158203125,20522.80630526705,20487.56008944674,10584771.489369262
2622000,1311000.0,-35.2462158203125,20522.80630526705,20487.56008944674,10584771.489369262
2623000,1311500.0,-35.2462158203125,20522.80630526705,20487.56008944674,10584771.489369262
2624000,1312000.0,-35.2462158203125,20522.80630526705,20487.56008944674,10584771.489369262
2625000,1312500.0,-35.2462158203125,20522.80630526705,20487.56008944674,10584771.489369262
2626000,1313000.0,-35.2462158203125,20522.80630526705,20487.56008944674,10584771.489369262
2627000,1313500.0,-35.2462158203125,20522.80630526705,20487.56008944674,10584771.489369262
2628000,1314000.0,-35.2462158203125,20522.80630526705,20487.56008944674,10584771.489369262
2629000,1314500.0,-35.2462158203125,20522.80630526705,20487.56008944674,10584771.489369262
2630000,1315000.0,-35.2462158203125,20522.80630526705,20487.56008944674,10584771.489369262
2631000,1315500.0,-35.2462158203125,20522.80630526705,20487.56008944674,10584771.489369262
2632000,1316000.0,-35.2462158203125,20522.80630526705,20487.56008944674,10584771.489369262
2633000,1316500.0,-35.2462158203125,20522.80630526705,20487.56008944674,10584771.489369262
2634000,1317000.0,-35.2462158203125,20522.80630526705,20487.56008944674,10584771.489369262
2635000,1317500.0,-35.2462158203125,20522.80630526705,20487.56008944674,10584771.489369262
2636000,1318000.0,-35.2462158203125,20522.80630526705,20487.56008944674,10584771.489369262
2637000,1318500.0,-35.2462158203125,20522.80630526705,20487.56008944674,10584771.489369262
2638000,1319000.0,-35.2462158203125,20522.80630526705,20487.56008944674,10584771.489369262
2639000,1319500.0,-35.2462158203125,20522.80630526705,20487.56008944674,10584771.489369262
2640000,1320000.0,-35.2462158203125,20522.80630526705,20487.56008944674,10584771.489369262
2641000,1320500.0,-35.2462158203125,20522.80630526705,20487.56008944674,10584771.489369262
2642000,1321000.0,-35.2462158203125,20522.80630526705,20487.56008944674,10584771.489369262
2643000,1321500.0,-35.2462158203125,20522.80630526705,20487.56008944674,10584771.489369262
2644000,1322000.0,-35.2462158203125,20522.80630526705,20487.56008944674,10584771.489369262
2645000,1322500.0,-35.2462158203125,20522.80630526705,20487.56008944674,10584771.489369262
2646000,1323000.0,-35.2462158203125,20522.80630526705,20487.56008944674,10584771.489369262
2647000,1323500.0,-35.2462158203125,20522.80630526705,20487.56008944674,10584771.489369262
2648000,1324000.0,-35.2462158203125,20522.80630526705,20487.56008944674,10584771.489369262
2649000,1324500.0,-35.2462158203125,20522.80630526705,20487.56008944674,10584771.489369262
2650000,1325000.0,-35.2462158203125,20522.80630526705,20487.56008944674,10584771.489369262
2651000,1325500.0,-35.2462158203125,20522.80630526705,20487.56008944674,10584771.489369262
2652000,1326000.0,-35.2462158203125,20522.80630526705,20487.56008944674,10584771.489369262
2653000,1326500.0,-35.2462158203125,20522.80630526705,20487.56008944674,10584771.489369262
2654000,1327000.0,-35.2462158203125,20522.80630526705,20487.56008944674,10584771.489369262
2655000,1327500.0,-35.2462158203125,20522.80630526705,20487.56008944674,10584771.489369262
2656000,1328000.0,-35.2462158203125,20522.80630526705,20487.56008944674,10584771.489369262
2657000,1328500.0,-35.2462158203125,20522.80630526705,20487.56008944674,10584771.489369262
2658000,1329000.0,-35.2462158203125,20522.80630526705,20487.56008944674,10584771.489369262
2659000,1329500.0,-35.2462158203125,20522.80630526705,20487.56008944674,10584771.489369262
2660000,1330000.0,-35.2462158203125,20522.80630526705,20487.56008944674,10584771.489369262
2661000,1330500.0,-35.2462158203125,20522.80630526705,20487.56008944674,10584771.489369262
2662000,1331000.0,-35.2462158203125,20522.80630526705,20487.56008944674,10584771.489369262
2663000,1331500.0,-35.2462158203125,20522.80630526705,20487.56008944674,10584771.489369262
2664000,1332000.0,-35.2462158203125,20522.80630526705,20487.56008944674,10584771.489369262
2665000,1332500.0,-35.2462158203125,20522.80630526705,20487.56008944674,10584771.489369262
2666000,1333000.0,-35.2462158203125,20522.80630526705,20487.56008944674,10584771.489369262
2667000,1333500.0,-35.2462158203125,20522.80630526705,20487.56008944674,10584771.489369262
2668000,1334000.0,-35.2462158203125,20522.80630526705,20487.56008944674,10584771.489369262
2669000,1334500.0,-35.2462158203125,20522.80630526705,20487.56008944674,10584771.489369262
2670000,1335000.0,-35.2462158203125,20522.80630526705,20487.56008944674,10584771.489369262
2671000,1335500.0,-35.2462158203125,20522.80630526705,20487.56008944674,10584771.489369262
2672000,1336000.0,-35.2462158203125,20522.80630526705,20487.56008944674,10584771.489369262
2673000,1336500.0,-35.2462158203125,20522.80630526705,20487.56008944674,10584771.489369262
2674000,1337000.0,-35.2462158203125,20522.80630526705,20487.56008944674,10584771.489369262
2675000,1337500.0,-35.2462158203125,20522.80630526705,20487.56008944674,10584771.489369262
2676000,1338000.0,-35.2462158203125,20522.80630526705,20487.56008944674,10584771.489369262
2677000,1338500.0,-35.2462158203125,20522.80630526705,20487.56008944674,10584771.489369262
2678000,1339000.0,-35.2462158203125,20522.80630526705,20487.56008944674,10584771.489369262
2679000,1339500.0,-35.2462158203125,20522.80630526705,20487.56008944674,10584771.489369262
2680000,1340000.0,-35.2462158203125,20522.80630526705,20487.56008944674,10584771.489369262
2681000,1340500.0,-35.2462158203125,20522.80630526705,20487.56008944674,10584771.489369262
2682000,1341000.0,-35.2462158203125,20522.80630526705,20487.56008944674,10584771.489369262
2683000,1341500.0,-35.2462158203125,20522.80630526705,20487.56008944674,10584771.489369262
2684000,1342000.0,-35.2462158203125,20522.80630526705,20487.56008944674,10584771.489369262
2685000,1342500.0,-35.2462158203125,20522.80630526705,20487.56008944674,10584771.489369262
2686000,1343000.0,-35.2462158203125,20522.80630526705,20487.56008944674,10584771.489369262
2687000,1343500.0,-35.2462158203125,20522.80630526705,20487.56008944674,10584771.489369262
2688000,1344000.0,-35.2462158203125,20522.80630526705,20487.56008944674,10584771.489369262
2689000,1344500.0,-35.2462158203125,20522.80630526705,20487.56008944674,10584771.489369262
2690000,1345000.0,-35.2462158203125,20522.80630526705,20487.56008944674,10584771.489369262
2691000,1345500.0,-35.2462158203125,20522.80630526705,20487.56008944674,10584771.489369262
2692000,1346000.0,-35.2462158203125,20522.80630526705,20487.56008944674,10584771.489369262
2693000,1346500.0,-35.2462158203125,20522.80630526705,20487.56008944674,10584771.489369262
2694000,1347000.0,-35.2462158203125,20522.80630526705,20487.56008944674,10584771.489369262
2695000,1347500.0,-35.2462158203125,20522.80630526705,20487.56008944674,10584771.489369262
2696000,1348000.0,-35.2462158203125,20522.80630526705,20487.56008944674,10584771.489369262
2697000,1348500.0,-35.2462158203125,20522.80630526705,20487.56008944674,10584771.489369262
2698000,1349000.0,-35.2462158203125,20522.80630526705,20487.56008944674,10584771.489369262
2699000,1349500.0,-35.2462158203125,20522.80630526705,20487.56008944674,10584771.489369262
2700000,1350000.0,-35.2462158203125,20522.80630526705,20487.56008944674,10584771.489369262
2701000,1350500.0,-35.2462158203125,20522.80630526705,20487.56008944674,10584771.489369262
2702000,1351000.0,-35.2462158203125,20522.80630526705,20487.56008944674,10584771.489369262
2703000,1351500.0,-35.2462158203125,20522.80630526705,20487.56008944674,10584771.489369262
2704000,1352000.0,-35.2462158203125,20522.80630526705,20487.56008944674,10584771.489369262
2705000,1352500.0,-35.2462158203125,20522.80630526705,20487.56008944674,10584771.489369262
2706000,1353000.0,-35.2462158203125,20522.80630526705,20487.56008944674,10584771.489369262
2707000,1353500.0,-35.2462158203125,20522.80630526705,20487.56008944674,10584771.489369262
2708000,1354000.0,-35.2462158203125,20522.80630526705,20487.56008944674,10584771.489369262
2709000,1354500.0,-35.2462158203125,20522.80630526705,20487.56008944674,10584771.489369262
2710000,1355000.0,-35.2462158203125,20522.80630526705,20487.56008944674,10584771.489369262
2711000,1355500.0,-35.2462158203125,20522.80630526705,20487.56008944674,10584771.489369262
2712000,1356000.0,-35.2462158203125,20522.80630526705,20487.56008944674,10584771.489369262
2713000,1356500.0,-35.2462158203125,20522.80630526705,20487.56008944674,10584771.489369262
2714000,1357000.0,-35.2462158203125,20522.80630526705,20487.56008944674,10584771.489369262
2715000,1357500.0,-35.2462158203125,20522.80630526705,20487.56008944674,10584771.489369262
2716000,1358000.0,-35.2462158203125,20522.80630526705,20487.56008944674,10584771.489369262
2717000,1358500.0,-35.2462158203125,20522.80630526705,20487.56008944674,10584771.489369262
2718000,1359000.0,-35.2462158203125,20522.80630526705,20487.56008944674,10584771.489369262
2719000,1359500.0,-35.2462158203125,20522.80630526705,20487.56008944674,10584771.489369262
2720000,1360000.0,-35.2462158203125,20522.80630526705,20487.56008944674,10584771.489369262
2721000,1360500.0,-35.2462158203125,20522.80630526705,20487.56008944674,10584771.489369262
2722000,1361000.0,-35.2462158203125,20522.80630526705,20487.56008944674,10584771.489369262
2723000,1361500.0,-35.2462158203125,20522.80630526705,20487.56008944674,10584771.489369262
2724000,1362000.0,-35.2462158203125,20522.80630526705,20487.56008944674,10584771.489369262
2725000,1362500.0,-35.2462158203125,20522.80630526705,20487.56008944674,10584771.489369262
2726000,1363000.0,-35.2462158203125,20522.80630526705,20487.56008944674,10584771.489369262
2727000,1363500.0,-35.2462158203125,20522.80630526705,20487.56008944674,10584771.489369262
2728000,1364000.0,-35.2462158203125,20522.80630526705,20487.56008944674,10584771.489369262
2729000,1364500.0,-35.2462158203125,20522.80630526705,20487.56008944674,10584771.489369262
2730000,1365000.0,-35.2462158203125,20522.80630526705,20487.56008944674,10584771.489369262
2731000,1365500.0,-35.2462158203125,20522.80630526705,20487.56008944674,10584771.489369262
2732000,1366000.0,-35.2462158203125,20522.80630526705,20487.56008944674,10584771.489369262
2733000,1366500.0,-35.2462158203125,20522.80630526705,20487.56008944674,10584771.489369262
2734000,1367000.0,-35.2462158203125,20522.80630526705,20487.56008944674,10584771.489369262
2735000,1367500.0,-35.2462158203125,20522.80630526705,20487.56008944674,10584771.489369262
2736000,1368000.0,-35.2462158203125,20522.80630526705,20487.56008944674,10584771.489369262
2737000,1368500.0,-35.2462158203125,20522.80630526705,20487.56008944674,10584771.489369262
2738000,1369000.0,-35.2462158203125,20522.80630526705,20487.56008944674,10584771.489369262
2739000,1369500.0,-35.2462158203125,20522.80630526705,20487.56008944674,10584771.489369262
2740000,1370000.0,-35.2462158203125,20522.80630526705,20487.56008944674,10584771.489369262
2741000,1370500.0,-35.2462158203125,20522.80630526705,20487.56008944674,10584771.489369262
2742000,1371000.0,-35.2462158203125,20522.80630526705,20487.56008944674,10584771.489369262
2743000,1371500.0,-35.2462158203125,20522.80630526705,20487.56008944674,10584771.489369262
2744000,1372000.0,-35.2462158203125,20522.80630526705,20487.56008944674,10584771.489369262
2745000,1372500.0,-35.2462158203125,20522.80630526705,20487.56008944674,10584771.489369262
2746000,1373000.0,-35.2462158203125,20522.80630526705,20487.56008944674,10584771.489369262
2747000,1373500.0,-35.2462158203125,20522.80630526705,20487.56008944674,10584771.489369262
2748000,1374000.0,-35.2462158203125,20522.80630526705,20487.56008944674,10584771.489369262
2749000,1374500.0,-35.2462158203125,20522.80630526705,20487.56008944674,10584771.489369262
2750000,1375000.0,-35.2462158203125,20522.80630526705,20487.56008944674,10584771.489369262
2751000,1375500.0,-35.2462158203125,20522.80630526705,20487.56008944674,10584771.489369262
2752000,1376000.0,-35.2462158203125,20522.80630526705,20487.56008944674,10584771.489369262
2753000,1376500.0,-35.2462158203125,20522.80630526705,20487.56008944674,10584771.489369262
2754000,1377000.0,-35.2462158203125,20522.80630526705,20487.56008944674,10584771.489369262
2755000,1377500.0,-35.2462158203125,20522.80630526705,20487.56008944674,10584771.489369262
2756000,1378000.0,-35.2462158203125,20522.80630526705,20487.56008944674,10584771.489369262
2757000,1378500.0,-35.2462158203125,20522.80630526705,20487.56008944674,10584771.489369262
2758000,1379000.0,-35.2462158203125,20522.80630526705,20487.56008944674,10584771.489369262
2759000,1379500.0,-35.2462158203125,20522.80630526705,20487.56008944674,10584771.489369262
2760000,1380000.0,-35.2462158203125,20522.80630526705,20487.56008944674,10584771.489369262
2761000,1380500.0,-35.2462158203125,20522.80630526705,20487.56008944674,10584771.489369262
2762000,1381000.0,-35.2462158203125,20522.80630526705,20487.56008944674,10584771.489369262
2763000,1381500.0,-35.2462158203125,20522.80630526705,20487.56008944674,10584771.489369262
2764000,1382000.0,-35.2462158203125,20522.80630526705,20487.56008944674,10584771.489369262
2765000,1382500.0,-35.2462158203125,20522.80630526705,20487.56008944674,10584771.489369262
2766000,1383000.0,-35.2462158203125,20522.80630526705,20487.56008944674,10584771.489369262
2767000,1383500.0,-35.2462158203125,20522.80630526705,20487.56008944674,10584771.489369262
2768000,1384000.0,-35.2462158203125,20522.80630526705,20487.56008944674,10584771.489369262
2769000,1384500.0,-35.2462158203125,20522.80630526705,20487.56008944674,10584771.489369262
2770000,1385000.0,-35.2462158203125,20522.80630526705,20487.56008944674,10584771.489369262
2771000,1385500.0,-35.2462158203125,20522.80630526705,20487.56008944674,10584771.489369262
2772000,1386000.0,-35.2462158203125,20522.80630526705,20487.56008944674,10584771.489369262
2773000,1386500.0,-35.2462158203125,20522.80630526705,20487.56008944674,10584771.489369262
2774000,1387000.0,-35.2462158203125,20522.80630526705,20487.56008944674,10584771.489369262
2775000,1387500.0,-35.2462158203125,20522.80630526705,20487.56008944674,10584771.489369262
2776000,1388000.0,-35.2462158203125,20522.80630526705,20487.56008944674,10584771.489369262
2777000,1388500.0,-35.2462158203125,20522.80630526705,20487.56008944674,10584771.489369262
2778000,1389000.0,-35.2462158203125,20522.80630526705,20487.56008944674,10584771.489369262
2779000,1389500.0,-35.2462158203125,20522.80630526705,20487.56008944674,10584771.489369262
2780000,1390000.0,-35.2462158203125,20522.80630526705,20487.56008944674,10584771.489369262
2781000,1390500.0,-35.2462158203125,20522.80630526705,20487.56008944674,10584771.489369262
2782000,1391000.0,-35.2462158203125,20522.80630526705,20487.56008944674,10584771.489369262
2783000,1391500.0,-35.2462158203125,20522.80630526705,20487.56008944674,10584771.489369262
2784000,1392000.0,-35.2462158203125,20522.80630526705,20487.56008944674,10584771.489369262
2785000,1392500.0,-35.2462158203125,20522.80630526705,20487.56008944674,10584771.489369262
2786000,1393000.0,-35.2462158203125,20522.80630526705,20487.56008944674,10584771.489369262
2787000,1393500.0,-35.2462158203125,20522.80630526705,20487.56008944674,10584771.489369262
2788000,1394000.0,-35.2462158203125,20522.80630526705,20487.56008944674,10584771.489369262
2789000,1394500.0,-35.2462158203125,20522.80630526705,20487.56008944674,10584771.489369262
2790000,1395000.0,-35.2462158203125,20522.80630526705,20487.56008944674,10584771.489369262
2791000,1395500.0,-35.2462158203125,20522.80630526705,20487.56008944674,10584771.489369262
2792000,1396000.0,-35.2462158203125,20522.80630526705,20487.56008944674,10584771.489369262
2793000,1396500.0,-35.2462158203125,20522.80630526705,20487.56008944674,10584771.489369262
2794000,1397000.0,-35.2462158203125,20522.80630526705,20487.56008944674,10584771.489369262
2795000,1397500.0,-35.2462158203125,20522.80630526705,20487.56008944674,10584771.489369262
2796000,1398000.0,-35.2462158203125,20522.80630526705,20487.56008944674,10584771.489369262
2797000,1398500.0,-35.2462158203125,20522.80630526705,20487.56008944674,10584771.489369262
2798000,1399000.0,-35.2462158203125,20522.80630526705,20487.56008944674,10584771.489369262
2799000,1399500.0,-35.2462158203125,20522.80630526705,20487.56008944674,10584771.489369262
2800000,1400000.0,-35.2462158203125,20522.80630526705,20487.56008944674,10584771.489369262
2801000,1400500.0,-35.2462158203125,20522.80630526705,20487.56008944674,10584771.489369262
2802000,1401000.0,-35.2462158203125,20522.80630526705,20487.56008944674,10584771.489369262
2803000,1401500.0,-35.2462158203125,20522.80630526705,20487.56008944674,10584771.489369262
2804000,1402000.0,-35.2462158203125,20522.80630526705,20487.56008944674,10584771.489369262
2805000,1402500.0,-35.2462158203125,20522.80630526705,20487.56008944674,10584771.489369262
2806000,1403000.0,-35.2462158203125,20522.80630526705,20487.56008944674,10584771.489369262
2807000,1403500.0,-35.2462158203125,20522.80630526705,20487.56008944674,10584771.489369262
2808000,1404000.0,-35.2462158203125,20522.80630526705,20487.56008944674,10584771.489369262
2809000,1404500.0,-35.2462158203125,20522.80630526705,20487.56008944674,10584771.489369262
2810000,1405000.0,-35.2462158203125,20522.80630526705,20487.56008944674,10584771.489369262
2811000,1405500.0,-35.2462158203125,20522.80630526705,20487.56008944674,10584771.489369262
2812000,1406000.0,-35.2462158203125,20522.80630526705,20487.56008944674,10584771.489369262
2813000,1406500.0,-35.2462158203125,20522.80630526705,20487.56008944674,10584771.489369262
2814000,1407000.0,-35.2462158203125,20522.80630526705,20487.56008944674,10584771.489369262
2815000,1407500.0,-35.2462158203125,20522.80630526705,20487.56008944674,10584771.489369262
2816000,1408000.0,-35.2462158203125,20522.80630526705,20487.56008944674,10584771.489369262
2817000,1408500.0,-35.2462158203125,20522.80630526705,20487.56008944674,10584771.489369262
2818000,1409000.0,-35.2462158203125,20522.80630526705,20487.56008944674,10584771.489369262
2819000,1409500.0,-35.2462158203125,20522.80630526705,20487.56008944674,10584771.489369262
2820000,1410000.0,-35.2462158203125,20522.80630526705,20487.56008944674,10584771.489369262
2821000,1410500.0,-35.2462158203125,20522.80630526705,20487.56008944674,10584771.489369262
2822000,1411000.0,-35.2462158203125,20522.80630526705,20487.56008944674,10584771.489369262
2823000,1411500.0,-35.2462158203125,20522.80630526705,20487.56008944674,10584771.489369262
2824000,1412000.0,-35.2462158203125,20522.80630526705,20487.56008944674,10584771.489369262
2825000,1412500.0,-35.2462158203125,20522.80630526705,20487.56008944674,10584771.489369262
2826000,1413000.0,-35.2462158203125,20522.80630526705,20487.56008944674,10584771.489369262
2827000,1413500.0,-35.2462158203125,20522.80630526705,20487.56008944674,10584771.489369262
2828000,1414000.0,-35.2462158203125,20522.80630526705,20487.56008944674,10584771.489369262
2829000,1414500.0,-35.2462158203125,20522.80630526705,20487.56008944674,10584771.489369262
2830000,1415000.0,-35.2462158203125,20522.80630526705,20487.56008944674,10584771.489369262
2831000,1415500.0,-35.2462158203125,20522.80630526705,20487.56008944674,10584771.489369262
2832000,1416000.0,-35.2462158203125,20522.80630526705,20487.56008944674,10584771.489369262
2833000,1416500.0,-35.2462158203125,20522.80630526705,20487.56008944674,10584771.489369262
2834000,1417000.0,-35.2462158203125,20522.80630526705,20487.56008944674,10584771.489369262
2835000,1417500.0,-35.2462158203125,20522.80630526705,20487.56008944674,10584771.489369262
2836000,1418000.0,-35.2462158203125,20522.80630526705,20487.56008944674,10584771.489369262
2837000,1418500.0,-35.2462158203125,20522.80630526705,20487.56008944674,10584771.489369262
2838000,1419000.0,-35.2462158203125,20522.80630526705,20487.56008944674,10584771.489369262
2839000,1419500.0,-35.2462158203125,20522.80630526705,20487.56008944674,10584771.489369262
2840000,1420000.0,-35.2462158203125,20522.80630526705,20487.56008944674,10584771.489369262
2841000,1420500.0,-35.2462158203125,20522.80630526705,20487.56008944674,10584771.489369262
2842000,1421000.0,-35.2462158203125,20522.80630526705,20487.56008944674,10584771.489369262
2843000,1421500.0,-35.2462158203125,20522.80630526705,20487.56008944674,10584771.489369262
2844000,1422000.0,-35.2462158203125,20522.80630526705,20487.56008944674,10584771.489369262
2845000,1422500.0,-35.2462158203125,20522.80630526705,20487.56008944674,10584771.489369262
2846000,1423000.0,-35.2462158203125,20522.80630526705,20487.56008944674,10584771.489369262
2847000,1423500.0,-35.2462158203125,20522.80630526705,20487.56008944674,10584771.489369262
2848000,1424000.0,-35.2462158203125,20522.80630526705,20487.56008944674,10584771.489369262
2849000,1424500.0,-35.2462158203125,20522.80630526705,20487.56008944674,10584771.489369262
2850000,1425000.0,-35.2462158203125,20522.80630526705,20487.56008944674,10584771.489369262
2851000,1425500.0,-35.2462158203125,20522.80630526705,20487.56008944674,10584771.489369262
2852000,1426000.0,-35.2462158203125,20522.80630526705,20487.56008944674,10584771.489369262
2853000,1426500.0,-35.2462158203125,20522.80630526705,20487.56008944674,10584771.489369262
2854000,1427000.0,-35.2462158203125,20522.80630526705,20487.56008944674,10584771.489369262
2855000,1427500.0,-35.2462158203125,20522.80630526705,20487.56008944674,10584771.489369262
2856000,1428000.0,-35.2462158203125,20522.80630526705,20487.56008944674,10584771.489369262
2857000,1428500.0,-35.2462158203125,20522.80630526705,20487.56008944674,10584771.489369262
2858000,1429000.0,-35.2462158203125,20522.80630526705,20487.56008944674,10584771.489369262
2859000,1429500.0,-35.2462158203125,20522.80630526705,20487.56008944674,10584771.489369262
2860000,1430000.0,-35.2462158203125,20522.80630526705,20487.56008944674,10584771.489369262
2861000,1430500.0,-35.2462158203125,20522.80630526705,20487.56008944674,10584771.489369262
2862000,1431000.0,-35.2462158203125,20522.80630526705,20487.56008944674,10584771.489369262
2863000,1431500.0,-35.2462158203125,20522.80630526705,20487.56008944674,10584771.489369262
2864000,1432000.0,-35.2462158203125,20522.80630526705,20487.56008944674,10584771.489369262
2865000,1432500.0,-35.2462158203125,20522.80630526705,20487.56008944674,10584771.489369262
2866000,1433000.0,-35.2462158203125,20522.80630526705,20487.56008944674,10584771.489369262
2867000,1433500.0,-35.2462158203125,20522.80630526705,20487.56008944674,10584771.489369262
2868000,1434000.0,-35.2462158203125,20522.80630526705,20487.56008944674,10584771.489369262
2869000,1434500.0,-35.2462158203125,20522.80630526705,20487.56008944674,10584771.489369262
2870000,1435000.0,-35.2462158203125,20522.80630526705,20487.56008944674,10584771.489369262
2871000,1435500.0,-35.2462158203125,20522.80630526705,20487.56008944674,10584771.489369262
2872000,1436000.0,-35.2462158203125,20522.80630526705,20487.56008944674,10584771.489369262
2873000,1436500.0,-35.2462158203125,20522.80630526705,20487.56008944674,10584771.489369262
2874000,1437000.0,-35.2462158203125,20522.80630526705,20487.56008944674,10584771.489369262
2875000,1437500.0,-35.2462158203125,20522.80630526705,20487.56008944674,10584771.489369262
2876000,1438000.0,-35.2462158203125,20522.80630526705,20487.56008944674,10584771.489369262
2877000,1438500.0,-35.2462158203125,20522.80630526705,20487.56008944674,10584771.489369262
2878000,1439000.0,-35.2462158203125,20522.80630526705,20487.56008944674,10584771.489369262
2879000,1439500.0,-35.2462158203125,20522.80630526705,20487.56008944674,10584771.489369262
2880000,1440000.0,-35.2462158203125,20522.80630526705,20487.56008944674,10584771.489369262
2881000,1440500.0,-35.2462158203125,20522.80630526705,20487.56008944674,10584771.489369262
2882000,1441000.0,-35.2462158203125,20522.80630526705,20487.56008944674,10584771.489369262
2883000,1441500.0,-35.2462158203125,20522.80630526705,20487.56008944674,10584771.489369262
2884000,1442000.0,-35.2462158203125,20522.80630526705,20487.56008944674,10584771.489369262
2885000,1442500.0,-35.2462158203125,20522.80630526705,20487.56008944674,10584771.489369262
2886000,1443000.0,-35.2462158203125,20522.80630526705,20487.56008944674,10584771.489369262
2887000,1443500.0,-35.2462158203125,20522.80630526705,20487.56008944674,10584771.489369262
2888000,1444000.0,-35.2462158203125,20522.80630526705,20487.56008944674,10584771.489369262
2889000,1444500.0,-35.2462158203125,20522.80630526705,20487.56008944674,10584771.489369262
2890000,1445000.0,-35.2462158203125,20522.80630526705,20487.56008944674,10584771.489369262
2891000,1445500.0,-35.2462158203125,20522.80630526705,20487.56008944674,10584771.489369262
2892000,1446000.0,-35.2462158203125,20522.80630526705,20487.56008944674,10584771.489369262
2893000,1446500.0,-35.2462158203125,20522.80630526705,20487.56008944674,10584771.489369262
2894000,1447000.0,-35.2462158203125,20522.80630526705,20487.56008944674,10584771.489369262
2895000,1447500.0,-35.2462158203125,20522.80630526705,20487.56008944674,10584771.489369262
2896000,1448000.0,-35.2462158203125,20522.80630526705,20487.56008944674,10584771.489369262
2897000,1448500.0,-35.2462158203125,20522.80630526705,20487.56008944674,10584771.489369262
2898000,1449000.0,-35.2462158203125,20522.80630526705,20487.56008944674,10584771.489369262
2899000,1449500.0,-35.2462158203125,20522.80630526705,20487.56008944674,10584771.489369262
2900000,1450000.0,-35.2462158203125,20522.80630526705,20487.56008944674,10584771.489369262
2901000,1450500.0,-35.2462158203125,20522.80630526705,20487.56008944674,10584771.489369262
2902000,1451000.0,-35.2462158203125,20522.80630526705,20487.56008944674,10584771.489369262
2903000,1451500.0,-35.2462158203125,20522.80630526705,20487.56008944674,10584771.489369262
2904000,1452000.0,-35.2462158203125,20522.80630526705,20487.56008944674,10584771.489369262
2905000,1452500.0,-35.2462158203125,20522.80630526705,20487.56008944674,10584771.489369262
2906000,1453000.0,-35.2462158203125,20522.80630526705,20487.56008944674,10584771.489369262
2907000,1453500.0,-35.2462158203125,20522.80630526705,20487.56008944674,10584771.489369262
2908000,1454000.0,-35.2462158203125,20522.80630526705,20487.56008944674,10584771.489369262
2909000,1454500.0,-35.2462158203125,20522.80630526705,20487.56008944674,10584771.489369262
2910000,1455000.0,-35.2462158203125,20522.80630526705,20487.56008944674,10584771.489369262
2911000,1455500.0,-35.2462158203125,20522.80630526705,20487.56008944674,10584771.489369262
2912000,1456000.0,-35.2462158203125,20522.80630526705,20487.56008944674,10584771.489369262
2913000,1456500.0,-35.2462158203125,20522.80630526705,20487.56008944674,10584771.489369262
2914000,1457000.0,-35.2462158203125,20522.80630526705,20487.56008944674,10584771.489369262
2915000,1457500.0,-35.2462158203125,20522.80630526705,20487.56008944674,10584771.489369262
2916000,1458000.0,-35.2462158203125,20522.80630526705,20487.56008944674,10584771.489369262
2917000,1458500.0,-35.2462158203125,20522.80630526705,20487.56008944674,10584771.489369262
2918000,1459000.0,-35.2462158203125,20522.80630526705,20487.56008944674,10584771.489369262
2919000,1459500.0,-35.2462158203125,20522.80630526705,20487.56008944674,10584771.489369262
2920000,1460000.0,-35.2462158203125,20522.80630526705,20487.56008944674,10584771.489369262
2921000,1460500.0,-35.2462158203125,20522.80630526705,20487.56008944674,10584771.489369262
2922000,1461000.0,-35.2462158203125,20522.80630526705,20487.56008944674,10584771.489369262
2923000,1461500.0,-35.2462158203125,20522.80630526705,20487.56008944674,10584771.489369262
2924000,1462000.0,-35.2462158203125,20522.80630526705,20487.56008944674,10584771.489369262
2925000,1462500.0,-35.2462158203125,20522.80630526705,20487.56008944674,10584771.489369262
2926000,1463000.0,-35.2462158203125,20522.80630526705,20487.56008944674,10584771.489369262
2927000,1463500.0,-35.2462158203125,20522.80630526705,20487.56008944674,10584771.489369262
2928000,1464000.0,-35.2462158203125,20522.80630526705,20487.56008944674,10584771.489369262
2929000,1464500.0,-35.2462158203125,20522.80630526705,20487.56008944674,10584771.489369262
2930000,1465000.0,-35.2462158203125,20522.80630526705,20487.56008944674,10584771.489369262
2931000,1465500.0,-35.2462158203125,20522.80630526705,20487.56008944674,10584771.489369262
2932000,1466000.0,-35.2462158203125,20522.80630526705,20487.56008944674,10584771.489369262
2933000,1466500.0,-35.2462158203125,20522.80630526705,20487.56008944674,10584771.489369262
2934000,1467000.0,-35.2462158203125,20522.80630526705,20487.56008944674,10584771.489369262
2935000,1467500.0,-35.2462158203125,20522.80630526705,20487.56008944674,10584771.489369262
2936000,1468000.0,-35.2462158203125,20522.80630526705,20487.56008944674,10584771.489369262
2937000,1468500.0,-35.2462158203125,20522.80630526705,20487.56008944674,10584771.489369262
2938000,1469000.0,-35.2462158203125,20522.80630526705,20487.56008944674,10584771.489369262
2939000,1469500.0,-35.2462158203125,20522.80630526705,20487.56008944674,10584771.489369262
2940000,1470000.0,-35.2462158203125,20522.80630526705,20487.56008944674,10584771.489369262
2941000,1470500.0,-35.2462158203125,20522.80630526705,20487.56008944674,10584771.489369262
2942000,1471000.0,-35.2462158203125,20522.80630526705,20487.56008944674,10584771.489369262
2943000,1471500.0,-35.2462158203125,20522.80630526705,20487.56008944674,10584771.489369262
2944000,1472000.0,-35.2462158203125,20522.80630526705,20487.56008944674,10584771.489369262
2945000,1472500.0,-35.2462158203125,20522.80630526705,20487.56008944674,10584771.489369262
2946000,1473000.0,-35.2462158203125,20522.80630526705,20487.56008944674,10584771.489369262
2947000,1473500.0,-35.2462158203125,20522.80630526705,20487.56008944674,10584771.489369262
2948000,1474000.0,-35.2462158203125,20522.80630526705,20487.56008944674,10584771.489369262
2949000,1474500.0,-35.2462158203125,20522.80630526705,20487.56008944674,10584771.489369262
2950000,1475000.0,-35.2462158203125,20522.80630526705,20487.56008944674,10584771.489369262
2951000,1475500.0,-35.2462158203125,20522.80630526705,20487.56008944674,10584771.489369262
2952000,1476000.0,-35.2462158203125,20522.80630526705,20487.56008944674,10584771.489369262
2953000,1476500.0,-35.2462158203125,20522.80630526705,20487.56008944674,10584771.489369262
2954000,1477000.0,-35.2462158203125,20522.80630526705,20487.56008944674,10584771.489369262
2955000,1477500.0,-35.2462158203125,20522.80630526705,20487.56008944674,10584771.489369262
2956000,1478000.0,-35.2462158203125,20522.80630526705,20487.56008944674,10584771.489369262
2957000,1478500.0,-35.2462158203125,20522.80630526705,20487.56008944674,10584771.489369262
2958000,1479000.0,-35.2462158203125,20522.80630526705,20487.56008944674,10584771.489369262
2959000,1479500.0,-35.2462158203125,20522.80630526705,20487.56008944674,10584771.489369262
2960000,1480000.0,-35.2462158203125,20522.80630526705,20487.56008944674,10584771.489369262
2961000,1480500.0,-35.2462158203125,20522.80630526705,20487.56008944674,10584771.489369262
2962000,1481000.0,-35.2462158203125,20522.80630526705,20487.56008944674,10584771.489369262
2963000,1481500.0,-35.2462158203125,20522.80630526705,20487.56008944674,10584771.489369262
2964000,1482000.0,-35.2462158203125,20522.80630526705,20487.56008944674,10584771.489369262
2965000,1482500.0,-35.2462158203125,20522.80630526705,20487.56008944674,10584771.489369262
2966000,1483000.0,-35.2462158203125,20522.80630526705,20487.56008944674,10584771.489369262
2967000,1483500.0,-35.2462158203125,20522.80630526705,20487.56008944674,10584771.489369262
2968000,1484000.0,-35.2462158203125,20522.80630526705,20487.56008944674,10584771.489369262
2969000,1484500.0,-35.2462158203125,20522.80630526705,20487.56008944674,10584771.489369262
2970000,1485000.0,-35.2462158203125,20522.80630526705,20487.56008944674,10584771.489369262
2971000,1485500.0,-35.2462158203125,20522.80630526705,20487.56008944674,10584771.489369262
2972000,1486000.0,-35.2462158203125,20522.80630526705,20487.56008944674,10584771.489369262
2973000,1486500.0,-35.2462158203125,20522.80630526705,20487.56008944674,10584771.489369262
2974000,1487000.0,-35.2462158203125,20522.80630526705,20487.56008944674,10584771.489369262
2975000,1487500.0,-35.2462158203125,20522.80630526705,20487.56008944674,10584771.489369262
2976000,1488000.0,-35.2462158203125,20522.80630526705,20487.56008944674,10584771.489369262
2977000,1488500.0,-35.2462158203125,20522.80630526705,20487.56008944674,10584771.489369262
2978000,1489000.0,-35.2462158203125,20522.80630526705,20487.56008944674,10584771.489369262
2979000,1489500.0,-35.2462158203125,20522.80630526705,20487.56008944674,10584771.489369262
2980000,1490000.0,-35.2462158203125,20522.80630526705,20487.56008944674,10584771.489369262
2981000,1490500.0,-35.2462158203125,20522.80630526705,20487.56008944674,10584771.489369262
2982000,1491000.0,-35.2462158203125,20522.80630526705,20487.56008944674,10584771.489369262
2983000,1491500.0,-35.2462158203125,20522.80630526705,20487.56008944674,10584771.489369262
2984000,1492000.0,-35.2462158203125,20522.80630526705,20487.56008944674,10584771.489369262
2985000,1492500.0,-35.2462158203125,20522.80630526705,20487.56008944674,10584771.489369262
2986000,1493000.0,-35.2462158203125,20522.80630526705,20487.56008944674,10584771.489369262
2987000,1493500.0,-35.2462158203125,20522.80630526705,20487.56008944674,10584771.489369262
2988000,1494000.0,-35.2462158203125,20522.80630526705,20487.56008944674,10584771.489369262
2989000,1494500.0,-35.2462158203125,20522.80630526705,20487.56008944674,10584771.489369262
2990000,1495000.0,-35.2462158203125,20522.80630526705,20487.56008944674,10584771.489369262
2991000,1495500.0,-35.2462158203125,20522.80630526705,20487.56008944674,10584771.489369262
2992000,1496000.0,-35.2462158203125,20522.80630526705,20487.56008944674,10584771.489369262
2993000,1496500.0,-35.2462158203125,20522.80630526705,20487.56008944674,10584771.489369262
2994000,1497000.0,-35.2462158203125,20522.80630526705,20487.56008944674,10584771.489369262
2995000,1497500.0,-35.2462158203125,20522.80630526705,20487.56008944674,10584771.489369262
2996000,1498000.0,-35.2462158203125,20522.80630526705,20487.56008944674,10584771.489369262
2997000,1498500.0,-35.2462158203125,20522.80630526705,20487.56008944674,10584771.489369262
2998000,1499000.0,-35.2462158203125,20522.80630526705,20487.56008944674,10584771.489369262
2999000,1499500.0,-35.2462158203125,20522.80630526705,20487.56008944674,10584771.489369262
3000000,1500000.0,-35.2462158203125,20522.80630526705,20487.56008944674,10584771.489369262
3001000,1500500.0,-35.2462158203125,20522.80630526705,20487.56008944674,10584771.489369262
3002000,1501000.0,-35.2462158203125,20522.80630526705,20487.56008944674,10584771.489369262
3003000,1501500.0,-35.2462158203125,20522.80630526705,20487.56008944674,10584771.489369262
3004000,1502000.0,-35.2462158203125,20522.80630526705,20487.56008944674,10584771.489369262
3005000,1502500.0,-35.2462158203125,20522.80630526705,20487.56008944674,10584771.489369262
3006000,1503000.0,-35.2462158203125,20522.80630526705,20487.56008944674,10584771.489369262
3007000,1503500.0,-35.2462158203125,20522.80630526705,20487.56008944674,10584771.489369262
3008000,1504000.0,-35.2462158203125,20522.80630526705,20487.56008944674,10584771.489369262
3009000,1504500.0,-35.2462158203125,20522.80630526705,20487.56008944674,10584771.489369262
3010000,1505000.0,-35.2462158203125,20522.80630526705,20487.56008944674,10584771.489369262
3011000,1505500.0,-35.2462158203125,20522.80630526705,20487.56008944674,10584771.489369262
3012000,1506000.0,-35.2462158203125,20522.80630526705,20487.56008944674,10584771.489369262
3013000,1506500.0,-35.2462158203125,20522.80630526705,20487.56008944674,10584771.489369262
3014000,1507000.0,-35.2462158203125,20522.80630526705,20487.56008944674,10584771.489369262
3015000,1507500.0,-35.2462158203125,20522.80630526705,20487.56008944674,10584771.489369262
3016000,1508000.0,-35.2462158203125,20522.80630526705,20487.56008944674,10584771.489369262
3017000,1508500.0,-35.2462158203125,20522.80630526705,20487.56008944674,10584771.489369262
3018000,1509000.0,-35.2462158203125,20522.80630526705,20487.56008944674,10584771.489369262
3019000,1509500.0,-35.2462158203125,20522.80630526705,20487.56008944674,10584771.489369262
3020000,1510000.0,-35.2462158203125,20522.80630526705,20487.56008944674,10584771.489369262
3021000,1510500.0,-35.2462158203125,20522.80630526705,20487.56008944674,10584771.489369262
3022000,1511000.0,-35.2462158203125,20522.80630526705,20487.56008944674,10584771.489369262
3023000,1511500.0,-35.2462158203125,20522.80630526705,20487.56008944674,10584771.489369262
3024000,1512000.0,-35.2462158203125,20522.80630526705,20487.56008944674,10584771.489369262
3025000,1512500.0,-35.2462158203125,20522.80630526705,20487.56008944674,10584771.489369262
3026000,1513000.0,-35.2462158203125,20522.80630526705,20487.56008944674,10584771.489369262
3027000,1513500.0,-35.2462158203125,20522.80630526705,20487.56008944674,10584771.489369262
3028000,1514000.0,-35.2462158203125,20522.80630526705,20487.56008944674,10584771.489369262
3029000,1514500.0,-35.2462158203125,20522.80630526705,20487.56008944674,10584771.489369262
3030000,1515000.0,-35.2462158203125,20522.80630526705,20487.56008944674,10584771.489369262
3031000,1515500.0,-35.2462158203125,20522.80630526705,20487.56008944674,10584771.489369262
3032000,1516000.0,-35.2462158203125,20522.80630526705,20487.56008944674,10584771.489369262
3033000,1516500.0,-35.2462158203125,20522.80630526705,20487.56008944674,10584771.489369262
3034000,1517000.0,-35.2462158203125,20522.80630526705,20487.56008944674,10584771.489369262
3035000,1517500.0,-35.2462158203125,20522.80630526705,20487.56008944674,10584771.489369262
3036000,1518000.0,-35.2462158203125,20522.80630526705,20487.56008944674,10584771.489369262
3037000,1518500.0,-35.2462158203125,20522.80630526705,20487.56008944674,10584771.489369262
3038000,1519000.0,-35.2462158203125,20522.80630526705,20487.56008944674,10584771.489369262
3039000,1519500.0,-35.2462158203125,20522.80630526705,20487.56008944674,10584771.489369262
3040000,1520000.0,-35.2462158203125,20522.80630526705,20487.56008944674,10584771.489369262
3041000,1520500.0,-35.2462158203125,20522.80630526705,20487.56008944674,10584771.489369262
3042000,1521000.0,-35.2462158203125,20522.80630526705,20487.56008944674,10584771.489369262
3043000,1521500.0,-35.2462158203125,20522.80630526705,20487.56008944674,10584771.489369262
3044000,1522000.0,-35.2462158203125,20522.80630526705,20487.56008944674,10584771.489369262
3045000,1522500.0,-35.2462158203125,20522.80630526705,20487.56008944674,10584771.489369262
3046000,1523000.0,-35.2462158203125,20522.80630526705,20487.56008944674,10584771.489369262
3047000,1523500.0,-35.2462158203125,20522.80630526705,20487.56008944674,10584771.489369262
3048000,1524000.0,-35.2462158203125,20522.80630526705,20487.56008944674,10584771.489369262
3049000,1524500.0,-35.2462158203125,20522.80630526705,20487.56008944674,10584771.489369262
3050000,1525000.0,-35.2462158203125,20522.80630526705,20487.56008944674,10584771.489369262
3051000,1525500.0,-35.2462158203125,20522.80630526705,20487.56008944674,10584771.489369262
3052000,1526000.0,-35.2462158203125,20522.80630526705,20487.56008944674,10584771.489369262
3053000,1526500.0,-35.2462158203125,20522.80630526705,20487.56008944674,10584771.489369262
3054000,1527000.0,-35.2462158203125,20522.80630526705,20487.56008944674,10584771.489369262
3055000,1527500.0,-35.2462158203125,20522.80630526705,20487.56008944674,10584771.489369262
3056000,1528000.0,-35.2462158203125,20522.80630526705,20487.56008944674,10584771.489369262
3057000,1528500.0,-35.2462158203125,20522.80630526705,20487.56008944674,10584771.489369262
3058000,1529000.0,-35.2462158203125,20522.80630526705,20487.56008944674,10584771.489369262
3059000,1529500.0,-35.2462158203125,20522.80630526705,20487.56008944674,10584771.489369262
3060000,1530000.0,-35.2462158203125,20522.80630526705,20487.56008944674,10584771.489369262
3061000,1530500.0,-35.2462158203125,20522.80630526705,20487.56008944674,10584771.489369262
3062000,1531000.0,-35.2462158203125,20522.80630526705,20487.56008944674,10584771.489369262
3063000,1531500.0,-35.2462158203125,20522.80630526705,20487.56008944674,10584771.489369262
3064000,1532000.0,-35.2462158203125,20522.80630526705,20487.56008944674,10584771.489369262
3065000,1532500.0,-35.2462158203125,20522.80630526705,20487.56008944674,10584771.489369262
3066000,1533000.0,-35.2462158203125,20522.80630526705,20487.56008944674,10584771.489369262
3067000,1533500.0,-35.2462158203125,20522.80630526705,20487.56008944674,10584771.489369262
3068000,1534000.0,-35.2462158203125,20522.80630526705,20487.56008944674,10584771.489369262
3069000,1534500.0,-35.2462158203125,20522.80630526705,20487.56008944674,10584771.489369262
3070000,1535000.0,-35.2462158203125,20522.80630526705,20487.56008944674,10584771.489369262
3071000,1535500.0,-35.2462158203125,20522.80630526705,20487.56008944674,10584771.489369262
3072000,1536000.0,-35.2462158203125,20522.80630526705,20487.56008944674,10584771.489369262
3073000,1536500.0,-35.2462158203125,20522.80630526705,20487.56008944674,10584771.489369262
3074000,1537000.0,-35.2462158203125,20522.80630526705,20487.56008944674,10584771.489369262
3075000,1537500.0,-35.2462158203125,20522.80630526705,20487.56008944674,10584771.489369262
3076000,1538000.0,-35.2462158203125,20522.80630526705,20487.56008944674,10584771.489369262
3077000,1538500.0,-35.2462158203125,20522.80630526705,20487.56008944674,10584771.489369262
3078000,1539000.0,-35.2462158203125,20522.80630526705,20487.56008944674,10584771.489369262
3079000,1539500.0,-35.2462158203125,20522.80630526705,20487.56008944674,10584771.489369262
3080000,1540000.0,-35.2462158203125,20522.80630526705,20487.56008944674,10584771.489369262
3081000,1540500.0,-35.2462158203125,20522.80630526705,20487.56008944674,10584771.489369262
3082000,1541000.0,-35.2462158203125,20522.80630526705,20487.56008944674,10584771.489369262
3083000,1541500.0,-35.2462158203125,20522.80630526705,20487.56008944674,10584771.489369262
3084000,1542000.0,-35.2462158203125,20522.80630526705,20487.56008944674,10584771.489369262
3085000,1542500.0,-35.2462158203125,20522.80630526705,20487.56008944674,10584771.489369262
3086000,1543000.0,-35.2462158203125,20522.80630526705,20487.56008944674,10584771.489369262
3087000,1543500.0,-35.2462158203125,20522.80630526705,20487.56008944674,10584771.489369262
3088000,1544000.0,-35.2462158203125,20522.80630526705,20487.56008944674,10584771.489369262
3089000,1544500.0,-35.2462158203125,20522.80630526705,20487.56008944674,10584771.489369262
3090000,1545000.0,-35.2462158203125,20522.80630526705,20487.56008944674,10584771.489369262
3091000,1545500.0,-35.2462158203125,20522.80630526705,20487.56008944674,10584771.489369262
3092000,1546000.0,-35.2462158203125,20522.80630526705,20487.56008944674,10584771.489369262
3093000,1546500.0,-35.2462158203125,20522.80630526705,20487.56008944674,10584771.489369262
3094000,1547000.0,-35.2462158203125,20522.80630526705,20487.56008944674,10584771.489369262
3095000,1547500.0,-35.2462158203125,20522.80630526705,20487.56008944674,10584771.489369262
3096000,1548000.0,-35.2462158203125,20522.80630526705,20487.56008944674,10584771.489369262
3097000,1548500.0,-35.2462158203125,20522.80630526705,20487.56008944674,10584771.489369262
3098000,1549000.0,-35.2462158203125,20522.80630526705,20487.56008944674,10584771.489369262
3099000,1549500.0,-35.2462158203125,20522.80630526705,20487.56008944674,10584771.489369262
3100000,1550000.0,-35.2462158203125,20522.80630526705,20487.56008944674,10584771.489369262
3101000,1550500.0,-35.2462158203125,20522.80630526705,20487.56008944674,10584771.489369262
3102000,1551000.0,-35.2462158203125,20522.80630526705,20487.56008944674,10584771.489369262
3103000,1551500.0,-35.2462158203125,20522.80630526705,20487.56008944674,10584771.489369262
3104000,1552000.0,-35.2462158203125,20522.80630526705,20487.56008944674,10584771.489369262
3105000,1552500.0,-35.2462158203125,20522.80630526705,20487.56008944674,10584771.489369262
3106000,1553000.0,-35.2462158203125,20522.80630526705,20487.56008944674,10584771.489369262
3107000,1553500.0,-35.2462158203125,20522.80630526705,20487.56008944674,10584771.489369262
3108000,1554000.0,-35.2462158203125,20522.80630526705,20487.56008944674,10584771.489369262
3109000,1554500.0,-35.2462158203125,20522.80630526705,20487.56008944674,10584771.489369262
3110000,1555000.0,-35.2462158203125,20522.80630526705,20487.56008944674,10584771.489369262
3111000,1555500.0,-35.2462158203125,20522.80630526705,20487.56008944674,10584771.489369262
3112000,1556000.0,-35.2462158203125,20522.80630526705,20487.56008944674,10584771.489369262
3113000,1556500.0,-35.2462158203125,20522.80630526705,20487.56008944674,10584771.489369262
3114000,1557000.0,-35.2462158203125,20522.80630526705,20487.56008944674,10584771.489369262
3115000,1557500.0,-35.2462158203125,20522.80630526705,20487.56008944674,10584771.489369262
3116000,1558000.0,-35.2462158203125,20522.80630526705,20487.56008944674,10584771.489369262
3117000,1558500.0,-35.2462158203125,20522.80630526705,20487.56008944674,10584771.489369262
3118000,1559000.0,-35.2462158203125,20522.80630526705,20487.56008944674,10584771.489369262
3119000,1559500.0,-35.2462158203125,20522.80630526705,20487.56008944674,10584771.489369262
3120000,1560000.0,-35.2462158203125,20522.80630526705,20487.56008944674,10584771.489369262
3121000,1560500.0,-35.2462158203125,20522.80630526705,20487.56008944674,10584771.489369262
3122000,1561000.0,-35.2462158203125,20522.80630526705,20487.56008944674,10584771.489369262
3123000,1561500.0,-35.2462158203125,20522.80630526705,20487.56008944674,10584771.489369262
3124000,1562000.0,-35.2462158203125,20522.80630526705,20487.56008944674,10584771.489369262
3125000,1562500.0,-35.2462158203125,20522.80630526705,20487.56008944674,10584771.489369262
3126000,1563000.0,-35.2462158203125,20522.80630526705,20487.56008944674,10584771.489369262
3127000,1563500.0,-35.2462158203125,20522.80630526705,20487.56008944674,10584771.489369262
3128000,1564000.0,-35.2462158203125,20522.80630526705,20487.56008944674,10584771.489369262
3129000,1564500.0,-35.2462158203125,20522.80630526705,20487.56008944674,10584771.489369262
3130000,1565000.0,-35.2462158203125,20522.80630526705,20487.56008944674,10584771.489369262
3131000,1565500.0,-35.2462158203125,20522.80630526705,20487.56008944674,10584771.489369262
3132000,1566000.0,-35.2462158203125,20522.80630526705,20487.56008944674,10584771.489369262
3133000,1566500.0,-35.2462158203125,20522.80630526705,20487.56008944674,10584771.489369262
3134000,1567000.0,-35.2462158203125,20522.80630526705,20487.56008944674,10584771.489369262
3135000,1567500.0,-35.2462158203125,20522.80630526705,20487.56008944674,10584771.489369262
3136000,1568000.0,-35.2462158203125,20522.80630526705,20487.56008944674,10584771.489369262
3137000,1568500.0,-35.2462158203125,20522.80630526705,20487.56008944674,10584771.489369262
3138000,1569000.0,-35.2462158203125,20522.80630526705,20487.56008944674,10584771.489369262
3139000,1569500.0,-35.2462158203125,20522.80630526705,20487.56008944674,10584771.489369262
3140000,1570000.0,-35.2462158203125,20522.80630526705,20487.56008944674,10584771.489369262
3141000,1570500.0,-35.2462158203125,20522.80630526705,20487.56008944674,10584771.489369262
3142000,1571000.0,-35.2462158203125,20522.80630526705,20487.56008944674,10584771.489369262
3143000,1571500.0,-35.2462158203125,20522.80630526705,20487.56008944674,10584771.489369262
3144000,1572000.0,-35.2462158203125,20522.80630526705,20487.56008944674,10584771.489369262
3145000,1572500.0,-35.2462158203125,20522.80630526705,20487.56008944674,10584771.489369262
3146000,1573000.0,-35.2462158203125,20522.80630526705,20487.56008944674,10584771.489369262
3147000,1573500.0,-35.2462158203125,20522.80630526705,20487.56008944674,10584771.489369262
3148000,1574000.0,-35.2462158203125,20522.80630526705,20487.56008944674,10584771.489369262
3149000,1574500.0,-35.2462158203125,20522.80630526705,20487.56008944674,10584771.489369262
3150000,1575000.0,-35.2462158203125,20522.80630526705,20487.56008944674,10584771.489369262
3151000,1575500.0,-35.2462158203125,20522.80630526705,20487.56008944674,10584771.489369262
3152000,1576000.0,-35.2462158203125,20522.80630526705,20487.56008944674,10584771.489369262
3153000,1576500.0,-35.2462158203125,20522.80630526705,20487.56008944674,10584771.489369262
3154000,1577000.0,-35.2462158203125,20522.80630526705,20487.56008944674,10584771.489369262
3155000,1577500.0,-35.2462158203125,20522.80630526705,20487.56008944674,10584771.489369262
3156000,1578000.0,-35.2462158203125,20522.80630526705,20487.56008944674,10584771.489369262
3157000,1578500.0,-35.2462158203125,20522.80630526705,20487.56008944674,10584771.489369262
3158000,1579000.0,-35.2462158203125,20522.80630526705,20487.56008944674,10584771.489369262
3159000,1579500.0,-35.2462158203125,20522.80630526705,20487.56008944674,10584771.489369262
3160000,1580000.0,-35.2462158203125,20522.80630526705,20487.56008944674,10584771.489369262
3161000,1580500.0,-35.2462158203125,20522.80630526705,20487.56008944674,10584771.489369262
3162000,1581000.0,-35.2462158203125,20522.80630526705,20487.56008944674,10584771.489369262
3163000,1581500.0,-35.2462158203125,20522.80630526705,20487.56008944674,10584771.489369262
3164000,1582000.0,-35.2462158203125,20522.80630526705,20487.56008944674,10584771.489369262
3165000,1582500.0,-35.2462158203125,20522.80630526705,20487.56008944674,10584771.489369262
3166000,1583000.0,-35.2462158203125,20522.80630526705,20487.56008944674,10584771.489369262
3167000,1583500.0,-35.2462158203125,20522.80630526705,20487.56008944674,10584771.489369262
3168000,1584000.0,-35.2462158203125,20522.80630526705,20487.56008944674,10584771.489369262
3169000,1584500.0,-35.2462158203125,20522.80630526705,20487.56008944674,10584771.489369262
3170000,1585000.0,-35.2462158203125,20522.80630526705,20487.56008944674,10584771.489369262
3171000,1585500.0,-35.2462158203125,20522.80630526705,20487.56008944674,10584771.489369262
3172000,1586000.0,-35.2462158203125,20522.80630526705,20487.56008944674,10584771.489369262
3173000,1586500.0,-35.2462158203125,20522.80630526705,20487.56008944674,10584771.489369262
3174000,1587000.0,-35.2462158203125,20522.80630526705,20487.56008944674,10584771.489369262
3175000,1587500.0,-35.2462158203125,20522.80630526705,20487.56008944674,10584771.489369262
3176000,1588000.0,-35.2462158203125,20522.80630526705,20487.56008944674,10584771.489369262
3177000,1588500.0,-35.2462158203125,20522.80630526705,20487.56008944674,10584771.489369262
3178000,1589000.0,-35.2462158203125,20522.80630526705,20487.56008944674,10584771.489369262
3179000,1589500.0,-35.2462158203125,20522.80630526705,20487.56008944674,10584771.489369262
3180000,1590000.0,-35.2462158203125,20522.80630526705,20487.56008944674,10584771.489369262
3181000,1590500.0,-35.2462158203125,20522.80630526705,20487.56008944674,10584771.489369262
3182000,1591000.0,-35.2462158203125,20522.80630526705,20487.56008944674,10584771.489369262
3183000,1591500.0,-35.2462158203125,20522.80630526705,20487.56008944674,10584771.489369262
3184000,1592000.0,-35.2462158203125,20522.80630526705,20487.56008944674,10584771.489369262
3185000,1592500.0,-35.2462158203125,20522.80630526705,20487.56008944674,10584771.489369262
3186000,1593000.0,-35.2462158203125,20522.80630526705,20487.56008944674,10584771.489369262
3187000,1593500.0,-35.2462158203125,20522.80630526705,20487.56008944674,10584771.489369262
3188000,1594000.0,-35.2462158203125,20522.80630526705,20487.56008944674,10584771.489369262
3189000,1594500.0,-35.2462158203125,20522.80630526705,20487.56008944674,10584771.489369262
3190000,1595000.0,-35.2462158203125,20522.80630526705,20487.56008944674,10584771.489369262
3191000,1595500.0,-35.2462158203125,20522.80630526705,20487.56008944674,10584771.489369262
3192000,1596000.0,-35.2462158203125,20522.80630526705,20487.56008944674,10584771.489369262
3193000,1596500.0,-35.2462158203125,20522.80630526705,20487.56008944674,10584771.489369262
3194000,1597000.0,-35.2462158203125,20522.80630526705,20487.56008944674,10584771.489369262
3195000,1597500.0,-35.2462158203125,20522.80630526705,20487.56008944674,10584771.489369262
3196000,1598000.0,-35.2462158203125,20522.80630526705,20487.56008944674,10584771.489369262
3197000,1598500.0,-35.2462158203125,20522.80630526705,20487.56008944674,10584771.489369262
3198000,1599000.0,-35.2462158203125,20522.80630526705,20487.56008944674,10584771.489369262
3199000,1599500.0,-35.2462158203125,20522.80630526705,20487.56008944674,10584771.489369262
3200000,1600000.0,-35.2462158203125,20522.80630526705,20487.56008944674,10584771.489369262
3201000,1600500.0,-35.2462158203125,20522.80630526705,20487.56008944674,10584771.489369262
3202000,1601000.0,-35.2462158203125,20522.80630526705,20487.56008944674,10584771.489369262
3203000,1601500.0,-35.2462158203125,20522.80630526705,20487.56008944674,10584771.489369262
3204000,1602000.0,-35.2462158203125,20522.80630526705,20487.56008944674,10584771.489369262
3205000,1602500.0,-35.2462158203125,20522.80630526705,20487.56008944674,10584771.489369262
3206000,1603000.0,-35.2462158203125,20522.80630526705,20487.56008944674,10584771.489369262
3207000,1603500.0,-35.2462158203125,20522.80630526705,20487.56008944674,10584771.489369262
3208000,1604000.0,-35.2462158203125,20522.80630526705,20487.56008944674,10584771.489369262
3209000,1604500.0,-35.2462158203125,20522.80630526705,20487.56008944674,10584771.489369262
3210000,1605000.0,-35.2462158203125,20522.80630526705,20487.56008944674,10584771.489369262
3211000,1605500.0,-35.2462158203125,20522.80630526705,20487.56008944674,10584771.489369262
3212000,1606000.0,-35.2462158203125,20522.80630526705,20487.56008944674,10584771.489369262
3213000,1606500.0,-35.2462158203125,20522.80630526705,20487.56008944674,10584771.489369262
3214000,1607000.0,-35.2462158203125,20522.80630526705,20487.56008944674,10584771.489369262
3215000,1607500.0,-35.2462158203125,20522.80630526705,20487.56008944674,10584771.489369262
3216000,1608000.0,-35.2462158203125,20522.80630526705,20487.56008944674,10584771.489369262
3217000,1608500.0,-35.2462158203125,20522.80630526705,20487.56008944674,10584771.489369262
3218000,1609000.0,-35.2462158203125,20522.80630526705,20487.56008944674,10584771.489369262
3219000,1609500.0,-35.2462158203125,20522.80630526705,20487.56008944674,10584771.489369262
3220000,1610000.0,-35.2462158203125,20522.80630526705,20487.56008944674,10584771.489369262
3221000,1610500.0,-35.2462158203125,20522.80630526705,20487.56008944674,10584771.489369262
3222000,1611000.0,-35.2462158203125,20522.80630526705,20487.56008944674,10584771.489369262
3223000,1611500.0,-35.2462158203125,20522.80630526705,20487.56008944674,10584771.489369262
3224000,1612000.0,-35.2462158203125,20522.80630526705,20487.56008944674,10584771.489369262
3225000,1612500.0,-35.2462158203125,20522.80630526705,20487.56008944674,10584771.489369262
3226000,1613000.0,-35.2462158203125,20522.80630526705,20487.56008944674,10584771.489369262
3227000,1613500.0,-35.2462158203125,20522.80630526705,20487.56008944674,10584771.489369262
3228000,1614000.0,-35.2462158203125,20522.80630526705,20487.56008944674,10584771.489369262
3229000,1614500.0,-35.2462158203125,20522.80630526705,20487.56008944674,10584771.489369262
3230000,1615000.0,-35.2462158203125,20522.80630526705,20487.56008944674,10584771.489369262
3231000,1615500.0,-35.2462158203125,20522.80630526705,20487.56008944674,10584771.489369262
3232000,1616000.0,-35.2462158203125,20522.80630526705,20487.56008944674,10584771.489369262
3233000,1616500.0,-35.2462158203125,20522.80630526705,20487.56008944674,10584771.489369262
3234000,1617000.0,-35.2462158203125,20522.80630526705,20487.56008944674,10584771.489369262
3235000,1617500.0,-35.2462158203125,20522.80630526705,20487.56008944674,10584771.489369262
3236000,1618000.0,-35.2462158203125,20522.80630526705,20487.56008944674,10584771.489369262
3237000,1618500.0,-35.2462158203125,20522.80630526705,20487.56008944674,10584771.489369262
3238000,1619000.0,-35.2462158203125,20522.80630526705,20487.56008944674,10584771.489369262
3239000,1619500.0,-35.2462158203125,20522.80630526705,20487.56008944674,10584771.489369262
3240000,1620000.0,-35.2462158203125,20522.80630526705,20487.56008944674,10584771.489369262
3241000,1620500.0,-35.2462158203125,20522.80630526705,20487.56008944674,10584771.489369262
3242000,1621000.0,-35.2462158203125,20522.80630526705,20487.56008944674,10584771.489369262
3243000,1621500.0,-35.2462158203125,20522.80630526705,20487.56008944674,10584771.489369262
3244000,1622000.0,-35.2462158203125,20522.80630526705,20487.56008944674,10584771.489369262
3245000,1622500.0,-35.2462158203125,20522.80630526705,20487.56008944674,10584771.489369262
3246000,1623000.0,-35.2462158203125,20522.80630526705,20487.56008944674,10584771.489369262
3247000,1623500.0,-35.2462158203125,20522.80630526705,20487.56008944674,10584771.489369262
3248000,1624000.0,-35.2462158203125,20522.80630526705,20487.56008944674,10584771.489369262
3249000,1624500.0,-35.2462158203125,20522.80630526705,20487.56008944674,10584771.489369262
3250000,1625000.0,-35.2462158203125,20522.80630526705,20487.56008944674,10584771.489369262
3251000,1625500.0,-35.2462158203125,20522.80630526705,20487.56008944674,10584771.489369262
3252000,1626000.0,-35.2462158203125,20522.80630526705,20487.56008944674,10584771.489369262
3253000,1626500.0,-35.2462158203125,20522.80630526705,20487.56008944674,10584771.489369262
3254000,1627000.0,-35.2462158203125,20522.80630526705,20487.56008944674,10584771.489369262
3255000,1627500.0,-35.2462158203125,20522.80630526705,20487.56008944674,10584771.489369262
3256000,1628000.0,-35.2462158203125,20522.80630526705,20487.56008944674,10584771.489369262
3257000,1628500.0,-35.2462158203125,20522.80630526705,20487.56008944674,10584771.489369262
3258000,1629000.0,-35.2462158203125,20522.80630526705,20487.56008944674,10584771.489369262
3259000,1629500.0,-35.2462158203125,20522.80630526705,20487.56008944674,10584771.489369262
3260000,1630000.0,-35.2462158203125,20522.80630526705,20487.56008944674,10584771.489369262
3261000,1630500.0,-35.2462158203125,20522.80630526705,20487.56008944674,10584771.489369262
3262000,1631000.0,-35.2462158203125,20522.80630526705,20487.56008944674,10584771.489369262
3263000,1631500.0,-35.2462158203125,20522.80630526705,20487.56008944674,10584771.489369262
3264000,1632000.0,-35.2462158203125,20522.80630526705,20487.56008944674,10584771.489369262
3265000,1632500.0,-35.2462158203125,20522.80630526705,20487.56008944674,10584771.489369262
3266000,1633000.0,-35.2462158203125,20522.80630526705,20487.56008944674,10584771.489369262
3267000,1633500.0,-35.2462158203125,20522.80630526705,20487.56008944674,10584771.489369262
3268000,1634000.0,-35.2462158203125,20522.80630526705,20487.56008944674,10584771.489369262
3269000,1634500.0,-35.2462158203125,20522.80630526705,20487.56008944674,10584771.489369262
3270000,1635000.0,-35.2462158203125,20522.80630526705,20487.56008944674,10584771.489369262
3271000,1635500.0,-35.2462158203125,20522.80630526705,20487.56008944674,10584771.489369262
3272000,1636000.0,-35.2462158203125,20522.80630526705,20487.56008944674,10584771.489369262
3273000,1636500.0,-35.2462158203125,20522.80630526705,20487.56008944674,10584771.489369262
3274000,1637000.0,-35.2462158203125,20522.80630526705,20487.56008944674,10584771.489369262
3275000,1637500.0,-35.2462158203125,20522.80630526705,20487.56008944674,10584771.489369262
3276000,1638000.0,-35.2462158203125,20522.80630526705,20487.56008944674,10584771.489369262
3277000,1638500.0,-35.2462158203125,20522.80630526705,20487.56008944674,10584771.489369262
3278000,1639000.0,-35.2462158203125,20522.80630526705,20487.56008944674,10584771.489369262
3279000,1639500.0,-35.2462158203125,20522.80630526705,20487.56008944674,10584771.489369262
3280000,1640000.0,-35.2462158203125,20522.80630526705,20487.56008944674,10584771.489369262
3281000,1640500.0,-35.2462158203125,20522.80630526705,20487.56008944674,10584771.489369262
3282000,1641000.0,-35.2462158203125,20522.80630526705,20487.56008944674,10584771.489369262
3283000,1641500.0,-35.2462158203125,20522.80630526705,20487.56008944674,10584771.489369262
3284000,1642000.0,-35.2462158203125,20522.80630526705,20487.56008944674,10584771.489369262
3285000,1642500.0,-35.2462158203125,20522.80630526705,20487.56008944674,10584771.489369262
3286000,1643000.0,-35.2462158203125,20522.80630526705,20487.56008944674,10584771.489369262
3287000,1643500.0,-35.2462158203125,20522.80630526705,20487.56008944674,10584771.489369262
3288000,1644000.0,-35.2462158203125,20522.80630526705,20487.56008944674,10584771.489369262
3289000,1644500.0,-35.2462158203125,20522.80630526705,20487.56008944674,10584771.489369262
3290000,1645000.0,-35.2462158203125,20522.80630526705,20487.56008944674,10584771.489369262
3291000,1645500.0,-35.2462158203125,20522.80630526705,20487.56008944674,10584771.489369262
3292000,1646000.0,-35.2462158203125,20522.80630526705,20487.56008944674,10584771.489369262
3293000,1646500.0,-35.2462158203125,20522.80630526705,20487.56008944674,10584771.489369262
3294000,1647000.0,-35.2462158203125,20522.80630526705,20487.56008944674,10584771.489369262
3295000,1647500.0,-35.2462158203125,20522.80630526705,20487.56008944674,10584771.489369262
3296000,1648000.0,-35.2462158203125,20522.80630526705,20487.56008944674,10584771.489369262
3297000,1648500.0,-35.2462158203125,20522.80630526705,20487.56008944674,10584771.489369262
3298000,1649000.0,-35.2462158203125,20522.80630526705,20487.56008944674,10584771.489369262
3299000,1649500.0,-35.2462158203125,20522.80630526705,20487.56008944674,10584771.489369262
3300000,1650000.0,-35.2462158203125,20522.80630526705,20487.56008944674,10584771.489369262
3301000,1650500.0,-35.2462158203125,20522.80630526705,20487.56008944674,10584771.489369262
3302000,1651000.0,-35.2462158203125,20522.80630526705,20487.56008944674,10584771.489369262
3303000,1651500.0,-35.2462158203125,20522.80630526705,20487.56008944674,10584771.489369262
3304000,1652000.0,-35.2462158203125,20522.80630526705,20487.56008944674,10584771.489369262
3305000,1652500.0,-35.2462158203125,20522.80630526705,20487.56008944674,10584771.489369262
3306000,1653000.0,-35.2462158203125,20522.80630526705,20487.56008944674,10584771.489369262
3307000,1653500.0,-35.2462158203125,20522.80630526705,20487.56008944674,10584771.489369262
3308000,1654000.0,-35.2462158203125,20522.80630526705,20487.56008944674,10584771.489369262
3309000,1654500.0,-35.2462158203125,20522.80630526705,20487.56008944674,10584771.489369262
3310000,1655000.0,-35.2462158203125,20522.80630526705,20487.56008944674,10584771.489369262
3311000,1655500.0,-35.2462158203125,20522.80630526705,20487.56008944674,10584771.489369262
3312000,1656000.0,-35.2462158203125,20522.80630526705,20487.56008944674,10584771.489369262
3313000,1656500.0,-35.2462158203125,20522.80630526705,20487.56008944674,10584771.489369262
3314000,1657000.0,-35.2462158203125,20522.80630526705,20487.56008944674,10584771.489369262
3315000,1657500.0,-35.2462158203125,20522.80630526705,20487.56008944674,10584771.489369262
3316000,1658000.0,-35.2462158203125,20522.80630526705,20487.56008944674,10584771.489369262
3317000,1658500.0,-35.2462158203125,20522.80630526705,20487.56008944674,10584771.489369262
3318000,1659000.0,-35.2462158203125,20522.80630526705,20487.56008944674,10584771.489369262
3319000,1659500.0,-35.2462158203125,20522.80630526705,20487.56008944674,10584771.489369262
3320000,1660000.0,-35.2462158203125,20522.80630526705,20487.56008944674,10584771.489369262
3321000,1660500.0,-35.2462158203125,20522.80630526705,20487.56008944674,10584771.489369262
3322000,1661000.0,-35.2462158203125,20522.80630526705,20487.56008944674,10584771.489369262
3323000,1661500.0,-35.2462158203125,20522.80630526705,20487.56008944674,10584771.489369262
3324000,1662000.0,-35.2462158203125,20522.80630526705,20487.56008944674,10584771.489369262
3325000,1662500.0,-35.2462158203125,20522.80630526705,20487.56008944674,10584771.489369262
3326000,1663000.0,-35.2462158203125,20522.80630526705,20487.56008944674,10584771.489369262
3327000,1663500.0,-35.2462158203125,20522.80630526705,20487.56008944674,10584771.489369262
3328000,1664000.0,-35.2462158203125,20522.80630526705,20487.56008944674,10584771.489369262
3329000,1664500.0,-35.2462158203125,20522.80630526705,20487.56008944674,10584771.489369262
3330000,1665000.0,-35.2462158203125,20522.80630526705,20487.56008944674,10584771.489369262
3331000,1665500.0,-35.2462158203125,20522.80630526705,20487.56008944674,10584771.489369262
3332000,1666000.0,-35.2462158203125,20522.80630526705,20487.56008944674,10584771.489369262
3333000,1666500.0,-35.2462158203125,20522.80630526705,20487.56008944674,10584771.489369262
3334000,1667000.0,-35.2462158203125,20522.80630526705,20487.56008944674,10584771.489369262
3335000,1667500.0,-35.2462158203125,20522.80630526705,20487.56008944674,10584771.489369262
3336000,1668000.0,-35.2462158203125,20522.80630526705,20487.56008944674,10584771.489369262
3337000,1668500.0,-35.2462158203125,20522.80630526705,20487.56008944674,10584771.489369262
3338000,1669000.0,-35.2462158203125,20522.80630526705,20487.56008944674,10584771.489369262
3339000,1669500.0,-35.2462158203125,20522.80630526705,20487.56008944674,10584771.489369262
3340000,1670000.0,-35.2462158203125,20522.80630526705,20487.56008944674,10584771.489369262
3341000,1670500.0,-35.2462158203125,20522.80630526705,20487.56008944674,10584771.489369262
3342000,1671000.0,-35.2462158203125,20522.80630526705,20487.56008944674,10584771.489369262
3343000,1671500.0,-35.2462158203125,20522.80630526705,20487.56008944674,10584771.489369262
3344000,1672000.0,-35.2462158203125,20522.80630526705,20487.56008944674,10584771.489369262
3345000,1672500.0,-35.2462158203125,20522.80630526705,20487.56008944674,10584771.489369262
3346000,1673000.0,-35.2462158203125,20522.80630526705,20487.56008944674,10584771.489369262
3347000,1673500.0,-35.2462158203125,20522.80630526705,20487.56008944674,10584771.489369262
3348000,1674000.0,-35.2462158203125,20522.80630526705,20487.56008944674,10584771.489369262
3349000,1674500.0,-35.2462158203125,20522.80630526705,20487.56008944674,10584771.489369262
3350000,1675000.0,-35.2462158203125,20522.80630526705,20487.56008944674,10584771.489369262
3351000,1675500.0,-35.2462158203125,20522.80630526705,20487.56008944674,10584771.489369262
3352000,1676000.0,-35.2462158203125,20522.80630526705,20487.56008944674,10584771.489369262
3353000,1676500.0,-35.2462158203125,20522.80630526705,20487.56008944674,10584771.489369262
3354000,1677000.0,-35.2462158203125,20522.80630526705,20487.56008944674,10584771.489369262
3355000,1677500.0,-35.2462158203125,20522.80630526705,20487.56008944674,10584771.489369262
3356000,1678000.0,-35.2462158203125,20522.80630526705,20487.56008944674,10584771.489369262
3357000,1678500.0,-35.2462158203125,20522.80630526705,20487.56008944674,10584771.489369262
3358000,1679000.0,-35.2462158203125,20522.80630526705,20487.56008944674,10584771.489369262
3359000,1679500.0,-35.2462158203125,20522.80630526705,20487.56008944674,10584771.489369262
3360000,1680000.0,-35.2462158203125,20522.80630526705,20487.56008944674,10584771.489369262
3361000,1680500.0,-35.2462158203125,20522.80630526705,20487.56008944674,10584771.489369262
3362000,1681000.0,-35.2462158203125,20522.80630526705,20487.56008944674,10584771.489369262
3363000,1681500.0,-35.2462158203125,20522.80630526705,20487.56008944674,10584771.489369262
3364000,1682000.0,-35.2462158203125,20522.80630526705,20487.56008944674,10584771.489369262
3365000,1682500.0,-35.2462158203125,20522.80630526705,20487.56008944674,10584771.489369262
3366000,1683000.0,-35.2462158203125,20522.80630526705,20487.56008944674,10584771.489369262
3367000,1683500.0,-35.2462158203125,20522.80630526705,20487.56008944674,10584771.489369262
3368000,1684000.0,-35.2462158203125,20522.80630526705,20487.56008944674,10584771.489369262
3369000,1684500.0,-35.2462158203125,20522.80630526705,20487.56008944674,10584771.489369262
3370000,1685000.0,-35.2462158203125,20522.80630526705,20487.56008944674,10584771.489369262
3371000,1685500.0,-35.2462158203125,20522.80630526705,20487.56008944674,10584771.489369262
3372000,1686000.0,-35.2462158203125,20522.80630526705,20487.56008944674,10584771.489369262
3373000,1686500.0,-35.2462158203125,20522.80630526705,20487.56008944674,10584771.489369262
3374000,1687000.0,-35.2462158203125,20522.80630526705,20487.56008944674,10584771.489369262
3375000,1687500.0,-35.2462158203125,20522.80630526705,20487.56008944674,10584771.489369262
3376000,1688000.0,-35.2462158203125,20522.80630526705,20487.56008944674,10584771.489369262
3377000,1688500.0,-35.2462158203125,20522.80630526705,20487.56008944674,10584771.489369262
3378000,1689000.0,-35.2462158203125,20522.80630526705,20487.56008944674,10584771.489369262
3379000,1689500.0,-35.2462158203125,20522.80630526705,20487.56008944674,10584771.489369262
3380000,1690000.0,-35.2462158203125,20522.80630526705,20487.56008944674,10584771.489369262
3381000,1690500.0,-35.2462158203125,20522.80630526705,20487.56008944674,10584771.489369262
3382000,1691000.0,-35.2462158203125,20522.80630526705,20487.56008944674,10584771.489369262
3383000,1691500.0,-35.2462158203125,20522.80630526705,20487.56008944674,10584771.489369262
3384000,1692000.0,-35.2462158203125,20522.80630526705,20487.56008944674,10584771.489369262
3385000,1692500.0,-35.2462158203125,20522.80630526705,20487.56008944674,10584771.489369262
3386000,1693000.0,-35.2462158203125,20522.80630526705,20487.56008944674,10584771.489369262
3387000,1693500.0,-35.2462158203125,20522.80630526705,20487.56008944674,10584771.489369262
3388000,1694000.0,-35.2462158203125,20522.80630526705,20487.56008944674,10584771.489369262
3389000,1694500.0,-35.2462158203125,20522.80630526705,20487.56008944674,10584771.489369262
3390000,1695000.0,-35.2462158203125,20522.80630526705,20487.56008944674,10584771.489369262
3391000,1695500.0,-35.2462158203125,20522.80630526705,20487.56008944674,10584771.489369262
3392000,1696000.0,-35.2462158203125,20522.80630526705,20487.56008944674,10584771.489369262
3393000,1696500.0,-35.2462158203125,20522.80630526705,20487.56008944674,10584771.489369262
3394000,1697000.0,-35.2462158203125,20522.80630526705,20487.56008944674,10584771.489369262
3395000,1697500.0,-35.2462158203125,20522.80630526705,20487.56008944674,10584771.489369262
3396000,1698000.0,-35.2462158203125,20522.80630526705,20487.56008944674,10584771.489369262
3397000,1698500.0,-35.2462158203125,20522.80630526705,20487.56008944674,10584771.489369262
3398000,1699000.0,-35.2462158203125,20522.80630526705,20487.56008944674,10584771.489369262
3399000,1699500.0,-35.2462158203125,20522.80630526705,20487.56008944674,10584771.489369262
3400000,1700000.0,-35.2462158203125,20522.80630526705,20487.56008944674,10584771.489369262
3401000,1700500.0,-35.2462158203125,20522.80630526705,20487.56008944674,10584771.489369262
3402000,1701000.0,-35.2462158203125,20522.80630526705,20487.56008944674,10584771.489369262
3403000,1701500.0,-35.2462158203125,20522.80630526705,20487.56008944674,10584771.489369262
3404000,1702000.0,-35.2462158203125,20522.80630526705,20487.56008944674,10584771.489369262
3405000,1702500.0,-35.2462158203125,20522.80630526705,20487.56008944674,10584771.489369262
3406000,1703000.0,-35.2462158203125,20522.80630526705,20487.56008944674,10584771.489369262
3407000,1703500.0,-35.2462158203125,20522.80630526705,20487.56008944674,10584771.489369262
3408000,1704000.0,-35.2462158203125,20522.80630526705,20487.56008944674,10584771.489369262
3409000,1704500.0,-35.2462158203125,20522.80630526705,20487.56008944674,10584771.489369262
3410000,1705000.0,-35.2462158203125,20522.80630526705,20487.56008944674,10584771.489369262
3411000,1705500.0,-35.2462158203125,20522.80630526705,20487.56008944674,10584771.489369262
3412000,1706000.0,-35.2462158203125,20522.80630526705,20487.56008944674,10584771.489369262
3413000,1706500.0,-35.2462158203125,20522.80630526705,20487.56008944674,10584771.489369262
3414000,1707000.0,-35.2462158203125,20522.80630526705,20487.56008944674,10584771.489369262
3415000,1707500.0,-35.2462158203125,20522.80630526705,20487.56008944674,10584771.489369262
3416000,1708000.0,-35.2462158203125,20522.80630526705,20487.56008944674,10584771.489369262
3417000,1708500.0,-35.2462158203125,20522.80630526705,20487.56008944674,10584771.489369262
3418000,1709000.0,-35.2462158203125,20522.80630526705,20487.56008944674,10584771.489369262
3419000,1709500.0,-35.2462158203125,20522.80630526705,20487.56008944674,10584771.489369262
3420000,1710000.0,-35.2462158203125,20522.80630526705,20487.56008944674,10584771.489369262
3421000,1710500.0,-35.2462158203125,20522.80630526705,20487.56008944674,10584771.489369262
3422000,1711000.0,-35.2462158203125,20522.80630526705,20487.56008944674,10584771.489369262
3423000,1711500.0,-35.2462158203125,20522.80630526705,20487.56008944674,10584771.489369262
3424000,1712000.0,-35.2462158203125,20522.80630526705,20487.56008944674,10584771.489369262
3425000,1712500.0,-35.2462158203125,20522.80630526705,20487.56008944674,10584771.489369262
3426000,1713000.0,-35.2462158203125,20522.80630526705,20487.56008944674,10584771.489369262
3427000,1713500.0,-35.2462158203125,20522.80630526705,20487.56008944674,10584771.489369262
3428000,1714000.0,-35.2462158203125,20522.80630526705,20487.56008944674,10584771.489369262
3429000,1714500.0,-35.2462158203125,20522.80630526705,20487.56008944674,10584771.489369262
3430000,1715000.0,-35.2462158203125,20522.80630526705,20487.56008944674,10584771.489369262
3431000,1715500.0,-35.2462158203125,20522.80630526705,20487.56008944674,10584771.489369262
3432000,1716000.0,-35.2462158203125,20522.80630526705,20487.56008944674,10584771.489369262
3433000,1716500.0,-35.2462158203125,20522.80630526705,20487.56008944674,10584771.489369262
3434000,1717000.0,-35.2462158203125,20522.80630526705,20487.56008944674,10584771.489369262
3435000,1717500.0,-35.2462158203125,20522.80630526705,20487.56008944674,10584771.489369262
3436000,1718000.0,-35.2462158203125,20522.80630526705,20487.56008944674,10584771.489369262
3437000,1718500.0,-35.2462158203125,20522.80630526705,20487.56008944674,10584771.489369262
3438000,1719000.0,-35.2462158203125,20522.80630526705,20487.56008944674,10584771.489369262
3439000,1719500.0,-35.2462158203125,20522.80630526705,20487.56008944674,10584771.489369262
3440000,1720000.0,-35.2462158203125,20522.80630526705,20487.56008944674,10584771.489369262
3441000,1720500.0,-35.2462158203125,20522.80630526705,20487.56008944674,10584771.489369262
3442000,1721000.0,-35.2462158203125,20522.80630526705,20487.56008944674,10584771.489369262
3443000,1721500.0,-35.2462158203125,20522.80630526705,20487.56008944674,10584771.489369262
3444000,1722000.0,-35.2462158203125,20522.80630526705,20487.56008944674,10584771.489369262
3445000,1722500.0,-35.2462158203125,20522.80630526705,20487.56008944674,10584771.489369262
3446000,1723000.0,-35.2462158203125,20522.80630526705,20487.56008944674,10584771.489369262
3447000,1723500.0,-35.2462158203125,20522.80630526705,20487.56008944674,10584771.489369262
3448000,1724000.0,-35.2462158203125,20522.80630526705,20487.56008944674,10584771.489369262
3449000,1724500.0,-35.2462158203125,20522.80630526705,20487.56008944674,10584771.489369262
3450000,1725000.0,-35.2462158203125,20522.80630526705,20487.56008944674,10584771.489369262
3451000,1725500.0,-35.2462158203125,20522.80630526705,20487.56008944674,10584771.489369262
3452000,1726000.0,-35.2462158203125,20522.80630526705,20487.56008944674,10584771.489369262
3453000,1726500.0,-35.2462158203125,20522.80630526705,20487.56008944674,10584771.489369262
3454000,1727000.0,-35.2462158203125,20522.80630526705,20487.56008944674,10584771.489369262
3455000,1727500.0,-35.2462158203125,20522.80630526705,20487.56008944674,10584771.489369262
3456000,1728000.0,-35.2462158203125,20522.80630526705,20487.56008944674,10584771.489369262
3457000,1728500.0,-35.2462158203125,20522.80630526705,20487.56008944674,10584771.489369262
3458000,1729000.0,-35.2462158203125,20522.80630526705,20487.56008944674,10584771.489369262
3459000,1729500.0,-35.2462158203125,20522.80630526705,20487.56008944674,10584771.489369262
3460000,1730000.0,-35.2462158203125,20522.80630526705,20487.56008944674,10584771.489369262
3461000,1730500.0,-35.2462158203125,20522.80630526705,20487.56008944674,10584771.489369262
3462000,1731000.0,-35.2462158203125,20522.80630526705,20487.56008944674,10584771.489369262
3463000,1731500.0,-35.2462158203125,20522.80630526705,20487.56008944674,10584771.489369262
3464000,1732000.0,-35.2462158203125,20522.80630526705,20487.56008944674,10584771.489369262
3465000,1732500.0,-35.2462158203125,20522.80630526705,20487.56008944674,10584771.489369262
3466000,1733000.0,-35.2462158203125,20522.80630526705,20487.56008944674,10584771.489369262
3467000,1733500.0,-35.2462158203125,20522.80630526705,20487.56008944674,10584771.489369262
3468000,1734000.0,-35.2462158203125,20522.80630526705,20487.56008944674,10584771.489369262
3469000,1734500.0,-35.2462158203125,20522.80630526705,20487.56008944674,10584771.489369262
3470000,1735000.0,-35.2462158203125,20522.80630526705,20487.56008944674,10584771.489369262
3471000,1735500.0,-35.2462158203125,20522.80630526705,20487.56008944674,10584771.489369262
3472000,1736000.0,-35.2462158203125,20522.80630526705,20487.56008944674,10584771.489369262
3473000,1736500.0,-35.2462158203125,20522.80630526705,20487.56008944674,10584771.489369262
3474000,1737000.0,-35.2462158203125,20522.80630526705,20487.56008944674,10584771.489369262
3475000,1737500.0,-35.2462158203125,20522.80630526705,20487.56008944674,10584771.489369262
3476000,1738000.0,-35.2462158203125,20522.80630526705,20487.56008944674,10584771.489369262
3477000,1738500.0,-35.2462158203125,20522.80630526705,20487.56008944674,10584771.489369262
3478000,1739000.0,-35.2462158203125,20522.80630526705,20487.56008944674,10584771.489369262
3479000,1739500.0,-35.2462158203125,20522.80630526705,20487.56008944674,10584771.489369262
3480000,1740000.0,-35.2462158203125,20522.80630526705,20487.56008944674,10584771.489369262
3481000,1740500.0,-35.2462158203125,20522.80630526705,20487.56008944674,10584771.489369262
3482000,1741000.0,-35.2462158203125,20522.80630526705,20487.56008944674,10584771.489369262
3483000,1741500.0,-35.2462158203125,20522.80630526705,20487.56008944674,10584771.489369262
3484000,1742000.0,-35.2462158203125,20522.80630526705,20487.56008944674,10584771.489369262
3485000,1742500.0,-35.2462158203125,20522.80630526705,20487.56008944674,10584771.489369262
3486000,1743000.0,-35.2462158203125,20522.80630526705,20487.56008944674,10584771.489369262
3487000,1743500.0,-35.2462158203125,20522.80630526705,20487.56008944674,10584771.489369262
3488000,1744000.0,-35.2462158203125,20522.80630526705,20487.56008944674,10584771.489369262
3489000,1744500.0,-35.2462158203125,20522.80630526705,20487.56008944674,10584771.489369262
3490000,1745000.0,-35.2462158203125,20522.80630526705,20487.56008944674,10584771.489369262
3491000,1745500.0,-35.2462158203125,20522.80630526705,20487.56008944674,10584771.489369262
3492000,1746000.0,-35.2462158203125,20522.80630526705,20487.56008944674,10584771.489369262
3493000,1746500.0,-35.2462158203125,20522.80630526705,20487.56008944674,10584771.489369262
3494000,1747000.0,-35.2462158203125,20522.80630526705,20487.56008944674,10584771.489369262
3495000,1747500.0,-35.2462158203125,20522.80630526705,20487.56008944674,10584771.489369262
3496000,1748000.0,-35.2462158203125,20522.80630526705,20487.56008944674,10584771.489369262
3497000,1748500.0,-35.2462158203125,20522.80630526705,20487.56008944674,10584771.489369262
3498000,1749000.0,-35.2462158203125,20522.80630526705,20487.56008944674,10584771.489369262
3499000,1749500.0,-35.2462158203125,20522.80630526705,20487.56008944674,10584771.489369262
3500000,1750000.0,-35.2462158203125,20522.80630526705,20487.56008944674,10584771.489369262
3501000,1750500.0,-35.2462158203125,20522.80630526705,20487.56008944674,10584771.489369262
3502000,1751000.0,-35.2462158203125,20522.80630526705,20487.56008944674,10584771.489369262
3503000,1751500.0,-35.2462158203125,20522.80630526705,20487.56008944674,10584771.489369262
3504000,1752000.0,-35.2462158203125,20522.80630526705,20487.56008944674,10584771.489369262
3505000,1752500.0,-35.2462158203125,20522.80630526705,20487.56008944674,10584771.489369262
3506000,1753000.0,-35.2462158203125,20522.80630526705,20487.56008944674,10584771.489369262
3507000,1753500.0,-35.2462158203125,20522.80630526705,20487.56008944674,10584771.489369262
3508000,1754000.0,-35.2462158203125,20522.80630526705,20487.56008944674,10584771.489369262
3509000,1754500.0,-35.2462158203125,20522.80630526705,20487.56008944674,10584771.489369262
3510000,1755000.0,-35.2462158203125,20522.80630526705,20487.56008944674,10584771.489369262
3511000,1755500.0,-35.2462158203125,20522.80630526705,20487.56008944674,10584771.489369262
3512000,1756000.0,-35.2462158203125,20522.80630526705,20487.56008944674,10584771.489369262
3513000,1756500.0,-35.2462158203125,20522.80630526705,20487.56008944674,10584771.489369262
3514000,1757000.0,-35.2462158203125,20522.80630526705,20487.56008944674,10584771.489369262
3515000,1757500.0,-35.2462158203125,20522.80630526705,20487.56008944674,10584771.489369262
3516000,1758000.0,-35.2462158203125,20522.80630526705,20487.56008944674,10584771.489369262
3517000,1758500.0,-35.2462158203125,20522.80630526705,20487.56008944674,10584771.489369262
3518000,1759000.0,-35.2462158203125,20522.80630526705,20487.56008944674,10584771.489369262
3519000,1759500.0,-35.2462158203125,20522.80630526705,20487.56008944674,10584771.489369262
3520000,1760000.0,-35.2462158203125,20522.80630526705,20487.56008944674,10584771.489369262
3521000,1760500.0,-35.2462158203125,20522.80630526705,20487.56008944674,10584771.489369262
3522000,1761000.0,-35.2462158203125,20522.80630526705,20487.56008944674,10584771.489369262
3523000,1761500.0,-35.2462158203125,20522.80630526705,20487.56008944674,10584771.489369262
3524000,1762000.0,-35.2462158203125,20522.80630526705,20487.56008944674,10584771.489369262
3525000,1762500.0,-35.2462158203125,20522.80630526705,20487.56008944674,10584771.489369262
3526000,1763000.0,-35.2462158203125,20522.80630526705,20487.56008944674,10584771.489369262
3527000,1763500.0,-35.2462158203125,20522.80630526705,20487.56008944674,10584771.489369262
3528000,1764000.0,-35.2462158203125,20522.80630526705,20487.56008944674,10584771.489369262
3529000,1764500.0,-35.2462158203125,20522.80630526705,20487.56008944674,10584771.489369262
3530000,1765000.0,-35.2462158203125,20522.80630526705,20487.56008944674,10584771.489369262
3531000,1765500.0,-35.2462158203125,20522.80630526705,20487.56008944674,10584771.489369262
3532000,1766000.0,-35.2462158203125,20522.80630526705,20487.56008944674,10584771.489369262
3533000,1766500.0,-35.2462158203125,20522.80630526705,20487.56008944674,10584771.489369262
3534000,1767000.0,-35.2462158203125,20522.80630526705,20487.56008944674,10584771.489369262
3535000,1767500.0,-35.2462158203125,20522.80630526705,20487.56008944674,10584771.489369262
3536000,1768000.0,-35.2462158203125,20522.80630526705,20487.56008944674,10584771.489369262
3537000,1768500.0,-35.2462158203125,20522.80630526705,20487.56008944674,10584771.489369262
3538000,1769000.0,-35.2462158203125,20522.80630526705,20487.56008944674,10584771.489369262
3539000,1769500.0,-35.2462158203125,20522.80630526705,20487.56008944674,10584771.489369262
3540000,1770000.0,-35.2462158203125,20522.80630526705,20487.56008944674,10584771.489369262
3541000,1770500.0,-35.2462158203125,20522.80630526705,20487.56008944674,10584771.489369262
3542000,1771000.0,-35.2462158203125,20522.80630526705,20487.56008944674,10584771.489369262
3543000,1771500.0,-35.2462158203125,20522.80630526705,20487.56008944674,10584771.489369262
3544000,1772000.0,-35.2462158203125,20522.80630526705,20487.56008944674,10584771.489369262
3545000,1772500.0,-35.2462158203125,20522.80630526705,20487.56008944674,10584771.489369262
3546000,1773000.0,-35.2462158203125,20522.80630526705,20487.56008944674,10584771.489369262
3547000,1773500.0,-35.2462158203125,20522.80630526705,20487.56008944674,10584771.489369262
3548000,1774000.0,-35.2462158203125,20522.80630526705,20487.56008944674,10584771.489369262
3549000,1774500.0,-35.2462158203125,20522.80630526705,20487.56008944674,10584771.489369262
3550000,1775000.0,-35.2462158203125,20522.80630526705,20487.56008944674,10584771.489369262
3551000,1775500.0,-35.2462158203125,20522.80630526705,20487.56008944674,10584771.489369262
3552000,1776000.0,-35.2462158203125,20522.80630526705,20487.56008944674,10584771.489369262
3553000,1776500.0,-35.2462158203125,20522.80630526705,20487.56008944674,10584771.489369262
3554000,1777000.0,-35.2462158203125,20522.80630526705,20487.56008944674,10584771.489369262
3555000,1777500.0,-35.2462158203125,20522.80630526705,20487.56008944674,10584771.489369262
3556000,1778000.0,-35.2462158203125,20522.80630526705,20487.56008944674,10584771.489369262
3557000,1778500.0,-35.2462158203125,20522.80630526705,20487.56008944674,10584771.489369262
3558000,1779000.0,-35.2462158203125,20522.80630526705,20487.56008944674,10584771.489369262
3559000,1779500.0,-35.2462158203125,20522.80630526705,20487.56008944674,10584771.489369262
3560000,1780000.0,-35.2462158203125,20522.80630526705,20487.56008944674,10584771.489369262
3561000,1780500.0,-35.2462158203125,20522.80630526705,20487.56008944674,10584771.489369262
3562000,1781000.0,-35.2462158203125,20522.80630526705,20487.56008944674,10584771.489369262
3563000,1781500.0,-35.2462158203125,20522.80630526705,20487.56008944674,10584771.489369262
3564000,1782000.0,-35.2462158203125,20522.80630526705,20487.56008944674,10584771.489369262
3565000,1782500.0,-35.2462158203125,20522.80630526705,20487.56008944674,10584771.489369262
3566000,1783000.0,-35.2462158203125,20522.80630526705,20487.56008944674,10584771.489369262
3567000,1783500.0,-35.2462158203125,20522.80630526705,20487.56008944674,10584771.489369262
3568000,1784000.0,-35.2462158203125,20522.80630526705,20487.56008944674,10584771.489369262
3569000,1784500.0,-35.2462158203125,20522.80630526705,20487.56008944674,10584771.489369262
3570000,1785000.0,-35.2462158203125,20522.80630526705,20487.56008944674,10584771.489369262
3571000,1785500.0,-35.2462158203125,20522.80630526705,20487.56008944674,10584771.489369262
3572000,1786000.0,-35.2462158203125,20522.80630526705,20487.56008944674,10584771.489369262
3573000,1786500.0,-35.2462158203125,20522.80630526705,20487.56008944674,10584771.489369262
3574000,1787000.0,-35.2462158203125,20522.80630526705,20487.56008944674,10584771.489369262
3575000,1787500.0,-35.2462158203125,20522.80630526705,20487.56008944674,10584771.489369262
3576000,1788000.0,-35.2462158203125,20522.80630526705,20487.56008944674,10584771.489369262
3577000,1788500.0,-35.2462158203125,20522.80630526705,20487.56008944674,10584771.489369262
3578000,1789000.0,-35.2462158203125,20522.80630526705,20487.56008944674,10584771.489369262
3579000,1789500.0,-35.2462158203125,20522.80630526705,20487.56008944674,10584771.489369262
3580000,1790000.0,-35.2462158203125,20522.80630526705,20487.56008944674,10584771.489369262
3581000,1790500.0,-35.2462158203125,20522.80630526705,20487.56008944674,10584771.489369262
3582000,1791000.0,-35.2462158203125,20522.80630526705,20487.56008944674,10584771.489369262
3583000,1791500.0,-35.2462158203125,20522.80630526705,20487.56008944674,10584771.489369262
3584000,1792000.0,-35.2462158203125,20522.80630526705,20487.56008944674,10584771.489369262
3585000,1792500.0,-35.2462158203125,20522.80630526705,20487.56008944674,10584771.489369262
3586000,1793000.0,-35.2462158203125,20522.80630526705,20487.56008944674,10584771.489369262
3587000,1793500.0,-35.2462158203125,20522.80630526705,20487.56008944674,10584771.489369262
3588000,1794000.0,-35.2462158203125,20522.80630526705,20487.56008944674,10584771.489369262
3589000,1794500.0,-35.2462158203125,20522.80630526705,20487.56008944674,10584771.489369262
3590000,1795000.0,-35.2462158203125,20522.80630526705,20487.56008944674,10584771.489369262
3591000,1795500.0,-35.2462158203125,20522.80630526705,20487.56008944674,10584771.489369262
3592000,1796000.0,-35.2462158203125,20522.80630526705,20487.56008944674,10584771.489369262
3593000,1796500.0,-35.2462158203125,20522.80630526705,20487.56008944674,10584771.489369262
3594000,1797000.0,-35.2462158203125,20522.80630526705,20487.56008944674,10584771.489369262
3595000,1797500.0,-35.2462158203125,20522.80630526705,20487.56008944674,10584771.489369262
3596000,1798000.0,-35.2462158203125,20522.80630526705,20487.56008944674,10584771.489369262
3597000,1798500.0,-35.2462158203125,20522.80630526705,20487.56008944674,10584771.489369262
3598000,1799000.0,-35.2462158203125,20522.80630526705,20487.56008944674,10584771.489369262
3599000,1799500.0,-35.2462158203125,20522.80630526705,20487.56008944674,10584771.489369262
3600000,1800000.0,-35.2462158203125,20522.80630526705,20487.56008944674,10584771.489369262
3601000,1800500.0,-35.2462158203125,20522.80630526705,20487.56008944674,10584771.489369262
3602000,1801000.0,-35.2462158203125,20522.80630526705,20487.56008944674,10584771.489369262
3603000,1801500.0,-35.2462158203125,20522.80630526705,20487.56008944674,10584771.489369262
3604000,1802000.0,-35.2462158203125,20522.80630526705,20487.56008944674,10584771.489369262
3605000,1802500.0,-35.2462158203125,20522.80630526705,20487.56008944674,10584771.489369262
3606000,1803000.0,-35.2462158203125,20522.80630526705,20487.56008944674,10584771.489369262
3607000,1803500.0,-35.2462158203125,20522.80630526705,20487.56008944674,10584771.489369262
3608000,1804000.0,-35.2462158203125,20522.80630526705,20487.56008944674,10584771.489369262
3609000,1804500.0,-35.2462158203125,20522.80630526705,20487.56008944674,10584771.489369262
3610000,1805000.0,-35.2462158203125,20522.80630526705,20487.56008944674,10584771.489369262
3611000,1805500.0,-35.2462158203125,20522.80630526705,20487.56008944674,10584771.489369262
3612000,1806000.0,-35.2462158203125,20522.80630526705,20487.56008944674,10584771.489369262
3613000,1806500.0,-35.2462158203125,20522.80630526705,20487.56008944674,10584771.489369262
3614000,1807000.0,-35.2462158203125,20522.80630526705,20487.56008944674,10584771.489369262
3615000,1807500.0,-35.2462158203125,20522.80630526705,20487.56008944674,10584771.489369262
3616000,1808000.0,-35.2462158203125,20522.80630526705,20487.56008944674,10584771.489369262
3617000,1808500.0,-35.2462158203125,20522.80630526705,20487.56008944674,10584771.489369262
3618000,1809000.0,-35.2462158203125,20522.80630526705,20487.56008944674,10584771.489369262
3619000,1809500.0,-35.2462158203125,20522.80630526705,20487.56008944674,10584771.489369262
3620000,1810000.0,-35.2462158203125,20522.80630526705,20487.56008944674,10584771.489369262
3621000,1810500.0,-35.2462158203125,20522.80630526705,20487.56008944674,10584771.489369262
3622000,1811000.0,-35.2462158203125,20522.80630526705,20487.56008944674,10584771.489369262
3623000,1811500.0,-35.2462158203125,20522.80630526705,20487.56008944674,10584771.489369262
3624000,1812000.0,-35.2462158203125,20522.80630526705,20487.56008944674,10584771.489369262
3625000,1812500.0,-35.2462158203125,20522.80630526705,20487.56008944674,10584771.489369262
3626000,1813000.0,-35.2462158203125,20522.80630526705,20487.56008944674,10584771.489369262
3627000,1813500.0,-35.2462158203125,20522.80630526705,20487.56008944674,10584771.489369262
3628000,1814000.0,-35.2462158203125,20522.80630526705,20487.56008944674,10584771.489369262
3629000,1814500.0,-35.2462158203125,20522.80630526705,20487.56008944674,10584771.489369262
3630000,1815000.0,-35.2462158203125,20522.80630526705,20487.56008944674,10584771.489369262
3631000,1815500.0,-35.2462158203125,20522.80630526705,20487.56008944674,10584771.489369262
3632000,1816000.0,-35.2462158203125,20522.80630526705,20487.56008944674,10584771.489369262
3633000,1816500.0,-35.2462158203125,20522.80630526705,20487.56008944674,10584771.489369262
3634000,1817000.0,-35.2462158203125,20522.80630526705,20487.56008944674,10584771.489369262
3635000,1817500.0,-35.2462158203125,20522.80630526705,20487.56008944674,10584771.489369262
3636000,1818000.0,-35.2462158203125,20522.80630526705,20487.56008944674,10584771.489369262
3637000,1818500.0,-35.2462158203125,20522.80630526705,20487.56008944674,10584771.489369262
3638000,1819000.0,-35.2462158203125,20522.80630526705,20487.56008944674,10584771.489369262
3639000,1819500.0,-35.2462158203125,20522.80630526705,20487.56008944674,10584771.489369262
3640000,1820000.0,-35.2462158203125,20522.80630526705,20487.56008944674,10584771.489369262
3641000,1820500.0,-35.2462158203125,20522.80630526705,20487.56008944674,10584771.489369262
3642000,1821000.0,-35.2462158203125,20522.80630526705,20487.56008944674,10584771.489369262
3643000,1821500.0,-35.2462158203125,20522.80630526705,20487.56008944674,10584771.489369262
3644000,1822000.0,-35.2462158203125,20522.80630526705,20487.56008944674,10584771.489369262
3645000,1822500.0,-35.2462158203125,20522.80630526705,20487.56008944674,10584771.489369262
3646000,1823000.0,-35.2462158203125,20522.80630526705,20487.56008944674,10584771.489369262
3647000,1823500.0,-35.2462158203125,20522.80630526705,20487.56008944674,10584771.489369262
3648000,1824000.0,-35.2462158203125,20522.80630526705,20487.56008944674,10584771.489369262
3649000,1824500.0,-35.2462158203125,20522.80630526705,20487.56008944674,10584771.489369262
3650000,1825000.0,-35.2462158203125,20522.80630526705,20487.56008944674,10584771.489369262
3651000,1825500.0,-35.2462158203125,20522.80630526705,20487.56008944674,10584771.489369262
3652000,1826000.0,-35.2462158203125,20522.80630526705,20487.56008944674,10584771.489369262
3653000,1826500.0,-35.2462158203125,20522.80630526705,20487.56008944674,10584771.489369262
3654000,1827000.0,-35.2462158203125,20522.80630526705,20487.56008944674,10584771.489369262
3655000,1827500.0,-35.2462158203125,20522.80630526705,20487.56008944674,10584771.489369262
3656000,1828000.0,-35.2462158203125,20522.80630526705,20487.56008944674,10584771.489369262
3657000,1828500.0,-35.2462158203125,20522.80630526705,20487.56008944674,10584771.489369262
3658000,1829000.0,-35.2462158203125,20522.80630526705,20487.56008944674,10584771.489369262
3659000,1829500.0,-35.2462158203125,20522.80630526705,20487.56008944674,10584771.489369262
3660000,1830000.0,-35.2462158203125,20522.80630526705,20487.56008944674,10584771.489369262
3661000,1830500.0,-35.2462158203125,20522.80630526705,20487.56008944674,10584771.489369262
3662000,1831000.0,-35.2462158203125,20522.80630526705,20487.56008944674,10584771.489369262
3663000,1831500.0,-35.2462158203125,20522.80630526705,20487.56008944674,10584771.489369262
3664000,1832000.0,-35.2462158203125,20522.80630526705,20487.56008944674,10584771.489369262
3665000,1832500.0,-35.2462158203125,20522.80630526705,20487.56008944674,10584771.489369262
3666000,1833000.0,-35.2462158203125,20522.80630526705,20487.56008944674,10584771.489369262
3667000,1833500.0,-35.2462158203125,20522.80630526705,20487.56008944674,10584771.489369262
3668000,1834000.0,-35.2462158203125,20522.80630526705,20487.56008944674,10584771.489369262
3669000,1834500.0,-35.2462158203125,20522.80630526705,20487.56008944674,10584771.489369262
3670000,1835000.0,-35.2462158203125,20522.80630526705,20487.56008944674,10584771.489369262
3671000,1835500.0,-35.2462158203125,20522.80630526705,20487.56008944674,10584771.489369262
3672000,1836000.0,-35.2462158203125,20522.80630526705,20487.56008944674,10584771.489369262
3673000,1836500.0,-35.2462158203125,20522.80630526705,20487.56008944674,10584771.489369262
3674000,1837000.0,-35.2462158203125,20522.80630526705,20487.56008944674,10584771.489369262
3675000,1837500.0,-35.2462158203125,20522.80630526705,20487.56008944674,10584771.489369262
3676000,1838000.0,-35.2462158203125,20522.80630526705,20487.56008944674,10584771.489369262
3677000,1838500.0,-35.2462158203125,20522.80630526705,20487.56008944674,10584771.489369262
3678000,1839000.0,-35.2462158203125,20522.80630526705,20487.56008944674,10584771.489369262
3679000,1839500.0,-35.2462158203125,20522.80630526705,20487.56008944674,10584771.489369262
3680000,1840000.0,-35.2462158203125,20522.80630526705,20487.56008944674,10584771.489369262
3681000,1840500.0,-35.2462158203125,20522.80630526705,20487.56008944674,10584771.489369262
3682000,1841000.0,-35.2462158203125,20522.80630526705,20487.56008944674,10584771.489369262
3683000,1841500.0,-35.2462158203125,20522.80630526705,20487.56008944674,10584771.489369262
3684000,1842000.0,-35.2462158203125,20522.80630526705,20487.56008944674,10584771.489369262
3685000,1842500.0,-35.2462158203125,20522.80630526705,20487.56008944674,10584771.489369262
3686000,1843000.0,-35.2462158203125,20522.80630526705,20487.56008944674,10584771.489369262
3687000,1843500.0,-35.2462158203125,20522.80630526705,20487.56008944674,10584771.489369262
3688000,1844000.0,-35.2462158203125,20522.80630526705,20487.56008944674,10584771.489369262
3689000,1844500.0,-35.2462158203125,20522.80630526705,20487.56008944674,10584771.489369262
3690000,1845000.0,-35.2462158203125,20522.80630526705,20487.56008944674,10584771.489369262
3691000,1845500.0,-35.2462158203125,20522.80630526705,20487.56008944674,10584771.489369262
3692000,1846000.0,-35.2462158203125,20522.80630526705,20487.56008944674,10584771.489369262
3693000,1846500.0,-35.2462158203125,20522.80630526705,20487.56008944674,10584771.489369262
3694000,1847000.0,-35.2462158203125,20522.80630526705,20487.56008944674,10584771.489369262
3695000,1847500.0,-35.2462158203125,20522.80630526705,20487.56008944674,10584771.489369262
3696000,1848000.0,-35.2462158203125,20522.80630526705,20487.56008944674,10584771.489369262
3697000,1848500.0,-35.2462158203125,20522.80630526705,20487.56008944674,10584771.489369262
3698000,1849000.0,-35.2462158203125,20522.80630526705,20487.56008944674,10584771.489369262
3699000,1849500.0,-35.2462158203125,20522.80630526705,20487.56008944674,10584771.489369262
3700000,1850000.0,-35.2462158203125,20522.80630526705,20487.56008944674,10584771.489369262
3701000,1850500.0,-35.2462158203125,20522.80630526705,20487.56008944674,10584771.489369262
3702000,1851000.0,-35.2462158203125,20522.80630526705,20487.56008944674,10584771.489369262
3703000,1851500.0,-35.2462158203125,20522.80630526705,20487.56008944674,10584771.489369262
3704000,1852000.0,-35.2462158203125,20522.80630526705,20487.56008944674,10584771.489369262
3705000,1852500.0,-35.2462158203125,20522.80630526705,20487.56008944674,10584771.489369262
3706000,1853000.0,-35.2462158203125,20522.80630526705,20487.56008944674,10584771.489369262
3707000,1853500.0,-35.2462158203125,20522.80630526705,20487.56008944674,10584771.489369262
3708000,1854000.0,-35.2462158203125,20522.80630526705,20487.56008944674,10584771.489369262
3709000,1854500.0,-35.2462158203125,20522.80630526705,20487.56008944674,10584771.489369262
3710000,1855000.0,-35.2462158203125,20522.80630526705,20487.56008944674,10584771.489369262
3711000,1855500.0,-35.2462158203125,20522.80630526705,20487.56008944674,10584771.489369262
3712000,1856000.0,-35.2462158203125,20522.80630526705,20487.56008944674,10584771.489369262
3713000,1856500.0,-35.2462158203125,20522.80630526705,20487.56008944674,10584771.489369262
3714000,1857000.0,-35.2462158203125,20522.80630526705,20487.56008944674,10584771.489369262
3715000,1857500.0,-35.2462158203125,20522.80630526705,20487.56008944674,10584771.489369262
3716000,1858000.0,-35.2462158203125,20522.80630526705,20487.56008944674,10584771.489369262
3717000,1858500.0,-35.2462158203125,20522.80630526705,20487.56008944674,10584771.489369262
3718000,1859000.0,-35.2462158203125,20522.80630526705,20487.56008944674,10584771.489369262
3719000,1859500.0,-35.2462158203125,20522.80630526705,20487.56008944674,10584771.489369262
3720000,1860000.0,-35.2462158203125,20522.80630526705,20487.56008944674,10584771.489369262
3721000,1860500.0,-35.2462158203125,20522.80630526705,20487.56008944674,10584771.489369262
3722000,1861000.0,-35.2462158203125,20522.80630526705,20487.56008944674,10584771.489369262
3723000,1861500.0,-35.2462158203125,20522.80630526705,20487.56008944674,10584771.489369262
3724000,1862000.0,-35.2462158203125,20522.80630526705,20487.56008944674,10584771.489369262
3725000,1862500.0,-35.2462158203125,20522.80630526705,20487.56008944674,10584771.489369262
3726000,1863000.0,-35.2462158203125,20522.80630526705,20487.56008944674,10584771.489369262
3727000,1863500.0,-35.2462158203125,20522.80630526705,20487.56008944674,10584771.489369262
3728000,1864000.0,-35.2462158203125,20522.80630526705,20487.56008944674,10584771.489369262
3729000,1864500.0,-35.2462158203125,20522.80630526705,20487.56008944674,10584771.489369262
3730000,1865000.0,-35.2462158203125,20522.80630526705,20487.56008944674,10584771.489369262
3731000,1865500.0,-35.2462158203125,20522.80630526705,20487.56008944674,10584771.489369262
3732000,1866000.0,-35.2462158203125,20522.80630526705,20487.56008944674,10584771.489369262
3733000,1866500.0,-35.2462158203125,20522.80630526705,20487.56008944674,10584771.489369262
3734000,1867000.0,-35.2462158203125,20522.80630526705,20487.56008944674,10584771.489369262
3735000,1867500.0,-35.2462158203125,20522.80630526705,20487.56008944674,10584771.489369262
3736000,1868000.0,-35.2462158203125,20522.80630526705,20487.56008944674,10584771.489369262
3737000,1868500.0,-35.2462158203125,20522.80630526705,20487.56008944674,10584771.489369262
3738000,1869000.0,-35.2462158203125,20522.80630526705,20487.56008944674,10584771.489369262
3739000,1869500.0,-35.2462158203125,20522.80630526705,20487.56008944674,10584771.489369262
3740000,1870000.0,-35.2462158203125,20522.80630526705,20487.56008944674,10584771.489369262
3741000,1870500.0,-35.2462158203125,20522.80630526705,20487.56008944674,10584771.489369262
3742000,1871000.0,-35.2462158203125,20522.80630526705,20487.56008944674,10584771.489369262
3743000,1871500.0,-35.2462158203125,20522.80630526705,20487.56008944674,10584771.489369262
3744000,1872000.0,-35.2462158203125,20522.80630526705,20487.56008944674,10584771.489369262
3745000,1872500.0,-35.2462158203125,20522.80630526705,20487.56008944674,10584771.489369262
3746000,1873000.0,-35.2462158203125,20522.80630526705,20487.56008944674,10584771.489369262
3747000,1873500.0,-35.2462158203125,20522.80630526705,20487.56008944674,10584771.489369262
3748000,1874000.0,-35.2462158203125,20522.80630526705,20487.56008944674,10584771.489369262
3749000,1874500.0,-35.2462158203125,20522.80630526705,20487.56008944674,10584771.489369262
3750000,1875000.0,-35.2462158203125,20522.80630526705,20487.56008944674,10584771.489369262
3751000,1875500.0,-35.2462158203125,20522.80630526705,20487.56008944674,10584771.489369262
3752000,1876000.0,-35.2462158203125,20522.80630526705,20487.56008944674,10584771.489369262
3753000,1876500.0,-35.2462158203125,20522.80630526705,20487.56008944674,10584771.489369262
3754000,1877000.0,-35.2462158203125,20522.80630526705,20487.56008944674,10584771.489369262
3755000,1877500.0,-35.2462158203125,20522.80630526705,20487.56008944674,10584771.489369262
3756000,1878000.0,-35.2462158203125,20522.80630526705,20487.56008944674,10584771.489369262
3757000,1878500.0,-35.2462158203125,20522.80630526705,20487.56008944674,10584771.489369262
3758000,1879000.0,-35.2462158203125,20522.80630526705,20487.56008944674,10584771.489369262
3759000,1879500.0,-35.2462158203125,20522.80630526705,20487.56008944674,10584771.489369262
3760000,1880000.0,-35.2462158203125,20522.80630526705,20487.56008944674,10584771.489369262
3761000,1880500.0,-35.2462158203125,20522.80630526705,20487.56008944674,10584771.489369262
3762000,1881000.0,-35.2462158203125,20522.80630526705,20487.56008944674,10584771.489369262
3763000,1881500.0,-35.2462158203125,20522.80630526705,20487.56008944674,10584771.489369262
3764000,1882000.0,-35.2462158203125,20522.80630526705,20487.56008944674,10584771.489369262
3765000,1882500.0,-35.2462158203125,20522.80630526705,20487.56008944674,10584771.489369262
3766000,1883000.0,-35.2462158203125,20522.80630526705,20487.56008944674,10584771.489369262
3767000,1883500.0,-35.2462158203125,20522.80630526705,20487.56008944674,10584771.489369262
3768000,1884000.0,-35.2462158203125,20522.80630526705,20487.56008944674,10584771.489369262
3769000,1884500.0,-35.2462158203125,20522.80630526705,20487.56008944674,10584771.489369262
3770000,1885000.0,-35.2462158203125,20522.80630526705,20487.56008944674,10584771.489369262
3771000,1885500.0,-35.2462158203125,20522.80630526705,20487.56008944674,10584771.489369262
3772000,1886000.0,-35.2462158203125,20522.80630526705,20487.56008944674,10584771.489369262
3773000,1886500.0,-35.2462158203125,20522.80630526705,20487.56008944674,10584771.489369262
3774000,1887000.0,-35.2462158203125,20522.80630526705,20487.56008944674,10584771.489369262
3775000,1887500.0,-35.2462158203125,20522.80630526705,20487.56008944674,10584771.489369262
3776000,1888000.0,-35.2462158203125,20522.80630526705,20487.56008944674,10584771.489369262
3777000,1888500.0,-35.2462158203125,20522.80630526705,20487.56008944674,10584771.489369262
3778000,1889000.0,-35.2462158203125,20522.80630526705,20487.56008944674,10584771.489369262
3779000,1889500.0,-35.2462158203125,20522.80630526705,20487.56008944674,10584771.489369262
3780000,1890000.0,-35.2462158203125,20522.80630526705,20487.56008944674,10584771.489369262
3781000,1890500.0,-35.2462158203125,20522.80630526705,20487.56008944674,10584771.489369262
3782000,1891000.0,-35.2462158203125,20522.80630526705,20487.56008944674,10584771.489369262
3783000,1891500.0,-35.2462158203125,20522.80630526705,20487.56008944674,10584771.489369262
3784000,1892000.0,-35.2462158203125,20522.80630526705,20487.56008944674,10584771.489369262
3785000,1892500.0,-35.2462158203125,20522.80630526705,20487.56008944674,10584771.489369262
3786000,1893000.0,-35.2462158203125,20522.80630526705,20487.56008944674,10584771.489369262
3787000,1893500.0,-35.2462158203125,20522.80630526705,20487.56008944674,10584771.489369262
3788000,1894000.0,-35.2462158203125,20522.80630526705,20487.56008944674,10584771.489369262
3789000,1894500.0,-35.2462158203125,20522.80630526705,20487.56008944674,10584771.489369262
3790000,1895000.0,-35.2462158203125,20522.80630526705,20487.56008944674,10584771.489369262
3791000,1895500.0,-35.2462158203125,20522.80630526705,20487.56008944674,10584771.489369262
3792000,1896000.0,-35.2462158203125,20522.80630526705,20487.56008944674,10584771.489369262
3793000,1896500.0,-35.2462158203125,20522.80630526705,20487.56008944674,10584771.489369262
3794000,1897000.0,-35.2462158203125,20522.80630526705,20487.56008944674,10584771.489369262
3795000,1897500.0,-35.2462158203125,20522.80630526705,20487.56008944674,10584771.489369262
3796000,1898000.0,-35.2462158203125,20522.80630526705,20487.56008944674,10584771.489369262
3797000,1898500.0,-35.2462158203125,20522.80630526705,20487.56008944674,10584771.489369262
3798000,1899000.0,-35.2462158203125,20522.80630526705,20487.56008944674,10584771.489369262
3799000,1899500.0,-35.2462158203125,20522.80630526705,20487.56008944674,10584771.489369262
3800000,1900000.0,-35.2462158203125,20522.80630526705,20487.56008944674,10584771.489369262
3801000,1900500.0,-35.2462158203125,20522.80630526705,20487.56008944674,10584771.489369262
3802000,1901000.0,-35.2462158203125,20522.80630526705,20487.56008944674,10584771.489369262
3803000,1901500.0,-35.2462158203125,20522.80630526705,20487.56008944674,10584771.489369262
3804000,1902000.0,-35.2462158203125,20522.80630526705,20487.56008944674,10584771.489369262
3805000,1902500.0,-35.2462158203125,20522.80630526705,20487.56008944674,10584771.489369262
3806000,1903000.0,-35.2462158203125,20522.80630526705,20487.56008944674,10584771.489369262
3807000,1903500.0,-35.2462158203125,20522.80630526705,20487.56008944674,10584771.489369262
3808000,1904000.0,-35.2462158203125,20522.80630526705,20487.56008944674,10584771.489369262
3809000,1904500.0,-35.2462158203125,20522.80630526705,20487.56008944674,10584771.489369262
3810000,1905000.0,-35.2462158203125,20522.80630526705,20487.56008944674,10584771.489369262
3811000,1905500.0,-35.2462158203125,20522.80630526705,20487.56008944674,10584771.489369262
3812000,1906000.0,-35.2462158203125,20522.80630526705,20487.56008944674,10584771.489369262
3813000,1906500.0,-35.2462158203125,20522.80630526705,20487.56008944674,10584771.489369262
3814000,1907000.0,-35.2462158203125,20522.80630526705,20487.56008944674,10584771.489369262
3815000,1907500.0,-35.2462158203125,20522.80630526705,20487.56008944674,10584771.489369262
3816000,1908000.0,-35.2462158203125,20522.80630526705,20487.56008944674,10584771.489369262
3817000,1908500.0,-35.2462158203125,20522.80630526705,20487.56008944674,10584771.489369262
3818000,1909000.0,-35.2462158203125,20522.80630526705,20487.56008944674,10584771.489369262
3819000,1909500.0,-35.2462158203125,20522.80630526705,20487.56008944674,10584771.489369262
3820000,1910000.0,-35.2462158203125,20522.80630526705,20487.56008944674,10584771.489369262
3821000,1910500.0,-35.2462158203125,20522.80630526705,20487.56008944674,10584771.489369262
3822000,1911000.0,-35.2462158203125,20522.80630526705,20487.56008944674,10584771.489369262
3823000,1911500.0,-35.2462158203125,20522.80630526705,20487.56008944674,10584771.489369262
3824000,1912000.0,-35.2462158203125,20522.80630526705,20487.56008944674,10584771.489369262
3825000,1912500.0,-35.2462158203125,20522.80630526705,20487.56008944674,10584771.489369262
3826000,1913000.0,-35.2462158203125,20522.80630526705,20487.56008944674,10584771.489369262
3827000,1913500.0,-35.2462158203125,20522.80630526705,20487.56008944674,10584771.489369262
3828000,1914000.0,-35.2462158203125,20522.80630526705,20487.56008944674,10584771.489369262
3829000,1914500.0,-35.2462158203125,20522.80630526705,20487.56008944674,10584771.489369262
3830000,1915000.0,-35.2462158203125,20522.80630526705,20487.56008944674,10584771.489369262
3831000,1915500.0,-35.2462158203125,20522.80630526705,20487.56008944674,10584771.489369262
3832000,1916000.0,-35.2462158203125,20522.80630526705,20487.56008944674,10584771.489369262
3833000,1916500.0,-35.2462158203125,20522.80630526705,20487.56008944674,10584771.489369262
3834000,1917000.0,-35.2462158203125,20522.80630526705,20487.56008944674,10584771.489369262
3835000,1917500.0,-35.2462158203125,20522.80630526705,20487.56008944674,10584771.489369262
3836000,1918000.0,-35.2462158203125,20522.80630526705,20487.56008944674,10584771.489369262
3837000,1918500.0,-35.2462158203125,20522.80630526705,20487.56008944674,10584771.489369262
3838000,1919000.0,-35.2462158203125,20522.80630526705,20487.56008944674,10584771.489369262
3839000,1919500.0,-35.2462158203125,20522.80630526705,20487.56008944674,10584771.489369262
3840000,1920000.0,-35.2462158203125,20522.80630526705,20487.56008944674,10584771.489369262
3841000,1920500.0,-35.2462158203125,20522.80630526705,20487.56008944674,10584771.489369262
3842000,1921000.0,-35.2462158203125,20522.80630526705,20487.56008944674,10584771.489369262
3843000,1921500.0,-35.2462158203125,20522.80630526705,20487.56008944674,10584771.489369262
3844000,1922000.0,-35.2462158203125,20522.80630526705,20487.56008944674,10584771.489369262
3845000,1922500.0,-35.2462158203125,20522.80630526705,20487.56008944674,10584771.489369262
3846000,1923000.0,-35.2462158203125,20522.80630526705,20487.56008944674,10584771.489369262
3847000,1923500.0,-35.2462158203125,20522.80630526705,20487.56008944674,10584771.489369262
3848000,1924000.0,-35.2462158203125,20522.80630526705,20487.56008944674,10584771.489369262
3849000,1924500.0,-35.2462158203125,20522.80630526705,20487.56008944674,10584771.489369262
3850000,1925000.0,-35.2462158203125,20522.80630526705,20487.56008944674,10584771.489369262
3851000,1925500.0,-35.2462158203125,20522.80630526705,20487.56008944674,10584771.489369262
3852000,1926000.0,-35.2462158203125,20522.80630526705,20487.56008944674,10584771.489369262
3853000,1926500.0,-35.2462158203125,20522.80630526705,20487.56008944674,10584771.489369262
3854000,1927000.0,-35.2462158203125,20522.80630526705,20487.56008944674,10584771.489369262
3855000,1927500.0,-35.2462158203125,20522.80630526705,20487.56008944674,10584771.489369262
3856000,1928000.0,-35.2462158203125,20522.80630526705,20487.56008944674,10584771.489369262
3857000,1928500.0,-35.2462158203125,20522.80630526705,20487.56008944674,10584771.489369262
3858000,1929000.0,-35.2462158203125,20522.80630526705,20487.56008944674,10584771.489369262
3859000,1929500.0,-35.2462158203125,20522.80630526705,20487.56008944674,10584771.489369262
3860000,1930000.0,-35.2462158203125,20522.80630526705,20487.56008944674,10584771.489369262
3861000,1930500.0,-35.2462158203125,20522.80630526705,20487.56008944674,10584771.489369262
3862000,1931000.0,-35.2462158203125,20522.80630526705,20487.56008944674,10584771.489369262
3863000,1931500.0,-35.2462158203125,20522.80630526705,20487.56008944674,10584771.489369262
3864000,1932000.0,-35.2462158203125,20522.80630526705,20487.56008944674,10584771.489369262
3865000,1932500.0,-35.2462158203125,20522.80630526705,20487.56008944674,10584771.489369262
3866000,1933000.0,-35.2462158203125,20522.80630526705,20487.56008944674,10584771.489369262
3867000,1933500.0,-35.2462158203125,20522.80630526705,20487.56008944674,10584771.489369262
3868000,1934000.0,-35.2462158203125,20522.80630526705,20487.56008944674,10584771.489369262
3869000,1934500.0,-35.2462158203125,20522.80630526705,20487.56008944674,10584771.489369262
3870000,1935000.0,-35.2462158203125,20522.80630526705,20487.56008944674,10584771.489369262
3871000,1935500.0,-35.2462158203125,20522.80630526705,20487.56008944674,10584771.489369262
3872000,1936000.0,-35.2462158203125,20522.80630526705,20487.56008944674,10584771.489369262
3873000,1936500.0,-35.2462158203125,20522.80630526705,20487.56008944674,10584771.489369262
3874000,1937000.0,-35.2462158203125,20522.80630526705,20487.56008944674,10584771.489369262
3875000,1937500.0,-35.2462158203125,20522.80630526705,20487.56008944674,10584771.489369262
3876000,1938000.0,-35.2462158203125,20522.80630526705,20487.56008944674,10584771.489369262
3877000,1938500.0,-35.2462158203125,20522.80630526705,20487.56008944674,10584771.489369262
3878000,1939000.0,-35.2462158203125,20522.80630526705,20487.56008944674,10584771.489369262
3879000,1939500.0,-35.2462158203125,20522.80630526705,20487.56008944674,10584771.489369262
3880000,1940000.0,-35.2462158203125,20522.80630526705,20487.56008944674,10584771.489369262
3881000,1940500.0,-35.2462158203125,20522.80630526705,20487.56008944674,10584771.489369262
3882000,1941000.0,-35.2462158203125,20522.80630526705,20487.56008944674,10584771.489369262
3883000,1941500.0,-35.2462158203125,20522.80630526705,20487.56008944674,10584771.489369262
3884000,1942000.0,-35.2462158203125,20522.80630526705,20487.56008944674,10584771.489369262
3885000,1942500.0,-35.2462158203125,20522.80630526705,20487.56008944674,10584771.489369262
3886000,1943000.0,-35.2462158203125,20522.80630526705,20487.56008944674,10584771.489369262
3887000,1943500.0,-35.2462158203125,20522.80630526705,20487.56008944674,10584771.489369262
3888000,1944000.0,-35.2462158203125,20522.80630526705,20487.56008944674,10584771.489369262
3889000,1944500.0,-35.2462158203125,20522.80630526705,20487.56008944674,10584771.489369262
3890000,1945000.0,-35.2462158203125,20522.80630526705,20487.56008944674,10584771.489369262
3891000,1945500.0,-35.2462158203125,20522.80630526705,20487.56008944674,10584771.489369262
3892000,1946000.0,-35.2462158203125,20522.80630526705,20487.56008944674,10584771.489369262
3893000,1946500.0,-35.2462158203125,20522.80630526705,20487.56008944674,10584771.489369262
3894000,1947000.0,-35.2462158203125,20522.80630526705,20487.56008944674,10584771.489369262
3895000,1947500.0,-35.2462158203125,20522.80630526705,20487.56008944674,10584771.489369262
3896000,1948000.0,-35.2462158203125,20522.80630526705,20487.56008944674,10584771.489369262
3897000,1948500.0,-35.2462158203125,20522.80630526705,20487.56008944674,10584771.489369262
3898000,1949000.0,-35.2462158203125,20522.80630526705,20487.56008944674,10584771.489369262
3899000,1949500.0,-35.2462158203125,20522.80630526705,20487.56008944674,10584771.489369262
3900000,1950000.0,-35.2462158203125,20522.80630526705,20487.56008944674,10584771.489369262
3901000,1950500.0,-35.2462158203125,20522.80630526705,20487.56008944674,10584771.489369262
3902000,1951000.0,-35.2462158203125,20522.80630526705,20487.56008944674,10584771.489369262
3903000,1951500.0,-35.2462158203125,20522.80630526705,20487.56008944674,10584771.489369262
3904000,1952000.0,-35.2462158203125,20522.80630526705,20487.56008944674,10584771.489369262
3905000,1952500.0,-35.2462158203125,20522.80630526705,20487.56008944674,10584771.489369262
3906000,1953000.0,-35.2462158203125,20522.80630526705,20487.56008944674,10584771.489369262
3907000,1953500.0,-35.2462158203125,20522.80630526705,20487.56008944674,10584771.489369262
3908000,1954000.0,-35.2462158203125,20522.80630526705,20487.56008944674,10584771.489369262
3909000,1954500.0,-35.2462158203125,20522.80630526705,20487.56008944674,10584771.489369262
3910000,1955000.0,-35.2462158203125,20522.80630526705,20487.56008944674,10584771.489369262
3911000,1955500.0,-35.2462158203125,20522.80630526705,20487.56008944674,10584771.489369262
3912000,1956000.0,-35.2462158203125,20522.80630526705,20487.56008944674,10584771.489369262
3913000,1956500.0,-35.2462158203125,20522.80630526705,20487.56008944674,10584771.489369262
3914000,1957000.0,-35.2462158203125,20522.80630526705,20487.56008944674,10584771.489369262
3915000,1957500.0,-35.2462158203125,20522.80630526705,20487.56008944674,10584771.489369262
3916000,1958000.0,-35.2462158203125,20522.80630526705,20487.56008944674,10584771.489369262
3917000,1958500.0,-35.2462158203125,20522.80630526705,20487.56008944674,10584771.489369262
3918000,1959000.0,-35.2462158203125,20522.80630526705,20487.56008944674,10584771.489369262
3919000,1959500.0,-35.2462158203125,20522.80630526705,20487.56008944674,10584771.489369262
3920000,1960000.0,-35.2462158203125,20522.80630526705,20487.56008944674,10584771.489369262
3921000,1960500.0,-35.2462158203125,20522.80630526705,20487.56008944674,10584771.489369262
3922000,1961000.0,-35.2462158203125,20522.80630526705,20487.56008944674,10584771.489369262
3923000,1961500.0,-35.2462158203125,20522.80630526705,20487.56008944674,10584771.489369262
3924000,1962000.0,-35.2462158203125,20522.80630526705,20487.56008944674,10584771.489369262
3925000,1962500.0,-35.2462158203125,20522.80630526705,20487.56008944674,10584771.489369262
3926000,1963000.0,-35.2462158203125,20522.80630526705,20487.56008944674,10584771.489369262
3927000,1963500.0,-35.2462158203125,20522.80630526705,20487.56008944674,10584771.489369262
3928000,1964000.0,-35.2462158203125,20522.80630526705,20487.56008944674,10584771.489369262
3929000,1964500.0,-35.2462158203125,20522.80630526705,20487.56008944674,10584771.489369262
3930000,1965000.0,-35.2462158203125,20522.80630526705,20487.56008944674,10584771.489369262
3931000,1965500.0,-35.2462158203125,20522.80630526705,20487.56008944674,10584771.489369262
3932000,1966000.0,-35.2462158203125,20522.80630526705,20487.56008944674,10584771.489369262
3933000,1966500.0,-35.2462158203125,20522.80630526705,20487.56008944674,10584771.489369262
3934000,1967000.0,-35.2462158203125,20522.80630526705,20487.56008944674,10584771.489369262
3935000,1967500.0,-35.2462158203125,20522.80630526705,20487.56008944674,10584771.489369262
3936000,1968000.0,-35.2462158203125,20522.80630526705,20487.56008944674,10584771.489369262
3937000,1968500.0,-35.2462158203125,20522.80630526705,20487.56008944674,10584771.489369262
3938000,1969000.0,-35.2462158203125,20522.80630526705,20487.56008944674,10584771.489369262
3939000,1969500.0,-35.2462158203125,20522.80630526705,20487.56008944674,10584771.489369262
3940000,1970000.0,-35.2462158203125,20522.80630526705,20487.56008944674,10584771.489369262
3941000,1970500.0,-35.2462158203125,20522.80630526705,20487.56008944674,10584771.489369262
3942000,1971000.0,-35.2462158203125,20522.80630526705,20487.56008944674,10584771.489369262
3943000,1971500.0,-35.2462158203125,20522.80630526705,20487.56008944674,10584771.489369262
3944000,1972000.0,-35.2462158203125,20522.80630526705,20487.56008944674,10584771.489369262
3945000,1972500.0,-35.2462158203125,20522.80630526705,20487.56008944674,10584771.489369262
3946000,1973000.0,-35.2462158203125,20522.80630526705,20487.56008944674,10584771.489369262
3947000,1973500.0,-35.2462158203125,20522.80630526705,20487.56008944674,10584771.489369262
3948000,1974000.0,-35.2462158203125,20522.80630526705,20487.56008944674,10584771.489369262
3949000,1974500.0,-35.2462158203125,20522.80630526705,20487.56008944674,10584771.489369262
3950000,1975000.0,-35.2462158203125,20522.80630526705,20487.56008944674,10584771.489369262
3951000,1975500.0,-35.2462158203125,20522.80630526705,20487.56008944674,10584771.489369262
3952000,1976000.0,-35.2462158203125,20522.80630526705,20487.56008944674,10584771.489369262
3953000,1976500.0,-35.2462158203125,20522.80630526705,20487.56008944674,10584771.489369262
3954000,1977000.0,-35.2462158203125,20522.80630526705,20487.56008944674,10584771.489369262
3955000,1977500.0,-35.2462158203125,20522.80630526705,20487.56008944674,10584771.489369262
3956000,1978000.0,-35.2462158203125,20522.80630526705,20487.56008944674,10584771.489369262
3957000,1978500.0,-35.2462158203125,20522.80630526705,20487.56008944674,10584771.489369262
3958000,1979000.0,-35.2462158203125,20522.80630526705,20487.56008944674,10584771.489369262
3959000,1979500.0,-35.2462158203125,20522.80630526705,20487.56008944674,10584771.489369262
3960000,1980000.0,-35.2462158203125,20522.80630526705,20487.56008944674,10584771.489369262
3961000,1980500.0,-35.2462158203125,20522.80630526705,20487.56008944674,10584771.489369262
3962000,1981000.0,-35.2462158203125,20522.80630526705,20487.56008944674,10584771.489369262
3963000,1981500.0,-35.2462158203125,20522.80630526705,20487.56008944674,10584771.489369262
3964000,1982000.0,-35.2462158203125,20522.80630526705,20487.56008944674,10584771.489369262
3965000,1982500.0,-35.2462158203125,20522.80630526705,20487.56008944674,10584771.489369262
3966000,1983000.0,-35.2462158203125,20522.80630526705,20487.56008944674,10584771.489369262
3967000,1983500.0,-35.2462158203125,20522.80630526705,20487.56008944674,10584771.489369262
3968000,1984000.0,-35.2462158203125,20522.80630526705,20487.56008944674,10584771.489369262
3969000,1984500.0,-35.2462158203125,20522.80630526705,20487.56008944674,10584771.489369262
3970000,1985000.0,-35.2462158203125,20522.80630526705,20487.56008944674,10584771.489369262
3971000,1985500.0,-35.2462158203125,20522.80630526705,20487.56008944674,10584771.489369262
3972000,1986000.0,-35.2462158203125,20522.80630526705,20487.56008944674,10584771.489369262
3973000,1986500.0,-35.2462158203125,20522.80630526705,20487.56008944674,10584771.489369262
3974000,1987000.0,-35.2462158203125,20522.80630526705,20487.56008944674,10584771.489369262
3975000,1987500.0,-35.2462158203125,20522.80630526705,20487.56008944674,10584771.489369262
3976000,1988000.0,-35.2462158203125,20522.80630526705,20487.56008944674,10584771.489369262
3977000,1988500.0,-35.2462158203125,20522.80630526705,20487.56008944674,10584771.489369262
3978000,1989000.0,-35.2462158203125,20522.80630526705,20487.56008944674,10584771.489369262
3979000,1989500.0,-35.2462158203125,20522.80630526705,20487.56008944674,10584771.489369262
3980000,1990000.0,-35.2462158203125,20522.80630526705,20487.56008944674,10584771.489369262
3981000,1990500.0,-35.2462158203125,20522.80630526705,20487.56008944674,10584771.489369262
3982000,1991000.0,-35.2462158203125,20522.80630526705,20487.56008944674,10584771.489369262
3983000,1991500.0,-35.2462158203125,20522.80630526705,20487.56008944674,10584771.489369262
3984000,1992000.0,-35.2462158203125,20522.80630526705,20487.56008944674,10584771.489369262
3985000,1992500.0,-35.2462158203125,20522.80630526705,20487.56008944674,10584771.489369262
3986000,1993000.0,-35.2462158203125,20522.80630526705,20487.56008944674,10584771.489369262
3987000,1993500.0,-35.2462158203125,20522.80630526705,20487.56008944674,10584771.489369262
3988000,1994000.0,-35.2462158203125,20522.80630526705,20487.56008944674,10584771.489369262
3989000,1994500.0,-35.2462158203125,20522.80630526705,20487.56008944674,10584771.489369262
3990000,1995000.0,-35.2462158203125,20522.80630526705,20487.56008944674,10584771.489369262
3991000,1995500.0,-35.2462158203125,20522.80630526705,20487.56008944674,10584771.489369262
3992000,1996000.0,-35.2462158203125,20522.80630526705,20487.56008944674,10584771.489369262
3993000,1996500.0,-35.2462158203125,20522.80630526705,20487.56008944674,10584771.489369262
3994000,1997000.0,-35.2462158203125,20522.80630526705,20487.56008944674,10584771.489369262
3995000,1997500.0,-35.2462158203125,20522.80630526705,20487.56008944674,10584771.489369262
3996000,1998000.0,-35.2462158203125,20522.80630526705,20487.56008944674,10584771.489369262
3997000,1998500.0,-35.2462158203125,20522.80630526705,20487.56008944674,10584771.489369262
3998000,1999000.0,-35.2462158203125,20522.80630526705,20487.56008944674,10584771.489369262
3999000,1999500.0,-35.2462158203125,20522.80630526705,20487.56008944674,10584771.489369262
4000000,2000000.0,-35.2462158203125,20522.80630526705,20487.56008944674,10584771.489369262
4001000,2000500.0,-35.2462158203125,20522.80630526705,20487.56008944674,10584771.489369262
4002000,2001000.0,-35.2462158203125,20522.80630526705,20487.56008944674,10584771.489369262
4003000,2001500.0,-35.2462158203125,20522.80630526705,20487.56008944674,10584771.489369262
4004000,2002000.0,-35.2462158203125,20522.80630526705,20487.56008944674,10584771.489369262
4005000,2002500.0,-35.2462158203125,20522.80630526705,20487.56008944674,10584771.489369262
4006000,2003000.0,-35.2462158203125,20522.80630526705,20487.56008944674,10584771.489369262
4007000,2003500.0,-35.2462158203125,20522.80630526705,20487.56008944674,10584771.489369262
4008000,2004000.0,-35.2462158203125,20522.80630526705,20487.56008944674,10584771.489369262
4009000,2004500.0,-35.2462158203125,20522.80630526705,20487.56008944674,10584771.489369262
4010000,2005000.0,-35.2462158203125,20522.80630526705,20487.56008944674,10584771.489369262
4011000,2005500.0,-35.2462158203125,20522.80630526705,20487.56008944674,10584771.489369262
4012000,2006000.0,-35.2462158203125,20522.80630526705,20487.56008944674,10584771.489369262
4013000,2006500.0,-35.2462158203125,20522.80630526705,20487.56008944674,10584771.489369262
4014000,2007000.0,-35.2462158203125,20522.80630526705,20487.56008944674,10584771.489369262
4015000,2007500.0,-35.2462158203125,20522.80630526705,20487.56008944674,10584771.489369262
4016000,2008000.0,-35.2462158203125,20522.80630526705,20487.56008944674,10584771.489369262
4017000,2008500.0,-35.2462158203125,20522.80630526705,20487.56008944674,10584771.489369262
4018000,2009000.0,-35.2462158203125,20522.80630526705,20487.56008944674,10584771.489369262
4019000,2009500.0,-35.2462158203125,20522.80630526705,20487.56008944674,10584771.489369262
4020000,2010000.0,-35.2462158203125,20522.80630526705,20487.56008944674,10584771.489369262
4021000,2010500.0,-35.2462158203125,20522.80630526705,20487.56008944674,10584771.489369262
4022000,2011000.0,-35.2462158203125,20522.80630526705,20487.56008944674,10584771.489369262
4023000,2011500.0,-35.2462158203125,20522.80630526705,20487.56008944674,10584771.489369262
4024000,2012000.0,-35.2462158203125,20522.80630526705,20487.56008944674,10584771.489369262
4025000,2012500.0,-35.2462158203125,20522.80630526705,20487.56008944674,10584771.489369262
4026000,2013000.0,-35.2462158203125,20522.80630526705,20487.56008944674,10584771.489369262
4027000,2013500.0,-35.2462158203125,20522.80630526705,20487.56008944674,10584771.489369262
4028000,2014000.0,-35.2462158203125,20522.80630526705,20487.56008944674,10584771.489369262
4029000,2014500.0,-35.2462158203125,20522.80630526705,20487.56008944674,10584771.489369262
4030000,2015000.0,-35.2462158203125,20522.80630526705,20487.56008944674,10584771.489369262
4031000,2015500.0,-35.2462158203125,20522.80630526705,20487.56008944674,10584771.489369262
4032000,2016000.0,-35.2462158203125,20522.80630526705,20487.56008944674,10584771.489369262
4033000,2016500.0,-35.2462158203125,20522.80630526705,20487.56008944674,10584771.489369262
4034000,2017000.0,-35.2462158203125,20522.80630526705,20487.56008944674,10584771.489369262
4035000,2017500.0,-35.2462158203125,20522.80630526705,20487.56008944674,10584771.489369262
4036000,2018000.0,-35.2462158203125,20522.80630526705,20487.56008944674,10584771.489369262
4037000,2018500.0,-35.2462158203125,20522.80630526705,20487.56008944674,10584771.489369262
4038000,2019000.0,-35.2462158203125,20522.80630526705,20487.56008944674,10584771.489369262
4039000,2019500.0,-35.2462158203125,20522.80630526705,20487.56008944674,10584771.489369262
4040000,2020000.0,-35.2462158203125,20522.80630526705,20487.56008944674,10584771.489369262
4041000,2020500.0,-35.2462158203125,20522.80630526705,20487.56008944674,10584771.489369262
4042000,2021000.0,-35.2462158203125,20522.80630526705,20487.56008944674,10584771.489369262
4043000,2021500.0,-35.2462158203125,20522.80630526705,20487.56008944674,10584771.489369262
4044000,2022000.0,-35.2462158203125,20522.80630526705,20487.56008944674,10584771.489369262
4045000,2022500.0,-35.2462158203125,20522.80630526705,20487.56008944674,10584771.489369262
4046000,2023000.0,-35.2462158203125,20522.80630526705,20487.56008944674,10584771.489369262
4047000,2023500.0,-35.2462158203125,20522.80630526705,20487.56008944674,10584771.489369262
4048000,2024000.0,-35.2462158203125,20522.80630526705,20487.56008944674,10584771.489369262
4049000,2024500.0,-35.2462158203125,20522.80630526705,20487.56008944674,10584771.489369262
4050000,2025000.0,-35.2462158203125,20522.80630526705,20487.56008944674,10584771.489369262
4051000,2025500.0,-35.2462158203125,20522.80630526705,20487.56008944674,10584771.489369262
4052000,2026000.0,-35.2462158203125,20522.80630526705,20487.56008944674,10584771.489369262
4053000,2026500.0,-35.2462158203125,20522.80630526705,20487.56008944674,10584771.489369262
4054000,2027000.0,-35.2462158203125,20522.80630526705,20487.56008944674,10584771.489369262
4055000,2027500.0,-35.2462158203125,20522.80630526705,20487.56008944674,10584771.489369262
4056000,2028000.0,-35.2462158203125,20522.80630526705,20487.56008944674,10584771.489369262
4057000,2028500.0,-35.2462158203125,20522.80630526705,20487.56008944674,10584771.489369262
4058000,2029000.0,-35.2462158203125,20522.80630526705,20487.56008944674,10584771.489369262
4059000,2029500.0,-35.2462158203125,20522.80630526705,20487.56008944674,10584771.489369262
4060000,2030000.0,-35.2462158203125,20522.80630526705,20487.56008944674,10584771.489369262
4061000,2030500.0,-35.2462158203125,20522.80630526705,20487.56008944674,10584771.489369262
4062000,2031000.0,-35.2462158203125,20522.80630526705,20487.56008944674,10584771.489369262
4063000,2031500.0,-35.2462158203125,20522.80630526705,20487.56008944674,10584771.489369262
4064000,2032000.0,-35.2462158203125,20522.80630526705,20487.56008944674,10584771.489369262
4065000,2032500.0,-35.2462158203125,20522.80630526705,20487.56008944674,10584771.489369262
4066000,2033000.0,-35.2462158203125,20522.80630526705,20487.56008944674,10584771.489369262
4067000,2033500.0,-35.2462158203125,20522.80630526705,20487.56008944674,10584771.489369262
4068000,2034000.0,-35.2462158203125,20522.80630526705,20487.56008944674,10584771.489369262
4069000,2034500.0,-35.2462158203125,20522.80630526705,20487.56008944674,10584771.489369262
4070000,2035000.0,-35.2462158203125,20522.80630526705,20487.56008944674,10584771.489369262
4071000,2035500.0,-35.2462158203125,20522.80630526705,20487.56008944674,10584771.489369262
4072000,2036000.0,-35.2462158203125,20522.80630526705,20487.56008944674,10584771.489369262
4073000,2036500.0,-35.2462158203125,20522.80630526705,20487.56008944674,10584771.489369262
4074000,2037000.0,-35.2462158203125,20522.80630526705,20487.56008944674,10584771.489369262
4075000,2037500.0,-35.2462158203125,20522.80630526705,20487.56008944674,10584771.489369262
4076000,2038000.0,-35.2462158203125,20522.80630526705,20487.56008944674,10584771.489369262
4077000,2038500.0,-35.2462158203125,20522.80630526705,20487.56008944674,10584771.489369262
4078000,2039000.0,-35.2462158203125,20522.80630526705,20487.56008944674,10584771.489369262
4079000,2039500.0,-35.2462158203125,20522.80630526705,20487.56008944674,10584771.489369262
4080000,2040000.0,-35.2462158203125,20522.80630526705,20487.56008944674,10584771.489369262
4081000,2040500.0,-35.2462158203125,20522.80630526705,20487.56008944674,10584771.489369262
4082000,2041000.0,-35.2462158203125,20522.80630526705,20487.56008944674,10584771.489369262
4083000,2041500.0,-35.2462158203125,20522.80630526705,20487.56008944674,10584771.489369262
4084000,2042000.0,-35.2462158203125,20522.80630526705,20487.56008944674,10584771.489369262
4085000,2042500.0,-35.2462158203125,20522.80630526705,20487.56008944674,10584771.489369262
4086000,2043000.0,-35.2462158203125,20522.80630526705,20487.56008944674,10584771.489369262
4087000,2043500.0,-35.2462158203125,20522.80630526705,20487.56008944674,10584771.489369262
4088000,2044000.0,-35.2462158203125,20522.80630526705,20487.56008944674,10584771.489369262
4089000,2044500.0,-35.2462158203125,20522.80630526705,20487.56008944674,10584771.489369262
4090000,2045000.0,-35.2462158203125,20522.80630526705,20487.56008944674,10584771.489369262
4091000,2045500.0,-35.2462158203125,20522.80630526705,20487.56008944674,10584771.489369262
4092000,2046000.0,-35.2462158203125,20522.80630526705,20487.56008944674,10584771.489369262
4093000,2046500.0,-35.2462158203125,20522.80630526705,20487.56008944674,10584771.489369262
4094000,2047000.0,-35.2462158203125,20522.80630526705,20487.56008944674,10584771.489369262
4095000,2047500.0,-35.2462158203125,20522.80630526705,20487.56008944674,10584771.489369262
4096000,2048000.0,-35.2462158203125,20522.80630526705,20487.56008944674,10584771.489369262
4097000,2048500.0,-35.2462158203125,20522.80630526705,20487.56008944674,10584771.489369262
4098000,2049000.0,-35.2462158203125,20522.80630526705,20487.56008944674,10584771.489369262
4099000,2049500.0,-35.2462158203125,20522.80630526705,20487.56008944674,10584771.489369262
4100000,2050000.0,-35.2462158203125,20522.80630526705,20487.56008944674,10584771.489369262
4101000,2050500.0,-35.2462158203125,20522.80630526705,20487.56008944674,10584771.489369262
4102000,2051000.0,-35.2462158203125,20522.80630526705,20487.56008944674,10584771.489369262
4103000,2051500.0,-35.2462158203125,20522.80630526705,20487.56008944674,10584771.489369262
4104000,2052000.0,-35.2462158203125,20522.80630526705,20487.56008944674,10584771.489369262
4105000,2052500.0,-35.2462158203125,20522.80630526705,20487.56008944674,10584771.489369262
4106000,2053000.0,-35.2462158203125,20522.80630526705,20487.56008944674,10584771.489369262
4107000,2053500.0,-35.2462158203125,20522.80630526705,20487.56008944674,10584771.489369262
4108000,2054000.0,-35.2462158203125,20522.80630526705,20487.56008944674,10584771.489369262
4109000,2054500.0,-35.2462158203125,20522.80630526705,20487.56008944674,10584771.489369262
4110000,2055000.0,-35.2462158203125,20522.80630526705,20487.56008944674,10584771.489369262
4111000,2055500.0,-35.2462158203125,20522.80630526705,20487.56008944674,10584771.489369262
4112000,2056000.0,-35.2462158203125,20522.80630526705,20487.56008944674,10584771.489369262
4113000,2056500.0,-35.2462158203125,20522.80630526705,20487.56008944674,10584771.489369262
4114000,2057000.0,-35.2462158203125,20522.80630526705,20487.56008944674,10584771.489369262
4115000,2057500.0,-35.2462158203125,20522.80630526705,20487.56008944674,10584771.489369262
4116000,2058000.0,-35.2462158203125,20522.80630526705,20487.56008944674,10584771.489369262
4117000,2058500.0,-35.2462158203125,20522.80630526705,20487.56008944674,10584771.489369262
4118000,2059000.0,-35.2462158203125,20522.80630526705,20487.56008944674,10584771.489369262
4119000,2059500.0,-35.2462158203125,20522.80630526705,20487.56008944674,10584771.489369262
4120000,2060000.0,-35.2462158203125,20522.80630526705,20487.56008944674,10584771.489369262
4121000,2060500.0,-35.2462158203125,20522.80630526705,20487.56008944674,10584771.489369262
4122000,2061000.0,-35.2462158203125,20522.80630526705,20487.56008944674,10584771.489369262
4123000,2061500.0,-35.2462158203125,20522.80630526705,20487.56008944674,10584771.489369262
4124000,2062000.0,-35.2462158203125,20522.80630526705,20487.56008944674,10584771.489369262
4125000,2062500.0,-35.2462158203125,20522.80630526705,20487.56008944674,10584771.489369262
4126000,2063000.0,-35.2462158203125,20522.80630526705,20487.56008944674,10584771.489369262
4127000,2063500.0,-35.2462158203125,20522.80630526705,20487.56008944674,10584771.489369262
4128000,2064000.0,-35.2462158203125,20522.80630526705,20487.56008944674,10584771.489369262
4129000,2064500.0,-35.2462158203125,20522.80630526705,20487.56008944674,10584771.489369262
4130000,2065000.0,-35.2462158203125,20522.80630526705,20487.56008944674,10584771.489369262
4131000,2065500.0,-35.2462158203125,20522.80630526705,20487.56008944674,10584771.489369262
4132000,2066000.0,-35.2462158203125,20522.80630526705,20487.56008944674,10584771.489369262
4133000,2066500.0,-35.2462158203125,20522.80630526705,20487.56008944674,10584771.489369262
4134000,2067000.0,-35.2462158203125,20522.80630526705,20487.56008944674,10584771.489369262
4135000,2067500.0,-35.2462158203125,20522.80630526705,20487.56008944674,10584771.489369262
4136000,2068000.0,-35.2462158203125,20522.80630526705,20487.56008944674,10584771.489369262
4137000,2068500.0,-35.2462158203125,20522.80630526705,20487.56008944674,10584771.489369262
4138000,2069000.0,-35.2462158203125,20522.80630526705,20487.56008944674,10584771.489369262
4139000,2069500.0,-35.2462158203125,20522.80630526705,20487.56008944674,10584771.489369262
4140000,2070000.0,-35.2462158203125,20522.80630526705,20487.56008944674,10584771.489369262
4141000,2070500.0,-35.2462158203125,20522.80630526705,20487.56008944674,10584771.489369262
4142000,2071000.0,-35.2462158203125,20522.80630526705,20487.56008944674,10584771.489369262
4143000,2071500.0,-35.2462158203125,20522.80630526705,20487.56008944674,10584771.489369262
4144000,2072000.0,-35.2462158203125,20522.80630526705,20487.56008944674,10584771.489369262
4145000,2072500.0,-35.2462158203125,20522.80630526705,20487.56008944674,10584771.489369262
4146000,2073000.0,-35.2462158203125,20522.80630526705,20487.56008944674,10584771.489369262
4147000,2073500.0,-35.2462158203125,20522.80630526705,20487.56008944674,10584771.489369262
4148000,2074000.0,-35.2462158203125,20522.80630526705,20487.56008944674,10584771.489369262
4149000,2074500.0,-35.2462158203125,20522.80630526705,20487.56008944674,10584771.489369262
4150000,2075000.0,-35.2462158203125,20522.80630526705,20487.56008944674,10584771.489369262
4151000,2075500.0,-35.2462158203125,20522.80630526705,20487.56008944674,10584771.489369262
4152000,2076000.0,-35.2462158203125,20522.80630526705,20487.56008944674,10584771.489369262
4153000,2076500.0,-35.2462158203125,20522.80630526705,20487.56008944674,10584771.489369262
4154000,2077000.0,-35.2462158203125,20522.80630526705,20487.56008944674,10584771.489369262
4155000,2077500.0,-35.2462158203125,20522.80630526705,20487.56008944674,10584771.489369262
4156000,2078000.0,-35.2462158203125,20522.80630526705,20487.56008944674,10584771.489369262
4157000,2078500.0,-35.2462158203125,20522.80630526705,20487.56008944674,10584771.489369262
4158000,2079000.0,-35.2462158203125,20522.80630526705,20487.56008944674,10584771.489369262
4159000,2079500.0,-35.2462158203125,20522.80630526705,20487.56008944674,10584771.489369262
4160000,2080000.0,-35.2462158203125,20522.80630526705,20487.56008944674,10584771.489369262
4161000,2080500.0,-35.2462158203125,20522.80630526705,20487.56008944674,10584771.489369262
4162000,2081000.0,-35.2462158203125,20522.80630526705,20487.56008944674,10584771.489369262
4163000,2081500.0,-35.2462158203125,20522.80630526705,20487.56008944674,10584771.489369262
4164000,2082000.0,-35.2462158203125,20522.80630526705,20487.56008944674,10584771.489369262
4165000,2082500.0,-35.2462158203125,20522.80630526705,20487.56008944674,10584771.489369262
4166000,2083000.0,-35.2462158203125,20522.80630526705,20487.56008944674,10584771.489369262
4167000,2083500.0,-35.2462158203125,20522.80630526705,20487.56008944674,10584771.489369262
4168000,2084000.0,-35.2462158203125,20522.80630526705,20487.56008944674,10584771.489369262
4169000,2084500.0,-35.2462158203125,20522.80630526705,20487.56008944674,10584771.489369262
4170000,2085000.0,-35.2462158203125,20522.80630526705,20487.56008944674,10584771.489369262
4171000,2085500.0,-35.2462158203125,20522.80630526705,20487.56008944674,10584771.489369262
4172000,2086000.0,-35.2462158203125,20522.80630526705,20487.56008944674,10584771.489369262
4173000,2086500.0,-35.2462158203125,20522.80630526705,20487.56008944674,10584771.489369262
4174000,2087000.0,-35.2462158203125,20522.80630526705,20487.56008944674,10584771.489369262
4175000,2087500.0,-35.2462158203125,20522.80630526705,20487.56008944674,10584771.489369262
4176000,2088000.0,-35.2462158203125,20522.80630526705,20487.56008944674,10584771.489369262
4177000,2088500.0,-35.2462158203125,20522.80630526705,20487.56008944674,10584771.489369262
4178000,2089000.0,-35.2462158203125,20522.80630526705,20487.56008944674,10584771.489369262
4179000,2089500.0,-35.2462158203125,20522.80630526705,20487.56008944674,10584771.489369262
4180000,2090000.0,-35.2462158203125,20522.80630526705,20487.56008944674,10584771.489369262
4181000,2090500.0,-35.2462158203125,20522.80630526705,20487.56008944674,10584771.489369262
4182000,2091000.0,-35.2462158203125,20522.80630526705,20487.56008944674,10584771.489369262
4183000,2091500.0,-35.2462158203125,20522.80630526705,20487.56008944674,10584771.489369262
4184000,2092000.0,-35.2462158203125,20522.80630526705,20487.56008944674,10584771.489369262
4185000,2092500.0,-35.2462158203125,20522.80630526705,20487.56008944674,10584771.489369262
4186000,2093000.0,-35.2462158203125,20522.80630526705,20487.56008944674,10584771.489369262
4187000,2093500.0,-35.2462158203125,20522.80630526705,20487.56008944674,10584771.489369262
4188000,2094000.0,-35.2462158203125,20522.80630526705,20487.56008944674,10584771.489369262
4189000,2094500.0,-35.2462158203125,20522.80630526705,20487.56008944674,10584771.489369262
4190000,2095000.0,-35.2462158203125,20522.80630526705,20487.56008944674,10584771.489369262
4191000,2095500.0,-35.2462158203125,20522.80630526705,20487.56008944674,10584771.489369262
4192000,2096000.0,-35.2462158203125,20522.80630526705,20487.56008944674,10584771.489369262
4193000,2096500.0,-35.2462158203125,20522.80630526705,20487.56008944674,10584771.489369262
4194000,2097000.0,-35.2462158203125,20522.80630526705,20487.56008944674,10584771.489369262
4195000,2097500.0,-35.2462158203125,20522.80630526705,20487.56008944674,10584771.489369262
4196000,2098000.0,-35.2462158203125,20522.80630526705,20487.56008944674,10584771.489369262
4197000,2098500.0,-35.2462158203125,20522.80630526705,20487.56008944674,10584771.489369262
4198000,2099000.0,-35.2462158203125,20522.80630526705,20487.56008944674,10584771.489369262
4199000,2099500.0,-35.2462158203125,20522.80630526705,20487.56008944674,10584771.489369262
4200000,2100000.0,-35.2462158203125,20522.80630526705,20487.56008944674,10584771.489369262
4201000,2100500.0,-35.2462158203125,20522.80630526705,20487.56008944674,10584771.489369262
4202000,2101000.0,-35.2462158203125,20522.80630526705,20487.56008944674,10584771.489369262
4203000,2101500.0,-35.2462158203125,20522.80630526705,20487.56008944674,10584771.489369262
4204000,2102000.0,-35.2462158203125,20522.80630526705,20487.56008944674,10584771.489369262
4205000,2102500.0,-35.2462158203125,20522.80630526705,20487.56008944674,10584771.489369262
4206000,2103000.0,-35.2462158203125,20522.80630526705,20487.56008944674,10584771.489369262
4207000,2103500.0,-35.2462158203125,20522.80630526705,20487.56008944674,10584771.489369262
4208000,2104000.0,-35.2462158203125,20522.80630526705,20487.56008944674,10584771.489369262
4209000,2104500.0,-35.2462158203125,20522.80630526705,20487.56008944674,10584771.489369262
4210000,2105000.0,-35.2462158203125,20522.80630526705,20487.56008944674,10584771.489369262
4211000,2105500.0,-35.2462158203125,20522.80630526705,20487.56008944674,10584771.489369262
4212000,2106000.0,-35.2462158203125,20522.80630526705,20487.56008944674,10584771.489369262
4213000,2106500.0,-35.2462158203125,20522.80630526705,20487.56008944674,10584771.489369262
4214000,2107000.0,-35.2462158203125,20522.80630526705,20487.56008944674,10584771.489369262
4215000,2107500.0,-35.2462158203125,20522.80630526705,20487.56008944674,10584771.489369262
4216000,2108000.0,-35.2462158203125,20522.80630526705,20487.56008944674,10584771.489369262
4217000,2108500.0,-35.2462158203125,20522.80630526705,20487.56008944674,10584771.489369262
4218000,2109000.0,-35.2462158203125,20522.80630526705,20487.56008944674,10584771.489369262
4219000,2109500.0,-35.2462158203125,20522.80630526705,20487.56008944674,10584771.489369262
4220000,2110000.0,-35.2462158203125,20522.80630526705,20487.56008944674,10584771.489369262
4221000,2110500.0,-35.2462158203125,20522.80630526705,20487.56008944674,10584771.489369262
4222000,2111000.0,-35.2462158203125,20522.80630526705,20487.56008944674,10584771.489369262
4223000,2111500.0,-35.2462158203125,20522.80630526705,20487.56008944674,10584771.489369262
4224000,2112000.0,-35.2462158203125,20522.80630526705,20487.56008944674,10584771.489369262
4225000,2112500.0,-35.2462158203125,20522.80630526705,20487.56008944674,10584771.489369262
4226000,2113000.0,-35.2462158203125,20522.80630526705,20487.56008944674,10584771.489369262
4227000,2113500.0,-35.2462158203125,20522.80630526705,20487.56008944674,10584771.489369262
4228000,2114000.0,-35.2462158203125,20522.80630526705,20487.56008944674,10584771.489369262
4229000,2114500.0,-35.2462158203125,20522.80630526705,20487.56008944674,10584771.489369262
4230000,2115000.0,-35.2462158203125,20522.80630526705,20487.56008944674,10584771.489369262
4231000,2115500.0,-35.2462158203125,20522.80630526705,20487.56008944674,10584771.489369262
4232000,2116000.0,-35.2462158203125,20522.80630526705,20487.56008944674,10584771.489369262
4233000,2116500.0,-35.2462158203125,20522.80630526705,20487.56008944674,10584771.489369262
4234000,2117000.0,-35.2462158203125,20522.80630526705,20487.56008944674,10584771.489369262
4235000,2117500.0,-35.2462158203125,20522.80630526705,20487.56008944674,10584771.489369262
4236000,2118000.0,-35.2462158203125,20522.80630526705,20487.56008944674,10584771.489369262
4237000,2118500.0,-35.2462158203125,20522.80630526705,20487.56008944674,10584771.489369262
4238000,2119000.0,-35.2462158203125,20522.80630526705,20487.56008944674,10584771.489369262
4239000,2119500.0,-35.2462158203125,20522.80630526705,20487.56008944674,10584771.489369262
4240000,2120000.0,-35.2462158203125,20522.80630526705,20487.56008944674,10584771.489369262
4241000,2120500.0,-35.2462158203125,20522.80630526705,20487.56008944674,10584771.489369262
4242000,2121000.0,-35.2462158203125,20522.80630526705,20487.56008944674,10584771.489369262
4243000,2121500.0,-35.2462158203125,20522.80630526705,20487.56008944674,10584771.489369262
4244000,2122000.0,-35.2462158203125,20522.80630526705,20487.56008944674,10584771.489369262
4245000,2122500.0,-35.2462158203125,20522.80630526705,20487.56008944674,10584771.489369262
4246000,2123000.0,-35.2462158203125,20522.80630526705,20487.56008944674,10584771.489369262
4247000,2123500.0,-35.2462158203125,20522.80630526705,20487.56008944674,10584771.489369262
4248000,2124000.0,-35.2462158203125,20522.80630526705,20487.56008944674,10584771.489369262
4249000,2124500.0,-35.2462158203125,20522.80630526705,20487.56008944674,10584771.489369262
4250000,2125000.0,-35.2462158203125,20522.80630526705,20487.56008944674,10584771.489369262
4251000,2125500.0,-35.2462158203125,20522.80630526705,20487.56008944674,10584771.489369262
4252000,2126000.0,-35.2462158203125,20522.80630526705,20487.56008944674,10584771.489369262
4253000,2126500.0,-35.2462158203125,20522.80630526705,20487.56008944674,10584771.489369262
4254000,2127000.0,-35.2462158203125,20522.80630526705,20487.56008944674,10584771.489369262
4255000,2127500.0,-35.2462158203125,20522.80630526705,20487.56008944674,10584771.489369262
4256000,2128000.0,-35.2462158203125,20522.80630526705,20487.56008944674,10584771.489369262
4257000,2128500.0,-35.2462158203125,20522.80630526705,20487.56008944674,10584771.489369262
4258000,2129000.0,-35.2462158203125,20522.80630526705,20487.56008944674,10584771.489369262
4259000,2129500.0,-35.2462158203125,20522.80630526705,20487.56008944674,10584771.489369262
4260000,2130000.0,-35.2462158203125,20522.80630526705,20487.56008944674,10584771.489369262
4261000,2130500.0,-35.2462158203125,20522.80630526705,20487.56008944674,10584771.489369262
4262000,2131000.0,-35.2462158203125,20522.80630526705,20487.56008944674,10584771.489369262
4263000,2131500.0,-35.2462158203125,20522.80630526705,20487.56008944674,10584771.489369262
4264000,2132000.0,-35.2462158203125,20522.80630526705,20487.56008944674,10584771.489369262
4265000,2132500.0,-35.2462158203125,20522.80630526705,20487.56008944674,10584771.489369262
4266000,2133000.0,-35.2462158203125,20522.80630526705,20487.56008944674,10584771.489369262
4267000,2133500.0,-35.2462158203125,20522.80630526705,20487.56008944674,10584771.489369262
4268000,2134000.0,-35.2462158203125,20522.80630526705,20487.56008944674,10584771.489369262
4269000,2134500.0,-35.2462158203125,20522.80630526705,20487.56008944674,10584771.489369262
4270000,2135000.0,-35.2462158203125,20522.80630526705,20487.56008944674,10584771.489369262
4271000,2135500.0,-35.2462158203125,20522.80630526705,20487.56008944674,10584771.489369262
4272000,2136000.0,-35.2462158203125,20522.80630526705,20487.56008944674,10584771.489369262
4273000,2136500.0,-35.2462158203125,20522.80630526705,20487.56008944674,10584771.489369262
4274000,2137000.0,-35.2462158203125,20522.80630526705,20487.56008944674,10584771.489369262
4275000,2137500.0,-35.2462158203125,20522.80630526705,20487.56008944674,10584771.489369262
4276000,2138000.0,-35.2462158203125,20522.80630526705,20487.56008944674,10584771.489369262
4277000,2138500.0,-35.2462158203125,20522.80630526705,20487.56008944674,10584771.489369262
4278000,2139000.0,-35.2462158203125,20522.80630526705,20487.56008944674,10584771.489369262
4279000,2139500.0,-35.2462158203125,20522.80630526705,20487.56008944674,10584771.489369262
4280000,2140000.0,-35.2462158203125,20522.80630526705,20487.56008944674,10584771.489369262
4281000,2140500.0,-35.2462158203125,20522.80630526705,20487.56008944674,10584771.489369262
4282000,2141000.0,-35.2462158203125,20522.80630526705,20487.56008944674,10584771.489369262
4283000,2141500.0,-35.2462158203125,20522.80630526705,20487.56008944674,10584771.489369262
4284000,2142000.0,-35.2462158203125,20522.80630526705,20487.56008944674,10584771.489369262
4285000,2142500.0,-35.2462158203125,20522.80630526705,20487.56008944674,10584771.489369262
4286000,2143000.0,-35.2462158203125,20522.80630526705,20487.56008944674,10584771.489369262
4287000,2143500.0,-35.2462158203125,20522.80630526705,20487.56008944674,10584771.489369262
4288000,2144000.0,-35.2462158203125,20522.80630526705,20487.56008944674,10584771.489369262
4289000,2144500.0,-35.2462158203125,20522.80630526705,20487.56008944674,10584771.489369262
4290000,2145000.0,-35.2462158203125,20522.80630526705,20487.56008944674,10584771.489369262
4291000,2145500.0,-35.2462158203125,20522.80630526705,20487.56008944674,10584771.489369262
4292000,2146000.0,-35.2462158203125,20522.80630526705,20487.56008944674,10584771.489369262
4293000,2146500.0,-35.2462158203125,20522.80630526705,20487.56008944674,10584771.489369262
4294000,2147000.0,-35.2462158203125,20522.80630526705,20487.56008944674,10584771.489369262
4295000,2147500.0,-35.2462158203125,20522.80630526705,20487.56008944674,10584771.489369262
4296000,2148000.0,-35.2462158203125,20522.80630526705,20487.56008944674,10584771.489369262
4297000,2148500.0,-35.2462158203125,20522.80630526705,20487.56008944674,10584771.489369262
4298000,2149000.0,-35.2462158203125,20522.80630526705,20487.56008944674,10584771.489369262
4299000,2149500.0,-35.2462158203125,20522.80630526705,20487.56008944674,10584771.489369262
4300000,2150000.0,-35.2462158203125,20522.80630526705,20487.56008944674,10584771.489369262
4301000,2150500.0,-35.2462158203125,20522.80630526705,20487.56008944674,10584771.489369262
4302000,2151000.0,-35.2462158203125,20522.80630526705,20487.56008944674,10584771.489369262
4303000,2151500.0,-35.2462158203125,20522.80630526705,20487.56008944674,10584771.489369262
4304000,2152000.0,-35.2462158203125,20522.80630526705,20487.56008944674,10584771.489369262
4305000,2152500.0,-35.2462158203125,20522.80630526705,20487.56008944674,10584771.489369262
4306000,2153000.0,-35.2462158203125,20522.80630526705,20487.56008944674,10584771.489369262
4307000,2153500.0,-35.2462158203125,20522.80630526705,20487.56008944674,10584771.489369262
4308000,2154000.0,-35.2462158203125,20522.80630526705,20487.56008944674,10584771.489369262
4309000,2154500.0,-35.2462158203125,20522.80630526705,20487.56008944674,10584771.489369262
4310000,2155000.0,-35.2462158203125,20522.80630526705,20487.56008944674,10584771.489369262
4311000,2155500.0,-35.2462158203125,20522.80630526705,20487.56008944674,10584771.489369262
4312000,2156000.0,-35.2462158203125,20522.80630526705,20487.56008944674,10584771.489369262
4313000,2156500.0,-35.2462158203125,20522.80630526705,20487.56008944674,10584771.489369262
4314000,2157000.0,-35.2462158203125,20522.80630526705,20487.56008944674,10584771.489369262
4315000,2157500.0,-35.2462158203125,20522.80630526705,20487.56008944674,10584771.489369262
4316000,2158000.0,-35.2462158203125,20522.80630526705,20487.56008944674,10584771.489369262
4317000,2158500.0,-35.2462158203125,20522.80630526705,20487.56008944674,10584771.489369262
4318000,2159000.0,-35.2462158203125,20522.80630526705,20487.56008944674,10584771.489369262
4319000,2159500.0,-35.2462158203125,20522.80630526705,20487.56008944674,10584771.489369262
4320000,2160000.0,-35.2462158203125,20522.80630526705,20487.56008944674,10584771.489369262
4321000,2160500.0,-35.2462158203125,20522.80630526705,20487.56008944674,10584771.489369262
4322000,2161000.0,-35.2462158203125,20522.80630526705,20487.56008944674,10584771.489369262
4323000,2161500.0,-35.2462158203125,20522.80630526705,20487.56008944674,10584771.489369262
4324000,2162000.0,-35.2462158203125,20522.80630526705,20487.56008944674,10584771.489369262
4325000,2162500.0,-35.2462158203125,20522.80630526705,20487.56008944674,10584771.489369262
4326000,2163000.0,-35.2462158203125,20522.80630526705,20487.56008944674,10584771.489369262
4327000,2163500.0,-35.2462158203125,20522.80630526705,20487.56008944674,10584771.489369262
4328000,2164000.0,-35.2462158203125,20522.80630526705,20487.56008944674,10584771.489369262
4329000,2164500.0,-35.2462158203125,20522.80630526705,20487.56008944674,10584771.489369262
4330000,2165000.0,-35.2462158203125,20522.80630526705,20487.56008944674,10584771.489369262
4331000,2165500.0,-35.2462158203125,20522.80630526705,20487.56008944674,10584771.489369262
4332000,2166000.0,-35.2462158203125,20522.80630526705,20487.56008944674,10584771.489369262
4333000,2166500.0,-35.2462158203125,20522.80630526705,20487.56008944674,10584771.489369262
4334000,2167000.0,-35.2462158203125,20522.80630526705,20487.56008944674,10584771.489369262
4335000,2167500.0,-35.2462158203125,20522.80630526705,20487.56008944674,10584771.489369262
4336000,2168000.0,-35.2462158203125,20522.80630526705,20487.56008944674,10584771.489369262
4337000,2168500.0,-35.2462158203125,20522.80630526705,20487.56008944674,10584771.489369262
4338000,2169000.0,-35.2462158203125,20522.80630526705,20487.56008944674,10584771.489369262
4339000,2169500.0,-35.2462158203125,20522.80630526705,20487.56008944674,10584771.489369262
4340000,2170000.0,-35.2462158203125,20522.80630526705,20487.56008944674,10584771.489369262
4341000,2170500.0,-35.2462158203125,20522.80630526705,20487.56008944674,10584771.489369262
4342000,2171000.0,-35.2462158203125,20522.80630526705,20487.56008944674,10584771.489369262
4343000,2171500.0,-35.2462158203125,20522.80630526705,20487.56008944674,10584771.489369262
4344000,2172000.0,-35.2462158203125,20522.80630526705,20487.56008944674,10584771.489369262
4345000,2172500.0,-35.2462158203125,20522.80630526705,20487.56008944674,10584771.489369262
4346000,2173000.0,-35.2462158203125,20522.80630526705,20487.56008944674,10584771.489369262
4347000,2173500.0,-35.2462158203125,20522.80630526705,20487.56008944674,10584771.489369262
4348000,2174000.0,-35.2462158203125,20522.80630526705,20487.56008944674,10584771.489369262
4349000,2174500.0,-35.2462158203125,20522.80630526705,20487.56008944674,10584771.489369262
4350000,2175000.0,-35.2462158203125,20522.80630526705,20487.56008944674,10584771.489369262
4351000,2175500.0,-35.2462158203125,20522.80630526705,20487.56008944674,10584771.489369262
4352000,2176000.0,-35.2462158203125,20522.80630526705,20487.56008944674,10584771.489369262
4353000,2176500.0,-35.2462158203125,20522.80630526705,20487.56008944674,10584771.489369262
4354000,2177000.0,-35.2462158203125,20522.80630526705,20487.56008944674,10584771.489369262
4355000,2177500.0,-35.2462158203125,20522.80630526705,20487.56008944674,10584771.489369262
4356000,2178000.0,-35.2462158203125,20522.80630526705,20487.56008944674,10584771.489369262
4357000,2178500.0,-35.2462158203125,20522.80630526705,20487.56008944674,10584771.489369262
4358000,2179000.0,-35.2462158203125,20522.80630526705,20487.56008944674,10584771.489369262
4359000,2179500.0,-35.2462158203125,20522.80630526705,20487.56008944674,10584771.489369262
4360000,2180000.0,-35.2462158203125,20522.80630526705,20487.56008944674,10584771.489369262
4361000,2180500.0,-35.2462158203125,20522.80630526705,20487.56008944674,10584771.489369262
4362000,2181000.0,-35.2462158203125,20522.80630526705,20487.56008944674,10584771.489369262
4363000,2181500.0,-35.2462158203125,20522.80630526705,20487.56008944674,10584771.489369262
4364000,2182000.0,-35.2462158203125,20522.80630526705,20487.56008944674,10584771.489369262
4365000,2182500.0,-35.2462158203125,20522.80630526705,20487.56008944674,10584771.489369262
4366000,2183000.0,-35.2462158203125,20522.80630526705,20487.56008944674,10584771.489369262
4367000,2183500.0,-35.2462158203125,20522.80630526705,20487.56008944674,10584771.489369262
4368000,2184000.0,-35.2462158203125,20522.80630526705,20487.56008944674,10584771.489369262
4369000,2184500.0,-35.2462158203125,20522.80630526705,20487.56008944674,10584771.489369262
4370000,2185000.0,-35.2462158203125,20522.80630526705,20487.56008944674,10584771.489369262
4371000,2185500.0,-35.2462158203125,20522.80630526705,20487.56008944674,10584771.489369262
4372000,2186000.0,-35.2462158203125,20522.80630526705,20487.56008944674,10584771.489369262
4373000,2186500.0,-35.2462158203125,20522.80630526705,20487.56008944674,10584771.489369262
4374000,2187000.0,-35.2462158203125,20522.80630526705,20487.56008944674,10584771.489369262
4375000,2187500.0,-35.2462158203125,20522.80630526705,20487.56008944674,10584771.489369262
4376000,2188000.0,-35.2462158203125,20522.80630526705,20487.56008944674,10584771.489369262
4377000,2188500.0,-35.2462158203125,20522.80630526705,20487.56008944674,10584771.489369262
4378000,2189000.0,-35.2462158203125,20522.80630526705,20487.56008944674,10584771.489369262
4379000,2189500.0,-35.2462158203125,20522.80630526705,20487.56008944674,10584771.489369262
4380000,2190000.0,-35.2462158203125,20522.80630526705,20487.56008944674,10584771.489369262
4381000,2190500.0,-35.2462158203125,20522.80630526705,20487.56008944674,10584771.489369262
4382000,2191000.0,-35.2462158203125,20522.80630526705,20487.56008944674,10584771.489369262
4383000,2191500.0,-35.2462158203125,20522.80630526705,20487.56008944674,10584771.489369262
4384000,2192000.0,-35.2462158203125,20522.80630526705,20487.56008944674,10584771.489369262
4385000,2192500.0,-35.2462158203125,20522.80630526705,20487.56008944674,10584771.489369262
4386000,2193000.0,-35.2462158203125,20522.80630526705,20487.56008944674,10584771.489369262
4387000,2193500.0,-35.2462158203125,20522.80630526705,20487.56008944674,10584771.489369262
4388000,2194000.0,-35.2462158203125,20522.80630526705,20487.56008944674,10584771.489369262
4389000,2194500.0,-35.2462158203125,20522.80630526705,20487.56008944674,10584771.489369262
4390000,2195000.0,-35.2462158203125,20522.80630526705,20487.56008944674,10584771.489369262
4391000,2195500.0,-35.2462158203125,20522.80630526705,20487.56008944674,10584771.489369262
4392000,2196000.0,-35.2462158203125,20522.80630526705,20487.56008944674,10584771.489369262
4393000,2196500.0,-35.2462158203125,20522.80630526705,20487.56008944674,10584771.489369262
4394000,2197000.0,-35.2462158203125,20522.80630526705,20487.56008944674,10584771.489369262
4395000,2197500.0,-35.2462158203125,20522.80630526705,20487.56008944674,10584771.489369262
4396000,2198000.0,-35.2462158203125,20522.80630526705,20487.56008944674,10584771.489369262
4397000,2198500.0,-35.2462158203125,20522.80630526705,20487.56008944674,10584771.489369262
4398000,2199000.0,-35.2462158203125,20522.80630526705,20487.56008944674,10584771.489369262
4399000,2199500.0,-35.2462158203125,20522.80630526705,20487.56008944674,10584771.489369262
4400000,2200000.0,-35.2462158203125,20522.80630526705,20487.56008944674,10584771.489369262
4401000,2200500.0,-35.2462158203125,20522.80630526705,20487.56008944674,10584771.489369262
4402000,2201000.0,-35.2462158203125,20522.80630526705,20487.56008944674,10584771.489369262
4403000,2201500.0,-35.2462158203125,20522.80630526705,20487.56008944674,10584771.489369262
4404000,2202000.0,-35.2462158203125,20522.80630526705,20487.56008944674,10584771.489369262
4405000,2202500.0,-35.2462158203125,20522.80630526705,20487.56008944674,10584771.489369262
4406000,2203000.0,-35.2462158203125,20522.80630526705,20487.56008944674,10584771.489369262
4407000,2203500.0,-35.2462158203125,20522.80630526705,20487.56008944674,10584771.489369262
4408000,2204000.0,-35.2462158203125,20522.80630526705,20487.56008944674,10584771.489369262
4409000,2204500.0,-35.2462158203125,20522.80630526705,20487.56008944674,10584771.489369262
4410000,2205000.0,-35.2462158203125,20522.80630526705,20487.56008944674,10584771.489369262
4411000,2205500.0,-35.2462158203125,20522.80630526705,20487.56008944674,10584771.489369262
4412000,2206000.0,-35.2462158203125,20522.80630526705,20487.56008944674,10584771.489369262
4413000,2206500.0,-35.2462158203125,20522.80630526705,20487.56008944674,10584771.489369262
4414000,2207000.0,-35.2462158203125,20522.80630526705,20487.56008944674,10584771.489369262
4415000,2207500.0,-35.2462158203125,20522.80630526705,20487.56008944674,10584771.489369262
4416000,2208000.0,-35.2462158203125,20522.80630526705,20487.56008944674,10584771.489369262
4417000,2208500.0,-35.2462158203125,20522.80630526705,20487.56008944674,10584771.489369262
4418000,2209000.0,-35.2462158203125,20522.80630526705,20487.56008944674,10584771.489369262
4419000,2209500.0,-35.2462158203125,20522.80630526705,20487.56008944674,10584771.489369262
4420000,2210000.0,-35.2462158203125,20522.80630526705,20487.56008944674,10584771.489369262
4421000,2210500.0,-35.2462158203125,20522.80630526705,20487.56008944674,10584771.489369262
4422000,2211000.0,-35.2462158203125,20522.80630526705,20487.56008944674,10584771.489369262
4423000,2211500.0,-35.2462158203125,20522.80630526705,20487.56008944674,10584771.489369262
4424000,2212000.0,-35.2462158203125,20522.80630526705,20487.56008944674,10584771.489369262
4425000,2212500.0,-35.2462158203125,20522.80630526705,20487.56008944674,10584771.489369262
4426000,2213000.0,-35.2462158203125,20522.80630526705,20487.56008944674,10584771.489369262
4427000,2213500.0,-35.2462158203125,20522.80630526705,20487.56008944674,10584771.489369262
4428000,2214000.0,-35.2462158203125,20522.80630526705,20487.56008944674,10584771.489369262
4429000,2214500.0,-35.2462158203125,20522.80630526705,20487.56008944674,10584771.489369262
4430000,2215000.0,-35.2462158203125,20522.80630526705,20487.56008944674,10584771.489369262
4431000,2215500.0,-35.2462158203125,20522.80630526705,20487.56008944674,10584771.489369262
4432000,2216000.0,-35.2462158203125,20522.80630526705,20487.56008944674,10584771.489369262
4433000,2216500.0,-35.2462158203125,20522.80630526705,20487.56008944674,10584771.489369262
4434000,2217000.0,-35.2462158203125,20522.80630526705,20487.56008944674,10584771.489369262
4435000,2217500.0,-35.2462158203125,20522.80630526705,20487.56008944674,10584771.489369262
4436000,2218000.0,-35.2462158203125,20522.80630526705,20487.56008944674,10584771.489369262
4437000,2218500.0,-35.2462158203125,20522.80630526705,20487.56008944674,10584771.489369262
4438000,2219000.0,-35.2462158203125,20522.80630526705,20487.56008944674,10584771.489369262
4439000,2219500.0,-35.2462158203125,20522.80630526705,20487.56008944674,10584771.489369262
4440000,2220000.0,-35.2462158203125,20522.80630526705,20487.56008944674,10584771.489369262
4441000,2220500.0,-35.2462158203125,20522.80630526705,20487.56008944674,10584771.489369262
4442000,2221000.0,-35.2462158203125,20522.80630526705,20487.56008944674,10584771.489369262
4443000,2221500.0,-35.2462158203125,20522.80630526705,20487.56008944674,10584771.489369262
4444000,2222000.0,-35.2462158203125,20522.80630526705,20487.56008944674,10584771.489369262
4445000,2222500.0,-35.2462158203125,20522.80630526705,20487.56008944674,10584771.489369262
4446000,2223000.0,-35.2462158203125,20522.80630526705,20487.56008944674,10584771.489369262
4447000,2223500.0,-35.2462158203125,20522.80630526705,20487.56008944674,10584771.489369262
4448000,2224000.0,-35.2462158203125,20522.80630526705,20487.56008944674,10584771.489369262
4449000,2224500.0,-35.2462158203125,20522.80630526705,20487.56008944674,10584771.489369262
4450000,2225000.0,-35.2462158203125,20522.80630526705,20487.56008944674,10584771.489369262
4451000,2225500.0,-35.2462158203125,20522.80630526705,20487.56008944674,10584771.489369262
4452000,2226000.0,-35.2462158203125,20522.80630526705,20487.56008944674,10584771.489369262
4453000,2226500.0,-35.2462158203125,20522.80630526705,20487.56008944674,10584771.489369262
4454000,2227000.0,-35.2462158203125,20522.80630526705,20487.56008944674,10584771.489369262
4455000,2227500.0,-35.2462158203125,20522.80630526705,20487.56008944674,10584771.489369262
4456000,2228000.0,-35.2462158203125,20522.80630526705,20487.56008944674,10584771.489369262
4457000,2228500.0,-35.2462158203125,20522.80630526705,20487.56008944674,10584771.489369262
4458000,2229000.0,-35.2462158203125,20522.80630526705,20487.56008944674,10584771.489369262
4459000,2229500.0,-35.2462158203125,20522.80630526705,20487.56008944674,10584771.489369262
4460000,2230000.0,-35.2462158203125,20522.80630526705,20487.56008944674,10584771.489369262
4461000,2230500.0,-35.2462158203125,20522.80630526705,20487.56008944674,10584771.489369262
4462000,2231000.0,-35.2462158203125,20522.80630526705,20487.56008944674,10584771.489369262
4463000,2231500.0,-35.2462158203125,20522.80630526705,20487.56008944674,10584771.489369262
4464000,2232000.0,-35.2462158203125,20522.80630526705,20487.56008944674,10584771.489369262
4465000,2232500.0,-35.2462158203125,20522.80630526705,20487.56008944674,10584771.489369262
4466000,2233000.0,-35.2462158203125,20522.80630526705,20487.56008944674,10584771.489369262
4467000,2233500.0,-35.2462158203125,20522.80630526705,20487.56008944674,10584771.489369262
4468000,2234000.0,-35.2462158203125,20522.80630526705,20487.56008944674,10584771.489369262
4469000,2234500.0,-35.2462158203125,20522.80630526705,20487.56008944674,10584771.489369262
4470000,2235000.0,-35.2462158203125,20522.80630526705,20487.56008944674,10584771.489369262
4471000,2235500.0,-35.2462158203125,20522.80630526705,20487.56008944674,10584771.489369262
4472000,2236000.0,-35.2462158203125,20522.80630526705,20487.56008944674,10584771.489369262
4473000,2236500.0,-35.2462158203125,20522.80630526705,20487.56008944674,10584771.489369262
4474000,2237000.0,-35.2462158203125,20522.80630526705,20487.56008944674,10584771.489369262
4475000,2237500.0,-35.2462158203125,20522.80630526705,20487.56008944674,10584771.489369262
4476000,2238000.0,-35.2462158203125,20522.80630526705,20487.56008944674,10584771.489369262
4477000,2238500.0,-35.2462158203125,20522.80630526705,20487.56008944674,10584771.489369262
4478000,2239000.0,-35.2462158203125,20522.80630526705,20487.56008944674,10584771.489369262
4479000,2239500.0,-35.2462158203125,20522.80630526705,20487.56008944674,10584771.489369262
4480000,2240000.0,-35.2462158203125,20522.80630526705,20487.56008944674,10584771.489369262
4481000,2240500.0,-35.2462158203125,20522.80630526705,20487.56008944674,10584771.489369262
4482000,2241000.0,-35.2462158203125,20522.80630526705,20487.56008944674,10584771.489369262
4483000,2241500.0,-35.2462158203125,20522.80630526705,20487.56008944674,10584771.489369262
4484000,2242000.0,-35.2462158203125,20522.80630526705,20487.56008944674,10584771.489369262
4485000,2242500.0,-35.2462158203125,20522.80630526705,20487.56008944674,10584771.489369262
4486000,2243000.0,-35.2462158203125,20522.80630526705,20487.56008944674,10584771.489369262
4487000,2243500.0,-35.2462158203125,20522.80630526705,20487.56008944674,10584771.489369262
4488000,2244000.0,-35.2462158203125,20522.80630526705,20487.56008944674,10584771.489369262
4489000,2244500.0,-35.2462158203125,20522.80630526705,20487.56008944674,10584771.489369262
4490000,2245000.0,-35.2462158203125,20522.80630526705,20487.56008944674,10584771.489369262
4491000,2245500.0,-35.2462158203125,20522.80630526705,20487.56008944674,10584771.489369262
4492000,2246000.0,-35.2462158203125,20522.80630526705,20487.56008944674,10584771.489369262
4493000,2246500.0,-35.2462158203125,20522.80630526705,20487.56008944674,10584771.489369262
4494000,2247000.0,-35.2462158203125,20522.80630526705,20487.56008944674,10584771.489369262
4495000,2247500.0,-35.2462158203125,20522.80630526705,20487.56008944674,10584771.489369262
4496000,2248000.0,-35.2462158203125,20522.80630526705,20487.56008944674,10584771.489369262
4497000,2248500.0,-35.2462158203125,20522.80630526705,20487.56008944674,10584771.489369262
4498000,2249000.0,-35.2462158203125,20522.80630526705,20487.56008944674,10584771.489369262
4499000,2249500.0,-35.2462158203125,20522.80630526705,20487.56008944674,10584771.489369262
4500000,2250000.0,-35.2462158203125,20522.80630526705,20487.56008944674,10584771.489369262
4501000,2250500.0,-35.2462158203125,20522.80630526705,20487.56008944674,10584771.489369262
4502000,2251000.0,-35.2462158203125,20522.80630526705,20487.56008944674,10584771.489369262
4503000,2251500.0,-35.2462158203125,20522.80630526705,20487.56008944674,10584771.489369262
4504000,2252000.0,-35.2462158203125,20522.80630526705,20487.56008944674,10584771.489369262
4505000,2252500.0,-35.2462158203125,20522.80630526705,20487.56008944674,10584771.489369262
4506000,2253000.0,-35.2462158203125,20522.80630526705,20487.56008944674,10584771.489369262
4507000,2253500.0,-35.2462158203125,20522.80630526705,20487.56008944674,10584771.489369262
4508000,2254000.0,-35.2462158203125,20522.80630526705,20487.56008944674,10584771.489369262
4509000,2254500.0,-35.2462158203125,20522.80630526705,20487.56008944674,10584771.489369262
4510000,2255000.0,-35.2462158203125,20522.80630526705,20487.56008944674,10584771.489369262
4511000,2255500.0,-35.2462158203125,20522.80630526705,20487.56008944674,10584771.489369262
4512000,2256000.0,-35.2462158203125,20522.80630526705,20487.56008944674,10584771.489369262
4513000,2256500.0,-35.2462158203125,20522.80630526705,20487.56008944674,10584771.489369262
4514000,2257000.0,-35.2462158203125,20522.80630526705,20487.56008944674,10584771.489369262
4515000,2257500.0,-35.2462158203125,20522.80630526705,20487.56008944674,10584771.489369262
4516000,2258000.0,-35.2462158203125,20522.80630526705,20487.56008944674,10584771.489369262
4517000,2258500.0,-35.2462158203125,20522.80630526705,20487.56008944674,10584771.489369262
4518000,2259000.0,-35.2462158203125,20522.80630526705,20487.56008944674,10584771.489369262
4519000,2259500.0,-35.2462158203125,20522.80630526705,20487.56008944674,10584771.489369262
4520000,2260000.0,-35.2462158203125,20522.80630526705,20487.56008944674,10584771.489369262
4521000,2260500.0,-35.2462158203125,20522.80630526705,20487.56008944674,10584771.489369262
4522000,2261000.0,-35.2462158203125,20522.80630526705,20487.56008944674,10584771.489369262
4523000,2261500.0,-35.2462158203125,20522.80630526705,20487.56008944674,10584771.489369262
4524000,2262000.0,-35.2462158203125,20522.80630526705,20487.56008944674,10584771.489369262
4525000,2262500.0,-35.2462158203125,20522.80630526705,20487.56008944674,10584771.489369262
4526000,2263000.0,-35.2462158203125,20522.80630526705,20487.56008944674,10584771.489369262
4527000,2263500.0,-35.2462158203125,20522.80630526705,20487.56008944674,10584771.489369262
4528000,2264000.0,-35.2462158203125,20522.80630526705,20487.56008944674,10584771.489369262
4529000,2264500.0,-35.2462158203125,20522.80630526705,20487.56008944674,10584771.489369262
4530000,2265000.0,-35.2462158203125,20522.80630526705,20487.56008944674,10584771.489369262
4531000,2265500.0,-35.2462158203125,20522.80630526705,20487.56008944674,10584771.489369262
4532000,2266000.0,-35.2462158203125,20522.80630526705,20487.56008944674,10584771.489369262
4533000,2266500.0,-35.2462158203125,20522.80630526705,20487.56008944674,10584771.489369262
4534000,2267000.0,-35.2462158203125,20522.80630526705,20487.56008944674,10584771.489369262
4535000,2267500.0,-35.2462158203125,20522.80630526705,20487.56008944674,10584771.489369262
4536000,2268000.0,-35.2462158203125,20522.80630526705,20487.56008944674,10584771.489369262
4537000,2268500.0,-35.2462158203125,20522.80630526705,20487.56008944674,10584771.489369262
4538000,2269000.0,-35.2462158203125,20522.80630526705,20487.56008944674,10584771.489369262
4539000,2269500.0,-35.2462158203125,20522.80630526705,20487.56008944674,10584771.489369262
4540000,2270000.0,-35.2462158203125,20522.80630526705,20487.56008944674,10584771.489369262
4541000,2270500.0,-35.2462158203125,20522.80630526705,20487.56008944674,10584771.489369262
4542000,2271000.0,-35.2462158203125,20522.80630526705,20487.56008944674,10584771.489369262
4543000,2271500.0,-35.2462158203125,20522.80630526705,20487.56008944674,10584771.489369262
4544000,2272000.0,-35.2462158203125,20522.80630526705,20487.56008944674,10584771.489369262
4545000,2272500.0,-35.2462158203125,20522.80630526705,20487.56008944674,10584771.489369262
4546000,2273000.0,-35.2462158203125,20522.80630526705,20487.56008944674,10584771.489369262
4547000,2273500.0,-35.2462158203125,20522.80630526705,20487.56008944674,10584771.489369262
4548000,2274000.0,-35.2462158203125,20522.80630526705,20487.56008944674,10584771.489369262
4549000,2274500.0,-35.2462158203125,20522.80630526705,20487.56008944674,10584771.489369262
4550000,2275000.0,-35.2462158203125,20522.80630526705,20487.56008944674,10584771.489369262
4551000,2275500.0,-35.2462158203125,20522.80630526705,20487.56008944674,10584771.489369262
4552000,2276000.0,-35.2462158203125,20522.80630526705,20487.56008944674,10584771.489369262
4553000,2276500.0,-35.2462158203125,20522.80630526705,20487.56008944674,10584771.489369262
4554000,2277000.0,-35.2462158203125,20522.80630526705,20487.56008944674,10584771.489369262
4555000,2277500.0,-35.2462158203125,20522.80630526705,20487.56008944674,10584771.489369262
4556000,2278000.0,-35.2462158203125,20522.80630526705,20487.56008944674,10584771.489369262
4557000,2278500.0,-35.2462158203125,20522.80630526705,20487.56008944674,10584771.489369262
4558000,2279000.0,-35.2462158203125,20522.80630526705,20487.56008944674,10584771.489369262
4559000,2279500.0,-35.2462158203125,20522.80630526705,20487.56008944674,10584771.489369262
4560000,2280000.0,-35.2462158203125,20522.80630526705,20487.56008944674,10584771.489369262
4561000,2280500.0,-35.2462158203125,20522.80630526705,20487.56008944674,10584771.489369262
4562000,2281000.0,-35.2462158203125,20522.80630526705,20487.56008944674,10584771.489369262
4563000,2281500.0,-35.2462158203125,20522.80630526705,20487.56008944674,10584771.489369262
4564000,2282000.0,-35.2462158203125,20522.80630526705,20487.56008944674,10584771.489369262
4565000,2282500.0,-35.2462158203125,20522.80630526705,20487.56008944674,10584771.489369262
4566000,2283000.0,-35.2462158203125,20522.80630526705,20487.56008944674,10584771.489369262
4567000,2283500.0,-35.2462158203125,20522.80630526705,20487.56008944674,10584771.489369262
4568000,2284000.0,-35.2462158203125,20522.80630526705,20487.56008944674,10584771.489369262
4569000,2284500.0,-35.2462158203125,20522.80630526705,20487.56008944674,10584771.489369262
4570000,2285000.0,-35.2462158203125,20522.80630526705,20487.56008944674,10584771.489369262
4571000,2285500.0,-35.2462158203125,20522.80630526705,20487.56008944674,10584771.489369262
4572000,2286000.0,-35.2462158203125,20522.80630526705,20487.56008944674,10584771.489369262
4573000,2286500.0,-35.2462158203125,20522.80630526705,20487.56008944674,10584771.489369262
4574000,2287000.0,-35.2462158203125,20522.80630526705,20487.56008944674,10584771.489369262
4575000,2287500.0,-35.2462158203125,20522.80630526705,20487.56008944674,10584771.489369262
4576000,2288000.0,-35.2462158203125,20522.80630526705,20487.56008944674,10584771.489369262
4577000,2288500.0,-35.2462158203125,20522.80630526705,20487.56008944674,10584771.489369262
4578000,2289000.0,-35.2462158203125,20522.80630526705,20487.56008944674,10584771.489369262
4579000,2289500.0,-35.2462158203125,20522.80630526705,20487.56008944674,10584771.489369262
4580000,2290000.0,-35.2462158203125,20522.80630526705,20487.56008944674,10584771.489369262
4581000,2290500.0,-35.2462158203125,20522.80630526705,20487.56008944674,10584771.489369262
4582000,2291000.0,-35.2462158203125,20522.80630526705,20487.56008944674,10584771.489369262
4583000,2291500.0,-35.2462158203125,20522.80630526705,20487.56008944674,10584771.489369262
4584000,2292000.0,-35.2462158203125,20522.80630526705,20487.56008944674,10584771.489369262
4585000,2292500.0,-35.2462158203125,20522.80630526705,20487.56008944674,10584771.489369262
4586000,2293000.0,-35.2462158203125,20522.80630526705,20487.56008944674,10584771.489369262
4587000,2293500.0,-35.2462158203125,20522.80630526705,20487.56008944674,10584771.489369262
4588000,2294000.0,-35.2462158203125,20522.80630526705,20487.56008944674,10584771.489369262
4589000,2294500.0,-35.2462158203125,20522.80630526705,20487.56008944674,10584771.489369262
4590000,2295000.0,-35.2462158203125,20522.80630526705,20487.56008944674,10584771.489369262
4591000,2295500.0,-35.2462158203125,20522.80630526705,20487.56008944674,10584771.489369262
4592000,2296000.0,-35.2462158203125,20522.80630526705,20487.56008944674,10584771.489369262
4593000,2296500.0,-35.2462158203125,20522.80630526705,20487.56008944674,10584771.489369262
4594000,2297000.0,-35.2462158203125,20522.80630526705,20487.56008944674,10584771.489369262
4595000,2297500.0,-35.2462158203125,20522.80630526705,20487.56008944674,10584771.489369262
4596000,2298000.0,-35.2462158203125,20522.80630526705,20487.56008944674,10584771.489369262
4597000,2298500.0,-35.2462158203125,20522.80630526705,20487.56008944674,10584771.489369262
4598000,2299000.0,-35.2462158203125,20522.80630526705,20487.56008944674,10584771.489369262
4599000,2299500.0,-35.2462158203125,20522.80630526705,20487.56008944674,10584771.489369262
4600000,2300000.0,-35.2462158203125,20522.80630526705,20487.56008944674,10584771.489369262
4601000,2300500.0,-35.2462158203125,20522.80630526705,20487.56008944674,10584771.489369262
4602000,2301000.0,-35.2462158203125,20522.80630526705,20487.56008944674,10584771.489369262
4603000,2301500.0,-35.2462158203125,20522.80630526705,20487.56008944674,10584771.489369262
4604000,2302000.0,-35.2462158203125,20522.80630526705,20487.56008944674,10584771.489369262
4605000,2302500.0,-35.2462158203125,20522.80630526705,20487.56008944674,10584771.489369262
4606000,2303000.0,-35.2462158203125,20522.80630526705,20487.56008944674,10584771.489369262
4607000,2303500.0,-35.2462158203125,20522.80630526705,20487.56008944674,10584771.489369262
4608000,2304000.0,-35.2462158203125,20522.80630526705,20487.56008944674,10584771.489369262
4609000,2304500.0,-35.2462158203125,20522.80630526705,20487.56008944674,10584771.489369262
4610000,2305000.0,-35.2462158203125,20522.80630526705,20487.56008944674,10584771.489369262
4611000,2305500.0,-35.2462158203125,20522.80630526705,20487.56008944674,10584771.489369262
4612000,2306000.0,-35.2462158203125,20522.80630526705,20487.56008944674,10584771.489369262
4613000,2306500.0,-35.2462158203125,20522.80630526705,20487.56008944674,10584771.489369262
4614000,2307000.0,-35.2462158203125,20522.80630526705,20487.56008944674,10584771.489369262
4615000,2307500.0,-35.2462158203125,20522.80630526705,20487.56008944674,10584771.489369262
4616000,2308000.0,-35.2462158203125,20522.80630526705,20487.56008944674,10584771.489369262
4617000,2308500.0,-35.2462158203125,20522.80630526705,20487.56008944674,10584771.489369262
4618000,2309000.0,-35.2462158203125,20522.80630526705,20487.56008944674,10584771.489369262
4619000,2309500.0,-35.2462158203125,20522.80630526705,20487.56008944674,10584771.489369262
4620000,2310000.0,-35.2462158203125,20522.80630526705,20487.56008944674,10584771.489369262
4621000,2310500.0,-35.2462158203125,20522.80630526705,20487.56008944674,10584771.489369262
4622000,2311000.0,-35.2462158203125,20522.80630526705,20487.56008944674,10584771.489369262
4623000,2311500.0,-35.2462158203125,20522.80630526705,20487.56008944674,10584771.489369262
4624000,2312000.0,-35.2462158203125,20522.80630526705,20487.56008944674,10584771.489369262
4625000,2312500.0,-35.2462158203125,20522.80630526705,20487.56008944674,10584771.489369262
4626000,2313000.0,-35.2462158203125,20522.80630526705,20487.56008944674,10584771.489369262
4627000,2313500.0,-35.2462158203125,20522.80630526705,20487.56008944674,10584771.489369262
4628000,2314000.0,-35.2462158203125,20522.80630526705,20487.56008944674,10584771.489369262
4629000,2314500.0,-35.2462158203125,20522.80630526705,20487.56008944674,10584771.489369262
4630000,2315000.0,-35.2462158203125,20522.80630526705,20487.56008944674,10584771.489369262
4631000,2315500.0,-35.2462158203125,20522.80630526705,20487.56008944674,10584771.489369262
4632000,2316000.0,-35.2462158203125,20522.80630526705,20487.56008944674,10584771.489369262
4633000,2316500.0,-35.2462158203125,20522.80630526705,20487.56008944674,10584771.489369262
4634000,2317000.0,-35.2462158203125,20522.80630526705,20487.56008944674,10584771.489369262
4635000,2317500.0,-35.2462158203125,20522.80630526705,20487.56008944674,10584771.489369262
4636000,2318000.0,-35.2462158203125,20522.80630526705,20487.56008944674,10584771.489369262
4637000,2318500.0,-35.2462158203125,20522.80630526705,20487.56008944674,10584771.489369262
4638000,2319000.0,-35.2462158203125,20522.80630526705,20487.56008944674,10584771.489369262
4639000,2319500.0,-35.2462158203125,20522.80630526705,20487.56008944674,10584771.489369262
4640000,2320000.0,-35.2462158203125,20522.80630526705,20487.56008944674,10584771.489369262
4641000,2320500.0,-35.2462158203125,20522.80630526705,20487.56008944674,10584771.489369262
4642000,2321000.0,-35.2462158203125,20522.80630526705,20487.56008944674,10584771.489369262
4643000,2321500.0,-35.2462158203125,20522.80630526705,20487.56008944674,10584771.489369262
4644000,2322000.0,-35.2462158203125,20522.80630526705,20487.56008944674,10584771.489369262
4645000,2322500.0,-35.2462158203125,20522.80630526705,20487.56008944674,10584771.489369262
4646000,2323000.0,-35.2462158203125,20522.80630526705,20487.56008944674,10584771.489369262
4647000,2323500.0,-35.2462158203125,20522.80630526705,20487.56008944674,10584771.489369262
4648000,2324000.0,-35.2462158203125,20522.80630526705,20487.56008944674,10584771.489369262
4649000,2324500.0,-35.2462158203125,20522.80630526705,20487.56008944674,10584771.489369262
4650000,2325000.0,-35.2462158203125,20522.80630526705,20487.56008944674,10584771.489369262
4651000,2325500.0,-35.2462158203125,20522.80630526705,20487.56008944674,10584771.489369262
4652000,2326000.0,-35.2462158203125,20522.80630526705,20487.56008944674,10584771.489369262
4653000,2326500.0,-35.2462158203125,20522.80630526705,20487.56008944674,10584771.489369262
4654000,2327000.0,-35.2462158203125,20522.80630526705,20487.56008944674,10584771.489369262
4655000,2327500.0,-35.2462158203125,20522.80630526705,20487.56008944674,10584771.489369262
4656000,2328000.0,-35.2462158203125,20522.80630526705,20487.56008944674,10584771.489369262
4657000,2328500.0,-35.2462158203125,20522.80630526705,20487.56008944674,10584771.489369262
4658000,2329000.0,-35.2462158203125,20522.80630526705,20487.56008944674,10584771.489369262
4659000,2329500.0,-35.2462158203125,20522.80630526705,20487.56008944674,10584771.489369262
4660000,2330000.0,-35.2462158203125,20522.80630526705,20487.56008944674,10584771.489369262
4661000,2330500.0,-35.2462158203125,20522.80630526705,20487.56008944674,10584771.489369262
4662000,2331000.0,-35.2462158203125,20522.80630526705,20487.56008944674,10584771.489369262
4663000,2331500.0,-35.2462158203125,20522.80630526705,20487.56008944674,10584771.489369262
4664000,2332000.0,-35.2462158203125,20522.80630526705,20487.56008944674,10584771.489369262
4665000,2332500.0,-35.2462158203125,20522.80630526705,20487.56008944674,10584771.489369262
4666000,2333000.0,-35.2462158203125,20522.80630526705,20487.56008944674,10584771.489369262
4667000,2333500.0,-35.2462158203125,20522.80630526705,20487.56008944674,10584771.489369262
4668000,2334000.0,-35.2462158203125,20522.80630526705,20487.56008944674,10584771.489369262
4669000,2334500.0,-35.2462158203125,20522.80630526705,20487.56008944674,10584771.489369262
4670000,2335000.0,-35.2462158203125,20522.80630526705,20487.56008944674,10584771.489369262
4671000,2335500.0,-35.2462158203125,20522.80630526705,20487.56008944674,10584771.489369262
4672000,2336000.0,-35.2462158203125,20522.80630526705,20487.56008944674,10584771.489369262
4673000,2336500.0,-35.2462158203125,20522.80630526705,20487.56008944674,10584771.489369262
4674000,2337000.0,-35.2462158203125,20522.80630526705,20487.56008944674,10584771.489369262
4675000,2337500.0,-35.2462158203125,20522.80630526705,20487.56008944674,10584771.489369262
4676000,2338000.0,-35.2462158203125,20522.80630526705,20487.56008944674,10584771.489369262
4677000,2338500.0,-35.2462158203125,20522.80630526705,20487.56008944674,10584771.489369262
4678000,2339000.0,-35.2462158203125,20522.80630526705,20487.56008944674,10584771.489369262
4679000,2339500.0,-35.2462158203125,20522.80630526705,20487.56008944674,10584771.489369262
4680000,2340000.0,-35.2462158203125,20522.80630526705,20487.56008944674,10584771.489369262
4681000,2340500.0,-35.2462158203125,20522.80630526705,20487.56008944674,10584771.489369262
4682000,2341000.0,-35.2462158203125,20522.80630526705,20487.56008944674,10584771.489369262
4683000,2341500.0,-35.2462158203125,20522.80630526705,20487.56008944674,10584771.489369262
4684000,2342000.0,-35.2462158203125,20522.80630526705,20487.56008944674,10584771.489369262
4685000,2342500.0,-35.2462158203125,20522.80630526705,20487.56008944674,10584771.489369262
4686000,2343000.0,-35.2462158203125,20522.80630526705,20487.56008944674,10584771.489369262
4687000,2343500.0,-35.2462158203125,20522.80630526705,20487.56008944674,10584771.489369262
4688000,2344000.0,-35.2462158203125,20522.80630526705,20487.56008944674,10584771.489369262
4689000,2344500.0,-35.2462158203125,20522.80630526705,20487.56008944674,10584771.489369262
4690000,2345000.0,-35.2462158203125,20522.80630526705,20487.56008944674,10584771.489369262
4691000,2345500.0,-35.2462158203125,20522.80630526705,20487.56008944674,10584771.489369262
4692000,2346000.0,-35.2462158203125,20522.80630526705,20487.56008944674,10584771.489369262
4693000,2346500.0,-35.2462158203125,20522.80630526705,20487.56008944674,10584771.489369262
4694000,2347000.0,-35.2462158203125,20522.80630526705,20487.56008944674,10584771.489369262
4695000,2347500.0,-35.2462158203125,20522.80630526705,20487.56008944674,10584771.489369262
4696000,2348000.0,-35.2462158203125,20522.80630526705,20487.56008944674,10584771.489369262
4697000,2348500.0,-35.2462158203125,20522.80630526705,20487.56008944674,10584771.489369262
4698000,2349000.0,-35.2462158203125,20522.80630526705,20487.56008944674,10584771.489369262
4699000,2349500.0,-35.2462158203125,20522.80630526705,20487.56008944674,10584771.489369262
4700000,2350000.0,-35.2462158203125,20522.80630526705,20487.56008944674,10584771.489369262
4701000,2350500.0,-35.2462158203125,20522.80630526705,20487.56008944674,10584771.489369262
4702000,2351000.0,-35.2462158203125,20522.80630526705,20487.56008944674,10584771.489369262
4703000,2351500.0,-35.2462158203125,20522.80630526705,20487.56008944674,10584771.489369262
4704000,2352000.0,-35.2462158203125,20522.80630526705,20487.56008944674,10584771.489369262
4705000,2352500.0,-35.2462158203125,20522.80630526705,20487.56008944674,10584771.489369262
4706000,2353000.0,-35.2462158203125,20522.80630526705,20487.56008944674,10584771.489369262
4707000,2353500.0,-35.2462158203125,20522.80630526705,20487.56008944674,10584771.489369262
4708000,2354000.0,-35.2462158203125,20522.80630526705,20487.56008944674,10584771.489369262
4709000,2354500.0,-35.2462158203125,20522.80630526705,20487.56008944674,10584771.489369262
4710000,2355000.0,-35.2462158203125,20522.80630526705,20487.56008944674,10584771.489369262
4711000,2355500.0,-35.2462158203125,20522.80630526705,20487.56008944674,10584771.489369262
4712000,2356000.0,-35.2462158203125,20522.80630526705,20487.56008944674,10584771.489369262
4713000,2356500.0,-35.2462158203125,20522.80630526705,20487.56008944674,10584771.489369262
4714000,2357000.0,-35.2462158203125,20522.80630526705,20487.56008944674,10584771.489369262
4715000,2357500.0,-35.2462158203125,20522.80630526705,20487.56008944674,10584771.489369262
4716000,2358000.0,-35.2462158203125,20522.80630526705,20487.56008944674,10584771.489369262
4717000,2358500.0,-35.2462158203125,20522.80630526705,20487.56008944674,10584771.489369262
4718000,2359000.0,-35.2462158203125,20522.80630526705,20487.56008944674,10584771.489369262
4719000,2359500.0,-35.2462158203125,20522.80630526705,20487.56008944674,10584771.489369262
4720000,2360000.0,-35.2462158203125,20522.80630526705,20487.56008944674,10584771.489369262
4721000,2360500.0,-35.2462158203125,20522.80630526705,20487.56008944674,10584771.489369262
4722000,2361000.0,-35.2462158203125,20522.80630526705,20487.56008944674,10584771.489369262
4723000,2361500.0,-35.2462158203125,20522.80630526705,20487.56008944674,10584771.489369262
4724000,2362000.0,-35.2462158203125,20522.80630526705,20487.56008944674,10584771.489369262
4725000,2362500.0,-35.2462158203125,20522.80630526705,20487.56008944674,10584771.489369262
4726000,2363000.0,-35.2462158203125,20522.80630526705,20487.56008944674,10584771.489369262
4727000,2363500.0,-35.2462158203125,20522.80630526705,20487.56008944674,10584771.489369262
4728000,2364000.0,-35.2462158203125,20522.80630526705,20487.56008944674,10584771.489369262
4729000,2364500.0,-35.2462158203125,20522.80630526705,20487.56008944674,10584771.489369262
4730000,2365000.0,-35.2462158203125,20522.80630526705,20487.56008944674,10584771.489369262
4731000,2365500.0,-35.2462158203125,20522.80630526705,20487.56008944674,10584771.489369262
4732000,2366000.0,-35.2462158203125,20522.80630526705,20487.56008944674,10584771.489369262
4733000,2366500.0,-35.2462158203125,20522.80630526705,20487.56008944674,10584771.489369262
4734000,2367000.0,-35.2462158203125,20522.80630526705,20487.56008944674,10584771.489369262
4735000,2367500.0,-35.2462158203125,20522.80630526705,20487.56008944674,10584771.489369262
4736000,2368000.0,-35.2462158203125,20522.80630526705,20487.56008944674,10584771.489369262
4737000,2368500.0,-35.2462158203125,20522.80630526705,20487.56008944674,10584771.489369262
4738000,2369000.0,-35.2462158203125,20522.80630526705,20487.56008944674,10584771.489369262
4739000,2369500.0,-35.2462158203125,20522.80630526705,20487.56008944674,10584771.489369262
4740000,2370000.0,-35.2462158203125,20522.80630526705,20487.56008944674,10584771.489369262
4741000,2370500.0,-35.2462158203125,20522.80630526705,20487.56008944674,10584771.489369262
4742000,2371000.0,-35.2462158203125,20522.80630526705,20487.56008944674,10584771.489369262
4743000,2371500.0,-35.2462158203125,20522.80630526705,20487.56008944674,10584771.489369262
4744000,2372000.0,-35.2462158203125,20522.80630526705,20487.56008944674,10584771.489369262
4745000,2372500.0,-35.2462158203125,20522.80630526705,20487.56008944674,10584771.489369262
4746000,2373000.0,-35.2462158203125,20522.80630526705,20487.56008944674,10584771.489369262
4747000,2373500.0,-35.2462158203125,20522.80630526705,20487.56008944674,10584771.489369262
4748000,2374000.0,-35.2462158203125,20522.80630526705,20487.56008944674,10584771.489369262
4749000,2374500.0,-35.2462158203125,20522.80630526705,20487.56008944674,10584771.489369262
4750000,2375000.0,-35.2462158203125,20522.80630526705,20487.56008944674,10584771.489369262
4751000,2375500.0,-35.2462158203125,20522.80630526705,20487.56008944674,10584771.489369262
4752000,2376000.0,-35.2462158203125,20522.80630526705,20487.56008944674,10584771.489369262
4753000,2376500.0,-35.2462158203125,20522.80630526705,20487.56008944674,10584771.489369262
4754000,2377000.0,-35.2462158203125,20522.80630526705,20487.56008944674,10584771.489369262
4755000,2377500.0,-35.2462158203125,20522.80630526705,20487.56008944674,10584771.489369262
4756000,2378000.0,-35.2462158203125,20522.80630526705,20487.56008944674,10584771.489369262
4757000,2378500.0,-35.2462158203125,20522.80630526705,20487.56008944674,10584771.489369262
4758000,2379000.0,-35.2462158203125,20522.80630526705,20487.56008944674,10584771.489369262
4759000,2379500.0,-35.2462158203125,20522.80630526705,20487.56008944674,10584771.489369262
4760000,2380000.0,-35.2462158203125,20522.80630526705,20487.56008944674,10584771.489369262
4761000,2380500.0,-35.2462158203125,20522.80630526705,20487.56008944674,10584771.489369262
4762000,2381000.0,-35.2462158203125,20522.80630526705,20487.56008944674,10584771.489369262
4763000,2381500.0,-35.2462158203125,20522.80630526705,20487.56008944674,10584771.489369262
4764000,2382000.0,-35.2462158203125,20522.80630526705,20487.56008944674,10584771.489369262
4765000,2382500.0,-35.2462158203125,20522.80630526705,20487.56008944674,10584771.489369262
4766000,2383000.0,-35.2462158203125,20522.80630526705,20487.56008944674,10584771.489369262
4767000,2383500.0,-35.2462158203125,20522.80630526705,20487.56008944674,10584771.489369262
4768000,2384000.0,-35.2462158203125,20522.80630526705,20487.56008944674,10584771.489369262
4769000,2384500.0,-35.2462158203125,20522.80630526705,20487.56008944674,10584771.489369262
4770000,2385000.0,-35.2462158203125,20522.80630526705,20487.56008944674,10584771.489369262
4771000,2385500.0,-35.2462158203125,20522.80630526705,20487.56008944674,10584771.489369262
4772000,2386000.0,-35.2462158203125,20522.80630526705,20487.56008944674,10584771.489369262
4773000,2386500.0,-35.2462158203125,20522.80630526705,20487.56008944674,10584771.489369262
4774000,2387000.0,-35.2462158203125,20522.80630526705,20487.56008944674,10584771.489369262
4775000,2387500.0,-35.2462158203125,20522.80630526705,20487.56008944674,10584771.489369262
4776000,2388000.0,-35.2462158203125,20522.80630526705,20487.56008944674,10584771.489369262
4777000,2388500.0,-35.2462158203125,20522.80630526705,20487.56008944674,10584771.489369262
4778000,2389000.0,-35.2462158203125,20522.80630526705,20487.56008944674,10584771.489369262
4779000,2389500.0,-35.2462158203125,20522.80630526705,20487.56008944674,10584771.489369262
4780000,2390000.0,-35.2462158203125,20522.80630526705,20487.56008944674,10584771.489369262
4781000,2390500.0,-35.2462158203125,20522.80630526705,20487.56008944674,10584771.489369262
4782000,2391000.0,-35.2462158203125,20522.80630526705,20487.56008944674,10584771.489369262
4783000,2391500.0,-35.2462158203125,20522.80630526705,20487.56008944674,10584771.489369262
4784000,2392000.0,-35.2462158203125,20522.80630526705,20487.56008944674,10584771.489369262
4785000,2392500.0,-35.2462158203125,20522.80630526705,20487.56008944674,10584771.489369262
4786000,2393000.0,-35.2462158203125,20522.80630526705,20487.56008944674,10584771.489369262
4787000,2393500.0,-35.2462158203125,20522.80630526705,20487.56008944674,10584771.489369262
4788000,2394000.0,-35.2462158203125,20522.80630526705,20487.56008944674,10584771.489369262
4789000,2394500.0,-35.2462158203125,20522.80630526705,20487.56008944674,10584771.489369262
4790000,2395000.0,-35.2462158203125,20522.80630526705,20487.56008944674,10584771.489369262
4791000,2395500.0,-35.2462158203125,20522.80630526705,20487.56008944674,10584771.489369262
4792000,2396000.0,-35.2462158203125,20522.80630526705,20487.56008944674,10584771.489369262
4793000,2396500.0,-35.2462158203125,20522.80630526705,20487.56008944674,10584771.489369262
4794000,2397000.0,-35.2462158203125,20522.80630526705,20487.56008944674,10584771.489369262
4795000,2397500.0,-35.2462158203125,20522.80630526705,20487.56008944674,10584771.489369262
4796000,2398000.0,-35.2462158203125,20522.80630526705,20487.56008944674,10584771.489369262
4797000,2398500.0,-35.2462158203125,20522.80630526705,20487.56008944674,10584771.489369262
4798000,2399000.0,-35.2462158203125,20522.80630526705,20487.56008944674,10584771.489369262
4799000,2399500.0,-35.2462158203125,20522.80630526705,20487.56008944674,10584771.489369262
4800000,2400000.0,-35.2462158203125,20522.80630526705,20487.56008944674,10584771.489369262
4801000,2400500.0,-35.2462158203125,20522.80630526705,20487.56008944674,10584771.489369262
4802000,2401000.0,-35.2462158203125,20522.80630526705,20487.56008944674,10584771.489369262
4803000,2401500.0,-35.2462158203125,20522.80630526705,20487.56008944674,10584771.489369262
4804000,2402000.0,-35.2462158203125,20522.80630526705,20487.56008944674,10584771.489369262
4805000,2402500.0,-35.2462158203125,20522.80630526705,20487.56008944674,10584771.489369262
4806000,2403000.0,-35.2462158203125,20522.80630526705,20487.56008944674,10584771.489369262
4807000,2403500.0,-35.2462158203125,20522.80630526705,20487.56008944674,10584771.489369262
4808000,2404000.0,-35.2462158203125,20522.80630526705,20487.56008944674,10584771.489369262
4809000,2404500.0,-35.2462158203125,20522.80630526705,20487.56008944674,10584771.489369262
4810000,2405000.0,-35.2462158203125,20522.80630526705,20487.56008944674,10584771.489369262
4811000,2405500.0,-35.2462158203125,20522.80630526705,20487.56008944674,10584771.489369262
4812000,2406000.0,-35.2462158203125,20522.80630526705,20487.56008944674,10584771.489369262
4813000,2406500.0,-35.2462158203125,20522.80630526705,20487.56008944674,10584771.489369262
4814000,2407000.0,-35.2462158203125,20522.80630526705,20487.56008944674,10584771.489369262
4815000,2407500.0,-35.2462158203125,20522.80630526705,20487.56008944674,10584771.489369262
4816000,2408000.0,-35.2462158203125,20522.80630526705,20487.56008944674,10584771.489369262
4817000,2408500.0,-35.2462158203125,20522.80630526705,20487.56008944674,10584771.489369262
4818000,2409000.0,-35.2462158203125,20522.80630526705,20487.56008944674,10584771.489369262
4819000,2409500.0,-35.2462158203125,20522.80630526705,20487.56008944674,10584771.489369262
4820000,2410000.0,-35.2462158203125,20522.80630526705,20487.56008944674,10584771.489369262
4821000,2410500.0,-35.2462158203125,20522.80630526705,20487.56008944674,10584771.489369262
4822000,2411000.0,-35.2462158203125,20522.80630526705,20487.56008944674,10584771.489369262
4823000,2411500.0,-35.2462158203125,20522.80630526705,20487.56008944674,10584771.489369262
4824000,2412000.0,-35.2462158203125,20522.80630526705,20487.56008944674,10584771.489369262
4825000,2412500.0,-35.2462158203125,20522.80630526705,20487.56008944674,10584771.489369262
4826000,2413000.0,-35.2462158203125,20522.80630526705,20487.56008944674,10584771.489369262
4827000,2413500.0,-35.2462158203125,20522.80630526705,20487.56008944674,10584771.489369262
4828000,2414000.0,-35.2462158203125,20522.80630526705,20487.56008944674,10584771.489369262
4829000,2414500.0,-35.2462158203125,20522.80630526705,20487.56008944674,10584771.489369262
4830000,2415000.0,-35.2462158203125,20522.80630526705,20487.56008944674,10584771.489369262
4831000,2415500.0,-35.2462158203125,20522.80630526705,20487.56008944674,10584771.489369262
4832000,2416000.0,-35.2462158203125,20522.80630526705,20487.56008944674,10584771.489369262
4833000,2416500.0,-35.2462158203125,20522.80630526705,20487.56008944674,10584771.489369262
4834000,2417000.0,-35.2462158203125,20522.80630526705,20487.56008944674,10584771.489369262
4835000,2417500.0,-35.2462158203125,20522.80630526705,20487.56008944674,10584771.489369262
4836000,2418000.0,-35.2462158203125,20522.80630526705,20487.56008944674,10584771.489369262
4837000,2418500.0,-35.2462158203125,20522.80630526705,20487.56008944674,10584771.489369262
4838000,2419000.0,-35.2462158203125,20522.80630526705,20487.56008944674,10584771.489369262
4839000,2419500.0,-35.2462158203125,20522.80630526705,20487.56008944674,10584771.489369262
4840000,2420000.0,-35.2462158203125,20522.80630526705,20487.56008944674,10584771.489369262
4841000,2420500.0,-35.2462158203125,20522.80630526705,20487.56008944674,10584771.489369262
4842000,2421000.0,-35.2462158203125,20522.80630526705,20487.56008944674,10584771.489369262
4843000,2421500.0,-35.2462158203125,20522.80630526705,20487.56008944674,10584771.489369262
4844000,2422000.0,-35.2462158203125,20522.80630526705,20487.56008944674,10584771.489369262
4845000,2422500.0,-35.2462158203125,20522.80630526705,20487.56008944674,10584771.489369262
4846000,2423000.0,-35.2462158203125,20522.80630526705,20487.56008944674,10584771.489369262
4847000,2423500.0,-35.2462158203125,20522.80630526705,20487.56008944674,10584771.489369262
4848000,2424000.0,-35.2462158203125,20522.80630526705,20487.56008944674,10584771.489369262
4849000,2424500.0,-35.2462158203125,20522.80630526705,20487.56008944674,10584771.489369262
4850000,2425000.0,-35.2462158203125,20522.80630526705,20487.56008944674,10584771.489369262
4851000,2425500.0,-35.2462158203125,20522.80630526705,20487.56008944674,10584771.489369262
4852000,2426000.0,-35.2462158203125,20522.80630526705,20487.56008944674,10584771.489369262
4853000,2426500.0,-35.2462158203125,20522.80630526705,20487.56008944674,10584771.489369262
4854000,2427000.0,-35.2462158203125,20522.80630526705,20487.56008944674,10584771.489369262
4855000,2427500.0,-35.2462158203125,20522.80630526705,20487.56008944674,10584771.489369262
4856000,2428000.0,-35.2462158203125,20522.80630526705,20487.56008944674,10584771.489369262
4857000,2428500.0,-35.2462158203125,20522.80630526705,20487.56008944674,10584771.489369262
4858000,2429000.0,-35.2462158203125,20522.80630526705,20487.56008944674,10584771.489369262
4859000,2429500.0,-35.2462158203125,20522.80630526705,20487.56008944674,10584771.489369262
4860000,2430000.0,-35.2462158203125,20522.80630526705,20487.56008944674,10584771.489369262
4861000,2430500.0,-35.2462158203125,20522.80630526705,20487.56008944674,10584771.489369262
4862000,2431000.0,-35.2462158203125,20522.80630526705,20487.56008944674,10584771.489369262
4863000,2431500.0,-35.2462158203125,20522.80630526705,20487.56008944674,10584771.489369262
4864000,2432000.0,-35.2462158203125,20522.80630526705,20487.56008944674,10584771.489369262
4865000,2432500.0,-35.2462158203125,20522.80630526705,20487.56008944674,10584771.489369262
4866000,2433000.0,-35.2462158203125,20522.80630526705,20487.56008944674,10584771.489369262
4867000,2433500.0,-35.2462158203125,20522.80630526705,20487.56008944674,10584771.489369262
4868000,2434000.0,-35.2462158203125,20522.80630526705,20487.56008944674,10584771.489369262
4869000,2434500.0,-35.2462158203125,20522.80630526705,20487.56008944674,10584771.489369262
4870000,2435000.0,-35.2462158203125,20522.80630526705,20487.56008944674,10584771.489369262
4871000,2435500.0,-35.2462158203125,20522.80630526705,20487.56008944674,10584771.489369262
4872000,2436000.0,-35.2462158203125,20522.80630526705,20487.56008944674,10584771.489369262
4873000,2436500.0,-35.2462158203125,20522.80630526705,20487.56008944674,10584771.489369262
4874000,2437000.0,-35.2462158203125,20522.80630526705,20487.56008944674,10584771.489369262
4875000,2437500.0,-35.2462158203125,20522.80630526705,20487.56008944674,10584771.489369262
4876000,2438000.0,-35.2462158203125,20522.80630526705,20487.56008944674,10584771.489369262
4877000,2438500.0,-35.2462158203125,20522.80630526705,20487.56008944674,10584771.489369262
4878000,2439000.0,-35.2462158203125,20522.80630526705,20487.56008944674,10584771.489369262
4879000,2439500.0,-35.2462158203125,20522.80630526705,20487.56008944674,10584771.489369262
4880000,2440000.0,-35.2462158203125,20522.80630526705,20487.56008944674,10584771.489369262
4881000,2440500.0,-35.2462158203125,20522.80630526705,20487.56008944674,10584771.489369262
4882000,2441000.0,-35.2462158203125,20522.80630526705,20487.56008944674,10584771.489369262
4883000,2441500.0,-35.2462158203125,20522.80630526705,20487.56008944674,10584771.489369262
4884000,2442000.0,-35.2462158203125,20522.80630526705,20487.56008944674,10584771.489369262
4885000,2442500.0,-35.2462158203125,20522.80630526705,20487.56008944674,10584771.489369262
4886000,2443000.0,-35.2462158203125,20522.80630526705,20487.56008944674,10584771.489369262
4887000,2443500.0,-35.2462158203125,20522.80630526705,20487.56008944674,10584771.489369262
4888000,2444000.0,-35.2462158203125,20522.80630526705,20487.56008944674,10584771.489369262
4889000,2444500.0,-35.2462158203125,20522.80630526705,20487.56008944674,10584771.489369262
4890000,2445000.0,-35.2462158203125,20522.80630526705,20487.56008944674,10584771.489369262
4891000,2445500.0,-35.2462158203125,20522.80630526705,20487.56008944674,10584771.489369262
4892000,2446000.0,-35.2462158203125,20522.80630526705,20487.56008944674,10584771.489369262
4893000,2446500.0,-35.2462158203125,20522.80630526705,20487.56008944674,10584771.489369262
4894000,2447000.0,-35.2462158203125,20522.80630526705,20487.56008944674,10584771.489369262
4895000,2447500.0,-35.2462158203125,20522.80630526705,20487.56008944674,10584771.489369262
4896000,2448000.0,-35.2462158203125,20522.80630526705,20487.56008944674,10584771.489369262
4897000,2448500.0,-35.2462158203125,20522.80630526705,20487.56008944674,10584771.489369262
4898000,2449000.0,-35.2462158203125,20522.80630526705,20487.56008944674,10584771.489369262
4899000,2449500.0,-35.2462158203125,20522.80630526705,20487.56008944674,10584771.489369262
4900000,2450000.0,-35.2462158203125,20522.80630526705,20487.56008944674,10584771.489369262
4901000,2450500.0,-35.2462158203125,20522.80630526705,20487.56008944674,10584771.489369262
4902000,2451000.0,-35.2462158203125,20522.80630526705,20487.56008944674,10584771.489369262
4903000,2451500.0,-35.2462158203125,20522.80630526705,20487.56008944674,10584771.489369262
4904000,2452000.0,-35.2462158203125,20522.80630526705,20487.56008944674,10584771.489369262
4905000,2452500.0,-35.2462158203125,20522.80630526705,20487.56008944674,10584771.489369262
4906000,2453000.0,-35.2462158203125,20522.80630526705,20487.56008944674,10584771.489369262
4907000,2453500.0,-35.2462158203125,20522.80630526705,20487.56008944674,10584771.489369262
4908000,2454000.0,-35.2462158203125,20522.80630526705,20487.56008944674,10584771.489369262
4909000,2454500.0,-35.2462158203125,20522.80630526705,20487.56008944674,10584771.489369262
4910000,2455000.0,-35.2462158203125,20522.80630526705,20487.56008944674,10584771.489369262
4911000,2455500.0,-35.2462158203125,20522.80630526705,20487.56008944674,10584771.489369262
4912000,2456000.0,-35.2462158203125,20522.80630526705,20487.56008944674,10584771.489369262
4913000,2456500.0,-35.2462158203125,20522.80630526705,20487.56008944674,10584771.489369262
4914000,2457000.0,-35.2462158203125,20522.80630526705,20487.56008944674,10584771.489369262
4915000,2457500.0,-35.2462158203125,20522.80630526705,20487.56008944674,10584771.489369262
4916000,2458000.0,-35.2462158203125,20522.80630526705,20487.56008944674,10584771.489369262
4917000,2458500.0,-35.2462158203125,20522.80630526705,20487.56008944674,10584771.489369262
4918000,2459000.0,-35.2462158203125,20522.80630526705,20487.56008944674,10584771.489369262
4919000,2459500.0,-35.2462158203125,20522.80630526705,20487.56008944674,10584771.489369262
4920000,2460000.0,-35.2462158203125,20522.80630526705,20487.56008944674,10584771.489369262
4921000,2460500.0,-35.2462158203125,20522.80630526705,20487.56008944674,10584771.489369262
4922000,2461000.0,-35.2462158203125,20522.80630526705,20487.56008944674,10584771.489369262
4923000,2461500.0,-35.2462158203125,20522.80630526705,20487.56008944674,10584771.489369262
4924000,2462000.0,-35.2462158203125,20522.80630526705,20487.56008944674,10584771.489369262
4925000,2462500.0,-35.2462158203125,20522.80630526705,20487.56008944674,10584771.489369262
4926000,2463000.0,-35.2462158203125,20522.80630526705,20487.56008944674,10584771.489369262
4927000,2463500.0,-35.2462158203125,20522.80630526705,20487.56008944674,10584771.489369262
4928000,2464000.0,-35.2462158203125,20522.80630526705,20487.56008944674,10584771.489369262
4929000,2464500.0,-35.2462158203125,20522.80630526705,20487.56008944674,10584771.489369262
4930000,2465000.0,-35.2462158203125,20522.80630526705,20487.56008944674,10584771.489369262
4931000,2465500.0,-35.2462158203125,20522.80630526705,20487.56008944674,10584771.489369262
4932000,2466000.0,-35.2462158203125,20522.80630526705,20487.56008944674,10584771.489369262
4933000,2466500.0,-35.2462158203125,20522.80630526705,20487.56008944674,10584771.489369262
4934000,2467000.0,-35.2462158203125,20522.80630526705,20487.56008944674,10584771.489369262
4935000,2467500.0,-35.2462158203125,20522.80630526705,20487.56008944674,10584771.489369262
4936000,2468000.0,-35.2462158203125,20522.80630526705,20487.56008944674,10584771.489369262
4937000,2468500.0,-35.2462158203125,20522.80630526705,20487.56008944674,10584771.489369262
4938000,2469000.0,-35.2462158203125,20522.80630526705,20487.56008944674,10584771.489369262
4939000,2469500.0,-35.2462158203125,20522.80630526705,20487.56008944674,10584771.489369262
4940000,2470000.0,-35.2462158203125,20522.80630526705,20487.56008944674,10584771.489369262
4941000,2470500.0,-35.2462158203125,20522.80630526705,20487.56008944674,10584771.489369262
4942000,2471000.0,-35.2462158203125,20522.80630526705,20487.56008944674,10584771.489369262
4943000,2471500.0,-35.2462158203125,20522.80630526705,20487.56008944674,10584771.489369262
4944000,2472000.0,-35.2462158203125,20522.80630526705,20487.56008944674,10584771.489369262
4945000,2472500.0,-35.2462158203125,20522.80630526705,20487.56008944674,10584771.489369262
4946000,2473000.0,-35.2462158203125,20522.80630526705,20487.56008944674,10584771.489369262
4947000,2473500.0,-35.2462158203125,20522.80630526705,20487.56008944674,10584771.489369262
4948000,2474000.0,-35.2462158203125,20522.80630526705,20487.56008944674,10584771.489369262
4949000,2474500.0,-35.2462158203125,20522.80630526705,20487.56008944674,10584771.489369262
4950000,2475000.0,-35.2462158203125,20522.80630526705,20487.56008944674,10584771.489369262
4951000,2475500.0,-35.2462158203125,20522.80630526705,20487.56008944674,10584771.489369262
4952000,2476000.0,-35.2462158203125,20522.80630526705,20487.56008944674,10584771.489369262
4953000,2476500.0,-35.2462158203125,20522.80630526705,20487.56008944674,10584771.489369262
4954000,2477000.0,-35.2462158203125,20522.80630526705,20487.56008944674,10584771.489369262
4955000,2477500.0,-35.2462158203125,20522.80630526705,20487.56008944674,10584771.489369262
4956000,2478000.0,-35.2462158203125,20522.80630526705,20487.56008944674,10584771.489369262
4957000,2478500.0,-35.2462158203125,20522.80630526705,20487.56008944674,10584771.489369262
4958000,2479000.0,-35.2462158203125,20522.80630526705,20487.56008944674,10584771.489369262
4959000,2479500.0,-35.2462158203125,20522.80630526705,20487.56008944674,10584771.489369262
4960000,2480000.0,-35.2462158203125,20522.80630526705,20487.56008944674,10584771.489369262
4961000,2480500.0,-35.2462158203125,20522.80630526705,20487.56008944674,10584771.489369262
4962000,2481000.0,-35.2462158203125,20522.80630526705,20487.56008944674,10584771.489369262
4963000,2481500.0,-35.2462158203125,20522.80630526705,20487.56008944674,10584771.489369262
4964000,2482000.0,-35.2462158203125,20522.80630526705,20487.56008944674,10584771.489369262
4965000,2482500.0,-35.2462158203125,20522.80630526705,20487.56008944674,10584771.489369262
4966000,2483000.0,-35.2462158203125,20522.80630526705,20487.56008944674,10584771.489369262
4967000,2483500.0,-35.2462158203125,20522.80630526705,20487.56008944674,10584771.489369262
4968000,2484000.0,-35.2462158203125,20522.80630526705,20487.56008944674,10584771.489369262
4969000,2484500.0,-35.2462158203125,20522.80630526705,20487.56008944674,10584771.489369262
4970000,2485000.0,-35.2462158203125,20522.80630526705,20487.56008944674,10584771.489369262
4971000,2485500.0,-35.2462158203125,20522.80630526705,20487.56008944674,10584771.489369262
4972000,2486000.0,-35.2462158203125,20522.80630526705,20487.56008944674,10584771.489369262
4973000,2486500.0,-35.2462158203125,20522.80630526705,20487.56008944674,10584771.489369262
4974000,2487000.0,-35.2462158203125,20522.80630526705,20487.56008944674,10584771.489369262
4975000,2487500.0,-35.2462158203125,20522.80630526705,20487.56008944674,10584771.489369262
4976000,2488000.0,-35.2462158203125,20522.80630526705,20487.56008944674,10584771.489369262
4977000,2488500.0,-35.2462158203125,20522.80630526705,20487.56008944674,10584771.489369262
4978000,2489000.0,-35.2462158203125,20522.80630526705,20487.56008944674,10584771.489369262
4979000,2489500.0,-35.2462158203125,20522.80630526705,20487.56008944674,10584771.489369262
4980000,2490000.0,-35.2462158203125,20522.80630526705,20487.56008944674,10584771.489369262
4981000,2490500.0,-35.2462158203125,20522.80630526705,20487.56008944674,10584771.489369262
4982000,2491000.0,-35.2462158203125,20522.80630526705,20487.56008944674,10584771.489369262
4983000,2491500.0,-35.2462158203125,20522.80630526705,20487.56008944674,10584771.489369262
4984000,2492000.0,-35.2462158203125,20522.80630526705,20487.56008944674,10584771.489369262
4985000,2492500.0,-35.2462158203125,20522.80630526705,20487.56008944674,10584771.489369262
4986000,2493000.0,-35.2462158203125,20522.80630526705,20487.56008944674,10584771.489369262
4987000,2493500.0,-35.2462158203125,20522.80630526705,20487.56008944674,10584771.489369262
4988000,2494000.0,-35.2462158203125,20522.80630526705,20487.56008944674,10584771.489369262
4989000,2494500.0,-35.2462158203125,20522.80630526705,20487.56008944674,10584771.489369262
4990000,2495000.0,-35.2462158203125,20522.80630526705,20487.56008944674,10584771.489369262
4991000,2495500.0,-35.2462158203125,20522.80630526705,20487.56008944674,10584771.489369262
4992000,2496000.0,-35.2462158203125,20522.80630526705,20487.56008944674,10584771.489369262
4993000,2496500.0,-35.2462158203125,20522.80630526705,20487.56008944674,10584771.489369262
4994000,2497000.0,-35.2462158203125,20522.80630526705,20487.56008944674,10584771.489369262
4995000,2497500.0,-35.2462158203125,20522.80630526705,20487.56008944674,10584771.489369262
4996000,2498000.0,-35.2462158203125,20522.80630526705,20487.56008944674,10584771.489369262
4997000,2498500.0,-35.2462158203125,20522.80630526705,20487.56008944674,10584771.489369262
4998000,2499000.0,-35.2462158203125,20522.80630526705,20487.56008944674,10584771.489369262
4999000,2499500.0,-35.2462158203125,20522.80630526705,20487.56008944674,10584771.489369262
5000000,2500000.0,-35.2462158203125,20522.80630526705,20487.56008944674,10584771.489369262
