{
  "mae": 0.009601961821317673,
  "rmse": 0.01071835681796074,
  "r2": 0.9119662642478943,
  "mean_error": -0.009505772963166237,
  "std_error": 0.004952117335051298,
  "max_abs_error": 0.0830535888671875,
  "mae_kcal_mol": 0.22142460942268372,
  "rmse_kcal_mol": 0.24716906249523163,
  "mean_error_kcal_mol": -0.21920645236968994,
  "std_error_kcal_mol": 0.11419755965471268,
  "max_abs_error_kcal_mol": 1.9152448177337646,
  "mae_overall": 0.03105812892317772,
  "rmse_overall": 0.04583866149187088,
  "r2_overall": 0.9998267292976379,
  "r_overall": 0.9999138159151751,
  "mae_x": 0.03393803909420967,
  "mae_y": 0.041102681308984756,
  "mae_z": 0.01813366450369358,
  "r2_x": 0.9998783469200134,
  "r2_y": 0.9998569488525391,
  "r2_z": 0.9997285604476929,
  "mae_components": [
    0.016281912103295326,
    0.0194722767919302,
    0.021472571417689323
  ],
  "mae_magnitude": 0.058578334748744965,
  "rmse_magnitude": 0.07470089197158813,
  "r2_magnitude": 0.999656617641449,
  "mae_overall_kcal_mol_ang": 0.43988972902297974,
  "rmse_overall_kcal_mol_ang": 0.7703163027763367,
  "mae_x_kcal_mol_ang": 0.37546658515930176,
  "mae_y_kcal_mol_ang": 0.4490375220775604,
  "mae_z_kcal_mol_ang": 0.49516502022743225,
  "mae_magnitude_kcal_mol_ang": 0.5855554938316345,
  "rmse_magnitude_kcal_mol_ang": 0.9895188212394714,
  "r": 0.9853450515452524,
  "mae_overall_debye": 0.03105812892317772,
  "rmse_overall_debye": 0.04583866149187088,
  "mae_x_debye": 0.03393803909420967,
  "mae_y_debye": 0.041102681308984756,
  "mae_z_debye": 0.01813366450369358,
  "mae_magnitude_debye": 0.058578334748744965,
  "rmse_magnitude_debye": 0.07470089197158813
}