{
  "mae": 0.005451973993331194,
  "rmse": 0.006689675152301788,
  "r2": 0.9998202323913574,
  "mean_error": -0.003444430883973837,
  "std_error": 0.005734775215387344,
  "max_abs_error": 0.03466606140136719,
  "mae_kcal_mol": 0.1257244348526001,
  "rmse_kcal_mol": 0.15426625311374664,
  "mean_error_kcal_mol": -0.07942978292703629,
  "std_error_kcal_mol": 0.13224592804908752,
  "max_abs_error_kcal_mol": 0.7994115352630615,
  "mae_overall": 0.0012858158443123102,
  "rmse_overall": 0.0020713000558316708,
  "r2_overall": 0.9998452067375183,
  "r_overall": 0.9999226356853992,
  "mae_x": 0.0012500854209065437,
  "mae_y": 0.0013546529226005077,
  "mae_z": 0.0012527094222605228,
  "r2_x": 0.9998968243598938,
  "r2_y": 0.9998714327812195,
  "r2_z": 0.9997521042823792,
  "mae_components": [
    0.017745379358530045,
    0.021890509873628616,
    0.02362731471657753
  ],
  "mae_magnitude": 0.0015454586828127503,
  "rmse_magnitude": 0.0021991219837218523,
  "r2_magnitude": 0.9996860027313232,
  "mae_overall_kcal_mol_ang": 0.4862905740737915,
  "rmse_overall_kcal_mol_ang": 0.7280961275100708,
  "mae_x_kcal_mol_ang": 0.40921467542648315,
  "mae_y_kcal_mol_ang": 0.5048028230667114,
  "mae_z_kcal_mol_ang": 0.5448541641235352,
  "mae_magnitude_kcal_mol_ang": 0.6473777294158936,
  "rmse_magnitude_kcal_mol_ang": 0.9462209343910217,
  "r": 0.9999189075257721,
  "mae_overall_debye": 0.0012858158443123102,
  "rmse_overall_debye": 0.0020713000558316708,
  "mae_x_debye": 0.0012500854209065437,
  "mae_y_debye": 0.0013546529226005077,
  "mae_z_debye": 0.0012527094222605228,
  "mae_magnitude_debye": 0.0015454586828127503,
  "rmse_magnitude_debye": 0.0021991219837218523
}