CUDA graph capture is not supported in this JAX version
JAX devices: [CudaDevice(id=0), CudaDevice(id=1)]
Arguments:
  data: None
  train_npz: out/splits01/energies_forces_dipoles_train.npz
  valid_npz: out/splits01/energies_forces_dipoles_valid.npz
  test_npz: out/splits01/energies_forces_dipoles_test.npz
  output_dir: /mmhome/boittier/home/ckpts/dipeptide_ef2_ptF_run1
  features: 64
  max_degree: 1
  num_iterations: 2
  num_basis_functions: 32
  cutoff: 10.0
  num_train: 8000
  num_valid: 1000
  num_epochs: 500
  learning_rate: 0.0004
  batch_size: 16
  clip_norm: 1000.0
  ema_decay: 0.5
  early_stopping_patience: None
  early_stopping_min_delta: 0.0
  reduce_on_plateau_patience: 15
  reduce_on_plateau_cooldown: 15
  reduce_on_plateau_factor: 0.9
  reduce_on_plateau_rtol: 0.0001
  reduce_on_plateau_accumulation_size: 5
  reduce_on_plateau_min_scale: 0.01
  restart: None
  energy_weight: 1.0
  forces_weight: 1.0
  dipole_weight: 1.0
  charge_weight: 1.0
  dipole_field_coupling: False
  field_scale: 100.0
  zbl: True
  include_pseudotensors: True
  gradient_checkpoint: False
  rot_augment: False
  rot_perturbation: 1.0
  verbose: False
  save_every: 0
Hyperparameters:
  restart: None
  features: 64
  max_degree: 1
  num_iterations: 2
  num_basis_functions: 32
  cutoff: 10.0
  num_train: 8000
  num_valid: 1000
  num_epochs: 500
  learning_rate: 0.0004
  batch_size: 16
  clip_norm: 1000.0
  ema_decay: 0.5
  early_stopping_patience: None
  early_stopping_min_delta: 0.0
  reduce_on_plateau_patience: 15
  reduce_on_plateau_cooldown: 15
  reduce_on_plateau_factor: 0.9
  reduce_on_plateau_rtol: 0.0001
  reduce_on_plateau_accumulation_size: 5
  reduce_on_plateau_min_scale: 0.01
  save_every: 0
  rot_augment: False
  rot_perturbation: 1.0
Loading splits:
  train: out/splits01/energies_forces_dipoles_train.npz
  valid: out/splits01/energies_forces_dipoles_valid.npz

Test split (informational only, not used in training):
  atomic_numbers: (768, 29)
  positions: (768, 29, 3)
  electric_field: (768, 3)
  energies: (768,)
  forces: (768, 29, 3)
  D: (768, 3)

Prepared data shapes:
  train atomic_numbers: (6134, 29)
  train positions:      (6134, 29, 3)
  train electric_field: (6134, 3)
  train energies:       (6134,)
  train forces:        (6134, 29, 3)
Message passing model: MessagePassingModel(
    # attributes
    features = 64
    max_degree = 1
    num_iterations = 2
    num_basis_functions = 32
    cutoff = 10.0
    max_atomic_number = 55
    include_pseudotensors = True
    dipole_field_coupling = False
    field_scale = 100.0
    zbl = True
)

============================================================
Training Run UUID: 519bc841-31c3-452c-a2ff-bab82432437e
============================================================

                              Validation Batch[0]                               
┏━━━━━━━━━━━━━━━━┳━━━━━━━━━━━━━━━━━━━━━━━━━━━━━━━━━━━━━━━━━━━━━━━━━━━━━━━━━━━━━┓
┃ Key            ┃ Shape + Stats                                               ┃
┡━━━━━━━━━━━━━━━━╇━━━━━━━━━━━━━━━━━━━━━━━━━━━━━━━━━━━━━━━━━━━━━━━━━━━━━━━━━━━━━┩
│ atomic_numbers │ shape=(464,) x∈[1, 16]                                      │
│ positions      │ shape=(464, 3) x∈[-13.74, 3.825] μ=-2.279 σ=3.429           │
│ energies       │ shape=(16,) x∈[-128, -120.1] μ=-125.4 σ=1.68                │
│ forces         │ shape=(464, 3) x∈[-20.85, 12.69] μ=-2.911e-06 σ=2.573       │
│ electric_field │ shape=(16, 3) x∈[-0.02669, 0.02083] μ=-0.0003554 σ=0.006886 │
│ dst_idx_flat   │ shape=(12992,) x∈[0, 463]                                   │
│ src_idx_flat   │ shape=(12992,) x∈[0, 463]                                   │
│ batch_segments │ shape=(464,) x∈[0, 15]                                      │
│ dipoles        │ shape=(16, 3) x∈[-1.223, 1.516] μ=0.3296 σ=0.6046           │
└────────────────┴─────────────────────────────────────────────────────────────┘
epoch:   1                    train:   valid:
    weighted total loss      4252.119141  77.310959
    energy MSE [eV²]         4187.684570  20.329567
    force MSE [(eV/Å)²]      8.822958  4.588078
    energy mae [kcal/mol]          915.081055  119.046280
    energy R²                    N/A -28.277349
    forces mae [kcal/mol/Å]        74.191605  54.180206
    forces R²                    N/A -0.339367
    dipole mae [tgt units]   0.412812  0.240326
    dipole R²                    N/A  0.812176
    dipole MSE [tgt²]        0.153779  0.044235
    charge loss [e²]         55.456703  52.349075
    charge RMSE [e]          7.446926  7.235266
    LR scale:  1.000000, effective LR:  0.000400
    ✓ Best valid checkpoint: params-best-519bc841-31c3-452c-a2ff-bab82432437e.json (weighted loss=77.310959, epoch 1)
epoch:   2                    train:   valid:
    weighted total loss      46.939011  19.143215
    energy MSE [eV²]         8.218650  3.212600
    force MSE [(eV/Å)²]      3.595689  2.913570
    energy mae [kcal/mol]          74.445084  48.044102
    energy R²                    N/A -3.643644
    forces mae [kcal/mol/Å]        46.263123  40.077316
    forces R²                    N/A  0.153429
    dipole mae [tgt units]   0.158327  0.131668
    dipole R²                    N/A  0.939934
    dipole MSE [tgt²]        0.021058  0.014232
    charge loss [e²]         35.103622  13.002808
    charge RMSE [e]          5.924831  3.605941
    LR scale:  1.000000, effective LR:  0.000400
    ✓ Best valid checkpoint: params-best-519bc841-31c3-452c-a2ff-bab82432437e.json (weighted loss=19.143215, epoch 2)
epoch:   3                    train:   valid:
    weighted total loss      5.807765  4.035172
    energy MSE [eV²]         1.926587  1.264113
    force MSE [(eV/Å)²]      2.841476  2.755868
    energy mae [kcal/mol]          36.247974  29.409693
    energy R²                    N/A -0.741411
    forces mae [kcal/mol/Å]        39.337112  38.448685
    forces R²                    N/A  0.199752
    dipole mae [tgt units]   0.121299  0.116512
    dipole R²                    N/A  0.953323
    dipole MSE [tgt²]        0.011992  0.010961
    charge loss [e²]         1.027707  0.004230
    charge RMSE [e]          1.013759  0.065035
    LR scale:  1.000000, effective LR:  0.000400
    ✓ Best valid checkpoint: params-best-519bc841-31c3-452c-a2ff-bab82432437e.json (weighted loss=4.035172, epoch 3)
epoch:   4                    train:   valid:
    weighted total loss      3.847777  3.530540
    energy MSE [eV²]         1.067669  0.803489
    force MSE [(eV/Å)²]      2.765979  2.714119
    energy mae [kcal/mol]          26.822762  23.942190
    energy R²                    N/A -0.100098
    forces mae [kcal/mol/Å]        38.608616  38.154736
    forces R²                    N/A  0.211936
    dipole mae [tgt units]   0.111493  0.108709
    dipole R²                    N/A  0.959134
    dipole MSE [tgt²]        0.010152  0.009537
    charge loss [e²]         0.003977  0.003395
    charge RMSE [e]          0.063065  0.058269
    LR scale:  1.000000, effective LR:  0.000400
    ✓ Best valid checkpoint: params-best-519bc841-31c3-452c-a2ff-bab82432437e.json (weighted loss=3.530540, epoch 4)
epoch:   5                    train:   valid:
    weighted total loss      3.486049  3.296119
    energy MSE [eV²]         0.748428  0.630462
    force MSE [(eV/Å)²]      2.725002  2.653140
    energy mae [kcal/mol]          22.390118  20.610426
    energy R²                    N/A  0.149934
    forces mae [kcal/mol/Å]        38.297825  37.694759
    forces R²                    N/A  0.229644
    dipole mae [tgt units]   0.105957  0.103708
    dipole R²                    N/A  0.962828
    dipole MSE [tgt²]        0.009120  0.008651
    charge loss [e²]         0.003499  0.003866
    charge RMSE [e]          0.059154  0.062177
    LR scale:  1.000000, effective LR:  0.000400
    ✓ Best valid checkpoint: params-best-519bc841-31c3-452c-a2ff-bab82432437e.json (weighted loss=3.296119, epoch 5)
epoch:   6                    train:   valid:
    weighted total loss      3.359262  3.306147
    energy MSE [eV²]         0.700230  0.731690
    force MSE [(eV/Å)²]      2.647087  2.563221
    energy mae [kcal/mol]          21.585022  23.257515
    energy R²                    N/A -0.031527
    forces mae [kcal/mol/Å]        37.706413  37.004642
    forces R²                    N/A  0.255735
    dipole mae [tgt units]   0.102090  0.100252
    dipole R²                    N/A  0.965126
    dipole MSE [tgt²]        0.008462  0.008103
    charge loss [e²]         0.003484  0.003132
    charge RMSE [e]          0.059021  0.055967
    LR scale:  1.000000, effective LR:  0.000400
epoch:   7                    train:   valid:
    weighted total loss      3.216851  2.983961
    energy MSE [eV²]         0.657725  0.517357
    force MSE [(eV/Å)²]      2.547696  2.454749
    energy mae [kcal/mol]          20.960495  18.399397
    energy R²                    N/A  0.306649
    forces mae [kcal/mol/Å]        36.947994  36.177284
    forces R²                    N/A  0.287197
    dipole mae [tgt units]   0.099672  0.104314
    dipole R²                    N/A  0.962474
    dipole MSE [tgt²]        0.008090  0.008776
    charge loss [e²]         0.003342  0.003078
    charge RMSE [e]          0.057807  0.055481
    LR scale:  1.000000, effective LR:  0.000400
    ✓ Best valid checkpoint: params-best-519bc841-31c3-452c-a2ff-bab82432437e.json (weighted loss=2.983961, epoch 7)
epoch:   8                    train:   valid:
    weighted total loss      3.075489  2.888528
    energy MSE [eV²]         0.630819  0.541801
    force MSE [(eV/Å)²]      2.433782  2.336619
    energy mae [kcal/mol]          20.541901  18.143192
    energy R²                    N/A  0.280763
    forces mae [kcal/mol/Å]        36.092445  35.283222
    forces R²                    N/A  0.321432
    dipole mae [tgt units]   0.096741  0.094801
    dipole R²                    N/A  0.968570
    dipole MSE [tgt²]        0.007631  0.007320
    charge loss [e²]         0.003258  0.002788
    charge RMSE [e]          0.057083  0.052797
    LR scale:  1.000000, effective LR:  0.000400
    ✓ Best valid checkpoint: params-best-519bc841-31c3-452c-a2ff-bab82432437e.json (weighted loss=2.888528, epoch 8)
epoch:   9                    train:   valid:
    weighted total loss      2.915437  2.814280
    energy MSE [eV²]         0.586546  0.578543
    force MSE [(eV/Å)²]      2.318451  2.225246
    energy mae [kcal/mol]          19.764271  18.869909
    energy R²                    N/A  0.235986
    forces mae [kcal/mol/Å]        35.246784  34.492596
    forces R²                    N/A  0.353661
    dipole mae [tgt units]   0.095828  0.094159
    dipole R²                    N/A  0.969041
    dipole MSE [tgt²]        0.007454  0.007197
    charge loss [e²]         0.002986  0.003294
    charge RMSE [e]          0.054647  0.057389
    LR scale:  1.000000, effective LR:  0.000400
    ✓ Best valid checkpoint: params-best-519bc841-31c3-452c-a2ff-bab82432437e.json (weighted loss=2.814280, epoch 9)
epoch:  10                    train:   valid:
    weighted total loss      2.770831  2.568250
    energy MSE [eV²]         0.550630  0.436516
    force MSE [(eV/Å)²]      2.210353  2.122347
    energy mae [kcal/mol]          19.301308  16.913528
    energy R²                    N/A  0.400455
    forces mae [kcal/mol/Å]        34.474815  33.741135
    forces R²                    N/A  0.383427
    dipole mae [tgt units]   0.094091  0.093050
    dipole R²                    N/A  0.969634
    dipole MSE [tgt²]        0.007212  0.007079
    charge loss [e²]         0.002637  0.002309
    charge RMSE [e]          0.051351  0.048049
    LR scale:  1.000000, effective LR:  0.000400
    ✓ Best valid checkpoint: params-best-519bc841-31c3-452c-a2ff-bab82432437e.json (weighted loss=2.568250, epoch 10)
epoch:  11                    train:   valid:
    weighted total loss      2.680525  2.511221
    energy MSE [eV²]         0.560308  0.476114
    force MSE [(eV/Å)²]      2.110887  2.026218
    energy mae [kcal/mol]          19.331593  17.208405
    energy R²                    N/A  0.362272
    forces mae [kcal/mol/Å]        33.703526  32.945690
    forces R²                    N/A  0.411280
    dipole mae [tgt units]   0.092920  0.092033
    dipole R²                    N/A  0.970460
    dipole MSE [tgt²]        0.006991  0.006874
    charge loss [e²]         0.002342  0.002015
    charge RMSE [e]          0.048392  0.044887
    LR scale:  1.000000, effective LR:  0.000400
    ✓ Best valid checkpoint: params-best-519bc841-31c3-452c-a2ff-bab82432437e.json (weighted loss=2.511221, epoch 11)
epoch:  12                    train:   valid:
    weighted total loss      2.632713  2.371453
    energy MSE [eV²]         0.598076  0.418663
    force MSE [(eV/Å)²]      2.025653  1.944142
    energy mae [kcal/mol]          20.072577  16.393913
    energy R²                    N/A  0.429987
    forces mae [kcal/mol/Å]        32.971581  32.233002
    forces R²                    N/A  0.435080
    dipole mae [tgt units]   0.091884  0.091075
    dipole R²                    N/A  0.971006
    dipole MSE [tgt²]        0.006862  0.006753
    charge loss [e²]         0.002123  0.001896
    charge RMSE [e]          0.046077  0.043547
    LR scale:  1.000000, effective LR:  0.000400
    ✓ Best valid checkpoint: params-best-519bc841-31c3-452c-a2ff-bab82432437e.json (weighted loss=2.371453, epoch 12)
epoch:  13                    train:   valid:
    weighted total loss      2.531552  2.275188
    energy MSE [eV²]         0.582929  0.405388
    force MSE [(eV/Å)²]      1.940068  1.861487
    energy mae [kcal/mol]          19.834778  16.405046
    energy R²                    N/A  0.436464
    forces mae [kcal/mol/Å]        32.217243  31.488340
    forces R²                    N/A  0.459059
    dipole mae [tgt units]   0.091415  0.091434
    dipole R²                    N/A  0.970626
    dipole MSE [tgt²]        0.006792  0.006868
    charge loss [e²]         0.001762  0.001444
    charge RMSE [e]          0.041980  0.038003
    LR scale:  1.000000, effective LR:  0.000400
    ✓ Best valid checkpoint: params-best-519bc841-31c3-452c-a2ff-bab82432437e.json (weighted loss=2.275188, epoch 13)
epoch:  14                    train:   valid:
    weighted total loss      2.406154  2.269135
    energy MSE [eV²]         0.544216  0.484999
    force MSE [(eV/Å)²]      1.853788  1.776516
    energy mae [kcal/mol]          19.098200  18.578320
    energy R²                    N/A  0.314124
    forces mae [kcal/mol/Å]        31.436686  30.708668
    forces R²                    N/A  0.483714
    dipole mae [tgt units]   0.090703  0.089665
    dipole R²                    N/A  0.971934
    dipole MSE [tgt²]        0.006708  0.006545
    charge loss [e²]         0.001440  0.001075
    charge RMSE [e]          0.037952  0.032787
    LR scale:  1.000000, effective LR:  0.000400
    ✓ Best valid checkpoint: params-best-519bc841-31c3-452c-a2ff-bab82432437e.json (weighted loss=2.269135, epoch 14)
epoch:  15                    train:   valid:
    weighted total loss      2.421705  2.119503
    energy MSE [eV²]         0.635423  0.401374
    force MSE [(eV/Å)²]      1.778449  1.710711
    energy mae [kcal/mol]          20.776749  16.706448
    energy R²                    N/A  0.432654
    forces mae [kcal/mol/Å]        30.703964  30.009542
    forces R²                    N/A  0.502857
    dipole mae [tgt units]   0.090377  0.088228
    dipole R²                    N/A  0.972678
    dipole MSE [tgt²]        0.006678  0.006385
    charge loss [e²]         0.001155  0.001033
    charge RMSE [e]          0.033980  0.032146
    LR scale:  1.000000, effective LR:  0.000400
    ✓ Best valid checkpoint: params-best-519bc841-31c3-452c-a2ff-bab82432437e.json (weighted loss=2.119503, epoch 15)
epoch:  16                    train:   valid:
    weighted total loss      2.191900  2.039721
    energy MSE [eV²]         0.477886  0.405568
    force MSE [(eV/Å)²]      1.706586  1.627340
    energy mae [kcal/mol]          17.916975  15.928613
    energy R²                    N/A  0.445388
    forces mae [kcal/mol/Å]        29.995144  29.189114
    forces R²                    N/A  0.527054
    dipole mae [tgt units]   0.088601  0.087135
    dipole R²                    N/A  0.973345
    dipole MSE [tgt²]        0.006404  0.006224
    charge loss [e²]         0.001023  0.000589
    charge RMSE [e]          0.031988  0.024280
    LR scale:  1.000000, effective LR:  0.000400
    ✓ Best valid checkpoint: params-best-519bc841-31c3-452c-a2ff-bab82432437e.json (weighted loss=2.039721, epoch 16)
epoch:  17                    train:   valid:
    weighted total loss      2.148750  1.929323
    energy MSE [eV²]         0.512250  0.364304
    force MSE [(eV/Å)²]      1.629491  1.558327
    energy mae [kcal/mol]          18.624437  15.443223
    energy R²                    N/A  0.495567
    forces mae [kcal/mol/Å]        29.209211  28.490236
    forces R²                    N/A  0.547102
    dipole mae [tgt units]   0.087641  0.087139
    dipole R²                    N/A  0.973560
    dipole MSE [tgt²]        0.006270  0.006171
    charge loss [e²]         0.000739  0.000521
    charge RMSE [e]          0.027188  0.022825
    LR scale:  1.000000, effective LR:  0.000400
    ✓ Best valid checkpoint: params-best-519bc841-31c3-452c-a2ff-bab82432437e.json (weighted loss=1.929323, epoch 17)
epoch:  18                    train:   valid:
    weighted total loss      2.051051  1.915030
    energy MSE [eV²]         0.479362  0.416475
    force MSE [(eV/Å)²]      1.564657  1.492351
    energy mae [kcal/mol]          17.910698  16.189342
    energy R²                    N/A  0.428174
    forces mae [kcal/mol/Å]        28.531141  27.793219
    forces R²                    N/A  0.566273
    dipole mae [tgt units]   0.087202  0.084852
    dipole R²                    N/A  0.974686
    dipole MSE [tgt²]        0.006226  0.005907
    charge loss [e²]         0.000807  0.000297
    charge RMSE [e]          0.028402  0.017229
    LR scale:  1.000000, effective LR:  0.000400
    ✓ Best valid checkpoint: params-best-519bc841-31c3-452c-a2ff-bab82432437e.json (weighted loss=1.915030, epoch 18)
epoch:  19                    train:   valid:
    weighted total loss      1.978002  1.822766
    energy MSE [eV²]         0.469453  0.380011
    force MSE [(eV/Å)²]      1.501890  1.436586
    energy mae [kcal/mol]          17.727034  16.323351
    energy R²                    N/A  0.458959
    forces mae [kcal/mol/Å]        27.862425  27.182468
    forces R²                    N/A  0.582490
    dipole mae [tgt units]   0.085467  0.084906
    dipole R²                    N/A  0.974886
    dipole MSE [tgt²]        0.005943  0.005863
    charge loss [e²]         0.000717  0.000307
    charge RMSE [e]          0.026782  0.017509
    LR scale:  1.000000, effective LR:  0.000400
    ✓ Best valid checkpoint: params-best-519bc841-31c3-452c-a2ff-bab82432437e.json (weighted loss=1.822766, epoch 19)
epoch:  20                    train:   valid:
    weighted total loss      1.995119  1.733311
    energy MSE [eV²]         0.529714  0.332838
    force MSE [(eV/Å)²]      1.453639  1.394602
    energy mae [kcal/mol]          18.956934  14.993748
    energy R²                    N/A  0.532274
    forces mae [kcal/mol/Å]        27.309834  26.676977
    forces R²                    N/A  0.594728
    dipole mae [tgt units]   0.084371  0.083136
    dipole R²                    N/A  0.975683
    dipole MSE [tgt²]        0.005793  0.005684
    charge loss [e²]         0.005973  0.000187
    charge RMSE [e]          0.077286  0.013691
    LR scale:  1.000000, effective LR:  0.000400
    ✓ Best valid checkpoint: params-best-519bc841-31c3-452c-a2ff-bab82432437e.json (weighted loss=1.733311, epoch 20)
epoch:  21                    train:   valid:
    weighted total loss      1.899597  1.706642
    energy MSE [eV²]         0.476401  0.346083
    force MSE [(eV/Å)²]      1.417158  1.354811
    energy mae [kcal/mol]          17.862436  14.957878
    energy R²                    N/A  0.529538
    forces mae [kcal/mol/Å]        26.882074  26.211920
    forces R²                    N/A  0.606304
    dipole mae [tgt units]   0.084260  0.082747
    dipole R²                    N/A  0.975971
    dipole MSE [tgt²]        0.005789  0.005624
    charge loss [e²]         0.000248  0.000124
    charge RMSE [e]          0.015751  0.011145
    LR scale:  1.000000, effective LR:  0.000400
    ✓ Best valid checkpoint: params-best-519bc841-31c3-452c-a2ff-bab82432437e.json (weighted loss=1.706642, epoch 21)
epoch:  22                    train:   valid:
    weighted total loss      1.835661  1.694067
    energy MSE [eV²]         0.449553  0.368082
    force MSE [(eV/Å)²]      1.378138  1.320153
    energy mae [kcal/mol]          17.382530  16.227901
    energy R²                    N/A  0.470992
    forces mae [kcal/mol/Å]        26.432652  25.818115
    forces R²                    N/A  0.616396
    dipole mae [tgt units]   0.083325  0.081859
    dipole R²                    N/A  0.976593
    dipole MSE [tgt²]        0.005687  0.005477
    charge loss [e²]         0.002283  0.000355
    charge RMSE [e]          0.047776  0.018837
    LR scale:  1.000000, effective LR:  0.000400
    ✓ Best valid checkpoint: params-best-519bc841-31c3-452c-a2ff-bab82432437e.json (weighted loss=1.694067, epoch 22)
epoch:  23                    train:   valid:
    weighted total loss      1.828123  1.628438
    energy MSE [eV²]         0.473321  0.329934
    force MSE [(eV/Å)²]      1.345559  1.292476
    energy mae [kcal/mol]          17.943573  15.173422
    energy R²                    N/A  0.532703
    forces mae [kcal/mol/Å]        26.052851  25.496536
    forces R²                    N/A  0.624468
    dipole mae [tgt units]   0.081126  0.080442
    dipole R²                    N/A  0.977425
    dipole MSE [tgt²]        0.005350  0.005263
    charge loss [e²]         0.003893  0.000765
    charge RMSE [e]          0.062391  0.027658
    LR scale:  1.000000, effective LR:  0.000400
    ✓ Best valid checkpoint: params-best-519bc841-31c3-452c-a2ff-bab82432437e.json (weighted loss=1.628438, epoch 23)
epoch:  24                    train:   valid:
    weighted total loss      1.764839  1.567562
    energy MSE [eV²]         0.440857  0.298407
    force MSE [(eV/Å)²]      1.317265  1.264065
    energy mae [kcal/mol]          17.170801  14.003245
    energy R²                    N/A  0.588851
    forces mae [kcal/mol/Å]        25.738693  25.170235
    forces R²                    N/A  0.632750
    dipole mae [tgt units]   0.080061  0.078130
    dipole R²                    N/A  0.978658
    dipole MSE [tgt²]        0.005228  0.004981
    charge loss [e²]         0.001490  0.000108
    charge RMSE [e]          0.038598  0.010408
    LR scale:  1.000000, effective LR:  0.000400
    ✓ Best valid checkpoint: params-best-519bc841-31c3-452c-a2ff-bab82432437e.json (weighted loss=1.567562, epoch 24)
epoch:  25                    train:   valid:
    weighted total loss      1.724335  1.549767
    energy MSE [eV²]         0.426499  0.309844
    force MSE [(eV/Å)²]      1.290731  1.234979
    energy mae [kcal/mol]          16.842991  14.176646
    energy R²                    N/A  0.581192
    forces mae [kcal/mol/Å]        25.449389  24.862652
    forces R²                    N/A  0.641233
    dipole mae [tgt units]   0.079961  0.077175
    dipole R²                    N/A  0.979102
    dipole MSE [tgt²]        0.005237  0.004867
    charge loss [e²]         0.001870  0.000077
    charge RMSE [e]          0.043239  0.008775
    LR scale:  1.000000, effective LR:  0.000400
    ✓ Best valid checkpoint: params-best-519bc841-31c3-452c-a2ff-bab82432437e.json (weighted loss=1.549767, epoch 25)
epoch:  26                    train:   valid:
    weighted total loss      1.708988  1.565315
    energy MSE [eV²]         0.439720  0.354614
    force MSE [(eV/Å)²]      1.261311  1.203109
    energy mae [kcal/mol]          17.147362  15.066538
    energy R²                    N/A  0.516002
    forces mae [kcal/mol/Å]        25.151264  24.559320
    forces R²                    N/A  0.650527
    dipole mae [tgt units]   0.077714  0.078196
    dipole R²                    N/A  0.978859
    dipole MSE [tgt²]        0.004944  0.004936
    charge loss [e²]         0.003013  0.002656
    charge RMSE [e]          0.054893  0.051539
    LR scale:  1.000000, effective LR:  0.000400
epoch:  27                    train:   valid:
    weighted total loss      1.653045  1.436056
    energy MSE [eV²]         0.415389  0.262000
    force MSE [(eV/Å)²]      1.228803  1.169462
    energy mae [kcal/mol]          16.765364  13.336809
    energy R²                    N/A  0.632573
    forces mae [kcal/mol/Å]        24.875103  24.294170
    forces R²                    N/A  0.660355
    dipole mae [tgt units]   0.077946  0.074726
    dipole R²                    N/A  0.980621
    dipole MSE [tgt²]        0.004995  0.004514
    charge loss [e²]         0.003858  0.000080
    charge RMSE [e]          0.062115  0.008952
    LR scale:  1.000000, effective LR:  0.000400
    ✓ Best valid checkpoint: params-best-519bc841-31c3-452c-a2ff-bab82432437e.json (weighted loss=1.436056, epoch 27)
epoch:  28                    train:   valid:
    weighted total loss      1.584749  1.443916
    energy MSE [eV²]         0.382971  0.300797
    force MSE [(eV/Å)²]      1.194375  1.135977
    energy mae [kcal/mol]          15.960784  13.869399
    energy R²                    N/A  0.586101
    forces mae [kcal/mol/Å]        24.623865  24.075583
    forces R²                    N/A  0.670122
    dipole mae [tgt units]   0.075577  0.080479
    dipole R²                    N/A  0.977362
    dipole MSE [tgt²]        0.004680  0.005293
    charge loss [e²]         0.002723  0.001849
    charge RMSE [e]          0.052181  0.043000
    LR scale:  1.000000, effective LR:  0.000400
epoch:  29                    train:   valid:
    weighted total loss      1.529886  1.369540
    energy MSE [eV²]         0.358633  0.254284
    force MSE [(eV/Å)²]      1.166368  1.110728
    energy mae [kcal/mol]          15.469481  13.207802
    energy R²                    N/A  0.642235
    forces mae [kcal/mol/Å]        24.451265  23.906948
    forces R²                    N/A  0.677477
    dipole mae [tgt units]   0.074998  0.073061
    dipole R²                    N/A  0.981545
    dipole MSE [tgt²]        0.004660  0.004311
    charge loss [e²]         0.000225  0.000217
    charge RMSE [e]          0.014996  0.014714
    LR scale:  1.000000, effective LR:  0.000400
    ✓ Best valid checkpoint: params-best-519bc841-31c3-452c-a2ff-bab82432437e.json (weighted loss=1.369540, epoch 29)
epoch:  30                    train:   valid:
    weighted total loss      1.553295  1.346402
    energy MSE [eV²]         0.398589  0.251152
    force MSE [(eV/Å)²]      1.144589  1.091279
    energy mae [kcal/mol]          16.325121  13.186860
    energy R²                    N/A  0.635776
    forces mae [kcal/mol/Å]        24.270615  23.756945
    forces R²                    N/A  0.683153
    dipole mae [tgt units]   0.072070  0.069520
    dipole R²                    N/A  0.983146
    dipole MSE [tgt²]        0.004248  0.003934
    charge loss [e²]         0.005869  0.000037
    charge RMSE [e]          0.076609  0.006075
    LR scale:  1.000000, effective LR:  0.000400
    ✓ Best valid checkpoint: params-best-519bc841-31c3-452c-a2ff-bab82432437e.json (weighted loss=1.346402, epoch 30)
epoch:  31                    train:   valid:
    weighted total loss      1.493503  1.338755
    energy MSE [eV²]         0.365299  0.263631
    force MSE [(eV/Å)²]      1.123696  1.071213
    energy mae [kcal/mol]          15.686230  13.455228
    energy R²                    N/A  0.628142
    forces mae [kcal/mol/Å]        24.099018  23.555573
    forces R²                    N/A  0.689014
    dipole mae [tgt units]   0.070360  0.069251
    dipole R²                    N/A  0.983309
    dipole MSE [tgt²]        0.004077  0.003890
    charge loss [e²]         0.000430  0.000021
    charge RMSE [e]          0.020737  0.004591
    LR scale:  1.000000, effective LR:  0.000400
    ✓ Best valid checkpoint: params-best-519bc841-31c3-452c-a2ff-bab82432437e.json (weighted loss=1.338755, epoch 31)
epoch:  32                    train:   valid:
    weighted total loss      1.392199  1.277211
    energy MSE [eV²]         0.286131  0.225877
    force MSE [(eV/Å)²]      1.102035  1.047744
    energy mae [kcal/mol]          13.892155  12.450462
    energy R²                    N/A  0.679309
    forces mae [kcal/mol/Å]        23.909760  23.377117
    forces R²                    N/A  0.695846
    dipole mae [tgt units]   0.069425  0.065940
    dipole R²                    N/A  0.984717
    dipole MSE [tgt²]        0.003967  0.003566
    charge loss [e²]         0.000066  0.000024
    charge RMSE [e]          0.008121  0.004929
    LR scale:  1.000000, effective LR:  0.000400
    ✓ Best valid checkpoint: params-best-519bc841-31c3-452c-a2ff-bab82432437e.json (weighted loss=1.277211, epoch 32)
epoch:  33                    train:   valid:
    weighted total loss      1.498064  1.258106
    energy MSE [eV²]         0.404825  0.218868
    force MSE [(eV/Å)²]      1.082747  1.033099
    energy mae [kcal/mol]          16.570185  12.115656
    energy R²                    N/A  0.687734
    forces mae [kcal/mol/Å]        23.722036  23.199650
    forces R²                    N/A  0.700110
    dipole mae [tgt units]   0.067936  0.065287
    dipole R²                    N/A  0.985049
    dipole MSE [tgt²]        0.003814  0.003502
    charge loss [e²]         0.006680  0.002637
    charge RMSE [e]          0.081730  0.051349
    LR scale:  1.000000, effective LR:  0.000400
    ✓ Best valid checkpoint: params-best-519bc841-31c3-452c-a2ff-bab82432437e.json (weighted loss=1.258106, epoch 33)
epoch:  34                    train:   valid:
    weighted total loss      1.411413  1.283690
    energy MSE [eV²]         0.340363  0.267704
    force MSE [(eV/Å)²]      1.064767  1.012107
    energy mae [kcal/mol]          15.154140  13.139827
    energy R²                    N/A  0.626207
    forces mae [kcal/mol/Å]        23.550159  22.999855
    forces R²                    N/A  0.706222
    dipole mae [tgt units]   0.066742  0.065921
    dipole R²                    N/A  0.984797
    dipole MSE [tgt²]        0.003674  0.003565
    charge loss [e²]         0.002609  0.000314
    charge RMSE [e]          0.051077  0.017719
    LR scale:  1.000000, effective LR:  0.000400
epoch:  35                    train:   valid:
    weighted total loss      1.408323  1.252226
    energy MSE [eV²]         0.356525  0.226613
    force MSE [(eV/Å)²]      1.045724  0.996365
    energy mae [kcal/mol]          15.514915  11.956286
    energy R²                    N/A  0.677908
    forces mae [kcal/mol/Å]        23.358095  22.822351
    forces R²                    N/A  0.710802
    dipole mae [tgt units]   0.066249  0.063358
    dipole R²                    N/A  0.985903
    dipole MSE [tgt²]        0.003649  0.003291
    charge loss [e²]         0.002426  0.025957
    charge RMSE [e]          0.049250  0.161110
    LR scale:  1.000000, effective LR:  0.000400
    ✓ Best valid checkpoint: params-best-519bc841-31c3-452c-a2ff-bab82432437e.json (weighted loss=1.252226, epoch 35)
epoch:  36                    train:   valid:
    weighted total loss      1.378326  1.188423
    energy MSE [eV²]         0.344180  0.209743
    force MSE [(eV/Å)²]      1.027244  0.975515
    energy mae [kcal/mol]          15.147622  11.608412
    energy R²                    N/A  0.705534
    forces mae [kcal/mol/Å]        23.153925  22.599264
    forces R²                    N/A  0.716877
    dipole mae [tgt units]   0.064463  0.061479
    dipole R²                    N/A  0.986669
    dipole MSE [tgt²]        0.003436  0.003125
    charge loss [e²]         0.003466  0.000039
    charge RMSE [e]          0.058872  0.006213
    LR scale:  1.000000, effective LR:  0.000400
    ✓ Best valid checkpoint: params-best-519bc841-31c3-452c-a2ff-bab82432437e.json (weighted loss=1.188423, epoch 36)
epoch:  37                    train:   valid:
    weighted total loss      1.314203  1.151174
    energy MSE [eV²]         0.303794  0.191684
    force MSE [(eV/Å)²]      1.006117  0.952565
    energy mae [kcal/mol]          14.215273  11.332378
    energy R²                    N/A  0.725697
    forces mae [kcal/mol/Å]        22.940813  22.375940
    forces R²                    N/A  0.723545
    dipole mae [tgt units]   0.063383  0.060969
    dipole R²                    N/A  0.986870
    dipole MSE [tgt²]        0.003324  0.003068
    charge loss [e²]         0.000968  0.003856
    charge RMSE [e]          0.031112  0.062094
    LR scale:  1.000000, effective LR:  0.000400
    ✓ Best valid checkpoint: params-best-519bc841-31c3-452c-a2ff-bab82432437e.json (weighted loss=1.151174, epoch 37)
epoch:  38                    train:   valid:
    weighted total loss      1.270337  1.171345
    energy MSE [eV²]         0.282433  0.238522
    force MSE [(eV/Å)²]      0.981705  0.928952
    energy mae [kcal/mol]          13.752864  12.366753
    energy R²                    N/A  0.668516
    forces mae [kcal/mol/Å]        22.681459  22.103529
    forces R²                    N/A  0.730426
    dipole mae [tgt units]   0.062849  0.061960
    dipole R²                    N/A  0.986489
    dipole MSE [tgt²]        0.003262  0.003165
    charge loss [e²]         0.002937  0.000706
    charge RMSE [e]          0.054198  0.026571
    LR scale:  1.000000, effective LR:  0.000400
epoch:  39                    train:   valid:
    weighted total loss      1.298088  1.133947
    energy MSE [eV²]         0.329807  0.221756
    force MSE [(eV/Å)²]      0.960165  0.909120
    energy mae [kcal/mol]          14.820704  11.943067
    energy R²                    N/A  0.689556
    forces mae [kcal/mol/Å]        22.441420  21.903179
    forces R²                    N/A  0.736176
    dipole mae [tgt units]   0.062914  0.060285
    dipole R²                    N/A  0.987075
    dipole MSE [tgt²]        0.003273  0.003038
    charge loss [e²]         0.004844  0.000033
    charge RMSE [e]          0.069598  0.005779
    LR scale:  1.000000, effective LR:  0.000400
    ✓ Best valid checkpoint: params-best-519bc841-31c3-452c-a2ff-bab82432437e.json (weighted loss=1.133947, epoch 39)
epoch:  40                    train:   valid:
    weighted total loss      1.216311  1.108847
    energy MSE [eV²]         0.276599  0.221707
    force MSE [(eV/Å)²]      0.936415  0.884113
    energy mae [kcal/mol]          13.551423  11.997231
    energy R²                    N/A  0.692775
    forces mae [kcal/mol/Å]        22.174000  21.593515
    forces R²                    N/A  0.743444
    dipole mae [tgt units]   0.062660  0.059973
    dipole R²                    N/A  0.987282
    dipole MSE [tgt²]        0.003250  0.002988
    charge loss [e²]         0.000048  0.000039
    charge RMSE [e]          0.006917  0.006275
    LR scale:  1.000000, effective LR:  0.000400
    ✓ Best valid checkpoint: params-best-519bc841-31c3-452c-a2ff-bab82432437e.json (weighted loss=1.108847, epoch 40)
epoch:  41                    train:   valid:
    weighted total loss      1.268481  1.058514
    energy MSE [eV²]         0.343860  0.186182
    force MSE [(eV/Å)²]      0.916432  0.869421
    energy mae [kcal/mol]          15.155773  11.305835
    energy R²                    N/A  0.735278
    forces mae [kcal/mol/Å]        21.938225  21.407602
    forces R²                    N/A  0.747693
    dipole mae [tgt units]   0.060910  0.059029
    dipole R²                    N/A  0.987752
    dipole MSE [tgt²]        0.003075  0.002877
    charge loss [e²]         0.005115  0.000033
    charge RMSE [e]          0.071517  0.005763
    LR scale:  1.000000, effective LR:  0.000400
    ✓ Best valid checkpoint: params-best-519bc841-31c3-452c-a2ff-bab82432437e.json (weighted loss=1.058514, epoch 41)
epoch:  42                    train:   valid:
    weighted total loss      1.213343  1.115969
    energy MSE [eV²]         0.311528  0.264150
    force MSE [(eV/Å)²]      0.898832  0.848759
    energy mae [kcal/mol]          14.467019  13.091899
    energy R²                    N/A  0.631683
    forces mae [kcal/mol/Å]        21.714081  21.129751
    forces R²                    N/A  0.753686
    dipole mae [tgt units]   0.059229  0.058631
    dipole R²                    N/A  0.987838
    dipole MSE [tgt²]        0.002896  0.002869
    charge loss [e²]         0.000087  0.000191
    charge RMSE [e]          0.009316  0.013817
    LR scale:  1.000000, effective LR:  0.000400
epoch:  43                    train:   valid:
    weighted total loss      1.176282  1.026027
    energy MSE [eV²]         0.288721  0.190447
    force MSE [(eV/Å)²]      0.881831  0.832862
    energy mae [kcal/mol]          13.947084  11.151818
    energy R²                    N/A  0.738573
    forces mae [kcal/mol/Å]        21.498867  20.954838
    forces R²                    N/A  0.758297
    dipole mae [tgt units]   0.058559  0.056557
    dipole R²                    N/A  0.988679
    dipole MSE [tgt²]        0.002832  0.002666
    charge loss [e²]         0.002898  0.000052
    charge RMSE [e]          0.053831  0.007227
    LR scale:  1.000000, effective LR:  0.000400
    ✓ Best valid checkpoint: params-best-519bc841-31c3-452c-a2ff-bab82432437e.json (weighted loss=1.026027, epoch 43)
epoch:  44                    train:   valid:
    weighted total loss      1.155929  0.998247
    energy MSE [eV²]         0.287681  0.177717
    force MSE [(eV/Å)²]      0.864580  0.817471
    energy mae [kcal/mol]          13.857467  11.005492
    energy R²                    N/A  0.744859
    forces mae [kcal/mol/Å]        21.285517  20.743965
    forces R²                    N/A  0.762745
    dipole mae [tgt units]   0.057078  0.058181
    dipole R²                    N/A  0.988230
    dipole MSE [tgt²]        0.002683  0.002783
    charge loss [e²]         0.000984  0.000276
    charge RMSE [e]          0.031373  0.016615
    LR scale:  1.000000, effective LR:  0.000400
    ✓ Best valid checkpoint: params-best-519bc841-31c3-452c-a2ff-bab82432437e.json (weighted loss=0.998247, epoch 44)
epoch:  45                    train:   valid:
    weighted total loss      1.100820  1.127607
    energy MSE [eV²]         0.249101  0.316138
    force MSE [(eV/Å)²]      0.849009  0.802702
    energy mae [kcal/mol]          12.894860  15.254287
    energy R²                    N/A  0.535360
    forces mae [kcal/mol/Å]        21.082691  20.562883
    forces R²                    N/A  0.767037
    dipole mae [tgt units]   0.055490  0.053802
    dipole R²                    N/A  0.989891
    dipole MSE [tgt²]        0.002539  0.002393
    charge loss [e²]         0.000170  0.006374
    charge RMSE [e]          0.013046  0.079837
    LR scale:  1.000000, effective LR:  0.000400
epoch:  46                    train:   valid:
    weighted total loss      1.135709  0.983781
    energy MSE [eV²]         0.291700  0.190755
    force MSE [(eV/Å)²]      0.837245  0.790723
    energy mae [kcal/mol]          13.993886  11.470787
    energy R²                    N/A  0.728924
    forces mae [kcal/mol/Å]        20.931183  20.361631
    forces R²                    N/A  0.770526
    dipole mae [tgt units]   0.055239  0.052197
    dipole R²                    N/A  0.990411
    dipole MSE [tgt²]        0.002557  0.002272
    charge loss [e²]         0.004207  0.000032
    charge RMSE [e]          0.064858  0.005640
    LR scale:  1.000000, effective LR:  0.000400
    ✓ Best valid checkpoint: params-best-519bc841-31c3-452c-a2ff-bab82432437e.json (weighted loss=0.983781, epoch 46)
epoch:  47                    train:   valid:
    weighted total loss      1.113569  0.955336
    energy MSE [eV²]         0.283809  0.170020
    force MSE [(eV/Å)²]      0.824118  0.781494
    energy mae [kcal/mol]          13.845297  10.510422
    energy R²                    N/A  0.762589
    forces mae [kcal/mol/Å]        20.736586  20.213346
    forces R²                    N/A  0.773196
    dipole mae [tgt units]   0.054597  0.054408
    dipole R²                    N/A  0.989586
    dipole MSE [tgt²]        0.002498  0.002475
    charge loss [e²]         0.003144  0.001348
    charge RMSE [e]          0.056071  0.036710
    LR scale:  1.000000, effective LR:  0.000400
    ✓ Best valid checkpoint: params-best-519bc841-31c3-452c-a2ff-bab82432437e.json (weighted loss=0.955336, epoch 47)
epoch:  48                    train:   valid:
    weighted total loss      1.114678  0.936334
    energy MSE [eV²]         0.293054  0.166731
    force MSE [(eV/Å)²]      0.815288  0.767434
    energy mae [kcal/mol]          13.874341  10.470108
    energy R²                    N/A  0.773336
    forces mae [kcal/mol/Å]        20.607857  20.032963
    forces R²                    N/A  0.777263
    dipole mae [tgt units]   0.054040  0.051134
    dipole R²                    N/A  0.990909
    dipole MSE [tgt²]        0.002446  0.002149
    charge loss [e²]         0.003890  0.000021
    charge RMSE [e]          0.062370  0.004547
    LR scale:  1.000000, effective LR:  0.000400
    ✓ Best valid checkpoint: params-best-519bc841-31c3-452c-a2ff-bab82432437e.json (weighted loss=0.936334, epoch 48)
epoch:  49                    train:   valid:
    weighted total loss      1.057127  0.921436
    energy MSE [eV²]         0.253899  0.163688
    force MSE [(eV/Å)²]      0.800965  0.755676
    energy mae [kcal/mol]          13.000504  10.620695
    energy R²                    N/A  0.772175
    forces mae [kcal/mol/Å]        20.419870  19.876884
    forces R²                    N/A  0.780674
    dipole mae [tgt units]   0.051674  0.049656
    dipole R²                    N/A  0.991373
    dipole MSE [tgt²]        0.002226  0.002045
    charge loss [e²]         0.000038  0.000027
    charge RMSE [e]          0.006149  0.005152
    LR scale:  1.000000, effective LR:  0.000400
    ✓ Best valid checkpoint: params-best-519bc841-31c3-452c-a2ff-bab82432437e.json (weighted loss=0.921436, epoch 49)
epoch:  50                    train:   valid:
    weighted total loss      1.032752  0.959342
    energy MSE [eV²]         0.240892  0.214363
    force MSE [(eV/Å)²]      0.789622  0.742692
    energy mae [kcal/mol]          12.648957  11.537271
    energy R²                    N/A  0.702148
    forces mae [kcal/mol/Å]        20.262690  19.696489
    forces R²                    N/A  0.784420
    dipole mae [tgt units]   0.051276  0.051084
    dipole R²                    N/A  0.990627
    dipole MSE [tgt²]        0.002190  0.002235
    charge loss [e²]         0.000048  0.000052
    charge RMSE [e]          0.006963  0.007193
    LR scale:  1.000000, effective LR:  0.000400
epoch:  51                    train:   valid:
    weighted total loss      1.053061  0.889598
    energy MSE [eV²]         0.268092  0.154821
    force MSE [(eV/Å)²]      0.779045  0.732848
    energy mae [kcal/mol]          13.482471  9.992630
    energy R²                    N/A  0.787064
    forces mae [kcal/mol/Å]        20.107126  19.572224
    forces R²                    N/A  0.787260
    dipole mae [tgt units]   0.051024  0.047719
    dipole R²                    N/A  0.991931
    dipole MSE [tgt²]        0.002173  0.001912
    charge loss [e²]         0.003751  0.000017
    charge RMSE [e]          0.061245  0.004177
    LR scale:  1.000000, effective LR:  0.000400
    ✓ Best valid checkpoint: params-best-519bc841-31c3-452c-a2ff-bab82432437e.json (weighted loss=0.889598, epoch 51)
epoch:  52                    train:   valid:
    weighted total loss      1.013702  0.896613
    energy MSE [eV²]         0.242152  0.170423
    force MSE [(eV/Å)²]      0.768469  0.724188
    energy mae [kcal/mol]          12.604189  10.928114
    energy R²                    N/A  0.756716
    forces mae [kcal/mol/Å]        19.953072  19.435438
    forces R²                    N/A  0.789769
    dipole mae [tgt units]   0.050371  0.048500
    dipole R²                    N/A  0.991669
    dipole MSE [tgt²]        0.002149  0.001983
    charge loss [e²]         0.000932  0.000019
    charge RMSE [e]          0.030524  0.004393
    LR scale:  1.000000, effective LR:  0.000400
epoch:  53                    train:   valid:
    weighted total loss      1.022666  0.981358
    energy MSE [eV²]         0.258921  0.262163
    force MSE [(eV/Å)²]      0.758617  0.717072
    energy mae [kcal/mol]          13.230545  14.053938
    energy R²                    N/A  0.614280
    forces mae [kcal/mol/Å]        19.808588  19.306358
    forces R²                    N/A  0.791846
    dipole mae [tgt units]   0.049454  0.049948
    dipole R²                    N/A  0.991151
    dipole MSE [tgt²]        0.002066  0.002087
    charge loss [e²]         0.003061  0.000037
    charge RMSE [e]          0.055329  0.006059
    LR scale:  1.000000, effective LR:  0.000400
epoch:  54                    train:   valid:
    weighted total loss      1.009185  0.855166
    energy MSE [eV²]         0.250919  0.146358
    force MSE [(eV/Å)²]      0.751591  0.706928
    energy mae [kcal/mol]          12.929132  9.642941
    energy R²                    N/A  0.796587
    forces mae [kcal/mol/Å]        19.699043  19.178802
    forces R²                    N/A  0.794755
    dipole mae [tgt units]   0.048922  0.047144
    dipole R²                    N/A  0.992230
    dipole MSE [tgt²]        0.002008  0.001858
    charge loss [e²]         0.004668  0.000022
    charge RMSE [e]          0.068322  0.004664
    LR scale:  1.000000, effective LR:  0.000400
    ✓ Best valid checkpoint: params-best-519bc841-31c3-452c-a2ff-bab82432437e.json (weighted loss=0.855166, epoch 54)
epoch:  55                    train:   valid:
    weighted total loss      0.959225  0.840751
    energy MSE [eV²]         0.215955  0.139170
    force MSE [(eV/Å)²]      0.741275  0.699594
    energy mae [kcal/mol]          11.999298  9.773458
    energy R²                    N/A  0.805003
    forces mae [kcal/mol/Å]        19.562593  19.043379
    forces R²                    N/A  0.796912
    dipole mae [tgt units]   0.048263  0.048403
    dipole R²                    N/A  0.991889
    dipole MSE [tgt²]        0.001952  0.001927
    charge loss [e²]         0.000044  0.000060
    charge RMSE [e]          0.006613  0.007745
    LR scale:  1.000000, effective LR:  0.000400
    ✓ Best valid checkpoint: params-best-519bc841-31c3-452c-a2ff-bab82432437e.json (weighted loss=0.840751, epoch 55)
epoch:  56                    train:   valid:
    weighted total loss      0.978140  0.882683
    energy MSE [eV²]         0.240069  0.190332
    force MSE [(eV/Å)²]      0.733903  0.690474
    energy mae [kcal/mol]          12.634605  11.805359
    energy R²                    N/A  0.723647
    forces mae [kcal/mol/Å]        19.452108  18.914560
    forces R²                    N/A  0.799540
    dipole mae [tgt units]   0.048202  0.046472
    dipole R²                    N/A  0.992224
    dipole MSE [tgt²]        0.001956  0.001856
    charge loss [e²]         0.002212  0.000021
    charge RMSE [e]          0.047032  0.004590
    LR scale:  1.000000, effective LR:  0.000400
epoch:  57                    train:   valid:
    weighted total loss      0.952703  0.818928
    energy MSE [eV²]         0.224492  0.134309
    force MSE [(eV/Å)²]      0.725970  0.682745
    energy mae [kcal/mol]          12.207514  9.602524
    energy R²                    N/A  0.812305
    forces mae [kcal/mol/Å]        19.332159  18.779900
    forces R²                    N/A  0.801792
    dipole mae [tgt units]   0.047795  0.044742
    dipole R²                    N/A  0.992937
    dipole MSE [tgt²]        0.001941  0.001686
    charge loss [e²]         0.000301  0.000188
    charge RMSE [e]          0.017342  0.013711
    LR scale:  1.000000, effective LR:  0.000400
    ✓ Best valid checkpoint: params-best-519bc841-31c3-452c-a2ff-bab82432437e.json (weighted loss=0.818928, epoch 57)
epoch:  58                    train:   valid:
    weighted total loss      0.948725  0.825603
    energy MSE [eV²]         0.226266  0.147749
    force MSE [(eV/Å)²]      0.716803  0.675836
    energy mae [kcal/mol]          12.229966  9.791238
    energy R²                    N/A  0.797101
    forces mae [kcal/mol/Å]        19.201672  18.692392
    forces R²                    N/A  0.803791
    dipole mae [tgt units]   0.047370  0.045159
    dipole R²                    N/A  0.992721
    dipole MSE [tgt²]        0.001890  0.001736
    charge loss [e²]         0.003765  0.000282
    charge RMSE [e]          0.061361  0.016802
    LR scale:  1.000000, effective LR:  0.000400
epoch:  59                    train:   valid:
    weighted total loss      0.961789  0.838979
    energy MSE [eV²]         0.244686  0.168451
    force MSE [(eV/Å)²]      0.712382  0.668866
    energy mae [kcal/mol]          12.830706  10.292638
    energy R²                    N/A  0.767537
    forces mae [kcal/mol/Å]        19.113470  18.571951
    forces R²                    N/A  0.805803
    dipole mae [tgt units]   0.046858  0.044362
    dipole R²                    N/A  0.993086
    dipole MSE [tgt²]        0.001876  0.001644
    charge loss [e²]         0.002845  0.000019
    charge RMSE [e]          0.053335  0.004330
    LR scale:  1.000000, effective LR:  0.000400
epoch:  60                    train:   valid:
    weighted total loss      0.926114  0.831355
    energy MSE [eV²]         0.219888  0.168742
    force MSE [(eV/Å)²]      0.703428  0.660993
    energy mae [kcal/mol]          12.112995  10.304502
    energy R²                    N/A  0.764515
    forces mae [kcal/mol/Å]        18.979460  18.484167
    forces R²                    N/A  0.808045
    dipole mae [tgt units]   0.046449  0.043621
    dipole R²                    N/A  0.993243
    dipole MSE [tgt²]        0.001827  0.001604
    charge loss [e²]         0.000971  0.000016
    charge RMSE [e]          0.031160  0.003989
    LR scale:  1.000000, effective LR:  0.000400
epoch:  61                    train:   valid:
    weighted total loss      0.895555  0.795624
    energy MSE [eV²]         0.198440  0.138208
    force MSE [(eV/Å)²]      0.695195  0.655385
    energy mae [kcal/mol]          11.499703  9.454345
    energy R²                    N/A  0.808247
    forces mae [kcal/mol/Å]        18.862898  18.363451
    forces R²                    N/A  0.809732
    dipole mae [tgt units]   0.045913  0.047284
    dipole R²                    N/A  0.992019
    dipole MSE [tgt²]        0.001768  0.001888
    charge loss [e²]         0.000151  0.000143
    charge RMSE [e]          0.012299  0.011970
    LR scale:  1.000000, effective LR:  0.000400
    ✓ Best valid checkpoint: params-best-519bc841-31c3-452c-a2ff-bab82432437e.json (weighted loss=0.795624, epoch 61)
epoch:  62                    train:   valid:
    weighted total loss      0.927757  0.852250
    energy MSE [eV²]         0.232023  0.200307
    force MSE [(eV/Å)²]      0.689524  0.650337
    energy mae [kcal/mol]          12.548090  12.189515
    energy R²                    N/A  0.706963
    forces mae [kcal/mol/Å]        18.779366  18.292850
    forces R²                    N/A  0.811152
    dipole mae [tgt units]   0.046228  0.044136
    dipole R²                    N/A  0.993304
    dipole MSE [tgt²]        0.001797  0.001589
    charge loss [e²]         0.004413  0.000018
    charge RMSE [e]          0.066434  0.004250
    LR scale:  1.000000, effective LR:  0.000400
epoch:  63                    train:   valid:
    weighted total loss      0.894516  0.873578
    energy MSE [eV²]         0.207032  0.228421
    force MSE [(eV/Å)²]      0.682469  0.642887
    energy mae [kcal/mol]          11.692855  13.077578
    energy R²                    N/A  0.670289
    forces mae [kcal/mol/Å]        18.668724  18.164671
    forces R²                    N/A  0.813324
    dipole mae [tgt units]   0.045418  0.050144
    dipole R²                    N/A  0.990723
    dipole MSE [tgt²]        0.001738  0.002221
    charge loss [e²]         0.003276  0.000049
    charge RMSE [e]          0.057239  0.007021
    LR scale:  1.000000, effective LR:  0.000400
epoch:  64                    train:   valid:
    weighted total loss      0.919921  0.766233
    energy MSE [eV²]         0.241684  0.127883
    force MSE [(eV/Å)²]      0.676364  0.636777
    energy mae [kcal/mol]          12.700585  9.154787
    energy R²                    N/A  0.823812
    forces mae [kcal/mol/Å]        18.572645  18.087950
    forces R²                    N/A  0.815069
    dipole mae [tgt units]   0.045383  0.043052
    dipole R²                    N/A  0.993472
    dipole MSE [tgt²]        0.001753  0.001555
    charge loss [e²]         0.000119  0.000017
    charge RMSE [e]          0.010921  0.004125
    LR scale:  1.000000, effective LR:  0.000400
    ✓ Best valid checkpoint: params-best-519bc841-31c3-452c-a2ff-bab82432437e.json (weighted loss=0.766233, epoch 64)
epoch:  65                    train:   valid:
    weighted total loss      0.882017  0.775404
    energy MSE [eV²]         0.207083  0.143926
    force MSE [(eV/Å)²]      0.669704  0.629523
    energy mae [kcal/mol]          11.688995  10.106216
    energy R²                    N/A  0.793064
    forces mae [kcal/mol/Å]        18.470875  17.973513
    forces R²                    N/A  0.817165
    dipole mae [tgt units]   0.044609  0.046391
    dipole R²                    N/A  0.992194
    dipole MSE [tgt²]        0.001679  0.001875
    charge loss [e²]         0.003551  0.000081
    charge RMSE [e]          0.059587  0.008973
    LR scale:  1.000000, effective LR:  0.000400
epoch:  66                    train:   valid:
    weighted total loss      0.876905  0.831282
    energy MSE [eV²]         0.212406  0.201199
    force MSE [(eV/Å)²]      0.662723  0.625908
    energy mae [kcal/mol]          11.795068  12.031852
    energy R²                    N/A  0.715281
    forces mae [kcal/mol/Å]        18.369694  17.899723
    forces R²                    N/A  0.818282
    dipole mae [tgt units]   0.043614  0.041504
    dipole R²                    N/A  0.993850
    dipole MSE [tgt²]        0.001600  0.001464
    charge loss [e²]         0.000176  0.002711
    charge RMSE [e]          0.013259  0.052070
    LR scale:  1.000000, effective LR:  0.000400
epoch:  67                    train:   valid:
    weighted total loss      0.871126  0.766734
    energy MSE [eV²]         0.210327  0.148086
    force MSE [(eV/Å)²]      0.656028  0.616948
    energy mae [kcal/mol]          11.753867  10.051328
    energy R²                    N/A  0.786911
    forces mae [kcal/mol/Å]        18.271889  17.785061
    forces R²                    N/A  0.820836
    dipole mae [tgt units]   0.044713  0.044879
    dipole R²                    N/A  0.992863
    dipole MSE [tgt²]        0.001683  0.001691
    charge loss [e²]         0.003089  0.000009
    charge RMSE [e]          0.055579  0.002965
    LR scale:  1.000000, effective LR:  0.000400
epoch:  68                    train:   valid:
    weighted total loss      0.872263  0.732522
    energy MSE [eV²]         0.217320  0.118498
    force MSE [(eV/Å)²]      0.650598  0.612216
    energy mae [kcal/mol]          12.050183  8.938237
    energy R²                    N/A  0.830460
    forces mae [kcal/mol/Å]        18.181059  17.705191
    forces R²                    N/A  0.822193
    dipole mae [tgt units]   0.044255  0.045357
    dipole R²                    N/A  0.992811
    dipole MSE [tgt²]        0.001667  0.001700
    charge loss [e²]         0.002679  0.000109
    charge RMSE [e]          0.051755  0.010434
    LR scale:  1.000000, effective LR:  0.000400
    ✓ Best valid checkpoint: params-best-519bc841-31c3-452c-a2ff-bab82432437e.json (weighted loss=0.732522, epoch 68)
epoch:  69                    train:   valid:
    weighted total loss      0.818852  0.740253
    energy MSE [eV²]         0.174041  0.135565
    force MSE [(eV/Å)²]      0.643140  0.603189
    energy mae [kcal/mol]          10.716259  9.817548
    energy R²                    N/A  0.807334
    forces mae [kcal/mol/Å]        18.074234  17.543226
    forces R²                    N/A  0.824877
    dipole mae [tgt units]   0.043557  0.042252
    dipole R²                    N/A  0.993720
    dipole MSE [tgt²]        0.001596  0.001489
    charge loss [e²]         0.000076  0.000010
    charge RMSE [e]          0.008701  0.003110
    LR scale:  1.000000, effective LR:  0.000400
epoch:  70                    train:   valid:
    weighted total loss      0.810606  0.720520
    energy MSE [eV²]         0.173851  0.123630
    force MSE [(eV/Å)²]      0.634886  0.595392
    energy mae [kcal/mol]          10.778362  9.173582
    energy R²                    N/A  0.829038
    forces mae [kcal/mol/Å]        17.952921  17.428293
    forces R²                    N/A  0.827127
    dipole mae [tgt units]   0.043782  0.041769
    dipole R²                    N/A  0.993849
    dipole MSE [tgt²]        0.001627  0.001465
    charge loss [e²]         0.000242  0.000033
    charge RMSE [e]          0.015541  0.005726
    LR scale:  1.000000, effective LR:  0.000400
    ✓ Best valid checkpoint: params-best-519bc841-31c3-452c-a2ff-bab82432437e.json (weighted loss=0.720520, epoch 70)
epoch:  71                    train:   valid:
    weighted total loss      0.847001  0.768472
    energy MSE [eV²]         0.213193  0.175307
    force MSE [(eV/Å)²]      0.628670  0.591405
    energy mae [kcal/mol]          12.071790  10.558186
    energy R²                    N/A  0.754202
    forces mae [kcal/mol/Å]        17.859219  17.360085
    forces R²                    N/A  0.828257
    dipole mae [tgt units]   0.043739  0.043502
    dipole R²                    N/A  0.993181
    dipole MSE [tgt²]        0.001626  0.001628
    charge loss [e²]         0.003511  0.000131
    charge RMSE [e]          0.059258  0.011463
    LR scale:  1.000000, effective LR:  0.000400
epoch:  72                    train:   valid:
    weighted total loss      0.802456  0.793668
    energy MSE [eV²]         0.177954  0.113907
    force MSE [(eV/Å)²]      0.621517  0.583899
    energy mae [kcal/mol]          10.845356  8.637935
    energy R²                    N/A  0.841964
    forces mae [kcal/mol/Å]        17.747169  17.253456
    forces R²                    N/A  0.830472
    dipole mae [tgt units]   0.042639  0.041018
    dipole R²                    N/A  0.993918
    dipole MSE [tgt²]        0.001540  0.001449
    charge loss [e²]         0.001444  0.094413
    charge RMSE [e]          0.037999  0.307267
    LR scale:  1.000000, effective LR:  0.000400
epoch:  73                    train:   valid:
    weighted total loss      0.799951  0.698911
    energy MSE [eV²]         0.182351  0.121735
    force MSE [(eV/Å)²]      0.613885  0.575730
    energy mae [kcal/mol]          11.057243  9.196330
    energy R²                    N/A  0.823771
    forces mae [kcal/mol/Å]        17.634253  17.129782
    forces R²                    N/A  0.832832
    dipole mae [tgt units]   0.043197  0.041284
    dipole R²                    N/A  0.994011
    dipole MSE [tgt²]        0.001598  0.001433
    charge loss [e²]         0.002116  0.000014
    charge RMSE [e]          0.046005  0.003707
    LR scale:  1.000000, effective LR:  0.000400
    ✓ Best valid checkpoint: params-best-519bc841-31c3-452c-a2ff-bab82432437e.json (weighted loss=0.698911, epoch 73)
epoch:  74                    train:   valid:
    weighted total loss      0.800454  0.682689
    energy MSE [eV²]         0.188717  0.109813
    force MSE [(eV/Å)²]      0.606670  0.571178
    energy mae [kcal/mol]          11.172097  8.473775
    energy R²                    N/A  0.849106
    forces mae [kcal/mol/Å]        17.524384  17.033596
    forces R²                    N/A  0.834194
    dipole mae [tgt units]   0.043423  0.040186
    dipole R²                    N/A  0.994182
    dipole MSE [tgt²]        0.001592  0.001388
    charge loss [e²]         0.003475  0.000310
    charge RMSE [e]          0.058946  0.017609
    LR scale:  1.000000, effective LR:  0.000400
    ✓ Best valid checkpoint: params-best-519bc841-31c3-452c-a2ff-bab82432437e.json (weighted loss=0.682689, epoch 74)
epoch:  75                    train:   valid:
    weighted total loss      0.809294  0.671611
    energy MSE [eV²]         0.204583  0.104169
    force MSE [(eV/Å)²]      0.602119  0.564122
    energy mae [kcal/mol]          11.637055  8.287319
    energy R²                    N/A  0.852366
    forces mae [kcal/mol/Å]        17.448111  16.924656
    forces R²                    N/A  0.836212
    dipole mae [tgt units]   0.042782  0.039881
    dipole R²                    N/A  0.994378
    dipole MSE [tgt²]        0.001539  0.001335
    charge loss [e²]         0.001052  0.001985
    charge RMSE [e]          0.032431  0.044555
    LR scale:  1.000000, effective LR:  0.000400
    ✓ Best valid checkpoint: params-best-519bc841-31c3-452c-a2ff-bab82432437e.json (weighted loss=0.671611, epoch 75)
epoch:  76                    train:   valid:
    weighted total loss      0.764493  0.659136
    energy MSE [eV²]         0.167666  0.101332
    force MSE [(eV/Å)²]      0.594357  0.555957
    energy mae [kcal/mol]          10.484455  8.264189
    energy R²                    N/A  0.858622
    forces mae [kcal/mol/Å]        17.322857  16.811247
    forces R²                    N/A  0.838586
    dipole mae [tgt units]   0.042427  0.039934
    dipole R²                    N/A  0.994258
    dipole MSE [tgt²]        0.001524  0.001364
    charge loss [e²]         0.000945  0.000483
    charge RMSE [e]          0.030747  0.021983
    LR scale:  1.000000, effective LR:  0.000400
    ✓ Best valid checkpoint: params-best-519bc841-31c3-452c-a2ff-bab82432437e.json (weighted loss=0.659136, epoch 76)
epoch:  77                    train:   valid:
    weighted total loss      0.765687  0.660719
    energy MSE [eV²]         0.175994  0.110971
    force MSE [(eV/Å)²]      0.587114  0.548247
    energy mae [kcal/mol]          10.731145  8.804014
    energy R²                    N/A  0.841299
    forces mae [kcal/mol/Å]        17.211285  16.705675
    forces R²                    N/A  0.840800
    dipole mae [tgt units]   0.042704  0.041909
    dipole R²                    N/A  0.993728
    dipole MSE [tgt²]        0.001557  0.001490
    charge loss [e²]         0.001023  0.000011
    charge RMSE [e]          0.031980  0.003268
    LR scale:  1.000000, effective LR:  0.000400
epoch:  78                    train:   valid:
    weighted total loss      0.764806  0.672919
    energy MSE [eV²]         0.179586  0.130497
    force MSE [(eV/Å)²]      0.579827  0.540873
    energy mae [kcal/mol]          10.977944  9.346792
    energy R²                    N/A  0.818385
    forces mae [kcal/mol/Å]        17.108677  16.579527
    forces R²                    N/A  0.842929
    dipole mae [tgt units]   0.043157  0.042437
    dipole R²                    N/A  0.993485
    dipole MSE [tgt²]        0.001566  0.001540
    charge loss [e²]         0.003826  0.000009
    charge RMSE [e]          0.061854  0.003073
    LR scale:  1.000000, effective LR:  0.000400
epoch:  79                    train:   valid:
    weighted total loss      0.749539  0.659699
    energy MSE [eV²]         0.174633  0.117068
    force MSE [(eV/Å)²]      0.572311  0.541278
    energy mae [kcal/mol]          10.683744  8.710314
    energy R²                    N/A  0.838007
    forces mae [kcal/mol/Å]        16.988649  16.560629
    forces R²                    N/A  0.842932
    dipole mae [tgt units]   0.042171  0.039381
    dipole R²                    N/A  0.994433
    dipole MSE [tgt²]        0.001507  0.001327
    charge loss [e²]         0.001088  0.000027
    charge RMSE [e]          0.032989  0.005186
    LR scale:  1.000000, effective LR:  0.000400
epoch:  80                    train:   valid:
    weighted total loss      0.756371  0.627112
    energy MSE [eV²]         0.185511  0.095971
    force MSE [(eV/Å)²]      0.566898  0.529842
    energy mae [kcal/mol]          11.112751  7.976977
    energy R²                    N/A  0.865448
    forces mae [kcal/mol/Å]        16.890045  16.389696
    forces R²                    N/A  0.846186
    dipole mae [tgt units]   0.042274  0.038826
    dipole R²                    N/A  0.994605
    dipole MSE [tgt²]        0.001519  0.001285
    charge loss [e²]         0.002443  0.000013
    charge RMSE [e]          0.049426  0.003607
    LR scale:  1.000000, effective LR:  0.000400
    ✓ Best valid checkpoint: params-best-519bc841-31c3-452c-a2ff-bab82432437e.json (weighted loss=0.627112, epoch 80)
epoch:  81                    train:   valid:
    weighted total loss      0.724048  0.671689
    energy MSE [eV²]         0.163616  0.140491
    force MSE [(eV/Å)²]      0.558964  0.528008
    energy mae [kcal/mol]          10.399275  9.334167
    energy R²                    N/A  0.800917
    forces mae [kcal/mol/Å]        16.772074  16.335434
    forces R²                    N/A  0.846754
    dipole mae [tgt units]   0.041175  0.039794
    dipole R²                    N/A  0.994353
    dipole MSE [tgt²]        0.001437  0.001339
    charge loss [e²]         0.000031  0.001851
    charge RMSE [e]          0.005555  0.043019
    LR scale:  1.000000, effective LR:  0.000400
epoch:  82                    train:   valid:
    weighted total loss      0.703666  0.623865
    energy MSE [eV²]         0.150241  0.107321
    force MSE [(eV/Å)²]      0.551659  0.515292
    energy mae [kcal/mol]          9.924054  8.714012
    energy R²                    N/A  0.844817
    forces mae [kcal/mol/Å]        16.661512  16.199862
    forces R²                    N/A  0.850339
    dipole mae [tgt units]   0.040921  0.037669
    dipole R²                    N/A  0.994868
    dipole MSE [tgt²]        0.001416  0.001223
    charge loss [e²]         0.000351  0.000029
    charge RMSE [e]          0.018735  0.005399
    LR scale:  1.000000, effective LR:  0.000400
    ✓ Best valid checkpoint: params-best-519bc841-31c3-452c-a2ff-bab82432437e.json (weighted loss=0.623865, epoch 82)
epoch:  83                    train:   valid:
    weighted total loss      0.731834  0.606381
    energy MSE [eV²]         0.181028  0.094788
    force MSE [(eV/Å)²]      0.546501  0.510311
    energy mae [kcal/mol]          11.080008  8.088684
    energy R²                    N/A  0.861735
    forces mae [kcal/mol/Å]        16.578335  16.073357
    forces R²                    N/A  0.851848
    dipole mae [tgt units]   0.040802  0.038689
    dipole R²                    N/A  0.994667
    dipole MSE [tgt²]        0.001408  0.001270
    charge loss [e²]         0.002897  0.000011
    charge RMSE [e]          0.053825  0.003314
    LR scale:  1.000000, effective LR:  0.000400
    ✓ Best valid checkpoint: params-best-519bc841-31c3-452c-a2ff-bab82432437e.json (weighted loss=0.606381, epoch 83)
epoch:  84                    train:   valid:
    weighted total loss      0.702454  0.611300
    energy MSE [eV²]         0.161584  0.105901
    force MSE [(eV/Å)²]      0.539460  0.504025
    energy mae [kcal/mol]          10.361195  8.692341
    energy R²                    N/A  0.845067
    forces mae [kcal/mol/Å]        16.463833  15.973326
    forces R²                    N/A  0.853682
    dipole mae [tgt units]   0.040075  0.039768
    dipole R²                    N/A  0.994314
    dipole MSE [tgt²]        0.001360  0.001361
    charge loss [e²]         0.000050  0.000012
    charge RMSE [e]          0.007064  0.003404
    LR scale:  1.000000, effective LR:  0.000400
epoch:  85                    train:   valid:
    weighted total loss      0.691096  0.601950
    energy MSE [eV²]         0.155213  0.105012
    force MSE [(eV/Å)²]      0.533301  0.495644
    energy mae [kcal/mol]          10.161850  8.131881
    energy R²                    N/A  0.851832
    forces mae [kcal/mol/Å]        16.361595  15.841171
    forces R²                    N/A  0.856105
    dipole mae [tgt units]   0.040469  0.039016
    dipole R²                    N/A  0.994635
    dipole MSE [tgt²]        0.001390  0.001283
    charge loss [e²]         0.001192  0.000011
    charge RMSE [e]          0.034532  0.003317
    LR scale:  1.000000, effective LR:  0.000400
    ✓ Best valid checkpoint: params-best-519bc841-31c3-452c-a2ff-bab82432437e.json (weighted loss=0.601950, epoch 85)
epoch:  86                    train:   valid:
    weighted total loss      0.704074  0.589464
    energy MSE [eV²]         0.173405  0.094189
    force MSE [(eV/Å)²]      0.526074  0.491319
    energy mae [kcal/mol]          10.753906  7.750021
    energy R²                    N/A  0.866335
    forces mae [kcal/mol/Å]        16.247480  15.780723
    forces R²                    N/A  0.857338
    dipole mae [tgt units]   0.039906  0.037292
    dipole R²                    N/A  0.994902
    dipole MSE [tgt²]        0.001362  0.001212
    charge loss [e²]         0.003233  0.002744
    charge RMSE [e]          0.056857  0.052384
    LR scale:  1.000000, effective LR:  0.000400
    ✓ Best valid checkpoint: params-best-519bc841-31c3-452c-a2ff-bab82432437e.json (weighted loss=0.589464, epoch 86)
epoch:  87                    train:   valid:
    weighted total loss      0.669569  0.706663
    energy MSE [eV²]         0.149178  0.220576
    force MSE [(eV/Å)²]      0.518850  0.484884
    energy mae [kcal/mol]          9.912164  13.129738
    energy R²                    N/A  0.670600
    forces mae [kcal/mol/Å]        16.134087  15.660498
    forces R²                    N/A  0.859220
    dipole mae [tgt units]   0.040024  0.037300
    dipole R²                    N/A  0.995028
    dipole MSE [tgt²]        0.001359  0.001188
    charge loss [e²]         0.000182  0.000014
    charge RMSE [e]          0.013484  0.003805
    LR scale:  1.000000, effective LR:  0.000400
epoch:  88                    train:   valid:
    weighted total loss      0.712806  0.605731
    energy MSE [eV²]         0.193911  0.124410
    force MSE [(eV/Å)²]      0.516017  0.480131
    energy mae [kcal/mol]          11.346678  9.157284
    energy R²                    N/A  0.813367
    forces mae [kcal/mol/Å]        16.076336  15.605785
    forces R²                    N/A  0.860568
    dipole mae [tgt units]   0.039525  0.036631
    dipole R²                    N/A  0.995207
    dipole MSE [tgt²]        0.001329  0.001144
    charge loss [e²]         0.001549  0.000047
    charge RMSE [e]          0.039359  0.006837
    LR scale:  1.000000, effective LR:  0.000400
epoch:  89                    train:   valid:
    weighted total loss      0.662054  0.561052
    energy MSE [eV²]         0.149790  0.084741
    force MSE [(eV/Å)²]      0.509170  0.475043
    energy mae [kcal/mol]          9.999014  7.382196
    energy R²                    N/A  0.880285
    forces mae [kcal/mol/Å]        15.967521  15.489140
    forces R²                    N/A  0.862125
    dipole mae [tgt units]   0.039025  0.037313
    dipole R²                    N/A  0.994928
    dipole MSE [tgt²]        0.001290  0.001213
    charge loss [e²]         0.001805  0.000056
    charge RMSE [e]          0.042480  0.007486
    LR scale:  1.000000, effective LR:  0.000400
    ✓ Best valid checkpoint: params-best-519bc841-31c3-452c-a2ff-bab82432437e.json (weighted loss=0.561052, epoch 89)
epoch:  90                    train:   valid:
    weighted total loss      0.660591  0.556983
    energy MSE [eV²]         0.153972  0.085266
    force MSE [(eV/Å)²]      0.502630  0.470512
    energy mae [kcal/mol]          10.202559  7.597609
    energy R²                    N/A  0.876811
    forces mae [kcal/mol/Å]        15.872514  15.404529
    forces R²                    N/A  0.863453
    dipole mae [tgt units]   0.039499  0.037851
    dipole R²                    N/A  0.995000
    dipole MSE [tgt²]        0.001331  0.001196
    charge loss [e²]         0.002658  0.000010
    charge RMSE [e]          0.051553  0.003097
    LR scale:  1.000000, effective LR:  0.000400
    ✓ Best valid checkpoint: params-best-519bc841-31c3-452c-a2ff-bab82432437e.json (weighted loss=0.556983, epoch 90)
epoch:  91                    train:   valid:
    weighted total loss      0.669372  0.608785
    energy MSE [eV²]         0.170315  0.141993
    force MSE [(eV/Å)²]      0.497178  0.465480
    energy mae [kcal/mol]          10.731062  9.998222
    energy R²                    N/A  0.787797
    forces mae [kcal/mol/Å]        15.779516  15.343407
    forces R²                    N/A  0.864873
    dipole mae [tgt units]   0.038896  0.036317
    dipole R²                    N/A  0.995202
    dipole MSE [tgt²]        0.001293  0.001147
    charge loss [e²]         0.000586  0.000164
    charge RMSE [e]          0.024210  0.012812
    LR scale:  1.000000, effective LR:  0.000400
epoch:  92                    train:   valid:
    weighted total loss      0.643657  0.542299
    energy MSE [eV²]         0.149000  0.082402
    force MSE [(eV/Å)²]      0.492101  0.458804
    energy mae [kcal/mol]          9.938520  7.399219
    energy R²                    N/A  0.883014
    forces mae [kcal/mol/Å]        15.694380  15.202802
    forces R²                    N/A  0.866838
    dipole mae [tgt units]   0.039214  0.035576
    dipole R²                    N/A  0.995499
    dipole MSE [tgt²]        0.001323  0.001076
    charge loss [e²]         0.001234  0.000018
    charge RMSE [e]          0.035124  0.004239
    LR scale:  1.000000, effective LR:  0.000400
    ✓ Best valid checkpoint: params-best-519bc841-31c3-452c-a2ff-bab82432437e.json (weighted loss=0.542299, epoch 92)
epoch:  93                    train:   valid:
    weighted total loss      0.629765  0.538432
    energy MSE [eV²]         0.139774  0.082932
    force MSE [(eV/Å)²]      0.486329  0.454385
    energy mae [kcal/mol]          9.659019  7.370314
    energy R²                    N/A  0.880810
    forces mae [kcal/mol/Å]        15.601927  15.145893
    forces R²                    N/A  0.868102
    dipole mae [tgt units]   0.038213  0.035434
    dipole R²                    N/A  0.995540
    dipole MSE [tgt²]        0.001248  0.001059
    charge loss [e²]         0.002415  0.000055
    charge RMSE [e]          0.049138  0.007415
    LR scale:  1.000000, effective LR:  0.000400
    ✓ Best valid checkpoint: params-best-519bc841-31c3-452c-a2ff-bab82432437e.json (weighted loss=0.538432, epoch 93)
epoch:  94                    train:   valid:
    weighted total loss      0.627981  0.538829
    energy MSE [eV²]         0.144588  0.091105
    force MSE [(eV/Å)²]      0.482092  0.446649
    energy mae [kcal/mol]          9.753477  7.555799
    energy R²                    N/A  0.871590
    forces mae [kcal/mol/Å]        15.518899  15.027353
    forces R²                    N/A  0.870344
    dipole mae [tgt units]   0.038360  0.035115
    dipole R²                    N/A  0.995595
    dipole MSE [tgt²]        0.001269  0.001054
    charge loss [e²]         0.000032  0.000021
    charge RMSE [e]          0.005647  0.004529
    LR scale:  1.000000, effective LR:  0.000400
epoch:  95                    train:   valid:
    weighted total loss      0.646137  0.531626
    energy MSE [eV²]         0.164630  0.086560
    force MSE [(eV/Å)²]      0.475977  0.443890
    energy mae [kcal/mol]          10.397427  7.426574
    energy R²                    N/A  0.877629
    forces mae [kcal/mol/Å]        15.425916  14.976122
    forces R²                    N/A  0.871152
    dipole mae [tgt units]   0.038470  0.036515
    dipole R²                    N/A  0.995084
    dipole MSE [tgt²]        0.001276  0.001165
    charge loss [e²]         0.004255  0.000011
    charge RMSE [e]          0.065230  0.003348
    LR scale:  1.000000, effective LR:  0.000400
    ✓ Best valid checkpoint: params-best-519bc841-31c3-452c-a2ff-bab82432437e.json (weighted loss=0.531626, epoch 95)
epoch:  96                    train:   valid:
    weighted total loss      0.617378  0.558908
    energy MSE [eV²]         0.144717  0.115350
    force MSE [(eV/Å)²]      0.471439  0.442424
    energy mae [kcal/mol]          9.791465  9.067708
    energy R²                    N/A  0.827347
    forces mae [kcal/mol/Å]        15.352853  14.912513
    forces R²                    N/A  0.871637
    dipole mae [tgt units]   0.037307  0.035817
    dipole R²                    N/A  0.995299
    dipole MSE [tgt²]        0.001201  0.001124
    charge loss [e²]         0.000021  0.000010
    charge RMSE [e]          0.004632  0.003191
    LR scale:  1.000000, effective LR:  0.000400
epoch:  97                    train:   valid:
    weighted total loss      0.608130  0.529862
    energy MSE [eV²]         0.140215  0.094278
    force MSE [(eV/Å)²]      0.466687  0.434463
    energy mae [kcal/mol]          9.685628  7.700192
    energy R²                    N/A  0.868121
    forces mae [kcal/mol/Å]        15.273314  14.795157
    forces R²                    N/A  0.873911
    dipole mae [tgt units]   0.037078  0.035135
    dipole R²                    N/A  0.995579
    dipole MSE [tgt²]        0.001180  0.001064
    charge loss [e²]         0.000047  0.000058
    charge RMSE [e]          0.006890  0.007597
    LR scale:  1.000000, effective LR:  0.000400
    ✓ Best valid checkpoint: params-best-519bc841-31c3-452c-a2ff-bab82432437e.json (weighted loss=0.529862, epoch 97)
epoch:  98                    train:   valid:
    weighted total loss      0.651372  0.575956
    energy MSE [eV²]         0.182496  0.142844
    force MSE [(eV/Å)²]      0.463236  0.432008
    energy mae [kcal/mol]          11.004316  10.013675
    energy R²                    N/A  0.798590
    forces mae [kcal/mol/Å]        15.208128  14.741452
    forces R²                    N/A  0.874640
    dipole mae [tgt units]   0.037325  0.035279
    dipole R²                    N/A  0.995410
    dipole MSE [tgt²]        0.001199  0.001093
    charge loss [e²]         0.004441  0.000011
    charge RMSE [e]          0.066639  0.003316
    LR scale:  1.000000, effective LR:  0.000400
epoch:  99                    train:   valid:
    weighted total loss      0.598082  0.610617
    energy MSE [eV²]         0.137828  0.182801
    force MSE [(eV/Å)²]      0.459077  0.426847
    energy mae [kcal/mol]          9.576751  11.782297
    energy R²                    N/A  0.723057
    forces mae [kcal/mol/Å]        15.130575  14.693355
    forces R²                    N/A  0.876076
    dipole mae [tgt units]   0.036708  0.033555
    dipole R²                    N/A  0.995997
    dipole MSE [tgt²]        0.001158  0.000958
    charge loss [e²]         0.000019  0.000012
    charge RMSE [e]          0.004335  0.003465
    LR scale:  1.000000, effective LR:  0.000400
epoch: 100                    train:   valid:
    weighted total loss      0.595397  0.638122
    energy MSE [eV²]         0.141519  0.214529
    force MSE [(eV/Å)²]      0.452702  0.421526
    energy mae [kcal/mol]          9.604360  12.798132
    energy R²                    N/A  0.695124
    forces mae [kcal/mol/Å]        15.043861  14.591116
    forces R²                    N/A  0.877618
    dipole mae [tgt units]   0.036258  0.033575
    dipole R²                    N/A  0.995937
    dipole MSE [tgt²]        0.001126  0.000968
    charge loss [e²]         0.000051  0.001099
    charge RMSE [e]          0.007129  0.033154
    LR scale:  1.000000, effective LR:  0.000400
epoch: 101                    train:   valid:
    weighted total loss      0.587675  0.490021
    energy MSE [eV²]         0.134437  0.072023
    force MSE [(eV/Å)²]      0.449526  0.417003
    energy mae [kcal/mol]          9.377096  6.915287
    energy R²                    N/A  0.896027
    forces mae [kcal/mol/Å]        14.971894  14.532971
    forces R²                    N/A  0.878930
    dipole mae [tgt units]   0.036610  0.033597
    dipole R²                    N/A  0.995927
    dipole MSE [tgt²]        0.001160  0.000975
    charge loss [e²]         0.002552  0.000020
    charge RMSE [e]          0.050513  0.004476
    LR scale:  1.000000, effective LR:  0.000400
    ✓ Best valid checkpoint: params-best-519bc841-31c3-452c-a2ff-bab82432437e.json (weighted loss=0.490021, epoch 101)
epoch: 102                    train:   valid:
    weighted total loss      0.599273  0.501613
    energy MSE [eV²]         0.150441  0.086626
    force MSE [(eV/Å)²]      0.444408  0.414025
    energy mae [kcal/mol]          10.093410  7.478947
    energy R²                    N/A  0.871816
    forces mae [kcal/mol/Å]        14.898096  14.473376
    forces R²                    N/A  0.879776
    dipole mae [tgt units]   0.035927  0.033222
    dipole R²                    N/A  0.996011
    dipole MSE [tgt²]        0.001116  0.000948
    charge loss [e²]         0.003308  0.000013
    charge RMSE [e]          0.057518  0.003647
    LR scale:  1.000000, effective LR:  0.000400
epoch: 103                    train:   valid:
    weighted total loss      0.606774  0.539782
    energy MSE [eV²]         0.163432  0.127072
    force MSE [(eV/Å)²]      0.440963  0.411745
    energy mae [kcal/mol]          10.456103  9.240528
    energy R²                    N/A  0.821083
    forces mae [kcal/mol/Å]        14.832669  14.390042
    forces R²                    N/A  0.880502
    dipole mae [tgt units]   0.036297  0.033410
    dipole R²                    N/A  0.996015
    dipole MSE [tgt²]        0.001137  0.000956
    charge loss [e²]         0.001243  0.000010
    charge RMSE [e]          0.035263  0.003090
    LR scale:  1.000000, effective LR:  0.000400
epoch: 104                    train:   valid:
    weighted total loss      0.563245  0.529400
    energy MSE [eV²]         0.125633  0.122473
    force MSE [(eV/Å)²]      0.436528  0.405944
    energy mae [kcal/mol]          9.092237  9.245187
    energy R²                    N/A  0.814340
    forces mae [kcal/mol/Å]        14.756842  14.329450
    forces R²                    N/A  0.882122
    dipole mae [tgt units]   0.035181  0.033935
    dipole R²                    N/A  0.995900
    dipole MSE [tgt²]        0.001060  0.000974
    charge loss [e²]         0.000024  0.000009
    charge RMSE [e]          0.004876  0.003042
    LR scale:  1.000000, effective LR:  0.000400
epoch: 105                    train:   valid:
    weighted total loss      0.568708  0.494979
    energy MSE [eV²]         0.134411  0.090279
    force MSE [(eV/Å)²]      0.432029  0.403704
    energy mae [kcal/mol]          9.366780  7.588072
    energy R²                    N/A  0.872992
    forces mae [kcal/mol/Å]        14.687652  14.247149
    forces R²                    N/A  0.882843
    dipole mae [tgt units]   0.036132  0.033907
    dipole R²                    N/A  0.995903
    dipole MSE [tgt²]        0.001127  0.000986
    charge loss [e²]         0.001141  0.000011
    charge RMSE [e]          0.033781  0.003266
    LR scale:  1.000000, effective LR:  0.000400
epoch: 106                    train:   valid:
    weighted total loss      0.570554  0.477066
    energy MSE [eV²]         0.139196  0.077897
    force MSE [(eV/Å)²]      0.427651  0.398061
    energy mae [kcal/mol]          9.594563  6.917471
    energy R²                    N/A  0.886068
    forces mae [kcal/mol/Å]        14.608078  14.220886
    forces R²                    N/A  0.884378
    dipole mae [tgt units]   0.035507  0.035452
    dipole R²                    N/A  0.995526
    dipole MSE [tgt²]        0.001088  0.001082
    charge loss [e²]         0.002619  0.000025
    charge RMSE [e]          0.051176  0.005045
    LR scale:  1.000000, effective LR:  0.000400
    ✓ Best valid checkpoint: params-best-519bc841-31c3-452c-a2ff-bab82432437e.json (weighted loss=0.477066, epoch 106)
epoch: 107                    train:   valid:
    weighted total loss      0.558882  0.481959
    energy MSE [eV²]         0.134752  0.088173
    force MSE [(eV/Å)²]      0.422979  0.392762
    energy mae [kcal/mol]          9.436310  7.883306
    energy R²                    N/A  0.868719
    forces mae [kcal/mol/Å]        14.533268  14.086037
    forces R²                    N/A  0.885978
    dipole mae [tgt units]   0.035633  0.033650
    dipole R²                    N/A  0.995766
    dipole MSE [tgt²]        0.001095  0.001006
    charge loss [e²]         0.000055  0.000018
    charge RMSE [e]          0.007449  0.004262
    LR scale:  1.000000, effective LR:  0.000400
epoch: 108                    train:   valid:
    weighted total loss      0.548815  0.462889
    energy MSE [eV²]         0.128781  0.074216
    force MSE [(eV/Å)²]      0.418051  0.387529
    energy mae [kcal/mol]          9.235540  6.811198
    energy R²                    N/A  0.894143
    forces mae [kcal/mol/Å]        14.442904  13.996432
    forces R²                    N/A  0.887495
    dipole mae [tgt units]   0.034584  0.034018
    dipole R²                    N/A  0.995595
    dipole MSE [tgt²]        0.001028  0.001042
    charge loss [e²]         0.000955  0.000102
    charge RMSE [e]          0.030907  0.010113
    LR scale:  1.000000, effective LR:  0.000400
    ✓ Best valid checkpoint: params-best-519bc841-31c3-452c-a2ff-bab82432437e.json (weighted loss=0.462889, epoch 108)
epoch: 109                    train:   valid:
    weighted total loss      0.562796  0.456666
    energy MSE [eV²]         0.144814  0.071548
    force MSE [(eV/Å)²]      0.414094  0.384216
    energy mae [kcal/mol]          9.801662  6.856838
    energy R²                    N/A  0.894114
    forces mae [kcal/mol/Å]        14.369684  13.934003
    forces R²                    N/A  0.888458
    dipole mae [tgt units]   0.035184  0.032416
    dipole R²                    N/A  0.996263
    dipole MSE [tgt²]        0.001080  0.000894
    charge loss [e²]         0.002808  0.000008
    charge RMSE [e]          0.052994  0.002864
    LR scale:  1.000000, effective LR:  0.000400
    ✓ Best valid checkpoint: params-best-519bc841-31c3-452c-a2ff-bab82432437e.json (weighted loss=0.456666, epoch 109)
epoch: 110                    train:   valid:
    weighted total loss      0.559996  0.457797
    energy MSE [eV²]         0.145851  0.074978
    force MSE [(eV/Å)²]      0.410872  0.381930
    energy mae [kcal/mol]          9.735046  6.838512
    energy R²                    N/A  0.892254
    forces mae [kcal/mol/Å]        14.310680  13.894819
    forces R²                    N/A  0.889119
    dipole mae [tgt units]   0.034753  0.031867
    dipole R²                    N/A  0.996376
    dipole MSE [tgt²]        0.001044  0.000871
    charge loss [e²]         0.002229  0.000018
    charge RMSE [e]          0.047209  0.004198
    LR scale:  1.000000, effective LR:  0.000400
epoch: 111                    train:   valid:
    weighted total loss      0.537141  0.489338
    energy MSE [eV²]         0.128995  0.109426
    force MSE [(eV/Å)²]      0.407076  0.378384
    energy mae [kcal/mol]          9.239684  8.836391
    energy R²                    N/A  0.835495
    forces mae [kcal/mol/Å]        14.239163  13.816203
    forces R²                    N/A  0.890196
    dipole mae [tgt units]   0.034477  0.031668
    dipole R²                    N/A  0.996415
    dipole MSE [tgt²]        0.001023  0.000854
    charge loss [e²]         0.000046  0.000675
    charge RMSE [e]          0.006791  0.025972
    LR scale:  1.000000, effective LR:  0.000400
epoch: 112                    train:   valid:
    weighted total loss      0.533443  0.462124
    energy MSE [eV²]         0.128132  0.087305
    force MSE [(eV/Å)²]      0.401790  0.373938
    energy mae [kcal/mol]          9.240798  7.441495
    energy R²                    N/A  0.875612
    forces mae [kcal/mol/Å]        14.148784  13.746563
    forces R²                    N/A  0.891437
    dipole mae [tgt units]   0.034559  0.032034
    dipole R²                    N/A  0.996341
    dipole MSE [tgt²]        0.001032  0.000872
    charge loss [e²]         0.002490  0.000009
    charge RMSE [e]          0.049895  0.002962
    LR scale:  1.000000, effective LR:  0.000400
epoch: 113                    train:   valid:
    weighted total loss      0.534391  0.444565
    energy MSE [eV²]         0.134168  0.074193
    force MSE [(eV/Å)²]      0.398882  0.369189
    energy mae [kcal/mol]          9.388630  6.714561
    energy R²                    N/A  0.892731
    forces mae [kcal/mol/Å]        14.093510  13.667717
    forces R²                    N/A  0.892803
    dipole mae [tgt units]   0.033930  0.033065
    dipole R²                    N/A  0.995934
    dipole MSE [tgt²]        0.000987  0.000960
    charge loss [e²]         0.000354  0.000224
    charge RMSE [e]          0.018823  0.014965
    LR scale:  1.000000, effective LR:  0.000400
    ✓ Best valid checkpoint: params-best-519bc841-31c3-452c-a2ff-bab82432437e.json (weighted loss=0.444565, epoch 113)
epoch: 114                    train:   valid:
    weighted total loss      0.562142  0.511794
    energy MSE [eV²]         0.161646  0.141143
    force MSE [(eV/Å)²]      0.395567  0.369613
    energy mae [kcal/mol]          10.434441  10.214714
    energy R²                    N/A  0.785978
    forces mae [kcal/mol/Å]        14.033805  13.644322
    forces R²                    N/A  0.892743
    dipole mae [tgt units]   0.034684  0.031796
    dipole R²                    N/A  0.996385
    dipole MSE [tgt²]        0.001044  0.000864
    charge loss [e²]         0.003886  0.000174
    charge RMSE [e]          0.062334  0.013206
    LR scale:  1.000000, effective LR:  0.000400
epoch: 115                    train:   valid:
    weighted total loss      0.533522  0.432121
    energy MSE [eV²]         0.140324  0.068755
    force MSE [(eV/Å)²]      0.391984  0.362465
    energy mae [kcal/mol]          9.584202  6.575985
    energy R²                    N/A  0.898823
    forces mae [kcal/mol/Å]        13.961535  13.525858
    forces R²                    N/A  0.894815
    dipole mae [tgt units]   0.033590  0.031940
    dipole R²                    N/A  0.996256
    dipole MSE [tgt²]        0.000973  0.000887
    charge loss [e²]         0.000241  0.000015
    charge RMSE [e]          0.015538  0.003857
    LR scale:  1.000000, effective LR:  0.000400
    ✓ Best valid checkpoint: params-best-519bc841-31c3-452c-a2ff-bab82432437e.json (weighted loss=0.432121, epoch 115)
epoch: 116                    train:   valid:
    weighted total loss      0.515355  0.454734
    energy MSE [eV²]         0.126193  0.091286
    force MSE [(eV/Å)²]      0.387158  0.362512
    energy mae [kcal/mol]          9.146712  7.061475
    energy R²                    N/A  0.866229
    forces mae [kcal/mol/Å]        13.885997  13.592117
    forces R²                    N/A  0.894714
    dipole mae [tgt units]   0.033702  0.032594
    dipole R²                    N/A  0.996174
    dipole MSE [tgt²]        0.000986  0.000912
    charge loss [e²]         0.001018  0.000024
    charge RMSE [e]          0.031913  0.004863
    LR scale:  1.000000, effective LR:  0.000400
epoch: 117                    train:   valid:
    weighted total loss      0.501546  0.429064
    energy MSE [eV²]         0.115823  0.074416
    force MSE [(eV/Å)²]      0.383083  0.353730
    energy mae [kcal/mol]          8.683330  6.821733
    energy R²                    N/A  0.890696
    forces mae [kcal/mol/Å]        13.806854  13.370432
    forces R²                    N/A  0.897351
    dipole mae [tgt units]   0.033140  0.032243
    dipole R²                    N/A  0.996219
    dipole MSE [tgt²]        0.000950  0.000904
    charge loss [e²]         0.001690  0.000014
    charge RMSE [e]          0.041106  0.003723
    LR scale:  1.000000, effective LR:  0.000400
    ✓ Best valid checkpoint: params-best-519bc841-31c3-452c-a2ff-bab82432437e.json (weighted loss=0.429064, epoch 117)
epoch: 118                    train:   valid:
    weighted total loss      0.510498  0.421747
    energy MSE [eV²]         0.130466  0.070227
    force MSE [(eV/Å)²]      0.378828  0.350361
    energy mae [kcal/mol]          9.267702  6.645967
    energy R²                    N/A  0.897709
    forces mae [kcal/mol/Å]        13.724223  13.336054
    forces R²                    N/A  0.898275
    dipole mae [tgt units]   0.033510  0.034743
    dipole R²                    N/A  0.995344
    dipole MSE [tgt²]        0.000978  0.001109
    charge loss [e²]         0.000225  0.000051
    charge RMSE [e]          0.015013  0.007112
    LR scale:  1.000000, effective LR:  0.000400
    ✓ Best valid checkpoint: params-best-519bc841-31c3-452c-a2ff-bab82432437e.json (weighted loss=0.421747, epoch 118)
epoch: 119                    train:   valid:
    weighted total loss      0.520980  0.474680
    energy MSE [eV²]         0.141914  0.124226
    force MSE [(eV/Å)²]      0.374789  0.349571
    energy mae [kcal/mol]          9.749800  9.292797
    energy R²                    N/A  0.823953
    forces mae [kcal/mol/Å]        13.644425  13.270545
    forces R²                    N/A  0.898585
    dipole mae [tgt units]   0.034074  0.032332
    dipole R²                    N/A  0.996281
    dipole MSE [tgt²]        0.001010  0.000873
    charge loss [e²]         0.003267  0.000010
    charge RMSE [e]          0.057162  0.003196
    LR scale:  1.000000, effective LR:  0.000400
epoch: 120                    train:   valid:
    weighted total loss      0.526468  0.407675
    energy MSE [eV²]         0.150145  0.062992
    force MSE [(eV/Å)²]      0.373896  0.343795
    energy mae [kcal/mol]          9.943572  6.344576
    energy R²                    N/A  0.907317
    forces mae [kcal/mol/Å]        13.618377  13.164445
    forces R²                    N/A  0.900250
    dipole mae [tgt units]   0.033148  0.032486
    dipole R²                    N/A  0.996302
    dipole MSE [tgt²]        0.000944  0.000874
    charge loss [e²]         0.001483  0.000015
    charge RMSE [e]          0.038504  0.003831
    LR scale:  1.000000, effective LR:  0.000400
    ✓ Best valid checkpoint: params-best-519bc841-31c3-452c-a2ff-bab82432437e.json (weighted loss=0.407675, epoch 120)
epoch: 121                    train:   valid:
    weighted total loss      0.491860  0.422768
    energy MSE [eV²]         0.123058  0.081473
    force MSE [(eV/Å)²]      0.367823  0.340258
    energy mae [kcal/mol]          9.022017  7.021481
    energy R²                    N/A  0.879284
    forces mae [kcal/mol/Å]        13.510492  13.115392
    forces R²                    N/A  0.901276
    dipole mae [tgt units]   0.032738  0.029955
    dipole R²                    N/A  0.996751
    dipole MSE [tgt²]        0.000926  0.000776
    charge loss [e²]         0.000054  0.000261
    charge RMSE [e]          0.007320  0.016162
    LR scale:  1.000000, effective LR:  0.000400
epoch: 122                    train:   valid:
    weighted total loss      0.490387  0.403922
    energy MSE [eV²]         0.123409  0.066886
    force MSE [(eV/Å)²]      0.363995  0.336271
    energy mae [kcal/mol]          8.991152  6.311961
    energy R²                    N/A  0.901018
    forces mae [kcal/mol/Å]        13.438138  13.046971
    forces R²                    N/A  0.902403
    dipole mae [tgt units]   0.033500  0.029715
    dipole R²                    N/A  0.996833
    dipole MSE [tgt²]        0.000979  0.000753
    charge loss [e²]         0.002004  0.000012
    charge RMSE [e]          0.044761  0.003474
    LR scale:  1.000000, effective LR:  0.000400
    ✓ Best valid checkpoint: params-best-519bc841-31c3-452c-a2ff-bab82432437e.json (weighted loss=0.403922, epoch 122)
epoch: 123                    train:   valid:
    weighted total loss      0.480062  0.422858
    energy MSE [eV²]         0.116638  0.089151
    force MSE [(eV/Å)²]      0.360323  0.332822
    energy mae [kcal/mol]          8.741979  7.658237
    energy R²                    N/A  0.871405
    forces mae [kcal/mol/Å]        13.363080  13.028868
    forces R²                    N/A  0.903400
    dipole mae [tgt units]   0.033193  0.031517
    dipole R²                    N/A  0.996536
    dipole MSE [tgt²]        0.000959  0.000827
    charge loss [e²]         0.002142  0.000057
    charge RMSE [e]          0.046285  0.007582
    LR scale:  1.000000, effective LR:  0.000400
epoch: 124                    train:   valid:
    weighted total loss      0.471274  0.400345
    energy MSE [eV²]         0.114551  0.070989
    force MSE [(eV/Å)²]      0.355748  0.328495
    energy mae [kcal/mol]          8.640835  6.463545
    energy R²                    N/A  0.895372
    forces mae [kcal/mol/Å]        13.280863  12.906384
    forces R²                    N/A  0.904636
    dipole mae [tgt units]   0.032998  0.031133
    dipole R²                    N/A  0.996510
    dipole MSE [tgt²]        0.000937  0.000842
    charge loss [e²]         0.000038  0.000019
    charge RMSE [e]          0.006139  0.004314
    LR scale:  1.000000, effective LR:  0.000400
    ✓ Best valid checkpoint: params-best-519bc841-31c3-452c-a2ff-bab82432437e.json (weighted loss=0.400345, epoch 124)
epoch: 125                    train:   valid:
    weighted total loss      0.475539  0.401114
    energy MSE [eV²]         0.121483  0.075119
    force MSE [(eV/Å)²]      0.351673  0.324573
    energy mae [kcal/mol]          8.979740  6.908934
    energy R²                    N/A  0.892208
    forces mae [kcal/mol/Å]        13.196215  12.824954
    forces R²                    N/A  0.905797
    dipole mae [tgt units]   0.032926  0.034742
    dipole R²                    N/A  0.995370
    dipole MSE [tgt²]        0.000941  0.001100
    charge loss [e²]         0.001442  0.000321
    charge RMSE [e]          0.037974  0.017929
    LR scale:  1.000000, effective LR:  0.000400
epoch: 126                    train:   valid:
    weighted total loss      0.467112  0.399953
    energy MSE [eV²]         0.117766  0.075239
    force MSE [(eV/Å)²]      0.347164  0.323862
    energy mae [kcal/mol]          8.670238  6.870444
    energy R²                    N/A  0.890829
    forces mae [kcal/mol/Å]        13.115899  12.733347
    forces R²                    N/A  0.906076
    dipole mae [tgt units]   0.033251  0.030899
    dipole R²                    N/A  0.996545
    dipole MSE [tgt²]        0.000954  0.000817
    charge loss [e²]         0.001228  0.000035
    charge RMSE [e]          0.035049  0.005888
    LR scale:  1.000000, effective LR:  0.000400
    ✓ Best valid checkpoint: params-best-519bc841-31c3-452c-a2ff-bab82432437e.json (weighted loss=0.399953, epoch 126)
epoch: 127                    train:   valid:
    weighted total loss      0.476942  0.385345
    energy MSE [eV²]         0.128277  0.066938
    force MSE [(eV/Å)²]      0.345240  0.317580
    energy mae [kcal/mol]          9.208285  6.462052
    energy R²                    N/A  0.903333
    forces mae [kcal/mol/Å]        13.060378  12.634007
    forces R²                    N/A  0.907872
    dipole mae [tgt units]   0.032797  0.030541
    dipole R²                    N/A  0.996631
    dipole MSE [tgt²]        0.000935  0.000812
    charge loss [e²]         0.002490  0.000014
    charge RMSE [e]          0.049902  0.003802
    LR scale:  1.000000, effective LR:  0.000400
    ✓ Best valid checkpoint: params-best-519bc841-31c3-452c-a2ff-bab82432437e.json (weighted loss=0.385345, epoch 127)
epoch: 128                    train:   valid:
    weighted total loss      0.451735  0.392291
    energy MSE [eV²]         0.110382  0.077211
    force MSE [(eV/Å)²]      0.340236  0.314282
    energy mae [kcal/mol]          8.455795  6.891293
    energy R²                    N/A  0.888194
    forces mae [kcal/mol/Å]        12.968758  12.605921
    forces R²                    N/A  0.908795
    dipole mae [tgt units]   0.032586  0.030086
    dipole R²                    N/A  0.996741
    dipole MSE [tgt²]        0.000924  0.000775
    charge loss [e²]         0.000193  0.000023
    charge RMSE [e]          0.013880  0.004774
    LR scale:  1.000000, effective LR:  0.000400
epoch: 129                    train:   valid:
    weighted total loss      0.477543  0.399817
    energy MSE [eV²]         0.135982  0.085556
    force MSE [(eV/Å)²]      0.337431  0.313433
    energy mae [kcal/mol]          9.585854  7.021968
    energy R²                    N/A  0.872317
    forces mae [kcal/mol/Å]        12.912841  12.536185
    forces R²                    N/A  0.909083
    dipole mae [tgt units]   0.032274  0.030663
    dipole R²                    N/A  0.996602
    dipole MSE [tgt²]        0.000899  0.000811
    charge loss [e²]         0.003231  0.000018
    charge RMSE [e]          0.056839  0.004227
    LR scale:  1.000000, effective LR:  0.000400
epoch: 130                    train:   valid:
    weighted total loss      0.441190  0.375198
    energy MSE [eV²]         0.105654  0.068090
    force MSE [(eV/Å)²]      0.333742  0.306333
    energy mae [kcal/mol]          8.272694  6.504517
    energy R²                    N/A  0.901475
    forces mae [kcal/mol/Å]        12.832327  12.406396
    forces R²                    N/A  0.911156
    dipole mae [tgt units]   0.032521  0.029571
    dipole R²                    N/A  0.996865
    dipole MSE [tgt²]        0.000924  0.000747
    charge loss [e²]         0.000870  0.000028
    charge RMSE [e]          0.029504  0.005307
    LR scale:  1.000000, effective LR:  0.000400
    ✓ Best valid checkpoint: params-best-519bc841-31c3-452c-a2ff-bab82432437e.json (weighted loss=0.375198, epoch 130)
epoch: 131                    train:   valid:
    weighted total loss      0.462930  0.367713
    energy MSE [eV²]         0.129264  0.062378
    force MSE [(eV/Å)²]      0.331504  0.304455
    energy mae [kcal/mol]          9.206487  6.118554
    energy R²                    N/A  0.908255
    forces mae [kcal/mol/Å]        12.780269  12.371569
    forces R²                    N/A  0.911685
    dipole mae [tgt units]   0.032417  0.031121
    dipole R²                    N/A  0.996342
    dipole MSE [tgt²]        0.000920  0.000865
    charge loss [e²]         0.001242  0.000014
    charge RMSE [e]          0.035245  0.003800
    LR scale:  1.000000, effective LR:  0.000400
    ✓ Best valid checkpoint: params-best-519bc841-31c3-452c-a2ff-bab82432437e.json (weighted loss=0.367713, epoch 131)
epoch: 132                    train:   valid:
    weighted total loss      0.425818  0.378880
    energy MSE [eV²]         0.097839  0.078107
    force MSE [(eV/Å)²]      0.327051  0.299419
    energy mae [kcal/mol]          7.967406  6.973656
    energy R²                    N/A  0.886475
    forces mae [kcal/mol/Å]        12.690669  12.284389
    forces R²                    N/A  0.913140
    dipole mae [tgt units]   0.031893  0.037526
    dipole R²                    N/A  0.994438
    dipole MSE [tgt²]        0.000884  0.001325
    charge loss [e²]         0.000044  0.000030
    charge RMSE [e]          0.006624  0.005514
    LR scale:  1.000000, effective LR:  0.000400
epoch: 133                    train:   valid:
    weighted total loss      0.440889  0.404296
    energy MSE [eV²]         0.114507  0.105878
    force MSE [(eV/Å)²]      0.323153  0.297585
    energy mae [kcal/mol]          8.620059  8.635210
    energy R²                    N/A  0.847100
    forces mae [kcal/mol/Å]        12.617254  12.211219
    forces R²                    N/A  0.913707
    dipole mae [tgt units]   0.031987  0.029877
    dipole R²                    N/A  0.996701
    dipole MSE [tgt²]        0.000888  0.000787
    charge loss [e²]         0.002341  0.000046
    charge RMSE [e]          0.048380  0.006813
    LR scale:  1.000000, effective LR:  0.000400
epoch: 134                    train:   valid:
    weighted total loss      0.443140  0.361586
    energy MSE [eV²]         0.120478  0.065106
    force MSE [(eV/Å)²]      0.321007  0.295630
    energy mae [kcal/mol]          8.988959  6.289057
    energy R²                    N/A  0.903514
    forces mae [kcal/mol/Å]        12.571686  12.163801
    forces R²                    N/A  0.914264
    dipole mae [tgt units]   0.032341  0.029343
    dipole R²                    N/A  0.996842
    dipole MSE [tgt²]        0.000907  0.000759
    charge loss [e²]         0.000749  0.000090
    charge RMSE [e]          0.027359  0.009499
    LR scale:  1.000000, effective LR:  0.000400
    ✓ Best valid checkpoint: params-best-519bc841-31c3-452c-a2ff-bab82432437e.json (weighted loss=0.361586, epoch 134)
epoch: 135                    train:   valid:
    weighted total loss      0.437798  0.377063
    energy MSE [eV²]         0.117596  0.084490
    force MSE [(eV/Å)²]      0.317927  0.291554
    energy mae [kcal/mol]          8.790040  7.533395
    energy R²                    N/A  0.876932
    forces mae [kcal/mol/Å]        12.501628  12.079941
    forces R²                    N/A  0.915469
    dipole mae [tgt units]   0.031745  0.032943
    dipole R²                    N/A  0.995840
    dipole MSE [tgt²]        0.000870  0.000992
    charge loss [e²]         0.001405  0.000027
    charge RMSE [e]          0.037477  0.005234
    LR scale:  1.000000, effective LR:  0.000400
epoch: 136                    train:   valid:
    weighted total loss      0.435462  0.360309
    energy MSE [eV²]         0.117922  0.069145
    force MSE [(eV/Å)²]      0.314778  0.290317
    energy mae [kcal/mol]          8.884622  6.395905
    energy R²                    N/A  0.899590
    forces mae [kcal/mol/Å]        12.440418  12.044953
    forces R²                    N/A  0.915838
    dipole mae [tgt units]   0.031348  0.030081
    dipole R²                    N/A  0.996731
    dipole MSE [tgt²]        0.000848  0.000778
    charge loss [e²]         0.001914  0.000069
    charge RMSE [e]          0.043745  0.008315
    LR scale:  1.000000, effective LR:  0.000400
    ✓ Best valid checkpoint: params-best-519bc841-31c3-452c-a2ff-bab82432437e.json (weighted loss=0.360309, epoch 136)
epoch: 137                    train:   valid:
    weighted total loss      0.445458  0.349705
    energy MSE [eV²]         0.129538  0.057973
    force MSE [(eV/Å)²]      0.313080  0.289931
    energy mae [kcal/mol]          9.251574  5.923384
    energy R²                    N/A  0.914604
    forces mae [kcal/mol/Å]        12.393985  12.131669
    forces R²                    N/A  0.915852
    dipole mae [tgt units]   0.031210  0.030656
    dipole R²                    N/A  0.996670
    dipole MSE [tgt²]        0.000849  0.000791
    charge loss [e²]         0.001992  0.001010
    charge RMSE [e]          0.044628  0.031780
    LR scale:  1.000000, effective LR:  0.000400
    ✓ Best valid checkpoint: params-best-519bc841-31c3-452c-a2ff-bab82432437e.json (weighted loss=0.349705, epoch 137)
epoch: 138                    train:   valid:
    weighted total loss      0.424160  0.352348
    energy MSE [eV²]         0.113068  0.066989
    force MSE [(eV/Å)²]      0.309889  0.284354
    energy mae [kcal/mol]          8.699615  6.321710
    energy R²                    N/A  0.904177
    forces mae [kcal/mol/Å]        12.334449  11.928882
    forces R²                    N/A  0.917537
    dipole mae [tgt units]   0.031216  0.030523
    dipole R²                    N/A  0.996524
    dipole MSE [tgt²]        0.000834  0.000828
    charge loss [e²]         0.000369  0.000177
    charge RMSE [e]          0.019209  0.013288
    LR scale:  1.000000, effective LR:  0.000400
epoch: 139                    train:   valid:
    weighted total loss      0.404795  0.336731
    energy MSE [eV²]         0.095052  0.056385
    force MSE [(eV/Å)²]      0.306473  0.279531
    energy mae [kcal/mol]          7.854538  5.797636
    energy R²                    N/A  0.916790
    forces mae [kcal/mol/Å]        12.266076  11.827667
    forces R²                    N/A  0.918935
    dipole mae [tgt units]   0.030814  0.030021
    dipole R²                    N/A  0.996703
    dipole MSE [tgt²]        0.000824  0.000796
    charge loss [e²]         0.002447  0.000019
    charge RMSE [e]          0.049463  0.004360
    LR scale:  1.000000, effective LR:  0.000400
    ✓ Best valid checkpoint: params-best-519bc841-31c3-452c-a2ff-bab82432437e.json (weighted loss=0.336731, epoch 139)
epoch: 140                    train:   valid:
    weighted total loss      0.448767  0.348647
    energy MSE [eV²]         0.141663  0.065559
    force MSE [(eV/Å)²]      0.304363  0.282351
    energy mae [kcal/mol]          9.676284  6.168221
    energy R²                    N/A  0.905984
    forces mae [kcal/mol/Å]        12.219650  11.835065
    forces R²                    N/A  0.918185
    dipole mae [tgt units]   0.031577  0.029105
    dipole R²                    N/A  0.996975
    dipole MSE [tgt²]        0.000864  0.000720
    charge loss [e²]         0.001876  0.000017
    charge RMSE [e]          0.043312  0.004117
    LR scale:  1.000000, effective LR:  0.000400
epoch: 141                    train:   valid:
    weighted total loss      0.398465  0.345397
    energy MSE [eV²]         0.096156  0.065789
    force MSE [(eV/Å)²]      0.301432  0.278899
    energy mae [kcal/mol]          7.953488  6.335256
    energy R²                    N/A  0.903957
    forces mae [kcal/mol/Å]        12.158006  11.770174
    forces R²                    N/A  0.919190
    dipole mae [tgt units]   0.031163  0.028455
    dipole R²                    N/A  0.997126
    dipole MSE [tgt²]        0.000851  0.000691
    charge loss [e²]         0.000027  0.000019
    charge RMSE [e]          0.005183  0.004319
    LR scale:  1.000000, effective LR:  0.000400
epoch: 142                    train:   valid:
    weighted total loss      0.402128  0.410923
    energy MSE [eV²]         0.103268  0.135122
    force MSE [(eV/Å)²]      0.297991  0.275045
    energy mae [kcal/mol]          8.261166  9.751652
    energy R²                    N/A  0.804134
    forces mae [kcal/mol/Å]        12.085865  11.712568
    forces R²                    N/A  0.920280
    dipole mae [tgt units]   0.031115  0.029247
    dipole R²                    N/A  0.996883
    dipole MSE [tgt²]        0.000841  0.000741
    charge loss [e²]         0.000027  0.000016
    charge RMSE [e]          0.005206  0.003947
    LR scale:  1.000000, effective LR:  0.000400
epoch: 143                    train:   valid:
    weighted total loss      0.429107  0.332643
    energy MSE [eV²]         0.128532  0.059253
    force MSE [(eV/Å)²]      0.296777  0.272601
    energy mae [kcal/mol]          9.235411  5.821822
    energy R²                    N/A  0.912293
    forces mae [kcal/mol/Å]        12.047445  11.636353
    forces R²                    N/A  0.920993
    dipole mae [tgt units]   0.031473  0.030008
    dipole R²                    N/A  0.996805
    dipole MSE [tgt²]        0.000868  0.000772
    charge loss [e²]         0.002931  0.000017
    charge RMSE [e]          0.054138  0.004112
    LR scale:  1.000000, effective LR:  0.000400
    ✓ Best valid checkpoint: params-best-519bc841-31c3-452c-a2ff-bab82432437e.json (weighted loss=0.332643, epoch 143)
epoch: 144                    train:   valid:
    weighted total loss      0.394274  0.367863
    energy MSE [eV²]         0.099370  0.097730
    force MSE [(eV/Å)²]      0.294073  0.269387
    energy mae [kcal/mol]          8.062019  8.294558
    energy R²                    N/A  0.860148
    forces mae [kcal/mol/Å]        11.988325  11.564211
    forces R²                    N/A  0.921930
    dipole mae [tgt units]   0.030301  0.028751
    dipole R²                    N/A  0.996970
    dipole MSE [tgt²]        0.000788  0.000727
    charge loss [e²]         0.000044  0.000020
    charge RMSE [e]          0.006606  0.004525
    LR scale:  1.000000, effective LR:  0.000400
epoch: 145                    train:   valid:
    weighted total loss      0.395029  0.338678
    energy MSE [eV²]         0.101625  0.071304
    force MSE [(eV/Å)²]      0.291142  0.266472
    energy mae [kcal/mol]          8.149405  6.785255
    energy R²                    N/A  0.893301
    forces mae [kcal/mol/Å]        11.933897  11.526280
    forces R²                    N/A  0.922744
    dipole mae [tgt units]   0.031079  0.031524
    dipole R²                    N/A  0.996323
    dipole MSE [tgt²]        0.000844  0.000882
    charge loss [e²]         0.001418  0.000021
    charge RMSE [e]          0.037660  0.004538
    LR scale:  1.000000, effective LR:  0.000400
epoch: 146                    train:   valid:
    weighted total loss      0.399450  0.338110
    energy MSE [eV²]         0.106821  0.072799
    force MSE [(eV/Å)²]      0.289803  0.264569
    energy mae [kcal/mol]          8.349846  6.421180
    energy R²                    N/A  0.893734
    forces mae [kcal/mol/Å]        11.885827  11.487228
    forces R²                    N/A  0.923281
    dipole mae [tgt units]   0.030317  0.028648
    dipole R²                    N/A  0.996996
    dipole MSE [tgt²]        0.000802  0.000719
    charge loss [e²]         0.002024  0.000022
    charge RMSE [e]          0.044991  0.004712
    LR scale:  1.000000, effective LR:  0.000400
epoch: 147                    train:   valid:
    weighted total loss      0.381754  0.332729
    energy MSE [eV²]         0.094367  0.065435
    force MSE [(eV/Å)²]      0.286393  0.266307
    energy mae [kcal/mol]          7.754669  6.174515
    energy R²                    N/A  0.904713
    forces mae [kcal/mol/Å]        11.823854  11.490900
    forces R²                    N/A  0.922844
    dipole mae [tgt units]   0.030739  0.031554
    dipole R²                    N/A  0.996328
    dipole MSE [tgt²]        0.000821  0.000890
    charge loss [e²]         0.000173  0.000097
    charge RMSE [e]          0.013150  0.009853
    LR scale:  1.000000, effective LR:  0.000400
epoch: 148                    train:   valid:
    weighted total loss      0.382908  0.315290
    energy MSE [eV²]         0.096614  0.054384
    force MSE [(eV/Å)²]      0.284106  0.260155
    energy mae [kcal/mol]          7.920798  5.710535
    energy R²                    N/A  0.919617
    forces mae [kcal/mol/Å]        11.772909  11.339664
    forces R²                    N/A  0.924626
    dipole mae [tgt units]   0.030095  0.028840
    dipole R²                    N/A  0.997032
    dipole MSE [tgt²]        0.000783  0.000708
    charge loss [e²]         0.001405  0.000043
    charge RMSE [e]          0.037483  0.006566
    LR scale:  1.000000, effective LR:  0.000400
    ✓ Best valid checkpoint: params-best-519bc841-31c3-452c-a2ff-bab82432437e.json (weighted loss=0.315290, epoch 148)
epoch: 149                    train:   valid:
    weighted total loss      0.403623  0.311453
    energy MSE [eV²]         0.117713  0.052951
    force MSE [(eV/Å)²]      0.282043  0.257767
    energy mae [kcal/mol]          8.721059  5.620038
    energy R²                    N/A  0.922213
    forces mae [kcal/mol/Å]        11.724172  11.275083
    forces R²                    N/A  0.925333
    dipole mae [tgt units]   0.030590  0.028692
    dipole R²                    N/A  0.997032
    dipole MSE [tgt²]        0.000812  0.000716
    charge loss [e²]         0.003055  0.000019
    charge RMSE [e]          0.055271  0.004384
    LR scale:  1.000000, effective LR:  0.000400
    ✓ Best valid checkpoint: params-best-519bc841-31c3-452c-a2ff-bab82432437e.json (weighted loss=0.311453, epoch 149)
epoch: 150                    train:   valid:
    weighted total loss      0.378514  0.318921
    energy MSE [eV²]         0.097195  0.064123
    force MSE [(eV/Å)²]      0.280492  0.254072
    energy mae [kcal/mol]          7.944925  6.452542
    energy R²                    N/A  0.905407
    forces mae [kcal/mol/Å]        11.683585  11.213524
    forces R²                    N/A  0.926390
    dipole mae [tgt units]   0.030395  0.028623
    dipole R²                    N/A  0.997058
    dipole MSE [tgt²]        0.000803  0.000709
    charge loss [e²]         0.000024  0.000018
    charge RMSE [e]          0.004910  0.004247
    LR scale:  1.000000, effective LR:  0.000400
epoch: 151                    train:   valid:
    weighted total loss      0.364610  0.310528
    energy MSE [eV²]         0.086338  0.055912
    force MSE [(eV/Å)²]      0.277461  0.253926
    energy mae [kcal/mol]          7.460653  5.833158
    energy R²                    N/A  0.917227
    forces mae [kcal/mol/Å]        11.614470  11.209452
    forces R²                    N/A  0.926452
    dipole mae [tgt units]   0.029884  0.027512
    dipole R²                    N/A  0.997201
    dipole MSE [tgt²]        0.000780  0.000667
    charge loss [e²]         0.000031  0.000022
    charge RMSE [e]          0.005532  0.004677
    LR scale:  1.000000, effective LR:  0.000400
    ✓ Best valid checkpoint: params-best-519bc841-31c3-452c-a2ff-bab82432437e.json (weighted loss=0.310528, epoch 151)
epoch: 152                    train:   valid:
    weighted total loss      0.376607  0.329614
    energy MSE [eV²]         0.098902  0.078061
    force MSE [(eV/Å)²]      0.274708  0.250844
    energy mae [kcal/mol]          8.024214  7.180777
    energy R²                    N/A  0.882545
    forces mae [kcal/mol/Å]        11.569310  11.134962
    forces R²                    N/A  0.927342
    dipole mae [tgt units]   0.030094  0.028379
    dipole R²                    N/A  0.997107
    dipole MSE [tgt²]        0.000784  0.000691
    charge loss [e²]         0.002213  0.000017
    charge RMSE [e]          0.047042  0.004166
    LR scale:  1.000000, effective LR:  0.000400
epoch: 153                    train:   valid:
    weighted total loss      0.382521  0.307004
    energy MSE [eV²]         0.106839  0.059007
    force MSE [(eV/Å)²]      0.272615  0.247239
    energy mae [kcal/mol]          8.422400  5.830629
    energy R²                    N/A  0.914914
    forces mae [kcal/mol/Å]        11.507398  11.066054
    forces R²                    N/A  0.928359
    dipole mae [tgt units]   0.029465  0.029012
    dipole R²                    N/A  0.996920
    dipole MSE [tgt²]        0.000750  0.000736
    charge loss [e²]         0.002318  0.000021
    charge RMSE [e]          0.048145  0.004615
    LR scale:  1.000000, effective LR:  0.000400
    ✓ Best valid checkpoint: params-best-519bc841-31c3-452c-a2ff-bab82432437e.json (weighted loss=0.307004, epoch 153)
epoch: 154                    train:   valid:
    weighted total loss      0.359587  0.301733
    energy MSE [eV²]         0.089262  0.056835
    force MSE [(eV/Å)²]      0.269533  0.244189
    energy mae [kcal/mol]          7.504557  5.914126
    energy R²                    N/A  0.916322
    forces mae [kcal/mol/Å]        11.442531  10.989406
    forces R²                    N/A  0.929241
    dipole mae [tgt units]   0.029731  0.028003
    dipole R²                    N/A  0.997145
    dipole MSE [tgt²]        0.000764  0.000688
    charge loss [e²]         0.000027  0.000021
    charge RMSE [e]          0.005228  0.004593
    LR scale:  1.000000, effective LR:  0.000400
    ✓ Best valid checkpoint: params-best-519bc841-31c3-452c-a2ff-bab82432437e.json (weighted loss=0.301733, epoch 154)
epoch: 155                    train:   valid:
    weighted total loss      0.351688  0.302088
    energy MSE [eV²]         0.083913  0.055735
    force MSE [(eV/Å)²]      0.266852  0.245620
    energy mae [kcal/mol]          7.286159  5.711332
    energy R²                    N/A  0.918732
    forces mae [kcal/mol/Å]        11.392534  10.984612
    forces R²                    N/A  0.928889
    dipole mae [tgt units]   0.029345  0.029267
    dipole R²                    N/A  0.997007
    dipole MSE [tgt²]        0.000745  0.000715
    charge loss [e²]         0.000178  0.000017
    charge RMSE [e]          0.013359  0.004177
    LR scale:  1.000000, effective LR:  0.000400
epoch: 156                    train:   valid:
    weighted total loss      0.356465  0.294248
    energy MSE [eV²]         0.089972  0.052375
    force MSE [(eV/Å)²]      0.264780  0.241179
    energy mae [kcal/mol]          7.714705  5.520494
    energy R²                    N/A  0.923590
    forces mae [kcal/mol/Å]        11.349142  10.923774
    forces R²                    N/A  0.930131
    dipole mae [tgt units]   0.029195  0.027612
    dipole R²                    N/A  0.997183
    dipole MSE [tgt²]        0.000735  0.000676
    charge loss [e²]         0.000977  0.000017
    charge RMSE [e]          0.031262  0.004165
    LR scale:  1.000000, effective LR:  0.000400
    ✓ Best valid checkpoint: params-best-519bc841-31c3-452c-a2ff-bab82432437e.json (weighted loss=0.294248, epoch 156)
epoch: 157                    train:   valid:
    weighted total loss      0.376295  0.294393
    energy MSE [eV²]         0.109787  0.054166
    force MSE [(eV/Å)²]      0.263285  0.239535
    energy mae [kcal/mol]          8.512116  5.650919
    energy R²                    N/A  0.921079
    forces mae [kcal/mol/Å]        11.296620  10.844940
    forces R²                    N/A  0.930641
    dipole mae [tgt units]   0.029822  0.027381
    dipole R²                    N/A  0.997209
    dipole MSE [tgt²]        0.000775  0.000669
    charge loss [e²]         0.002449  0.000023
    charge RMSE [e]          0.049484  0.004751
    LR scale:  1.000000, effective LR:  0.000400
epoch: 158                    train:   valid:
    weighted total loss      0.394939  0.295173
    energy MSE [eV²]         0.128043  0.054714
    force MSE [(eV/Å)²]      0.263043  0.239710
    energy mae [kcal/mol]          9.221297  5.549678
    energy R²                    N/A  0.918940
    forces mae [kcal/mol/Å]        11.269500  10.895984
    forces R²                    N/A  0.930529
    dipole mae [tgt units]   0.030399  0.028685
    dipole R²                    N/A  0.997069
    dipole MSE [tgt²]        0.000798  0.000705
    charge loss [e²]         0.003055  0.000045
    charge RMSE [e]          0.055270  0.006693
    LR scale:  1.000000, effective LR:  0.000400
epoch: 159                    train:   valid:
    weighted total loss      0.367218  0.305595
    energy MSE [eV²]         0.105265  0.069993
    force MSE [(eV/Å)²]      0.261194  0.234954
    energy mae [kcal/mol]          8.394682  6.618492
    energy R²                    N/A  0.894773
    forces mae [kcal/mol/Å]        11.227988  10.759505
    forces R²                    N/A  0.931950
    dipole mae [tgt units]   0.028771  0.027061
    dipole R²                    N/A  0.997385
    dipole MSE [tgt²]        0.000720  0.000630
    charge loss [e²]         0.000039  0.000017
    charge RMSE [e]          0.006273  0.004165
    LR scale:  1.000000, effective LR:  0.000400
epoch: 160                    train:   valid:
    weighted total loss      0.344998  0.291978
    energy MSE [eV²]         0.086227  0.056901
    force MSE [(eV/Å)²]      0.257701  0.234257
    energy mae [kcal/mol]          7.396909  5.810107
    energy R²                    N/A  0.917477
    forces mae [kcal/mol/Å]        11.167200  10.725172
    forces R²                    N/A  0.932176
    dipole mae [tgt units]   0.028698  0.029898
    dipole R²                    N/A  0.996771
    dipole MSE [tgt²]        0.000702  0.000777
    charge loss [e²]         0.000369  0.000042
    charge RMSE [e]          0.019201  0.006513
    LR scale:  1.000000, effective LR:  0.000400
    ✓ Best valid checkpoint: params-best-519bc841-31c3-452c-a2ff-bab82432437e.json (weighted loss=0.291978, epoch 160)
epoch: 161                    train:   valid:
    weighted total loss      0.365905  0.296485
    energy MSE [eV²]         0.105232  0.063322
    force MSE [(eV/Å)²]      0.257313  0.232509
    energy mae [kcal/mol]          8.287796  6.142438
    energy R²                    N/A  0.904825
    forces mae [kcal/mol/Å]        11.144583  10.673729
    forces R²                    N/A  0.932678
    dipole mae [tgt units]   0.029482  0.026312
    dipole R²                    N/A  0.997486
    dipole MSE [tgt²]        0.000749  0.000603
    charge loss [e²]         0.002611  0.000051
    charge RMSE [e]          0.051096  0.007142
    LR scale:  1.000000, effective LR:  0.000400
epoch: 162                    train:   valid:
    weighted total loss      0.342704  0.285017
    energy MSE [eV²]         0.087464  0.051128
    force MSE [(eV/Å)²]      0.254469  0.232947
    energy mae [kcal/mol]          7.472427  5.497964
    energy R²                    N/A  0.926074
    forces mae [kcal/mol/Å]        11.084286  10.666451
    forces R²                    N/A  0.932583
    dipole mae [tgt units]   0.029078  0.028583
    dipole R²                    N/A  0.996988
    dipole MSE [tgt²]        0.000736  0.000731
    charge loss [e²]         0.000034  0.000211
    charge RMSE [e]          0.005856  0.014536
    LR scale:  1.000000, effective LR:  0.000400
    ✓ Best valid checkpoint: params-best-519bc841-31c3-452c-a2ff-bab82432437e.json (weighted loss=0.285017, epoch 162)
epoch: 163                    train:   valid:
    weighted total loss      0.335465  0.283773
    energy MSE [eV²]         0.081757  0.056193
    force MSE [(eV/Å)²]      0.252778  0.226920
    energy mae [kcal/mol]          7.191258  5.703069
    energy R²                    N/A  0.917406
    forces mae [kcal/mol/Å]        11.041009  10.591247
    forces R²                    N/A  0.934273
    dipole mae [tgt units]   0.028811  0.027506
    dipole R²                    N/A  0.997291
    dipole MSE [tgt²]        0.000720  0.000643
    charge loss [e²]         0.000210  0.000017
    charge RMSE [e]          0.014476  0.004119
    LR scale:  1.000000, effective LR:  0.000400
    ✓ Best valid checkpoint: params-best-519bc841-31c3-452c-a2ff-bab82432437e.json (weighted loss=0.283773, epoch 163)
epoch: 164                    train:   valid:
    weighted total loss      0.352697  0.295065
    energy MSE [eV²]         0.098681  0.062952
    force MSE [(eV/Å)²]      0.251410  0.231065
    energy mae [kcal/mol]          7.974402  6.148232
    energy R²                    N/A  0.907233
    forces mae [kcal/mol/Å]        11.012706  10.631893
    forces R²                    N/A  0.933135
    dipole mae [tgt units]   0.028930  0.027179
    dipole R²                    N/A  0.997351
    dipole MSE [tgt²]        0.000735  0.000638
    charge loss [e²]         0.001871  0.000410
    charge RMSE [e]          0.043251  0.020252
    LR scale:  1.000000, effective LR:  0.000400
epoch: 165                    train:   valid:
    weighted total loss      0.344735  0.304807
    energy MSE [eV²]         0.092992  0.075760
    force MSE [(eV/Å)²]      0.249379  0.227810
    energy mae [kcal/mol]          7.757021  6.145595
    energy R²                    N/A  0.888497
    forces mae [kcal/mol/Å]        10.943913  10.558254
    forces R²                    N/A  0.934034
    dipole mae [tgt units]   0.028938  0.027839
    dipole R²                    N/A  0.997179
    dipole MSE [tgt²]        0.000725  0.000680
    charge loss [e²]         0.001640  0.000557
    charge RMSE [e]          0.040493  0.023600
    LR scale:  1.000000, effective LR:  0.000400
epoch: 166                    train:   valid:
    weighted total loss      0.333461  0.273836
    energy MSE [eV²]         0.084484  0.048789
    force MSE [(eV/Å)²]      0.247021  0.222267
    energy mae [kcal/mol]          7.417875  5.340753
    energy R²                    N/A  0.927949
    forces mae [kcal/mol/Å]        10.901603  10.464978
    forces R²                    N/A  0.935629
    dipole mae [tgt units]   0.029050  0.027575
    dipole R²                    N/A  0.997183
    dipole MSE [tgt²]        0.000734  0.000670
    charge loss [e²]         0.001223  0.002110
    charge RMSE [e]          0.034972  0.045938
    LR scale:  1.000000, effective LR:  0.000400
    ✓ Best valid checkpoint: params-best-519bc841-31c3-452c-a2ff-bab82432437e.json (weighted loss=0.273836, epoch 166)
epoch: 167                    train:   valid:
    weighted total loss      0.340889  0.275191
    energy MSE [eV²]         0.093611  0.052990
    force MSE [(eV/Å)²]      0.244906  0.221477
    energy mae [kcal/mol]          7.810169  5.437672
    energy R²                    N/A  0.922409
    forces mae [kcal/mol/Å]        10.856133  10.401905
    forces R²                    N/A  0.935900
    dipole mae [tgt units]   0.028788  0.028885
    dipole R²                    N/A  0.997029
    dipole MSE [tgt²]        0.000711  0.000705
    charge loss [e²]         0.001661  0.000018
    charge RMSE [e]          0.040749  0.004293
    LR scale:  1.000000, effective LR:  0.000400
epoch: 168                    train:   valid:
    weighted total loss      0.328743  0.278946
    energy MSE [eV²]         0.084935  0.054675
    force MSE [(eV/Å)²]      0.242878  0.223288
    energy mae [kcal/mol]          7.394839  5.632789
    energy R²                    N/A  0.919441
    forces mae [kcal/mol/Å]        10.809595  10.432128
    forces R²                    N/A  0.935409
    dipole mae [tgt units]   0.028576  0.027166
    dipole R²                    N/A  0.997279
    dipole MSE [tgt²]        0.000699  0.000662
    charge loss [e²]         0.000230  0.000321
    charge RMSE [e]          0.015171  0.017911
    LR scale:  1.000000, effective LR:  0.000400
epoch: 169                    train:   valid:
    weighted total loss      0.334720  0.284706
    energy MSE [eV²]         0.091218  0.062562
    force MSE [(eV/Å)²]      0.241672  0.221321
    energy mae [kcal/mol]          7.679401  6.352355
    energy R²                    N/A  0.906610
    forces mae [kcal/mol/Å]        10.774315  10.374759
    forces R²                    N/A  0.935988
    dipole mae [tgt units]   0.028206  0.026249
    dipole R²                    N/A  0.997529
    dipole MSE [tgt²]        0.000693  0.000591
    charge loss [e²]         0.001136  0.000231
    charge RMSE [e]          0.033709  0.015212
    LR scale:  1.000000, effective LR:  0.000400
epoch: 170                    train:   valid:
    weighted total loss      0.340481  0.279133
    energy MSE [eV²]         0.097086  0.061805
    force MSE [(eV/Å)²]      0.240932  0.216659
    energy mae [kcal/mol]          7.866505  5.849400
    energy R²                    N/A  0.912255
    forces mae [kcal/mol/Å]        10.751311  10.296122
    forces R²                    N/A  0.937287
    dipole mae [tgt units]   0.028513  0.026911
    dipole R²                    N/A  0.997351
    dipole MSE [tgt²]        0.000694  0.000640
    charge loss [e²]         0.001770  0.000029
    charge RMSE [e]          0.042071  0.005353
    LR scale:  1.000000, effective LR:  0.000400
epoch: 171                    train:   valid:
    weighted total loss      0.337012  0.309928
    energy MSE [eV²]         0.095439  0.094082
    force MSE [(eV/Å)²]      0.239852  0.215185
    energy mae [kcal/mol]          7.847158  8.116734
    energy R²                    N/A  0.859022
    forces mae [kcal/mol/Å]        10.724244  10.235522
    forces R²                    N/A  0.937742
    dipole mae [tgt units]   0.027913  0.027311
    dipole R²                    N/A  0.997287
    dipole MSE [tgt²]        0.000671  0.000647
    charge loss [e²]         0.001050  0.000013
    charge RMSE [e]          0.032403  0.003665
    LR scale:  1.000000, effective LR:  0.000400
epoch: 172                    train:   valid:
    weighted total loss      0.336739  0.276161
    energy MSE [eV²]         0.097675  0.059705
    force MSE [(eV/Å)²]      0.237340  0.215619
    energy mae [kcal/mol]          8.004524  6.045672
    energy R²                    N/A  0.913081
    forces mae [kcal/mol/Å]        10.655292  10.237132
    forces R²                    N/A  0.937622
    dipole mae [tgt units]   0.027909  0.028939
    dipole R²                    N/A  0.996859
    dipole MSE [tgt²]        0.000674  0.000767
    charge loss [e²]         0.001051  0.000070
    charge RMSE [e]          0.032412  0.008353
    LR scale:  1.000000, effective LR:  0.000400
epoch: 173                    train:   valid:
    weighted total loss      0.328095  0.261561
    energy MSE [eV²]         0.088098  0.047420
    force MSE [(eV/Å)²]      0.236734  0.213345
    energy mae [kcal/mol]          7.628079  5.199898
    energy R²                    N/A  0.930207
    forces mae [kcal/mol/Å]        10.637572  10.173069
    forces R²                    N/A  0.938284
    dipole mae [tgt units]   0.027951  0.026389
    dipole R²                    N/A  0.997495
    dipole MSE [tgt²]        0.000671  0.000602
    charge loss [e²]         0.002592  0.000194
    charge RMSE [e]          0.050907  0.013942
    LR scale:  1.000000, effective LR:  0.000400
    ✓ Best valid checkpoint: params-best-519bc841-31c3-452c-a2ff-bab82432437e.json (weighted loss=0.261561, epoch 173)
epoch: 174                    train:   valid:
    weighted total loss      0.327500  0.268258
    energy MSE [eV²]         0.091152  0.055972
    force MSE [(eV/Å)²]      0.234810  0.211204
    energy mae [kcal/mol]          7.682217  5.716161
    energy R²                    N/A  0.917538
    forces mae [kcal/mol/Å]        10.585857  10.113374
    forces R²                    N/A  0.938915
    dipole mae [tgt units]   0.027771  0.027131
    dipole R²                    N/A  0.997297
    dipole MSE [tgt²]        0.000665  0.000644
    charge loss [e²]         0.000873  0.000438
    charge RMSE [e]          0.029548  0.020935
    LR scale:  1.000000, effective LR:  0.000400
epoch: 175                    train:   valid:
    weighted total loss      0.330564  0.263363
    energy MSE [eV²]         0.095128  0.051722
    force MSE [(eV/Å)²]      0.233130  0.210995
    energy mae [kcal/mol]          7.904136  5.273877
    energy R²                    N/A  0.923236
    forces mae [kcal/mol/Å]        10.556871  10.104052
    forces R²                    N/A  0.938983
    dipole mae [tgt units]   0.028241  0.026827
    dipole R²                    N/A  0.997389
    dipole MSE [tgt²]        0.000693  0.000626
    charge loss [e²]         0.001613  0.000020
    charge RMSE [e]          0.040161  0.004477
    LR scale:  1.000000, effective LR:  0.000400
epoch: 176                    train:   valid:
    weighted total loss      0.347518  0.310842
    energy MSE [eV²]         0.110071  0.099920
    force MSE [(eV/Å)²]      0.233092  0.210301
    energy mae [kcal/mol]          8.327734  8.249548
    energy R²                    N/A  0.850667
    forces mae [kcal/mol/Å]        10.547534  10.063863
    forces R²                    N/A  0.939190
    dipole mae [tgt units]   0.028088  0.026255
    dipole R²                    N/A  0.997534
    dipole MSE [tgt²]        0.000681  0.000593
    charge loss [e²]         0.003674  0.000029
    charge RMSE [e]          0.060615  0.005412
    LR scale:  1.000000, effective LR:  0.000400
epoch: 177                    train:   valid:
    weighted total loss      0.307335  0.256699
    energy MSE [eV²]         0.076228  0.048980
    force MSE [(eV/Å)²]      0.230411  0.207104
    energy mae [kcal/mol]          6.908255  5.355041
    energy R²                    N/A  0.928093
    forces mae [kcal/mol/Å]        10.474915  10.004077
    forces R²                    N/A  0.940107
    dipole mae [tgt units]   0.027784  0.026315
    dipole R²                    N/A  0.997485
    dipole MSE [tgt²]        0.000663  0.000599
    charge loss [e²]         0.000031  0.000016
    charge RMSE [e]          0.005605  0.004003
    LR scale:  1.000000, effective LR:  0.000400
    ✓ Best valid checkpoint: params-best-519bc841-31c3-452c-a2ff-bab82432437e.json (weighted loss=0.256699, epoch 177)
epoch: 178                    train:   valid:
    weighted total loss      0.328700  0.281020
    energy MSE [eV²]         0.095937  0.070825
    force MSE [(eV/Å)²]      0.229813  0.209317
    energy mae [kcal/mol]          7.723403  6.521534
    energy R²                    N/A  0.892614
    forces mae [kcal/mol/Å]        10.455428  10.019374
    forces R²                    N/A  0.939506
    dipole mae [tgt units]   0.028182  0.031179
    dipole R²                    N/A  0.996391
    dipole MSE [tgt²]        0.000696  0.000857
    charge loss [e²]         0.002255  0.000021
    charge RMSE [e]          0.047487  0.004573
    LR scale:  1.000000, effective LR:  0.000400
epoch: 179                    train:   valid:
    weighted total loss      0.314713  0.257956
    energy MSE [eV²]         0.085584  0.052237
    force MSE [(eV/Å)²]      0.228441  0.205086
    energy mae [kcal/mol]          7.469130  5.486973
    energy R²                    N/A  0.923756
    forces mae [kcal/mol/Å]        10.419820  10.004496
    forces R²                    N/A  0.940646
    dipole mae [tgt units]   0.027593  0.026561
    dipole R²                    N/A  0.997478
    dipole MSE [tgt²]        0.000653  0.000605
    charge loss [e²]         0.000036  0.000029
    charge RMSE [e]          0.005961  0.005368
    LR scale:  1.000000, effective LR:  0.000400
epoch: 180                    train:   valid:
    weighted total loss      0.300267  0.253566
    energy MSE [eV²]         0.073086  0.049234
    force MSE [(eV/Å)²]      0.226508  0.203767
    energy mae [kcal/mol]          6.831543  5.296643
    energy R²                    N/A  0.927942
    forces mae [kcal/mol/Å]        10.376433  9.903521
    forces R²                    N/A  0.941079
    dipole mae [tgt units]   0.027449  0.025104
    dipole R²                    N/A  0.997715
    dipole MSE [tgt²]        0.000651  0.000551
    charge loss [e²]         0.000022  0.000014
    charge RMSE [e]          0.004719  0.003733
    LR scale:  1.000000, effective LR:  0.000400
    ✓ Best valid checkpoint: params-best-519bc841-31c3-452c-a2ff-bab82432437e.json (weighted loss=0.253566, epoch 180)
epoch: 181                    train:   valid:
    weighted total loss      0.310571  0.257315
    energy MSE [eV²]         0.084082  0.050553
    force MSE [(eV/Å)²]      0.225070  0.205881
    energy mae [kcal/mol]          7.332124  5.274339
    energy R²                    N/A  0.926350
    forces mae [kcal/mol/Å]        10.339167  9.958002
    forces R²                    N/A  0.940505
    dipole mae [tgt units]   0.028123  0.031236
    dipole R²                    N/A  0.996320
    dipole MSE [tgt²]        0.000689  0.000867
    charge loss [e²]         0.000730  0.000015
    charge RMSE [e]          0.027020  0.003821
    LR scale:  1.000000, effective LR:  0.000400
epoch: 182                    train:   valid:
    weighted total loss      0.318544  0.259351
    energy MSE [eV²]         0.090395  0.058831
    force MSE [(eV/Å)²]      0.225307  0.199919
    energy mae [kcal/mol]          7.609145  6.086680
    energy R²                    N/A  0.914843
    forces mae [kcal/mol/Å]        10.328199  9.841049
    forces R²                    N/A  0.942173
    dipole mae [tgt units]   0.027322  0.025799
    dipole R²                    N/A  0.997531
    dipole MSE [tgt²]        0.000646  0.000589
    charge loss [e²]         0.002197  0.000012
    charge RMSE [e]          0.046867  0.003493
    LR scale:  1.000000, effective LR:  0.000400
epoch: 183                    train:   valid:
    weighted total loss      0.304797  0.251631
    energy MSE [eV²]         0.081109  0.050449
    force MSE [(eV/Å)²]      0.222875  0.200619
    energy mae [kcal/mol]          7.267295  5.288403
    energy R²                    N/A  0.926357
    forces mae [kcal/mol/Å]        10.286537  9.817294
    forces R²                    N/A  0.941991
    dipole mae [tgt units]   0.026841  0.025186
    dipole R²                    N/A  0.997700
    dipole MSE [tgt²]        0.000626  0.000550
    charge loss [e²]         0.000187  0.000013
    charge RMSE [e]          0.013688  0.003574
    LR scale:  1.000000, effective LR:  0.000400
    ✓ Best valid checkpoint: params-best-519bc841-31c3-452c-a2ff-bab82432437e.json (weighted loss=0.251631, epoch 183)
epoch: 184                    train:   valid:
    weighted total loss      0.311658  0.254400
    energy MSE [eV²]         0.087065  0.052898
    force MSE [(eV/Å)²]      0.221676  0.198980
    energy mae [kcal/mol]          7.495905  5.609478
    energy R²                    N/A  0.923383
    forces mae [kcal/mol/Å]        10.245980  9.801872
    forces R²                    N/A  0.942432
    dipole mae [tgt units]   0.027352  0.027116
    dipole R²                    N/A  0.997345
    dipole MSE [tgt²]        0.000652  0.000630
    charge loss [e²]         0.002265  0.001891
    charge RMSE [e]          0.047593  0.043487
    LR scale:  1.000000, effective LR:  0.000400
epoch: 185                    train:   valid:
    weighted total loss      0.300464  0.251482
    energy MSE [eV²]         0.079054  0.053936
    force MSE [(eV/Å)²]      0.220046  0.196957
    energy mae [kcal/mol]          7.126218  5.819849
    energy R²                    N/A  0.920863
    forces mae [kcal/mol/Å]        10.207560  9.747375
    forces R²                    N/A  0.943033
    dipole mae [tgt units]   0.026904  0.025604
    dipole R²                    N/A  0.997626
    dipole MSE [tgt²]        0.000618  0.000568
    charge loss [e²]         0.000746  0.000020
    charge RMSE [e]          0.027310  0.004525
    LR scale:  1.000000, effective LR:  0.000400
    ✓ Best valid checkpoint: params-best-519bc841-31c3-452c-a2ff-bab82432437e.json (weighted loss=0.251482, epoch 185)
epoch: 186                    train:   valid:
    weighted total loss      0.285362  0.244209
    energy MSE [eV²]         0.065575  0.047817
    force MSE [(eV/Å)²]      0.219129  0.195758
    energy mae [kcal/mol]          6.449753  5.221425
    energy R²                    N/A  0.929401
    forces mae [kcal/mol/Å]        10.183717  9.729379
    forces R²                    N/A  0.943363
    dipole mae [tgt units]   0.026615  0.026725
    dipole R²                    N/A  0.997436
    dipole MSE [tgt²]        0.000604  0.000615
    charge loss [e²]         0.000053  0.000018
    charge RMSE [e]          0.007276  0.004278
    LR scale:  1.000000, effective LR:  0.000400
    ✓ Best valid checkpoint: params-best-519bc841-31c3-452c-a2ff-bab82432437e.json (weighted loss=0.244209, epoch 186)
epoch: 187                    train:   valid:
    weighted total loss      0.304316  0.251609
    energy MSE [eV²]         0.083935  0.049229
    force MSE [(eV/Å)²]      0.217708  0.201231
    energy mae [kcal/mol]          7.356840  5.248640
    energy R²                    N/A  0.929902
    forces mae [kcal/mol/Å]        10.147978  9.812856
    forces R²                    N/A  0.941888
    dipole mae [tgt units]   0.027134  0.029194
    dipole R²                    N/A  0.996740
    dipole MSE [tgt²]        0.000634  0.000780
    charge loss [e²]         0.002039  0.000369
    charge RMSE [e]          0.045160  0.019221
    LR scale:  1.000000, effective LR:  0.000400
epoch: 188                    train:   valid:
    weighted total loss      0.317929  0.264489
    energy MSE [eV²]         0.097143  0.070318
    force MSE [(eV/Å)²]      0.217311  0.193512
    energy mae [kcal/mol]          7.963013  6.810587
    energy R²                    N/A  0.893755
    forces mae [kcal/mol/Å]        10.127208  9.633860
    forces R²                    N/A  0.944039
    dipole mae [tgt units]   0.026964  0.026921
    dipole R²                    N/A  0.997352
    dipole MSE [tgt²]        0.000627  0.000643
    charge loss [e²]         0.002848  0.000016
    charge RMSE [e]          0.053362  0.004021
    LR scale:  1.000000, effective LR:  0.000400
epoch: 189                    train:   valid:
    weighted total loss      0.313253  0.239459
    energy MSE [eV²]         0.095543  0.043121
    force MSE [(eV/Å)²]      0.216394  0.195755
    energy mae [kcal/mol]          7.839288  4.879217
    energy R²                    N/A  0.937315
    forces mae [kcal/mol/Å]        10.104871  9.649986
    forces R²                    N/A  0.943453
    dipole mae [tgt units]   0.026642  0.025820
    dipole R²                    N/A  0.997621
    dipole MSE [tgt²]        0.000608  0.000573
    charge loss [e²]         0.000707  0.000010
    charge RMSE [e]          0.026588  0.003141
    LR scale:  1.000000, effective LR:  0.000400
    ✓ Best valid checkpoint: params-best-519bc841-31c3-452c-a2ff-bab82432437e.json (weighted loss=0.239459, epoch 189)
epoch: 190                    train:   valid:
    weighted total loss      0.280376  0.237913
    energy MSE [eV²]         0.065195  0.046177
    force MSE [(eV/Å)²]      0.214550  0.191086
    energy mae [kcal/mol]          6.374428  5.179570
    energy R²                    N/A  0.932223
    forces mae [kcal/mol/Å]        10.056557  9.558694
    forces R²                    N/A  0.944769
    dipole mae [tgt units]   0.026559  0.025567
    dipole R²                    N/A  0.997635
    dipole MSE [tgt²]        0.000606  0.000569
    charge loss [e²]         0.000024  0.000081
    charge RMSE [e]          0.004897  0.008973
    LR scale:  1.000000, effective LR:  0.000400
    ✓ Best valid checkpoint: params-best-519bc841-31c3-452c-a2ff-bab82432437e.json (weighted loss=0.237913, epoch 190)
epoch: 191                    train:   valid:
    weighted total loss      0.310742  0.246870
    energy MSE [eV²]         0.093554  0.053777
    force MSE [(eV/Å)²]      0.213832  0.191992
    energy mae [kcal/mol]          7.835706  5.831792
    energy R²                    N/A  0.921805
    forces mae [kcal/mol/Å]        10.025881  9.558689
    forces R²                    N/A  0.944529
    dipole mae [tgt units]   0.026353  0.026408
    dipole R²                    N/A  0.997533
    dipole MSE [tgt²]        0.000600  0.000589
    charge loss [e²]         0.002756  0.000513
    charge RMSE [e]          0.052500  0.022640
    LR scale:  1.000000, effective LR:  0.000400
epoch: 192                    train:   valid:
    weighted total loss      0.295858  0.240202
    energy MSE [eV²]         0.082516  0.048654
    force MSE [(eV/Å)²]      0.212233  0.190454
    energy mae [kcal/mol]          7.229678  5.149584
    energy R²                    N/A  0.928371
    forces mae [kcal/mol/Å]        9.994834  9.538144
    forces R²                    N/A  0.944945
    dipole mae [tgt units]   0.026689  0.025306
    dipole R²                    N/A  0.997694
    dipole MSE [tgt²]        0.000611  0.000556
    charge loss [e²]         0.000497  0.000539
    charge RMSE [e]          0.022296  0.023213
    LR scale:  1.000000, effective LR:  0.000400
epoch: 193                    train:   valid:
    weighted total loss      0.293680  0.252843
    energy MSE [eV²]         0.078070  0.063661
    force MSE [(eV/Å)²]      0.212139  0.188576
    energy mae [kcal/mol]          7.011184  6.431129
    energy R²                    N/A  0.907924
    forces mae [kcal/mol/Å]        9.978198  9.487249
    forces R²                    N/A  0.945497
    dipole mae [tgt units]   0.026479  0.025958
    dipole R²                    N/A  0.997494
    dipole MSE [tgt²]        0.000601  0.000595
    charge loss [e²]         0.002869  0.000012
    charge RMSE [e]          0.053563  0.003398
    LR scale:  1.000000, effective LR:  0.000400
epoch: 194                    train:   valid:
    weighted total loss      0.304843  0.244464
    energy MSE [eV²]         0.092363  0.056652
    force MSE [(eV/Å)²]      0.211536  0.187225
    energy mae [kcal/mol]          7.777632  5.775192
    energy R²                    N/A  0.916708
    forces mae [kcal/mol/Å]        9.959438  9.476917
    forces R²                    N/A  0.945859
    dipole mae [tgt units]   0.026794  0.025767
    dipole R²                    N/A  0.997614
    dipole MSE [tgt²]        0.000622  0.000574
    charge loss [e²]         0.000322  0.000013
    charge RMSE [e]          0.017946  0.003546
    LR scale:  1.000000, effective LR:  0.000400
epoch: 195                    train:   valid:
    weighted total loss      0.285153  0.241903
    energy MSE [eV²]         0.074562  0.052271
    force MSE [(eV/Å)²]      0.209524  0.186787
    energy mae [kcal/mol]          6.912251  5.646995
    energy R²                    N/A  0.924344
    forces mae [kcal/mol/Å]        9.915950  9.470135
    forces R²                    N/A  0.945988
    dipole mae [tgt units]   0.025739  0.024863
    dipole R²                    N/A  0.997800
    dipole MSE [tgt²]        0.000569  0.000526
    charge loss [e²]         0.000498  0.002318
    charge RMSE [e]          0.022306  0.048146
    LR scale:  1.000000, effective LR:  0.000400
epoch: 196                    train:   valid:
    weighted total loss      0.290179  0.235683
    energy MSE [eV²]         0.078205  0.049289
    force MSE [(eV/Å)²]      0.208915  0.185854
    energy mae [kcal/mol]          7.003325  5.227883
    energy R²                    N/A  0.928983
    forces mae [kcal/mol/Å]        9.889551  9.401890
    forces R²                    N/A  0.946297
    dipole mae [tgt units]   0.026234  0.024702
    dipole R²                    N/A  0.997801
    dipole MSE [tgt²]        0.000587  0.000527
    charge loss [e²]         0.002472  0.000013
    charge RMSE [e]          0.049721  0.003666
    LR scale:  1.000000, effective LR:  0.000400
    ✓ Best valid checkpoint: params-best-519bc841-31c3-452c-a2ff-bab82432437e.json (weighted loss=0.235683, epoch 196)
epoch: 197                    train:   valid:
    weighted total loss      0.279675  0.234379
    energy MSE [eV²]         0.071455  0.049407
    force MSE [(eV/Å)²]      0.207619  0.184333
    energy mae [kcal/mol]          6.728467  5.214001
    energy R²                    N/A  0.927882
    forces mae [kcal/mol/Å]        9.859274  9.370781
    forces R²                    N/A  0.946721
    dipole mae [tgt units]   0.026182  0.027174
    dipole R²                    N/A  0.997373
    dipole MSE [tgt²]        0.000584  0.000624
    charge loss [e²]         0.000016  0.000015
    charge RMSE [e]          0.004037  0.003847
    LR scale:  1.000000, effective LR:  0.000400
    ✓ Best valid checkpoint: params-best-519bc841-31c3-452c-a2ff-bab82432437e.json (weighted loss=0.234379, epoch 197)
epoch: 198                    train:   valid:
    weighted total loss      0.287080  0.230684
    energy MSE [eV²]         0.078498  0.045123
    force MSE [(eV/Å)²]      0.206492  0.184957
    energy mae [kcal/mol]          7.086322  4.981802
    energy R²                    N/A  0.932215
    forces mae [kcal/mol/Å]        9.843571  9.351669
    forces R²                    N/A  0.946571
    dipole mae [tgt units]   0.026484  0.024411
    dipole R²                    N/A  0.997872
    dipole MSE [tgt²]        0.000598  0.000508
    charge loss [e²]         0.001492  0.000096
    charge RMSE [e]          0.038631  0.009805
    LR scale:  1.000000, effective LR:  0.000400
    ✓ Best valid checkpoint: params-best-519bc841-31c3-452c-a2ff-bab82432437e.json (weighted loss=0.230684, epoch 198)
epoch: 199                    train:   valid:
    weighted total loss      0.283833  0.236556
    energy MSE [eV²]         0.076846  0.051457
    force MSE [(eV/Å)²]      0.205668  0.184458
    energy mae [kcal/mol]          7.069234  5.475417
    energy R²                    N/A  0.922797
    forces mae [kcal/mol/Å]        9.804631  9.409674
    forces R²                    N/A  0.946669
    dipole mae [tgt units]   0.025576  0.024492
    dipole R²                    N/A  0.997858
    dipole MSE [tgt²]        0.000559  0.000511
    charge loss [e²]         0.000760  0.000130
    charge RMSE [e]          0.027560  0.011404
    LR scale:  1.000000, effective LR:  0.000400
epoch: 200                    train:   valid:
    weighted total loss      0.286248  0.236564
    energy MSE [eV²]         0.079959  0.052127
    force MSE [(eV/Å)²]      0.204723  0.183905
    energy mae [kcal/mol]          7.271307  5.582700
    energy R²                    N/A  0.922299
    forces mae [kcal/mol/Å]        9.779499  9.335346
    forces R²                    N/A  0.946879
    dipole mae [tgt units]   0.025863  0.024414
    dipole R²                    N/A  0.997834
    dipole MSE [tgt²]        0.000567  0.000517
    charge loss [e²]         0.000999  0.000014
    charge RMSE [e]          0.031602  0.003799
    LR scale:  1.000000, effective LR:  0.000400
epoch: 201                    train:   valid:
    weighted total loss      0.274643  0.229852
    energy MSE [eV²]         0.070285  0.048373
    force MSE [(eV/Å)²]      0.203566  0.180944
    energy mae [kcal/mol]          6.667354  5.251858
    energy R²                    N/A  0.927315
    forces mae [kcal/mol/Å]        9.748316  9.311775
    forces R²                    N/A  0.947662
    dipole mae [tgt units]   0.025803  0.024695
    dipole R²                    N/A  0.997792
    dipole MSE [tgt²]        0.000568  0.000524
    charge loss [e²]         0.000225  0.000011
    charge RMSE [e]          0.014984  0.003242
    LR scale:  1.000000, effective LR:  0.000400
    ✓ Best valid checkpoint: params-best-519bc841-31c3-452c-a2ff-bab82432437e.json (weighted loss=0.229852, epoch 201)
epoch: 202                    train:   valid:
    weighted total loss      0.276649  0.231715
    energy MSE [eV²]         0.071725  0.050261
    force MSE [(eV/Å)²]      0.202036  0.180938
    energy mae [kcal/mol]          6.747005  5.317852
    energy R²                    N/A  0.924829
    forces mae [kcal/mol/Å]        9.710424  9.229526
    forces R²                    N/A  0.947734
    dipole mae [tgt units]   0.025897  0.024201
    dipole R²                    N/A  0.997903
    dipole MSE [tgt²]        0.000571  0.000503
    charge loss [e²]         0.002316  0.000013
    charge RMSE [e]          0.048123  0.003669
    LR scale:  1.000000, effective LR:  0.000400
epoch: 203                    train:   valid:
    weighted total loss      0.295525  0.228932
    energy MSE [eV²]         0.089763  0.048345
    force MSE [(eV/Å)²]      0.202728  0.180064
    energy mae [kcal/mol]          7.558786  5.319132
    energy R²                    N/A  0.927901
    forces mae [kcal/mol/Å]        9.709478  9.211838
    forces R²                    N/A  0.947976
    dipole mae [tgt units]   0.025199  0.024259
    dipole R²                    N/A  0.997867
    dipole MSE [tgt²]        0.000541  0.000513
    charge loss [e²]         0.002493  0.000010
    charge RMSE [e]          0.049929  0.003219
    LR scale:  1.000000, effective LR:  0.000400
    ✓ Best valid checkpoint: params-best-519bc841-31c3-452c-a2ff-bab82432437e.json (weighted loss=0.228932, epoch 203)
epoch: 204                    train:   valid:
    weighted total loss      0.269802  0.230798
    energy MSE [eV²]         0.068096  0.051300
    force MSE [(eV/Å)²]      0.201149  0.178873
    energy mae [kcal/mol]          6.611281  5.324699
    energy R²                    N/A  0.925586
    forces mae [kcal/mol/Å]        9.670292  9.181674
    forces R²                    N/A  0.948321
    dipole mae [tgt units]   0.025140  0.024572
    dipole R²                    N/A  0.997803
    dipole MSE [tgt²]        0.000540  0.000526
    charge loss [e²]         0.000018  0.000098
    charge RMSE [e]          0.004235  0.009922
    LR scale:  1.000000, effective LR:  0.000400
epoch: 205                    train:   valid:
    weighted total loss      0.280470  0.233565
    energy MSE [eV²]         0.078395  0.055834
    force MSE [(eV/Å)²]      0.199949  0.177119
    energy mae [kcal/mol]          7.091834  5.738760
    energy R²                    N/A  0.915064
    forces mae [kcal/mol/Å]        9.640261  9.181858
    forces R²                    N/A  0.948771
    dipole mae [tgt units]   0.025110  0.026570
    dipole R²                    N/A  0.997495
    dipole MSE [tgt²]        0.000535  0.000601
    charge loss [e²]         0.001591  0.000011
    charge RMSE [e]          0.039882  0.003282
    LR scale:  1.000000, effective LR:  0.000400
epoch: 206                    train:   valid:
    weighted total loss      0.270873  0.231313
    energy MSE [eV²]         0.070757  0.053502
    force MSE [(eV/Å)²]      0.199021  0.177304
    energy mae [kcal/mol]          6.636157  5.784448
    energy R²                    N/A  0.922388
    forces mae [kcal/mol/Å]        9.616845  9.138419
    forces R²                    N/A  0.948754
    dipole mae [tgt units]   0.025538  0.023929
    dipole R²                    N/A  0.997926
    dipole MSE [tgt²]        0.000554  0.000495
    charge loss [e²]         0.000541  0.000013
    charge RMSE [e]          0.023250  0.003596
    LR scale:  1.000000, effective LR:  0.000400
epoch: 207                    train:   valid:
    weighted total loss      0.260117  0.227847
    energy MSE [eV²]         0.061061  0.052717
    force MSE [(eV/Å)²]      0.198431  0.174594
    energy mae [kcal/mol]          6.166988  5.616511
    energy R²                    N/A  0.921323
    forces mae [kcal/mol/Å]        9.587371  9.095898
    forces R²                    N/A  0.949520
    dipole mae [tgt units]   0.025823  0.024628
    dipole R²                    N/A  0.997804
    dipole MSE [tgt²]        0.000568  0.000527
    charge loss [e²]         0.000057  0.000010
    charge RMSE [e]          0.007523  0.003209
    LR scale:  1.000000, effective LR:  0.000400
    ✓ Best valid checkpoint: params-best-519bc841-31c3-452c-a2ff-bab82432437e.json (weighted loss=0.227847, epoch 207)
epoch: 208                    train:   valid:
    weighted total loss      0.264123  0.217831
    energy MSE [eV²]         0.064804  0.041509
    force MSE [(eV/Å)²]      0.197051  0.175797
    energy mae [kcal/mol]          6.494591  4.836802
    energy R²                    N/A  0.939882
    forces mae [kcal/mol/Å]        9.559862  9.071521
    forces R²                    N/A  0.949234
    dipole mae [tgt units]   0.024846  0.024268
    dipole R²                    N/A  0.997862
    dipole MSE [tgt²]        0.000527  0.000509
    charge loss [e²]         0.001741  0.000016
    charge RMSE [e]          0.041722  0.003963
    LR scale:  1.000000, effective LR:  0.000400
    ✓ Best valid checkpoint: params-best-519bc841-31c3-452c-a2ff-bab82432437e.json (weighted loss=0.217831, epoch 208)
epoch: 209                    train:   valid:
    weighted total loss      0.286260  0.242725
    energy MSE [eV²]         0.086776  0.065743
    force MSE [(eV/Å)²]      0.197011  0.176288
    energy mae [kcal/mol]          7.521274  6.549109
    energy R²                    N/A  0.904963
    forces mae [kcal/mol/Å]        9.550780  9.081253
    forces R²                    N/A  0.949069
    dipole mae [tgt units]   0.025714  0.024010
    dipole R²                    N/A  0.997921
    dipole MSE [tgt²]        0.000561  0.000496
    charge loss [e²]         0.001911  0.000199
    charge RMSE [e]          0.043716  0.014093
    LR scale:  1.000000, effective LR:  0.000400
epoch: 210                    train:   valid:
    weighted total loss      0.274080  0.224045
    energy MSE [eV²]         0.076983  0.050148
    force MSE [(eV/Å)²]      0.196248  0.173303
    energy mae [kcal/mol]          7.098077  5.376688
    energy R²                    N/A  0.925750
    forces mae [kcal/mol/Å]        9.521608  9.027829
    forces R²                    N/A  0.949913
    dipole mae [tgt units]   0.025002  0.026062
    dipole R²                    N/A  0.997545
    dipole MSE [tgt²]        0.000537  0.000582
    charge loss [e²]         0.000312  0.000013
    charge RMSE [e]          0.017672  0.003537
    LR scale:  1.000000, effective LR:  0.000400
epoch: 211                    train:   valid:
    weighted total loss      0.262157  0.227552
    energy MSE [eV²]         0.065187  0.053212
    force MSE [(eV/Å)²]      0.195090  0.173749
    energy mae [kcal/mol]          6.397956  5.537867
    energy R²                    N/A  0.920835
    forces mae [kcal/mol/Å]        9.489541  9.011568
    forces R²                    N/A  0.949819
    dipole mae [tgt units]   0.024796  0.026111
    dipole R²                    N/A  0.997573
    dipole MSE [tgt²]        0.000520  0.000580
    charge loss [e²]         0.001359  0.000012
    charge RMSE [e]          0.036865  0.003432
    LR scale:  1.000000, effective LR:  0.000400
epoch: 212                    train:   valid:
    weighted total loss      0.265114  0.223869
    energy MSE [eV²]         0.069977  0.048983
    force MSE [(eV/Å)²]      0.194583  0.173709
    energy mae [kcal/mol]          6.616698  5.423615
    energy R²                    N/A  0.927854
    forces mae [kcal/mol/Å]        9.478616  9.122407
    forces R²                    N/A  0.949752
    dipole mae [tgt units]   0.025123  0.023649
    dipole R²                    N/A  0.997982
    dipole MSE [tgt²]        0.000535  0.000479
    charge loss [e²]         0.000019  0.000697
    charge RMSE [e]          0.004348  0.026402
    LR scale:  1.000000, effective LR:  0.000400
epoch: 213                    train:   valid:
    weighted total loss      0.278008  0.249161
    energy MSE [eV²]         0.082072  0.078002
    force MSE [(eV/Å)²]      0.193874  0.170579
    energy mae [kcal/mol]          7.206827  7.605511
    energy R²                    N/A  0.886143
    forces mae [kcal/mol/Å]        9.454003  8.956894
    forces R²                    N/A  0.950698
    dipole mae [tgt units]   0.024876  0.025204
    dipole R²                    N/A  0.997768
    dipole MSE [tgt²]        0.000525  0.000528
    charge loss [e²]         0.001537  0.000053
    charge RMSE [e]          0.039203  0.007248
    LR scale:  1.000000, effective LR:  0.000400
epoch: 214                    train:   valid:
    weighted total loss      0.272395  0.213085
    energy MSE [eV²]         0.077110  0.041790
    force MSE [(eV/Å)²]      0.193042  0.170816
    energy mae [kcal/mol]          6.953712  4.811549
    energy R²                    N/A  0.937764
    forces mae [kcal/mol/Å]        9.444767  8.950302
    forces R²                    N/A  0.950640
    dipole mae [tgt units]   0.025160  0.023317
    dipole R²                    N/A  0.998031
    dipole MSE [tgt²]        0.000541  0.000469
    charge loss [e²]         0.001702  0.000010
    charge RMSE [e]          0.041260  0.003100
    LR scale:  1.000000, effective LR:  0.000400
    ✓ Best valid checkpoint: params-best-519bc841-31c3-452c-a2ff-bab82432437e.json (weighted loss=0.213085, epoch 214)
epoch: 215                    train:   valid:
    weighted total loss      0.262457  0.213668
    energy MSE [eV²]         0.068890  0.043605
    force MSE [(eV/Å)²]      0.192389  0.169568
    energy mae [kcal/mol]          6.669384  4.977513
    energy R²                    N/A  0.936240
    forces mae [kcal/mol/Å]        9.416780  8.902505
    forces R²                    N/A  0.951013
    dipole mae [tgt units]   0.024894  0.023742
    dipole R²                    N/A  0.997969
    dipole MSE [tgt²]        0.000521  0.000486
    charge loss [e²]         0.000657  0.000009
    charge RMSE [e]          0.025634  0.002987
    LR scale:  1.000000, effective LR:  0.000400
epoch: 216                    train:   valid:
    weighted total loss      0.267266  0.215288
    energy MSE [eV²]         0.073587  0.044029
    force MSE [(eV/Å)²]      0.191751  0.170662
    energy mae [kcal/mol]          6.880883  4.866932
    energy R²                    N/A  0.935235
    forces mae [kcal/mol/Å]        9.391546  8.921340
    forces R²                    N/A  0.950724
    dipole mae [tgt units]   0.024479  0.025801
    dipole R²                    N/A  0.997622
    dipole MSE [tgt²]        0.000506  0.000575
    charge loss [e²]         0.001421  0.000021
    charge RMSE [e]          0.037698  0.004631
    LR scale:  1.000000, effective LR:  0.000400
epoch: 217                    train:   valid:
    weighted total loss      0.262676  0.221769
    energy MSE [eV²]         0.070809  0.052539
    force MSE [(eV/Å)²]      0.191288  0.168695
    energy mae [kcal/mol]          6.776518  5.264960
    energy R²                    N/A  0.921886
    forces mae [kcal/mol/Å]        9.362177  8.912698
    forces R²                    N/A  0.951195
    dipole mae [tgt units]   0.024717  0.024083
    dipole R²                    N/A  0.997891
    dipole MSE [tgt²]        0.000521  0.000506
    charge loss [e²]         0.000058  0.000029
    charge RMSE [e]          0.007585  0.005401
    LR scale:  1.000000, effective LR:  0.000400
epoch: 218                    train:   valid:
    weighted total loss      0.260642  0.209468
    energy MSE [eV²]         0.067937  0.039006
    force MSE [(eV/Å)²]      0.189992  0.169839
    energy mae [kcal/mol]          6.537756  4.588669
    energy R²                    N/A  0.943082
    forces mae [kcal/mol/Å]        9.339882  8.880094
    forces R²                    N/A  0.950968
    dipole mae [tgt units]   0.024654  0.025273
    dipole R²                    N/A  0.997607
    dipole MSE [tgt²]        0.000511  0.000569
    charge loss [e²]         0.002202  0.000054
    charge RMSE [e]          0.046931  0.007375
    LR scale:  1.000000, effective LR:  0.000400
    ✓ Best valid checkpoint: params-best-519bc841-31c3-452c-a2ff-bab82432437e.json (weighted loss=0.209468, epoch 218)
epoch: 219                    train:   valid:
    weighted total loss      0.250156  0.224805
    energy MSE [eV²]         0.060085  0.056528
    force MSE [(eV/Å)²]      0.189496  0.167726
    energy mae [kcal/mol]          6.152859  5.693188
    energy R²                    N/A  0.917533
    forces mae [kcal/mol/Å]        9.312526  8.808765
    forces R²                    N/A  0.951566
    dipole mae [tgt units]   0.024475  0.025099
    dipole R²                    N/A  0.997733
    dipole MSE [tgt²]        0.000506  0.000542
    charge loss [e²]         0.000069  0.000009
    charge RMSE [e]          0.008312  0.002992
    LR scale:  1.000000, effective LR:  0.000400
epoch: 220                    train:   valid:
    weighted total loss      0.252166  0.230688
    energy MSE [eV²]         0.062940  0.063272
    force MSE [(eV/Å)²]      0.188668  0.166770
    energy mae [kcal/mol]          6.177352  6.277152
    energy R²                    N/A  0.903453
    forces mae [kcal/mol/Å]        9.284922  8.812080
    forces R²                    N/A  0.951806
    dipole mae [tgt units]   0.024587  0.026623
    dipole R²                    N/A  0.997377
    dipole MSE [tgt²]        0.000516  0.000634
    charge loss [e²]         0.000041  0.000012
    charge RMSE [e]          0.006403  0.003515
    LR scale:  1.000000, effective LR:  0.000400
epoch: 221                    train:   valid:
    weighted total loss      0.249904  0.215427
    energy MSE [eV²]         0.059885  0.049058
    force MSE [(eV/Å)²]      0.187804  0.165718
    energy mae [kcal/mol]          6.186244  5.145028
    energy R²                    N/A  0.927431
    forces mae [kcal/mol/Å]        9.264191  8.769087
    forces R²                    N/A  0.952130
    dipole mae [tgt units]   0.024329  0.026359
    dipole R²                    N/A  0.997385
    dipole MSE [tgt²]        0.000505  0.000638
    charge loss [e²]         0.001710  0.000013
    charge RMSE [e]          0.041353  0.003538
    LR scale:  1.000000, effective LR:  0.000400
epoch: 222                    train:   valid:
    weighted total loss      0.263787  0.230460
    energy MSE [eV²]         0.073837  0.064870
    force MSE [(eV/Å)²]      0.187313  0.165055
    energy mae [kcal/mol]          6.963008  6.622614
    energy R²                    N/A  0.906201
    forces mae [kcal/mol/Å]        9.252120  8.738688
    forces R²                    N/A  0.952328
    dipole mae [tgt units]   0.024440  0.024867
    dipole R²                    N/A  0.997807
    dipole MSE [tgt²]        0.000510  0.000527
    charge loss [e²]         0.002127  0.000009
    charge RMSE [e]          0.046116  0.002942
    LR scale:  1.000000, effective LR:  0.000400
epoch: 223                    train:   valid:
    weighted total loss      0.258954  0.206202
    energy MSE [eV²]         0.070961  0.041580
    force MSE [(eV/Å)²]      0.186526  0.164049
    energy mae [kcal/mol]          6.676860  4.826899
    energy R²                    N/A  0.939019
    forces mae [kcal/mol/Å]        9.225658  8.706534
    forces R²                    N/A  0.952613
    dipole mae [tgt units]   0.023969  0.023486
    dipole R²                    N/A  0.997983
    dipole MSE [tgt²]        0.000483  0.000481
    charge loss [e²]         0.000984  0.000092
    charge RMSE [e]          0.031368  0.009586
    LR scale:  1.000000, effective LR:  0.000400
    ✓ Best valid checkpoint: params-best-519bc841-31c3-452c-a2ff-bab82432437e.json (weighted loss=0.206202, epoch 223)
epoch: 224                    train:   valid:
    weighted total loss      0.258784  0.211145
    energy MSE [eV²]         0.070921  0.044494
    force MSE [(eV/Å)²]      0.186070  0.166056
    energy mae [kcal/mol]          6.760320  4.905891
    energy R²                    N/A  0.933183
    forces mae [kcal/mol/Å]        9.205928  8.730561
    forces R²                    N/A  0.952061
    dipole mae [tgt units]   0.024173  0.024942
    dipole R²                    N/A  0.997724
    dipole MSE [tgt²]        0.000496  0.000551
    charge loss [e²]         0.001297  0.000044
    charge RMSE [e]          0.036007  0.006641
    LR scale:  1.000000, effective LR:  0.000400
epoch: 225                    train:   valid:
    weighted total loss      0.264317  0.211713
    energy MSE [eV²]         0.075882  0.047437
    force MSE [(eV/Å)²]      0.185992  0.163776
    energy mae [kcal/mol]          6.986336  5.032083
    energy R²                    N/A  0.928657
    forces mae [kcal/mol/Å]        9.199872  8.669907
    forces R²                    N/A  0.952719
    dipole mae [tgt units]   0.024227  0.023269
    dipole R²                    N/A  0.998015
    dipole MSE [tgt²]        0.000503  0.000475
    charge loss [e²]         0.001941  0.000026
    charge RMSE [e]          0.044052  0.005064
    LR scale:  1.000000, effective LR:  0.000400
epoch: 226                    train:   valid:
    weighted total loss      0.254479  0.202541
    energy MSE [eV²]         0.068607  0.039168
    force MSE [(eV/Å)²]      0.185247  0.162827
    energy mae [kcal/mol]          6.662664  4.580909
    energy R²                    N/A  0.941546
    forces mae [kcal/mol/Å]        9.169534  8.687885
    forces R²                    N/A  0.952938
    dipole mae [tgt units]   0.024394  0.023676
    dipole R²                    N/A  0.997988
    dipole MSE [tgt²]        0.000514  0.000474
    charge loss [e²]         0.000111  0.000072
    charge RMSE [e]          0.010515  0.008463
    LR scale:  1.000000, effective LR:  0.000400
    ✓ Best valid checkpoint: params-best-519bc841-31c3-452c-a2ff-bab82432437e.json (weighted loss=0.202541, epoch 226)
epoch: 227                    train:   valid:
    weighted total loss      0.250421  0.201615
    energy MSE [eV²]         0.064169  0.038627
    force MSE [(eV/Å)²]      0.184649  0.162484
    energy mae [kcal/mol]          6.325812  4.599134
    energy R²                    N/A  0.941346
    forces mae [kcal/mol/Å]        9.152205  8.647588
    forces R²                    N/A  0.953062
    dipole mae [tgt units]   0.024013  0.023737
    dipole R²                    N/A  0.997960
    dipole MSE [tgt²]        0.000485  0.000487
    charge loss [e²]         0.001118  0.000016
    charge RMSE [e]          0.033434  0.004028
    LR scale:  1.000000, effective LR:  0.000400
    ✓ Best valid checkpoint: params-best-519bc841-31c3-452c-a2ff-bab82432437e.json (weighted loss=0.201615, epoch 227)
epoch: 228                    train:   valid:
    weighted total loss      0.256086  0.204039
    energy MSE [eV²]         0.069349  0.041665
    force MSE [(eV/Å)²]      0.183491  0.161248
    energy mae [kcal/mol]          6.661126  4.673113
    energy R²                    N/A  0.937633
    forces mae [kcal/mol/Å]        9.119430  8.624697
    forces R²                    N/A  0.953417
    dipole mae [tgt units]   0.023955  0.023784
    dipole R²                    N/A  0.997894
    dipole MSE [tgt²]        0.000489  0.000497
    charge loss [e²]         0.002757  0.000629
    charge RMSE [e]          0.052512  0.025075
    LR scale:  1.000000, effective LR:  0.000400
epoch: 229                    train:   valid:
    weighted total loss      0.245092  0.218265
    energy MSE [eV²]         0.060604  0.057425
    force MSE [(eV/Å)²]      0.183155  0.160346
    energy mae [kcal/mol]          6.057158  5.511133
    energy R²                    N/A  0.914695
    forces mae [kcal/mol/Å]        9.104421  8.579093
    forces R²                    N/A  0.953696
    dipole mae [tgt units]   0.024187  0.023506
    dipole R²                    N/A  0.997985
    dipole MSE [tgt²]        0.000495  0.000476
    charge loss [e²]         0.000838  0.000018
    charge RMSE [e]          0.028941  0.004237
    LR scale:  1.000000, effective LR:  0.000400
epoch: 230                    train:   valid:
    weighted total loss      0.259190  0.198561
    energy MSE [eV²]         0.075299  0.038206
    force MSE [(eV/Å)²]      0.182669  0.159853
    energy mae [kcal/mol]          6.938341  4.476039
    energy R²                    N/A  0.943060
    forces mae [kcal/mol/Å]        9.091060  8.562160
    forces R²                    N/A  0.953828
    dipole mae [tgt units]   0.023400  0.023647
    dipole R²                    N/A  0.997951
    dipole MSE [tgt²]        0.000465  0.000494
    charge loss [e²]         0.000757  0.000008
    charge RMSE [e]          0.027507  0.002829
    LR scale:  1.000000, effective LR:  0.000400
    ✓ Best valid checkpoint: params-best-519bc841-31c3-452c-a2ff-bab82432437e.json (weighted loss=0.198561, epoch 230)
epoch: 231                    train:   valid:
    weighted total loss      0.253559  0.205112
    energy MSE [eV²]         0.069013  0.040269
    force MSE [(eV/Å)²]      0.181377  0.162382
    energy mae [kcal/mol]          6.636033  4.569575
    energy R²                    N/A  0.939228
    forces mae [kcal/mol/Å]        9.068122  8.655203
    forces R²                    N/A  0.953072
    dipole mae [tgt units]   0.024042  0.023877
    dipole R²                    N/A  0.997871
    dipole MSE [tgt²]        0.000496  0.000503
    charge loss [e²]         0.002673  0.001957
    charge RMSE [e]          0.051698  0.044241
    LR scale:  1.000000, effective LR:  0.000400
epoch: 232                    train:   valid:
    weighted total loss      0.252080  0.207080
    energy MSE [eV²]         0.068888  0.047303
    force MSE [(eV/Å)²]      0.182634  0.159320
    energy mae [kcal/mol]          6.686354  4.952931
    energy R²                    N/A  0.928121
    forces mae [kcal/mol/Å]        9.070901  8.548130
    forces R²                    N/A  0.953977
    dipole mae [tgt units]   0.023785  0.022540
    dipole R²                    N/A  0.998108
    dipole MSE [tgt²]        0.000481  0.000448
    charge loss [e²]         0.000076  0.000010
    charge RMSE [e]          0.008745  0.003127
    LR scale:  1.000000, effective LR:  0.000400
epoch: 233                    train:   valid:
    weighted total loss      0.246755  0.205286
    energy MSE [eV²]         0.065364  0.044207
    force MSE [(eV/Å)²]      0.180802  0.160324
    energy mae [kcal/mol]          6.442438  4.906349
    energy R²                    N/A  0.935952
    forces mae [kcal/mol/Å]        9.044767  8.560697
    forces R²                    N/A  0.953703
    dipole mae [tgt units]   0.023515  0.023263
    dipole R²                    N/A  0.998037
    dipole MSE [tgt²]        0.000474  0.000471
    charge loss [e²]         0.000115  0.000285
    charge RMSE [e]          0.010712  0.016869
    LR scale:  1.000000, effective LR:  0.000400
epoch: 234                    train:   valid:
    weighted total loss      0.247762  0.199351
    energy MSE [eV²]         0.064684  0.039316
    force MSE [(eV/Å)²]      0.180438  0.159555
    energy mae [kcal/mol]          6.397890  4.514171
    energy R²                    N/A  0.941686
    forces mae [kcal/mol/Å]        9.017730  8.515731
    forces R²                    N/A  0.953934
    dipole mae [tgt units]   0.023505  0.023263
    dipole R²                    N/A  0.998045
    dipole MSE [tgt²]        0.000469  0.000470
    charge loss [e²]         0.002172  0.000011
    charge RMSE [e]          0.046606  0.003261
    LR scale:  1.000000, effective LR:  0.000400
epoch: 235                    train:   valid:
    weighted total loss      0.246308  0.206972
    energy MSE [eV²]         0.064753  0.047336
    force MSE [(eV/Å)²]      0.180234  0.158704
    energy mae [kcal/mol]          6.336051  5.315536
    energy R²                    N/A  0.930357
    forces mae [kcal/mol/Å]        8.998470  8.520889
    forces R²                    N/A  0.954153
    dipole mae [tgt units]   0.023495  0.022059
    dipole R²                    N/A  0.998216
    dipole MSE [tgt²]        0.000469  0.000424
    charge loss [e²]         0.000852  0.000508
    charge RMSE [e]          0.029185  0.022541
    LR scale:  1.000000, effective LR:  0.000400
epoch: 236                    train:   valid:
    weighted total loss      0.250233  0.204145
    energy MSE [eV²]         0.068767  0.042500
    force MSE [(eV/Å)²]      0.179607  0.158131
    energy mae [kcal/mol]          6.607612  4.795109
    energy R²                    N/A  0.938031
    forces mae [kcal/mol/Å]        8.989717  8.497923
    forces R²                    N/A  0.954324
    dipole mae [tgt units]   0.023727  0.024084
    dipole R²                    N/A  0.997911
    dipole MSE [tgt²]        0.000482  0.000493
    charge loss [e²]         0.001378  0.003022
    charge RMSE [e]          0.037119  0.054970
    LR scale:  1.000000, effective LR:  0.000400
epoch: 237                    train:   valid:
    weighted total loss      0.251546  0.240033
    energy MSE [eV²]         0.069674  0.081244
    force MSE [(eV/Å)²]      0.179773  0.158333
    energy mae [kcal/mol]          6.581228  7.433512
    energy R²                    N/A  0.878260
    forces mae [kcal/mol/Å]        8.975112  8.468788
    forces R²                    N/A  0.954281
    dipole mae [tgt units]   0.023535  0.022304
    dipole R²                    N/A  0.998199
    dipole MSE [tgt²]        0.000476  0.000428
    charge loss [e²]         0.001624  0.000027
    charge RMSE [e]          0.040300  0.005172
    LR scale:  1.000000, effective LR:  0.000400
epoch: 238                    train:   valid:
    weighted total loss      0.248541  0.197174
    energy MSE [eV²]         0.067372  0.038696
    force MSE [(eV/Å)²]      0.179489  0.157903
    energy mae [kcal/mol]          6.487370  4.540075
    energy R²                    N/A  0.943649
    forces mae [kcal/mol/Å]        8.970222  8.481638
    forces R²                    N/A  0.954392
    dipole mae [tgt units]   0.023296  0.025189
    dipole R²                    N/A  0.997649
    dipole MSE [tgt²]        0.000465  0.000566
    charge loss [e²]         0.001214  0.000009
    charge RMSE [e]          0.034848  0.002918
    LR scale:  1.000000, effective LR:  0.000400
    ✓ Best valid checkpoint: params-best-519bc841-31c3-452c-a2ff-bab82432437e.json (weighted loss=0.197174, epoch 238)
epoch: 239                    train:   valid:
    weighted total loss      0.238861  0.210341
    energy MSE [eV²]         0.058502  0.053885
    force MSE [(eV/Å)²]      0.178194  0.155994
    energy mae [kcal/mol]          6.103671  5.467869
    energy R²                    N/A  0.919949
    forces mae [kcal/mol/Å]        8.934217  8.434989
    forces R²                    N/A  0.954932
    dipole mae [tgt units]   0.022833  0.022931
    dipole R²                    N/A  0.998117
    dipole MSE [tgt²]        0.000444  0.000452
    charge loss [e²]         0.001721  0.000009
    charge RMSE [e]          0.041481  0.002979
    LR scale:  1.000000, effective LR:  0.000400
epoch: 240                    train:   valid:
    weighted total loss      0.268696  0.222463
    energy MSE [eV²]         0.086971  0.064483
    force MSE [(eV/Å)²]      0.178060  0.157513
    energy mae [kcal/mol]          7.470074  6.757163
    energy R²                    N/A  0.903876
    forces mae [kcal/mol/Å]        8.942474  8.444878
    forces R²                    N/A  0.954544
    dipole mae [tgt units]   0.023761  0.023258
    dipole R²                    N/A  0.998070
    dipole MSE [tgt²]        0.000477  0.000458
    charge loss [e²]         0.003188  0.000009
    charge RMSE [e]          0.056460  0.002926
    LR scale:  1.000000, effective LR:  0.000400
epoch: 241                    train:   valid:
    weighted total loss      0.234363  0.220789
    energy MSE [eV²]         0.056525  0.064761
    force MSE [(eV/Å)²]      0.177390  0.155531
    energy mae [kcal/mol]          5.929831  6.620226
    energy R²                    N/A  0.905862
    forces mae [kcal/mol/Å]        8.918685  8.433613
    forces R²                    N/A  0.955050
    dipole mae [tgt units]   0.022804  0.023635
    dipole R²                    N/A  0.997952
    dipole MSE [tgt²]        0.000438  0.000485
    charge loss [e²]         0.000011  0.000012
    charge RMSE [e]          0.003255  0.003417
    LR scale:  1.000000, effective LR:  0.000400
epoch: 242                    train:   valid:
    weighted total loss      0.238055  0.203413
    energy MSE [eV²]         0.060674  0.048882
    force MSE [(eV/Å)²]      0.176899  0.154083
    energy mae [kcal/mol]          6.243234  5.095245
    energy R²                    N/A  0.927308
    forces mae [kcal/mol/Å]        8.891394  8.434410
    forces R²                    N/A  0.955445
    dipole mae [tgt units]   0.023323  0.022443
    dipole R²                    N/A  0.998179
    dipole MSE [tgt²]        0.000464  0.000436
    charge loss [e²]         0.000019  0.000012
    charge RMSE [e]          0.004325  0.003426
    LR scale:  1.000000, effective LR:  0.000400
epoch: 243                    train:   valid:
    weighted total loss      0.240477  0.204245
    energy MSE [eV²]         0.063561  0.049483
    force MSE [(eV/Å)²]      0.176398  0.154255
    energy mae [kcal/mol]          6.246945  5.179828
    energy R²                    N/A  0.929172
    forces mae [kcal/mol/Å]        8.878049  8.343719
    forces R²                    N/A  0.955467
    dipole mae [tgt units]   0.023548  0.023753
    dipole R²                    N/A  0.997924
    dipole MSE [tgt²]        0.000473  0.000500
    charge loss [e²]         0.000045  0.000007
    charge RMSE [e]          0.006691  0.002732
    LR scale:  1.000000, effective LR:  0.000400
epoch: 244                    train:   valid:
    weighted total loss      0.255647  0.213079
    energy MSE [eV²]         0.075192  0.041882
    force MSE [(eV/Å)²]      0.176440  0.158055
    energy mae [kcal/mol]          6.880489  4.860083
    energy R²                    N/A  0.939171
    forces mae [kcal/mol/Å]        8.863544  8.410676
    forces R²                    N/A  0.954412
    dipole mae [tgt units]   0.023288  0.023028
    dipole R²                    N/A  0.998095
    dipole MSE [tgt²]        0.000462  0.000452
    charge loss [e²]         0.003553  0.012690
    charge RMSE [e]          0.059605  0.112648
    LR scale:  1.000000, effective LR:  0.000400
epoch: 245                    train:   valid:
    weighted total loss      0.240077  0.216802
    energy MSE [eV²]         0.063761  0.061630
    force MSE [(eV/Å)²]      0.175554  0.154726
    energy mae [kcal/mol]          6.409901  5.822591
    energy R²                    N/A  0.909546
    forces mae [kcal/mol/Å]        8.841883  8.335582
    forces R²                    N/A  0.955348
    dipole mae [tgt units]   0.022498  0.022587
    dipole R²                    N/A  0.998166
    dipole MSE [tgt²]        0.000429  0.000438
    charge loss [e²]         0.000333  0.000008
    charge RMSE [e]          0.018249  0.002908
    LR scale:  1.000000, effective LR:  0.000400
epoch: 246                    train:   valid:
    weighted total loss      0.247356  0.208806
    energy MSE [eV²]         0.069817  0.055060
    force MSE [(eV/Å)²]      0.175182  0.152756
    energy mae [kcal/mol]          6.766356  5.901472
    energy R²                    N/A  0.918310
    forces mae [kcal/mol/Å]        8.829703  8.307277
    forces R²                    N/A  0.955892
    dipole mae [tgt units]   0.022942  0.026499
    dipole R²                    N/A  0.997209
    dipole MSE [tgt²]        0.000447  0.000663
    charge loss [e²]         0.001911  0.000327
    charge RMSE [e]          0.043717  0.018081
    LR scale:  1.000000, effective LR:  0.000400
epoch: 247                    train:   valid:
    weighted total loss      0.234706  0.200464
    energy MSE [eV²]         0.060039  0.047002
    force MSE [(eV/Å)²]      0.174167  0.152998
    energy mae [kcal/mol]          6.141045  5.029180
    energy R²                    N/A  0.928741
    forces mae [kcal/mol/Å]        8.803875  8.321431
    forces R²                    N/A  0.955802
    dipole mae [tgt units]   0.022772  0.022789
    dipole R²                    N/A  0.998096
    dipole MSE [tgt²]        0.000440  0.000449
    charge loss [e²]         0.000061  0.000014
    charge RMSE [e]          0.007809  0.003804
    LR scale:  1.000000, effective LR:  0.000400
epoch: 248                    train:   valid:
    weighted total loss      0.239696  0.200139
    energy MSE [eV²]         0.064744  0.039608
    force MSE [(eV/Å)²]      0.173807  0.154571
    energy mae [kcal/mol]          6.292372  4.585595
    energy R²                    N/A  0.941994
    forces mae [kcal/mol/Å]        8.785865  8.335495
    forces R²                    N/A  0.955392
    dipole mae [tgt units]   0.022546  0.023786
    dipole R²                    N/A  0.997891
    dipole MSE [tgt²]        0.000432  0.000501
    charge loss [e²]         0.000714  0.005460
    charge RMSE [e]          0.026720  0.073894
    LR scale:  1.000000, effective LR:  0.000400
epoch: 249                    train:   valid:
    weighted total loss      0.225417  0.192427
    energy MSE [eV²]         0.050415  0.039080
    force MSE [(eV/Å)²]      0.173884  0.152918
    energy mae [kcal/mol]          5.540686  4.557871
    energy R²                    N/A  0.943302
    forces mae [kcal/mol/Å]        8.773300  8.273693
    forces R²                    N/A  0.955863
    dipole mae [tgt units]   0.022651  0.022059
    dipole R²                    N/A  0.998229
    dipole MSE [tgt²]        0.000435  0.000422
    charge loss [e²]         0.000682  0.000007
    charge RMSE [e]          0.026118  0.002696
    LR scale:  1.000000, effective LR:  0.000400
    ✓ Best valid checkpoint: params-best-519bc841-31c3-452c-a2ff-bab82432437e.json (weighted loss=0.192427, epoch 249)
epoch: 250                    train:   valid:
    weighted total loss      0.250875  0.191980
    energy MSE [eV²]         0.075261  0.039396
    force MSE [(eV/Å)²]      0.173166  0.152099
    energy mae [kcal/mol]          6.925663  4.593140
    energy R²                    N/A  0.941663
    forces mae [kcal/mol/Å]        8.759540  8.300641
    forces R²                    N/A  0.956061
    dipole mae [tgt units]   0.022554  0.023575
    dipole R²                    N/A  0.998006
    dipole MSE [tgt²]        0.000432  0.000474
    charge loss [e²]         0.002017  0.000011
    charge RMSE [e]          0.044915  0.003306
    LR scale:  1.000000, effective LR:  0.000400
    ✓ Best valid checkpoint: params-best-519bc841-31c3-452c-a2ff-bab82432437e.json (weighted loss=0.191980, epoch 250)
epoch: 251                    train:   valid:
    weighted total loss      0.237253  0.188561
    energy MSE [eV²]         0.061926  0.036315
    force MSE [(eV/Å)²]      0.171967  0.151790
    energy mae [kcal/mol]          6.253655  4.370204
    energy R²                    N/A  0.946268
    forces mae [kcal/mol/Å]        8.743206  8.251888
    forces R²                    N/A  0.956194
    dipole mae [tgt units]   0.022158  0.022804
    dipole R²                    N/A  0.998139
    dipole MSE [tgt²]        0.000412  0.000440
    charge loss [e²]         0.002948  0.000016
    charge RMSE [e]          0.054293  0.004003
    LR scale:  1.000000, effective LR:  0.000400
    ✓ Best valid checkpoint: params-best-519bc841-31c3-452c-a2ff-bab82432437e.json (weighted loss=0.188561, epoch 251)
epoch: 252                    train:   valid:
    weighted total loss      0.230704  0.189521
    energy MSE [eV²]         0.058492  0.039078
    force MSE [(eV/Å)²]      0.171771  0.149974
    energy mae [kcal/mol]          6.003952  4.593747
    energy R²                    N/A  0.942213
    forces mae [kcal/mol/Å]        8.716957  8.236920
    forces R²                    N/A  0.956668
    dipole mae [tgt units]   0.022285  0.023144
    dipole R²                    N/A  0.998085
    dipole MSE [tgt²]        0.000425  0.000459
    charge loss [e²]         0.000017  0.000009
    charge RMSE [e]          0.004132  0.003010
    LR scale:  1.000000, effective LR:  0.000400
epoch: 253                    train:   valid:
    weighted total loss      0.250438  0.191561
    energy MSE [eV²]         0.074424  0.040345
    force MSE [(eV/Å)²]      0.172725  0.150812
    energy mae [kcal/mol]          6.792611  4.496952
    energy R²                    N/A  0.940472
    forces mae [kcal/mol/Å]        8.732607  8.200687
    forces R²                    N/A  0.956468
    dipole mae [tgt units]   0.022816  0.021404
    dipole R²                    N/A  0.998346
    dipole MSE [tgt²]        0.000448  0.000395
    charge loss [e²]         0.002842  0.000009
    charge RMSE [e]          0.053309  0.002974
    LR scale:  1.000000, effective LR:  0.000400
epoch: 254                    train:   valid:
    weighted total loss      0.235696  0.195632
    energy MSE [eV²]         0.063369  0.044819
    force MSE [(eV/Å)²]      0.171880  0.150347
    energy mae [kcal/mol]          6.286961  4.772678
    energy R²                    N/A  0.932551
    forces mae [kcal/mol/Å]        8.708620  8.283949
    forces R²                    N/A  0.956529
    dipole mae [tgt units]   0.022673  0.022989
    dipole R²                    N/A  0.998070
    dipole MSE [tgt²]        0.000438  0.000459
    charge loss [e²]         0.000009  0.000008
    charge RMSE [e]          0.003060  0.002852
    LR scale:  1.000000, effective LR:  0.000400
epoch: 255                    train:   valid:
    weighted total loss      0.235908  0.196303
    energy MSE [eV²]         0.063894  0.043749
    force MSE [(eV/Å)²]      0.171062  0.152052
    energy mae [kcal/mol]          6.296727  4.891411
    energy R²                    N/A  0.935139
    forces mae [kcal/mol/Å]        8.696864  8.214953
    forces R²                    N/A  0.956142
    dipole mae [tgt units]   0.022306  0.022072
    dipole R²                    N/A  0.998246
    dipole MSE [tgt²]        0.000425  0.000416
    charge loss [e²]         0.000527  0.000086
    charge RMSE [e]          0.022965  0.009257
    LR scale:  1.000000, effective LR:  0.000400
epoch: 256                    train:   valid:
    weighted total loss      0.224104  0.188124
    energy MSE [eV²]         0.052373  0.038826
    force MSE [(eV/Å)²]      0.171025  0.148857
    energy mae [kcal/mol]          5.648456  4.527764
    energy R²                    N/A  0.942232
    forces mae [kcal/mol/Å]        8.683205  8.161577
    forces R²                    N/A  0.957009
    dipole mae [tgt units]   0.022163  0.022536
    dipole R²                    N/A  0.998186
    dipole MSE [tgt²]        0.000418  0.000432
    charge loss [e²]         0.000288  0.000009
    charge RMSE [e]          0.016978  0.003036
    LR scale:  1.000000, effective LR:  0.000400
    ✓ Best valid checkpoint: params-best-519bc841-31c3-452c-a2ff-bab82432437e.json (weighted loss=0.188124, epoch 256)
epoch: 257                    train:   valid:
    weighted total loss      0.224818  0.190671
    energy MSE [eV²]         0.054185  0.040068
    force MSE [(eV/Å)²]      0.170127  0.149772
    energy mae [kcal/mol]          5.708021  4.520926
    energy R²                    N/A  0.939435
    forces mae [kcal/mol/Å]        8.657025  8.203153
    forces R²                    N/A  0.956730
    dipole mae [tgt units]   0.022460  0.022303
    dipole R²                    N/A  0.998173
    dipole MSE [tgt²]        0.000426  0.000436
    charge loss [e²]         0.000079  0.000395
    charge RMSE [e]          0.008888  0.019875
    LR scale:  1.000000, effective LR:  0.000400
epoch: 258                    train:   valid:
    weighted total loss      0.238374  0.187943
    energy MSE [eV²]         0.065130  0.038507
    force MSE [(eV/Å)²]      0.170309  0.149012
    energy mae [kcal/mol]          6.422815  4.697035
    energy R²                    N/A  0.942871
    forces mae [kcal/mol/Å]        8.661629  8.133432
    forces R²                    N/A  0.956984
    dipole mae [tgt units]   0.021950  0.021818
    dipole R²                    N/A  0.998266
    dipole MSE [tgt²]        0.000412  0.000413
    charge loss [e²]         0.002522  0.000011
    charge RMSE [e]          0.050223  0.003253
    LR scale:  1.000000, effective LR:  0.000400
    ✓ Best valid checkpoint: params-best-519bc841-31c3-452c-a2ff-bab82432437e.json (weighted loss=0.187943, epoch 258)
epoch: 259                    train:   valid:
    weighted total loss      0.233351  0.200356
    energy MSE [eV²]         0.062412  0.051482
    force MSE [(eV/Å)²]      0.169860  0.148464
    energy mae [kcal/mol]          6.150549  5.784845
    energy R²                    N/A  0.924103
    forces mae [kcal/mol/Å]        8.644499  8.107148
    forces R²                    N/A  0.957152
    dipole mae [tgt units]   0.022145  0.021422
    dipole R²                    N/A  0.998292
    dipole MSE [tgt²]        0.000413  0.000402
    charge loss [e²]         0.000666  0.000009
    charge RMSE [e]          0.025812  0.002926
    LR scale:  1.000000, effective LR:  0.000400
epoch: 260                    train:   valid:
    weighted total loss      0.237022  0.185493
    energy MSE [eV²]         0.065036  0.036223
    force MSE [(eV/Å)²]      0.169835  0.148843
    energy mae [kcal/mol]          6.361515  4.329186
    energy R²                    N/A  0.945985
    forces mae [kcal/mol/Å]        8.624442  8.139428
    forces R²                    N/A  0.957038
    dipole mae [tgt units]   0.021929  0.021770
    dipole R²                    N/A  0.998228
    dipole MSE [tgt²]        0.000403  0.000417
    charge loss [e²]         0.001748  0.000010
    charge RMSE [e]          0.041808  0.003190
    LR scale:  1.000000, effective LR:  0.000400
    ✓ Best valid checkpoint: params-best-519bc841-31c3-452c-a2ff-bab82432437e.json (weighted loss=0.185493, epoch 260)
epoch: 261                    train:   valid:
    weighted total loss      0.232189  0.188692
    energy MSE [eV²]         0.062420  0.038370
    force MSE [(eV/Å)²]      0.168856  0.149902
    energy mae [kcal/mol]          6.299051  4.322514
    energy R²                    N/A  0.943525
    forces mae [kcal/mol/Å]        8.610197  8.138991
    forces R²                    N/A  0.956749
    dipole mae [tgt units]   0.022191  0.022137
    dipole R²                    N/A  0.998246
    dipole MSE [tgt²]        0.000416  0.000412
    charge loss [e²]         0.000497  0.000009
    charge RMSE [e]          0.022286  0.002934
    LR scale:  1.000000, effective LR:  0.000400
epoch: 262                    train:   valid:
    weighted total loss      0.234694  0.186943
    energy MSE [eV²]         0.063587  0.037930
    force MSE [(eV/Å)²]      0.168756  0.148556
    energy mae [kcal/mol]          6.320315  4.351425
    energy R²                    N/A  0.944479
    forces mae [kcal/mol/Å]        8.605501  8.088504
    forces R²                    N/A  0.957140
    dipole mae [tgt units]   0.022088  0.022430
    dipole R²                    N/A  0.998174
    dipole MSE [tgt²]        0.000414  0.000434
    charge loss [e²]         0.001936  0.000023
    charge RMSE [e]          0.044005  0.004797
    LR scale:  1.000000, effective LR:  0.000400
epoch: 263                    train:   valid:
    weighted total loss      0.226671  0.185337
    energy MSE [eV²]         0.057454  0.037164
    force MSE [(eV/Å)²]      0.168125  0.147725
    energy mae [kcal/mol]          5.953784  4.396866
    energy R²                    N/A  0.944687
    forces mae [kcal/mol/Å]        8.578574  8.051145
    forces R²                    N/A  0.957378
    dipole mae [tgt units]   0.021774  0.022237
    dipole R²                    N/A  0.998138
    dipole MSE [tgt²]        0.000403  0.000439
    charge loss [e²]         0.000690  0.000009
    charge RMSE [e]          0.026266  0.002918
    LR scale:  1.000000, effective LR:  0.000400
    ✓ Best valid checkpoint: params-best-519bc841-31c3-452c-a2ff-bab82432437e.json (weighted loss=0.185337, epoch 263)
epoch: 264                    train:   valid:
    weighted total loss      0.228440  0.189147
    energy MSE [eV²]         0.058209  0.040999
    force MSE [(eV/Å)²]      0.168245  0.147707
    energy mae [kcal/mol]          6.006605  4.732298
    energy R²                    N/A  0.938768
    forces mae [kcal/mol/Å]        8.568680  8.137281
    forces R²                    N/A  0.957331
    dipole mae [tgt units]   0.021944  0.022663
    dipole R²                    N/A  0.998182
    dipole MSE [tgt²]        0.000406  0.000432
    charge loss [e²]         0.001579  0.000009
    charge RMSE [e]          0.039743  0.003048
    LR scale:  1.000000, effective LR:  0.000400
epoch: 265                    train:   valid:
    weighted total loss      0.221856  0.210830
    energy MSE [eV²]         0.053666  0.064118
    force MSE [(eV/Å)²]      0.167579  0.146241
    energy mae [kcal/mol]          5.746902  6.412368
    energy R²                    N/A  0.903496
    forces mae [kcal/mol/Å]        8.550550  8.055862
    forces R²                    N/A  0.957754
    dipole mae [tgt units]   0.022075  0.022948
    dipole R²                    N/A  0.998101
    dipole MSE [tgt²]        0.000421  0.000451
    charge loss [e²]         0.000190  0.000019
    charge RMSE [e]          0.013773  0.004367
    LR scale:  1.000000, effective LR:  0.000400
epoch: 266                    train:   valid:
    weighted total loss      0.237710  0.206929
    energy MSE [eV²]         0.067778  0.059195
    force MSE [(eV/Å)²]      0.167271  0.147032
    energy mae [kcal/mol]          6.649278  6.166121
    energy R²                    N/A  0.914154
    forces mae [kcal/mol/Å]        8.539790  8.039987
    forces R²                    N/A  0.957570
    dipole mae [tgt units]   0.021706  0.021475
    dipole R²                    N/A  0.998252
    dipole MSE [tgt²]        0.000399  0.000413
    charge loss [e²]         0.002261  0.000289
    charge RMSE [e]          0.047552  0.017000
    LR scale:  1.000000, effective LR:  0.000400
epoch: 267                    train:   valid:
    weighted total loss      0.236870  0.226103
    energy MSE [eV²]         0.067685  0.078842
    force MSE [(eV/Å)²]      0.167469  0.146609
    energy mae [kcal/mol]          6.606441  7.320395
    energy R²                    N/A  0.885643
    forces mae [kcal/mol/Å]        8.548923  8.046498
    forces R²                    N/A  0.957665
    dipole mae [tgt units]   0.021804  0.022306
    dipole R²                    N/A  0.998207
    dipole MSE [tgt²]        0.000403  0.000426
    charge loss [e²]         0.001312  0.000226
    charge RMSE [e]          0.036226  0.015049
    LR scale:  1.000000, effective LR:  0.000400
epoch: 268                    train:   valid:
    weighted total loss      0.235716  0.187996
    energy MSE [eV²]         0.065791  0.041658
    force MSE [(eV/Å)²]      0.166525  0.145914
    energy mae [kcal/mol]          6.438131  4.869575
    energy R²                    N/A  0.937577
    forces mae [kcal/mol/Å]        8.524134  7.999459
    forces R²                    N/A  0.957885
    dipole mae [tgt units]   0.021548  0.021996
    dipole R²                    N/A  0.998245
    dipole MSE [tgt²]        0.000392  0.000414
    charge loss [e²]         0.003009  0.000011
    charge RMSE [e]          0.054856  0.003286
    LR scale:  1.000000, effective LR:  0.000400
epoch: 269                    train:   valid:
    weighted total loss      0.229061  0.182600
    energy MSE [eV²]         0.062150  0.035905
    force MSE [(eV/Å)²]      0.166482  0.146284
    energy mae [kcal/mol]          6.181715  4.279572
    energy R²                    N/A  0.947051
    forces mae [kcal/mol/Å]        8.516016  8.017380
    forces R²                    N/A  0.957785
    dipole mae [tgt units]   0.021532  0.021504
    dipole R²                    N/A  0.998300
    dipole MSE [tgt²]        0.000390  0.000403
    charge loss [e²]         0.000038  0.000008
    charge RMSE [e]          0.006126  0.002830
    LR scale:  1.000000, effective LR:  0.000400
    ✓ Best valid checkpoint: params-best-519bc841-31c3-452c-a2ff-bab82432437e.json (weighted loss=0.182600, epoch 269)
epoch: 270                    train:   valid:
    weighted total loss      0.229572  0.190827
    energy MSE [eV²]         0.061622  0.044951
    force MSE [(eV/Å)²]      0.166197  0.145355
    energy mae [kcal/mol]          6.275183  4.885272
    energy R²                    N/A  0.933321
    forces mae [kcal/mol/Å]        8.495238  8.006410
    forces R²                    N/A  0.958026
    dipole mae [tgt units]   0.021606  0.022614
    dipole R²                    N/A  0.998163
    dipole MSE [tgt²]        0.000398  0.000435
    charge loss [e²]         0.001355  0.000086
    charge RMSE [e]          0.036810  0.009257
    LR scale:  1.000000, effective LR:  0.000400
epoch: 271                    train:   valid:
    weighted total loss      0.220702  0.210815
    energy MSE [eV²]         0.054984  0.065608
    force MSE [(eV/Å)²]      0.165302  0.144753
    energy mae [kcal/mol]          5.806501  6.446998
    energy R²                    N/A  0.901870
    forces mae [kcal/mol/Å]        8.475517  7.942502
    forces R²                    N/A  0.958234
    dipole mae [tgt units]   0.021268  0.022100
    dipole R²                    N/A  0.998156
    dipole MSE [tgt²]        0.000380  0.000434
    charge loss [e²]         0.000035  0.000020
    charge RMSE [e]          0.005908  0.004459
    LR scale:  1.000000, effective LR:  0.000400
epoch: 272                    train:   valid:
    weighted total loss      0.218835  0.180984
    energy MSE [eV²]         0.052689  0.037313
    force MSE [(eV/Å)²]      0.165136  0.143206
    energy mae [kcal/mol]          5.670955  4.376741
    energy R²                    N/A  0.944571
    forces mae [kcal/mol/Å]        8.468598  7.933371
    forces R²                    N/A  0.958642
    dipole mae [tgt units]   0.021794  0.022367
    dipole R²                    N/A  0.998068
    dipole MSE [tgt²]        0.000410  0.000457
    charge loss [e²]         0.000601  0.000007
    charge RMSE [e]          0.024507  0.002732
    LR scale:  1.000000, effective LR:  0.000400
    ✓ Best valid checkpoint: params-best-519bc841-31c3-452c-a2ff-bab82432437e.json (weighted loss=0.180984, epoch 272)
epoch: 273                    train:   valid:
    weighted total loss      0.222820  0.182525
    energy MSE [eV²]         0.056435  0.037606
    force MSE [(eV/Å)²]      0.164039  0.143647
    energy mae [kcal/mol]          5.893560  4.317325
    energy R²                    N/A  0.945135
    forces mae [kcal/mol/Å]        8.443096  7.919179
    forces R²                    N/A  0.958543
    dipole mae [tgt units]   0.021832  0.022076
    dipole R²                    N/A  0.998270
    dipole MSE [tgt²]        0.000407  0.000408
    charge loss [e²]         0.001940  0.000864
    charge RMSE [e]          0.044040  0.029389
    LR scale:  1.000000, effective LR:  0.000400
epoch: 274                    train:   valid:
    weighted total loss      0.229737  0.197892
    energy MSE [eV²]         0.063480  0.053867
    force MSE [(eV/Å)²]      0.163926  0.143641
    energy mae [kcal/mol]          6.447598  5.921237
    energy R²                    N/A  0.921357
    forces mae [kcal/mol/Å]        8.435193  7.927842
    forces R²                    N/A  0.958533
    dipole mae [tgt units]   0.021188  0.020576
    dipole R²                    N/A  0.998462
    dipole MSE [tgt²]        0.000379  0.000365
    charge loss [e²]         0.001952  0.000019
    charge RMSE [e]          0.044178  0.004414
    LR scale:  1.000000, effective LR:  0.000400
epoch: 275                    train:   valid:
    weighted total loss      0.226023  0.204640
    energy MSE [eV²]         0.061119  0.060578
    force MSE [(eV/Å)²]      0.164456  0.143597
    energy mae [kcal/mol]          6.144415  6.582201
    energy R²                    N/A  0.911227
    forces mae [kcal/mol/Å]        8.437760  7.901805
    forces R²                    N/A  0.958553
    dipole mae [tgt units]   0.021119  0.022925
    dipole R²                    N/A  0.998123
    dipole MSE [tgt²]        0.000374  0.000444
    charge loss [e²]         0.000074  0.000021
    charge RMSE [e]          0.008618  0.004611
    LR scale:  1.000000, effective LR:  0.000400
epoch: 276                    train:   valid:
    weighted total loss      0.227437  0.187025
    energy MSE [eV²]         0.060879  0.043240
    force MSE [(eV/Å)²]      0.164127  0.143362
    energy mae [kcal/mol]          6.254032  4.998228
    energy R²                    N/A  0.935061
    forces mae [kcal/mol/Å]        8.427208  7.906531
    forces R²                    N/A  0.958621
    dipole mae [tgt units]   0.021698  0.021681
    dipole R²                    N/A  0.998242
    dipole MSE [tgt²]        0.000404  0.000411
    charge loss [e²]         0.002027  0.000011
    charge RMSE [e]          0.045026  0.003277
    LR scale:  1.000000, effective LR:  0.000400
epoch: 277                    train:   valid:
    weighted total loss      0.221828  0.193156
    energy MSE [eV²]         0.057670  0.048152
    force MSE [(eV/Å)²]      0.163753  0.144576
    energy mae [kcal/mol]          6.011423  5.523447
    energy R²                    N/A  0.928257
    forces mae [kcal/mol/Å]        8.417649  7.928340
    forces R²                    N/A  0.958292
    dipole mae [tgt units]   0.021208  0.021474
    dipole R²                    N/A  0.998278
    dipole MSE [tgt²]        0.000379  0.000405
    charge loss [e²]         0.000026  0.000023
    charge RMSE [e]          0.005134  0.004776
    LR scale:  1.000000, effective LR:  0.000400
epoch: 278                    train:   valid:
    weighted total loss      0.216734  0.178592
    energy MSE [eV²]         0.052467  0.036254
    force MSE [(eV/Å)²]      0.163148  0.141921
    energy mae [kcal/mol]          5.595693  4.409405
    energy R²                    N/A  0.946511
    forces mae [kcal/mol/Å]        8.392442  7.862751
    forces R²                    N/A  0.959028
    dipole mae [tgt units]   0.021273  0.021538
    dipole R²                    N/A  0.998291
    dipole MSE [tgt²]        0.000382  0.000406
    charge loss [e²]         0.000737  0.000011
    charge RMSE [e]          0.027141  0.003367
    LR scale:  1.000000, effective LR:  0.000400
    ✓ Best valid checkpoint: params-best-519bc841-31c3-452c-a2ff-bab82432437e.json (weighted loss=0.178592, epoch 278)
epoch: 279                    train:   valid:
    weighted total loss      0.220306  0.181055
    energy MSE [eV²]         0.055999  0.037578
    force MSE [(eV/Å)²]      0.163001  0.142135
    energy mae [kcal/mol]          5.841569  4.267698
    energy R²                    N/A  0.944302
    forces mae [kcal/mol/Å]        8.385337  7.890631
    forces R²                    N/A  0.958953
    dipole mae [tgt units]   0.020830  0.025788
    dipole R²                    N/A  0.997228
    dipole MSE [tgt²]        0.000370  0.000664
    charge loss [e²]         0.000935  0.000678
    charge RMSE [e]          0.030580  0.026045
    LR scale:  1.000000, effective LR:  0.000400
epoch: 280                    train:   valid:
    weighted total loss      0.221761  0.179570
    energy MSE [eV²]         0.056917  0.037259
    force MSE [(eV/Å)²]      0.162550  0.141895
    energy mae [kcal/mol]          5.948095  4.356592
    energy R²                    N/A  0.944216
    forces mae [kcal/mol/Å]        8.371714  7.849627
    forces R²                    N/A  0.959050
    dipole mae [tgt units]   0.021971  0.021615
    dipole R²                    N/A  0.998316
    dipole MSE [tgt²]        0.000411  0.000402
    charge loss [e²]         0.001883  0.000015
    charge RMSE [e]          0.043391  0.003829
    LR scale:  1.000000, effective LR:  0.000400
epoch: 281                    train:   valid:
    weighted total loss      0.225941  0.176428
    energy MSE [eV²]         0.061295  0.035524
    force MSE [(eV/Å)²]      0.162070  0.140386
    energy mae [kcal/mol]          6.248360  4.178214
    energy R²                    N/A  0.946868
    forces mae [kcal/mol/Å]        8.366549  7.820012
    forces R²                    N/A  0.959462
    dipole mae [tgt units]   0.021237  0.023534
    dipole R²                    N/A  0.997927
    dipole MSE [tgt²]        0.000379  0.000496
    charge loss [e²]         0.002197  0.000022
    charge RMSE [e]          0.046871  0.004722
    LR scale:  1.000000, effective LR:  0.000400
    ✓ Best valid checkpoint: params-best-519bc841-31c3-452c-a2ff-bab82432437e.json (weighted loss=0.176428, epoch 281)
epoch: 282                    train:   valid:
    weighted total loss      0.225822  0.181787
    energy MSE [eV²]         0.063448  0.039910
    force MSE [(eV/Å)²]      0.161951  0.141487
    energy mae [kcal/mol]          6.294929  4.759751
    energy R²                    N/A  0.940655
    forces mae [kcal/mol/Å]        8.349915  7.821064
    forces R²                    N/A  0.959168
    dipole mae [tgt units]   0.021514  0.020804
    dipole R²                    N/A  0.998381
    dipole MSE [tgt²]        0.000391  0.000383
    charge loss [e²]         0.000032  0.000007
    charge RMSE [e]          0.005645  0.002624
    LR scale:  1.000000, effective LR:  0.000400
epoch: 283                    train:   valid:
    weighted total loss      0.223611  0.179875
    energy MSE [eV²]         0.059613  0.038622
    force MSE [(eV/Å)²]      0.161595  0.140826
    energy mae [kcal/mol]          6.153239  4.566780
    energy R²                    N/A  0.941931
    forces mae [kcal/mol/Å]        8.336966  7.826275
    forces R²                    N/A  0.959341
    dipole mae [tgt units]   0.020999  0.021852
    dipole R²                    N/A  0.998255
    dipole MSE [tgt²]        0.000371  0.000419
    charge loss [e²]         0.002032  0.000006
    charge RMSE [e]          0.045073  0.002535
    LR scale:  1.000000, effective LR:  0.000400
epoch: 284                    train:   valid:
    weighted total loss      0.228026  0.181084
    energy MSE [eV²]         0.064017  0.038835
    force MSE [(eV/Å)²]      0.161307  0.141810
    energy mae [kcal/mol]          6.310333  4.451445
    energy R²                    N/A  0.942772
    forces mae [kcal/mol/Å]        8.330441  7.857945
    forces R²                    N/A  0.959076
    dipole mae [tgt units]   0.020700  0.021844
    dipole R²                    N/A  0.998222
    dipole MSE [tgt²]        0.000366  0.000418
    charge loss [e²]         0.002336  0.000021
    charge RMSE [e]          0.048328  0.004572
    LR scale:  1.000000, effective LR:  0.000400
epoch: 285                    train:   valid:
    weighted total loss      0.217807  0.175280
    energy MSE [eV²]         0.056029  0.035087
    force MSE [(eV/Å)²]      0.161386  0.139806
    energy mae [kcal/mol]          5.936707  4.184665
    energy R²                    N/A  0.948739
    forces mae [kcal/mol/Å]        8.328327  7.770316
    forces R²                    N/A  0.959648
    dipole mae [tgt units]   0.020815  0.020903
    dipole R²                    N/A  0.998406
    dipole MSE [tgt²]        0.000367  0.000379
    charge loss [e²]         0.000026  0.000009
    charge RMSE [e]          0.005067  0.002956
    LR scale:  1.000000, effective LR:  0.000400
    ✓ Best valid checkpoint: params-best-519bc841-31c3-452c-a2ff-bab82432437e.json (weighted loss=0.175280, epoch 285)
epoch: 286                    train:   valid:
    weighted total loss      0.217536  0.179130
    energy MSE [eV²]         0.054163  0.038919
    force MSE [(eV/Å)²]      0.161565  0.139813
    energy mae [kcal/mol]          5.818500  4.262026
    energy R²                    N/A  0.942814
    forces mae [kcal/mol/Å]        8.311238  7.769896
    forces R²                    N/A  0.959642
    dipole mae [tgt units]   0.020759  0.020746
    dipole R²                    N/A  0.998365
    dipole MSE [tgt²]        0.000365  0.000386
    charge loss [e²]         0.001444  0.000012
    charge RMSE [e]          0.038000  0.003451
    LR scale:  1.000000, effective LR:  0.000400
epoch: 287                    train:   valid:
    weighted total loss      0.216822  0.190252
    energy MSE [eV²]         0.055017  0.048926
    force MSE [(eV/Å)²]      0.160700  0.140881
    energy mae [kcal/mol]          5.831575  5.438347
    energy R²                    N/A  0.927440
    forces mae [kcal/mol/Å]        8.308996  7.802709
    forces R²                    N/A  0.959356
    dipole mae [tgt units]   0.020921  0.022958
    dipole R²                    N/A  0.998162
    dipole MSE [tgt²]        0.000368  0.000431
    charge loss [e²]         0.000736  0.000014
    charge RMSE [e]          0.027135  0.003786
    LR scale:  1.000000, effective LR:  0.000400
epoch: 288                    train:   valid:
    weighted total loss      0.215354  0.177463
    energy MSE [eV²]         0.053702  0.035964
    force MSE [(eV/Å)²]      0.160839  0.140999
    energy mae [kcal/mol]          5.719131  4.385092
    energy R²                    N/A  0.947084
    forces mae [kcal/mol/Å]        8.296969  7.772125
    forces R²                    N/A  0.959328
    dipole mae [tgt units]   0.020733  0.020500
    dipole R²                    N/A  0.998455
    dipole MSE [tgt²]        0.000364  0.000366
    charge loss [e²]         0.000450  0.000134
    charge RMSE [e]          0.021216  0.011593
    LR scale:  1.000000, effective LR:  0.000400
epoch: 289                    train:   valid:
    weighted total loss      0.220223  0.181263
    energy MSE [eV²]         0.057180  0.041094
    force MSE [(eV/Å)²]      0.160491  0.139741
    energy mae [kcal/mol]          5.978599  4.357065
    energy R²                    N/A  0.938111
    forces mae [kcal/mol/Å]        8.284709  7.760324
    forces R²                    N/A  0.959661
    dipole mae [tgt units]   0.020714  0.021899
    dipole R²                    N/A  0.998206
    dipole MSE [tgt²]        0.000362  0.000421
    charge loss [e²]         0.002190  0.000006
    charge RMSE [e]          0.046797  0.002538
    LR scale:  1.000000, effective LR:  0.000400
epoch: 290                    train:   valid:
    weighted total loss      0.228066  0.179219
    energy MSE [eV²]         0.064917  0.038869
    force MSE [(eV/Å)²]      0.160198  0.139961
    energy mae [kcal/mol]          6.333204  4.475321
    energy R²                    N/A  0.942901
    forces mae [kcal/mol/Å]        8.279593  7.782524
    forces R²                    N/A  0.959591
    dipole mae [tgt units]   0.020582  0.020928
    dipole R²                    N/A  0.998425
    dipole MSE [tgt²]        0.000357  0.000378
    charge loss [e²]         0.002595  0.000011
    charge RMSE [e]          0.050937  0.003375
    LR scale:  1.000000, effective LR:  0.000400
epoch: 291                    train:   valid:
    weighted total loss      0.212466  0.175144
    energy MSE [eV²]         0.052153  0.035320
    force MSE [(eV/Å)²]      0.159902  0.139447
    energy mae [kcal/mol]          5.661564  4.066531
    energy R²                    N/A  0.947538
    forces mae [kcal/mol/Å]        8.261875  7.726112
    forces R²                    N/A  0.959764
    dipole mae [tgt units]   0.020732  0.020644
    dipole R²                    N/A  0.998440
    dipole MSE [tgt²]        0.000364  0.000371
    charge loss [e²]         0.000046  0.000007
    charge RMSE [e]          0.006799  0.002550
    LR scale:  1.000000, effective LR:  0.000400
    ✓ Best valid checkpoint: params-best-519bc841-31c3-452c-a2ff-bab82432437e.json (weighted loss=0.175144, epoch 291)
epoch: 292                    train:   valid:
    weighted total loss      0.218653  0.176183
    energy MSE [eV²]         0.057595  0.037166
    force MSE [(eV/Å)²]      0.159135  0.138629
    energy mae [kcal/mol]          5.927423  4.246595
    energy R²                    N/A  0.945183
    forces mae [kcal/mol/Å]        8.245523  7.722003
    forces R²                    N/A  0.959982
    dipole mae [tgt units]   0.020099  0.020483
    dipole R²                    N/A  0.998493
    dipole MSE [tgt²]        0.000342  0.000356
    charge loss [e²]         0.001581  0.000032
    charge RMSE [e]          0.039760  0.005633
    LR scale:  1.000000, effective LR:  0.000400
epoch: 293                    train:   valid:
    weighted total loss      0.208581  0.190613
    energy MSE [eV²]         0.048996  0.051675
    force MSE [(eV/Å)²]      0.159120  0.138513
    energy mae [kcal/mol]          5.419351  5.518846
    energy R²                    N/A  0.924653
    forces mae [kcal/mol/Å]        8.231942  7.719851
    forces R²                    N/A  0.960029
    dipole mae [tgt units]   0.020450  0.021721
    dipole R²                    N/A  0.998243
    dipole MSE [tgt²]        0.000352  0.000418
    charge loss [e²]         0.000113  0.000007
    charge RMSE [e]          0.010627  0.002620
    LR scale:  1.000000, effective LR:  0.000400
epoch: 294                    train:   valid:
    weighted total loss      0.219184  0.175840
    energy MSE [eV²]         0.058546  0.033358
    force MSE [(eV/Å)²]      0.158765  0.139224
    energy mae [kcal/mol]          5.973859  4.076498
    energy R²                    N/A  0.950845
    forces mae [kcal/mol/Å]        8.225447  7.728315
    forces R²                    N/A  0.959820
    dipole mae [tgt units]   0.021307  0.020689
    dipole R²                    N/A  0.998410
    dipole MSE [tgt²]        0.000389  0.000378
    charge loss [e²]         0.001485  0.002879
    charge RMSE [e]          0.038534  0.053653
    LR scale:  1.000000, effective LR:  0.000400
epoch: 295                    train:   valid:
    weighted total loss      0.213653  0.187912
    energy MSE [eV²]         0.054103  0.048840
    force MSE [(eV/Å)²]      0.158394  0.138652
    energy mae [kcal/mol]          5.711285  5.479143
    energy R²                    N/A  0.926836
    forces mae [kcal/mol/Å]        8.210059  7.712865
    forces R²                    N/A  0.959991
    dipole mae [tgt units]   0.020560  0.021512
    dipole R²                    N/A  0.998290
    dipole MSE [tgt²]        0.000360  0.000406
    charge loss [e²]         0.000796  0.000014
    charge RMSE [e]          0.028218  0.003794
    LR scale:  1.000000, effective LR:  0.000400
epoch: 296                    train:   valid:
    weighted total loss      0.227160  0.239919
    energy MSE [eV²]         0.064894  0.100567
    force MSE [(eV/Å)²]      0.159087  0.138887
    energy mae [kcal/mol]          6.220975  8.896604
    energy R²                    N/A  0.849196
    forces mae [kcal/mol/Å]        8.223407  7.706050
    forces R²                    N/A  0.959939
    dipole mae [tgt units]   0.021085  0.022855
    dipole R²                    N/A  0.998105
    dipole MSE [tgt²]        0.000377  0.000449
    charge loss [e²]         0.002803  0.000016
    charge RMSE [e]          0.052939  0.003970
    LR scale:  1.000000, effective LR:  0.000400
epoch: 297                    train:   valid:
    weighted total loss      0.209708  0.198318
    energy MSE [eV²]         0.051156  0.059688
    force MSE [(eV/Å)²]      0.158199  0.138228
    energy mae [kcal/mol]          5.597169  5.914006
    energy R²                    N/A  0.911268
    forces mae [kcal/mol/Å]        8.198032  7.662373
    forces R²                    N/A  0.960122
    dipole mae [tgt units]   0.019980  0.020931
    dipole R²                    N/A  0.998403
    dipole MSE [tgt²]        0.000336  0.000380
    charge loss [e²]         0.000016  0.000023
    charge RMSE [e]          0.004043  0.004779
    LR scale:  1.000000, effective LR:  0.000400
epoch: 298                    train:   valid:
    weighted total loss      0.218096  0.172325
    energy MSE [eV²]         0.058091  0.033240
    force MSE [(eV/Å)²]      0.158453  0.138665
    energy mae [kcal/mol]          5.999125  3.973441
    energy R²                    N/A  0.950843
    forces mae [kcal/mol/Å]        8.191169  7.671596
    forces R²                    N/A  0.960005
    dipole mae [tgt units]   0.020715  0.021123
    dipole R²                    N/A  0.998308
    dipole MSE [tgt²]        0.000364  0.000399
    charge loss [e²]         0.001189  0.000021
    charge RMSE [e]          0.034479  0.004586
    LR scale:  1.000000, effective LR:  0.000400
    ✓ Best valid checkpoint: params-best-519bc841-31c3-452c-a2ff-bab82432437e.json (weighted loss=0.172325, epoch 298)
epoch: 299                    train:   valid:
    weighted total loss      0.210433  0.175075
    energy MSE [eV²]         0.051558  0.037179
    force MSE [(eV/Å)²]      0.158486  0.137544
    energy mae [kcal/mol]          5.645221  4.180331
    energy R²                    N/A  0.944370
    forces mae [kcal/mol/Å]        8.192780  7.709170
    forces R²                    N/A  0.960263
    dipole mae [tgt units]   0.020280  0.020068
    dipole R²                    N/A  0.998539
    dipole MSE [tgt²]        0.000350  0.000346
    charge loss [e²]         0.000039  0.000006
    charge RMSE [e]          0.006255  0.002545
    LR scale:  1.000000, effective LR:  0.000400
epoch: 300                    train:   valid:
    weighted total loss      0.213179  0.176338
    energy MSE [eV²]         0.052755  0.039898
    force MSE [(eV/Å)²]      0.157934  0.136037
    energy mae [kcal/mol]          5.664972  4.613431
    energy R²                    N/A  0.939996
    forces mae [kcal/mol/Å]        8.181324  7.632990
    forces R²                    N/A  0.960709
    dipole mae [tgt units]   0.020221  0.021191
    dipole R²                    N/A  0.998340
    dipole MSE [tgt²]        0.000345  0.000394
    charge loss [e²]         0.002145  0.000009
    charge RMSE [e]          0.046317  0.002960
    LR scale:  1.000000, effective LR:  0.000400
epoch: 301                    train:   valid:
    weighted total loss      0.206904  0.172178
    energy MSE [eV²]         0.049528  0.034415
    force MSE [(eV/Å)²]      0.156855  0.136922
    energy mae [kcal/mol]          5.465710  4.288579
    energy R²                    N/A  0.949183
    forces mae [kcal/mol/Å]        8.151478  7.633850
    forces R²                    N/A  0.960491
    dipole mae [tgt units]   0.020264  0.021038
    dipole R²                    N/A  0.998386
    dipole MSE [tgt²]        0.000348  0.000386
    charge loss [e²]         0.000172  0.000455
    charge RMSE [e]          0.013117  0.021320
    LR scale:  1.000000, effective LR:  0.000400
    ✓ Best valid checkpoint: params-best-519bc841-31c3-452c-a2ff-bab82432437e.json (weighted loss=0.172178, epoch 301)
epoch: 302                    train:   valid:
    weighted total loss      0.211086  0.169224
    energy MSE [eV²]         0.052851  0.032112
    force MSE [(eV/Å)²]      0.156139  0.136670
    energy mae [kcal/mol]          5.735281  3.920299
    energy R²                    N/A  0.951921
    forces mae [kcal/mol/Å]        8.142329  7.621367
    forces R²                    N/A  0.960565
    dipole mae [tgt units]   0.019776  0.022145
    dipole R²                    N/A  0.998215
    dipole MSE [tgt²]        0.000327  0.000422
    charge loss [e²]         0.001768  0.000020
    charge RMSE [e]          0.042052  0.004494
    LR scale:  1.000000, effective LR:  0.000400
    ✓ Best valid checkpoint: params-best-519bc841-31c3-452c-a2ff-bab82432437e.json (weighted loss=0.169224, epoch 302)
epoch: 303                    train:   valid:
    weighted total loss      0.210698  0.173243
    energy MSE [eV²]         0.053082  0.036752
    force MSE [(eV/Å)²]      0.156540  0.136095
    energy mae [kcal/mol]          5.726536  4.496906
    energy R²                    N/A  0.945079
    forces mae [kcal/mol/Å]        8.136574  7.607885
    forces R²                    N/A  0.960723
    dipole mae [tgt units]   0.019866  0.020781
    dipole R²                    N/A  0.998365
    dipole MSE [tgt²]        0.000333  0.000390
    charge loss [e²]         0.000743  0.000007
    charge RMSE [e]          0.027263  0.002567
    LR scale:  1.000000, effective LR:  0.000400
epoch: 304                    train:   valid:
    weighted total loss      0.209237  0.172385
    energy MSE [eV²]         0.050371  0.035489
    force MSE [(eV/Å)²]      0.156258  0.136405
    energy mae [kcal/mol]          5.602619  4.155340
    energy R²                    N/A  0.946620
    forces mae [kcal/mol/Å]        8.126937  7.656799
    forces R²                    N/A  0.960586
    dipole mae [tgt units]   0.020217  0.020261
    dipole R²                    N/A  0.998500
    dipole MSE [tgt²]        0.000347  0.000353
    charge loss [e²]         0.002260  0.000138
    charge RMSE [e]          0.047538  0.011762
    LR scale:  1.000000, effective LR:  0.000400
epoch: 305                    train:   valid:
    weighted total loss      0.221093  0.192964
    energy MSE [eV²]         0.063094  0.052815
    force MSE [(eV/Å)²]      0.156420  0.139548
    energy mae [kcal/mol]          6.316019  5.497027
    energy R²                    N/A  0.923589
    forces mae [kcal/mol/Å]        8.133177  7.713263
    forces R²                    N/A  0.959764
    dipole mae [tgt units]   0.019966  0.024976
    dipole R²                    N/A  0.997644
    dipole MSE [tgt²]        0.000341  0.000568
    charge loss [e²]         0.001239  0.000034
    charge RMSE [e]          0.035200  0.005801
    LR scale:  1.000000, effective LR:  0.000400
epoch: 306                    train:   valid:
    weighted total loss      0.215174  0.175671
    energy MSE [eV²]         0.057326  0.039062
    force MSE [(eV/Å)²]      0.156358  0.136160
    energy mae [kcal/mol]          5.970214  4.176940
    energy R²                    N/A  0.941754
    forces mae [kcal/mol/Å]        8.130259  7.593894
    forces R²                    N/A  0.960711
    dipole mae [tgt units]   0.020571  0.022166
    dipole R²                    N/A  0.998162
    dipole MSE [tgt²]        0.000362  0.000435
    charge loss [e²]         0.001128  0.000014
    charge RMSE [e]          0.033582  0.003773
    LR scale:  1.000000, effective LR:  0.000400
epoch: 307                    train:   valid:
    weighted total loss      0.214522  0.175443
    energy MSE [eV²]         0.056944  0.037109
    force MSE [(eV/Å)²]      0.155872  0.137694
    energy mae [kcal/mol]          6.013662  4.449347
    energy R²                    N/A  0.944931
    forces mae [kcal/mol/Å]        8.100735  7.642224
    forces R²                    N/A  0.960288
    dipole mae [tgt units]   0.019874  0.019925
    dipole R²                    N/A  0.998557
    dipole MSE [tgt²]        0.000336  0.000343
    charge loss [e²]         0.001371  0.000298
    charge RMSE [e]          0.037030  0.017257
    LR scale:  1.000000, effective LR:  0.000400
epoch: 308                    train:   valid:
    weighted total loss      0.205685  0.198527
    energy MSE [eV²]         0.049301  0.060356
    force MSE [(eV/Å)²]      0.155895  0.136628
    energy mae [kcal/mol]          5.449998  6.623452
    energy R²                    N/A  0.910303
    forces mae [kcal/mol/Å]        8.102225  7.610563
    forces R²                    N/A  0.960582
    dipole mae [tgt units]   0.019954  0.019541
    dipole R²                    N/A  0.998606
    dipole MSE [tgt²]        0.000337  0.000333
    charge loss [e²]         0.000153  0.001210
    charge RMSE [e]          0.012369  0.034790
    LR scale:  1.000000, effective LR:  0.000400
epoch: 309                    train:   valid:
    weighted total loss      0.213261  0.170016
    energy MSE [eV²]         0.055230  0.035510
    force MSE [(eV/Å)²]      0.155952  0.134121
    energy mae [kcal/mol]          5.789370  4.201756
    energy R²                    N/A  0.947222
    forces mae [kcal/mol/Å]        8.089799  7.544962
    forces R²                    N/A  0.961283
    dipole mae [tgt units]   0.019690  0.020108
    dipole R²                    N/A  0.998497
    dipole MSE [tgt²]        0.000327  0.000356
    charge loss [e²]         0.001752  0.000029
    charge RMSE [e]          0.041856  0.005424
    LR scale:  1.000000, effective LR:  0.000400
epoch: 310                    train:   valid:
    weighted total loss      0.199916  0.169134
    energy MSE [eV²]         0.044093  0.033947
    force MSE [(eV/Å)²]      0.154961  0.134796
    energy mae [kcal/mol]          5.153995  4.106710
    energy R²                    N/A  0.950333
    forces mae [kcal/mol/Å]        8.074136  7.566925
    forces R²                    N/A  0.961096
    dipole mae [tgt units]   0.019461  0.021092
    dipole R²                    N/A  0.998387
    dipole MSE [tgt²]        0.000318  0.000384
    charge loss [e²]         0.000543  0.000006
    charge RMSE [e]          0.023297  0.002437
    LR scale:  1.000000, effective LR:  0.000400
    ✓ Best valid checkpoint: params-best-519bc841-31c3-452c-a2ff-bab82432437e.json (weighted loss=0.169134, epoch 310)
epoch: 311                    train:   valid:
    weighted total loss      0.213962  0.172517
    energy MSE [eV²]         0.057423  0.033402
    force MSE [(eV/Å)²]      0.154117  0.138751
    energy mae [kcal/mol]          5.976780  3.993364
    energy R²                    N/A  0.950411
    forces mae [kcal/mol/Å]        8.067105  7.727577
    forces R²                    N/A  0.959989
    dipole mae [tgt units]   0.019647  0.020161
    dipole R²                    N/A  0.998490
    dipole MSE [tgt²]        0.000323  0.000359
    charge loss [e²]         0.002099  0.000006
    charge RMSE [e]          0.045810  0.002446
    LR scale:  1.000000, effective LR:  0.000400
epoch: 312                    train:   valid:
    weighted total loss      0.211125  0.176292
    energy MSE [eV²]         0.055062  0.040531
    force MSE [(eV/Å)²]      0.155081  0.135305
    energy mae [kcal/mol]          5.895659  4.658237
    energy R²                    N/A  0.940064
    forces mae [kcal/mol/Å]        8.069977  7.573023
    forces R²                    N/A  0.960939
    dipole mae [tgt units]   0.020297  0.019298
    dipole R²                    N/A  0.998620
    dipole MSE [tgt²]        0.000350  0.000326
    charge loss [e²]         0.000633  0.000130
    charge RMSE [e]          0.025163  0.011408
    LR scale:  1.000000, effective LR:  0.000400
epoch: 313                    train:   valid:
    weighted total loss      0.208226  0.192112
    energy MSE [eV²]         0.051951  0.038015
    force MSE [(eV/Å)²]      0.154565  0.135112
    energy mae [kcal/mol]          5.611939  4.480329
    energy R²                    N/A  0.943106
    forces mae [kcal/mol/Å]        8.056417  7.601860
    forces R²                    N/A  0.960970
    dipole mae [tgt units]   0.019513  0.019453
    dipole R²                    N/A  0.998587
    dipole MSE [tgt²]        0.000321  0.000332
    charge loss [e²]         0.001389  0.018653
    charge RMSE [e]          0.037273  0.136577
    LR scale:  1.000000, effective LR:  0.000400
epoch: 314                    train:   valid:
    weighted total loss      0.210075  0.169643
    energy MSE [eV²]         0.053223  0.034603
    force MSE [(eV/Å)²]      0.154317  0.134666
    energy mae [kcal/mol]          5.660069  4.105213
    energy R²                    N/A  0.947304
    forces mae [kcal/mol/Å]        8.034885  7.643966
    forces R²                    N/A  0.961065
    dipole mae [tgt units]   0.019672  0.020552
    dipole R²                    N/A  0.998430
    dipole MSE [tgt²]        0.000328  0.000367
    charge loss [e²]         0.002208  0.000006
    charge RMSE [e]          0.046986  0.002425
    LR scale:  1.000000, effective LR:  0.000400
epoch: 315                    train:   valid:
    weighted total loss      0.211034  0.168748
    energy MSE [eV²]         0.056550  0.033460
    force MSE [(eV/Å)²]      0.154028  0.134950
    energy mae [kcal/mol]          5.932571  4.069035
    energy R²                    N/A  0.950474
    forces mae [kcal/mol/Å]        8.033386  7.522194
    forces R²                    N/A  0.961082
    dipole mae [tgt units]   0.019796  0.019452
    dipole R²                    N/A  0.998610
    dipole MSE [tgt²]        0.000330  0.000331
    charge loss [e²]         0.000127  0.000006
    charge RMSE [e]          0.011277  0.002541
    LR scale:  1.000000, effective LR:  0.000400
    ✓ Best valid checkpoint: params-best-519bc841-31c3-452c-a2ff-bab82432437e.json (weighted loss=0.168748, epoch 315)
epoch: 316                    train:   valid:
    weighted total loss      0.206499  0.169301
    energy MSE [eV²]         0.050698  0.035543
    force MSE [(eV/Å)²]      0.154371  0.133400
    energy mae [kcal/mol]          5.527320  4.132169
    energy R²                    N/A  0.946799
    forces mae [kcal/mol/Å]        8.033542  7.503907
    forces R²                    N/A  0.961489
    dipole mae [tgt units]   0.019597  0.020185
    dipole R²                    N/A  0.998514
    dipole MSE [tgt²]        0.000324  0.000352
    charge loss [e²]         0.001107  0.000006
    charge RMSE [e]          0.033265  0.002480
    LR scale:  1.000000, effective LR:  0.000400
epoch: 317                    train:   valid:
    weighted total loss      0.206764  0.170164
    energy MSE [eV²]         0.051862  0.036594
    force MSE [(eV/Å)²]      0.154096  0.133083
    energy mae [kcal/mol]          5.557882  4.443846
    energy R²                    N/A  0.945117
    forces mae [kcal/mol/Å]        8.027405  7.507896
    forces R²                    N/A  0.961589
    dipole mae [tgt units]   0.020389  0.019861
    dipole R²                    N/A  0.998571
    dipole MSE [tgt²]        0.000352  0.000342
    charge loss [e²]         0.000454  0.000145
    charge RMSE [e]          0.021306  0.012049
    LR scale:  1.000000, effective LR:  0.000400
epoch: 318                    train:   valid:
    weighted total loss      0.201213  0.175828
    energy MSE [eV²]         0.047223  0.042487
    force MSE [(eV/Å)²]      0.153019  0.132899
    energy mae [kcal/mol]          5.377397  4.893234
    energy R²                    N/A  0.936578
    forces mae [kcal/mol/Å]        8.009852  7.488623
    forces R²                    N/A  0.961629
    dipole mae [tgt units]   0.019431  0.022377
    dipole R²                    N/A  0.998176
    dipole MSE [tgt²]        0.000319  0.000436
    charge loss [e²]         0.000652  0.000006
    charge RMSE [e]          0.025539  0.002445
    LR scale:  1.000000, effective LR:  0.000400
epoch: 319                    train:   valid:
    weighted total loss      0.208461  0.171693
    energy MSE [eV²]         0.052615  0.038438
    force MSE [(eV/Å)²]      0.153613  0.132906
    energy mae [kcal/mol]          5.720519  4.262205
    energy R²                    N/A  0.942397
    forces mae [kcal/mol/Å]        8.002728  7.459961
    forces R²                    N/A  0.961646
    dipole mae [tgt units]   0.020093  0.019511
    dipole R²                    N/A  0.998568
    dipole MSE [tgt²]        0.000346  0.000339
    charge loss [e²]         0.001886  0.000009
    charge RMSE [e]          0.043432  0.003071
    LR scale:  1.000000, effective LR:  0.000400
epoch: 320                    train:   valid:
    weighted total loss      0.211979  0.166224
    energy MSE [eV²]         0.056814  0.034231
    force MSE [(eV/Å)²]      0.152924  0.131618
    energy mae [kcal/mol]          6.007835  4.127353
    energy R²                    N/A  0.948699
    forces mae [kcal/mol/Å]        7.990561  7.444982
    forces R²                    N/A  0.961992
    dipole mae [tgt units]   0.019449  0.019901
    dipole R²                    N/A  0.998538
    dipole MSE [tgt²]        0.000316  0.000345
    charge loss [e²]         0.001926  0.000031
    charge RMSE [e]          0.043884  0.005549
    LR scale:  1.000000, effective LR:  0.000400
    ✓ Best valid checkpoint: params-best-519bc841-31c3-452c-a2ff-bab82432437e.json (weighted loss=0.166224, epoch 320)
epoch: 321                    train:   valid:
    weighted total loss      0.202898  0.166987
    energy MSE [eV²]         0.050069  0.034352
    force MSE [(eV/Å)²]      0.152477  0.132238
    energy mae [kcal/mol]          5.556511  3.915680
    energy R²                    N/A  0.948869
    forces mae [kcal/mol/Å]        7.984463  7.450942
    forces R²                    N/A  0.961809
    dipole mae [tgt units]   0.019127  0.020582
    dipole R²                    N/A  0.998374
    dipole MSE [tgt²]        0.000306  0.000390
    charge loss [e²]         0.000046  0.000006
    charge RMSE [e]          0.006766  0.002429
    LR scale:  1.000000, effective LR:  0.000400
epoch: 322                    train:   valid:
    weighted total loss      0.210415  0.187697
    energy MSE [eV²]         0.055339  0.055174
    force MSE [(eV/Å)²]      0.153142  0.132166
    energy mae [kcal/mol]          5.680545  5.475033
    energy R²                    N/A  0.917359
    forces mae [kcal/mol/Å]        7.988054  7.441189
    forces R²                    N/A  0.961835
    dipole mae [tgt units]   0.019472  0.020454
    dipole R²                    N/A  0.998511
    dipole MSE [tgt²]        0.000323  0.000351
    charge loss [e²]         0.001611  0.000006
    charge RMSE [e]          0.040139  0.002527
    LR scale:  1.000000, effective LR:  0.000400
epoch: 323                    train:   valid:
    weighted total loss      0.208714  0.181574
    energy MSE [eV²]         0.054137  0.049108
    force MSE [(eV/Å)²]      0.153046  0.132019
    energy mae [kcal/mol]          5.716851  5.730622
    energy R²                    N/A  0.926812
    forces mae [kcal/mol/Å]        7.976465  7.436396
    forces R²                    N/A  0.961892
    dipole mae [tgt units]   0.020045  0.020533
    dipole R²                    N/A  0.998481
    dipole MSE [tgt²]        0.000342  0.000358
    charge loss [e²]         0.001190  0.000089
    charge RMSE [e]          0.034491  0.009415
    LR scale:  1.000000, effective LR:  0.000400
epoch: 324                    train:   valid:
    weighted total loss      0.217480  0.167773
    energy MSE [eV²]         0.061510  0.035506
    force MSE [(eV/Å)²]      0.152850  0.131907
    energy mae [kcal/mol]          6.068610  4.161805
    energy R²                    N/A  0.946475
    forces mae [kcal/mol/Å]        7.988051  7.444068
    forces R²                    N/A  0.961910
    dipole mae [tgt units]   0.020057  0.019846
    dipole R²                    N/A  0.998526
    dipole MSE [tgt²]        0.000344  0.000351
    charge loss [e²]         0.002776  0.000008
    charge RMSE [e]          0.052689  0.002883
    LR scale:  1.000000, effective LR:  0.000400
epoch: 325                    train:   valid:
    weighted total loss      0.207823  0.167076
    energy MSE [eV²]         0.054688  0.035822
    force MSE [(eV/Å)²]      0.152362  0.130894
    energy mae [kcal/mol]          5.817609  4.110939
    energy R²                    N/A  0.945934
    forces mae [kcal/mol/Å]        7.956663  7.415365
    forces R²                    N/A  0.962199
    dipole mae [tgt units]   0.019046  0.020334
    dipole R²                    N/A  0.998487
    dipole MSE [tgt²]        0.000307  0.000355
    charge loss [e²]         0.000465  0.000005
    charge RMSE [e]          0.021565  0.002255
    LR scale:  1.000000, effective LR:  0.000400
epoch: 326                    train:   valid:
    weighted total loss      0.207477  0.171368
    energy MSE [eV²]         0.053330  0.037595
    force MSE [(eV/Å)²]      0.152172  0.133347
    energy mae [kcal/mol]          5.771978  4.222379
    energy R²                    N/A  0.943274
    forces mae [kcal/mol/Å]        7.960355  7.491709
    forces R²                    N/A  0.961536
    dipole mae [tgt units]   0.019188  0.021378
    dipole R²                    N/A  0.998344
    dipole MSE [tgt²]        0.000309  0.000390
    charge loss [e²]         0.001667  0.000036
    charge RMSE [e]          0.040829  0.005994
    LR scale:  1.000000, effective LR:  0.000400
epoch: 327                    train:   valid:
    weighted total loss      0.199504  0.176999
    energy MSE [eV²]         0.047218  0.045803
    force MSE [(eV/Å)²]      0.151768  0.130852
    energy mae [kcal/mol]          5.346471  5.214587
    energy R²                    N/A  0.932226
    forces mae [kcal/mol/Å]        7.946977  7.406267
    forces R²                    N/A  0.962209
    dipole mae [tgt units]   0.019312  0.019721
    dipole R²                    N/A  0.998588
    dipole MSE [tgt²]        0.000313  0.000337
    charge loss [e²]         0.000205  0.000008
    charge RMSE [e]          0.014312  0.002756
    LR scale:  1.000000, effective LR:  0.000400
epoch: 328                    train:   valid:
    weighted total loss      0.206488  0.170860
    energy MSE [eV²]         0.053525  0.038805
    force MSE [(eV/Å)²]      0.151700  0.131678
    energy mae [kcal/mol]          5.710798  4.589708
    energy R²                    N/A  0.942896
    forces mae [kcal/mol/Å]        7.939665  7.414495
    forces R²                    N/A  0.961994
    dipole mae [tgt units]   0.019293  0.020214
    dipole R²                    N/A  0.998500
    dipole MSE [tgt²]        0.000314  0.000358
    charge loss [e²]         0.000949  0.000019
    charge RMSE [e]          0.030811  0.004357
    LR scale:  1.000000, effective LR:  0.000400
epoch: 329                    train:   valid:
    weighted total loss      0.207256  0.177687
    energy MSE [eV²]         0.052583  0.044875
    force MSE [(eV/Å)²]      0.151040  0.132419
    energy mae [kcal/mol]          5.601676  4.532189
    energy R²                    N/A  0.934667
    forces mae [kcal/mol/Å]        7.932791  7.413815
    forces R²                    N/A  0.961796
    dipole mae [tgt units]   0.019660  0.020614
    dipole R²                    N/A  0.998452
    dipole MSE [tgt²]        0.000327  0.000369
    charge loss [e²]         0.003306  0.000024
    charge RMSE [e]          0.057498  0.004867
    LR scale:  1.000000, effective LR:  0.000400
epoch: 330                    train:   valid:
    weighted total loss      0.199716  0.162393
    energy MSE [eV²]         0.047534  0.031603
    force MSE [(eV/Å)²]      0.151862  0.130444
    energy mae [kcal/mol]          5.338081  3.971969
    energy R²                    N/A  0.952710
    forces mae [kcal/mol/Å]        7.928350  7.372413
    forces R²                    N/A  0.962357
    dipole mae [tgt units]   0.019213  0.020111
    dipole R²                    N/A  0.998553
    dipole MSE [tgt²]        0.000311  0.000341
    charge loss [e²]         0.000010  0.000005
    charge RMSE [e]          0.003148  0.002223
    LR scale:  1.000000, effective LR:  0.000400
    ✓ Best valid checkpoint: params-best-519bc841-31c3-452c-a2ff-bab82432437e.json (weighted loss=0.162393, epoch 330)
epoch: 331                    train:   valid:
    weighted total loss      0.212254  0.198786
    energy MSE [eV²]         0.059126  0.066547
    force MSE [(eV/Å)²]      0.151303  0.131220
    energy mae [kcal/mol]          6.104120  6.808265
    energy R²                    N/A  0.898951
    forces mae [kcal/mol/Å]        7.930212  7.435292
    forces R²                    N/A  0.962102
    dipole mae [tgt units]   0.019203  0.019918
    dipole R²                    N/A  0.998560
    dipole MSE [tgt²]        0.000311  0.000339
    charge loss [e²]         0.001513  0.000681
    charge RMSE [e]          0.038901  0.026094
    LR scale:  1.000000, effective LR:  0.000400
epoch: 332                    train:   valid:
    weighted total loss      0.210303  0.162850
    energy MSE [eV²]         0.057739  0.030614
    force MSE [(eV/Å)²]      0.150758  0.131884
    energy mae [kcal/mol]          5.868957  3.906919
    energy R²                    N/A  0.954837
    forces mae [kcal/mol/Å]        7.908924  7.376125
    forces R²                    N/A  0.961963
    dipole mae [tgt units]   0.019297  0.019802
    dipole R²                    N/A  0.998551
    dipole MSE [tgt²]        0.000312  0.000344
    charge loss [e²]         0.001494  0.000007
    charge RMSE [e]          0.038655  0.002720
    LR scale:  1.000000, effective LR:  0.000400
epoch: 333                    train:   valid:
    weighted total loss      0.193754  0.166277
    energy MSE [eV²]         0.043384  0.035743
    force MSE [(eV/Å)²]      0.150030  0.130166
    energy mae [kcal/mol]          5.107337  4.004463
    energy R²                    N/A  0.945538
    forces mae [kcal/mol/Å]        7.881325  7.375867
    forces R²                    N/A  0.962403
    dipole mae [tgt units]   0.018987  0.020011
    dipole R²                    N/A  0.998482
    dipole MSE [tgt²]        0.000300  0.000361
    charge loss [e²]         0.000040  0.000007
    charge RMSE [e]          0.006333  0.002669
    LR scale:  1.000000, effective LR:  0.000400
epoch: 334                    train:   valid:
    weighted total loss      0.200053  0.163831
    energy MSE [eV²]         0.048548  0.033339
    force MSE [(eV/Å)²]      0.149799  0.130166
    energy mae [kcal/mol]          5.424745  3.998915
    energy R²                    N/A  0.949944
    forces mae [kcal/mol/Å]        7.875054  7.344323
    forces R²                    N/A  0.962440
    dipole mae [tgt units]   0.019035  0.019080
    dipole R²                    N/A  0.998659
    dipole MSE [tgt²]        0.000306  0.000320
    charge loss [e²]         0.001400  0.000008
    charge RMSE [e]          0.037422  0.002758
    LR scale:  1.000000, effective LR:  0.000400
epoch: 335                    train:   valid:
    weighted total loss      0.196189  0.168437
    energy MSE [eV²]         0.045312  0.037150
    force MSE [(eV/Å)²]      0.150417  0.130950
    energy mae [kcal/mol]          5.247905  4.376548
    energy R²                    N/A  0.944490
    forces mae [kcal/mol/Å]        7.887375  7.380579
    forces R²                    N/A  0.962198
    dipole mae [tgt units]   0.018883  0.019082
    dipole R²                    N/A  0.998668
    dipole MSE [tgt²]        0.000298  0.000316
    charge loss [e²]         0.000162  0.000022
    charge RMSE [e]          0.012713  0.004696
    LR scale:  1.000000, effective LR:  0.000400
epoch: 336                    train:   valid:
    weighted total loss      0.206372  0.181577
    energy MSE [eV²]         0.053421  0.050003
    force MSE [(eV/Å)²]      0.150136  0.131039
    energy mae [kcal/mol]          5.748424  5.454487
    energy R²                    N/A  0.926239
    forces mae [kcal/mol/Å]        7.890182  7.354313
    forces R²                    N/A  0.962189
    dipole mae [tgt units]   0.019436  0.019430
    dipole R²                    N/A  0.998633
    dipole MSE [tgt²]        0.000319  0.000324
    charge loss [e²]         0.002496  0.000210
    charge RMSE [e]          0.049956  0.014506
    LR scale:  1.000000, effective LR:  0.000400
epoch: 337                    train:   valid:
    weighted total loss      0.199356  0.186217
    energy MSE [eV²]         0.048811  0.054865
    force MSE [(eV/Å)²]      0.149907  0.130720
    energy mae [kcal/mol]          5.411552  5.003327
    energy R²                    N/A  0.919951
    forces mae [kcal/mol/Å]        7.865401  7.371452
    forces R²                    N/A  0.962272
    dipole mae [tgt units]   0.018937  0.019985
    dipole R²                    N/A  0.998547
    dipole MSE [tgt²]        0.000301  0.000348
    charge loss [e²]         0.000337  0.000283
    charge RMSE [e]          0.018351  0.016834
    LR scale:  1.000000, effective LR:  0.000400
epoch: 338                    train:   valid:
    weighted total loss      0.211375  0.172974
    energy MSE [eV²]         0.057230  0.041325
    force MSE [(eV/Å)²]      0.150534  0.131207
    energy mae [kcal/mol]          6.074105  4.909601
    energy R²                    N/A  0.938381
    forces mae [kcal/mol/Å]        7.890750  7.394587
    forces R²                    N/A  0.962124
    dipole mae [tgt units]   0.019186  0.019930
    dipole R²                    N/A  0.998527
    dipole MSE [tgt²]        0.000307  0.000351
    charge loss [e²]         0.003304  0.000090
    charge RMSE [e]          0.057480  0.009496
    LR scale:  1.000000, effective LR:  0.000400
epoch: 339                    train:   valid:
    weighted total loss      0.199593  0.164816
    energy MSE [eV²]         0.049164  0.034412
    force MSE [(eV/Å)²]      0.150120  0.130076
    energy mae [kcal/mol]          5.492579  4.164286
    energy R²                    N/A  0.947670
    forces mae [kcal/mol/Å]        7.864205  7.333164
    forces R²                    N/A  0.962477
    dipole mae [tgt units]   0.018789  0.019257
    dipole R²                    N/A  0.998635
    dipole MSE [tgt²]        0.000298  0.000323
    charge loss [e²]         0.000012  0.000005
    charge RMSE [e]          0.003474  0.002243
    LR scale:  1.000000, effective LR:  0.000400
epoch: 340                    train:   valid:
    weighted total loss      0.201532  0.188210
    energy MSE [eV²]         0.051188  0.057696
    force MSE [(eV/Å)²]      0.149265  0.130144
    energy mae [kcal/mol]          5.556586  6.290714
    energy R²                    N/A  0.913719
    forces mae [kcal/mol/Å]        7.842143  7.336327
    forces R²                    N/A  0.962436
    dipole mae [tgt units]   0.018629  0.020424
    dipole R²                    N/A  0.998478
    dipole MSE [tgt²]        0.000292  0.000362
    charge loss [e²]         0.000788  0.000008
    charge RMSE [e]          0.028064  0.002847
    LR scale:  1.000000, effective LR:  0.000400
epoch: 341                    train:   valid:
    weighted total loss      0.199096  0.197294
    energy MSE [eV²]         0.048263  0.065890
    force MSE [(eV/Å)²]      0.149732  0.130615
    energy mae [kcal/mol]          5.404987  6.833397
    energy R²                    N/A  0.902680
    forces mae [kcal/mol/Å]        7.849975  7.361477
    forces R²                    N/A  0.962290
    dipole mae [tgt units]   0.018932  0.020021
    dipole R²                    N/A  0.998535
    dipole MSE [tgt²]        0.000299  0.000344
    charge loss [e²]         0.000802  0.000444
    charge RMSE [e]          0.028312  0.021082
    LR scale:  1.000000, effective LR:  0.000400
epoch: 342                    train:   valid:
    weighted total loss      0.195173  0.164885
    energy MSE [eV²]         0.045330  0.034119
    force MSE [(eV/Å)²]      0.149130  0.130120
    energy mae [kcal/mol]          5.165203  4.051369
    energy R²                    N/A  0.949338
    forces mae [kcal/mol/Å]        7.831861  7.323439
    forces R²                    N/A  0.962466
    dipole mae [tgt units]   0.018669  0.019836
    dipole R²                    N/A  0.998530
    dipole MSE [tgt²]        0.000294  0.000349
    charge loss [e²]         0.000418  0.000298
    charge RMSE [e]          0.020457  0.017252
    LR scale:  1.000000, effective LR:  0.000400
epoch: 343                    train:   valid:
    weighted total loss      0.204615  0.184323
    energy MSE [eV²]         0.053122  0.054963
    force MSE [(eV/Å)²]      0.148906  0.128960
    energy mae [kcal/mol]          5.692480  6.082808
    energy R²                    N/A  0.917547
    forces mae [kcal/mol/Å]        7.829374  7.291600
    forces R²                    N/A  0.962785
    dipole mae [tgt units]   0.018783  0.020652
    dipole R²                    N/A  0.998369
    dipole MSE [tgt²]        0.000297  0.000391
    charge loss [e²]         0.002291  0.000009
    charge RMSE [e]          0.047862  0.002995
    LR scale:  1.000000, effective LR:  0.000400
epoch: 344                    train:   valid:
    weighted total loss      0.199483  0.178320
    energy MSE [eV²]         0.049680  0.047741
    force MSE [(eV/Å)²]      0.148949  0.130150
    energy mae [kcal/mol]          5.449453  5.356987
    energy R²                    N/A  0.928637
    forces mae [kcal/mol/Å]        7.834162  7.360003
    forces R²                    N/A  0.962426
    dipole mae [tgt units]   0.018753  0.022361
    dipole R²                    N/A  0.998255
    dipole MSE [tgt²]        0.000296  0.000413
    charge loss [e²]         0.000559  0.000016
    charge RMSE [e]          0.023643  0.003945
    LR scale:  1.000000, effective LR:  0.000400
epoch: 345                    train:   valid:
    weighted total loss      0.203079  0.166989
    energy MSE [eV²]         0.051561  0.037695
    force MSE [(eV/Å)²]      0.149180  0.128683
    energy mae [kcal/mol]          5.620846  4.352868
    energy R²                    N/A  0.943613
    forces mae [kcal/mol/Å]        7.827875  7.328447
    forces R²                    N/A  0.962818
    dipole mae [tgt units]   0.018645  0.019579
    dipole R²                    N/A  0.998584
    dipole MSE [tgt²]        0.000291  0.000337
    charge loss [e²]         0.002047  0.000276
    charge RMSE [e]          0.045248  0.016609
    LR scale:  1.000000, effective LR:  0.000400
epoch: 346                    train:   valid:
    weighted total loss      0.194298  0.174541
    energy MSE [eV²]         0.045537  0.041107
    force MSE [(eV/Å)²]      0.148051  0.127612
    energy mae [kcal/mol]          5.231033  4.576031
    energy R²                    N/A  0.937491
    forces mae [kcal/mol/Å]        7.796331  7.286081
    forces R²                    N/A  0.963137
    dipole mae [tgt units]   0.018525  0.019302
    dipole R²                    N/A  0.998627
    dipole MSE [tgt²]        0.000288  0.000325
    charge loss [e²]         0.000422  0.005496
    charge RMSE [e]          0.020554  0.074138
    LR scale:  1.000000, effective LR:  0.000400
epoch: 347                    train:   valid:
    weighted total loss      0.207859  0.160813
    energy MSE [eV²]         0.056731  0.032110
    force MSE [(eV/Å)²]      0.148826  0.128370
    energy mae [kcal/mol]          5.972497  3.821407
    energy R²                    N/A  0.951843
    forces mae [kcal/mol/Å]        7.814852  7.279662
    forces R²                    N/A  0.962934
    dipole mae [tgt units]   0.019405  0.019049
    dipole R²                    N/A  0.998674
    dipole MSE [tgt²]        0.000318  0.000318
    charge loss [e²]         0.001984  0.000014
    charge RMSE [e]          0.044539  0.003805
    LR scale:  1.000000, effective LR:  0.000400
    ✓ Best valid checkpoint: params-best-519bc841-31c3-452c-a2ff-bab82432437e.json (weighted loss=0.160813, epoch 347)
epoch: 348                    train:   valid:
    weighted total loss      0.194227  0.171057
    energy MSE [eV²]         0.045875  0.042176
    force MSE [(eV/Å)²]      0.147962  0.128537
    energy mae [kcal/mol]          5.309376  4.534071
    energy R²                    N/A  0.937017
    forces mae [kcal/mol/Å]        7.793044  7.306214
    forces R²                    N/A  0.962868
    dipole mae [tgt units]   0.018641  0.019403
    dipole R²                    N/A  0.998600
    dipole MSE [tgt²]        0.000291  0.000332
    charge loss [e²]         0.000098  0.000012
    charge RMSE [e]          0.009905  0.003462
    LR scale:  1.000000, effective LR:  0.000400
epoch: 349                    train:   valid:
    weighted total loss      0.198628  0.164039
    energy MSE [eV²]         0.048533  0.036138
    force MSE [(eV/Å)²]      0.148033  0.127540
    energy mae [kcal/mol]          5.419531  4.288040
    energy R²                    N/A  0.945289
    forces mae [kcal/mol/Å]        7.789263  7.266870
    forces R²                    N/A  0.963161
    dipole mae [tgt units]   0.018893  0.020250
    dipole R²                    N/A  0.998510
    dipole MSE [tgt²]        0.000299  0.000357
    charge loss [e²]         0.001764  0.000004
    charge RMSE [e]          0.041996  0.002114
    LR scale:  1.000000, effective LR:  0.000400
epoch: 350                    train:   valid:
    weighted total loss      0.195278  0.183979
    energy MSE [eV²]         0.047836  0.052875
    force MSE [(eV/Å)²]      0.147123  0.130782
    energy mae [kcal/mol]          5.397721  5.802855
    energy R²                    N/A  0.921702
    forces mae [kcal/mol/Å]        7.763525  7.358720
    forces R²                    N/A  0.962283
    dipole mae [tgt units]   0.018327  0.019126
    dipole R²                    N/A  0.998654
    dipole MSE [tgt²]        0.000281  0.000318
    charge loss [e²]         0.000037  0.000005
    charge RMSE [e]          0.006103  0.002182
    LR scale:  1.000000, effective LR:  0.000400
epoch: 351                    train:   valid:
    weighted total loss      0.203365  0.161892
    energy MSE [eV²]         0.052777  0.032715
    force MSE [(eV/Å)²]      0.147706  0.128824
    energy mae [kcal/mol]          5.739982  3.976327
    energy R²                    N/A  0.949968
    forces mae [kcal/mol/Å]        7.788122  7.246498
    forces R²                    N/A  0.962839
    dipole mae [tgt units]   0.018748  0.019533
    dipole R²                    N/A  0.998583
    dipole MSE [tgt²]        0.000294  0.000337
    charge loss [e²]         0.002588  0.000016
    charge RMSE [e]          0.050872  0.004038
    LR scale:  1.000000, effective LR:  0.000400
epoch: 352                    train:   valid:
    weighted total loss      0.195802  0.166582
    energy MSE [eV²]         0.047269  0.036994
    force MSE [(eV/Å)²]      0.147599  0.129267
    energy mae [kcal/mol]          5.347895  4.279706
    energy R²                    N/A  0.944092
    forces mae [kcal/mol/Å]        7.758278  7.309878
    forces R²                    N/A  0.962670
    dipole mae [tgt units]   0.018344  0.018522
    dipole R²                    N/A  0.998723
    dipole MSE [tgt²]        0.000282  0.000304
    charge loss [e²]         0.000653  0.000018
    charge RMSE [e]          0.025546  0.004198
    LR scale:  1.000000, effective LR:  0.000400
epoch: 353                    train:   valid:
    weighted total loss      0.197093  0.167933
    energy MSE [eV²]         0.046744  0.040161
    force MSE [(eV/Å)²]      0.147498  0.127248
    energy mae [kcal/mol]          5.334895  4.957083
    energy R²                    N/A  0.940008
    forces mae [kcal/mol/Å]        7.762597  7.234782
    forces R²                    N/A  0.963249
    dipole mae [tgt units]   0.018496  0.020320
    dipole R²                    N/A  0.998447
    dipole MSE [tgt²]        0.000285  0.000368
    charge loss [e²]         0.002567  0.000156
    charge RMSE [e]          0.050663  0.012509
    LR scale:  1.000000, effective LR:  0.000400
epoch: 354                    train:   valid:
    weighted total loss      0.191898  0.158630
    energy MSE [eV²]         0.044251  0.030921
    force MSE [(eV/Å)²]      0.147319  0.127301
    energy mae [kcal/mol]          5.122449  3.840338
    energy R²                    N/A  0.954602
    forces mae [kcal/mol/Å]        7.758077  7.224309
    forces R²                    N/A  0.963261
    dipole mae [tgt units]   0.018286  0.019734
    dipole R²                    N/A  0.998563
    dipole MSE [tgt²]        0.000281  0.000339
    charge loss [e²]         0.000048  0.000069
    charge RMSE [e]          0.006900  0.008331
    LR scale:  1.000000, effective LR:  0.000400
    ✓ Best valid checkpoint: params-best-519bc841-31c3-452c-a2ff-bab82432437e.json (weighted loss=0.158630, epoch 354)
epoch: 355                    train:   valid:
    weighted total loss      0.201972  0.158234
    energy MSE [eV²]         0.053089  0.030823
    force MSE [(eV/Å)²]      0.146790  0.126765
    energy mae [kcal/mol]          5.739928  3.744892
    energy R²                    N/A  0.953151
    forces mae [kcal/mol/Å]        7.751640  7.201369
    forces R²                    N/A  0.963410
    dipole mae [tgt units]   0.018980  0.018990
    dipole R²                    N/A  0.998664
    dipole MSE [tgt²]        0.000300  0.000318
    charge loss [e²]         0.001792  0.000327
    charge RMSE [e]          0.042327  0.018091
    LR scale:  1.000000, effective LR:  0.000400
    ✓ Best valid checkpoint: params-best-519bc841-31c3-452c-a2ff-bab82432437e.json (weighted loss=0.158234, epoch 355)
epoch: 356                    train:   valid:
    weighted total loss      0.197031  0.159798
    energy MSE [eV²]         0.049655  0.032558
    force MSE [(eV/Å)²]      0.146660  0.126385
    energy mae [kcal/mol]          5.602393  3.882967
    energy R²                    N/A  0.950920
    forces mae [kcal/mol/Å]        7.758163  7.197513
    forces R²                    N/A  0.963509
    dipole mae [tgt units]   0.018286  0.020326
    dipole R²                    N/A  0.998517
    dipole MSE [tgt²]        0.000278  0.000354
    charge loss [e²]         0.000438  0.000501
    charge RMSE [e]          0.020925  0.022393
    LR scale:  1.000000, effective LR:  0.000400
epoch: 357                    train:   valid:
    weighted total loss      0.196593  0.166702
    energy MSE [eV²]         0.047509  0.039221
    force MSE [(eV/Å)²]      0.146827  0.127095
    energy mae [kcal/mol]          5.428434  4.411469
    energy R²                    N/A  0.940169
    forces mae [kcal/mol/Å]        7.725253  7.232735
    forces R²                    N/A  0.963325
    dipole mae [tgt units]   0.018324  0.020695
    dipole R²                    N/A  0.998397
    dipole MSE [tgt²]        0.000279  0.000382
    charge loss [e²]         0.001977  0.000005
    charge RMSE [e]          0.044466  0.002147
    LR scale:  1.000000, effective LR:  0.000400
epoch: 358                    train:   valid:
    weighted total loss      0.200493  0.160689
    energy MSE [eV²]         0.052472  0.031213
    force MSE [(eV/Å)²]      0.146529  0.129169
    energy mae [kcal/mol]          5.653164  3.879201
    energy R²                    N/A  0.953419
    forces mae [kcal/mol/Å]        7.736767  7.279288
    forces R²                    N/A  0.962765
    dipole mae [tgt units]   0.018443  0.018596
    dipole R²                    N/A  0.998728
    dipole MSE [tgt²]        0.000290  0.000301
    charge loss [e²]         0.001202  0.000006
    charge RMSE [e]          0.034668  0.002531
    LR scale:  1.000000, effective LR:  0.000400
epoch: 359                    train:   valid:
    weighted total loss      0.193625  0.197917
    energy MSE [eV²]         0.046879  0.069234
    force MSE [(eV/Å)²]      0.146445  0.128336
    energy mae [kcal/mol]          5.364453  6.444437
    energy R²                    N/A  0.899114
    forces mae [kcal/mol/Å]        7.725485  7.234876
    forces R²                    N/A  0.962974
    dipole mae [tgt units]   0.018166  0.019594
    dipole R²                    N/A  0.998620
    dipole MSE [tgt²]        0.000276  0.000326
    charge loss [e²]         0.000025  0.000021
    charge RMSE [e]          0.005004  0.004599
    LR scale:  1.000000, effective LR:  0.000400
epoch: 360                    train:   valid:
    weighted total loss      0.196318  0.169168
    energy MSE [eV²]         0.048215  0.040765
    force MSE [(eV/Å)²]      0.146300  0.127286
    energy mae [kcal/mol]          5.389007  4.694989
    energy R²                    N/A  0.939557
    forces mae [kcal/mol/Å]        7.720754  7.210670
    forces R²                    N/A  0.963275
    dipole mae [tgt units]   0.018392  0.019707
    dipole R²                    N/A  0.998545
    dipole MSE [tgt²]        0.000281  0.000349
    charge loss [e²]         0.001521  0.000768
    charge RMSE [e]          0.039004  0.027706
    LR scale:  1.000000, effective LR:  0.000400
epoch: 361                    train:   valid:
    weighted total loss      0.204473  0.207540
    energy MSE [eV²]         0.054762  0.040682
    force MSE [(eV/Å)²]      0.146828  0.128750
    energy mae [kcal/mol]          5.745389  4.241132
    energy R²                    N/A  0.939442
    forces mae [kcal/mol/Å]        7.730047  7.280855
    forces R²                    N/A  0.962861
    dipole mae [tgt units]   0.018406  0.019238
    dipole R²                    N/A  0.998611
    dipole MSE [tgt²]        0.000284  0.000332
    charge loss [e²]         0.002600  0.037775
    charge RMSE [e]          0.050986  0.194358
    LR scale:  1.000000, effective LR:  0.000400
epoch: 362                    train:   valid:
    weighted total loss      0.198702  0.197094
    energy MSE [eV²]         0.050323  0.069736
    force MSE [(eV/Å)²]      0.147064  0.126942
    energy mae [kcal/mol]          5.601690  7.043211
    energy R²                    N/A  0.895904
    forces mae [kcal/mol/Å]        7.732613  7.214037
    forces R²                    N/A  0.963355
    dipole mae [tgt units]   0.018386  0.021961
    dipole R²                    N/A  0.998269
    dipole MSE [tgt²]        0.000283  0.000412
    charge loss [e²]         0.001031  0.000005
    charge RMSE [e]          0.032112  0.002127
    LR scale:  1.000000, effective LR:  0.000400
epoch: 363                    train:   valid:
    weighted total loss      0.200191  0.164367
    energy MSE [eV²]         0.053094  0.037298
    force MSE [(eV/Å)²]      0.146454  0.126689
    energy mae [kcal/mol]          5.714022  4.336413
    energy R²                    N/A  0.943825
    forces mae [kcal/mol/Å]        7.712568  7.197354
    forces R²                    N/A  0.963433
    dipole mae [tgt units]   0.018320  0.020217
    dipole R²                    N/A  0.998481
    dipole MSE [tgt²]        0.000280  0.000359
    charge loss [e²]         0.000363  0.000021
    charge RMSE [e]          0.019041  0.004553
    LR scale:  1.000000, effective LR:  0.000400
epoch: 364                    train:   valid:
    weighted total loss      0.189253  0.159359
    energy MSE [eV²]         0.042517  0.032424
    force MSE [(eV/Å)²]      0.145883  0.126175
    energy mae [kcal/mol]          5.101427  3.845976
    energy R²                    N/A  0.951085
    forces mae [kcal/mol/Å]        7.694652  7.195339
    forces R²                    N/A  0.963578
    dipole mae [tgt units]   0.017917  0.019140
    dipole R²                    N/A  0.998656
    dipole MSE [tgt²]        0.000268  0.000319
    charge loss [e²]         0.000585  0.000441
    charge RMSE [e]          0.024192  0.020996
    LR scale:  1.000000, effective LR:  0.000400
epoch: 365                    train:   valid:
    weighted total loss      0.193941  0.170767
    energy MSE [eV²]         0.046775  0.044425
    force MSE [(eV/Å)²]      0.145283  0.126013
    energy mae [kcal/mol]          5.262742  5.072242
    energy R²                    N/A  0.933042
    forces mae [kcal/mol/Å]        7.683286  7.171476
    forces R²                    N/A  0.963611
    dipole mae [tgt units]   0.018111  0.019606
    dipole R²                    N/A  0.998627
    dipole MSE [tgt²]        0.000271  0.000325
    charge loss [e²]         0.001612  0.000004
    charge RMSE [e]          0.040144  0.002024
    LR scale:  1.000000, effective LR:  0.000400
epoch: 366                    train:   valid:
    weighted total loss      0.196943  0.159483
    energy MSE [eV²]         0.049599  0.032846
    force MSE [(eV/Å)²]      0.145135  0.126329
    energy mae [kcal/mol]          5.505339  3.959305
    energy R²                    N/A  0.950748
    forces mae [kcal/mol/Å]        7.683196  7.176797
    forces R²                    N/A  0.963551
    dipole mae [tgt units]   0.018021  0.018586
    dipole R²                    N/A  0.998745
    dipole MSE [tgt²]        0.000274  0.000297
    charge loss [e²]         0.001936  0.000011
    charge RMSE [e]          0.043994  0.003304
    LR scale:  1.000000, effective LR:  0.000400
epoch: 367                    train:   valid:
    weighted total loss      0.187677  0.164606
    energy MSE [eV²]         0.041464  0.033700
    force MSE [(eV/Å)²]      0.145137  0.126141
    energy mae [kcal/mol]          4.949625  3.878873
    energy R²                    N/A  0.949699
    forces mae [kcal/mol/Å]        7.676688  7.145559
    forces R²                    N/A  0.963616
    dipole mae [tgt units]   0.018266  0.020683
    dipole R²                    N/A  0.998381
    dipole MSE [tgt²]        0.000279  0.000386
    charge loss [e²]         0.000797  0.004380
    charge RMSE [e]          0.028226  0.066179
    LR scale:  1.000000, effective LR:  0.000400
epoch: 368                    train:   valid:
    weighted total loss      0.196868  0.159058
    energy MSE [eV²]         0.049886  0.033851
    force MSE [(eV/Å)²]      0.145047  0.124882
    energy mae [kcal/mol]          5.521218  4.157701
    energy R²                    N/A  0.948743
    forces mae [kcal/mol/Å]        7.680791  7.132418
    forces R²                    N/A  0.963939
    dipole mae [tgt units]   0.017954  0.018844
    dipole R²                    N/A  0.998650
    dipole MSE [tgt²]        0.000272  0.000321
    charge loss [e²]         0.001663  0.000004
    charge RMSE [e]          0.040785  0.002114
    LR scale:  1.000000, effective LR:  0.000400
epoch: 369                    train:   valid:
    weighted total loss      0.189108  0.158070
    energy MSE [eV²]         0.043617  0.032522
    force MSE [(eV/Å)²]      0.145083  0.125195
    energy mae [kcal/mol]          5.168762  3.878780
    energy R²                    N/A  0.950268
    forces mae [kcal/mol/Å]        7.668327  7.137942
    forces R²                    N/A  0.963864
    dipole mae [tgt units]   0.017983  0.018979
    dipole R²                    N/A  0.998649
    dipole MSE [tgt²]        0.000268  0.000322
    charge loss [e²]         0.000141  0.000031
    charge RMSE [e]          0.011879  0.005581
    LR scale:  1.000000, effective LR:  0.000400
    ✓ Best valid checkpoint: params-best-519bc841-31c3-452c-a2ff-bab82432437e.json (weighted loss=0.158070, epoch 369)
epoch: 370                    train:   valid:
    weighted total loss      0.200032  0.157218
    energy MSE [eV²]         0.052232  0.030609
    force MSE [(eV/Å)²]      0.145029  0.126199
    energy mae [kcal/mol]          5.577756  3.827843
    energy R²                    N/A  0.953292
    forces mae [kcal/mol/Å]        7.666303  7.253411
    forces R²                    N/A  0.963528
    dipole mae [tgt units]   0.018347  0.020719
    dipole R²                    N/A  0.998325
    dipole MSE [tgt²]        0.000282  0.000403
    charge loss [e²]         0.002490  0.000007
    charge RMSE [e]          0.049900  0.002640
    LR scale:  1.000000, effective LR:  0.000400
    ✓ Best valid checkpoint: params-best-519bc841-31c3-452c-a2ff-bab82432437e.json (weighted loss=0.157218, epoch 370)
epoch: 371                    train:   valid:
    weighted total loss      0.196527  0.159410
    energy MSE [eV²]         0.050379  0.034432
    force MSE [(eV/Å)²]      0.145778  0.124670
    energy mae [kcal/mol]          5.477948  3.934980
    energy R²                    N/A  0.947970
    forces mae [kcal/mol/Å]        7.672021  7.095085
    forces R²                    N/A  0.964026
    dipole mae [tgt units]   0.018043  0.018565
    dipole R²                    N/A  0.998724
    dipole MSE [tgt²]        0.000279  0.000304
    charge loss [e²]         0.000091  0.000004
    charge RMSE [e]          0.009529  0.001966
    LR scale:  1.000000, effective LR:  0.000400
epoch: 372                    train:   valid:
    weighted total loss      0.188405  0.157946
    energy MSE [eV²]         0.042377  0.032781
    force MSE [(eV/Å)²]      0.144591  0.124827
    energy mae [kcal/mol]          5.040885  3.940375
    energy R²                    N/A  0.950740
    forces mae [kcal/mol/Å]        7.651046  7.142728
    forces R²                    N/A  0.963954
    dipole mae [tgt units]   0.018209  0.019311
    dipole R²                    N/A  0.998620
    dipole MSE [tgt²]        0.000279  0.000326
    charge loss [e²]         0.001157  0.000013
    charge RMSE [e]          0.034020  0.003628
    LR scale:  1.000000, effective LR:  0.000400
epoch: 373                    train:   valid:
    weighted total loss      0.187524  0.161662
    energy MSE [eV²]         0.043098  0.035501
    force MSE [(eV/Å)²]      0.144100  0.125819
    energy mae [kcal/mol]          5.130261  4.481041
    energy R²                    N/A  0.946664
    forces mae [kcal/mol/Å]        7.642029  7.144502
    forces R²                    N/A  0.963692
    dipole mae [tgt units]   0.018047  0.019768
    dipole R²                    N/A  0.998590
    dipole MSE [tgt²]        0.000272  0.000336
    charge loss [e²]         0.000054  0.000007
    charge RMSE [e]          0.007346  0.002608
    LR scale:  1.000000, effective LR:  0.000400
epoch: 374                    train:   valid:
    weighted total loss      0.187382  0.158446
    energy MSE [eV²]         0.041726  0.032353
    force MSE [(eV/Å)²]      0.144097  0.125763
    energy mae [kcal/mol]          4.933008  3.842104
    energy R²                    N/A  0.950381
    forces mae [kcal/mol/Å]        7.626942  7.133790
    forces R²                    N/A  0.963695
    dipole mae [tgt units]   0.018152  0.019429
    dipole R²                    N/A  0.998624
    dipole MSE [tgt²]        0.000278  0.000324
    charge loss [e²]         0.001281  0.000007
    charge RMSE [e]          0.035794  0.002592
    LR scale:  1.000000, effective LR:  0.000400
epoch: 375                    train:   valid:
    weighted total loss      0.196461  0.156434
    energy MSE [eV²]         0.050567  0.031354
    force MSE [(eV/Å)²]      0.144501  0.124732
    energy mae [kcal/mol]          5.574052  3.753939
    energy R²                    N/A  0.952709
    forces mae [kcal/mol/Å]        7.646975  7.108616
    forces R²                    N/A  0.964004
    dipole mae [tgt units]   0.017969  0.018993
    dipole R²                    N/A  0.998615
    dipole MSE [tgt²]        0.000271  0.000330
    charge loss [e²]         0.001123  0.000018
    charge RMSE [e]          0.033509  0.004240
    LR scale:  1.000000, effective LR:  0.000400
    ✓ Best valid checkpoint: params-best-519bc841-31c3-452c-a2ff-bab82432437e.json (weighted loss=0.156434, epoch 375)
epoch: 376                    train:   valid:
    weighted total loss      0.186867  0.164427
    energy MSE [eV²]         0.041895  0.035152
    force MSE [(eV/Å)²]      0.143982  0.127030
    energy mae [kcal/mol]          4.988537  4.053436
    energy R²                    N/A  0.947975
    forces mae [kcal/mol/Å]        7.627096  7.204731
    forces R²                    N/A  0.963353
    dipole mae [tgt units]   0.017649  0.020288
    dipole R²                    N/A  0.998521
    dipole MSE [tgt²]        0.000260  0.000348
    charge loss [e²]         0.000729  0.001896
    charge RMSE [e]          0.027007  0.043545
    LR scale:  1.000000, effective LR:  0.000400
epoch: 377                    train:   valid:
    weighted total loss      0.191608  0.168316
    energy MSE [eV²]         0.045864  0.044165
    force MSE [(eV/Å)²]      0.143579  0.123763
    energy mae [kcal/mol]          5.314836  5.219333
    energy R²                    N/A  0.932882
    forces mae [kcal/mol/Å]        7.607922  7.090663
    forces R²                    N/A  0.964256
    dipole mae [tgt units]   0.018256  0.020647
    dipole R²                    N/A  0.998457
    dipole MSE [tgt²]        0.000279  0.000367
    charge loss [e²]         0.001886  0.000020
    charge RMSE [e]          0.043423  0.004469
    LR scale:  1.000000, effective LR:  0.000400
epoch: 378                    train:   valid:
    weighted total loss      0.192846  0.160734
    energy MSE [eV²]         0.047933  0.033238
    force MSE [(eV/Å)²]      0.143573  0.127165
    energy mae [kcal/mol]          5.431420  3.965360
    energy R²                    N/A  0.949673
    forces mae [kcal/mol/Å]        7.623360  7.186547
    forces R²                    N/A  0.963334
    dipole mae [tgt units]   0.017765  0.019555
    dipole R²                    N/A  0.998624
    dipole MSE [tgt²]        0.000265  0.000326
    charge loss [e²]         0.001074  0.000005
    charge RMSE [e]          0.032776  0.002281
    LR scale:  1.000000, effective LR:  0.000400
epoch: 379                    train:   valid:
    weighted total loss      0.191335  0.160496
    energy MSE [eV²]         0.047068  0.035534
    force MSE [(eV/Å)²]      0.143975  0.124615
    energy mae [kcal/mol]          5.264340  3.999876
    energy R²                    N/A  0.946725
    forces mae [kcal/mol/Å]        7.615803  7.086389
    forces R²                    N/A  0.964052
    dipole mae [tgt units]   0.017676  0.018784
    dipole R²                    N/A  0.998688
    dipole MSE [tgt²]        0.000260  0.000310
    charge loss [e²]         0.000033  0.000037
    charge RMSE [e]          0.005760  0.006084
    LR scale:  1.000000, effective LR:  0.000400
epoch: 380                    train:   valid:
    weighted total loss      0.194757  0.163642
    energy MSE [eV²]         0.048216  0.039917
    force MSE [(eV/Å)²]      0.143464  0.123403
    energy mae [kcal/mol]          5.458120  4.637717
    energy R²                    N/A  0.940293
    forces mae [kcal/mol/Å]        7.606428  7.077003
    forces R²                    N/A  0.964366
    dipole mae [tgt units]   0.017981  0.019280
    dipole R²                    N/A  0.998659
    dipole MSE [tgt²]        0.000272  0.000319
    charge loss [e²]         0.002806  0.000004
    charge RMSE [e]          0.052976  0.002016
    LR scale:  1.000000, effective LR:  0.000400
epoch: 381                    train:   valid:
    weighted total loss      0.190244  0.158963
    energy MSE [eV²]         0.046521  0.033767
    force MSE [(eV/Å)²]      0.143465  0.124889
    energy mae [kcal/mol]          5.339258  3.859970
    energy R²                    N/A  0.949058
    forces mae [kcal/mol/Å]        7.605771  7.156489
    forces R²                    N/A  0.963894
    dipole mae [tgt units]   0.017237  0.018500
    dipole R²                    N/A  0.998730
    dipole MSE [tgt²]        0.000248  0.000300
    charge loss [e²]         0.000010  0.000007
    charge RMSE [e]          0.003170  0.002643
    LR scale:  1.000000, effective LR:  0.000400
epoch: 382                    train:   valid:
    weighted total loss      0.190658  0.182678
    energy MSE [eV²]         0.045901  0.054992
    force MSE [(eV/Å)²]      0.142733  0.126568
    energy mae [kcal/mol]          5.283569  6.034809
    energy R²                    N/A  0.917741
    forces mae [kcal/mol/Å]        7.595548  7.141512
    forces R²                    N/A  0.963498
    dipole mae [tgt units]   0.018019  0.020653
    dipole R²                    N/A  0.998407
    dipole MSE [tgt²]        0.000273  0.000381
    charge loss [e²]         0.001750  0.000737
    charge RMSE [e]          0.041837  0.027154
    LR scale:  1.000000, effective LR:  0.000400
epoch: 383                    train:   valid:
    weighted total loss      0.193368  0.156185
    energy MSE [eV²]         0.048348  0.032124
    force MSE [(eV/Å)²]      0.143555  0.123755
    energy mae [kcal/mol]          5.444834  3.982807
    energy R²                    N/A  0.951263
    forces mae [kcal/mol/Å]        7.603481  7.054420
    forces R²                    N/A  0.964282
    dipole mae [tgt units]   0.017547  0.018560
    dipole R²                    N/A  0.998730
    dipole MSE [tgt²]        0.000255  0.000302
    charge loss [e²]         0.001210  0.000004
    charge RMSE [e]          0.034792  0.001951
    LR scale:  1.000000, effective LR:  0.000400
    ✓ Best valid checkpoint: params-best-519bc841-31c3-452c-a2ff-bab82432437e.json (weighted loss=0.156185, epoch 383)
epoch: 384                    train:   valid:
    weighted total loss      0.188708  0.163924
    energy MSE [eV²]         0.044695  0.039704
    force MSE [(eV/Å)²]      0.142677  0.123873
    energy mae [kcal/mol]          5.122409  4.093820
    energy R²                    N/A  0.940816
    forces mae [kcal/mol/Å]        7.578893  7.081656
    forces R²                    N/A  0.964225
    dipole mae [tgt units]   0.017349  0.020056
    dipole R²                    N/A  0.998556
    dipole MSE [tgt²]        0.000253  0.000343
    charge loss [e²]         0.001083  0.000004
    charge RMSE [e]          0.032910  0.001995
    LR scale:  1.000000, effective LR:  0.000400
epoch: 385                    train:   valid:
    weighted total loss      0.192726  0.181060
    energy MSE [eV²]         0.048298  0.053692
    force MSE [(eV/Å)²]      0.143662  0.126008
    energy mae [kcal/mol]          5.404245  5.937887
    energy R²                    N/A  0.918482
    forces mae [kcal/mol/Å]        7.595976  7.152229
    forces R²                    N/A  0.963645
    dipole mae [tgt units]   0.017703  0.019324
    dipole R²                    N/A  0.998622
    dipole MSE [tgt²]        0.000267  0.000326
    charge loss [e²]         0.000499  0.001034
    charge RMSE [e]          0.022349  0.032153
    LR scale:  1.000000, effective LR:  0.000400
epoch: 386                    train:   valid:
    weighted total loss      0.187687  0.157852
    energy MSE [eV²]         0.042701  0.034193
    force MSE [(eV/Å)²]      0.142886  0.123343
    energy mae [kcal/mol]          5.016325  4.065345
    energy R²                    N/A  0.948235
    forces mae [kcal/mol/Å]        7.571670  7.155216
    forces R²                    N/A  0.964317
    dipole mae [tgt units]   0.017627  0.018785
    dipole R²                    N/A  0.998694
    dipole MSE [tgt²]        0.000260  0.000310
    charge loss [e²]         0.001841  0.000006
    charge RMSE [e]          0.042905  0.002361
    LR scale:  1.000000, effective LR:  0.000400
epoch: 387                    train:   valid:
    weighted total loss      0.188957  0.159366
    energy MSE [eV²]         0.044665  0.037429
    force MSE [(eV/Å)²]      0.142903  0.121619
    energy mae [kcal/mol]          5.167050  4.594186
    energy R²                    N/A  0.943376
    forces mae [kcal/mol/Å]        7.571985  7.039916
    forces R²                    N/A  0.964847
    dipole mae [tgt units]   0.017651  0.018123
    dipole R²                    N/A  0.998782
    dipole MSE [tgt²]        0.000258  0.000288
    charge loss [e²]         0.001131  0.000031
    charge RMSE [e]          0.033633  0.005524
    LR scale:  1.000000, effective LR:  0.000400
epoch: 388                    train:   valid:
    weighted total loss      0.188318  0.160964
    energy MSE [eV²]         0.044456  0.035263
    force MSE [(eV/Å)²]      0.142440  0.125239
    energy mae [kcal/mol]          5.162480  3.985974
    energy R²                    N/A  0.947189
    forces mae [kcal/mol/Å]        7.560802  7.164575
    forces R²                    N/A  0.963866
    dipole mae [tgt units]   0.017837  0.018486
    dipole R²                    N/A  0.998740
    dipole MSE [tgt²]        0.000264  0.000299
    charge loss [e²]         0.001158  0.000163
    charge RMSE [e]          0.034025  0.012752
    LR scale:  1.000000, effective LR:  0.000400
epoch: 389                    train:   valid:
    weighted total loss      0.192315  0.161266
    energy MSE [eV²]         0.046742  0.037548
    force MSE [(eV/Å)²]      0.143231  0.123410
    energy mae [kcal/mol]          5.324136  4.299573
    energy R²                    N/A  0.943870
    forces mae [kcal/mol/Å]        7.591669  7.028626
    forces R²                    N/A  0.964392
    dipole mae [tgt units]   0.017560  0.018707
    dipole R²                    N/A  0.998710
    dipole MSE [tgt²]        0.000258  0.000304
    charge loss [e²]         0.002084  0.000004
    charge RMSE [e]          0.045648  0.002041
    LR scale:  1.000000, effective LR:  0.000400
epoch: 390                    train:   valid:
    weighted total loss      0.186116  0.159891
    energy MSE [eV²]         0.043424  0.035984
    force MSE [(eV/Å)²]      0.142437  0.123587
    energy mae [kcal/mol]          5.078734  4.128923
    energy R²                    N/A  0.946756
    forces mae [kcal/mol/Å]        7.555091  7.051355
    forces R²                    N/A  0.964338
    dipole mae [tgt units]   0.017214  0.018990
    dipole R²                    N/A  0.998663
    dipole MSE [tgt²]        0.000250  0.000318
    charge loss [e²]         0.000005  0.000003
    charge RMSE [e]          0.002337  0.001716
    LR scale:  1.000000, effective LR:  0.000400
epoch: 391                    train:   valid:
    weighted total loss      0.183510  0.154151
    energy MSE [eV²]         0.040335  0.032202
    force MSE [(eV/Å)²]      0.142213  0.121647
    energy mae [kcal/mol]          4.906590  3.759775
    energy R²                    N/A  0.950689
    forces mae [kcal/mol/Å]        7.543210  6.994587
    forces R²                    N/A  0.964884
    dipole mae [tgt units]   0.017211  0.018490
    dipole R²                    N/A  0.998734
    dipole MSE [tgt²]        0.000247  0.000299
    charge loss [e²]         0.000714  0.000003
    charge RMSE [e]          0.026722  0.001755
    LR scale:  1.000000, effective LR:  0.000400
    ✓ Best valid checkpoint: params-best-519bc841-31c3-452c-a2ff-bab82432437e.json (weighted loss=0.154151, epoch 391)
epoch: 392                    train:   valid:
    weighted total loss      0.187417  0.159380
    energy MSE [eV²]         0.044759  0.037114
    force MSE [(eV/Å)²]      0.142002  0.121944
    energy mae [kcal/mol]          5.194280  4.249233
    energy R²                    N/A  0.944088
    forces mae [kcal/mol/Å]        7.543008  6.997561
    forces R²                    N/A  0.964799
    dipole mae [tgt units]   0.017527  0.019064
    dipole R²                    N/A  0.998652
    dipole MSE [tgt²]        0.000255  0.000319
    charge loss [e²]         0.000401  0.000003
    charge RMSE [e]          0.020021  0.001720
    LR scale:  1.000000, effective LR:  0.000400
epoch: 393                    train:   valid:
    weighted total loss      0.188198  0.163924
    energy MSE [eV²]         0.042804  0.039523
    force MSE [(eV/Å)²]      0.141574  0.122715
    energy mae [kcal/mol]          5.076826  4.917465
    energy R²                    N/A  0.940400
    forces mae [kcal/mol/Å]        7.535913  7.002910
    forces R²                    N/A  0.964592
    dipole mae [tgt units]   0.017689  0.018426
    dipole R²                    N/A  0.998740
    dipole MSE [tgt²]        0.000262  0.000299
    charge loss [e²]         0.003558  0.001386
    charge RMSE [e]          0.059648  0.037224
    LR scale:  1.000000, effective LR:  0.000400
epoch: 394                    train:   valid:
    weighted total loss      0.194034  0.158880
    energy MSE [eV²]         0.051307  0.034457
    force MSE [(eV/Å)²]      0.142410  0.124014
    energy mae [kcal/mol]          5.618408  4.027927
    energy R²                    N/A  0.947313
    forces mae [kcal/mol/Å]        7.556742  7.146999
    forces R²                    N/A  0.964157
    dipole mae [tgt units]   0.017419  0.019083
    dipole R²                    N/A  0.998637
    dipole MSE [tgt²]        0.000256  0.000324
    charge loss [e²]         0.000061  0.000085
    charge RMSE [e]          0.007829  0.009196
    LR scale:  1.000000, effective LR:  0.000400
epoch: 395                    train:   valid:
    weighted total loss      0.185040  0.154931
    energy MSE [eV²]         0.041514  0.032648
    force MSE [(eV/Å)²]      0.142010  0.121953
    energy mae [kcal/mol]          4.975736  3.865426
    energy R²                    N/A  0.950618
    forces mae [kcal/mol/Å]        7.535843  6.983737
    forces R²                    N/A  0.964808
    dipole mae [tgt units]   0.017545  0.019614
    dipole R²                    N/A  0.998622
    dipole MSE [tgt²]        0.000257  0.000323
    charge loss [e²]         0.001259  0.000007
    charge RMSE [e]          0.035488  0.002662
    LR scale:  1.000000, effective LR:  0.000400
epoch: 396                    train:   valid:
    weighted total loss      0.185946  0.170175
    energy MSE [eV²]         0.043300  0.043085
    force MSE [(eV/Å)²]      0.141550  0.126440
    energy mae [kcal/mol]          4.984191  5.329437
    energy R²                    N/A  0.936715
    forces mae [kcal/mol/Å]        7.514794  7.145989
    forces R²                    N/A  0.963551
    dipole mae [tgt units]   0.017188  0.021028
    dipole R²                    N/A  0.998337
    dipole MSE [tgt²]        0.000249  0.000394
    charge loss [e²]         0.000847  0.000255
    charge RMSE [e]          0.029098  0.015982
    LR scale:  1.000000, effective LR:  0.000400
epoch: 397                    train:   valid:
    weighted total loss      0.197541  0.164912
    energy MSE [eV²]         0.053435  0.041902
    force MSE [(eV/Å)²]      0.142322  0.122591
    energy mae [kcal/mol]          5.703700  4.595902
    energy R²                    N/A  0.937094
    forces mae [kcal/mol/Å]        7.545242  6.990699
    forces R²                    N/A  0.964625
    dipole mae [tgt units]   0.017364  0.018109
    dipole R²                    N/A  0.998768
    dipole MSE [tgt²]        0.000251  0.000294
    charge loss [e²]         0.001533  0.000126
    charge RMSE [e]          0.039157  0.011222
    LR scale:  1.000000, effective LR:  0.000400
epoch: 398                    train:   valid:
    weighted total loss      0.190554  0.156643
    energy MSE [eV²]         0.046762  0.032687
    force MSE [(eV/Å)²]      0.142312  0.123653
    energy mae [kcal/mol]          5.346139  3.854205
    energy R²                    N/A  0.951190
    forces mae [kcal/mol/Å]        7.543990  7.063571
    forces R²                    N/A  0.964333
    dipole mae [tgt units]   0.017380  0.018390
    dipole R²                    N/A  0.998745
    dipole MSE [tgt²]        0.000250  0.000297
    charge loss [e²]         0.001230  0.000006
    charge RMSE [e]          0.035070  0.002475
    LR scale:  1.000000, effective LR:  0.000400
epoch: 399                    train:   valid:
    weighted total loss      0.186552  0.152838
    energy MSE [eV²]         0.044348  0.031698
    force MSE [(eV/Å)²]      0.141625  0.120795
    energy mae [kcal/mol]          5.152969  3.719004
    energy R²                    N/A  0.952353
    forces mae [kcal/mol/Å]        7.507051  6.981066
    forces R²                    N/A  0.965092
    dipole mae [tgt units]   0.017094  0.019502
    dipole R²                    N/A  0.998582
    dipole MSE [tgt²]        0.000244  0.000337
    charge loss [e²]         0.000334  0.000008
    charge RMSE [e]          0.018289  0.002907
    LR scale:  1.000000, effective LR:  0.000400
    ✓ Best valid checkpoint: params-best-519bc841-31c3-452c-a2ff-bab82432437e.json (weighted loss=0.152838, epoch 399)
epoch: 400                    train:   valid:
    weighted total loss      0.192672  0.155241
    energy MSE [eV²]         0.047897  0.032584
    force MSE [(eV/Å)²]      0.141276  0.122358
    energy mae [kcal/mol]          5.336968  3.859280
    energy R²                    N/A  0.951364
    forces mae [kcal/mol/Å]        7.515963  6.983650
    forces R²                    N/A  0.964696
    dipole mae [tgt units]   0.017768  0.018253
    dipole R²                    N/A  0.998759
    dipole MSE [tgt²]        0.000263  0.000293
    charge loss [e²]         0.003236  0.000007
    charge RMSE [e]          0.056887  0.002566
    LR scale:  1.000000, effective LR:  0.000400
epoch: 401                    train:   valid:
    weighted total loss      0.181114  0.202393
    energy MSE [eV²]         0.039488  0.079207
    force MSE [(eV/Å)²]      0.141372  0.122823
    energy mae [kcal/mol]          4.771720  7.870744
    energy R²                    N/A  0.882789
    forces mae [kcal/mol/Å]        7.497439  7.039151
    forces R²                    N/A  0.964551
    dipole mae [tgt units]   0.017215  0.019731
    dipole R²                    N/A  0.998524
    dipole MSE [tgt²]        0.000247  0.000350
    charge loss [e²]         0.000006  0.000012
    charge RMSE [e]          0.002517  0.003466
    LR scale:  1.000000, effective LR:  0.000400
epoch: 402                    train:   valid:
    weighted total loss      0.191541  0.160036
    energy MSE [eV²]         0.049406  0.035861
    force MSE [(eV/Å)²]      0.141200  0.122607
    energy mae [kcal/mol]          5.529907  3.995674
    energy R²                    N/A  0.946895
    forces mae [kcal/mol/Å]        7.493031  6.986727
    forces R²                    N/A  0.964605
    dipole mae [tgt units]   0.016967  0.018531
    dipole R²                    N/A  0.998738
    dipole MSE [tgt²]        0.000241  0.000298
    charge loss [e²]         0.000694  0.001271
    charge RMSE [e]          0.026338  0.035645
    LR scale:  1.000000, effective LR:  0.000400
epoch: 403                    train:   valid:
    weighted total loss      0.185534  0.176167
    energy MSE [eV²]         0.042334  0.052946
    force MSE [(eV/Å)²]      0.141035  0.122901
    energy mae [kcal/mol]          5.064181  5.630921
    energy R²                    N/A  0.919657
    forces mae [kcal/mol/Å]        7.480041  7.117156
    forces R²                    N/A  0.964457
    dipole mae [tgt units]   0.017238  0.018648
    dipole R²                    N/A  0.998681
    dipole MSE [tgt²]        0.000246  0.000314
    charge loss [e²]         0.001919  0.000006
    charge RMSE [e]          0.043806  0.002446
    LR scale:  1.000000, effective LR:  0.000400
epoch: 404                    train:   valid:
    weighted total loss      0.190524  0.155890
    energy MSE [eV²]         0.047859  0.031991
    force MSE [(eV/Å)²]      0.141251  0.122919
    energy mae [kcal/mol]          5.348119  3.962698
    energy R²                    N/A  0.951445
    forces mae [kcal/mol/Å]        7.506847  7.022677
    forces R²                    N/A  0.964545
    dipole mae [tgt units]   0.017258  0.018461
    dipole R²                    N/A  0.998731
    dipole MSE [tgt²]        0.000250  0.000300
    charge loss [e²]         0.001165  0.000679
    charge RMSE [e]          0.034130  0.026057
    LR scale:  1.000000, effective LR:  0.000400
epoch: 405                    train:   valid:
    weighted total loss      0.185676  0.169249
    energy MSE [eV²]         0.044027  0.046248
    force MSE [(eV/Å)²]      0.141113  0.122684
    energy mae [kcal/mol]          5.139270  5.453736
    energy R²                    N/A  0.931568
    forces mae [kcal/mol/Å]        7.494621  7.078953
    forces R²                    N/A  0.964534
    dipole mae [tgt units]   0.016929  0.018595
    dipole R²                    N/A  0.998711
    dipole MSE [tgt²]        0.000238  0.000307
    charge loss [e²]         0.000298  0.000010
    charge RMSE [e]          0.017269  0.003198
    LR scale:  1.000000, effective LR:  0.000400
epoch: 406                    train:   valid:
    weighted total loss      0.190905  0.151925
    energy MSE [eV²]         0.047667  0.030282
    force MSE [(eV/Å)²]      0.140898  0.121352
    energy mae [kcal/mol]          5.392394  3.652004
    energy R²                    N/A  0.954240
    forces mae [kcal/mol/Å]        7.494252  6.942293
    forces R²                    N/A  0.964979
    dipole mae [tgt units]   0.017002  0.017951
    dipole R²                    N/A  0.998792
    dipole MSE [tgt²]        0.000242  0.000287
    charge loss [e²]         0.002099  0.000004
    charge RMSE [e]          0.045812  0.001927
    LR scale:  1.000000, effective LR:  0.000400
    ✓ Best valid checkpoint: params-best-519bc841-31c3-452c-a2ff-bab82432437e.json (weighted loss=0.151925, epoch 406)
epoch: 407                    train:   valid:
    weighted total loss      0.182385  0.156928
    energy MSE [eV²]         0.041337  0.035006
    force MSE [(eV/Å)²]      0.140464  0.121532
    energy mae [kcal/mol]          4.966036  4.143936
    energy R²                    N/A  0.947046
    forces mae [kcal/mol/Å]        7.465174  6.974418
    forces R²                    N/A  0.964908
    dipole mae [tgt units]   0.017179  0.019966
    dipole R²                    N/A  0.998489
    dipole MSE [tgt²]        0.000247  0.000360
    charge loss [e²]         0.000337  0.000029
    charge RMSE [e]          0.018347  0.005422
    LR scale:  1.000000, effective LR:  0.000400
epoch: 408                    train:   valid:
    weighted total loss      0.189148  0.173256
    energy MSE [eV²]         0.046654  0.047073
    force MSE [(eV/Å)²]      0.140381  0.122911
    energy mae [kcal/mol]          5.350456  4.565347
    energy R²                    N/A  0.930448
    forces mae [kcal/mol/Å]        7.480755  7.048440
    forces R²                    N/A  0.964499
    dipole mae [tgt units]   0.017249  0.019276
    dipole R²                    N/A  0.998574
    dipole MSE [tgt²]        0.000249  0.000342
    charge loss [e²]         0.001865  0.002930
    charge RMSE [e]          0.043180  0.054125
    LR scale:  1.000000, effective LR:  0.000400
epoch: 409                    train:   valid:
    weighted total loss      0.187715  0.155827
    energy MSE [eV²]         0.046307  0.034280
    force MSE [(eV/Å)²]      0.140391  0.121218
    energy mae [kcal/mol]          5.337728  4.164961
    energy R²                    N/A  0.947724
    forces mae [kcal/mol/Å]        7.475501  6.939890
    forces R²                    N/A  0.964996
    dipole mae [tgt units]   0.017149  0.018782
    dipole R²                    N/A  0.998636
    dipole MSE [tgt²]        0.000247  0.000325
    charge loss [e²]         0.000769  0.000003
    charge RMSE [e]          0.027738  0.001776
    LR scale:  1.000000, effective LR:  0.000400
epoch: 410                    train:   valid:
    weighted total loss      0.187003  0.153293
    energy MSE [eV²]         0.044817  0.031400
    force MSE [(eV/Å)²]      0.140639  0.121445
    energy mae [kcal/mol]          5.160263  3.806180
    energy R²                    N/A  0.952107
    forces mae [kcal/mol/Å]        7.454366  6.987939
    forces R²                    N/A  0.964906
    dipole mae [tgt units]   0.017063  0.018411
    dipole R²                    N/A  0.998736
    dipole MSE [tgt²]        0.000244  0.000298
    charge loss [e²]         0.001303  0.000150
    charge RMSE [e]          0.036096  0.012265
    LR scale:  1.000000, effective LR:  0.000400
epoch: 411                    train:   valid:
    weighted total loss      0.184962  0.154845
    energy MSE [eV²]         0.042574  0.032461
    force MSE [(eV/Å)²]      0.139921  0.122082
    energy mae [kcal/mol]          5.015068  4.063965
    energy R²                    N/A  0.950624
    forces mae [kcal/mol/Å]        7.457575  6.991555
    forces R²                    N/A  0.964780
    dipole mae [tgt units]   0.017018  0.018145
    dipole R²                    N/A  0.998784
    dipole MSE [tgt²]        0.000241  0.000289
    charge loss [e²]         0.002227  0.000013
    charge RMSE [e]          0.047189  0.003546
    LR scale:  1.000000, effective LR:  0.000400
epoch: 412                    train:   valid:
    weighted total loss      0.185056  0.165959
    energy MSE [eV²]         0.044522  0.034224
    force MSE [(eV/Å)²]      0.139944  0.122663
    energy mae [kcal/mol]          5.181163  4.083534
    energy R²                    N/A  0.948328
    forces mae [kcal/mol/Å]        7.451013  6.985567
    forces R²                    N/A  0.964588
    dipole mae [tgt units]   0.016810  0.017979
    dipole R²                    N/A  0.998802
    dipole MSE [tgt²]        0.000236  0.000284
    charge loss [e²]         0.000354  0.008788
    charge RMSE [e]          0.018828  0.093744
    LR scale:  1.000000, effective LR:  0.000400
epoch: 413                    train:   valid:
    weighted total loss      0.184995  0.153266
    energy MSE [eV²]         0.043326  0.030585
    force MSE [(eV/Å)²]      0.140616  0.122374
    energy mae [kcal/mol]          5.038949  3.652191
    energy R²                    N/A  0.953415
    forces mae [kcal/mol/Å]        7.469320  6.960855
    forces R²                    N/A  0.964702
    dipole mae [tgt units]   0.016949  0.018534
    dipole R²                    N/A  0.998736
    dipole MSE [tgt²]        0.000238  0.000300
    charge loss [e²]         0.000815  0.000007
    charge RMSE [e]          0.028548  0.002574
    LR scale:  1.000000, effective LR:  0.000400
epoch: 414                    train:   valid:
    weighted total loss      0.184658  0.169787
    energy MSE [eV²]         0.043865  0.035240
    force MSE [(eV/Å)²]      0.140179  0.121880
    energy mae [kcal/mol]          5.082460  4.046546
    energy R²                    N/A  0.947861
    forces mae [kcal/mol/Å]        7.451867  6.956336
    forces R²                    N/A  0.964843
    dipole mae [tgt units]   0.017145  0.018435
    dipole R²                    N/A  0.998691
    dipole MSE [tgt²]        0.000244  0.000313
    charge loss [e²]         0.000370  0.012354
    charge RMSE [e]          0.019243  0.111147
    LR scale:  1.000000, effective LR:  0.000400
epoch: 415                    train:   valid:
    weighted total loss      0.184695  0.154771
    energy MSE [eV²]         0.042931  0.034020
    force MSE [(eV/Å)²]      0.140009  0.120403
    energy mae [kcal/mol]          5.052713  4.033969
    energy R²                    N/A  0.948810
    forces mae [kcal/mol/Å]        7.447409  6.908452
    forces R²                    N/A  0.965240
    dipole mae [tgt units]   0.016954  0.018562
    dipole R²                    N/A  0.998733
    dipole MSE [tgt²]        0.000239  0.000300
    charge loss [e²]         0.001516  0.000048
    charge RMSE [e]          0.038941  0.006946
    LR scale:  1.000000, effective LR:  0.000400
epoch: 416                    train:   valid:
    weighted total loss      0.184492  0.156827
    energy MSE [eV²]         0.043452  0.035171
    force MSE [(eV/Å)²]      0.139736  0.121273
    energy mae [kcal/mol]          5.074559  4.237718
    energy R²                    N/A  0.948197
    forces mae [kcal/mol/Å]        7.438713  6.952680
    forces R²                    N/A  0.965010
    dipole mae [tgt units]   0.016797  0.019596
    dipole R²                    N/A  0.998539
    dipole MSE [tgt²]        0.000235  0.000351
    charge loss [e²]         0.001069  0.000031
    charge RMSE [e]          0.032691  0.005604
    LR scale:  1.000000, effective LR:  0.000400
epoch: 417                    train:   valid:
    weighted total loss      0.185362  0.175062
    energy MSE [eV²]         0.043709  0.029770
    force MSE [(eV/Å)²]      0.139518  0.123774
    energy mae [kcal/mol]          5.161370  3.671951
    energy R²                    N/A  0.954970
    forces mae [kcal/mol/Å]        7.428510  7.010160
    forces R²                    N/A  0.964307
    dipole mae [tgt units]   0.017014  0.018140
    dipole R²                    N/A  0.998766
    dipole MSE [tgt²]        0.000241  0.000293
    charge loss [e²]         0.001894  0.021225
    charge RMSE [e]          0.043524  0.145686
    LR scale:  1.000000, effective LR:  0.000400
epoch: 418                    train:   valid:
    weighted total loss      0.180856  0.180518
    energy MSE [eV²]         0.040993  0.058624
    force MSE [(eV/Å)²]      0.139080  0.121507
    energy mae [kcal/mol]          4.883235  6.500988
    energy R²                    N/A  0.912832
    forces mae [kcal/mol/Å]        7.416850  6.957503
    forces R²                    N/A  0.964932
    dipole mae [tgt units]   0.017082  0.018673
    dipole R²                    N/A  0.998640
    dipole MSE [tgt²]        0.000241  0.000324
    charge loss [e²]         0.000542  0.000062
    charge RMSE [e]          0.023286  0.007873
    LR scale:  1.000000, effective LR:  0.000400
epoch: 419                    train:   valid:
    weighted total loss      0.182617  0.159548
    energy MSE [eV²]         0.042069  0.038633
    force MSE [(eV/Å)²]      0.139240  0.120583
    energy mae [kcal/mol]          5.008245  4.526226
    energy R²                    N/A  0.940865
    forces mae [kcal/mol/Å]        7.420585  6.919385
    forces R²                    N/A  0.965193
    dipole mae [tgt units]   0.016894  0.018869
    dipole R²                    N/A  0.998662
    dipole MSE [tgt²]        0.000238  0.000321
    charge loss [e²]         0.001070  0.000011
    charge RMSE [e]          0.032716  0.003329
    LR scale:  1.000000, effective LR:  0.000400
epoch: 420                    train:   valid:
    weighted total loss      0.185006  0.153207
    energy MSE [eV²]         0.043455  0.032990
    force MSE [(eV/Å)²]      0.139895  0.119916
    energy mae [kcal/mol]          5.086687  3.885009
    energy R²                    N/A  0.950483
    forces mae [kcal/mol/Å]        7.420338  6.915154
    forces R²                    N/A  0.965362
    dipole mae [tgt units]   0.017082  0.018529
    dipole R²                    N/A  0.998749
    dipole MSE [tgt²]        0.000243  0.000297
    charge loss [e²]         0.001413  0.000004
    charge RMSE [e]          0.037593  0.002065
    LR scale:  1.000000, effective LR:  0.000400
epoch: 421                    train:   valid:
    weighted total loss      0.182281  0.155574
    energy MSE [eV²]         0.042553  0.035028
    force MSE [(eV/Å)²]      0.139224  0.120220
    energy mae [kcal/mol]          5.000761  3.910419
    energy R²                    N/A  0.947273
    forces mae [kcal/mol/Å]        7.422616  6.893607
    forces R²                    N/A  0.965287
    dipole mae [tgt units]   0.016549  0.018869
    dipole R²                    N/A  0.998693
    dipole MSE [tgt²]        0.000228  0.000311
    charge loss [e²]         0.000277  0.000016
    charge RMSE [e]          0.016638  0.003971
    LR scale:  1.000000, effective LR:  0.000400
epoch: 422                    train:   valid:
    weighted total loss      0.180857  0.157071
    energy MSE [eV²]         0.041080  0.036948
    force MSE [(eV/Å)²]      0.139254  0.119718
    energy mae [kcal/mol]          4.871484  4.332299
    energy R²                    N/A  0.944364
    forces mae [kcal/mol/Å]        7.405285  6.872218
    forces R²                    N/A  0.965441
    dipole mae [tgt units]   0.016719  0.019740
    dipole R²                    N/A  0.998571
    dipole MSE [tgt²]        0.000232  0.000341
    charge loss [e²]         0.000290  0.000064
    charge RMSE [e]          0.017041  0.008028
    LR scale:  1.000000, effective LR:  0.000400
epoch: 423                    train:   valid:
    weighted total loss      0.185221  0.158414
    energy MSE [eV²]         0.043365  0.037264
    force MSE [(eV/Å)²]      0.138931  0.120858
    energy mae [kcal/mol]          5.162219  4.152564
    energy R²                    N/A  0.943996
    forces mae [kcal/mol/Å]        7.400446  6.944668
    forces R²                    N/A  0.965128
    dipole mae [tgt units]   0.016776  0.018103
    dipole R²                    N/A  0.998792
    dipole MSE [tgt²]        0.000234  0.000286
    charge loss [e²]         0.002691  0.000006
    charge RMSE [e]          0.051872  0.002433
    LR scale:  1.000000, effective LR:  0.000400
epoch: 424                    train:   valid:
    weighted total loss      0.182892  0.155509
    energy MSE [eV²]         0.043048  0.035989
    force MSE [(eV/Å)²]      0.138618  0.119172
    energy mae [kcal/mol]          5.096867  4.270871
    energy R²                    N/A  0.944559
    forces mae [kcal/mol/Å]        7.386069  6.901447
    forces R²                    N/A  0.965553
    dipole mae [tgt units]   0.016558  0.018614
    dipole R²                    N/A  0.998688
    dipole MSE [tgt²]        0.000229  0.000313
    charge loss [e²]         0.000996  0.000035
    charge RMSE [e]          0.031566  0.005939
    LR scale:  1.000000, effective LR:  0.000400
epoch: 425                    train:   valid:
    weighted total loss      0.191017  0.156060
    energy MSE [eV²]         0.049182  0.035953
    force MSE [(eV/Å)²]      0.139629  0.119810
    energy mae [kcal/mol]          5.528702  4.381314
    energy R²                    N/A  0.946015
    forces mae [kcal/mol/Å]        7.423832  6.888801
    forces R²                    N/A  0.965399
    dipole mae [tgt units]   0.016973  0.018425
    dipole R²                    N/A  0.998766
    dipole MSE [tgt²]        0.000241  0.000293
    charge loss [e²]         0.001965  0.000005
    charge RMSE [e]          0.044330  0.002122
    LR scale:  1.000000, effective LR:  0.000400
epoch: 426                    train:   valid:
    weighted total loss      0.184667  0.154179
    energy MSE [eV²]         0.044652  0.033021
    force MSE [(eV/Å)²]      0.137966  0.120865
    energy mae [kcal/mol]          5.162994  4.021443
    energy R²                    N/A  0.950177
    forces mae [kcal/mol/Å]        7.382781  6.879694
    forces R²                    N/A  0.965136
    dipole mae [tgt units]   0.016764  0.018092
    dipole R²                    N/A  0.998783
    dipole MSE [tgt²]        0.000235  0.000288
    charge loss [e²]         0.001814  0.000006
    charge RMSE [e]          0.042585  0.002392
    LR scale:  1.000000, effective LR:  0.000400
epoch: 427                    train:   valid:
    weighted total loss      0.182648  0.158089
    energy MSE [eV²]         0.043853  0.036638
    force MSE [(eV/Å)²]      0.138527  0.121094
    energy mae [kcal/mol]          5.098937  4.385462
    energy R²                    N/A  0.944607
    forces mae [kcal/mol/Å]        7.387381  6.973936
    forces R²                    N/A  0.965009
    dipole mae [tgt units]   0.016721  0.018964
    dipole R²                    N/A  0.998614
    dipole MSE [tgt²]        0.000234  0.000333
    charge loss [e²]         0.000033  0.000024
    charge RMSE [e]          0.005750  0.004878
    LR scale:  1.000000, effective LR:  0.000400
epoch: 428                    train:   valid:
    weighted total loss      0.180071  0.156763
    energy MSE [eV²]         0.040902  0.035639
    force MSE [(eV/Å)²]      0.138575  0.120457
    energy mae [kcal/mol]          4.916945  3.870006
    energy R²                    N/A  0.945837
    forces mae [kcal/mol/Å]        7.383250  6.928203
    forces R²                    N/A  0.965196
    dipole mae [tgt units]   0.016408  0.018627
    dipole R²                    N/A  0.998742
    dipole MSE [tgt²]        0.000224  0.000298
    charge loss [e²]         0.000370  0.000369
    charge RMSE [e]          0.019235  0.019217
    LR scale:  1.000000, effective LR:  0.000400
epoch: 429                    train:   valid:
    weighted total loss      0.177176  0.155116
    energy MSE [eV²]         0.038285  0.033724
    force MSE [(eV/Å)²]      0.138065  0.121065
    energy mae [kcal/mol]          4.700594  4.008357
    energy R²                    N/A  0.949553
    forces mae [kcal/mol/Å]        7.378602  6.887767
    forces R²                    N/A  0.965087
    dipole mae [tgt units]   0.016558  0.019370
    dipole R²                    N/A  0.998628
    dipole MSE [tgt²]        0.000229  0.000324
    charge loss [e²]         0.000597  0.000003
    charge RMSE [e]          0.024435  0.001783
    LR scale:  1.000000, effective LR:  0.000400
epoch: 430                    train:   valid:
    weighted total loss      0.177980  0.151551
    energy MSE [eV²]         0.038376  0.032589
    force MSE [(eV/Å)²]      0.139265  0.118663
    energy mae [kcal/mol]          4.729373  3.830902
    energy R²                    N/A  0.950093
    forces mae [kcal/mol/Å]        7.400063  6.831178
    forces R²                    N/A  0.965730
    dipole mae [tgt units]   0.016543  0.018208
    dipole R²                    N/A  0.998754
    dipole MSE [tgt²]        0.000227  0.000295
    charge loss [e²]         0.000112  0.000005
    charge RMSE [e]          0.010586  0.002122
    LR scale:  1.000000, effective LR:  0.000400
    ✓ Best valid checkpoint: params-best-519bc841-31c3-452c-a2ff-bab82432437e.json (weighted loss=0.151551, epoch 430)
epoch: 431                    train:   valid:
    weighted total loss      0.182388  0.152945
    energy MSE [eV²]         0.041895  0.031664
    force MSE [(eV/Å)²]      0.138417  0.120942
    energy mae [kcal/mol]          5.054280  3.972220
    energy R²                    N/A  0.952371
    forces mae [kcal/mol/Å]        7.384850  6.921050
    forces R²                    N/A  0.965094
    dipole mae [tgt units]   0.016497  0.018596
    dipole R²                    N/A  0.998717
    dipole MSE [tgt²]        0.000227  0.000305
    charge loss [e²]         0.001849  0.000034
    charge RMSE [e]          0.042997  0.005826
    LR scale:  1.000000, effective LR:  0.000400
epoch: 432                    train:   valid:
    weighted total loss      0.193093  0.156797
    energy MSE [eV²]         0.051551  0.032703
    force MSE [(eV/Å)²]      0.138188  0.122160
    energy mae [kcal/mol]          5.681776  4.040949
    energy R²                    N/A  0.951189
    forces mae [kcal/mol/Å]        7.386286  6.938890
    forces R²                    N/A  0.964770
    dipole mae [tgt units]   0.016780  0.019119
    dipole R²                    N/A  0.998653
    dipole MSE [tgt²]        0.000234  0.000320
    charge loss [e²]         0.003120  0.001614
    charge RMSE [e]          0.055859  0.040172
    LR scale:  1.000000, effective LR:  0.000400
epoch: 433                    train:   valid:
    weighted total loss      0.192372  0.147161
    energy MSE [eV²]         0.052780  0.027533
    force MSE [(eV/Å)²]      0.138115  0.119310
    energy mae [kcal/mol]          5.739534  3.484446
    energy R²                    N/A  0.958417
    forces mae [kcal/mol/Å]        7.381492  6.836162
    forces R²                    N/A  0.965579
    dipole mae [tgt units]   0.016523  0.018840
    dipole R²                    N/A  0.998668
    dipole MSE [tgt²]        0.000230  0.000316
    charge loss [e²]         0.001248  0.000003
    charge RMSE [e]          0.035332  0.001710
    LR scale:  1.000000, effective LR:  0.000400
    ✓ Best valid checkpoint: params-best-519bc841-31c3-452c-a2ff-bab82432437e.json (weighted loss=0.147161, epoch 433)
epoch: 434                    train:   valid:
    weighted total loss      0.181665  0.152152
    energy MSE [eV²]         0.043594  0.032267
    force MSE [(eV/Å)²]      0.137805  0.119001
    energy mae [kcal/mol]          5.106219  3.949643
    energy R²                    N/A  0.951606
    forces mae [kcal/mol/Å]        7.356229  6.836092
    forces R²                    N/A  0.965665
    dipole mae [tgt units]   0.016145  0.017814
    dipole R²                    N/A  0.998806
    dipole MSE [tgt²]        0.000216  0.000283
    charge loss [e²]         0.000049  0.000600
    charge RMSE [e]          0.006994  0.024494
    LR scale:  1.000000, effective LR:  0.000400
epoch: 435                    train:   valid:
    weighted total loss      0.183391  0.155686
    energy MSE [eV²]         0.043276  0.034827
    force MSE [(eV/Å)²]      0.137305  0.118883
    energy mae [kcal/mol]          5.091499  4.183280
    energy R²                    N/A  0.947217
    forces mae [kcal/mol/Å]        7.341675  6.871360
    forces R²                    N/A  0.965659
    dipole mae [tgt units]   0.016592  0.019439
    dipole R²                    N/A  0.998624
    dipole MSE [tgt²]        0.000229  0.000326
    charge loss [e²]         0.002581  0.001650
    charge RMSE [e]          0.050803  0.040621
    LR scale:  1.000000, effective LR:  0.000400
epoch: 436                    train:   valid:
    weighted total loss      0.185221  0.150772
    energy MSE [eV²]         0.046454  0.031073
    force MSE [(eV/Å)²]      0.138238  0.119188
    energy mae [kcal/mol]          5.358555  3.676114
    energy R²                    N/A  0.953108
    forces mae [kcal/mol/Å]        7.356733  6.842604
    forces R²                    N/A  0.965592
    dipole mae [tgt units]   0.016342  0.018090
    dipole R²                    N/A  0.998763
    dipole MSE [tgt²]        0.000224  0.000293
    charge loss [e²]         0.000306  0.000217
    charge RMSE [e]          0.017489  0.014730
    LR scale:  1.000000, effective LR:  0.000400
epoch: 437                    train:   valid:
    weighted total loss      0.174282  0.182192
    energy MSE [eV²]         0.037270  0.063273
    force MSE [(eV/Å)²]      0.136621  0.118622
    energy mae [kcal/mol]          4.633307  6.804029
    energy R²                    N/A  0.903904
    forces mae [kcal/mol/Å]        7.325303  6.816394
    forces R²                    N/A  0.965769
    dipole mae [tgt units]   0.016187  0.018006
    dipole R²                    N/A  0.998771
    dipole MSE [tgt²]        0.000218  0.000292
    charge loss [e²]         0.000173  0.000004
    charge RMSE [e]          0.013143  0.002013
    LR scale:  1.000000, effective LR:  0.000400
epoch: 438                    train:   valid:
    weighted total loss      0.180081  0.151538
    energy MSE [eV²]         0.042220  0.033830
    force MSE [(eV/Å)²]      0.137376  0.117351
    energy mae [kcal/mol]          4.982577  3.970254
    energy R²                    N/A  0.948955
    forces mae [kcal/mol/Å]        7.334224  6.816888
    forces R²                    N/A  0.966103
    dipole mae [tgt units]   0.016410  0.018079
    dipole R²                    N/A  0.998778
    dipole MSE [tgt²]        0.000223  0.000293
    charge loss [e²]         0.000262  0.000063
    charge RMSE [e]          0.016202  0.007966
    LR scale:  1.000000, effective LR:  0.000400
epoch: 439                    train:   valid:
    weighted total loss      0.177720  0.149457
    energy MSE [eV²]         0.038781  0.029954
    force MSE [(eV/Å)²]      0.137333  0.119104
    energy mae [kcal/mol]          4.780031  3.639295
    energy R²                    N/A  0.955518
    forces mae [kcal/mol/Å]        7.343845  6.845380
    forces R²                    N/A  0.965611
    dipole mae [tgt units]   0.016343  0.017790
    dipole R²                    N/A  0.998821
    dipole MSE [tgt²]        0.000222  0.000280
    charge loss [e²]         0.001384  0.000119
    charge RMSE [e]          0.037201  0.010914
    LR scale:  1.000000, effective LR:  0.000400
epoch: 440                    train:   valid:
    weighted total loss      0.180059  0.148757
    energy MSE [eV²]         0.040960  0.028973
    force MSE [(eV/Å)²]      0.137565  0.119309
    energy mae [kcal/mol]          4.913990  3.609669
    energy R²                    N/A  0.956306
    forces mae [kcal/mol/Å]        7.333497  6.822297
    forces R²                    N/A  0.965579
    dipole mae [tgt units]   0.016380  0.018376
    dipole R²                    N/A  0.998760
    dipole MSE [tgt²]        0.000224  0.000295
    charge loss [e²]         0.001310  0.000180
    charge RMSE [e]          0.036193  0.013405
    LR scale:  1.000000, effective LR:  0.000400
epoch: 441                    train:   valid:
    weighted total loss      0.183212  0.156611
    energy MSE [eV²]         0.044470  0.037670
    force MSE [(eV/Å)²]      0.137950  0.118481
    energy mae [kcal/mol]          5.225194  4.153226
    energy R²                    N/A  0.942617
    forces mae [kcal/mol/Å]        7.346243  6.880605
    forces R²                    N/A  0.965744
    dipole mae [tgt units]   0.016370  0.020260
    dipole R²                    N/A  0.998455
    dipole MSE [tgt²]        0.000222  0.000366
    charge loss [e²]         0.000569  0.000094
    charge RMSE [e]          0.023861  0.009694
    LR scale:  1.000000, effective LR:  0.000400
epoch: 442                    train:   valid:
    weighted total loss      0.180374  0.154440
    energy MSE [eV²]         0.041849  0.034700
    force MSE [(eV/Å)²]      0.136577  0.119437
    energy mae [kcal/mol]          5.016741  4.317228
    energy R²                    N/A  0.947324
    forces mae [kcal/mol/Å]        7.309490  6.819035
    forces R²                    N/A  0.965545
    dipole mae [tgt units]   0.016579  0.018413
    dipole R²                    N/A  0.998744
    dipole MSE [tgt²]        0.000230  0.000300
    charge loss [e²]         0.001717  0.000003
    charge RMSE [e]          0.041443  0.001684
    LR scale:  1.000000, effective LR:  0.000400
epoch: 443                    train:   valid:
    weighted total loss      0.184111  0.153356
    energy MSE [eV²]         0.044310  0.035535
    force MSE [(eV/Å)²]      0.137451  0.117502
    energy mae [kcal/mol]          5.206044  4.394308
    energy R²                    N/A  0.945763
    forces mae [kcal/mol/Å]        7.327400  6.789943
    forces R²                    N/A  0.966071
    dipole mae [tgt units]   0.016220  0.017948
    dipole R²                    N/A  0.998784
    dipole MSE [tgt²]        0.000219  0.000289
    charge loss [e²]         0.002132  0.000030
    charge RMSE [e]          0.046170  0.005454
    LR scale:  1.000000, effective LR:  0.000400
epoch: 444                    train:   valid:
    weighted total loss      0.177239  0.151807
    energy MSE [eV²]         0.040637  0.033733
    force MSE [(eV/Å)²]      0.136362  0.117755
    energy mae [kcal/mol]          4.905586  4.010099
    energy R²                    N/A  0.949084
    forces mae [kcal/mol/Å]        7.318561  6.785028
    forces R²                    N/A  0.966005
    dipole mae [tgt units]   0.016168  0.018844
    dipole R²                    N/A  0.998667
    dipole MSE [tgt²]        0.000217  0.000316
    charge loss [e²]         0.000024  0.000003
    charge RMSE [e]          0.004883  0.001683
    LR scale:  1.000000, effective LR:  0.000400
epoch: 445                    train:   valid:
    weighted total loss      0.183856  0.150189
    energy MSE [eV²]         0.044703  0.032473
    force MSE [(eV/Å)²]      0.137477  0.116892
    energy mae [kcal/mol]          5.102196  3.858232
    energy R²                    N/A  0.950955
    forces mae [kcal/mol/Å]        7.327557  6.794877
    forces R²                    N/A  0.966214
    dipole mae [tgt units]   0.016176  0.018046
    dipole R²                    N/A  0.998744
    dipole MSE [tgt²]        0.000219  0.000303
    charge loss [e²]         0.001458  0.000523
    charge RMSE [e]          0.038180  0.022858
    LR scale:  1.000000, effective LR:  0.000400
epoch: 446                    train:   valid:
    weighted total loss      0.178942  0.157329
    energy MSE [eV²]         0.041863  0.038119
    force MSE [(eV/Å)²]      0.136404  0.118887
    energy mae [kcal/mol]          5.020973  4.768213
    energy R²                    N/A  0.942648
    forces mae [kcal/mol/Å]        7.298102  6.850240
    forces R²                    N/A  0.965685
    dipole mae [tgt units]   0.016194  0.018463
    dipole R²                    N/A  0.998728
    dipole MSE [tgt²]        0.000218  0.000304
    charge loss [e²]         0.000458  0.000019
    charge RMSE [e]          0.021393  0.004406
    LR scale:  1.000000, effective LR:  0.000400
epoch: 447                    train:   valid:
    weighted total loss      0.184355  0.149145
    energy MSE [eV²]         0.045482  0.029264
    force MSE [(eV/Å)²]      0.136951  0.119599
    energy mae [kcal/mol]          5.186477  3.684067
    energy R²                    N/A  0.956210
    forces mae [kcal/mol/Å]        7.331280  6.875213
    forces R²                    N/A  0.965507
    dipole mae [tgt units]   0.016290  0.017610
    dipole R²                    N/A  0.998830
    dipole MSE [tgt²]        0.000220  0.000279
    charge loss [e²]         0.001701  0.000002
    charge RMSE [e]          0.041248  0.001570
    LR scale:  1.000000, effective LR:  0.000400
epoch: 448                    train:   valid:
    weighted total loss      0.178646  0.150587
    energy MSE [eV²]         0.040705  0.032069
    force MSE [(eV/Å)²]      0.136878  0.118214
    energy mae [kcal/mol]          4.920766  4.036291
    energy R²                    N/A  0.951128
    forces mae [kcal/mol/Å]        7.302353  6.781641
    forces R²                    N/A  0.965893
    dipole mae [tgt units]   0.016241  0.017644
    dipole R²                    N/A  0.998813
    dipole MSE [tgt²]        0.000219  0.000284
    charge loss [e²]         0.000843  0.000019
    charge RMSE [e]          0.029042  0.004390
    LR scale:  1.000000, effective LR:  0.000400
epoch: 449                    train:   valid:
    weighted total loss      0.188069  0.154495
    energy MSE [eV²]         0.048472  0.036105
    force MSE [(eV/Å)²]      0.136891  0.118088
    energy mae [kcal/mol]          5.469313  4.410635
    energy R²                    N/A  0.944926
    forces mae [kcal/mol/Å]        7.317578  6.775967
    forces R²                    N/A  0.965925
    dipole mae [tgt units]   0.016283  0.018311
    dipole R²                    N/A  0.998739
    dipole MSE [tgt²]        0.000220  0.000298
    charge loss [e²]         0.002486  0.000005
    charge RMSE [e]          0.049859  0.002220
    LR scale:  1.000000, effective LR:  0.000400
epoch: 450                    train:   valid:
    weighted total loss      0.183113  0.173087
    energy MSE [eV²]         0.045991  0.054167
    force MSE [(eV/Å)²]      0.136897  0.118624
    energy mae [kcal/mol]          5.272882  5.813710
    energy R²                    N/A  0.918950
    forces mae [kcal/mol/Å]        7.312583  6.880942
    forces R²                    N/A  0.965719
    dipole mae [tgt units]   0.016006  0.018237
    dipole R²                    N/A  0.998770
    dipole MSE [tgt²]        0.000213  0.000294
    charge loss [e²]         0.000012  0.000002
    charge RMSE [e]          0.003468  0.001381
    LR scale:  1.000000, effective LR:  0.000400
epoch: 451                    train:   valid:
    weighted total loss      0.184880  0.152012
    energy MSE [eV²]         0.045894  0.030411
    force MSE [(eV/Å)²]      0.136747  0.117723
    energy mae [kcal/mol]          5.370922  3.773812
    energy R²                    N/A  0.954322
    forces mae [kcal/mol/Å]        7.312817  6.771447
    forces R²                    N/A  0.966034
    dipole mae [tgt units]   0.016489  0.019968
    dipole R²                    N/A  0.998524
    dipole MSE [tgt²]        0.000226  0.000356
    charge loss [e²]         0.002013  0.003523
    charge RMSE [e]          0.044861  0.059351
    LR scale:  1.000000, effective LR:  0.000400
epoch: 452                    train:   valid:
    weighted total loss      0.176966  0.156759
    energy MSE [eV²]         0.040204  0.035488
    force MSE [(eV/Å)²]      0.136369  0.120974
    energy mae [kcal/mol]          4.829205  4.288152
    energy R²                    N/A  0.946697
    forces mae [kcal/mol/Å]        7.287020  6.871750
    forces R²                    N/A  0.965096
    dipole mae [tgt units]   0.016085  0.018262
    dipole R²                    N/A  0.998761
    dipole MSE [tgt²]        0.000215  0.000295
    charge loss [e²]         0.000177  0.000002
    charge RMSE [e]          0.013317  0.001370
    LR scale:  1.000000, effective LR:  0.000400
epoch: 453                    train:   valid:
    weighted total loss      0.181364  0.151643
    energy MSE [eV²]         0.043419  0.034682
    force MSE [(eV/Å)²]      0.136687  0.116637
    energy mae [kcal/mol]          5.127445  4.061446
    energy R²                    N/A  0.947203
    forces mae [kcal/mol/Å]        7.294293  6.751854
    forces R²                    N/A  0.966321
    dipole mae [tgt units]   0.016238  0.018700
    dipole R²                    N/A  0.998691
    dipole MSE [tgt²]        0.000219  0.000311
    charge loss [e²]         0.001038  0.000013
    charge RMSE [e]          0.032224  0.003631
    LR scale:  1.000000, effective LR:  0.000400
epoch: 454                    train:   valid:
    weighted total loss      0.173075  0.150498
    energy MSE [eV²]         0.036871  0.033715
    force MSE [(eV/Å)²]      0.135932  0.116496
    energy mae [kcal/mol]          4.672485  3.878552
    energy R²                    N/A  0.948444
    forces mae [kcal/mol/Å]        7.267552  6.767166
    forces R²                    N/A  0.966337
    dipole mae [tgt units]   0.016214  0.017889
    dipole R²                    N/A  0.998810
    dipole MSE [tgt²]        0.000219  0.000286
    charge loss [e²]         0.000053  0.000002
    charge RMSE [e]          0.007262  0.001445
    LR scale:  1.000000, effective LR:  0.000400
epoch: 455                    train:   valid:
    weighted total loss      0.177582  0.145634
    energy MSE [eV²]         0.039183  0.029174
    force MSE [(eV/Å)²]      0.135969  0.116169
    energy mae [kcal/mol]          4.740002  3.577794
    energy R²                    N/A  0.955733
    forces mae [kcal/mol/Å]        7.295067  6.735716
    forces R²                    N/A  0.966445
    dipole mae [tgt units]   0.016394  0.017767
    dipole R²                    N/A  0.998820
    dipole MSE [tgt²]        0.000224  0.000283
    charge loss [e²]         0.002206  0.000008
    charge RMSE [e]          0.046973  0.002792
    LR scale:  1.000000, effective LR:  0.000400
    ✓ Best valid checkpoint: params-best-519bc841-31c3-452c-a2ff-bab82432437e.json (weighted loss=0.145634, epoch 455)
epoch: 456                    train:   valid:
    weighted total loss      0.179164  0.152601
    energy MSE [eV²]         0.042349  0.035112
    force MSE [(eV/Å)²]      0.135698  0.116594
    energy mae [kcal/mol]          5.039296  3.920155
    energy R²                    N/A  0.947484
    forces mae [kcal/mol/Å]        7.269937  6.739543
    forces R²                    N/A  0.966340
    dipole mae [tgt units]   0.016026  0.018065
    dipole R²                    N/A  0.998790
    dipole MSE [tgt²]        0.000214  0.000287
    charge loss [e²]         0.000904  0.000609
    charge RMSE [e]          0.030062  0.024671
    LR scale:  1.000000, effective LR:  0.000400
epoch: 457                    train:   valid:
    weighted total loss      0.187038  0.149904
    energy MSE [eV²]         0.047556  0.032295
    force MSE [(eV/Å)²]      0.136675  0.117309
    energy mae [kcal/mol]          5.361697  3.708870
    energy R²                    N/A  0.951201
    forces mae [kcal/mol/Å]        7.293626  6.759264
    forces R²                    N/A  0.966141
    dipole mae [tgt units]   0.016427  0.018060
    dipole R²                    N/A  0.998759
    dipole MSE [tgt²]        0.000227  0.000298
    charge loss [e²]         0.002580  0.000003
    charge RMSE [e]          0.050797  0.001598
    LR scale:  1.000000, effective LR:  0.000400
epoch: 458                    train:   valid:
    weighted total loss      0.173971  0.149413
    energy MSE [eV²]         0.037226  0.032098
    force MSE [(eV/Å)²]      0.136524  0.117015
    energy mae [kcal/mol]          4.661314  3.840011
    energy R²                    N/A  0.951089
    forces mae [kcal/mol/Å]        7.306349  6.766204
    forces R²                    N/A  0.966217
    dipole mae [tgt units]   0.016229  0.018291
    dipole R²                    N/A  0.998740
    dipole MSE [tgt²]        0.000217  0.000298
    charge loss [e²]         0.000004  0.000002
    charge RMSE [e]          0.001955  0.001465
    LR scale:  1.000000, effective LR:  0.000400
epoch: 459                    train:   valid:
    weighted total loss      0.179409  0.152877
    energy MSE [eV²]         0.042202  0.036483
    force MSE [(eV/Å)²]      0.135520  0.116079
    energy mae [kcal/mol]          5.121990  3.844302
    energy R²                    N/A  0.945209
    forces mae [kcal/mol/Å]        7.258374  6.731280
    forces R²                    N/A  0.966489
    dipole mae [tgt units]   0.016010  0.018620
    dipole R²                    N/A  0.998714
    dipole MSE [tgt²]        0.000212  0.000307
    charge loss [e²]         0.001475  0.000008
    charge RMSE [e]          0.038411  0.002799
    LR scale:  1.000000, effective LR:  0.000400
epoch: 460                    train:   valid:
    weighted total loss      0.181571  0.150749
    energy MSE [eV²]         0.045458  0.031499
    force MSE [(eV/Å)²]      0.135722  0.116425
    energy mae [kcal/mol]          5.290863  3.712991
    energy R²                    N/A  0.952563
    forces mae [kcal/mol/Å]        7.274451  6.781030
    forces R²                    N/A  0.966349
    dipole mae [tgt units]   0.015738  0.018641
    dipole R²                    N/A  0.998700
    dipole MSE [tgt²]        0.000205  0.000307
    charge loss [e²]         0.000185  0.002518
    charge RMSE [e]          0.013600  0.050184
    LR scale:  1.000000, effective LR:  0.000400
epoch: 461                    train:   valid:
    weighted total loss      0.179955  0.153747
    energy MSE [eV²]         0.041463  0.037032
    force MSE [(eV/Å)²]      0.136013  0.116392
    energy mae [kcal/mol]          4.996608  4.247700
    energy R²                    N/A  0.943017
    forces mae [kcal/mol/Å]        7.275226  6.828456
    forces R²                    N/A  0.966312
    dipole mae [tgt units]   0.016311  0.018459
    dipole R²                    N/A  0.998688
    dipole MSE [tgt²]        0.000220  0.000315
    charge loss [e²]         0.002259  0.000008
    charge RMSE [e]          0.047527  0.002865
    LR scale:  1.000000, effective LR:  0.000400
epoch: 462                    train:   valid:
    weighted total loss      0.180253  0.151731
    energy MSE [eV²]         0.044020  0.035510
    force MSE [(eV/Å)²]      0.135540  0.115837
    energy mae [kcal/mol]          5.133286  3.874052
    energy R²                    N/A  0.945561
    forces mae [kcal/mol/Å]        7.264249  6.798548
    forces R²                    N/A  0.966503
    dipole mae [tgt units]   0.016152  0.020004
    dipole R²                    N/A  0.998429
    dipole MSE [tgt²]        0.000218  0.000377
    charge loss [e²]         0.000474  0.000008
    charge RMSE [e]          0.021768  0.002844
    LR scale:  1.000000, effective LR:  0.000400
epoch: 463                    train:   valid:
    weighted total loss      0.183479  0.146730
    energy MSE [eV²]         0.045025  0.029901
    force MSE [(eV/Å)²]      0.135581  0.116548
    energy mae [kcal/mol]          5.241678  3.573424
    energy R²                    N/A  0.954585
    forces mae [kcal/mol/Å]        7.266473  6.735547
    forces R²                    N/A  0.966348
    dipole mae [tgt units]   0.016196  0.017598
    dipole R²                    N/A  0.998832
    dipole MSE [tgt²]        0.000216  0.000278
    charge loss [e²]         0.002658  0.000002
    charge RMSE [e]          0.051552  0.001568
    LR scale:  1.000000, effective LR:  0.000400
epoch: 464                    train:   valid:
    weighted total loss      0.184487  0.149773
    energy MSE [eV²]         0.048780  0.031384
    force MSE [(eV/Å)²]      0.134999  0.116200
    energy mae [kcal/mol]          5.588812  3.698339
    energy R²                    N/A  0.952717
    forces mae [kcal/mol/Å]        7.257973  6.735089
    forces R²                    N/A  0.966457
    dipole mae [tgt units]   0.015970  0.018169
    dipole R²                    N/A  0.998766
    dipole MSE [tgt²]        0.000211  0.000293
    charge loss [e²]         0.000497  0.001896
    charge RMSE [e]          0.022283  0.043548
    LR scale:  1.000000, effective LR:  0.000400
epoch: 465                    train:   valid:
    weighted total loss      0.178485  0.146347
    energy MSE [eV²]         0.042692  0.028238
    force MSE [(eV/Å)²]      0.134628  0.117826
    energy mae [kcal/mol]          5.080670  3.539757
    energy R²                    N/A  0.957193
    forces mae [kcal/mol/Å]        7.229387  6.762475
    forces R²                    N/A  0.966023
    dipole mae [tgt units]   0.015932  0.017690
    dipole R²                    N/A  0.998824
    dipole MSE [tgt²]        0.000208  0.000281
    charge loss [e²]         0.000956  0.000002
    charge RMSE [e]          0.030927  0.001441
    LR scale:  1.000000, effective LR:  0.000400
epoch: 466                    train:   valid:
    weighted total loss      0.172538  0.151069
    energy MSE [eV²]         0.036904  0.034634
    force MSE [(eV/Å)²]      0.135255  0.116099
    energy mae [kcal/mol]          4.668232  4.351027
    energy R²                    N/A  0.948006
    forces mae [kcal/mol/Å]        7.245493  6.712951
    forces R²                    N/A  0.966486
    dipole mae [tgt units]   0.015768  0.018054
    dipole R²                    N/A  0.998765
    dipole MSE [tgt²]        0.000207  0.000292
    charge loss [e²]         0.000172  0.000043
    charge RMSE [e]          0.013102  0.006589
    LR scale:  1.000000, effective LR:  0.000400
epoch: 467                    train:   valid:
    weighted total loss      0.174843  0.151308
    energy MSE [eV²]         0.038478  0.033880
    force MSE [(eV/Å)²]      0.134635  0.117114
    energy mae [kcal/mol]          4.692244  4.171718
    energy R²                    N/A  0.948376
    forces mae [kcal/mol/Å]        7.230501  6.731287
    forces R²                    N/A  0.966218
    dipole mae [tgt units]   0.015989  0.018480
    dipole R²                    N/A  0.998701
    dipole MSE [tgt²]        0.000213  0.000310
    charge loss [e²]         0.001518  0.000004
    charge RMSE [e]          0.038960  0.001971
    LR scale:  1.000000, effective LR:  0.000400
epoch: 468                    train:   valid:
    weighted total loss      0.180825  0.149480
    energy MSE [eV²]         0.043656  0.032802
    force MSE [(eV/Å)²]      0.134995  0.116383
    energy mae [kcal/mol]          5.079741  4.054362
    energy R²                    N/A  0.950452
    forces mae [kcal/mol/Å]        7.240580  6.742942
    forces R²                    N/A  0.966403
    dipole mae [tgt units]   0.015975  0.018074
    dipole R²                    N/A  0.998769
    dipole MSE [tgt²]        0.000213  0.000293
    charge loss [e²]         0.001961  0.000002
    charge RMSE [e]          0.044281  0.001537
    LR scale:  1.000000, effective LR:  0.000400
epoch: 469                    train:   valid:
    weighted total loss      0.178842  0.171474
    energy MSE [eV²]         0.042555  0.054759
    force MSE [(eV/Å)²]      0.134687  0.116360
    energy mae [kcal/mol]          5.129527  6.110044
    energy R²                    N/A  0.918127
    forces mae [kcal/mol/Å]        7.229573  6.712895
    forces R²                    N/A  0.966421
    dipole mae [tgt units]   0.016117  0.017992
    dipole R²                    N/A  0.998738
    dipole MSE [tgt²]        0.000215  0.000302
    charge loss [e²]         0.001386  0.000053
    charge RMSE [e]          0.037224  0.007259
    LR scale:  1.000000, effective LR:  0.000400
epoch: 470                    train:   valid:
    weighted total loss      0.178600  0.150621
    energy MSE [eV²]         0.043080  0.033441
    force MSE [(eV/Å)²]      0.135036  0.116794
    energy mae [kcal/mol]          5.090449  4.061881
    energy R²                    N/A  0.949501
    forces mae [kcal/mol/Å]        7.242011  6.764760
    forces R²                    N/A  0.966266
    dipole mae [tgt units]   0.015913  0.017962
    dipole R²                    N/A  0.998805
    dipole MSE [tgt²]        0.000210  0.000285
    charge loss [e²]         0.000274  0.000102
    charge RMSE [e]          0.016566  0.010078
    LR scale:  1.000000, effective LR:  0.000400
epoch: 471                    train:   valid:
    weighted total loss      0.174130  0.146934
    energy MSE [eV²]         0.038676  0.030403
    force MSE [(eV/Å)²]      0.134795  0.116204
    energy mae [kcal/mol]          4.751608  3.682149
    energy R²                    N/A  0.954230
    forces mae [kcal/mol/Å]        7.229793  6.701064
    forces R²                    N/A  0.966456
    dipole mae [tgt units]   0.016333  0.019311
    dipole R²                    N/A  0.998626
    dipole MSE [tgt²]        0.000222  0.000324
    charge loss [e²]         0.000437  0.000003
    charge RMSE [e]          0.020912  0.001769
    LR scale:  1.000000, effective LR:  0.000400
epoch: 472                    train:   valid:
    weighted total loss      0.172880  0.146289
    energy MSE [eV²]         0.037786  0.030131
    force MSE [(eV/Å)²]      0.134808  0.115868
    energy mae [kcal/mol]          4.707523  3.677935
    energy R²                    N/A  0.954286
    forces mae [kcal/mol/Å]        7.227254  6.687086
    forces R²                    N/A  0.966548
    dipole mae [tgt units]   0.015789  0.017544
    dipole R²                    N/A  0.998848
    dipole MSE [tgt²]        0.000207  0.000274
    charge loss [e²]         0.000080  0.000015
    charge RMSE [e]          0.008917  0.003831
    LR scale:  1.000000, effective LR:  0.000400
epoch: 473                    train:   valid:
    weighted total loss      0.179791  0.168983
    energy MSE [eV²]         0.044570  0.050440
    force MSE [(eV/Å)²]      0.134946  0.118234
    energy mae [kcal/mol]          5.161128  5.893997
    energy R²                    N/A  0.923560
    forces mae [kcal/mol/Å]        7.238072  6.853264
    forces R²                    N/A  0.965831
    dipole mae [tgt units]   0.015654  0.018401
    dipole R²                    N/A  0.998731
    dipole MSE [tgt²]        0.000201  0.000305
    charge loss [e²]         0.000074  0.000005
    charge RMSE [e]          0.008579  0.002235
    LR scale:  1.000000, effective LR:  0.000400
epoch: 474                    train:   valid:
    weighted total loss      0.172068  0.171132
    energy MSE [eV²]         0.037135  0.054417
    force MSE [(eV/Å)²]      0.134725  0.116429
    energy mae [kcal/mol]          4.661079  5.633407
    energy R²                    N/A  0.919486
    forces mae [kcal/mol/Å]        7.205191  6.823762
    forces R²                    N/A  0.966333
    dipole mae [tgt units]   0.015694  0.017758
    dipole R²                    N/A  0.998798
    dipole MSE [tgt²]        0.000203  0.000284
    charge loss [e²]         0.000005  0.000002
    charge RMSE [e]          0.002205  0.001343
    LR scale:  1.000000, effective LR:  0.000400
epoch: 475                    train:   valid:
    weighted total loss      0.178419  0.163679
    energy MSE [eV²]         0.042987  0.046703
    force MSE [(eV/Å)²]      0.135214  0.116679
    energy mae [kcal/mol]          4.993649  5.388518
    energy R²                    N/A  0.929615
    forces mae [kcal/mol/Å]        7.230338  6.743816
    forces R²                    N/A  0.966331
    dipole mae [tgt units]   0.016041  0.017740
    dipole R²                    N/A  0.998776
    dipole MSE [tgt²]        0.000214  0.000293
    charge loss [e²]         0.000004  0.000005
    charge RMSE [e]          0.002062  0.002152
    LR scale:  1.000000, effective LR:  0.000400
epoch: 476                    train:   valid:
    weighted total loss      0.170809  0.146461
    energy MSE [eV²]         0.037008  0.028669
    force MSE [(eV/Å)²]      0.133595  0.117515
    energy mae [kcal/mol]          4.648610  3.485058
    energy R²                    N/A  0.956679
    forces mae [kcal/mol/Å]        7.197898  6.734325
    forces R²                    N/A  0.966119
    dipole mae [tgt units]   0.015552  0.017733
    dipole R²                    N/A  0.998839
    dipole MSE [tgt²]        0.000200  0.000276
    charge loss [e²]         0.000006  0.000002
    charge RMSE [e]          0.002467  0.001289
    LR scale:  1.000000, effective LR:  0.000400
epoch: 477                    train:   valid:
    weighted total loss      0.177667  0.156628
    energy MSE [eV²]         0.043150  0.040667
    force MSE [(eV/Å)²]      0.134296  0.115663
    energy mae [kcal/mol]          5.125802  4.595202
    energy R²                    N/A  0.937823
    forces mae [kcal/mol/Å]        7.208128  6.679242
    forces R²                    N/A  0.966630
    dipole mae [tgt units]   0.015882  0.018121
    dipole R²                    N/A  0.998756
    dipole MSE [tgt²]        0.000207  0.000296
    charge loss [e²]         0.000014  0.000002
    charge RMSE [e]          0.003684  0.001499
    LR scale:  1.000000, effective LR:  0.000400
epoch: 478                    train:   valid:
    weighted total loss      0.188110  0.145097
    energy MSE [eV²]         0.052859  0.030101
    force MSE [(eV/Å)²]      0.134898  0.114713
    energy mae [kcal/mol]          5.849797  3.631407
    energy R²                    N/A  0.954597
    forces mae [kcal/mol/Å]        7.221920  6.674551
    forces R²                    N/A  0.966855
    dipole mae [tgt units]   0.015665  0.017671
    dipole R²                    N/A  0.998824
    dipole MSE [tgt²]        0.000204  0.000278
    charge loss [e²]         0.000148  0.000004
    charge RMSE [e]          0.012157  0.001955
    LR scale:  1.000000, effective LR:  0.000400
    ✓ Best valid checkpoint: params-best-519bc841-31c3-452c-a2ff-bab82432437e.json (weighted loss=0.145097, epoch 478)
epoch: 479                    train:   valid:
    weighted total loss      0.173734  0.151851
    energy MSE [eV²]         0.039643  0.034013
    force MSE [(eV/Å)²]      0.133795  0.117441
    energy mae [kcal/mol]          4.878427  4.100274
    energy R²                    N/A  0.948589
    forces mae [kcal/mol/Å]        7.196218  6.732315
    forces R²                    N/A  0.966131
    dipole mae [tgt units]   0.015567  0.020025
    dipole R²                    N/A  0.998561
    dipole MSE [tgt²]        0.000200  0.000341
    charge loss [e²]         0.000096  0.000055
    charge RMSE [e]          0.009799  0.007429
    LR scale:  1.000000, effective LR:  0.000400
epoch: 480                    train:   valid:
    weighted total loss      0.177525  0.165617
    energy MSE [eV²]         0.043962  0.044328
    force MSE [(eV/Å)²]      0.132852  0.116785
    energy mae [kcal/mol]          5.150183  4.798499
    energy R²                    N/A  0.932911
    forces mae [kcal/mol/Å]        7.168327  6.759902
    forces R²                    N/A  0.966255
    dipole mae [tgt units]   0.015544  0.017989
    dipole R²                    N/A  0.998770
    dipole MSE [tgt²]        0.000202  0.000291
    charge loss [e²]         0.000508  0.004214
    charge RMSE [e]          0.022546  0.064915
    LR scale:  1.000000, effective LR:  0.000400
epoch: 481                    train:   valid:
    weighted total loss      0.176487  0.152600
    energy MSE [eV²]         0.042333  0.036528
    force MSE [(eV/Å)²]      0.133794  0.115793
    energy mae [kcal/mol]          5.067600  4.269687
    energy R²                    N/A  0.946186
    forces mae [kcal/mol/Å]        7.189671  6.715459
    forces R²                    N/A  0.966546
    dipole mae [tgt units]   0.015718  0.017452
    dipole R²                    N/A  0.998847
    dipole MSE [tgt²]        0.000206  0.000276
    charge loss [e²]         0.000155  0.000002
    charge RMSE [e]          0.012441  0.001492
    LR scale:  1.000000, effective LR:  0.000400
epoch: 482                    train:   valid:
    weighted total loss      0.171994  0.147829
    energy MSE [eV²]         0.037987  0.032050
    force MSE [(eV/Å)²]      0.133792  0.115451
    energy mae [kcal/mol]          4.687268  3.685604
    energy R²                    N/A  0.950621
    forces mae [kcal/mol/Å]        7.184394  6.680080
    forces R²                    N/A  0.966672
    dipole mae [tgt units]   0.015830  0.019115
    dipole R²                    N/A  0.998648
    dipole MSE [tgt²]        0.000208  0.000326
    charge loss [e²]         0.000006  0.000002
    charge RMSE [e]          0.002495  0.001239
    LR scale:  1.000000, effective LR:  0.000400
epoch: 483                    train:   valid:
    weighted total loss      0.170301  0.153630
    energy MSE [eV²]         0.037036  0.036086
    force MSE [(eV/Å)²]      0.133059  0.117262
    energy mae [kcal/mol]          4.622228  3.768794
    energy R²                    N/A  0.945539
    forces mae [kcal/mol/Å]        7.177589  6.715968
    forces R²                    N/A  0.966186
    dipole mae [tgt units]   0.015548  0.017581
    dipole R²                    N/A  0.998816
    dipole MSE [tgt²]        0.000199  0.000281
    charge loss [e²]         0.000006  0.000002
    charge RMSE [e]          0.002543  0.001479
    LR scale:  1.000000, effective LR:  0.000400
epoch: 484                    train:   valid:
    weighted total loss      0.180572  0.148762
    energy MSE [eV²]         0.046600  0.032499
    force MSE [(eV/Å)²]      0.133579  0.115967
    energy mae [kcal/mol]          5.388081  3.792698
    energy R²                    N/A  0.950392
    forces mae [kcal/mol/Å]        7.178556  6.678731
    forces R²                    N/A  0.966537
    dipole mae [tgt units]   0.016058  0.017645
    dipole R²                    N/A  0.998789
    dipole MSE [tgt²]        0.000214  0.000290
    charge loss [e²]         0.000179  0.000006
    charge RMSE [e]          0.013361  0.002377
    LR scale:  1.000000, effective LR:  0.000400
epoch: 485                    train:   valid:
    weighted total loss      0.179622  0.145561
    energy MSE [eV²]         0.044819  0.029168
    force MSE [(eV/Å)²]      0.133947  0.115679
    energy mae [kcal/mol]          5.150990  3.725666
    energy R²                    N/A  0.955220
    forces mae [kcal/mol/Å]        7.190463  6.654706
    forces R²                    N/A  0.966630
    dipole mae [tgt units]   0.015626  0.018124
    dipole R²                    N/A  0.998768
    dipole MSE [tgt²]        0.000201  0.000292
    charge loss [e²]         0.000655  0.000421
    charge RMSE [e]          0.025599  0.020528
    LR scale:  1.000000, effective LR:  0.000400
epoch: 486                    train:   valid:
    weighted total loss      0.173471  0.171929
    energy MSE [eV²]         0.039211  0.056414
    force MSE [(eV/Å)²]      0.134014  0.115233
    energy mae [kcal/mol]          4.818464  6.395183
    energy R²                    N/A  0.914245
    forces mae [kcal/mol/Å]        7.180737  6.670218
    forces R²                    N/A  0.966729
    dipole mae [tgt units]   0.015445  0.017732
    dipole R²                    N/A  0.998823
    dipole MSE [tgt²]        0.000198  0.000280
    charge loss [e²]         0.000048  0.000002
    charge RMSE [e]          0.006963  0.001272
    LR scale:  1.000000, effective LR:  0.000400
epoch: 487                    train:   valid:
    weighted total loss      0.173218  0.148795
    energy MSE [eV²]         0.039337  0.032601
    force MSE [(eV/Å)²]      0.133683  0.115915
    energy mae [kcal/mol]          4.884555  4.174230
    energy R²                    N/A  0.951009
    forces mae [kcal/mol/Å]        7.184501  6.709606
    forces R²                    N/A  0.966545
    dipole mae [tgt units]   0.015299  0.017328
    dipole R²                    N/A  0.998845
    dipole MSE [tgt²]        0.000194  0.000276
    charge loss [e²]         0.000004  0.000002
    charge RMSE [e]          0.002085  0.001376
    LR scale:  1.000000, effective LR:  0.000400
epoch: 488                    train:   valid:
    weighted total loss      0.171724  0.159807
    energy MSE [eV²]         0.037984  0.039833
    force MSE [(eV/Å)²]      0.133536  0.119654
    energy mae [kcal/mol]          4.726871  4.531208
    energy R²                    N/A  0.938646
    forces mae [kcal/mol/Å]        7.169669  6.892869
    forces R²                    N/A  0.965508
    dipole mae [tgt units]   0.015501  0.018419
    dipole R²                    N/A  0.998677
    dipole MSE [tgt²]        0.000200  0.000319
    charge loss [e²]         0.000004  0.000001
    charge RMSE [e]          0.002035  0.001195
    LR scale:  1.000000, effective LR:  0.000400
epoch: 489                    train:   valid:
    weighted total loss      0.177384  0.150459
    energy MSE [eV²]         0.043167  0.031687
    force MSE [(eV/Å)²]      0.133904  0.115261
    energy mae [kcal/mol]          5.112377  3.759167
    energy R²                    N/A  0.950856
    forces mae [kcal/mol/Å]        7.179324  6.671551
    forces R²                    N/A  0.966727
    dipole mae [tgt units]   0.015725  0.017878
    dipole R²                    N/A  0.998776
    dipole MSE [tgt²]        0.000205  0.000291
    charge loss [e²]         0.000108  0.003220
    charge RMSE [e]          0.010394  0.056743
    LR scale:  1.000000, effective LR:  0.000400
epoch: 490                    train:   valid:
    weighted total loss      0.179268  0.151578
    energy MSE [eV²]         0.045424  0.034090
    force MSE [(eV/Å)²]      0.133463  0.117198
    energy mae [kcal/mol]          5.317346  3.822857
    energy R²                    N/A  0.947579
    forces mae [kcal/mol/Å]        7.188375  6.855276
    forces R²                    N/A  0.966089
    dipole mae [tgt units]   0.015774  0.018067
    dipole R²                    N/A  0.998791
    dipole MSE [tgt²]        0.000204  0.000289
    charge loss [e²]         0.000178  0.000002
    charge RMSE [e]          0.013335  0.001292
    LR scale:  1.000000, effective LR:  0.000400
epoch: 491                    train:   valid:
    weighted total loss      0.171136  0.149920
    energy MSE [eV²]         0.037849  0.034372
    force MSE [(eV/Å)²]      0.133081  0.115215
    energy mae [kcal/mol]          4.708787  3.980474
    energy R²                    N/A  0.948505
    forces mae [kcal/mol/Å]        7.159286  6.743930
    forces R²                    N/A  0.966666
    dipole mae [tgt units]   0.015450  0.018877
    dipole R²                    N/A  0.998624
    dipole MSE [tgt²]        0.000198  0.000330
    charge loss [e²]         0.000008  0.000002
    charge RMSE [e]          0.002846  0.001417
    LR scale:  1.000000, effective LR:  0.000400
epoch: 492                    train:   valid:
    weighted total loss      0.171062  0.154178
    energy MSE [eV²]         0.037516  0.038884
    force MSE [(eV/Å)²]      0.133045  0.114991
    energy mae [kcal/mol]          4.617405  4.604560
    energy R²                    N/A  0.942128
    forces mae [kcal/mol/Å]        7.157789  6.648737
    forces R²                    N/A  0.966799
    dipole mae [tgt units]   0.015498  0.017318
    dipole R²                    N/A  0.998867
    dipole MSE [tgt²]        0.000198  0.000270
    charge loss [e²]         0.000302  0.000033
    charge RMSE [e]          0.017378  0.005779
    LR scale:  1.000000, effective LR:  0.000400
epoch: 493                    train:   valid:
    weighted total loss      0.177362  0.145788
    energy MSE [eV²]         0.043991  0.030132
    force MSE [(eV/Å)²]      0.133160  0.115373
    energy mae [kcal/mol]          5.157004  3.628706
    energy R²                    N/A  0.954324
    forces mae [kcal/mol/Å]        7.152689  6.650180
    forces R²                    N/A  0.966701
    dipole mae [tgt units]   0.015393  0.017640
    dipole R²                    N/A  0.998818
    dipole MSE [tgt²]        0.000196  0.000280
    charge loss [e²]         0.000015  0.000003
    charge RMSE [e]          0.003829  0.001806
    LR scale:  1.000000, effective LR:  0.000400
epoch: 494                    train:   valid:
    weighted total loss      0.176221  0.147942
    energy MSE [eV²]         0.043176  0.034525
    force MSE [(eV/Å)²]      0.132794  0.113124
    energy mae [kcal/mol]          5.149102  3.746330
    energy R²                    N/A  0.947379
    forces mae [kcal/mol/Å]        7.151049  6.627849
    forces R²                    N/A  0.967309
    dipole mae [tgt units]   0.015840  0.017782
    dipole R²                    N/A  0.998816
    dipole MSE [tgt²]        0.000207  0.000282
    charge loss [e²]         0.000045  0.000010
    charge RMSE [e]          0.006671  0.003112
    LR scale:  1.000000, effective LR:  0.000400
epoch: 495                    train:   valid:
    weighted total loss      0.168813  0.148518
    energy MSE [eV²]         0.035390  0.035176
    force MSE [(eV/Å)²]      0.132823  0.113055
    energy mae [kcal/mol]          4.512242  3.923205
    energy R²                    N/A  0.946128
    forces mae [kcal/mol/Å]        7.148246  6.620182
    forces R²                    N/A  0.967329
    dipole mae [tgt units]   0.015475  0.017677
    dipole R²                    N/A  0.998807
    dipole MSE [tgt²]        0.000197  0.000285
    charge loss [e²]         0.000403  0.000003
    charge RMSE [e]          0.020064  0.001653
    LR scale:  1.000000, effective LR:  0.000400
epoch: 496                    train:   valid:
    weighted total loss      0.178748  0.151580
    energy MSE [eV²]         0.045645  0.035838
    force MSE [(eV/Å)²]      0.132893  0.115435
    energy mae [kcal/mol]          5.292603  4.247754
    energy R²                    N/A  0.946065
    forces mae [kcal/mol/Å]        7.152355  6.665503
    forces R²                    N/A  0.966674
    dipole mae [tgt units]   0.015701  0.017688
    dipole R²                    N/A  0.998801
    dipole MSE [tgt²]        0.000204  0.000287
    charge loss [e²]         0.000006  0.000020
    charge RMSE [e]          0.002346  0.004423
    LR scale:  1.000000, effective LR:  0.000400
epoch: 497                    train:   valid:
    weighted total loss      0.173570  0.148527
    energy MSE [eV²]         0.040496  0.033242
    force MSE [(eV/Å)²]      0.132865  0.114977
    energy mae [kcal/mol]          4.845236  4.044775
    energy R²                    N/A  0.949498
    forces mae [kcal/mol/Å]        7.153362  6.655848
    forces R²                    N/A  0.966791
    dipole mae [tgt units]   0.015494  0.018325
    dipole R²                    N/A  0.998731
    dipole MSE [tgt²]        0.000198  0.000302
    charge loss [e²]         0.000011  0.000005
    charge RMSE [e]          0.003264  0.002241
    LR scale:  1.000000, effective LR:  0.000400
epoch: 498                    train:   valid:
    weighted total loss      0.168889  0.144793
    energy MSE [eV²]         0.036435  0.031049
    force MSE [(eV/Å)²]      0.132247  0.113468
    energy mae [kcal/mol]          4.673421  3.791336
    energy R²                    N/A  0.952458
    forces mae [kcal/mol/Å]        7.133086  6.587004
    forces R²                    N/A  0.967247
    dipole mae [tgt units]   0.015386  0.017397
    dipole R²                    N/A  0.998847
    dipole MSE [tgt²]        0.000196  0.000275
    charge loss [e²]         0.000012  0.000002
    charge RMSE [e]          0.003428  0.001319
    LR scale:  1.000000, effective LR:  0.000400
    ✓ Best valid checkpoint: params-best-519bc841-31c3-452c-a2ff-bab82432437e.json (weighted loss=0.144793, epoch 498)
epoch: 499                    train:   valid:
    weighted total loss      0.175768  0.202796
    energy MSE [eV²]         0.042408  0.086850
    force MSE [(eV/Å)²]      0.132818  0.114895
    energy mae [kcal/mol]          5.083928  8.317554
    energy R²                    N/A  0.870525
    forces mae [kcal/mol/Å]        7.140759  6.691392
    forces R²                    N/A  0.966807
    dipole mae [tgt units]   0.015497  0.018283
    dipole R²                    N/A  0.998735
    dipole MSE [tgt²]        0.000197  0.000301
    charge loss [e²]         0.000344  0.000750
    charge RMSE [e]          0.018547  0.027386
    LR scale:  1.000000, effective LR:  0.000400
epoch: 500                    train:   valid:
    weighted total loss      0.169368  0.148451
    energy MSE [eV²]         0.036519  0.033691
    force MSE [(eV/Å)²]      0.132636  0.114468
    energy mae [kcal/mol]          4.580432  4.180410
    energy R²                    N/A  0.949121
    forces mae [kcal/mol/Å]        7.131549  6.646236
    forces R²                    N/A  0.966958
    dipole mae [tgt units]   0.015317  0.018051
    dipole R²                    N/A  0.998784
    dipole MSE [tgt²]        0.000193  0.000291
    charge loss [e²]         0.000020  0.000001
    charge RMSE [e]          0.004464  0.001188
    LR scale:  1.000000, effective LR:  0.000400

✓ Model config saved to /mmhome/boittier/home/ckpts/dipeptide_ef2_ptF_run1/config-519bc841-31c3-452c-a2ff-bab82432437e.json
✓ Parameters saved to /mmhome/boittier/home/ckpts/dipeptide_ef2_ptF_run1/params-519bc841-31c3-452c-a2ff-bab82432437e.json
✓ Round-trip check: 38 leaves, max diff = 0.00e+00
✓ Created symlinks in /mmhome/boittier/home/ckpts/dipeptide_ef2_ptF_run1: params.json, config.json, params-best.json, best-valid.json

============================================================
Training complete!
UUID: 519bc841-31c3-452c-a2ff-bab82432437e
Config: /mmhome/boittier/home/ckpts/dipeptide_ef2_ptF_run1/config-519bc841-31c3-452c-a2ff-bab82432437e.json
Params: /mmhome/boittier/home/ckpts/dipeptide_ef2_ptF_run1/params-519bc841-31c3-452c-a2ff-bab82432437e.json
============================================================
