{
  "mae": 0.04427865520119667,
  "rmse": 0.06240346282720566,
  "r2": 0.999650776386261,
  "mean_error": 0.00015708405408076942,
  "std_error": 0.06240326538681984,
  "max_abs_error": 0.3222618103027344,
  "mae_kcal_mol": 1.0210813283920288,
  "rmse_kcal_mol": 1.4390456676483154,
  "mean_error_kcal_mol": 0.003622413380071521,
  "std_error_kcal_mol": 1.4390411376953125,
  "max_abs_error_kcal_mol": 7.4314703941345215,
  "mae_overall": 0.0016563310055062175,
  "rmse_overall": 0.0025111231952905655,
  "r2_overall": 0.9959523677825928,
  "r_overall": 0.9979744445170785,
  "mae_x": 0.001554481452330947,
  "mae_y": 0.0016887782840058208,
  "mae_z": 0.0017257335130125284,
  "r2_x": 0.9957202076911926,
  "r2_y": 0.9958400726318359,
  "r2_z": 0.9963877201080322,
  "mae_components": [
    0.10628065466880798,
    0.1153724268078804,
    0.08590003103017807
  ],
  "mae_magnitude": 0.001657296670600772,
  "rmse_magnitude": 0.0024506724439561367,
  "r2_magnitude": 0.9825093150138855,
  "mae_overall_kcal_mol_ang": 2.3640940189361572,
  "rmse_overall_kcal_mol_ang": 3.227388381958008,
  "mae_x_kcal_mol_ang": 2.450869083404541,
  "mae_y_kcal_mol_ang": 2.6605286598205566,
  "mae_z_kcal_mol_ang": 1.9808847904205322,
  "mae_magnitude_kcal_mol_ang": 3.531378746032715,
  "rmse_magnitude_kcal_mol_ang": 4.748884677886963,
  "r": 0.9998333547627152,
  "mae_overall_debye": 0.0016563310055062175,
  "rmse_overall_debye": 0.0025111231952905655,
  "mae_x_debye": 0.001554481452330947,
  "mae_y_debye": 0.0016887782840058208,
  "mae_z_debye": 0.0017257335130125284,
  "mae_magnitude_debye": 0.001657296670600772,
  "rmse_magnitude_debye": 0.0024506724439561367
}