step,time_fs,E_pot_eV,E_kin_eV,E_tot_eV,T_K
0,0.0,-68.16629028320312,0.7802276914959266,-67.3860625917072,402.40753147112144
1000,500.0,-67.88561248779297,0.4947386528431442,-67.39087383494983,255.16469382450413
2000,1000.0,-67.8311996459961,0.45074622208765186,-67.38045342390845,232.47531012704746
3000,1500.0,-67.83251953125,0.45670923375674205,-67.37581029749326,235.55077236973128
4000,2000.0,-67.77913665771484,0.385843236144098,-67.39329342157075,199.00117091958668
5000,2500.0,-67.83866119384766,0.43031368942600023,-67.40834750442166,221.937097859403
6000,3000.0,-67.8592300415039,0.4545728393709759,-67.40465720213292,234.44891300176062
7000,3500.0,-67.79672241210938,0.4231394324519857,-67.37358297965739,218.23692793398357
8000,4000.0,-67.83934020996094,0.44498367326676075,-67.39435653669418,229.50323790855109
9000,4500.0,-67.77658081054688,0.39616033429245634,-67.38042047625441,204.32228172233988
10000,5000.0,-67.80721282958984,0.4069975545911084,-67.40021527499873,209.91164892363471
11000,5500.0,-67.73379516601562,0.3531505750479254,-67.3806445909677,182.1397172794201
12000,6000.0,-67.78137969970703,0.3978949187432087,-67.38348478096383,205.2169049900903
13000,6500.0,-67.70782470703125,0.322168883530929,-67.38565582350031,166.16070738264125
14000,7000.0,-67.77658081054688,0.38320033128143505,-67.39338047926545,197.638075462595
15000,7500.0,-67.83887481689453,0.44579087449548577,-67.39308394239904,229.91955721814762
16000,8000.0,-67.7481460571289,0.36474547599398605,-67.38340058113492,188.1198632268301
17000,8500.0,-67.74271392822266,0.3608735159746781,-67.38184041224798,186.12287453967232
18000,9000.0,-67.70053100585938,0.3183589178231976,-67.38217208803617,164.19569266687503
19000,9500.0,-67.715087890625,0.33360004320293923,-67.38148784742206,172.0564026977439
20000,10000.0,-67.78182983398438,0.38700274171180116,-67.39482709227258,199.59919349467867
21000,10500.0,-67.80784606933594,0.43164163685927326,-67.37620443247667,222.62199542760166
22000,11000.0,-67.88044738769531,0.48352303243622713,-67.39692435525909,249.38016429414176
23000,11500.0,-67.73619079589844,0.35563186207724357,-67.38055893382119,183.4194572825272
24000,12000.0,-67.72184753417969,0.3416740172285045,-67.38017351695119,176.2206075730673
25000,12500.0,-67.85816192626953,0.4606672844778716,-67.39749464179165,237.5921628990439
26000,13000.0,-67.75749206542969,0.37142643295237193,-67.38606563247731,191.56561044497138
27000,13500.0,-67.80233764648438,0.4156169064174588,-67.38672074006692,214.35713596431208
28000,14000.0,-67.77427673339844,0.3857732420693989,-67.38850349132903,198.9650710180781
29000,14500.0,-67.74349975585938,0.3727282525420333,-67.37077150331734,192.23703240705527
30000,15000.0,-67.79840087890625,0.4160550188456898,-67.38234586006055,214.58309531268287
31000,15500.0,-67.80868530273438,0.42464442806242636,-67.38404087467195,219.01313925674646
32000,16000.0,-67.67372131347656,0.27919652435761655,-67.39452478911895,143.99743227089994
33000,16500.0,-67.60440826416016,0.2211737268239414,-67.38323453733622,114.07179520486818
34000,17000.0,-67.83296966552734,0.42869018537464254,-67.4042794801527,221.09976503366386
35000,17500.0,-67.80438995361328,0.41742165394400227,-67.38696829966928,215.28794629698888
36000,18000.0,-67.76783752441406,0.38019438953610624,-67.38764313487796,196.08774136055285
37000,18500.0,-67.83125305175781,0.44731195984518085,-67.38394109191263,230.7040669290938
38000,19000.0,-67.64269256591797,0.2594399054241311,-67.38325266049384,133.80782692634136
39000,19500.0,-67.77705383300781,0.3781635539190435,-67.39889027908877,195.04032461747494
40000,20000.0,-67.68576049804688,0.3047785048749337,-67.38098199317194,157.19150592698685
41000,20500.0,-67.77216339111328,0.39086592330712355,-67.38129746780616,201.59165465228995
42000,21000.0,-67.7738037109375,0.37959562370096395,-67.39420808723654,195.77892396753404
43000,21500.0,-67.69863891601562,0.30609767547928046,-67.39254124053635,157.87187678830128
44000,22000.0,-67.93877410888672,0.5373083366521234,-67.4014657722346,277.1202864851972
45000,22500.0,-67.67085266113281,0.2858492130264586,-67.38500344810636,147.42859993394694
46000,23000.0,-67.79393005371094,0.41738570568389,-67.37654434802705,215.2694057468775
47000,23500.0,-67.77265930175781,0.37622822126481925,-67.39643108049299,194.04216415169006
48000,24000.0,-67.8551254272461,0.4690203315863948,-67.3861050956597,241.90030154092952
49000,24500.0,-67.90274047851562,0.5247145855049727,-67.37802589301066,270.62497701807234
50000,25000.0,-67.77794647216797,0.40673478098048327,-67.37121169118748,209.7761217164618
51000,25500.0,-67.77193450927734,0.3858137437238701,-67.38612076555347,198.98596001109118
52000,26000.0,-67.59477996826172,0.21175369796064752,-67.38302627030107,109.21335374914783
53000,26500.0,-67.78355407714844,0.39985470859352706,-67.38369936855491,206.2276794146134
54000,27000.0,-67.91797637939453,0.5201969580137449,-67.39777942138079,268.29498111217777
55000,27500.0,-67.67969512939453,0.3027719628471487,-67.37692316654739,156.1566187613623
56000,28000.0,-67.85043334960938,0.45813805412923325,-67.39229529548014,236.28769581563904
57000,28500.0,-67.73797607421875,0.3505093232815744,-67.38746675093718,180.77747441765595
58000,29000.0,-67.82362365722656,0.4367315585050229,-67.38689209872155,225.2471557842156
59000,29500.0,-67.71644592285156,0.3290251994624531,-67.38742072338911,169.69689713732797
60000,30000.0,-67.70504760742188,0.32772921894902346,-67.37731838847286,169.02848671697487
61000,30500.0,-67.74207305908203,0.36267306189206716,-67.37939999718996,187.05100210842994
62000,31000.0,-67.81478118896484,0.4298167128439466,-67.3849644761209,221.68077893896105
63000,31500.0,-67.78660583496094,0.39011762537417766,-67.39648820958676,201.20571510248448
64000,32000.0,-67.77472686767578,0.4037558709872174,-67.37097099668857,208.2397294172261
65000,32500.0,-67.76605987548828,0.36940236190267645,-67.39665751358561,190.52168257172647
66000,33000.0,-67.75146484375,0.36322531650562545,-67.38823952724438,187.3358310349186
67000,33500.0,-67.60794067382812,0.22431089703742926,-67.3836297767907,115.68981124707497
68000,34000.0,-67.8565902709961,0.4691040593051271,-67.38748621169097,241.94348465911156
69000,34500.0,-67.77241516113281,0.3889762617565713,-67.38343889937624,200.61704935673106
70000,35000.0,-67.87061309814453,0.48788908741171216,-67.38272401073282,251.63198568436133
71000,35500.0,-67.8863525390625,0.49521475151616035,-67.39113778754634,255.41024482690162
72000,36000.0,-67.71530151367188,0.32833105388432743,-67.38697045978755,169.33888701846178
73000,36500.0,-67.82735443115234,0.4361781325113975,-67.39117629864094,224.96172271080115
74000,37000.0,-67.79439544677734,0.38862908350834413,-67.405766363269,200.43798990604466
75000,37500.0,-67.72592163085938,0.34751985766131777,-67.37840177319806,179.23563798480802
76000,38000.0,-67.84217071533203,0.4678973469799064,-67.37427336835212,241.32111489028574
77000,38500.0,-67.8031997680664,0.4232276101121286,-67.37997215795428,218.28240613853305
78000,39000.0,-67.75899505615234,0.3696236251771447,-67.3893714309752,190.63580055171417
79000,39500.0,-67.84424591064453,0.4645429597722064,-67.37970295087233,239.59106776357987
80000,40000.0,-67.79016876220703,0.41172546534298354,-67.37844329686405,212.35009979562327
81000,40500.0,-67.80377960205078,0.4183627686766939,-67.3854168333741,215.77333237151726
82000,41000.0,-67.8643569946289,0.47440650024562825,-67.38995049438327,244.67825323102352
83000,41500.0,-67.74311828613281,0.36924803803568046,-67.37387024809713,190.44208902865975
84000,42000.0,-67.77228546142578,0.3773783540017373,-67.39490710742405,194.63535262804362
85000,42500.0,-67.7726821899414,0.3750480582044009,-67.39763413173701,193.4334873397125
86000,43000.0,-67.76556396484375,0.3704903638339164,-67.39507360100983,191.0828266789635
87000,43500.0,-67.8555679321289,0.4685540050944053,-67.3870139270345,241.65979060476766
88000,44000.0,-67.74923706054688,0.34077633790110523,-67.40846072264577,175.75762359271306
89000,44500.0,-67.76615905761719,0.36077535232526026,-67.40538370529192,186.0722459958857
90000,45000.0,-67.73477172851562,0.34945762175730694,-67.38531410675832,180.2350524825751
91000,45500.0,-67.69669342041016,0.2939874874749503,-67.4027059329352,151.62596817266336
92000,46000.0,-67.7821044921875,0.3913014365226364,-67.39080305566486,201.81627343971283
93000,46500.0,-67.73178100585938,0.33418152948707774,-67.39759947637229,172.35630804939305
94000,47000.0,-67.78992462158203,0.37586087086801184,-67.41406375071402,193.85270078352792
95000,47500.0,-67.8411636352539,0.44885671396758897,-67.39230692128632,231.50078396426628
96000,48000.0,-67.82379150390625,0.42712612092245644,-67.3966653829838,220.29308856969575
97000,48500.0,-67.71920013427734,0.3297910958484265,-67.38940903842892,170.09191320430614
98000,49000.0,-67.74118041992188,0.3486822989940016,-67.39249812092787,179.83517469987697
99000,49500.0,-67.77925109863281,0.3966127593384337,-67.38263833929437,204.55562289686088
100000,50000.0,-67.63380432128906,0.23522059341179993,-67.39858372787727,121.3165584581266
101000,50500.0,-67.82312774658203,0.42316604280588715,-67.39996170377614,218.25065239793398
102000,51000.0,-67.79031372070312,0.3958647738670131,-67.3944489468361,204.16984450112932
103000,51500.0,-67.75865173339844,0.35854360886405195,-67.40010812453438,184.9212097190525
104000,52000.0,-67.77132415771484,0.38776374134836794,-67.38356041636648,199.99168403114516
105000,52500.0,-67.81971740722656,0.42570161621677993,-67.39401579100978,219.55839095715496
106000,53000.0,-67.84656524658203,0.45290147920729557,-67.39366376737473,233.58689807330265
107000,53500.0,-67.74454498291016,0.3490684388545294,-67.39547654405563,180.03432885676116
108000,54000.0,-67.7019271850586,0.3153045729549422,-67.38662261210365,162.62039433781982
109000,54500.0,-67.78626251220703,0.3891248146660477,-67.39713769754098,200.69366649073797
110000,55000.0,-67.84298706054688,0.45633763234909297,-67.38664942819779,235.35911651494285
111000,55500.0,-67.74517822265625,0.3555126119272481,-67.389665610729,183.3579532382459
112000,56000.0,-67.76068878173828,0.3734735652866164,-67.38721521645166,192.62143232645138
113000,56500.0,-67.76292419433594,0.36823324830684084,-67.3946909460291,189.91870459332696
114000,57000.0,-67.83452606201172,0.4416495323801627,-67.39287652963155,227.7836329542839
115000,57500.0,-67.7420654296875,0.36803217242353903,-67.37403325726396,189.81499839227848
116000,58000.0,-67.78394317626953,0.39716996870293036,-67.3867732075666,204.84300726853036
117000,58500.0,-67.81114196777344,0.41227510445500304,-67.39886686331843,212.63357976009834
118000,59000.0,-67.77313995361328,0.3783702967290005,-67.39476965688428,195.14695357298498
119000,59500.0,-67.86656951904297,0.4673467256757367,-67.39922279336723,241.03712835378954
120000,60000.0,-67.75579071044922,0.36684157093193365,-67.38894913951728,189.20093789119045
121000,60500.0,-67.73765563964844,0.3415877600022475,-67.3960678796462,176.17611984484648
122000,61000.0,-67.71369171142578,0.3417164677382635,-67.37197524368752,176.2425017009328
123000,61500.0,-67.82174682617188,0.4339088715675949,-67.38783795460428,223.791336547105
124000,62000.0,-67.67998504638672,0.3049863470533687,-67.37499869933335,157.29870188897488
125000,62500.0,-67.82864379882812,0.446842218520889,-67.38180158030724,230.46179477085263
126000,63000.0,-67.77194213867188,0.3884830879482522,-67.38345905072362,200.3626917416977
127000,63500.0,-67.85295867919922,0.45458869741340496,-67.39836998178582,234.45709189079184
128000,64000.0,-67.79911804199219,0.4078839980218055,-67.39123404397039,210.3688379168268
129000,64500.0,-67.74195861816406,0.341737306212025,-67.40022131195204,176.25324927997596
130000,65000.0,-67.72213745117188,0.35416074664163155,-67.36797670453025,182.66071988137358
131000,65500.0,-67.75726318359375,0.36265431692294775,-67.39460886667081,187.04133426808914
132000,66000.0,-67.62355041503906,0.23560786799705444,-67.387942547042,121.5162978567052
133000,66500.0,-67.61776733398438,0.2398574413325255,-67.37790989265184,123.70804307976147
134000,67000.0,-67.75315856933594,0.36491209076403874,-67.3882464785719,188.2057958834819
135000,67500.0,-67.82227325439453,0.4411049133067359,-67.3811683410878,227.50274210752403
136000,68000.0,-67.73710632324219,0.3516114475516532,-67.38549487569054,181.34590221345294
137000,68500.0,-67.7065200805664,0.31114241551551547,-67.39537766505089,160.47373443450027
138000,69000.0,-67.7743148803711,0.39351755984658265,-67.38079732052451,202.95925352865967
139000,69500.0,-67.8270034790039,0.44824051118869135,-67.37876296781522,231.1829733535375
140000,70000.0,-67.85415649414062,0.4743264706048476,-67.37983002353577,244.63697742071577
141000,70500.0,-67.73416900634766,0.3700637026315231,-67.36410530371613,190.86277337516393
142000,71000.0,-67.67657470703125,0.2958615433647671,-67.38071316366648,152.5925247466991
143000,71500.0,-67.68595886230469,0.31078503669785645,-67.37517382560684,160.28941397345832
144000,72000.0,-67.80650329589844,0.43398176478720324,-67.37252153111123,223.8289317015494
145000,72500.0,-67.8409194946289,0.4813674132095241,-67.35955208141938,248.26838958880398
146000,73000.0,-67.83848571777344,0.4435593593024716,-67.39492635847097,228.7686386721275
147000,73500.0,-67.75269317626953,0.37802805158509434,-67.37466512468444,194.970438403095
148000,74000.0,-67.75894165039062,0.3862379300569136,-67.37270372033372,199.2047368848478
149000,74500.0,-67.77977752685547,0.3693883392788334,-67.41038918757664,190.51445031182732
150000,75000.0,-67.79438781738281,0.4198575305812444,-67.37453028680157,216.54426559357964
151000,75500.0,-67.7032699584961,0.302020872538425,-67.40124908595767,155.7692390254984
152000,76000.0,-67.84042358398438,0.4601369303770668,-67.38028665360731,237.31862930514998
153000,76500.0,-67.79942321777344,0.42913657523095844,-67.37028664254248,221.32999351967084
154000,77000.0,-67.76436614990234,0.39180126275497495,-67.37256488714736,202.07406208591462
155000,77500.0,-67.72891998291016,0.3563811557386008,-67.37253882717155,183.8059103857689
156000,78000.0,-67.73944854736328,0.3675767336903826,-67.3718718136729,189.5801028888974
157000,78500.0,-67.77349090576172,0.3884425231668318,-67.38504838259489,200.34177019054798
158000,79000.0,-67.75540924072266,0.38087114308424874,-67.3745380976384,196.4367814262806
159000,79500.0,-67.80467987060547,0.42322434640205847,-67.3814555242034,218.2807228587327
160000,80000.0,-67.83824920654297,0.45078653701677396,-67.3874626695262,232.4961028152413
161000,80500.0,-67.76249694824219,0.39096869984001237,-67.37152824840217,201.6446623208766
162000,81000.0,-67.76241302490234,0.4016307458751738,-67.36078227902718,207.14368225083402
163000,81500.0,-67.77056884765625,0.40778522113800353,-67.36278362651825,210.31789309339845
164000,82000.0,-67.83686065673828,0.45319681549385843,-67.38366384124443,233.7392196934207
165000,82500.0,-67.76676940917969,0.39613574232458015,-67.37063366685511,204.3095982541742
166000,83000.0,-67.79833984375,0.4334488352239261,-67.36489100852607,223.55406979605206
167000,83500.0,-67.74002075195312,0.36620694681726296,-67.37381380513587,188.8736263561345
168000,84000.0,-67.75520324707031,0.3936388179500335,-67.36156442912028,203.02179318805958
169000,84500.0,-67.81880950927734,0.44722978880744146,-67.3715797204699,230.66168667930836
170000,85000.0,-67.7135009765625,0.3398151729786487,-67.37368580358385,175.26189650176505
171000,85500.0,-67.75859832763672,0.37502742792799554,-67.38357089970873,193.42284713981658
172000,86000.0,-67.79512023925781,0.42599272000351496,-67.36912751925429,219.70852963782306
173000,86500.0,-67.71484375,0.3396668439713065,-67.3751769060287,175.18539484674724
174000,87000.0,-67.83106994628906,0.4621425073335345,-67.36892743895552,238.35301872893493
175000,87500.0,-67.75151824951172,0.3752718910041049,-67.37624635850761,193.54893056913502
176000,88000.0,-67.74286651611328,0.3602318780311943,-67.38263463808208,185.7919455765635
177000,88500.0,-67.72925567626953,0.35047453537207296,-67.37878114089746,180.75953232595617
178000,89000.0,-67.78304290771484,0.42048279731883054,-67.36256011039602,216.86675100024422
179000,89500.0,-67.76170349121094,0.39362533177276,-67.36807815943818,203.01483760398486
180000,90000.0,-67.83114624023438,0.45018117655361234,-67.38096506368076,232.1838841997189
181000,90500.0,-67.7787857055664,0.4103474720253778,-67.36843823354103,211.6393907354792
182000,91000.0,-67.69351196289062,0.33685158093831286,-67.35666038195231,173.73340453687143
183000,91500.0,-67.72328186035156,0.34427233800493995,-67.37900952234662,177.5607084961848
184000,92000.0,-67.78465270996094,0.4105839400745831,-67.37406876988635,211.76135067741623
185000,92500.0,-67.76112365722656,0.39397794702325806,-67.3671457102033,203.1967012241288
186000,93000.0,-67.7768325805664,0.4005334765818684,-67.37629910398454,206.5777584410401
187000,93500.0,-67.85223388671875,0.4852017912080198,-67.36703209551074,250.2459951030911
188000,94000.0,-67.73030853271484,0.3623940797845616,-67.36791445293028,186.90711526305194
189000,94500.0,-67.6524429321289,0.28458527094321134,-67.3678576611857,146.77671354336417
190000,95000.0,-67.71519470214844,0.3380377160972121,-67.37715698605122,174.34516149767427
191000,95500.0,-67.80278778076172,0.42911450136692536,-67.3736732793948,221.3186087800206
192000,96000.0,-67.76580047607422,0.39756819089415707,-67.36823228518006,205.0483929664429
193000,96500.0,-67.7387924194336,0.37310047273595054,-67.36569194669764,192.42900740490592
194000,97000.0,-67.89321899414062,0.5320110602149108,-67.36120793392571,274.38818153961165
195000,97500.0,-67.76226806640625,0.3851401391349947,-67.37712792727126,198.63854404168708
196000,98000.0,-67.7022705078125,0.346327918319482,-67.35594258949301,178.62088747871942
197000,98500.0,-67.72553253173828,0.35312952773728906,-67.37240300400099,182.1288619913938
198000,99000.0,-67.86410522460938,0.49327489481227416,-67.3708303297971,254.40975105293433
199000,99500.0,-67.619384765625,0.2585223907814381,-67.36086237484356,133.3346127524804
200000,100000.0,-67.8011703491211,0.4266358694486442,-67.37453447967245,220.0402381677847
201000,100500.0,-67.85125732421875,0.49981169977795825,-67.35144562444079,257.78115093865966
202000,101000.0,-67.75460052490234,0.38581913716344163,-67.3687813877389,198.9887417128018
203000,101500.0,-67.849853515625,0.4851085692840163,-67.36474494634098,250.19791528648614
204000,102000.0,-67.72313690185547,0.3439396127707828,-67.37919728908469,177.38910328197016
205000,102500.0,-67.87568664550781,0.4918149151397777,-67.38387173036803,253.65675699439112
206000,103000.0,-67.69092559814453,0.3312457709100853,-67.35967982723444,170.8421713751388
207000,103500.0,-67.75227355957031,0.40830266792411546,-67.3439708916462,210.5847696553771
208000,104000.0,-67.79898834228516,0.43471570025190687,-67.36427264203326,224.20746371448556
209000,104500.0,-67.76127624511719,0.3946041063976134,-67.36667213871958,203.5196470140414
210000,105000.0,-67.69099426269531,0.3376219287106772,-67.35337233398464,174.1307164354751
211000,105500.0,-67.7252426147461,0.357298479755861,-67.36794413499024,184.27902624331696
212000,106000.0,-67.71598052978516,0.357114551690568,-67.35886597809458,184.18416414148498
213000,106500.0,-67.65189361572266,0.2983853837495276,-67.35350823197312,153.89421192100505
214000,107000.0,-67.69058227539062,0.32836391802878007,-67.36221835736184,169.35583691576386
215000,107500.0,-67.70962524414062,0.3448506638326024,-67.36477458030802,177.8589838217496
216000,108000.0,-67.76097869873047,0.39142370979998375,-67.36955498893049,201.87933668168506
217000,108500.0,-67.70034790039062,0.35900214996395013,-67.34134575042667,185.1577052883578
218000,109000.0,-67.83740997314453,0.4752120989201141,-67.36219787422442,245.0937460127969
219000,109500.0,-67.75484466552734,0.3994916873396267,-67.35535297818771,206.0404488302009
220000,110000.0,-67.64717102050781,0.3122520553479511,-67.33491896515986,161.04603843070467
221000,110500.0,-67.78189086914062,0.4162345583249426,-67.36565631081568,214.67569397258075
222000,111000.0,-67.82878875732422,0.4716823548970221,-67.35710640242719,243.27325746241735
223000,111500.0,-67.78620147705078,0.44298201255642455,-67.34321946449435,228.4708683143051
224000,112000.0,-67.7579116821289,0.3946537635658221,-67.36325791856308,203.54525802310516
225000,112500.0,-67.80281066894531,0.4573081644989937,-67.34550250444632,235.85967481466957
226000,113000.0,-67.70480346679688,0.36143594248763256,-67.34336752430924,186.4129496897583
227000,113500.0,-67.74539947509766,0.38766213670241956,-67.35773733839524,199.93928077090752
228000,114000.0,-67.77734375,0.4254384348135281,-67.35190531518647,219.42265342826948
229000,114500.0,-67.72924041748047,0.37705483056515016,-67.35218558691533,194.46849330106886
230000,115000.0,-67.6959228515625,0.3412685785743364,-67.35465427298816,176.01149993722584
231000,115500.0,-67.86849975585938,0.5104321564692932,-67.35806759939008,263.25872089270985
232000,116000.0,-67.70996856689453,0.36410908038763395,-67.3458594865069,187.79163803336098
233000,116500.0,-67.78204345703125,0.43888269657005685,-67.34316076046119,226.35661930113363
234000,117000.0,-67.75959777832031,0.4068022156742663,-67.35279556264605,209.81090160053475
235000,117500.0,-67.69717407226562,0.3711193364991081,-67.32605473576652,191.40722344201268
236000,118000.0,-67.8775863647461,0.5315464839355528,-67.34603988081054,274.1485732870539
237000,118500.0,-67.6871566772461,0.3402811136909197,-67.34687556355517,175.5022084695156
238000,119000.0,-67.76946258544922,0.41379007288515235,-67.35567251256407,213.4149346298085
239000,119500.0,-67.78743743896484,0.42080314211029446,-67.36663429685456,217.031970920221
240000,120000.0,-67.8384780883789,0.48263198341740104,-67.3558461049615,248.92059993876995
241000,120500.0,-67.65155792236328,0.28699985658030847,-67.36455806578297,148.0220518674718
242000,121000.0,-67.67698669433594,0.32601808480353756,-67.3509686095324,168.14595809743724
243000,121500.0,-67.73479461669922,0.39091283656490605,-67.34388178013431,201.61585047161716
244000,122000.0,-67.77462768554688,0.4187293827285874,-67.35589830281829,215.9624159649773
245000,122500.0,-67.76660919189453,0.41216355793530646,-67.35444563395923,212.5760489134948
246000,123000.0,-67.91748046875,0.5609898383043345,-67.35649063044566,289.33417574504193
247000,123500.0,-67.75452423095703,0.41220722330097975,-67.34231700765605,212.5985696112384
248000,124000.0,-67.81922912597656,0.4672426547618208,-67.35198647121474,240.98345309972808
249000,124500.0,-67.80755615234375,0.45366642586620204,-67.35388972647755,233.98142431233867
250000,125000.0,-67.74870300292969,0.39352511889528086,-67.3551778840344,202.96315215743184
251000,125500.0,-67.78046417236328,0.41126242412242603,-67.36920174824085,212.11128325967505
252000,126000.0,-67.72909545898438,0.3795495151314791,-67.3495459438529,195.7551431714558
253000,126500.0,-67.63468170166016,0.2782619783383618,-67.35641972332179,143.51543405325987
254000,127000.0,-67.8570785522461,0.5013773425645446,-67.35570120968156,258.5886414389107
255000,127500.0,-67.71137237548828,0.3612814070172591,-67.35009096847102,186.33324701086661
256000,128000.0,-67.72128295898438,0.3787353232035258,-67.34254763578085,195.33521836304095
257000,128500.0,-67.71028137207031,0.3615350524285244,-67.34874631964179,186.46406628955762
258000,129000.0,-67.66610717773438,0.3064241720773461,-67.35968300565703,158.04026954274124
259000,129500.0,-67.87096405029297,0.5081321505076819,-67.36283189978529,262.0724777851289
260000,130000.0,-67.8670883178711,0.5153228526610122,-67.35176546521008,265.7811294192664
261000,130500.0,-67.79945373535156,0.4584153356273419,-67.34103839972423,236.4307055606054
262000,131000.0,-67.58454132080078,0.25296754062684296,-67.33157378017394,130.46966247864833
263000,131500.0,-67.75569152832031,0.4198386437597039,-67.33585288456061,216.53452459192553
264000,132000.0,-67.86796569824219,0.5216396084584255,-67.34632608978376,269.0390375082108
265000,132500.0,-67.85050201416016,0.5124715072984048,-67.33803050686176,264.3105294120576
266000,133000.0,-67.79263305664062,0.4551186104774573,-67.33751444616317,234.73039801709805
267000,133500.0,-67.82099151611328,0.4716368383577379,-67.34935467775554,243.2497820097846
268000,134000.0,-67.7291259765625,0.3838708920020306,-67.34525508456046,197.98392153703898
269000,134500.0,-67.62825775146484,0.2947047940095884,-67.33355295745525,151.99592370623125
270000,135000.0,-67.81023406982422,0.47194779631991957,-67.3382862735043,243.41016061120658
271000,135500.0,-67.83484649658203,0.4942161440648601,-67.34063035251717,254.89520650697742
272000,136000.0,-67.75212860107422,0.42490630049594796,-67.32722230057827,219.14820167593814
273000,136500.0,-67.79055786132812,0.4508749930548372,-67.33968286827329,232.54172459502266
274000,137000.0,-67.77442932128906,0.42985594765498836,-67.34457337363408,221.70101454919526
275000,137500.0,-67.80146789550781,0.4555479394472036,-67.34591995606061,234.95182723934653
276000,138000.0,-67.80668640136719,0.46746826459489843,-67.33921813677229,241.09981284572774
277000,138500.0,-67.7191390991211,0.3808869418148949,-67.3382521573062,196.44492972487214
278000,139000.0,-67.72595977783203,0.41108176735778557,-67.31487801047425,212.0181083525359
279000,139500.0,-67.77975463867188,0.44437484491696877,-67.33537979375491,229.18923070783293
280000,140000.0,-67.78047943115234,0.44252828820651174,-67.33795114294583,228.23685701528714
281000,140500.0,-67.73777770996094,0.4022147491597868,-67.33556296080116,207.44488576192904
282000,141000.0,-67.77735900878906,0.4259716034617067,-67.35138740532736,219.69763864336738
283000,141500.0,-67.71124267578125,0.37561152126056446,-67.33563115452068,193.72409709373343
284000,142000.0,-67.79689025878906,0.4568753153102588,-67.3400149434788,235.63643001646955
285000,142500.0,-67.82709503173828,0.4769364581358125,-67.35015857360247,245.9830955487359
286000,143000.0,-67.71672058105469,0.3815830950103782,-67.3351374860443,196.80397528551234
287000,143500.0,-67.75879669189453,0.42640283740986107,-67.33239385448466,219.92005037068074
288000,144000.0,-67.70479583740234,0.3663940898240193,-67.33840174757833,188.97014658503912
289000,144500.0,-67.6886215209961,0.3515314089172861,-67.33709011207881,181.3046217646442
290000,145000.0,-67.7962646484375,0.45963579473717486,-67.33662885370032,237.06016532344424
291000,145500.0,-67.90941619873047,0.5854796940333081,-67.32393650469716,301.9649789033936
292000,146000.0,-67.74781799316406,0.4075172930260027,-67.34030070013806,210.17970741845113
293000,146500.0,-67.8198471069336,0.4945042390232769,-67.32534286791032,255.04379336477464
294000,147000.0,-67.71649169921875,0.39261622710956423,-67.32387547210918,202.49438527841556
295000,147500.0,-67.76788330078125,0.429692117497269,-67.33819118328398,221.61651807455468
296000,148000.0,-67.83047485351562,0.4753276401889937,-67.35514721332663,245.15333717740134
297000,148500.0,-67.70796203613281,0.3738952680597222,-67.33406676807309,192.83892828793753
298000,149000.0,-67.71820068359375,0.38205844501900776,-67.33614223857474,197.04914015935915
299000,149500.0,-67.70805358886719,0.38305980669670975,-67.32499378217048,197.56559898955175
300000,150000.0,-67.7707748413086,0.43647346201444054,-67.33430137929415,225.11404083227453
301000,150500.0,-67.70448303222656,0.3712028805558842,-67.33328015167068,191.4503118353404
302000,151000.0,-67.82135009765625,0.4896125719593418,-67.33173752569691,252.52088410452703
303000,151500.0,-67.75277709960938,0.4145045383644903,-67.33827256124488,213.78342487053615
304000,152000.0,-67.66020202636719,0.32820946145767527,-67.33199256490951,169.27617492968565
305000,152500.0,-67.81708526611328,0.4964518147073912,-67.3206334514059,256.04826825324596
306000,153000.0,-67.76792907714844,0.42307663110101706,-67.34485244604743,218.20453772675074
307000,153500.0,-67.86307525634766,0.5304859357111069,-67.33258932063654,273.6015886085338
308000,154000.0,-67.73641967773438,0.41753557359779464,-67.31888410413659,215.34670110301317
309000,154500.0,-67.69249725341797,0.3530358430262458,-67.33946141039172,182.0805434893483
310000,155000.0,-67.78167724609375,0.46619345468645496,-67.31548379140729,240.44232130326773
311000,155500.0,-67.87100219726562,0.544544841449965,-67.32645735581566,280.85256113260834
312000,156000.0,-67.8131103515625,0.476595545180594,-67.3365148063819,245.8072674638688
313000,156500.0,-67.87967681884766,0.5356138904996565,-67.344062928348,276.2463648071321
314000,157000.0,-67.70602416992188,0.3798932477160355,-67.32613092220583,195.93242549858306
315000,157500.0,-67.70661163330078,0.37694748093839525,-67.32966415236238,194.41312702943094
316000,158000.0,-67.77333068847656,0.4465517051009091,-67.32677898337565,230.3119605756971
317000,158500.0,-67.77806091308594,0.45081946073165224,-67.32724145235429,232.51308343637976
318000,159000.0,-67.63707733154297,0.3043204877004777,-67.33275684384249,156.95528057565275
319000,159500.0,-67.78324890136719,0.4456273984376659,-67.33762150292952,229.83524337284462
320000,160000.0,-67.64039611816406,0.2949345376887256,-67.34546158047533,152.11441551035503
321000,160500.0,-67.68807220458984,0.3396523482401895,-67.34841985634965,175.17791857867934
322000,161000.0,-67.730712890625,0.38514620848504866,-67.34556668213995,198.6416743486468
323000,161500.0,-67.76587677001953,0.42095896010913364,-67.3449178099104,217.1123350715515
324000,162000.0,-67.84042358398438,0.4977283534501733,-67.3426952305342,256.7066514533158
325000,162500.0,-67.83499908447266,0.4965226825524878,-67.33847640192018,256.08481880754806
326000,163000.0,-67.7833480834961,0.4409696260170443,-67.34237845747904,227.43296680362548
327000,163500.0,-67.72763061523438,0.3863054926329481,-67.34132512260143,199.2395827250278
328000,164000.0,-67.81868743896484,0.48426246629569775,-67.33442497266914,249.76153214011663
329000,164500.0,-67.73509979248047,0.3959756600470983,-67.33912413243337,204.22703477326232
330000,165000.0,-67.67935943603516,0.3451656917135001,-67.33419374432165,178.02146151035046
331000,165500.0,-67.69985961914062,0.3638090112970559,-67.33605060784357,187.63687543863844
332000,166000.0,-67.76380920410156,0.40448345953832976,-67.35932574456324,208.61498796799407
333000,166500.0,-67.6925048828125,0.349639785109137,-67.34286509770337,180.32900442190436
334000,167000.0,-67.70352172851562,0.3590970393704505,-67.34442468914517,185.2066451199592
335000,167500.0,-67.8449935913086,0.5039810088901663,-67.34101258241843,259.93149936395963
336000,168000.0,-67.84896087646484,0.5131245465846987,-67.33583632988015,264.64733869224006
337000,168500.0,-67.6551742553711,0.32369259434354203,-67.33148166102755,166.94657119324748
338000,169000.0,-67.62592315673828,0.28640305019982454,-67.33952010653846,147.71424507600005
339000,169500.0,-67.77194213867188,0.44081095762848616,-67.33113118104339,227.3511325451672
340000,170000.0,-67.7550048828125,0.40631944619181337,-67.34868543662068,209.56191008456972
341000,170500.0,-67.74295806884766,0.39814023355998296,-67.34481783528767,205.34342771022364
342000,171000.0,-67.6635971069336,0.3157011419339019,-67.3478959649997,162.82492738070022
343000,171500.0,-67.6789321899414,0.3335744674983719,-67.34535772244304,172.04321186095004
344000,172000.0,-67.80718994140625,0.46759438241500234,-67.33959555899125,241.16485893575467
345000,172500.0,-67.63733673095703,0.30981917760017313,-67.32751755335686,159.79126583095587
346000,173000.0,-67.83200073242188,0.49176064318559937,-67.34024008923627,253.62876587930117
347000,173500.0,-67.81076049804688,0.46973757545397243,-67.3410229225929,242.2702247535514
348000,174000.0,-67.72252655029297,0.3818259455061124,-67.34070060478686,196.9292270159624
349000,174500.0,-67.73426055908203,0.399016742778398,-67.33524381630363,205.79549306850106
350000,175000.0,-67.79706573486328,0.46831030978797406,-67.3287554250753,241.53410315767889
351000,175500.0,-67.73872375488281,0.41636367369220967,-67.32236008119061,214.74228606714905
352000,176000.0,-67.73316955566406,0.402679026293057,-67.330490529371,207.6843397279368
353000,176500.0,-67.76925659179688,0.4391284622446631,-67.33012812955221,226.48337455414062
354000,177000.0,-67.79566955566406,0.46160020498926096,-67.3340693506748,238.07332275037805
355000,177500.0,-67.7313003540039,0.38583332955242716,-67.34546702445148,198.9960615301828
356000,178000.0,-67.78675079345703,0.4539816946608945,-67.33276909879613,234.14402625380376
357000,178500.0,-67.7648696899414,0.4295247931268038,-67.3353448968146,221.53021943685218
358000,179000.0,-67.84688568115234,0.5078869905193079,-67.33899869063303,261.9460349187549
359000,179500.0,-67.78548431396484,0.4443573512622228,-67.34112696270262,229.18020824105886
360000,180000.0,-67.82818603515625,0.4840220473566315,-67.34416398779962,249.63753450091076
361000,180500.0,-67.78150939941406,0.4514431135960176,-67.33006628581805,232.83473647738242
362000,181000.0,-67.75506591796875,0.43868064137205165,-67.3163852765967,226.25240801212607
363000,181500.0,-67.80709075927734,0.4692355644623814,-67.33785519481496,242.01130930348552
364000,182000.0,-67.84211730957031,0.49993850307580967,-67.3421788064945,257.84655056831514
365000,182500.0,-67.75193786621094,0.40942119505810304,-67.34251667115284,211.1616573354445
366000,183000.0,-67.86378479003906,0.5252573223141743,-67.33852746772489,270.90489707475547
367000,183500.0,-67.77510833740234,0.4297143333000516,-67.34539400410229,221.62797602004267
368000,184000.0,-67.6527099609375,0.3373727923276268,-67.31533716860987,174.00222271755703
369000,184500.0,-67.66242980957031,0.3270414285785845,-67.33538838099173,168.67375433801087
370000,185000.0,-67.61577606201172,0.2975478066411824,-67.31822825537054,153.4622260529571
371000,185500.0,-67.71917724609375,0.39634532530580213,-67.32283192078795,204.41769204657754
372000,186000.0,-67.69439697265625,0.38050028763395066,-67.3138966850223,196.24551030387153
373000,186500.0,-67.68003845214844,0.3580114562833969,-67.32202699586504,184.6467485474209
374000,187000.0,-67.74777221679688,0.4097855325932871,-67.33798668420359,211.34956680053227
375000,187500.0,-67.91275787353516,0.5875520771876148,-67.32520579634755,303.03382406036053
376000,188000.0,-67.89092254638672,0.5670759020643268,-67.32384664432239,292.4731029078792
377000,188500.0,-67.79657745361328,0.473871613086371,-67.32270584052691,244.40238168260458
378000,189000.0,-67.72079467773438,0.38330699353095,-67.33748768420342,197.69308721492868
379000,189500.0,-67.65314483642578,0.3079346373681129,-67.34521019905768,158.81930188888225
380000,190000.0,-67.6549072265625,0.33184434447997013,-67.32306288208252,171.15088960609444
381000,190500.0,-67.77596282958984,0.4305238944208444,-67.345438935169,222.04551245939746
382000,191000.0,-67.8548812866211,0.515267494827678,-67.33961379179341,265.7525782549045
383000,191500.0,-67.91700744628906,0.6032552060017216,-67.31375224028734,311.13281538216586
384000,192000.0,-67.81661224365234,0.48844931268730485,-67.32816293096504,251.92092553189062
385000,192500.0,-67.76348114013672,0.4254800919881353,-67.33800104814858,219.44413838834518
386000,193000.0,-67.74186706542969,0.4172417479117051,-67.32462531751798,215.19515858496257
387000,193500.0,-67.70877075195312,0.38830297522539586,-67.32046777672772,200.26979742766454
388000,194000.0,-67.7397232055664,0.39655868601221317,-67.3431645195542,204.52773422543842
389000,194500.0,-67.83092498779297,0.48187110977810366,-67.34905387801487,248.52817438621867
390000,195000.0,-67.76182556152344,0.4365757097962342,-67.32524985172721,225.16677579402793
391000,195500.0,-67.84764099121094,0.5106050589308136,-67.33703593228013,263.3478964673326
392000,196000.0,-67.77911376953125,0.44351244828756037,-67.33560132124369,228.7444440095758
393000,196500.0,-67.6481704711914,0.3258030655375982,-67.32236740565381,168.03506050565926
394000,197000.0,-67.65645599365234,0.3338653056583375,-67.32259068799401,172.1932135428757
395000,197500.0,-67.73052978515625,0.4063770173614213,-67.32415276779483,209.59160279158118
396000,198000.0,-67.7131576538086,0.3812566544655498,-67.33190099934305,196.63561144089587
397000,198500.0,-67.74285888671875,0.40616822630232574,-67.33669066041642,209.4839174381906
398000,199000.0,-67.79053497314453,0.47163967233770515,-67.31889530080683,243.25124365347565
399000,199500.0,-67.59980773925781,0.26904708860352383,-67.33076065065428,138.76279444383366
400000,200000.0,-67.71866607666016,0.3798178834560844,-67.33884819320407,195.89355588893113
401000,200500.0,-67.72791290283203,0.3802027026557301,-67.3477102001763,196.09202890633355
402000,201000.0,-67.72469329833984,0.39572100255524406,-67.3289722957846,204.09569350739258
403000,201500.0,-67.76611328125,0.4340569510282526,-67.33205633022175,223.86770949678922
404000,202000.0,-67.76248931884766,0.42743721347179203,-67.33505210537587,220.453536585322
405000,202500.0,-67.72564697265625,0.39452732066455753,-67.3311196519917,203.4800442703449
406000,203000.0,-67.70126342773438,0.36213532045405217,-67.33912810728032,186.7736584470861
407000,203500.0,-67.81951904296875,0.49037489934715256,-67.32914414362159,252.9140594373758
408000,204000.0,-67.76713562011719,0.43309583073074764,-67.33403978938644,223.37200542145163
409000,204500.0,-67.70990753173828,0.38322246238494395,-67.32668506935333,197.64948972387901
410000,205000.0,-67.71211242675781,0.38407802427858717,-67.32803440247922,198.09075136249328
411000,205500.0,-67.69957733154297,0.3728776324034915,-67.32669969913948,192.31407604695175
412000,206000.0,-67.72652435302734,0.39823345540224964,-67.3282908976251,205.3915074846723
413000,206500.0,-67.79166412353516,0.4601265258563737,-67.33153759767879,237.31326310559837
414000,207000.0,-67.73078155517578,0.4156788556755763,-67.3151026995002,214.38908669908764
415000,207500.0,-67.82813262939453,0.5065525915941432,-67.32158003780039,261.2578099514461
416000,208000.0,-67.82044219970703,0.5050331582826031,-67.31540904142443,260.4741522899761
417000,208500.0,-67.73014831542969,0.40783750859921664,-67.32231080683047,210.3448606932709
418000,209000.0,-67.75137329101562,0.4321273032884235,-67.3192459877272,222.87248106276036
419000,209500.0,-67.79476928710938,0.4713555144642183,-67.32341377264515,243.1046873729639
420000,210000.0,-67.76559448242188,0.44784091763099754,-67.31775356479088,230.9768803644063
421000,210500.0,-67.79647064208984,0.4898904423538964,-67.30658019973595,252.6641975766844
422000,211000.0,-67.68533325195312,0.3715306414060572,-67.31380261054707,191.61935663606786
423000,211500.0,-67.76156616210938,0.4401864548851782,-67.3213797072242,227.02904117354504
424000,212000.0,-67.77056121826172,0.4533320276915427,-67.31722919057017,233.80895626812568
425000,212500.0,-67.72679901123047,0.40182823508860827,-67.32497077614185,207.24553860345586
426000,213000.0,-67.66032409667969,0.35152448544375986,-67.30879961123593,181.30105093792108
427000,213500.0,-67.61740112304688,0.32017462718822054,-67.29722649585865,165.1321566393944
428000,214000.0,-67.76937103271484,0.4460234643829392,-67.32334756833191,230.0395169728134
429000,214500.0,-67.8326416015625,0.5143196407474501,-67.31832196081506,265.2637163178358
430000,215000.0,-67.74895477294922,0.4269517008734756,-67.32200307207574,220.20313028942132
431000,215500.0,-67.7633285522461,0.4404023193273881,-67.3229262329187,227.14037467050863
432000,216000.0,-67.85963439941406,0.5490580677661566,-67.31057633164791,283.1802871037118
433000,216500.0,-67.63709259033203,0.3193305933278308,-67.3177619970042,164.69684065927802
434000,217000.0,-67.72093963623047,0.413276012095063,-67.3076636241354,213.14980441740943
435000,217500.0,-67.67362213134766,0.3576322267644746,-67.31598990458318,184.45115844438584
436000,218000.0,-67.68404388427734,0.36173276453610065,-67.32231111974124,186.56603760128993
437000,218500.0,-67.59236907958984,0.27155461006012793,-67.32081446952972,140.05606502428213
438000,219000.0,-67.72966766357422,0.4169582637556494,-67.31270939981857,215.04894977861937
439000,219500.0,-67.71510314941406,0.39285157575974944,-67.32225157365431,202.61576788299158
440000,220000.0,-67.82788848876953,0.4997123116056502,-67.32817617716388,257.7298908391889
441000,220500.0,-67.8111343383789,0.48634578162738284,-67.32478855675153,250.83601563901937
442000,221000.0,-67.74585723876953,0.42881477341961816,-67.31704246534991,221.16402213216972
443000,221500.0,-67.84791564941406,0.5164369738489298,-67.33147867556514,266.35574470385086
444000,222000.0,-67.7274169921875,0.39281132117364626,-67.33460567101385,202.59500631710415
445000,222500.0,-67.753662109375,0.4176014203015724,-67.33606068907343,215.38066197086178
446000,223000.0,-67.67250061035156,0.33454839973199935,-67.33795221061956,172.54552377608184
447000,223500.0,-67.7604751586914,0.43502506093589766,-67.3254500977555,224.36701850924075
448000,224000.0,-67.61390686035156,0.2971290707730785,-67.31677778957848,153.2462602921174
449000,224500.0,-67.66854095458984,0.33587629905461447,-67.33266465553523,173.2303965308942
450000,225000.0,-67.79129791259766,0.45745899652829514,-67.33383891606937,235.93746741962264
451000,225500.0,-67.77141571044922,0.4469990821447751,-67.32441662830445,230.5426982101353
452000,226000.0,-67.72962188720703,0.41084139283659044,-67.31878049437044,211.89413362213736
453000,226500.0,-67.80715942382812,0.46650934350206813,-67.34065008032606,240.60524302457517
454000,227000.0,-67.886962890625,0.5748877247307083,-67.31207516589429,296.5021015062776
455000,227500.0,-67.73635864257812,0.4256143757247942,-67.31074426685333,219.5133961032079
456000,228000.0,-67.74076080322266,0.41565232953313536,-67.32510847368953,214.3754056677484
457000,228500.0,-67.76927185058594,0.4305040872566129,-67.33876776332933,222.0352967849851
458000,229000.0,-67.67427062988281,0.35014032495757186,-67.32413030492523,180.58716112027201
459000,229500.0,-67.65332794189453,0.32676288858270847,-67.32656505331182,168.53009551459542
460000,230000.0,-67.8385238647461,0.5001473079225731,-67.33837655682352,257.9542430327856
461000,230500.0,-67.64205169677734,0.3291947773249967,-67.31285691945234,169.78435802829873
462000,231000.0,-67.64144134521484,0.3194956782077861,-67.32194566700706,164.7819842651127
463000,231500.0,-67.69490814208984,0.36100787815521124,-67.33390026393464,186.19217271247592
464000,232000.0,-67.80567932128906,0.4801721955987267,-67.32550712569034,247.65194829407164
465000,232500.0,-67.72999572753906,0.4063803943931723,-67.3236153331459,209.59334451777912
466000,233000.0,-67.77467346191406,0.43228691818823595,-67.34238654372582,222.95480349058442
467000,233500.0,-67.74417877197266,0.4319112118919443,-67.31226756008071,222.76103051264897
468000,234000.0,-67.70814514160156,0.3800295273100932,-67.32811561429146,196.00271258994417
469000,234500.0,-67.64574432373047,0.3284012731613744,-67.3173430505691,169.37510306955318
470000,235000.0,-67.65534973144531,0.3234210413073476,-67.33192869013797,166.80651593995472
471000,235500.0,-67.68501281738281,0.3588915758922195,-67.3261212414906,185.1006759881486
472000,236000.0,-67.74100494384766,0.4136326209274281,-67.32737232292023,213.3337277535034
473000,236500.0,-67.65158081054688,0.3399876152771157,-67.31159319526977,175.35083474428532
474000,237000.0,-67.69042205810547,0.3619559184213448,-67.32846613968412,186.68113067614237
475000,237500.0,-67.74810028076172,0.4327224269992049,-67.31537785376251,223.17942000633502
476000,238000.0,-67.7864990234375,0.44348243498425155,-67.34301658845325,228.7289644522268
477000,238500.0,-67.67953491210938,0.36146837234906665,-67.31806653976031,186.42967560275508
478000,239000.0,-67.78800964355469,0.4774489589117645,-67.31056068464292,246.24742117364735
479000,239500.0,-67.6723861694336,0.3539102351433221,-67.31847593429028,182.53151693877285
480000,240000.0,-67.69644927978516,0.37853405106801846,-67.31791522871714,195.23141094363476
481000,240500.0,-67.80635833740234,0.4923846277900551,-67.31397370961228,253.9505900174237
482000,241000.0,-67.6844253540039,0.35675457805675004,-67.32767077594715,183.9985053870493
483000,241500.0,-67.72547149658203,0.41380715498052195,-67.31166434160151,213.42374483214425
484000,242000.0,-67.70311737060547,0.39523637658539834,-67.30788099402007,203.84574449592068
485000,242500.0,-67.8995132446289,0.5744694611128178,-67.3250437835161,296.28637931157215
486000,243000.0,-67.69918823242188,0.371440726466953,-67.32774750595492,191.57298241853923
487000,243500.0,-67.81494903564453,0.5015675639796084,-67.31338147166493,258.6867493770205
488000,244000.0,-67.5943832397461,0.2896228721269107,-67.30476036761918,149.37488927970824
489000,244500.0,-67.76744079589844,0.45951989863144294,-67.307920897267,237.00039114941399
490000,245000.0,-67.74746704101562,0.41262295718469677,-67.33484408383093,212.81298707900953
491000,245500.0,-67.72311401367188,0.401349086276269,-67.3217649273956,206.9984144717667
492000,246000.0,-67.72296142578125,0.3983304717663612,-67.32463095401489,205.44154430856355
493000,246500.0,-67.82820129394531,0.5146953670309675,-67.31350592691435,265.4574996043136
494000,247000.0,-67.82450103759766,0.507276840156769,-67.3172241974409,261.63134588132186
495000,247500.0,-67.66355895996094,0.3521159996381775,-67.31144296032276,181.60612824983932
496000,248000.0,-67.76409912109375,0.45234895361003163,-67.31175016748372,233.30192938519664
497000,248500.0,-67.75039672851562,0.4342421910633329,-67.31615453745229,223.96324825561405
498000,249000.0,-67.80387115478516,0.507382149259483,-67.29648900552567,261.68565973934875
499000,249500.0,-67.62411499023438,0.3116836043119461,-67.31243138592242,160.75285609347898
500000,250000.0,-67.78939056396484,0.47254644517366867,-67.31684411879118,243.71891767030726
501000,250500.0,-67.74246215820312,0.4435893614548352,-67.29887279674828,228.78411247830363
502000,251000.0,-67.66254425048828,0.35141870452999924,-67.31112554595828,181.2464937402631
503000,251500.0,-67.76349639892578,0.45537435209380045,-67.30812204683198,234.86229842725882
504000,252000.0,-67.7820816040039,0.48035833898329994,-67.30172326502061,247.74795296130176
505000,252500.0,-67.85018157958984,0.5439688500771045,-67.30621272951274,280.5554898173657
506000,253000.0,-67.7895278930664,0.4869422109790048,-67.3025856820874,251.14362797539124
507000,253500.0,-67.68683624267578,0.3904028756608063,-67.29643336701497,201.35283480221415
508000,254000.0,-67.71004486083984,0.3971232362587121,-67.31292162458114,204.81890470498072
509000,254500.0,-67.75041961669922,0.45650608962710126,-67.29391352707212,235.4459994571154
510000,255000.0,-67.8341064453125,0.5580763725568446,-67.27603007275566,287.83153674331
511000,255500.0,-67.82072448730469,0.5242138239952625,-67.29651066330942,270.3667059964531
512000,256000.0,-67.71235656738281,0.40346291341880736,-67.308893653964,208.08863463654274
513000,256500.0,-67.74932861328125,0.45321140651655356,-67.29611720676469,233.74674510874289
514000,257000.0,-67.74433898925781,0.4561357458517153,-67.2882032434061,235.25499223438655
515000,257500.0,-67.79621887207031,0.49532998456356175,-67.30088888750674,255.46967702426414
516000,258000.0,-67.75032806396484,0.44874201948081177,-67.30158604448403,231.44162953306574
517000,258500.0,-67.73603820800781,0.43234694047678873,-67.30369126753102,222.9857603782123
518000,259000.0,-67.82037353515625,0.5288517713042129,-67.29152176385203,272.75875763475057
519000,259500.0,-67.61946868896484,0.3178664897093473,-67.3016021992555,163.9417196486378
520000,260000.0,-67.83283233642578,0.5343167433898408,-67.29851559303594,275.5773527070681
521000,260500.0,-67.80471801757812,0.5135040017516258,-67.2912140158265,264.84304517470844
522000,261000.0,-67.61223602294922,0.3197125984031823,-67.29252342454603,164.89386227368252
523000,261500.0,-67.69672393798828,0.396515017656079,-67.3002089203322,204.50521198534506
524000,262000.0,-67.71665954589844,0.4158180121313864,-67.30084153376706,214.46085755070078
525000,262500.0,-67.6460952758789,0.3399470539626744,-67.30614822191623,175.32991498125276
526000,263000.0,-67.7388687133789,0.4283424779090982,-67.31052623546981,220.92043263568718
527000,263500.0,-67.63567352294922,0.3397017799476198,-67.2959717430016,175.203413304873
528000,264000.0,-67.68598937988281,0.3766775747931762,-67.30931180508964,194.27392117092285
529000,264500.0,-67.65840148925781,0.3365135131857214,-67.32188797607209,173.55904388385554
530000,265000.0,-67.7921142578125,0.48667828630731336,-67.30543597150519,251.00750710095002
531000,265500.0,-67.64307403564453,0.3278387081848142,-67.31523532745972,169.08495650595756
532000,266000.0,-67.73939514160156,0.42795680487036236,-67.3114383367312,220.72151924519332
533000,266500.0,-67.65975952148438,0.35936415089907064,-67.3003953705853,185.34440963669076
534000,267000.0,-67.6462631225586,0.34090465661647373,-67.30535846594212,175.82380480885777
535000,267500.0,-67.68282318115234,0.378107679586435,-67.30471550156591,195.0115070652365
536000,268000.0,-67.588134765625,0.2789661629877216,-67.30916860263727,143.8786218887306
537000,268500.0,-67.74402618408203,0.4363799383994696,-67.30764624568256,225.06580541658124
538000,269000.0,-67.7201919555664,0.40431330676685906,-67.31587864879955,208.5272305639865
539000,269500.0,-67.72423553466797,0.4188169752723797,-67.30541855939559,216.00759239194463
540000,270000.0,-67.60904693603516,0.31800288765905793,-67.2910440483761,164.0120677827005
541000,270500.0,-67.6690444946289,0.3607674246058756,-67.30827707002302,186.06815722279737
542000,271000.0,-67.83426666259766,0.5433460793045947,-67.29092058329306,280.2342917210029
543000,271500.0,-67.73925018310547,0.44276079174717914,-67.29648939135829,228.35677223603363
544000,272000.0,-67.72796630859375,0.44712731804722644,-67.28083899054653,230.60883671497675
545000,272500.0,-67.69359588623047,0.41500257058176426,-67.2785933156487,214.04028824174264
546000,273000.0,-67.6937484741211,0.40565131956874806,-67.28809715455235,209.21731941183626
547000,273500.0,-67.73170471191406,0.4423673609221934,-67.28933735099187,228.15385771657637
548000,274000.0,-67.68572235107422,0.38663866217017084,-67.29908368890405,199.41141709145245
549000,274500.0,-67.64801788330078,0.3544535277347859,-67.29356435556599,182.81172364379037
550000,275000.0,-67.68701171875,0.40008369975680463,-67.2869280189932,206.34578310376412
551000,275500.0,-67.68770599365234,0.40105366361675787,-67.28665233003558,206.8460483042361
552000,276000.0,-67.7315444946289,0.4552272651367684,-67.27631722949214,234.78643736780657
553000,276500.0,-67.57108306884766,0.28037547810045177,-67.2907075907472,144.60548536942989
554000,277000.0,-67.70384979248047,0.4203931042864849,-67.28345668819398,216.8204912325767
555000,277500.0,-67.760986328125,0.4739567402417142,-67.28702958788328,244.44628656936544
556000,278000.0,-67.65790557861328,0.3815962975277327,-67.27630928108555,196.8107845701298
557000,278500.0,-67.67253875732422,0.380270711221793,-67.29226804610242,196.1271047687857
558000,279000.0,-67.78534698486328,0.4921285878443908,-67.29321839701889,253.8185357419657
559000,279500.0,-67.7369155883789,0.45239853110458733,-67.28451705727431,233.32749930205313
560000,280000.0,-67.72818756103516,0.4438420278440718,-67.28434553319109,228.9144268199844
561000,280500.0,-67.65717315673828,0.3736238742158891,-67.28354928252239,192.69895513914562
562000,281000.0,-67.6677474975586,0.37588418703829823,-67.2918633105203,193.86472625074802
563000,281500.0,-67.6446304321289,0.37695461942127256,-67.26767581270764,194.41680874863218
564000,282000.0,-67.69340515136719,0.40652400211761436,-67.28688114924957,209.66741114028275
565000,282500.0,-67.71009826660156,0.42148272617208776,-67.28861554042948,217.38247084186443
566000,283000.0,-67.56588745117188,0.29222961471372055,-67.27365783645816,150.71933380657143
567000,283500.0,-67.76781463623047,0.49679264110981813,-67.27102199512065,256.22405169794513
568000,284000.0,-67.79300689697266,0.5203443032361699,-67.27266259373648,268.3709753736944
569000,284500.0,-67.7489013671875,0.469689591843304,-67.2792117753442,242.2454768927274
570000,285000.0,-67.62092590332031,0.352003640750523,-67.26892226256979,181.54817841915178
571000,285500.0,-67.79802703857422,0.5281034354102425,-67.26992360316397,272.3727985062986
572000,286000.0,-67.71185302734375,0.43131582278267044,-67.28053720456109,222.45395468806714
573000,286500.0,-67.66510772705078,0.40677663577457024,-67.2583310912762,209.79770860007582
574000,287000.0,-67.7737045288086,0.475079799223032,-67.29862472958555,245.02551157931362
575000,287500.0,-67.84968566894531,0.5684553163450162,-67.28123035260029,293.1845448390211
576000,288000.0,-67.74363708496094,0.4712693793864921,-67.27236770557444,243.0602626436462
577000,288500.0,-67.83070373535156,0.54929333353105,-67.28141040182051,283.30162695965686
578000,289000.0,-67.71440124511719,0.43955276308604185,-67.27484848203115,226.7022104863196
579000,289500.0,-67.65958404541016,0.37445063058229766,-67.28513341482785,193.12536013881518
580000,290000.0,-67.61297607421875,0.3300738655498011,-67.28290220866894,170.23775352597792
581000,290500.0,-67.81520080566406,0.5238736761148415,-67.29132712954922,270.19127250391335
582000,291000.0,-67.56651306152344,0.2867975602717431,-67.2797155012517,147.9177162241169
583000,291500.0,-67.62208557128906,0.3416903342090543,-67.28039523708001,176.22902316243395
584000,292000.0,-67.73548126220703,0.44002157020371846,-67.29545969200332,226.94400082139296
585000,292500.0,-67.86843872070312,0.5782311452751107,-67.29020757542801,298.2264925047094
586000,293000.0,-67.74026489257812,0.44905561687567325,-67.29120927570246,231.6033694391437
587000,293500.0,-67.65790557861328,0.37251979340540525,-67.28538578520788,192.1295182448467
588000,294000.0,-67.81431579589844,0.5423841325273809,-67.27193166337106,279.7381613833536
589000,294500.0,-67.66645050048828,0.38681479866606827,-67.27963570182222,199.50226064044284
590000,295000.0,-67.75289916992188,0.45601252540202264,-67.29688664451986,235.19144048208653
591000,295500.0,-67.75057220458984,0.46565866058643895,-67.2849135440034,240.16649775076073
592000,296000.0,-67.70083618164062,0.41578340654659673,-67.28505277509403,214.4430094941628
593000,296500.0,-67.87662506103516,0.5833471850102429,-67.29327787602492,300.8651234366307
594000,297000.0,-67.74172973632812,0.4669200608343616,-67.27480967549376,240.81707317316133
595000,297500.0,-67.63655853271484,0.359278662076392,-67.27727987063845,185.30031821763777
596000,298000.0,-67.707275390625,0.4207252052631594,-67.28655018536185,216.99177448191446
597000,298500.0,-67.5580062866211,0.2756657123489836,-67.28234057427211,142.1763928999973
598000,299000.0,-67.66535186767578,0.37553150196320967,-67.28982036571257,193.68282661811517
599000,299500.0,-67.72962951660156,0.4513476301693264,-67.27828188643224,232.78549027598504
600000,300000.0,-67.76262664794922,0.4849850853967775,-67.27764156255245,250.13422766454983
601000,300500.0,-67.8380126953125,0.5536802687497686,-67.28433242656273,285.56421747179775
602000,301000.0,-67.71782684326172,0.4221733315739385,-67.29565351168777,217.73865509167817
603000,301500.0,-67.73600769042969,0.44862437164761226,-67.28738331878208,231.38095189414474
604000,302000.0,-67.7818603515625,0.4978825558093412,-67.28397779575316,256.78618232792604
605000,302500.0,-67.75899505615234,0.4617823490533025,-67.29721270709904,238.16726474190435
606000,303000.0,-67.72015380859375,0.42556426605810543,-67.29458954253565,219.4875517150955
607000,303500.0,-67.6722640991211,0.37060106656323494,-67.30166303255785,191.13992233516456
608000,304000.0,-67.6921157836914,0.4107557529253695,-67.28136003076604,211.84996427818115
609000,304500.0,-67.80817413330078,0.5143964937510748,-67.2937776395497,265.3033537567678
610000,305000.0,-67.76260375976562,0.4741466857446696,-67.28845707402095,244.5442522040019
611000,305500.0,-67.56011199951172,0.2623816864426459,-67.29773031306907,135.32506971417354
612000,306000.0,-67.62398529052734,0.3301992719838587,-67.29378601854349,170.3024327140018
613000,306500.0,-67.5998306274414,0.2861218241213852,-67.31370880332003,147.5692008879463
614000,307000.0,-67.68561553955078,0.3858690379570294,-67.29974650159375,199.0144783732472
615000,307500.0,-67.75731658935547,0.46529507537548165,-67.29202151397999,239.97897630181006
616000,308000.0,-67.650390625,0.3310269543988211,-67.31936367060118,170.7293153292657
617000,308500.0,-67.79617309570312,0.48885830961146937,-67.30731478609165,252.13186836873967
618000,309000.0,-67.56912231445312,0.2693576231558303,-67.2997646912973,138.92295466884505
619000,309500.0,-67.768798828125,0.4647408672871197,-67.30405796083788,239.69313985792346
620000,310000.0,-67.90745544433594,0.5952868615067806,-67.31216858282916,307.0230896276584
621000,310500.0,-67.7166748046875,0.4238835586700637,-67.29279124601743,218.62071589457952
622000,311000.0,-67.72212982177734,0.4139541529857496,-67.30817566879159,213.499560014122
623000,311500.0,-67.72180938720703,0.4231829011915438,-67.2986264860155,218.2593472205231
624000,312000.0,-67.73298645019531,0.4221251667580456,-67.31086128343726,217.71381377307532
625000,312500.0,-67.71047973632812,0.42102119753962824,-67.2894585387885,217.14443443311407
626000,313000.0,-67.73160552978516,0.4292506141718529,-67.30235491561331,221.3888098487977
627000,313500.0,-67.62052917480469,0.31129664086675346,-67.30923253393793,160.5532771674209
628000,314000.0,-67.84561157226562,0.5381750761304074,-67.30743649613522,277.56731303614686
629000,314500.0,-67.73554992675781,0.4365354596762822,-67.29901446708153,225.14601653158718
630000,315000.0,-67.62478637695312,0.33683344083931255,-67.28795293611381,173.724048662248
631000,315500.0,-67.74131774902344,0.4451956040215374,-67.2961221450019,229.61254258051034
632000,316000.0,-67.79881286621094,0.49519957360099376,-67.30361329260994,255.40241671795133
633000,316500.0,-67.70160675048828,0.40254407613072685,-67.29906267435756,207.61473829967832
634000,317000.0,-67.83418273925781,0.5395309289441043,-67.29465181031371,278.2666029866892
635000,317500.0,-67.65870666503906,0.34908543054282837,-67.30962123449623,180.04309243105936
636000,318000.0,-67.72479248046875,0.42514658432653124,-67.29964589614222,219.27212963206085
637000,318500.0,-67.82035827636719,0.5191640199760156,-67.30119425639117,267.76223656791745
638000,319000.0,-67.73099517822266,0.4378570482529123,-67.29313812996975,225.82763447791064
639000,319500.0,-67.6645278930664,0.35973059434384275,-67.30479729872256,185.53340523841285
640000,320000.0,-67.75751495361328,0.46266651295302313,-67.29484844066026,238.62327805209625
641000,320500.0,-67.89816284179688,0.5915832736568799,-67.30657956814,305.11293998735596
642000,321000.0,-67.73754119873047,0.4322726734852744,-67.3052685252452,222.94745669192838
643000,321500.0,-67.7063980102539,0.403899965972691,-67.30249804428122,208.31404734779153
644000,322000.0,-67.80651092529297,0.504489212011457,-67.3020217132815,260.19360844538994
645000,322500.0,-67.60090637207031,0.28477714584586117,-67.31612922622445,146.8756742785036
646000,323000.0,-67.73117065429688,0.4260373702154468,-67.30513328408142,219.7315582764615
647000,323500.0,-67.78477478027344,0.48466464117771396,-67.30011013909572,249.9689564641387
648000,324000.0,-67.78355407714844,0.4698076013061,-67.31374647584234,242.3063410444764
649000,324500.0,-67.7465591430664,0.43688843316970283,-67.30967070989671,225.3280649178599
650000,325000.0,-67.76529693603516,0.45380382423302534,-67.31149311180214,234.05228841806596
651000,325500.0,-67.70203399658203,0.38147098477594393,-67.32056301180609,196.74615369934838
652000,326000.0,-67.76532745361328,0.4489150431984737,-67.31641241041481,231.53086764633596
653000,326500.0,-67.78787231445312,0.47623352516950596,-67.31163878928362,245.62055327698093
654000,327000.0,-67.67730712890625,0.3481339477953957,-67.32917318111086,179.55235898516275
655000,327500.0,-67.78471374511719,0.4751308324431143,-67.30958291267407,245.05183229612513
656000,328000.0,-67.69074249267578,0.3781498232544996,-67.31259266942128,195.03324293749256
657000,328500.0,-67.68828582763672,0.3636324240230142,-67.32465340361371,187.54579939787385
658000,329000.0,-67.798095703125,0.48383683128069394,-67.3142588718443,249.54200809917037
659000,329500.0,-67.75276947021484,0.43751208165187344,-67.31525738856297,225.649715698717
660000,330000.0,-67.77120208740234,0.44152997624376483,-67.32967211115857,227.72197109551564
661000,330500.0,-67.83104705810547,0.5119811232484225,-67.31906593485705,264.05761063312025
662000,331000.0,-67.83615112304688,0.5230136783847636,-67.31313744466212,269.74772305366525
663000,331500.0,-67.66986846923828,0.342223778564138,-67.32764469067415,176.50415057517017
664000,332000.0,-67.72667694091797,0.3945103311076533,-67.33216660981032,203.4712817953275
665000,332500.0,-67.77798461914062,0.44705620638131477,-67.3309284127593,230.5721604084957
666000,333000.0,-67.78762817382812,0.46777023018988195,-67.31985794363824,241.255553574993
667000,333500.0,-67.7438735961914,0.4176790964776714,-67.32619449971374,215.42072396637772
668000,334000.0,-67.75616455078125,0.44029320370266994,-67.31587134707858,227.08409757387858
669000,334500.0,-67.70059204101562,0.3845104531298365,-67.31608158788579,198.3137793688878
670000,335000.0,-67.6182861328125,0.3072984425458328,-67.31098769026667,158.4911802511106
671000,335500.0,-67.77413177490234,0.4590567735266686,-67.31507500137567,236.7615313496327
672000,336000.0,-67.74578857421875,0.4250949888262617,-67.32069358539249,219.24551891556771
673000,336500.0,-67.68976593017578,0.361786347336799,-67.32797958283898,186.59367328096823
674000,337000.0,-67.71004486083984,0.39261014548112577,-67.31743471535871,202.4912486387988
675000,337500.0,-67.74182891845703,0.4170748395522712,-67.32475407890476,215.10907450766854
676000,338000.0,-67.72607421875,0.4040685666007272,-67.32200565214927,208.40100422367792
677000,338500.0,-67.68229675292969,0.3617542438466702,-67.32054250908301,186.57711569610532
678000,339000.0,-67.64679718017578,0.3389154449627125,-67.30788173521307,174.79785589690758
679000,339500.0,-67.7325210571289,0.4064800102781606,-67.32604104685075,209.64472206155304
680000,340000.0,-67.71003723144531,0.38659341266420344,-67.32344381878112,199.38807936299818
681000,340500.0,-67.72257232666016,0.3911805717292943,-67.33139175493086,201.75393663257222
682000,341000.0,-67.7752914428711,0.45128815524714394,-67.32400328762395,232.7548156961403
683000,341500.0,-67.76480102539062,0.4422325642810779,-67.32256846110954,228.08433546788777
684000,342000.0,-67.64867401123047,0.3193508344506668,-67.32932317677981,164.70728015067704
685000,342500.0,-67.76791381835938,0.445598234862478,-67.3223155834969,229.8202020683278
686000,343000.0,-67.75584411621094,0.4302980435528618,-67.32554607265807,221.92902839807013
687000,343500.0,-67.84535217285156,0.509218301810695,-67.33613387104087,262.6326674187622
688000,344000.0,-67.67058563232422,0.34668872543687934,-67.32389690688734,178.80697610775886
689000,344500.0,-67.68785095214844,0.35898573895509356,-67.32886521319334,185.14924120327737
690000,345000.0,-67.71920776367188,0.3946720306540385,-67.32453573301784,203.55467939324677
691000,345500.0,-67.63124084472656,0.3070720043098042,-67.32416884041676,158.3743932508745
692000,346000.0,-67.68758392333984,0.36227937064502885,-67.32530455269482,186.84795327459693
693000,346500.0,-67.80290222167969,0.4698413555309773,-67.33306086614871,242.32375000657507
694000,347000.0,-67.76302337646484,0.42891895789648254,-67.33410441856836,221.21775595706413
695000,347500.0,-67.74745178222656,0.4205968671959916,-67.32685491503057,216.92558328495278
696000,348000.0,-67.62553405761719,0.2968493392654084,-67.32868471835178,153.10198693870643
697000,348500.0,-67.73783874511719,0.40402938104281383,-67.33380936407437,208.38079401606657
698000,349000.0,-67.78555297851562,0.461716199849939,-67.32383677866568,238.13314785791724
699000,349500.0,-67.7761001586914,0.4440557331720601,-67.33204442551934,229.02464673967623
700000,350000.0,-67.78160858154297,0.4433747869907736,-67.3382337945522,228.67344429600132
701000,350500.0,-67.75615692138672,0.4130010489628624,-67.34315587242385,213.00799038481304
702000,351000.0,-67.78474426269531,0.45931911411183285,-67.32542514858348,236.89683522109388
703000,351500.0,-67.66683197021484,0.33817260779959796,-67.32865936241525,174.41473277483433
704000,352000.0,-67.67798614501953,0.35494191379791235,-67.32304423122162,183.06361194794786
705000,352500.0,-67.68818664550781,0.35533737456637565,-67.33284927094144,183.26757342402144
706000,353000.0,-67.75287628173828,0.4263738926711321,-67.32650238906714,219.90512193249796
707000,353500.0,-67.79987335205078,0.4825176531018918,-67.31735569894889,248.8616333312811
708000,354000.0,-67.77119445800781,0.43798884006854805,-67.33320561793927,225.89560696821843
709000,354500.0,-67.71461486816406,0.39484838148060625,-67.31976648668346,203.64563348468124
710000,355000.0,-67.68997955322266,0.3476961000881167,-67.34228345313454,179.3265361683532
711000,355500.0,-67.53858947753906,0.2096749421355798,-67.32891453540348,108.14122184558403
712000,356000.0,-67.75286865234375,0.4291529457146943,-67.32371570662906,221.3384367036554
713000,356500.0,-67.76985168457031,0.4394468220644074,-67.3304048625059,226.6475707119792
714000,357000.0,-67.7267837524414,0.38194545403894575,-67.34483829840246,196.99086432288112
715000,357500.0,-67.81794738769531,0.4939983202041319,-67.32394906749118,254.7828624271062
716000,358000.0,-67.6377944946289,0.32457440518166175,-67.31322008944724,167.40137089653908
717000,358500.0,-67.81720733642578,0.4876566926778891,-67.3295506437479,251.51212658145593
718000,359000.0,-67.83765411376953,0.5131943244732633,-67.32445978929627,264.68332709433673
719000,359500.0,-67.83068084716797,0.4894454153915107,-67.34123543177645,252.43467201212982
720000,360000.0,-67.76375579833984,0.4433712506485355,-67.3203845476913,228.67162040437844
721000,360500.0,-67.80213165283203,0.4670384425085326,-67.33509321032349,240.87812929535974
722000,361000.0,-67.79632568359375,0.4664240248977987,-67.32990165869595,240.56123939677929
723000,361500.0,-67.74503326416016,0.4194152817155422,-67.32561798244461,216.31617285054725
724000,362000.0,-67.87834930419922,0.5357901352348142,-67.3425591689644,276.3372641812285
725000,362500.0,-67.68348693847656,0.3517067784394322,-67.33178016003713,181.39506974190937
726000,363000.0,-67.78292083740234,0.4500412584571094,-67.33287957894524,232.11172052694036
727000,363500.0,-67.67333984375,0.3251694621338444,-67.34817038161616,167.70827540893012
728000,364000.0,-67.68821716308594,0.3589654268851325,-67.3292517362008,185.1387651204349
729000,364500.0,-67.83235168457031,0.48491630494677435,-67.34743537962353,250.09875369791047
730000,365000.0,-67.83798217773438,0.5128328227641854,-67.3251493549702,264.4968802250982
731000,365500.0,-67.70803833007812,0.36916943268476843,-67.33886889739335,190.4015478051609
732000,366000.0,-67.82195281982422,0.5011233233225232,-67.3208294965017,258.4576293545639
733000,366500.0,-67.67909240722656,0.3582277229150578,-67.3208646843115,184.75828947622256
734000,367000.0,-67.71656036376953,0.39533534952128674,-67.32122501424824,203.896790434494
735000,367500.0,-67.6928482055664,0.37037220888510125,-67.3224759966813,191.02188749184924
736000,368000.0,-67.72431945800781,0.40435514354251595,-67.3199643144653,208.54880815447746
737000,368500.0,-67.85250854492188,0.5368273878951332,-67.31568115702675,276.87223402028985
738000,369000.0,-67.5942153930664,0.2693667090878125,-67.32484868397859,138.92764079765072
739000,369500.0,-67.84093475341797,0.5182117388721776,-67.32272301454579,267.2710913644868
740000,370000.0,-67.66140747070312,0.34215474179660854,-67.31925272890652,176.46854441109133
741000,370500.0,-67.65471649169922,0.3241080089626283,-67.3306084827366,167.16082399819857
742000,371000.0,-67.811767578125,0.49276838359267316,-67.31899919453232,254.14851458085874
743000,371500.0,-67.7623519897461,0.45788245204956274,-67.30446953769653,236.1558673724292
744000,372000.0,-67.5720443725586,0.25110202280405003,-67.32094234975455,129.50750946848513
745000,372500.0,-67.9041519165039,0.5752457027028611,-67.32890621380105,296.68673098516587
746000,373000.0,-67.8079833984375,0.48597172151328916,-67.3220116769242,250.64309169031196
747000,373500.0,-67.67552185058594,0.3515039175900171,-67.32401793299591,181.2904429329214
748000,374000.0,-67.79512023925781,0.4883607651911698,-67.30675947406664,251.87525658201096
749000,374500.0,-67.8419418334961,0.5137632158151166,-67.32817861768098,264.97673652218157
750000,375000.0,-67.7149658203125,0.3872445856974247,-67.32772123461507,199.7239261109606
751000,375500.0,-67.80315399169922,0.4848973229231447,-67.31825666877607,250.08896359515663
752000,376000.0,-67.63433074951172,0.3229412771929416,-67.31138947231878,166.559074462203
753000,376500.0,-67.72882843017578,0.41149205986272064,-67.31733637031306,212.2297193936353
754000,377000.0,-67.7751235961914,0.45242869193929963,-67.3226949042521,233.34305494968774
755000,377500.0,-67.76361083984375,0.4499641181813953,-67.31364672166235,232.07193492555058
756000,378000.0,-67.62989044189453,0.3034681225841289,-67.3264223193104,156.5156676958223
757000,378500.0,-67.6905746459961,0.39104524798262713,-67.29952939801346,201.6841425257502
758000,379000.0,-67.7815933227539,0.4607511403448544,-67.32084218240905,237.63541211052373
759000,379500.0,-67.77980041503906,0.4620557742272278,-67.31774464081184,238.30828556246811
760000,380000.0,-67.66600799560547,0.365882053445065,-67.3001259421604,188.70606047591457
761000,380500.0,-67.74994659423828,0.43006015271058295,-67.3198864415277,221.80633464130605
762000,381000.0,-67.85362243652344,0.5440880386284411,-67.30953439789499,280.616962091736
763000,381500.0,-67.694580078125,0.36789996474276765,-67.32668011338224,189.7468114168089
764000,382000.0,-67.71322631835938,0.4018415977586474,-67.31138472060073,207.2524304878672
765000,382500.0,-67.81880950927734,0.4952083970689426,-67.32360111220841,255.40696747921626
766000,383000.0,-67.68820190429688,0.37763002199871826,-67.31057188229816,194.76515204239305
767000,383500.0,-67.70525360107422,0.3799164359293714,-67.32533716514484,195.94438497116963
768000,384000.0,-67.6810531616211,0.35831305928890483,-67.32274010233219,184.80230226879425
769000,384500.0,-67.74606323242188,0.42665637604968126,-67.3194068563722,220.0508145813011
770000,385000.0,-67.77201843261719,0.4520828708152933,-67.3199355618019,233.16469544468845
771000,385500.0,-67.6811294555664,0.36930613480098234,-67.31182332076543,190.4720528150857
772000,386000.0,-67.72925567626953,0.4248051911669403,-67.30445048510259,219.09605387865005
773000,386500.0,-67.66162109375,0.36540190766548525,-67.29621918608451,188.45842215185493
774000,387000.0,-67.66307830810547,0.35169610232807413,-67.31138220577739,181.38956346769717
775000,387500.0,-67.69879913330078,0.37596468964086555,-67.32283444365991,193.90624599418857
776000,388000.0,-67.74887084960938,0.4387465469676086,-67.31012430264177,226.2863992537947
777000,388500.0,-67.70857238769531,0.41198342354954537,-67.29658896414577,212.48314342667695
778000,389000.0,-67.75753784179688,0.4490411687733868,-67.30849667302348,231.59591773595642
779000,389500.0,-67.62445068359375,0.32602287248984296,-67.2984278111039,168.14842737794166
780000,390000.0,-67.61035919189453,0.3132623795278728,-67.29709681236666,161.56711972999614
781000,390500.0,-67.79771423339844,0.48091172767619944,-67.31680250572224,248.03336679662303
782000,391000.0,-67.72413635253906,0.43770941078142844,-67.28642694175764,225.7514894870317
783000,391500.0,-67.64466857910156,0.35398194771176306,-67.2906866313898,182.5685031646609
784000,392000.0,-67.82147216796875,0.509329470053303,-67.31214269791545,262.69000316648487
785000,392500.0,-67.73807525634766,0.42841134567753114,-67.30966391067012,220.95595163737744
786000,393000.0,-67.77727508544922,0.4989953454486946,-67.27827974000053,257.3601108576355
787000,393500.0,-67.73553466796875,0.4388303237887203,-67.29670434418003,226.32960769684985
788000,394000.0,-67.7574691772461,0.46309677110255626,-67.29437240614354,238.8451865048929
789000,394500.0,-67.7893295288086,0.4856837249225588,-67.30364580388604,250.49455556629192
790000,395000.0,-67.73406219482422,0.43495848202318577,-67.29910371280103,224.33267999984864
791000,395500.0,-67.77648162841797,0.4815289633844146,-67.29495266503355,248.3517101473986
792000,396000.0,-67.70164489746094,0.39666006965794176,-67.304984827803,204.58002350336824
793000,396500.0,-67.78045654296875,0.485750785371977,-67.29470575759677,250.52914243138767
794000,397000.0,-67.69893646240234,0.393186646848672,-67.30574981555367,202.788582987134
795000,397500.0,-67.71704864501953,0.40810741146989704,-67.30894123354963,210.4840648629143
796000,398000.0,-67.73530578613281,0.43891010235431543,-67.2963956837785,226.3707540134897
797000,398500.0,-67.78601837158203,0.5002067960151142,-67.28581157556691,257.98492440532885
798000,399000.0,-67.7801284790039,0.479378540843671,-67.30074993816024,247.24261566681002
799000,399500.0,-67.71601104736328,0.41889902799226914,-67.29711201937101,216.0499116185256
800000,400000.0,-67.72132110595703,0.4229733743775527,-67.29834773157948,218.15128239673624
801000,400500.0,-67.84363555908203,0.5446822640242485,-67.29895329505779,280.9234377234915
802000,401000.0,-67.76988220214844,0.47372217143146933,-67.29616003071696,244.32530617233573
803000,401500.0,-67.59528350830078,0.306048735752592,-67.28923477254818,157.8466358043908
804000,402000.0,-67.70537567138672,0.39959111087953436,-67.30578456050718,206.0917271707423
805000,402500.0,-67.67546081542969,0.39272442861824497,-67.28273638681144,202.55019091372466
806000,403000.0,-67.67623138427734,0.37713657705765613,-67.29909480721969,194.51065458887535
807000,403500.0,-67.721923828125,0.42334921033353573,-67.29857461779146,218.34512224750497
808000,404000.0,-67.7899169921875,0.48510953685369645,-67.3048074553338,250.19841431687271
809000,404500.0,-67.67538452148438,0.36915783439926714,-67.30622668708511,190.39556591360702
810000,405000.0,-67.54080963134766,0.24249104937100663,-67.29831858197664,125.06634363891717
811000,405500.0,-67.72807312011719,0.4278871735576265,-67.30018594655957,220.6856064405383
812000,406000.0,-67.73968505859375,0.4370726725028348,-67.30261238609091,225.4230875581143
813000,406500.0,-67.61145782470703,0.31381873454978837,-67.29763909015725,161.85406346889542
814000,407000.0,-67.74459838867188,0.4595777522278344,-67.28502063644405,237.030229519885
815000,407500.0,-67.66053771972656,0.36528335586525557,-67.2952543638613,188.39727828602977
816000,408000.0,-67.69496154785156,0.39766403966727526,-67.29729750818429,205.0978275976479
817000,408500.0,-67.77103424072266,0.4731441759620173,-67.29789006476064,244.02720123117717
818000,409000.0,-67.72421264648438,0.4301499610634817,-67.2940626854209,221.85265388630256
819000,409500.0,-67.71736145019531,0.43237146705198143,-67.28498998314333,222.99841011967405
820000,410000.0,-67.69702911376953,0.40993054049894484,-67.28709857327058,211.4243555756495
821000,410500.0,-67.78033447265625,0.4810106351215888,-67.29932383753466,248.08437895804343
822000,411000.0,-67.72208404541016,0.44080518959173304,-67.28127885581843,227.34815764251178
823000,411500.0,-67.72367095947266,0.4186384221638782,-67.30503253730878,215.91550245920865
824000,412000.0,-67.67852783203125,0.3888985561758648,-67.28962927585539,200.5769721955966
825000,412500.0,-67.7406005859375,0.441883516961563,-67.29871706897593,227.9043120314685
826000,413000.0,-67.78607940673828,0.49388080389502814,-67.29219860284326,254.72225262259724
827000,413500.0,-67.70111083984375,0.41269136315238913,-67.28841947669136,212.84826790394948
828000,414000.0,-67.64161682128906,0.33651801335570236,-67.30509880793336,173.5613648759364
829000,414500.0,-67.69762420654297,0.40685509012893634,-67.29076911641403,209.83817194611922
830000,415000.0,-67.78328704833984,0.48024457920726976,-67.30304246913258,247.68928061327827
831000,415500.0,-67.64006042480469,0.35338827361761194,-67.28667215118708,182.262311870338
832000,416000.0,-67.71524047851562,0.4236518035333396,-67.29158867498228,218.50118666805835
833000,416500.0,-67.63787078857422,0.34275671638027927,-67.29511407219394,176.7790167371361
834000,417000.0,-67.6826171875,0.3888147240733227,-67.29380246342667,200.5337352407824
835000,417500.0,-67.75403594970703,0.4536772867974236,-67.3003586629096,233.9870259086034
836000,418000.0,-67.7859115600586,0.49305956885981794,-67.29285199119877,254.29869528558078
837000,418500.0,-67.74287414550781,0.4495184626028485,-67.29335568290496,231.84208514810226
838000,419000.0,-67.86568450927734,0.5588479122098995,-67.30683659706744,288.22946336216995
839000,419500.0,-67.77232360839844,0.4700509100068986,-67.30227269839153,242.43182909718325
840000,420000.0,-67.77731323242188,0.482253549071705,-67.29505968335017,248.72541995152358
841000,420500.0,-67.77178955078125,0.4877554190228199,-67.28403413175843,251.56304533913115
842000,421000.0,-67.74699401855469,0.45039161636054137,-67.29660240219414,232.29241990558089
843000,421500.0,-67.76849365234375,0.4620549866890465,-67.30643866565471,238.30787938450374
844000,422000.0,-67.75403594970703,0.45213592315855883,-67.30190002654847,233.19205753747872
845000,422500.0,-67.72625732421875,0.42076225890281416,-67.30549506531594,217.01088513874967
846000,423000.0,-67.60218048095703,0.3037618655641292,-67.2984186153929,156.66716755766677
847000,423500.0,-67.69482421875,0.4097374244338384,-67.28508679431616,211.32475470286084
848000,424000.0,-67.77267456054688,0.4713214894870001,-67.30135307105988,243.08713876857576
849000,424500.0,-67.6891098022461,0.393784910766627,-67.29532489147947,203.09714151308293
850000,425000.0,-67.82447814941406,0.5193842973029265,-67.30509385211114,267.87584603900825
851000,425500.0,-67.80413055419922,0.5024641799787494,-67.30166637422047,259.1491849388755
852000,426000.0,-67.73661041259766,0.4400053071746839,-67.29660510542297,226.93561305787293
853000,426500.0,-67.5696792602539,0.2683112651415829,-67.30136799511233,138.38328868398233
854000,427000.0,-67.78663635253906,0.49067808160359777,-67.29595827093546,253.07042766774205
855000,427500.0,-67.86341094970703,0.5667423533379425,-67.29666859636909,292.3010729721661
856000,428000.0,-67.73043060302734,0.4137948996968981,-67.31663570333045,213.4174240895145
857000,428500.0,-67.62809753417969,0.33406200435217137,-67.29403552982751,172.29466217984668
858000,429000.0,-67.7392807006836,0.42893801988673247,-67.31034268079686,221.22758730312503
859000,429500.0,-67.75746154785156,0.44225765998142264,-67.31520388787014,228.09727873936654
860000,430000.0,-67.73560333251953,0.4382766760798898,-67.29732665643964,226.04406027236925
861000,430500.0,-67.66708374023438,0.37552083450628754,-67.29156290572809,193.6773248074849
862000,431000.0,-67.6607666015625,0.3551209522651578,-67.30564564929735,183.1559522076283
863000,431500.0,-67.74351501464844,0.42900250042889815,-67.31451251421954,221.26084356419295
864000,432000.0,-67.71196746826172,0.4090438346396585,-67.30292363362206,210.96703123319728
865000,432500.0,-67.66567993164062,0.36493429034050845,-67.30074564130011,188.21724546014298
866000,433000.0,-67.6406021118164,0.3366418582514661,-67.30396025356494,173.62523869037898
867000,433500.0,-67.67465209960938,0.37838590981053133,-67.29626618979884,195.15500612183186
868000,434000.0,-67.68622589111328,0.3747236389875938,-67.31150225212569,193.26616600823448
869000,434500.0,-67.77729034423828,0.4799732170908264,-67.29731712714745,247.549323828095
870000,435000.0,-67.6908187866211,0.383567415613005,-67.30725137100809,197.82740160587193
871000,435500.0,-67.77238464355469,0.4728650830005036,-67.29951956055419,243.8832572121199
872000,436000.0,-67.73967742919922,0.4437215640831972,-67.29595586511603,228.85229684796005
873000,436500.0,-67.71385955810547,0.41144765804430655,-67.30241190006116,212.20681886557713
874000,437000.0,-67.70604705810547,0.4121587770843798,-67.29388828102108,212.57358315838164
875000,437500.0,-67.76665496826172,0.4500620201984802,-67.31659294806323,232.12242853075145
876000,438000.0,-67.71697235107422,0.4262416879145487,-67.29073066315966,219.83693646519743
877000,438500.0,-67.61656188964844,0.31529267490114565,-67.3012692147473,162.61425783880836
878000,439000.0,-67.72529602050781,0.44464183920624173,-67.28065418130157,229.32693475760487
879000,439500.0,-67.75442504882812,0.45342643620616174,-67.30099861262197,233.85764807659618
880000,440000.0,-67.81462860107422,0.510795229698307,-67.30383337137592,263.44597828362686
881000,440500.0,-67.74595642089844,0.4702331430230065,-67.27572327787543,242.52581696631918
882000,441000.0,-67.8514404296875,0.5387331063922609,-67.31270732329524,277.85512079099357
883000,441500.0,-67.79930114746094,0.4905364891980001,-67.30876465826293,252.99740045910457
884000,442000.0,-67.67701721191406,0.3698666283522783,-67.30715058356178,190.7611310275624
885000,442500.0,-67.76361083984375,0.45898304081115915,-67.30462779903259,236.72350321969034
886000,443000.0,-67.7780990600586,0.45494328473648404,-67.3231557753221,234.63997262025896
887000,443500.0,-67.82150268554688,0.5346521696427596,-67.28685051590412,275.75035098936297
888000,444000.0,-67.7262191772461,0.41416769616005467,-67.31205148108604,213.60969630199185
889000,444500.0,-67.76325988769531,0.44589141268526594,-67.31736847501004,229.97141044664616
890000,445000.0,-67.75141143798828,0.43276720145674563,-67.31864423653154,223.20251272545832
891000,445500.0,-67.77513122558594,0.4535320417261822,-67.32159918385976,233.9121148137863
892000,446000.0,-67.72705841064453,0.43005936762688035,-67.29699904301765,221.80592972925513
893000,446500.0,-67.85077667236328,0.5336275866217727,-67.3171490857415,275.22191559959606
894000,447000.0,-67.75717163085938,0.4538868574308454,-67.30328477342853,234.09511333254812
895000,447500.0,-67.74739074707031,0.4329057590890516,-67.31448498798126,223.27397472993528
896000,448000.0,-67.65005493164062,0.3275462494593577,-67.32250868218127,168.9341190067879
897000,448500.0,-67.73832702636719,0.4240447245558431,-67.31428230181135,218.70383825355333
898000,449000.0,-67.68632507324219,0.37811708363052426,-67.30820798961166,195.01635726244052
899000,449500.0,-67.7032241821289,0.4052368201986471,-67.29798736193025,209.00353865253143
900000,450000.0,-67.67584991455078,0.3705858763965663,-67.30526403815422,191.132087907422
901000,450500.0,-67.7077407836914,0.39479587553961065,-67.31294490815179,203.618553202433
902000,451000.0,-67.74031829833984,0.4355623545289138,-67.30475594381093,224.64413119159934
903000,451500.0,-67.73550415039062,0.40527111068644717,-67.33023303970418,209.02122419573755
904000,452000.0,-67.65548706054688,0.35171863512878504,-67.30376842541808,181.40118490693862
905000,452500.0,-67.81124114990234,0.4931891374956783,-67.31805201240667,254.36552115638864
906000,453000.0,-67.57624816894531,0.2662998595964714,-67.30994830934884,137.3458931275086
907000,453500.0,-67.74037170410156,0.41661016617144325,-67.32376153793012,214.86941617439302
908000,454000.0,-67.78336334228516,0.4587710650181358,-67.32459227726702,236.61417531896097
909000,454500.0,-67.63090515136719,0.31145902353243177,-67.31944612783475,160.63702708858048
910000,455000.0,-67.71617126464844,0.38874423875095615,-67.32742702589748,200.49738197507853
911000,455500.0,-67.82880401611328,0.5125325712628828,-67.3162714448504,264.3420235508522
912000,456000.0,-67.79144287109375,0.4782205634760693,-67.31322230761768,246.64538127090873
913000,456500.0,-67.77970886230469,0.4677680821154578,-67.31194078018923,241.2544456915689
914000,457000.0,-67.73125457763672,0.4126747273816327,-67.31857985025509,212.83968789645016
915000,457500.0,-67.84272003173828,0.5052456219179897,-67.33747440982029,260.58373179859285
916000,458000.0,-67.78195190429688,0.4799365396114142,-67.30201536468546,247.53040717836348
917000,458500.0,-67.74121856689453,0.39357429215225065,-67.34764427474228,202.98851358611128
918000,459000.0,-67.75348663330078,0.428893242800234,-67.32459339050055,221.2044932280996
919000,459500.0,-67.7262954711914,0.3963006206867141,-67.32999485050469,204.3946353470927
920000,460000.0,-67.77787780761719,0.45901419364434454,-67.31886361397284,236.73957049702116
921000,460500.0,-67.7679443359375,0.45018439864454285,-67.31775993729296,232.18554601417597
922000,461000.0,-67.63404083251953,0.3112870778073468,-67.32275375471218,160.5483449570276
923000,461500.0,-67.70067596435547,0.3816553386043664,-67.31902062575111,196.84123539129718
924000,462000.0,-67.63297271728516,0.32200916928662426,-67.31096354799853,166.07833371724595
925000,462500.0,-67.59024047851562,0.2781551299605904,-67.31208534855503,143.46032630406137
926000,463000.0,-67.64978790283203,0.3334458837576132,-67.31634201907441,171.9768939562281
927000,463500.0,-67.75377655029297,0.43905846856027764,-67.31471808173269,226.44727485393886
928000,464000.0,-67.80343627929688,0.4859066827941439,-67.31752959650274,250.60954754581857
929000,464500.0,-67.76616668701172,0.4477227302341848,-67.31844395677753,230.9159244420252
930000,465000.0,-67.68576049804688,0.3796837110937447,-67.30607678695313,195.82435561610149
931000,465500.0,-67.59938049316406,0.2938242382287661,-67.3055562549353,151.54177130694387
932000,466000.0,-67.80726623535156,0.4905294482493917,-67.31673678710217,252.99376904384002
933000,466500.0,-67.88969421386719,0.5657512236003097,-67.32394299026687,291.78989133194034
934000,467000.0,-67.84039306640625,0.5157473121412723,-67.32464575426498,266.0000471704853
935000,467500.0,-67.68116760253906,0.37675519316871003,-67.30441240937036,194.3139533554195
936000,468000.0,-67.69132232666016,0.37338127078653577,-67.31794105587362,192.5738308347963
937000,468500.0,-67.72322082519531,0.4109281387331613,-67.31229268646216,211.9388733852665
938000,469000.0,-67.7237548828125,0.4299822862369209,-67.29377259657558,221.7661744985782
939000,469500.0,-67.82987976074219,0.5155548062758423,-67.31432495446634,265.900761012168
940000,470000.0,-67.75398254394531,0.43035278397610044,-67.32362975996921,221.95726112913985
941000,470500.0,-67.83419799804688,0.49806210916316096,-67.33613588888372,256.8787881437225
942000,471000.0,-67.72254943847656,0.4042438491065848,-67.31830558936998,208.49140732172353
943000,471500.0,-67.81344604492188,0.5043586115072008,-67.30908743341467,260.1262503817126
944000,472000.0,-67.78375244140625,0.4790023255749949,-67.30475011583125,247.04858018304063
945000,472500.0,-67.8494873046875,0.5292132982346655,-67.32027400645283,272.94521751207793
946000,473000.0,-67.71670532226562,0.3974179471406168,-67.31928737512501,204.97090376855863
947000,473500.0,-67.78363800048828,0.47260711508989345,-67.31103088539838,243.75020857613984
948000,474000.0,-67.81412506103516,0.48863258230875684,-67.3254924787264,252.015448037008
949000,474500.0,-67.69184875488281,0.38720237449351236,-67.3046463803893,199.70215540664964
950000,475000.0,-67.84125518798828,0.5188241276767591,-67.32243106031152,267.5869348930338
951000,475500.0,-67.64066314697266,0.3196685476385454,-67.32099459933411,164.8711428039045
952000,476000.0,-67.74388122558594,0.4358221531672543,-67.30805907241869,224.77812403737198
953000,476500.0,-67.69383239746094,0.3675414151429626,-67.32629098231797,189.56188711722288
954000,477000.0,-67.77194213867188,0.4604765782972734,-67.3114655603746,237.49380493994138
955000,477500.0,-67.84622955322266,0.5198824953127893,-67.32634705790987,268.1327949188261
956000,478000.0,-67.84383392333984,0.5251008388501394,-67.31873308448971,270.8241897054007
957000,478500.0,-67.73497772216797,0.42232457788067856,-67.3126531442873,217.8166613629279
958000,479000.0,-67.6554946899414,0.3464262929891311,-67.30906839695227,178.67162485756955
959000,479500.0,-67.64942169189453,0.3343519761574498,-67.31506971573708,172.44421703367993
960000,480000.0,-67.62708282470703,0.3055551924103063,-67.32152763229672,157.59208759979887
961000,480500.0,-67.77503204345703,0.4474063240665629,-67.32762571939047,230.75273589303785
962000,481000.0,-67.70503234863281,0.3838867658043819,-67.32114558282844,197.9921085543531
963000,481500.0,-67.86343383789062,0.5561308469930767,-67.30730299089755,286.82811921780694
964000,482000.0,-67.76780700683594,0.4329261185216852,-67.33488088831425,223.28447524038566
965000,482500.0,-67.8347396850586,0.521146196431874,-67.31359348862672,268.78455703056704
966000,483000.0,-67.73973846435547,0.41893109870793815,-67.32080736564752,216.0664522997467
967000,483500.0,-67.68594360351562,0.36811058016827664,-67.31783302334735,189.85543769910134
968000,484000.0,-67.68280029296875,0.3584595382254169,-67.32434075474333,184.87784973768927
969000,484500.0,-67.81221771240234,0.4732961927150386,-67.3389215196873,244.1056048651321
970000,485000.0,-67.74409484863281,0.4186047390966668,-67.32549010953615,215.89813019714126
971000,485500.0,-67.73765563964844,0.40678679714328103,-67.33086884250515,209.80294939240332
972000,486000.0,-67.88772583007812,0.5616918636625947,-67.32603396641554,289.69624991201493
973000,486500.0,-67.74235534667969,0.4171431208172289,-67.32521222586246,215.144291016358
974000,487000.0,-67.7103500366211,0.3790132950061873,-67.3313367416149,195.47858413709224
975000,487500.0,-67.79570007324219,0.47143597721759306,-67.32426409602459,243.14618656392292
976000,488000.0,-67.74266815185547,0.43140669606537085,-67.3112614557901,222.5008231775693
977000,488500.0,-67.7524642944336,0.4407100808344449,-67.31175421359914,227.29910467930787
978000,489000.0,-67.7798843383789,0.46483705159345945,-67.31504728678544,239.74274754258053
979000,489500.0,-67.70796966552734,0.3768420370273826,-67.33112762849996,194.3587436431429
980000,490000.0,-67.58134460449219,0.2671467148690087,-67.31419788962317,137.78266426938086
981000,490500.0,-67.7580795288086,0.43126080022657537,-67.32681872858201,222.42557644513272
982000,491000.0,-67.72570037841797,0.40779437349008874,-67.31790600492788,210.32261347880635
983000,491500.0,-67.69715118408203,0.3768355391426395,-67.3203156449394,194.35539231661633
984000,492000.0,-67.7430191040039,0.43454109349275083,-67.30847801051115,224.11740913721795
985000,492500.0,-67.74254608154297,0.4304135529579151,-67.31213252858505,221.98860312869795
986000,493000.0,-67.59089660644531,0.27233492345819726,-67.31856168298711,140.45851675947867
987000,493500.0,-67.69581604003906,0.3902844333058603,-67.3055316067332,201.29174738350943
988000,494000.0,-67.82514190673828,0.5338758538517469,-67.29126605288653,275.34996104613424
989000,494500.0,-67.79888916015625,0.4978201431982104,-67.30106901695804,256.7539926158054
990000,495000.0,-67.79974365234375,0.4841904972266893,-67.31555315511706,249.7244136223844
991000,495500.0,-67.71378326416016,0.4176771219884632,-67.2961061421717,215.4197056106633
992000,496000.0,-67.87405395507812,0.5540377539868904,-67.32001620109124,285.74859281937313
993000,496500.0,-67.78182983398438,0.4869792815625759,-67.29485055242179,251.16274737116206
994000,497000.0,-67.62484741210938,0.3268722270051883,-67.29797518510419,168.5864875206273
995000,497500.0,-67.85565185546875,0.5435552629604755,-67.31209659250827,280.3421795587515
996000,498000.0,-67.85040283203125,0.5528396091693498,-67.2975632228619,285.13064179863073
997000,498500.0,-67.60645294189453,0.31151126551789465,-67.29494167637664,160.66397123403752
998000,499000.0,-67.79225158691406,0.4956542960720462,-67.29659729084202,255.63694280447078
999000,499500.0,-67.71653747558594,0.413355621286566,-67.30318185429937,213.1908633782542
1000000,500000.0,-67.77536010742188,0.46132558443941324,-67.31403452298247,237.9316854068693
1001000,500500.0,-67.76171875,0.4720580919578704,-67.28966065804212,243.467046307374
1002000,501000.0,-67.80176544189453,0.4987930194157726,-67.30297242247876,257.25575988374936
1003000,501500.0,-67.81831359863281,0.5284991581436822,-67.28981444048912,272.57689509252094
1004000,502000.0,-67.71395874023438,0.41341494212983226,-67.30054379810454,213.22145849089088
1005000,502500.0,-67.71819305419922,0.431150745325479,-67.28704230887374,222.36881491057144
1006000,503000.0,-67.76428985595703,0.4613876902311832,-67.30290216572585,237.9637168748992
1007000,503500.0,-67.8113784790039,0.5028347077279566,-67.30854377127595,259.34028704730514
1008000,504000.0,-67.8027572631836,0.4822103293083696,-67.32054693387522,248.7031290760982
1009000,504500.0,-67.58070373535156,0.2769699750729907,-67.30373376027858,142.84907492458836
1010000,505000.0,-67.73372650146484,0.4421084333750395,-67.2916180680898,228.02031414177668
1011000,505500.0,-67.77996063232422,0.47639795450634215,-67.30356267781788,245.70535878216725
1012000,506000.0,-67.77525329589844,0.46703879502657375,-67.30821450087187,240.87831110884355
1013000,506500.0,-67.72860717773438,0.4279552493780984,-67.30065192835627,220.72071698989146
1014000,507000.0,-67.6646728515625,0.362987715993067,-67.30168513556943,187.2132870176054
1015000,507500.0,-67.74703216552734,0.4383444406960179,-67.30868772483133,226.07901031604806
1016000,508000.0,-67.7673568725586,0.4502925362967563,-67.31706433626184,232.24131871509468
1017000,508500.0,-67.7681884765625,0.4546213202746896,-67.31356715628782,234.473917344723
1018000,509000.0,-67.72823333740234,0.4184394950723404,-67.30979384233001,215.81290451155704
1019000,509500.0,-67.68118286132812,0.37823741725940807,-67.30294544406871,195.0784201180401
1020000,510000.0,-67.75438690185547,0.4421131372244687,-67.312273764631,228.02274018286423
1021000,510500.0,-67.79826354980469,0.48110326155564326,-67.31716028824904,248.13215164681503
1022000,511000.0,-67.78156280517578,0.46790563135412266,-67.31365717382165,241.32538761043457
1023000,511500.0,-67.59013366699219,0.28421858361408814,-67.3059150833781,146.58759215669397
1024000,512000.0,-67.78710174560547,0.47810144852897196,-67.3090002970765,246.58394695840587
1025000,512500.0,-67.80072021484375,0.49798298933841745,-67.30273722550534,256.83798157698243
1026000,513000.0,-67.79784393310547,0.4909548754338795,-67.30688905767158,253.21318589483926
1027000,513500.0,-67.75228118896484,0.4454690650728974,-67.30681212389194,229.75358190509556
1028000,514000.0,-67.76539611816406,0.47296282914722587,-67.29243328901684,243.93367042616248
1029000,514500.0,-67.80064392089844,0.4956916575246294,-67.3049522633738,255.6562122178357
1030000,515000.0,-67.59661865234375,0.2886244254229082,-67.30799422692084,148.85993386625353
1031000,515500.0,-67.80758666992188,0.48900873384130805,-67.31857793608057,252.2094506484544
1032000,516000.0,-67.78407287597656,0.47776120317559523,-67.30631167280097,246.40846319355214
1033000,516500.0,-67.70272064208984,0.3795450454859234,-67.32317559660392,195.75283792254675
1034000,517000.0,-67.6390151977539,0.31501561197114525,-67.32399958578276,162.4713608217724
1035000,517500.0,-67.6714096069336,0.3547587388059303,-67.31665086812767,182.96913824859809
1036000,518000.0,-67.7168960571289,0.38094529338911387,-67.33595076373979,196.4750249306625
1037000,518500.0,-67.75151062011719,0.44464643290450645,-67.30686418721268,229.3293039875094
1038000,519000.0,-67.68831634521484,0.3845163882894794,-67.30379995692536,198.31684046626594
1039000,519500.0,-67.67291259765625,0.3666719695054809,-67.30624062815077,189.11346484697953
1040000,520000.0,-67.57157135009766,0.2679282354981646,-67.3036431145995,138.18573864190077
1041000,520500.0,-67.72551727294922,0.4105064252146448,-67.31501084773457,211.72137188176455
1042000,521000.0,-67.7590560913086,0.4621504275217588,-67.29690566378683,238.35710361777808
1043000,521500.0,-67.68909454345703,0.3937993477859985,-67.29529519567103,203.10458750018438
1044000,522000.0,-67.83330535888672,0.5302907017730879,-67.30301465711364,273.500895428948
1045000,522500.0,-67.70880126953125,0.40624608737131385,-67.30255518215994,209.52407479342253
1046000,523000.0,-67.81999969482422,0.5127979223200383,-67.30720177250419,264.47888009291944
1047000,523500.0,-67.8376693725586,0.5402498307486402,-67.29741954180996,278.6373812911336
1048000,524000.0,-67.6566390991211,0.34820480641284735,-67.30843429270824,179.58890478024665
1049000,524500.0,-67.69342803955078,0.4049410469757718,-67.288486992575,208.85099167965444
1050000,525000.0,-67.66422271728516,0.363271011709223,-67.30095170557594,187.35939863483873
1051000,525500.0,-67.76220703125,0.4422919775590165,-67.31991505369098,228.11497825431087
1052000,526000.0,-67.74773406982422,0.43813824978497073,-67.30959582003925,225.972666006008
1053000,526500.0,-67.73339080810547,0.4231350251672145,-67.31025578293826,218.23465484805675
1054000,527000.0,-67.7594223022461,0.44328497225210856,-67.31613732999398,228.6271217575041
1055000,527500.0,-67.6303482055664,0.32679358946154696,-67.30355461610486,168.54592969351788
1056000,528000.0,-67.71607971191406,0.3974366270000605,-67.318643084914,204.9805380281586
1057000,528500.0,-67.77972412109375,0.4626054449421015,-67.31711867615165,238.5917818263218
1058000,529000.0,-67.64147186279297,0.3281216568908548,-67.31335020590211,169.2308891504558
1059000,529500.0,-67.81401824951172,0.5137531061077746,-67.30026514340395,264.97152237454264
1060000,530000.0,-67.71372985839844,0.3948513340057545,-67.31887852439269,203.6471562688242
1061000,530500.0,-67.60515594482422,0.2802452990764062,-67.3249106457478,144.53834468692597
1062000,531000.0,-67.72209930419922,0.4241771895317312,-67.29792211466749,218.77215793066108
1063000,531500.0,-67.8089828491211,0.49066455186440866,-67.31831829725668,253.06344961632465
1064000,532000.0,-67.74404907226562,0.4387051071696247,-67.305343965096,226.26502640713326
1065000,532500.0,-67.75096893310547,0.43188099515653233,-67.31908793794894,222.74544603386312
1066000,533000.0,-67.6568374633789,0.3626149855705605,-67.29422247780835,187.02104886602498
1067000,533500.0,-67.7240219116211,0.38870705282307827,-67.33531485879801,200.47820308972763
1068000,534000.0,-67.77360534667969,0.4636603224195414,-67.30994502426014,239.13584178000943
1069000,534500.0,-67.87294006347656,0.5634436928715314,-67.30949637060503,290.59976727651093
1070000,535000.0,-67.68011474609375,0.3968126957286524,-67.2833020503651,204.658741396904
1071000,535500.0,-67.77103424072266,0.46919680116618406,-67.30183743955648,241.99131688011414
1072000,536000.0,-67.63002014160156,0.32011099360093753,-67.30990914800063,165.0993372008429
1073000,536500.0,-67.7157211303711,0.41509461756449567,-67.3006265128066,214.0877620747071
1074000,537000.0,-67.79740142822266,0.485737993208552,-67.31166343501411,250.5225447894914
1075000,537500.0,-67.8309097290039,0.528309108470856,-67.30260062053306,272.4788757315928
1076000,538000.0,-67.74528503417969,0.44486612405058606,-67.3004189101291,229.44261113200523
1077000,538500.0,-67.75404357910156,0.45650341514369286,-67.29754016395788,235.44462007481704
1078000,539000.0,-67.64835357666016,0.34526767963453614,-67.30308589702562,178.07406244721966
1079000,539500.0,-67.6891860961914,0.396181321723673,-67.29300477446773,204.33310612716411
1080000,540000.0,-67.77429962158203,0.46976536000324964,-67.30453426157878,242.2845548164414
1081000,540500.0,-67.70943450927734,0.42179103758912545,-67.28764347168821,217.54148447033054
1082000,541000.0,-67.79446411132812,0.4777808871403162,-67.31668322418781,246.4186153270117
1083000,541500.0,-67.81177520751953,0.49630452918621754,-67.31547067833331,255.97230478303987
1084000,542000.0,-67.9228744506836,0.633575628557189,-67.2892988221264,326.7707714899704
1085000,542500.0,-67.7970199584961,0.493605917468583,-67.30341404102751,254.58047815149558
1086000,543000.0,-67.73542785644531,0.4409240372975356,-67.29450381914778,227.40945412357016
1087000,543500.0,-67.64485168457031,0.36011857534886194,-67.28473310922145,185.73350897760227
1088000,544000.0,-67.70840454101562,0.40784491070302675,-67.30055963031259,210.34867837669125
1089000,544500.0,-67.92003631591797,0.6290795948389528,-67.29095672107901,324.4519127136336
1090000,545000.0,-67.73439025878906,0.43651188313012224,-67.29787837565894,225.13385677380845
1091000,545500.0,-67.80691528320312,0.5106031879666884,-67.29631209523643,263.34693150535634
1092000,546000.0,-67.7523193359375,0.4649914153523388,-67.28732792058516,239.8223616601468
1093000,546500.0,-67.7030258178711,0.420276720382734,-67.28274909748836,216.7604654735299
1094000,547000.0,-67.82703399658203,0.5419603630660025,-67.28507363351603,279.5195995138829
1095000,547500.0,-67.6462631225586,0.3670476682286147,-67.27921545432999,189.3072339190093
1096000,548000.0,-67.88967895507812,0.593139644337308,-67.29653931074081,305.9156483382533
1097000,548500.0,-67.8249282836914,0.5346572684911803,-67.29027101520023,275.7529807537621
1098000,549000.0,-67.71233367919922,0.4231112717242444,-67.28922240747498,218.22240385459196
1099000,549500.0,-67.69657135009766,0.39769035002732994,-67.29888100007032,205.11139733781107
1100000,550000.0,-67.64523315429688,0.35682281547862715,-67.28841033881825,184.0336992833834
1101000,550500.0,-67.61237335205078,0.31430200594791763,-67.29807134610286,162.10331385115106
1102000,551000.0,-67.69739532470703,0.41271790253297874,-67.28467742217406,212.86195576295043
1103000,551500.0,-67.81864929199219,0.5253502877490314,-67.29329900424315,270.95284460540677
1104000,552000.0,-67.84453582763672,0.5549653966718038,-67.28957043096491,286.22703059720635
1105000,552500.0,-67.74381256103516,0.447771009933411,-67.29604155110175,230.94082501245808
1106000,553000.0,-67.70497131347656,0.4160245023347738,-67.28894681114178,214.56735622272146
1107000,553500.0,-67.85382080078125,0.5487151380067767,-67.30510566277448,283.0034188389166
1108000,554000.0,-67.67987823486328,0.38838030714226757,-67.29149792772101,200.3096818692339
1109000,554500.0,-67.6836166381836,0.3821656711431548,-67.30145096704044,197.10444273371985
1110000,555000.0,-67.68787384033203,0.3746870780106227,-67.31318676232141,193.2473094453984
1111000,555500.0,-67.74337005615234,0.439012366212305,-67.30435768994003,226.4234972666462
1112000,556000.0,-67.63705444335938,0.33720134263135354,-67.29985310072801,173.9137964161058
1113000,556500.0,-67.77053833007812,0.46235446153250587,-67.30818386854563,238.46233549239082
1114000,557000.0,-67.8155517578125,0.5001956764470233,-67.31535608136548,257.9791894154083
1115000,557500.0,-67.70085144042969,0.39720833480535367,-67.30364310562433,204.86279483661673
1116000,558000.0,-67.60063934326172,0.30659823171592465,-67.2940411115458,158.130041938995
1117000,558500.0,-67.75016784667969,0.47039688690265147,-67.27977095977704,242.61026894247897
1118000,559000.0,-67.67449951171875,0.3786251448901122,-67.29587436682864,195.27839317777043
1119000,559500.0,-67.67739868164062,0.36184656120979036,-67.31555212043084,186.62472897952247
1120000,560000.0,-67.8458480834961,0.5341770859216881,-67.31167099757441,275.5053234550646
1121000,560500.0,-67.86482238769531,0.5427244202818648,-67.32209796741344,279.9136670168555
1122000,561000.0,-67.7849349975586,0.46603448240248435,-67.31890051515612,240.36033030876422
1123000,561500.0,-67.63320922851562,0.33426330311260555,-67.29894592540302,172.39848333123288
1124000,562000.0,-67.61428833007812,0.31889198982787914,-67.29539634025025,164.47062803745766
1125000,562500.0,-67.67951965332031,0.37094578389612265,-67.3085738694242,191.31771255268
1126000,563000.0,-67.75897979736328,0.4459401478392575,-67.31303964952403,229.99654592085113
1127000,563500.0,-67.76187133789062,0.45480978136400174,-67.30706155652662,234.57111738332077
1128000,564000.0,-67.76475524902344,0.44859494885300144,-67.31616030017044,231.36577689551632
1129000,564500.0,-67.66561889648438,0.3667318779801695,-67.2988870185042,189.144363034363
1130000,565000.0,-67.62862396240234,0.32308862135735794,-67.30553534104499,166.63506817804483
1131000,565500.0,-67.66326141357422,0.3470222234444409,-67.31623919012978,178.97897988490766
1132000,566000.0,-67.85356903076172,0.5406478229804503,-67.31292120778127,278.842648385974
1133000,566500.0,-67.88619232177734,0.5830870656296787,-67.30310525614766,300.73096516595984
1134000,567000.0,-67.7091064453125,0.4084131215012275,-67.30069332381127,210.64173680969918
1135000,567500.0,-67.67709350585938,0.3717867292171215,-67.30530677664225,191.7514355984188
1136000,568000.0,-67.70353698730469,0.38874762890533526,-67.31478935839935,200.49913046935768
1137000,568500.0,-67.66791534423828,0.3507073698900387,-67.31720797434824,180.87961825040756
1138000,569000.0,-67.7147445678711,0.4145906146595315,-67.30015395321156,213.82781928229986
1139000,569500.0,-67.68458557128906,0.37219907445327405,-67.31238649683579,191.96410534906028
1140000,570000.0,-67.70510864257812,0.4061258464045887,-67.29898279617353,209.46205972893694
1141000,570500.0,-67.66764068603516,0.3702124988003746,-67.29742818723479,190.9395159717835
1142000,571000.0,-67.70157623291016,0.38371906720857335,-67.31785716570158,197.90561690748385
1143000,571500.0,-67.8323745727539,0.5082967814702573,-67.32407779128364,262.157387280108
1144000,572000.0,-67.83940124511719,0.5151265277051259,-67.32427471741207,265.67987354008466
1145000,572500.0,-67.70655059814453,0.3993705298718448,-67.30718006827269,205.977961074305
1146000,573000.0,-67.69183349609375,0.36792844115313544,-67.32390505494061,189.7614983115784
1147000,573500.0,-67.5787353515625,0.25608546724663384,-67.32264988431587,132.07775351162942
1148000,574000.0,-67.7732162475586,0.45994504995075153,-67.31327119760785,237.219665721144
1149000,574500.0,-67.64632415771484,0.3353710536524444,-67.3109531040624,172.96981291243205
1150000,575000.0,-67.57696533203125,0.265607438723484,-67.31135789330777,136.9887725365902
1151000,575500.0,-67.78517150878906,0.47098001295525305,-67.31419149583381,242.91102001543052
1152000,576000.0,-67.74303436279297,0.4210715538744174,-67.32196280891856,217.1704060419115
1153000,576500.0,-67.7771224975586,0.44628862015064563,-67.33083387740795,230.1762727930708
1154000,577000.0,-67.75025939941406,0.43470080992252164,-67.31555858949154,224.1997839297817
1155000,577500.0,-67.61471557617188,0.31658561967140564,-67.29812995650047,163.28110255478
1156000,578000.0,-67.85228729248047,0.5622480116965568,-67.29003928078392,289.9830868955243
1157000,578500.0,-67.86996459960938,0.5522986259428586,-67.31766597366652,284.8516261636919
1158000,579000.0,-67.76163482666016,0.46043949047555366,-67.3011953361846,237.47467665348276
1159000,579500.0,-67.6708755493164,0.37047713142804717,-67.30039841788836,191.0760019791492
1160000,580000.0,-67.73135375976562,0.4213422179055918,-67.31001154186004,217.3100027850546
1161000,580500.0,-67.68761444091797,0.379598023673013,-67.30801641724496,195.7801617688046
1162000,581000.0,-67.7500228881836,0.4330592711535837,-67.31696361703001,223.3531495805753
1163000,581500.0,-67.77333068847656,0.46863928593719156,-67.30469140253938,241.7037747568318
1164000,582000.0,-67.65364074707031,0.35110854816741294,-67.3025321989029,181.0865285690717
1165000,582500.0,-67.74598693847656,0.42594053817989386,-67.32004640029668,219.68161652122916
1166000,583000.0,-67.67909240722656,0.37408054877021113,-67.30501185845635,192.93448802537023
1167000,583500.0,-67.8356704711914,0.5352775073379176,-67.30039296385348,276.07287299285895
1168000,584000.0,-67.90109252929688,0.595173135021701,-67.30591939427518,306.9644344496603
1169000,584500.0,-67.7529067993164,0.43730218767051804,-67.3156046116459,225.54146150596213
1170000,585000.0,-67.74298858642578,0.4238216232669623,-67.31916696315882,218.58877230561907
1171000,585500.0,-67.81269836425781,0.4974342844956096,-67.3152640797622,256.5549834679597
1172000,586000.0,-67.71317291259766,0.4152842064121602,-67.29788870618549,214.18554376204617
1173000,586500.0,-67.76607513427734,0.46551013520537965,-67.30056499907197,240.08989481471485
1174000,587000.0,-67.60859680175781,0.29422735757515905,-67.31436944418266,151.7496827446413
1175000,587500.0,-67.69512176513672,0.39246695519610486,-67.30265480994062,202.41739731340502
1176000,588000.0,-67.77983856201172,0.47921344141900923,-67.30062512059271,247.15746455944796
1177000,588500.0,-67.79658508300781,0.49768874767464844,-67.29889633533317,256.6862245157248
1178000,589000.0,-67.66973114013672,0.37503104719751695,-67.2947000929392,193.42471380172788
1179000,589500.0,-67.85895538330078,0.5615507636935231,-67.29740461960726,289.6234766807343
1180000,590000.0,-67.74822235107422,0.4575333567489603,-67.29068899432527,235.9758191894504
1181000,590500.0,-67.7182388305664,0.42857442734475387,-67.28966440322165,221.04006207315223
1182000,591000.0,-67.74372863769531,0.43692052079804944,-67.30680811689726,225.34461432190497
1183000,591500.0,-67.7496566772461,0.45460029925650586,-67.29505637798958,234.46307561720099
1184000,592000.0,-67.86526489257812,0.5677483285716283,-67.2975165640065,292.8199112740116
1185000,592500.0,-67.85443115234375,0.5654378765945367,-67.28899327574922,291.6282805656713
1186000,593000.0,-67.71282958984375,0.4088299952017697,-67.30399959464198,210.85674214544778
1187000,593500.0,-67.68395233154297,0.38974592602102287,-67.29420640552195,201.0140087316613
1188000,594000.0,-67.69731140136719,0.41306571783571455,-67.28424568353147,213.04134377866345
1189000,594500.0,-67.7076416015625,0.40904588417713306,-67.29859571738537,210.9680882955456
1190000,595000.0,-67.66618347167969,0.38253472789683907,-67.28364874378285,197.29478616659404
1191000,595500.0,-67.5859603881836,0.29876268294293223,-67.28719770524066,154.08880644603772
1192000,596000.0,-67.65413665771484,0.35047912776704654,-67.3036575299478,180.76190088367977
1193000,596500.0,-67.73218536376953,0.4481548116521859,-67.28403055211734,231.1387732574511
1194000,597000.0,-67.77079772949219,0.4756517156257931,-67.2951460138664,245.32048120209348
1195000,597500.0,-67.6811294555664,0.3702129665023675,-67.31091648906404,190.93975719214325
1196000,598000.0,-67.8447036743164,0.5358780425706602,-67.30882563174575,276.38260296425494
1197000,598500.0,-67.72752380371094,0.4272953310348673,-67.30022847267607,220.38035979113195
1198000,599000.0,-67.66434478759766,0.37702347014946297,-67.28732131744819,194.45231896170594
1199000,599500.0,-67.69087219238281,0.3868500922386639,-67.30402210014415,199.52046353118845
1200000,600000.0,-67.77484130859375,0.48023279385644896,-67.2946085147373,247.68320224156318
1201000,600500.0,-67.76395416259766,0.474061441926649,-67.289892720671,244.50028714770266
1202000,601000.0,-67.66059875488281,0.37185972765890246,-67.28873902722391,191.78908502188642
1203000,601500.0,-67.75780487060547,0.45321723127973074,-67.30458763932573,233.74974926842228
1204000,602000.0,-67.89740753173828,0.5979022846764661,-67.29950524706182,308.3720112218762
1205000,602500.0,-67.68147277832031,0.39717152382170556,-67.2843012544986,204.84380933120298
1206000,603000.0,-67.6319580078125,0.32876070643223854,-67.30319730138027,169.56048312826363
1207000,603500.0,-67.64199829101562,0.3479307734403321,-67.29406751757529,179.4475704835875
1208000,604000.0,-67.6848373413086,0.40908377583916616,-67.27575356546943,210.98763116789976
1209000,604500.0,-67.70582580566406,0.4125706737144777,-67.29325513194958,212.78602153751834
1210000,605000.0,-67.7403335571289,0.4469817444403793,-67.29335181268853,230.53375617577365
1211000,605500.0,-67.71785736083984,0.4247000471836349,-67.29315731365621,219.04182518203734
1212000,606000.0,-67.6206283569336,0.33317388913236784,-67.28745446780123,171.8366109504961
1213000,606500.0,-67.7725601196289,0.4881931300735821,-67.28436698955532,251.788797674449
1214000,607000.0,-67.8269271850586,0.5293919539402472,-67.29753523111835,273.0373603599286
1215000,607500.0,-67.80663299560547,0.5237898544392636,-67.28284314116621,270.1480409268741
1216000,608000.0,-67.66822814941406,0.38141845764727383,-67.28680969176679,196.71906248941852
1217000,608500.0,-67.70502471923828,0.41815008112914465,-67.28687463810914,215.6636373787391
1218000,609000.0,-67.66015625,0.384129810011428,-67.27602643998857,198.1174601926784
1219000,609500.0,-67.68329620361328,0.40371031767028215,-67.27958588594299,208.21623499627947
1220000,610000.0,-67.6899642944336,0.41284906901872287,-67.27711522541487,212.92960573527947
1221000,610500.0,-67.70564270019531,0.4273868797002852,-67.27825582049503,220.42757661368495
1222000,611000.0,-67.61813354492188,0.3351632147509456,-67.28297033017093,172.8626186405453
1223000,611500.0,-67.55675506591797,0.2888556195005389,-67.26789944641743,148.97917372288015
1224000,612000.0,-67.7548828125,0.49150711371684747,-67.26337569878315,253.49800639871927
1225000,612500.0,-67.93773651123047,0.649359845854353,-67.28837666537612,334.91158472690836
1226000,613000.0,-67.75691223144531,0.47617414259057617,-67.28073808885473,245.5899263237723
1227000,613500.0,-67.79176330566406,0.5189528892688269,-67.27281041639523,267.6533445257308
1228000,614000.0,-67.69615173339844,0.43064079208921374,-67.26551094130923,222.1058031959042
1229000,614500.0,-67.74420928955078,0.4770784650507348,-67.26713082450004,246.0563365432668
1230000,615000.0,-67.82070922851562,0.5324471146959133,-67.28826211381971,274.61307948824856
1231000,615500.0,-67.70455169677734,0.429819948118021,-67.27473174865932,221.68244755271073
1232000,616000.0,-67.60670471191406,0.33405088397078714,-67.27265382794327,172.28892677046474
1233000,616500.0,-67.69403839111328,0.41904755856265513,-67.27499083255063,216.12651723100066
1234000,617000.0,-67.7372817993164,0.4642951821591139,-67.27298661715729,239.46327484014853
1235000,617500.0,-67.86329650878906,0.5890091034896285,-67.27428740529943,303.785294898774
1236000,618000.0,-67.7812271118164,0.5089599082808078,-67.27226720353559,262.4993992668581
1237000,618500.0,-67.62789154052734,0.3734453601959099,-67.25444618033143,192.60688536657054
1238000,619000.0,-67.77128601074219,0.4888004853171134,-67.28248552542507,252.10204511098496
1239000,619500.0,-67.58354949951172,0.3123512359066819,-67.27119826360504,161.097191452116
1240000,620000.0,-67.50576782226562,0.23785398168400093,-67.26791384058163,122.67474567138694
1241000,620500.0,-67.7426528930664,0.45830519155019106,-67.28434770151621,236.3738980329112
1242000,621000.0,-67.74717712402344,0.47133899395530543,-67.27583813006814,243.09616681251373
1243000,621500.0,-67.84632110595703,0.5518675911271087,-67.29445351482993,284.6293171402176
1244000,622000.0,-67.69322204589844,0.41115166557023375,-67.28207038032821,212.054158812462
1245000,622500.0,-67.54924774169922,0.2863642567699627,-67.26288348492926,147.69423711099427
1246000,623000.0,-67.74073791503906,0.4771178897903674,-67.2636200252487,246.07667011041312
1247000,623500.0,-67.77940368652344,0.5053676240541193,-67.27403606246932,260.6466551977098
1248000,624000.0,-67.65332794189453,0.39833689136675887,-67.25499105052778,205.44485525942724
1249000,624500.0,-67.80293273925781,0.5182499143449825,-67.28468282491284,267.29078061410144
1250000,625000.0,-67.74150085449219,0.47367083833961415,-67.26783001615257,244.2988307946974
1251000,625500.0,-67.59647369384766,0.3248549892459953,-67.27161870460166,167.54608396162155
1252000,626000.0,-67.76941680908203,0.4942004931102091,-67.27521631597182,254.88713442482123
1253000,626500.0,-67.67582702636719,0.4069815162405167,-67.26884551012667,209.9033770394901
1254000,627000.0,-67.80931854248047,0.5278704866112565,-67.2814480558692,272.25265364066405
1255000,627500.0,-67.68673706054688,0.4226509343279128,-67.26408612621896,217.98498183366053
1256000,628000.0,-67.84652709960938,0.5825126653370893,-67.26401443427228,300.4347144607664
1257000,628500.0,-67.80049133300781,0.5197514151036771,-67.28073991790413,268.06518944423385
1258000,629000.0,-67.68601989746094,0.4104424269824248,-67.27557747047851,211.6883643752035
1259000,629500.0,-67.78318786621094,0.4992929526433589,-67.28389491356758,257.5136037134495
1260000,630000.0,-67.76741790771484,0.4913134683820236,-67.27610443933283,253.39813255161448
1261000,630500.0,-67.55696868896484,0.3023858266347544,-67.2545828623301,155.95746648602676
1262000,631000.0,-67.7632827758789,0.5224910422603815,-67.24079173361852,269.4781700565561
1263000,631500.0,-67.74921417236328,0.48142483570333156,-67.26778933665994,248.29800561529964
1264000,632000.0,-67.68588256835938,0.4172184712104457,-67.26866409714893,215.1831534741511
1265000,632500.0,-67.7863540649414,0.5178785199914515,-67.26847554494995,267.09923154882773
1266000,633000.0,-67.67810821533203,0.4064668702567808,-67.27164134507525,209.63794500964298
1267000,633500.0,-67.64960479736328,0.37831484626225137,-67.27128995110102,195.11835463233385
1268000,634000.0,-67.74530029296875,0.48277405749292773,-67.26252623547582,248.99387557182152
1269000,634500.0,-67.78852081298828,0.5200491100885328,-67.26847170289975,268.21872757841294
1270000,635000.0,-67.76190948486328,0.5005880383888615,-67.26132144647443,258.181552651396
1271000,635500.0,-67.69176483154297,0.421851457679438,-67.26991337386353,217.57264652681602
1272000,636000.0,-67.68933868408203,0.41860439686004214,-67.27073428722198,215.8979536863652
1273000,636500.0,-67.6613540649414,0.39315112507347083,-67.26820293986793,202.77026239940304
1274000,637000.0,-67.65699005126953,0.3887336684902681,-67.26825638277926,200.49193029404125
1275000,637500.0,-67.72046661376953,0.44217386716200746,-67.27829274660752,228.0540620450818
1276000,638000.0,-67.71771240234375,0.44712629280694743,-67.27058610953681,230.60830794060186
1277000,638500.0,-67.711181640625,0.42700366850314536,-67.28417797212185,220.22993293408487
1278000,639000.0,-67.71076965332031,0.4200715480158628,-67.29069810530444,216.65464648430583
1279000,639500.0,-67.6873779296875,0.41928899342432985,-67.26808893626317,216.25103883893195
1280000,640000.0,-67.70993041992188,0.4279207980724642,-67.28200962184941,220.70294850383627
1281000,640500.0,-67.69908905029297,0.4215143877443779,-67.27757466254859,217.39880050471368
1282000,641000.0,-67.71257781982422,0.43191037761122425,-67.280667442213,222.76060022691473
1283000,641500.0,-67.65498352050781,0.39338254315765286,-67.26160097735016,202.88961778887264
1284000,642000.0,-67.8314208984375,0.5410699108922927,-67.29035098754521,279.06034298528084
1285000,642500.0,-67.64421081542969,0.3550552930738042,-67.28915552235588,183.12208805053803
1286000,643000.0,-67.679931640625,0.3972823332679223,-67.28264930735708,204.90096002734174
1287000,643500.0,-67.78558349609375,0.5019218746286528,-67.2836616214651,258.8694874100458
1288000,644000.0,-67.76156616210938,0.5008643802669364,-67.26070178184244,258.3240777811885
1289000,644500.0,-67.71613311767578,0.4158912852983433,-67.30024183237744,214.49864866547352
1290000,645000.0,-67.76549530029297,0.49477403034317574,-67.27072126994979,255.18294000137337
1291000,645500.0,-67.72724914550781,0.4540732529342416,-67.27317589257358,234.19124803170905
1292000,646000.0,-67.67819213867188,0.39003895409521644,-67.28815318457666,201.16513987616335
1293000,646500.0,-67.6897964477539,0.4155847278445681,-67.27421171990933,214.340539655024
1294000,647000.0,-67.82382202148438,0.531921333618065,-67.29190068786632,274.3419044608338
1295000,647500.0,-67.65679931640625,0.3927993251688177,-67.26399999123743,202.58881929920773
1296000,648000.0,-67.7367172241211,0.46470625210064237,-67.27201097202045,239.6752868492523
1297000,648500.0,-67.67192077636719,0.3989781861926682,-67.27294259017452,205.7756072574044
1298000,649000.0,-67.80050659179688,0.5088138255141599,-67.29169276628272,262.4240561251599
1299000,649500.0,-67.66024780273438,0.38870353233915556,-67.27154427039522,200.47638737713456
1300000,650000.0,-67.78599548339844,0.5174312488906205,-67.26856423450782,266.86854855520227
1301000,650500.0,-67.71299743652344,0.43266735608163087,-67.2803300804418,223.15101682065173
1302000,651000.0,-67.7354965209961,0.46004049735239827,-67.2754560236437,237.26889334238922
1303000,651500.0,-67.5528564453125,0.26986335214981944,-67.28299309316269,139.18378770294868
1304000,652000.0,-67.78402709960938,0.490488815382007,-67.29353828422737,252.97281237690922
1305000,652500.0,-67.72290802001953,0.4567013364750302,-67.2662066835445,235.54669929507162
1306000,653000.0,-67.73593139648438,0.4650578290679017,-67.27087356741647,239.85661496802962
1307000,653500.0,-67.73726654052734,0.4528215132166843,-67.28444502731065,233.54565509098575
1308000,654000.0,-67.820068359375,0.5315159315804926,-67.28855242779451,274.13281571024083
1309000,654500.0,-67.68106842041016,0.39330574006254426,-67.28776268034761,202.85000609058397
1310000,655000.0,-67.74034118652344,0.44993644939736227,-67.29040473712608,232.05766456934188
1311000,655500.0,-67.72957611083984,0.4567751353736829,-67.27280097546615,235.58476155940266
1312000,656000.0,-67.8242416381836,0.5361740377982486,-67.28806760038535,276.5352644375138
1313000,656500.0,-67.73274230957031,0.4601904720069736,-67.27255183756334,237.34624375072346
1314000,657000.0,-67.75560760498047,0.4787429706317493,-67.27686463434873,246.9148161759132
1315000,657500.0,-67.60017395019531,0.3152269958124496,-67.28494695438286,162.5803834195337
1316000,658000.0,-67.59951782226562,0.32031169333366716,-67.27920612893196,165.20284939977523
1317000,658500.0,-67.69642639160156,0.40677631081349114,-67.28965008078808,209.79754099927533
1318000,659000.0,-67.76753234863281,0.49140547624323205,-67.27612687238958,253.44558620739778
1319000,659500.0,-67.85284423828125,0.5676951752506645,-67.28514906303059,292.7924971013134
1320000,660000.0,-67.68168640136719,0.39215753796145253,-67.28952886340574,202.25781335227651
1321000,660500.0,-67.59842681884766,0.31444411676301537,-67.28398270208464,162.17660843287655
1322000,661000.0,-67.73187255859375,0.44900735889933985,-67.28286519969441,231.57848007243476
1323000,661500.0,-67.64446258544922,0.3664270792869654,-67.27803550616225,188.9871611161733
1324000,662000.0,-67.75748443603516,0.46495134718805836,-67.2925330888471,239.80169624253296
1325000,662500.0,-67.85210418701172,0.572804157705667,-67.27930002930606,295.42748819488133
1326000,663000.0,-67.7143783569336,0.433379322914655,-67.28099903401893,223.51821836821182
1327000,663500.0,-67.76659393310547,0.4618157493670363,-67.30477818373843,238.18449117201757
1328000,664000.0,-67.80965423583984,0.523634255526014,-67.28601998031382,270.06778977036834
1329000,664500.0,-67.75746154785156,0.4743478598830682,-67.2831136879685,244.64800908075873
1330000,665000.0,-67.74329376220703,0.4633627700294424,-67.27993099217758,238.98237719000812
1331000,665500.0,-67.7998275756836,0.5052043434002358,-67.29462323228336,260.56244213326414
1332000,666000.0,-67.69274139404297,0.41776719729462786,-67.27497419674835,215.46616253855152
1333000,666500.0,-67.63192749023438,0.3533658476460442,-67.27856164258833,182.2507455289254
1334000,667000.0,-67.6397933959961,0.3587543497913113,-67.28103904620478,185.02990072969297
1335000,667500.0,-67.82652282714844,0.534311756740198,-67.29221107040824,275.574780809922
1336000,668000.0,-67.53694152832031,0.2482237181486298,-67.28871781017168,128.02300502980162
1337000,668500.0,-67.68025970458984,0.4009439151082355,-67.27931578948161,206.78944479364748
1338000,669000.0,-67.58241271972656,0.28144803688341047,-67.30096468284316,145.15866457200414
1339000,669500.0,-67.79308319091797,0.5281931710962445,-67.26489001982172,272.41908027286814
1340000,670000.0,-67.76570129394531,0.47494204368561693,-67.2907592502597,244.95446326051916
1341000,670500.0,-67.73575592041016,0.4690038569287402,-67.26675206348142,241.8918046285655
1342000,671000.0,-67.81298065185547,0.5304679749765114,-67.28251267687895,273.5923252422745
1343000,671500.0,-67.68323516845703,0.4129913260267351,-67.27024384243029,213.00297571695612
1344000,672000.0,-67.69567108154297,0.42035915002021734,-67.27531193152275,216.8029790978235
1345000,672500.0,-67.76060485839844,0.48707422423813135,-67.27353063416031,251.21171467662677
1346000,673000.0,-67.76002502441406,0.48618618695880994,-67.27383883745526,250.75370364558927
1347000,673500.0,-67.71430206298828,0.4448850826644055,-67.26941698032388,229.45238916099643
1348000,674000.0,-67.73737335205078,0.46598073961883574,-67.27139261243194,240.33261211683367
1349000,674500.0,-67.79338073730469,0.5399560853809744,-67.25342465192371,278.485880197835
1350000,675000.0,-67.70856475830078,0.4223550153333759,-67.2862097429674,217.83235967809628
1351000,675500.0,-67.72224426269531,0.47192052417807345,-67.25032373851724,243.39609482579826
1352000,676000.0,-67.68360137939453,0.4148927794143265,-67.2687085999802,213.98366272953962
1353000,676500.0,-67.77755737304688,0.5098264852481439,-67.26773088779873,262.9463420017242
1354000,677000.0,-67.6895980834961,0.4441611078269288,-67.24543697566916,229.0789944066554
1355000,677500.0,-67.69264221191406,0.42313456491368656,-67.26950764700038,218.23441746929146
1356000,678000.0,-67.67057800292969,0.4010393212067752,-67.2695386817229,206.83865111254528
1357000,678500.0,-67.63732147216797,0.3877122937202802,-67.24960917844768,199.9651495806963
1358000,679000.0,-67.83539581298828,0.5573550464816883,-67.27804076650659,287.45950810544804
1359000,679500.0,-67.62718963623047,0.36079358675155787,-67.26639604947891,186.08165052042926
1360000,680000.0,-67.6796875,0.4258210559060645,-67.25386644409393,219.6199927575634
1361000,680500.0,-67.72022247314453,0.46885296842491764,-67.25136950471962,241.81398289650906
1362000,681000.0,-67.73049926757812,0.4726873220838538,-67.25781194549427,243.79157585750923
1363000,681500.0,-67.64962005615234,0.3918048881557005,-67.25781516799664,202.0759319100345
1364000,682000.0,-67.73452758789062,0.4702082454962866,-67.26431934239434,242.5129759041827
1365000,682500.0,-67.71639251708984,0.43975277751597863,-67.27663973957387,226.80536923585734
1366000,683000.0,-67.75122833251953,0.48369547790601297,-67.26753285461352,249.46910417229049
1367000,683500.0,-67.70769500732422,0.4495697654264516,-67.25812524189777,231.86854491469174
1368000,684000.0,-67.66085052490234,0.4061046616290576,-67.25474586327329,209.4511335424927
1369000,684500.0,-67.69636535644531,0.4355482412734521,-67.26081711517186,224.63685218785048
1370000,685000.0,-67.62029266357422,0.355025087979128,-67.26526757559509,183.10650957553776
1371000,685500.0,-67.80098724365234,0.5258496757577721,-67.27513756789457,271.2104072349237
1372000,686000.0,-67.7326431274414,0.46912377394059956,-67.26351935350081,241.9536526112117
1373000,686500.0,-67.78731536865234,0.5124336106120521,-67.2748817580403,264.2909839483777
1374000,687000.0,-67.88108825683594,0.620727978948005,-67.26036027788793,320.144512231567
1375000,687500.0,-67.70377349853516,0.44780478250126327,-67.25596871603389,230.95824343506598
1376000,688000.0,-67.72239685058594,0.45381395394801965,-67.26858289663792,234.05751288478228
1377000,688500.0,-67.70024108886719,0.4316835139741209,-67.26855757489307,222.6435938232939
1378000,689000.0,-67.89713287353516,0.6362482012452748,-67.26088467228988,328.14916832183343
1379000,689500.0,-67.72949981689453,0.47708469537623477,-67.2524151215183,246.05954987436493
1380000,690000.0,-67.78095245361328,0.5080101312430311,-67.27294232237026,262.00954555186513
1381000,690500.0,-67.68572235107422,0.4133813771245496,-67.27234097394967,213.20414712003486
1382000,691000.0,-67.62879180908203,0.36786831240805595,-67.26092349667398,189.73048651830112
1383000,691500.0,-67.6056137084961,0.31856483765747795,-67.28704887083862,164.30189716730084
1384000,692000.0,-67.59899139404297,0.3527600298204133,-67.24623136422255,181.93829102572016
1385000,692500.0,-67.75556182861328,0.4868008871575771,-67.26876094145571,251.07073929079488
1386000,693000.0,-67.7808609008789,0.527813407640545,-67.25304749323836,272.2232147884504
1387000,693500.0,-67.70795440673828,0.45652248593638467,-67.25143192080189,235.4544559607949
1388000,694000.0,-67.71485137939453,0.4514923127662544,-67.26335906662828,232.86011127099871
1389000,694500.0,-67.70330810546875,0.4311910442674849,-67.27211706120127,222.3895993533056
1390000,695000.0,-67.68901824951172,0.4186904669072281,-67.2703277826045,215.94234487575676
1391000,695500.0,-67.71476745605469,0.44341033099701405,-67.27135712505768,228.6917763495361
1392000,696000.0,-67.9006576538086,0.6294444102283305,-67.27121324358026,324.64006863514504
1393000,696500.0,-67.75005340576172,0.4872848543034487,-67.26276855145827,251.32034850949606
1394000,697000.0,-67.6559829711914,0.3756114996790201,-67.28037147151238,193.72408596291086
1395000,697500.0,-67.7252426147461,0.4636713047852263,-67.26157130996087,239.14150600689234
1396000,698000.0,-67.63960266113281,0.3631130101747976,-67.27648965095801,187.27790831075797
1397000,698500.0,-67.66786193847656,0.3958558034379081,-67.27200613503865,204.16521794368754
1398000,699000.0,-67.69430541992188,0.4355917638164334,-67.25871365610544,224.6592992238572
1399000,699500.0,-67.66938781738281,0.4030833601926047,-67.2663044571902,207.89287757936208
1400000,700000.0,-67.75402069091797,0.49039408923488764,-67.26362660168309,252.92395674740064
1401000,700500.0,-67.75677490234375,0.48717830225442693,-67.26959660008933,251.265393593787
1402000,701000.0,-67.87229919433594,0.6044976206349354,-67.267801573701,311.77359884969013
1403000,701500.0,-67.78044891357422,0.5013592320916299,-67.27908968148259,258.5793008441346
1404000,702000.0,-67.82852935791016,0.5691592731604663,-67.25937008474969,293.54761516766376
1405000,702500.0,-67.70735168457031,0.4475169230228662,-67.25983476154745,230.80977802762803
1406000,703000.0,-67.83271789550781,0.5609380671206206,-67.2717798283872,289.3074744186641
1407000,703500.0,-67.79633331298828,0.5113269651691666,-67.28500634781912,263.7202243281552
1408000,704000.0,-67.61849212646484,0.3510652367490265,-67.26742688971582,181.0641904219547
1409000,704500.0,-67.65630340576172,0.38101339169993936,-67.27529001406178,196.51014707956253
1410000,705000.0,-67.71297454833984,0.45305540163591146,-67.25991914670394,233.66628457190103
1411000,705500.0,-67.85944366455078,0.5867178588823362,-67.27272580566844,302.60357051694734
1412000,706000.0,-67.65882873535156,0.4038774103980916,-67.25495132495347,208.30241416276826
1413000,706500.0,-67.57420349121094,0.3107913651405114,-67.26341212607042,160.2926779091204
1414000,707000.0,-67.7158432006836,0.4465568168157982,-67.2692863838678,230.3145969760614
1415000,707500.0,-67.61222839355469,0.3655258228953497,-67.24670257065934,188.52233224156964
1416000,708000.0,-67.83741760253906,0.5655269071668302,-67.27189069537224,291.67419866523704
1417000,708500.0,-67.72711944580078,0.4507980264086968,-67.27632141939209,232.50202854422037
1418000,709000.0,-67.7269287109375,0.4647768519105165,-67.26215185902699,239.71169916263648
1419000,709500.0,-67.79586791992188,0.5323664312091128,-67.26350148871276,274.57146645258246
1420000,710000.0,-67.7116928100586,0.4391372482787653,-67.27255556177982,226.48790600865453
1421000,710500.0,-67.58341217041016,0.3310200887218865,-67.25239208168827,170.72577431151248
1422000,711000.0,-67.71009826660156,0.45224440086420115,-67.25785386573736,233.24800562317594
1423000,711500.0,-67.65692138671875,0.40689763662289347,-67.25002375009586,209.86011557846223
1424000,712000.0,-67.69461822509766,0.4491115943229092,-67.24550663077474,231.63224017342523
1425000,712500.0,-67.64879608154297,0.3961202581411629,-67.2526758234018,204.30161218537188
1426000,713000.0,-67.59716796875,0.3414663767938256,-67.25570159195617,176.11351566174008
1427000,713500.0,-67.58840942382812,0.341657254631597,-67.24675216919653,176.21196215415165
1428000,714000.0,-67.77761840820312,0.5292779675367792,-67.24834044066634,272.9785711273228
1429000,714500.0,-67.77043151855469,0.5029043559649139,-67.26752716258977,259.37620858073797
1430000,715000.0,-67.70983123779297,0.4632290211779048,-67.24660221661506,238.91339534564275
1431000,715500.0,-67.58779907226562,0.33631427832746447,-67.25148479393816,173.45628720350695
1432000,716000.0,-67.6262435913086,0.37321254867857734,-67.25303104263001,192.48681130484604
1433000,716500.0,-67.63892364501953,0.39048229174391896,-67.24844135327561,201.39379416614443
1434000,717000.0,-67.64360046386719,0.39318466063386914,-67.25041580323332,202.78755858386748
1435000,717500.0,-67.6843032836914,0.4122289092985552,-67.27207437439286,212.609754306228
1436000,718000.0,-67.72479248046875,0.46959219385579654,-67.25520028661295,242.19524324407544
1437000,718500.0,-67.67696380615234,0.41585653486481294,-67.26110727128753,214.48072590225078
1438000,719000.0,-67.58802032470703,0.3418764311733386,-67.2461438935337,176.32500388809666
1439000,719500.0,-67.7889404296875,0.5295494508414682,-67.25939097884603,273.1185904161359
1440000,720000.0,-67.73347473144531,0.4878020381244709,-67.24567269332084,251.58708944551094
1441000,720500.0,-67.56221008300781,0.3132007980986221,-67.24900928490919,161.53535870536277
1442000,721000.0,-67.60492706298828,0.35853363251788833,-67.24639343047039,184.91606435331303
1443000,721500.0,-67.79998779296875,0.5398051057483175,-67.26018268722044,278.40801146548665
1444000,722000.0,-67.60735321044922,0.36130027610291326,-67.24605293434631,186.34297886512144
1445000,722500.0,-67.85618591308594,0.5737677043514019,-67.28241820873454,295.9244436751772
1446000,723000.0,-67.76657104492188,0.5215357169674354,-67.24503532795444,268.98545479269603
1447000,723500.0,-67.81204223632812,0.5623400106278523,-67.24970222570028,290.03053594564665
1448000,724000.0,-67.63822937011719,0.38996301562192237,-67.24826635449527,201.12597411222671
1449000,724500.0,-67.72929382324219,0.4661693851916381,-67.26312443805055,240.42990730399728
1450000,725000.0,-67.82353210449219,0.5587325624018147,-67.26479954209037,288.16997094472185
1451000,725500.0,-67.7703857421875,0.5147955590997256,-67.25559018308778,265.50917431863274
1452000,726000.0,-67.65837097167969,0.39956337302060346,-67.25880759865909,206.07742118870354
1453000,726500.0,-67.73930358886719,0.48198186714220176,-67.25732172172499,248.58529822066436
1454000,727000.0,-67.78697967529297,0.5357478829184646,-67.2512317923745,276.3154722729093
1455000,727500.0,-67.70452880859375,0.45289073854166206,-67.25163807005208,233.581358504801
1456000,728000.0,-67.67117309570312,0.4146188789923412,-67.25655421671078,213.84239679668264
1457000,728500.0,-67.67784881591797,0.4327010599937067,-67.24514775592426,223.1683998335942
1458000,729000.0,-67.7083511352539,0.4753014415279471,-67.23304969372596,245.13982504673166
1459000,729500.0,-67.58943939208984,0.32672044098603586,-67.2627189511038,168.50820288917328
1460000,730000.0,-67.7732162475586,0.5288955835089103,-67.24432066404968,272.7813540656806
1461000,730500.0,-67.66631317138672,0.4146367232704037,-67.25167644811631,213.8516000997239
1462000,731000.0,-67.69404602050781,0.4235601794726063,-67.27048584103521,218.45393095987868
1463000,731500.0,-67.61437225341797,0.3844755516003293,-67.22989670181764,198.29577867692745
1464000,732000.0,-67.64366149902344,0.39700660012013783,-67.2466548989033,204.75874885417517
1465000,732500.0,-67.6766586303711,0.4524121390417735,-67.22424649132932,233.3345176845986
1466000,733000.0,-67.58238220214844,0.36383952827336025,-67.21854267387508,187.6526147686269
1467000,733500.0,-67.65665435791016,0.4114536888631964,-67.24520066904697,212.2099292998371
1468000,734000.0,-67.76256561279297,0.5206951411953091,-67.24187047159766,268.55192234420366
1469000,734500.0,-67.73101806640625,0.4890344948803369,-67.2419835715259,252.22273707270816
1470000,735000.0,-67.64952850341797,0.4161670557071671,-67.2333614477108,214.6408790562647
1471000,735500.0,-67.67355346679688,0.42190448390845714,-67.25164898288841,217.59999515101302
1472000,736000.0,-67.61201477050781,0.3679705553118091,-67.244044215196,189.78321896417324
1473000,736500.0,-67.70525360107422,0.46588290945051886,-67.2393706916237,240.2821555681045
1474000,737000.0,-67.69358825683594,0.4566415990825656,-67.23694665775338,235.51588934446332
1475000,737500.0,-67.73223114013672,0.48017193070252945,-67.2520592094342,247.65181167212654
1476000,738000.0,-67.69628143310547,0.44909423221160627,-67.24718720089386,231.62328555104168
1477000,738500.0,-67.81040954589844,0.5813984288621431,-67.2290111170363,299.8600397161434
1478000,739000.0,-67.72978973388672,0.47901264535516547,-67.25077708853155,247.05390267711388
1479000,739500.0,-67.77483367919922,0.5191611721922019,-67.25567250700702,267.76076780480236
1480000,740000.0,-67.7474136352539,0.5099467982080815,-67.23746683704583,263.0083941971797
1481000,740500.0,-67.71170806884766,0.47119655345558986,-67.24051151539207,243.0227021937918
1482000,741000.0,-67.70677185058594,0.462982267265676,-67.24378958332026,238.78613040262277
1483000,741500.0,-67.54635620117188,0.3215539203014724,-67.2248022808704,165.8435360776384
1484000,742000.0,-67.69418334960938,0.4517557963541229,-67.24242755325525,232.9960046535753
1485000,742500.0,-67.68243408203125,0.45130108852525913,-67.231132993506,232.76148611886035
1486000,743000.0,-67.72291564941406,0.4746081152917423,-67.24830753412232,244.78223750881637
1487000,743500.0,-67.79208374023438,0.5551375502474412,-67.23694618998694,286.3158199290402
1488000,744000.0,-67.72664642333984,0.48565182599440626,-67.24099459734543,250.4781034856053
1489000,744500.0,-67.65979766845703,0.416080314298955,-67.24371735415808,214.5961416080359
1490000,745000.0,-67.52207946777344,0.2786863539894318,-67.24339311378401,143.73430856902604
1491000,745500.0,-67.697998046875,0.45914875158992524,-67.23884929528508,236.80896963692754
1492000,746000.0,-67.74675750732422,0.4961856715451389,-67.25057183577908,255.9110031777979
1493000,746500.0,-67.6413803100586,0.3988015330472254,-67.24257877701137,205.68449724303414
1494000,747000.0,-67.71839141845703,0.4699100357277873,-67.24848138272924,242.3591722669748
1495000,747500.0,-67.7445068359375,0.496179805385533,-67.24832703055196,255.90797766763987
1496000,748000.0,-67.7428970336914,0.4819715421991424,-67.26092549149226,248.5799730637975
1497000,748500.0,-67.69122314453125,0.4356360238677511,-67.25558712066349,224.68212663460878
1498000,749000.0,-67.5647964477539,0.3195054201835235,-67.24529102757039,164.78700875277298
1499000,749500.0,-67.5278549194336,0.28770508093732494,-67.24014983849627,148.38577593896198
1500000,750000.0,-67.64779663085938,0.3907215606844446,-67.25707507017493,201.5171986860866
1501000,750500.0,-67.66092681884766,0.42052296297161645,-67.24040385587604,216.887466698192
1502000,751000.0,-67.82744598388672,0.5731208901840015,-67.25432509370272,295.5908450407515
1503000,751500.0,-67.79090118408203,0.5479145135816206,-67.24298667050041,282.5904915587468
1504000,752000.0,-67.7359390258789,0.5064309448237184,-67.22950808105519,261.1950698345141
1505000,752500.0,-67.72911071777344,0.47562143628356435,-67.25348928148988,245.30486443343267
1506000,753000.0,-67.7542495727539,0.512081248819669,-67.24216832393424,264.1092510509132
1507000,753500.0,-67.55464172363281,0.32682168970373776,-67.22782003392908,168.56042257709146
1508000,754000.0,-67.67881774902344,0.4378737308082771,-67.24094401821516,225.83623861487752
1509000,754500.0,-67.80094909667969,0.5510071856389152,-67.24994191104078,284.1855573860562
1510000,755000.0,-67.62564086914062,0.38725567366677316,-67.23838519547385,199.72964480362324
1511000,755500.0,-67.79532623291016,0.5608481709682042,-67.23447806194196,289.2611098904925
1512000,756000.0,-67.63750457763672,0.40683667445036553,-67.23066790318636,209.82867393953111
1513000,756500.0,-67.65540313720703,0.4247609302973872,-67.23064220690965,219.07322604588822
1514000,757000.0,-67.63245391845703,0.39141613831138267,-67.24103778014565,201.87543163695165
1515000,757500.0,-67.65303802490234,0.44219406061703975,-67.2108439642853,228.06447695149947
1516000,758000.0,-67.6414794921875,0.40788215640706194,-67.23359733578044,210.36788809198598
1517000,758500.0,-67.74403381347656,0.5283154144998254,-67.21571839897673,272.4821281072501
1518000,759000.0,-67.76057434082031,0.5324301296266918,-67.22814421119362,274.60431932778283
1519000,759500.0,-67.61491394042969,0.39124258343547347,-67.22367135699422,201.78591957534374
1520000,760000.0,-67.66200256347656,0.4424019073423296,-67.21960065613423,228.17167525855763
1521000,760500.0,-67.69889831542969,0.49018058485956567,-67.20871773057013,252.8138404703599
1522000,761000.0,-67.57520294189453,0.362331746785343,-67.21287119510919,186.87496661129535
1523000,761500.0,-67.69780731201172,0.47561594443471394,-67.22219136757701,245.30203197649325
1524000,762000.0,-67.82047271728516,0.592310168796181,-67.22816254848898,305.4878409064501
1525000,762500.0,-67.70377349853516,0.49065020472633475,-67.21312329380882,253.0560499860899
1526000,763000.0,-67.72355651855469,0.5083806013669239,-67.21517591718776,262.20061793966215
1527000,763500.0,-67.76189422607422,0.5414004631513133,-67.2204937629229,279.23082747336616
1528000,764000.0,-67.76490783691406,0.5516919767247295,-67.21321586018934,284.53874286437167
1529000,764500.0,-67.73164367675781,0.5215051465739154,-67.2101385301839,268.9696879124295
1530000,765000.0,-67.625244140625,0.414020473511148,-67.21122366711386,213.53376525856837
1531000,765500.0,-67.69742584228516,0.4727446603972882,-67.22468118188787,243.82114846742726
1532000,766000.0,-67.77210998535156,0.5555038298112238,-67.21660615554033,286.50473100807085
1533000,766500.0,-67.67434692382812,0.4463443678483216,-67.2280025559798,230.20502503251512
1534000,767000.0,-67.60917663574219,0.37316652743578715,-67.2360101083064,192.46307554808132
1535000,767500.0,-67.59137725830078,0.3693062237143968,-67.22207103458638,190.47209867276035
1536000,768000.0,-67.85267639160156,0.6416184620103135,-67.21105792959125,330.91891541152216
1537000,768500.0,-67.7918701171875,0.5818795845641971,-67.20999053262331,300.1081989143199
1538000,769000.0,-67.76497650146484,0.5501004685672191,-67.21487603289762,283.71791213001
1539000,769500.0,-67.6680908203125,0.4655906361210811,-67.20250018419142,240.13141368814328
1540000,770000.0,-67.67366790771484,0.46191673685888684,-67.21175117085596,238.23657613099556
1541000,770500.0,-67.66698455810547,0.4556165219709973,-67.21136803613447,234.9871991242497
1542000,771000.0,-67.67906951904297,0.4551495570810455,-67.22391996196193,234.74635893016622
1543000,771500.0,-67.63735961914062,0.4257436834738587,-67.21161593566677,219.58008741994567
1544000,772000.0,-67.68648529052734,0.44974070906963576,-67.23674458145771,231.95671021595467
1545000,772500.0,-67.74363708496094,0.5206382609543272,-67.22299882400661,268.52258598814694
1546000,773000.0,-67.71129608154297,0.5133955477416232,-67.19790053380135,264.78710931019225
1547000,773500.0,-67.77156829833984,0.5604389556826292,-67.21112934265722,289.05005443231886
1548000,774000.0,-67.76758575439453,0.530274869857006,-67.23731088453752,273.4927300147511
1549000,774500.0,-67.52565002441406,0.3167163274495387,-67.20893369696452,163.3485159456605
1550000,775000.0,-67.71647644042969,0.4898786852605232,-67.22659775516917,252.6581337789326
1551000,775500.0,-67.57518005371094,0.3688147823048198,-67.20636527140611,190.21863455370118
1552000,776000.0,-67.68816375732422,0.48285682836608057,-67.20530692895814,249.03656519064202
1553000,776500.0,-67.70893096923828,0.49145626148540006,-67.21747470775288,253.47177902797915
1554000,777000.0,-67.61626434326172,0.39183209848132006,-67.2244322447804,202.08996581331996
1555000,777500.0,-67.78857421875,0.5728240706650685,-67.21575014808494,295.4377584338441
1556000,778000.0,-67.73117065429688,0.5250606200778357,-67.20611003421904,270.80344661071456
1557000,778500.0,-67.80512237548828,0.5765613210876186,-67.22856105440066,297.3652697660097
1558000,779000.0,-67.62053680419922,0.4045038884424603,-67.21603291575676,208.6255243088231
1559000,779500.0,-67.64939880371094,0.43910600007819145,-67.21029280363274,226.47178954496977
1560000,780000.0,-67.68869018554688,0.4563476599305761,-67.2323425256163,235.3642883056332
1561000,780500.0,-67.74319458007812,0.5362139574356586,-67.20698062264246,276.55585325142346
1562000,781000.0,-67.70665740966797,0.49235230153273263,-67.21430510813524,253.93391753892465
1563000,781500.0,-67.70152282714844,0.49749126825546813,-67.20403155889296,256.5843732145536
1564000,782000.0,-67.7229995727539,0.5099298247688236,-67.21306974798509,262.99964003494375
1565000,782500.0,-67.56429290771484,0.34590883939300265,-67.21838406832184,178.4047447832804
1566000,783000.0,-67.7010726928711,0.47529986651396333,-67.22577282635713,245.1390127229752
1567000,783500.0,-67.77494049072266,0.5759086847955459,-67.1990318059271,297.02866833273083
1568000,784000.0,-67.75440216064453,0.5367586438970791,-67.21764351674746,276.83677885398146
1569000,784500.0,-67.62892150878906,0.4316724480126379,-67.19724906077643,222.63788648133172
1570000,785000.0,-67.60807800292969,0.40716389298847316,-67.20091410994121,209.9974390392663
1571000,785500.0,-67.76580810546875,0.5661714971135339,-67.19963660835522,292.0066501433009
1572000,786000.0,-67.82876586914062,0.6026125317497673,-67.22615333739085,310.8013519361901
1573000,786500.0,-67.8429946899414,0.6413771888903009,-67.2016175010511,330.7944772229103
1574000,787000.0,-67.80677032470703,0.5975556345314715,-67.20921469017556,308.1932241438837
1575000,787500.0,-67.7092514038086,0.4889630583322718,-67.22028834547632,252.18589320613304
1576000,788000.0,-67.68690490722656,0.4614846768666146,-67.22542023035994,238.01373836602932
1577000,788500.0,-67.80429077148438,0.5817404967698436,-67.22255027471454,300.03646347530184
1578000,789000.0,-67.65824890136719,0.44208310707955956,-67.21616579428763,228.00725193934977
1579000,789500.0,-67.5693359375,0.35697873032547606,-67.21235720717452,184.11411338470796
1580000,790000.0,-67.68917846679688,0.4800533622918097,-67.20912510450506,247.59065923933258
1581000,790500.0,-67.6539306640625,0.44303047170675147,-67.21090019235575,228.4958614378161
1582000,791000.0,-67.59318542480469,0.3791329021181588,-67.21405252268653,195.54027228684578
1583000,791500.0,-67.71259307861328,0.4905447357903381,-67.22204834282294,253.00165369300277
1584000,792000.0,-67.57637023925781,0.3727962736880381,-67.20357396556977,192.27211475769465
1585000,792500.0,-67.59090423583984,0.3888652119071617,-67.20203902393268,200.55977467107425
1586000,793000.0,-67.70665740966797,0.49721813427454836,-67.20943927539342,256.44350257868564
1587000,793500.0,-67.67097473144531,0.45937924588288875,-67.21159548556243,236.9278485750383
1588000,794000.0,-67.73206329345703,0.5103969776737948,-67.22166631578324,263.2405771990023
1589000,794500.0,-67.7264404296875,0.5179659799374552,-67.20847444975004,267.1443395876189
1590000,795000.0,-67.66304779052734,0.4535261844947825,-67.20952160603257,233.90909390840892
1591000,795500.0,-67.62255859375,0.42273453463346056,-67.19982405911654,218.02809923765986
1592000,796000.0,-67.63218688964844,0.41800497908620715,-67.21418191056223,215.58880005170457
1593000,796500.0,-67.70812225341797,0.49281896235812866,-67.21530329105984,254.17460090972614
1594000,797000.0,-67.76348876953125,0.5460735845222375,-67.21741518500902,281.6410203640249
1595000,797500.0,-67.72055053710938,0.5073486999712714,-67.2132018371381,261.6684080503285
1596000,798000.0,-67.57968139648438,0.37049207888791086,-67.20918931759647,191.08371122927076
1597000,798500.0,-67.69447326660156,0.4900874868582393,-67.20438577974332,252.76582456768563
1598000,799000.0,-67.83219909667969,0.6263662440474953,-67.2058328526322,323.0524843084303
1599000,799500.0,-67.73707580566406,0.5187904799199727,-67.21828532574409,267.5695808425489
1600000,800000.0,-67.64688873291016,0.45516703890571936,-67.19172169400444,234.75537529550328
1601000,800500.0,-67.71024322509766,0.48265995359620906,-67.22758327150144,248.93502574130378
1602000,801000.0,-67.5492172241211,0.3360447214146268,-67.21317250270647,173.31726146388215
1603000,801500.0,-67.61133575439453,0.41067648418488645,-67.20065927020964,211.80908090717514
1604000,802000.0,-67.68193054199219,0.4775907481857656,-67.20433979380643,246.32054991845064
1605000,802500.0,-67.7009506225586,0.4930349102492989,-67.2079157123093,254.28597744603644
1606000,803000.0,-67.66731262207031,0.4636889651972988,-67.20362365687302,239.15061447984752
1607000,803500.0,-67.72421264648438,0.5234643377212732,-67.2007483087631,269.9801535519875
1608000,804000.0,-67.76476287841797,0.5546279052670474,-67.21013497315091,286.0529671993534
1609000,804500.0,-67.7755355834961,0.5870289024809549,-67.18850668101514,302.76399328592146
1610000,805000.0,-67.65332794189453,0.47434738997457676,-67.17898055191995,244.64776672238293
1611000,805500.0,-67.85186767578125,0.644069012445796,-67.20779866333545,332.18280281546356
1612000,806000.0,-67.75684356689453,0.5448701183309757,-67.21197344856355,281.0203248100051
1613000,806500.0,-67.5689926147461,0.37372066727432407,-67.19527194747177,192.7488767916746
1614000,807000.0,-67.7020263671875,0.5086793387777192,-67.19334702840978,262.3546937118329
1615000,807500.0,-67.7188720703125,0.5186296469580454,-67.20024242335445,267.48663019122773
1616000,808000.0,-67.55741882324219,0.3645340079918111,-67.19288481525038,188.01079722254977
1617000,808500.0,-67.61735534667969,0.40350810901508244,-67.21384723766461,208.11194456072084
1618000,809000.0,-67.74956512451172,0.554445772489053,-67.19511935202267,285.95903102867976
1619000,809500.0,-67.7369384765625,0.536636442918411,-67.20030203364409,276.7737529005256
1620000,810000.0,-67.6892318725586,0.4792216752664974,-67.21001019729209,247.16171122010653
1621000,810500.0,-67.70234680175781,0.4899364078460442,-67.21241039391177,252.6879045796909
1622000,811000.0,-67.69824981689453,0.4796899984498616,-67.21855981844467,247.4032519628953
1623000,811500.0,-67.67191314697266,0.4642179920684713,-67.20769515490419,239.4234635463838
1624000,812000.0,-67.65987396240234,0.44481898739337883,-67.21505497500897,229.41830009296456
1625000,812500.0,-67.68692016601562,0.4680105633873601,-67.21890960262826,241.3795069924144
1626000,813000.0,-67.73907470703125,0.5277366271125493,-67.2113380799187,272.18361472929774
1627000,813500.0,-67.62895202636719,0.4244876612391519,-67.20446436512803,218.9322857430119
1628000,814000.0,-67.55651092529297,0.3386389441644629,-67.21787198112851,174.6552488029962
1629000,814500.0,-67.73223876953125,0.5165118757215512,-67.2157268938097,266.39437583421534
1630000,815000.0,-67.69623565673828,0.46638313340306015,-67.22985252333523,240.54014934110035
1631000,815500.0,-67.60968017578125,0.3774528093635126,-67.23222736641773,194.6737534675208
1632000,816000.0,-67.6606674194336,0.4440710748061462,-67.21659634462745,229.03255928772933
1633000,816500.0,-67.69196319580078,0.47402964188028546,-67.2179335539205,244.48388606594497
1634000,817000.0,-67.70415496826172,0.4922785100460029,-67.21187645821571,253.89585909734134
1635000,817500.0,-67.82110595703125,0.5833539008351897,-67.23775205619606,300.8685871672418
1636000,818000.0,-67.62064361572266,0.4039068071941788,-67.21673680852848,208.3175757524882
1637000,818500.0,-67.7538070678711,0.5336342344275214,-67.22017283344357,275.2253442488611
1638000,819000.0,-67.7857666015625,0.5671119240126148,-67.21865467754988,292.49168146314884
1639000,819500.0,-67.55293273925781,0.3335290022319113,-67.2194037370259,172.0197628526112
1640000,820000.0,-67.68573760986328,0.4615064436570175,-67.22423116620627,238.02496473044775
1641000,820500.0,-67.70938110351562,0.48648820895743633,-67.22289289455819,250.90947346540202
1642000,821000.0,-67.52269744873047,0.2955529310894198,-67.22714451764105,152.4333559485934
1643000,821500.0,-67.65225219726562,0.43348084857244434,-67.21877134869318,223.5705808897902
1644000,822000.0,-67.6127700805664,0.39856531058330763,-67.2142047699831,205.56266396331435
1645000,822500.0,-67.57943725585938,0.3595413334618007,-67.21989592239757,185.43579270148717
1646000,823000.0,-67.78673553466797,0.5647901403711229,-67.22194539429685,291.2942063748301
1647000,823500.0,-67.62963104248047,0.422825728749853,-67.20680531373061,218.07513319923567
1648000,824000.0,-67.7197494506836,0.496117267799109,-67.22363218288449,255.87572349869487
1649000,824500.0,-67.72297668457031,0.5147516831005272,-67.20822500146978,265.48654498527185
1650000,825000.0,-67.55345153808594,0.3407358723290315,-67.2127156657569,175.73675320943235
1651000,825500.0,-67.72804260253906,0.5118934966085843,-67.21614910593048,264.01241662089444
1652000,826000.0,-67.73362731933594,0.5206819133385323,-67.2129454059974,268.5450999906135
1653000,826500.0,-67.66954040527344,0.4524681835999153,-67.21707222167352,233.3634230317685
1654000,827000.0,-67.69293212890625,0.4857901206671246,-67.20714200823913,250.54942986695625
1655000,827500.0,-67.71124267578125,0.4866921783070651,-67.22455049747418,251.01467199062037
1656000,828000.0,-67.61365509033203,0.4096960345197912,-67.20395905581223,211.30340758416577
1657000,828500.0,-67.7023696899414,0.4794796234336281,-67.22289006650777,247.29474967325802
1658000,829000.0,-67.71704864501953,0.5049285818624837,-67.21212006315704,260.4202163177861
1659000,829500.0,-67.70665740966797,0.49779151015508855,-67.20886589951289,256.73922493666925
1660000,830000.0,-67.69739532470703,0.49748982844792644,-67.1999054962591,256.5836306244033
1661000,830500.0,-67.55657958984375,0.3659930998061915,-67.19058649003756,188.76333336246654
1662000,831000.0,-67.66510772705078,0.472823341425517,-67.19228438562527,243.86172872199688
1663000,831500.0,-67.82965850830078,0.6171480088410554,-67.21251049945973,318.29811925015923
1664000,832000.0,-67.6117172241211,0.41038905491091693,-67.20132816921017,211.6608373804825
1665000,832500.0,-67.55404663085938,0.35618416378535817,-67.19786246707402,183.7043104983411
1666000,833000.0,-67.68501281738281,0.4789966588513491,-67.20601615853147,247.0456575332825
1667000,833500.0,-67.61122131347656,0.4147555333654357,-67.19646578011113,213.91287718278156
1668000,834000.0,-67.6500473022461,0.43816031768999913,-67.21188698455609,225.98404767226262
1669000,834500.0,-67.66889953613281,0.4460599178571214,-67.22283961827569,230.0583180903834
1670000,835000.0,-67.7171859741211,0.5069340545115268,-67.21025191960956,261.45455194433515
1671000,835500.0,-67.628173828125,0.4203085259430244,-67.20786530218197,216.77686939913139
1672000,836000.0,-67.68524932861328,0.47703210415109915,-67.20821722446219,246.03242560626407
1673000,836500.0,-67.72798156738281,0.520849192032561,-67.20713237535026,268.63137507039534
1674000,837000.0,-67.7562484741211,0.5369299554815042,-67.2193185186396,276.92513392334433
1675000,837500.0,-67.74378204345703,0.5285735436867984,-67.21520849977023,272.6152599225684
1676000,838000.0,-67.64534759521484,0.4403180913332867,-67.20502950388156,227.09693353203517
1677000,838500.0,-67.5755386352539,0.37106605400898796,-67.20447258124491,191.3797426494779
1678000,839000.0,-67.7257080078125,0.5183801069776924,-67.20732790083481,267.3579283153629
1679000,839500.0,-67.61377716064453,0.4032085536031534,-67.21056860704138,207.95744689911893
1680000,840000.0,-67.65521240234375,0.4427278772617765,-67.21248452508198,228.33979637505755
1681000,840500.0,-67.64372253417969,0.43567873349697034,-67.20804380068272,224.7041544050295
1682000,841000.0,-67.71327209472656,0.5137352847494993,-67.19953680997706,264.96233089253144
1683000,841500.0,-67.83195495605469,0.6087967196350899,-67.2231582364196,313.99088725800743
1684000,842000.0,-67.60905456542969,0.39267985723962645,-67.21637470819006,202.52720293388282
1685000,842500.0,-67.4928970336914,0.25321147181613546,-67.23968556187528,130.59547158386454
1686000,843000.0,-67.53173065185547,0.3080056425116785,-67.2237250093438,158.8559232557671
1687000,843500.0,-67.67405700683594,0.44727887803633315,-67.22677812879961,230.68700476995733
1688000,844000.0,-67.58883666992188,0.36349380323498737,-67.22534286668689,187.47430482042108
1689000,844500.0,-67.65650939941406,0.428246893415305,-67.22826250599876,220.87113430827137
1690000,845000.0,-67.59861755371094,0.3674208639503228,-67.23119668976061,189.49971205169416
1691000,845500.0,-67.8280258178711,0.6063374065618325,-67.22168841130926,312.72248046636093
1692000,846000.0,-67.7884521484375,0.5573936184124539,-67.23105853002505,287.4794018308473
1693000,846500.0,-67.56053161621094,0.3454707390550374,-67.2150608771559,178.17879167054318
1694000,847000.0,-67.58674621582031,0.374710568051636,-67.21203564776867,193.25942458758234
1695000,847500.0,-67.78994750976562,0.5714786262135658,-67.21846888355206,294.74383666413274
1696000,848000.0,-67.6944580078125,0.47614243506596987,-67.21831557274653,245.57357296071564
1697000,848500.0,-67.6030502319336,0.39713683461653093,-67.20591339731706,204.82591814690488
1698000,849000.0,-67.74105834960938,0.5348946058320405,-67.20616374377734,275.8753890385518
1699000,849500.0,-67.6940689086914,0.48506018400681844,-67.2090087246846,250.1729602635243
1700000,850000.0,-67.70314025878906,0.4939024829129918,-67.20923777587608,254.73343371780646
1701000,850500.0,-67.67657470703125,0.45660929772350356,-67.21996540930775,235.49922970740485
1702000,851000.0,-67.63480377197266,0.4188809673070349,-67.21592280466562,216.0405967020711
1703000,851500.0,-67.62985229492188,0.399012662203225,-67.23083963271866,205.7933884851849
1704000,852000.0,-67.67021179199219,0.4438005782051176,-67.22641121378707,228.89304889777821
1705000,852500.0,-67.71652221679688,0.4819605537252267,-67.23456166307164,248.57430568655462
1706000,853000.0,-67.72564697265625,0.5083085074376209,-67.21733846521863,262.16343502441697
1707000,853500.0,-67.65129852294922,0.44504400094439917,-67.20625452200483,229.53435230259586
1708000,854000.0,-67.55511474609375,0.34377653121155577,-67.21133821488219,177.30499290189488
1709000,854500.0,-67.80614471435547,0.5788255405245564,-67.2273191738309,298.533055739589
1710000,855000.0,-67.7289047241211,0.5173191640150737,-67.21158556010602,266.8107400480502
1711000,855500.0,-67.87725830078125,0.6519805746954543,-67.22527772608579,336.26324275583676
1712000,856000.0,-67.70069122314453,0.4906145082677264,-67.2100767148768,253.03763930424995
1713000,856500.0,-67.8147201538086,0.5950043494347625,-67.21971580437383,306.8773821800112
1714000,857000.0,-67.72903442382812,0.5256024925774658,-67.20343193125066,271.08292089408707
1715000,857500.0,-67.69446563720703,0.49109570770404304,-67.20336992950298,253.28582105865834
1716000,858000.0,-67.6651382446289,0.4665848898999228,-67.19855335472899,240.64420657304132
1717000,858500.0,-67.5750961303711,0.3563121051417699,-67.21878402522933,183.77029708913744
1718000,859000.0,-67.82466125488281,0.6186460206213609,-67.20601523426146,319.0707286168835
1719000,859500.0,-67.83466339111328,0.6208301636101805,-67.2138332275031,320.19721463896474
1720000,860000.0,-67.69051361083984,0.480572407143961,-67.20994120369588,247.85836001431602
1721000,860500.0,-67.71586608886719,0.5101977839606447,-67.20566830490654,263.13784173951154
1722000,861000.0,-67.63914489746094,0.44503752258999413,-67.19410737487094,229.53101104896885
1723000,861500.0,-67.65118408203125,0.45409134198870055,-67.19709274004255,234.20057757977662
1724000,862000.0,-67.80054473876953,0.5830167271200103,-67.21752801164952,300.6946876198646
1725000,862500.0,-67.68824768066406,0.48524886801109846,-67.20299881265296,250.27027527197373
1726000,863000.0,-67.70279693603516,0.5006133197480738,-67.20218361628709,258.19459167764916
1727000,863500.0,-67.69522857666016,0.4921295313298561,-67.2030990453303,253.81902235076106
1728000,864000.0,-67.70384216308594,0.49695321773472867,-67.20688894535121,256.3068701417744
1729000,864500.0,-67.5530014038086,0.35577056999050344,-67.1972308338181,183.49099679538836
1730000,865000.0,-67.73410034179688,0.5405730343259265,-67.19352730747094,278.80407564858336
1731000,865500.0,-67.65210723876953,0.4587061138247582,-67.19340112494477,236.58067631645432
1732000,866000.0,-67.59407806396484,0.40708620137723267,-67.18699186258762,209.95736908297528
1733000,866500.0,-67.73149108886719,0.5432170479815559,-67.18827404088563,280.1677429727946
1734000,867000.0,-67.6886978149414,0.4878069944873855,-67.20089082045402,251.58964572207904
1735000,867500.0,-67.61339569091797,0.4252385630564405,-67.18815712786153,219.31956826318617
1736000,868000.0,-67.65961456298828,0.4543010677230676,-67.20531349526522,234.3087449980476
1737000,868500.0,-67.59117889404297,0.3809180801238831,-67.21026081391909,196.46098951125336
1738000,869000.0,-67.55439758300781,0.36831909434043797,-67.18607848866738,189.96298024624588
1739000,869500.0,-67.72715759277344,0.5478929409338522,-67.17926465183959,282.57936532466107
1740000,870000.0,-67.66300201416016,0.4614919448790041,-67.20151006928116,238.01748689092307
1741000,870500.0,-67.72442626953125,0.5341966191587783,-67.19022965037247,275.5153978497635
1742000,871000.0,-67.65079498291016,0.4400437950280572,-67.2107511878821,226.9554634198075
1743000,871500.0,-67.81092834472656,0.6087275939769853,-67.20220075074958,313.9552352480335
1744000,872000.0,-67.62366485595703,0.41954611999657915,-67.20411873596045,216.3836535491534
1745000,872500.0,-67.69767761230469,0.5033138980526926,-67.19436371425199,259.5874325892842
1746000,873000.0,-67.64036560058594,0.4396196228556906,-67.20074597773025,226.73669384951256
1747000,873500.0,-67.71292114257812,0.5153596981669782,-67.19756144441115,265.8001327297913
1748000,874000.0,-67.59382629394531,0.4106531455144907,-67.18317314843082,211.79704383537657
1749000,874500.0,-67.63455200195312,0.4439038925049,-67.19064810944822,228.9463339231551
1750000,875000.0,-67.71659088134766,0.5217556892592979,-67.19483519208836,269.0989069399669
1751000,875500.0,-67.82947540283203,0.6380804294074032,-67.19139497342462,329.09415197192703
1752000,876000.0,-67.73300170898438,0.5315154874112903,-67.20148622157309,274.13258662707165
1753000,876500.0,-67.59431457519531,0.395621618604097,-67.19869295659122,204.04443558501322
1754000,877000.0,-67.72005462646484,0.5475678799849224,-67.17248674647992,282.4117130156464
1755000,877500.0,-67.81075286865234,0.6062067827720378,-67.20454608588031,312.65511039301487
1756000,878000.0,-67.69341278076172,0.49365258163691494,-67.19976019912481,254.6045455013106
1757000,878500.0,-67.59661865234375,0.40405128117836125,-67.1925673711654,208.39208915411484
1758000,879000.0,-67.54999542236328,0.3593799062522351,-67.19061551611105,185.3525355630626
1759000,879500.0,-67.73527526855469,0.5458310939704624,-67.18944417458422,281.51595427702426
1760000,880000.0,-67.64250946044922,0.4491880919209729,-67.19332136852825,231.67169430961627
1761000,880500.0,-67.64236450195312,0.43268807563559447,-67.20967642631753,223.16170306603183
1762000,881000.0,-67.68421173095703,0.48641276968034625,-67.19779896127669,250.87056516517035
1763000,881500.0,-67.53311920166016,0.3376385483614308,-67.19548065329873,174.13928812897763
1764000,882000.0,-67.76603698730469,0.5584920773884359,-67.20754490991625,288.0459392272574
1765000,882500.0,-67.6692123413086,0.45718214194251977,-67.21203019936607,235.79467785748247
1766000,883000.0,-67.82550811767578,0.623815239860217,-67.20169287781556,321.73678722543264
1767000,883500.0,-67.82511138916016,0.6317503983652473,-67.19336099079491,325.8293970887394
1768000,884000.0,-67.69803619384766,0.5016619227472838,-67.19637427110037,258.7354155281796
1769000,884500.0,-67.60031127929688,0.40495053493202016,-67.19536074436485,208.85588515510298
1770000,885000.0,-67.6722412109375,0.47752410415674634,-67.19471710678076,246.2861778248974
1771000,885500.0,-67.67538452148438,0.48981951279454905,-67.18556500868982,252.62761519285414
1772000,886000.0,-67.72054290771484,0.5240365076507211,-67.19650640006412,270.2752539328131
1773000,886500.0,-67.68618774414062,0.4908571698251465,-67.19533057431548,253.1627935885296
1774000,887000.0,-67.59973907470703,0.4067550129358912,-67.19298406177114,209.78655647969987
1775000,887500.0,-67.75973510742188,0.5541691280092783,-67.2055659794126,285.8163498300827
1776000,888000.0,-67.51151275634766,0.31103912715079207,-67.20047362919686,160.42046278529958
1777000,888500.0,-67.74842834472656,0.5514290568243267,-67.19699928790223,284.4031402072898
1778000,889000.0,-67.8508071899414,0.6505274272846501,-67.20027976265676,335.5137724809171
1779000,889500.0,-67.65325164794922,0.4380084519642437,-67.21524319598498,225.90572193160716
1780000,890000.0,-67.70914459228516,0.5115831735303098,-67.19756141875484,263.8523654649972
1781000,890500.0,-67.67508697509766,0.49681162985496197,-67.1782753452427,256.23384526736385
1782000,891000.0,-67.71881866455078,0.5222473668585339,-67.19657129769224,269.3524928753864
1783000,891500.0,-67.74089050292969,0.5410132479510187,-67.19987725497867,279.03111870296874
1784000,892000.0,-67.76788330078125,0.5642902143740365,-67.20359308640721,291.03636627430757
1785000,892500.0,-67.76531219482422,0.5702465653194957,-67.19506562950473,294.1083932052441
1786000,893000.0,-67.81407165527344,0.6198788092410312,-67.19419284603241,319.7065474050069
1787000,893500.0,-67.58504486083984,0.38084256724592974,-67.20420229359391,196.42204325089537
1788000,894000.0,-67.75285339355469,0.5532761418793016,-67.19957725167538,285.35578639697394
1789000,894500.0,-67.85125732421875,0.6604428512106139,-67.19081447300813,340.6277171781204
1790000,895000.0,-67.69778442382812,0.49451925618425024,-67.20326516764388,255.0515385636991
1791000,895500.0,-67.66500091552734,0.4617778872413944,-67.20322302828595,238.16496353325024
1792000,896000.0,-67.75822448730469,0.5661259597557088,-67.19209852754898,291.98316395336957
1793000,896500.0,-67.74686431884766,0.5477678846408458,-67.19909643420681,282.51486672417286
1794000,897000.0,-67.70234680175781,0.49839997399497377,-67.20394682776283,257.0530441390205
1795000,897500.0,-67.68196868896484,0.47357160655089464,-67.20839708241395,244.24765135108458
1796000,898000.0,-67.91368865966797,0.7216098612791649,-67.1920787983888,372.1750024096436
1797000,898500.0,-67.5713882446289,0.3590728008980149,-67.21231544373089,185.19414396937745
1798000,899000.0,-67.66059112548828,0.4556032264230272,-67.20498789906526,234.9803418584842
1799000,899500.0,-67.64034271240234,0.4366451531113569,-67.20369755929099,225.20259163768517
1800000,900000.0,-67.7942123413086,0.6052926062317295,-67.18891973507687,312.1836178672767
1801000,900500.0,-67.7955093383789,0.6056233524493638,-67.18988598592954,312.3542023907848
1802000,901000.0,-67.60079193115234,0.3944161746104432,-67.2063757565419,203.42271996648284
1803000,901500.0,-67.7799301147461,0.5784866704964831,-67.2014434442496,298.3582813077496
1804000,902000.0,-67.64472198486328,0.44913443028871225,-67.19558755457457,231.64401797204445
1805000,902500.0,-67.66962432861328,0.46918963929975066,-67.20043468931352,241.98762310069102
1806000,903000.0,-67.60125732421875,0.41461426168148985,-67.18664306253726,213.84001538843222
1807000,903500.0,-67.79004669189453,0.5842717568982881,-67.20577493499624,301.3419774309084
1808000,904000.0,-67.73162841796875,0.5212380803922784,-67.21039033757647,268.8319467837008
1809000,904500.0,-67.6865234375,0.481656356101351,-67.20486708139865,248.4174137737996
1810000,905000.0,-67.7171630859375,0.5115217560056227,-67.20564132993188,263.8206889752138
1811000,905500.0,-67.5655517578125,0.3690744983594918,-67.196477259453,190.35258480640704
1812000,906000.0,-67.76394653320312,0.5472953268145705,-67.21665120638855,282.271141936625
1813000,906500.0,-67.6002197265625,0.40102732069936803,-67.19919240586313,206.8324617724145
1814000,907000.0,-67.67893981933594,0.4720531954495534,-67.20688662388639,243.46452090120582
1815000,907500.0,-67.4947738647461,0.2984132515503881,-67.19636061319571,153.9085849214433
1816000,908000.0,-67.67681884765625,0.47515228013281824,-67.20166656752343,245.0628940822724
1817000,908500.0,-67.6272201538086,0.43712516425700454,-67.19009498955158,225.45016052341438
1818000,909000.0,-67.58319854736328,0.37633965587618784,-67.20685889148709,194.09963728084202
1819000,909500.0,-67.50749206542969,0.2985817703306039,-67.20891029509909,153.99549958378134
1820000,910000.0,-67.76138305664062,0.532420438571393,-67.22896261806923,274.5993211026715
1821000,910500.0,-67.66738891601562,0.44631831391597504,-67.22107060209964,230.19158754661842
1822000,911000.0,-67.81687927246094,0.5910656200250094,-67.22581365243593,304.8459567433254
1823000,911500.0,-67.80670928955078,0.5898271963740955,-67.21688209317668,304.20723165100753
1824000,912000.0,-67.69550323486328,0.4778523801408195,-67.21765085472246,246.45548830930082
1825000,912500.0,-67.6402587890625,0.42215717520286394,-67.21810161385963,217.73032233769814
1826000,913000.0,-67.63756561279297,0.4240774868387699,-67.2134881259542,218.7207356151077
1827000,913500.0,-67.5545654296875,0.35652818940484776,-67.19803724028266,183.88174396015043
1828000,914000.0,-67.63720703125,0.41474828316758405,-67.22245874808242,213.90913784585214
1829000,914500.0,-67.69847869873047,0.48375636050546844,-67.214722338225,249.5005047708894
1830000,915000.0,-67.75282287597656,0.5307533634031466,-67.22206951257341,273.7395161886155
1831000,915500.0,-67.85921478271484,0.6383888748293723,-67.22082590788547,329.2532347143124
1832000,916000.0,-67.51209259033203,0.30204972063231217,-67.21004286969972,155.78411761847235
1833000,916500.0,-67.71733856201172,0.5012767981175443,-67.21606176389417,258.53678498321005
1834000,917000.0,-67.5530776977539,0.3522899920535083,-67.20078770570039,181.69586597526367
1835000,917500.0,-67.6052474975586,0.4006917440513532,-67.20455575350724,206.6593859228659
1836000,918000.0,-67.77237701416016,0.5515936685335385,-67.22078334562661,284.4880397722209
1837000,918500.0,-67.64203643798828,0.4390643875202541,-67.20297205046803,226.45032759623317
1838000,919000.0,-67.77940368652344,0.5632808256373496,-67.21612286088609,290.51576743597855
1839000,919500.0,-67.72232818603516,0.49904226171915306,-67.223285924316,257.38430823077
1840000,920000.0,-67.7701187133789,0.5378462523379101,-67.23227246104099,277.3977200159682
1841000,920500.0,-67.73316192626953,0.49990684888797265,-67.23325507738156,257.83022471404587
1842000,921000.0,-67.71853637695312,0.49233930687566374,-67.22619707007746,253.92721545960808
1843000,921500.0,-67.69024658203125,0.4701453973409064,-67.22010118469035,242.4805615572687
1844000,922000.0,-67.66529846191406,0.44430202270422825,-67.22099643920984,229.15167217564473
1845000,922500.0,-67.77149200439453,0.5376995169615815,-67.23379248743295,277.3220402865617
1846000,923000.0,-67.77711486816406,0.5449235003489006,-67.23219136781516,281.04785693465567
1847000,923500.0,-67.67176818847656,0.4411396071746806,-67.23062858130189,227.52063569667627
1848000,924000.0,-67.68246459960938,0.46746828369449767,-67.21499631591487,241.09982269647088
1849000,924500.0,-67.69062805175781,0.46900229022102974,-67.22162576153679,241.8909965888238
1850000,925000.0,-67.69737243652344,0.47567412452291447,-67.22169831200053,245.33203873724875
1851000,925500.0,-67.76050567626953,0.5430843023773628,-67.21742137389217,280.09927855980436
1852000,926000.0,-67.5906982421875,0.36022214982733824,-67.23047609236016,185.78692819184107
1853000,926500.0,-67.7081527709961,0.48490727047468307,-67.22324550052141,250.0940941098799
1854000,927000.0,-67.79106903076172,0.5666329259075388,-67.22443610485418,292.24463505971573
1855000,927500.0,-67.74168395996094,0.5182049918870231,-67.22347896807392,267.26761156279485
1856000,928000.0,-67.73846435546875,0.5053338431286437,-67.23313051234011,260.62923246460304
1857000,928500.0,-67.68974304199219,0.4742488845316824,-67.21549415746051,244.59696189637683
1858000,929000.0,-67.79820251464844,0.5805166795876091,-67.21768583506083,299.4052717646735
1859000,929500.0,-67.76675415039062,0.5447857367521628,-67.22196841363846,280.9768044592129
1860000,930000.0,-67.64330291748047,0.4162050736838999,-67.22709784379657,214.66048707625083
1861000,930500.0,-67.70531463623047,0.4831036522962916,-67.22221098393418,249.16386624589396
1862000,931000.0,-67.6266860961914,0.3992445097013697,-67.22744158649003,205.9129653477124
1863000,931500.0,-67.8373794555664,0.6249820507692224,-67.21239740479719,322.33857757804907
1864000,932000.0,-67.75357055664062,0.5303769604914795,-67.22319359614914,273.54538392674704
1865000,932500.0,-67.56757354736328,0.33308223560824374,-67.23449131175504,171.78934004638003
1866000,933000.0,-67.6808853149414,0.45773262903314993,-67.22315268590826,236.07859517246843
1867000,933500.0,-67.80655670166016,0.5643462294876734,-67.24221047217249,291.0652564352816
1868000,934000.0,-67.6321792602539,0.3919210157065773,-67.24025824454733,202.13582545341094
1869000,934500.0,-67.68064880371094,0.44699400122708677,-67.23365480248385,230.5400776936286
1870000,935000.0,-67.68327331542969,0.4558649590228096,-67.22740835640688,235.11533215751092
1871000,935500.0,-67.65185546875,0.4365885689644187,-67.21526689978558,225.17340799406685
1872000,936000.0,-67.63908386230469,0.40748445490054774,-67.23159940740413,210.16277094061715
1873000,936500.0,-67.80245971679688,0.5629659746077703,-67.23949374218911,290.35338095960105
1874000,937000.0,-67.81028747558594,0.5695791637447118,-67.24070831184123,293.76417648090074
1875000,937500.0,-67.66098022460938,0.40589343998859423,-67.25508678462079,209.3421946008753
1876000,938000.0,-67.54850769042969,0.3143938391759985,-67.2341138512537,162.15067743875738
1877000,938500.0,-67.65479278564453,0.42364904387068814,-67.23114374177385,218.49976335400865
1878000,939000.0,-67.81482696533203,0.5732472047687592,-67.24157976056327,295.6559926134347
1879000,939500.0,-67.65776824951172,0.4209104539218411,-67.23685779558988,217.0873176884181
1880000,940000.0,-67.74250793457031,0.49174004697596824,-67.25076788759435,253.61814324956674
1881000,940500.0,-67.75402069091797,0.5097161381472988,-67.24430455277067,262.8894297632327
1882000,941000.0,-67.75855255126953,0.5192592220846863,-67.23929332918485,267.81133767770706
1883000,941500.0,-67.68053436279297,0.43569631031511163,-67.24483805247786,224.71321976386827
1884000,942000.0,-67.80565643310547,0.5498086186440206,-67.25584781446145,283.5673886245841
1885000,942500.0,-67.78623962402344,0.541860718150203,-67.24437890587323,279.46820699727834
1886000,943000.0,-67.71009826660156,0.4633201103011511,-67.24677815630041,238.96037515631718
1887000,943500.0,-67.74279022216797,0.5042693435173382,-67.23852087865063,260.0802098324838
1888000,944000.0,-67.60979461669922,0.3705363225821372,-67.23925829411708,191.10653020374556
1889000,944500.0,-67.6594467163086,0.4201530314241204,-67.23929368488447,216.6966720846917
1890000,945000.0,-67.61557006835938,0.3807700350901375,-67.23480003326924,196.38463431747408
1891000,945500.0,-67.7269058227539,0.49501716141032753,-67.23188866134358,255.3083364383659
1892000,946000.0,-67.6117935180664,0.3888696089501906,-67.22292390911622,200.56204247475557
1893000,946500.0,-67.76753234863281,0.5255105299322982,-67.24202181870051,271.0354905587724
1894000,947000.0,-67.80647277832031,0.5592452408733842,-67.24722753744693,288.43438821730945
1895000,947500.0,-67.8189697265625,0.5733601410083412,-67.24560958555416,295.71424021715234
1896000,948000.0,-67.79021453857422,0.5491458601269574,-67.24106867844726,283.22556658760726
1897000,948500.0,-67.66126251220703,0.43509894782581343,-67.22616356438122,224.40512615564086
1898000,949000.0,-67.67147064208984,0.44770331511304434,-67.2237673269768,230.90591096639943
1899000,949500.0,-67.78816223144531,0.5487310187718504,-67.23943121267347,283.0116094473003
1900000,950000.0,-67.81664276123047,0.6020145616587912,-67.21462819957168,310.492944953426
1901000,950500.0,-67.63114166259766,0.41150064750282367,-67.21964101509484,212.2341485251474
1902000,951000.0,-67.65850830078125,0.43328646347438465,-67.22522183730686,223.47032550496144
1903000,951500.0,-67.65377044677734,0.4181075305655795,-67.23566291621177,215.64169164746914
1904000,952000.0,-67.71473693847656,0.48360088655303984,-67.23113605192353,249.42031806374382
1905000,952500.0,-67.69407653808594,0.46665490269796517,-67.22742163538797,240.68031613123657
1906000,953000.0,-67.65902709960938,0.4231518815196334,-67.23587521808975,218.2433486219902
1907000,953500.0,-67.78044891357422,0.5335886368518549,-67.24686027672236,275.20182700118454
1908000,954000.0,-67.69001007080078,0.4587719701732358,-67.23123810062755,236.61464215861992
1909000,954500.0,-67.68780517578125,0.446538458310966,-67.24126671747028,230.3051284572027
1910000,955000.0,-67.723388671875,0.4845546346731685,-67.23883403720183,249.9122198904149
1911000,955500.0,-67.75071716308594,0.49316879418468434,-67.25754836890125,254.3550289607793
1912000,956000.0,-67.71054077148438,0.4483680546653912,-67.26217271681898,231.2487547352719
1913000,956500.0,-67.7721176147461,0.5396099179405773,-67.23250769680551,278.3073420778937
1914000,957000.0,-67.72994995117188,0.489813551713395,-67.24013639945848,252.62454072628722
1915000,957500.0,-67.60250091552734,0.34133487189986,-67.26116604362748,176.045691153159
1916000,958000.0,-67.69818878173828,0.4428113121173086,-67.25537746962097,228.38282844712995
1917000,958500.0,-67.8101806640625,0.5550266896007422,-67.25515397446176,286.258642825918
1918000,959000.0,-67.74161529541016,0.5031051960484842,-67.23851009936168,259.47979316653374
1919000,959500.0,-67.73970794677734,0.48704711178795157,-67.2526608349894,251.1977312532391
1920000,960000.0,-67.71871185302734,0.4669496162040056,-67.25176223682334,240.83231654822964
1921000,960500.0,-67.79239654541016,0.5373271753878631,-67.2550693700223,277.1300026862853
1922000,961000.0,-67.64960479736328,0.39782862615950887,-67.25177617120377,205.1827141567576
1923000,961500.0,-67.72884368896484,0.48208137367127996,-67.24676231529357,248.63661936341288
1924000,962000.0,-67.55622100830078,0.3284438623944304,-67.22777714590634,169.3970687448658
1925000,962500.0,-67.7042007446289,0.4547192256386042,-67.24948151899031,234.52441267607315
1926000,963000.0,-67.65211486816406,0.4237529807798651,-67.2283618873842,218.55336949425018
1927000,963500.0,-67.64916229248047,0.4034441326959306,-67.24571815978454,208.07894835596792
1928000,964000.0,-67.599609375,0.37743838096050714,-67.22217099403949,194.66631192436643
1929000,964500.0,-67.80274963378906,0.5700994622864392,-67.23265017150263,294.0325238544771
1930000,965000.0,-67.69442749023438,0.4407531839862002,-67.25367430624817,227.32133541154866
1931000,965500.0,-67.77001190185547,0.5153156154990499,-67.25469628635642,265.77739680568214
1932000,966000.0,-67.74122619628906,0.5091172955670147,-67.23210890072205,262.58057278840545
1933000,966500.0,-67.97441864013672,0.7469916192556058,-67.22742702088111,385.26580998161546
1934000,967000.0,-67.80225372314453,0.5776511983843556,-67.22460252476017,297.9273811052593
1935000,967500.0,-67.69068908691406,0.47403976299314754,-67.21664932392092,244.48910609605537
1936000,968000.0,-67.76814270019531,0.5566500410880979,-67.21149265910721,287.095896965776
1937000,968500.0,-67.58446502685547,0.36788687344278087,-67.21657815341268,189.74005949327574
1938000,969000.0,-67.77180480957031,0.5402107513928339,-67.23159405817748,278.61722585795314
1939000,969500.0,-67.74102020263672,0.5173146633295125,-67.2237055393072,266.80841879005544
1940000,970000.0,-67.69575500488281,0.4752947352580416,-67.22046026962477,245.13636624419559
1941000,970500.0,-67.58387756347656,0.36897013180525423,-67.2149074316713,190.29875707391736
1942000,971000.0,-67.51778411865234,0.2964821951912761,-67.22130192346107,152.9126299828125
1943000,971500.0,-67.59235382080078,0.3636145148881793,-67.2287393059126,187.53656264452835
1944000,972000.0,-67.62796020507812,0.4150959906636539,-67.21286421441447,214.08847025957255
1945000,972500.0,-67.71170043945312,0.4929423214319179,-67.21875811802121,254.23822415831003
1946000,973000.0,-67.7776870727539,0.547842939551426,-67.22984413320248,282.55357678486484
1947000,973500.0,-67.72952270507812,0.5091204867509399,-67.22040221832718,262.5822186623725
1948000,974000.0,-67.67124938964844,0.44888646357232115,-67.22236292607612,231.51612751735087
1949000,974500.0,-67.7039566040039,0.5080737417672031,-67.1958828622367,262.04235309546635
1950000,975000.0,-67.72776794433594,0.5150621375691959,-67.21270580676673,265.6466639066237
1951000,975500.0,-67.63338470458984,0.43030306686467096,-67.20308163772518,221.93161920396818
1952000,976000.0,-67.71520233154297,0.5014928060659836,-67.21370952547699,258.64819249444935
1953000,976500.0,-67.61324310302734,0.41001215145013176,-67.20323095157721,211.4664469571348
1954000,977000.0,-67.82433319091797,0.6135348876161636,-67.2107983033018,316.4346283629966
1955000,977500.0,-67.74284362792969,0.5354852789173827,-67.20735834901231,276.1800325429669
1956000,978000.0,-67.64337158203125,0.4416314921450597,-67.20174008988619,227.7743285851182
1957000,978500.0,-67.76815032958984,0.570478003482336,-67.19767232610751,294.227758950413
1958000,979000.0,-67.72521209716797,0.5433366659643334,-67.18187543120364,280.22943672923736
1959000,979500.0,-67.7232894897461,0.5263882201993796,-67.19690126954671,271.4881650506188
1960000,980000.0,-67.67161560058594,0.4746902940246596,-67.19692530656128,244.82462172744016
1961000,980500.0,-67.72328186035156,0.5414157482648435,-67.18186611208672,279.23871087057313
1962000,981000.0,-67.77953338623047,0.5838709085067058,-67.19566247772376,301.13523725299757
1963000,981500.0,-67.66865539550781,0.46902172565542,-67.19963366985239,241.90102054114092
1964000,982000.0,-67.75682830810547,0.5631035538468424,-67.19372475425862,290.42433835137285
1965000,982500.0,-67.78047180175781,0.5943576925397224,-67.1861141092181,306.5438646598332
1966000,983000.0,-67.81668090820312,0.6249688306587134,-67.19171207754441,322.3317592196472
1967000,983500.0,-67.59992218017578,0.4237910470326073,-67.17613113314317,218.57300241290366
1968000,984000.0,-67.55619812011719,0.36447033414139685,-67.19172778597579,187.97795701802517
1969000,984500.0,-67.7975082397461,0.6074561857333937,-67.1900520540127,313.2994981364542
1970000,985000.0,-67.81365966796875,0.6359777979926576,-67.1776818699761,328.00970607693563
1971000,985500.0,-67.73818969726562,0.5574980800411256,-67.1806916172245,287.5332785985977
1972000,986000.0,-67.64791870117188,0.4661677932888612,-67.18175090788301,240.42908626973542
1973000,986500.0,-67.7155532836914,0.5298508335321168,-67.18570245015928,273.27403050868054
1974000,987000.0,-67.66961669921875,0.49373236548019356,-67.17588433373855,254.6456945399502
1975000,987500.0,-67.49913024902344,0.3366839742932652,-67.16244627473017,173.6469603142081
1976000,988000.0,-67.63571166992188,0.4610554859143695,-67.1746561840075,237.7923803272092
1977000,988500.0,-67.73506164550781,0.5744143571756067,-67.1606472883322,296.25795909579523
1978000,989000.0,-67.69441986083984,0.5225100082537524,-67.1719098525861,269.4879518915992
1979000,989500.0,-67.63078308105469,0.465327000482067,-67.16545608057262,239.99544188419452
1980000,990000.0,-67.6326904296875,0.4832917986203949,-67.1493986310671,249.26090394227796
1981000,990500.0,-67.69640350341797,0.5175789254048964,-67.17882457801308,266.94471368265636
1982000,991000.0,-67.7485122680664,0.5735424048766833,-67.17496986318972,295.8082439985297
1983000,991500.0,-67.75167846679688,0.5729708741814292,-67.17870759261544,295.5134733069176
1984000,992000.0,-67.71680450439453,0.5640625901782559,-67.15274191421628,290.91896760757794
1985000,992500.0,-67.59757995605469,0.4381289424335275,-67.15945101362117,225.96786567866815
1986000,993000.0,-67.81391906738281,0.6654869734119172,-67.1484320939709,343.2292561719152
1987000,993500.0,-67.64606475830078,0.4790199520013733,-67.1670448062994,247.05767112765193
1988000,994000.0,-67.6428451538086,0.46760811397703017,-67.17523703983156,241.17194107862025
1989000,994500.0,-67.83424377441406,0.664532366857113,-67.16971140755695,342.7369116019495
1990000,995000.0,-67.69544982910156,0.5232252698052159,-67.17222455929635,269.8568527117288
1991000,995500.0,-67.5575180053711,0.3908608594662955,-67.1666571459048,201.58904294328553
1992000,996000.0,-67.58155059814453,0.4135106743108392,-67.16803992383369,213.27083298895244
1993000,996500.0,-67.7015609741211,0.5339083541330327,-67.16765261998806,275.3667232786299
1994000,997000.0,-67.59298706054688,0.42512510710090534,-67.16786195344596,219.26105261256876
1995000,997500.0,-67.67675018310547,0.4939066011589459,-67.18284358194653,254.73555773007422
1996000,998000.0,-67.63417053222656,0.46717071203239124,-67.16699982019418,240.94634816680582
1997000,998500.0,-67.76520538330078,0.6110387658044439,-67.15416661749634,315.14723722390556
1998000,999000.0,-67.62883758544922,0.46427260430332473,-67.1645649811459,239.451630163456
1999000,999500.0,-67.58963012695312,0.42536815103290865,-67.16426197592021,219.38640410903895
2000000,1000000.0,-67.76321411132812,0.6019548395611266,-67.161259271767,310.4621428912108
2001000,1000500.0,-67.59861755371094,0.4360576221672071,-67.16255993154373,224.89956871312722
2002000,1001000.0,-67.5509262084961,0.3869696268458096,-67.16395658165028,199.58211428610417
2003000,1001500.0,-67.73155975341797,0.5628371826462716,-67.16872257077169,290.28695566367156
2004000,1002000.0,-67.81063079833984,0.6501785373155826,-67.16045226102426,335.3338301990195
2005000,1002500.0,-67.58032989501953,0.43120779342357374,-67.14912210159596,222.39823784003121
2006000,1003000.0,-67.74158477783203,0.5810507397054311,-67.1605340381266,299.6807167610666
2007000,1003500.0,-67.65969848632812,0.4949079404409272,-67.1647905458872,255.25200500952744
2008000,1004000.0,-67.76200866699219,0.6065057624561674,-67.15550290453602,312.8093111192412
2009000,1004500.0,-67.76795959472656,0.5935097014975025,-67.17444989322907,306.1065077373238
2010000,1005000.0,-67.65147399902344,0.4864248620822046,-67.16504913694124,250.87680190046493
2011000,1005500.0,-67.68080139160156,0.5159221065144782,-67.16487928508708,266.0901985109254
2012000,1006000.0,-67.57189178466797,0.40574439030684295,-67.16614739436113,209.2653212533207
2013000,1006500.0,-67.67727661132812,0.523582075218427,-67.1536945361097,270.04087743567896
2014000,1007000.0,-67.72272491455078,0.5476734926685293,-67.17505142188226,282.466183447503
2015000,1007500.0,-67.57862091064453,0.41179582634167183,-67.16682508430286,212.3863889405775
2016000,1008000.0,-67.73464965820312,0.5901214120593262,-67.14452824614379,304.3589753136642
2017000,1008500.0,-67.59746551513672,0.4174234214567158,-67.18004209368,215.28885790322337
2018000,1009000.0,-67.73129272460938,0.5684085664147671,-67.16288415819461,293.16043325693676
2019000,1009500.0,-67.7459945678711,0.5755204560751638,-67.17047411179593,296.82843683272387
2020000,1010000.0,-67.7107925415039,0.5457437984065747,-67.16504874309733,281.47093101938384
2021000,1010500.0,-67.62544250488281,0.4708029585445023,-67.15463954633832,242.81970304585505
2022000,1011000.0,-67.56415557861328,0.4149768614201835,-67.1491787171931,214.02702857362183
2023000,1011500.0,-67.75415802001953,0.5901542824669346,-67.16400373755259,304.3759284412298
2024000,1012000.0,-67.70768737792969,0.5421011378630787,-67.1655862400666,279.5922050355815
2025000,1012500.0,-67.58267211914062,0.4280976883612682,-67.15457443077936,220.79418082644503
2026000,1013000.0,-67.61772918701172,0.45436070812399093,-67.16336847888773,234.3395049246345
2027000,1013500.0,-67.65630340576172,0.4803983151240921,-67.17590509063763,247.7685709172001
2028000,1014000.0,-67.76468658447266,0.5906802824706371,-67.17400630200201,304.6472163810848
2029000,1014500.0,-67.70915985107422,0.5458174828843628,-67.16334236818986,281.50893427040614
2030000,1015000.0,-67.71974182128906,0.558520860256966,-67.1612209610321,288.0607841798271
2031000,1015500.0,-67.55825805664062,0.3891572349654034,-67.16910082167522,200.7103874720303
2032000,1016000.0,-67.716552734375,0.5500489714717363,-67.16650376290326,283.6913521664288
2033000,1016500.0,-67.60084533691406,0.4409634167454477,-67.15988192016862,227.4297643312156
2034000,1017000.0,-67.64269256591797,0.4636131499431301,-67.17907941597484,239.11151226698016
2035000,1017500.0,-67.82475280761719,0.6652246199369418,-67.15952818768025,343.0939456524497
2036000,1018000.0,-67.57534790039062,0.4137602633632764,-67.16158763702735,213.39956017406544
2037000,1018500.0,-67.67872619628906,0.5107662541471512,-67.1679599421419,263.4310339537335
2038000,1019000.0,-67.80320739746094,0.6276951960556227,-67.17551220140531,323.737899992676
2039000,1019500.0,-67.60208129882812,0.4496603412231724,-67.15242095760495,231.9152599738555
2040000,1020000.0,-67.74264526367188,0.5571662233453655,-67.18547904032651,287.3621213387382
2041000,1020500.0,-67.6712646484375,0.5045492381749153,-67.16671541026258,260.22456733152563
2042000,1021000.0,-67.58670043945312,0.4196320812752727,-67.16706835817786,216.42798864048402
2043000,1021500.0,-67.668701171875,0.5129168105659772,-67.15578436130902,264.5401974828181
2044000,1022000.0,-67.66380310058594,0.510234245726427,-67.15356885485951,263.15664713352845
2045000,1022500.0,-67.6716537475586,0.5003467445813715,-67.17130700297722,258.05710379308243
2046000,1023000.0,-67.65447998046875,0.49733685111587983,-67.15714312935287,256.5047315655377
2047000,1023500.0,-67.66740417480469,0.49964043042060313,-67.16776374438409,257.6928176481842
2048000,1024000.0,-67.57007598876953,0.42781578779181334,-67.14226020097772,220.6487887652415
2049000,1024500.0,-67.62398529052734,0.46099662447381073,-67.16298866605354,237.7620221545216
2050000,1025000.0,-67.64617919921875,0.4908419300672372,-67.15533726915152,253.15493358378058
2051000,1025500.0,-67.5824966430664,0.4200282683311867,-67.16246837473523,216.63232470405737
2052000,1026000.0,-67.65009307861328,0.4948645152697027,-67.15522856334358,255.22960819364073
2053000,1026500.0,-67.69237518310547,0.5401416321025188,-67.15223355100295,278.58157713220817
2054000,1027000.0,-67.55099487304688,0.39486749157852297,-67.15612738146835,203.65548964258574
2055000,1027500.0,-67.70476531982422,0.5466436299815962,-67.15812168984262,281.9350250355164
2056000,1028000.0,-67.53977966308594,0.39565873815357144,-67.14412092493237,204.06358023526872
2057000,1028500.0,-67.75066375732422,0.5894798439306028,-67.16118391339361,304.02808235797437
2058000,1029000.0,-67.56392669677734,0.41080914825264414,-67.1531175485247,211.87750326721587
2059000,1029500.0,-67.63232421875,0.48245226541383296,-67.14987195333617,248.82790920378963
2060000,1030000.0,-67.612548828125,0.4652685119135223,-67.14728031621148,239.9652760226853
2061000,1030500.0,-67.61504364013672,0.46578209445600416,-67.14926154568072,240.23015957575495
2062000,1031000.0,-67.793701171875,0.6435081522500261,-67.15019301962498,331.89353550370305
2063000,1031500.0,-67.6890640258789,0.5220819655105468,-67.16698206036835,269.2671860490959
2064000,1032000.0,-67.59912109375,0.4459773251422991,-67.1531437686077,230.01572035788635
2065000,1032500.0,-67.67012786865234,0.5178452033474275,-67.15228266530491,267.0820482719141
2066000,1033000.0,-67.75960540771484,0.6003255206539128,-67.15927988706093,309.62181101555785
2067000,1033500.0,-67.54934692382812,0.3924318098214784,-67.15691511400665,202.39927085673062
2068000,1034000.0,-67.74657440185547,0.5955487287393054,-67.15102567311617,307.15814936440205
2069000,1034500.0,-67.64832305908203,0.48332017814195866,-67.16500288094008,249.27554086601353
2070000,1035000.0,-67.61798095703125,0.43907137033323046,-67.17890958669803,226.45392902766548
2071000,1035500.0,-67.72319793701172,0.5518953781508333,-67.17130255886089,284.64364847932006
2072000,1036000.0,-67.67101287841797,0.5166515559834196,-67.15436132243455,266.46641684222664
2073000,1036500.0,-67.65544128417969,0.4964042190615209,-67.15903706511817,256.0237204878024
2074000,1037000.0,-67.57650756835938,0.40872296387798845,-67.16778460448138,210.80154004064894
2075000,1037500.0,-67.71955108642578,0.5603788830084621,-67.15917220341731,289.019071557981
2076000,1038000.0,-67.70269012451172,0.5404667889228844,-67.16222333558883,278.7492788875425
2077000,1038500.0,-67.759033203125,0.5820978506133024,-67.17693535251169,300.2207710557368
2078000,1039000.0,-67.80128479003906,0.6244624671001564,-67.1768223229389,322.07059890472016
2079000,1039500.0,-67.71671295166016,0.5467028002044059,-67.17001015145576,281.9655424646681
2080000,1040000.0,-67.74681854248047,0.565426499626436,-67.18139204285403,291.62241282001327
2081000,1040500.0,-67.70306396484375,0.5350148048993879,-67.16804915994436,275.9373824931595
2082000,1041000.0,-67.70963287353516,0.5247343972579945,-67.18489847627716,270.6351950591833
2083000,1041500.0,-67.68225860595703,0.5020462256629836,-67.18021238029405,258.9336222687625
2084000,1042000.0,-67.82721710205078,0.6483055417173625,-67.17891156033342,334.36782047730486
2085000,1042500.0,-67.64527893066406,0.469934616473761,-67.1753443141903,242.37184994737095
2086000,1043000.0,-67.65087127685547,0.48112356177146803,-67.169747715084,248.14262161580925
2087000,1043500.0,-67.79100036621094,0.6178838188965403,-67.1731165473144,318.67761809554327
2088000,1044000.0,-67.61297607421875,0.4366405314783449,-67.1763355427404,225.2002080002522
2089000,1044500.0,-67.6922607421875,0.4923029837924177,-67.19995775839509,253.90848159201562
2090000,1045000.0,-67.63306427001953,0.43944474343539386,-67.19361952658414,226.6464986454795
2091000,1045500.0,-67.71178436279297,0.5277419559000307,-67.18404240689294,272.1863630862703
2092000,1046000.0,-67.66365814208984,0.4853290513644649,-67.17832909072538,250.3116303605523
2093000,1046500.0,-67.65790557861328,0.48361921405146113,-67.17428636456182,249.42977059084348
2094000,1047000.0,-67.69671630859375,0.5028732077345449,-67.19384310085921,259.3601436773398
2095000,1047500.0,-67.83930206298828,0.6487669012188099,-67.19053516176947,334.60576965563024
2096000,1048000.0,-67.67086791992188,0.48149332565599756,-67.18937459426587,248.3333297560387
2097000,1048500.0,-67.76201629638672,0.5746450170333859,-67.18737127935333,296.37692342504175
2098000,1049000.0,-67.73271942138672,0.5550013644867299,-67.17771805689999,286.2455812328408
2099000,1049500.0,-67.69282531738281,0.504832708948842,-67.18799260843397,260.3707692359484
2100000,1050000.0,-67.71875762939453,0.5300996229876912,-67.18865800640684,273.40234529648535
2101000,1050500.0,-67.61576080322266,0.44009622202669096,-67.17566458119596,226.9825029870167
2102000,1051000.0,-67.69202423095703,0.4994067883851342,-67.1926174425719,257.5723152413026
2103000,1051500.0,-67.77330017089844,0.577119471195315,-67.19618069970312,297.6531393321332
2104000,1052000.0,-67.76089477539062,0.5793190072116818,-67.18157576817894,298.787564408781
2105000,1052500.0,-67.59943389892578,0.4226811572970279,-67.17675274162875,218.0005695275195
2106000,1053000.0,-67.70762634277344,0.5101334233264246,-67.19749291944701,263.10464732175024
2107000,1053500.0,-67.69297790527344,0.4878110597407461,-67.20516684553269,251.59174240307033
2108000,1054000.0,-67.76838684082031,0.5817007678242115,-67.1866860729961,300.015973011923
2109000,1054500.0,-67.77657318115234,0.5746690698670576,-67.20190411128529,296.38932883121765
2110000,1055000.0,-67.63237762451172,0.45354676111710635,-67.17883086339461,233.91970643586163
2111000,1055500.0,-67.59574890136719,0.41874885977884946,-67.17700004158834,215.9724613809523
2112000,1056000.0,-67.72179412841797,0.523931037812617,-67.19786309060535,270.22085717445816
2113000,1056500.0,-67.74883270263672,0.5650476290417655,-67.18378507359495,291.4270078396646
2114000,1057000.0,-67.7246322631836,0.5425191437092362,-67.18211311947435,279.8077942828309
2115000,1057500.0,-67.6958999633789,0.5081458801451257,-67.18775408323378,262.0795589353777
2116000,1058000.0,-67.7197494506836,0.5432296883023121,-67.17651976238128,280.174262300842
2117000,1058500.0,-67.6431884765625,0.4543778085926505,-67.18881066796985,234.34832460311463
2118000,1059000.0,-67.7370376586914,0.5721993809284515,-67.16483827776295,295.11557061920064
2119000,1059500.0,-67.73185729980469,0.540493492700257,-67.19136380710444,278.76305153525885
2120000,1060000.0,-67.70337677001953,0.5206891930426077,-67.18268757697692,268.5488545455707
2121000,1060500.0,-67.7434310913086,0.5626090712044742,-67.18082202010412,290.1693056966241
2122000,1061000.0,-67.77436065673828,0.589430563900724,-67.18493009283756,304.0026658604692
2123000,1061500.0,-67.7052230834961,0.5153207013378015,-67.1899023821583,265.7800198602594
2124000,1062000.0,-67.65790557861328,0.469124461750976,-67.1887811168623,241.95400735390888
2125000,1062500.0,-67.66730499267578,0.47577270922364867,-67.19153228345213,245.3828844410038
2126000,1063000.0,-67.70012664794922,0.5020582985866956,-67.19806834936253,258.9398489580758
2127000,1063500.0,-67.61649322509766,0.42886515190508173,-67.18762807319257,221.19000516532225
2128000,1064000.0,-67.64659881591797,0.47013485725299353,-67.17646395866498,242.47512543803742
2129000,1064500.0,-67.72147369384766,0.5286375621467588,-67.1928361317009,272.6482778617187
2130000,1065000.0,-67.70802307128906,0.5068044733961363,-67.20121859789293,261.387719637128
2131000,1065500.0,-67.81468963623047,0.6154045430855083,-67.19928509314497,317.39891539141263
2132000,1066000.0,-67.69499206542969,0.48738292489534,-67.20760914053434,251.37092905825514
2133000,1066500.0,-67.67628479003906,0.49322652698439184,-67.18305826305468,254.38480502957103
2134000,1067000.0,-67.58097839355469,0.4009046911644981,-67.18007370239019,206.76921478829652
2135000,1067500.0,-67.73812103271484,0.5520175557655352,-67.18610347694931,284.70666238265767
2136000,1068000.0,-67.64276885986328,0.4500691875444365,-67.19269967231884,232.1261251362743
2137000,1068500.0,-67.62763977050781,0.4342248005661535,-67.19341496994166,223.95427899302916
2138000,1069000.0,-67.70236206054688,0.5092626866623408,-67.19309937388454,262.65555919609864
2139000,1069500.0,-67.4577407836914,0.26972836089422014,-67.18801242279719,139.11416508056809
2140000,1070000.0,-67.68555450439453,0.500980350192996,-67.18457415420154,258.38389002853535
2141000,1070500.0,-67.77448272705078,0.5722605388537564,-67.20222218819703,295.147113218906
2142000,1071000.0,-67.70187377929688,0.5095437256053903,-67.19233005369148,262.800506867852
2143000,1071500.0,-67.63248443603516,0.42669337593110057,-67.20579106010406,220.06989751197497
2144000,1072000.0,-67.702392578125,0.5135091695183533,-67.18888340860664,264.8457104841748
2145000,1072500.0,-67.75103759765625,0.5532071146786912,-67.19783048297757,285.3201851670961
2146000,1073000.0,-67.66673278808594,0.47442465451200505,-67.19230813357393,244.68761641256395
2147000,1073500.0,-67.69930267333984,0.49382136440993507,-67.2054813089299,254.69159631966298
2148000,1074000.0,-67.70046997070312,0.5158173235132291,-67.18465264718989,266.03615599316754
2149000,1074500.0,-67.70755004882812,0.522691425361029,-67.1848586234671,269.58151895042255
2150000,1075000.0,-67.57112884521484,0.39143554164269406,-67.17969330357215,201.88543903189603
2151000,1075500.0,-67.57413482666016,0.39146398917653924,-67.18267083748361,201.90011103341027
2152000,1076000.0,-67.56659698486328,0.37195145918152417,-67.19464552568175,191.83639615423743
2153000,1076500.0,-67.66305541992188,0.4783900260217795,-67.18466539390009,246.732782686469
2154000,1077000.0,-67.70934295654297,0.5354045004618844,-67.17393845608109,276.1383705265742
2155000,1077500.0,-67.60105895996094,0.4121102029436172,-67.18894875701731,212.54853072780188
2156000,1078000.0,-67.84872436523438,0.680501463028947,-67.16822290220543,350.97307732687005
2157000,1078500.0,-67.67575073242188,0.48793812514930357,-67.18781260727258,251.6572772180356
2158000,1079000.0,-67.52058410644531,0.33084353897217056,-67.18974056747314,170.63471762416418
2159000,1079500.0,-67.68041229248047,0.49447788546882177,-67.18593440701164,255.0302013468171
2160000,1080000.0,-67.6585922241211,0.49535575036730256,-67.16323647375378,255.48296590594921
2161000,1080500.0,-67.76966094970703,0.5895777301097951,-67.18008321959724,304.07856779467863
2162000,1081000.0,-67.6419906616211,0.46792624317706005,-67.17406441844403,241.33601829283378
2163000,1081500.0,-67.69722747802734,0.508076943040986,-67.18915053498635,262.0440041733435
2164000,1082000.0,-67.74720001220703,0.5788684218447429,-67.16833159036229,298.55517206074825
2165000,1082500.0,-67.64253234863281,0.46867827555253255,-67.17385407308028,241.72388390578072
2166000,1083000.0,-67.65391540527344,0.5017278561932684,-67.15218754908017,258.76942113388833
2167000,1083500.0,-67.72432708740234,0.547778660295119,-67.17654842710722,282.52042433829416
2168000,1084000.0,-67.81420135498047,0.6406337724983003,-67.17356758248216,330.4110553597532
2169000,1084500.0,-67.63359069824219,0.45813850597018596,-67.175452192272,236.28792885556365
2170000,1085000.0,-67.70336151123047,0.5476256903714273,-67.15573582085904,282.44152910033597
2171000,1085500.0,-67.70777893066406,0.5373607175854215,-67.17041821307865,277.1473022939084
2172000,1086000.0,-67.63420867919922,0.46823387459534876,-67.16597480460386,241.4946812075006
2173000,1086500.0,-67.66765594482422,0.4820450190074859,-67.18561092581673,248.61786920794637
2174000,1087000.0,-67.53915405273438,0.3780716271716836,-67.1610824255627,194.9929127966892
2175000,1087500.0,-67.64835357666016,0.4765444488669093,-67.17180912779325,245.7809142061195
2176000,1088000.0,-67.62683868408203,0.45876296849327075,-67.16807571558876,236.6099994833428
2177000,1088500.0,-67.67351531982422,0.5025373244821936,-67.17097799534203,259.1869096946007
2178000,1089000.0,-67.58372497558594,0.4188511086721982,-67.16487386691374,216.02519691599753
2179000,1089500.0,-67.68354034423828,0.5039936555082235,-67.17954668873006,259.93802193988114
2180000,1090000.0,-67.73397064208984,0.5772685222513844,-67.15670211983846,297.73001338850133
2181000,1090500.0,-67.52511596679688,0.37318002644342707,-67.15193594035345,192.4700377495014
2182000,1091000.0,-67.62881469726562,0.4642377998982057,-67.16457689736743,239.43367956403364
2183000,1091500.0,-67.72734069824219,0.5558349248393634,-67.17150577340283,286.6754954328768
2184000,1092000.0,-67.5813217163086,0.41141040275077334,-67.16991131355782,212.18760420443613
2185000,1092500.0,-67.70834350585938,0.5531618169777511,-67.15518168888163,285.2968225817697
2186000,1093000.0,-67.89197540283203,0.7254670222955053,-67.16650838053653,374.16435841429427
2187000,1093500.0,-67.67244720458984,0.5017719748192843,-67.17067522977057,258.79217560361616
2188000,1094000.0,-67.7102279663086,0.5405022976343287,-67.16972566867426,278.7675927375555
2189000,1094500.0,-67.7447738647461,0.5621468748238956,-67.1826269899222,289.9309248924169
2190000,1095000.0,-67.5939712524414,0.4183081825881533,-67.17566306985326,215.74517923957677
2191000,1095500.0,-67.64852142333984,0.48240493138939566,-67.16611649195045,248.80349637131008
2192000,1096000.0,-67.61357879638672,0.45416418413147985,-67.15941461225523,234.2381463910126
2193000,1096500.0,-67.67046356201172,0.4989869544203238,-67.1714766075914,257.35578312990936
2194000,1097000.0,-67.78040313720703,0.610684101788779,-67.16971903541825,314.964316939736
2195000,1097500.0,-67.79354858398438,0.6070040197948839,-67.18654456418949,313.06629059830317
2196000,1098000.0,-67.82164764404297,0.65119649399148,-67.17045115005149,335.8588480079966
2197000,1098500.0,-67.75747680664062,0.5799692006332795,-67.17750760600734,299.1229059156458
2198000,1099000.0,-67.73493957519531,0.5596837548958651,-67.17525582029944,288.6605546905394
2199000,1099500.0,-67.71778869628906,0.5559221777484626,-67.1618665185406,286.7204966910313
2200000,1100000.0,-67.66886901855469,0.5104187168670191,-67.15845030168767,263.2517893299955
2201000,1100500.0,-67.62594604492188,0.4584130830555583,-67.16753296186631,236.42954378198513
2202000,1101000.0,-67.60400390625,0.4328704738074156,-67.17113343244259,223.25577611530628
2203000,1101500.0,-67.79312133789062,0.6374077313876979,-67.15571360650293,328.7472035714978
2204000,1102000.0,-67.60626983642578,0.4443383267468378,-67.16193150967894,229.1703962229045
2205000,1102500.0,-67.71435546875,0.5449067340853195,-67.16944873466468,281.03920962462917
2206000,1103000.0,-67.54328918457031,0.37818912412001116,-67.1651000604503,195.05351261575132
2207000,1103500.0,-67.66519165039062,0.4987978215584404,-67.16639382883218,257.2582366202172
2208000,1104000.0,-67.56096649169922,0.3870794043521674,-67.17388708734705,199.63873275251595
2209000,1104500.0,-67.66881561279297,0.5274494101726088,-67.14136620262036,272.0354807152684
2210000,1105000.0,-67.77527618408203,0.6065499232684873,-67.16872626081354,312.8320873468311
2211000,1105500.0,-67.806640625,0.6226112306802454,-67.18402939431975,321.1158116214368
2212000,1106000.0,-67.63440704345703,0.453605508436061,-67.18080153502098,233.950005749586
2213000,1106500.0,-67.69841766357422,0.5323709895213244,-67.1660466740529,274.5738174318988
2214000,1107000.0,-67.71448516845703,0.5485642735937649,-67.16592089486326,282.9256095318533
2215000,1107500.0,-67.70137023925781,0.5208632852370049,-67.18050695402081,268.6386437327007
2216000,1108000.0,-67.75936126708984,0.5792036588804002,-67.18015760820944,298.72807275300374
2217000,1108500.0,-67.78499603271484,0.6109413337891906,-67.17405469892566,315.0969860252212
2218000,1109000.0,-67.73558044433594,0.5605434979464402,-67.1750369463895,289.1039727881695
2219000,1109500.0,-67.59294891357422,0.43012908956591067,-67.16281982400831,221.84188927501384
2220000,1110000.0,-67.77753448486328,0.6017279309716751,-67.1758065538916,310.3451133031226
2221000,1110500.0,-67.58111572265625,0.42154150409807384,-67.15957421855818,217.4127859413653
2222000,1111000.0,-67.77579498291016,0.5994222606364548,-67.1763727222737,309.1559487578303
2223000,1111500.0,-67.6059341430664,0.4415108429367032,-67.1644233001297,227.71210296734296
2224000,1112000.0,-67.60810089111328,0.4389991089312534,-67.16910178218203,226.416659737294
2225000,1112500.0,-67.60134887695312,0.43578721346760724,-67.16556166348552,224.7601036589125
2226000,1113000.0,-67.70442962646484,0.5473398745010482,-67.1570897519638,282.2941176970903
2227000,1113500.0,-67.60420989990234,0.42997621572758893,-67.17423368417475,221.76304359371326
2228000,1114000.0,-67.69400787353516,0.5231712686456507,-67.1708366048895,269.8290012607305
2229000,1114500.0,-67.64860534667969,0.5085802732575238,-67.14002507342217,262.3036000222981
2230000,1115000.0,-67.67816925048828,0.5141918542823579,-67.16397739620592,265.1978096132499
2231000,1115500.0,-67.73168182373047,0.5646453405205251,-67.16703648320994,291.2195249054699
2232000,1116000.0,-67.7056884765625,0.5293302709824755,-67.17635820558003,273.00554697129695
2233000,1116500.0,-67.70271301269531,0.5378338801146925,-67.16487913258062,277.39133896097866
2234000,1117000.0,-67.60215759277344,0.4324934731360677,-67.16966411963737,223.06133555497547
2235000,1117500.0,-67.66355895996094,0.5052009782911341,-67.15835798166981,260.5607065562505
2236000,1118000.0,-67.67874908447266,0.5063221110602047,-67.17242697341246,261.1389381096425
2237000,1118500.0,-67.72032928466797,0.5559306278923319,-67.16439865677563,286.7248549079622
2238000,1119000.0,-67.80684661865234,0.6371896315679993,-67.16965698708434,328.63471716398396
2239000,1119500.0,-67.6883316040039,0.5211389801550678,-67.16719262384883,268.78083518863855
2240000,1120000.0,-67.65070343017578,0.47976621604566005,-67.17093721413012,247.4425616860879
2241000,1120500.0,-67.67622375488281,0.4980416442410699,-67.17818211064174,256.8682332263949
2242000,1121000.0,-67.6607437133789,0.48865401658655766,-67.17208969679236,252.0265029058786
2243000,1121500.0,-67.74877166748047,0.5765284345250443,-67.17224323295542,297.3483083064149
2244000,1122000.0,-67.55571746826172,0.39793699863415316,-67.15778046962757,205.23860796887982
2245000,1122500.0,-67.67855072021484,0.5110182738221861,-67.16753244639266,263.56101474833787
2246000,1123000.0,-67.70043182373047,0.5405807147154966,-67.15985110901497,278.8080368597033
2247000,1123500.0,-67.66946411132812,0.49693807214962604,-67.17252603917849,256.29905870726594
2248000,1124000.0,-67.75005340576172,0.5769720353634628,-67.17308137039825,297.5770983382122
2249000,1124500.0,-67.74242401123047,0.5891072052546786,-67.15331680597579,303.83589152529345
2250000,1125000.0,-67.71762084960938,0.54702452387165,-67.17059632573772,282.1314735488409
2251000,1125500.0,-67.67831420898438,0.5193170025968424,-67.15899720638754,267.84113835450603
2252000,1126000.0,-67.5440444946289,0.3966273104528876,-67.14741718417602,204.56312772924684
2253000,1126500.0,-67.65513610839844,0.4849962492046764,-67.17013985919377,250.13998547144053
2254000,1127000.0,-67.65617370605469,0.49742205506052645,-67.15875165099416,256.5486760568837
2255000,1127500.0,-67.71422576904297,0.5610654799970128,-67.15316028904596,289.3731884424363
2256000,1128000.0,-67.78807067871094,0.6344287263027631,-67.15364195240818,327.21076222811234
2257000,1128500.0,-67.69522094726562,0.5451330989624273,-67.1500878483032,281.1559587895224
2258000,1129000.0,-67.65605163574219,0.5108550753958135,-67.14519656034638,263.47684409326837
2259000,1129500.0,-67.65996551513672,0.5077945667893388,-67.15217094834738,261.8983667759402
2260000,1130000.0,-67.65784454345703,0.5114345410295604,-67.14641000242747,263.775707281271
2261000,1130500.0,-67.78845977783203,0.6347084363291028,-67.15375134150293,327.35502450238675
2262000,1131000.0,-67.55916595458984,0.3831619939257596,-67.17600396066409,197.61830272083176
2263000,1131500.0,-67.62010955810547,0.4508588781206565,-67.16925067998481,232.53341321239145
2264000,1132000.0,-67.59693145751953,0.4388972204627359,-67.1580342370568,226.36411009371125
2265000,1132500.0,-67.54241180419922,0.3846916832735649,-67.15772012092566,198.40725000003917
2266000,1133000.0,-67.74777221679688,0.5858097398819505,-67.16196247691492,302.1352022070165
2267000,1133500.0,-67.8007583618164,0.635955153903717,-67.16480320791268,327.99802724006236
2268000,1134000.0,-67.53952026367188,0.38534473921319834,-67.15417552445868,198.74406786929038
2269000,1134500.0,-67.83635711669922,0.6839568754928904,-67.15240024120632,352.75522888978634
2270000,1135000.0,-67.54290008544922,0.3792433144982218,-67.163656770951,195.59721819352055
2271000,1135500.0,-67.81157684326172,0.6448419921825279,-67.16673485107918,332.5814721668924
2272000,1136000.0,-67.57421875,0.40956762902564964,-67.16465112097436,211.23718161130165
2273000,1136500.0,-67.64998626708984,0.49500769769850306,-67.15497856939135,255.3034554671374
2274000,1137000.0,-67.74122619628906,0.5692596571151634,-67.1719665391739,293.59938884841006
2275000,1137500.0,-67.59979248046875,0.4571099642535938,-67.14268251621516,235.75745174266424
2276000,1138000.0,-67.70217895507812,0.5495504324515037,-67.15262852262663,283.43422740828396
2277000,1138500.0,-67.63908386230469,0.47378917831163253,-67.16529468399305,244.35986540873807
2278000,1139000.0,-67.6637191772461,0.4994664377193437,-67.16425273952675,257.6030797752902
2279000,1139500.0,-67.68927764892578,0.5208442215331258,-67.16843342739266,268.62881150282436
2280000,1140000.0,-67.61821746826172,0.4573837538337759,-67.16083371442794,235.89866050813671
2281000,1140500.0,-67.50164031982422,0.3418623028561261,-67.15977801696809,176.31771711615139
2282000,1141000.0,-67.82335662841797,0.64683067506479,-67.17652595335318,333.6071483614858
2283000,1141500.0,-67.7262954711914,0.5548727155254913,-67.17142275566592,286.1792296902301
2284000,1142000.0,-67.51880645751953,0.34811259061003264,-67.1706938669095,179.5413438772208
2285000,1142500.0,-67.69025421142578,0.5270510619940232,-67.16320314943175,271.8300300385521
2286000,1143000.0,-67.72218322753906,0.5560886762029598,-67.1660945513361,286.8063693571751
2287000,1143500.0,-67.60358428955078,0.45063737849848207,-67.1529469110523,232.41917333452952
2288000,1144000.0,-67.62015533447266,0.4663915160590893,-67.15376381841357,240.54447275073656
2289000,1144500.0,-67.8149642944336,0.6504676974041168,-67.16449659702948,335.4829664046365
2290000,1145000.0,-67.6430892944336,0.4742824865424375,-67.16880680789116,244.61429235304712
2291000,1145500.0,-67.6738510131836,0.5195085819049783,-67.15434243127862,267.93994663484284
2292000,1146000.0,-67.61810302734375,0.46572973947843943,-67.15237328786532,240.20315715388287
2293000,1146500.0,-67.62837219238281,0.4689536891815927,-67.15941850320122,241.8659302850769
2294000,1147000.0,-67.6978759765625,0.5351233367720077,-67.1627526397905,275.9933585158294
2295000,1147500.0,-67.71180725097656,0.5413703710949518,-67.1704368798816,279.21530729861547
2296000,1148000.0,-67.84019470214844,0.6890359526978813,-67.15115874945056,355.37479615519953
2297000,1148500.0,-67.63355255126953,0.47083889566030085,-67.16271365560922,242.83823784821377
2298000,1149000.0,-67.76981353759766,0.6191595430431425,-67.15065399455452,319.3355811623091
2299000,1149500.0,-67.6635513305664,0.4942578044523097,-67.1692935261141,254.91669312409758
2300000,1150000.0,-67.62833404541016,0.469285295291276,-67.15904875011888,242.0369583035295
2301000,1150500.0,-67.61485290527344,0.45485445479310654,-67.15999845048033,234.5941579963679
2302000,1151000.0,-67.7878646850586,0.6308533753818066,-67.15701130967679,325.3667516220717
2303000,1151500.0,-67.62828063964844,0.4735903586828484,-67.1546902809656,244.257322885704
2304000,1152000.0,-67.72195434570312,0.5575445730252131,-67.16440977267791,287.55725765901985
2305000,1152500.0,-67.73977661132812,0.5776318154630847,-67.16214479586505,297.9173842369267
2306000,1153000.0,-67.61276245117188,0.4673842649901578,-67.14537818618172,241.05648950055985
2307000,1153500.0,-67.5323257446289,0.36931608669865407,-67.16300965793025,190.47718557135568
2308000,1154000.0,-67.66912841796875,0.5035935846317033,-67.16553483333705,259.7316827704455
2309000,1154500.0,-67.69088745117188,0.5401193511409395,-67.15076810003093,278.5700855806449
2310000,1155000.0,-67.50090026855469,0.3621364856889928,-67.1387637828657,186.77425942462273
2311000,1155500.0,-67.74038696289062,0.5928149318837326,-67.14757203100689,305.74817576799535
2312000,1156000.0,-67.7468490600586,0.5919142758189381,-67.15493478423966,305.28365651587353
2313000,1156500.0,-67.65991973876953,0.5096259085929108,-67.15029383017662,262.84289328081513
2314000,1157000.0,-67.54551696777344,0.3848199649589187,-67.16069700281452,198.47341211771177
2315000,1157500.0,-67.63262176513672,0.49198790817488,-67.14063385696184,253.74597928293068
2316000,1158000.0,-67.7125244140625,0.5526448659507383,-67.15987954811176,285.0302017107867
2317000,1158500.0,-67.72613525390625,0.5806969257038461,-67.1454383282024,299.49823487721454
2318000,1159000.0,-67.52009582519531,0.36251685380447046,-67.15757897139085,186.97043676627308
2319000,1159500.0,-67.64517211914062,0.4900143711075075,-67.15515774803312,252.72811464135987
2320000,1160000.0,-67.5941390991211,0.4442251752101261,-67.14991392391097,229.11203757828494
2321000,1160500.0,-67.58639526367188,0.4216066224611057,-67.16478864121076,217.44637116271377
2322000,1161000.0,-67.74945831298828,0.597072266345017,-67.15238604664326,307.9439238424167
2323000,1161500.0,-67.62332916259766,0.4770778217581487,-67.14625134083951,246.05600476091098
2324000,1162000.0,-67.67044067382812,0.4987406338266533,-67.17170004000147,257.22874167376796
2325000,1162500.0,-67.58321380615234,0.4121046813377564,-67.17110912481459,212.54568292348986
2326000,1163000.0,-67.49556732177734,0.3433783909686178,-67.15218893080872,177.09964946934787
2327000,1163500.0,-67.70001983642578,0.5592302801367145,-67.14078955628906,288.4266721195884
2328000,1164000.0,-67.72659301757812,0.5894281325993,-67.13716488497883,304.0014119008688
2329000,1164500.0,-67.64838409423828,0.4900078650299718,-67.15837622920832,252.724759089347
2330000,1165000.0,-67.78845977783203,0.6349721312287504,-67.15348764660328,327.4910268703946
2331000,1165500.0,-67.55268096923828,0.3964088267861174,-67.15627214245217,204.45044335009695
2332000,1166000.0,-67.81483459472656,0.668711103135229,-67.14612349159134,344.89212214968256
2333000,1166500.0,-67.66960906982422,0.5084218762079971,-67.16118719361623,262.2219057087188
2334000,1167000.0,-67.55814361572266,0.4093247951799023,-67.14881882054276,211.1119384681911
2335000,1167500.0,-67.70044708251953,0.5548710501714734,-67.14557603234806,286.17837077301056
2336000,1168000.0,-67.6862564086914,0.5231574208838147,-67.16309898780759,269.8218591870543
2337000,1168500.0,-67.63499450683594,0.476882431632521,-67.15811207520342,245.9552310265451
2338000,1169000.0,-67.60682678222656,0.4531754146535279,-67.15365136757303,233.72818207014393
2339000,1169500.0,-67.72775268554688,0.5607105980321871,-67.16704208751469,289.19015574956256
2340000,1170000.0,-67.76081085205078,0.5967745524306252,-67.16403629962015,307.79037594520565
2341000,1170500.0,-67.60918426513672,0.4527026142759177,-67.1564816508608,233.4843321851598
2342000,1171000.0,-67.52568817138672,0.3737256720154742,-67.15196249937125,192.75145801963387
2343000,1171500.0,-67.69734191894531,0.5395450739197071,-67.1577968450256,278.2738983503082
2344000,1172000.0,-67.72677612304688,0.5626061516539884,-67.16416997139288,290.1677999193788
2345000,1172500.0,-67.60627746582031,0.44477698674250343,-67.16150047907782,229.39663798275856
2346000,1173000.0,-67.6234130859375,0.4708730123838602,-67.15254007355364,242.855833771377
2347000,1173500.0,-67.55218505859375,0.4081795144602681,-67.14400554413348,210.52125245146462
2348000,1174000.0,-67.90708923339844,0.747544725444433,-67.15954450795401,385.55107811361495
2349000,1174500.0,-67.67897033691406,0.5329095641866962,-67.14606077272737,274.85159083569795
2350000,1175000.0,-67.5482177734375,0.38397786197642514,-67.16423991146108,198.03909200049063
2351000,1175500.0,-67.61714935302734,0.45237699793793257,-67.16477235508941,233.31639343060976
2352000,1176000.0,-67.4876708984375,0.3336478925850837,-67.15402300585242,172.08108132932932
2353000,1176500.0,-67.48799896240234,0.3371916024917123,-67.15080735991063,173.90877287542415
2354000,1177000.0,-67.59232330322266,0.43262700347446326,-67.15969629974819,223.13020469975967
2355000,1177500.0,-67.58740997314453,0.4080568020187136,-67.17935317112581,210.45796270768216
2356000,1178000.0,-67.60482788085938,0.44469271715162073,-67.16013516370775,229.35317539047327
2357000,1178500.0,-67.69731140136719,0.5224888864057977,-67.17482251496139,269.4770581604638
2358000,1179000.0,-67.79352569580078,0.6148254544600491,-67.17870024134074,317.1002466478985
2359000,1179500.0,-67.77424621582031,0.6028609362537798,-67.17138527956654,310.9294681827108
2360000,1180000.0,-67.5987319946289,0.42523158645891684,-67.17350040816999,219.3159700374142
2361000,1180500.0,-67.75749969482422,0.5859898436197839,-67.17150985120443,302.2280918869653
2362000,1181000.0,-67.68035888671875,0.5305069169273604,-67.14985196979138,273.61240980795014
2363000,1181500.0,-67.66409301757812,0.48474819529824564,-67.17934482227987,250.01205004791413
2364000,1182000.0,-67.61949920654297,0.44847922852186023,-67.1710199780211,231.3060933783801
2365000,1182500.0,-67.78593444824219,0.6116829895932688,-67.17425145864892,315.47949985365017
2366000,1183000.0,-67.5476303100586,0.38997650502203873,-67.15765380503656,201.1329313585037
2367000,1183500.0,-67.63414001464844,0.4693382719578806,-67.16480174269056,242.06428136558725
2368000,1184000.0,-67.5642318725586,0.4084087815046822,-67.15582309105392,210.63949842811465
2369000,1184500.0,-67.6233901977539,0.4557355691597808,-67.16765462859412,235.04859848995937
2370000,1185000.0,-67.60900115966797,0.4408651847355577,-67.16813597493241,227.37910053006865
2371000,1185500.0,-67.64929962158203,0.4998821414632299,-67.1494174801188,257.81748169824664
2372000,1186000.0,-67.74467468261719,0.5614956536060807,-67.1831790290111,289.59505329293535
2373000,1186500.0,-67.70835876464844,0.5401715387138056,-67.16818722593463,278.59700166244954
2374000,1187000.0,-67.70377349853516,0.5385718828496496,-67.1652016156855,277.7719686951318
2375000,1187500.0,-67.63269805908203,0.4814763531421818,-67.15122170593985,248.32457607110555
2376000,1188000.0,-67.66382598876953,0.4955122508895844,-67.16831373787994,255.56368207320628
2377000,1188500.0,-67.7012939453125,0.5449431624332075,-67.15635078287929,281.0579977831487
2378000,1189000.0,-67.64463806152344,0.48863969908619787,-67.15599836243724,252.0191185614886
2379000,1189500.0,-67.6252670288086,0.4689560184173173,-67.15631101039128,241.86713160362578
2380000,1190000.0,-67.66242980957031,0.504439824527069,-67.15798998504324,260.1681365275194
2381000,1190500.0,-67.55896759033203,0.39293842176033833,-67.1660291685717,202.6605592754223
2382000,1191000.0,-67.7199935913086,0.5616753731289684,-67.15831821817963,289.68774481151473
2383000,1191500.0,-67.69741821289062,0.5421524650031034,-67.15526574788753,279.61867734352444
2384000,1192000.0,-67.51087951660156,0.3607740234986525,-67.15010549310291,186.07156064487754
2385000,1192500.0,-67.57919311523438,0.41627443577376677,-67.1629186794606,214.69626102745153
2386000,1193000.0,-67.57473754882812,0.40808125226343334,-67.1666562965647,210.4705730812036
2387000,1193500.0,-67.7246322631836,0.5656586537497552,-67.15897360943384,291.74214782647863
2388000,1194000.0,-67.73627471923828,0.5697035400152268,-67.16657117922306,293.82832435534436
2389000,1194500.0,-67.62167358398438,0.4563826708182631,-67.16529091316612,235.38234539978959
2390000,1195000.0,-67.4915771484375,0.34334382587119,-67.14823332256631,177.08182229443142
2391000,1195500.0,-67.72814178466797,0.5736478350410846,-67.15449394962688,295.8626202949131
2392000,1196000.0,-67.74020385742188,0.5822105127758811,-67.15799334464599,300.2788773024487
2393000,1196500.0,-67.5440902709961,0.38315708212663385,-67.16093318886946,197.61576942832903
2394000,1197000.0,-67.52034759521484,0.35544514556494194,-67.1649024496499,183.32315702092518
2395000,1197500.0,-67.64290618896484,0.48188822809199405,-67.16101796087285,248.53700326849324
2396000,1198000.0,-67.60051727294922,0.4523517294235494,-67.14816554352566,233.30336102916118
2397000,1198500.0,-67.60562133789062,0.4367673127152054,-67.16885402517542,225.2655962518074
2398000,1199000.0,-67.71531677246094,0.5512203865708392,-67.1640963858901,284.2955171601811
2399000,1199500.0,-67.76144409179688,0.588387865465619,-67.17305622633125,303.4648873274683
2400000,1200000.0,-67.57796478271484,0.4266379032298582,-67.15132687948498,220.04128710373865
2401000,1200500.0,-67.61387634277344,0.4503716712317681,-67.16350467154167,232.28213307505433
2402000,1201000.0,-67.71736145019531,0.5557844872771638,-67.16157696291815,286.64948193051157
2403000,1201500.0,-67.63977813720703,0.4743366147099109,-67.16544152249712,244.6422093092042
2404000,1202000.0,-67.5909194946289,0.434690668710162,-67.15622882591875,224.19455353322405
2405000,1202500.0,-67.62167358398438,0.47769681553509086,-67.14397676844928,246.37525484712324
2406000,1203000.0,-67.695556640625,0.5392041917911172,-67.15635244883389,278.0980861644763
2407000,1203500.0,-67.74531555175781,0.5902320298887436,-67.15508352186907,304.4160271821863
2408000,1204000.0,-67.67149353027344,0.5288281017516663,-67.14266542852177,272.74654990832
2409000,1204500.0,-67.65811157226562,0.5070458533099251,-67.1510657189557,261.512212905328
2410000,1205000.0,-67.58473205566406,0.43830308010806807,-67.14642897555599,226.05767832247938
2411000,1205500.0,-67.6084976196289,0.45511871766891565,-67.15337890196,234.73045330179332
2412000,1206000.0,-67.5831069946289,0.42991803896326286,-67.15318895566564,221.73303854726774
2413000,1206500.0,-67.46092987060547,0.31303891239498305,-67.14789095821048,161.45186509562308
2414000,1207000.0,-67.59422302246094,0.43827939771436664,-67.15594362474657,226.04546397313933
2415000,1207500.0,-67.55510711669922,0.407879458037548,-67.14722765866168,210.36649639027257
2416000,1208000.0,-67.54736328125,0.39556520007691026,-67.15179808117308,204.01533736086415
2417000,1208500.0,-67.5975112915039,0.44234166424437277,-67.15516962725954,228.14060448703643
2418000,1209000.0,-67.80902862548828,0.6407470821180894,-67.1682815433702,330.4694955367531
2419000,1209500.0,-67.63810729980469,0.4860829728029123,-67.15202432700177,250.7004702700755
2420000,1210000.0,-67.65662384033203,0.4941066895000432,-67.16251715083199,254.8387545997761
2421000,1210500.0,-67.85084533691406,0.6885941264482319,-67.16225121046583,355.1469213791586
2422000,1211000.0,-67.63312530517578,0.48234991918073,-67.15077538599505,248.77512346512998
2423000,1211500.0,-67.6336441040039,0.47408102941805635,-67.15956307458585,244.5103895244202
2424000,1212000.0,-67.72000122070312,0.5662222121131998,-67.15377900858992,292.0328067358527
2425000,1212500.0,-67.56385040283203,0.4045265164347404,-67.15932388639729,208.63719484373848
2426000,1213000.0,-67.6691665649414,0.5168247485229244,-67.15234181641848,266.55574202646574
2427000,1213500.0,-67.60604095458984,0.4563778273166458,-67.1496631272732,235.37984733217323
2428000,1214000.0,-67.73616027832031,0.5708863414328267,-67.16527393688749,294.43836191728263
2429000,1214500.0,-67.59915924072266,0.44108395557390423,-67.15807528514875,227.49193301983598
2430000,1215000.0,-67.81105041503906,0.6531585233687122,-67.15789189167035,336.870777483163
2431000,1215500.0,-67.60443878173828,0.44384175249048524,-67.1605970292478,228.91428480457245
2432000,1216000.0,-67.59580993652344,0.4369895396619207,-67.15882039686151,225.38021125205512
2433000,1216500.0,-67.57548522949219,0.4290732250881476,-67.14641200440404,221.29732026945848
2434000,1217000.0,-67.76348114013672,0.6004860770167392,-67.16299506311998,309.7046190090848
2435000,1217500.0,-67.73108673095703,0.5791056259195136,-67.15198110503752,298.6775116126813
2436000,1218000.0,-67.7825698852539,0.6303333253076829,-67.15223655994622,325.09853239728585
2437000,1218500.0,-67.60105895996094,0.4506660949749756,-67.15039286498596,232.43398404497248
2438000,1219000.0,-67.7488784790039,0.5958510964414526,-67.15302738256246,307.31409748306515
2439000,1219500.0,-67.64794158935547,0.5015189488602706,-67.1464226404952,258.66167581147266
2440000,1220000.0,-67.61824798583984,0.4711765472721417,-67.1470714385677,243.01238387391763
2441000,1220500.0,-67.68926239013672,0.5493449766009934,-67.13991741353573,283.3282622105201
2442000,1221000.0,-67.53660583496094,0.38935802319968915,-67.14724781176125,200.81394531621868
2443000,1221500.0,-67.53939056396484,0.39123468299206265,-67.14815588097278,201.78184487001715
2444000,1222000.0,-67.57103729248047,0.41628712060213324,-67.15475017187833,214.7028033105898
2445000,1222500.0,-67.78065490722656,0.6347165387309853,-67.14593836849558,327.3592033691151
2446000,1223000.0,-67.607421875,0.4627733395945361,-67.14464853540547,238.6783745906774
2447000,1223500.0,-67.65373992919922,0.501312222905737,-67.15242770629348,258.5550555492574
2448000,1224000.0,-67.62674713134766,0.4888969800824498,-67.13785015126521,252.1518129168987
2449000,1224500.0,-67.66271209716797,0.49759707340279363,-67.16511502376518,256.638942910831
2450000,1225000.0,-67.75337982177734,0.5969711819350667,-67.15640863984228,307.8917888972953
2451000,1225500.0,-67.91435241699219,0.7425050767566721,-67.17184734023552,382.95184636366866
2452000,1226000.0,-67.64502716064453,0.48425031518093303,-67.1607768454636,249.75526512325683
2453000,1226500.0,-67.67168426513672,0.49632957448631626,-67.17535469065041,255.98522206026232
2454000,1227000.0,-67.64653015136719,0.48127168803032755,-67.16525846333685,248.2190187019719
2455000,1227500.0,-67.68170928955078,0.5274928401524098,-67.15421644939838,272.0578800112099
2456000,1228000.0,-67.5940933227539,0.4383856139073534,-67.15570770884655,226.1002456689032
2457000,1228500.0,-67.49807739257812,0.3408172212068943,-67.15726017137123,175.77870942488778
2458000,1229000.0,-67.73128509521484,0.5617139895319193,-67.16957110568292,289.70766147373416
2459000,1229500.0,-67.81257629394531,0.6309982830223817,-67.18157801092293,325.4414886848172
2460000,1230000.0,-67.66080474853516,0.5003988893225141,-67.16040585921264,258.08399778414565
2461000,1230500.0,-67.61456298828125,0.4532224650019606,-67.16134052327929,233.75244859487003
2462000,1231000.0,-67.67585754394531,0.5077771376487908,-67.16808040629653,261.88937758278547
2463000,1231500.0,-67.6642837524414,0.5038807256011414,-67.16040302684027,259.87977760219167
2464000,1232000.0,-67.56410217285156,0.4009814260502425,-67.16312074680133,206.80879130715977
2465000,1232500.0,-67.70698547363281,0.5378895184846618,-67.16909595514815,277.42003481394374
2466000,1233000.0,-67.58328247070312,0.42229354871607716,-67.16098892198704,217.80065786847757
2467000,1233500.0,-67.77363586425781,0.5926912224874742,-67.18094464177034,305.68437183830827
2468000,1234000.0,-67.61585235595703,0.438724734943242,-67.1771276210138,226.27514955966384
2469000,1234500.0,-67.61067962646484,0.4540483748176961,-67.15663125164714,234.17841698049688
2470000,1235000.0,-67.60665130615234,0.4571590086270699,-67.14949229752527,235.78274669883942
2471000,1235500.0,-67.78816223144531,0.6271909226524545,-67.16097130879285,323.477817689052
2472000,1236000.0,-67.79296875,0.6445240661869812,-67.14844468381303,332.4174997567192
2473000,1236500.0,-67.61544036865234,0.4520118916384413,-67.16342847701391,233.12808747030587
2474000,1237000.0,-67.56975555419922,0.4143494062770593,-67.15540614792216,213.70341448249752
2475000,1237500.0,-67.7656478881836,0.6132061759793981,-67.1524417122042,316.2650931878697
2476000,1238000.0,-67.63872528076172,0.4908941270627607,-67.14783115369896,253.1818545253823
2477000,1238500.0,-67.7649154663086,0.603745662844741,-67.16116980346385,311.3857717045878
2478000,1239000.0,-67.45856475830078,0.3111813284468996,-67.14738342985387,160.49380403319725
2479000,1239500.0,-67.61357879638672,0.43974161668451694,-67.1738371797022,226.7996129640836
2480000,1240000.0,-67.821044921875,0.6557350267105055,-67.1653098951645,338.1996259217647
2481000,1240500.0,-67.72066497802734,0.5596383791243553,-67.16102659890299,288.6371518398064
2482000,1241000.0,-67.72371673583984,0.5592136933995066,-67.16450304244033,288.4181174014622
2483000,1241500.0,-67.7254409790039,0.5636198414656143,-67.1618211375383,290.69061706521956
2484000,1242000.0,-67.73018646240234,0.5623831641148295,-67.16780329828751,290.05279263860706
2485000,1242500.0,-67.6391830444336,0.4818149930064296,-67.15736805142717,248.49923179444755
2486000,1243000.0,-67.63744354248047,0.4842903901829629,-67.1531531522975,249.77593406748466
2487000,1243500.0,-67.57107543945312,0.4358264785196918,-67.13524896093344,224.7803548661622
2488000,1244000.0,-67.7314682006836,0.5647174778876048,-67.166750722796,291.25673022403237
2489000,1244500.0,-67.77667999267578,0.6050446285855486,-67.17163536409024,312.0557217754726
2490000,1245000.0,-67.59093475341797,0.4278746798106285,-67.16306007360734,220.6791627088647
2491000,1245500.0,-67.6954116821289,0.5383481340365146,-67.1570635480924,277.65656878233125
2492000,1246000.0,-67.64755249023438,0.48921062029955176,-67.15834186993483,252.3135749088271
2493000,1246500.0,-67.64068603515625,0.4735676602677669,-67.16711837488849,244.24561602976848
2494000,1247000.0,-67.65109252929688,0.4872000454732034,-67.16389248382367,251.27660780098503
2495000,1247500.0,-67.7431411743164,0.5763649372578211,-67.16677623705858,297.26398352222344
2496000,1248000.0,-67.58116149902344,0.4356448145913397,-67.1455166844321,224.68666050775593
2497000,1248500.0,-67.51631927490234,0.36591182522820814,-67.15040744967413,188.72141546765954
2498000,1249000.0,-67.62074279785156,0.4460419612236868,-67.17470083662788,230.04905683932463
2499000,1249500.0,-67.7834701538086,0.6261716848879135,-67.15729846892069,322.95213915023385
2500000,1250000.0,-67.7154769897461,0.5552535829926333,-67.16022340675346,286.3756645757651
2501000,1250500.0,-67.66546630859375,0.5068994526650517,-67.1585668559287,261.43670581585724
2502000,1251000.0,-67.5150146484375,0.3821142218646937,-67.1329004265728,197.07790743208014
2503000,1251500.0,-67.60824584960938,0.4527255124462746,-67.1555203371631,233.49614206618423
2504000,1252000.0,-67.70746612548828,0.5540577507074125,-67.15340837478087,285.75890625868135
2505000,1252500.0,-67.73057556152344,0.5695334718720835,-67.16104208965136,293.7406105989498
2506000,1253000.0,-67.81034088134766,0.6490260527154795,-67.16131482863217,334.7394287338564
2507000,1253500.0,-67.78318786621094,0.6230023048829959,-67.16018556132794,321.31751069757337
2508000,1254000.0,-67.6969985961914,0.5459885079828959,-67.15101008820851,281.59714158279763
2509000,1254500.0,-67.69828033447266,0.5311233879678993,-67.16715694650476,273.9303587763738
2510000,1255000.0,-67.6126937866211,0.45964771979196617,-67.15304606682913,237.06631574839523
2511000,1255500.0,-67.66765594482422,0.501662456695019,-67.1659934881292,258.7356909152139
2512000,1256000.0,-67.69881439208984,0.5473986917722544,-67.15141570031759,282.3244530891457
2513000,1256500.0,-67.72274780273438,0.5768361107431322,-67.14591169199124,297.506994326871
2514000,1257000.0,-67.7461166381836,0.58855920667464,-67.15755743150895,303.55325767591006
2515000,1257500.0,-67.60234832763672,0.44947049074805,-67.15287783688866,231.81734335044504
2516000,1258000.0,-67.5877456665039,0.4408878753453113,-67.1468577911586,227.39080336035533
2517000,1258500.0,-67.6854248046875,0.5373526121145493,-67.14807219257295,277.1431218443286
2518000,1259000.0,-67.83615112304688,0.6789606189776615,-67.15719050406922,350.17837693643537
2519000,1259500.0,-67.74761962890625,0.5957306465371257,-67.15188898236913,307.2519746576458
2520000,1260000.0,-67.57132720947266,0.40163406595472695,-67.16969314351793,207.14539460356366
2521000,1260500.0,-67.6478042602539,0.48887357349989513,-67.158930686754,252.1397408189603
2522000,1261000.0,-67.7832260131836,0.6272854289080506,-67.15594058427554,323.5265599080703
2523000,1261500.0,-67.70654296875,0.5558120339980819,-67.15073093475192,286.66368933187096
2524000,1262000.0,-67.77266693115234,0.6202858914913534,-67.152381039661,319.9165027363074
2525000,1262500.0,-67.64935302734375,0.49318000087923136,-67.15617302646451,254.36080888673905
2526000,1263000.0,-67.7008056640625,0.5446517735966335,-67.15615389046587,280.9077120861631
2527000,1263500.0,-67.62628936767578,0.4663139192049057,-67.15997544847087,240.50445166601696
2528000,1264000.0,-67.60541534423828,0.4613549174001841,-67.1440604268381,237.9468140731076
2529000,1264500.0,-67.60772705078125,0.4581569614580953,-67.14957008932315,236.2974473940783
2530000,1265000.0,-67.57594299316406,0.4284737667716348,-67.14746922639243,220.98814572464676
2531000,1265500.0,-67.70777130126953,0.574725157983674,-67.13304614328585,296.4182566439555
2532000,1266000.0,-67.57099914550781,0.4291331787392566,-67.14186596676855,221.32824175687608
2533000,1266500.0,-67.70260620117188,0.5351285787921659,-67.1674776223797,275.9960621219879
2534000,1267000.0,-67.5488052368164,0.3999092151850811,-67.14889602163133,206.25579154546344
2535000,1267500.0,-67.67943572998047,0.5260988309583754,-67.1533368990221,271.3389106581177
2536000,1268000.0,-67.76657104492188,0.6091504452804634,-67.15742059964141,314.17332357156596
2537000,1268500.0,-67.79002380371094,0.6313569225895442,-67.15866688112139,325.6264593856559
2538000,1269000.0,-67.7138671875,0.5704675073095978,-67.1433996801904,294.22234548072004
2539000,1269500.0,-67.5878677368164,0.44210937306234804,-67.14575836375406,228.02079879164788
2540000,1270000.0,-67.50674438476562,0.345681925213123,-67.1610624595525,178.28771231189234
2541000,1270500.0,-67.57079315185547,0.42025424611965156,-67.15053890573581,216.74887422545294
2542000,1271000.0,-67.68745422363281,0.5316937140369934,-67.15576050959582,274.22450817417047
2543000,1271500.0,-67.68704223632812,0.5320657192614806,-67.15497651706664,274.4163723001325
2544000,1272000.0,-67.6825180053711,0.5381355095839293,-67.14438249578717,277.54690633119316
2545000,1272500.0,-67.4652099609375,0.3262824672154466,-67.13892749372205,168.2823150543875
2546000,1273000.0,-67.62923431396484,0.48090769929683,-67.14832661466801,248.0312891336337
2547000,1273500.0,-67.6839828491211,0.5142447957741627,-67.16973805334693,265.22511453367474
2548000,1274000.0,-67.53147888183594,0.37739934692363974,-67.1540795349123,194.64617986472493
2549000,1274500.0,-67.6573486328125,0.49581584403860224,-67.1615327887739,255.72026222410247
2550000,1275000.0,-67.65261840820312,0.495029331473859,-67.15758907672927,255.314613228176
2551000,1275500.0,-67.61018371582031,0.45607866256109786,-67.15410505325922,235.2255511541532
2552000,1276000.0,-67.72211456298828,0.5559891131879043,-67.16612544980038,286.7550190814146
2553000,1276500.0,-67.71033477783203,0.5639896458662238,-67.1463451319658,290.88134610188206
2554000,1277000.0,-67.688720703125,0.5316473194393184,-67.15707338368568,274.20057985718364
2555000,1277500.0,-67.56967163085938,0.4256224180899074,-67.14404921276947,219.51754400558008
2556000,1278000.0,-67.58380889892578,0.42643273187274294,-67.15737616705304,219.9354686353028
2557000,1278500.0,-67.61205291748047,0.4733154840941408,-67.13873743338632,244.11555451999286
2558000,1279000.0,-67.67080688476562,0.5239381110250023,-67.14686877374062,270.22450522997656
2559000,1279500.0,-67.77137756347656,0.6048277988955438,-67.16654976458102,311.9438904456499
2560000,1280000.0,-67.60623931884766,0.4598675215030617,-67.1463717973446,237.17967991752064
2561000,1280500.0,-67.65534973144531,0.5083340431533424,-67.14701568829197,262.17660523670224
2562000,1281000.0,-67.80760955810547,0.6308882139311253,-67.17672134417434,325.38471983158814
2563000,1281500.0,-67.43990325927734,0.2914260971925976,-67.14847716208475,150.30491439324743
2564000,1282000.0,-67.72875213623047,0.582307375998815,-67.14644476023166,300.3288351427766
2565000,1282500.0,-67.5987777709961,0.45777288970953556,-67.14100488128656,236.0993598794588
2566000,1283000.0,-67.70479583740234,0.5405425752594437,-67.1642532621429,278.78836618596387
2567000,1283500.0,-67.6793212890625,0.5184902195161801,-67.16083106954632,267.4147195767855
2568000,1284000.0,-67.83230590820312,0.6858013475139413,-67.14650456068918,353.7065273901453
2569000,1284500.0,-67.6194076538086,0.4532599342961874,-67.16614771951241,233.77177362826745
2570000,1285000.0,-67.71691131591797,0.5499094318566027,-67.16700188406136,283.61938369789027
2571000,1285500.0,-67.71232604980469,0.5325230333325218,-67.17980301647216,274.6522350212849
2572000,1286000.0,-67.68792724609375,0.5221924435594425,-67.1657348025343,269.3241658249004
2573000,1286500.0,-67.75160217285156,0.5828467741178635,-67.1687553987337,300.60703324819156
2574000,1287000.0,-67.6201171875,0.4438914527659991,-67.176225734734,228.93991804651063
2575000,1287500.0,-67.54300689697266,0.38383298980819913,-67.15917390716446,197.96437323284098
2576000,1288000.0,-67.66109466552734,0.48342806602679317,-67.17766659950055,249.33118474777407
2577000,1288500.0,-67.6225814819336,0.45940910954220854,-67.16317237239139,236.94325095252188
2578000,1289000.0,-67.66152954101562,0.49338824599951453,-67.16814129501611,254.46821266861892
2579000,1289500.0,-67.71360778808594,0.5550293217684555,-67.15857846631748,286.2600003836201
2580000,1290000.0,-67.78362274169922,0.611847074851604,-67.17177566684761,315.56412789810065
2581000,1290500.0,-67.71237182617188,0.5542641569738699,-67.158107669198,285.8653616396818
2582000,1291000.0,-67.58395385742188,0.442815208816372,-67.1411386486055,228.3848381951408
2583000,1291500.0,-67.54867553710938,0.40603043748125844,-67.14264509962811,209.41285195313492
2584000,1292000.0,-67.67194366455078,0.5259655126373879,-67.1459781519134,271.27015086269745
2585000,1292500.0,-67.58767700195312,0.4337235275751407,-67.15395347437799,223.69574417158512
2586000,1293000.0,-67.53109741210938,0.3742534093756296,-67.15684400273375,193.0236420124348
2587000,1293500.0,-67.65060424804688,0.4949777518618071,-67.15562649618506,255.28801070613497
2588000,1294000.0,-67.75393676757812,0.6151141199489315,-67.1388226476292,317.24912776051235
2589000,1294500.0,-67.78868103027344,0.648663316225436,-67.140017714048,334.55234501826436
2590000,1295000.0,-67.66033172607422,0.5027731931920668,-67.15755853288215,259.30856052335986
2591000,1295500.0,-67.66574096679688,0.5109618319551714,-67.1547791348417,263.53190448652
2592000,1296000.0,-67.6102066040039,0.4689027657746898,-67.14130383822922,241.83966620513044
2593000,1296500.0,-67.66294860839844,0.5329062870049956,-67.13004232139345,274.84990060781615
2594000,1297000.0,-67.6506118774414,0.5123125572680521,-67.13829932017336,264.2285498950029
2595000,1297500.0,-67.65731811523438,0.5022256417784343,-67.15509247345594,259.0261573029731
2596000,1298000.0,-67.7027587890625,0.5572465408515713,-67.14551224821093,287.4035456175205
2597000,1298500.0,-67.57239532470703,0.4253308988987302,-67.1470644258083,219.3671910773558
2598000,1299000.0,-67.7264404296875,0.5763243721068972,-67.1501160575806,297.24306178049994
2599000,1299500.0,-67.6240234375,0.4894136924411142,-67.13460974505888,252.41831069312107
2600000,1300000.0,-67.6200942993164,0.49017241062234557,-67.12992188869406,252.8096245540867
2601000,1300500.0,-67.57575988769531,0.4471201724454999,-67.12863971524982,230.60515132418251
2602000,1301000.0,-67.6388931274414,0.48989013889106875,-67.14900298855034,252.66404106374762
2603000,1301500.0,-67.65776062011719,0.5159639636171915,-67.14179665649999,266.1117865852286
2604000,1302000.0,-67.76783752441406,0.6278642507353148,-67.13997327367875,323.8250910486716
2605000,1302500.0,-67.58546447753906,0.44258972194010326,-67.14287475559895,228.26854186491894
2606000,1303000.0,-67.56865692138672,0.4426347063294109,-67.1260222150573,228.2917428577231
2607000,1303500.0,-67.47508239746094,0.3187089619668522,-67.15637343549409,164.37623022185966
2608000,1304000.0,-67.60523223876953,0.4638715883488783,-67.14136065042065,239.24480356390282
2609000,1304500.0,-67.75109100341797,0.5926701758380847,-67.15842082757989,305.67351689132437
2610000,1305000.0,-67.60753631591797,0.46544179389841456,-67.14209452201955,240.0546473389676
2611000,1305500.0,-67.63558197021484,0.4882387368175486,-67.1473432333973,251.81231965073619
2612000,1306000.0,-67.66461181640625,0.5127623128217754,-67.15184950358447,264.460514261446
2613000,1306500.0,-67.70819091796875,0.5561974161107421,-67.151993501858,286.86245267533985
2614000,1307000.0,-67.69734191894531,0.5458159976612689,-67.15152592128405,281.508168256888
2615000,1307500.0,-67.73050689697266,0.5839628932903361,-67.14654400368232,301.18267900636914
2616000,1308000.0,-67.82372283935547,0.6718093379659473,-67.15191350138952,346.49005701374364
2617000,1308500.0,-67.65171813964844,0.500153116191791,-67.15156502345664,257.9572386855977
2618000,1309000.0,-67.77679443359375,0.6032803378874231,-67.17351409570632,311.14577731647887
2619000,1309500.0,-67.73773956298828,0.5814604797181893,-67.15627908327009,299.8920428507147
2620000,1310000.0,-67.81884765625,0.6632143699512222,-67.15563328629878,342.05714608328503
2621000,1310500.0,-67.6901626586914,0.526515400097322,-67.16364725859408,271.55375891423273
2622000,1311000.0,-67.63272094726562,0.46630646810857035,-67.16641447915705,240.50060871438149
2623000,1311500.0,-67.80476379394531,0.6577791682567802,-67.14698462568853,339.2539052848014
2624000,1312000.0,-67.5538101196289,0.4014570580154885,-67.15235306161341,207.05410160197437
2625000,1312500.0,-67.70161437988281,0.5298978763890783,-67.17171650349374,273.29829316963134
2626000,1313000.0,-67.68082427978516,0.5216620719004488,-67.1591622078847,269.05062317525574
2627000,1313500.0,-67.72677612304688,0.5746644090494966,-67.15211171399739,296.3869249840974
2628000,1314000.0,-67.70222473144531,0.5488504141618966,-67.15337431728342,283.0731884000871
2629000,1314500.0,-67.56434631347656,0.4278947384843548,-67.13645157499221,220.6895081009429
2630000,1315000.0,-67.72132873535156,0.5730561165742241,-67.14827261877734,295.55743762814734
2631000,1315500.0,-67.7339859008789,0.5855212784175298,-67.14846462246138,301.9864263213522
2632000,1316000.0,-67.59851837158203,0.45786192217375604,-67.14065644940827,236.1452789547983
2633000,1316500.0,-67.62606811523438,0.45470879910469086,-67.17135931612968,234.51903512305935
2634000,1317000.0,-67.57540130615234,0.4103680466873584,-67.16503325946499,211.65000225187205
2635000,1317500.0,-67.76210021972656,0.5883885708385245,-67.17371164888804,303.4652511281546
2636000,1318000.0,-67.6599349975586,0.5007415185377788,-67.15919347902081,258.2607110413491
2637000,1318500.0,-67.54019927978516,0.3852470193259063,-67.15495226045925,198.6936681987206
2638000,1319000.0,-67.79483795166016,0.6403537916266732,-67.15448416003348,330.2666533952515
2639000,1319500.0,-67.72732543945312,0.5592818958096271,-67.16804354364349,288.453293240254
2640000,1320000.0,-67.62273406982422,0.4591028510989577,-67.16363121872526,236.78529615870463
2641000,1320500.0,-67.60579681396484,0.4519575297604943,-67.15383928420435,233.1000499764445
2642000,1321000.0,-67.69841766357422,0.5333910077336284,-67.16502665584059,275.0998984917518
2643000,1321500.0,-67.62004852294922,0.45513612916955004,-67.16491239377967,234.73943339704738
2644000,1322000.0,-67.81585693359375,0.6491378986954683,-67.16671903489828,334.797114029063
2645000,1322500.0,-67.603515625,0.44660153568150773,-67.15691408931849,230.33766102333442
2646000,1323000.0,-67.732177734375,0.5513855890351054,-67.1807921453399,284.38072141089265
2647000,1323500.0,-67.71005249023438,0.5554823950547921,-67.15457009517958,286.4936758923433
2648000,1324000.0,-67.73268127441406,0.5690359052268279,-67.16364536918724,293.48398734955475
2649000,1324500.0,-67.66583251953125,0.4977451377517903,-67.16808738177946,256.7153080665773
2650000,1325000.0,-67.6971206665039,0.5483220327351546,-67.14879863376875,282.80067222573444
2651000,1325500.0,-67.67092895507812,0.5159690248508646,-67.15495993022726,266.11439694957573
2652000,1326000.0,-67.59076690673828,0.44769848448679755,-67.14306842225149,230.90341953933958
2653000,1326500.0,-67.510009765625,0.3548063122873456,-67.15520345333765,182.99367458257916
2654000,1327000.0,-67.62471771240234,0.4788262098854786,-67.14589150251686,246.9577473650773
2655000,1327500.0,-67.69387817382812,0.5455700846480471,-67.14830808918008,281.381337013027
2656000,1328000.0,-67.70101928710938,0.556754543696236,-67.14426474341315,287.14979486895413
2657000,1328500.0,-67.48503112792969,0.34251033633415523,-67.14252079159553,176.65194461800326
2658000,1329000.0,-67.59249877929688,0.4592993729246062,-67.13319940637227,236.88665357475298
2659000,1329500.0,-67.52111053466797,0.3935858950834016,-67.12752463958456,202.99449787368934
2660000,1330000.0,-67.74553680419922,0.61030909791536,-67.13522770628386,314.7709062409882
2661000,1330500.0,-67.56324768066406,0.42531438280299905,-67.13793329786107,219.35867279303295
2662000,1331000.0,-67.55853271484375,0.4132995983395304,-67.14523311650422,213.16196917715362
2663000,1331500.0,-67.65406799316406,0.5141010340642193,-67.13996695909984,265.15096849214234
2664000,1332000.0,-67.60464477539062,0.4539326769342145,-67.15071209845641,234.11874504088783
2665000,1332500.0,-67.60623931884766,0.4687567756081853,-67.13748254323947,241.7643708225614
2666000,1333000.0,-67.7759017944336,0.6349812174102524,-67.14092057702334,327.49571312789163
2667000,1333500.0,-67.63491821289062,0.47642845194301037,-67.15848976094762,245.72108803446068
2668000,1334000.0,-67.51311492919922,0.3616374560856158,-67.1514774731136,186.51688164501465
2669000,1334500.0,-67.6600570678711,0.5174120430041874,-67.14264502486691,266.85864299374435
2670000,1335000.0,-67.73515319824219,0.5792387403692567,-67.15591445787292,298.74616626017473
2671000,1335500.0,-67.7518310546875,0.6056763003987493,-67.14615475428874,312.38151064174906
2672000,1336000.0,-67.68264770507812,0.5198059805507587,-67.16284172452737,268.09333193020694
2673000,1336500.0,-67.62859344482422,0.47966001705713146,-67.14893342776709,247.38778886363582
2674000,1337000.0,-67.78933715820312,0.6335510126175694,-67.15578614558555,326.7580756582214
2675000,1337500.0,-67.80097961425781,0.6550986496427056,-67.1458809646151,337.871410289675
2676000,1338000.0,-67.64462280273438,0.49594509024454003,-67.14867771248983,255.7869217995704
2677000,1338500.0,-67.68916320800781,0.5465182263601948,-67.14264498164762,281.8703472981383
2678000,1339000.0,-67.717041015625,0.5825434347809014,-67.1344975808441,300.4505840025221
2679000,1339500.0,-67.62784576416016,0.46937960838125986,-67.1584661557789,242.0856008961207
2680000,1340000.0,-67.60057067871094,0.45625479184912365,-67.14431588686182,235.31639098563667
2681000,1340500.0,-67.69134521484375,0.5346516320107592,-67.15669358283299,275.75007370214473
2682000,1341000.0,-67.57162475585938,0.4122611253644434,-67.15936363049494,212.62636995277464
2683000,1341500.0,-67.6255874633789,0.47793215871061606,-67.14765530466829,246.49663462810756
2684000,1342000.0,-67.61737823486328,0.47430016564448985,-67.14307806921879,244.62341046548156
2685000,1342500.0,-67.63854217529297,0.48636488190312493,-67.15217729338984,250.84586673107307
2686000,1343000.0,-67.63618469238281,0.48788450378558174,-67.14830018859723,251.6296216492259
2687000,1343500.0,-67.68741607666016,0.5327600535766065,-67.15465602308355,274.77447976134016
2688000,1344000.0,-67.85163879394531,0.7041144563628293,-67.14752433758248,363.1516329737651
2689000,1344500.0,-67.43283081054688,0.28064732682937615,-67.1521834837175,144.74569312818076
2690000,1345000.0,-67.5137710571289,0.36600260126844036,-67.14776845586047,188.76823380372312
2691000,1345500.0,-67.63285827636719,0.4884256513474828,-67.1444326250197,251.90872204122647
2692000,1346000.0,-67.6928482055664,0.5651891478388766,-67.12765905772753,291.499997084244
2693000,1346500.0,-67.5268325805664,0.38074863677038745,-67.14608394379601,196.37359799420318
2694000,1347000.0,-67.70658111572266,0.5512202119094954,-67.15536090381316,284.2954270774515
2695000,1347500.0,-67.53300476074219,0.39429880519367716,-67.13870595554852,203.36218592265718
2696000,1348000.0,-67.61951446533203,0.4838348044074701,-67.13567966092457,249.5409627260575
2697000,1348500.0,-67.51136016845703,0.3706408829967036,-67.14071928546032,191.16045792096693
2698000,1349000.0,-67.675537109375,0.5307962839378358,-67.14474082543717,273.7616527349108
2699000,1349500.0,-67.65414428710938,0.5008572718406732,-67.1532870152687,258.32041156388254
2700000,1350000.0,-67.7518539428711,0.599222197651206,-67.15263174521989,309.05276496557303
2701000,1350500.0,-67.67694854736328,0.5316686701057509,-67.14527987725754,274.21159160294457
2702000,1351000.0,-67.63236236572266,0.4995687156564907,-67.13279365006616,257.6558302898642
2703000,1351500.0,-67.71749877929688,0.5834157434206743,-67.1340830358762,300.9004828849097
2704000,1352000.0,-67.56244659423828,0.4242408732619131,-67.13820572097637,218.8050032307404
2705000,1352500.0,-67.74027252197266,0.5880241038036133,-67.15224841816904,303.2772748727361
2706000,1353000.0,-67.69039916992188,0.5289499496205751,-67.1614492203013,272.8093937431096
2707000,1353500.0,-67.7398452758789,0.5910156464344821,-67.14882962944442,304.82018253738266
2708000,1354000.0,-67.66476440429688,0.5167941825617286,-67.14797022173515,266.53997743219935
2709000,1354500.0,-67.58169555664062,0.41509630473372805,-67.1665992519069,214.08863224326606
2710000,1355000.0,-67.71935272216797,0.5884253270515504,-67.13092739511642,303.484208385262
2711000,1355500.0,-67.72681427001953,0.5599695646761735,-67.16684470534335,288.80796295279134
2712000,1356000.0,-67.6769790649414,0.5219505650595742,-67.15502849988184,269.1994154076711
2713000,1356500.0,-67.5761947631836,0.44350697553727536,-67.13268778764632,228.7416214028463
2714000,1357000.0,-67.6627426147461,0.4959197573989033,-67.16682285734719,255.7738562188573
2715000,1357500.0,-67.604248046875,0.45478843090656385,-67.14945961596844,234.5601057453502
2716000,1358000.0,-67.6202621459961,0.4818766240378467,-67.13838552195824,248.53101840172243
2717000,1358500.0,-67.55572509765625,0.4079707030651065,-67.14775439459115,210.413556609615
2718000,1359000.0,-67.5930404663086,0.4464101362319343,-67.14663033007666,230.2389455062267
2719000,1359500.0,-67.6373519897461,0.49824257159499225,-67.13910941815111,256.9718628224452
2720000,1360000.0,-67.70337677001953,0.5661839067119635,-67.13719286330756,292.0130504748003
2721000,1360500.0,-67.59452056884766,0.4390607446263756,-67.15545982422128,226.4484487499053
2722000,1361000.0,-67.64859771728516,0.49640360323378535,-67.15219411405137,256.0234028706227
2723000,1361500.0,-67.57868194580078,0.4159114113518545,-67.16277053444892,214.50902880911616
2724000,1362000.0,-67.5825424194336,0.446319458896625,-67.13622296053697,230.19217807787226
2725000,1362500.0,-67.6557846069336,0.5121087891255665,-67.14367581780803,264.1234551436837
2726000,1363000.0,-67.55767822265625,0.409691743438519,-67.14798647921774,211.30119443095305
2727000,1363500.0,-67.71507263183594,0.5538979000850441,-67.16117473175089,285.67646225540835
2728000,1364000.0,-67.78108215332031,0.6175649677764534,-67.16351718554385,318.51316854634183
2729000,1364500.0,-67.73908233642578,0.5731066828392145,-67.16597565358657,295.58351750981814
2730000,1365000.0,-67.77346801757812,0.6083394596167856,-67.16512855796134,313.7550524149074
2731000,1365500.0,-67.6533432006836,0.4933859514828625,-67.15995724920073,254.46702925665863
2732000,1366000.0,-67.54452514648438,0.3907389295733384,-67.15378621691103,201.52615680405694
2733000,1366500.0,-67.61114501953125,0.4436075414194235,-67.16753747811183,228.79348891386462
2734000,1367000.0,-67.55484008789062,0.3840960617672996,-67.17074402612333,198.10005431519005
2735000,1367500.0,-67.62327575683594,0.46200454225979437,-67.16127121457615,238.28186234041127
2736000,1368000.0,-67.74928283691406,0.5798268190585718,-67.1694560178555,299.0494716878818
2737000,1368500.0,-67.50562286376953,0.3457816614182292,-67.1598412023513,178.33915191155344
2738000,1369000.0,-67.73338317871094,0.569562965089612,-67.16382021362132,293.7558219186583
2739000,1369500.0,-67.7191162109375,0.5497482516120253,-67.16936795932547,283.5362539332725
2740000,1370000.0,-67.59407806396484,0.43460078066630115,-67.15947728329854,224.14819318709294
2741000,1370500.0,-67.67294311523438,0.5120468140923488,-67.16089630114203,264.09149111523175
2742000,1371000.0,-67.69513702392578,0.5445075950388949,-67.15062942888689,280.83335105265576
2743000,1371500.0,-67.68284606933594,0.5199847099536351,-67.1628613593823,268.18551278791904
2744000,1372000.0,-67.62321472167969,0.4644493939678079,-67.15876532771188,239.54281058841357
2745000,1372500.0,-67.64493560791016,0.48359978795385483,-67.1613358199563,249.4197514540337
2746000,1373000.0,-67.648681640625,0.4898408793569307,-67.15884076126807,252.6386351370547
2747000,1373500.0,-67.57660675048828,0.4181956455293711,-67.15841110495892,215.68713751596565
2748000,1374000.0,-67.68733215332031,0.5221361901616605,-67.16519596315865,269.2951527673211
2749000,1374500.0,-67.74910736083984,0.580535629161811,-67.16857173167803,299.41504513142286
2750000,1375000.0,-67.5157470703125,0.35525274283869374,-67.16049432747381,183.223924057315
2751000,1375500.0,-67.68927764892578,0.5104308351852826,-67.17884681374049,263.2580394318455
2752000,1376000.0,-67.5811767578125,0.42196015646387347,-67.15921660134863,217.62870863534582
2753000,1376500.0,-67.6034927368164,0.4402075641101947,-67.16328517270621,227.03992839431757
2754000,1377000.0,-67.70358276367188,0.5361410029214863,-67.16744176075039,276.51822648390703
2755000,1377500.0,-67.69428253173828,0.5327146505840245,-67.16156788115426,274.7510628711612
2756000,1378000.0,-67.54755401611328,0.3877811453491075,-67.15977287076417,200.00066025827945
2757000,1378500.0,-67.61736297607422,0.4496546414399858,-67.16770833463423,231.91232027342312
2758000,1379000.0,-67.63235473632812,0.46328961751994413,-67.16906511880818,238.9446483051083
2759000,1379500.0,-67.79666900634766,0.6408496485277398,-67.15581935781992,330.5223948329062
2760000,1380000.0,-67.67267608642578,0.5176966147714245,-67.15497947165436,267.005412742663
2761000,1380500.0,-67.56546783447266,0.41111330318402295,-67.15435453128863,212.03437316103654
2762000,1381000.0,-67.7540512084961,0.6045970590753293,-67.14945414942076,311.8248848752547
2763000,1381500.0,-67.64762878417969,0.4903945748526478,-67.15723420932704,252.92420720793444
2764000,1382000.0,-67.67485046386719,0.5148239350810566,-67.16002652878613,265.52380941647016
2765000,1382500.0,-67.6738052368164,0.5304620453894726,-67.14334319142694,273.5892670190034
2766000,1383000.0,-67.69287109375,0.5331066329577271,-67.15976446079227,274.9532303424021
2767000,1383500.0,-67.46768188476562,0.3134878746287469,-67.15419401013688,161.68342030211195
2768000,1384000.0,-67.68659210205078,0.5246009045747306,-67.16199119747606,270.5663453352794
2769000,1384500.0,-67.615478515625,0.4555298865561319,-67.15994862906886,234.94251634278228
2770000,1385000.0,-67.6520004272461,0.5155770943439485,-67.13642333290214,265.912256228969
2771000,1385500.0,-67.62815856933594,0.48012926342829837,-67.14802930590764,247.6298057465678
2772000,1386000.0,-67.66026306152344,0.5083830145860345,-67.1518800469374,262.2018625731913
2773000,1386500.0,-67.74077606201172,0.5947170911568977,-67.14605897085482,306.7292268456772
2774000,1387000.0,-67.57027435302734,0.4174182364084933,-67.15285611661885,215.28618368071304
2775000,1387500.0,-67.64514923095703,0.48340120676385534,-67.16174802419317,249.31733190736125
2776000,1388000.0,-67.58167266845703,0.43971268618264625,-67.14195998227439,226.7846918686535
2777000,1388500.0,-67.4832992553711,0.3421961404389777,-67.14110311493212,176.4898960314755
2778000,1389000.0,-67.49413299560547,0.34771438053659254,-67.14641861506888,179.33596442913594
2779000,1389500.0,-67.73237609863281,0.5803099786234803,-67.15206612000934,299.2986643914229
2780000,1390000.0,-67.4274673461914,0.27801539244581275,-67.1494519537456,143.3882557674879
2781000,1390500.0,-67.6343994140625,0.48607976344359344,-67.1483196506189,250.69881502203037
2782000,1391000.0,-67.5477066040039,0.38722907036543647,-67.16047753363847,199.7159239770792
2783000,1391500.0,-67.7216796875,0.5787365239917156,-67.14294316350828,298.4871448809627
2784000,1392000.0,-67.57386016845703,0.41124881488349213,-67.16261135357354,212.10426420574467
2785000,1392500.0,-67.65254974365234,0.49627504395577293,-67.15627469969657,255.9570975827221
2786000,1393000.0,-67.6370849609375,0.4904438643379163,-67.14664109659958,252.94962858211863
2787000,1393500.0,-67.57568359375,0.42307251404152313,-67.15261107970848,218.20241432640756
2788000,1394000.0,-67.76321411132812,0.6136075554188957,-67.14960655590923,316.47210725721374
2789000,1394500.0,-67.67475891113281,0.5431955809069043,-67.1315633302259,280.15667118873387
2790000,1395000.0,-67.60922241210938,0.4691328739513336,-67.14008953815804,241.9583460012256
2791000,1395500.0,-67.63294219970703,0.48071396580913855,-67.15222823389789,247.9313698211113
2792000,1396000.0,-67.6768569946289,0.5186431361883662,-67.15821385844055,267.49358734993154
2793000,1396500.0,-67.59379577636719,0.41936804753905943,-67.17442772882812,216.29181151530284
2794000,1397000.0,-67.61100769042969,0.46500386465035826,-67.14600382577933,239.8287824669692
2795000,1397500.0,-67.63326263427734,0.47362367179208126,-67.15963896248526,244.27450433952595
2796000,1398000.0,-67.53038024902344,0.38957342510750576,-67.14080682391594,200.9250402580458
2797000,1398500.0,-67.60250854492188,0.4397866765190937,-67.16272186840278,226.82285286827843
2798000,1399000.0,-67.58161163330078,0.42325518590378697,-67.158356447397,218.2966285333167
2799000,1399500.0,-67.5203857421875,0.374224704191778,-67.14616103799572,193.00883712624574
2800000,1400000.0,-67.6032485961914,0.46129715315259234,-67.14195144303882,237.917021784864
2801000,1400500.0,-67.61372375488281,0.4603320758662363,-67.15339167901658,237.41927686666355
2802000,1401000.0,-67.66862487792969,0.49865744401402284,-67.16996743391566,257.1858359841737
2803000,1401500.0,-67.6941146850586,0.544325494072639,-67.14978919098596,280.7394312890941
2804000,1402000.0,-67.72711181640625,0.5810344253488073,-67.14607739105745,299.672302525007
2805000,1402500.0,-67.71226501464844,0.5596255194015324,-67.1526394952469,288.6305193537091
2806000,1403000.0,-67.67901611328125,0.5298567712428184,-67.14915934203843,273.27709292178383
2807000,1403500.0,-67.69058227539062,0.530162706468077,-67.16041956892255,273.43488101380905
2808000,1404000.0,-67.62676239013672,0.4850298267593403,-67.14173256337737,250.15730331472196
2809000,1404500.0,-67.6362075805664,0.4756130446327048,-67.1605945359337,245.30053638465387
2810000,1405000.0,-67.6312255859375,0.4756223643565225,-67.15560322158098,245.30534309312674
2811000,1405500.0,-67.64728546142578,0.500171321688886,-67.1471141397369,257.96662828971586
2812000,1406000.0,-67.71047973632812,0.5533800477305642,-67.15709968859755,285.4093765188931
2813000,1406500.0,-67.66618347167969,0.5153560088206725,-67.15082746285901,265.7982299253204
2814000,1407000.0,-67.69110870361328,0.5455538128585352,-67.14555489075475,281.37294473123353
2815000,1407500.0,-67.67594146728516,0.530603188664274,-67.14533827862088,273.66206258549715
2816000,1408000.0,-67.42488861083984,0.27651851086410306,-67.14837009997574,142.61622930807644
2817000,1408500.0,-67.71843719482422,0.570429898347426,-67.14800729647679,294.20294841266707
2818000,1409000.0,-67.7461929321289,0.5695998508676453,-67.17659308126126,293.7748459997651
2819000,1409500.0,-67.59351348876953,0.4296514937383525,-67.16386199503118,221.59556610537587
2820000,1410000.0,-67.71283721923828,0.5327956090444301,-67.18004161019385,274.7928177262613
2821000,1410500.0,-67.66141510009766,0.47539031263964643,-67.18602478745801,245.18566090345374
2822000,1411000.0,-67.5504379272461,0.3840658509808855,-67.1663720762652,198.08447290463877
2823000,1411500.0,-67.70976257324219,0.560863041794923,-67.14889953144727,289.26877961656874
2824000,1412000.0,-67.67900848388672,0.5147570272986023,-67.16425145658812,265.48930129035887
2825000,1412500.0,-67.7500228881836,0.5820909110111014,-67.16793197717249,300.2171919105443
2826000,1413000.0,-67.5815658569336,0.4170459257766212,-67.16451993115697,215.0941620388961
2827000,1413500.0,-67.67950439453125,0.5058922792385169,-67.17361211529273,260.91724953821847
2828000,1414000.0,-67.7293701171875,0.5635647180908047,-67.1658053990967,290.66218682437415
2829000,1414500.0,-67.75029754638672,0.5985184823313536,-67.15177906405536,308.6898191898633
2830000,1415000.0,-67.66401672363281,0.5117412901650333,-67.15227543346778,263.933915152809
2831000,1415500.0,-67.6065673828125,0.43202937172048156,-67.17453801109203,222.8219722165118
2832000,1416000.0,-67.51641845703125,0.3511961322809427,-67.1652223247503,181.13170064807602
2833000,1416500.0,-67.69511413574219,0.5205214916325249,-67.17459264410967,268.4623614472211
2834000,1417000.0,-67.67549133300781,0.5106396014587501,-67.16485173154906,263.36571200188644
2835000,1417500.0,-67.7227554321289,0.5725621370778979,-67.15019329505101,295.30266447425834
2836000,1418000.0,-67.70682525634766,0.5411278904887448,-67.16569736585892,279.09024634110665
2837000,1418500.0,-67.73101043701172,0.5590533032553548,-67.17195713375637,288.33539513630313
2838000,1419000.0,-67.74967193603516,0.5941043211744288,-67.15556761486073,306.41318672214334
2839000,1419500.0,-67.68446350097656,0.5357636638226811,-67.14869983715388,276.3236113774032
2840000,1420000.0,-67.615966796875,0.45588324803208097,-67.16008354884292,235.12476483357992
2841000,1420500.0,-67.67335510253906,0.5155836277812591,-67.15777147475781,265.91562589196457
2842000,1421000.0,-67.69859313964844,0.5323061213336007,-67.16628701831483,274.54036124010065
2843000,1421500.0,-67.57316589355469,0.40879361653515717,-67.16437227701952,210.83797961037075
2844000,1422000.0,-67.64497375488281,0.48090631474488577,-67.16406744013793,248.030575041919
2845000,1422500.0,-67.54383087158203,0.3739434371998141,-67.16988743438222,192.8637718367743
2846000,1423000.0,-67.74608612060547,0.5750950356368393,-67.17099108496863,296.6090234611025
2847000,1423500.0,-67.6354751586914,0.46245562013606933,-67.17301953855534,238.51450870335313
2848000,1424000.0,-67.92671966552734,0.7519985494714216,-67.17472111605592,387.8481669658076
2849000,1424500.0,-67.66415405273438,0.5127062182955457,-67.15144783443883,264.43158314290827
2850000,1425000.0,-67.60674285888672,0.43963815976026177,-67.16710469912645,226.7462543792027
2851000,1425500.0,-67.54405212402344,0.386405167632997,-67.15764695639044,199.29099075778058
2852000,1426000.0,-67.76753234863281,0.5953114096163223,-67.17222093901648,307.0357504756015
2853000,1426500.0,-67.63619232177734,0.4659961904485674,-67.17019613132878,240.34058098325465
2854000,1427000.0,-67.72321319580078,0.5507337204163358,-67.17247947538445,284.04451591013736
2855000,1427500.0,-67.55780792236328,0.4002307454275011,-67.15757717693577,206.42162286951896
2856000,1428000.0,-67.73374938964844,0.541763882585144,-67.1919855070633,279.4182634216802
2857000,1428500.0,-67.6514663696289,0.4903051778298519,-67.16116119179905,252.8781001091269
2858000,1429000.0,-67.65503692626953,0.49501963901283136,-67.1600172872567,255.3096142780509
2859000,1429500.0,-67.7641830444336,0.5953368277483069,-67.16884621668528,307.04886004330587
2860000,1430000.0,-67.6314926147461,0.4612381736032546,-67.17025444114284,237.88660269680167
2861000,1430500.0,-67.63552856445312,0.4681183456326349,-67.16741021882049,241.43509638988158
2862000,1431000.0,-67.71154022216797,0.5453656151442131,-67.16617460702376,281.2758805300083
2863000,1431500.0,-67.6324234008789,0.4752785723612054,-67.1571448285177,245.12803012451133
2864000,1432000.0,-67.6743392944336,0.4926501777649884,-67.18168911666861,254.08754915263492
2865000,1432500.0,-67.7245864868164,0.5483018637554771,-67.17628462306092,282.790269942641
2866000,1433000.0,-67.83954620361328,0.671661880820113,-67.16788432279317,346.4140050269971
2867000,1433500.0,-67.49845123291016,0.34151697879292225,-67.15693425411723,176.13961397350977
2868000,1434000.0,-67.64874267578125,0.48757719980331193,-67.16116547597794,251.47112761182592
2869000,1434500.0,-67.6197738647461,0.44970638365827464,-67.17006748108781,231.93900666069368
2870000,1435000.0,-67.70896911621094,0.5402784524076105,-67.16869066380333,278.65214309881924
2871000,1435500.0,-67.69855499267578,0.5330285502494241,-67.16552644242635,274.91295867524485
2872000,1436000.0,-67.71406555175781,0.5356414228019771,-67.17842412895584,276.26056477200564
2873000,1436500.0,-67.64337158203125,0.48925136460427826,-67.15412021742698,252.33458905029528
2874000,1437000.0,-67.61769104003906,0.4545270855868289,-67.16316395445223,234.42531518853926
2875000,1437500.0,-67.68075561523438,0.5202793412808702,-67.1604762739535,268.3374708206561
2876000,1438000.0,-67.7042236328125,0.544488086113936,-67.15973554669857,280.8232891970975
2877000,1438500.0,-67.67542266845703,0.49854693416046547,-67.17687573429657,257.12883980490716
2878000,1439000.0,-67.6510238647461,0.4848979771795473,-67.16612588756655,250.0893010321725
2879000,1439500.0,-67.64764404296875,0.47135340158603267,-67.17629064138272,243.10359764222986
2880000,1440000.0,-67.65973663330078,0.5010480489504943,-67.15868858435029,258.4188061051953
2881000,1440500.0,-67.71359252929688,0.5421720846533479,-67.17142044464353,279.62879630637235
2882000,1441000.0,-67.7745361328125,0.5977545610456254,-67.17678157176688,308.2958217937458
2883000,1441500.0,-67.62694549560547,0.4443172679295321,-67.18262822767593,229.15953500023824
2884000,1442000.0,-67.7459945678711,0.5847668334447402,-67.16122773442635,301.5973163955702
2885000,1442500.0,-67.74835968017578,0.579268924092073,-67.1690907560837,298.7617337124986
2886000,1443000.0,-67.6198501586914,0.44344863788970434,-67.1764015208017,228.71153337981565
2887000,1443500.0,-67.66734313964844,0.49450313268079277,-67.17284000696765,255.04322276140738
2888000,1444000.0,-67.80810546875,0.6323609143559986,-67.175744554394,326.14427470131284
2889000,1444500.0,-67.75534057617188,0.5853652864592893,-67.16997528971258,301.9059724493235
2890000,1445000.0,-67.72750854492188,0.5336617917685085,-67.19384675315337,275.2395571275905
2891000,1445500.0,-67.70496368408203,0.5294547037699199,-67.17550898031212,273.06972399471624
2892000,1446000.0,-67.8326644897461,0.6508127862208115,-67.18185170352528,335.66094821735345
2893000,1446500.0,-67.64871215820312,0.47139820625306916,-67.17731395195005,243.12670594209803
2894000,1447000.0,-67.76268768310547,0.5907775526781461,-67.17191013042732,304.69738412636735
2895000,1447500.0,-67.619384765625,0.44261256430337886,-67.17677220132163,228.28032296307643
2896000,1448000.0,-67.62353515625,0.44821869596888575,-67.17531646028111,231.1717220113381
2897000,1448500.0,-67.67776489257812,0.5081292243769677,-67.16963566820115,262.0709686140878
2898000,1449000.0,-67.61336517333984,0.4473220422091917,-67.16604313113065,230.70926697423093
2899000,1449500.0,-67.85954284667969,0.6893559102248391,-67.17018693645485,355.5398163409761
2900000,1450000.0,-67.7721939086914,0.5930813343537032,-67.17911257433771,305.885574583094
2901000,1450500.0,-67.73953247070312,0.5683270993349643,-67.17120537136816,293.11841607805815
2902000,1451000.0,-67.72515106201172,0.5482557367983467,-67.17689532521337,282.76647966301437
2903000,1451500.0,-67.63468933105469,0.45230823220006106,-67.18238109885462,233.28092705184844
2904000,1452000.0,-67.67504119873047,0.4948491006466079,-67.18019209808386,255.22165800102934
2905000,1452500.0,-67.46932220458984,0.30616153453449224,-67.16316067005535,157.9048125134107
2906000,1453000.0,-67.58990478515625,0.42799411771339435,-67.16191066744285,220.74076358786448
2907000,1453500.0,-67.69607543945312,0.529203949828193,-67.16687148962494,272.94039601033836
2908000,1454000.0,-67.68931579589844,0.5105772628854647,-67.17873853301298,263.3335604752684
2909000,1454500.0,-67.59622192382812,0.42877090357557107,-67.16745102025256,221.14139597336836
2910000,1455000.0,-67.59909057617188,0.4279985013325216,-67.17109207483935,220.74302446808076
2911000,1455500.0,-67.7432632446289,0.5742452038494184,-67.16901804077949,296.1707171622244
2912000,1456000.0,-67.68502044677734,0.5185999257235472,-67.1664205210538,267.4713012702768
2913000,1456500.0,-67.66669464111328,0.49534591189346366,-67.17134872921982,255.47789164876235
2914000,1457000.0,-67.82299041748047,0.660486864835926,-67.16250355264454,340.65041749304896
2915000,1457500.0,-67.66775512695312,0.49932887208884663,-67.16842625486427,257.53212940222994
2916000,1458000.0,-67.7501449584961,0.5895106246169175,-67.16063433387917,304.0439576981243
2917000,1458500.0,-67.50581359863281,0.33521994733197474,-67.17059365130083,172.89187884001623
2918000,1459000.0,-67.52079772949219,0.3588804303493521,-67.16191729914283,185.09492760156726
2919000,1459500.0,-67.62408447265625,0.46160663428113585,-67.16247783837511,238.0766386996845
2920000,1460000.0,-67.7831802368164,0.6094769448564442,-67.17370329195997,314.3417178618851
2921000,1460500.0,-67.68738555908203,0.5432372833035027,-67.14414827577853,280.1781794723471
2922000,1461000.0,-67.66661834716797,0.5080597402951889,-67.15855860687277,262.03513174476115
2923000,1461500.0,-67.64090728759766,0.48625346535909286,-67.15465382223856,250.78840292026803
2924000,1462000.0,-67.6901626586914,0.5352379238388746,-67.15492473485253,276.0524575445091
2925000,1462500.0,-67.63227081298828,0.4692379569870587,-67.16303285600122,242.01254326372543
2926000,1463000.0,-67.70703125,0.5399604888864127,-67.16707076111359,278.4881513345462
2927000,1463500.0,-67.58668518066406,0.4314518049661911,-67.15523337569788,222.5240883879999
2928000,1464000.0,-67.7402114868164,0.5824634904091697,-67.15774799640724,300.40935217028357
2929000,1464500.0,-67.63729095458984,0.46632960376778587,-67.17096135082205,240.51254108183699
2930000,1465000.0,-67.6351089477539,0.48023740525681885,-67.15487154249709,247.68558060144414
2931000,1465500.0,-67.68289947509766,0.5218559937426795,-67.16104348135498,269.1506396328629
2932000,1466000.0,-67.5364761352539,0.37342393917776523,-67.16305219607614,192.59583733645425
2933000,1466500.0,-67.52978515625,0.3692999487906783,-67.16048520745932,190.4688623398395
2934000,1467000.0,-67.69759368896484,0.5303606955557139,-67.16723299340913,273.53699517981795
2935000,1467500.0,-67.70115661621094,0.5347400389046566,-67.16641657730628,275.7956701355014
2936000,1468000.0,-67.70541381835938,0.54418310253391,-67.16123071582547,280.665991922321
2937000,1468500.0,-67.58368682861328,0.43099507144036237,-67.15269175717292,222.28852508683528
2938000,1469000.0,-67.68708801269531,0.5329330642571649,-67.15415494843815,274.863711150639
2939000,1469500.0,-67.73149108886719,0.5799289152168229,-67.15156217365036,299.1021284488021
2940000,1470000.0,-67.73519897460938,0.5767012084066604,-67.15849776620271,297.43741756511156
2941000,1470500.0,-67.55416107177734,0.40041228178124005,-67.1537487899961,206.51525143048465
2942000,1471000.0,-67.59344482421875,0.4470198191210119,-67.14642500509774,230.55339344116672
2943000,1471500.0,-67.6688461303711,0.5175361065442815,-67.15131002382681,266.92262957542937
2944000,1472000.0,-67.68746948242188,0.5242322839808958,-67.16323719844098,270.3762268546983
2945000,1472500.0,-67.53742980957031,0.3819696269480892,-67.15546018262222,197.00333165876643
2946000,1473000.0,-67.64012145996094,0.47351337247309505,-67.16660808748784,244.21761674484048
2947000,1473500.0,-67.68861389160156,0.5364365716700971,-67.15217731993147,276.67066799784567
2948000,1474000.0,-67.58888244628906,0.43515885946089766,-67.15372358682816,224.43602597301907
2949000,1474500.0,-67.55008697509766,0.41609823483000535,-67.13398874026765,214.60538423905405
2950000,1475000.0,-67.5043716430664,0.3612502966751885,-67.14312134639121,186.31720164860593
2951000,1475500.0,-67.6446533203125,0.4847613643964535,-67.15989195591605,250.01884209638828
2952000,1476000.0,-67.64334869384766,0.5046637801468769,-67.13868491370079,260.2836431022132
2953000,1476500.0,-67.60836791992188,0.47126204652476034,-67.13710587339712,243.05648067228034
2954000,1477000.0,-67.66704559326172,0.5255848129212121,-67.14146078034051,271.0738024958197
2955000,1477500.0,-67.54043579101562,0.39836561082289484,-67.14207018019273,205.45966750664024
2956000,1478000.0,-67.62738037109375,0.48788462937187543,-67.13949574172187,251.6296864211777
2957000,1478500.0,-67.73535919189453,0.5833938454469705,-67.15196534644755,300.88918886184643
2958000,1479000.0,-67.6434326171875,0.49483672078504937,-67.14859589640245,255.21527300651553
2959000,1479500.0,-67.588623046875,0.441777492645039,-67.14684555422996,227.8496292972444
2960000,1480000.0,-67.71404266357422,0.5697804618300166,-67.1442622017442,293.86799728408454
2961000,1480500.0,-67.76791381835938,0.6157220232503852,-67.15219179510899,317.56265786150385
2962000,1481000.0,-67.59258270263672,0.4326200329371873,-67.15996266969952,223.12660959960004
2963000,1481500.0,-67.60791778564453,0.47765860301238705,-67.13025918263214,246.35554648878102
2964000,1482000.0,-67.72259521484375,0.5629930602492453,-67.15960215459451,290.36735055622404
2965000,1482500.0,-67.67667388916016,0.5340038511732875,-67.14267003798687,275.41597650131166
2966000,1483000.0,-67.70489501953125,0.5699945227822127,-67.13490049674904,293.9784006192859
2967000,1483500.0,-67.5545883178711,0.41481057764583334,-67.13977774022526,213.94126663016704
2968000,1484000.0,-67.60417175292969,0.44502447334890205,-67.15914727958078,229.52428081758552
2969000,1484500.0,-67.73982238769531,0.5896735656048592,-67.15014882209046,304.12799557764043
2970000,1485000.0,-67.64142608642578,0.5056429399061755,-67.1357831465196,260.7886511478771
2971000,1485500.0,-67.66996002197266,0.5334440543889832,-67.13651596758368,275.12725765096496
2972000,1486000.0,-67.7833023071289,0.6123635446560044,-67.1709387624729,315.83050057537605
2973000,1486500.0,-67.7190933227539,0.5679389392771735,-67.15115438347674,292.9182199912315
2974000,1487000.0,-67.64476013183594,0.4960806777761921,-67.14867945405975,255.85685195522245
2975000,1487500.0,-67.72760009765625,0.5766268181302374,-67.15097327952601,297.3990502938302
2976000,1488000.0,-67.51535034179688,0.3669171887810279,-67.14843315301584,189.23993829110043
2977000,1488500.0,-67.70760345458984,0.5668808551213793,-67.14072259946846,292.3725061722237
2978000,1489000.0,-67.56379699707031,0.4088350093801099,-67.1549619876902,210.85932824069948
2979000,1489500.0,-67.78498077392578,0.6304782558838012,-67.15450251804198,325.1732812891877
2980000,1490000.0,-67.6485824584961,0.4957270701455203,-67.15285538835057,255.6744765085177
2981000,1490500.0,-67.72052764892578,0.5758642039107763,-67.144663445015,297.00572702568303
2982000,1491000.0,-67.62322998046875,0.4957800533245892,-67.12744992714416,255.7018029294215
2983000,1491500.0,-67.67865753173828,0.5483893453404914,-67.13026818639779,282.8353891418933
2984000,1492000.0,-67.62191772460938,0.4821108763940557,-67.13980684821531,248.6518355855148
2985000,1492500.0,-67.70358276367188,0.55463225550604,-67.14895050816584,286.0552108635471
2986000,1493000.0,-67.68171691894531,0.5506083972808311,-67.13110852166449,283.9798796838865
2987000,1493500.0,-67.61084747314453,0.49177991730494175,-67.11906755583959,253.638706632328
2988000,1494000.0,-67.65420532226562,0.5062320048325031,-67.14797331743313,261.0924652337694
2989000,1494500.0,-67.54957580566406,0.4169779835390732,-67.13259782212499,215.05912038580905
2990000,1495000.0,-67.72390747070312,0.5621716272703163,-67.16173584343281,289.94369112844083
2991000,1495500.0,-67.65374755859375,0.5008541557898146,-67.15289340280394,258.31880444028565
2992000,1496000.0,-67.70068359375,0.5603095828916966,-67.14037401085831,288.9833295698125
2993000,1496500.0,-67.55358123779297,0.4140889199113531,-67.13949231788162,213.56906693684104
2994000,1497000.0,-67.67400360107422,0.5262245016326736,-67.14777909944155,271.4037261297728
2995000,1497500.0,-67.77562713623047,0.6248638878275466,-67.15076324840292,322.2776342685647
2996000,1498000.0,-67.58834075927734,0.4473282696936909,-67.14101248958366,230.71247884006434
2997000,1498500.0,-67.66609191894531,0.5218477768146508,-67.14424414213066,269.14640169852606
2998000,1499000.0,-67.54136657714844,0.4114207071697893,-67.12994586997864,212.19291877589347
2999000,1499500.0,-67.58450317382812,0.444085522287076,-67.14041765154104,229.04001067044786
3000000,1500000.0,-67.64122009277344,0.506332721416304,-67.13488737135714,261.14441047015015
3001000,1500500.0,-67.69758605957031,0.5515305491329058,-67.1460555104374,284.455485528795
3002000,1501000.0,-67.60472869873047,0.47866311621735885,-67.1260655825131,246.87363073976144
3003000,1501500.0,-67.67305755615234,0.5423292915243174,-67.13072826462803,279.7098767775818
3004000,1502000.0,-67.7120361328125,0.5747927716821756,-67.13724336113033,296.4531288508821
3005000,1502500.0,-67.57347869873047,0.43773544681121135,-67.13574325191925,225.7649177395642
3006000,1503000.0,-67.66459655761719,0.541422461724309,-67.12317409589288,279.2421733811717
3007000,1503500.0,-67.6605224609375,0.5327008690779158,-67.12782159185959,274.74395496930947
3008000,1504000.0,-67.54039001464844,0.4249788815950459,-67.11541113305339,219.18563585218922
3009000,1504500.0,-67.53838348388672,0.4205936153262327,-67.1177898685605,216.92390611187034
3010000,1505000.0,-67.73822784423828,0.6053074845105725,-67.1329203597277,312.19129143683466
3011000,1505500.0,-67.67414855957031,0.5561793773535297,-67.11796918221678,286.8531490684059
3012000,1506000.0,-67.5127944946289,0.388416065208614,-67.12437842942029,200.32812432566743
3013000,1506500.0,-67.48575592041016,0.36300856357791,-67.12274735683225,187.22403929574838
3014000,1507000.0,-67.56513977050781,0.4439815372431638,-67.12115823326465,228.98637970440205
3015000,1507500.0,-67.55830383300781,0.43058425022572816,-67.12771958278208,222.0766413602529
3016000,1508000.0,-67.79881286621094,0.6573047030139014,-67.14150816319703,339.0091967346734
3017000,1508500.0,-67.64283752441406,0.5207651216658657,-67.1220724027482,268.58801522928684
3018000,1509000.0,-67.64043426513672,0.4976037029282349,-67.14283056220849,256.6423621319081
3019000,1509500.0,-67.70768737792969,0.584833104783393,-67.12285427314629,301.631496271631
3020000,1510000.0,-67.4771499633789,0.34699635688162983,-67.13015360649727,178.96563903607353
3021000,1510500.0,-67.55950164794922,0.42469491482066635,-67.13480673312856,219.03917813229108
3022000,1511000.0,-67.672607421875,0.5312043579485661,-67.14140306392643,273.97211957312396
3023000,1511500.0,-67.76021575927734,0.624373582605746,-67.1358421766716,322.02475614577736
3024000,1512000.0,-67.67183685302734,0.5455682455948985,-67.12626860743245,281.38038850934555
3025000,1512500.0,-67.75056457519531,0.6257029739105666,-67.12486160128475,322.71039840016385
3026000,1513000.0,-67.81649780273438,0.6941822099212962,-67.12231559281308,358.0290119542047
3027000,1513500.0,-67.75263977050781,0.6250243485527364,-67.12761542195507,322.3603929363555
3028000,1514000.0,-67.51171875,0.38099492309615185,-67.13072382690385,196.50062177644799
3029000,1514500.0,-67.72216033935547,0.5830876525605654,-67.1390726867949,300.73126787940083
3030000,1515000.0,-67.63473510742188,0.49130956993983277,-67.14342553748205,253.39612190457427
3031000,1515500.0,-67.70768737792969,0.5882790878351531,-67.11940829009454,303.40878455358296
3032000,1516000.0,-67.72754669189453,0.6004962045458346,-67.1270504873487,309.7098423484095
3033000,1516500.0,-67.66121673583984,0.527667675748246,-67.1335490600916,272.14805261249097
3034000,1517000.0,-67.5908432006836,0.48186493495570626,-67.10897826572788,248.52498968120844
3035000,1517500.0,-67.54634857177734,0.41907019966578096,-67.12727837211156,216.13819452792046
3036000,1518000.0,-67.84266662597656,0.7085459440451795,-67.13412068193138,365.4372017102197
3037000,1518500.0,-67.54519653320312,0.411041176511175,-67.13415535669195,211.997173358094
3038000,1519000.0,-67.68645477294922,0.5514953753525401,-67.13495939759667,284.43734442167494
3039000,1519500.0,-67.60706329345703,0.4764098435241325,-67.1306534499329,245.71149062079948
3040000,1520000.0,-67.55718994140625,0.4467616266067982,-67.11042831479945,230.42022896441011
3041000,1520500.0,-67.61254119873047,0.4771831795074937,-67.13535801922298,246.11034370875578
3042000,1521000.0,-67.5567855834961,0.4398288540317406,-67.11695672946435,226.84460619609905
3043000,1521500.0,-67.82288360595703,0.6896655451400421,-67.13321806081699,355.6995125722714
3044000,1522000.0,-67.74130249023438,0.6133814750941567,-67.12792101514022,316.3555048520646
3045000,1522500.0,-67.65972900390625,0.5405371459381809,-67.11919185796808,278.7855659780364
3046000,1523000.0,-67.4334487915039,0.3178709204080799,-67.11557787109582,163.94400481046827
3047000,1523500.0,-67.7270278930664,0.6064659662301654,-67.12056192683625,312.7887859555718
3048000,1524000.0,-67.7170639038086,0.593525453576943,-67.12353845023165,306.1146319752511
3049000,1524500.0,-67.71247863769531,0.5805911579342765,-67.13188747976103,299.443684458759
3050000,1525000.0,-67.49471282958984,0.37088638494644194,-67.1238264446434,191.2870771561496
3051000,1525500.0,-67.7279281616211,0.6031306820210317,-67.12479747960006,311.06859132523414
3052000,1526000.0,-67.67626190185547,0.5635022522246704,-67.1127596496308,290.6299696456374
3053000,1526500.0,-67.61686706542969,0.4804819685957809,-67.1363850968339,247.81171574198416
3054000,1527000.0,-67.77117156982422,0.6505016649146672,-67.12066990490955,335.50048537021513
3055000,1527500.0,-67.69204711914062,0.575639128700369,-67.11640799044025,296.8896430148199
3056000,1528000.0,-67.4901351928711,0.3733491936046542,-67.11678599926644,192.55728681858383
3057000,1528500.0,-67.66289520263672,0.5404667640773313,-67.12242843855938,278.74926607328615
3058000,1529000.0,-67.61017608642578,0.5103582867794403,-67.09981779964635,263.2206221173546
3059000,1529500.0,-67.62508392333984,0.5040101026963817,-67.12107382064346,259.94650468467285
3060000,1530000.0,-67.60601043701172,0.48265451168838197,-67.12335592532334,248.93221904177355
3061000,1530500.0,-67.6821517944336,0.5681932835819011,-67.11395851085169,293.0493997287937
3062000,1531000.0,-67.62879943847656,0.5210981185734561,-67.1077013199031,268.7597605608503
3063000,1531500.0,-67.58271789550781,0.4697906541316591,-67.11292724137616,242.29760042849148
3064000,1532000.0,-67.70439910888672,0.5741205534205438,-67.13027855546618,296.10642788881495
3065000,1532500.0,-67.67057800292969,0.5560882560050884,-67.1144897469246,286.8061526373765
3066000,1533000.0,-67.73512268066406,0.625501191274686,-67.10962148938938,322.6063276868535
3067000,1533500.0,-67.49424743652344,0.39648862352628556,-67.09775881299716,204.4915990403916
3068000,1534000.0,-67.68312072753906,0.5773230027942634,-67.1057977247448,297.758112084577
3069000,1534500.0,-67.53030395507812,0.4237907808239074,-67.10651317425422,218.57286511402677
3070000,1535000.0,-67.73841857910156,0.618955264231539,-67.11946331487002,319.2302230300546
3071000,1535500.0,-67.62210845947266,0.5089743051920155,-67.11313415428064,262.50682456791196
3072000,1536000.0,-67.60469818115234,0.49144356227622293,-67.11325461887613,253.46522932784382
3073000,1536500.0,-67.78031921386719,0.6680604620542173,-67.11225875181297,344.5565497595491
3074000,1537000.0,-67.62709045410156,0.5241322610011008,-67.10295819310046,270.32463934911704
3075000,1537500.0,-67.52391815185547,0.40729627038089783,-67.11662188147457,210.06571354463034
3076000,1538000.0,-67.65278625488281,0.5403924056537381,-67.11239384922908,278.71091523031
3077000,1538500.0,-67.62845611572266,0.5083753039910771,-67.12008081173158,262.1978857834455
3078000,1539000.0,-67.60277557373047,0.5022505236405973,-67.10052505008987,259.038990286012
3079000,1539500.0,-67.52828216552734,0.403834386001712,-67.12444777952564,208.28022404912724
3080000,1540000.0,-67.6910400390625,0.5783173989025904,-67.11272264015992,298.2709783768373
3081000,1540500.0,-67.66504669189453,0.5520148159119078,-67.11303187598263,284.70524928524156
3082000,1541000.0,-67.75975799560547,0.6592993433676518,-67.10045865223782,340.0379455341251
3083000,1541500.0,-67.7054443359375,0.5946951304471536,-67.11074920549035,306.71790046609107
3084000,1542000.0,-67.68561553955078,0.5799950886915651,-67.10562045085922,299.1362578509114
3085000,1542500.0,-67.6411361694336,0.5417839679006955,-67.0993522015329,279.4286225544539
3086000,1543000.0,-67.60755920410156,0.48520924549806776,-67.1223499586035,250.2498397019047
3087000,1543500.0,-67.70832824707031,0.6042222971636056,-67.10410594990671,311.6315989698327
3088000,1544000.0,-67.63939666748047,0.5213134694846269,-67.11808319799584,268.870829200824
3089000,1544500.0,-67.55799865722656,0.44263039276656163,-67.11536826446,228.2895181094901
3090000,1545000.0,-67.61669921875,0.518630691079922,-67.09806852767008,267.48716870391
3091000,1545500.0,-67.6500244140625,0.5444166906497926,-67.1056077234127,280.78646651982353
3092000,1546000.0,-67.56687927246094,0.47073671458338906,-67.09614255787754,242.78553728993916
3093000,1546500.0,-67.4858169555664,0.36793318438470707,-67.1178837711817,189.76394466426333
3094000,1547000.0,-67.68025207519531,0.5647120120110549,-67.11554006318426,291.2539111624767
3095000,1547500.0,-67.67242431640625,0.5511344155271781,-67.12128990087908,284.25117703250464
3096000,1548000.0,-67.70355224609375,0.5953506471342295,-67.10820159895952,307.0559874819192
3097000,1548500.0,-67.77373504638672,0.6597525897578208,-67.1139824566289,340.27171032228125
3098000,1549000.0,-67.68104553222656,0.5632410380602533,-67.11780449416631,290.4952467330388
3099000,1549500.0,-67.60487365722656,0.4987042065270147,-67.10616945069955,257.2099540558899
3100000,1550000.0,-67.70152282714844,0.5919335759953971,-67.10958925115304,305.29361070802855
3101000,1550500.0,-67.81550598144531,0.7028418799129923,-67.11266410153232,362.4952933521793
3102000,1551000.0,-67.59105682373047,0.4799125479604641,-67.11114427577,247.51803332757612
3103000,1551500.0,-67.61198425292969,0.49594030585422033,-67.11604394707547,255.78445421899212
3104000,1552000.0,-67.69223022460938,0.5746157787472148,-67.11761444586216,296.3618435878471
3105000,1552500.0,-67.76075744628906,0.6460764397816091,-67.11468100650745,333.21814658449006
3106000,1553000.0,-67.6070785522461,0.5040750946466178,-67.10300345759947,259.9800247077957
3107000,1553500.0,-67.71045684814453,0.596370279168145,-67.11408656897639,307.5818693677443
3108000,1554000.0,-67.71648406982422,0.6065003762920854,-67.10998369353213,312.8065331699119
3109000,1554500.0,-67.69163513183594,0.5884451466583741,-67.10318998517756,303.4944304770226
3110000,1555000.0,-67.784912109375,0.6763961923661262,-67.10851591700887,348.85575715039806
3111000,1555500.0,-67.57583618164062,0.4696776715513873,-67.10615851008924,242.23932892426012
3112000,1556000.0,-67.62255096435547,0.5051531859349381,-67.11739777842052,260.5360573361707
3113000,1556500.0,-67.81716918945312,0.7047467841769837,-67.11242240527613,363.4777601768211
3114000,1557000.0,-67.66632080078125,0.554931659512901,-67.11138914126835,286.2096304369956
3115000,1557500.0,-67.65017700195312,0.5317014823559015,-67.11847551959723,274.2285147354212
3116000,1558000.0,-67.62177276611328,0.5028516820123731,-67.1189210841009,259.3490416454372
3117000,1558500.0,-67.69847869873047,0.5858217409895352,-67.11265695774094,302.14139185669274
3118000,1559000.0,-67.69863891601562,0.5742470748691089,-67.12439184114652,296.1716821528588
3119000,1559500.0,-67.6396713256836,0.5069403778777203,-67.13273094780587,261.45781326177905
3120000,1560000.0,-67.4501953125,0.33932319039633346,-67.11087212210367,175.00815326932903
3121000,1560500.0,-67.64497375488281,0.5166556823055828,-67.12831807257723,266.468545019852
3122000,1561000.0,-67.59258270263672,0.47249609413389065,-67.12008660850283,243.69294879244646
3123000,1561500.0,-67.69425964355469,0.5719260357017819,-67.12233360785291,294.97459103195655
3124000,1562000.0,-67.64061737060547,0.5242521400247377,-67.11636523058073,270.3864677390892
3125000,1562500.0,-67.54264068603516,0.42738183803311336,-67.11525884800204,220.42497634088863
3126000,1563000.0,-67.66487884521484,0.5461376900493058,-67.11874115516554,281.6740832086052
3127000,1563500.0,-67.72695922851562,0.5972384510096718,-67.12972077750595,308.0296346693983
3128000,1564000.0,-67.71489715576172,0.5865450218367463,-67.12835213392498,302.5144286810184
3129000,1564500.0,-67.5411605834961,0.41871880986551635,-67.12244177363058,215.956962941744
3130000,1565000.0,-67.70233154296875,0.5943582103043696,-67.10797333266439,306.54413170033416
3131000,1565500.0,-67.73289489746094,0.6335943525140819,-67.09930054494686,326.78042849311805
3132000,1566000.0,-67.72686767578125,0.6052725482239463,-67.1215951275573,312.173272818663
3133000,1566500.0,-67.70137786865234,0.5935698031398183,-67.10780806551253,306.1375055521736
3134000,1567000.0,-67.5736312866211,0.4496795084601221,-67.12395177816097,231.92514560158972
3135000,1567500.0,-67.74203491210938,0.6096109846063739,-67.132423927503,314.41084973899757
3136000,1568000.0,-67.67805480957031,0.5491178307952143,-67.1289369787751,283.21111027656053
3137000,1568500.0,-67.67221069335938,0.5347433569575331,-67.13746733640184,275.79738144295925
3138000,1569000.0,-67.63030242919922,0.5204963417343412,-67.10980608746488,268.4493902228526
3139000,1569500.0,-67.80682373046875,0.7036642167370079,-67.10315951373174,362.9194189439735
3140000,1570000.0,-67.60893249511719,0.4881795930176314,-67.12075290209955,251.781815849364
3141000,1570500.0,-67.5026626586914,0.38456794748634043,-67.11809471120506,198.34343245903884
3142000,1571000.0,-67.76683044433594,0.630052690530954,-67.13677775380498,324.95379317695404
3143000,1571500.0,-67.70164489746094,0.5855401300793235,-67.11610476738161,301.9961491891371
3144000,1572000.0,-67.72247314453125,0.6034219423942385,-67.11905120213702,311.2188107663985
3145000,1572500.0,-67.69580841064453,0.5616094890659935,-67.13419892157854,289.653764675416
3146000,1573000.0,-67.58307647705078,0.4720470626634415,-67.11102941438735,243.46135787668462
3147000,1573500.0,-67.64002227783203,0.5156706698277954,-67.12435160800423,265.9605183963741
3148000,1574000.0,-67.6433334350586,0.5160690538349162,-67.12726438122368,266.1659875518916
3149000,1574500.0,-67.60450744628906,0.4824892291444547,-67.12201821714461,248.8469734894534
3150000,1575000.0,-67.51115417480469,0.40043524411973724,-67.11071893068495,206.52709440664682
3151000,1575500.0,-67.509033203125,0.401331246853546,-67.10770195627146,206.98921367289853
3152000,1576000.0,-67.7178955078125,0.5840364714011607,-67.13385903641134,301.2206273979347
3153000,1576500.0,-67.6502914428711,0.5204521350127089,-67.12983930785839,268.42659031723485
3154000,1577000.0,-67.64738464355469,0.5276991866153531,-67.11968545693934,272.164304548157
3155000,1577500.0,-67.61836242675781,0.5048954608612238,-67.11346696589659,260.4031339449069
3156000,1578000.0,-67.64209747314453,0.5277049988715017,-67.11439247427303,272.1673022572547
3157000,1578500.0,-67.62115478515625,0.5081306133429202,-67.11302417181334,262.0716849823561
3158000,1579000.0,-67.62459564208984,0.49303126367182987,-67.13156437841802,254.2840966998727
3159000,1579500.0,-67.6395034790039,0.5337521424390712,-67.10575133656484,275.2861560764668
3160000,1580000.0,-67.84591674804688,0.720274500622645,-67.12564224742422,371.48628142310235
3161000,1580500.0,-67.7409439086914,0.6147497640744037,-67.126194144617,317.0612088367881
3162000,1581000.0,-67.55194091796875,0.41739746892279933,-67.13454344904595,215.27547271422972
3163000,1581500.0,-67.60287475585938,0.4690188412211278,-67.13385591463825,241.89953287530201
3164000,1582000.0,-67.6191635131836,0.4909943814501633,-67.12816913173343,253.23356138094965
3165000,1582500.0,-67.71755981445312,0.593215627529759,-67.12434418692337,305.95483716638734
3166000,1583000.0,-67.48701477050781,0.3629191707914847,-67.12409559971633,187.1779343818767
3167000,1583500.0,-67.78180694580078,0.6670510404091275,-67.11475590539165,344.0359339484962
3168000,1584000.0,-67.66177368164062,0.5442359000437254,-67.1175377815969,280.6932225830937
3169000,1584500.0,-67.71829223632812,0.5923572078481473,-67.12593502847997,305.5121016049498
3170000,1585000.0,-67.51277923583984,0.3900210818105124,-67.12275815402933,201.15592212851368
3171000,1585500.0,-67.53250122070312,0.41014742138871274,-67.12235379931441,211.53621331208467
3172000,1586000.0,-67.67369079589844,0.5562620667153226,-67.11742872918312,286.89579664720975
3173000,1586500.0,-67.6506118774414,0.527964538544208,-67.1226473388972,272.3011615398089
3174000,1587000.0,-67.68563079833984,0.568494696304636,-67.1171361020352,293.2048553105831
3175000,1587500.0,-67.73507690429688,0.6128988065634563,-67.12217809773342,316.10656540262573
3176000,1588000.0,-67.59523010253906,0.469247307202322,-67.12598279533674,242.01736569836063
3177000,1588500.0,-67.55647277832031,0.4425668029721255,-67.11390597534819,228.2567212573856
3178000,1589000.0,-67.63780975341797,0.5087040062702037,-67.12910574714776,262.36741613230896
3179000,1589500.0,-67.52491760253906,0.4130990843373147,-67.11181851820174,213.05855276994777
3180000,1590000.0,-67.60977172851562,0.4876792522757988,-67.12209247623983,251.5237618415278
3181000,1590500.0,-67.55949401855469,0.4251990253889975,-67.1342949931657,219.29917645278354
3182000,1591000.0,-67.73210906982422,0.6073067835390893,-67.12480228628513,313.2224429782463
3183000,1591500.0,-67.61241149902344,0.4894611482018568,-67.12295035082158,252.44278631189576
3184000,1592000.0,-67.57501220703125,0.44344491685741094,-67.13156729017383,228.7096142330896
3185000,1592500.0,-67.71437072753906,0.5834243156774397,-67.13094641186163,300.9049040823649
3186000,1593000.0,-67.6108169555664,0.4960630082836681,-67.11475394728274,255.84773879896508
3187000,1593500.0,-67.53115844726562,0.4066620404978808,-67.12449640676775,209.73860533712647
3188000,1594000.0,-67.69243621826172,0.555762400426579,-67.13667381783515,286.6380904929624
3189000,1594500.0,-67.58423614501953,0.45009536119313065,-67.1341407838264,232.13962436665975
3190000,1595000.0,-67.60189819335938,0.4764988088156574,-67.12539938454371,245.75737505138218
3191000,1595500.0,-67.45122528076172,0.32123032332223855,-67.12999495743948,165.6766388205629
3192000,1596000.0,-67.63407135009766,0.5032321952602632,-67.13083915483739,259.5452938400779
3193000,1596500.0,-67.6017074584961,0.4712210614072579,-67.13048639708883,243.035342330049
3194000,1597000.0,-67.64159393310547,0.5077996065377643,-67.13379432656771,261.9009660591306
3195000,1597500.0,-67.65997314453125,0.5333464614517832,-67.12662668307946,275.07692345573486
3196000,1598000.0,-67.8008804321289,0.6725195015116995,-67.1283609306172,346.8563285041069
3197000,1598500.0,-67.57755279541016,0.4717088384017207,-67.10584395700843,243.2869165030623
3198000,1599000.0,-67.5256118774414,0.3890742259917614,-67.13653765144964,200.66757505132634
3199000,1599500.0,-67.71770477294922,0.5722604229579549,-67.14544434999127,295.14705344488885
3200000,1600000.0,-67.64704132080078,0.5347725139301939,-67.11226880687059,275.81241934217957
3201000,1600500.0,-67.52175903320312,0.4005315810840078,-67.12122745211911,206.5767808256295
3202000,1601000.0,-67.74398040771484,0.6015991580248905,-67.14238124968995,310.2786978141562
3203000,1601500.0,-67.52615356445312,0.4106649845778612,-67.11548857987526,211.80314990969023
3204000,1602000.0,-67.47508239746094,0.3474641067875021,-67.12761829067344,179.2068841072489
3205000,1602500.0,-67.75596618652344,0.6219751952580221,-67.13399099126542,320.7877721952863
3206000,1603000.0,-67.65226745605469,0.5241377873612945,-67.12812966869339,270.3274896055073
3207000,1603500.0,-67.62153625488281,0.5083705344847828,-67.11316572039803,262.19542587940055
3208000,1604000.0,-67.680908203125,0.5621842550385303,-67.11872394808647,289.9502039824325
3209000,1604500.0,-67.58414459228516,0.45466377557800747,-67.12948081670714,234.4958139448978
3210000,1605000.0,-67.64219665527344,0.49846980087338805,-67.14372685440004,257.08905780795243
3211000,1605500.0,-67.83180236816406,0.6909438317735848,-67.14085853639048,356.3587972584252
3212000,1606000.0,-67.63337707519531,0.5084917823889749,-67.12488529280634,262.2579602784661
3213000,1606500.0,-67.71609497070312,0.5866325942636021,-67.12946237643952,302.5595947325442
3214000,1607000.0,-67.51578521728516,0.39352438913464133,-67.12226082815052,202.96277577861227
3215000,1607500.0,-67.79177856445312,0.6712507610378972,-67.12052780341523,346.201967312233
3216000,1608000.0,-67.62450408935547,0.4918348042105426,-67.13266928514493,253.66701491263342
3217000,1608500.0,-67.50248718261719,0.3904971449463879,-67.1119900376708,201.40145480239858
3218000,1609000.0,-67.59686279296875,0.4863469051268216,-67.11051588784193,250.83659509119812
3219000,1609500.0,-67.59527587890625,0.47339985095872955,-67.12187602794752,244.15906728182784
3220000,1610000.0,-67.6561279296875,0.5360561205308252,-67.12007180915667,276.47444783613076
3221000,1610500.0,-67.6201171875,0.5035160654152527,-67.11660112208475,259.6917017278941
3222000,1611000.0,-67.55254364013672,0.42897943699606333,-67.12356420314066,221.2489484479654
3223000,1611500.0,-67.80142974853516,0.6775050131847257,-67.12392473535043,349.4276387348633
3224000,1612000.0,-67.63724517822266,0.5165924363018368,-67.12065274192082,266.435925480043
3225000,1612500.0,-67.7952880859375,0.665766098660353,-67.12952198727714,343.37321684316356
3226000,1613000.0,-67.65716552734375,0.5343646747573667,-67.12280085258638,275.60207362314986
3227000,1613500.0,-67.64871215820312,0.5231076157243465,-67.12560454247878,269.7961718505312
3228000,1614000.0,-67.67987823486328,0.568033603212869,-67.11184463165041,292.9670435347916
3229000,1614500.0,-67.62942504882812,0.5137042481713479,-67.11572080065677,264.9463235744942
3230000,1615000.0,-67.64773559570312,0.5207847979552953,-67.12695079774782,268.5981634041647
3231000,1615500.0,-67.69470977783203,0.5825286177987771,-67.11218116003326,300.44294204714737
3232000,1616000.0,-67.64791870117188,0.5253238064932577,-67.12259489467861,270.9391867246595
3233000,1616500.0,-67.59593963623047,0.4813572438348748,-67.11458239239559,248.26314466736142
3234000,1617000.0,-67.62123107910156,0.5083613537731712,-67.1128697253284,262.1906908673816
3235000,1617500.0,-67.61360931396484,0.5156828631187375,-67.0979264508461,265.966807165873
3236000,1618000.0,-67.65385437011719,0.5400345728531694,-67.11381979726401,278.52636062461505
3237000,1618500.0,-67.6195297241211,0.48351674257499716,-67.1360129815461,249.37692025710177
3238000,1619000.0,-67.58982849121094,0.46989073635639644,-67.11993775485455,242.34921849003896
3239000,1619500.0,-67.72261810302734,0.5893349110811726,-67.13328319194618,303.9533322935971
3240000,1620000.0,-67.69169616699219,0.5615700700979591,-67.13012609689423,289.6334340850092
3241000,1620500.0,-67.6434555053711,0.5143816024548713,-67.12907390291622,265.2956734734211
3242000,1621000.0,-67.54437255859375,0.4241636405695125,-67.12020891802423,218.76516996484054
3243000,1621500.0,-67.65074157714844,0.518984913601594,-67.13175666354684,267.6698612846671
3244000,1622000.0,-67.69175720214844,0.5678073815340238,-67.12394982061441,292.85036822533823
3245000,1622500.0,-67.54541015625,0.42680632591993733,-67.11860383033006,220.1281522069607
3246000,1623000.0,-67.80415344238281,0.6836620750949851,-67.12049136728783,352.603183657746
3247000,1623500.0,-67.67286682128906,0.5521498559951892,-67.12071696529388,284.77489709081834
3248000,1624000.0,-67.66787719726562,0.5554922536130554,-67.11238494365257,286.49876050820325
3249000,1624500.0,-67.54411315917969,0.44145912045296953,-67.10265403872671,227.68542675829826
3250000,1625000.0,-67.72315979003906,0.5957120412171628,-67.1274477488219,307.2423788422702
3251000,1625500.0,-67.48835754394531,0.3631727474525452,-67.12518479649276,187.3087182022002
3252000,1626000.0,-67.49813842773438,0.3795021352478608,-67.11863629248651,195.7307066868039
3253000,1626500.0,-67.5325698852539,0.4129439222544544,-67.11962596299945,212.97852691157044
3254000,1627000.0,-67.59029388427734,0.4774748569480528,-67.1128190273293,246.2607782551331
3255000,1627500.0,-67.66656494140625,0.5442739371207135,-67.12229100428554,280.7128404541614
3256000,1628000.0,-67.74691009521484,0.6235634756795533,-67.1233466195353,321.6069382037202
3257000,1628500.0,-67.7196273803711,0.6029331980374335,-67.11669418233366,310.9667376699345
3258000,1629000.0,-67.65662384033203,0.5353876583097226,-67.12123618202232,276.1296840765161
3259000,1629500.0,-67.83952331542969,0.7145651593378255,-67.12495815609186,368.5416513391003
3260000,1630000.0,-67.5565414428711,0.4576022089503411,-67.09893923392076,236.01133016233177
3261000,1630500.0,-67.80230712890625,0.6851847388011274,-67.11712239010512,353.38850741634604
3262000,1631000.0,-67.66983795166016,0.5438662503334473,-67.1259717013267,280.5025733289807
3263000,1631500.0,-67.64539337158203,0.5235639409244709,-67.12182943065756,270.031524555045
3264000,1632000.0,-67.65475463867188,0.54259050392277,-67.11216413474911,279.84459877937263
3265000,1632500.0,-67.50130462646484,0.3914041350803858,-67.10990049138445,201.8692408921117
3266000,1633000.0,-67.67294311523438,0.5683371389430354,-67.10460597629134,293.12359407153986
3267000,1633500.0,-67.77783966064453,0.6374877899429437,-67.1403518707016,328.78849429462997
3268000,1634000.0,-67.61849975585938,0.5206777495389515,-67.09782200632043,268.5429524837651
3269000,1634500.0,-67.57915496826172,0.4732769476098169,-67.1058780206519,244.09567907632768
3270000,1635000.0,-67.66891479492188,0.5501776879815359,-67.11873710694034,283.75773854765134
3271000,1635500.0,-67.64103698730469,0.533475717393317,-67.10756126991137,275.14358805240005
3272000,1636000.0,-67.77664184570312,0.6732297069410353,-67.1034121387621,347.22262159620226
3273000,1636500.0,-67.66020965576172,0.5474207679180255,-67.11278888784369,282.33583900561723
3274000,1637000.0,-67.52384185791016,0.40519707357574697,-67.1186447843344,208.98303907198604
3275000,1637500.0,-67.54489135742188,0.4314585665177448,-67.11343279090413,222.52757570240735
3276000,1638000.0,-67.597900390625,0.4978541259011201,-67.10004626472389,256.7715194169426
3277000,1638500.0,-67.57661437988281,0.4626472911055594,-67.11396708877726,238.6133642586325
3278000,1639000.0,-67.68939208984375,0.5824543537907891,-67.10693773605296,300.4046398996367
3279000,1639500.0,-67.73062896728516,0.6120152983803576,-67.1186136689048,315.65089028256733
3280000,1640000.0,-67.69731903076172,0.5707107793382595,-67.12660825142346,294.34781461953264
3281000,1640500.0,-67.47931671142578,0.361273051715516,-67.11804365971027,186.3289377093822
3282000,1641000.0,-67.65785217285156,0.543955373637911,-67.11389679921365,280.5485392557694
3283000,1641500.0,-67.62158203125,0.5132716751864368,-67.10831035606357,264.7232212302216
3284000,1642000.0,-67.62122344970703,0.5171430113960311,-67.104080438311,266.7198881834424
3285000,1642500.0,-67.54344177246094,0.4208314374295478,-67.1226103350314,217.04656441606463
3286000,1643000.0,-67.59274291992188,0.4835903212592658,-67.1091525986626,249.4148689444249
3287000,1643500.0,-67.59110260009766,0.4781510101882016,-67.11295158990946,246.60950870808946
3288000,1644000.0,-67.56562042236328,0.44538924422234166,-67.12023117814094,229.71241377971094
3289000,1644500.0,-67.82679748535156,0.7128317480652376,-67.11396573728632,367.6476331456562
3290000,1645000.0,-67.63758087158203,0.5283007145082613,-67.10928015707377,272.4745464905215
3291000,1645500.0,-67.57180786132812,0.47733832270002247,-67.0944695386281,246.19035982432115
3292000,1646000.0,-67.53860473632812,0.4438240049792472,-67.09478073134888,228.90513140965336
3293000,1646500.0,-67.57040405273438,0.4504924573061276,-67.11991159542825,232.34442928236518
3294000,1647000.0,-67.70003509521484,0.5915790595880581,-67.10845603562679,305.1107665538179
3295000,1647500.0,-67.51988220214844,0.40866498856037525,-67.11121721358806,210.77163889166223
3296000,1648000.0,-67.56588745117188,0.45001508917932004,-67.11587236199256,232.0982235508776
3297000,1648500.0,-67.611083984375,0.5053190216655321,-67.10576496270947,260.62158819812987
3298000,1649000.0,-67.6309585571289,0.5205633083104373,-67.11039524881846,268.48392867216893
3299000,1649500.0,-67.73655700683594,0.6180854499857299,-67.11847155685021,318.7816106476572
3300000,1650000.0,-67.57354736328125,0.4418483910793613,-67.13169897220189,227.88619562813957
3301000,1650500.0,-67.77253723144531,0.6519736619485732,-67.12056356949674,336.25967746145096
3302000,1651000.0,-67.71587371826172,0.6220950605197175,-67.093778657742,320.8495934874472
3303000,1651500.0,-67.73389434814453,0.6171361596125665,-67.11675818853196,318.29200793311935
3304000,1652000.0,-67.66537475585938,0.5628541309046811,-67.10252062495469,290.29569683872035
3305000,1652500.0,-67.71612548828125,0.6116082704696365,-67.10451721781162,315.4409629772712
3306000,1653000.0,-67.55096435546875,0.4493822226314342,-67.10158213283732,231.77181849237846
3307000,1653500.0,-67.6368179321289,0.5399925506994641,-67.09682538142944,278.504687424184
3308000,1654000.0,-67.5752182006836,0.4863191280026978,-67.0888990726809,250.82226885787946
3309000,1654500.0,-67.7477035522461,0.6521647080659531,-67.09553884418014,336.3582107451705
3310000,1655000.0,-67.66218566894531,0.5622847745180205,-67.0999008944273,290.0020475609767
3311000,1655500.0,-67.55342102050781,0.45691925536609684,-67.09650176514171,235.659092387461
3312000,1656000.0,-67.63939666748047,0.5519888124372208,-67.08740785504325,284.69183782321255
3313000,1656500.0,-67.66675567626953,0.5611610411747154,-67.10559463509482,289.4224747444259
3314000,1657000.0,-67.66792297363281,0.5755760233237357,-67.09234695030908,296.85709600436337
3315000,1657500.0,-67.7319107055664,0.6449116760318682,-67.08699902953454,332.6174120676445
3316000,1658000.0,-67.65592956542969,0.5691387966667343,-67.08679076876295,293.5370542821867
3317000,1658500.0,-67.64096069335938,0.5571216260341755,-67.0838390673252,287.3391199840031
3318000,1659000.0,-67.62835693359375,0.5379763800779366,-67.09038055351581,277.4648342484041
3319000,1659500.0,-67.6917724609375,0.5959842110870729,-67.09578824985043,307.3827522315835
3320000,1660000.0,-67.69026947021484,0.5872144756274262,-67.10305499458742,302.85970384912343
3321000,1660500.0,-67.59871673583984,0.5120897582305305,-67.08662697760931,264.11363983518265
3322000,1661000.0,-67.67692565917969,0.5749517308586256,-67.10197392832106,296.53511308509616
3323000,1661500.0,-67.70770263671875,0.594067624339692,-67.11363501237906,306.39426008977665
3324000,1662000.0,-67.73129272460938,0.6247755826443169,-67.10651714196506,322.2320902931497
3325000,1662500.0,-67.67091369628906,0.5661791435396605,-67.1047345527494,292.01059383755285
3326000,1663000.0,-67.7658462524414,0.6652003520788793,-67.10064590036252,343.08142934603876
3327000,1663500.0,-67.5812759399414,0.48760146539180615,-67.0936744745496,251.48364274769213
3328000,1664000.0,-67.57648468017578,0.47929943883781445,-67.09718524133797,247.2018182902774
3329000,1664500.0,-67.66177368164062,0.5585117968881163,-67.10326188475251,288.0561096881045
3330000,1665000.0,-67.59233856201172,0.48238247132753387,-67.10995609068418,248.79191244760548
3331000,1665500.0,-67.50765228271484,0.40892574637140694,-67.09872653634343,210.90612643701954
3332000,1666000.0,-67.52055358886719,0.421561824181451,-67.09899176468574,217.4232661571795
3333000,1666500.0,-67.59030151367188,0.49731055461042295,-67.09299095906145,256.49116897097394
3334000,1667000.0,-67.66570281982422,0.5634708301545521,-67.10223198966966,290.61376350759866
3335000,1667500.0,-67.43612670898438,0.3297081570195522,-67.10641855196482,170.04913696122458
3336000,1668000.0,-67.58434295654297,0.48330878088644963,-67.10103417565652,249.26966265699207
3337000,1668500.0,-67.70796966552734,0.6070230944140825,-67.10094657111325,313.0761284578269
3338000,1669000.0,-67.57601928710938,0.49176527548878385,-67.08425401162059,253.6311550199454
3339000,1669500.0,-67.61793518066406,0.5247517796284669,-67.09318340103559,270.6441601303659
3340000,1670000.0,-67.51738739013672,0.4241339119378908,-67.09325347819883,218.74983722877477
3341000,1670500.0,-67.7187728881836,0.6268234478817912,-67.0919494403018,323.2882901742608
3342000,1671000.0,-67.46797180175781,0.3646910714054188,-67.1032807303524,188.09180370468718
3343000,1671500.0,-67.44920349121094,0.3699171834520787,-67.07928630775886,190.7872051507135
3344000,1672000.0,-67.60641479492188,0.5119598250733091,-67.09445496984857,264.04662596010024
3345000,1672500.0,-67.71650695800781,0.6228548500848614,-67.09365210792295,321.2414599216683
3346000,1673000.0,-67.7337875366211,0.64881355720609,-67.084973979415,334.62983278601433
3347000,1673500.0,-67.64935302734375,0.5614300884663854,-67.08792293887737,289.5612376436026
3348000,1674000.0,-67.5334701538086,0.4670382468170755,-67.06643190699153,240.8780283662117
3349000,1674500.0,-67.6393814086914,0.5671051693671545,-67.07227623932425,292.4881977106042
3350000,1675000.0,-67.85340881347656,0.7781754748463583,-67.0752333386302,401.34908732078196
3351000,1675500.0,-67.72838592529297,0.6356386452283029,-67.09274728006467,327.83478582201116
3352000,1676000.0,-67.54338836669922,0.46806444569189426,-67.07532392100732,241.4072971431536
3353000,1676500.0,-67.62957000732422,0.548844693950553,-67.08072531337366,283.07023816369923
3354000,1677000.0,-67.72764587402344,0.6428868215858593,-67.08475905243758,331.5730801526307
3355000,1677500.0,-67.74647521972656,0.6684943657141844,-67.07798085401238,344.7803384081792
3356000,1678000.0,-67.62606048583984,0.5405820330021402,-67.0854784528377,278.8087167746561
3357000,1678500.0,-67.70773315429688,0.6190167437740964,-67.08871641052278,319.26193150596004
3358000,1679000.0,-67.66726684570312,0.5946301806377153,-67.0726366650654,306.6844021773602
3359000,1679500.0,-67.68482971191406,0.6116773385006313,-67.07315237341344,315.4765852656867
3360000,1680000.0,-67.59724426269531,0.5248616331629566,-67.07238262953236,270.70081780878365
3361000,1680500.0,-67.69098663330078,0.6208955882530827,-67.0700910450477,320.23095782615815
3362000,1681000.0,-67.6550521850586,0.578096802829992,-67.0769553822286,298.15720451057484
3363000,1681500.0,-67.54723358154297,0.4630905566307265,-67.08414302491224,238.8419813504288
3364000,1682000.0,-67.5802001953125,0.5040304299894484,-67.07616976532306,259.9569886189315
3365000,1682500.0,-67.69813537597656,0.6185020847303284,-67.07963329124624,318.996492740316
3366000,1683000.0,-67.69074249267578,0.617683325320626,-67.07305916735515,318.57421222333585
3367000,1683500.0,-67.72991943359375,0.6557049191163515,-67.0742145144774,338.184097733296
3368000,1684000.0,-67.65352630615234,0.6161998984360734,-67.03732640771626,317.80912511192327
3369000,1684500.0,-67.70977020263672,0.6545160836209077,-67.05525411901581,337.5709480562709
3370000,1685000.0,-67.71321105957031,0.643313435871839,-67.06989762369848,331.7931092589833
3371000,1685500.0,-67.55646514892578,0.4971936407929977,-67.05927150813278,256.4308699054861
3372000,1686000.0,-67.55158996582031,0.48520525165168205,-67.06638471416863,250.24777984952743
3373000,1686500.0,-67.59780883789062,0.5349014546482955,-67.06290738324233,275.87892136029933
3374000,1687000.0,-67.71935272216797,0.6492862408132639,-67.0700664813547,334.8736224458828
3375000,1687500.0,-67.64801025390625,0.5901218080141964,-67.05788844589205,304.3591795299765
3376000,1688000.0,-67.64289855957031,0.5695415901471703,-67.07335696942314,293.744797652387
3377000,1688500.0,-67.63233947753906,0.5606395872707031,-67.07169989026836,289.15353148519955
3378000,1689000.0,-67.63748931884766,0.5772762595615304,-67.06021305928613,297.7340039567803
3379000,1689500.0,-67.74815368652344,0.68324390561609,-67.06490978090734,352.38751001584274
3380000,1690000.0,-67.4878921508789,0.4261600843287967,-67.0617320665501,219.79484888248334
3381000,1690500.0,-67.57453155517578,0.5198570582550517,-67.05467449692073,268.11967559004086
3382000,1691000.0,-67.73332977294922,0.6677813619389623,-67.06554841101025,344.41260205090305
3383000,1691500.0,-67.61327362060547,0.5475240022577827,-67.06574961834768,282.3890827910885
3384000,1692000.0,-67.62638092041016,0.5555610916108524,-67.0708198287993,286.5342641554934
3385000,1692500.0,-67.60115814208984,0.5420694573907423,-67.0590886846991,279.5758656249099
3386000,1693000.0,-67.52740478515625,0.4753356848045464,-67.0520691003517,245.1574862404524
3387000,1693500.0,-67.6946029663086,0.6402856863444721,-67.05431727996412,330.231527650819
3388000,1694000.0,-67.56172180175781,0.49969208573542856,-67.06202971602238,257.71945921442546
3389000,1694500.0,-67.51392364501953,0.44939243743036816,-67.06453120758917,231.77708684169275
3390000,1695000.0,-67.48435974121094,0.4401770543706652,-67.04418268684027,227.02419279674302
3391000,1695500.0,-67.7999267578125,0.7529482292748726,-67.04697852853762,388.33797053156155
3392000,1696000.0,-67.55548858642578,0.49189190923910614,-67.06359667718668,253.69646720435455
3393000,1696500.0,-67.5576400756836,0.4980533438963198,-67.05958673178728,256.87426740005924
3394000,1697000.0,-67.52478790283203,0.46947278797051295,-67.05531511486151,242.13365887830145
3395000,1697500.0,-67.62396240234375,0.5508495942581628,-67.07311280808558,284.1042786014131
3396000,1698000.0,-67.65130615234375,0.5891425865635098,-67.06216356578024,303.85413966657603
3397000,1698500.0,-67.66983795166016,0.6118568146019032,-67.05798113705825,315.5691512379767
3398000,1699000.0,-67.65278625488281,0.5957577987084419,-67.05702845617436,307.26597856746923
3399000,1699500.0,-67.45964050292969,0.40025954319760926,-67.05938095973208,206.43647550767497
3400000,1700000.0,-67.66416931152344,0.6068569375606644,-67.05731237396277,312.99043197467233
3401000,1700500.0,-67.53154754638672,0.4736510252081623,-67.05789652117856,244.28861204265218
3402000,1701000.0,-67.6483383178711,0.5934362540335323,-67.05490206383756,306.0686267277272
3403000,1701500.0,-67.7462158203125,0.6789596465975501,-67.06725617371495,350.1778754250375
3404000,1702000.0,-67.56146240234375,0.49522509903157813,-67.06623730331218,255.4155816256099
3405000,1702500.0,-67.68705749511719,0.6199510010687247,-67.06710649404846,319.7437808119869
3406000,1703000.0,-67.51082611083984,0.4538584731520525,-67.05696763768779,234.08047395524054
3407000,1703500.0,-67.56407928466797,0.4961414915440223,-67.06793779312395,255.88821705346075
3408000,1704000.0,-67.41294860839844,0.3566261524558256,-67.0563224559426,183.93226904398048
3409000,1704500.0,-67.65547180175781,0.5938811067774942,-67.06159069498032,306.298062437991
3410000,1705000.0,-67.76972961425781,0.7122355650663632,-67.05749404919145,367.340147867324
3411000,1705500.0,-67.56925964355469,0.5207017024364242,-67.04855794111826,268.55530634719315
3412000,1706000.0,-67.48927307128906,0.4273751797186625,-67.0618978915704,220.42154227169175
3413000,1706500.0,-67.48408508300781,0.4223700291206159,-67.0617150538872,217.8401031369957
3414000,1707000.0,-67.68204498291016,0.6191853336319229,-67.06285964927824,319.3488828270403
3415000,1707500.0,-67.66881561279297,0.6043070682370714,-67.06450854455589,311.67532020503785
3416000,1708000.0,-67.47262573242188,0.4212954113484063,-67.05133032107346,217.2858619972577
3417000,1708500.0,-67.50039672851562,0.4336255937759744,-67.06677113473965,223.64523417456806
3418000,1709000.0,-67.59661102294922,0.5315557166677014,-67.06505530628152,274.15333512900486
3419000,1709500.0,-67.67056274414062,0.60925188413194,-67.06131086000869,314.2256413222212
3420000,1710000.0,-67.56610870361328,0.48065453394944035,-67.08545416966385,247.90071745102426
3421000,1710500.0,-67.58677673339844,0.5274906646208947,-67.05928606877754,272.05675796661166
3422000,1711000.0,-67.57750701904297,0.5122452990648442,-67.06526171997812,264.1938610370976
3423000,1711500.0,-67.59441375732422,0.5348668073977569,-67.05954694992646,275.861051814379
3424000,1712000.0,-67.63888549804688,0.5894423206231192,-67.04944317742375,304.0087294668867
3425000,1712500.0,-67.5215072631836,0.4618121479893737,-67.05969511519422,238.18263373794943
3426000,1713000.0,-67.70234680175781,0.6470705442606238,-67.05527625749718,333.7308624670265
3427000,1713500.0,-67.52366638183594,0.482439827625527,-67.04122655421041,248.82149433317724
3428000,1714000.0,-67.5467300415039,0.48695890226695926,-67.05977113923694,251.15223661624833
3429000,1714500.0,-67.57075500488281,0.5199339966047659,-67.05082100827805,268.1593570467764
3430000,1715000.0,-67.5086669921875,0.4607751285538312,-67.04789186363367,237.64778418609086
3431000,1715500.0,-67.72052001953125,0.665931289516214,-67.05458873001504,343.4584151067643
3432000,1716000.0,-67.73467254638672,0.6617255338641962,-67.07294701252252,341.2892691403422
3433000,1716500.0,-67.72306060791016,0.6576045803730709,-67.06545602753708,339.16386044266886
3434000,1717000.0,-67.60306549072266,0.5458024371155872,-67.05726305360707,281.5011743168207
3435000,1717500.0,-67.46056365966797,0.4022543343527919,-67.05830932531518,207.46530208395097
3436000,1718000.0,-67.6019287109375,0.5329143482559793,-67.06901436268151,274.85405825069944
3437000,1718500.0,-67.64031982421875,0.5854256528111333,-67.05489417140761,301.9371067898426
3438000,1719000.0,-67.63459777832031,0.5693478360038172,-67.0652499423165,293.6448676865721
3439000,1719500.0,-67.56534576416016,0.48925632824964344,-67.07608943591052,252.33714908283486
3440000,1720000.0,-67.60697174072266,0.5558174677693256,-67.05115427295333,286.6664918349051
3441000,1720500.0,-67.71600341796875,0.6470590483370355,-67.06894436963171,333.72493336929824
3442000,1721000.0,-67.49867248535156,0.4252783370710113,-67.07339414828056,219.34008197116475
3443000,1721500.0,-67.68599700927734,0.6190875385868093,-67.06690947069053,319.29844439333283
3444000,1722000.0,-67.69862365722656,0.637495952149654,-67.06112770507691,328.79270400608914
3445000,1722500.0,-67.66034698486328,0.5848042151246003,-67.07554276973868,301.6165962412854
3446000,1723000.0,-67.4788818359375,0.42072481719350446,-67.058157018744,216.9915743324535
3447000,1723500.0,-67.58219909667969,0.5044588072184767,-67.0777402894612,260.1779269746841
3448000,1724000.0,-67.44634246826172,0.39670461063102874,-67.04963785763069,204.60299580135845
3449000,1724500.0,-67.57427978515625,0.5201191586342199,-67.05416062652203,268.2548555736896
3450000,1725000.0,-67.62371063232422,0.5608485662219422,-67.06286206610227,289.26131374519133
3451000,1725500.0,-67.4614486694336,0.3913900215862888,-67.0700586478473,201.86196176528512
3452000,1726000.0,-67.51036834716797,0.46284583910340993,-67.04752250806456,238.71576668623715
3453000,1726500.0,-67.55677795410156,0.4960976705717164,-67.06068028352985,255.86561610057933
3454000,1727000.0,-67.57791137695312,0.5414579392690335,-67.03645343768409,279.26047115674527
3455000,1727500.0,-67.60665130615234,0.5579865262261471,-67.0486647799262,287.78519791101553
3456000,1728000.0,-67.68365478515625,0.6266862688983985,-67.05696851625785,323.2175392169717
3457000,1728500.0,-67.56474304199219,0.5233183048792721,-67.04142473711292,269.90483615925217
3458000,1729000.0,-67.53907012939453,0.5070888095580606,-67.03198131983648,261.53436787106665
3459000,1729500.0,-67.66971588134766,0.6295664715780589,-67.0401494097696,324.70302257406263
3460000,1730000.0,-67.73346710205078,0.6762893121420358,-67.05717778990875,348.80063297625236
3461000,1730500.0,-67.68328094482422,0.6183675838152174,-67.064913361009,318.9271230142471
3462000,1731000.0,-67.62310028076172,0.5612614747636531,-67.06183880599806,289.47427402435625
3463000,1731500.0,-67.57079315185547,0.5231458544839096,-67.04764729737155,269.81589374070506
3464000,1732000.0,-67.63309478759766,0.5855393084855656,-67.04755547911209,301.99572544678654
3465000,1732500.0,-67.50724792480469,0.4660166516890643,-67.04123127311563,240.351134001776
3466000,1733000.0,-67.65357971191406,0.6057790165547763,-67.04780069535929,312.43448717057464
3467000,1733500.0,-67.54061126708984,0.501624031038223,-67.03898723605163,258.71587263157056
3468000,1734000.0,-67.51258850097656,0.46915482159886956,-67.0434336793777,241.96966564389248
3469000,1734500.0,-67.55895233154297,0.5184418821535419,-67.04051044938943,267.389789266071
3470000,1735000.0,-67.66596221923828,0.6173638625624703,-67.04859835667581,318.4094472178028
3471000,1735500.0,-67.64089965820312,0.5929034090376486,-67.04799624916548,305.7938084384158
3472000,1736000.0,-67.6598129272461,0.6037421413453068,-67.05607078590079,311.38395546823807
3473000,1736500.0,-67.64471435546875,0.6065030845732072,-67.03821127089554,312.80792998360187
3474000,1737000.0,-67.78514099121094,0.7225660055153009,-67.06257498569563,372.6681400488065
3475000,1737500.0,-67.77056121826172,0.7090270930093304,-67.0615341252524,365.68535743327874
3476000,1738000.0,-67.6537857055664,0.5962867941034398,-67.05749891146297,307.5388113999627
3477000,1738500.0,-67.76002502441406,0.699429072405657,-67.0605959520084,360.73511557410046
3478000,1739000.0,-67.5921630859375,0.5490771436872267,-67.04308594225027,283.1901256346843
3479000,1739500.0,-67.65303039550781,0.6036794640440495,-67.04935093146376,311.35162924045466
3480000,1740000.0,-67.54752349853516,0.5109254997576005,-67.03659799877755,263.51316591815487
3481000,1740500.0,-67.75697326660156,0.6859325717463911,-67.07104069485517,353.77420714571525
3482000,1741000.0,-67.67594146728516,0.6134705386009119,-67.06247092868425,316.40143993779424
3483000,1741500.0,-67.68022918701172,0.6253331028382922,-67.05489608417342,322.5196349771544
3484000,1742000.0,-67.62095642089844,0.5755502037010872,-67.04540621719735,296.8437793652249
3485000,1742500.0,-67.62507629394531,0.5550056093010795,-67.07007068464424,286.24777052358576
3486000,1743000.0,-67.52156066894531,0.48453787597008674,-67.03702279297522,249.9035764797653
3487000,1743500.0,-67.677978515625,0.6198910725892879,-67.05808744303572,319.7128723070237
3488000,1744000.0,-67.6653060913086,0.6057628052709629,-67.05954328603764,312.42612609499065
3489000,1744500.0,-67.5435562133789,0.4984576435792668,-67.04509856979963,257.0827876040491
3490000,1745000.0,-67.5748062133789,0.5081876595323738,-67.06661855384654,262.1011069274217
3491000,1745500.0,-67.56880187988281,0.5053386282541741,-67.06346325162863,260.631700424371
3492000,1746000.0,-67.55204010009766,0.4927185162057033,-67.05932158389196,254.1227951500949
3493000,1746500.0,-67.55977630615234,0.5149480225821,-67.04482828357024,265.5878083561714
3494000,1747000.0,-67.47117614746094,0.4247803193660636,-67.04639582809487,219.08322608478534
3495000,1747500.0,-67.83411407470703,0.7718162803996851,-67.06229779430734,398.06929122110205
3496000,1748000.0,-67.64115142822266,0.5790441184878277,-67.06210730973483,298.6457887527756
3497000,1748500.0,-67.68777465820312,0.6350132593632124,-67.05276139883992,327.5122389745576
3498000,1749000.0,-67.52590942382812,0.47553079860242087,-67.0503786252257,245.25811745697342
3499000,1749500.0,-67.75102233886719,0.7049379739003363,-67.04608436496684,363.5763675262597
3500000,1750000.0,-67.65536499023438,0.5921373357143763,-67.06322765452,305.39870111486925
3501000,1750500.0,-67.79627227783203,0.7180063600604366,-67.07826591777159,370.3164731035363
3502000,1751000.0,-67.7289047241211,0.6661061586931691,-67.06279856542793,343.5486050277269
3503000,1751500.0,-67.67959594726562,0.621365300614887,-67.05823064665074,320.4732150468071
3504000,1752000.0,-67.56822204589844,0.516916299203918,-67.05130574669452,266.60295988856507
3505000,1752500.0,-67.60482788085938,0.5396273522674201,-67.06520052859196,278.31633394591387
3506000,1753000.0,-67.80838012695312,0.7466371239682569,-67.06174300298487,385.0829767201777
3507000,1753500.0,-67.55574798583984,0.48580053247294885,-67.0699474533669,250.55479982386183
3508000,1754000.0,-67.41587829589844,0.35015267994254223,-67.0657256159559,180.5935332845229
3509000,1754500.0,-67.53903198242188,0.4841033029681094,-67.05492867945377,249.6794426136186
3510000,1755000.0,-67.4059829711914,0.34671672275431514,-67.0592662484371,178.82141590721736
3511000,1755500.0,-67.59046173095703,0.5374968806527098,-67.05296485030432,277.21752928582663
3512000,1756000.0,-67.72813415527344,0.6603630481097108,-67.06777110716372,340.58655820723516
3513000,1756500.0,-67.53887176513672,0.4707790829070582,-67.06809268222966,242.80738902979166
3514000,1757000.0,-67.59241485595703,0.5314326078308186,-67.06098224812621,274.089840941741
3515000,1757500.0,-67.74269104003906,0.6836323511786048,-67.05905868886046,352.5878533535968
3516000,1758000.0,-67.68387603759766,0.6261727281332005,-67.05770330946446,322.9526772108092
3517000,1758500.0,-67.51799011230469,0.4503012150036705,-67.06768889730101,232.24579481490986
3518000,1759000.0,-67.66304016113281,0.6039797004974866,-67.05906046063532,311.5064781536656
3519000,1759500.0,-67.72249603271484,0.6545680962990078,-67.06792793641584,337.59777393495676
3520000,1760000.0,-67.58226776123047,0.5231372836911384,-67.05913047753933,269.8114732983145
3521000,1760500.0,-67.54776763916016,0.48668836262414567,-67.061079276536,251.01270402721528
3522000,1761000.0,-67.4666748046875,0.4036298747985214,-67.06304492988897,208.17474605939282
3523000,1761500.0,-67.69286346435547,0.6189967652129159,-67.07386669914256,319.25162743245096
3524000,1762000.0,-67.6810531616211,0.6085287353557058,-67.07252442626539,313.85267261436513
3525000,1762500.0,-67.61151123046875,0.5529323651719251,-67.05857886529682,285.1784813132138
3526000,1763000.0,-67.67253875732422,0.6220444995401944,-67.05049425778402,320.8235163317907
3527000,1763500.0,-67.63943481445312,0.5963272745032235,-67.0431075399499,307.5596894307318
3528000,1764000.0,-67.4684829711914,0.4174162004640748,-67.05106677072733,215.28513362907225
3529000,1764500.0,-67.51251983642578,0.46450411453856993,-67.04801572188721,239.57103308043872
3530000,1765000.0,-67.69519805908203,0.647657696221812,-67.04754036286022,334.033689928645
3531000,1765500.0,-67.68329620361328,0.6454004899033781,-67.0378957137099,332.86952101677196
3532000,1766000.0,-67.76368713378906,0.7155193300796339,-67.04816780370943,369.03377113566495
3533000,1766500.0,-67.63796997070312,0.5937246109581241,-67.044245359745,306.2173486962914
3534000,1767000.0,-67.41727447509766,0.3610640725382447,-67.05621040255942,186.2211553328129
3535000,1767500.0,-67.70553588867188,0.6495702701967812,-67.0559656184751,335.0201124568529
3536000,1768000.0,-67.79498291015625,0.7361687413609205,-67.05881416879532,379.68383996890867
3537000,1768500.0,-67.61750793457031,0.5653208058739273,-67.05218712869639,291.56790057634066
3538000,1769000.0,-67.65106201171875,0.6037606441121388,-67.04730136760661,311.3934983911661
3539000,1769500.0,-67.52552795410156,0.46909379656651345,-67.05643415753505,241.93819158459414
3540000,1770000.0,-67.71615600585938,0.6701521086073284,-67.04600389725205,345.63533014035534
3541000,1770500.0,-67.5166015625,0.4683837145289379,-67.04821784797106,241.57196213260568
3542000,1771000.0,-67.47312927246094,0.40522160547059594,-67.06790766699034,208.9956915570953
3543000,1771500.0,-67.6110610961914,0.5467481853730073,-67.0643129108184,281.98895016201254
3544000,1772000.0,-67.61185455322266,0.5804917737027321,-67.03136277951992,299.39242639176285
3545000,1772500.0,-67.58259582519531,0.5236137433076018,-67.0589820818877,270.057210459654
3546000,1773000.0,-67.7790298461914,0.7259047334597006,-67.0531251127317,374.390110808116
3547000,1773500.0,-67.65091705322266,0.581444398745919,-67.06947265447674,299.8837489841608
3548000,1774000.0,-67.51522827148438,0.4469412190081291,-67.06828705247625,230.51285491921567
3549000,1774500.0,-67.55874633789062,0.5027627904851719,-67.05598354740545,259.30319525928655
3550000,1775000.0,-67.6960220336914,0.6437039676906073,-67.0523180660008,331.99452859703604
3551000,1775500.0,-67.47502136230469,0.432774246237696,-67.04224711606699,223.20614611727828
3552000,1776000.0,-67.63663482666016,0.6008550378559534,-67.0357797888042,309.8949129734442
3553000,1776500.0,-67.49598693847656,0.44592037804692125,-67.05006656042964,229.986349521238
3554000,1777000.0,-67.62117767333984,0.5842888338031837,-67.03688883953666,301.35078495622326
3555000,1777500.0,-67.68131256103516,0.6305638522720115,-67.05074870876315,325.21742818586665
3556000,1778000.0,-67.54694366455078,0.5003447031893417,-67.04659896136144,258.0560509318004
3557000,1778500.0,-67.57095336914062,0.5144097516669158,-67.05654361747371,265.31019161351685
3558000,1779000.0,-67.68440246582031,0.631843463702588,-67.05255900211772,325.87739614474964
3559000,1779500.0,-67.53923797607422,0.4873456898443678,-67.05189228622984,251.3517248373473
3560000,1780000.0,-67.64522552490234,0.5730475206093812,-67.07217800429297,295.55300420309624
3561000,1780500.0,-67.68919372558594,0.6336363711928023,-67.05555735439313,326.80209990130294
3562000,1781000.0,-67.5691146850586,0.522322484192736,-67.04679220086585,269.3912351314694
3563000,1781500.0,-67.62349700927734,0.5604219029822199,-67.06307510629513,289.041259390626
3564000,1782000.0,-67.63517761230469,0.586371390158281,-67.04880622214641,302.4248770079901
3565000,1782500.0,-67.74188995361328,0.6978725813583365,-67.04401737225494,359.9323451431917
3566000,1783000.0,-67.5652847290039,0.5068658318872745,-67.05841889711664,261.4193656799727
3567000,1783500.0,-67.76847076416016,0.7285226870489846,-67.03994807711118,375.7403374827805
3568000,1784000.0,-67.52067565917969,0.46722249378117064,-67.05345316539852,240.97305494218523
3569000,1784500.0,-67.4067153930664,0.35245521137960134,-67.0542601816868,181.78107892257262
3570000,1785000.0,-67.77338409423828,0.7206372767422304,-67.05274681749606,371.67338557788975
3571000,1785500.0,-67.7320327758789,0.6968519958254766,-67.03518078005342,359.40597148405396
3572000,1786000.0,-67.60147094726562,0.553066615432095,-67.04840433183352,285.24772176235854
3573000,1786500.0,-67.71707916259766,0.6729961698502716,-67.04408299274739,347.10217331523825
3574000,1787000.0,-67.62442779541016,0.5786634577940021,-67.04576433761615,298.44946051193
3575000,1787500.0,-67.73819732666016,0.7056129315268111,-67.03258439513334,363.92448133364917
3576000,1788000.0,-67.68811798095703,0.6454416419075252,-67.0426763390495,332.89074543188104
3577000,1788500.0,-67.63632202148438,0.5905166948190722,-67.0458053266653,304.56284498057835
3578000,1789000.0,-67.5526123046875,0.5198658852823407,-67.03274641940516,268.12422818705875
3579000,1789500.0,-67.63675689697266,0.6159112222839012,-67.02084567468876,317.660238499648
3580000,1790000.0,-67.75504302978516,0.7181307304783526,-67.0369122993068,370.38061795946373
3581000,1790500.0,-67.57035827636719,0.5303616014915541,-67.03999667487564,273.5374624221488
3582000,1791000.0,-67.51834106445312,0.4766097806381191,-67.04173128381501,245.8146094941306
3583000,1791500.0,-67.60504150390625,0.5672115051276917,-67.03782999877856,292.54304107411366
3584000,1792000.0,-67.65120697021484,0.6138160614833627,-67.03739090873148,316.5796456227619
3585000,1792500.0,-67.52922821044922,0.4846134582465644,-67.04461475220265,249.94255853286575
3586000,1793000.0,-67.62898254394531,0.5929409319069083,-67.0360416120384,305.81316110348666
3587000,1793500.0,-67.5970458984375,0.5639715006447099,-67.03307439779279,290.87198758528876
3588000,1794000.0,-67.4180908203125,0.3963975684681047,-67.0216932518444,204.44463679899732
3589000,1794500.0,-67.59134674072266,0.5401580315642052,-67.05118870915845,278.59003526176014
3590000,1795000.0,-67.69857025146484,0.6671670416536933,-67.03140320981115,344.09576234856723
3591000,1795500.0,-67.66364288330078,0.6301818527198957,-67.03346103058088,325.02040942010706
3592000,1796000.0,-67.49290466308594,0.46598048131155184,-67.02692418177439,240.33247889316368
3593000,1796500.0,-67.57255554199219,0.5413947674834363,-67.03116077450875,279.2278898954316
3594000,1797000.0,-67.67351531982422,0.6240399729588704,-67.04947534686535,321.8526947899227
3595000,1797500.0,-67.74583435058594,0.6987031498421066,-67.04713120074383,360.36071626730654
3596000,1798000.0,-67.59976196289062,0.5636184018641883,-67.03614356102644,290.68987458137485
3597000,1798500.0,-67.56450653076172,0.528707040278245,-67.03579949048347,272.68411166214304
3598000,1799000.0,-67.64907836914062,0.621453662093584,-67.02762470704704,320.5187880569773
3599000,1799500.0,-67.525146484375,0.4884075407210257,-67.03673894365397,251.89938136725985
3600000,1800000.0,-67.39167022705078,0.37763882679941724,-67.01403140025137,194.7696931759019
3601000,1800500.0,-67.42713928222656,0.3949341124775853,-67.03220516974898,203.68984980671252
3602000,1801000.0,-67.59894561767578,0.566865805866083,-67.0320798118097,292.3647444204425
3603000,1801500.0,-67.42107391357422,0.3790818730939601,-67.04199204048025,195.51395373408866
3604000,1802000.0,-67.54121398925781,0.5128731350639171,-67.0283408541939,264.51767155716675
3605000,1802500.0,-67.59874725341797,0.561041036234957,-67.03770621718301,289.3605814123911
3606000,1803000.0,-67.69999694824219,0.6659603089166306,-67.03403663932556,343.47338205220046
3607000,1803500.0,-67.60537719726562,0.5650672040268346,-67.0403099932388,291.43710376615644
3608000,1804000.0,-67.54907989501953,0.5128643654040288,-67.0362155296155,264.5131485477607
3609000,1804500.0,-67.60883331298828,0.5544720008449587,-67.05436131214333,285.9725584746671
3610000,1805000.0,-67.71520233154297,0.6690120288192881,-67.04619030272369,345.04732653809174
3611000,1805500.0,-67.59728240966797,0.5561332424366784,-67.0411491672313,286.82935468350115
3612000,1806000.0,-67.5664291381836,0.5239580977542225,-67.04247104042938,270.23481351620546
3613000,1806500.0,-67.75178527832031,0.7156526663572115,-67.0361326119631,369.1025401923139
3614000,1807000.0,-67.61955261230469,0.5759335237181916,-67.0436190885865,297.041479169433
3615000,1807500.0,-67.7649154663086,0.7128745731072728,-67.05204089320132,367.669720440991
3616000,1808000.0,-67.55633544921875,0.5103780714033611,-67.04595737781538,263.23082616645445
3617000,1808500.0,-67.56756591796875,0.520173687118747,-67.04739223085001,268.2829789959836
3618000,1809000.0,-67.76036834716797,0.7238064157574066,-67.03656193141056,373.30788973851594
3619000,1809500.0,-67.65934753417969,0.619548542092899,-67.03979899208679,319.53620996472574
3620000,1810000.0,-67.52298736572266,0.4743523244721997,-67.04863504125046,244.65031172178394
3621000,1810500.0,-67.52945709228516,0.4873307919806761,-67.04212630030447,251.34404116677555
3622000,1811000.0,-67.5835952758789,0.5493248437861685,-67.03427043209274,283.3178785796858
3623000,1811500.0,-67.5973892211914,0.5628414701818051,-67.0345477510096,290.28916698814635
3624000,1812000.0,-67.46182250976562,0.41188178805532255,-67.0499407217103,212.43072425624013
3625000,1812500.0,-67.63089752197266,0.592127938444048,-67.0387695835286,305.39385441127666
3626000,1813000.0,-67.46543884277344,0.43293045591040313,-67.03250838686303,223.28671227696617
3627000,1813500.0,-67.6527328491211,0.6062369164973072,-67.04649593262378,312.6706520587771
3628000,1814000.0,-67.62101745605469,0.5870884619778632,-67.03392899407683,302.7947114857339
3629000,1814500.0,-67.65129089355469,0.6109044685421219,-67.04038642501257,315.07797253309366
3630000,1815000.0,-67.69549560546875,0.6448275315238385,-67.0506680739449,332.57401398765825
3631000,1815500.0,-67.66370391845703,0.6167697412716934,-67.04693417718534,318.10302527889723
3632000,1816000.0,-67.67208099365234,0.630922497212432,-67.0411584964399,325.40240165799827
3633000,1816500.0,-67.66742706298828,0.6075730257922342,-67.05985403719605,313.3597591604699
3634000,1817000.0,-67.51850128173828,0.4794488975325007,-67.03905238420577,247.2789025889265
3635000,1817500.0,-67.5366439819336,0.4933580204296463,-67.04328596150394,254.45262363340453
3636000,1818000.0,-67.70735931396484,0.6565214690907409,-67.05083784487411,338.6052387195725
3637000,1818500.0,-67.49889373779297,0.46254899317524667,-67.03634474461772,238.56266645859668
3638000,1819000.0,-67.72798919677734,0.6806184498300263,-67.04737074694732,351.03341403415453
3639000,1819500.0,-67.56695556640625,0.5481370952919012,-67.01881847111434,282.7052895306221
3640000,1820000.0,-67.58747863769531,0.552538611253787,-67.03494002644153,284.97540015635144
3641000,1820500.0,-67.68151092529297,0.6399056888664908,-67.04160523642648,330.03554146787985
3642000,1821000.0,-67.49713897705078,0.45986515581536336,-67.03727382123542,237.17845979862804
3643000,1821500.0,-67.59603881835938,0.5496654930475258,-67.04637332531185,283.4935706627204
3644000,1822000.0,-67.59709167480469,0.5490014119662491,-67.04809026283844,283.1510665046062
3645000,1822500.0,-67.48871612548828,0.44452860282068013,-67.0441875226676,229.26853235163645
3646000,1823000.0,-67.59642028808594,0.5564365496769231,-67.03998373840902,286.9857873750789
3647000,1823500.0,-67.73763275146484,0.6951595542285457,-67.0424731972363,358.5330836686084
3648000,1824000.0,-67.56192779541016,0.5118796574914583,-67.0500481379187,264.00527900578396
3649000,1824500.0,-67.49600982666016,0.45771741760053997,-67.03829240905962,236.07074977667762
3650000,1825000.0,-67.79998016357422,0.7449379178107887,-67.05504224576343,384.20660003842175
3651000,1825500.0,-67.62344360351562,0.575067508833682,-67.04837609468194,296.5948263324584
3652000,1826000.0,-67.5562973022461,0.5209409616642395,-67.03535634058186,268.6787058577415
3653000,1826500.0,-67.6120834350586,0.5726387775656208,-67.03944465749298,295.342192306725
3654000,1827000.0,-67.51538848876953,0.49626699685313735,-67.0191214919164,255.95294723694178
3655000,1827500.0,-67.541259765625,0.5088289800723216,-67.03243078555268,262.43187218758226
3656000,1828000.0,-67.5317153930664,0.49263104292345183,-67.03908435014296,254.07768023304678
3657000,1828500.0,-67.6128921508789,0.574096455569313,-67.03879569530959,296.09399926453864
3658000,1829000.0,-67.5638427734375,0.5220464027505234,-67.04179637068698,269.24884432317504
3659000,1829500.0,-67.58782958984375,0.5330491618871177,-67.05478042795663,274.92358926210335
3660000,1830000.0,-67.65010070800781,0.5971698557363423,-67.05293085227147,307.99425620883875
3661000,1830500.0,-67.45653533935547,0.4109403143858639,-67.0455950249696,211.94515305772816
3662000,1831000.0,-67.68936920166016,0.65298104500372,-67.03638815665644,336.77924185641655
3663000,1831500.0,-67.4772720336914,0.4302508444643771,-67.04702118922702,221.9046851596901
3664000,1832000.0,-67.59837341308594,0.5523240405977596,-67.04604937248818,284.86473393806773
3665000,1832500.0,-67.57009887695312,0.5173066390988601,-67.05279223785426,266.80428024065
3666000,1833000.0,-67.55484008789062,0.5131362194438662,-67.04170386844676,264.6533590456497
3667000,1833500.0,-67.63561248779297,0.5832120124014674,-67.05240047539151,300.79540728016417
3668000,1834000.0,-67.50605010986328,0.4720164212389665,-67.03403368862432,243.44555436173871
3669000,1834500.0,-67.64446258544922,0.5828816723387873,-67.06158091311043,300.6250322337284
3670000,1835000.0,-67.62067413330078,0.564456577642439,-67.05621755565834,291.12216921733943
3671000,1835500.0,-67.61123657226562,0.5510031457248279,-67.06023342654079,284.1834737739607
3672000,1836000.0,-67.73344421386719,0.6715699657681605,-67.06187424809903,346.36659923819417
3673000,1836500.0,-67.5288314819336,0.4677007025823389,-67.06113077935126,241.219694256969
3674000,1837000.0,-67.65460968017578,0.6008756255991612,-67.05373405457662,309.9055312365655
3675000,1837500.0,-67.65250396728516,0.6035131511058971,-67.04899081617926,311.26585225557824
3676000,1838000.0,-67.5419692993164,0.4776210352299744,-67.06434826408643,246.336170659458
3677000,1838500.0,-67.54841613769531,0.5037993461190036,-67.0446167915763,259.8378056023813
3678000,1839000.0,-67.60414123535156,0.5358216621214489,-67.06831957323011,276.3535243790706
3679000,1839500.0,-67.74967193603516,0.6927613904554556,-67.0569105455797,357.29621502819606
3680000,1840000.0,-67.55028533935547,0.5167698187016357,-67.03351552065384,266.52741161211384
3681000,1840500.0,-67.45807647705078,0.4170658610915084,-67.04101061595927,215.10444380784674
3682000,1841000.0,-67.65423583984375,0.603204926384884,-67.05103091345886,311.10688334115343
3683000,1841500.0,-67.64192199707031,0.5963640961185674,-67.04555790095175,307.5786804195121
3684000,1842000.0,-67.5741195678711,0.5311184511371035,-67.04300111673399,273.92781257362367
3685000,1842500.0,-67.48560333251953,0.4280296279688505,-67.05757370455068,220.75907823421164
3686000,1843000.0,-67.60057830810547,0.5517187047281069,-67.04885960337737,284.5525280068083
3687000,1843500.0,-67.71963500976562,0.6594658299932151,-67.06016917977242,340.1238120994189
3688000,1844000.0,-67.694091796875,0.6337636478603548,-67.06032814901465,326.8677436744757
3689000,1844500.0,-67.64266967773438,0.5852698516851389,-67.05739982604923,301.856751340792
3690000,1845000.0,-67.65190887451172,0.6024962492357869,-67.04941262527593,310.7413784695801
3691000,1845500.0,-67.52174377441406,0.46759273608119717,-67.05415103833286,241.16400982833417
3692000,1846000.0,-67.5843276977539,0.5317407094169189,-67.05258698833698,274.24874634852966
3693000,1846500.0,-67.54310607910156,0.49111866536107596,-67.05198741374049,253.29766162032473
3694000,1847000.0,-67.48245239257812,0.4281986022601574,-67.05425379031797,220.84622782937214
3695000,1847500.0,-67.51072692871094,0.4667604956894667,-67.04396643302147,240.73477640676114
3696000,1848000.0,-67.72401428222656,0.6621907428967374,-67.06182353932982,341.52920373948984
3697000,1848500.0,-67.5267105102539,0.46035361883666054,-67.06635689141724,237.43038779446508
3698000,1849000.0,-67.80558013916016,0.7370051554777678,-67.06857498368238,380.1152260164903
3699000,1849500.0,-67.533203125,0.4751540515128857,-67.05804907348711,245.06380768311996
3700000,1850000.0,-67.44127655029297,0.3837036537753135,-67.05757289651766,197.8976673285376
3701000,1850500.0,-67.7445068359375,0.6942184406877453,-67.05028839524975,358.04769820880574
3702000,1851000.0,-67.57025909423828,0.5075144867165444,-67.06274460752174,261.7539136477882
3703000,1851500.0,-67.8026123046875,0.7426179579181872,-67.05999434676932,383.01006556051334
3704000,1852000.0,-67.68241119384766,0.6395577922518819,-67.04285340159578,329.85611151503684
3705000,1852500.0,-67.69194030761719,0.6322469535630671,-67.05969335405412,326.08549867750867
3706000,1853000.0,-67.73827362060547,0.6822693087348144,-67.05600431187065,351.88485530434224
3707000,1853500.0,-67.47681427001953,0.4186830265496731,-67.05813124346986,215.93850746271744
3708000,1854000.0,-67.45941162109375,0.41578329136160935,-67.04362832973214,214.4429500867527
3709000,1854500.0,-67.48854064941406,0.426879527677817,-67.06166112173625,220.1659064920351
3710000,1855000.0,-67.588623046875,0.5490058997807693,-67.03961714709423,283.1533811242774
3711000,1855500.0,-67.5091781616211,0.44921775924830576,-67.0599604023728,231.68699542759435
3712000,1856000.0,-67.56014251708984,0.48596932032932455,-67.07417319676053,250.64185326398803
3713000,1856500.0,-67.72074890136719,0.6454900766929866,-67.07525882467421,332.91572598905344
3714000,1857000.0,-67.6207046508789,0.5634482201581442,-67.05725643072076,290.60210225417194
3715000,1857500.0,-67.69209289550781,0.6107731618339642,-67.08131973367385,315.01025024013836
3716000,1858000.0,-67.64897918701172,0.5954801050024794,-67.05349908200924,307.122756223608
3717000,1858500.0,-67.7343521118164,0.6713182425705991,-67.06303386924581,346.23677135378455
3718000,1859000.0,-67.55632781982422,0.49948712487760855,-67.05684069494662,257.61374931237697
3719000,1859500.0,-67.56499481201172,0.5051864018102191,-67.0598084102015,260.5531886409465
3720000,1860000.0,-67.67042541503906,0.6153025810366463,-67.05512283400242,317.34632779828627
3721000,1860500.0,-67.69979858398438,0.6324807962348028,-67.06731778774957,326.2061045638562
3722000,1861000.0,-67.47074890136719,0.4145230719911913,-67.05622582937599,213.79298370964332
3723000,1861500.0,-67.5187759399414,0.4827494616289755,-67.03602647831244,248.98119009422913
3724000,1862000.0,-67.61343383789062,0.5554516676472356,-67.05798217024339,286.4778280310611
3725000,1862500.0,-67.82051849365234,0.7693799984313924,-67.05113849522095,396.8127628723727
3726000,1863000.0,-67.48967742919922,0.4417669426321757,-67.04791048656705,227.84418805915507
3727000,1863500.0,-67.6635513305664,0.6163763051078327,-67.04717502545857,317.9001080058803
3728000,1864000.0,-67.56632232666016,0.510770132418279,-67.05555219424188,263.4330341974161
3729000,1864500.0,-67.44395446777344,0.39703144697803416,-67.0469230207954,204.7715637835347
3730000,1865000.0,-67.71656799316406,0.6712642462868732,-67.0453037468772,346.2089224175322
3731000,1865500.0,-67.59520721435547,0.5520042210929386,-67.04320299326253,284.69978493811027
3732000,1866000.0,-67.6994857788086,0.6408405621432595,-67.05864521666534,330.5177084707217
3733000,1866500.0,-67.62024688720703,0.5811020665872553,-67.03914482061978,299.70718893584086
3734000,1867000.0,-67.6091537475586,0.5526665729369535,-67.05648717462164,285.0413972308044
3735000,1867500.0,-67.54637145996094,0.4998128330103432,-67.0465586269506,257.781735410669
3736000,1868000.0,-67.66213989257812,0.5978985543620394,-67.06424133821609,308.3700872878292
3737000,1868500.0,-67.5000991821289,0.4492718238354424,-67.05082735829346,231.7148795917772
3738000,1869000.0,-67.64813995361328,0.5896509275772415,-67.05848902603604,304.116319866934
3739000,1869500.0,-67.47406768798828,0.4374316390904458,-67.03663604889783,225.60822692188668
3740000,1870000.0,-67.4384994506836,0.4027993018574985,-67.0357001488261,207.74637263642072
3741000,1870500.0,-67.6397705078125,0.5757427875263877,-67.0640277202861,296.943105731855
3742000,1871000.0,-67.66810607910156,0.625894669419102,-67.04221140968247,322.80926661161624
3743000,1871500.0,-67.62799835205078,0.5799763481922717,-67.0480220038585,299.1265923159126
3744000,1872000.0,-67.65963745117188,0.6153345929412303,-67.04430285823065,317.3628381473058
3745000,1872500.0,-67.55447387695312,0.5107902568087198,-67.0436836201444,263.4434134833193
3746000,1873000.0,-67.49403381347656,0.4665064540247597,-67.02752735945181,240.60375275776767
3747000,1873500.0,-67.6346664428711,0.5971583386559339,-67.03750810421516,307.9883161993423
3748000,1874000.0,-67.78995513916016,0.754428025200788,-67.03552711395938,389.10118495232496
3749000,1874500.0,-67.70903015136719,0.6751772650371097,-67.03385288633008,348.22708741352704
3750000,1875000.0,-67.61109924316406,0.587591970148336,-67.02350727301572,303.0543991155936
3751000,1875500.0,-67.64600372314453,0.6100715688074652,-67.03593215433706,314.64839905109693
3752000,1876000.0,-67.4645004272461,0.42891780089162995,-67.03558262635447,221.2171592242492
3753000,1876500.0,-67.46180725097656,0.44034078432529705,-67.02146646665126,227.10863759098632
3754000,1877000.0,-67.64799499511719,0.6070673464001671,-67.04092764871702,313.09895170888177
3755000,1877500.0,-67.52738189697266,0.5107582550903034,-67.01662364188235,263.42690838788224
3756000,1878000.0,-67.57001495361328,0.5510947442652335,-67.01892020934805,284.23071631986465
3757000,1878500.0,-67.55342864990234,0.5383720555209731,-67.01505659438138,277.66890644429196
3758000,1879000.0,-67.66690826416016,0.638282473662498,-67.02862579049766,329.19835761705707
3759000,1879500.0,-67.6038589477539,0.5829952712669636,-67.02086367648694,300.68362162342
3760000,1880000.0,-67.61399841308594,0.5918507964884534,-67.02214761659748,305.250916636274
3761000,1880500.0,-67.5586929321289,0.5178739481574394,-67.04081898397146,267.09687359555437
3762000,1881000.0,-67.41100311279297,0.38797026966524806,-67.02303284312772,200.09820236044885
3763000,1881500.0,-67.58221435546875,0.5322957185086488,-67.0499186369601,274.53499591513867
3764000,1882000.0,-67.6560287475586,0.6089333150034306,-67.04709543255517,314.06133721201894
3765000,1882500.0,-67.49424743652344,0.4825049395511757,-67.01174249697226,248.85507623440324
3766000,1883000.0,-67.58778381347656,0.5605445319620408,-67.02723928151453,289.1045060884738
3767000,1883500.0,-67.55223083496094,0.5246030116584253,-67.02762782330251,270.56743207746683
3768000,1884000.0,-67.46025848388672,0.43271417736402523,-67.0275443065227,223.17516520307134
3769000,1884500.0,-67.66121673583984,0.6435875262558266,-67.01762920958402,331.93447316598457
3770000,1885000.0,-67.6151123046875,0.5865149879270743,-67.02859731676043,302.4989384958029
3771000,1885500.0,-67.77400970458984,0.738825759573693,-67.03518394501616,381.05421447846453
3772000,1886000.0,-67.64379119873047,0.6193572613612505,-67.02443393736922,319.43755567716374
3773000,1886500.0,-67.65493774414062,0.6280829893139768,-67.02685475482664,323.93790690029573
3774000,1887000.0,-67.63380432128906,0.61475307778317,-67.0190512435059,317.0629179037428
3775000,1887500.0,-67.5277099609375,0.5159542358463632,-67.01175572509113,266.106769423843
3776000,1888000.0,-67.85590362548828,0.846909859309423,-67.00899376617886,436.79929535676945
3777000,1888500.0,-67.46312713623047,0.434870857569088,-67.02825627866137,224.28748711493273
3778000,1889000.0,-67.74984741210938,0.732553206145259,-67.01729420596412,377.81910405022865
3779000,1889500.0,-67.58518981933594,0.5704929094411874,-67.01469690989475,294.23544679611615
3780000,1890000.0,-67.48639678955078,0.45766971144504,-67.02872707810575,236.04614501517023
3781000,1890500.0,-67.57684326171875,0.553197814940412,-67.02364544677833,285.3153887662953
3782000,1891000.0,-67.80502319335938,0.7780333408708766,-67.0269898524885,401.2757807939371
3783000,1891500.0,-67.5822525024414,0.5597268907980297,-67.02252561164337,288.68280231401786
3784000,1892000.0,-67.52117156982422,0.5075199615283981,-67.01365160829582,261.75673731778517
3785000,1892500.0,-67.6044921875,0.5801751911442163,-67.02431699635578,299.2291468680191
3786000,1893000.0,-67.53338623046875,0.49696217796350917,-67.03642405250524,256.31149143833215
3787000,1893500.0,-67.6392822265625,0.604594625717982,-67.03468760084452,311.8236298552983
3788000,1894000.0,-67.73384857177734,0.6968664878149242,-67.03698208396241,359.4134458223315
3789000,1894500.0,-67.62271118164062,0.5959101715718537,-67.02680101006877,307.34456586768556
3790000,1895000.0,-67.64421844482422,0.6189390610917178,-67.0252793837325,319.22186615478785
3791000,1895500.0,-67.64486694335938,0.6145446669900172,-67.03032227636936,316.95542867499756
3792000,1896000.0,-67.5791244506836,0.5620310351101117,-67.01709341557348,289.8711798029024
3793000,1896500.0,-67.5318832397461,0.5038703343174724,-67.02801290542862,259.87441822972175
3794000,1897000.0,-67.5975341796875,0.5724684328425242,-67.02506574684497,295.2543359024118
3795000,1897500.0,-67.59354400634766,0.5872487885644792,-67.00629521778318,302.8774009706785
3796000,1898000.0,-67.66020965576172,0.6534095752194025,-67.00680008054232,337.0002591160359
3797000,1898500.0,-67.66468048095703,0.6481234952580281,-67.016556985699,334.27392882604425
3798000,1899000.0,-67.5616683959961,0.5366109018663324,-67.02505749412975,276.7605799359793
3799000,1899500.0,-67.59687042236328,0.6026129845840295,-66.99425743777925,310.8015854884205
3800000,1900000.0,-67.61186218261719,0.6028039238391605,-67.00905825877803,310.90006365723673
3801000,1900500.0,-67.45514678955078,0.4561373439713759,-66.9990094455794,235.25581647504686
3802000,1901000.0,-67.65284729003906,0.6255875465632937,-67.02725974347577,322.65086599137265
3803000,1901500.0,-67.71526336669922,0.6949024803304342,-67.02036088636878,358.4004961254178
3804000,1902000.0,-67.57992553710938,0.5692417819133261,-67.01068375519606,293.5901695962299
3805000,1902500.0,-67.58487701416016,0.5745153728139814,-67.01036164134618,296.31005857152695
3806000,1903000.0,-67.72423553466797,0.6947851938952846,-67.02945034077268,358.3400048799032
3807000,1903500.0,-67.58251190185547,0.56743505409508,-67.01507684776038,292.6583379151642
3808000,1904000.0,-67.67415618896484,0.6631737237329858,-67.01098246523186,342.0361825305652
3809000,1904500.0,-67.56995391845703,0.5585639299954147,-67.01138998846162,288.08299767893664
3810000,1905000.0,-67.64035034179688,0.6423299012204944,-66.99802044057638,331.28584483415233
3811000,1905500.0,-67.57815551757812,0.5743427236661175,-67.003812793912,296.22101364507824
3812000,1906000.0,-67.64148712158203,0.621545134142383,-67.01994198743965,320.5659653640083
3813000,1906500.0,-67.56822204589844,0.5400271057850452,-67.0281949401134,278.52250943542515
3814000,1907000.0,-67.5814437866211,0.5543350150638827,-67.02710877155721,285.90190716273565
3815000,1907500.0,-67.50137329101562,0.49666171343609855,-67.00471157757953,256.15652489447865
3816000,1908000.0,-67.63655853271484,0.6265633776291454,-67.0099951550857,323.1541572416349
3817000,1908500.0,-67.47372436523438,0.4593937669073859,-67.01433059832699,236.93533788833238
3818000,1909000.0,-67.61614990234375,0.5927823977233307,-67.02336750462042,305.73139606212425
3819000,1909500.0,-67.6951904296875,0.665650428878641,-67.02954000080886,343.31355939722584
3820000,1910000.0,-67.65617370605469,0.6295418653262906,-67.0266318407284,324.69033173888624
3821000,1910500.0,-67.60601806640625,0.5938357111137845,-67.01218235529247,306.2746493277259
3822000,1911000.0,-67.50330352783203,0.478185784699862,-67.02511774313217,246.62744388976512
3823000,1911500.0,-67.63528442382812,0.6109784620345946,-67.02430596179353,315.11613516045924
3824000,1912000.0,-67.4573745727539,0.43238578697720004,-67.0249887857767,223.00579571470084
3825000,1912500.0,-67.82412719726562,0.8011326709946123,-67.022994526271,413.18941128288714
3826000,1913000.0,-67.62105560302734,0.6013100592901615,-67.01974554373719,310.1295932521652
3827000,1913500.0,-67.41649627685547,0.39619951411727145,-67.0202967627382,204.34248897306833
3828000,1914000.0,-67.80813598632812,0.7749324533125589,-67.03320353301557,399.6764777682784
3829000,1914500.0,-67.58011627197266,0.5563325346782658,-67.0237837372944,286.93214095967755
3830000,1915000.0,-67.63855743408203,0.607491428956506,-67.03106600512552,313.31767505912467
3831000,1915500.0,-67.40475463867188,0.3788474240684107,-67.02590721460346,195.3930351167986
3832000,1916000.0,-67.6943130493164,0.6707360425456275,-67.02357700677078,345.9364978856357
3833000,1916500.0,-67.47820281982422,0.4509917097746996,-67.02721111004952,232.60192200615424
3834000,1917000.0,-67.53824615478516,0.5443646638721233,-66.99388149091303,280.75963336919267
3835000,1917500.0,-67.5749740600586,0.5432102628699762,-67.03176379718862,280.16424350714976
3836000,1918000.0,-67.48170471191406,0.46419642224723445,-67.01750828966682,239.41233877010015
3837000,1918500.0,-67.52883911132812,0.5009536851386751,-67.02788542618946,258.37013735248604
3838000,1919000.0,-67.49054718017578,0.4709175967510664,-67.01962958342472,242.87882845016784
3839000,1919500.0,-67.63951873779297,0.6196768733455603,-67.01984186444741,319.60239764706114
3840000,1920000.0,-67.61634063720703,0.5949540173231405,-67.02138661988388,306.8514230644705
3841000,1920500.0,-67.67267608642578,0.6258310542767564,-67.04684503214902,322.7764566861618
3842000,1921000.0,-67.71154022216797,0.6891338596425487,-67.02240636252542,355.4252923018333
3843000,1921500.0,-67.47599792480469,0.45741578029187935,-67.0185821445128,235.9151783632291
3844000,1922000.0,-67.48673248291016,0.45415709382573305,-67.03257538908443,234.23448951948131
3845000,1922500.0,-67.74242401123047,0.7155251669122089,-67.02689884431825,369.0367815202152
3846000,1923000.0,-67.64134216308594,0.6174332891838094,-67.02390887390213,318.44525445153204
3847000,1923500.0,-67.55850219726562,0.5461338576928096,-67.01236833957282,281.672106645694
3848000,1924000.0,-67.53656005859375,0.5131574508894362,-67.02340260770431,264.6643093024715
3849000,1924500.0,-67.61463165283203,0.6019275433822513,-67.01270410944979,310.4480647085476
3850000,1925000.0,-67.60888671875,0.587127401743957,-67.02175931700604,302.8147949246077
3851000,1925500.0,-67.48954010009766,0.4737934908800392,-67.01574660921762,244.36208964408084
3852000,1926000.0,-67.75466918945312,0.7168347811292077,-67.03783440832392,369.71222361229417
3853000,1926500.0,-67.5088882446289,0.47563362852180796,-67.0332546161071,245.31115265999549
3854000,1927000.0,-67.46989440917969,0.4469410432659391,-67.02295336591375,230.51276427903252
3855000,1927500.0,-67.62989044189453,0.6144435184174435,-67.01544692347709,316.9032606375838
3856000,1928000.0,-67.56175231933594,0.5406791993823675,-67.02107311995357,278.8588309703395
3857000,1928500.0,-67.49144744873047,0.4696431956001216,-67.02180425313034,242.2215477270594
3858000,1929000.0,-67.66183471679688,0.6366271337966526,-67.02520758300022,328.3446052619164
3859000,1929500.0,-67.65365600585938,0.638099939182788,-67.01555606667658,329.104214266098
3860000,1930000.0,-67.4095687866211,0.3940378735774146,-67.01553091304368,203.22760873611605
3861000,1930500.0,-67.4261245727539,0.40399966507845003,-67.02212490767546,208.36546781322187
3862000,1931000.0,-67.47899627685547,0.46846657942349607,-67.01052969743198,241.6147002435805
3863000,1931500.0,-67.72736358642578,0.7183188829776836,-67.0090447034481,370.47765884076176
3864000,1932000.0,-67.49664306640625,0.513163287248877,-66.98347977915738,264.6673194429997
3865000,1932500.0,-67.76535034179688,0.7396565252616154,-67.02569381653527,381.48268731190984
3866000,1933000.0,-67.4776382446289,0.4587859182769316,-67.01885232635198,236.62183598426608
3867000,1933500.0,-67.75863647460938,0.7438474960940756,-67.0147889785153,383.6442079110113
3868000,1934000.0,-67.71800994873047,0.6997752111009178,-67.01823473762956,360.9136388685499
3869000,1934500.0,-67.474609375,0.47181446047937947,-67.00279491452062,243.3413917799626
3870000,1935000.0,-67.36322021484375,0.353394635453997,-67.00982557938976,182.2655930290347
3871000,1935500.0,-67.64446258544922,0.6406824415882347,-67.00378014386098,330.4361567609889
3872000,1936000.0,-67.38922882080078,0.3979393136973192,-66.99128950710346,205.23980197783902
3873000,1936500.0,-67.63957977294922,0.6411027604443328,-66.99847701250489,330.652938958233
3874000,1937000.0,-67.72193145751953,0.7149261242054877,-67.00700533331404,368.72782132886994
3875000,1937500.0,-67.45075225830078,0.4600615756076746,-66.99069068269311,237.2797645903158
3876000,1938000.0,-67.61666107177734,0.6211282878569464,-66.9955327839204,320.35097416777967
3877000,1938500.0,-67.56916809082031,0.5661893878293692,-67.00297870299094,292.015877396927
3878000,1939000.0,-67.4685287475586,0.4618008783845911,-67.006727869174,238.17682136562448
3879000,1939500.0,-67.70881652832031,0.7004740903543443,-67.00834243796596,361.27409041139185
3880000,1940000.0,-67.65546417236328,0.6632208785351361,-66.99224329382814,342.06050292797886
3881000,1940500.0,-67.55989837646484,0.5438484700980498,-67.01604990636679,280.4934030563625
3882000,1941000.0,-67.49732971191406,0.4869587807677084,-67.01037093114635,251.15217395221555
3883000,1941500.0,-67.74537658691406,0.737495169136779,-67.00788141777728,380.36795376386334
3884000,1942000.0,-67.55973815917969,0.5622760001851839,-66.99746215899451,289.997522141467
3885000,1942500.0,-67.55131530761719,0.5611067285060363,-66.99020857911115,289.39446263056607
3886000,1943000.0,-67.80540466308594,0.7929733823842858,-67.01243128070165,408.9812048528555
3887000,1943500.0,-67.69767761230469,0.6958874783515274,-67.00179013395316,358.9085152927613
3888000,1944000.0,-67.60218048095703,0.6055457397700847,-66.99663474118695,312.3141731441687
3889000,1944500.0,-67.60969543457031,0.618092396248384,-66.99160303832193,318.7851932280219
3890000,1945000.0,-67.64584350585938,0.6383992162576685,-67.00744428960171,329.2585683735479
3891000,1945500.0,-67.63520812988281,0.6471645139294763,-66.98804361595333,333.77932793792456
3892000,1946000.0,-67.63087463378906,0.634454485002215,-66.99642014878685,327.224047445714
3893000,1946500.0,-67.5144271850586,0.5042496328047611,-67.01017755225384,260.07004390364256
3894000,1947000.0,-67.5301742553711,0.5272616089485976,-67.0029126464225,271.9386210065125
3895000,1947500.0,-67.5962905883789,0.5852142530612873,-67.01107633531763,301.8280759871469
3896000,1948000.0,-67.39945983886719,0.3861525940357993,-67.01330724483138,199.16072427420036
3897000,1948500.0,-67.57205200195312,0.5504526308439182,-67.0215993711092,283.8995421259565
3898000,1949000.0,-67.54711151123047,0.5279629407463192,-67.01914857048415,272.3003374651045
3899000,1949500.0,-67.54902648925781,0.5560349886371264,-66.99299150062069,286.77867964419363
3900000,1950000.0,-67.60344696044922,0.5894558262411488,-67.01399113420807,304.0156950776584
3901000,1950500.0,-67.5286865234375,0.5080540570279682,-67.02063246640954,262.03220056254617
3902000,1951000.0,-67.49384307861328,0.46583514265950987,-67.02800793595377,240.25751953343703
3903000,1951500.0,-67.59930419921875,0.575978498216506,-67.02332570100225,297.06467506089274
3904000,1952000.0,-67.59539794921875,0.5863123869750215,-67.00908556224373,302.39444573057824
3905000,1952500.0,-67.43035125732422,0.4281384985918849,-67.00221275873233,220.81522896962198
3906000,1953000.0,-67.64559173583984,0.6322842314247684,-67.01330750441508,326.10472497832984
3907000,1953500.0,-67.58915710449219,0.5612739348210849,-67.0278831696711,289.4807003804159
3908000,1954000.0,-67.69598388671875,0.6812650156990107,-67.01471887101974,351.36688460704926
3909000,1954500.0,-67.53299713134766,0.5140681340144763,-67.01892899733318,265.1340000764521
3910000,1955000.0,-67.47734832763672,0.4635054666801308,-67.01384286095659,239.05597392026854
3911000,1955500.0,-67.57776641845703,0.5638337807056293,-67.0139326377514,290.800957626568
3912000,1956000.0,-67.6788330078125,0.663307119852877,-67.01552588795963,342.10498245127854
3913000,1956500.0,-67.63729858398438,0.6201839528284184,-67.01711463115596,319.8639272046258
3914000,1957000.0,-67.66834259033203,0.661362248301669,-67.00698034203036,341.10190223702784
3915000,1957500.0,-67.67914581298828,0.6739678752455621,-67.00517793774272,347.60333672394313
3916000,1958000.0,-67.43679809570312,0.43951036653545633,-66.99728772916767,226.68034418825047
3917000,1958500.0,-67.55875396728516,0.5561450099732634,-67.00260895731189,286.83542386740777
3918000,1959000.0,-67.49400329589844,0.4867709755507312,-67.00723232034771,251.0553121840613
3919000,1959500.0,-67.36580657958984,0.356279795641433,-67.00952678394842,183.7536332531632
3920000,1960000.0,-67.57716369628906,0.5664638813896865,-67.01069981489938,292.1574492447554
3921000,1960500.0,-67.69129180908203,0.6799322370570589,-67.01135957202497,350.67949531139766
3922000,1961000.0,-67.72511291503906,0.6966905724000458,-67.02842234263902,359.3227162973217
3923000,1961500.0,-67.54118347167969,0.5257055634110384,-67.01547790826865,271.1360803501749
3924000,1962000.0,-67.76123809814453,0.7483910477961275,-67.0128470503484,385.9875743980794
3925000,1962500.0,-67.5005111694336,0.48733573398711205,-67.01317543544648,251.34659003889595
3926000,1963000.0,-67.86499786376953,0.8444622322876097,-67.02053563148192,435.53691572253547
3927000,1963500.0,-67.68480682373047,0.668240263166806,-67.01656656056366,344.64928335855
3928000,1964000.0,-67.58277130126953,0.5692039139474762,-67.01356738732206,293.57063894533707
3929000,1964500.0,-67.58165740966797,0.5707019542045961,-67.01095545546337,294.3432629991645
3930000,1965000.0,-67.49981689453125,0.48398064575083655,-67.01583624878042,249.61618135212035
3931000,1965500.0,-67.64818572998047,0.645949581975498,-67.00223614800497,333.15271884184335
3932000,1966000.0,-67.69696044921875,0.6777312998204451,-67.0192291493983,349.5443475462491
3933000,1966500.0,-67.55806732177734,0.5587509299503542,-66.999316391827,288.17944412793173
3934000,1967000.0,-67.55850982666016,0.5431945493452945,-67.01531527731485,280.1561391540913
3935000,1967500.0,-67.47480010986328,0.46556430298942286,-67.00923580687386,240.11783220337674
3936000,1968000.0,-67.57837677001953,0.5759694159188795,-67.00240735410065,297.0599908065298
3937000,1968500.0,-67.69607543945312,0.679198725023156,-67.01687671442997,350.3011816856646
3938000,1969000.0,-67.49024200439453,0.4864973952877269,-67.0037446091068,250.9142113752914
3939000,1969500.0,-67.67584991455078,0.6695935496229218,-67.00625636492786,345.3472496933962
3940000,1970000.0,-67.42060852050781,0.4107646580184535,-67.00984386248936,211.8545571381431
3941000,1970500.0,-67.60869598388672,0.6068828066179742,-67.00181317726874,313.0037741100605
3942000,1971000.0,-67.63103485107422,0.6192979598351382,-67.01173689123908,319.4069705274755
3943000,1971500.0,-67.58457946777344,0.5824948777425932,-67.00208459003085,300.42554039264496
3944000,1972000.0,-67.67498016357422,0.6797734610563643,-66.99520670251785,350.5976055512767
3945000,1972500.0,-67.5259780883789,0.5357094880729067,-66.990268600306,276.29566988036345
3946000,1973000.0,-67.77490997314453,0.7907142665459499,-66.98419570659858,407.8160510936124
3947000,1973500.0,-67.57017517089844,0.5829704446331179,-66.98720472626532,300.6708171247467
3948000,1974000.0,-67.62109375,0.623771743743663,-66.99732200625634,321.7143538190285
3949000,1974500.0,-67.66695404052734,0.6711847114636874,-66.99576932906366,346.16790181263315
3950000,1975000.0,-67.56441497802734,0.5575002928549496,-67.00691468517239,287.5344198717905
3951000,1975500.0,-67.61170196533203,0.6325841751182799,-66.97911779021375,326.25942289869573
3952000,1976000.0,-67.5987777709961,0.6103942000293152,-66.98838357096677,314.8147982124895
3953000,1976500.0,-67.58545684814453,0.5998698350846396,-66.9855870130599,309.38678820483625
3954000,1977000.0,-67.74882507324219,0.7525673549521621,-66.99625771829002,388.1415321102223
3955000,1977500.0,-67.51708984375,0.5180055888024544,-66.99908425494755,267.16476811862645
3956000,1978000.0,-67.48714447021484,0.4923264898005311,-66.99481798041431,253.92060496933578
3957000,1978500.0,-67.55223083496094,0.5582056004130358,-66.9940252345479,287.89818685477616
3958000,1979000.0,-67.6581802368164,0.6649526059637623,-66.99322763085264,342.9536526678941
3959000,1979500.0,-67.69084167480469,0.7023244938824807,-66.9885171809222,362.2284481252987
3960000,1980000.0,-67.52953338623047,0.5612688806992164,-66.96826450553125,289.4780936840284
3961000,1980500.0,-67.58370971679688,0.5991249103573194,-66.98458480643956,309.00258840787956
3962000,1981000.0,-67.72526550292969,0.7368154899558759,-66.98845001297381,380.0174047839173
3963000,1981500.0,-67.58474731445312,0.5988882998013916,-66.98585901465174,308.88055496716896
3964000,1982000.0,-67.66223907470703,0.6700367750020547,-66.99220229970497,345.5758460796129
3965000,1982500.0,-67.3064193725586,0.3283447918587246,-66.97807458069987,169.34597246854875
3966000,1983000.0,-67.70381927490234,0.7153045344298273,-66.98851474047251,368.9229888753691
3967000,1983500.0,-67.7315902709961,0.7353737836527197,-66.99621648734337,379.2738353350464
3968000,1984000.0,-67.45144653320312,0.4489956500538761,-67.00245088314925,231.5724411588576
3969000,1984500.0,-67.47118377685547,0.4934637649076903,-66.97772001194778,254.5071620391035
3970000,1985000.0,-67.52171325683594,0.5400104657052147,-66.98170279113073,278.51392720549273
3971000,1985500.0,-67.58040618896484,0.583252377566145,-66.9971538113987,300.8162258776741
3972000,1986000.0,-67.43753814697266,0.4520316212777622,-66.98550652569489,233.1382631607389
3973000,1986500.0,-67.50768280029297,0.5313028893462828,-66.97637991094669,274.0229377854993
3974000,1987000.0,-67.54200744628906,0.5588841947487198,-66.98312325154035,288.24817631870985
3975000,1987500.0,-67.48297119140625,0.5153074992825253,-66.96766369212372,265.77321081396184
3976000,1988000.0,-67.45440673828125,0.47440841653898796,-66.97999832174226,244.67924157184873
3977000,1988500.0,-67.56239318847656,0.5729259870787133,-66.98946720139784,295.490322490309
3978000,1989000.0,-67.54447937011719,0.5655544073830235,-66.97892496273417,291.6883820814807
3979000,1989500.0,-67.67279815673828,0.6942300003324411,-66.97856815640584,358.05366017111163
3980000,1990000.0,-67.74444580078125,0.7470698522426543,-66.99737594853859,385.30615915601794
3981000,1990500.0,-67.51799774169922,0.5323909018108887,-66.98560683988833,274.5840873253886
3982000,1991000.0,-67.60234069824219,0.6044620033579815,-66.99787869488421,311.75522900630597
3983000,1991500.0,-67.49087524414062,0.5149261962029006,-66.97594904793772,265.57655125844167
3984000,1992000.0,-67.51850128173828,0.549336638363579,-66.9691646433747,283.32396171007485
3985000,1992500.0,-67.65140533447266,0.6547985415899329,-66.99660679288273,337.7166275999459
3986000,1993000.0,-67.52850341796875,0.5499420650471305,-66.97856135292162,283.6362144791961
3987000,1993500.0,-67.52764129638672,0.5453749740152117,-66.9822663223715,281.2807074288956
3988000,1994000.0,-67.54156494140625,0.5535746266625952,-66.98799031474366,285.5097318748594
3989000,1994500.0,-67.5723876953125,0.5924778803494598,-66.97990981496304,305.5743392362193
3990000,1995000.0,-67.61570739746094,0.6325140996630584,-66.98319329779788,326.2232810246508
3991000,1995500.0,-67.62979888916016,0.628297155152921,-67.00150173400723,324.0483643315229
3992000,1996000.0,-67.436767578125,0.4606512559904636,-66.97611632213453,237.58389610190073
3993000,1996500.0,-67.65830993652344,0.6792286366830839,-66.97908129984036,350.31660881977547
3994000,1997000.0,-67.47736358642578,0.48255687267554787,-66.99480671375024,248.88186108273402
3995000,1997500.0,-67.80247497558594,0.7972100509795063,-67.00526492460644,411.1662943717819
3996000,1998000.0,-67.49201965332031,0.5071699216541312,-66.98484973166619,261.5762019647652
3997000,1998500.0,-67.40670776367188,0.4249224604194435,-66.98178530325244,219.1565362621025
3998000,1999000.0,-67.69898223876953,0.7033202710915678,-66.99566196767796,362.74202672930295
3999000,1999500.0,-67.69108581542969,0.6942554325291982,-66.99683038290048,358.0667769928144
4000000,2000000.0,-67.74264526367188,0.749782141976812,-66.99286312169507,386.70504031398383
4001000,2000500.0,-67.47782135009766,0.5017540698129528,-66.97606728028471,258.78294097957325
4002000,2001000.0,-67.53587341308594,0.546375162907327,-66.98949825017861,281.7965613872565
4003000,2001500.0,-67.52327728271484,0.5389144041119008,-66.98436287860294,277.948626274863
4004000,2002000.0,-67.4947738647461,0.4838225829527155,-67.01095128179338,249.53465943088818
4005000,2002500.0,-67.58552551269531,0.5858117017230463,-66.99971381097227,302.13621403938424
4006000,2003000.0,-67.61659240722656,0.6186152078475066,-66.99797719937905,319.05483672737535
4007000,2003500.0,-67.60087585449219,0.6078589709109746,-66.99301688358122,313.5072372244027
4008000,2004000.0,-67.58917999267578,0.5914150540162328,-66.99776493865954,305.02617960820567
4009000,2004500.0,-67.63697052001953,0.6454070292472841,-66.99156349077225,332.87289372613276
4010000,2005000.0,-67.72856903076172,0.7230038562844615,-67.00556517447725,372.8939644448015
4011000,2005500.0,-67.74628448486328,0.7235931130198494,-67.02269137184344,373.1978774574703
4012000,2006000.0,-67.67597961425781,0.6701626196738484,-67.00581699458397,345.6407512916135
4013000,2006500.0,-67.63066864013672,0.6371727884515798,-66.99349585168514,328.6260302166036
4014000,2007000.0,-67.48235321044922,0.490929470984132,-66.99142373946509,253.20008338383803
4015000,2007500.0,-67.52181243896484,0.5205831281435326,-67.00122931082132,268.4941508806306
4016000,2008000.0,-67.46778869628906,0.4698061714268859,-66.99798252486218,242.305603574926
4017000,2008500.0,-67.38604736328125,0.38681894514640425,-66.99922841813485,199.50439921477758
4018000,2009000.0,-67.6070327758789,0.6022561123660165,-67.00477666351289,310.6175263094572
4019000,2009500.0,-67.67566680908203,0.6722606971113995,-67.00340611197063,346.722848443102
4020000,2010000.0,-67.70952606201172,0.6898666595267614,-67.01965940248496,355.80323863170906
4021000,2010500.0,-67.52507781982422,0.5364954644471596,-66.98858235537706,276.7010423325399
4022000,2011000.0,-67.80532836914062,0.793587962116141,-67.01174040702449,409.2981783664639
4023000,2011500.0,-67.6618881225586,0.6567241516283066,-67.00516397093028,338.70977356305866
4024000,2012000.0,-67.5565414428711,0.5737978397112488,-66.98274360315985,295.9399861839835
4025000,2012500.0,-67.78008270263672,0.777866137758728,-67.002216564878,401.18954469600396
4026000,2013000.0,-67.70252227783203,0.7041257873538511,-66.99839649047819,363.1574770064442
4027000,2013500.0,-67.54183959960938,0.551177946783921,-66.99066165282545,284.2736285626908
4028000,2014000.0,-67.46815490722656,0.47809265491432074,-66.99006225231224,246.57941159417427
4029000,2014500.0,-67.49063110351562,0.4925583426158953,-66.99807276089973,254.040184574254
4030000,2015000.0,-67.49346923828125,0.4832320826808008,-67.01023715560045,249.23010505612785
4031000,2015500.0,-67.53267669677734,0.5409720487437663,-66.99170464803358,279.0098699425495
4032000,2016000.0,-67.43052673339844,0.431348497550668,-66.99917823584776,222.47080691322475
4033000,2016500.0,-67.60761260986328,0.6072933117151502,-67.00031929814813,313.21549479699763
4034000,2017000.0,-67.7431411743164,0.7425134120407292,-67.00062776227568,382.95614534090066
4035000,2017500.0,-67.51740264892578,0.5200200481187242,-66.99738260080706,268.2037386775346
4036000,2018000.0,-67.6418685913086,0.6383558527234867,-67.0035127385851,329.2362033473688
4037000,2018500.0,-67.60926818847656,0.5940155222063377,-67.01525266627023,306.3673880739587
4038000,2019000.0,-67.55113220214844,0.5420703924421085,-67.00906180970632,279.57634788376356
4039000,2019500.0,-67.65046691894531,0.6575870157263476,-66.99287990321896,339.15480136131845
4040000,2020000.0,-67.4637222290039,0.46962685463783294,-66.99409537436607,242.21311976895421
4041000,2020500.0,-67.42122650146484,0.43147253831157917,-66.98975396315326,222.5347817463973
4042000,2021000.0,-67.6144790649414,0.622951142229252,-66.99152792271215,321.29112322450493
4043000,2021500.0,-67.72586059570312,0.7094002611819118,-67.01646033452121,365.8778213573214
4044000,2022000.0,-67.56312561035156,0.5581501359042588,-67.0049754744473,287.8695806718574
4045000,2022500.0,-67.5627670288086,0.568823045445505,-66.9939439833631,293.3742035260821
4046000,2023000.0,-67.60587310791016,0.6080399304289856,-66.99783317748117,313.6005682785715
4047000,2023500.0,-67.57572174072266,0.5833667512675332,-66.99235498945512,300.87521486171363
4048000,2024000.0,-67.61173248291016,0.6112994515426744,-67.00043303136748,315.2816875972445
4049000,2024500.0,-67.60182189941406,0.6127769293989143,-66.98904497001514,316.04370645842187
4050000,2025000.0,-67.37247467041016,0.3747620721297928,-66.99771259828036,193.2859881525233
4051000,2025500.0,-67.46611785888672,0.4665153127602263,-66.9996025461265,240.60832170848542
4052000,2026000.0,-67.5223388671875,0.5229920110387973,-66.9993468561487,269.73654797836497
4053000,2026500.0,-67.60841369628906,0.6180253875443883,-66.99038830874467,318.7506330509661
4054000,2027000.0,-67.44153594970703,0.45778168445580336,-66.98375426525122,236.10389582732904
4055000,2027500.0,-67.61287689208984,0.6254297467135205,-66.98744714537632,322.5694796874695
4056000,2028000.0,-67.76256561279297,0.7471600631055179,-67.01540554968746,385.3526859981596
4057000,2028500.0,-67.55521392822266,0.5705235465351622,-66.9846903816875,294.2512480775783
4058000,2029000.0,-67.58621978759766,0.5961649764910839,-66.99005481110657,307.47598317018804
4059000,2029500.0,-67.56705474853516,0.5851582838044421,-66.98189646473071,301.799209477113
4060000,2030000.0,-67.69161224365234,0.7005062682330007,-66.99110597541934,361.2906863626241
4061000,2030500.0,-67.63984680175781,0.6418811801497166,-66.9979656216081,331.05441400904976
4062000,2031000.0,-67.3887710571289,0.3847362722462685,-67.00403478488263,198.43024705414538
4063000,2031500.0,-67.54621124267578,0.5496437963039353,-66.99656744637184,283.4823804254034
4064000,2032000.0,-67.66632080078125,0.6654547319658018,-67.00086606881545,343.21262743535056
4065000,2032500.0,-67.62844848632812,0.6265810693197803,-67.00186741700834,323.16328184671306
4066000,2033000.0,-67.63848876953125,0.6434543038607837,-66.99503446567047,331.8657628449973
4067000,2033500.0,-67.59650421142578,0.6003582967636989,-66.99614591466208,309.6387155084053
4068000,2034000.0,-67.35265350341797,0.37209643908346357,-66.9805570643345,191.9111704862539
4069000,2034500.0,-67.73265075683594,0.7463538993084022,-66.98629685752753,384.9369017506963
4070000,2035000.0,-67.51013946533203,0.5165972822323703,-66.99354218309966,266.43842480038876
4071000,2035500.0,-67.39437866210938,0.4069046634705085,-66.98747399863886,209.8637397210473
4072000,2036000.0,-67.56459045410156,0.5704285771681823,-66.99416187693338,294.2022670058369
4073000,2036500.0,-67.52571105957031,0.5414693844003491,-66.98424167516997,279.2663740580269
4074000,2037000.0,-67.58214569091797,0.5742540102278447,-67.00789168069012,296.1752591094565
4075000,2037500.0,-67.60713958740234,0.6103775978851688,-66.99676198951717,314.80623554813405
4076000,2038000.0,-67.67276000976562,0.6666472157772841,-67.00611279398834,343.827658755218
4077000,2038500.0,-67.61482238769531,0.6170426539522418,-66.99777973374307,318.2437817776522
4078000,2039000.0,-67.63289642333984,0.6328134110666104,-67.00008301227324,326.3776528373374
4079000,2039500.0,-67.40520477294922,0.4113109194051715,-66.99389385354405,212.13629501871705
4080000,2040000.0,-67.65222930908203,0.6599874641409389,-66.99224184494109,340.39284832051754
4081000,2040500.0,-67.58386993408203,0.610163278889231,-66.9737066551928,314.6956991251864
4082000,2041000.0,-67.37361907958984,0.375795982844806,-66.99782309674504,193.8192343614502
4083000,2041500.0,-67.45892333984375,0.4810030450370507,-66.9779202948067,248.080464322334
4084000,2042000.0,-67.50868225097656,0.5448265809135212,-66.96385567006304,280.99787010239163
4085000,2042500.0,-67.53080749511719,0.5543194853966829,-66.9764880097205,285.89389763537514
4086000,2043000.0,-67.55186462402344,0.5652743891932934,-66.98659023483015,291.5439608699235
4087000,2043500.0,-67.48885345458984,0.5098523575920724,-66.97900109699778,262.9596858322074
4088000,2044000.0,-67.59333038330078,0.6024641688810716,-66.99086621441971,310.7248328169579
4089000,2044500.0,-67.42517852783203,0.4390939131437312,-66.9860846146883,226.46555562952145
4090000,2045000.0,-67.71817779541016,0.725296644300608,-66.99288115110954,374.0764848498324
4091000,2045500.0,-67.61024475097656,0.6300368493012158,-66.98020790167534,324.94562295917797
4092000,2046000.0,-67.57476806640625,0.5978733639792247,-66.97689470242703,308.3570951832478
4093000,2046500.0,-67.49913787841797,0.5213154033295856,-66.97782247508839,268.8718265940011
4094000,2047000.0,-67.74222564697266,0.7515200316772811,-66.99070561529537,387.6013682858788
4095000,2047500.0,-67.584716796875,0.5997971878454773,-66.98491960902952,309.34931991641463
4096000,2048000.0,-67.55445098876953,0.5604097418952875,-66.99404124687425,289.0349872305555
4097000,2048500.0,-67.66667938232422,0.669642828810456,-66.99703655351377,345.37266575645657
4098000,2049000.0,-67.37322998046875,0.3923555533217704,-66.98087442714699,202.35994106859238
4099000,2049500.0,-67.4347915649414,0.45680362157119014,-66.97798794337021,235.59945350195332
4100000,2050000.0,-67.67291259765625,0.6907129139905898,-66.98219968366566,356.2396999025628
4101000,2050500.0,-67.51058959960938,0.5295516565148765,-66.98103794309449,273.1197280066125
4102000,2051000.0,-67.64605712890625,0.6688484710892455,-66.977208657817,344.96297056980603
4103000,2051500.0,-67.63580322265625,0.6420129026429336,-66.99379032001332,331.12235074586704
4104000,2052000.0,-67.57435607910156,0.570569874578697,-67.00378620452287,294.2751420688323
4105000,2052500.0,-67.59918975830078,0.6144827823024758,-66.98470697599831,316.92351124291866
4106000,2053000.0,-67.54890441894531,0.5683412178903939,-66.98056320105492,293.1256978153001
4107000,2053500.0,-67.56981658935547,0.5826872953677656,-66.9871292939877,300.52478104047265
4108000,2054000.0,-67.4515609741211,0.4689661646503855,-66.98259480947071,241.87236458964665
4109000,2054500.0,-67.47901153564453,0.48727999884968554,-66.99173153679484,251.31784427748238
4110000,2055000.0,-67.56336212158203,0.5827915156425227,-66.9805706059395,300.5785333283642
4111000,2055500.0,-67.72333526611328,0.7357316823844867,-66.9876035837288,379.45842394518775
4112000,2056000.0,-67.73542022705078,0.7329751267618922,-67.0024451002889,378.03671236593794
4113000,2056500.0,-67.58470916748047,0.6085557542847349,-66.97615341319573,313.866607803608
4114000,2057000.0,-67.57133483886719,0.5970807304666613,-66.97425410840053,307.9482892684764
4115000,2057500.0,-67.52290344238281,0.5385617462945437,-66.98434169608826,277.7667407005832
4116000,2058000.0,-67.43212127685547,0.4474400582609604,-66.9846812185945,230.77013452428565
4117000,2058500.0,-67.61634063720703,0.6201627724428218,-66.9961778647642,319.8530032823189
4118000,2059000.0,-67.52694702148438,0.5340945636568347,-66.99285245782754,275.4627620575995
4119000,2059500.0,-67.68557739257812,0.7004783697106969,-66.98509902286743,361.2762975174007
4120000,2060000.0,-67.47355651855469,0.4859829999394364,-66.98757351861525,250.6489086123134
4121000,2060500.0,-67.63473510742188,0.6401977853045749,-66.9945373221173,330.18619211496923
4122000,2061000.0,-67.61034393310547,0.630925030744425,-66.97941890236105,325.4037083436828
4123000,2061500.0,-67.41897583007812,0.4185581697782153,-67.00041766029992,215.874111766772
4124000,2062000.0,-67.65167999267578,0.6555690578366137,-66.99611093483917,338.11402639027943
4125000,2062500.0,-67.6058120727539,0.6118448552091308,-66.99396721754478,315.5629831029875
4126000,2063000.0,-67.61750793457031,0.6061776524027354,-67.01133028216758,312.6400862146505
4127000,2063500.0,-67.5668716430664,0.5862686245378824,-66.98060301852853,302.3718749675917
4128000,2064000.0,-67.6775131225586,0.6716110189668776,-67.00590210359172,346.3877726937569
4129000,2064500.0,-67.49581909179688,0.495349916269633,-67.00046917552724,255.47995693194437
4130000,2065000.0,-67.49876403808594,0.506330290205089,-66.99243374788085,261.14315655707554
4131000,2065500.0,-67.63321685791016,0.6400035624843051,-66.99321329542585,330.0860204259713
4132000,2066000.0,-67.56096649169922,0.565327180238935,-66.99563931146028,291.5711881967564
4133000,2066500.0,-67.67996215820312,0.6651036332490136,-67.01485852495411,343.0315459773795
4134000,2067000.0,-67.61304473876953,0.6128648289500966,-67.00017990981944,316.0890412264572
4135000,2067500.0,-67.58578491210938,0.5786797358838983,-67.00710517622548,298.45785604318786
4136000,2068000.0,-67.47876739501953,0.4867446488727554,-66.99202274614677,251.04173402782368
4137000,2068500.0,-67.64497375488281,0.6382185248867319,-67.00675522999607,329.1653756179853
4138000,2069000.0,-67.61579895019531,0.6251087979625658,-66.99069015223274,322.40394827143786
4139000,2069500.0,-67.72489929199219,0.7284566772940794,-66.99644261469811,375.7062925202472
4140000,2070000.0,-67.66574096679688,0.6684303230245078,-66.99731064377237,344.7473079723943
4141000,2070500.0,-67.708251953125,0.7016197582455592,-67.00663219487944,361.8649761143917
4142000,2071000.0,-67.59406280517578,0.5848717544471448,-67.00919105072863,301.6514300883259
4143000,2071500.0,-67.66508483886719,0.671213704363965,-66.99387113450322,346.18285509044944
4144000,2072000.0,-67.6395034790039,0.6216241082976741,-67.01787937070623,320.6066968007762
4145000,2072500.0,-67.66625213623047,0.6594840733659714,-67.0067680628645,340.133221238157
4146000,2073000.0,-67.73104858398438,0.7290856206676064,-67.00196296331677,376.0306741759289
4147000,2073500.0,-67.7865982055664,0.7615139592077426,-67.02508424635866,392.75580173020273
4148000,2074000.0,-67.4632797241211,0.45740927421656064,-67.00587044990453,235.91182281235965
4149000,2074500.0,-67.65966796875,0.6527390461947952,-67.0069289225552,336.65442938900503
4150000,2075000.0,-67.66081237792969,0.6681570166038087,-66.99265536132587,344.6063483995831
4151000,2075500.0,-67.72206115722656,0.7170339069765703,-67.00502725025,369.8149240695615
4152000,2076000.0,-67.61438751220703,0.6155224714003945,-66.99886504080663,317.45973769059674
4153000,2076500.0,-67.52661895751953,0.5346395514208628,-66.99197940609866,275.74384305894677
4154000,2077000.0,-67.6502685546875,0.6341552623056292,-67.01611329238187,327.069721384225
4155000,2077500.0,-67.57308197021484,0.568045631895729,-67.00503633831912,292.97324740659633
4156000,2078000.0,-67.77204132080078,0.7585638243381232,-67.01347749646266,391.2342503890625
4157000,2078500.0,-67.76355743408203,0.7494656106327653,-67.01409182344926,386.5417872044372
4158000,2079000.0,-67.59288024902344,0.5977301962003059,-66.99515005282313,308.2832554655232
4159000,2079500.0,-67.52388763427734,0.5292563066940734,-66.99463132758326,272.9673994061216
4160000,2080000.0,-67.60031127929688,0.5909607567569107,-67.00935052253996,304.7918728274153
4161000,2080500.0,-67.56822967529297,0.5658255957707714,-67.0024040795222,291.8282492649538
4162000,2081000.0,-67.66425323486328,0.6554181281569684,-67.00883510670631,338.03618342152333
4163000,2081500.0,-67.58145141601562,0.5777564988534559,-67.00369491716216,297.9816905104435
4164000,2082000.0,-67.64655303955078,0.6424030231163621,-67.00415001643442,331.3235579298721
4165000,2082500.0,-67.5618896484375,0.5515269547366758,-67.01036269370083,284.45363169544635
4166000,2083000.0,-67.57862091064453,0.5656067154209201,-67.0130141952236,291.7153602939121
4167000,2083500.0,-67.76744842529297,0.7604110269496617,-67.0070373983433,392.18695720931265
4168000,2084000.0,-67.52616882324219,0.5211000227334381,-67.00506880050875,268.7607426438067
4169000,2084500.0,-67.48866271972656,0.4866798916665339,-67.00198282806002,251.00833507546068
4170000,2085000.0,-67.65242004394531,0.6576728011079233,-66.99474724283739,339.1990457325609
4171000,2085500.0,-67.58502197265625,0.5907326505253929,-66.99428932213085,304.6742255476036
4172000,2086000.0,-67.54217529296875,0.5409056021834954,-67.00126969078525,278.9755996947939
4173000,2086500.0,-67.664794921875,0.6671793804506425,-66.99761554142435,344.10212616374037
4174000,2087000.0,-67.5209732055664,0.5223915360053007,-66.9985816695611,269.42684905512357
4175000,2087500.0,-67.56082153320312,0.5421813036799992,-67.01864022952313,279.6335510796235
4176000,2088000.0,-67.53424835205078,0.5427703727568599,-66.99147797929392,279.9373673061804
4177000,2088500.0,-67.48841857910156,0.48731802939247876,-67.00110054970908,251.33745877849628
4178000,2089000.0,-67.38506317138672,0.3919663333279374,-66.99309683805878,202.1591983128242
4179000,2089500.0,-67.72920989990234,0.7292598444976792,-66.99995005540467,376.120531255019
4180000,2090000.0,-67.62061309814453,0.6136846077607279,-67.0069284903838,316.5118475061292
4181000,2090500.0,-67.39960479736328,0.39955355530015285,-67.00005124206312,206.07235763521234
4182000,2091000.0,-67.46428680419922,0.46295293343588295,-67.00133387076333,238.77100128818057
4183000,2091500.0,-67.54407501220703,0.543494319683637,-67.0005806925234,280.31074766539575
4184000,2092000.0,-67.48600006103516,0.49967938286783414,-66.98632067816732,257.71290762743746
4185000,2092500.0,-67.4815444946289,0.47237009472447533,-67.00917439990442,243.6279637735061
4186000,2093000.0,-67.6169662475586,0.6047709430590885,-67.0121953044995,311.9145666763873
4187000,2093500.0,-67.59555053710938,0.5833869380988708,-67.0121635990105,300.8856263519175
4188000,2094000.0,-67.54235076904297,0.532070212686026,-67.01028055635695,274.41868981321085
4189000,2094500.0,-67.67608642578125,0.6612710018857257,-67.01481542389553,341.05484130161693
4190000,2095000.0,-67.74017333984375,0.7384142627175708,-67.00175907712618,380.8419822853687
4191000,2095500.0,-67.4339370727539,0.4382484796735193,-66.99568859308039,226.02951779149146
4192000,2096000.0,-67.63612365722656,0.6320125423578334,-67.00411111486873,325.96459956629354
4193000,2096500.0,-67.52037048339844,0.523311447976855,-66.99705903542159,269.9012996670137
4194000,2097000.0,-67.71202087402344,0.7123079416716492,-66.99971293235178,367.37747657455503
4195000,2097500.0,-67.60446166992188,0.6039531078003282,-67.00050856212155,311.49276279629584
4196000,2098000.0,-67.58244323730469,0.5804964938514987,-67.00194674345319,299.3948608393402
4197000,2098500.0,-67.60948944091797,0.6104395630100148,-66.99904987790795,314.8381944662786
4198000,2099000.0,-67.77999114990234,0.7772192098827955,-67.00277194001954,400.8558874156596
4199000,2099500.0,-67.56016540527344,0.5582363051206782,-67.00192910015276,287.9140230084293
4200000,2100000.0,-67.60063171386719,0.5857912235735083,-67.01484049029368,302.1256522999145
4201000,2100500.0,-67.78519439697266,0.7876246546798317,-66.99756974229282,406.2225635799037
4202000,2101000.0,-67.53577423095703,0.5293903843013142,-67.00638384665572,273.03655080838973
4203000,2101500.0,-67.6823959350586,0.6712219544592624,-67.01117398059934,346.1871101310218
4204000,2102000.0,-67.77164459228516,0.756740372986877,-67.01490421929827,390.2937934365467
4205000,2102500.0,-67.59119415283203,0.5801018804179474,-67.01109227241409,299.1913363817857
4206000,2103000.0,-67.5994644165039,0.5808366918038198,-67.01862772470008,299.5703201567897
4207000,2103500.0,-67.6150131225586,0.6011303045990425,-67.01388281795955,310.0368835953407
4208000,2104000.0,-67.73175048828125,0.7161558802359786,-67.01559460804528,369.36207603930296
4209000,2104500.0,-67.47431945800781,0.46393653362630266,-67.0103829243815,239.27829951521792
4210000,2105000.0,-67.63497161865234,0.6331910902588522,-67.0017805283935,326.57244334925406
4211000,2105500.0,-67.61602783203125,0.6106343138379858,-67.00539351819326,314.9386384786995
4212000,2106000.0,-67.4605484008789,0.4612716171697715,-66.99927678370913,237.90385143482052
4213000,2106500.0,-67.56279754638672,0.5477329411816781,-67.01506460520504,282.4968444067161
4214000,2107000.0,-67.52421569824219,0.5037304488686382,-67.02048524937355,259.8022713951917
4215000,2107500.0,-67.70899200439453,0.7003881984133663,-67.00860380598117,361.22979108144125
4216000,2108000.0,-67.54728698730469,0.5304856042850968,-67.0168013830196,273.6014176734029
4217000,2108500.0,-67.557373046875,0.5350630640647783,-67.02230998281023,275.9622724731324
4218000,2109000.0,-67.61766815185547,0.6073097447130943,-67.01035840714238,313.22397022309366
4219000,2109500.0,-67.45634460449219,0.4474608605340493,-67.00888374395814,230.78086343259528
4220000,2110000.0,-67.61041259765625,0.584758370663939,-67.02565422699232,301.5929516610591
4221000,2110500.0,-67.68860626220703,0.6600673702316779,-67.02853889197536,340.4340604090838
4222000,2111000.0,-67.66081237792969,0.6370258317403189,-67.02378654618937,328.55023633225915
4223000,2111500.0,-67.58824157714844,0.5700678241518344,-67.0181737529966,294.01620627976735
4224000,2112000.0,-67.6543960571289,0.6536212558668468,-67.00077480126205,337.1094347935038
4225000,2112500.0,-67.68533325195312,0.6704114950599893,-67.01492175689313,345.7691103986697
4226000,2113000.0,-67.66680908203125,0.6366267153191322,-67.03018236671211,328.34438942940005
4227000,2113500.0,-67.60628509521484,0.5900303082082364,-67.0162547870066,304.31198790700824
4228000,2114000.0,-67.63203430175781,0.6129777559526715,-67.01905654580514,316.14728406612807
4229000,2114500.0,-67.63566589355469,0.6151490454128082,-67.02051684814188,317.2671407967802
4230000,2115000.0,-67.56404113769531,0.5355557199222171,-67.0284854177731,276.21636295161386
4231000,2115500.0,-67.72207641601562,0.6832852855840902,-67.03879113043153,352.408852004799
4232000,2116000.0,-67.58573150634766,0.5508380627350759,-67.03489344361257,284.09833114301074
4233000,2116500.0,-67.62747955322266,0.5862123109706006,-67.04126724225206,302.34283087719956
4234000,2117000.0,-67.66476440429688,0.6275396811693159,-67.03722472312757,323.6576921736152
4235000,2117500.0,-67.64313507080078,0.6317241596267241,-67.01141091117405,325.81586428784925
4236000,2118000.0,-67.5876693725586,0.5489563182747343,-67.03871305428386,283.1278091384743
4237000,2118500.0,-67.54188537597656,0.5253643628900059,-67.01652101308656,270.9601039513597
4238000,2119000.0,-67.45889282226562,0.4393458278916461,-67.01954699437398,226.59548230727785
4239000,2119500.0,-67.73519897460938,0.7112203827106078,-67.02397859189877,366.8165609320932
4240000,2120000.0,-67.62843322753906,0.6094552729579054,-67.01897795458116,314.33054043856583
4241000,2120500.0,-67.50312042236328,0.4839309217517596,-67.01918950061152,249.59053587459948
4242000,2121000.0,-67.60472869873047,0.5889158742791507,-67.01581282445132,303.73721132412226
4243000,2121500.0,-67.5905532836914,0.5802472362851583,-67.01030604740625,299.26630462034825
4244000,2122000.0,-67.42041778564453,0.40866857941231977,-67.01174920623221,210.7734908970225
4245000,2122500.0,-67.56107330322266,0.5633350928475961,-66.99773821037506,290.5437561043546
4246000,2123000.0,-67.52845001220703,0.49463561676282625,-67.03381439544421,255.11155229263449
4247000,2123500.0,-67.53530883789062,0.5197117215575054,-67.01559711633313,268.04471723835815
4248000,2124000.0,-67.55650329589844,0.5419130929281083,-67.01459020297033,279.49521963130553
4249000,2124500.0,-67.6047592163086,0.5893503843253878,-67.01540883198321,303.9613127204344
4250000,2125000.0,-67.70965576171875,0.698701686249079,-67.01095407546967,360.35996140963647
4251000,2125500.0,-67.52699279785156,0.5267122510952897,-67.00028054675627,271.6552861030562
4252000,2126000.0,-67.69708251953125,0.6910884760134816,-67.00599404351777,356.4333984705493
4253000,2126500.0,-67.64107513427734,0.6067940202123022,-67.03428111406504,312.9579819410256
4254000,2127000.0,-67.62125396728516,0.6085725384656598,-67.01268142881949,313.87526435462183
4255000,2127500.0,-67.50859069824219,0.4968682063683762,-67.01172249187381,256.2630249739423
4256000,2128000.0,-67.5501937866211,0.5191162223339425,-67.03107756428714,267.73758462161203
4257000,2128500.0,-67.63362121582031,0.6029591394824149,-67.0306620763379,310.9801171397374
4258000,2129000.0,-67.49992370605469,0.47880916518345545,-67.02111454087124,246.9489564486044
4259000,2129500.0,-67.53865814208984,0.5115634373598063,-67.02709470473003,263.84218640606406
4260000,2130000.0,-67.51714324951172,0.5066501673465134,-67.01049308216521,261.30813528348784
4261000,2130500.0,-67.49502563476562,0.46240610676780525,-67.03261952799782,238.48897186005067
4262000,2131000.0,-67.60810089111328,0.5723931678169912,-67.03570772329628,295.2155174735596
4263000,2131500.0,-67.66302490234375,0.6370050109303497,-67.0260198914134,328.53949786343236
4264000,2132000.0,-67.6606674194336,0.6341574560739347,-67.02650996335966,327.07085283456706
4265000,2132500.0,-67.7518539428711,0.7254495063058504,-67.02640443656524,374.1553244281449
4266000,2133000.0,-67.60641479492188,0.5682685192963389,-67.03814627562554,293.08820304025693
4267000,2133500.0,-67.49453735351562,0.4687440320534829,-67.02579332146215,241.75779825093156
4268000,2134000.0,-67.64997100830078,0.6027154974345823,-67.0472555108662,310.854457161119
4269000,2134500.0,-67.48082733154297,0.44531835174033596,-67.03550897980263,229.67585051876196
4270000,2135000.0,-67.60586547851562,0.5843358948924857,-67.02152958362313,301.3750570206229
4271000,2135500.0,-67.57990264892578,0.5206670331464758,-67.0592356157793,268.53742543430315
4272000,2136000.0,-67.68707275390625,0.6535881337888413,-67.0334846201174,337.09235186528593
4273000,2136500.0,-67.71263885498047,0.6872383158434705,-67.025400539137,354.44765319815065
4274000,2137000.0,-67.58734130859375,0.5442621969746578,-67.0430791116191,280.70678539709934
4275000,2137500.0,-67.53958129882812,0.5068505184097772,-67.03273078041835,261.4114676538643
4276000,2138000.0,-67.7511215209961,0.7041167339197437,-67.04700478707635,363.1528076386299
4277000,2138500.0,-67.48709106445312,0.4591165412200884,-67.02797452323304,236.79235692815664
4278000,2139000.0,-67.59909057617188,0.5506345710749916,-67.04845600509688,283.9933789892972
4279000,2139500.0,-67.5869369506836,0.5559859274343738,-67.03095102324922,286.7533760082091
4280000,2140000.0,-67.54450225830078,0.4981753022841533,-67.04632695601663,256.93716823570657
4281000,2140500.0,-67.62244415283203,0.5867139032530998,-67.03573024957893,302.60153037531467
4282000,2141000.0,-67.46054077148438,0.4369344655164804,-67.02360630596789,225.3518064015787
4283000,2141500.0,-67.5762939453125,0.5430496841614052,-67.0332442611511,280.08142398865897
4284000,2142000.0,-67.4090576171875,0.38680525864762827,-67.02225235853987,199.49734031357866
4285000,2142500.0,-67.62361145019531,0.6062710232887515,-67.01734042690656,312.6882428593871
4286000,2143000.0,-67.73849487304688,0.7071357073816108,-67.03135916566526,364.7098629336522
4287000,2143500.0,-67.62500762939453,0.6015247151552443,-67.02348291423928,310.24030341757623
4288000,2144000.0,-67.55919647216797,0.5251605197993989,-67.03403595236857,270.85497054505714
4289000,2144500.0,-67.73719024658203,0.7121156458969626,-67.02507460068507,367.2782987719118
4290000,2145000.0,-67.4798583984375,0.4488413795919634,-67.03101701884553,231.49287515981166
4291000,2145500.0,-67.75554656982422,0.7089317979354864,-67.04661477188873,365.6362083760934
4292000,2146000.0,-67.4992446899414,0.46082580606531776,-67.03841888387609,237.67392144386918
4293000,2146500.0,-67.61089324951172,0.5855204279095829,-67.02537282160213,301.9859876663197
4294000,2147000.0,-67.57669830322266,0.5337396557164754,-67.04295864750618,275.2797159676746
4295000,2147500.0,-67.61082458496094,0.5742467121784726,-67.03657787278246,296.17149509279255
4296000,2148000.0,-67.50635528564453,0.46795478025170734,-67.03840050539283,241.35073647560193
4297000,2148500.0,-67.49560546875,0.4601103144939496,-67.03549515425605,237.3049019894704
4298000,2149000.0,-67.83589935302734,0.7750836423423177,-67.06081571068502,399.75445449855073
4299000,2149500.0,-67.48209381103516,0.4293738729139743,-67.05271993812119,221.45238135066813
4300000,2150000.0,-67.52293395996094,0.4837357231994568,-67.03919823676148,249.4898609454281
4301000,2150500.0,-67.60643005371094,0.5627902386324743,-67.04363981507846,290.2627439817287
4302000,2151000.0,-67.5372085571289,0.498500250119511,-67.0387083070094,257.10476220565715
4303000,2151500.0,-67.50079345703125,0.45822011549570524,-67.04257334153554,236.3300195017515
4304000,2152000.0,-67.54669952392578,0.5048868206037377,-67.04181270332204,260.39867767563555
4305000,2152500.0,-67.53590393066406,0.4859236455469918,-67.04998028511707,250.61829619646872
4306000,2153000.0,-67.5127182006836,0.4589710406352807,-67.05374716004832,236.71731405054766
4307000,2153500.0,-67.61231994628906,0.5602529920272996,-67.05206695426176,288.9541424616208
4308000,2154000.0,-67.62428283691406,0.579514599535363,-67.0447682373787,298.88844242811444
4309000,2154500.0,-67.58209991455078,0.5361149553733426,-67.04598495917745,276.50479229070476
4310000,2155000.0,-67.61212158203125,0.5653194870819656,-67.04680209494929,291.56722040076676
4311000,2155500.0,-67.65516662597656,0.6213203827533981,-67.03384624322317,320.4500483661603
4312000,2156000.0,-67.50003051757812,0.44758885749604604,-67.05244166008208,230.84687870233552
4313000,2156500.0,-67.70061492919922,0.642989349390054,-67.05762557980917,331.6259595377677
4314000,2157000.0,-67.78619384765625,0.7390366937446435,-67.04715715391161,381.1630051558018
4315000,2157500.0,-67.52900695800781,0.49979903615396076,-67.02920792185385,257.7746195918133
4316000,2158000.0,-67.60165405273438,0.5553450917905688,-67.0463089609438,286.42286083640346
4317000,2158500.0,-67.6436996459961,0.5940043287201613,-67.04969531727593,306.3616149603024
4318000,2159000.0,-67.53968048095703,0.4911896325655607,-67.04849084839147,253.33426341988064
4319000,2159500.0,-67.70655822753906,0.678259639280133,-67.02829858825893,349.81684207581924
4320000,2160000.0,-67.62611389160156,0.5935826937515578,-67.03253119785,306.1441539694315
4321000,2160500.0,-67.63833618164062,0.6067360286475088,-67.03160015299312,312.92807241244947
4322000,2161000.0,-67.633544921875,0.5924715022625311,-67.04107341961247,305.57104969619854
4323000,2161500.0,-67.3830795288086,0.34891810617605773,-67.03416142263254,179.95679379526237
4324000,2162000.0,-67.57418060302734,0.5282178481463037,-67.04596275488105,272.4318076227258
4325000,2162500.0,-67.71678161621094,0.6756886985725932,-67.04109291763834,348.4908626021913
4326000,2163000.0,-67.64773559570312,0.5989729463022813,-67.04876264940084,308.92421195325386
4327000,2163500.0,-67.59150695800781,0.5550824141416405,-67.03642454386618,286.28738312210294
4328000,2164000.0,-67.5761489868164,0.5298911120841204,-67.04625787473229,273.29480443513773
4329000,2164500.0,-67.6634750366211,0.6170152067683414,-67.04645982985275,318.2296257131603
4330000,2165000.0,-67.59046173095703,0.5500333369909369,-67.0404283939661,283.68328858076933
4331000,2165500.0,-67.69166564941406,0.6454642372431512,-67.04620141217092,332.90239912391365
4332000,2166000.0,-67.67463684082031,0.6366915075117275,-67.03794533330858,328.3778064262141
4333000,2166500.0,-67.63384246826172,0.5981925687128358,-67.03564989954889,308.5217271109355
4334000,2167000.0,-67.57603454589844,0.5388598937108982,-67.03717465218755,277.9205121792649
4335000,2167500.0,-67.54328918457031,0.5225474848165995,-67.02074169975371,269.5072806738351
4336000,2168000.0,-67.63690185546875,0.592009540422659,-67.04489231504608,305.3327898578937
4337000,2168500.0,-67.58219909667969,0.5491253100148282,-67.03307378666486,283.21496773296076
4338000,2169000.0,-67.49879455566406,0.45478713782315916,-67.0440074178409,234.55943882913263
4339000,2169500.0,-67.57705688476562,0.5349029774806444,-67.04215390728498,275.8797067710365
4340000,2170000.0,-67.56401824951172,0.517269273340986,-67.04674897617073,266.78500860680316
4341000,2170500.0,-67.71773529052734,0.6764179275946318,-67.04131736293272,348.8669672365616
4342000,2171000.0,-67.4984359741211,0.44807439567959567,-67.0503615784415,231.09729819398748
4343000,2171500.0,-67.4731674194336,0.4334279655786479,-67.03973945385495,223.54330614009547
4344000,2172000.0,-67.68828582763672,0.6538109895594647,-67.03447483807726,337.20729118557426
4345000,2172500.0,-67.44994354248047,0.40618496141926047,-67.04375858106121,209.4925486841307
4346000,2173000.0,-67.66100311279297,0.620633792164391,-67.04036932062857,320.09593478231153
4347000,2173500.0,-67.60726165771484,0.5804595478291119,-67.02680210988574,299.3758056868144
4348000,2174000.0,-67.49127197265625,0.4637058422146087,-67.02756613044164,239.1593189118336
4349000,2174500.0,-67.6208267211914,0.6011697908055001,-67.0196569303859,310.0572488644038
4350000,2175000.0,-67.83269500732422,0.8104959994748571,-67.02219900784937,418.01860914545523
4351000,2175500.0,-67.689697265625,0.6569249766860666,-67.03277228893893,338.8133503991946
4352000,2176000.0,-67.59662628173828,0.572093662184512,-67.02453261955377,295.0610454860343
4353000,2176500.0,-67.59029388427734,0.5614888633590308,-67.02880502091831,289.5915511786382
4354000,2177000.0,-67.58821868896484,0.5639420882974922,-67.02427660066735,290.8568179749716
4355000,2177500.0,-67.56488037109375,0.5308671173193599,-67.03401325377439,273.7981855144001
4356000,2178000.0,-67.60739135742188,0.5951153619960092,-67.01227599542587,306.93463763405424
4357000,2178500.0,-67.43988800048828,0.4175135512396518,-67.02237444924863,215.33534292786248
4358000,2179000.0,-67.78782653808594,0.7586659216600815,-67.02916061642586,391.2869077501724
4359000,2179500.0,-67.66209411621094,0.6174342644261649,-67.04465985178477,318.4457574391511
4360000,2180000.0,-67.65985107421875,0.6372031864920417,-67.0226478877267,328.641708204654
4361000,2180500.0,-67.43302154541016,0.4127707647172528,-67.0202507806929,212.88921977999797
4362000,2181000.0,-67.53512573242188,0.5131524997215318,-67.02197323270035,264.6617557052639
4363000,2181500.0,-67.57987213134766,0.5431354564698504,-67.0367366748778,280.1256616173489
4364000,2182000.0,-67.4911880493164,0.47080222701583796,-67.02038582230057,242.81932575516512
4365000,2182500.0,-67.63179016113281,0.6086188153835187,-67.02317134574929,313.89913197747427
4366000,2183000.0,-67.62786102294922,0.6068845382386271,-67.02097648471059,313.0046672047301
4367000,2183500.0,-67.66741180419922,0.655257419677623,-67.0121543845216,337.9532969729074
4368000,2184000.0,-67.53009033203125,0.5134404468767194,-67.01664988515454,264.81026633257966
4369000,2184500.0,-67.47470092773438,0.4458721698174273,-67.02882875791695,229.96148581178664
4370000,2185000.0,-67.62918090820312,0.6102867667993624,-67.01889414140376,314.75938882195584
4371000,2185500.0,-67.58409881591797,0.562119288880054,-67.02197952703791,289.9166972615784
4372000,2186000.0,-67.69342803955078,0.6591685461584925,-67.03425949339228,339.9704860186083
4373000,2186500.0,-67.60770416259766,0.574081821992114,-67.03362234060555,296.08645190145296
4374000,2187000.0,-67.55471801757812,0.5314913566172322,-67.02322666096089,274.12014101231694
4375000,2187500.0,-67.79409790039062,0.7545291225527537,-67.03956877783787,389.1533265723754
4376000,2188000.0,-67.54256439208984,0.5217922198279383,-67.0207721722619,269.11774781950766
4377000,2188500.0,-67.478271484375,0.46354327300244097,-67.01472821137256,239.0754727781028
4378000,2189000.0,-67.68778228759766,0.660944223106314,-67.02683806449134,340.8863030103034
4379000,2189500.0,-67.5241928100586,0.4879893738154615,-67.03620343624313,251.68370905256876
4380000,2190000.0,-67.7264633178711,0.697151453618124,-67.02931186425297,359.56041879787335
4381000,2190500.0,-67.7249526977539,0.7069108028863889,-67.01804189486752,364.5938669702617
4382000,2191000.0,-67.76715850830078,0.7188318690289038,-67.04832663927188,370.74223474956455
4383000,2191500.0,-67.62886810302734,0.5963263026252926,-67.03254180040206,307.5591881783367
4384000,2192000.0,-67.66443634033203,0.6288192828706032,-67.03561705746142,324.3176551145536
4385000,2192500.0,-67.63263702392578,0.5890287080893377,-67.04360831583644,303.79540609921
4386000,2193000.0,-67.59581756591797,0.5560960973860891,-67.03972146853188,286.81019688087906
4387000,2193500.0,-67.62357330322266,0.5948982197160008,-67.02867508350666,306.8226450838941
4388000,2194000.0,-67.54559326171875,0.52274682039702,-67.02284644132173,269.61008930229787
4389000,2194500.0,-67.5278091430664,0.49496806129691,-67.03284108176949,255.28301273395158
4390000,2195000.0,-67.58275604248047,0.5513465525947714,-67.0314094898857,284.36058811164753
4391000,2195500.0,-67.65237426757812,0.6128644503408139,-67.03950981723732,316.08884595624505
4392000,2196000.0,-67.50434112548828,0.48954761636043614,-67.01479350912784,252.48738282984047
4393000,2196500.0,-67.74614715576172,0.7072547915682158,-67.0388923641935,364.7712813812301
4394000,2197000.0,-67.5364761352539,0.519394701122084,-67.01708143413182,267.8812118767383
4395000,2197500.0,-67.7454833984375,0.7105111734105231,-67.03497222502698,366.4507816001698
4396000,2198000.0,-67.5093994140625,0.4806735215204078,-67.0287258925421,247.91051041485383
4397000,2198500.0,-67.51525115966797,0.4742097585780712,-67.0410414010899,244.57678243007393
4398000,2199000.0,-67.65486145019531,0.6217848202696807,-67.03307662992563,320.68958505075494
4399000,2199500.0,-67.55796813964844,0.5222188227897898,-67.03574931685864,269.33777108536714
4400000,2200000.0,-67.59474182128906,0.5597984245179887,-67.03494339677107,288.71969629763237
4401000,2200500.0,-67.76127624511719,0.7401704767300012,-67.02110576838719,381.7477611409258
4402000,2201000.0,-67.6696548461914,0.6571401455450885,-67.01251470064632,338.9243251445826
4403000,2201500.0,-67.63520050048828,0.6023999782449717,-67.0328005222433,310.6917260768383
4404000,2202000.0,-67.48030090332031,0.4526469575311932,-67.02765394578913,233.45562685529467
4405000,2202500.0,-67.57972717285156,0.5374202195502559,-67.0423069533013,277.1779908211777
4406000,2203000.0,-67.65402221679688,0.6220135125162115,-67.03200870428067,320.8075345716398
4407000,2203500.0,-67.5131607055664,0.48959605338229834,-67.0235646521841,252.51236454045113
4408000,2204000.0,-67.54429626464844,0.5396443511177744,-67.00465191353067,278.32510121408893
4409000,2204500.0,-67.57975006103516,0.5601013642844016,-67.01964869675075,288.87593946217953
4410000,2205000.0,-67.37531280517578,0.37280263747607817,-67.0025101676997,192.27539692297017
4411000,2205500.0,-67.5058822631836,0.48218935020718073,-67.02369291297641,248.69230896754027
4412000,2206000.0,-67.56069946289062,0.5384691890686967,-67.02223027382193,277.71900370639696
4413000,2206500.0,-67.63900756835938,0.6358361544520189,-67.00317141390735,327.9366524950665
4414000,2207000.0,-67.5517349243164,0.54482159440147,-67.00691332991494,280.9952982762093
4415000,2207500.0,-67.44558715820312,0.4591476289984127,-66.98643952920472,236.80839065301768
4416000,2208000.0,-67.43191528320312,0.4252657488208745,-67.00664953438225,219.33358949887963
4417000,2208500.0,-67.47030639648438,0.4653160966356427,-67.00499029984873,239.98981815413347
4418000,2209000.0,-67.66587829589844,0.6598186959645979,-67.00605959993383,340.3058050304978
4419000,2209500.0,-67.6039810180664,0.6010236668638205,-67.00295735120258,309.98188448641383
4420000,2210000.0,-67.64805603027344,0.641225476924507,-67.00683055334893,330.71623078496
4421000,2210500.0,-67.50099182128906,0.49397001840884763,-67.00702180288022,254.7682655912073
4422000,2211000.0,-67.44540405273438,0.44485558004121295,-67.00054847269317,229.4371729902552
4423000,2211500.0,-67.48041534423828,0.48755259389048217,-66.9928627503478,251.45843695145928
4424000,2212000.0,-67.72924041748047,0.7101986526150602,-67.0190417648654,366.2895969572684
4425000,2212500.0,-67.7684097290039,0.7824057477810715,-66.98600398122284,403.53087823599964
4426000,2213000.0,-67.59341430664062,0.5867578898684134,-67.00665641677222,302.62421675965993
4427000,2213500.0,-67.58611297607422,0.5913527030781762,-66.99476027299605,304.9940217043761
4428000,2214000.0,-67.64683532714844,0.6472866811715418,-66.9995486459769,333.8423364915071
4429000,2214500.0,-67.45928192138672,0.46508852178252463,-66.9941933996042,239.87244493620452
4430000,2215000.0,-67.6041030883789,0.6140274700251688,-66.99007561835374,316.68868095996845
4431000,2215500.0,-67.66641998291016,0.6542564495240087,-67.01216353338614,337.4370400738221
4432000,2216000.0,-67.48539733886719,0.48411159224141176,-67.00128574662578,249.68371786050312
4433000,2216500.0,-67.4776382446289,0.47746231288079677,-67.0001759317481,246.25430857045754
4434000,2217000.0,-67.57538604736328,0.5761540878747636,-66.99923195948851,297.1552365747962
4435000,2217500.0,-67.4752197265625,0.47904796305150854,-66.99617176351099,247.0721180098399
4436000,2218000.0,-67.71238708496094,0.7101147197737684,-67.00227236518717,366.24630804578555
4437000,2218500.0,-67.64864349365234,0.6258383701036514,-67.0228051235487,322.78022987169925
4438000,2219000.0,-67.47820281982422,0.4687556653561094,-67.0094471544681,241.76379820279664
4439000,2219500.0,-67.67621612548828,0.6464804176383933,-67.0297357078499,333.42650080453296
4440000,2220000.0,-67.53577423095703,0.517398863567745,-67.01837536738928,266.85184561325815
4441000,2220500.0,-67.47056579589844,0.4534138978726683,-67.01715189802577,233.85118134914617
4442000,2221000.0,-67.63712310791016,0.6159270151899737,-67.02119609272019,317.66838379417766
4443000,2221500.0,-67.63801574707031,0.6146588729373028,-67.02335687413301,317.01433113876226
4444000,2222000.0,-67.56110382080078,0.5445111629222619,-67.01659265787852,280.835191211822
4445000,2222500.0,-67.72407531738281,0.6949547353935781,-67.02912058198923,358.4274470157743
4446000,2223000.0,-67.57743835449219,0.5461710387355976,-67.0312673157566,281.6912830115278
4447000,2223500.0,-67.60296630859375,0.5790516276597651,-67.02391468093398,298.6496616572824
4448000,2224000.0,-67.68521118164062,0.6573905461290281,-67.0278206355116,339.05347088237215
4449000,2224500.0,-67.5400161743164,0.5177211134780819,-67.02229506083833,267.01804811074555
4450000,2225000.0,-67.47013092041016,0.45088398144697833,-67.01924693896318,232.54636041701772
4451000,2225500.0,-67.54657745361328,0.5344373280830047,-67.01214012553028,275.6395450507111
4452000,2226000.0,-67.60100555419922,0.5862524900879014,-67.01475306411132,302.3635535195589
4453000,2226500.0,-67.65217590332031,0.6418513436560791,-67.01032455966423,331.03902564244436
4454000,2227000.0,-67.62798309326172,0.6225441374402111,-67.0054389558215,321.08120784436653
4455000,2227500.0,-67.5572509765625,0.5460839195776446,-67.01116705698486,281.6463507364012
4456000,2228000.0,-67.415771484375,0.40448711066790294,-67.0112843737071,208.61687106193526
4457000,2228500.0,-67.52625274658203,0.512054668222546,-67.01419807835948,264.0955419342157
4458000,2229000.0,-67.54633331298828,0.5344561197693108,-67.01187719321896,275.64923698574626
4459000,2229500.0,-67.64322662353516,0.6154206310603136,-67.02780599247484,317.4072128695698
4460000,2230000.0,-67.47315979003906,0.45400734153695854,-67.0191524485021,234.15725379776222
4461000,2230500.0,-67.61568450927734,0.5807243796620132,-67.03496012961533,299.51239443557876
4462000,2231000.0,-67.59561920166016,0.5872462171626753,-67.00837298449748,302.87607475339144
4463000,2231500.0,-67.67250061035156,0.6538549965500144,-67.01864561380155,337.2299880785808
4464000,2232000.0,-67.5745620727539,0.572476589117944,-67.00208548363597,295.25854255476906
4465000,2232500.0,-67.56170654296875,0.5326703957403925,-67.02903614722835,274.72823814630755
4466000,2233000.0,-67.39297485351562,0.37886481088183227,-67.01411004263379,195.40200247946126
4467000,2233500.0,-67.52140045166016,0.522739638845345,-66.9986608128148,269.60638537008276
4468000,2234000.0,-67.66670989990234,0.6397146712589984,-67.02699522864334,329.9370228883211
4469000,2234500.0,-67.66909790039062,0.6424936741951376,-67.02660422619549,331.37031181624764
4470000,2235000.0,-67.58628845214844,0.5699191395808706,-67.01636931256756,293.93952124048775
4471000,2235500.0,-67.54149627685547,0.532436965414805,-67.00905931144067,274.60784493018105
4472000,2236000.0,-67.63216400146484,0.6127855468432748,-67.01937845462157,316.04815096167454
4473000,2236500.0,-67.60863494873047,0.600543267934391,-67.00809168079608,309.7341155986646
4474000,2237000.0,-67.63491821289062,0.6125390694289733,-67.02237914346165,315.92102862426776
4475000,2237500.0,-67.5194320678711,0.4916553970259501,-67.02777667084514,253.57448448457131
4476000,2238000.0,-67.62716674804688,0.5789958243458995,-67.04817092370098,298.62088073342477
4477000,2238500.0,-67.58596801757812,0.5597059150899195,-67.0262621024882,288.6719839554624
4478000,2239000.0,-67.7822265625,0.7572646286967213,-67.02496193380328,390.5641817454436
4479000,2239500.0,-67.68101501464844,0.6475422456313202,-67.03347276901712,333.97414553201173
4480000,2240000.0,-67.67814636230469,0.6517954755640134,-67.02635088674067,336.16777666898486
4481000,2240500.0,-67.39395141601562,0.3768015695438276,-67.0171498464718,194.3378722740032
4482000,2241000.0,-67.63410949707031,0.6157761342704001,-67.01833336279991,317.5905659737472
4483000,2241500.0,-67.6457290649414,0.6100716742747291,-67.03565739066667,314.64845344652764
4484000,2242000.0,-67.44200134277344,0.39854590566138504,-67.04345543711206,205.55265574800185
4485000,2242500.0,-67.75545501708984,0.7195929339582752,-67.03586208313156,371.1347589612218
4486000,2243000.0,-67.54904174804688,0.517798337231478,-67.03124341081539,267.0578767662954
4487000,2243500.0,-67.69414520263672,0.6654787743716138,-67.02866642826511,343.2250274632897
4488000,2244000.0,-67.5567626953125,0.5067669528182762,-67.04999574249422,261.36836815386147
4489000,2244500.0,-67.78044891357422,0.7376862773272398,-67.04276263624698,380.46651906218
4490000,2245000.0,-67.77759552001953,0.7446764253376521,-67.03291909468187,384.0717335862821
4491000,2245500.0,-67.61695098876953,0.5914201070222099,-67.02553088174731,305.0287857290649
4492000,2246000.0,-67.65745544433594,0.6261491341580313,-67.03130631017791,322.9405084639051
4493000,2246500.0,-67.76980590820312,0.7422705317294525,-67.02753537647368,382.8308782328897
4494000,2247000.0,-67.68952941894531,0.6568782626658877,-67.03265115627943,338.7892573379636
4495000,2247500.0,-67.66032409667969,0.6401463862190461,-67.02017771046064,330.1596827006624
4496000,2248000.0,-67.61066436767578,0.5783602528958264,-67.03230411477996,298.2930806039432
4497000,2248500.0,-67.80899810791016,0.7845457469857057,-67.02445236092446,404.63459681286264
4498000,2249000.0,-67.67566680908203,0.6339725483101971,-67.04169426077183,326.97548544685895
4499000,2249500.0,-67.78533172607422,0.7424182081946362,-67.04291351787958,382.9070433350242
4500000,2250000.0,-67.63047790527344,0.5921948376068444,-67.0382830676666,305.42835809174306
4501000,2250500.0,-67.52030181884766,0.48941330985120385,-67.03088850899645,252.4181133698742
4502000,2251000.0,-67.61701965332031,0.5818145715740656,-67.03520508174624,300.0746680397336
4503000,2251500.0,-67.40091705322266,0.36565178168944823,-67.0352652715332,188.5872963128949
4504000,2252000.0,-67.59054565429688,0.5620447579734019,-67.02850089632348,289.87825745933725
4505000,2252500.0,-67.6458511352539,0.6236875323324044,-67.0221636029215,321.6709212332646
4506000,2253000.0,-67.75637817382812,0.7178085706766236,-67.0385696031515,370.2144619360798
4507000,2253500.0,-67.6662826538086,0.6326131754529216,-67.03366947835568,326.2743800108339
4508000,2254000.0,-67.54377746582031,0.5103330324835993,-67.03344443333671,263.2075970492121
4509000,2254500.0,-67.649658203125,0.6161116920749958,-67.03354651105,317.7636321046792
4510000,2255000.0,-67.72953796386719,0.7006070953740665,-67.02893086849312,361.3426886196368
4511000,2255500.0,-67.668212890625,0.6365784062542214,-67.03163448437078,328.3194737134234
4512000,2256000.0,-67.55915832519531,0.531471159348013,-67.0276871658473,274.1097241387074
4513000,2256500.0,-67.74334716796875,0.7040008812956453,-67.03934628667311,363.09305589053633
4514000,2257000.0,-67.49359893798828,0.49346426315208136,-67.0001346748362,254.50741901190472
4515000,2257500.0,-67.6452407836914,0.6243071865637465,-67.02093359712767,321.9905119531504
4516000,2258000.0,-67.54613494873047,0.5163707309008869,-67.02976421782958,266.32157947043265
4517000,2258500.0,-67.58130645751953,0.5565069393288798,-67.02479951819065,287.0220912981436
4518000,2259000.0,-67.51705932617188,0.48105071649675796,-67.03600860967512,248.1050511892595
4519000,2259500.0,-67.63582611083984,0.601030329559716,-67.03479578128012,309.98532081536945
4520000,2260000.0,-67.37796783447266,0.3422640461085208,-67.03570378836413,176.524918824375
4521000,2260500.0,-67.74730682373047,0.7015628840317482,-67.04574393969872,361.8356428668878
4522000,2261000.0,-67.53130340576172,0.5033646351289054,-67.02793877063282,259.6136005679594
4523000,2261500.0,-67.71988677978516,0.7025953643346703,-67.01729141545049,362.36815133142954
4524000,2262000.0,-67.73998260498047,0.7214213171844047,-67.01856128779606,372.07775956044344
4525000,2262500.0,-67.44161224365234,0.419723784544839,-67.0218884591075,216.47528520113707
4526000,2263000.0,-67.56521606445312,0.5356742878856666,-67.02954177656746,276.2775151537253
4527000,2263500.0,-67.56474304199219,0.536112620128046,-67.02863042186414,276.50358787267976
4528000,2264000.0,-67.65445709228516,0.6337953928679108,-67.02066169941725,326.88411636960865
4529000,2264500.0,-67.49166107177734,0.4703753474803214,-67.02128572429702,242.59915984463018
4530000,2265000.0,-67.6095199584961,0.6084548951602936,-67.0010650633358,313.8145890509604
4531000,2265500.0,-67.55656433105469,0.5365545457712608,-67.02000978528342,276.7315139116017
4532000,2266000.0,-67.70077514648438,0.6883890282458462,-67.01238611823852,355.0411406407527
4533000,2266500.0,-67.4223861694336,0.4130716468986148,-67.00931452253498,213.0444017316067
4534000,2267000.0,-67.48165893554688,0.47348232048748357,-67.0081766150594,244.20160148030504
4535000,2267500.0,-67.57559204101562,0.5751112481615792,-67.00048079285405,296.61738517670244
4536000,2268000.0,-67.68253326416016,0.673039934505,-67.00949332965516,347.12474522196095
4537000,2268500.0,-67.59944915771484,0.5926062768252334,-67.00684288088961,305.6405605578012
4538000,2269000.0,-67.5002670288086,0.4799408890958673,-67.02032613971272,247.53265045339847
4539000,2269500.0,-67.57218170166016,0.5718883922382403,-67.00029330942192,294.9551761695966
4540000,2270000.0,-67.50794219970703,0.5093341644744513,-66.99860803523258,262.69242434487495
4541000,2270500.0,-67.65264892578125,0.6434179963550688,-67.00923092942618,331.8470370116183
4542000,2271000.0,-67.50806427001953,0.5110493910934317,-66.9970148789261,263.57706368436584
4543000,2271500.0,-67.69606018066406,0.6969651961823806,-66.99909498448169,359.46435530800676
4544000,2272000.0,-67.66071319580078,0.6788186538613338,-66.98189454193945,350.10515749980283
4545000,2272500.0,-67.62930297851562,0.6269793671550267,-67.0023236113606,323.3687065585231
4546000,2273000.0,-67.58238983154297,0.5768141886579834,-67.00557564288499,297.4956878681723
4547000,2273500.0,-67.64855194091797,0.6577708258554209,-66.99078111506255,339.2496026367743
4548000,2274000.0,-67.44989013671875,0.43967060311748785,-67.01021953360126,226.7629872527424
4549000,2274500.0,-67.65889739990234,0.6563442399919218,-67.00255315991042,338.51383165348403
4550000,2275000.0,-67.71160125732422,0.705776779704472,-67.00582447761974,364.0089871021923
4551000,2275500.0,-67.38291931152344,0.40399228926502834,-66.9789270222584,208.3616636892412
4552000,2276000.0,-67.52357482910156,0.5470413520697913,-66.97653347703177,282.1401528020217
4553000,2276500.0,-67.6601333618164,0.6695344058370153,-66.9905989559794,345.31674589925
4554000,2277000.0,-67.61009216308594,0.6124163928843303,-66.99767577020161,315.85775739455204
4555000,2277500.0,-67.43389129638672,0.4345409959465876,-66.99935030044013,224.11735882714672
4556000,2278000.0,-67.5193099975586,0.5261360889455667,-66.99317390861303,271.3581267085305
4557000,2278500.0,-67.53258514404297,0.5499278830868537,-66.98265726095612,283.6289000404898
4558000,2279000.0,-67.5678939819336,0.5560871291160786,-67.01180685281751,286.80557143700435
4559000,2279500.0,-67.62894439697266,0.6169646711964106,-67.01197972577624,318.2035616616356
4560000,2280000.0,-67.43714904785156,0.43777045971036027,-66.9993785881412,225.78297587114517
4561000,2280500.0,-67.51679229736328,0.5153070610771572,-67.00148523628613,265.7729848066791
4562000,2281000.0,-67.63558959960938,0.6173365311059451,-67.01825306850343,318.39535084046105
4563000,2281500.0,-67.5979995727539,0.5802917991396903,-67.01770777361422,299.28928820383675
4564000,2282000.0,-67.59223175048828,0.5745996483953518,-67.01763210209293,296.35352425344547
4565000,2282500.0,-67.58145141601562,0.588958724867017,-66.99249269114861,303.75931179488646
4566000,2283000.0,-67.55619049072266,0.5627039334881279,-66.99348655723453,290.21823153944007
4567000,2283500.0,-67.52116394042969,0.5131146629121767,-67.00804927751751,264.64224112353696
4568000,2284000.0,-67.65339660644531,0.6379095757419917,-67.01548703070333,329.00603307728846
4569000,2284500.0,-67.60102844238281,0.5933529996060668,-67.00767544277674,306.02568771260945
4570000,2285000.0,-67.53788757324219,0.5352702452318587,-67.00261732801033,276.0691275141939
4571000,2285500.0,-67.486572265625,0.4968405898817462,-66.98973167574326,256.248781590461
4572000,2286000.0,-67.48991394042969,0.4950655235343127,-66.99484841689538,255.33327951990694
4573000,2286500.0,-67.62017822265625,0.6170756232949867,-67.00310259936127,318.26078593166113
4574000,2287000.0,-67.47624969482422,0.48578219512336784,-66.99046749970086,250.5453422159622
4575000,2287500.0,-67.7009506225586,0.6993372379810885,-67.00161338457751,360.6877513693978
4576000,2288000.0,-67.54478454589844,0.5556915602577103,-66.98909298564072,286.6015542128558
4577000,2288500.0,-67.61724853515625,0.6215840799276727,-66.99566445522858,320.58605190732186
4578000,2289000.0,-67.74563598632812,0.7356871478948273,-67.0099488384333,379.4354549910676
4579000,2289500.0,-67.59341430664062,0.5972276530791782,-66.99618665356145,308.02406556617086
4580000,2290000.0,-67.66854095458984,0.6705215776229414,-66.99801937696691,345.82588620001377
4581000,2290500.0,-67.58924102783203,0.5775429797142722,-67.01169804811776,297.87156661884455
4582000,2291000.0,-67.65980529785156,0.639714935834837,-67.02009036201673,329.93715934503916
4583000,2291500.0,-67.42774963378906,0.42600925364044,-67.00174038014862,219.7170569691313
4584000,2292000.0,-67.6922378540039,0.6839583059214032,-67.0082795480825,352.7559666426411
4585000,2292500.0,-67.55686950683594,0.5503014879570409,-67.0065680188789,283.8215891941769
4586000,2293000.0,-67.65826416015625,0.6504056929565117,-67.00785846719974,335.450987205522
4587000,2293500.0,-67.54397583007812,0.5346878688022239,-67.0092879612759,275.76876306418694
4588000,2294000.0,-67.512451171875,0.5064084484015874,-67.00604272347341,261.18346715776295
4589000,2294500.0,-67.54974365234375,0.560145915235704,-66.98959773710804,288.89891690649955
4590000,2295000.0,-67.66529083251953,0.6608939690174661,-67.00439686350207,340.8603841355185
4591000,2295500.0,-67.6872787475586,0.6832437075277736,-67.00403504003081,352.38740785049885
4592000,2296000.0,-67.48490142822266,0.47971890767170583,-67.00518252055095,247.41816208301265
4593000,2296500.0,-67.50823211669922,0.5020744542231393,-67.00615766247608,258.94818133316517
4594000,2297000.0,-67.80314636230469,0.7980326133578053,-67.00511374894688,411.590536294672
4595000,2297500.0,-67.41226196289062,0.4245761843983251,-66.9876857784923,218.97794214094446
4596000,2298000.0,-67.6146469116211,0.6133374065851259,-67.00130950503596,316.3327762304994
4597000,2298500.0,-67.6120376586914,0.6080793126834094,-67.00395834600799,313.62087993369363
4598000,2299000.0,-67.74760437011719,0.7240237407833714,-67.02358062933382,373.4199765410975
4599000,2299500.0,-67.60235595703125,0.60421958399708,-66.99813637303417,311.6301996364638
4600000,2300000.0,-67.6003646850586,0.6005455673212747,-66.99981911773732,309.7353015224787
4601000,2300500.0,-67.76815032958984,0.7555549559270924,-67.01259537366275,389.6824068400558
4602000,2301000.0,-67.49662780761719,0.4839230349343766,-67.01270477268281,249.58646819698583
4603000,2301500.0,-67.7562255859375,0.7491431070677317,-67.00708247886976,386.3754538828821
4604000,2302000.0,-67.65836334228516,0.6554496930287038,-67.00291364925646,338.05246321042944
4605000,2302500.0,-67.66180419921875,0.6442949548588133,-67.01750924435994,332.2993340917409
4606000,2303000.0,-67.69438171386719,0.6825250750227295,-67.01185663884446,352.01676843902743
4607000,2303500.0,-67.60896301269531,0.6031846919917402,-67.00577832070357,311.09644732063714
4608000,2304000.0,-67.5204086303711,0.5126008243287768,-67.00780780604232,264.3772255156903
4609000,2304500.0,-67.60958862304688,0.6083763627637503,-67.00121226028313,313.7740854541541
4610000,2305000.0,-67.6224594116211,0.6218641431218722,-67.00059526849923,320.7304963302283
4611000,2305500.0,-67.6150131225586,0.6028485953880054,-67.01216452717058,310.92310330052754
4612000,2306000.0,-67.65894317626953,0.661109380738091,-66.99783379553143,340.9714841383656
4613000,2306500.0,-67.50989532470703,0.5048645808169824,-67.00503074389005,260.38720736025687
4614000,2307000.0,-67.52606964111328,0.5326000280837798,-66.9934696130295,274.6919455674853
4615000,2307500.0,-67.48474884033203,0.48348399801947856,-67.00126484231255,249.36003203857405
4616000,2308000.0,-67.7304916381836,0.7390265016124065,-66.9914651365712,381.15774849698454
4617000,2308500.0,-67.68318176269531,0.6797869191399982,-67.00339484355531,350.60454664587314
4618000,2309000.0,-67.68346405029297,0.6923590830186447,-66.99110496727432,357.0887223381722
4619000,2309500.0,-67.5785903930664,0.569350712405875,-67.00923968066053,293.6463512097336
4620000,2310000.0,-67.6224594116211,0.6237567946796508,-66.99870261694144,321.7066437415569
4621000,2310500.0,-67.67439270019531,0.6631852355201444,-67.01120746467517,342.0421198100335
4622000,2311000.0,-67.66803741455078,0.6764896640855066,-66.99154775046527,348.90396580060127
4623000,2311500.0,-67.63041687011719,0.6230716896426878,-67.0073451804745,321.35329634088447
4624000,2312000.0,-67.7603988647461,0.7593632832931522,-67.00103558145294,391.64657657039663
4625000,2312500.0,-67.65729522705078,0.6643029989111369,-66.99299222813964,342.61861358465933
4626000,2313000.0,-67.5449447631836,0.5546329843676405,-66.99031177881595,286.0555867786814
4627000,2313500.0,-67.43289184570312,0.4397288052825702,-66.99316304042055,226.793005399794
4628000,2314000.0,-67.42367553710938,0.43471890790952583,-66.98895662919985,224.20911808486787
4629000,2314500.0,-67.5420913696289,0.5454984628841972,-66.99659290674471,281.3443976202003
4630000,2315000.0,-67.56716918945312,0.5577976073021169,-67.009371582151,287.68776174116954
4631000,2315500.0,-67.42561340332031,0.4410059603927764,-66.98460744292754,227.45170649539142
4632000,2316000.0,-67.42011260986328,0.4316281610260079,-66.98848444883727,222.61504517851677
4633000,2316500.0,-67.62014770507812,0.6323437346466751,-66.98780397043144,326.13541415394235
4634000,2317000.0,-67.44715118408203,0.45100320601253113,-66.9961479780695,232.60785126595547
4635000,2317500.0,-67.33582305908203,0.34810730986994226,-66.98771574921209,179.5386203010042
4636000,2318000.0,-67.51731872558594,0.5322178654292493,-66.98510086015669,274.4948426805893
4637000,2318500.0,-67.41463470458984,0.42228608803863044,-66.99234861655121,217.79680997532128
4638000,2319000.0,-67.30589294433594,0.3164817765154385,-66.98941116782049,163.22754476836923
4639000,2319500.0,-67.44158935546875,0.4358827957423239,-67.00570655972642,224.8094008418251
4640000,2320000.0,-67.60352325439453,0.6110102790770102,-66.99251297531752,315.13254500804186
4641000,2320500.0,-67.62590789794922,0.6328358410697937,-66.99307205687943,326.3892212580821
4642000,2321000.0,-67.46593475341797,0.48980515902650296,-66.97612959439147,252.6202121431679
4643000,2321500.0,-67.53225708007812,0.541503944194127,-66.99075313588399,279.28419849755124
4644000,2322000.0,-67.6144790649414,0.6399559252428444,-66.97452313969856,330.06145120733004
4645000,2322500.0,-67.48876190185547,0.5090615877031166,-66.97970031415235,262.5518410934924
4646000,2323000.0,-67.5984878540039,0.6073694048146461,-66.99111844918926,313.25474031040847
4647000,2323500.0,-67.59771728515625,0.6250318235372735,-66.97268546161898,322.36424820848714
4648000,2324000.0,-67.6238784790039,0.6428357461814275,-66.98104273282247,331.54673767896526
4649000,2324500.0,-67.55694580078125,0.5797182756972534,-66.97722752508399,298.99348973984047
4650000,2325000.0,-67.5812759399414,0.5997059346095088,-66.9815700053319,309.3022554635311
4651000,2325500.0,-67.60286712646484,0.6130853199383255,-66.98978180652652,316.20276089476926
4652000,2326000.0,-67.68940734863281,0.7041222961625937,-66.98528505247022,363.1556764017347
4653000,2326500.0,-67.65343475341797,0.6726895846441632,-66.98074516877381,346.94404999134144
4654000,2327000.0,-67.66165924072266,0.6749149438190166,-66.98674429690364,348.09179353075933
4655000,2327500.0,-67.50664520263672,0.532557251178206,-66.97408795145851,274.669883098845
4656000,2328000.0,-67.63412475585938,0.6661395378928591,-66.96798521796651,343.56582056813403
4657000,2328500.0,-67.58983612060547,0.6133723605596332,-66.97646376004583,316.3508039713113
4658000,2329000.0,-67.64183044433594,0.6669448607809397,-66.974885583555,343.9811711112664
4659000,2329500.0,-67.6378402709961,0.673783546663208,-66.96405672433289,347.5082680528191
4660000,2330000.0,-67.55523681640625,0.5777291990933041,-66.97750761731295,297.9676104807135
4661000,2330500.0,-67.6474380493164,0.6806277291463649,-66.96681032017004,351.038199902206
4662000,2331000.0,-67.6951904296875,0.7066871351830227,-66.98850329450448,364.47850889035453
4663000,2331500.0,-67.40154266357422,0.431188925304434,-66.97035373826978,222.3885064842625
4664000,2332000.0,-67.59696197509766,0.617998103839556,-66.9789638712581,318.73656130187203
4665000,2332500.0,-67.56375122070312,0.5914090319709145,-66.97234218873221,305.02307369897255
4666000,2333000.0,-67.58025360107422,0.6144625520976829,-66.96579104897654,316.91307738257177
4667000,2333500.0,-67.60941314697266,0.6241865008757351,-66.98522664609692,321.92826752075473
4668000,2334000.0,-67.36177825927734,0.3912405503982759,-66.97053770887906,201.7848710231211
4669000,2334500.0,-67.73592376708984,0.743389230552966,-66.99253453653688,383.40785446295223
4670000,2335000.0,-67.34126281738281,0.37586309585217054,-66.96539972153064,193.8538483336503
4671000,2335500.0,-67.66130065917969,0.6762009059589269,-66.98509975322077,348.75503690948955
4672000,2336000.0,-67.68502044677734,0.7094696380339318,-66.9755508087434,365.9136029221991
4673000,2336500.0,-67.57075500488281,0.608432577383712,-66.9623224274991,313.8030785118191
4674000,2337000.0,-67.43467712402344,0.4650407121893534,-66.96963641183409,239.8477868260421
4675000,2337500.0,-67.65687561035156,0.6831399794723686,-66.97373563087919,352.33390942795523
4676000,2338000.0,-67.42314910888672,0.4603949798622802,-66.96275412902443,237.4517200137648
4677000,2338500.0,-67.75184631347656,0.790141487921946,-66.96170482555462,407.5206367745911
4678000,2339000.0,-67.61421203613281,0.6490114081180338,-66.96520062801478,334.73187568700644
4679000,2339500.0,-67.47457122802734,0.5227933916029396,-66.9517778364244,269.63410870614115
4680000,2340000.0,-67.5879135131836,0.6258023787064069,-66.96211113447718,322.76166707333
4681000,2340500.0,-67.48309326171875,0.5148490412010543,-66.96824422051769,265.536758061953
4682000,2341000.0,-67.59431457519531,0.6419188021865271,-66.95239577300879,331.0738178204331
4683000,2341500.0,-67.6909408569336,0.7128734238950234,-66.97806743303858,367.66912772726215
4684000,2342000.0,-67.74481201171875,0.7724163919532091,-66.97239561976554,398.37880267717185
4685000,2342500.0,-67.78744506835938,0.8190896271037095,-66.96835544125567,422.4508287631392
4686000,2343000.0,-67.6499252319336,0.6935985449168119,-66.95632668701678,357.72798291329707
4687000,2343500.0,-67.53826141357422,0.5555759020960853,-66.98268551147814,286.5419027600539
4688000,2344000.0,-67.80286407470703,0.8132795081749016,-66.98958456653213,419.4542219505657
4689000,2344500.0,-67.4435806274414,0.4615486729351339,-66.98203195450627,238.0467447566476
4690000,2345000.0,-67.59359741210938,0.6277644089984409,-66.96583300311093,323.77359702031146
4691000,2345500.0,-67.66593170166016,0.6743892343966227,-66.99154246726353,347.8206554601135
4692000,2346000.0,-67.50172424316406,0.5097886028973014,-66.99193564026676,262.9268039316775
4693000,2346500.0,-67.67111206054688,0.6847224695782914,-66.98638959096859,353.1500890432685
4694000,2347000.0,-67.62883758544922,0.6491267257986194,-66.9797108596506,334.79135153448686
4695000,2347500.0,-67.7012939453125,0.7233233561834324,-66.97797058912907,373.05874860595276
4696000,2348000.0,-67.45698547363281,0.4694286150835854,-66.98755685854923,242.1108764231538
4697000,2348500.0,-67.41917419433594,0.44000003565934487,-66.9791741586766,226.9328942393821
4698000,2349000.0,-67.34455108642578,0.3565083587191627,-66.98804272770661,183.87151615439464
4699000,2349500.0,-67.51512145996094,0.5295816874581756,-66.98553977250276,273.1352166619018
4700000,2350000.0,-67.72543334960938,0.738176193558572,-66.9872571560508,380.71919656059083
4701000,2350500.0,-67.80128479003906,0.7888773302372862,-67.01240745980178,406.86863918617064
4702000,2351000.0,-67.6739501953125,0.6850696594536582,-66.98888053585884,353.3291544907281
4703000,2351500.0,-67.6076431274414,0.6126093802990509,-66.99503374714236,315.9572919150634
4704000,2352000.0,-67.64232635498047,0.6469323034142476,-66.99539405156622,333.6595638469633
4705000,2352500.0,-67.43242645263672,0.44387881950688257,-66.98854763312984,228.93340236055005
4706000,2353000.0,-67.50764465332031,0.5144268312787735,-66.99321782204154,265.3190005349651
4707000,2353500.0,-67.62358093261719,0.6498224061163359,-66.97375852650084,335.15015320532814
4708000,2354000.0,-67.55164337158203,0.5633081638312327,-66.9883352077508,290.5298672881567
4709000,2354500.0,-67.62368774414062,0.6502157410557311,-66.9734720030849,335.35301827116535
4710000,2355000.0,-67.51638793945312,0.5322751860460823,-66.98411275340705,274.52440616336946
4711000,2355500.0,-67.561279296875,0.5638744572491834,-66.99740483962582,290.8219368197686
4712000,2356000.0,-67.64784240722656,0.6705546792686619,-66.9772877279579,345.8429585901471
4713000,2356500.0,-67.72640228271484,0.7353238671816984,-66.99107841553314,379.2480905888622
4714000,2357000.0,-67.7161636352539,0.7244477091230324,-66.99171592613088,373.63864098334227
4715000,2357500.0,-67.59529876708984,0.6019265782739208,-66.99337218881593,310.44756694761816
4716000,2358000.0,-67.41748046875,0.4338077000956825,-66.98367276865432,223.73915669920763
4717000,2358500.0,-67.58674621582031,0.5934212572182498,-66.99332495860206,306.0608920222258
4718000,2359000.0,-67.45106506347656,0.4594467604873937,-66.99161830298917,236.96266967358838
4719000,2359500.0,-67.48793029785156,0.49569772946119056,-66.99223256839038,255.6593438588034
4720000,2360000.0,-67.74345397949219,0.7501244933856055,-66.99332948610659,386.88161029068397
4721000,2360500.0,-67.69717407226562,0.7091704395705973,-66.98800363269503,365.75928935916784
4722000,2361000.0,-67.67285919189453,0.6810144721022717,-66.99184471979225,351.2376651094737
4723000,2361500.0,-67.53634643554688,0.5431064309910499,-66.99324000455583,280.11069153694655
4724000,2362000.0,-67.5598373413086,0.5687048013537873,-66.9911325399548,293.31321836293324
4725000,2362500.0,-67.51461791992188,0.5319215035787546,-66.98269641634312,274.34199211917024
4726000,2363000.0,-67.69911193847656,0.7161910267213376,-66.98292091175523,369.3802030688449
4727000,2363500.0,-67.47403717041016,0.4906138046858696,-66.98342336572429,253.03727642730868
4728000,2364000.0,-67.59329986572266,0.6068610785617402,-66.98643878716092,312.99256772304284
4729000,2364500.0,-67.63871002197266,0.6405427865413696,-66.99816723543128,330.36412875778035
4730000,2365000.0,-67.63287353515625,0.6451714690627587,-66.98770206609349,332.7514020213382
4731000,2365500.0,-67.73604583740234,0.7540540049304837,-66.98199183247186,388.90828155331235
4732000,2366000.0,-67.61637115478516,0.6153835331000169,-67.00098762168514,317.3880793540738
4733000,2366500.0,-67.54472351074219,0.5613477607424902,-66.9833757499997,289.5187765819082
4734000,2367000.0,-67.62100219726562,0.6264575263771658,-66.99454467088846,323.09956376658073
4735000,2367500.0,-67.45188903808594,0.45356674637268785,-66.99832229171325,233.9300139620518
4736000,2368000.0,-67.64306640625,0.6570926841053206,-66.98597372214468,338.8998465968135
4737000,2368500.0,-67.6056900024414,0.6234482519769482,-66.98224175046445,321.5475108259974
4738000,2369000.0,-67.62276458740234,0.6303517433579594,-66.99241284404438,325.10803162709664
4739000,2369500.0,-67.63204956054688,0.6377088895274023,-66.99434067101947,328.9025278504253
4740000,2370000.0,-67.58535766601562,0.5890158216817278,-66.9963418443339,303.7887598502594
4741000,2370500.0,-67.54791259765625,0.5663223340063956,-66.98159026364985,292.0844452566669
4742000,2371000.0,-67.810546875,0.8079652254623934,-67.0025816495376,416.713345907343
4743000,2371500.0,-67.46520233154297,0.46134595038493975,-67.00385638115803,237.94218927638676
4744000,2372000.0,-67.50529479980469,0.5338427613824315,-66.97145203842226,275.3328933887919
4745000,2372500.0,-67.48124694824219,0.49479157169409227,-66.9864553765481,255.19198706775913
4746000,2373000.0,-67.56782531738281,0.5774209032312507,-66.99040441415156,297.8086048748322
4747000,2373500.0,-67.59510040283203,0.6003734155352116,-66.99472698729681,309.6465131136295
4748000,2374000.0,-67.56137084960938,0.5786765446797186,-66.98269430492965,298.4562101587744
4749000,2374500.0,-67.5361099243164,0.5398539991196784,-66.99625592519673,278.43322854133396
4750000,2375000.0,-67.71993255615234,0.7375781108938595,-66.98235444525848,380.4107315171864
4751000,2375500.0,-67.47774505615234,0.4977643128406247,-66.97998074331171,256.7251977439724
4752000,2376000.0,-67.50328826904297,0.516300532439807,-66.98698773660317,266.2853741553123
4753000,2376500.0,-67.63668823242188,0.6629177726363804,-66.9737704597855,341.90417407959006
4754000,2377000.0,-67.36959838867188,0.3847118515200053,-66.98488653715187,198.41765190496082
4755000,2377500.0,-67.63936614990234,0.6626856466462575,-66.97668050325609,341.78445358300456
4756000,2378000.0,-67.63672637939453,0.6544551864495751,-66.98227119294495,337.53953994213106
4757000,2378500.0,-67.578369140625,0.5984283665004999,-66.9799407741245,308.6433413611018
4758000,2379000.0,-67.7028579711914,0.6996314451641757,-67.00322652602723,360.83949064701847
4759000,2379500.0,-67.684326171875,0.7122736029058468,-66.97205256896915,367.35976613165366
4760000,2380000.0,-67.47727966308594,0.4934540394894107,-66.98382562359653,254.5021460910603
4761000,2380500.0,-67.64571380615234,0.6594720404961308,-66.98624176565622,340.12701520688967
4762000,2381000.0,-67.57058715820312,0.587890871780115,-66.982696286423,303.20855958581
4763000,2381500.0,-67.6861801147461,0.71153530203587,-66.97464481271022,366.97898263241547
4764000,2382000.0,-67.53441619873047,0.5677457876540187,-66.96667041107645,292.81860077914695
4765000,2382500.0,-67.62835693359375,0.6744367889475058,-66.95392014464625,347.84518203054887
4766000,2383000.0,-67.54186248779297,0.5647190452897886,-66.97714344250318,291.2575386219532
4767000,2383500.0,-67.689697265625,0.7207673386163908,-66.9689299270086,371.74046583957465
4768000,2384000.0,-67.54850769042969,0.579098161043563,-66.96940952938613,298.67366155411924
4769000,2384500.0,-67.64447784423828,0.6712198135807476,-66.97325803065753,346.18600595893497
4770000,2385000.0,-67.54833984375,0.5890256919143203,-66.95931415183568,303.793850487231
4771000,2385500.0,-67.72630310058594,0.7414903991555438,-66.9848127014304,382.42851975893586
4772000,2386000.0,-67.56503295898438,0.5964031011141235,-66.96862985787025,307.59879750090755
4773000,2386500.0,-67.62077331542969,0.6486993992992403,-66.97207391613044,334.5709550994185
4774000,2387000.0,-67.46430206298828,0.49947205320625754,-66.96483000978202,257.605975999369
4775000,2387500.0,-67.4699478149414,0.5036105947418759,-66.96633722019953,259.74045584594535
4776000,2388000.0,-67.4052505493164,0.43857268721374515,-66.96667786210266,226.19672994938918
4777000,2388500.0,-67.58321380615234,0.6253932981658176,-66.95782050798653,322.5506811107633
4778000,2389000.0,-67.3741683959961,0.4033416915237375,-66.97082670447236,208.026113651852
4779000,2389500.0,-67.60894775390625,0.6295369238876068,-66.97941083001864,324.68778315958775
4780000,2390000.0,-67.39654541015625,0.4408976536060431,-66.9556477565502,227.39584656223863
4781000,2390500.0,-67.5774917602539,0.6086555379272176,-66.96883622232669,313.91807186940616
4782000,2391000.0,-67.73072814941406,0.7597387800026205,-66.97098936941144,391.84024145255813
4783000,2391500.0,-67.66573333740234,0.6918090662412036,-66.97392427116114,356.80504759028753
4784000,2392000.0,-67.68992614746094,0.7260628157878287,-66.96386333167311,374.471642802077
4785000,2392500.0,-67.55480194091797,0.5951020392326157,-66.95969990168535,306.92776633175623
4786000,2393000.0,-67.51334381103516,0.5358581724084291,-66.97748563862673,276.37235479821254
4787000,2393500.0,-67.53458404541016,0.584125978512826,-66.95045806689733,301.2667912757962
4788000,2394000.0,-67.45381927490234,0.4796041198315878,-66.97421515507075,247.35895950421641
4789000,2394500.0,-67.56177520751953,0.5926771116252326,-66.9690980958943,305.6770940688783
4790000,2395000.0,-67.6438217163086,0.6895533308766558,-66.95426838543194,355.64163733249546
4791000,2395500.0,-67.48737335205078,0.5152848293292244,-66.97208852272156,265.7615186373757
4792000,2396000.0,-67.59447479248047,0.6340172801888361,-66.96045751229163,326.99855620563534
4793000,2396500.0,-67.51946258544922,0.5563343799771191,-66.9631282054721,286.933092684622
4794000,2397000.0,-67.50786590576172,0.5448366365865055,-66.96302926917521,281.0030563814573
4795000,2397500.0,-67.61891174316406,0.6591698230383305,-66.95974192012574,339.97114457773046
4796000,2398000.0,-67.55445861816406,0.5923032763483896,-66.96215534181567,305.4842860814525
4797000,2398500.0,-67.4864501953125,0.5240713530780707,-66.96237884223443,270.293225689719
4798000,2399000.0,-67.6385498046875,0.681730439869922,-66.95681936481758,351.6069301652175
4799000,2399500.0,-67.74822998046875,0.7921019737554609,-66.95612800671329,408.5317701569967
4800000,2400000.0,-67.62932586669922,0.6725294665292348,-66.95679640016998,346.8614680270323
4801000,2400500.0,-67.4378662109375,0.48925380127368207,-66.94861240966382,252.33584577846642
4802000,2401000.0,-67.55488586425781,0.604685199792665,-66.95020066446514,311.87034402630985
4803000,2401500.0,-67.59454345703125,0.6553893086549384,-66.93915414837632,338.0213195749866
4804000,2402000.0,-67.7021713256836,0.7448732317093798,-66.95729809397422,384.1732377588306
4805000,2402500.0,-67.52711486816406,0.5604522890540229,-66.96666257911004,289.0569312057623
4806000,2403000.0,-67.64643096923828,0.7066166272425058,-66.93981434199577,364.44214395919175
4807000,2403500.0,-67.5352783203125,0.5983798269307106,-66.93689849338179,308.6183067607275
4808000,2404000.0,-67.3846206665039,0.4521249320799925,-66.93249573442391,233.18638881687025
4809000,2404500.0,-67.66169738769531,0.7028268186415003,-66.95887056905381,362.48752540296664
4810000,2405000.0,-67.59368896484375,0.640756894898869,-66.95293206994488,330.4745565425767
4811000,2405500.0,-67.4188461303711,0.47204546206775094,-66.94680066830334,243.4605323589957
4812000,2406000.0,-67.48699951171875,0.5322432598710176,-66.95475625184773,274.5079400299098
4813000,2406500.0,-67.46109771728516,0.5181309533654435,-66.94296676391971,267.2294257113731
4814000,2407000.0,-67.58031463623047,0.6163922168380439,-66.96392241939242,317.9083145847361
4815000,2407500.0,-67.48811340332031,0.5471428670169378,-66.94097053630337,282.192509799516
4816000,2408000.0,-67.61687469482422,0.6765394118283758,-66.94033528299585,348.9296235241382
4817000,2408500.0,-67.58155059814453,0.6328764198132357,-66.9486741783313,326.4101500102357
4818000,2409000.0,-67.76074981689453,0.8059352872563565,-66.95481452963817,415.66639200986725
4819000,2409500.0,-67.534423828125,0.5683029201904322,-66.96612090793457,293.10594552623036
4820000,2410000.0,-67.44938659667969,0.4939642221381829,-66.9554223745415,254.76527612672746
4821000,2410500.0,-67.62379455566406,0.6894488067943102,-66.93434574886975,355.58772835385446
4822000,2411000.0,-67.57510375976562,0.6230173865768263,-66.9520863731888,321.3252891797406
4823000,2411500.0,-67.66783905029297,0.7074836245472372,-66.96035542574573,364.8893034858168
4824000,2412000.0,-67.6688461303711,0.7150579224817768,-66.95378820788932,368.7957971513019
4825000,2412500.0,-67.5609359741211,0.6145230903432076,-66.94641288377788,316.9443003783802
4826000,2413000.0,-67.49462127685547,0.5454892573381129,-66.94913201951735,281.33964979963974
4827000,2413500.0,-67.50311279296875,0.559981818633979,-66.94313097433476,288.81428301162157
4828000,2414000.0,-67.69613647460938,0.7495462921483802,-66.946590182461,386.5833992234514
4829000,2414500.0,-67.58443450927734,0.6232463275243803,-66.96118818175296,321.44336696980366
4830000,2415000.0,-67.5197982788086,0.547970263820892,-66.97182801498771,282.6192451090356
4831000,2415500.0,-67.5535888671875,0.5951739023768853,-66.95841496481061,306.96483021811207
4832000,2416000.0,-67.64122772216797,0.684947381319961,-66.95628034084801,353.26608874406173
4833000,2416500.0,-67.58489990234375,0.6281810094237931,-66.95671889291995,323.9884614125947
4834000,2417000.0,-67.52459716796875,0.5692976877889966,-66.95529948017975,293.61900341700874
4835000,2417500.0,-67.76033020019531,0.8153886625791357,-66.94494153761617,420.54203212002017
4836000,2418000.0,-67.674560546875,0.7124398217212781,-66.96212072515372,367.44549457212145
4837000,2418500.0,-67.46089935302734,0.5066042200815568,-66.95429513294579,261.28443768127437
4838000,2419000.0,-67.48271179199219,0.5264611223677611,-66.95625066962442,271.52576482045146
4839000,2419500.0,-67.61661529541016,0.6610862730257465,-66.95552902238441,340.95956618469154
4840000,2420000.0,-67.54949188232422,0.589484973886627,-66.96000690843759,304.03072816632334
4841000,2420500.0,-67.51396179199219,0.5551823390013938,-66.9587794529908,286.33892002163134
4842000,2421000.0,-67.48382568359375,0.5186489541000932,-66.96517672949366,267.4965879759307
4843000,2421500.0,-67.6238021850586,0.6679716883076529,-66.95583049675093,344.5107641195317
4844000,2422000.0,-67.32183837890625,0.3631261951761165,-66.95871218373013,187.2847085613656
4845000,2422500.0,-67.52227020263672,0.5526391246501102,-66.9696310779866,285.02724059746254
4846000,2423000.0,-67.5363540649414,0.5914412405746768,-66.94491282436672,305.039685496879
4847000,2423500.0,-67.54548645019531,0.577747903387125,-66.96773854680819,297.9772573425032
4848000,2424000.0,-67.68478393554688,0.7382041839571774,-66.9465797515897,380.73363279161725
4849000,2424500.0,-67.4773941040039,0.5181836256515469,-66.95921047835236,267.2565917871979
4850000,2425000.0,-67.56473541259766,0.5952755494940539,-66.96945986310361,307.0172553831591
4851000,2425500.0,-67.5458755493164,0.5944297125229842,-66.95144583679343,306.5810094369244
4852000,2426000.0,-67.65510559082031,0.7033145251822006,-66.9517910656381,362.73906323899143
4853000,2426500.0,-67.48914337158203,0.521250350903747,-66.96789302067829,268.8382753801911
4854000,2427000.0,-67.51656341552734,0.5425427603726873,-66.97402065515466,279.8199747313648
4855000,2427500.0,-67.57060241699219,0.6143105118962647,-66.95629190509592,316.83466165495287
4856000,2428000.0,-67.45934295654297,0.4961251425918932,-66.96321781395108,255.87978497454313
4857000,2428500.0,-67.55892944335938,0.5922403264315524,-66.96668911692782,305.45181925040197
4858000,2429000.0,-67.41011047363281,0.45737518060900856,-66.9527352930238,235.89423881142824
4859000,2429500.0,-67.5040054321289,0.5446065530960482,-66.95939887903286,280.8843893174242
4860000,2430000.0,-67.49442291259766,0.5269562687769338,-66.96746664382073,271.78113981726807
4861000,2430500.0,-67.50326538085938,0.5364574221863673,-66.966807958673,276.6814217878914
4862000,2431000.0,-67.50731658935547,0.5505853394769404,-66.95673124987853,283.9679874708237
4863000,2431500.0,-67.58080291748047,0.6196771324995111,-66.96112578498096,319.6025313074051
4864000,2432000.0,-67.54273986816406,0.5888981769458164,-66.95384169121824,303.728083808785
4865000,2432500.0,-67.60803985595703,0.630955701545209,-66.97708415441183,325.4195270096521
4866000,2433000.0,-67.52388000488281,0.5572506615945829,-66.96662934328823,287.40567091766195
4867000,2433500.0,-67.50492858886719,0.5500842962205026,-66.95484429264668,283.70957113648825
4868000,2434000.0,-67.52415466308594,0.559464234095963,-66.96469042898997,288.5473354031981
4869000,2434500.0,-67.44982147216797,0.5027292813980108,-66.94709219076996,259.2859127285672
4870000,2435000.0,-67.44676971435547,0.46477746370029793,-66.98199225065517,239.71201469721493
4871000,2435500.0,-67.46957397460938,0.5008590485969369,-66.96871492601244,258.3213279375384
4872000,2436000.0,-67.84569549560547,0.8790377256455566,-66.96665776995991,453.36945240793733
4873000,2436500.0,-67.7152328491211,0.7549592281895644,-66.96027362093153,389.37515636573863
4874000,2437000.0,-67.48955535888672,0.5381303838543517,-66.95142497503237,277.5442627026617
4875000,2437500.0,-67.40397644042969,0.4381424747330492,-66.96583396569663,225.97484505059379
4876000,2438000.0,-67.60475158691406,0.658330516131572,-66.94642107078249,339.5382665548448
4877000,2438500.0,-67.51385498046875,0.5633206384465888,-66.95053434202217,290.53630115256084
4878000,2439000.0,-67.65069580078125,0.6939628585095212,-66.95673294227173,357.915880029897
4879000,2439500.0,-67.60731506347656,0.6418587760529795,-66.96545628742358,331.042858949724
4880000,2440000.0,-67.44380187988281,0.5136410998811929,-66.93016078000161,264.9137544311085
4881000,2440500.0,-67.43848419189453,0.48695024095277234,-66.95153395094177,251.1477694868459
4882000,2441000.0,-67.62337493896484,0.6708899510957965,-66.95248498786904,346.0158772263344
4883000,2441500.0,-67.60359191894531,0.6464996124532264,-66.95709230649209,333.4364006557408
4884000,2442000.0,-67.46070098876953,0.5180472271529001,-66.94265376161663,267.18624337001785
4885000,2442500.0,-67.47130584716797,0.5271886157907617,-66.9441172313772,271.90097430827404
4886000,2443000.0,-67.58900451660156,0.6513301752805486,-66.93767434132101,335.92779500657696
4887000,2443500.0,-67.48934173583984,0.5340306468480343,-66.9553110889918,275.4297965456993
4888000,2444000.0,-67.63996887207031,0.6890052808090549,-66.95096359126126,355.35897692806526
4889000,2444500.0,-67.63902282714844,0.7009590076704363,-66.938063819478,361.5241896865945
4890000,2445000.0,-67.5572509765625,0.6283485868471058,-66.92890238971539,324.07489056395724
4891000,2445500.0,-67.35771942138672,0.415237810955593,-66.94248161043113,214.16161500208008
4892000,2446000.0,-67.59540557861328,0.644589129797806,-66.95081644881547,332.45105673925906
4893000,2446500.0,-67.7419662475586,0.7753288660592825,-66.96663738149931,399.8809302333619
4894000,2447000.0,-67.53961944580078,0.5800346836773366,-66.95958476212344,299.15667922361655
4895000,2447500.0,-67.5429916381836,0.6095907484387996,-66.93340088974479,314.4004128033072
4896000,2448000.0,-67.55303192138672,0.5903258468350718,-66.96270607455165,304.46441388544434
4897000,2448500.0,-67.60433959960938,0.656876919407975,-66.9474626802014,338.7885645439156
4898000,2449000.0,-67.60746002197266,0.6569172743974877,-66.95054274757517,338.8093778935177
4899000,2449500.0,-67.76506042480469,0.8066024388098177,-66.95845798599487,416.0104797840793
4900000,2450000.0,-67.6340103149414,0.6662860301674096,-66.967724284774,343.6413749162096
4901000,2450500.0,-67.34503936767578,0.3868167119296077,-66.95822265574617,199.50324741861843
4902000,2451000.0,-67.6818618774414,0.7311862893287985,-66.9506755881126,377.1141077679465
4903000,2451500.0,-67.55120849609375,0.5985239496361084,-66.95268454645765,308.692638988025
4904000,2452000.0,-67.74214172363281,0.8036966294536705,-66.93844509417914,414.51178961622463
4905000,2452500.0,-67.53137969970703,0.5747887136264419,-66.95659098608058,296.4510358821139
4906000,2453000.0,-67.6624755859375,0.7126626248784548,-66.94981296105904,367.5604067566807
4907000,2453500.0,-67.58043670654297,0.64631409608475,-66.93412261045822,333.3407193761608
4908000,2454000.0,-67.68016815185547,0.7268458556813204,-66.95332229617415,374.875500745108
4909000,2454500.0,-67.60467529296875,0.6450937027166183,-66.95958159025213,332.7112935200341
4910000,2455000.0,-67.39254760742188,0.4608402923426179,-66.93170731507925,237.6813928360693
4911000,2455500.0,-67.59651947021484,0.6541929510905004,-66.94232651912435,337.4042903417133
4912000,2456000.0,-67.57827758789062,0.646576277721143,-66.93170131016949,333.47594126875435
4913000,2456500.0,-67.4848861694336,0.5346138465948207,-66.95027232283877,275.7305856269083
4914000,2457000.0,-67.6186752319336,0.6650483782881098,-66.95362685364549,343.003047870146
4915000,2457500.0,-67.48367309570312,0.541914988454052,-66.94175810724907,279.49619726120017
4916000,2458000.0,-67.63560485839844,0.6935528401731739,-66.94205201822527,357.7044103930387
4917000,2458500.0,-67.55326843261719,0.6026127731161064,-66.95065565950108,310.8014764224571
4918000,2459000.0,-67.4739990234375,0.5171121572397986,-66.9568868661977,266.70397495070216
4919000,2459500.0,-67.3249740600586,0.37975512988192195,-66.94521893017667,195.86119032289838
4920000,2460000.0,-67.59951782226562,0.6560100718067475,-66.94350775045888,338.34148222785115
4921000,2460500.0,-67.54976654052734,0.6105259124271969,-66.93924062810015,314.88272974257154
4922000,2461000.0,-67.55634307861328,0.6215267976913058,-66.93481628092198,320.55650821951787
4923000,2461500.0,-67.57205963134766,0.6149953432596181,-66.95706428808803,317.1878679066724
4924000,2462000.0,-67.67646789550781,0.7164956005759651,-66.95997229493184,369.53728902506913
4925000,2462500.0,-67.61422729492188,0.667382209563338,-66.94684508535853,344.20673660430776
4926000,2463000.0,-67.57274627685547,0.6282400516596109,-66.94450622519585,324.0189128316188
4927000,2463500.0,-67.48817443847656,0.5265912215465006,-66.96158321693007,271.59286432221694
4928000,2464000.0,-67.54562377929688,0.5874827987257756,-66.9581409805711,302.9980932408617
4929000,2464500.0,-67.38134765625,0.4364853936266398,-66.94486226262336,225.1201946392515
4930000,2465000.0,-67.36639404296875,0.4174488820321622,-66.94894516093659,215.30198936142062
4931000,2465500.0,-67.76092529296875,0.7975545933574608,-66.96337069961129,411.34399435514706
4932000,2466000.0,-67.53225708007812,0.5726589446034459,-66.95959813547468,295.3525935882954
4933000,2466500.0,-67.51808166503906,0.5602681446992608,-66.9578135203398,288.96195755122295
4934000,2467000.0,-67.45979309082031,0.5110650642870167,-66.9487280265333,263.5851472363975
4935000,2467500.0,-67.58441925048828,0.6239957727825536,-66.96042347770573,321.8298982600941
4936000,2468000.0,-67.4798583984375,0.5143917126083629,-66.96546668582914,265.3008878511646
4937000,2468500.0,-67.55340576171875,0.583445696432951,-66.9699600652858,300.91593134676486
4938000,2469000.0,-67.70604705810547,0.7288578665542315,-66.97718919155123,375.9132085033508
4939000,2469500.0,-67.53557586669922,0.5741577991623383,-66.96141806753688,296.1256376235843
4940000,2470000.0,-67.48638153076172,0.5017833194801746,-66.98459821128155,258.79802668661927
4941000,2470500.0,-67.66886138916016,0.6924840955991783,-66.97637729356097,357.1531983936669
4942000,2471000.0,-67.66136169433594,0.6894819654554282,-66.97187972888051,355.60483015005167
4943000,2471500.0,-67.76371765136719,0.7963058861032429,-66.96741176526395,410.69996542721134
4944000,2472000.0,-67.58013916015625,0.6073985762795512,-66.9727405838767,313.2697856840985
4945000,2472500.0,-67.60709381103516,0.6271349629306832,-66.97995884810447,323.4489560967947
4946000,2473000.0,-67.6573715209961,0.6823746138778356,-66.97499690711825,351.9391671201317
4947000,2473500.0,-67.76780700683594,0.7841325820322295,-66.98367442480371,404.42150428765376
4948000,2474000.0,-67.45626068115234,0.47059731694918455,-66.98566336420316,242.71364204899277
4949000,2474500.0,-67.70429992675781,0.6987583607513989,-67.00554156600641,360.3891916546335
4950000,2475000.0,-67.5381088256836,0.541513431962235,-66.99659539372136,279.2890918759652
4951000,2475500.0,-67.49109649658203,0.5233058382712307,-66.9677906583108,269.8984064246728
4952000,2476000.0,-67.49337005615234,0.5108706856355429,-66.9824993705168,263.48489517643765
4953000,2476500.0,-67.62483215332031,0.6457100789791532,-66.97912207434116,333.0291936060827
4954000,2477000.0,-67.52491760253906,0.544201999332974,-66.9807156032061,280.67573806994807
4955000,2477500.0,-67.64591979980469,0.6512921540064304,-66.99462764579826,335.90818528594275
4956000,2478000.0,-67.44681549072266,0.46713650320152794,-66.97967898752113,240.92870473869854
4957000,2478500.0,-67.66333770751953,0.6848297293943404,-66.9785079781252,353.2054089944478
4958000,2479000.0,-67.6390609741211,0.660350995773197,-66.9787099783479,340.5803421359039
4959000,2479500.0,-67.494873046875,0.5053347922869422,-66.98953825458806,260.6297219991992
4960000,2480000.0,-67.34048461914062,0.37699018930032385,-66.9634944298403,194.43515414623823
4961000,2480500.0,-67.57111358642578,0.5810897393441145,-66.99002384708167,299.7008310796199
4962000,2481000.0,-67.44744110107422,0.4671084853314752,-66.98033261574274,240.91425433909353
4963000,2481500.0,-67.7481460571289,0.7661402176243359,-66.98200583950457,395.14182474586823
4964000,2482000.0,-67.48944854736328,0.4995458165364576,-66.98990273082683,257.64401991903804
4965000,2482500.0,-67.72891235351562,0.749697718101435,-66.9792146354142,386.66149814846216
4966000,2483000.0,-67.38351440429688,0.38170071108977455,-67.0018136932071,196.8646365472018
4967000,2483500.0,-67.55965423583984,0.5737605194017403,-66.9858937164381,295.9207379904283
4968000,2484000.0,-67.70071411132812,0.7122381546697608,-66.98847595665836,367.34148347220196
4969000,2484500.0,-67.62539672851562,0.6440082583694784,-66.98138847014614,332.15146850351306
4970000,2485000.0,-67.62387084960938,0.6367849466837165,-66.98708590292566,328.4259982898875
4971000,2485500.0,-67.57658386230469,0.5877581780252061,-66.98882568427948,303.140121914427
4972000,2486000.0,-67.6216049194336,0.6481925175138835,-66.97341240191972,334.30952750563233
4973000,2486500.0,-67.42312622070312,0.45853057020052407,-66.9645956505026,236.4901385448993
4974000,2487000.0,-67.54212188720703,0.574094297557632,-66.9680275896494,296.0928862559094
4975000,2487500.0,-67.46329498291016,0.5007514219730425,-66.96254356093712,258.2658188028153
4976000,2488000.0,-67.45074462890625,0.4878395354661351,-66.96290509344011,251.60642894455756
4977000,2488500.0,-67.49100494384766,0.5269648902688121,-66.96404005357884,271.7855864080545
4978000,2489000.0,-67.5006332397461,0.5424801531843528,-66.95815308656174,279.7876846647796
4979000,2489500.0,-67.54190826416016,0.5829198830255359,-66.95898838113462,300.64473964516475
4980000,2490000.0,-67.53067779541016,0.5630417126185618,-66.9676360827916,290.3924433336918
4981000,2490500.0,-67.73680877685547,0.7657166856353773,-66.97109209122009,394.9233853543502
4982000,2491000.0,-67.63200378417969,0.6512187924399332,-66.98078499173975,335.87034857852933
4983000,2491500.0,-67.680908203125,0.6907643362838107,-66.9901438668412,356.26622128638854
4984000,2492000.0,-67.52879333496094,0.5348831842133545,-66.99391015074758,275.8694982640626
4985000,2492500.0,-67.68504333496094,0.7082850177338061,-66.97675831722714,365.3026272597099
4986000,2493000.0,-67.65972137451172,0.6888745803913566,-66.97084679412036,355.29156733337715
4987000,2493500.0,-67.53612518310547,0.570527356703676,-66.96559782640179,294.2532131968926
4988000,2494000.0,-67.33868408203125,0.37652441805077175,-66.96215966398047,194.19492957999253
4989000,2494500.0,-67.54391479492188,0.5627306525997648,-66.9811841423221,290.2320120959034
4990000,2495000.0,-67.56765747070312,0.5998305338013691,-66.96782693690176,309.36651831111556
4991000,2495500.0,-67.54405975341797,0.5776387246659019,-66.96642102875207,297.92094770343834
4992000,2496000.0,-67.59814453125,0.615891378806456,-66.98225315244355,317.6500040964583
4993000,2496500.0,-67.55864715576172,0.5897748001271501,-66.96887235563457,304.1802079441826
4994000,2497000.0,-67.7323226928711,0.757331988419368,-66.97499070445173,390.598922962663
4995000,2497500.0,-67.53345489501953,0.5560633521416626,-66.97739154287787,286.79330830704254
4996000,2498000.0,-67.67798614501953,0.7045714753712823,-66.97341466964825,363.38734351445913
4997000,2498500.0,-67.55530548095703,0.5865825670117518,-66.96872291394529,302.5337928504234
4998000,2499000.0,-67.71577453613281,0.743116488714919,-66.9726580474179,383.267186077334
4999000,2499500.0,-67.63396453857422,0.6628289681596101,-66.9711355704146,341.8583725902681
5000000,2500000.0,-67.49492645263672,0.5323402136304751,-66.96258623900624,274.5579445650415
