frame,q,P_rad,x_cp,y_cp,E_pot_eV,normal_x,normal_y,normal_z,cos_theta_to_lab_z,theta_to_lab_z_deg
0,0.4224996566784073,1.288877692625842,0.11753900420373233,0.4058208254687862,-68.16629028320312,-0.34418235118507684,0.5203558308289269,0.7815166782961511,0.7815166782961511,38.60034844285487
1,0.4964942210722818,1.1370603292149957,0.2086585376489509,0.4505198399897314,-67.88561248779297,-0.33546261191838306,0.516839142609341,0.787618014440844,0.787618014440844,38.03653488173244
2,0.3912286475887951,1.4249126899096636,0.056871631960992305,0.3870729545864075,-67.8311996459961,-0.33466251407271586,0.5257215476506513,0.782060007934387,0.782060007934387,38.55042332750824
3,0.3376209993509352,2.141754506549231,-0.1824633842158275,0.2840687462978486,-67.83251953125,-0.33598650034455335,0.5215428472783531,0.7842870201903179,0.7842870201903179,38.34521564853976
4,0.4401311062292154,2.783163954370301,-0.41216042094583155,0.15439941086774853,-67.77913665771484,-0.3418598221824918,0.5157043706510535,0.7856085947014302,0.7856085947014302,38.22299908534378
5,0.48583789027316465,-1.428840800283933,0.06873597559081726,-0.4809509551759495,-67.83866119384766,-0.3435581392991186,0.5159851591798136,0.7846828151727996,0.7846828151727996,38.30864794525877
6,0.47848604368806996,1.0712881537452794,0.2291918779225301,0.4200237815869545,-67.8592300415039,-0.34126382280863826,0.516887047514438,0.7850903026746934,0.7850903026746934,38.2709690737101
7,0.42932660056467264,3.1049036068629805,-0.42903767768108136,0.01574805011557088,-67.79672241210938,-0.3364484092691062,0.5165931318441206,0.7873588788041773,0.7873588788041773,38.06062488719479
8,0.36857573761463286,-1.390832047810576,0.06597300385077816,-0.3626232716209426,-67.83934020996094,-0.337121147234458,0.5099558610344511,0.7913876116568509,0.7913876116568509,37.68462431215243
9,0.37654520463624414,0.0951720914693079,0.37484116961026953,0.03578251947188915,-67.77658081054688,-0.3399349131019271,0.5162005975762672,0.7861178015515804,0.7861178015515804,38.17582025262125
10,0.3969011096287991,1.5948916628578789,-0.009562540246007981,0.39678589774413037,-67.80721282958984,-0.34122359489686027,0.5210784813474033,0.7823322021765098,0.7823322021765098,38.525391588602425
11,0.4517686924362783,-2.4357669022916015,-0.34383038950328,-0.2930454140907299,-67.73379516601562,-0.3425081863597321,0.524697267593228,0.7793464695863886,0.7793464695863886,38.79922233963959
12,0.4867706908576422,-1.0290911816745485,0.25097787846631536,-0.41708010021885933,-67.78137969970703,-0.33500527374390504,0.5121707692414961,0.7908555934545483,0.7908555934545483,37.73445993687483
13,0.3715822167308171,-0.20011400119723552,0.36416689337631153,-0.07386350627498049,-67.70782470703125,-0.3307069646089533,0.5217663297820657,0.7863795525475501,0.7863795525475501,38.151549366724495
14,0.3541177125145351,0.23433264782483978,0.34443950298858045,0.08222398127983473,-67.77658081054688,-0.33086132485028463,0.5206406150710727,0.7870604383760688,0.7870604383760688,38.088352763282785
15,0.4790263354126498,0.09531050803988426,0.4768522221045982,0.04558715052270065,-67.83887481689453,-0.32757321614615303,0.5258229531981395,0.7849879043358904,0.7849879043358904,38.28044042504819
16,0.39304821616910435,-2.8372254897197604,-0.37498246158482984,-0.11779241799664615,-67.7481460571289,0.3205998078507156,-0.5244506302698173,-0.788775823422394,-0.788775823422394,142.07125701600856
17,0.36543009304950935,0.654928777215589,0.28981943198025284,0.22258447778948262,-67.74271392822266,-0.336741307268205,0.5240698172142606,0.7822762419147804,0.7822762419147804,38.53053897119121
18,0.4336393613761852,2.863187705728791,-0.4169420852414824,0.11917379447357612,-67.70053100585938,0.3214360632179257,-0.5303688165260959,-0.7844665548764141,-0.7844665548764141,141.67136799558023
19,0.4756537777163703,-1.7119742777274534,-0.06692897832207372,-0.4709214670373581,-67.715087890625,-0.33663406677901975,0.5122992499727322,0.790080365254823,0.790080365254823,37.8069776147074
20,0.45412261081199395,-2.8678762683842143,-0.43721697308453444,-0.12275448707684454,-67.78182983398438,-0.3466285219215599,0.5196374971527801,0.7809132726130792,0.7809132726130792,38.6557299996885
21,0.34566838531068517,-2.9705391215329477,-0.34062369431028466,-0.05883987999401466,-67.80784606933594,-0.32703057811937003,0.5148624785001648,0.7924440858556382,0.7924440858556382,37.58549466780088
22,0.41975660788871644,-1.8789251496622437,-0.12730215481119458,-0.39998721385397845,-67.88044738769531,-0.31533428169117866,0.5197127837661808,0.7940169476656751,0.7940169476656751,37.437497755808636
23,0.4714975581704959,-0.6110946920638125,0.386166125007861,-0.2705285035946364,-67.73619079589844,-0.3316016238566278,0.5107221322470484,0.7932233397276433,0.7932233397276433,37.5122337703263
24,0.2896412034400334,-0.5924145277200843,0.24028486784685185,-0.16172572155971907,-67.72184753417969,-0.3305214016578531,0.5165221862996406,0.7899116622169643,0.7899116622169643,37.82274304187302
25,0.4183808457949231,-0.5089244146677592,0.36535905587809014,-0.20385115259901238,-67.85816192626953,-0.328049290131139,0.5262050038543847,0.7845329547973514,0.7845329547973514,38.32249709626581
26,0.4550957321186883,-0.6234616574872016,0.3694750403049619,-0.2657072072494302,-67.75749206542969,-0.3397558627508921,0.5193204742713179,0.7841378697199942,0.7841378697199942,38.35898808528348
27,0.3544350983730698,-1.7355370544261972,-0.05812614199772343,-0.34963636906819084,-67.80233764648438,-0.3365819486030679,0.5130845589035563,0.7895928237321467,0.7895928237321467,37.85252349180174
28,0.419128290072668,-2.2070737322507963,-0.24904830712315024,-0.3371104629914823,-67.77427673339844,-0.33468531406526403,0.5209636989024568,0.7852277153634517,0.7852277153634517,38.25825594485961
29,0.4200616279337469,-1.5544720117612933,0.006856913796325166,-0.42000565948036866,-67.74349975585938,-0.3358909884120435,0.5200344241778846,0.7853288747865804,0.7853288747865804,38.2488946043327
30,0.33863733013680974,-1.8329615703894735,-0.08776545545129663,-0.3270664553139211,-67.79840087890625,-0.3335693751850833,0.5133367546402485,0.7907065500386666,0.7907065500386666,37.748411205474575
31,0.5069922205192255,-1.7369298114287763,-0.08384146335419117,-0.5000117205522715,-67.80868530273438,-0.31056378035294596,0.5221348584991028,0.7943080812084246,0.7943080812084246,37.41004905586479
32,0.4620371038457665,-2.65816390538679,-0.40909060299451716,-0.2147630412146512,-67.67372131347656,-0.32982652430981124,0.5213235764421091,0.7870426878558228,0.7870426878558228,38.0900014113151
33,0.40411744018616574,2.631709196298661,-0.3527142656262041,0.19723983443104678,-67.60440826416016,-0.3240822933795719,0.5192142846428884,0.7908142599502179,0.7908142599502179,37.738329415915004
34,0.36868957132236635,0.6734229251037858,0.2882015002517466,0.22993889461009584,-67.83296966552734,-0.3250530458338572,0.5170675459163707,0.79182174152656,0.79182174152656,37.643916545406476
35,0.3993329687742984,-2.1956833669611053,-0.2336120481350284,-0.3238707009228404,-67.80438995361328,-0.3146799539802358,0.5283322417855354,0.7885693177222073,0.7885693177222073,37.94798769216367
36,0.3704436734522614,1.3353933416610881,0.08640038402675734,0.36022699626878957,-67.76783752441406,-0.34599371311192145,0.5231986620546675,0.7788141694340385,0.7788141694340385,38.84787026402943
37,0.4385851424204918,0.19208329813734537,0.4305189717565308,0.08372778576853973,-67.83125305175781,-0.31322859178495227,0.527225419866935,0.7898868310932585,0.7898868310932585,37.8250630574919
38,0.5351885117800542,-1.4967523442451554,0.039591289058881554,-0.5337220933894392,-67.64269256591797,-0.3235148986171764,0.521346958068584,0.7896426151654635,0.7896426151654635,37.84787413852934
39,0.34319779058338906,3.076961146590314,-0.34248123172693923,0.02216595082820315,-67.77705383300781,-0.32799315967169096,0.5159126343579017,0.7913625218055697,0.7913625218055697,37.68697580873366
40,0.36778457582782254,0.6353745673831966,0.2960112154320189,0.21827243196361332,-67.68576049804688,-0.3229412768644615,0.5139067416276997,0.7947381912345424,0.7947381912345424,37.36946585857885
41,0.401542647229279,-3.0687786187384254,-0.4004786512501563,-0.02921211113139381,-67.77216339111328,-0.3307392253299557,0.5301893482839277,0.7807117392446491,0.7807117392446491,38.674212155308616
42,0.45443449705516364,-0.10805559324383715,0.4517840862678255,-0.04900868809635216,-67.7738037109375,-0.3180455745935964,0.5208390362773606,0.7921955003476727,0.7921955003476727,37.608839628806685
43,0.4837129089723532,3.1386794138414804,-0.48371085634633965,0.0014091696799258212,-67.69863891601562,-0.33470743842705286,0.5327757219710018,0.7772521860631069,0.7772521860631069,38.990327889942485
44,0.48388660302822306,0.15202622444092312,0.4783055774716022,0.07328041450312832,-67.93877410888672,-0.3275045154871624,0.5217838624500639,0.78770704784343,0.78770704784343,38.02825508797687
45,0.47657073077616174,2.9179982802395212,-0.4647073355848102,0.10567286163529152,-67.67085266113281,-0.3332406520283865,0.5131267668716222,0.7909814087294161,0.7909814087294161,37.72267952990958
46,0.4864376675227759,-0.7058096175000078,0.3702212112478267,-0.3155279054650963,-67.79393005371094,-0.3364887010824358,0.5317554626421246,0.7771817560867699,0.7771817560867699,38.99674100302846
47,0.46699061888110033,-0.5819797782069668,0.390112776491511,-0.2566948767331313,-67.77265930175781,0.327654237169119,-0.5275348074059102,-0.7838046490295475,-0.7838046490295475,141.6102576796969
48,0.3929001030008093,0.29563587467020497,0.3758549472181511,0.11447073682687377,-67.8551254272461,-0.3285365321527899,0.5267110981809858,0.7839892640170519,0.7839892640170519,38.37270605977359
49,0.3759342527619128,-1.422107853225545,0.05569135317425986,-0.37178627675221904,-67.90274047851562,-0.3302232583956855,0.5329748761986427,0.7790316944486776,0.7790316944486776,38.82799644017498
50,0.43134239188354384,2.522712883866732,-0.35134081768565156,0.2502316703852541,-67.77794647216797,-0.32159138842584795,0.5440290141991587,0.7749912325954579,0.7749912325954579,39.19576230227945
51,0.512883311210137,-2.511451345194999,-0.414381121774681,-0.3022210727838666,-67.77193450927734,0.33090281872822724,-0.530025905713911,-0.7807533950165458,-0.7807533950165458,141.3296073876829
52,0.3101884686083629,-1.4040897387526363,0.05147127886712443,-0.30588820426650004,-67.59477996826172,-0.325011520127293,0.5281476159958617,0.7844919422801193,0.7844919422801193,38.32628647640525
53,0.38380516389614394,-1.042099181626317,0.1935947021963429,-0.33140231609760246,-67.78355407714844,-0.3392535493696574,0.5183380782068895,0.7850048827369661,0.7850048827369661,38.278870142235654
54,0.47994053917576757,-0.31390127955456065,0.45648882384562567,-0.14819202019124988,-67.91797637939453,-0.3372971400442963,0.5237768853077996,0.7822329664078335,0.7822329664078335,38.53451917612724
55,0.4644504893621537,0.07083759310895574,0.4632856785095726,0.032873046050966914,-67.67969512939453,-0.321235315753564,0.5256623869917523,0.7877099255530817,0.7877099255530817,38.027987445562815
56,0.3745901250949709,0.014085494267838238,0.3745529661537735,0.0052761125913091175,-67.85043334960938,-0.33388844586922134,0.5186772014315374,0.7870784372794014,0.7870784372794014,38.0866809839084
57,0.3842618313048409,0.08983309890335633,0.3827123799956922,0.03447302127436595,-67.73797607421875,-0.3238139160195289,0.526619992090126,0.7860126791108991,0.7860126791108991,38.18556406101024
58,0.4839881397327973,0.19712055331963116,0.4746155021767615,0.0947873646406219,-67.82362365722656,-0.3201771384984282,0.5163145655068903,0.7942958324380089,0.7942958324380089,37.411204242834486
59,0.38613935544740885,2.634922783646714,-0.3376268761892444,0.18738114713074253,-67.71644592285156,0.31938993918711983,-0.5290520800375769,-0.7861895212694973,-0.7861895212694973,141.83082866401926
60,0.32505772732660426,-0.9412021856450166,0.1913994392195537,-0.2627332882624076,-67.70504760742188,-0.33088416671606935,0.5221787429309593,0.7860311880883962,0.7860311880883962,38.18384861506964
61,0.5089635624026115,-1.3456484072188963,0.1136263956544146,-0.4961178792022552,-67.74207305908203,-0.315719259488238,0.5285157146296958,0.788030766263387,0.788030766263387,37.99813750792554
62,0.3887047213647537,-1.0194243368606544,0.20362545276503424,-0.33110124644508004,-67.81478118896484,-0.33490339372320527,0.5296386660071252,0.7793090531636809,0.7793090531636809,38.80264357591602
63,0.342289339557835,-1.3318523841697087,0.08101191319250127,-0.3325643725594032,-67.78660583496094,-0.33281009187018507,0.5256441478742936,0.782902083631706,0.782902083631706,38.47293916516509
64,0.454156592011325,-2.13818561516713,-0.24407839980109527,-0.382993400488674,-67.77472686767578,-0.32607066016284686,0.539079268869931,0.7765767614702529,0.7765767614702529,39.0517932823332
65,0.47151916635957697,-2.775655456462149,-0.44029932554818874,-0.16872115506432656,-67.76605987548828,-0.3494648925504166,0.5292879466485289,0.7731290696949054,0.7731290696949054,39.36428584240352
66,0.39118851741577143,-2.2362771120638856,-0.24153442086588364,-0.3077167198819907,-67.75146484375,-0.3325613886130312,0.5327859069548961,0.778165856456078,0.778165856456078,38.90705164363605
67,0.3557858839849324,-1.6376748033661241,-0.023776684202535543,-0.3549905132975706,-67.60794067382812,-0.32892430507217985,0.5328740098298784,0.7796499799144551,0.7796499799144551,38.77146094333713
68,0.4612546476897893,-2.069411932590154,-0.22057665857663983,-0.4050947885453429,-67.8565902709961,-0.3191809468930946,0.5366722983431939,0.7810930593286959,0.7810930593286959,38.63923588630351
69,0.4399913286600825,2.8503486733189725,-0.42146215653961944,0.12634088768501692,-67.77241516113281,-0.3140222280346531,0.5333021930945467,0.7854799877404257,0.7854799877404257,38.23490692541881
70,0.37093693809474654,0.35995260884025126,0.34716489443298176,0.13065507306049184,-67.87061309814453,-0.31123041770392035,0.5387145497897365,0.7828935182645753,0.7828935182645753,38.4737279767478
71,0.3796426162802116,3.096348778725791,-0.3792541167820903,0.017170643549983468,-67.8863525390625,-0.31510139867152254,0.5404128996906125,0.7801698574049335,0.7801698574049335,38.72386998285181
72,0.3472769779588739,-2.865636344300609,-0.3341377794489257,-0.09462158192077155,-67.71530151367188,0.32299543507996004,-0.5462812635717229,-0.7728199854998506,-0.7728199854998506,140.60780087503855
73,0.3381982431340985,-1.9224403668867684,-0.11648958110201006,-0.31750311676213355,-67.82735443115234,-0.3199462808801411,0.5380401615290169,0.7798379074735952,0.7798379074735952,38.75426324117543
74,0.3899602697070527,1.0168966675936197,0.2051221440491168,0.33165330990462116,-67.79439544677734,-0.32263331190480354,0.5336099771822397,0.7817724338328307,0.7817724338328307,38.576854541039964
75,0.4709958605525347,-1.8322806022200404,-0.12175933337566032,-0.45498545624397435,-67.72592163085938,-0.3261209686882128,0.5320399407239943,0.7813953002522287,0.7813953002522287,38.6114941022546
76,0.4505418396389297,2.08473411086423,-0.2214909335050313,0.3923387766207934,-67.84217071533203,-0.33593543514316654,0.5349254962331813,0.7752432501446601,0.7752432501446601,39.1729083229113
77,0.38026566716213805,-1.1136691274834585,0.16783865543722562,-0.34122157517262913,-67.8031997680664,-0.34551730960770916,0.5198357454667467,0.7812736949984187,0.7812736949984187,38.62265790358969
78,0.3599746797154101,-0.879311950242102,0.22954912174173023,-0.27728860550663165,-67.75899505615234,0.32714078673594266,-0.5212713246050015,-0.7881973812430081,-0.7881973812430081,142.01737164285666
79,0.3756976075008194,-2.1774814791258086,-0.21420298005046412,-0.3086515440093249,-67.84424591064453,-0.3332820581714089,0.521780138122146,0.7852824696644285,0.7852824696644285,38.25318919697321
80,0.3885337204570159,-0.06859555099986497,0.38761998533189285,-0.026630788637848533,-67.79016876220703,-0.3282377882850802,0.52077578170506,0.788068867251589,0.788068867251589,37.99459139821954
81,0.3661794845841269,2.309482851262644,-0.2465550074631313,0.27073611363309497,-67.80377960205078,-0.326448985801715,0.5244127581859003,0.7863983206498398,0.7863983206498398,38.1498085898323
82,0.38632295798042815,-2.326335931200819,-0.264894523625342,-0.2812051194698468,-67.8643569946289,-0.3189686314901183,0.5240849672479693,0.7896796560821459,0.7896796560821459,37.84441506978705
83,0.3424579795369659,1.1048227245833075,0.15386390979295456,0.3059466702086599,-67.74311828613281,-0.3326075005245055,0.5231174572403281,0.7846785179455691,0.7846785179455691,38.30904512691152
84,0.3942822983831829,-1.4997756933869641,0.027978644335592606,-0.39328835004290136,-67.77228546142578,-0.343361982354109,0.5089472992368775,0.7893511231849518,0.7893511231849518,37.875085765984444
85,0.48531535654724944,2.1409159413975267,-0.26194059129010006,0.4085561429414281,-67.7726821899414,-0.3250369408625281,0.5296143234259332,0.7834919626242636,0.7834919626242636,38.418582429183026
86,0.4804520842889622,-0.5986072267985562,0.3969116682994245,-0.27073110804888245,-67.76556396484375,-0.3245953874307206,0.5140982631093918,0.7939400546178579,0.7939400546178579,37.44474453154033
87,0.41690764240973555,2.896244918704849,-0.40442247631694267,0.10126422344202257,-67.8555679321289,-0.34658325280459623,0.5037169386851046,0.7912959588909146,0.7912959588909146,37.69321368072418
88,0.4077205225759549,-0.5064981848554084,0.35653066442845244,-0.1977925930155525,-67.74923706054688,-0.3459313782997742,0.5168722864978449,0.7830546091800421,0.7830546091800421,38.45889031873867
89,0.352970418563089,1.8267815249215726,-0.08937162504459921,0.34146863548134226,-67.76615905761719,-0.327608404835946,0.5210872465630544,0.7881248724346805,0.7881248724346805,37.98937841115596
90,0.39817199726507185,-2.0707947172491536,-0.19089326182403124,-0.3494291086847778,-67.73477172851562,-0.3262145873330983,0.5034410065706577,0.8000819932445795,0.8000819932445795,36.86206715426365
91,0.37707139069816936,0.5460803408542774,0.3222326629204048,0.19582886567172944,-67.69669342041016,-0.34699317761727183,0.5126959373329631,0.7853270723267745,0.7853270723267745,38.24906142178664
92,0.4035841922108672,-2.8339191063444944,-0.3846321596632484,-0.12222234638266298,-67.7821044921875,-0.3404939377279945,0.5190025460632383,0.7840282109403722,0.7840282109403722,38.36911122273008
93,0.37091789935598163,-2.820270485517991,-0.35193383115388427,-0.11714378580190836,-67.73178100585938,0.33037688163429785,-0.5189167065329781,-0.7884012733136371,-0.7884012733136371,142.03635800476556
94,0.39580821504144903,3.0499921581702885,-0.39414883155360164,0.03620554763055686,-67.78992462158203,-0.3512805874391754,0.5116123418148472,0.7841267503351202,0.7841267503351202,38.36001467295387
95,0.3623639720683733,-0.4756061403666368,0.3221471323615221,-0.1659182731480074,-67.8411636352539,-0.33326284595987604,0.5231400155180704,0.7843853642607549,0.7843853642607549,38.336132344777575
96,0.39844194632234337,2.9875877125562393,-0.39372624998502426,0.061119756722907315,-67.82379150390625,-0.3375546241573383,0.5168042021569265,0.7867466506715748,0.7867466506715748,38.117488091433145
97,0.48149687764490967,0.18558525849934007,0.47322881839066677,0.08884665793585306,-67.71920013427734,-0.32768981427018296,0.4995702474861484,0.8019033317365638,0.8019033317365638,36.687756533728944
98,0.4502220331310037,-2.500123866292325,-0.3607258798502814,-0.269400665780274,-67.74118041992188,-0.32323855362819737,0.5243095206909839,0.7877920816821794,0.7877920816821794,38.02034581100067
99,0.44468109821477064,0.5974788264908175,0.3676430115005594,0.2501597393752521,-67.77925109863281,-0.3253067790748254,0.5241892373585699,0.7870204209074906,0.7870204209074906,38.09206945444935
100,0.3535500592991384,-1.9556200209861598,-0.13272118294305343,-0.3276930454382894,-67.63380432128906,-0.3309651850689576,0.5193681461685291,0.787857077786153,0.787857077786153,38.01429936789257
101,0.3871477715103558,-0.7620111299453953,0.2800816818081911,-0.267278223020376,-67.82312774658203,0.3176879656449623,-0.5003672555175854,-0.8054234700393109,-0.8054234700393109,143.65117195777756
102,0.46333874632789085,0.8881309346261057,0.2923034217525281,0.3595017433622058,-67.79031372070312,-0.3200151231941969,0.522924398856785,0.7900255654137233,0.7900255654137233,37.81209931450587
103,0.4778078339554929,-1.653565427107184,-0.03950258491266978,-0.47617210331397747,-67.75865173339844,-0.3217602492535523,0.5306560529781139,0.7841393341989554,0.7841393341989554,38.35885287678753
104,0.46312126087181593,1.1879696274595573,0.1729961866831998,0.4295970456888316,-67.77132415771484,-0.32928489169843517,0.5323469030702385,0.7798578299220161,0.7798578299220161,38.752439713096294
105,0.45065254217881456,-2.304865894508476,-0.3018906247992614,-0.33458894845846276,-67.81971740722656,-0.3209620261554278,0.5237765703440315,0.7890763474625547,0.7890763474625547,37.90072167648101
106,0.4627394182159371,-0.6251986346409721,0.37521081486491725,-0.27082210688795094,-67.84656524658203,-0.3358424419294673,0.5186666134385485,0.7862536475610398,0.7862536475610398,38.16322555147107
107,0.4425131188531285,2.3339193049502716,-0.305856982566934,0.3197958201293026,-67.74454498291016,-0.3162055064004973,0.5148426428993138,0.7968382086562208,0.7968382086562208,37.170774535585586
108,0.38278725946859027,2.6233347894631645,-0.33252097440475464,0.18962037757684785,-67.7019271850586,0.321426010674947,-0.5352867723887339,-0.7811231599224547,-0.7811231599224547,141.36352620301685
109,0.37007936511435285,-2.6757442101766227,-0.3306439975802858,-0.166232618181783,-67.78626251220703,-0.3267854494513229,0.5219336073305236,0.7879064535627589,0.7879064535627589,38.00970550347535
110,0.4339560357384423,-1.7248947322868688,-0.06660758684735005,-0.4288137944705102,-67.84298706054688,0.322339432065214,-0.5288525158865759,-0.7851192947420885,-0.7851192947420885,141.73171291287144
111,0.5238832992124185,-0.8528077137252503,0.34464771739585104,-0.39455248331181236,-67.74517822265625,-0.3294261160632114,0.5407970347412147,0.7739618861873091,0.7739618861873091,39.28899182727873
112,0.3925259190377582,-2.191922131344878,-0.22843087474040635,-0.3192114230126633,-67.76068878173828,-0.3203909575568628,0.5292845582687209,0.7856255410143447,0.7856255410143447,38.22142977590671
113,0.34014205853091556,-3.0879226616114916,-0.33965229194678137,-0.018246658788588804,-67.76292419433594,-0.32949077054875925,0.5262022431293412,0.7839305016701638,0.7839305016701638,38.378129339706476
114,0.4536912116107264,2.7560270135828886,-0.420383858376018,0.1706256929940534,-67.83452606201172,-0.3328445925657127,0.53521494156424,0.7763758390922221,0.7763758390922221,39.0700620584968
115,0.4890989723213442,2.528004916280468,-0.3998811811394134,0.28162536408559274,-67.7420654296875,-0.32064732137805724,0.5208296859540481,0.7911521557337025,0.7911521557337025,37.70668703954962
116,0.39866254139648677,1.258620000563757,0.12244142602810724,0.37939414743101807,-67.78394317626953,0.3164321489943151,-0.5174040520079949,-0.7950872543617762,-0.7950872543617762,142.663497815902
117,0.3774711546341355,0.7260089203401934,0.28228424990364465,0.25059943103918675,-67.81114196777344,-0.31681723390886835,0.5208396300059972,0.792687151475,0.792687151475,37.56265613068572
118,0.38562392245652244,-2.0365352981590616,-0.17317722026921661,-0.344551099186436,-67.77313995361328,-0.3145659380054834,0.5250132996709775,0.7908282404007352,0.7908282404007352,37.737020659275146
119,0.37602869871731553,-2.421888884083282,-0.28277396724026355,-0.24786380476027556,-67.86656951904297,0.32156861657097474,-0.5180512045968444,-0.7926011444934886,-0.7926011444934886,142.42926126816178
120,0.40404493242765,-3.1023620994249823,-0.40373405237693116,-0.01584684106582953,-67.75579071044922,-0.3172087294547072,0.5139047205095363,0.7970448922085543,0.7970448922085543,37.15117024846458
121,0.4800141054184716,-1.4083431021617396,0.07763729663473387,-0.4736939851549162,-67.73765563964844,-0.311878566669088,0.5171224669864662,0.7970671952792101,0.7970671952792101,37.14905423502916
122,0.4750469659019335,0.38775293973463076,0.4397799686218162,0.17961959528856308,-67.71369171142578,-0.3147574166037217,0.5171081779053387,0.7959440313466595,0.7959440313466595,37.25548707790112
123,0.40659652017539294,1.5463657644098499,0.009932393554098268,0.4064751871603299,-67.82174682617188,-0.30734450901168436,0.5514031343111001,0.7755604014209736,0.7755604014209736,39.144131842233726
124,0.40245779692419864,-2.5226515777570606,-0.32779916802445846,-0.2334951471606045,-67.67998504638672,-0.3017225742209538,0.5417038662144472,0.7845510879055625,0.7845510879055625,38.3208215739914
125,0.4109290783621457,-1.698131062261088,-0.05218425783828543,-0.4076021475378041,-67.82864379882812,-0.29446145970982046,0.5275104964092541,0.7968846371487056,0.7968846371487056,37.16637148454233
126,0.3924861373591217,-0.1263950724316432,0.38935518575104355,-0.04947633118829367,-67.77194213867188,-0.29560248209904894,0.5166367804382276,0.8035580935285913,0.8035580935285913,36.52876871644667
127,0.47757715442502563,-2.3696218433291865,-0.342201857100868,-0.3331333478134873,-67.85295867919922,0.31336043789187346,-0.5149149036011613,-0.797914705976535,-0.797914705976535,142.93143030568115
128,0.42917612846563813,1.3516898918087437,0.09328465388601437,0.41891541221841005,-67.79911804199219,-0.2912564862337505,0.5297735530212874,0.7965611349708009,0.7965611349708009,37.197041576668106
129,0.4085122517002898,-1.055975060908123,0.20114297251864752,-0.3555611964143494,-67.74195861816406,0.28932096530134177,-0.5269622530214801,-0.7991271256362317,-0.7991271256362317,143.04682964776205
130,0.3684729764276217,2.7226312889045685,-0.33660447169170354,0.14989917943264344,-67.72213745117188,-0.3015991834628582,0.5203955530726823,0.7988907315000685,0.7988907315000685,36.97569480806129
131,0.42217135379183457,-2.765219109494197,-0.39262090115175097,-0.15516919778492552,-67.75726318359375,-0.2960263422879963,0.523404431292629,0.7990095155721424,0.7990095155721424,36.964378119095436
132,0.4459881933766141,1.273036763575452,0.13084361288977708,0.4263630115257259,-67.62355041503906,0.30660517872425636,-0.5166179496829264,-0.7994367757645856,-0.7994367757645856,143.07635200978766
133,0.4306903343196108,-1.615445972263237,-0.019223781855512774,-0.43026109548448577,-67.61776733398438,-0.2982565457416652,0.5098222380666318,0.8069227462991614,0.8069227462991614,36.203644175720896
134,0.4526909788470793,-1.9639699157476507,-0.17343577216026335,-0.4181496804550974,-67.75315856933594,-0.29810972401265307,0.5187883724303572,0.8012422961128306,0.8012422961128306,36.75110281747131
135,0.4186491264943919,-0.8796701056870339,0.26684920216719293,-0.322581143926997,-67.82227325439453,-0.2975012336412865,0.5144247038329737,0.8042762212500567,0.8042762212500567,36.459586192270464
136,0.4376094930981494,-0.8476170642307683,0.2895975008682611,-0.3280782771542133,-67.73710632324219,-0.2825595365270268,0.5193065040123219,0.806523938397449,0.806523938397449,36.2423121045115
137,0.40678358169840817,-1.2945374531313134,0.11095359544658888,-0.39135940259160784,-67.7065200805664,-0.29578793867924297,0.5047522445491907,0.811008425945402,0.811008425945402,35.80542531441421
138,0.40704461417806576,-2.2971895953264783,-0.2703499391073122,-0.3042962838354143,-67.7743148803711,-0.2950428464629712,0.5210269288444827,0.8009248767330891,0.8009248767330891,36.78148744095614
139,0.4224021020614136,3.023089332581,-0.41943966710256186,0.04993897763063425,-67.8270034790039,-0.2912191014084135,0.5311720661383118,0.795642929415723,0.795642929415723,37.28397581540592
140,0.45042909155514643,2.379614125757156,-0.3258726297288186,0.3109556169501023,-67.85415649414062,-0.2968153279761007,0.5291640336946163,0.7949126282318597,0.7949126282318597,37.352996057574764
141,0.4609552469620523,-1.4122768633395564,0.07276473882684562,-0.4551758259017142,-67.73416900634766,0.3060152393226686,-0.5321106567457331,-0.7894383587588804,-0.7894383587588804,142.13305618667826
142,0.4607326302215785,-1.6526200218545755,-0.037656793954161966,-0.45919116108652136,-67.67657470703125,0.29233433250206253,-0.5347816994612402,-0.7928109307785315,-0.7928109307785315,142.44897876912665
143,0.4755471700604859,-0.9013965695749547,0.29508433859752387,-0.3729213644550263,-67.68595886230469,0.2958713017702342,-0.5173947676325887,-0.8029712493079728,-0.8029712493079728,143.41477989055463
144,0.4283370389756568,-2.6991615759494545,-0.38709396412739155,-0.18338724572492773,-67.80650329589844,-0.3120555719455737,0.5407643780591717,0.7811499263521685,0.7811499263521685,38.63401751714019
145,0.4306786112548959,-1.7649387040613813,-0.08308871200039379,-0.4225876620661817,-67.8409194946289,-0.2994732029185172,0.5383104741152549,0.7877421114752811,0.7877421114752811,38.024993873435484
146,0.40058112303430593,2.235085260273789,-0.24695803265626498,0.3153996928311328,-67.83848571777344,0.30630381762901937,-0.5255286065494224,-0.7937239161094436,-0.7937239161094436,142.5348919288232
147,0.4152632755800472,-1.9842256007663857,-0.16683286668197456,-0.3802767185092255,-67.75269317626953,0.29076274425562526,-0.5420478510219986,-0.7884422323514712,-0.7884422323514712,142.04017306939667
148,0.4196887170256285,1.417307210967806,0.06416501295268877,0.4147547110177284,-67.75894165039062,-0.31207410745354364,0.5467981459256289,0.7769308457445674,0.7769308457445674,39.01958084086827
149,0.4191631244769607,0.8008089101813103,0.2917904350446842,0.30092535110509044,-67.77977752685547,-0.3212985821869238,0.5369209281922662,0.7800532917396272,0.7800532917396272,38.73454499765718
150,0.4315324244585955,0.6223130655983369,0.35063403690198186,0.25154722325029366,-67.79438781738281,-0.30845095147624124,0.5112092227700339,0.8021989410914598,0.8021989410914598,36.659398195844624
151,0.4530583128714445,-2.506651607012716,-0.36476026728989286,-0.26872250048800456,-67.7032699584961,0.3056211468977345,-0.5214859499435135,-0.7966480518901837,-0.7966480518901837,142.81119658170343
152,0.38148005011408775,1.0451686703564977,0.1914099162531263,0.3299837459557941,-67.84042358398438,-0.30060881578653387,0.5272633326584658,0.7947500977699252,0.7947500977699252,37.36834187752915
153,0.4378328702964251,-1.730347041907448,-0.06956054150953313,-0.4322718512428339,-67.79942321777344,0.2907372359545418,-0.5416197482092399,-0.7887457815920621,-0.7887457815920621,142.06845683805193
154,0.43252860951146377,2.420478740544947,-0.32485959392602326,0.28556477773027183,-67.76436614990234,-0.2997245317945532,0.5373181501911038,0.7883237980143352,0.7883237980143352,37.97085741896454
155,0.4513637169723773,3.1205940304528377,-0.45126420797970007,0.009477320062882147,-67.72891998291016,-0.3137892818771515,0.528410470327403,0.7888717648815899,0.7888717648815899,37.91979917158195
156,0.4311587653997898,-2.629660335766855,-0.3758840242460353,-0.2112086203204712,-67.73944854736328,-0.2996673444183854,0.5352544025259778,0.7897481923156213,0.7897481923156213,37.83801409966066
157,0.4351848236493165,2.950294098312704,-0.42724625325831594,0.08274339738865966,-67.77349090576172,-0.30082058794693556,0.527594720499735,0.79444998884012,0.79444998884012,37.396663463323215
158,0.42798570117227325,-3.0252094907623297,-0.4250904295872502,-0.04969795852195018,-67.75540924072266,-0.30124484557963016,0.5276155309073836,0.7942753896206433,0.7942753896206433,37.413132146189035
159,0.423124513538545,-2.770594129215222,-0.39433757535933417,-0.15340218582846796,-67.80467987060547,-0.3028924626112774,0.5330181507624246,0.7900302570478432,0.7900302570478432,37.81166084834405
160,0.42879569459912104,-2.7069230802989934,-0.3889216562340788,-0.18057046552214367,-67.83824920654297,-0.29200228527601996,0.5389249766952612,0.790123113753543,0.790123113753543,37.80298184708658
161,0.43773862466332225,-1.7380842819486635,-0.07288732438330363,-0.4316277811568435,-67.76249694824219,-0.28113371870813936,0.5153050576438379,0.8095829356971488,0.8095829356971488,35.944796898797094
162,0.44604135472203155,-0.17185233530381447,0.4394710289929677,-0.0762765022672599,-67.76241302490234,-0.29172552204203234,0.5207396047152096,0.802325671950207,0.802325671950207,36.64723489962469
163,0.4480131605082425,-2.465684932074412,-0.34951271681351803,-0.2802795974990292,-67.77056884765625,0.28349084936722874,-0.5203183989367177,-0.8055443513879159,-0.8055443513879159,143.66285907386202
164,0.44526405790973717,1.8932646978906358,-0.1411080382545866,0.4223133940643937,-67.83686065673828,-0.2785543764979846,0.528842966868353,0.8017060407204734,0.8017060407204734,36.70667253818715
165,0.35962925684885855,3.0002230012499402,-0.3560415744961407,0.05067148716952503,-67.76676940917969,-0.2890746637375876,0.5294616739950518,0.7975626461635212,0.7975626461635212,37.102021488898096
166,0.40677852419433863,-1.9404360403367376,-0.1469607432899898,-0.37930371429420234,-67.79833984375,-0.278685839178875,0.5362283477162568,0.7967392058551276,0.7967392058551276,37.180161986814284
167,0.4600513322435267,-1.8496954277531403,-0.12665096153322122,-0.44227453266241123,-67.74002075195312,-0.29632995411573676,0.535602646590945,0.79077074001163,0.79077074001163,37.74240321539578
168,0.4688149544327891,-2.0904115269669035,-0.23278826743422554,-0.40693621618724185,-67.75520324707031,-0.29607708409656364,0.5337665951392732,0.7921057897694623,0.7921057897694623,37.617261424347106
169,0.36260003544678976,-3.0993355417119943,-0.36227634279330134,-0.015317870554473256,-67.81880950927734,-0.3031175029741332,0.5352725443058816,0.7884180887720896,0.7884180887720896,37.96207578541629
170,0.3744415995689093,-1.528126788161037,0.015972402471554726,-0.3741007803346715,-67.7135009765625,0.29012033926795905,-0.5377572596908842,-0.7916105850686911,-0.7916105850686911,142.33627892080327
171,0.431785519022904,-0.5182293654361476,0.3750910492688754,-0.21388183465701968,-67.75859832763672,-0.2835849979494864,0.5411311911216833,0.7916795961329419,0.7916795961329419,37.65724945190599
172,0.4528535422004686,-2.2946817826082238,-0.29992526114487356,-0.3392951051970703,-67.79512023925781,-0.2821231837288857,0.5412676835693465,0.792108454648826,0.792108454648826,37.61701127556216
173,0.4638847000622139,3.029387846685078,-0.46096762713740125,0.05194094418783666,-67.71484375,-0.304224264094375,0.5429985261736977,0.7826878034755802,0.7826878034755802,38.4926687949675
174,0.448366272274414,2.006788051871272,-0.1893493630503795,0.40642235768430546,-67.83106994628906,-0.29462371243170243,0.5472330337902682,0.7834110509825992,0.7834110509825992,38.42604219873637
175,0.4281660976160451,-2.4465424208998154,-0.328840782472664,-0.2742078535172156,-67.75151824951172,0.3141028829194908,-0.5491300201066779,-0.774464718343776,-0.774464718343776,140.75652727066318
176,0.3925112455376281,-0.05941046434981093,0.3918187447726105,-0.023305559815547806,-67.74286651611328,-0.29755739690206107,0.5626694738600987,0.7712734007697071,0.7712734007697071,39.531622760444755
177,0.41219126202652334,2.9487224913894137,-0.40454846746093454,0.07900742981534835,-67.72925567626953,0.3132791042305694,-0.549746891382967,-0.7743607416877849,-0.7743607416877849,140.74711110990395
178,0.38124628101508645,-2.11405295976959,-0.19707630671908327,-0.326358171519881,-67.78304290771484,0.3193957544222792,-0.5423113588696893,-0.7771002136777048,-0.7771002136777048,140.99583513092176
179,0.4195287687493212,3.0443873412672153,-0.4175482919516579,0.040716233821100484,-67.76170349121094,-0.3139649914292576,0.5347733994353353,0.7845020047222324,0.7845020047222324,38.325356779398525
180,0.4779580287305563,-0.6146674863780792,0.3904750996244903,-0.2756321349212455,-67.83114624023438,-0.2976421069171687,0.5531011126407225,0.778131309860684,0.778131309860684,38.9102031106006
181,0.4760456335224172,-1.1880564568117085,0.1777856657704593,-0.4416012932978277,-67.7787857055664,0.3158876415123776,-0.5454236153038168,-0.7763556387433931,-0.7763556387433931,140.92810163091627
182,0.4295585584751652,-2.255047625159371,-0.2715209688300776,-0.3328617109924751,-67.69351196289062,-0.3259068858927243,0.5490824618258576,0.7696058418716444,0.7696058418716444,39.68149301826889
183,0.39935325564919055,2.8069799930359647,-0.37720415927411743,0.13114894213799047,-67.72328186035156,0.3063833998388218,-0.5444349427644071,-0.7808455707758876,-0.7808455707758876,141.3380603914212
184,0.42402169027553943,1.1590843406663212,0.16968450865946488,0.38858919355164967,-67.78465270996094,-0.3233895410020896,0.5461385223516975,0.7727560541166677,0.7727560541166677,39.39797067834087
185,0.37800295667206535,2.989731981461175,-0.3736526382466369,0.05718339955049177,-67.76112365722656,-0.3115534983028762,0.5399279585856442,0.7819285243759679,0.7819285243759679,38.56251000619303
186,0.3661288160152056,-1.8360878078675775,-0.09599552048095232,-0.3533202088252062,-67.7768325805664,-0.30692801484048104,0.5434373361278652,0.7813264717186608,0.7813264717186608,38.617813144589434
187,0.46656820233889346,-1.135928979584988,0.19656056406864708,-0.4231428034207387,-67.85223388671875,-0.313110294678402,0.546413087662001,0.7767848357158389,0.7767848357158389,39.032866654837974
188,0.4797420156282246,-0.47022421262454583,0.42767404253993296,-0.2173644747804556,-67.73030853271484,-0.3362038050918765,0.5401803557048939,0.7714740337511548,0.7714740337511548,39.51355905706479
189,0.4141110676228663,-0.38579137021577464,0.3836742918340847,-0.1558268722440508,-67.6524429321289,-0.326245122829142,0.5379108285231908,0.7773133604844912,0.7773133604844912,38.984756836394
190,0.39645643440381007,0.4088762953386284,0.36377580216696165,0.15762255593019084,-67.71519470214844,-0.32788594821864664,0.5346771148717583,0.7788524814065702,0.7788524814065702,38.84437057325324
191,0.40840940553508653,2.5413600253486948,-0.33702117342752147,0.2306837037830355,-67.80278778076172,-0.3139982748991983,0.53739222958149,0.782697051831526,0.782697051831526,38.49181743832509
192,0.40456411475354054,-2.237269497116667,-0.2501087067132374,-0.3179901850254937,-67.76580047607422,-0.30417964384368856,0.5561969959778251,0.7733819534592011,0.7733819534592011,39.3414356654905
193,0.40479123839503217,-0.911359628383004,0.2480041567540893,-0.3199216855952045,-67.7387924194336,-0.3060229255128518,0.5422400394432091,0.7825124335658717,0.7825124335658717,38.50880944800756
194,0.46492443648238735,1.5813183752026052,-0.004891867159470387,0.464898700013411,-67.89321899414062,-0.2906275010374185,0.5434303809277948,0.7875398889741505,0.7875398889741505,38.04379901609792
195,0.4631573393510617,-2.6553142343388467,-0.40946731457521174,-0.21645147097979978,-67.76226806640625,-0.31070126838011963,0.5527813616264998,0.7732383125953718,0.7732383125953718,39.35441619007492
196,0.42332741383918804,3.07514170503066,-0.4223931082417412,0.02810980998967924,-67.7022705078125,0.2876793541761828,-0.5504207941996675,-0.7837585970778131,-0.7837585970778131,141.6060090045172
197,0.44632623327159443,3.0652336293069196,-0.44502566807401533,0.034047925952781034,-67.72553253173828,-0.2869892563221677,0.5729755170365322,0.7676823715784855,0.7676823715784855,39.85377841965481
198,0.38915295765334357,-0.5739018124165973,0.32680638439175025,-0.2112761500291421,-67.86410522460938,-0.31377940831666,0.5615020620250833,0.7656748116909857,0.7656748116909857,40.03293633813703
199,0.3567454504465392,2.056553962884945,-0.16655677623753692,0.31547766434989216,-67.619384765625,-0.30537021586093704,0.5559656004691251,0.773079091917541,0.773079091917541,39.3688004407057
200,0.3999251696692866,-1.5399556622500346,0.012332002860119706,-0.39973499101337834,-67.8011703491211,-0.29801047381332024,0.5421866219009513,0.7856356818075382,0.7856356818075382,38.22049066396609
201,0.4557642963017806,-1.0013968670040694,0.24571454429102046,-0.38385603617412795,-67.85125732421875,-0.30841581302034343,0.5557800130802141,0.7720027612253455,0.7720027612253455,39.46592272119263
202,0.4937494413242498,2.423048535364064,-0.37167725779367583,0.3250300399147473,-67.75460052490234,0.3079271137185663,-0.5656680954337361,-0.7649839857443571,-0.7649839857443571,139.90556733696206
203,0.40916459314095077,0.5167738859233055,0.3557349202014648,0.20215917201417608,-67.849853515625,-0.3125344629278346,0.5597682312427879,0.7674514556463691,0.7674514556463691,39.874419842794254
204,0.42543434774562333,-0.9268859845113787,0.2553998688553726,-0.340242988510274,-67.72313690185547,0.30416609950537415,-0.5452400403912527,-0.781150614328525,-0.781150614328525,141.3660456182484
205,0.4403122638836449,-2.107838703512125,-0.2252624189453326,-0.3783275463632512,-67.87568664550781,-0.3044422423504521,0.5397419211907187,0.7848525846182712,0.7848525846182712,38.292953802522355
206,0.4314925182652107,-0.43410512639077975,0.3914702013222517,-0.18148519167019908,-67.69092559814453,-0.3156603270063903,0.5520442253814672,0.7717549683527762,0.7717549683527762,39.48825390167866
207,0.4105237603797229,-1.096903027372888,0.1873441546186617,-0.36528334969791204,-67.75227355957031,-0.32384635069209755,0.5335310595295704,0.7813246122199564,0.7813246122199564,38.61798385021581
208,0.4492087353780862,-1.8117268495514567,-0.10718406818095651,-0.4362339549693026,-67.79898834228516,-0.3057956746446657,0.5444726957973678,0.7810496071951902,0.7810496071951902,38.64322284526301
209,0.4882650987337184,-3.092443903505392,-0.4876754909389783,-0.023987959039365576,-67.76127624511719,-0.32724706096500944,0.5396575144502818,0.7756797845677735,0.7756797845677735,39.13329510230352
210,0.46263035844232114,1.6771519187303425,-0.04911061740097784,0.46001629950575157,-67.69099426269531,-0.31202890411763706,0.5497378899049967,0.7748717412565438,0.7748717412565438,39.20659435825708
211,0.3952031048149783,3.0138095628245427,-0.39198095224987245,0.050362953931257025,-67.7252426147461,0.2859055111032329,-0.5604074861612235,-0.777303986980163,-0.777303986980163,141.01438949062594
212,0.39600710507289283,-1.6280939251687414,-0.0226778426898292,-0.3953572343073395,-67.71598052978516,-0.307393315292643,0.5455129540706134,0.7796954319826113,0.7796954319826113,38.76730210477844
213,0.37699717787683945,-2.8689400979107016,-0.3630708970891962,-0.10152042067459935,-67.65189361572266,-0.2947365890745524,0.5575304211510494,0.7760735613019116,0.7760735613019116,39.09753302048289
214,0.467719509142117,2.058600271180639,-0.21921410169413535,0.4131666937817909,-67.69058227539062,-0.3057645265567716,0.5532694140278424,0.7748554767185951,0.7748554767185951,39.208068567127874
215,0.4300793458881627,-2.8757035188293507,-0.4149660337359888,-0.1130107720751084,-67.70962524414062,0.28870277461168825,-0.5548342547486058,-0.7802625568929167,-0.7802625568929167,141.28462115248232
216,0.4556191584726999,-1.6057949049946931,-0.01594276756469349,-0.455340142892925,-67.76097869873047,-0.33580175419038255,0.5420336386195643,0.7703484383624709,0.7703484383624709,39.61481136966493
217,0.43165117107437084,2.7984636428738408,-0.40648874264047524,0.14522271033292716,-67.70034790039062,-0.30890463206513596,0.5417787515137003,0.7816992469594425,0.7816992469594425,38.58357877717374
218,0.4127407416477972,1.418575408491033,0.06258542309213953,0.407968117176271,-67.83740997314453,-0.3197839448163462,0.5588831572305659,0.7651064273692195,0.7651064273692195,40.083538806575575
219,0.42174921568855034,-0.7696197130122098,0.3028898901111217,-0.2934793270443081,-67.75484466552734,-0.31218366935805514,0.557280057463991,0.7694025566236907,0.7694025566236907,39.6997307657583
220,0.44508466269117525,2.88705846977676,-0.43074434227687575,0.11206992709633988,-67.64717102050781,-0.3166577162700196,0.5399219551446973,0.7798795888336759,0.7798795888336759,38.75044800849114
221,0.417661973286242,0.8355556107686167,0.28015332869770077,0.3097670678896573,-67.78189086914062,-0.3310438496196339,0.5417852334046069,0.7725792713331939,0.7725792713331939,39.41392646930516
222,0.4333780694493738,-0.6711067481875552,0.3393930624076689,-0.2694974958496097,-67.82878875732422,-0.32971940632814034,0.555825919620381,0.7631137924115751,0.7631137924115751,40.26052270962893
223,0.44733791967317516,2.856305042503302,-0.4292568560012367,0.12589585359914618,-67.78620147705078,-0.3219315000190792,0.5421128474398558,0.7761918383596399,0.7761918383596399,39.08678594961949
224,0.44271659840487976,0.6260592504031127,0.35875225229329505,0.25941242834080935,-67.7579116821289,-0.32860541635852136,0.5459613745074914,0.7706780507356711,0.7706780507356711,39.58518368172152
225,0.4126453812477661,-0.8794046933662812,0.2631067626277057,-0.3178852656614999,-67.80281066894531,-0.33883484262463004,0.5484941916484237,0.7644246667602274,0.7644246667602274,40.14416505153392
226,0.4143450946229607,-3.0123081725146803,-0.41088713436389995,-0.05341928726904446,-67.70480346679688,-0.32784426136891276,0.5577479889954873,0.7625190627511957,0.7625190627511957,40.31322099225267
227,0.4105951338209388,-2.43281890878046,-0.31170765642633347,-0.2672577423436737,-67.74539947509766,0.3213009551623365,-0.5500303165110095,-0.7708646749790583,-0.7708646749790583,140.43159952792888
228,0.4113337421527421,-1.6737626646868007,-0.042278729586324094,-0.40915517405740454,-67.77734375,-0.3354710223312147,0.551140553839237,0.7640047664051769,0.7640047664051769,40.18146728590693
229,0.4325371697103211,1.9304130585331138,-0.15221653774756994,0.4048685327574344,-67.72924041748047,-0.3098463019319051,0.5674489975315786,0.7628872160283781,0.7628872160283781,40.28060611501289
230,0.42165783327931206,-0.3946044020998423,0.389252889679987,-0.16210341218365507,-67.6959228515625,-0.30272205901164684,0.5671701686369203,0.7659486632902472,0.7659486632902472,40.00853671214884
231,0.41111247841922127,-2.844206706765419,-0.3930669961860223,-0.12046495930888872,-67.86849975585938,-0.3269851603635046,0.5657109857204604,0.7570018398506297,0.7570018398506297,40.79940511777831
232,0.4060875084309829,-1.9980769087330856,-0.1682816101722019,-0.3695786305801983,-67.70996856689453,0.3228526946326101,-0.5627684265332489,-0.7609584979916802,-0.7609584979916802,139.54876996904113
233,0.4279499938280122,-1.3019874820573987,0.11365634889701756,-0.41258142417321103,-67.78204345703125,-0.3325502678477986,0.5512373057983295,0.7652109199760263,0.7652109199760263,40.074239960456616
234,0.45325362273024167,2.584715913384494,-0.3847715366943826,0.2395614974655394,-67.75959777832031,-0.3307899607711743,0.5428400691705931,0.7719473176039093,0.7719473176039093,39.470920237593205
235,0.4502753941416534,-0.23871703596374022,0.4375065472289182,-0.10647042641621995,-67.69717407226562,-0.3116527337748122,0.5685641860402313,0.7613194729435834,0.7613194729435834,40.41934181103212
236,0.4717805178375761,-2.670238665820797,-0.42033486623010086,-0.21423225070566443,-67.8775863647461,-0.3205179179772101,0.563643303744048,0.7612978985916417,0.7612978985916417,40.421248256316325
237,0.4413606688009482,1.6368124876821855,-0.029115777755329083,0.4403992636802684,-67.6871566772461,-0.3398474636643482,0.5590472505623048,0.7562868986566126,0.7562868986566126,40.86205646851073
238,0.4125341875590076,2.8746833887795296,-0.39792663580703347,0.10880647232709552,-67.76946258544922,0.3284813621925048,-0.5590507962930994,-0.7612898277635188,-0.7612898277635188,139.57803857374614
239,0.40397372773669943,-1.8949439134011699,-0.12866598769085535,-0.3829358122623446,-67.78743743896484,-0.30969350643830496,0.5536548984078669,0.7730175842365569,0.7730175842365569,39.37435596453753
240,0.38195722265649995,1.7951918644076221,-0.08499201161348548,0.37238109229841443,-67.8384780883789,-0.32077137782591897,0.553402213996743,0.7686687925961121,0.7686687925961121,39.765502369112134
241,0.3826886285092006,2.570938371663911,-0.32205074412698076,0.20672180484291183,-67.65155792236328,0.3188179831285867,-0.5487666572969059,-0.7727937949239763,-0.7727937949239763,140.60543637466623
242,0.45579467843662075,-2.0672609383934555,-0.21710410012823644,-0.4007675119051583,-67.67698669433594,-0.28682163281710477,0.5509084714777065,0.7837303152247124,0.7837303152247124,38.396600034367296
243,0.4704827056107418,3.140150864259539,-0.47048221660134165,0.0006783367100026029,-67.73479461669922,-0.3240895003124249,0.5583463690400132,0.7636853592724403,0.7636853592724403,40.20982286584176
244,0.4373058444312998,2.4584814542539313,-0.33917994844132254,0.276031454999451,-67.77462768554688,-0.3207945498477452,0.5520370207924403,0.7696401655725807,0.7696401655725807,39.67841297506332
245,0.4013230084460448,2.0938805271788343,-0.20048263400230978,0.3476591298552075,-67.76660919189453,-0.32988991827572617,0.5559383032993876,0.7629582195275393,0.7629582195275393,40.27431336066584
246,0.42244795317102646,-1.9727632774314847,-0.1652740040532294,-0.38877599813080393,-67.91748046875,0.32509985121895557,-0.5491141254612595,-0.7699245183499024,-0.7699245183499024,140.3471111510334
247,0.4230225539735205,-2.5941475569061243,-0.361200833803267,-0.220186372943706,-67.75452423095703,0.3251821675687029,-0.5433630903732705,-0.7739593722640286,-0.7739593722640286,140.7107807097966
248,0.426750757890487,-2.8825509662738913,-0.4125126020338535,-0.10931405455550848,-67.81922912597656,0.3040385416304604,-0.5418563692916297,-0.7835510450897989,-0.7835510450897989,141.58686554056771
249,0.4406871731287636,-0.521010905854033,0.3822152289608048,-0.21935519895972472,-67.80755615234375,-0.30893392149854304,0.5538385732664667,0.7731899293897307,0.7731899293897307,39.358787671898796
250,0.4603485921381368,-1.2914366145113991,0.12693663126399465,-0.44250188465916535,-67.74870300292969,-0.31173940184179283,0.5525391197903015,0.7729935746438519,0.7729935746438519,39.376524391421384
251,0.45361007173166007,-1.1370205278520902,0.19065226533934895,-0.41159909001038414,-67.78046417236328,-0.3208644975659497,0.5507986724859409,0.770497758977582,0.770497758977582,39.601391763218906
252,0.4183070180100065,-1.4949281339962917,0.031705760751873514,-0.41710371138551244,-67.72909545898438,-0.3062329422757224,0.5446274766338304,0.7807703226689785,0.7807703226689785,38.66884037404371
253,0.40414840677493064,-2.2210206629615485,-0.24465729254553314,-0.32168112145882016,-67.63468170166016,-0.3134580829556684,0.5553371053069106,0.7702887313852506,0.7702887313852506,39.62017623810009
254,0.42223468309963635,-2.6178133881359065,-0.3656278514288009,-0.21118333710737947,-67.8570785522461,-0.3103446591878362,0.5576213120016738,0.7698991264543154,0.7698991264543154,39.65516863867542
255,0.42589088622431065,2.8110967994574385,-0.4028423312341003,0.13820674055488083,-67.71137237548828,-0.29847264249588185,0.5607890153781593,0.7722886519383282,0.7722886519383282,39.44014500852904
256,0.44129661597883546,2.49428990241988,-0.3520281529281354,0.26611817453976555,-67.72128295898438,-0.3175394885189323,0.5483360851259015,0.77362536862485,0.77362536862485,39.31943055052223
257,0.4211383121519932,2.556234140861576,-0.35102470514356,0.23267817762116505,-67.71028137207031,-0.30884166184575124,0.5491223076362679,0.7765832338935568,0.7765832338935568,39.051204660814015
258,0.4029059817510146,2.3977328597321637,-0.2964825778462753,0.27282102405125636,-67.66610717773438,-0.321781462050641,0.5440835739070822,0.7748740254293266,0.7748740254293266,39.20638731835523
259,0.40693676540566975,2.220397009614974,-0.24614321768365577,0.3240540810222355,-67.87096405029297,-0.31184447665311055,0.5504483275905793,0.7744415155669807,0.7744415155669807,39.245574144759395
260,0.43632053366669804,1.2517947686257802,0.13683825570232316,0.4143077357177124,-67.8670883178711,-0.2963443316046667,0.5531257279225963,0.7786089944483569,0.7786089944483569,38.8666079064369
261,0.428380454957602,0.9931537852446427,0.23391735726123566,0.3588766977132975,-67.79945373535156,-0.2880832552312571,0.5615021535227458,0.7757083019052209,0.7757083019052209,39.130706131606914
262,0.4631804094281831,0.4333743384637452,0.4203611936274312,0.19450593453717724,-67.58454132080078,-0.30381539322410195,0.5566276257169651,0.7732152954570795,0.7732152954570795,39.356495867394365
263,0.4063588859530288,-0.2975512155957036,0.38850237499447987,-0.11913626155220443,-67.75569152832031,-0.2981263896564726,0.5570380571733936,0.775131768572859,0.775131768572859,39.18301930598942
264,0.4208705204157899,-1.1801205805163837,0.1602731052737574,-0.3891587422645994,-67.86796569824219,-0.32327180302806346,0.5521698758900992,0.7685074947757488,0.7685074947757488,39.779948281599786
265,0.3855887916077807,-1.8987443991927373,-0.12419858826201048,-0.3650389388644342,-67.85050201416016,-0.3181060593669765,0.5426257858975387,0.7774096677255128,0.7774096677255128,38.97598493844759
266,0.4161300605443822,-2.7200862422740806,-0.3797077150362473,-0.17025357097759566,-67.79263305664062,-0.30135810171081184,0.5557832489666277,0.7747827274154708,0.7747827274154708,39.21466195539262
267,0.39463071042192227,2.8715220219241804,-0.3803261578496101,0.10528727968498641,-67.82099151611328,-0.2973304458584104,0.554347403064191,0.7773632115566226,0.7773632115566226,38.98021648658641
268,0.4354812274676949,-2.5779467643097984,-0.3681178723615648,-0.2326652778666489,-67.7291259765625,-0.2954392952592844,0.5677754372206814,0.7683402083098096,0.7683402083098096,39.79492592030723
269,0.4424024101589674,-1.9235826093657649,-0.15285615151824822,-0.415156463827186,-67.62825775146484,-0.2976317459928574,0.5662346714592859,0.7686310172082818,0.7686310172082818,39.768885943943864
270,0.44834738105893684,-1.830540333154216,-0.11515047186746427,-0.43330790776433775,-67.81023406982422,-0.3064680038825458,0.5355057902285769,0.7869630939427308,0.7869630939427308,38.097393258989015
271,0.4330669300075763,-1.6655344077987282,-0.040966584407500235,-0.4311249294904786,-67.83484649658203,-0.29703995839611574,0.5495543802988103,0.7808695449371966,0.7808695449371966,38.65974079598752
272,0.44336711922043914,-1.8711293366654806,-0.13116498668619844,-0.42352113131866337,-67.75212860107422,-0.3036776625695179,0.5447988333476433,0.7816483278555394,0.7816483278555394,38.58825652008711
273,0.39379383603778567,-2.658940298399359,-0.3488095854842626,-0.1827716016662635,-67.79055786132812,-0.2942543658853534,0.5613726939993993,0.7734824281063309,0.7734824281063309,39.33235384887495
274,0.37584120358554507,-3.006444874089867,-0.3724140695232487,-0.05063962019766779,-67.77442932128906,-0.30995153317425234,0.5492081866811632,0.7760801600126878,0.7760801600126878,39.09693350367864
275,0.4299461330127409,2.520900658633255,-0.34975094151267494,0.2500559061562173,-67.80146789550781,-0.2946033985708042,0.5427894026949567,0.7865039744798396,0.7865039744798396,38.14000774107585
276,0.426939969201515,-0.9118250347444216,0.2614169896001258,-0.3375483592764128,-67.80668640136719,0.3008807116012791,-0.5639699216388468,-0.7690310298505393,-0.7690310298505393,140.26695574273927
277,0.45962283611138194,1.6886105506473568,-0.05402492563445734,0.4564366975663346,-67.7191390991211,-0.30422297407731413,0.5758167695395494,0.7588698372979331,0.7588698372979331,40.63533371072613
278,0.431409237945325,-1.7444888909051925,-0.07455636984085118,-0.424917966554393,-67.72595977783203,0.3165999918650918,-0.5628960966595872,-0.7634870198742246,-0.7634870198742246,139.77257777450558
279,0.376746817932706,1.10547632225508,0.16904961462776782,0.3366903512377845,-67.77975463867188,-0.30012349595701104,0.5551567936019455,0.7757105269958305,0.7757105269958305,39.130504118818955
280,0.42188285907821965,-1.8746605932639806,-0.12623142927242953,-0.40255530433451325,-67.78047943115234,0.29125401911674426,-0.5489453448365349,-0.7834731040250463,-0.7834731040250463,141.57967876467828
281,0.43476265133127123,1.0071503555210592,0.23228139313571045,0.3675104316825987,-67.73777770996094,-0.309098432324785,0.5427596969262191,0.7809417843392165,0.7809417843392165,38.65311465390784
282,0.39297946420459157,1.4265578953965203,0.056486401031409464,0.388898631760317,-67.77735900878906,-0.31289453955896696,0.5547301476429127,0.7709549081562777,0.7709549081562777,39.560283624304454
283,0.43500001845585035,1.4236474626719375,0.06377901027708777,0.4302990284728346,-67.71124267578125,-0.31326846819622256,0.5624179148912754,0.7652117065514239,0.7652117065514239,40.074169955940754
284,0.45359316492258267,-2.932729956215445,-0.4437353898425272,-0.09405138524118438,-67.79689025878906,0.3110536527549132,-0.5498380716682462,-0.7751926986575471,-0.7751926986575471,140.8225065652257
285,0.4134955468623676,-0.8800753717861861,0.26343513928681095,-0.31871695070069145,-67.82709503173828,-0.3102425874706753,0.5383624001493871,0.7835275764291209,0.7835275764291209,38.41529857314461
286,0.3991392440242592,-2.515993538872231,-0.3235472339421118,-0.23372916704738733,-67.71672058105469,-0.3051434181155621,0.5411229096376715,0.7836284138837819,0.7836284138837819,38.40599932687635
287,0.40636071004066127,-1.1708839040037549,0.15821153481617334,-0.3742968566737652,-67.75879669189453,0.3053284939609147,-0.5523242759813066,-0.7757012343275503,-0.7757012343275503,140.8686522189506
288,0.4272500184544211,0.12048928823488371,0.4241524315703154,0.05135458170691404,-67.70479583740234,-0.3182676532126465,0.5480433460029152,0.773533575108698,0.773533575108698,39.327730040676585
289,0.44437537500565794,-1.384675890253602,0.08223065686981361,-0.43670080487924234,-67.6886215209961,-0.3127854077249117,0.5425635091999808,0.7796089578750126,0.7796089578750126,38.775214114123365
290,0.43123694163642734,2.934306591003713,-0.4220054780126997,0.0887506414580326,-67.7962646484375,-0.3161825459398193,0.5385305579469114,0.7810335689331173,0.7810335689331173,38.64469435144412
291,0.43595523169634476,0.8407868431365318,0.2907283871128853,0.3248599220743519,-67.90941619873047,-0.322817342139225,0.5375082805690538,0.7790210600066382,0.7790210600066382,38.828968238015
292,0.4110510631830467,-1.0154836432799343,0.21670982995661728,-0.3492847350573556,-67.74781799316406,-0.3163776464626988,0.5468784363523658,0.7751317053711034,0.7751317053711034,39.183025037543544
293,0.4353969025567452,2.485406473935475,-0.3449757628909503,0.2656354377221057,-67.8198471069336,-0.3033294940836747,0.5394399346546295,0.7854907860177299,0.7854907860177299,38.233907223519296
294,0.42319074144762603,-2.8545932036987844,-0.40588121368582036,-0.11979500834307291,-67.71649169921875,0.2983241628116875,-0.5456889832628735,-0.7830876243615635,-0.7830876243615635,141.54415121962947
295,0.44592584480521125,-1.8248096082311367,-0.11205691720302718,-0.43161685135336786,-67.76788330078125,-0.3172161030936188,0.5273337268258792,0.7882214691887223,0.7882214691887223,37.98038571544956
296,0.43971396425139025,1.7883534820767193,-0.09491006429911926,0.4293488675336293,-67.83047485351562,-0.32587211666561733,0.5408962273845882,0.7753957923415565,0.7753957923415565,39.15906973744042
297,0.4671110169702568,-0.4943859986787102,0.41117924376296766,-0.221640094914033,-67.70796203613281,-0.3195324779341029,0.5328266646768073,0.7835781651849937,0.7835781651849937,38.410633507888875
298,0.43948558760860845,-2.7031849250137165,-0.39792287623358846,-0.1865608916297092,-67.71820068359375,-0.3066328570008581,0.5482733019144167,0.7780569885396277,0.7780569885396277,38.916982245895575
299,0.4400007637741049,-2.1589797222527003,-0.24413469443383762,-0.36605863341204287,-67.70805358886719,0.31264003286991204,-0.5514619349478911,-0.7733989553591525,-0.7733989553591525,140.66010099811496
300,0.42741053310164384,-2.5753424494931836,-0.36069968226547766,-0.22929348664934826,-67.7707748413086,-0.31504063569616036,0.5358451273045252,0.7833386224386976,0.7833386224386976,38.432718818125224
301,0.444218911003877,-2.7952507897701953,-0.4178415437157964,-0.15079418171358797,-67.70448303222656,0.30330676157376274,-0.5427492344926255,-0.7832166219133158,-0.7832166219133158,141.55603712641738
302,0.4324437840406885,-2.152155923438991,-0.2374811232585991,-0.36140052912421655,-67.82135009765625,-0.3002078991882511,0.5466284493987585,0.7817112993764934,0.7817112993764934,38.582471497752856
303,0.40672668793807965,1.938948371093745,-0.14637764695527197,0.37947356054528725,-67.75277709960938,-0.3023315468397442,0.543259620804783,0.7832398229077292,0.7832398229077292,38.441824791381734
304,0.3950519620281899,-0.6628521864176797,0.3113958758923138,-0.24310216202160984,-67.66020202636719,-0.3162118511551841,0.5385723848771395,0.7809928626029576,0.7809928626029576,38.64842893395849
305,0.41128019959583706,-2.2237820148519494,-0.2498776294855109,-0.32666890403326315,-67.81708526611328,-0.3038538634914728,0.5363381919819075,0.7874097875076764,0.7874097875076764,38.0558932867368
306,0.44836859689163533,1.9532011794223227,-0.16730995085494765,0.41598290712899344,-67.76792907714844,-0.3095906551457173,0.5317560652089902,0.788282381738865,0.788282381738865,37.97471411889853
307,0.457247865440857,0.24501181819003223,0.4435919102611669,0.11091360421999154,-67.86307525634766,-0.3147521078297768,0.5243652122667966,0.7911840713646289,0.7911840713646289,37.70369712011265
308,0.4507076899616161,-1.7784698383652315,-0.09292869638289265,-0.4410234451580918,-67.73641967773438,-0.28661529654946455,0.5236969377766215,0.8022425999329954,0.8022425999329954,36.65520832626007
309,0.4529715969719045,2.0861791720116916,-0.2232552052096267,0.394132440951116,-67.69249725341797,-0.3017353287098123,0.5331900439315455,0.7903569879874905,0.7903569879874905,37.78111490235658
310,0.3700714343423006,-0.4647710780356149,0.3308158094121621,-0.16587274266480234,-67.78167724609375,-0.31308340167691673,0.5376059544168744,0.782916739743079,0.782916739743079,38.47158940610135
311,0.3462211908846823,-2.6156848647982103,-0.2994358330463735,-0.1738024594343588,-67.87100219726562,-0.3140924268114298,0.531681077260614,0.786550176087133,0.786550176087133,38.135721234285676
312,0.4655795332729694,2.319949817073498,-0.3170685706195431,0.3409278858174494,-67.8131103515625,-0.3090011136945071,0.5306403115185476,0.7892649564797953,0.7892649564797953,37.88312649790253
313,0.44161933180181573,1.7503223091245876,-0.07885695843402947,0.43452182261379685,-67.87967681884766,-0.3039833899922627,0.5373418962537525,0.786675145876132,0.786675145876132,38.12412470188376
314,0.3302276947176084,-1.2974180698858693,0.08915677979896061,-0.31796446181041305,-67.70602416992188,0.3026831103588134,-0.5359447189969082,-0.7881282845342119,-0.7881282845342119,142.01093920819523
315,0.42078168847337044,-2.4913843550540604,-0.3349244341481811,-0.25472112744140646,-67.70661163330078,0.3088559032213003,-0.540618945051862,-0.7825210459127389,-0.7825210459127389,141.49198307963601
316,0.5143992451643206,-0.4676158764734394,0.4591761663398759,-0.23187029066061352,-67.77333068847656,-0.2964304477095022,0.5369505584186542,0.7898183889253525,0.7898183889253525,37.83145710348978
317,0.3808284334377446,-1.4915720095763478,0.030139321310744663,-0.3796339250193196,-67.77806091308594,-0.30551640009780207,0.5409431881121007,0.7836071697645423,0.7836071697645423,38.40795862124733
318,0.36117203748607185,-3.0521999553681316,-0.35972992548598853,-0.0322431600759851,-67.63707733154297,-0.30618693396569163,0.5506653820034326,0.7765418202078386,0.7765418202078386,39.0549708164404
319,0.41777371964228344,1.4073285629661532,0.06798879295977085,0.4122043241592968,-67.78324890136719,-0.30880701544709793,0.5553873519823497,0.7721289506738428,0.7721289506738428,39.45454642065925
320,0.47477919259389006,2.9837468756194716,-0.4688768322486223,0.07463107865094447,-67.64039611816406,0.29629946179369976,-0.547285090438971,-0.7827423961457379,-0.7827423961457379,141.5123569590057
321,0.4296777076590017,-0.9158236330940167,0.2617328424171058,-0.34076216289276745,-67.68807220458984,-0.3099616386223945,0.5473717964586949,0.7773724326370863,0.7773724326370863,38.97937659772812
322,0.3579244537993012,-2.0814608918949444,-0.17493813043516773,-0.31226041239224733,-67.730712890625,-0.29781388946833853,0.5415005882632395,0.7861831848559888,0.7861831848559888,38.16975880510947
323,0.3935025101066391,-3.0683332624873993,-0.3924470304282258,-0.028801975076248574,-67.76587677001953,-0.30733106904856605,0.5443887484599976,0.780505287969033,0.780505287969033,38.69313760057973
324,0.47246214184212176,2.2982458916342234,-0.31417170905847813,0.3528691155390624,-67.84042358398438,-0.2958715076508477,0.5413720028874753,0.7870047048461768,0.7870047048461768,38.09352902653968
325,0.46628946527958937,-1.2136043299445884,0.16303570859645217,-0.4368583559383729,-67.83499908447266,0.2955933853456875,-0.5534071887905739,-0.7786944419570426,-0.7786944419570426,141.1411946784739
326,0.36605111518498756,-1.0623610086888324,0.1781977395698931,-0.31974831436671186,-67.7833480834961,0.30570581378260975,-0.5443131489767793,-0.7811959749451446,-0.7811959749451446,141.37020854082843
327,0.38339860952170945,-1.4552025087773168,0.04421987820691495,-0.38083998759918297,-67.72763061523438,0.3002556788306236,-0.5364882400563039,-0.7886868171912417,-0.7886868171912417,142.06296131804297
328,0.47153846347084877,-1.9230684247732939,-0.16269551366430499,-0.4425818482111043,-67.81868743896484,0.31086501278661965,-0.5555954188121031,-0.7711528217027924,-0.7711528217027924,140.45752439508382
329,0.44815019099279246,1.2663467114128575,0.1343411523595237,0.42754069802720723,-67.73509979248047,-0.2970150347273903,0.5619108154362691,0.7720351705988752,0.7720351705988752,39.46300119538953
330,0.4083008977753614,-1.295328079275777,0.11105684809654014,-0.392907113215106,-67.67935943603516,0.2861014888104135,-0.543634230413806,-0.7890549801014209,-0.7890549801014209,142.0972854178523
331,0.381472123883792,-0.9131573724016503,0.2331748117288121,-0.3019113917619608,-67.69985961914062,0.30188701143087326,-0.5632018706367874,-0.7691995093865827,-0.7691995093865827,140.28205981746802
332,0.4021239775767599,1.4465271630487593,0.049843092550238936,0.39902300618784226,-67.76380920410156,-0.28129230400418537,0.5593586295542765,0.7797387788555721,0.7797387788555721,38.7633355401819
333,0.41207411734279065,1.1294157378596472,0.17603317938855187,0.37258206872875393,-67.6925048828125,-0.30751667538858546,0.5577792663431277,0.7709187923482431,0.7709187923482431,39.56353255776631
334,0.45401887888337816,1.2988915330166737,0.12193436861252825,0.43733871556676035,-67.70352172851562,-0.26602780133370457,0.5583773219672394,0.7857760337591425,0.7857760337591425,38.20749103423995
335,0.4475185689347007,1.1320766627889658,0.19009726446758488,0.40513688993142005,-67.8449935913086,-0.28445018978131975,0.5594689306918759,0.7785130731875094,0.7785130731875094,38.87536532493771
336,0.41586979120800066,-2.734074121716254,-0.38181302232073105,-0.16482262959222246,-67.84896087646484,0.28636791088036617,-0.5469761240067539,-0.7866451165452965,-0.7866451165452965,141.87308846282073
337,0.40037546892522163,2.840399817661114,-0.3823518875282721,0.11877520877968883,-67.6551742553711,0.2851707843548559,-0.5510534856055693,-0.7842306291853112,-0.7842306291853112,141.64957675862146
338,0.39539697994455986,-0.6957862937635412,0.30348692559887797,-0.25344517699064584,-67.62592315673828,-0.27506381932898893,0.5559979832453437,0.7843507747961113,0.7843507747961113,38.33932732162946
339,0.4129265276573834,0.02361113451012785,0.41281143269295983,0.009748757929589581,-67.77194213867188,-0.27429889028243243,0.5597638956506883,0.781936378432281,0.781936378432281,38.56178810874924
340,0.47798347468545155,-1.5365923676430728,0.01634573963203732,-0.47770390292341064,-67.7550048828125,0.2693927246624494,-0.5599037542558066,-0.7835402643573559,-0.7835402643573559,141.58587140495763
341,0.39378514749286536,-2.039722391062458,-0.17796274573860132,-0.3512776729528304,-67.74295806884766,-0.27039268794624427,0.5653682832770177,0.779260225194128,0.779260225194128,38.807107864941635
342,0.35661863842601055,0.9300297315771675,0.21319024123024757,0.28587895046157297,-67.6635971069336,-0.30129834374461273,0.5549474455004351,0.775404823810953,0.775404823810953,39.15825027637595
343,0.3883133857815798,-2.271493583241001,-0.25036537457581104,-0.2968239626288078,-67.6789321899414,-0.28322672592335996,0.5680144351662206,0.7727497804370658,0.7727497804370658,39.39853701112779
344,0.4691909643713961,0.49291580827882153,0.41333699633264953,0.22201956785487167,-67.80718994140625,-0.29493126014936166,0.5442813937641074,0.7853491683250899,0.7853491683250899,38.24701639708738
345,0.44749793520822856,-2.490938105039217,-0.35606851518171123,-0.2710527891609297,-67.63733673095703,-0.2863453018541217,0.5700696095411792,0.7700824685601143,0.7700824685601143,39.63870496515392
346,0.4990583577119388,0.7408727652522415,0.3682450724394034,0.33683053755002085,-67.83200073242188,-0.3002384292684783,0.5538826414009214,0.776576400069649,0.776576400069649,39.0518261489645
347,0.4740281328535419,-2.786362038174421,-0.44443280460156015,-0.1648701092697115,-67.81076049804688,-0.29282301821858264,0.5619080911153993,0.7736368509452015,0.7736368509452015,39.31839227582107
348,0.42087079448798514,-0.17580530814966058,0.41438349581168643,-0.07361076043510151,-67.72252655029297,-0.27265638917970947,0.5553555610072022,0.7856453998451582,0.7856453998451582,38.21959068395579
349,0.45489416530256715,-3.0720437109840564,-0.4537944345546623,-0.03161190904601643,-67.73426055908203,-0.29477611813060317,0.5611822843956713,0.7734219313287597,0.7734219313287597,39.33782231076931
350,0.3571996504640365,-1.127010593389353,0.15336779674309897,-0.3225986813578093,-67.79706573486328,-0.28632478162710623,0.5641596268969364,0.7744301355226948,0.7744301355226948,39.24660477142365
351,0.33409726081616453,2.3833410478767147,-0.24256777765016244,0.2297430149770078,-67.73872375488281,-0.2798607650071824,0.5648073895407935,0.7763185975678473,0.7763185975678473,39.0752654049315
352,0.3698772034895867,-1.1587420908110162,0.14813303416112825,-0.33891850030869536,-67.73316955566406,-0.27991014100335226,0.578827313437482,0.7659042069229223,0.7659042069229223,40.01249852646005
353,0.5009498635225347,1.0441875110146115,0.2517796568048814,0.43307940401554795,-67.76925659179688,-0.28922896328953057,0.5660365716794539,0.7719774649015565,0.7719774649015565,39.4682029191762
354,0.42150310826664084,-0.3104108664653752,0.40135869542370783,-0.1287480791554534,-67.79566955566406,0.2642394891268934,-0.5671203843647595,-0.780097405471859,-0.780097405471859,141.26949462023
355,0.3504400444865049,2.644066089726029,-0.30795469263400493,0.16724871319205742,-67.7313003540039,-0.2686819108508454,0.5643418776007773,0.780594821893899,0.780594821893899,38.684930959767705
356,0.43164121436962455,-0.4587747969349083,0.38700767894529403,-0.19115228060334613,-67.78675079345703,0.2831553244255093,-0.5575360803713633,-0.7803695158920685,-0.7803695158920685,141.29442038891105
357,0.4711335824071371,2.584386914787295,-0.3998680672624053,0.24914329462301632,-67.7648696899414,-0.2715608965049927,0.5662632507182409,0.7782034505034114,0.7782034505034114,38.90362193290095
358,0.4448956891319962,2.377716715298459,-0.3212860291823747,0.3077457743990258,-67.84688568115234,-0.29200076217718324,0.56358735655269,0.7727255958112784,0.7727255958112784,39.40072012332129
359,0.3872085826442219,2.4496829006983787,-0.29816183016726094,0.24704252570085314,-67.78548431396484,-0.26401903096024476,0.5760106911627361,0.7736314593894437,0.7736314593894437,39.3188798034828
360,0.3598499574612753,2.455804963864251,-0.2784952434818427,0.22788679479704568,-67.82818603515625,-0.270810243130619,0.5769546377419931,0.7705745636883823,0.7705745636883823,39.59448776033442
361,0.4563523193295791,2.1452581539554654,-0.24797412950223816,0.38310086198688376,-67.78150939941406,-0.26110725053070527,0.570478422026632,0.7787023652990273,0.7787023652990273,38.85808173977949
362,0.4880916562417237,-1.1315795353077829,0.20755156899401755,-0.4417644294201498,-67.75506591796875,0.2580533038374014,-0.5724474911343919,-0.7782752484002959,-0.7782752484002959,141.10292890729434
363,0.43013893671486575,1.9414052992390864,-0.15578906494608122,0.40093549621032676,-67.80709075927734,-0.2591552451146093,0.5816391945470915,0.7710605723911693,0.7710605723911693,39.55077691932438
364,0.4075361857008796,-3.0434212701964776,-0.40557392287020133,-0.03994415781184837,-67.84211730957031,0.2757587687101796,-0.5615906385296936,-0.7801109255710094,-0.7801109255710094,141.27073276463508
365,0.3929687813144433,-0.6917800877070368,0.30262985687510024,-0.25067834532626687,-67.75193786621094,-0.2788724140125711,0.5598470924438407,0.7802572715361127,0.7802572715361127,38.71586302054529
366,0.43447125958409183,-2.0982522375252293,-0.21868530804192493,-0.37542244398969504,-67.86378479003906,-0.2577296158867007,0.5563663376550609,0.7899569250403395,0.7899569250403395,37.818513745209096
367,0.438664782474647,-2.7837208523537162,-0.41087291779644136,-0.1536562293073995,-67.77510833740234,-0.27433479626638646,0.5751923916670962,0.7706452699691124,0.7706452699691124,39.58813105820379
368,0.4245704608114654,-0.9472835210805813,0.24790268693519427,-0.3446800458453769,-67.6527099609375,0.2593399710235545,-0.5795628674448179,-0.7725604585458944,-0.7725604585458944,140.58437587313276
369,0.44274281549688416,-1.9161848268290127,-0.14989600801930775,-0.41659619231815315,-67.66242980957031,0.2723588719212301,-0.5629993558797786,-0.7802899269917236,-0.7802899269917236,141.28712851304402
370,0.33896421625989015,-2.3411481542197654,-0.23605053677247484,-0.2432629934743632,-67.61577606201172,0.2669623618345009,-0.5693890748892004,-0.7775134588935201,-0.7775134588935201,141.03347047250497
371,0.407115417570115,-1.5557654014213165,0.006119091040791592,-0.40706942890387093,-67.71917724609375,0.2530596682811674,-0.5876403153100285,-0.7685308478595743,-0.7685308478595743,140.22214296125694
372,0.4188465604490866,2.0702651357264434,-0.2006104583190935,0.3676790519094521,-67.69439697265625,-0.2506852259945805,0.5718473593588834,0.7811193987235999,0.7811193987235999,38.63681894104886
373,0.5153388887019352,2.6676723475008375,-0.4585413226107587,0.23518934003674927,-67.68003845214844,-0.25797594730990425,0.5768584739452359,0.7750372324263727,0.7750372324263727,39.19159168416138
374,0.4513104618301563,-2.7157777538615013,-0.41100953445607147,-0.18641967584874816,-67.74777221679688,-0.24776976481604407,0.573535809826186,0.7808116408520197,0.7808116408520197,38.66505134297998
375,0.4351742245579801,1.3712511677863763,0.08626177348354418,0.42653899253774324,-67.91275787353516,0.24637375515176838,-0.568129474087737,-0.7851935261100974,-0.7851935261100974,141.73858060410436
376,0.38825779152834755,-1.6126375301855076,-0.01624043360452162,-0.3879179823091563,-67.89092254638672,-0.2584679412804569,0.5672285931930828,0.7819501559526915,0.7819501559526915,38.560521734681394
377,0.38924729416034987,-2.495322602841308,-0.31074996050738896,-0.23440972261365384,-67.79657745361328,-0.26623374598045074,0.5663826375689852,0.7799553194649143,0.7799553194649143,38.743515323306404
378,0.440021616765668,-2.01009177815377,-0.18714203750504899,-0.3982422391202762,-67.72079467773438,-0.2588080439642887,0.5703751155634925,0.779545139119802,0.779545139119802,38.781052383882155
379,0.4517330881028525,-1.5788072906708441,-0.0036187787438910213,-0.4517185930724374,-67.65314483642578,-0.25801167120828555,0.5743891936315836,0.7768571501631215,0.7768571501631215,39.026287059321504
380,0.43888654859635573,-2.403255160232729,-0.3245954642513651,-0.2953966606552317,-67.6549072265625,-0.2410036536733503,0.5843444765246676,0.7748927484956923,0.7748927484956923,39.20469020471518
381,0.39984123422795764,-2.447083859253314,-0.30722527746426626,-0.2559016246059042,-67.77596282958984,-0.26744345323545843,0.5819900211348817,0.7679593834447972,0.7679593834447972,39.82900475174171
382,0.43899346459869837,-1.7705796641827907,-0.08712131825514352,-0.4302617085749726,-67.8548812866211,-0.26650910203460776,0.5754133060629436,0.7732221063435916,0.7732221063435916,39.355880490046985
383,0.43892829475348516,-2.240756865129782,-0.2725547436928031,-0.3440522629278185,-67.91700744628906,-0.25041494481484056,0.5807065747861505,0.7746432917243377,0.7746432917243377,39.22729664181591
384,0.4306771962802539,-2.4653855961265347,-0.3359075817682998,-0.2695346803407556,-67.81661224365234,-0.26039773672116656,0.5927523205112558,0.7621270925764386,0.7621270925764386,40.347921786677915
385,0.435260177262,-2.3022553046710965,-0.29073469825001774,-0.32392091186525573,-67.76348114013672,-0.24691260759844677,0.5817364617935437,0.7749947440007994,0.7749947440007994,39.19544395052252
386,0.44320697747657906,-1.6662470710704005,-0.04224022693503775,-0.4411895149619961,-67.74186706542969,-0.24958511079300869,0.58140106609089,0.7743901295980071,0.7743901295980071,39.25022770312528
387,0.39383901890536854,-1.2031476305200157,0.14155450615751322,-0.3675207403655551,-67.70877075195312,-0.2718908037432868,0.5701805950557868,0.7752222132148036,0.7752222132148036,39.17481646543147
388,0.43496901592387405,-1.1577887590269633,0.17458169751263086,-0.39839587812550425,-67.7397232055664,-0.2682486943026389,0.5669403813773775,0.7788589358597636,0.7788589358597636,38.843780951007254
389,0.4426951250886606,-1.2843210987798739,0.1250936296388242,-0.4246534558920362,-67.83092498779297,-0.2680137635940201,0.5799584097909366,0.7692963443543307,0.7692963443543307,39.70925682479566
390,0.4689738684762619,-1.0402322713447647,0.23731012493751039,-0.40450017789332726,-67.76182556152344,-0.2648806702859385,0.5919426888364213,0.7612109324241079,0.7612109324241079,40.42893237818941
391,0.42618253835619024,-0.9334839946213505,0.25359460071583884,-0.3425220204417518,-67.84764099121094,-0.2829296527721174,0.5697341022321486,0.7715917731132033,0.7715917731132033,39.502955346343896
392,0.3999609009428157,-1.4141201426468013,0.06240828750428172,-0.3950619292386597,-67.77911376953125,-0.26687691191529905,0.5677173068547283,0.778764260469218,0.778764260469218,38.85242890934003
393,0.41558015294623485,-0.6632022316499774,0.32748748447350506,-0.25584919588701416,-67.6481704711914,-0.27531384532421,0.584429874029941,0.7633112136698533,0.7633112136698533,40.243016793436006
394,0.39571444208592904,-1.6244510648529984,-0.021221769000905624,-0.3951449812358121,-67.65645599365234,0.27488537280499464,-0.5757862366082855,-0.7700053516374588,-0.7700053516374588,140.35436942779344
395,0.45146819531368143,2.6493891617177505,-0.39787607497184235,0.21334985433506462,-67.73052978515625,-0.2703516584965956,0.561460737889226,0.7820945087117196,0.7820945087117196,38.54725129980324
396,0.4604412776757991,-1.9177049907628396,-0.15654646918531395,-0.4330119780945256,-67.7131576538086,-0.2546571696217984,0.5824240204893588,0.7719663116465806,0.7719663116465806,39.46920823299873
397,0.4762775590120808,-2.6100178274843757,-0.41055595855066923,-0.24142103909362844,-67.74285888671875,0.2746309886028796,-0.5664101368239634,-0.7770182604045186,-0.7770182604045186,140.98837505505844
398,0.4335713153019651,2.2324405683178363,-0.26639270262077536,0.3420804195552198,-67.79053497314453,-0.26841577783395,0.5632905327463086,0.7814452929848485,0.7814452929848485,38.60690379881868
399,0.435722365143063,-2.342595238840643,-0.3038839187436355,-0.31226358003276056,-67.59980773925781,-0.259012053003215,0.5704383842945764,0.7794310784940854,0.7794310784940854,38.79148503858422
400,0.40385104772254765,-0.3289675128198941,0.38219510451120925,-0.13047057459161165,-67.71866607666016,-0.2745997732883231,0.586037542254576,0.7623352042102068,0.7623352042102068,40.329500918957464
401,0.383913599281366,-2.065327498033461,-0.18221270563831063,-0.33791741833936234,-67.72791290283203,0.27184301917734804,-0.5910644339298669,-0.7594367701577993,-0.7594367701577993,139.41456991969181
402,0.4186284124335505,-0.8255644286517365,0.2838896167635785,-0.3076628563711638,-67.72469329833984,0.2686476910303699,-0.5847488314156901,-0.7654392348593296,-0.7654392348593296,139.94608413286693
403,0.37833952550436595,-2.6526659520594107,-0.33401231038577067,-0.17769798273933313,-67.76611328125,-0.2635580848501097,0.5805881602823514,0.770359996397851,0.770359996397851,39.61377277202838
404,0.40330747257155775,-0.5076829938022472,0.3524396213513535,-0.1960694538518747,-67.76248931884766,-0.2615712131364907,0.5893188081940908,0.7643846170397474,0.7643846170397474,40.14772414719919
405,0.41179041767425084,3.030600204953326,-0.40925653087511654,0.04561184083545369,-67.72564697265625,0.2760010274763174,-0.6014218391225346,-0.7497434256187148,-0.7497434256187148,138.56815751358135
406,0.4250075200026393,0.10885017408801127,0.4224921838907269,0.04617084155652825,-67.70126342773438,-0.26736683202999306,0.5943516296032932,0.7584597006553185,0.7584597006553185,40.67140397678252
407,0.4513127168248183,0.20962651100261034,0.4414328965461904,0.09391573997280245,-67.81951904296875,-0.2788808159925938,0.588443949775137,0.7589197641676894,0.7589197641676894,40.63094098840768
408,0.45883287471943296,0.0844515065392197,0.4571976358527731,0.038703083778091424,-67.76713562011719,-0.2673812206398687,0.5825241155374926,0.7675760142594321,0.7675760142594321,39.863286736618214
409,0.4297205734904281,-2.926300613497461,-0.4198000643313955,-0.09180238160471971,-67.70990753173828,0.256598611588562,-0.5827116444164756,-0.7711058889622547,-0.7711058889622547,140.4533008380758
410,0.40850344245505266,1.162051532122906,0.16236289559744865,0.37485110728239884,-67.71211242675781,-0.28159782974681524,0.5977957249000112,0.7505617453435487,0.7505617453435487,41.36093854133768
411,0.427205092357688,-0.974971303071779,0.23974399723568793,-0.3535915818084407,-67.69957733154297,0.28161939417563786,-0.6055850444385803,-0.7442830582355544,-0.7442830582355544,138.09755596952675
412,0.36839031367559033,-3.082440013862244,-0.3677459963212095,-0.021778553664574988,-67.72652435302734,-0.27169341060981367,0.6071593109577416,0.7466861869276329,0.7466861869276329,41.69586522957912
413,0.3929871279191704,2.505915928606141,-0.3162249892092578,0.23332517847365555,-67.79166412353516,-0.26943345288962367,0.5972299911714809,0.7554614166913409,0.7554614166913409,40.93429631172153
414,0.41696921002186166,0.8776531870442121,0.26642588253160654,0.32075001359861227,-67.73078155517578,-0.27503075883692957,0.5788328440948101,0.7676656956584005,0.7676656956584005,39.85526936756412
415,0.42953878457971534,-0.10693482439548758,0.4270852237961667,-0.04584516412008283,-67.82813262939453,-0.2686494758097307,0.5966131156395187,0.7562276438970368,0.7562276438970368,40.86724549600016
416,0.4628846957910643,-0.9943902950919934,0.2522787246315,-0.3880949454655264,-67.82044219970703,-0.28119423292380863,0.5905796197484163,0.7564030116995879,0.7564030116995879,40.8518867008916
417,0.4745168821848591,-2.5599590385112996,-0.3964903032039043,-0.2606946699564751,-67.73014831542969,-0.26575964235053456,0.597106397007013,0.7568591435339996,0.7568591435339996,40.811916142101225
418,0.44932458475694226,2.93491157521282,-0.4397617843641681,0.09220713356265614,-67.75137329101562,-0.2815930306203419,0.587672414976317,0.7585159838671529,0.7585159838671529,40.66645560499943
419,0.4110796651285441,2.1911577100490764,-0.23897263121402879,0.3344825445562739,-67.79476928710938,-0.2714959734170383,0.5819438420048958,0.7665711324925534,0.7665711324925534,39.9530298506742
420,0.36138946359336194,1.7530059236706332,-0.06548486674094026,0.3554069169616978,-67.76559448242188,-0.2769333734162133,0.5899507110497513,0.7584629623259195,0.7584629623259195,40.671117227073246
421,0.40244340149284175,2.6166608601911285,-0.3482576675943272,0.2016861134706297,-67.79647064208984,-0.2749631104054016,0.582479089004291,0.7649270545541701,0.7649270545541701,40.09949709785517
422,0.5245063548009778,-2.2464736979712026,-0.3280399123555808,-0.4092636462335155,-67.68533325195312,-0.24552558498090296,0.5884712906077685,0.770336762234682,0.770336762234682,39.615860555914736
423,0.45725208477817714,-1.4145400058530884,0.07115813492102888,-0.45168129125363377,-67.76156616210938,-0.2718202565636701,0.6005632923824755,0.7519557699521842,0.7519557699521842,41.23992209164636
424,0.33235392082570486,0.09470701671433301,0.3308645237887491,0.0314292154891462,-67.77056121826172,-0.2798329527850921,0.6031626574317734,0.746919224023199,0.746919224023199,41.67578834863907
425,0.37056626554683025,2.2446732629854704,-0.2312408125747549,0.28956354011009566,-67.72679901123047,-0.2716220814903843,0.5878445004653006,0.7620106876675238,0.7620106876675238,40.35822225269668
426,0.431845165131304,-1.6308972467628071,-0.02593866952460576,-0.4310654614679498,-67.66032409667969,-0.2517846936861863,0.5913591594296637,0.7660932140307699,0.7660932140307699,39.99565253947262
427,0.45646872298739094,-0.1543522673985067,0.451041912650231,-0.07017754696881905,-67.61740112304688,-0.23842783989489913,0.6128977083159076,0.7533316429728417,0.7533316429728417,41.12019482308756
428,0.42915846440488464,3.095473220936016,-0.42870213482727354,0.019785529179094683,-67.76937103271484,0.26024432009181303,-0.60871828581395,-0.7494897880396212,-0.7494897880396212,138.54620106787695
429,0.4435108881466237,-1.4314772037420496,0.06158985458617443,-0.4392136128544525,-67.8326416015625,-0.26416766681897547,0.6061820392039784,0.7501724995985425,0.7501724995985425,41.39467745319563
430,0.4214987105554873,-2.783843663311594,-0.39481254166983976,-0.14759478290285025,-67.74895477294922,-0.2726664396837271,0.6044518868801472,0.7485258373077247,0.7485258373077247,41.5371577752174
431,0.3779019531850344,-2.4801105211690815,-0.2981958723057511,-0.23214027647281738,-67.7633285522461,-0.26302273731566117,0.6036710815479586,0.7525956849183331,0.7525956849183331,41.18427282055307
432,0.42814223150628355,-2.0134090354935,-0.18337411458424,-0.38688461393498985,-67.85963439941406,-0.2638729086235572,0.594669356496395,0.75943363405811,0.75943363405811,40.58570627149417
433,0.4025679994649907,-0.956998135663945,0.23186970745890262,-0.32908575319537564,-67.63709259033203,-0.28478575808442363,0.5951172472698099,0.7514868821172358,0.7514868821172358,41.28065912750582
434,0.4598363099206122,2.678424696596831,-0.411388689747231,0.2054477497308302,-67.72093963623047,0.27186639262282275,-0.6022311244698625,-0.7506039816587827,-0.7506039816587827,138.64272376083414
435,0.4519296907898395,-0.8560155082268726,0.29621817383140014,-0.34131398873967994,-67.67362213134766,-0.27856790489137556,0.6095055493664385,0.7422283392972446,0.7422283392972446,42.07841657174633
436,0.43349368023209073,-1.4827869573511268,0.03810227316337859,-0.43181591862846536,-67.68404388427734,-0.26986690587028656,0.5916785037391628,0.7596633473644648,0.7596633473644648,40.56547168083867
437,0.44375239902506897,-1.0059775324567317,0.23752413518355014,-0.374831264498855,-67.59236907958984,-0.2669295171444941,0.6151609660505143,0.741839348326041,0.741839348326041,42.111663576207846
438,0.4715973736102704,-0.1565288452963001,0.46583179054936,-0.07351751974653495,-67.72966766357422,-0.25992617525826633,0.5973163621684381,0.7587170400758589,0.7587170400758589,40.64877485117188
439,0.4530855662067173,-1.3545102083503644,0.09723386559580541,-0.4425292145001937,-67.71510314941406,0.25776316017872375,-0.6087160569640403,-0.7503485291841577,-0.7503485291841577,138.62057758682047
440,0.4623735490351835,-1.8938602759180718,-0.1467913436264203,-0.43845364667629516,-67.82788848876953,-0.2683023708055458,0.6002280804629555,0.7534852946434186,0.7534852946434186,41.10680640409562
441,0.5080700888038571,2.174701068100627,-0.2885131291140479,0.41820496107289296,-67.8111343383789,-0.2499532493698877,0.6048159183960932,0.7561223961662062,0.7561223961662062,40.87646085756712
442,0.4544777711625154,-2.6981747092827595,-0.41052547309484183,-0.19498430814069123,-67.74585723876953,0.2614305190778273,-0.5909566752337586,-0.763167276349923,-0.763167276349923,139.74421924260562
443,0.48625404316423304,-2.5801970543309274,-0.41162035089433024,-0.25886614537863445,-67.84791564941406,-0.28174769828429586,0.606275417487875,0.7436722078048933,0.7436722078048933,41.954821942106925
444,0.489160640449766,-2.6902742446218415,-0.44018238328750986,-0.21334854489438862,-67.7274169921875,0.27558226438001443,-0.6117748095883052,-0.7414755544941296,-0.7414755544941296,137.8572623174459
445,0.4830097337155357,2.805538878143243,-0.45599178075474905,0.1592793104833944,-67.753662109375,-0.2600520075397921,0.5997613046660325,0.7567425789525938,0.7567425789525938,40.82213369652297
446,0.5053863206959804,2.86099562207069,-0.4856208001721489,0.13995632028165855,-67.67250061035156,0.2537918325839304,-0.6184209158608982,-0.7437373706756024,-0.7437373706756024,138.05076296708697
447,0.4325596265895084,-1.1056610751913891,0.1940218902525481,-0.3866048844208815,-67.7604751586914,0.2576918518085243,-0.592361865951453,-0.7633494149326419,-0.7633494149326419,139.76037135320132
448,0.30834871584954143,-2.9333016946226973,-0.30168399046498606,-0.0637628454758995,-67.61390686035156,-0.2522825296833004,0.5998592316601709,0.7592907397095424,0.7592907397095424,40.598289095634215
449,0.3099401850980562,-2.597795393606228,-0.26523137362103394,-0.16035971060623944,-67.66854095458984,-0.27359662667940243,0.5967163933347285,0.7543702219701183,0.7543702219701183,41.02962845424726
450,0.3245457919621245,2.60148174358881,-0.2783472350365966,0.166891545105809,-67.79129791259766,0.2627627160479,-0.6031115639071309,-0.7531349125731893,-0.7531349125731893,138.8626683280809
451,0.44805350099104785,-3.0743313061372524,-0.4470403661103044,-0.030113963842375926,-67.77141571044922,0.255739871811055,-0.5888833432322057,-0.7666899803895479,-0.7666899803895479,140.05757535932676
452,0.46806274703919765,-0.1960375182702864,0.4590975224431955,-0.09117126769108527,-67.72962188720703,-0.27327801670568497,0.5992691051362641,0.7524597432518159,0.7524597432518159,41.196099953907165
453,0.4602740128695568,-0.6455273949821649,0.3676588666298135,-0.27690995776881333,-67.80715942382812,-0.25484676375766313,0.5895703447849957,0.7664593502282735,0.7664593502282735,39.963002431740854
454,0.4073839712141628,-0.5857592100855991,0.3394700527719896,-0.22521497124570652,-67.886962890625,-0.271052682592145,0.5930896701332528,0.7581392262908123,0.7581392262908123,40.6995703364412
455,0.37915318980941654,-0.7023889632384117,0.2894080066007668,-0.2449492744590723,-67.73635864257812,-0.28218400519469833,0.578948461514127,0.7649776899509579,0.7649776899509579,40.09499274484538
456,0.3696275474858585,-0.48576043037130545,0.32686909724215774,-0.17257206358071814,-67.74076080322266,-0.26104787392015744,0.5986589914515161,0.7572723548869451,0.7572723548869451,40.77567878357867
457,0.43784516436190224,-0.7760732471970885,0.31247680714276693,-0.30670284144911863,-67.76927185058594,-0.28288544298223167,0.5889918601527026,0.7570101814524068,0.7570101814524068,40.79867366263791
458,0.4918370802621093,-0.5354567929620399,0.4229974219021054,-0.2509519766507704,-67.67427062988281,-0.2581984459434683,0.5912777736166371,0.7640184270940923,0.7640184270940923,40.180254178693325
459,0.37095549453086574,-0.7548368015595099,0.2701978137924522,-0.2541675045013002,-67.65332794189453,-0.26155239451467166,0.5880252941706845,0.7653865679113541,0.7653865679113541,40.058604924812926
460,0.43323539577280856,-2.5561875344886444,-0.3610966382710685,-0.2393786247344469,-67.8385238647461,0.2644342111166423,-0.5806926221933207,-0.7699809260763312,-0.7699809260763312,140.35217606235935
461,0.43021473004899263,-3.0997237225805567,-0.42983770033260055,-0.018007368600357107,-67.64205169677734,-0.25545612055902356,0.5893352562334038,0.7664372943882898,0.7664372943882898,39.96496988430788
462,0.39765317109776005,-0.8953999559929794,0.24861543363495495,-0.31035207529934083,-67.64144134521484,-0.247796108644797,0.5936021712918671,0.765658899757638,0.765658899757638,40.0343536791069
463,0.39453776766831333,1.6245146769214194,-0.021183726334761243,0.3939686533917006,-67.69490814208984,-0.2630419090419527,0.5852210034462769,0.7670236836062482,0.7670236836062482,39.912634604919056
464,0.43101423673878075,-1.8064172059916044,-0.10061887471738618,-0.4191051351655342,-67.80567932128906,-0.25451825045352294,0.5943012830591146,0.76290657694135,0.76290657694135,40.27889031609588
465,0.3946473054609819,0.46177841149739435,0.3533125617568703,0.17583153702453733,-67.72999572753906,-0.2582375984789837,0.5942624008883987,0.7616859862319666,0.7616859862319666,40.38694300389638
466,0.43162365089390026,2.9483014600652178,-0.42358567322647267,0.08291051470263225,-67.77467346191406,-0.26193106359531904,0.5909588765672816,0.7629939214241235,0.7629939214241235,40.271148937066584
467,0.4396826978137968,-1.850797288294476,-0.1215092034074263,-0.4225593310342481,-67.74417877197266,-0.2581019307876362,0.5959924270565651,0.7603791292604758,0.7603791292604758,40.50236750545992
468,0.40565827622038236,-0.5681110010983692,0.3419370023377279,-0.21826067785650424,-67.70814514160156,-0.2704198598637831,0.5968973568312358,0.7553718586227159,0.7553718586227159,40.9421274301656
469,0.4065138819806085,-1.624156327177936,-0.021681288661290064,-0.40593528790304734,-67.64574432373047,0.2681297314564116,-0.5913810416240791,-0.7605096388059338,-0.7605096388059338,139.50914714026067
470,0.45314988719993526,-0.7492601480355343,0.33179316645292456,-0.3086391338836602,-67.65534973144531,0.24772349769515342,-0.5918159156968982,-0.7670638764910791,-0.7670638764910791,140.0909547053485
471,0.44501986107776853,3.0150556937220823,-0.4414618718104812,0.05616130777735396,-67.68501281738281,-0.2571682046891361,0.5934383023085471,0.762689645825952,0.762689645825952,40.298111676976596
472,0.43704208135327616,-1.0212389111982805,0.22827138994007373,-0.37269015738067257,-67.74100494384766,-0.26662559425564036,0.5980653274697679,0.7557967031988867,0.7557967031988867,40.90496729028388
473,0.44055593349167627,0.6360954312818518,0.35439263329525295,0.2617162432879906,-67.65158081054688,-0.24905435514678906,0.5793681055992891,0.7760828089815597,0.7760828089815597,39.09669283307858
474,0.44717712291607303,-1.1126938096749903,0.19776276992466166,-0.401070151084847,-67.69042205810547,0.2689680627316722,-0.6019028614030654,-0.7519103182329483,-0.7519103182329483,138.75612761145888
475,0.4341000958745362,0.9213547367901687,0.2625184604465231,0.34572670010149464,-67.74810028076172,-0.27254183367391743,0.5878765777051113,0.7616574546890388,0.7616574546890388,40.38946588980062
476,0.4022678509362738,2.8405653879338586,-0.38417883407872944,0.11927299502735848,-67.7864990234375,0.25403199777855273,-0.5958960972577264,-0.7618238545606509,-0.7618238545606509,139.62524976749054
477,0.3603421261855617,-1.801306010144572,-0.08232871881706692,-0.35081110296265083,-67.67953491210938,-0.28646716269285055,0.5843124863363904,0.7592861667448535,0.7592861667448535,40.5986917231879
478,0.411228577743175,-2.6861536229506355,-0.36931122808187683,-0.18088161864968613,-67.78800964355469,-0.27094066684822554,0.600143969438987,0.7526077138814452,0.7526077138814452,41.183226147953135
479,0.43197255559679976,-0.7589587623948447,0.3134189614284668,-0.2972689748458986,-67.6723861694336,0.24761419988769542,-0.5927462340799744,-0.7663805255863335,-0.7663805255863335,140.02996652489128
480,0.4043034383289666,-1.008042232656576,0.21570300040210755,-0.34195538577737433,-67.69644927978516,0.26203402593954783,-0.5817683134063547,-0.7699894796464676,-0.7699894796464676,140.35294414393496
481,0.4511634703377936,-3.0570425292232812,-0.44955180933275274,-0.038100494654130915,-67.80635833740234,-0.2754563138330504,0.5848893455587476,0.7629077746499692,0.7629077746499692,40.278784171013214
482,0.4653334849374749,-1.6959392163949505,-0.05808130010549595,-0.4616945037382517,-67.6844253540039,-0.2535414794919828,0.5963037527041861,0.7616682694506325,0.7616682694506325,40.388509615855384
483,0.43734739352370217,-1.5051345646322782,0.028696369583905822,-0.43640492778459766,-67.72547149658203,-0.2797899458168,0.5832283805953722,0.7626022831646467,0.7626022831646467,40.30585037025734
484,0.40640060470179823,-1.6303035110524973,-0.02416948532366641,-0.40568126340906646,-67.70311737060547,-0.2599308085879255,0.5859740814666509,0.7675091860011463,0.7675091860011463,39.86926019913973
485,0.3722963832831969,-1.8124385850735467,-0.08908959117162586,-0.36147979438776606,-67.8995132446289,-0.25783889967087226,0.584094085169002,0.7696448541289032,0.7696448541289032,39.677992231161895
486,0.41838369410483495,-2.8133418585311816,-0.39604523208193965,-0.13488176169508861,-67.69918823242188,0.24911228626455229,-0.57916554269094,-0.776215397290956,-0.776215397290956,140.91535499440465
487,0.4494238846344624,2.655079583950547,-0.39727657108998077,0.21012651937087345,-67.81494903564453,-0.2774980328907217,0.578123579577809,0.767312171464731,0.767312171464731,39.88686606098313
488,0.4445800377243991,-2.480615179312861,-0.35094816887584473,-0.27292268631559313,-67.5943832397461,-0.2783430589936773,0.5857693826618579,0.7611828767425003,0.7611828767425003,40.43141105283366
489,0.438121957093285,2.9782883114637686,-0.4322929428660641,0.07122963453119827,-67.76744079589844,0.2687613460649725,-0.5926442734143313,-0.759302379853075,-0.759302379853075,139.40273577793369
490,0.4262231757271391,2.787529103403598,-0.39978522496227864,0.1477767553737324,-67.74746704101562,-0.26576628105159716,0.5766622566278845,0.7725470378150701,0.7725470378150701,39.41683517024661
491,0.42546058152249977,3.091733936123199,-0.4249318665977329,0.021204131183101427,-67.72311401367188,0.2663512021627959,-0.5851059867222117,-0.7659686817411405,-0.7659686817411405,139.99324737701414
492,0.3928586480685739,2.610928639628801,-0.33882926928870105,0.19882817616110773,-67.72296142578125,-0.25140460771456646,0.5813119977880885,0.7738682603954671,0.7738682603954671,39.29746246137607
493,0.39285368458130177,-1.3998459554175313,0.06683185399702393,-0.3871272669038251,-67.82820129394531,-0.27218262628381173,0.5780789924266172,0.7692472271411018,0.7692472271411018,39.713661447598305
494,0.40767177175849806,-2.8871499100756486,-0.3945462535063682,-0.10261348514109427,-67.82450103759766,0.27216437930990744,-0.583929629653003,-0.7648220304411738,-0.7648220304411738,139.89116165395524
495,0.4053685076929905,-2.703945098922434,-0.36716299532293756,-0.17179919061139554,-67.66355895996094,-0.2725857834015459,0.5804723915923227,0.7672996763237,0.7672996763237,39.88798244925285
496,0.4349842828246479,2.0445604501070815,-0.19845681250190877,0.3870739204287154,-67.76409912109375,-0.2568888930943882,0.5887177850024969,0.7664329495960452,0.7664329495960452,39.96535744438434
497,0.4287606751417152,-2.4157026062544404,-0.32067392646732623,-0.28461192777536093,-67.75039672851562,0.2511892734969851,-0.585150076457924,-0.7710404249462817,-0.7710404249462817,140.44741024981528
498,0.4346756149152735,-0.9437820177107823,0.25503705628295076,-0.3519928836276355,-67.80387115478516,-0.2402897643601902,0.5866352974615877,0.7733820898597787,0.7733820898597787,39.34142333755054
499,0.4452920349928335,-2.152191032256792,-0.24454994268617455,-0.3721294424796936,-67.62411499023438,-0.24402519743404047,0.5918808848461283,0.7681983605625841,0.7681983605625841,39.8076222758913
500,0.4587136231674178,3.064141820124363,-0.45733848376786124,0.03549224343844031,-67.78939056396484,-0.252421747636275,0.5860850612438907,0.7699269850492277,0.7699269850492277,39.65266737263705
501,0.4676442178485004,2.6995384748825737,-0.4226918234994836,0.20005683400928131,-67.74246215820312,-0.2567163573668732,0.5759094668380214,0.7761604201881399,0.7761604201881399,39.08964095757747
502,0.44431437859623213,2.5048287973734524,-0.35723949716178716,0.2641878284383089,-67.66254425048828,-0.2388716353104416,0.5906818070437903,0.7707368842034213,0.7707368842034213,39.579893401028826
503,0.44561319876762157,2.5524486615345543,-0.37049022135687304,0.2476047632717251,-67.76349639892578,-0.24314470013325498,0.5917902595767868,0.7685472942292809,0.7685472942292809,39.776384229483455
504,0.4647807414082382,2.8053599698389595,-0.43875502950918277,0.1533465410903936,-67.7820816040039,-0.25041558176785805,0.579470500957485,0.7755681626575105,0.7755681626575105,39.14342740976569
505,0.47015528650718097,2.9971015003646833,-0.4652559403813392,0.06769714447836903,-67.85018157958984,-0.2512766882927897,0.572704885911536,0.7803006725446691,0.7803006725446691,38.71188705499746
506,0.4425230618177655,2.4811238785560024,-0.34946255542084953,0.2714821957316899,-67.7895278930664,-0.24003967190641615,0.5930112806608072,0.7685821861844636,0.7685821861844636,39.773259426110435
507,0.42949091577775245,-1.6771048505600972,-0.04557259211949139,-0.4270662543249267,-67.68683624267578,0.24150556335978607,-0.5807052679314347,-0.7774679766157272,-0.7774679766157272,141.02932678398454
508,0.44576297471618426,1.1025802071301913,0.20117065271081624,0.3977876294151512,-67.71004486083984,-0.25262609747322023,0.5721067799775624,0.7803037147029073,0.7803037147029073,38.711608350030374
509,0.43104576955579593,1.7159860057595684,-0.06236375175351675,0.4265105132574976,-67.75041961669922,-0.2461312597207342,0.5888402028417937,0.7698614281190608,0.7698614281190608,39.65855314974766
510,0.42242326920948636,-2.029676174577652,-0.18710990048640638,-0.3787232545138961,-67.8341064453125,0.24868068983307332,-0.5748354893524613,-0.7795653113659324,-0.7795653113659324,141.22079293425975
511,0.4597102889625075,0.6975090272590769,0.35234244161101674,0.2952767407324515,-67.82072448730469,-0.23580196556670782,0.5727807983253422,0.7850602461624591,0.7850602461624591,38.27374936153879
512,0.4787098700861447,2.623633046956418,-0.41591807253391094,0.23701328371542787,-67.71235656738281,0.23117059519556218,-0.5741398739268548,-0.7854448173386752,-0.7854448173386752,141.76183716076284
513,0.4153547859594526,-1.5483069460283767,0.009340284545393384,-0.4152497529247113,-67.74932861328125,-0.22447459786004179,0.5730852879492576,0.7881525281642437,0.7881525281642437,37.98680397969009
514,0.4022410999824101,-2.3360528339807574,-0.27864126551153356,-0.29009816902074764,-67.74433898925781,-0.23194377801897972,0.580408046812686,0.7805950185809318,0.7805950185809318,38.68491292990345
515,0.47852113235385796,3.068674387091007,-0.4772495298999789,0.03486201829308768,-67.79621887207031,-0.23698544047436357,0.5800553586324027,0.7793418261103446,0.7793418261103446,38.79964693783061
516,0.4625441967181727,1.7144611473756635,-0.0662229768865227,0.45777904195140556,-67.75032806396484,-0.24054125519073666,0.58845793416775,0.7719178481330051,0.7719178481330051,39.47357630903327
517,0.3774536494683119,1.011287086193256,0.20034120018751972,0.31989789152848663,-67.73603820800781,-0.2322298049053345,0.5762107923610262,0.7836137061590415,0.7836137061590415,38.407355794197365
518,0.4076865895008441,-2.6711542969842323,-0.36339946353805885,-0.1847949814228752,-67.82037353515625,0.23012272037279813,-0.5756898054943427,-0.7846176020317852,-0.7846176020317852,141.68532494677862
519,0.4520992909960479,-0.7693854199780777,0.3247602654275402,-0.31452271606127724,-67.61946868896484,-0.24304196004861292,0.5762284082832271,0.7803149538123098,0.7803149538123098,38.71057867307241
520,0.45943039966668653,-2.5128222347489073,-0.37156493235035515,-0.2702143467422989,-67.83283233642578,-0.24014663680484527,0.5853311439805008,0.7744140008534196,0.7744140008534196,39.24806595886179
521,0.4547731695432125,-1.190813241726619,0.16867753378638645,-0.422334612993207,-67.80471801757812,0.2414657818897076,-0.5880819170721259,-0.7719157564068541,-0.7719157564068541,140.52623517022116
522,0.4892839001646196,-3.0558695904408752,-0.4874872632145595,-0.041891564352267895,-67.61223602294922,0.24730903353116995,-0.5729536268352705,-0.7813849137462205,-0.7813849137462205,141.3875522726196
523,0.49070520614867813,0.8349602059579233,0.3293648582746622,0.3637449511335221,-67.69672393798828,0.24734117587940932,-0.5755773671907829,-0.7794440564224722,-0.7794440564224722,141.2097018798003
524,0.4105377366502044,0.3989581601223171,0.37829665045237565,0.1594768869472491,-67.71665954589844,-0.22899509225849562,0.5770517738850168,0.7839467443504556,0.7839467443504556,38.376630339113504
525,0.35231260316108814,2.837085071282383,-0.3361043584813552,0.10563157935001734,-67.6460952758789,-0.2434782575870987,0.5617311831774009,0.7906809823996451,0.7906809823996451,37.75080403366302
526,0.37009776308004305,-1.0137588169199498,0.19566102251743742,-0.31414824287950827,-67.7388687133789,-0.24873917231841017,0.5743250292344894,0.7799228070451302,0.7799228070451302,38.74649176843429
527,0.39943691030773026,-1.8620774602660413,-0.11471014347316243,-0.38261132798252623,-67.63567352294922,0.24437711832968395,-0.5886972226732201,-0.7705293012298214,-0.7705293012298214,140.40144345940283
528,0.3642700322520224,-1.9808352610059,-0.14521443977765874,-0.3340739781499753,-67.68598937988281,-0.23459498129418085,0.5774060224003349,0.7820278000476754,0.7820278000476754,38.55338434622603
529,0.35680719139185657,-2.441341326882423,-0.27284341374981536,-0.22993008372610146,-67.65840148925781,0.23630971682661722,-0.568022212083378,-0.7883580939606253,-0.7883580939606253,142.03233648488307
530,0.4007520946811234,-2.0688539483065043,-0.1914473058154123,-0.35206557697015495,-67.7921142578125,-0.24188116601325307,0.5867867480605267,0.7727708676112353,0.7727708676112353,39.39663341888955
531,0.40395519514107725,-2.4284362613418065,-0.30551158014613583,-0.2642772674258552,-67.64307403564453,0.23855964873515212,-0.5778753901382965,-0.7804801903109858,-0.7804801903109858,141.30456222228702
532,0.4665239959640239,-2.533149962279742,-0.3828012054586142,-0.2666606005949743,-67.73939514160156,-0.24621565101866474,0.567355726092184,0.7858023499989459,0.7858023499989459,38.20505316345479
533,0.4816755336700122,-2.3443380822181212,-0.336533945978925,-0.34461024787453004,-67.65975952148438,0.23565338516475126,-0.5768100084181499,-0.7821494078812867,-0.7821494078812867,141.45779662603798
534,0.42549381223638516,-3.0431233526719876,-0.4234326412683392,-0.04183040234052444,-67.6462631225586,-0.24274154728399858,0.5685616903222445,0.7860115428669497,0.7860115428669497,38.185669368053475
535,0.3895782566875313,-1.2653044860174314,0.11717044460114762,-0.3715404486669862,-67.68282318115234,-0.24050054317547692,0.5776365151345522,0.7800612444645043,0.7800612444645043,38.73381677062538
536,0.3840282478136507,-2.365153704788137,-0.2739709130091362,-0.2691052469643858,-67.588134765625,0.23806250081067748,-0.5757667117980564,-0.7821885573779639,-0.7821885573779639,141.46139672563274
537,0.3840242774339823,-2.7245788631591434,-0.35111436669628093,-0.15554210734769477,-67.74402618408203,0.23253091646636648,-0.5780895986344212,-0.7821392387791356,-0.7821392387791356,141.45686154475044
538,0.4168544683431668,3.1240764726814785,-0.4167905210441949,0.007301324905300561,-67.7201919555664,0.2502697601535842,-0.5746889023329806,-0.77916475323771,-0.77916475323771,141.18416448556965
539,0.4418951192690531,-2.5036391356848524,-0.3549815200229478,-0.26317183906339253,-67.72423553466797,0.23233170601875716,-0.5809755358443311,-0.7800573088746788,-0.7800573088746788,141.26582284794426
540,0.4547132676535522,-2.020464592194223,-0.19764876129739467,-0.40951083372455055,-67.60904693603516,0.2657153125320444,-0.5715399374801013,-0.7763616892603858,-0.7763616892603858,140.9286516449226
541,0.44355221750826895,-1.4813869346050657,0.039604917705473794,-0.4417805112836525,-67.6690444946289,0.23716365321150132,-0.5710308515148845,-0.7859244036251583,-0.7859244036251583,141.806255303489
542,0.4352312061824098,-0.7366856910452856,0.3223754485381236,-0.2924042971894204,-67.83426666259766,0.25149888520626,-0.5788008732652549,-0.7757176418307031,-0.7757176418307031,140.87014183271916
543,0.43846813356549824,2.6908485200038004,-0.3946753309834888,0.19101226993438186,-67.73925018310547,-0.2203220082349831,0.5673914943702307,0.7934261810676658,0.7934261810676658,37.49314379274832
544,0.4492329679368148,-1.3381618908348634,0.1035669731040699,-0.4371317210674377,-67.72796630859375,0.23841840353682894,-0.5854184967065694,-0.7748818287769886,-0.7748818287769886,140.79431999247035
545,0.425219393138154,-1.2159104214123881,0.14775667305611456,-0.39872233179014244,-67.69359588623047,0.24891770866645538,-0.57929461652596,-0.7761815004084308,-0.7761815004084308,140.91227460868348
546,0.41684325070076755,-1.372721008185021,0.08202751870765206,-0.40869277193198406,-67.6937484741211,0.25207364280500616,-0.5747558737284996,-0.7785335986440169,-0.7785335986440169,141.12650846838446
547,0.41775485006657,-2.0999729141310355,-0.2108921412239568,-0.360615611869643,-67.73170471191406,0.24098351646654315,-0.5724021290722041,-0.7837619201167069,-0.7837619201167069,141.60631556915547
548,0.42892898411995845,-2.566640212873943,-0.3599649953394492,-0.23324938488332592,-67.68572235107422,0.23580539702301875,-0.5769410110688179,-0.7820069593563133,-0.7820069593563133,141.44469977576506
549,0.43478564020322297,2.917429643560044,-0.42390752235098617,0.0966486700434858,-67.64801788330078,0.23941812792288109,-0.5882872782325459,-0.7723969434763749,-0.7723969434763749,140.56962292279746
550,0.4075675662183964,2.5139838279921607,-0.3298990228965908,0.23932813400238087,-67.68701171875,0.2462304798150778,-0.5809681890660877,-0.7757876733380773,-0.7757876733380773,140.87650042851925
551,0.4257962012502,3.1312675015012594,-0.42577350464812197,0.004396332421061221,-67.68770599365234,0.25076124105162134,-0.5852739345557012,-0.7710857420001616,-0.7710857420001616,140.45148789441816
552,0.4197501791095239,-2.3025198118527994,-0.2804573166073856,-0.31230418893101974,-67.7315444946289,0.23939572396384043,-0.5826983962946557,-0.77662878281935,-0.77662878281935,140.95293790545657
553,0.42380397618525906,-2.1968447952165673,-0.24832676184531502,-0.3434292206290196,-67.57108306884766,0.23363499428719015,-0.5684807855077125,-0.7888246230645687,-0.7888246230645687,142.0758059708239
554,0.4553452182381731,-2.9619161605835216,-0.4480148699361802,-0.08137532849971807,-67.70384979248047,0.24658060161367568,-0.5751875116453167,-0.7799726491070739,-0.7799726491070739,141.25807124850488
555,0.4150967111174066,2.7337010915684345,-0.3810418559452079,0.16465838453695314,-67.760986328125,0.2499584780569042,-0.5665646292624921,-0.7851912379262336,-0.7851912379262336,141.73836889175132
556,0.40103867650354835,2.0502861197761577,-0.18500979483204236,0.3558137094996809,-67.65790557861328,0.24933879998192815,-0.5652878053822795,-0.7863077386810193,-0.7863077386810193,141.84179038325655
557,0.39801079332866646,1.0128910224430558,0.2107110104224096,0.3376587947808877,-67.67253875732422,0.26626867103203006,-0.5739196640359774,-0.7744141101889012,-0.7744141101889012,140.75194394262135
558,0.43441983683772145,0.7160862839950509,0.3277179011340273,0.2851693740821767,-67.78534698486328,0.2669698737685101,-0.561058093983867,-0.7835438096719393,-0.7835438096719393,141.58619833057386
559,0.45377580029948666,3.0451387572784503,-0.45166661778720296,0.04370060999698155,-67.7369155883789,-0.2675678547685053,0.566259302045363,0.7795882541070502,0.7795882541070502,38.77710821814948
560,0.4142566065305807,-0.8666206335588462,0.2681921330245148,-0.3157237967559515,-67.72818756103516,0.2509610572244637,-0.5705014931169597,-0.7820144462272415,-0.7820144462272415,141.44538803213385
561,0.38385453950181475,-1.4852988823627005,0.0327786138221758,-0.3824524414512828,-67.65717315673828,0.24892956553656498,-0.5756083882240565,-0.7789153065692579,-0.7789153065692579,141.1613689030219
562,0.40384426716253696,-1.160207710398184,0.16119407224622123,-0.3702791692665502,-67.6677474975586,0.2427343872449417,-0.5952534248318614,-0.7659982881669921,-0.7659982881669921,139.99588608931447
563,0.4295250838990137,-1.3335277886590842,0.10095925690227088,-0.4174913485860468,-67.6446304321289,0.24974152672979943,-0.570643434894629,-0.7823012463484436,-0.7823012463484436,141.4717609353125
564,0.4652223109911781,-1.7601096913756566,-0.08754766130162916,-0.45691050069415967,-67.69340515136719,0.24454964149754532,-0.5796191701632847,-0.777326887752281,-0.777326887752281,141.01647515991175
565,0.45635415504954946,-2.949827479158649,-0.4479888806028364,-0.08697745505132809,-67.71009826660156,0.24808607761801513,-0.5833598199743704,-0.7733980983501177,-0.7733980983501177,140.66002353882766
566,0.4027646819244429,2.5232963689864265,-0.3281997260137123,0.2334616217930088,-67.56588745117188,0.2463599445684077,-0.5860074082984253,-0.7719469509827821,-0.7719469509827821,140.52904671807505
567,0.3825031782399926,2.440768574254219,-0.2923514024061569,0.2466563173219953,-67.76781463623047,0.25148666241179574,-0.5700754213214807,-0.7821562968065346,-0.7821562968065346,141.45843009551052
568,0.4462119187659676,-3.092929579741203,-0.4456836869676892,-0.021705474417605102,-67.79300689697266,0.23700033402862541,-0.580231269587443,-0.7792063368988115,-0.7792063368988115,141.18796568788392
569,0.474431374591496,-1.7549183594293702,-0.0868605455599023,-0.46641223699835804,-67.7489013671875,0.2514535753270946,-0.5550124648669961,-0.7929263921055237,-0.7929263921055237,142.45983457421147
570,0.42487665130006386,-0.8231234761722939,0.288888151773706,-0.3115506452966006,-67.62092590332031,0.24774889306666611,-0.5596304728953009,-0.7908439920687415,-0.7908439920687415,142.26445395322625
571,0.3990987527597644,-2.5249894796351193,-0.3256036928725132,-0.23078572235340228,-67.79802703857422,-0.2687107193163479,0.5629054177340195,0.7816214173179878,0.7816214173179878,38.59072849473077
572,0.4174944428354169,-1.2892764337829892,0.1159866487580614,-0.4010594807610578,-67.71185302734375,-0.24687668592755435,0.5717135150178245,0.7824292675324662,0.7824292675324662,38.51646186581312
573,0.4177225928149588,3.0235499579115457,-0.4148156809999849,0.04919466784693904,-67.66510772705078,0.2666275757569043,-0.5581132943760455,-0.7857603238180928,-0.7857603238180928,141.79105369883797
574,0.43056092416469693,-2.353915572308141,-0.3037579368503694,-0.30514558036774003,-67.7737045288086,0.2585476026733807,-0.5767409849020683,-0.7749341736470524,-0.7749341736470524,140.799064911511
575,0.4354425263449508,-0.6590652670522824,0.3442456150999031,-0.2666554897881582,-67.84968566894531,0.24504542724208192,-0.5679080274337123,-0.7857691842800247,-0.7857691842800247,141.79187446872004
576,0.4800229954435412,-2.2448683908217353,-0.299617201955539,-0.3750354762511458,-67.74363708496094,-0.25989018808293174,0.5741615315803958,0.7763991407719825,0.7763991407719825,39.06794373169747
577,0.4620689535215154,2.611441053076866,-0.3986409430273974,0.23365169879693928,-67.83070373535156,0.2620862927811875,-0.5570427306691482,-0.7880445237071777,-0.7880445237071777,142.00314288327982
578,0.42916285112200553,-2.3420797526882753,-0.2991505618897848,-0.307716905782238,-67.71440124511719,0.2597410058118403,-0.5504250871819931,-0.7934524770271683,-0.7934524770271683,142.5093316021547
579,0.3943583218633489,0.07522259303090335,0.3932431217137154,0.029636687529626164,-67.65958404541016,0.25962054528326356,-0.5603777907444467,-0.7864946942651261,-0.7864946942651261,141.8591313055927
580,0.38045940447534404,0.9734802544616028,0.21397999518404523,0.31458213572097415,-67.61297607421875,0.2580327832561533,-0.5715645606402586,-0.7789307002456581,-0.7789307002456581,141.16277532172037
581,0.4139909694162564,-1.7382718775322827,-0.06900970876669953,-0.4081987051108162,-67.81520080566406,-0.2506180645609717,0.5639658342855549,0.7868501277081364,0.7868501277081364,38.10788229008333
582,0.47400411398219605,3.0688192073936444,-0.47274951098083845,0.034464473584037696,-67.56651306152344,0.2753688131459564,-0.5657576220563526,-0.7772324811996272,-0.7772324811996272,141.00787776315926
583,0.4720013751340341,-2.1408999150805617,-0.2547482314512659,-0.3973520312026496,-67.62208557128906,0.26422457841272645,-0.5605925654760059,-0.7848065670569068,-0.7848065670569068,141.7027916187125
584,0.4695704761608136,-0.984312412573401,0.25987717370299707,-0.39110137646144316,-67.73548126220703,0.23774482323423554,-0.5749428450247621,-0.7828908761635651,-0.7828908761635651,141.52602870662298
585,0.47944540560826543,1.1589243353071321,0.19193420778138906,0.43935083571356126,-67.86843872070312,0.2549683530165556,-0.5677381937720686,-0.7827288689530075,-0.7827288689530075,141.51111160567984
586,0.395870133606697,3.0359251223911365,-0.39366212008640233,0.04175281895708444,-67.74026489257812,0.2638472813823862,-0.569990916550875,-0.7781355711934892,-0.7781355711934892,141.09018561217465
587,0.37001915773970206,-1.528076953698358,0.015802179077975445,-0.3696815768073737,-67.65790557861328,0.2510957297973649,-0.5789803248255546,-0.775714327534579,-0.775714327534579,140.8698409286727
588,0.3905789180422983,-2.760906607418425,-0.3626173531794501,-0.1451225220020046,-67.81431579589844,-0.26524988083927786,0.5714546120098558,0.7765836253278935,0.7765836253278935,39.05116906236654
589,0.38596675322305424,2.3007589686215186,-0.2573787629865033,0.28762216005913627,-67.66645050048828,0.2564213784958313,-0.5584392828752202,-0.7889192886424489,-0.7889192886424489,142.08463173126668
590,0.4728335858845509,-2.766962385263417,-0.440039257819982,-0.17302326871748314,-67.75289916992188,0.2546732447395487,-0.5748496639472941,-0.7776177738924909,-0.7776177738924909,141.04297554891352
591,0.4821884341230073,-1.1094607621492738,0.21464350371460592,-0.4317798655740165,-67.75057220458984,0.26410840020554704,-0.5897065732583718,-0.7632122315560301,-0.7632122315560301,139.74820538542295
592,0.4408365718924017,-0.23385036940359705,0.4288376096557467,-0.1021527662992544,-67.70083618164062,0.2479133773130775,-0.5762051820710066,-0.7787981416925325,-0.7787981416925325,141.15066572567207
593,0.40624517382602343,-0.2546318361230178,0.39314624415297755,-0.10232874457034707,-67.87662506103516,0.24840510843129884,-0.5795701001459952,-0.7761400654018551,-0.7761400654018551,140.90850947138668
594,0.40098403041578634,0.08899241067797879,0.3993972516387183,0.03563745265765476,-67.74172973632812,0.24371983501480984,-0.57245505398343,-0.7828766526019167,-0.7828766526019167,141.52471885130834
595,0.37739978036579014,-1.4866903369770257,0.03170417295850239,-0.37606573845162233,-67.63655853271484,0.2519437192949911,-0.5719687891782521,-0.7806254329150255,-0.7806254329150255,141.31787516994427
596,0.37205602832602763,-2.3676068155285104,-0.2660685361570975,-0.2600638811541448,-67.707275390625,0.24672949565978236,-0.5774302034961648,-0.7782666098849721,-0.7782666098849721,141.1021406800215
597,0.3694266902493953,2.908243638170035,-0.35941427970459544,0.08542514274526848,-67.5580062866211,0.2521242761784962,-0.5835401586712209,-0.7719548125243056,-0.7719548125243056,140.52975530038668
598,0.42233774033812543,-3.0565115802259792,-0.42081005531692955,-0.03588961211933848,-67.66535186767578,0.24105753744849867,-0.5786766551707485,-0.7791178295993876,-0.7791178295993876,141.17987552722917
599,0.45023552103753084,2.7717485662816834,-0.419792267599081,0.16274666346183095,-67.72962951660156,0.24512689532710705,-0.5938042852154333,-0.7663610611500834,-0.7663610611500834,140.0282304839716
600,0.4568628543509805,-3.0946301592835974,-0.456359146936484,-0.021447533497581557,-67.76262664794922,0.2522250847558098,-0.5947430068250968,-0.7633238254191779,-0.7633238254191779,139.7581017417366
601,0.43610807905717536,2.444991087393171,-0.33450671408582416,0.2798133571694607,-67.8380126953125,0.24001903172365147,-0.5757310121018244,-0.7816167002531675,-0.7816167002531675,141.40883821425263
602,0.40597738249112286,-0.8802268106209516,0.2585979774979496,-0.3129612134567372,-67.71782684326172,-0.2370772622525383,0.5853036252201204,0.7753799314059052,0.7753799314059052,39.16050882825598
603,0.4206414317938819,1.5379360903170638,0.013819889499513275,0.42041434894140833,-67.73600769042969,0.24072557555293372,-0.5773913014336595,-0.7801733668252551,-0.7801733668252551,141.27645144625086
604,0.3635514930038717,-1.33136144153038,0.08621757119899337,-0.353180150181024,-67.7818603515625,-0.23971844246265156,0.5725715864161601,0.7840260498045726,0.7840260498045726,38.369310705028425
605,0.4268582657866362,2.0684839534254227,-0.20377998476634507,0.37507558822056486,-67.75899505615234,0.2501730920841909,-0.5630579202490599,-0.787641544385413,-0.787641544385413,141.96565317176996
606,0.48050911768658633,1.3784494125585132,0.09185558967308949,0.47164771050621107,-67.72015380859375,0.2512709524632808,-0.5659496789868125,-0.7852158106552107,-0.7852158106552107,141.7406425154102
607,0.4906183226864509,1.2909629699966045,0.13550656871068892,0.4715339949483195,-67.6722640991211,0.24975879123871536,-0.5873441912720748,-0.7698359222444274,-0.7698359222444274,140.33915710036592
608,0.4374301584277012,-2.345136719090358,-0.3058707135778456,-0.3127111288033467,-67.6921157836914,-0.25516234953160555,0.5720543676533609,0.7795165013200326,0.7795165013200326,38.78367198749454
609,0.4395366889532494,0.26129243656867024,0.4246174559114963,0.11354522038040167,-67.80817413330078,0.24092663158361677,-0.5675351807200717,-0.7873107244530636,-0.7873107244530636,141.93489996895963
610,0.36408060040124857,3.0615694309187376,-0.36291548794112216,0.029103817636022874,-67.76260375976562,-0.24807833156171588,0.5710638558997597,0.782523618745437,0.782523618745437,38.5077801598055
611,0.3817076704613734,0.012589741479086716,0.38167742022449674,0.004805473943468413,-67.56011199951172,0.24966522387947235,-0.5763963071168399,-0.7780967633445616,-0.7780967633445616,141.08664564439732
612,0.41209895933459006,2.849105445062849,-0.3945969885699004,0.1188224258977153,-67.62398529052734,-0.2498800249798655,0.5715989043623996,0.7815591248573369,0.7815591248573369,38.596450104230456
613,0.42628133190260903,-0.7996268998862622,0.2971071356715965,-0.3056846804497763,-67.5998306274414,0.2610230232802438,-0.5838875895564019,-0.7687276917606495,-0.7687276917606495,140.23977376017484
614,0.44625871543816187,2.8896129248069817,-0.4321661912190369,0.11126196237595844,-67.68561553955078,-0.2467617898464211,0.5643129592917135,0.7878194609472526,0.7878194609472526,38.01779887831
615,0.46346353124473066,1.1547772821166373,0.18729593212774304,0.4239323986229825,-67.75731658935547,0.25141823787375683,-0.5704254647185358,-0.7819230517545172,-0.7819230517545172,141.4369869902242
616,0.4679121368654742,2.112986741589723,-0.24144897688428923,0.4008043904294765,-67.650390625,0.26731270808466495,-0.5674491024320183,-0.7788102671675173,-0.7788102671675173,141.15177328980934
617,0.37339875235962106,-2.0551771717437575,-0.1738770568771542,-0.3304442424304901,-67.79617309570312,-0.25841854537628,0.5880678795327591,0.7664176566777751,0.7664176566777751,39.96672156403293
618,0.36533195188304984,-0.7471256994500685,0.26802398847368103,-0.24825506373353018,-67.56912231445312,0.2626541079545871,-0.5824616566350783,-0.7692536890548529,-0.7692536890548529,140.28691800605773
619,0.4460145633009053,-2.4005037138534413,-0.3290400463545762,-0.30110071167547187,-67.768798828125,0.2562906575972981,-0.5956580516106688,-0.7612532984360243,-0.7612532984360243,139.57481082983304
620,0.42121821841879986,1.0143472805637688,0.22247663411460433,0.35767154597611517,-67.90745544433594,0.26179950667299895,-0.5916924692159324,-0.7624703536393578,-0.7624703536393578,139.682465483064
621,0.4148811244309495,-1.9082284872010025,-0.13735268275845539,-0.39148510565300454,-67.7166748046875,0.25996425830977377,-0.5675081632508754,-0.781250964188248,-0.781250964188248,141.37525562799564
622,0.4506237593717461,1.1886879520975941,0.16802751336283392,0.4181250139174025,-67.72212982177734,0.26404320155197,-0.5952000016777242,-0.7589585928870053,-0.7589585928870053,139.37247555522836
623,0.3886233467902851,-2.033898983054435,-0.17360819541076034,-0.34768994831128125,-67.72180938720703,0.2518020270586585,-0.5858572075158018,-0.7703032335197207,-0.7703032335197207,140.381126770622
624,0.47621394039175746,-1.3460813103787954,0.10611406314041623,-0.4642408024153802,-67.73298645019531,-0.25261867895415197,0.5829306676053184,0.7722536110687195,0.7722536110687195,39.44330527266347
625,0.5246850818171079,1.9476841207769549,-0.19309905422958437,0.4878598060273723,-67.71047973632812,-0.2729537089003617,0.5871645129662374,0.7620591233694783,0.7620591233694783,40.35393652722373
626,0.4162604169888239,2.5288553315035323,-0.3405330008325245,0.2393950920459845,-67.73160552978516,0.2589990204921486,-0.5899980315497495,-0.7647364448955787,-0.7647364448955787,139.88355068346243
627,0.33041648588535116,-1.5433357075279877,0.009072301002813902,-0.33029191255514995,-67.62052917480469,-0.23715578317715938,0.6024236148516108,0.7621305155777102,0.7621305155777102,40.3476188583137
628,0.4447380840403517,-2.076778913676128,-0.21554993594826893,-0.38901181024305687,-67.84561157226562,-0.2569568590499053,0.60923952670644,0.7502002210648303,0.7502002210648303,41.3922753668774
629,0.4628780216123118,-2.70372999864631,-0.41921009774738666,-0.19626246925572471,-67.73554992675781,-0.2571529768100617,0.601434317857721,0.7564053859014634,0.7564053859014634,40.851678734506116
630,0.4430872451352481,-0.6777751036749535,0.3451515793269681,-0.27784293060944176,-67.62478637695312,0.25852285303848904,-0.60228405528565,-0.7552614455971601,-0.7552614455971601,139.04821955436577
631,0.4005827327988301,-0.02881084941511243,0.4004164894368405,-0.011539532211296158,-67.74131774902344,-0.25869189132572973,0.5901175160015619,0.7647482086742428,0.7647482086742428,40.11540325573853
632,0.3865452697075661,-1.291823625536073,0.10644227972650616,-0.3716009776896708,-67.79881286621094,-0.2468367972214568,0.5888485373437061,0.7696291286104182,0.7696291286104182,39.679403400530646
633,0.4127096245701458,-2.6077832574043605,-0.355291413770401,-0.20999344159725658,-67.70160675048828,-0.2388831527384152,0.5914687951310961,0.770129536976686,0.770129536976686,39.63447741500389
634,0.4413384556484092,-2.940514605940103,-0.43244629490265923,-0.08814666448076806,-67.83418273925781,-0.25266188018764485,0.5910335233241019,0.7660557085533288,0.7660557085533288,39.99899582914502
635,0.43673281755945215,2.9681984397755588,-0.43018394329487103,0.07534805149897959,-67.65870666503906,-0.23747266495636896,0.5908301756383769,0.771055404594018,0.771055404594018,39.55124191504158
636,0.4674927983278605,-0.8634971580453419,0.30376896117399066,-0.3553504393070145,-67.72479248046875,0.24822411041557343,-0.6068813786686319,-0.7550362794155377,-0.7550362794155377,139.0285398864936
637,0.38195642879238356,-0.48441632357833986,0.33801116264639947,-0.17787402121237506,-67.82035827636719,0.24478601950242485,-0.594370289242114,-0.7660311768605794,-0.7660311768605794,139.99881750790274
638,0.3633475664035232,2.944151577888109,-0.35628835842240336,0.07127453727686875,-67.73099517822266,-0.2381093572261327,0.5995212133187182,0.7641192634544755,0.7641192634544755,40.17129868804404
639,0.42808446645930254,2.9170767905078723,-0.41734040545291406,0.0953063292764076,-67.6645278930664,-0.2500870829241571,0.591413030187366,0.7666075127984877,0.7666075127984877,39.949783758710254
640,0.43943904788243904,-2.8572469173638133,-0.42179354797957186,-0.12327562486813505,-67.75751495361328,-0.2499782645816168,0.588413849417403,0.7689473382817299,0.7689473382817299,39.74054536834686
641,0.4400035830887712,-1.9399939592146518,-0.1587828814380496,-0.4103549069929437,-67.89816284179688,-0.23119043026332586,0.6036737143085245,0.7629738079433713,0.7629738079433713,40.272931712914016
642,0.43487078366943066,2.8296127396329664,-0.4138785767518494,0.1334807933566784,-67.73754119873047,0.2582661466728721,-0.5970025310203857,-0.7595304967135947,-0.7595304967135947,139.42282498207467
643,0.4198261403804426,-2.925758000142336,-0.410085327032478,-0.08991113779396107,-67.7063980102539,0.23642701798719318,-0.5910726547901463,-0.7711908855303026,-0.7711908855303026,140.4609501005218
644,0.45513283220404915,-2.379987624133145,-0.3293929835219685,-0.31407985824719054,-67.80651092529297,0.24774198408630452,-0.5691465676177117,-0.7840255696659127,-0.7840255696659127,141.63064497618976
645,0.41615479800528393,-1.0605621372983196,0.20324235487459863,-0.3631492270236113,-67.60090637207031,0.24279194765667766,-0.6013288499472328,-0.7612198659876236,-0.7612198659876236,139.57185691429413
646,0.43038479688437675,-1.2195029669001929,0.14810077435009306,-0.40410052465458274,-67.73117065429688,0.25976484302123387,-0.5864961310267097,-0.7671665494668379,-0.7671665494668379,140.100124841663
647,0.4060266429457387,-1.3004183824173576,0.10844795800053905,-0.39127570227053415,-67.78477478027344,0.2495606134481376,-0.5885235894100707,-0.7689990149039698,-0.7689990149039698,140.2640861663815
648,0.4229421691653387,1.8589120965732282,-0.12017739601611735,0.40550890488997565,-67.78355407714844,-0.2460820132392625,0.5943751352418976,0.7656120697626754,0.7656120697626754,40.038524776125264
649,0.4305405866021546,-1.4974078133538824,0.03156837859314232,-0.42938168822706846,-67.7465591430664,0.2591642802200704,-0.5921618782210843,-0.763006019530443,-0.763006019530443,139.72992342063867
650,0.3558995384830981,-1.3273593794609129,0.08578590139233307,-0.34540593598661146,-67.76529693603516,0.23735273626032213,-0.590324994674495,-0.7714791502382261,-0.7714791502382261,140.48690168881305
651,0.3906184484983619,-1.2883779691573218,0.10885716405109504,-0.3751438259414919,-67.70203399658203,0.250453867166398,-0.5955740367449672,-0.7632590826034766,-0.7632590826034766,139.75235997960948
652,0.3908036353351576,-1.24756368170102,0.12413230808995084,-0.37056531337867604,-67.76532745361328,0.24215321022676206,-0.5855898575184353,-0.7735931369579311,-0.7735931369579311,140.67765506335866
653,0.4398260438603218,2.6475042719297837,-0.38722346111767647,0.20857837859631814,-67.78787231445312,-0.2353715491461966,0.5848951335348602,0.7762073927886527,0.7762073927886527,39.08537243467083
654,0.48438981203748344,-2.377481971056641,-0.34972845484701093,-0.33514697951202066,-67.67730712890625,-0.23730780038370278,0.5844792154529922,0.7759310888091182,0.7759310888091182,39.11047528108351
655,0.3973077747500577,-0.9751078710363532,0.22292095567070744,-0.3288764439720502,-67.78471374511719,-0.2460806829116588,0.5753325425344172,0.7800235656687653,0.7800235656687653,38.737266896904806
656,0.4193810028045727,-2.504882705015589,-0.33720590257106137,-0.2493443498148792,-67.69074249267578,0.24376406741242407,-0.5747498489091813,-0.7811796788303089,-0.7811796788303089,141.36871293857777
657,0.40293077439670255,1.9314161260536096,-0.1421758296468824,0.3770135838668775,-67.68828582763672,-0.24227720565820302,0.5817998364747482,0.7764088522784945,0.7764088522784945,39.06706084220336
658,0.3767476420477037,-0.024293815948475333,0.37663647126552907,-0.009151737603044255,-67.798095703125,0.24675761997749554,-0.5849505250682553,-0.7726212268669652,-0.7726212268669652,140.58985979989126
659,0.3977761634550325,-2.4510233081592596,-0.30663907333591905,-0.2533739428526414,-67.75276947021484,-0.25763009613275406,0.5740934636434252,0.7772023086484775,0.7772023086484775,38.99486964857101
660,0.4301964930149793,-2.950542817731969,-0.4223692498635623,-0.08168989761334519,-67.77120208740234,-0.25051278730912,0.5817020580222244,0.7738643673715209,0.7738643673715209,39.29781464295262
661,0.4484830923262769,-0.8325769438143673,0.30181652490116656,-0.33172860805050164,-67.83104705810547,0.24410539207891743,-0.5859807858242245,-0.7726830373463769,-0.7726830373463769,140.59543842971007
662,0.405007054809841,-1.6466847246222494,-0.030705843940926448,-0.40384138667751357,-67.83615112304688,0.24939239212882644,-0.5863762691304497,-0.7706920952941687,-0.7706920952941687,140.41607914539233
663,0.43229409127735546,2.977204266864538,-0.4264661745763823,0.07074449304010255,-67.66986846923828,0.2755531571327011,-0.5731340085766808,-0.7717433937566465,-0.7717433937566465,140.51070324990474
664,0.455022485252099,2.947858954953858,-0.4465100382386309,0.0876027844142697,-67.72667694091797,-0.24810894580201412,0.584131605421792,0.7728080088614334,0.7728080088614334,39.39328039756497
665,0.46555290800831944,0.0765265741722583,0.4641903605610807,0.03559240533002282,-67.77798461914062,-0.26814543969334154,0.5771045445609568,0.7713937825901601,0.7713937825901601,39.52078518389735
666,0.4776567185730131,-2.9271317499450227,-0.4667142083680613,-0.10165524337343602,-67.78762817382812,-0.25211788546129693,0.5712126494916521,0.7811227053998953,0.7811227053998953,38.636515506100345
667,0.4448940234220806,0.18860046166641134,0.43700497955367507,0.08341067031248968,-67.7438735961914,-0.2632098961046481,0.5782569345957239,0.7722301911894777,0.7722301911894777,39.44541734539373
668,0.440406271937897,-3.0531293242218496,-0.4386841384263037,-0.03890900995153308,-67.75616455078125,-0.2611846533824222,0.5787386791343658,0.7725568704705911,0.7725568704705911,39.41594790623774
669,0.4059673649812324,-2.677398951033319,-0.3630090502223518,-0.18175238894295523,-67.70059204101562,0.26430258430902404,-0.5856946327348236,-0.7662283870447449,-0.7662283870447449,140.016398898103
670,0.3997837920946301,-1.123631672308769,0.1728707935848329,-0.36047575389603187,-67.6182861328125,-0.27196580554508093,0.564632659476768,0.7792461488300134,0.7792461488300134,38.808394771539255
671,0.42502531104896185,-2.732855952256164,-0.3900132787495628,-0.1689264852865962,-67.77413177490234,-0.28582868505714815,0.5711907857527042,0.7694433371403707,0.7694433371403707,39.6960727001792
672,0.41611238562282327,2.555713460519655,-0.3467157725785647,0.23008192131057617,-67.74578857421875,-0.25715296201090704,0.5698044381586477,0.7805096132551634,0.7805096132551634,38.69274118046221
673,0.44789482848216955,1.4817418045388666,0.039834358769827716,0.44611994042238096,-67.68976593017578,-0.2833618437021753,0.5667580179689242,0.773622268682618,0.773622268682618,39.31971085504942
674,0.45457073916132534,-2.8819786986094567,-0.439337687665032,-0.11669170107088375,-67.71004486083984,0.26196398809699845,-0.5849883051468453,-0.7675699002577794,-0.7675699002577794,140.13616673064402
675,0.44241386871427296,1.4508568472045256,0.052935758142746855,0.43923551397921207,-67.74182891845703,0.2622576470953536,-0.5748012230959046,-0.7751286863917894,-0.7751286863917894,140.81670118222075
676,0.452399138065395,-1.2748992856743073,0.13191869467293607,-0.43273830211584113,-67.72607421875,0.26786111789320716,-0.5813329956049456,-0.7683113755125468,-0.7683113755125468,140.20249307124166
677,0.4604754865433321,-2.2581272886289283,-0.2921608438854454,-0.3559209392652571,-67.68229675292969,0.256191314427944,-0.5667959232754829,-0.78301238289696,-0.78301238289696,141.53721986228012
678,0.4492780891910341,-0.37346311640869906,0.41830909935490296,-0.16391552343825375,-67.64679718017578,-0.27374336632342294,0.5676762970468208,0.7764072328135089,0.7764072328135089,39.06720807167062
679,0.47484157580868336,-1.509179000579198,0.0292399575455433,-0.4739404466799689,-67.7325210571289,-0.2409429546136565,0.5567731295696408,0.7949529387399419,0.7949529387399419,37.34918918191724
680,0.4574707741926466,-2.927269803414851,-0.44700413492030283,-0.09729754675515266,-67.71003723144531,-0.2781494781838349,0.552014943705425,0.7860740230486928,0.7860740230486928,38.17987834200311
681,0.4217920514585954,2.8381589788613724,-0.402522962047993,0.12603094738103168,-67.72257232666016,-0.25460139348000144,0.5591055214769832,0.78903684723338,0.78903684723338,37.90440574106207
682,0.43376375622301744,-1.4345173725975784,0.05893006731979158,-0.42974206610289634,-67.7752914428711,0.257169662359291,-0.5782164801714034,-0.7742928818090746,-0.7742928818090746,140.74096671779472
683,0.40054284591650224,-2.758118385251008,-0.3714515616867507,-0.14986096468181725,-67.76480102539062,0.25518083303814465,-0.582985336144487,-0.7713694577117105,-0.7713694577117105,140.47702472756137
684,0.4089847312363283,-0.8719591317586285,0.26311128403224854,-0.313114935126629,-67.64867401123047,-0.2578175655587202,0.5648597371914977,0.7838772736783018,0.7838772736783018,38.38304128489687
685,0.40481548720887384,-1.5878760707546777,-0.006913808714364854,-0.404756442732193,-67.76791381835938,-0.2502203153674715,0.5647549802705031,0.7864105836247799,0.7864105836247799,38.14867113940303
686,0.46452050245672355,-2.4462287727165886,-0.356668423420745,-0.2976019706541055,-67.75584411621094,-0.25859127968725976,0.572955634781547,0.7777225666275733,0.7777225666275733,38.94747387979848
687,0.45241754401890455,2.559904146171251,-0.3780111973004341,0.24857427230425466,-67.84535217285156,-0.2659657454684036,0.5627035112230261,0.7827049129108071,0.7827049129108071,38.49109377481342
688,0.41176049068171877,1.72225031255056,-0.06212462470412907,0.4070469661990136,-67.67058563232422,-0.2763568521646739,0.5711029492292697,0.7729607439212309,0.7729607439212309,39.37948933700693
689,0.40187277096634594,-1.1290221163174856,0.17181829750106695,-0.3632907880582771,-67.68785095214844,0.2807929620119771,-0.5680900824544829,-0.7735819094972421,-0.7735819094972421,140.67663991928097
690,0.42505633158585604,-1.3625195081649755,0.08789071119887054,-0.4158703017843206,-67.71920776367188,0.2701117428810578,-0.5714348615501862,-0.7749205413220616,-0.7749205413220616,140.7978291322094
691,0.44980051679025784,-1.0320712494362636,0.23076658457163657,-0.38609233137932786,-67.63124084472656,0.257513488325162,-0.584438849682981,-0.7694920625398554,-0.7694920625398554,140.30829840070447
692,0.4387670810992013,-1.537153605866455,0.014758534062500855,-0.4385187990595604,-67.68758392333984,0.2631569349142699,-0.5789456170411826,-0.7717320779359448,-0.7717320779359448,140.50968373891416
693,0.43949953822926485,-1.4211900921699625,0.0655068687020653,-0.4345902601952642,-67.80290222167969,0.2659934569742629,-0.5814453589569398,-0.7688750063529939,-0.7688750063529939,140.2529726142571
694,0.42312389939656925,-0.7466929177368524,0.310547173512482,-0.2873922185167275,-67.76302337646484,0.2627565481911394,-0.5716485232803334,-0.7772882105204553,-0.7772882105204553,141.01295271689565
695,0.4703852029681289,-3.1014208638469856,-0.4700057066098855,-0.018891133515754634,-67.74745178222656,-0.28061500409258,0.5644893428447362,0.7762776573448699,0.7762776573448699,39.078986579959114
696,0.3977195190763969,-1.5825528604657952,-0.004675695206478205,-0.39769203377575535,-67.62553405761719,-0.25179295171145916,0.5712448402217227,0.7812039695165978,0.7812039695165978,38.62905772660655
697,0.36305916155731277,0.8370196517186855,0.24313315217802878,0.26962608386926223,-67.73783874511719,-0.25626191366328077,0.5731916931988904,0.7783194167264635,0.7783194167264635,38.89304071334241
698,0.3979563701183998,2.5191927006760446,-0.3233322510464152,0.23200329297462724,-67.78555297851562,-0.27430279337709035,0.5725401859030624,0.77262909152556,0.77262909152556,39.409430421594685
699,0.44914413852920687,-2.9533131510178534,-0.44120673430968377,-0.08406589543285362,-67.7761001586914,-0.28863405686670185,0.582213817232294,0.760077267283051,0.760077267283051,40.528989925094265
700,0.48234523534780127,-2.6792075774882123,-0.4316946927027259,-0.21516648985152134,-67.78160858154297,-0.2723874876206728,0.5672271187837947,0.7772119738552236,0.7772119738552236,38.99398958484089
701,0.4159662109445733,-2.0032696326643005,-0.17433879138092936,-0.3776690012000218,-67.75615692138672,-0.2640726154241789,0.582851667501385,0.7684722424875793,0.7684722424875793,39.78310491142438
702,0.38372144021701615,-2.0899050744074295,-0.1903666986422207,-0.33317062254989266,-67.78474426269531,-0.26347936214805223,0.5805155708385663,0.7704416251319948,0.7704416251319948,39.60643701867597
703,0.3484667740906131,-1.695953559839065,-0.0434993646141379,-0.3457410850958918,-67.66683197021484,-0.25586874941230076,0.5720971063216442,0.7792535428296664,0.7792535428296664,38.80771879272957
704,0.47360664196826546,-2.1601884220302994,-0.2632569928630292,-0.3936991326192779,-67.67798614501953,-0.26212270690958284,0.5747090012866997,0.7752427041658871,0.7752427041658871,39.17295784658501
705,0.47506832999992443,-1.7554500090940357,-0.08722545008950346,-0.46699211880459035,-67.68818664550781,-0.23873791689094348,0.5694371511167919,0.7866037998678654,0.7866037998678654,38.130745598605166
706,0.4239124767636686,-2.0324956852066767,-0.18884036714204344,-0.3795274742275796,-67.75287628173828,-0.26918949634035866,0.5636601056293566,0.7809124793355058,0.7809124793355058,38.65580276393642
707,0.3554232511504205,-1.7202800497979187,-0.0529323434422019,-0.35145960575299645,-67.79987335205078,-0.2629165977994938,0.5594846248347685,0.786035506306832,0.786035506306832,38.18344838527917
708,0.3837651668311538,-2.1061579385244755,-0.1957786016651053,-0.330070359776517,-67.77119445800781,-0.2569189432737149,0.5740144901424056,0.777495994647993,0.777495994647993,38.96812066123195
709,0.4625187848178841,-0.791139864393856,0.3251669642684472,-0.32892259219739617,-67.71461486816406,-0.2535509947536634,0.57361031746016,0.7788986434464258,0.7788986434464258,38.84015344829888
710,0.46301435224648874,-0.34867904290755936,0.435152392498556,-0.15819192675044538,-67.68997955322266,-0.26396869174185933,0.5748929178247771,0.774479607746392,0.774479607746392,39.242124184988114
711,0.4324801642983904,-2.771647442427462,-0.4032216515109744,-0.15636940961813822,-67.53858947753906,0.2698992606992705,-0.5712434997243563,-0.775135635290145,-0.775135635290145,140.817331354902
712,0.4109794203321667,-0.7778803027362984,0.2927828401605726,-0.28841340545139776,-67.75286865234375,0.2636028057348075,-0.5587019841351042,-0.7863622916520319,-0.7863622916520319,141.8468497120862
713,0.3914759160529113,-1.8424166421608832,-0.10503012997705247,-0.37712340771486136,-67.76985168457031,-0.26465437946412784,0.5651200551812604,0.7814073090663964,0.7814073090663964,38.610391501993654
714,0.3717612046521566,-2.4123519091646903,-0.2772150854265184,-0.24770585317345808,-67.7267837524414,0.2739682929070783,-0.5608789126506497,-0.7812529806825741,-0.7812529806825741,141.3754407188179
715,0.4228249645898752,-1.7267057446810248,-0.06565564769527184,-0.4176964048278888,-67.81794738769531,-0.2602083444776958,0.5731197760100427,0.7770619922569726,0.7770619922569726,39.00764425331723
716,0.5131072305400519,-2.729135140832538,-0.47007727153191337,-0.2056851691824031,-67.6377944946289,-0.27227880132948756,0.5531427043075994,0.7873356355569417,0.7873356355569417,38.06278501511792
717,0.43280283499496075,3.041284981391169,-0.43062730922413456,0.043340679852268325,-67.81720733642578,-0.2703407563964726,0.5575324339649395,0.7849034720958455,0.7849034720958455,38.28824850704875
718,0.3930626354192066,2.2929008316456247,-0.25980079788634836,0.29496064276494405,-67.83765411376953,-0.2627135523304566,0.5638800403255961,0.7829565055252536,0.7829565055252536,38.467926962621945
719,0.4682082473357488,-1.9840805681810365,-0.1880414306176621,-0.4287882732124057,-67.83068084716797,0.27799273643363065,-0.5554495587547209,-0.7837064668415897,-0.7837064668415897,141.6012000368004
720,0.45691414868582425,2.9689786562985923,-0.4501240197016315,0.07847869874645451,-67.76375579833984,0.2854827564123572,-0.55719078862471,-0.7797679275675402,-0.7797679275675402,141.23933197831124
721,0.40205816189422033,2.095173877255581,-0.20130018358874127,0.34803592003254225,-67.80213165283203,0.27419930383686386,-0.5589813327092834,-0.7825309012799001,-0.7825309012799001,141.49289000972362
722,0.402576245728768,-1.1574788216448917,0.16169462105476912,-0.3686766647714824,-67.79632568359375,-0.2823625938048305,0.5452251954425477,0.7893040300634757,0.7893040300634757,37.879480487275025
723,0.462639647301459,1.0197377122142053,0.24223322958357968,0.3941554334786306,-67.74503326416016,0.2788209836640233,-0.5681438830287875,-0.7742553759875341,-0.7742553759875341,140.7375710883822
724,0.41588599701541235,-2.8959581289635064,-0.4034024392543072,-0.10113176809083557,-67.87834930419922,-0.28754084006131536,0.5483143275162142,0.7852844475330419,0.7852844475330419,38.253006162147884
725,0.4298436498727324,-0.7467255898045992,0.31546952213597657,-0.2919666829266839,-67.68348693847656,0.2743949167787535,-0.5633518518497795,-0.7793215771832608,-0.7793215771832608,141.19850155150544
726,0.42428823412176747,-2.5133928017723233,-0.3432859868749653,-0.24934962769061617,-67.78292083740234,0.2799654904721113,-0.5654399706275031,-0.7758201877764453,-0.7758201877764453,140.87945291138365
727,0.4164000295525788,-1.525681392440664,0.018779487990645626,-0.4159763400028873,-67.67333984375,-0.2690538144472927,0.5639623356068322,0.7807410127233285,0.7807410127233285,38.67152801524716
728,0.43045074645578973,0.48913740961345925,0.3799754409433831,0.2022535769874742,-67.68821716308594,0.27904324182351253,-0.5652844172121632,-0.7762656741410958,-0.7762656741410958,140.91992428836693
729,0.48167217405017326,0.1270166981599552,0.47779192822556915,0.061016035406382736,-67.83235168457031,0.2637752794383135,-0.5677290154189669,-0.77981175100703,-0.77981175100703,141.24334273258245
730,0.4093432633883796,-0.6948237110581162,0.3144438157999062,-0.2620820367492648,-67.83798217773438,0.26920971229499036,-0.5685522301264847,-0.7773509454707374,-0.7773509454707374,141.01866629819358
731,0.4394679293983976,-2.057739018849947,-0.2056385272935057,-0.38838750889063506,-67.70803833007812,0.2802213786666881,-0.5535257395627683,-0.7842736987682497,-0.7842736987682497,141.6535540916709
732,0.4394665198307437,2.0895069046661736,-0.21787024700666513,0.3816587186497908,-67.82195281982422,0.2852261756265656,-0.5586929827103478,-0.778786350552999,-0.778786350552999,141.14958872586786
733,0.45164069414527264,0.4687613711536922,0.4029215630746605,0.20404296267574654,-67.67909240722656,0.2791701631191225,-0.5818341355754911,-0.7638933555825471,-0.7638933555825471,139.8086402580255
734,0.4580842732366869,-0.6483711523404967,0.36512454386035514,-0.27663200982090125,-67.71656036376953,0.28331075892699387,-0.5775530703694359,-0.7656157422513257,-0.7656157422513257,139.96180231540873
735,0.41865978178469687,-2.0741433135810823,-0.2019447763100911,-0.3667346727609448,-67.6928482055664,0.2753886628177059,-0.5683695532216472,-0.7753174416728293,-0.7753174416728293,140.83382179927594
736,0.44985863461115877,1.9747755382199121,-0.17683058775387506,0.41364687158110497,-67.72431945800781,0.2560466976240103,-0.5646260423573956,-0.7846257202817553,-0.7846257202817553,141.68607520534093
737,0.42541435385641857,3.0133989499892904,-0.4219235881645623,0.05438619509962915,-67.85250854492188,-0.2734143579874647,0.573562116433894,0.772185915073679,0.772185915073679,39.449410035572015
738,0.39518751352940057,-2.0140813785387177,-0.16949960670239902,-0.35699167242007507,-67.5942153930664,0.2869993552438537,-0.5645417629229506,-0.7739017818854401,-0.7739017818854401,140.70557016248003
739,0.39170387674920404,-0.08636639573539161,0.3902438947763027,-0.033788010450122676,-67.84093475341797,-0.2791958544949925,0.5778344632487918,0.7669139507889993,0.7669139507889993,39.92243261094184
740,0.446995176707704,-1.714735511538859,-0.06411817967774928,-0.4423726336865374,-67.66140747070312,-0.2641292464585557,0.5756906390400081,0.7738320420394486,0.7738320420394486,39.30073884503084
741,0.4337130321686241,-1.3543245882689268,0.09315507552694449,-0.42359075317630723,-67.65471649169922,0.26997986975880467,-0.5676388119522583,-0.7777512771384227,-0.7777512771384227,141.05514307453495
742,0.38198468329758134,-1.4557391008452687,0.04385319240367206,-0.3794590831564848,-67.811767578125,-0.2774620982516052,0.5705801578559746,0.7729508829769637,0.7729508829769637,39.380379843288935
743,0.418077097460786,-1.2267319266272931,0.14102411900774722,-0.39357420809718247,-67.7623519897461,0.2961863014151688,-0.5657146152486373,-0.7695717308659986,-0.7695717308659986,140.3154462224756
744,0.40235336922449627,-1.5325428574115145,0.01538765878501568,-0.40205901766210855,-67.5720443725586,-0.29341546753865294,0.5753234333370233,0.763485632125696,0.763485632125696,40.2275453428369
745,0.428931346926074,-2.247534082457261,-0.2686195644414848,-0.33440339408427516,-67.9041519165039,0.2811183868870431,-0.5722632188789838,-0.7703812438476753,-0.7703812438476753,140.38813656951268
746,0.4230167493405176,-0.7550098999640377,0.30806819093267973,-0.289891634853585,-67.8079833984375,0.26288438223647026,-0.5903586244416915,-0.7631307202068748,-0.7631307202068748,139.74097807954584
747,0.43395743047885965,-2.065131587206589,-0.20588962583974604,-0.38200590759749214,-67.67552185058594,-0.2710314889420019,0.5736649796001595,0.7729491724442367,0.7729491724442367,39.38053431360894
748,0.4310054189926029,-3.057535244655678,-0.42948364904583297,-0.03618655003264303,-67.79512023925781,0.27481579995131744,-0.5847285479128252,-0.7632619480577271,-0.7632619480577271,139.75261409005705
749,0.43704472150607954,-0.8748898769905853,0.28018123251911264,-0.3354199838119332,-67.8419418334961,0.27029177563226775,-0.5779514960304648,-0.7700093663467371,-0.7700093663467371,140.35472995017224
750,0.39198976222483806,-2.058122059329195,-0.18355493471501158,-0.3463575603777878,-67.7149658203125,-0.2652761278882575,0.597718759501839,0.7565453459722,0.7565453459722,40.839417496901305
751,0.38633023584553566,0.01339068389398009,0.38629559984560297,0.0051730714660614754,-67.80315399169922,-0.27366300282280176,0.5967107577645069,0.754350603137636,0.754350603137636,41.03134078320935
752,0.39456458449424303,-1.2893031150532501,0.10960625343811266,-0.3790351969730184,-67.63433074951172,0.2702912701338764,-0.5847380344969721,-0.7648686555886793,-0.7648686555886793,139.89530845054858
753,0.4139968735822784,2.7812787874550042,-0.3874125655419194,0.14596203409150266,-67.72882843017578,-0.2825742721604342,0.5877666590247809,0.7580779216227366,0.7580779216227366,40.704956544125885
754,0.4962127221308698,-0.8631499483735079,0.32256162629986507,-0.37706904254169954,-67.7751235961914,0.272142241027114,-0.5865557042318165,-0.7628178068725573,-0.7628178068725573,139.71324321902222
755,0.3701455146017004,2.8145852814653605,-0.35053070648600476,0.11889459949964093,-67.76361083984375,-0.2695431580958565,0.5810493204867988,0.7679376101517242,0.7679376101517242,39.83095244137726
756,0.37454897614351396,-2.9054030210246644,-0.3641502439377767,-0.08764436873075389,-67.62989044189453,-0.26131948012620454,0.5666612868200339,0.7814135366923417,0.7814135366923417,38.609819696356844
757,0.4462750749001057,0.6146799719856479,0.364588014044396,0.2573655425503932,-67.6905746459961,0.2868550931411583,-0.5594815381432429,-0.7776210928311093,-0.7776210928311093,141.04327799922908
758,0.4896236346592446,-1.3254628076790147,0.11891972504592778,-0.47496252758710383,-67.7815933227539,-0.2759899706793053,0.5747269922596607,0.7704014670628557,0.7704014670628557,39.61004605746134
759,0.3635336958648483,2.9889789231626103,-0.3593083836887656,0.055265119561282314,-67.77980041503906,0.27415738642447374,-0.585674191810599,-0.7627735368481943,-0.7627735368481943,139.70932065445038
760,0.3570820334442744,-2.3814632878808224,-0.25879409030865874,-0.24603495164307795,-67.66600799560547,0.2829741324603755,-0.586434155075392,-0.75896022433281,-0.75896022433281,139.37261911153718
761,0.47993212288045195,-2.749143784113308,-0.44344540593889153,-0.18355112237256654,-67.74994659423828,0.27972215085061464,-0.5803519740830935,-0.7648183473880333,-0.7648183473880333,139.89083410187098
762,0.4369644676290617,2.9966256348992224,-0.4323810035159946,0.06312379716755612,-67.85362243652344,0.29522867889108884,-0.5801136211723485,-0.759149664882049,-0.759149664882049,139.38929146360863
763,0.37392991993596153,3.0468137401320132,-0.37225166265232684,0.0353876345054717,-67.694580078125,0.2819956171138061,-0.5624469636862686,-0.7772592134987536,-0.7772592134987536,141.0103120529972
764,0.3941600925553955,-2.744494319301335,-0.3634893435288266,-0.15243908850508342,-67.71322631835938,0.28227951482142627,-0.575160644995228,-0.7677945740631759,-0.7677945740631759,140.15625450299652
765,0.43793433209186966,-1.977205594370379,-0.1731214104689393,-0.40226291957126376,-67.81880950927734,0.2758160276547207,-0.5666610867387616,-0.7764153087522271,-0.7764153087522271,140.93352613602693
766,0.4723398437889953,-1.893116249050312,-0.14962208363927104,-0.44801580342445,-67.68820190429688,0.2687756991650345,-0.5690458811132721,-0.7771398900625078,-0.7771398900625078,140.99944723989358
767,0.3270851249457856,-2.684259152706417,-0.29347159989794874,-0.14442679465438008,-67.70525360107422,0.26660677220833945,-0.5826232982768592,-0.7677700966550107,-0.7677700966550107,140.15406560239356
768,0.42812830316583705,-2.4378740016347566,-0.3264226928350495,-0.27702359028424606,-67.6810531616211,0.2732834270823276,-0.5856449138464909,-0.7631095618375349,-0.7631095618375349,139.73910222221357
769,0.46728041600655484,2.8548646285454353,-0.4482034000259329,0.13215407443000965,-67.74606323242188,0.29542245462407724,-0.5690454193217791,-0.7674065963052349,-0.7674065963052349,140.12157124286998
770,0.46167326812938664,2.622722937786414,-0.4009079438357589,0.22894328353252147,-67.77201843261719,0.2876660672094399,-0.5652668476587314,-0.7731245855062524,-0.7731245855062524,140.63530907364714
771,0.36771964311904576,-1.2768512664276779,0.10653952988159877,-0.3519475309022729,-67.6811294555664,-0.2714140534900901,0.5730221635079426,0.7732916731070854,0.7732916731070854,39.34959453089309
772,0.4077756441815416,-2.4166424484200397,-0.30523329862742243,-0.27039528360660064,-67.72925567626953,-0.28911265590366636,0.573302943718774,0.7666404678333362,0.7666404678333362,39.94684310259074
773,0.41534990372489305,2.590057428870752,-0.35376226664992827,0.21764145105880678,-67.66162109375,-0.28326475969014675,0.5800697624237072,0.7637277961678411,0.7637277961678411,40.2060564587957
774,0.45979391240697903,-2.023648966414874,-0.2011747394866353,-0.4134479000781128,-67.66307830810547,0.2701481053917687,-0.5774267156459122,-0.770453366020042,-0.770453366020042,140.39461819651768
775,0.468063126117283,2.854952154434111,-0.4489657400636765,0.1323361412455375,-67.69879913330078,0.27980628542960445,-0.5740869415691182,-0.7695015439581019,-0.7695015439581019,140.309149014789
776,0.39035035731326634,-0.922714371613054,0.235638260057358,-0.3112041321250983,-67.74887084960938,-0.2614178468285923,0.5774051327315659,0.7734752885870017,0.7734752885870017,39.33299924184042
777,0.4214080756864171,-1.4841419992002143,0.03647114994712636,-0.41982689465452694,-67.70857238769531,-0.2715421315771127,0.5887833759023494,0.7613140002913324,0.7613140002913324,40.41982541601892
778,0.37905796553391763,1.6003167270818912,-0.01118831769187556,0.37889281173168005,-67.75753784179688,0.2586266632987307,-0.5849668476311343,-0.7687171366656649,-0.7687171366656649,140.23882820219106
779,0.4170841065594973,1.750379503669705,-0.07449934167642143,0.41037665629798425,-67.62445068359375,0.28149915020140365,-0.5817222780406519,-0.7631234629252872,-0.7631234629252872,139.74033465577563
780,0.4162037605450192,2.6601263740003214,-0.36888841521638444,0.19273532995006393,-67.61035919189453,0.2918304658145554,-0.5697956319258117,-0.7682238717071507,-0.7682238717071507,140.19466089919072
781,0.4755467354873887,2.4342173616654046,-0.3614488715252712,0.30902978967377953,-67.79771423339844,0.2899369960525504,-0.5692602756704438,-0.7693369072543146,-0.7693369072543146,140.29438099098553
782,0.4286204658935097,2.6102252436741575,-0.3695201298609743,0.21718742461362264,-67.72413635253906,0.2820769429943022,-0.5634916736825633,-0.7764726214886222,-0.7764726214886222,140.93873694103695
783,0.37770017044076576,0.50997683553349,0.3296400203721736,0.18437699346723405,-67.64466857910156,-0.26777179910422955,0.5792476629971074,0.7699158450875483,0.7699158450875483,39.653667582743566
784,0.3595181958000449,-2.1198374905004593,-0.18762160169481676,-0.30667811739475476,-67.82147216796875,0.25327272741368445,-0.5904137080149064,-0.7663318986813237,-0.7663318986813237,140.02562958905128
785,0.4445927192522216,-1.6031096205305888,-0.01436375517542718,-0.4443606289370663,-67.73807525634766,0.27276861550554277,-0.577797578640779,-0.7692510906797874,-0.7692510906797874,140.28668500334834
786,0.45226675737762095,-2.178556606874889,-0.2582579962722908,-0.37127890754834064,-67.77727508544922,0.266690247067099,-0.5886794607194574,-0.7631073349446581,-0.7631073349446581,139.7389047947077
787,0.4663137164009914,-2.763476655181251,-0.43337415567305054,-0.17214913098350157,-67.73553466796875,0.2917909824565923,-0.575495665564131,-0.7639782467282132,-0.7639782467282132,139.81617777976197
788,0.3840177813622155,2.8303848485351804,-0.36557126603391615,0.11758956523738841,-67.7574691772461,0.2808782422069501,-0.5623194153397442,-0.7777559309878017,-0.7777559309878017,141.05556728542027
789,0.37835479639636393,-1.0472720008681278,0.18915300313232744,-0.3276789486100011,-67.7893295288086,-0.26138758811195667,0.5641483936363919,0.7832069450269787,0.7832069450269787,38.444854615072515
790,0.39622216148297357,1.2512536198849642,0.12446623791217795,0.3761650659886278,-67.73406219482422,0.26076640581315225,-0.5778055128461579,-0.7733961927265217,-0.7733961927265217,140.65985130277508
791,0.44162854293471476,-0.007919629874298768,0.44161469341734233,-0.0034974980408751894,-67.77648162841797,0.2620515437382872,-0.579001730881187,-0.7720660490275234,-0.7720660490275234,140.53978249254072
792,0.49366631154248963,-0.4895864073884585,0.4356740614644701,-0.23215197461796347,-67.70164489746094,0.277887759136123,-0.5913866872175987,-0.7569941740225602,-0.7569941740225602,139.1999226936031
793,0.4328537768465917,-1.335427611901416,0.10094217176989417,-0.42091931541417316,-67.78045654296875,0.29242696015159975,-0.5760147654149682,-0.7633436074275031,-0.7633436074275031,139.75985625865937
794,0.36305001564847844,-0.8392144135860067,0.24253469211985654,-0.2701522477801857,-67.69893646240234,0.28183390189096513,-0.5701351923115617,-0.77169651692409,-0.77169651692409,140.50647997473453
795,0.40178187922786035,2.679832232399236,-0.3597030917785452,0.17900381068800308,-67.71704864501953,-0.28414572990889064,0.5673448381347412,0.7729042882636944,0.7729042882636944,39.38458741560464
796,0.44541954298879366,-1.207199066285164,0.15840838777563998,-0.4162995939929179,-67.73530578613281,0.28902166994908995,-0.5665819519056398,-0.7716549527312287,-0.7716549527312287,140.50273564720223
797,0.44965712193456175,-1.1727358089583757,0.17430114309331485,-0.4145004690260761,-67.78601837158203,0.2815796088072456,-0.5744090423776783,-0.7686138015536262,-0.7686138015536262,140.229572114313
798,0.4488246804168314,-0.47075702959998417,0.4000038585805503,-0.20356941536473971,-67.7801284790039,0.2875840442440481,-0.5820620401367832,-0.7605913481811657,-0.7605913481811657,139.51635760583724
799,0.3881839933571955,0.2504172516449802,0.3760761882128068,0.09619518365315745,-67.71601104736328,0.2835394951892254,-0.5823662392066736,-0.7618759204096917,-0.7618759204096917,139.62985515035604
800,0.37939558112392247,-2.222987292379182,-0.23026623528843612,-0.30152689409478783,-67.72132110595703,-0.2894100804027428,0.5830536934080424,0.7591377977445982,0.7591377977445982,40.61175310979893
801,0.4190563299339163,1.8185894800262783,-0.10277989991380139,0.406256692045057,-67.84363555908203,0.28462464656766256,-0.5855341075434829,-0.7590379565407058,-0.7590379565407058,139.37945951139008
802,0.45996403419294035,2.821586307424064,-0.43661323406892577,0.14469207506604428,-67.76988220214844,0.27445165839378444,-0.5800872834525755,-0.7669257009525192,-0.7669257009525192,140.0786164614406
803,0.42415091383735337,-2.4827210709730085,-0.33536916305796377,-0.2596758020664669,-67.59528350830078,0.2713501651162606,-0.5659769582978899,-0.7784851768449076,-0.7784851768449076,141.12208810663876
804,0.46389634938511964,-0.7540118706371233,0.33815647445931846,-0.3175689244149769,-67.70537567138672,0.2960009486099663,-0.5742638673009295,-0.7632852999597075,-0.7632852999597075,139.75468500237432
805,0.4377589367964445,-2.182350822840289,-0.2513353130348822,-0.358417978297422,-67.67546081542969,-0.3086812154121161,0.570511235334643,0.7610734771417531,0.7610734771417531,40.441075130849995
806,0.4440947977290998,-3.0506721597535447,-0.44226049899892295,-0.04032171121460199,-67.67623138427734,0.3150304836703262,-0.5526118507298516,-0.7716060761757703,-0.7716060761757703,140.49833296222292
807,0.4199701936096618,-1.8259767697915716,-0.10600888155911586,-0.4063706196947832,-67.721923828125,0.3107229091736387,-0.5585863556508449,-0.7690465245974255,-0.7690465245974255,140.2683446361172
808,0.4351327983299515,-0.33431613647070646,0.41104163702053914,-0.14277718591543112,-67.7899169921875,0.30245082282794444,-0.5620610447418026,-0.7698122379869345,-0.7698122379869345,140.3370309821277
809,0.403081635386841,-2.417950436895434,-0.3020690252516191,-0.2668878205719904,-67.67538452148438,-0.31810886028665386,0.5608192093221158,0.7643877075558208,0.7643877075558208,40.14744951185948
810,0.4271172696940593,-1.4007443876923562,0.0722825672153178,-0.42095652097059955,-67.54080963134766,-0.3036743723902395,0.5639072641141533,0.7679781722371313,0.7679781722371313,39.8273239712857
811,0.4265544362188476,3.099174485309058,-0.426170743843646,0.018088232355107085,-67.72807312011719,0.31530979097003736,-0.5600204533570199,-0.766131077257821,-0.766131077257821,140.00772287637452
812,0.4532279488187206,-3.0999669515445705,-0.4528353516884758,-0.018860483864398103,-67.73968505859375,0.3088648200548392,-0.5629937063778299,-0.7665772038819351,-0.7665772038819351,140.04751186365536
813,0.48231924913440777,3.0741965182826325,-0.4812242590390823,0.032481850283891396,-67.61145782470703,0.31757182450353205,-0.5317842221573441,-0.7850819558148096,-0.7850819558148096,141.72825880781383
814,0.450450647954979,1.8358983481204976,-0.11802155030744199,0.434714503905826,-67.74459838867188,0.2902146059838171,-0.5546322769440908,-0.7798451896661743,-0.7798451896661743,141.24640329916804
815,0.4096551543243987,2.793166744430262,-0.3850395091245304,0.13986394059116022,-67.66053771972656,-0.265458643691193,0.5678368780197233,0.779161721628088,0.779161721628088,38.81611262451126
816,0.45096574742643913,-1.7884451209117938,-0.0973790569489683,-0.44032649774867794,-67.69496154785156,0.27884508129849334,-0.5527225489564854,-0.7853299972054311,-0.7853299972054311,141.751209275718
817,0.4310157176087415,2.0875384551938554,-0.21294342843133723,0.3747394362936551,-67.77103424072266,0.29207606011360066,-0.5550885655317984,-0.7788249222542681,-0.7788249222542681,141.15311194901693
818,0.39219066257557095,2.978742054470297,-0.3870016352137969,0.06358655638822276,-67.72421264648438,-0.26842072725579297,0.5690496408945349,0.7772598145905089,0.7772598145905089,38.98963320906924
819,0.4131146227282658,-1.3903666096971985,0.07413438215904758,-0.40640839668222123,-67.71736145019531,0.28238281091058454,-0.5564575227591901,-0.7814185648338172,-0.7814185648338172,141.39064198071475
820,0.48010749536385483,3.0856308186217642,-0.4793559087449973,0.026853674903292987,-67.69702911376953,0.29256779576748326,-0.5464436433956236,-0.7847314378003936,-0.7847314378003936,141.69584636191175
821,0.4703959577283522,0.836131041166022,0.31532466966727035,0.3490597509687998,-67.78033447265625,0.2915153981502928,-0.5415019530305534,-0.7885394140468647,-0.7885394140468647,142.04922620740413
822,0.43943570552941746,-1.986674551826549,-0.17752914798497757,-0.4019790304355002,-67.72208404541016,0.28011882073194133,-0.5545543887301824,-0.7835833562626509,-0.7835833562626509,141.58984521681114
823,0.42761109136580255,2.7795718028898677,-0.3998946315981344,0.15144480538481708,-67.72367095947266,0.2682038026392542,-0.5552429447429348,-0.7872559892201764,-0.7872559892201764,141.92981378384582
824,0.38966611881045293,2.8313606768647164,-0.37106454069695227,0.11895709640942768,-67.67852783203125,0.2735429151913652,-0.5619589679612084,-0.7806256413138011,-0.7806256413138011,141.3178942745668
825,0.4130623065382844,-2.152319206435977,-0.2268939406333113,-0.34516605972577175,-67.7406005859375,0.2806798468483113,-0.54851725260982,-0.7876215126331833,-0.7876215126331833,141.963790409002
826,0.4402399196449865,0.0792264280484137,0.438858987309178,0.034842159907027485,-67.78607940673828,0.2849508574764602,-0.552539767070179,-0.7832642048692525,-0.7832642048692525,141.56042223089034
827,0.4805384872200828,2.485889788368363,-0.3808842117036891,0.2929922438813442,-67.70111083984375,0.3028874467386406,-0.5543140765187543,-0.7752387368941956,-0.7752387368941956,140.82668229875205
828,0.4908021922534215,-1.6836447021107566,-0.05526874980723727,-0.48768038428412264,-67.64161682128906,0.2816544796109723,-0.5623334015596827,-0.7774650471920839,-0.7774650471920839,141.02905990989325
829,0.44745112819846455,-2.6481774880644284,-0.39407935940500083,-0.21192916414930474,-67.69762420654297,-0.28028482505905733,0.5742182627262001,0.7692293569497451,0.7692293569497451,39.71526386922619
830,0.461136500417798,-1.8456227511596108,-0.12514316782476312,-0.4438311160389242,-67.78328704833984,0.2495240470306512,-0.5676444679261684,-0.7845492387264565,-0.7845492387264565,141.6790075566673
831,0.46894653961359983,2.35923322820726,-0.33260137683896285,0.33058611758571443,-67.64006042480469,0.25825151991110584,-0.5620211285917294,-0.7857724883705731,-0.7857724883705731,141.79218053988305
832,0.4607471726678745,-1.7659582453321816,-0.08935057156886236,-0.45200047840877094,-67.71524047851562,-0.2671841398305846,0.5732985763169832,0.7745588278600347,0.7745588278600347,39.23494850644083
833,0.3791270147575535,-3.031430535068558,-0.3768288559065433,-0.04168101096590419,-67.63787078857422,-0.26585456944383024,0.5810306562772413,0.7692364554360864,0.7692364554360864,39.714627353791926
834,0.44141755916587394,-1.8717835067540827,-0.13086404073925456,-0.4215733202912069,-67.6826171875,0.2690673789903801,-0.5708611683706282,-0.7757063052533275,-0.7757063052533275,140.86911259597412
835,0.41469521346934823,-1.2541138298457806,0.12914261842174005,-0.3940739831320575,-67.75403594970703,-0.2680552043961225,0.5888004888300368,0.7625355019601795,0.7625355019601795,40.31176510158007
836,0.41844314036866553,0.9330265505782047,0.2491431817668727,0.33618794847625005,-67.7859115600586,-0.2760698837318257,0.5743701238158258,0.7706389428027169,0.7706389428027169,39.58869992377308
837,0.4147146750612416,-2.7166483582061556,-0.3778306567566007,-0.17097443237521506,-67.74287414550781,-0.2640884076542769,0.5703768768447245,0.7777708732676267,0.7777708732676267,38.94307065932203
838,0.37596268086767465,-1.190662713585971,0.1394989029737527,-0.34912461023870617,-67.86568450927734,-0.25984229425309113,0.5878747143160975,0.7660843963853179,0.7660843963853179,39.99643857738273
839,0.40472181665347395,-3.0059753303913377,-0.4010056838719021,-0.05471919569690588,-67.77232360839844,0.25124319187481853,-0.5969165911724316,-0.7619497632519072,-0.7619497632519072,139.63638752135222
840,0.46702883267272177,-1.3466037368458799,0.10382949090419245,-0.4553409353069646,-67.77731323242188,0.2732510780781482,-0.5825250959190155,-0.7655052977959537,-0.7655052977959537,139.95196651122532
841,0.42023823658417303,-2.5300624668490443,-0.3440786561287112,-0.24126759808153994,-67.77178955078125,-0.26515753386430413,0.5692761271269089,0.7782134497156856,0.7782134497156856,38.902709660391764
842,0.44947845616400944,0.34086663103800835,0.42361784860392193,0.15026244008322914,-67.74699401855469,0.25057051971677485,-0.5818962062927173,-0.7736996961037331,-0.7736996961037331,140.68729082737923
843,0.4435624708275079,-0.9432630988654801,0.2604375928854171,-0.3590542100277527,-67.76849365234375,0.2511751339390549,-0.6029314723570968,-0.7572216925920714,-0.7572216925920714,139.21987686080902
844,0.4383482027578911,2.8485887190670964,-0.4196660529299528,0.12660786262814508,-67.75403594970703,0.24211803097825776,-0.598337685732265,-0.7637871908508082,-0.7637871908508082,139.79921549681504
845,0.41026396838195395,-1.7292399654454613,-0.06473207741160626,-0.4051250200943984,-67.72625732421875,-0.23608663777059544,0.6011074984480458,0.7635004091522862,0.7635004091522862,40.226234348444734
846,0.41684176433262177,-2.0860537992737402,-0.20540249307344413,-0.3627214803828782,-67.60218048095703,-0.24399967389873906,0.5804061819926205,0.7769123650979294,0.7769123650979294,39.02126265077538
847,0.4141468614658075,2.433343011946315,-0.3145452272674958,0.2694047565749687,-67.69482421875,0.24225229921661953,-0.5976508660941133,-0.7642821898887987,-0.7642821898887987,139.84317465853715
848,0.40169818559548554,-2.9736092283427698,-0.3960438544413025,-0.06716172771736534,-67.77267456054688,0.2539299091694809,-0.6054850577090746,-0.7542595349879364,-0.7542595349879364,138.96071157125135
849,0.45144513118108076,2.9507837946358393,-0.4432519228761601,0.08561798487286322,-67.6891098022461,0.2561071555233615,-0.5920758215211371,-0.7641042772160116,-0.7641042772160116,139.82737024749818
850,0.3691620611368966,-1.71001610011559,-0.05122879616718682,-0.3655902594792462,-67.82447814941406,-0.24392926662567238,0.5955875490956497,0.7653587291236044,0.7653587291236044,40.06108329077863
851,0.4006050835490923,-2.913940586267211,-0.3902690664138773,-0.09041287942442607,-67.80413055419922,-0.23761619483974994,0.5894662188713704,0.7720544804347474,0.7720544804347474,39.46126043443975
852,0.384578110276241,-1.3322897422336264,0.09085725185891586,-0.37369142710034187,-67.73661041259766,0.23420864813665068,-0.585078950344394,-0.7764205889863461,-0.7764205889863461,140.93400618414023
853,0.4334650618137692,-2.985117853119997,-0.42816932228865884,-0.06754991683255682,-67.5696792602539,0.24229149004313436,-0.6018190424216795,-0.760991901422959,-0.760991901422959,139.5517199255392
854,0.45230791651999186,-1.482584949833218,0.03984698064252394,-0.45054929750287065,-67.78663635253906,-0.22113197281043295,0.6081704076657871,0.7623840277974062,0.7623840277974062,40.32517832015335
855,0.4582936406475635,-2.797471803125993,-0.43142499097294396,-0.15461415918987914,-67.86341094970703,-0.24642426728384598,0.5871457413052495,0.7710609307705382,0.7710609307705382,39.55074467236452
856,0.4653057609800169,-1.6561144214100287,-0.039650855788915314,-0.46361326645858536,-67.73043060302734,0.2604330892037787,-0.5780105385927995,-0.7733553021240874,-0.7733553021240874,140.6561556380297
857,0.47463036936572606,-1.0405393171213322,0.2400467177092204,-0.4094527577648921,-67.62809753417969,-0.23964713503815976,0.5892480505576914,0.7715931477028309,0.7715931477028309,39.50283153553374
858,0.4840393231870528,-1.2440803118216102,0.15534491708289194,-0.4584343171359334,-67.7392807006836,0.2518462581406982,-0.5916753788323208,-0.7658287722096623,-0.7658287722096623,139.98077971114543
859,0.45345892109904995,2.342162284610751,-0.3161131176170465,0.325111503940949,-67.75746154785156,0.22935247346755563,-0.583898214675184,-0.7787556213687623,-0.7787556213687623,141.14678204778332
860,0.4559902384176526,-2.6725496991062716,-0.4067438912051137,-0.20612254728561433,-67.73560333251953,-0.24769431180672247,0.5701494268702055,0.7833116614337938,0.7833116614337938,38.43520389130021
861,0.42442973003125417,-0.8132836028044236,0.29163264883429657,-0.30836827636495806,-67.66708374023438,0.22812950317118116,-0.6025877279313817,-0.7647515674579328,-0.7647515674579328,139.8848954187765
862,0.4103577248331028,-2.214395359858665,-0.2462467809039877,-0.32826206790402085,-67.6607666015625,0.24855417187590814,-0.5786394530486938,-0.7767864616602108,-0.7767864616602108,140.96728127294207
863,0.3725309178251586,-2.569919985113935,-0.31329744849397645,-0.20155394687978515,-67.74351501464844,0.24165937348954442,-0.5732629438288238,-0.7829242264979106,-0.7829242264979106,141.52910010431847
864,0.41448364037467356,-2.4866085146024663,-0.32870939688204404,-0.2524813271109065,-67.71196746826172,0.24915347660963788,-0.580808798781371,-0.7749733442844803,-0.7749733442844803,140.80261593764408
865,0.3812235247726636,-2.3421958812440136,-0.26576590562299757,-0.27331274988277,-67.66567993164062,0.2439000343961788,-0.5718072758895159,-0.7832938225604451,-0.7832938225604451,141.5631519232221
866,0.4871706071127878,-2.7888862707249533,-0.4571809988660723,-0.16828765465851214,-67.6406021118164,0.2516731810008653,-0.5719383888328979,-0.7807349674147653,-0.7807349674147653,141.32791766622123
867,0.43472910359434935,2.2661786339928023,-0.278521818309762,0.33378884079215476,-67.67465209960938,0.24917019724426626,-0.5734361927068728,-0.7804390723811179,-0.7804390723811179,141.3007940511899
868,0.4953507021189186,1.7775481646417743,-0.10168658419329246,0.48480115169500787,-67.68622589111328,0.24212972462688562,-0.5671459011627186,-0.7872221562217597,-0.7872221562217597,141.92667019413446
869,0.4270615258909872,-2.139040006435379,-0.22982425744156657,-0.3599477150750799,-67.77729034423828,-0.24990418469860942,0.5794999500937058,0.7757110971950292,0.7757110971950292,39.13045235110987
870,0.3822322032365502,-2.255271862961431,-0.24167272043121008,-0.29613468792163744,-67.6908187866211,-0.24865451104392047,0.5670081182476033,0.7852851252754128,0.7852851252754128,38.252943442716955
871,0.41142437292266737,-2.9115193183001726,-0.40058320640290085,-0.09382488679865805,-67.77238464355469,-0.2569255753893971,0.5701645075153977,0.7803215254499593,0.7803215254499593,38.70997659831296
872,0.3498848728159653,2.5581952135985158,-0.29201249697397075,0.19273849080158054,-67.73967742919922,-0.25043774440226924,0.5764569612415104,0.777803515044068,0.777803515044068,38.94009507685976
873,0.43556395532037007,-0.8529882290499881,0.2864857472833923,-0.32808821340883554,-67.71385955810547,0.24150488693944186,-0.5859986739768142,-0.7734862272088515,-0.7734862272088515,140.66798958318944
874,0.5148083188801107,-0.6486842577127085,0.4102401332389753,-0.31101549522207655,-67.70604705810547,0.2502839754818976,-0.5801850301634871,-0.7750762945614905,-0.7750762945614905,140.81195021357732
875,0.3339015758085945,-0.7769247172616843,0.2380961836681971,-0.23409500133514752,-67.76665496826172,0.2418969825800881,-0.5710910516764868,-0.7844366516894102,-0.7844366516894102,141.6686054126495
876,0.4403813847115672,2.8906006687192605,-0.4265827051827081,0.1093753154943112,-67.71697235107422,-0.23272409566037855,0.57515888537838,0.7842396010591142,0.7842396010591142,38.349594747384344
877,0.48175136094016896,3.0094769434362525,-0.4775530936225624,0.06346192984163884,-67.61656188964844,-0.2473709820486722,0.572332370378082,0.7818204749542451,0.7818204749542451,38.572440098962744
878,0.43846122909967694,2.4523893130342085,-0.3383837135021068,0.2788273872131708,-67.72529602050781,-0.23946373971620233,0.576178304543964,0.7814574068584763,0.7814574068584763,38.60579144071313
879,0.3463390492502459,-1.408114309348932,0.05609493961078837,-0.3417661404902865,-67.75442504882812,0.2463200703649778,-0.551034918457651,-0.7972997814973752,-0.7972997814973752,142.87301863276147
880,0.4227271665764533,0.6051355597818697,0.34766138524228923,0.2404783120640385,-67.81462860107422,-0.23228060962159605,0.5619766283062814,0.7938689990365687,0.7938689990365687,37.4514400920821
881,0.5187488241320832,1.6240652733526528,-0.027620136669669546,0.5180130023356246,-67.74595642089844,0.2231139147254716,-0.5850645266275103,-0.7796920422436042,-0.7796920422436042,141.23238772304646
882,0.32892705367963365,0.13543206049457995,0.3259150974503159,0.04441121363254678,-67.8514404296875,0.24854583801437108,-0.5635803563741759,-0.7877830591697761,-0.7877830591697761,141.97881490923
883,0.3747835328212434,-1.0011686752102138,0.20212770430382643,-0.31560590556394363,-67.79930114746094,0.2552169528114396,-0.5633292175978046,-0.7858272708415565,-0.7858272708415565,141.79725556271742
884,0.5346019976540429,2.5036108666553707,-0.42944545923231525,0.3183958125359679,-67.67701721191406,0.2404583952781693,-0.5645670679301965,-0.789584565419657,-0.789584565419657,142.1467054222382
885,0.4286759747265274,-1.736025303663359,-0.0705078499921457,-0.4228377163844581,-67.76361083984375,0.23510890809025375,-0.559663702514067,-0.7946699575451777,-0.7946699575451777,142.62409341431723
886,0.39138520533749344,1.9179152227492873,-0.1331453163781339,0.36804171459718876,-67.7780990600586,0.24532440735643712,-0.5693369915642693,-0.7846472616352905,-0.7846472616352905,141.68806603763542
887,0.45753135859506044,1.7194634955941235,-0.06776960668732075,0.45248450195259465,-67.82150268554688,-0.2711391240902245,0.5584500383282119,0.7839752101175168,0.7839752101175168,38.374003177761715
888,0.451192000698123,2.72189912601557,-0.41203479070833243,0.18385198595586527,-67.7262191772461,0.27113490814845886,-0.5459646903178753,-0.7927221571959707,-0.7927221571959707,142.4406339951683
889,0.3488640114181455,-1.4981998398614038,0.025304061517993755,-0.3479451148291258,-67.76325988769531,-0.23712120213373694,0.5519744269948076,0.7994359057750693,0.7994359057750693,36.9237309642618
890,0.48396243130282784,-3.096015140850657,-0.4834598483949367,-0.022050167856257078,-67.75141143798828,-0.22686908943457978,0.5627345425723468,0.7948963774323143,0.7948963774323143,37.35453066971456
891,0.4164115853338413,-2.7761562712923467,-0.38891505633594425,-0.1488075514060101,-67.77513122558594,0.23354923246635736,-0.575858938993858,-0.7834802093194464,-0.7834802093194464,141.5803338813213
892,0.3474321269693595,-2.092326477385437,-0.17309327391016477,-0.30124375740837156,-67.72705841064453,-0.24066078820812117,0.5722928767454661,0.7839408448635934,0.7839408448635934,38.377174795272474
893,0.4237959739904119,2.929673986732607,-0.41431529768376507,0.08913956290949042,-67.85077667236328,-0.23717179027264682,0.5629332142672474,0.7917422169959191,0.7917422169959191,37.651376256528074
894,0.47867119710253836,-1.7312060601450394,-0.07645465274499401,-0.4725259791897367,-67.75717163085938,0.24061025381304987,-0.5715416721067818,-0.7845041891573326,-0.7845041891573326,141.67484504915566
895,0.46007843299295814,2.8558487714181116,-0.4414232827159137,0.12968288237682885,-67.74739074707031,0.2630478331643898,-0.5785595796564765,-0.7720587090728532,-0.7720587090728532,140.53912078131572
896,0.4220432482829596,-2.01421426605228,-0.18106894356242664,-0.3812276761968085,-67.65005493164062,-0.25729952932417594,0.5690059482359039,0.7810436499208719,0.7810436499208719,38.64376942907851
897,0.40501789540744093,-0.9131158446076161,0.24758047446303305,-0.32053612006282883,-67.73832702636719,0.2254338756974687,-0.5661109599535884,-0.7929047538692431,-0.7929047538692431,142.45779991887747
898,0.42241987667218034,-3.02011832988521,-0.4193070909488135,-0.051187065629741735,-67.68632507324219,0.24414207496480075,-0.5691678292105973,-0.7851386052306804,-0.7851386052306804,141.7334993681359
899,0.3827076644673173,-1.5993021733751005,-0.01090792856156964,-0.382552184069735,-67.7032241821289,-0.2340080267665665,0.5845727522015784,0.7768622405499511,0.7768622405499511,39.025823870744965
900,0.41205254776527706,-2.891278247720947,-0.39921076058180854,-0.10206895098682002,-67.67584991455078,-0.22554156304384032,0.5643899130760326,0.7941001381172087,0.7941001381172087,37.429656133510896
901,0.43369177118685226,-2.076032569879362,-0.20991296732402548,-0.3795063880152897,-67.7077407836914,0.22729146443839973,-0.5682374142812994,-0.7908507009571092,-0.7908507009571092,142.2650820292641
902,0.4126124431338332,-1.0842730972770163,0.1929191680832492,-0.3647344552067131,-67.74031829833984,-0.24311629077340377,0.5694254184667847,0.7852701203818397,0.7852701203818397,38.25433200069441
903,0.4148345455635297,-0.30611205326936414,0.39554989178667965,-0.1250119326322341,-67.73550415039062,0.23341988944915462,-0.5866120014474105,-0.7755008155813944,-0.7755008155813944,140.8504603275268
904,0.45018373934076966,-2.5332515309419112,-0.36941951890627034,-0.2572831479477383,-67.65548706054688,0.21756864006565566,-0.5765209412151316,-0.7875833233381723,-0.7875833233381723,141.9602393816038
905,0.45342810823429286,-1.410517651115973,0.0723640956589805,-0.4476164507660409,-67.81124114990234,-0.23059856297166914,0.551619961660939,0.8015857537734721,0.8015857537734721,36.71820138389142
906,0.43509939004895576,0.09975439437307662,0.43293636083530657,0.04333112839119918,-67.57624816894531,0.23449473308698504,-0.5566661592186462,-0.7969535791595547,-0.7969535791595547,142.84016746198427
907,0.42860042323731884,-2.412503289168277,-0.31964221018426514,-0.2855296486666961,-67.74037170410156,0.22791827217020152,-0.5702757642471022,-0.7892013772943718,-0.7892013772943718,142.11094147688874
908,0.4137321044833449,-1.5164919314921443,0.022456430739305838,-0.41312221315086434,-67.78336334228516,-0.21767756027224647,0.5722738229616242,0.7906447693539812,0.7906447693539812,37.75419292499785
909,0.43698752433109417,2.8271458415676824,-0.41556098605827957,0.1351560701089262,-67.63090515136719,-0.22673277486712842,0.5671421134113267,0.7917967365406263,0.7917967365406263,37.646262246309675
910,0.47522026259518885,-2.5960721288308832,-0.4062455227029051,-0.24657427535102616,-67.71617126464844,0.24025910094419303,-0.5717434706308548,-0.7844647654321212,-0.7844647654321212,141.67120267440606
911,0.43199373979339156,1.5438617980048917,0.011634141001365846,0.43183705026762215,-67.82880401611328,0.22598394605173416,-0.5850106694972016,-0.7789054966434138,-0.7789054966434138,141.1604726571585
912,0.4307823102511865,1.9680798153779773,-0.16667606685250522,0.3972310254296972,-67.79144287109375,-0.23860106846186094,0.5780098427878304,0.7803679592149118,0.7803679592149118,38.70572224379643
913,0.43966227207787717,2.502164732083018,-0.35280139301225055,0.2623625174778151,-67.77970886230469,0.22953138436646855,-0.5763012386860036,-0.7843419062371909,-0.7843419062371909,141.65985353919856
914,0.4208242885381081,2.9071000484047023,-0.409307320680768,0.09777831590253419,-67.73125457763672,-0.2301168102565856,0.5769550325406034,0.7836894436340239,0.7836894436340239,38.40037022858521
915,0.43348628562027475,2.8671903090043713,-0.41726840073142474,0.11746251134681879,-67.84272003173828,0.23897881376820754,-0.5835016488429017,-0.7761539488835676,-0.7761539488835676,140.90977100875168
916,0.4263495850751729,-2.891137890280844,-0.4130473975606194,-0.10566842509553971,-67.78195190429688,-0.23539056805022815,0.5896398055908535,0.7726035077164558,0.7726035077164558,39.41173929863102
917,0.42270809920527963,3.103379395394714,-0.42239950635346607,0.016149122765300197,-67.74121856689453,0.2587382480161469,-0.5802824304767547,-0.7722220016896212,-0.7722220016896212,140.55384412405456
918,0.41434270352036584,2.7093892761219527,-0.3762418286001458,0.17355679869191037,-67.75348663330078,-0.2356067925793595,0.591804884113267,0.7708802880020668,0.7708802880020668,39.566996115593724
919,0.4247895463389479,-0.8221412768036168,0.28913472887885305,-0.31120293577503616,-67.7262954711914,-0.24247416904347513,0.5695687021696512,0.7853647374662652,0.7853647374662652,38.24557538923612
920,0.4063494452965175,-0.7065957342655296,0.30905983593149944,-0.263821700219641,-67.77787780761719,0.26231282627932984,-0.5921226340979047,-0.7619598200419162,-0.7619598200419162,139.63727724454546
921,0.4238950147435448,-1.0526910144799193,0.2099276479040667,-0.368262632057471,-67.7679443359375,-0.23290545329912468,0.5834234778292299,0.7780566144832749,0.7780566144832749,38.91701636251035
922,0.4506499532103646,-1.2839675366561294,0.127494279527628,-0.43223904152243686,-67.63404083251953,0.25306147583998795,-0.5763384114007134,-0.7770417781495339,-0.7770417781495339,140.9905157152337
923,0.39637248883098725,-1.1265499222537514,0.17035199905440163,-0.35789851399557426,-67.70067596435547,-0.2444804677306451,0.5888109172627951,0.770409634292271,0.770409634292271,39.60931208407306
924,0.4629062911649086,-1.171109302610064,0.18013074981196614,-0.4264213261226859,-67.63297271728516,0.23643792936541666,-0.5883992950170153,-0.7732291867104306,-0.7732291867104306,140.64475924393577
925,0.42282280019794954,-1.818822751240765,-0.10379930062732533,-0.4098839171723054,-67.59024047851562,-0.24720507411516207,0.5965520159538689,0.7635544142974308,0.7635544142974308,40.22144279583479
926,0.44029905377162576,-2.946096499883971,-0.4319119779789401,-0.0855295272435697,-67.64978790283203,0.2472437841388508,-0.5824845681818216,-0.7743269587420667,-0.7743269587420667,140.74405212264315
927,0.40396242012202227,-0.70163548747076,0.30854146913292724,-0.2607447002263635,-67.75377655029297,0.24887241940817825,-0.5910684490449227,-0.7672682760296751,-0.7672682760296751,140.10921218148954
928,0.4592189085803448,1.036993551630757,0.23365551238295584,0.39533164246083496,-67.80343627929688,0.26669478207379604,-0.574049209906285,-0.7741714266366206,-0.7741714266366206,140.72997153677733
929,0.4340600509257024,-2.801406550428345,-0.4091851919735537,-0.14482957736315252,-67.76616668701172,0.24105204043084877,-0.5865644488465457,-0.7731985910188098,-0.7731985910188098,140.64199488700166
930,0.4420199975938889,-2.8003004847005757,-0.41652559116105975,-0.1479463084393498,-67.68576049804688,-0.25240833180213834,0.5821240493557687,0.7729305435797608,0.7729305435797608,39.38221656757697
931,0.4456895179399189,-2.1195280966384686,-0.23247415357337983,-0.38025637972538723,-67.59938049316406,0.23949452163976387,-0.5729890862265119,-0.7837894367557194,-0.7837894367557194,141.6088541770626
932,0.4549984413518926,-1.6141634565870067,-0.01972579202874467,-0.4545706488121405,-67.80726623535156,-0.26081290978551724,0.5840349136081167,0.7686870922397302,0.7686870922397302,39.76386316754217
933,0.4709985970536592,-0.8535263027771238,0.30960141634170263,-0.35494596972740367,-67.88969421386719,0.2590196823372011,-0.5772597633542954,-0.7743900630651702,-0.7743900630651702,140.74976627190262
934,0.44970969183972587,2.813456565899938,-0.42571529074826375,0.14493204668982793,-67.84039306640625,0.2637603002786846,-0.5796605305508123,-0.7709890876779315,-0.7709890876779315,140.44279132863625
935,0.49027805706343286,-0.7893838034947663,0.34529445144479215,-0.34805791908723294,-67.68116760253906,0.23456721104430406,-0.581328580703794,-0.7791247042417596,-0.7791247042417596,141.18050386478174
936,0.46400911630267616,-2.149967162223316,-0.253966194673972,-0.38833700824774936,-67.69132232666016,-0.27321270253242663,0.591760330467209,0.7584026176512495,0.7584026176512495,40.676422157651245
937,0.4766581364905216,-2.2813337100793043,-0.3108960786899676,-0.36131234041728794,-67.72322082519531,-0.27788710590752735,0.5905414176925249,0.7576540043846146,0.7576540043846146,40.74218567932106
938,0.43053486238813304,-2.033913642930254,-0.19233681045030138,-0.38518413658583284,-67.7237548828125,-0.2697599006179348,0.5948935015503033,0.7571864485262672,0.7571864485262672,40.783214693179715
939,0.3594966078064966,3.1133515173262856,-0.35935325695771764,0.010151243187837052,-67.82987976074219,-0.26966103956875637,0.5814724581461198,0.7675758621505804,0.7675758621505804,39.86330033375719
940,0.5062263804997441,-1.038712527429985,0.2568239101905464,-0.436241478390478,-67.75398254394531,0.2715101473307844,-0.5921910541199542,-0.7586777941370851,-0.7586777941370851,139.3477733871206
941,0.3418275605386537,-2.4824500326620473,-0.2702207077716402,-0.20934863322983696,-67.83419799804688,0.2637406442487906,-0.5857547662441553,-0.7663760345897358,-0.7663760345897358,140.02956596552426
942,0.5039845774109415,2.988091526875482,-0.49805863454611027,0.07705874916029606,-67.72254943847656,0.2570968956098852,-0.5957048486423147,-0.760944754612184,-0.760944754612184,139.54755630199057
943,0.4406290698171576,-1.3280584999309153,0.10591008237613211,-0.427711388226938,-67.81344604492188,0.2761204817547133,-0.5968597926533903,-0.753336490201621,-0.753336490201621,138.880227484834
944,0.40650751289758147,2.642168811666226,-0.356856132873633,0.19468451009942564,-67.78375244140625,0.26728137622634224,-0.6043053569389086,-0.7505835739592833,-0.7505835739592833,138.64095418022407
945,0.37820692439350423,1.2267641665205722,0.12756379056159844,0.35604488059337475,-67.8494873046875,-0.25057750714295735,0.5775246592480947,0.7769660101152387,0.7769660101152387,39.01638057966905
946,0.287883485784175,-2.474143540864863,-0.22610460498636129,-0.1781954235978265,-67.71670532226562,-0.2833127976245245,0.5874094947685444,0.7580791147089655,0.7580791147089655,40.704851725583836
947,0.41029906621546686,-2.721277512035547,-0.3745867966206804,-0.16742178930695092,-67.78363800048828,0.264988655711854,-0.5877394743632216,-0.7644235230677223,-0.7644235230677223,139.85573330838955
948,0.5043737473891245,-1.7285564368963047,-0.07924040846112983,-0.49811026361867083,-67.81412506103516,-0.28341268361667993,0.5873193963352359,0.7581115864129804,0.7581115864129804,40.701998839754786
949,0.36310611617249444,-1.5065519375788352,0.023311487184248653,-0.36235704238655503,-67.69184875488281,-0.2682253121789847,0.5922058781134485,0.7598337843465278,0.7598337843465278,40.550453125127575
950,0.3190577699126543,0.1660238983818322,0.31467061729299683,0.05272820074761275,-67.84125518798828,-0.2708019878854081,0.5938731063689416,0.7576153489000967,0.7576153489000967,40.74557907268629
951,0.5023445307221813,-2.8818726147698017,-0.48549685606459003,-0.1290070939828012,-67.64066314697266,-0.2665919102958641,0.5974998595979738,0.7562556916448323,0.7562556916448323,40.86478938068673
952,0.5157353317721536,-1.6979389804631853,-0.06539543684306816,-0.5115724477317338,-67.74388122558594,0.26306930756872154,-0.5916227188913251,-0.7620873295803766,-0.7620873295803766,139.64855941051445
953,0.4518838572531537,-1.8209842324315606,-0.11188012526369145,-0.43781486728635577,-67.69383239746094,-0.2530220902561112,0.6003670780961302,0.7586429946824419,0.7586429946824419,40.65528709452804
954,0.40310043928804334,-1.9076075566178732,-0.1332163001280041,-0.38045154952295707,-67.77194213867188,0.2595238783836388,-0.6037288700709076,-0.7537630980564249,-0.7537630980564249,138.91740906764144
955,0.38664802272824744,0.1331877136623779,0.38322372091432416,0.0513446512135737,-67.84622955322266,-0.25797104775494756,0.6038641881435644,0.7541876297035962,0.7541876297035962,41.045562809418875
956,0.3885873358547858,-2.0113528524950977,-0.16571031686806598,-0.3514828708062532,-67.84383392333984,-0.261430107280857,0.5913043639235271,0.7628980588598405,0.7628980588598405,40.27964521126372
957,0.4792053666151899,-2.9114843393364525,-0.46657432592121284,-0.10929859003648866,-67.73497772216797,-0.2657656983022014,0.6012899594830768,0.753537642212241,0.753537642212241,41.10224428639776
958,0.5014781762983346,-0.8762886391364129,0.32094966334463165,-0.38532022384306686,-67.6554946899414,0.27221277859272786,-0.5920582663855184,-0.7585296384291133,-0.7585296384291133,139.33474496737568
959,0.4901136509672247,2.832201408848299,-0.46684261345433253,0.14922923683900288,-67.64942169189453,0.2907828895554017,-0.596910647185873,-0.7477586444956378,-0.7477586444956378,138.39659598638124
960,0.46488526705905364,-0.9733822247693017,0.26150091671090897,-0.38436386678240436,-67.62708282470703,0.2709409498175758,-0.6123519529358095,-0.7427086154392247,-0.7427086154392247,137.96266206537757
961,0.48926951304647615,2.8752506949903416,-0.47201794859190654,0.12877776439985333,-67.77503204345703,0.26376078571913886,-0.597292251119364,-0.7574115226675556,-0.7574115226675556,139.23653178365961
962,0.4175091493555496,-1.3392296106939738,0.0958194778586064,-0.40636500520898533,-67.70503234863281,-0.27055847184165777,0.5974141578263313,0.7549135297127494,0.7549135297127494,40.98218523809798
963,0.42534220683652296,-2.6636601552599064,-0.3776816579048034,-0.19563373481800767,-67.86343383789062,-0.26593506323032706,0.6096137201947148,0.7467594353572253,0.7467594353572253,41.68955549752731
964,0.40296549729105535,-1.3736908986744558,0.07891338989453538,-0.39516309152346274,-67.76780700683594,0.2696408909228609,-0.5975898831576584,-0.75510272247552,-0.75510272247552,139.0343462425673
965,0.36819923525658765,1.6278975913880889,-0.021013218486362364,0.3675991315174458,-67.8347396850586,0.2674647363312548,-0.604248250915247,-0.7505642318183815,-0.7505642318183815,138.63927705301563
966,0.40460468939861904,-1.0943845388808564,0.185549074035685,-0.3595504078816389,-67.73973846435547,0.275578132161162,-0.6122273243796706,-0.7411034990859743,-0.7411034990859743,137.82550178452672
967,0.4250312218037256,2.5845295708666796,-0.36077139092495214,0.2247121336244288,-67.68594360351562,0.29280774695194356,-0.5843580557552098,-0.7568284389469768,-0.7568284389469768,139.18539221998313
968,0.4705443379461958,0.4097614622248112,0.43159073905810175,0.18746041697517177,-67.68280029296875,0.2735762804231482,-0.5972251215254964,-0.7539749153709896,-0.7539749153709896,138.93588057641202
969,0.4822019668835089,2.796444772911147,-0.4537643130224373,0.16314620772056024,-67.81221771240234,-0.25727874517899435,0.6070631345392669,0.751852377772713,0.751852377772713,41.24890765575427
970,0.44451216704711605,-1.5696030703224213,0.0005304168945496577,-0.44451185058538223,-67.74409484863281,0.26215261917328464,-0.6086050086529854,-0.7489165158434461,-0.7489165158434461,138.49661011945207
971,0.3830762512867382,-1.8230939608338694,-0.0956271370618991,-0.3709486015032878,-67.73765563964844,0.2626258714752955,-0.5905175881065013,-0.7630967368353255,-0.7630967368353255,139.73796521930188
972,0.47628577000158356,-2.1180678771739556,-0.2478396898950785,-0.40672302961439577,-67.88772583007812,0.25661609098048815,-0.5934274443813787,-0.762884034506477,-0.762884034506477,139.71911193859623
973,0.45430044369015576,0.2348695852737694,0.44182748836256724,0.1057230517167277,-67.74235534667969,-0.252790920000853,0.6087599481115163,0.7520027103278194,0.7520027103278194,41.23584208661359
974,0.4181194928514199,-2.7243961103297507,-0.38225675236162604,-0.1694216207462055,-67.7103500366211,0.2581070440506422,-0.6006206415408837,-0.7567268984028896,-0.7567268984028896,139.17649197427838
975,0.4146510840353242,2.98515813198664,-0.40958780148866,0.06460150434282114,-67.79570007324219,0.25597991441674794,-0.6004200174654387,-0.7576081348837252,-0.7576081348837252,139.25378766667518
976,0.45341100131331524,-0.7788882159354696,0.32269033955777554,-0.31851606061238213,-67.74266815185547,-0.26637722233586364,0.5790987659914338,0.7705113851513347,0.7705113851513347,39.60016697497335
977,0.4769524790111733,-1.1988757712465303,0.17332708276185274,-0.4443437741390888,-67.7524642944336,-0.2546762745207278,0.5940188485630916,0.7630737859132771,0.7630737859132771,40.264069432387345
978,0.41672065536823616,1.2044023105176334,0.14929064607872905,0.3890609304516812,-67.7798843383789,0.25696126640933337,-0.6010825810759125,-0.7567500500775873,-0.7567500500775873,139.17852112718506
979,0.40692443157667424,0.1051578470167907,0.40467658380830857,0.04271247512421267,-67.70796966552734,0.2627301423899602,-0.5917778772092714,-0.762083864364966,-0.762083864364966,139.64825277037647
980,0.4183533512381507,-2.3789121454932523,-0.3024639295223884,-0.28902438968029526,-67.58134460449219,0.24457459108192614,-0.594531892577208,-0.7659733011702641,-0.7659733011702641,139.99365908027934
981,0.43730499258978617,-1.764871487639987,-0.08433826519404938,-0.42909522668984695,-67.7580795288086,-0.2534277986427667,0.5903981377403557,0.7662926267606922,0.7662926267606922,39.97787270874111
982,0.457507689307335,-0.29900813755637223,0.4372076771809697,-0.13476918338165414,-67.72570037841797,0.2630625848101062,-0.5852091724776116,-0.7670256194685383,-0.7670256194685383,140.08753826554718
983,0.44477689392808034,-1.8332089757161587,-0.11538017946283105,-0.4295508113825834,-67.69715118408203,0.2656897324067174,-0.5642535323050075,-0.7816821076211025,-0.7816821076211025,141.4148466440632
984,0.43173095132650724,3.0421471971337715,-0.4295979302759534,0.042862951787155865,-67.7430191040039,0.27083254667467277,-0.5802162106308685,-0.7681138461080278,-0.7681138461080278,140.18481469989132
985,0.4367380490194412,1.5908783610799417,-0.00876999897355076,0.4366499863498357,-67.74254608154297,0.24574868593696647,-0.5856735145502773,-0.7723950528807009,-0.7723950528807009,140.56945237309546
986,0.41976057490157587,-2.4928784608795147,-0.334490954610906,-0.25360351244646895,-67.59089660644531,-0.2603334532992298,0.5778522892990056,0.7735070942436121,0.7735070942436121,39.33012402944088
987,0.4762706368654021,-0.9271196902913291,0.2858292566722229,-0.38096634440640587,-67.69581604003906,0.24747062932078395,-0.5980135302905273,-0.7623241470746127,-0.7623241470746127,139.6695201903228
988,0.4363428599079235,-2.131363567144427,-0.23198897263826537,-0.3695621841677905,-67.82514190673828,0.2503570133386639,-0.5814226143385501,-0.7741247376281614,-0.7741247376281614,140.7257455273713
989,0.42983055586111746,-2.8259444703042678,-0.4085949325617731,-0.13343345846045251,-67.79888916015625,0.245936643691828,-0.584311264331221,-0.7733663515212236,-0.7733663515212236,140.6571542463304
990,0.4286264183220724,2.7728340380828955,-0.3998122349106177,0.15450172587833852,-67.79974365234375,0.27196310019293807,-0.5648255065950348,-0.7791073220250907,-0.7791073220250907,141.17891515876246
991,0.5224284451184793,2.238350390257898,-0.3234181858581373,0.41028302100518765,-67.71378326416016,0.2527026114921589,-0.5596489832217476,-0.7892619373338025,-0.7892619373338025,142.11659179378273
992,0.4074510682071011,2.155570328807173,-0.22491745163729632,0.33974771953920785,-67.87405395507812,0.25304315999558386,-0.559435548230559,-0.789304140718534,-0.789304140718534,142.1205298385264
993,0.48746696527162836,1.9693262047500588,-0.1891683072461008,0.44926539346445965,-67.78182983398438,0.2522699057755612,-0.5824809053640295,-0.7727068587286451,-0.7727068587286451,140.59758857616947
994,0.49857716710867317,1.0603251614761755,0.243599020167152,0.4350157571119847,-67.62484741210938,0.2590912318748806,-0.5762665894124774,-0.7751055099097593,-0.7751055099097593,140.8145994449516
995,0.369185715497993,-2.5212536894748903,-0.3003995719390076,-0.21461171847461177,-67.85565185546875,-0.2511324314213649,0.5613840135940653,0.7885305898755051,0.7885305898755051,37.95159590007161
996,0.3868334636609139,-1.237361423860405,0.12660698505058565,-0.3655281110178811,-67.85040283203125,0.27557675481293,-0.5555822441170785,-0.7844653097674908,-0.7844653097674908,141.6712529637884
997,0.3938025010809808,2.9483756102952032,-0.38647446164478005,0.07561679941661968,-67.60645294189453,0.2664039772862315,-0.5509022938418349,-0.7909080752691059,-0.7909080752691059,142.27045368949246
998,0.37385492940411025,-1.2290510228930709,0.1252907415226467,-0.3522353450868575,-67.79225158691406,-0.2444475582940241,0.5604012852924684,0.7913253380795027,0.7913253380795027,37.69046055001226
999,0.4280498923214795,2.693239624715359,-0.3857424068447747,0.18555189537708994,-67.71653747558594,-0.25453748272764654,0.5722151866830605,0.7796027514163502,0.7796027514163502,38.77578192611463
1000,0.4031849249769309,2.4198155445671827,-0.3026438066405967,0.26639221090479076,-67.77536010742188,0.2543079945234728,-0.5609283153432235,-0.7878368288977501,-0.7878368288977501,141.9838168354864
1001,0.44956399105887973,-1.0212065947209858,0.23482409588155745,-0.38336069966833797,-67.76171875,0.25832082925041133,-0.5700597477721578,-0.7799373264213759,-0.7799373264213759,141.25483742677213
1002,0.4417147061725325,-0.7568039761422354,0.32114166023143864,-0.30328190798806637,-67.80176544189453,-0.25469444609248193,0.5582734264426096,0.7895957956180315,0.7895957956180315,37.852246000914114
1003,0.3801201785744115,1.3185347767253295,0.09487593200811424,0.36808953759246427,-67.81831359863281,0.2616916449016394,-0.5537217769128487,-0.7905122875459634,-0.7905122875459634,142.23341135966567
1004,0.41532299834663816,2.9147771628011885,-0.4046855186486565,0.0933960596155399,-67.71395874023438,-0.23700908775871005,0.5610372094740392,0.793135512951833,0.793135512951833,37.52049682890417
1005,0.4808765584444392,-2.0485918130371106,-0.22111793944714236,-0.42702356060997154,-67.71819305419922,0.2310607563964558,-0.5664394480212998,-0.7910482150784635,-0.7910482150784635,142.2835769928685
1006,0.4580828413137454,2.980252223478202,-0.45213364690084273,0.07358705624101346,-67.76428985595703,0.24987245172495282,-0.5553486847431098,-0.7931907691237079,-0.7931907691237079,142.48470168917416
1007,0.4212849979738026,-1.8034381040403078,-0.09712680750674438,-0.4099358886232513,-67.8113784790039,-0.2580702715009799,0.5539843559013446,0.7915182047078785,0.7915182047078785,37.672382719088255
1008,0.47399017920352066,2.3836119976328902,-0.3442238503308367,0.32584755767812557,-67.8027572631836,-0.23770310301246708,0.5605042546019336,0.7933046170238613,0.7933046170238613,37.50458552706798
1009,0.4370923186881305,-2.496345266671473,-0.3492153511675667,-0.2628656188341855,-67.58070373535156,0.2503216143331039,-0.5562508728712808,-0.7924165923474894,-0.7924165923474894,142.41192277641875
1010,0.4572390947177335,1.5718986378625617,-0.0005040196126049886,0.4572388169245067,-67.73372650146484,0.26145707732240203,-0.5614289403093292,-0.7851354925751168,-0.7851354925751168,141.73321140483168
1011,0.4114344036497704,-0.8423037786326458,0.27391062878016587,-0.30700364158735377,-67.77996063232422,0.2362353704516153,-0.5535214003499236,-0.7986281419423233,-0.7986281419423233,142.9992985255068
1012,0.4286988224851463,2.8325396815079777,-0.40838794760682556,0.13039158197382095,-67.77525329589844,0.23952849717561828,-0.5592511001802397,-0.7936399095231926,-0.7936399095231926,142.52697977712106
1013,0.36970577493427637,-2.519010821914633,-0.30033995471040037,-0.21558819917682986,-67.72860717773438,-0.25705973320272757,0.5460500534583271,0.797339095168361,0.797339095168361,37.12324931644055
1014,0.43161594595959335,-2.2791258779956944,-0.2807946843117024,-0.3277905887436154,-67.6646728515625,0.2478827584244917,-0.559391756692694,-0.7909709227399746,-0.7909709227399746,142.2763385203937
1015,0.37817474013168906,-1.5788018163353459,-0.0030274415893010473,-0.37816262199098144,-67.74703216552734,-0.25114950780788875,0.5574662439554489,0.7912997608858854,0.7912997608858854,37.69285740452077
1016,0.3887686969419249,-1.6109166413100335,-0.015593338333325294,-0.3884558501574467,-67.7673568725586,0.24573053730338187,-0.5461584300673888,-0.8008292404145321,-0.8008292404145321,143.20936210165476
1017,0.3716828211576161,-1.4302918166344072,0.05205145500078405,-0.3680200613770746,-67.7681884765625,-0.26137793801316844,0.5555905766154974,0.789303924161057,0.789303924161057,37.8794903695806
1018,0.3690588902648304,-1.0234907751276396,0.19205391044528408,-0.31515037675081864,-67.72823333740234,0.2536016937692061,-0.5561269459549367,-0.7914600437799908,-0.7914600437799908,142.32216494611183
1019,0.40804116292559045,2.1489743319620653,-0.22299408642915414,0.3417180534582497,-67.68118286132812,0.24866450586163874,-0.564089498383729,-0.7873811029849397,-0.7873811029849397,141.9414406303268
1020,0.3666177689069386,-1.3913839852630556,0.0654234462324645,-0.3607330885313534,-67.75438690185547,0.24710838571433402,-0.5623750296639315,-0.7890955402992391,-0.7890955402992391,142.1010684900638
1021,0.4106469623005585,-2.819222897880116,-0.3894934316250733,-0.13009917127945375,-67.79826354980469,-0.2586855936027896,0.5575044339469146,0.7888412830169975,0.7888412830169975,37.92264093274105
1022,0.507086226841939,1.0226507894718313,0.26424534884267953,0.4327942202338255,-67.78156280517578,0.2807799195145023,-0.5455218093001032,-0.7896635944345995,-0.7896635944345995,142.15408497906452
1023,0.41422577679793215,2.5744236224204142,-0.3493684921828215,0.22254134634658812,-67.59013366699219,0.2737427984763369,-0.5577928878699918,-0.7835381130002537,-0.7835381130002537,141.58567302208806
1024,0.3640688840777928,2.1814445730539624,-0.2087566151777189,0.2982730761788451,-67.78710174560547,0.27307473199699134,-0.5508138363610718,-0.7886915166387742,-0.7886915166387742,142.06339928477044
1025,0.3896168299357398,-3.1266011383752237,-0.3895730484355594,-0.005840727848519608,-67.80072021484375,-0.2581557307658732,0.5623885320350053,0.7855410604852237,0.7855410604852237,38.22925253396749
1026,0.4550689324700727,-2.1986890954959977,-0.26732603513790437,-0.36827235062776503,-67.79784393310547,0.25858738698792394,-0.5698432456718436,-0.7800072042314332,-0.7800072042314332,141.26123501948274
1027,0.47223255113264434,2.893987586583781,-0.4578304775676282,0.11573606248461656,-67.75228118896484,0.2789346176836738,-0.5528004586622849,-0.7852433584312767,-0.7852433584312767,141.7431915451962
1028,0.48564152275277656,-1.8863880388097694,-0.15073293728032705,-0.4616570916172312,-67.76539611816406,-0.2846312347298913,0.5512543362236542,0.7842854818309185,0.7842854818309185,38.34535772079157
1029,0.4116931670956465,-1.6532931963637283,-0.0339248863101507,-0.4102930244618927,-67.80064392089844,0.26365017767409343,-0.5481215818287749,-0.793757718290626,-0.793757718290626,142.5380759860617
1030,0.4360666055093799,-1.9073108046316416,-0.14398879229385436,-0.4116082022193319,-67.59661865234375,-0.259628440343168,0.561531453000197,0.7856688235232844,0.7856688235232844,38.21742136130475
1031,0.42650189316179055,-2.164098247322963,-0.2384579271663708,-0.35361233270646714,-67.80758666992188,0.2863003094001377,-0.5663492640807074,-0.7728393390043151,-0.7728393390043151,140.60954819698964
1032,0.4716387813574895,0.8767140467948809,0.30169804267677314,0.362520938878545,-67.78407287597656,0.295466323168768,-0.5564612368885687,-0.7765632902175928,-0.7765632902175928,140.94698162558973
1033,0.45685344844223763,-3.085730478411291,-0.45614080932736634,-0.025507556130281814,-67.70272064208984,0.29128200648003155,-0.5608181509663667,-0.7750082543093542,-0.7750082543093542,140.805780944094
1034,0.46910107367968207,-1.2111531812001377,0.16509554067769794,-0.4390891478683675,-67.6390151977539,0.2749183427955854,-0.5504790177303881,-0.7882846921215179,-0.7882846921215179,142.02550101608776
1035,0.46267526033138034,2.165596796513606,-0.2592570759586524,0.38321555955895126,-67.6714096069336,0.2720982522063796,-0.5636026990211883,-0.7799452152569855,-0.7799452152569855,141.25555963661293
1036,0.44744382769628394,-0.3258841788362994,0.4238939775612371,-0.14324759938936238,-67.7168960571289,0.2860255968340982,-0.5733730413347727,-0.7677452138738549,-0.7677452138738549,140.15184055387522
1037,0.4306208117886245,-2.971286837350843,-0.4243910128019533,-0.07298322956971877,-67.75151062011719,0.3018441385033391,-0.5552979429097195,-0.7749414885340772,-0.7749414885340772,140.79972802434364
1038,0.4204400680515504,0.8888672287014134,0.2649999555111915,0.32641212355281607,-67.68831634521484,0.3066023062748702,-0.5477931114889526,-0.7784071767347619,-0.7784071767347619,141.11496846945664
1039,0.43649056998756536,-1.0246338111696844,0.22671836958115701,-0.3729916870153162,-67.67291259765625,0.3190710437776348,-0.5438120916809196,-0.7761843066980122,-0.7761843066980122,140.91252962304844
1040,0.4316012785413143,2.3613969706370437,-0.30677178918547965,0.3035963323204627,-67.57157135009766,0.294803826360553,-0.5479436178626106,-0.7828464061403171,-0.7828464061403171,141.52193356391058
1041,0.45254080612281744,-0.15705626221804111,0.4469709321935534,-0.07078253301708924,-67.72551727294922,0.29061467671618824,-0.5461858599876002,-0.785636121895341,-0.785636121895341,141.77955009183975
1042,0.4668621619293768,-2.8310630118661892,-0.4445330152059708,-0.1426557977555057,-67.7590560913086,0.29823873974271664,-0.5526923624775156,-0.778193296408867,-0.778193296408867,141.09545168241215
1043,0.46934638746172996,0.9828434459531373,0.260327115199679,0.39053274448526004,-67.68909454345703,0.31503848191271666,-0.5495878299591299,-0.7737596345603365,-0.7737596345603365,140.69271171825278
1044,0.4957195920639042,-1.42848046776837,0.0703108538451727,-0.49070795570029874,-67.83330535888672,0.31661173323567215,-0.5370709662264748,-0.7818643025577166,-0.7818643025577166,141.43158753995573
1045,0.5036923792419882,-1.0192438128438632,0.26393992156618623,-0.42900085164261653,-67.70880126953125,-0.29721078399295997,0.5505067145768694,0.7801333905711711,0.7801333905711711,38.727209860533485
1046,0.4657264553000413,-0.009949994912631283,0.4657034014721203,-0.004633899398837371,-67.81999969482422,0.2786352606133325,-0.5592661726225476,-0.7807584387651966,-0.7807584387651966,141.33006988575792
1047,0.44326414553685195,-3.0721798947075083,-0.4421967218407962,-0.030743485680205306,-67.8376693725586,0.28888677457606976,-0.5565188244922666,-0.7789937287685832,-0.7789937287685832,141.1685342695027
1048,0.4416494593061387,2.591353689179126,-0.3764618198354633,0.23093449961314966,-67.6566390991211,-0.31455764167764344,0.5451866613587855,0.7770617699634055,0.7770617699634055,39.00766448845127
1049,0.4231346777913512,2.664827459176992,-0.37594841022756564,0.19417968070052188,-67.69342803955078,0.30578881192257834,-0.5268570423192777,-0.7930415244245166,-0.7930415244245166,142.4706621114605
1050,0.44144577820684777,-3.025189170546022,-0.4384584091019892,-0.05126986038992234,-67.66422271728516,-0.27751971105639944,0.522403614699498,0.8062736962868571,0.8062736962868571,36.26655710654838
1051,0.43165880161177095,-2.442301647114254,-0.33034793749384306,-0.2778480901544479,-67.76220703125,0.2897366833615292,-0.5411839317776334,-0.7894128237496292,-0.7894128237496292,142.13067277515282
1052,0.4551033966158105,-1.0108396558792185,0.24172793547793237,-0.38559915303437103,-67.74773406982422,-0.30110985943137575,0.5389160264036265,0.7867034822844902,0.7867034822844902,38.1214948177856
1053,0.4543173821146367,0.4882155300704829,0.4012400598402332,0.21309786031516803,-67.73339080810547,0.3185719554427112,-0.5311990178999125,-0.7850729345656847,-0.7850729345656847,141.72742432042062
1054,0.44231580145410343,0.13176454038520688,0.43848163358865355,0.05811303830821098,-67.7594223022461,0.2944609563785247,-0.5342104300803187,-0.792408961056124,-0.792408961056124,142.4112059708966
1055,0.45710248675694,-1.3351351608089845,0.10672699830073133,-0.44446825672155055,-67.6303482055664,0.29428976424504516,-0.5430908447228112,-0.7864132940374668,-0.7864132940374668,141.85158026840463
1056,0.40091019521018634,-2.134419605960196,-0.214187292609705,-0.33889937785129426,-67.71607971191406,0.272612884341956,-0.5437457860264624,-0.7937397151895728,-0.7937397151895728,142.53638012284517
1057,0.40107348099885026,2.704944945784717,-0.3634425411969018,0.16961561369423941,-67.77972412109375,0.30417864357271984,-0.5398576707374837,-0.7848751799745989,-0.7848751799745989,141.70913540996395
1058,0.42851165561135124,0.9905239677103164,0.2349322585129276,0.3583700223299882,-67.64147186279297,0.31606823533981343,-0.5572578698920821,-0.7678310602290818,-0.7678310602290818,140.15951747690448
1059,0.41865485728548474,3.0299064963419258,-0.41604646235763904,0.04666080462683008,-67.81401824951172,-0.302503058486752,0.5447395278457747,0.7821449650854522,0.7821449650854522,38.542611905526535
1060,0.4103366871064249,-1.2581251261270963,0.1262201472800812,-0.39044163610720445,-67.71372985839844,0.303801595937582,-0.5342119068149881,-0.7888740260161141,-0.7888740260161141,142.0804116365189
1061,0.42755447357943716,-2.05919710562804,-0.2006146480522433,-0.377566670754536,-67.60515594482422,0.27622158005262165,-0.5433089957867414,-0.7927906241943303,-0.7927906241943303,142.44706979768156
1062,0.4825825476357653,3.0531385876937263,-0.4806958859304784,0.042630746323964006,-67.72209930419922,0.2895685426295733,-0.5500617648504232,-0.7833148243005637,-0.7833148243005637,141.5650876321723
1063,0.476986829048844,0.7926544867534693,0.33482434599805877,0.339719137543123,-67.8089828491211,0.30567845875514527,-0.5501502153840648,-0.7771070842335349,-0.7771070842335349,140.99646060115603
1064,0.4581994441861088,-2.2753922602848027,-0.2967877091852415,-0.34908994017163475,-67.74404907226562,0.2872966480228214,-0.5591820080894563,-0.7776735291006724,-0.7776735291006724,141.04805670649606
1065,0.4443955317113317,1.3430763131716477,0.10032539618234451,0.4329228608953942,-67.75096893310547,0.30720179405430914,-0.5513725563708967,-0.7756386799346952,-0.7756386799346952,140.8629734316358
1066,0.44474186486042266,-1.5527539222284914,0.008023777309047549,-0.44466947877858815,-67.6568374633789,0.29636668139770195,-0.531956487438375,-0.7932144007956103,-0.7932144007956103,142.48692515188247
1067,0.4425687456874484,2.016304272141424,-0.19071008711199058,0.39937045125184006,-67.7240219116211,0.31150393472386073,-0.5445292296640807,-0.7787510620814561,-0.7787510620814561,141.1463656356567
1068,0.4229947583567717,-0.8376958733901092,0.2830582807477428,-0.3143287694396358,-67.77360534667969,0.30629454493066766,-0.5436692380019669,-0.7814137261374899,-0.7814137261374899,141.39019769815306
1069,0.46036821859722277,-3.131514411817068,-0.4603448387747959,-0.004639623668734644,-67.87294006347656,0.33496560809129405,-0.5314434975301864,-0.7780526012609382,-0.7780526012609382,141.08261760449145
1070,0.4646272527656057,0.6225848548426702,0.3774510291377101,0.27094133057803776,-67.68011474609375,0.33867769920997054,-0.5208960687619371,-0.7835589968893217,-0.7835589968893217,141.58759882259594
1071,0.4261064691354654,-2.3212393620601266,-0.29058878511560265,-0.31164864993150776,-67.77103424072266,0.3271493876988766,-0.5376625340482643,-0.7771050621434977,-0.7771050621434977,140.99627651661095
1072,0.4245576563633422,0.7444512343458812,0.31224510573239606,0.28766681686092777,-67.63002014160156,0.34091927951744777,-0.529096497051325,-0.7770655967557191,-0.7770655967557191,140.99268386139153
1073,0.426910237721709,-2.760996368151341,-0.3963619482144254,-0.1585861188101634,-67.7157211303711,0.32179313921896974,-0.5333844657041439,-0.7822724508105253,-0.7822724508105253,141.46911233335874
1074,0.4489654931480753,1.1245213849648552,0.1937772360547629,0.40499431702762345,-67.79740142822266,0.3452179339628453,-0.5207617511140399,-0.7807892011593549,-0.7807892011593549,141.33289081488942
1075,0.4761143173828383,-0.7018445836697338,0.3635859236779754,-0.30739245163172046,-67.8309097290039,0.3242534443624394,-0.5282934663898319,-0.7847074086491793,-0.7847074086491793,141.69362523351893
1076,0.40593098805663375,-2.802513314510592,-0.3828178030626241,-0.13502035669831752,-67.74528503417969,0.30318240273383373,-0.5450987008707318,-0.7816315225101789,-0.7816315225101789,141.41019974228854
1077,0.4014139842718855,1.3440892538647489,0.09022585371090214,0.3911425342393338,-67.75404357910156,0.32616210844377475,-0.5439661376121675,-0.7731229657349548,-0.7731229657349548,140.63516275074318
1078,0.3910351741123218,-0.44119683428233314,0.353590129314843,-0.16698062116355433,-67.64835357666016,0.3265243912679215,-0.5392910816496894,-0.7762389781247921,-0.7762389781247921,140.91749802747998
1079,0.4427303454297218,-2.06344047994659,-0.20939253262568805,-0.3900832296381388,-67.6891860961914,0.3122245828513022,-0.5406154779849195,-0.781185454822648,-0.781185454822648,141.36924303401176
1080,0.4024153350848648,2.640172642499433,-0.352878364578094,0.1934294748071085,-67.77429962158203,0.3365052139430765,-0.5167924759260157,-0.787203771469232,-0.787203771469232,141.92496206899264
1081,0.40545071873794025,0.8845907362518723,0.25689608261484476,0.31367927579337973,-67.70943450927734,0.3357883881614841,-0.5141614900157097,-0.7892300808767605,-0.7892300808767605,142.1136194627624
1082,0.4336325671040999,-1.5988183869872499,-0.012149687689338419,-0.4334623263241492,-67.79446411132812,0.3131506467123438,-0.5286098818597317,-0.7889919297837471,-0.7889919297837471,142.0914053165606
1083,0.41625332337253557,2.4513701864438,-0.32097476388198143,0.26503213044758733,-67.81177520751953,0.3132902029891169,-0.5210549702491173,-0.7939464507696532,-0.7939464507696532,142.55585822734895
1084,0.4498491775116429,-3.0449347629188783,-0.4477493993704692,-0.04341379816700735,-67.9228744506836,-0.3148518260310262,0.5324782343683578,0.7857068521839967,0.7857068521839967,38.21389921425096
1085,0.4645116321762113,-2.5137326568183176,-0.3759229599434958,-0.27286074216407286,-67.7970199584961,0.3160023529380128,-0.5458846284945152,-0.7759848486349749,-0.7759848486349749,140.89440786137092
1086,0.45274092918441994,1.0780311035027308,0.2141754046462103,0.39887748119366684,-67.73542785644531,0.3191673115253704,-0.5344535094257689,-0.7826184725114447,-0.7826184725114447,141.50094945539783
1087,0.45988182819250406,-1.5356043155397905,0.016180826059200595,-0.45959708089773776,-67.64485168457031,0.3235189199989648,-0.517733403568587,-0.7920149185665573,-0.7920149185665573,142.3742094611288
1088,0.4660102700118895,2.2555472538972534,-0.29474222455371163,0.36096065273334654,-67.70840454101562,0.32922383681735934,-0.5290816046308859,-0.7821025002596934,-0.7821025002596934,141.45348348063374
1089,0.4620609379656713,0.36446912750055654,0.4317095984706202,0.16470316627816206,-67.92003631591797,0.32449736494002257,-0.5279274535470904,-0.7848528931833447,-0.7848528931833447,141.70707472738053
1090,0.42338078041594607,-1.751489239323486,-0.0760862884335408,-0.41648788930534775,-67.73439025878906,0.3160279670342414,-0.5136920678607042,-0.7976507904272384,-0.7976507904272384,142.90635132236844
1091,0.36957029988839635,2.9108796108701993,-0.35977801361934997,0.08451028029603284,-67.80691528320312,0.3265373389619912,-0.5190738157643343,-0.7898960311657958,-0.7898960311657958,142.17579650737693
1092,0.3974141069297386,-1.2555522014234612,0.12321767774208318,-0.37782982449590957,-67.7523193359375,-0.3232736339637194,0.5300031541741873,0.7839584262888587,0.7839584262888587,38.3755522085599
1093,0.3941268105005237,0.4688530469877559,0.35159545954766414,0.17809148093264487,-67.7030258178711,0.3409729442129016,-0.5317552721652741,-0.7752249878836601,-0.7752249878836601,140.82543520483296
1094,0.4147351228098019,-1.5303746117807178,0.016759740071858598,-0.41439634796265423,-67.82703399658203,0.3295988870299064,-0.5110960645623667,-0.7938169728958359,-0.7938169728958359,142.54365813742075
1095,0.3993957530623912,2.532727706954125,-0.32762342755128804,0.22842910778580847,-67.6462631225586,0.3259802925688895,-0.4910402393300419,-0.8078467256945444,-0.8078467256945444,143.8860810495656
1096,0.42786429353016053,0.009753082141211487,0.4278439439070391,0.00417292944269936,-67.88967895507812,0.3252319514104066,-0.5130320778950463,-0.7943690986137806,-0.7943690986137806,142.59570597644856
1097,0.41018215906139305,-0.7528566440767054,0.2993257900839361,-0.2804522686713255,-67.8249282836914,-0.3074255953701752,0.5394312660176023,0.7839026805375399,0.7839026805375399,38.380696774695984
1098,0.4344783525938869,-2.5365056575496374,-0.35733785702213045,-0.24714589782460356,-67.71233367919922,0.30854760086415917,-0.548558200370556,-0.7770986287513243,-0.7770986287513243,140.99569084622675
1099,0.45330364216035257,-0.740049721913845,0.3347352890199539,-0.30567381026278473,-67.69657135009766,0.3298450828529756,-0.5100602131706239,-0.7943807652870578,-0.7943807652870578,142.59680643842682
1100,0.48328758141033196,2.479254265572167,-0.3810994998205645,0.29720373076723616,-67.64523315429688,0.32400923514702046,-0.5168267735703803,-0.792406525503339,-0.792406525503339,142.4109772024106
1101,0.47713904222815134,-2.636575580649768,-0.41757596927354174,-0.23085054798215168,-67.61237335205078,0.30803045250522026,-0.5158563928033674,-0.7993806492112048,-0.7993806492112048,143.07099934477262
1102,0.4273161001220555,-1.441167944663433,0.055237294104135595,-0.42373091787545525,-67.69739532470703,0.3355627823528611,-0.496962750837297,-0.8002659828955827,-0.8002659828955827,143.1555093614744
1103,0.4371719617620072,0.3626417482466367,0.40873958230046087,0.15508474461302327,-67.81864929199219,0.32694714288413396,-0.5155571105337802,-0.7920267871340978,-0.7920267871340978,142.3753233439652
1104,0.3640753790712271,2.4221729924653417,-0.2738532291971287,0.23990683713509006,-67.84453582763672,0.32910780967671566,-0.5137876721597341,-0.7922816907807958,-0.7922816907807958,142.399253218545
1105,0.41150407028627733,-1.003518538852385,0.22111686429029037,-0.3470488901993533,-67.74381256103516,0.34799663220653176,-0.514463203663261,-0.783725689287678,-0.783725689287678,141.60297323100207
1106,0.4627940227411675,-1.3938264448651494,0.08147377401117377,-0.45556594652511995,-67.70497131347656,-0.3270943110838117,0.5265201717239836,0.7847202179276086,0.7847202179276086,38.30519075770053
1107,0.4625804836269473,-1.496455673914193,0.034356869020318204,-0.46130283912378117,-67.85382080078125,0.33806713656776133,-0.5109694829423175,-0.7903295506777761,-0.7903295506777761,142.21631918657764
1108,0.4654859158916842,-2.749967264344547,-0.43024392330299516,-0.1776719008576386,-67.67987823486328,0.3110285944566755,-0.5305410750514541,-0.7885349587136593,-0.7885349587136593,142.04881112260273
1109,0.4981943774641937,-2.775255022106325,-0.4651369182181233,-0.17845247279733167,-67.6836166381836,0.33000392915484716,-0.5241428672076189,-0.7850934094091856,-0.7850934094091856,141.7293183152299
1110,0.430902215385914,-1.624448253536183,-0.023107644363410944,-0.43028218182544203,-67.68787384033203,0.3320649032348765,-0.5067108860645392,-0.7955985030046887,-0.7955985030046887,142.71182235802073
1111,0.4345617238277272,2.654373350232101,-0.3839953018568746,0.2034490107323542,-67.74337005615234,-0.31798640533352646,0.5257304246500063,0.7889817276847331,0.7889817276847331,37.90954606299122
1112,0.48046123139403407,0.84762063045818,0.31795427642432006,0.360205598202136,-67.63705444335938,0.3293965227851465,-0.5144286815504955,-0.7917455793215858,-0.7917455793215858,142.34893911724484
1113,0.45051650466013765,2.0997112411288112,-0.22732919749828362,0.38895572618997937,-67.77053833007812,0.3266060321445938,-0.5161501515348957,-0.7917812329408097,-0.7917812329408097,142.35228343394667
1114,0.45163177773627233,1.7529663174159487,-0.08181945633607414,0.4441585744146959,-67.8155517578125,0.3192671950909402,-0.5225039218792874,-0.7906061660267565,-0.7906061660267565,142.24219478120528
1115,0.4016280045163108,-1.584474781751332,-0.005493479260166072,-0.4015904327761954,-67.70085144042969,-0.3337747290362157,0.5270121596731882,0.781570607055692,0.781570607055692,38.595395509465746
1116,0.4327034388239987,1.9415920172121999,-0.15679318979769982,0.4032966173961498,-67.60063934326172,0.3325910048294024,-0.5171345940109637,-0.7886412588646908,-0.7886412588646908,142.0587157157812
1117,0.41087425359377155,1.8702819636290027,-0.12121972882171468,0.39258556979419,-67.75016784667969,0.33667737078161525,-0.5268710044693603,-0.7804199463449318,-0.7804199463449318,141.2990413889604
1118,0.4334244501495434,1.7891521348260473,-0.09389047012607582,0.423132761207329,-67.67449951171875,0.3324852564699515,-0.5255311554589196,-0.7831159293949547,-0.7831159293949547,141.54675899536883
1119,0.44302402520358897,1.4277941852893912,0.06313767965473377,0.4385019045744345,-67.67739868164062,0.34250185705564634,-0.5232042315565171,-0.7803523627149392,-0.7803523627149392,141.29284872968165
1120,0.43710054575106105,1.683922093700563,-0.04934193537529806,0.4343066434091186,-67.8458480834961,0.3380997425308442,-0.525024418192658,-0.7810492458238713,-0.7810492458238713,141.35674399849628
1121,0.4530779263232108,1.8968885676123868,-0.14514064027255505,0.4292013535190839,-67.86482238769531,0.3215026317968757,-0.5195696216944157,-0.7916334163992855,-0.7916334163992855,142.33841986195432
1122,0.4153046313188763,1.681237571533718,-0.04577357574441256,0.4127744136431888,-67.7849349975586,0.31512447098870316,-0.5162204928823455,-0.7963748931956598,-0.7963748931956598,142.78531131036212
1123,0.44623534887396865,1.7672258175551046,-0.08709118859140282,0.4376541002371727,-67.63320922851562,0.3119975751207935,-0.5192974434780442,-0.7956052276826193,-0.7956052276826193,142.71245834852826
1124,0.42961201382694664,1.4633765030927885,0.04606014591079768,0.4271357458503334,-67.61428833007812,0.3200150004359384,-0.5168425197796642,-0.7940177638087159,-0.7940177638087159,142.5625791679116
1125,0.4432992650446246,1.9193049966067062,-0.15138515268584618,0.4166494617005851,-67.67951965332031,0.31297625325723993,-0.538830959686159,-0.7821170384160883,-0.7821170384160883,141.45482021731038
1126,0.4067157816946657,1.8157698908176994,-0.09864105435913358,0.3945727682879565,-67.75897979736328,0.32602229861184107,-0.5124467503322027,-0.7944229282201117,-0.7944229282201117,142.60078369848986
1127,0.4515593174158854,2.553630964203559,-0.3757303108332568,0.25046466949700624,-67.76187133789062,0.3366143422516698,-0.5135107703166302,-0.7893018898743984,-0.7893018898743984,142.12031980097453
1128,0.4404452130957158,-3.0091735069416887,-0.4365892864016231,-0.05815308021293527,-67.76475524902344,0.33943980218729136,-0.5130976090880531,-0.7883599839154548,-0.7883599839154548,142.03251249873102
1129,0.42873485168287656,-2.243815037863282,-0.26725156332825584,-0.33524643912522234,-67.66561889648438,0.3304128073799775,-0.5117550567773095,-0.7930536795086034,-0.7930536795086034,142.47180538317488
1130,0.379041194030163,-1.829788475466726,-0.09707489235814072,-0.3663996343413392,-67.62862396240234,0.31966751709545366,-0.5185168053165337,-0.7930655717646328,-0.7930655717646328,142.47292396279389
1131,0.4141463474114076,-1.8094401258753343,-0.09789801695736355,-0.40240921379862327,-67.66326141357422,0.33039985727903776,-0.5145373896523615,-0.791256727592079,-0.791256727592079,142.30311021191173
1132,0.40217380672239034,-2.053968974093052,-0.18684631849292352,-0.3561351205360398,-67.85356903076172,0.3225006170078622,-0.5261975691153491,-0.7868350972641255,-0.7868350972641255,141.8907223022725
1133,0.4627990621670725,-1.9856575629387008,-0.18653715129029994,-0.4235408635907775,-67.88619232177734,0.3164500007605542,-0.5046264844329674,-0.8032505886879071,-0.8032505886879071,143.44164154668943
1134,0.4488847335711545,-1.7450059325103673,-0.07780508361416602,-0.4420903448358028,-67.7091064453125,0.3195931420262584,-0.5062753561312427,-0.8009653471555229,-0.8009653471555229,143.22238534690834
1135,0.4765811685265757,-1.767976736457061,-0.09336470935083017,-0.4673463825065851,-67.67709350585938,0.32072680020642796,-0.5123824603733849,-0.7966169304823134,-0.7966169304823134,142.80824665341197
1136,0.37046137370960613,-1.9269995459213844,-0.12918666325015618,-0.34720661780717715,-67.70353698730469,0.31740976306205126,-0.5151195111380301,-0.7961802129906329,-0.7961802129906329,142.7668722716699
1137,0.37571896257582943,-2.3871284486862683,-0.2737633437460113,-0.25732930353937694,-67.66791534423828,0.3190114655057131,-0.5064135044446196,-0.8011098847174566,-0.8011098847174566,143.2362196244449
1138,0.3815453443595956,-2.953674293201882,-0.3748283314284884,-0.07127812961222837,-67.7147445678711,0.31068054083712277,-0.5168220746427097,-0.7977296187977216,-0.7977296187977216,142.91384058916248
1139,0.491583444733881,-2.29537430112073,-0.3258310918893395,-0.36808746609281523,-67.68458557128906,0.3039444990164246,-0.5082880399515893,-0.8057673423264474,-0.8057673423264474,143.68442691299703
1140,0.4556724189487642,-1.6575570580500876,-0.03948489215256872,-0.45395847462330524,-67.70510864257812,0.3175367627468949,-0.5109575915146458,-0.7988070755681715,-0.7988070755681715,143.01633698084197
1141,0.3631305584369597,-1.7141825137950295,-0.051889673600403766,-0.35940404038405266,-67.66764068603516,0.31809996092557435,-0.5231273631634026,-0.7906643894655012,-0.7906643894655012,142.24764313328305
1142,0.3525755416859172,-1.1028651401796725,0.15902596464696914,-0.31467484037211946,-67.70157623291016,0.327977857320679,-0.5237536266866023,-0.7862014141681302,-0.7862014141681302,141.83193131331532
1143,0.41625889850219583,-0.10435010642036896,0.4139946441675893,-0.043357873365889185,-67.8323745727539,0.33236568255248966,-0.517745474157172,-0.7883353836097825,-0.7883353836097825,142.03022149579903
1144,0.49477037341542535,1.6583614835990599,-0.04326930013509544,0.49287472046703557,-67.83940124511719,0.3119096374451463,-0.5249657965615018,-0.7919111632685736,-0.7919111632685736,142.36447306701712
1145,0.4395009026242507,2.881619006611718,-0.42473224508210017,0.11297594166480704,-67.70655059814453,0.31314833907745393,-0.5111348988286716,-0.8004244080064249,-0.8004244080064249,143.17064946640923
1146,0.36566400469459176,-2.913596903802266,-0.3562011186830964,-0.0826494245484932,-67.69183349609375,0.32547068089359726,-0.5076739984546438,-0.7977066799091836,-0.7977066799091836,142.91166109483478
1147,0.4151829926890468,3.129024617926557,-0.41515020289781845,0.005217897290406705,-67.5787353515625,0.3329070487898647,-0.5006864156124866,-0.799053196030867,-0.799053196030867,143.0397841131159
1148,0.4505804059935556,1.617170824857295,-0.020887951368396263,0.45009598504424464,-67.7732162475586,0.3140874708928515,-0.5285105178616502,-0.7886860548645086,-0.7886860548645086,142.06289027312977
1149,0.4796226397150993,-1.326110948259572,0.11618910570691417,-0.4653364033065836,-67.64632415771484,-0.3309419436871489,0.5459816165862501,0.7696632408127836,0.7696632408127836,39.67634220221879
1150,0.4398142297069878,1.8395928968600324,-0.11680208647409429,0.42402102453539875,-67.57696533203125,0.3088342625499061,-0.5282371387510585,-0.7909405309625692,-0.7909405309625692,142.27349263654978
1151,0.3727906212319813,1.7282747530780473,-0.05846413294701475,0.36817766422921466,-67.78517150878906,0.31847631983049557,-0.5321972754522102,-0.7844353980465621,-0.7844353980465621,141.66848959949877
1152,0.4112339431459443,1.7784588633864762,-0.08478542662969936,0.40239879153220826,-67.74303436279297,0.33083226385168635,-0.5067530921970895,-0.7960849934168187,-0.7960849934168187,142.7578564402682
1153,0.4270201290761077,-2.6351620241009095,-0.3734211730540184,-0.20712995474130858,-67.7771224975586,0.32607877992310186,-0.5162755635392261,-0.7919167707380087,-0.7919167707380087,142.36499921693235
1154,0.44536976302504616,-1.1303307342345572,0.18988814812373023,-0.4028606670042709,-67.75025939941406,0.3295337292354167,-0.5156898322808877,-0.7908675730982458,-0.7908675730982458,142.26666161306318
1155,0.4612777041500861,-2.182987482362394,-0.26507879559131814,-0.3775054337010668,-67.61471557617188,-0.32076927763433805,0.5261085873227532,0.7876019457004928,0.7876019457004928,38.03802905522507
1156,0.4531161610636353,1.534543462361833,0.016423160796048934,0.4528184351442788,-67.85228729248047,0.2910376368852031,-0.5125425311932206,-0.807834913601983,-0.807834913601983,143.88493279333392
1157,0.36189494433596603,1.8929695375836657,-0.11458632750589805,0.34327528935920076,-67.86996459960938,0.2884341896603399,-0.5104984338557821,-0.8100599158493011,-0.8100599158493011,144.10178576977677
1158,0.3824750154944683,2.5565464629912076,-0.3188642870590154,0.2112171960703947,-67.76163482666016,0.28279169532704296,-0.5088634513781904,-0.8130724721115168,-0.8130724721115168,144.39721574016272
1159,0.43649142629214427,2.794039799162668,-0.41039317621186183,0.14866810735759745,-67.6708755493164,0.30761891359219135,-0.5146461936128617,-0.8003186236744418,-0.8003186236744418,143.16053945460365
1160,0.41397490529716535,-2.168344010793703,-0.23290923395310856,-0.3422404285808051,-67.73135375976562,0.29016011964839866,-0.5136807896047316,-0.8074274898445597,-0.8074274898445597,143.84534632040072
1161,0.37755913298483096,-0.043437922960889164,0.3772029896693824,-0.016395227498788443,-67.68761444091797,0.3084495816134277,-0.5273471663725257,-0.7916841679112758,-0.7916841679112758,142.34317930766224
1162,0.38351884835636485,1.0819619357609573,0.1800993442018192,0.3386014371834045,-67.7500228881836,0.3147755209115891,-0.5207084725352693,-0.7935862007777255,-0.7935862007777255,142.52192197129688
1163,0.4317504672837754,-1.7045409367496454,-0.05757230039849805,-0.4278947256353875,-67.77333068847656,-0.3224200128314899,0.5239731283232567,0.7883511248935223,0.7883511248935223,37.96831254703078
1164,0.46026595185663793,0.8962973915511965,0.28743887318232925,0.3594768985931777,-67.65364074707031,0.3239496248223173,-0.529793669246684,-0.7838209671880532,-0.7838209671880532,141.6117632608189
1165,0.46574986835178606,2.3367064636552684,-0.3228546734602892,0.33569003514336865,-67.74598693847656,0.3162450574949377,-0.5173821283144608,-0.7951759534284362,-0.7951759534284362,142.67187804814762
1166,0.46357941834391875,-2.7101501804419126,-0.42109861337381194,-0.1938603490318195,-67.67909240722656,0.3083641295360212,-0.5115626578331453,-0.8020069892003314,-0.8020069892003314,143.3221853678461
1167,0.4385966991871946,-1.434183118754261,0.05973189901351715,-0.43451025854189157,-67.8356704711914,0.31464207755736723,-0.5025762223980013,-0.8052437542201359,-0.8052437542201359,143.63380256120809
1168,0.4228317487857065,-0.24682901950667863,0.4100165904710198,-0.10331061571638651,-67.90109252929688,0.3097137470755844,-0.5051729474674724,-0.8055294457804926,-0.8055294457804926,143.66141778668347
1169,0.3844999252803672,1.5848502804479214,-0.0054035662457338025,0.38446195392058746,-67.7529067993164,0.30684139802541976,-0.514282229064848,-0.8008508883218506,-0.8008508883218506,143.2114331965193
1170,0.4035415837464927,-2.2554805372444084,-0.2552111688488814,-0.3125908973521387,-67.74298858642578,0.3167883710429983,-0.5194228608200164,-0.7936277588576862,-0.7936277588576862,142.5258354859254
1171,0.40733214113323407,-0.2795129353562229,0.39152355115312787,-0.11237785410226062,-67.81269836425781,0.28834389905542035,-0.5064589285621454,-0.8126236210923243,-0.8126236210923243,144.35306408003828
1172,0.3684206094363036,-2.4396618387537417,-0.2813248342692311,-0.2378867021941475,-67.71317291259766,-0.30584003491022627,0.5040871533322546,0.807686829712789,0.807686829712789,36.12945980040323
1173,0.36447010235150096,-1.7724444300715096,-0.07299764339695883,-0.3570851433014317,-67.76607513427734,-0.31423916215951614,0.5180535808008825,0.7955339316362747,0.7955339316362747,37.294284046609874
1174,0.46316134148691224,1.102271112033794,0.20915019382148883,0.41324886530078914,-67.60859680175781,0.31529702844837676,-0.5174359879703251,-0.7955173047802274,-0.7955173047802274,142.70414371819334
1175,0.43352440188259767,-1.0051159396013645,0.23236489126215282,-0.36599175446503157,-67.69512176513672,-0.30012295416757756,0.5148658513154206,0.8030189085762387,0.8030189085762387,36.58063832983453
1176,0.43288283819118867,-1.0969126191181608,0.19754411437091016,-0.3851803142398007,-67.77983856201172,-0.3120932901831523,0.5088821511426316,0.8022697392218547,0.8022697392218547,36.65260360434237
1177,0.42089354356693914,2.634560026332253,-0.3679406183314051,0.20437973578179947,-67.79658508300781,0.31834216972744656,-0.5114742647203381,-0.7981555860244364,-0.7981555860244364,142.95433299549126
1178,0.3905136054312175,-2.4373843130770947,-0.2976199219169683,-0.25283049283072306,-67.66973114013672,0.30461553460567276,-0.5144154817094437,-0.8016146756731324,-0.8016146756731324,143.28457033790065
1179,0.4221228416885911,-0.7475003857003598,0.30958084616104853,-0.28696235496221545,-67.85895538330078,0.30837171260683377,-0.5112943179011991,-0.8021751724815946,-0.8021751724815946,143.33832094152746
1180,0.44749028345413905,-1.750348065707108,-0.07991663486914725,-0.44029636071293743,-67.74822235107422,-0.3026593383228476,0.510436590064068,0.8048924229049139,0.8048924229049139,36.40013270578261
1181,0.44677100037094336,3.094687289486611,-0.4462796170888765,0.020948273042407508,-67.7182388305664,0.31049543058451584,-0.5118874204581877,-0.8009768138734097,-0.8009768138734097,143.22348270987078
1182,0.435718007360752,-1.5689655376001763,0.0007977073741964738,-0.4357172771435274,-67.74372863769531,0.3149893821967836,-0.5140455255192805,-0.7978338716781179,-0.7978338716781179,142.92374735816512
1183,0.4318111578626071,0.204565300245318,0.4228076286242498,0.08771878494247315,-67.7496566772461,0.3185302899500437,-0.5139565224336962,-0.7964842417977914,-0.7964842417977914,142.79567163644558
1184,0.41434746161898206,2.7836575617268386,-0.388087048399256,0.14516288029261243,-67.86526489257812,0.3273175383407027,-0.5014247816584346,-0.8008972577262167,-0.8008972577262167,143.21586977912594
1185,0.4511725052015359,-1.5589805578666422,0.005330826024657462,-0.45114101093086717,-67.85443115234375,0.31429477558554497,-0.5002503324412817,-0.8068261268278434,-0.8068261268278434,143.786984446971
1186,0.43187556916984493,-0.668820047750143,0.3388296421849061,-0.2677890603117051,-67.71282958984375,0.2946347191274532,-0.5127326014160531,-0.8064091156043648,-0.8064091156043648,143.74656141682618
1187,0.40935835052674246,-1.0132449593023392,0.21659559322213545,-0.3473623585576402,-67.68395233154297,0.32454487649448327,-0.5099079224506127,-0.7966583544803134,-0.7966583544803134,142.8121731851646
1188,0.40983821444651114,-1.1048795205875253,0.1841165694760387,-0.3661535891741053,-67.69731140136719,0.30500493615402335,-0.5110678077597701,-0.8036054285489259,-0.8036054285489259,143.47578794096023
1189,0.4242319910787867,1.1025943159664136,0.19144848372852008,0.378576624123469,-67.7076416015625,-0.3272160106675821,0.5165044301845446,0.7912982092501738,0.7912982092501738,37.69300280508053
1190,0.46161097919931504,-2.8453676611366934,-0.44150563781814334,-0.13474964894998775,-67.66618347167969,0.3243514124439064,-0.5213530033717719,-0.7892953864814339,-0.7892953864814339,142.1197129423306
1191,0.4499128031969076,-3.129634495714041,-0.44988063536825035,-0.005380000107681733,-67.5859603881836,0.31966535060553103,-0.5257714904511567,-0.7882755885164859,-0.7882755885164859,142.0246533252988
1192,0.38390305467997454,-2.634482133950467,-0.33558940842925744,-0.1864438369663008,-67.65413665771484,0.3264207382993664,-0.5107994409911824,-0.7953197047044619,-0.7953197047044619,142.68546299314627
1193,0.35728864811796096,-2.283557943355282,-0.23364018911438547,-0.2703098964236314,-67.73218536376953,0.29953255916727634,-0.5160089553355292,-0.8025054541946978,-0.8025054541946978,143.37002608675513
1194,0.45693320829219325,2.8570787693824173,-0.4385636773920315,0.128256998688473,-67.77079772949219,0.304348492499958,-0.5175357265442069,-0.7997054250556032,-0.7997054250556032,143.10198171894797
1195,0.4968824003790422,0.9839617800099392,0.27513766603074896,0.4137528060782076,-67.6811294555664,0.30257692951563203,-0.5219979079217621,-0.7974743794318385,-0.7974743794318385,142.88959568737783
1196,0.430153224863297,-1.042995643189383,0.21664001911140604,-0.3716166021314222,-67.8447036743164,0.30992324957235845,-0.5214643166301426,-0.7949984565116892,-0.7949984565116892,142.65510985989258
1197,0.34614713961017535,-2.1940670790590686,-0.20204402328596605,-0.2810623683717304,-67.72752380371094,0.3130862225016247,-0.5296480510849341,-0.7883209747695379,-0.7883209747695379,142.02887966880056
1198,0.3974547607779949,2.3711913817994033,-0.28522596569307956,0.27679674015339006,-67.66434478759766,0.3148258319528632,-0.5335642441366639,-0.7849801863194117,-0.7849801863194117,141.71884577613912
1199,0.4267225842887408,-0.06954895352530557,0.42569095950684166,-0.029654189184767803,-67.69087219238281,0.3009627265101239,-0.5322868164136259,-0.7912598702852557,-0.7912598702852557,142.30340468180444
1200,0.4424346576931357,-2.246779692675269,-0.27681576287889004,-0.34513976842696686,-67.77484130859375,0.30424600946882757,-0.5349216588628334,-0.7882215326935245,-0.7882215326935245,142.01962019713835
1201,0.4622301998037171,2.1205836485013654,-0.2415180082429331,0.39411395471988897,-67.76395416259766,0.3067085180864539,-0.5299542917436529,-0.7906189560057959,-0.7906189560057959,142.24339156676197
1202,0.4559588292707329,-2.1899886553918204,-0.2646283023111626,-0.3713089220660464,-67.66059875488281,-0.29565279166490205,0.5389693129061555,0.7887341164969452,0.7887341164969452,37.93263040996317
1203,0.43667972587169424,-0.20410215457138975,0.4276157227555794,-0.08850975448842598,-67.75780487060547,0.2969180954587159,-0.5385722616415595,-0.7885300016990251,-0.7885300016990251,142.0483493027676
1204,0.3937958773077928,-0.892206729973784,0.24718398199002173,-0.3065538648136259,-67.89740753173828,0.3105431060352642,-0.5395531864970949,-0.7825888692249602,-0.7825888692249602,141.4982248158304
1205,0.39857172064751906,-1.4061290947474425,0.065335500024816,-0.3931802244981698,-67.68147277832031,0.32299428581263,-0.5231569101078851,-0.7886580619880579,-0.7886580619880579,142.06028155992092
1206,0.388193964849031,-2.557455542777908,-0.32382684898164543,-0.21408112066184,-67.6319580078125,0.31096421639371147,-0.525653701116519,-0.7918266493527168,-0.7918266493527168,142.35654386907925
1207,0.41635544961084503,2.056346232189255,-0.19431091348452165,0.3682324392574066,-67.64199829101562,0.3057656117136528,-0.5155621744390259,-0.8004392762609037,-0.8004392762609037,143.17207064498308
1208,0.45601018514975816,-0.04858011335339184,0.45547219269977746,-0.02214431388807258,-67.6848373413086,0.3026369137734956,-0.5139148354480875,-0.8026845210467305,-0.8026845210467305,143.38722534329176
1209,0.4426179499295975,-2.686159699552556,-0.39750220195110353,-0.19468602683270259,-67.70582580566406,0.2977026006989469,-0.5251367947718414,-0.7972480845469875,-0.7972480845469875,142.86811152468948
1210,0.4539861566429107,1.0788181287842578,0.21444962027242714,0.4001434627585627,-67.7403335571289,0.3134789266418913,-0.5303547326672317,-0.7876895454993149,-0.7876895454993149,141.97011713468362
1211,0.44670066404986075,-1.2855802637147222,0.12568583950866818,-0.4286543514413307,-67.71785736083984,0.31353282434153223,-0.5437055764753771,-0.7785123082970493,-0.7785123082970493,141.1245648487721
1212,0.43848351962715876,-2.9272175760356673,-0.4284464253487996,-0.0932816037086434,-67.6206283569336,0.31245791907497583,-0.53952562136269,-0.7818453508850323,-0.7818453508850323,141.42984588862248
1213,0.4005815121429585,-1.370000477341649,0.07989568346131506,-0.39253309113371393,-67.7725601196289,-0.30600655113186,0.5437608392138329,0.7814628208698432,0.7814628208698432,38.605294289632376
1214,0.3909034341135395,0.8724818434019826,0.25132261397352984,0.2994034711009049,-67.8269271850586,0.32088034760483647,-0.5324098097677988,-0.7833106644135619,-0.7833106644135619,141.5647042130887
1215,0.41946873320513567,0.1692507362642321,0.41347505036909155,0.07065692364516382,-67.80663299560547,0.30620309462678225,-0.5305816320873048,-0.7903940767316983,-0.7903940767316983,142.2223538373218
1216,0.4292770182961499,2.5285122819087125,-0.3510968676102427,0.24700151414821067,-67.66822814941406,-0.3103746094909693,0.5337027999043364,0.7866568013801191,0.7866568013801191,38.125827160911925
1217,0.470680598511053,-1.6493388550727923,-0.03693044665746431,-0.4692295471561901,-67.70502471923828,0.3093657157141454,-0.5271138345485525,-0.7914820650957265,-0.7914820650957265,142.32422926993706
1218,0.3887007512298565,-2.998112965746715,-0.384706631721046,-0.055579506263570236,-67.66015625,0.3112124949845946,-0.5243905850030864,-0.7925662731441355,-0.7925662731441355,142.4259846168285
1219,0.38658461617163403,2.007957827951499,-0.1636681805205412,0.3502290566838582,-67.68329620361328,0.2877561904164326,-0.5290058573281134,-0.7983415170148485,-0.7983415170148485,142.97201946849867
1220,0.39279049426848883,0.34528801999130526,0.3696072161393386,0.13294689979616678,-67.6899642944336,0.30381839930904614,-0.534904570805044,-0.7883980469110515,-0.7883980469110515,142.03605750044562
1221,0.4187572671811753,-0.9914141255396829,0.22927256299942494,-0.35041652454289446,-67.70564270019531,0.3075042065139658,-0.5419787293929206,-0.782112664430037,-0.782112664430037,141.45441803925775
1222,0.4734470233493004,-2.310789056729048,-0.3192370628301656,-0.3496280618512791,-67.61813354492188,0.2930158414962275,-0.5327612131576931,-0.793918891567017,-0.793918891567017,142.5532611694
1223,0.44806549295546083,2.1961538714852127,-0.2622918003468139,0.36327083209121985,-67.55675506591797,0.2970875497574628,-0.5410152753763929,-0.7867918781917572,-0.7867918781917572,141.8867101389749
1224,0.4032468817249082,1.736278126379158,-0.06642587807431531,0.3977381680740714,-67.7548828125,0.2940177190835738,-0.5378103708276273,-0.7901351693825195,-0.7901351693825195,142.19814507594634
1225,0.3923613643726812,0.7586979040125107,0.28474936949369234,0.2699356160741605,-67.93773651123047,0.2873304946096491,-0.5409830735453366,-0.7904293143632867,-0.7904293143632867,142.22564970197064
1226,0.4097335022302793,-0.2701407065920012,0.39487384315119084,-0.10934436814440444,-67.75691223144531,0.2858889950712443,-0.5436889179283405,-0.7890943182022441,-0.7890943182022441,142.100954499709
1227,0.431551126143774,-0.6798480793564491,0.33560360319255417,-0.2713053556421881,-67.79176330566406,0.27895902775395914,-0.5357086097983318,-0.7969931908256838,-0.7969931908256838,142.84392495717557
1228,0.4728982036213363,-0.5307170389226161,0.40784838935218287,-0.2393583136035118,-67.69615173339844,0.2907526826296751,-0.5398340375376,-0.7899633469088934,-0.7899633469088934,142.18208633803553
1229,0.41976574217104645,-0.308807949133064,0.3999093695832229,-0.12757654337674587,-67.74420928955078,0.2852602729696669,-0.5423821193072902,-0.7902203574453164,-0.7902203574453164,142.20610900791996
1230,0.408611263701797,3.071484220497958,-0.40760747346767595,0.02862363354428233,-67.82070922851562,-0.27763041371245983,0.530487380313957,0.8009397559801135,0.8009397559801135,36.780063622856794
1231,0.3686433378552171,-0.1379498428364272,0.36514122626306594,-0.05069314971611235,-67.70455169677734,0.29229833185788007,-0.5464742129399066,-0.784810562992631,-0.784810562992631,141.70316104926954
1232,0.4269360494523943,-3.0921641051724515,-0.4264146145214914,-0.02109423723449566,-67.60670471191406,-0.2863123414492167,0.5333447860456672,0.7959702144752459,0.7959702144752459,37.25300888293847
1233,0.3996214211401701,-1.0754992783769166,0.18993727355798012,-0.35159794132993755,-67.69403839111328,0.30411596758544174,-0.5546849632300512,-0.7744921367102751,-0.7744921367102751,140.75901060276362
1234,0.4511131578215786,-1.5724393338267382,-0.0007411817569904172,-0.45111254893802233,-67.7372817993164,0.2935487439762364,-0.5469526185946352,-0.7840101835578704,-0.7840101835578704,141.62922479777995
1235,0.4568612333637949,-2.65882799255902,-0.40464878869796567,-0.21208852952471766,-67.86329650878906,0.288778867238615,-0.5425864079583034,-0.7888008340102639,-0.7888008340102639,142.07358836934554
1236,0.41913026371963025,2.6472613441314152,-0.36895457133133164,0.1988534693169825,-67.7812271118164,0.30122086477597493,-0.5391182450211609,-0.7865224144987334,-0.7865224144987334,141.86170304363677
1237,0.4309802048092493,1.2122674716262507,0.15122966643884167,0.40357592213388943,-67.62789154052734,0.2978526973754288,-0.5546055308297172,-0.7769790703997559,-0.7769790703997559,140.9848080751169
1238,0.42517970802775723,0.043293824780648874,0.42478130135125414,0.018401905904114595,-67.77128601074219,0.28651849377066235,-0.5551291069841234,-0.7808577510061616,-0.7808577510061616,141.33917749943367
1239,0.46353481833304544,-1.5720461016989624,-0.0005793140323046112,-0.46353445632692875,-67.58354949951172,0.29377809498632473,-0.5593664582990289,-0.7751152148140344,-0.7751152148140344,140.8154795134715
1240,0.47215266887445084,2.2535585579636757,-0.2978992768722707,0.3663115662441538,-67.50576782226562,0.2905688756601158,-0.547691769647729,-0.7846040109238259,-0.7846040109238259,141.68406893480258
1241,0.44098902038380583,-0.23529391888595313,0.4288379482253844,-0.10280724809521567,-67.7426528930664,0.28064167996111106,-0.5443501813844245,-0.7905207951062069,-0.7905207951062069,142.2342072690565
1242,0.45440779517011376,-2.880679867520695,-0.4390283251873636,-0.11722019448261702,-67.74717712402344,0.28548922675834426,-0.5543972985204371,-0.7817541408896816,-0.7817541408896816,141.42146465404832
1243,0.45477507857310095,0.9414360540520219,0.2676932177051369,0.3676420994470578,-67.84632110595703,0.30875547446576135,-0.5524451456511296,-0.7742573332128828,-0.7742573332128828,140.73774828177042
1244,0.41262166114433796,-1.2269050796220566,0.13911665135068008,-0.38846260124043624,-67.69322204589844,0.3194962292949759,-0.5576479099906894,-0.7661272531044098,-0.7661272531044098,140.00738195151158
1245,0.4159215674396338,2.4480214380848353,-0.3198303302466874,0.2658934187145984,-67.54924774169922,0.3214322514297244,-0.5532653308989688,-0.7684912370131967,-0.7684912370131967,140.21859590785095
1246,0.39498893075828234,2.8287522281906305,-0.3758174450714465,0.12156275499321936,-67.74073791503906,-0.30236089901607893,0.5497381283211187,0.7786949832997396,0.7786949832997396,38.85875588495818
1247,0.3773689049118122,3.1269194664719566,-0.3773282814214144,0.005537005860772812,-67.77940368652344,0.31156625498499985,-0.5513267405634147,-0.7739284811236394,-0.7739284811236394,140.70798573085477
1248,0.3923424700086034,1.1603837022179795,0.1565398278157675,0.3597608873680708,-67.65332794189453,0.308139182593735,-0.5546129646928681,-0.772951941290694,-0.772951941290694,140.6197157283962
1249,0.4470008614584825,-1.806405198189291,-0.10434568117457259,-0.4346512958278623,-67.80293273925781,0.3158999977911868,-0.56182363376143,-0.764566148833854,-0.764566148833854,139.86841012519164
1250,0.46655807184904896,-2.4500772350169377,-0.3593805893033971,-0.29752651384279244,-67.74150085449219,-0.3117728797516007,0.5685024139817324,0.7613164104026243,0.7613164104026243,40.41961244092861
1251,0.5337402875066479,-2.7044512801553178,-0.4835503220597186,-0.22595968787290707,-67.59647369384766,0.3044355045985516,-0.5800423051091604,-0.7555593608866724,-0.7555593608866724,139.07426951786664
1252,0.4578461988586755,-1.8792559565556817,-0.13899813590773732,-0.4362369310632836,-67.76941680908203,-0.3150751721611402,0.5863307095688935,0.7462867645242449,0.7462867645242449,41.73025837565583
1253,0.35145759039337654,2.3499167201515445,-0.24695301949251405,0.25007327727817785,-67.67582702636719,-0.31587225741281855,0.5826234688667484,0.7488488569281568,0.7488488569281568,41.509239518624646
1254,0.40694488169194626,-1.0245792776641758,0.21139095268974759,-0.3477326585988049,-67.80931854248047,-0.3176800603588721,0.5813341639583663,0.7490860892215332,0.7490860892215332,41.48872597989385
1255,0.39114748359202883,-0.4380951006585068,0.35420806012043393,-0.16593072068214354,-67.68673706054688,0.29739150196896463,-0.5935822101212811,-0.7478091029027253,-0.7478091029027253,138.40095036189953
1256,0.4111101758344345,-2.9541626723615875,-0.40391014121056773,-0.07660401100385585,-67.84652709960938,0.3091274061868879,-0.5899480956529339,-0.745923247512533,-0.745923247512533,138.23846029865567
1257,0.4369056762829692,0.21030379244018424,0.4272795699062504,0.09120712203007188,-67.80049133300781,0.31481230034437474,-0.5849312430396276,-0.7474949206971238,-0.7474949206971238,138.37384365049377
1258,0.45143109133575415,2.5375852317974115,-0.37155768790080257,0.2563882110909154,-67.68601989746094,0.31936756474931466,-0.58553014631523,-0.7450897975023936,-0.7450897975023936,138.16681243308383
1259,0.40398516509675364,-1.9228017913780684,-0.1392864073289282,-0.37921406929549856,-67.78318786621094,0.3200204513042439,-0.5717193404971763,-0.7554627101641098,-0.7554627101641098,139.0658168009023
1260,0.44599363590839997,-2.8476399872781264,-0.4268632380267989,-0.1292211255641697,-67.76741790771484,-0.31961828544188065,0.5750909477593374,0.7530700853283574,0.7530700853283574,41.142977377108124
1261,0.508044590119596,2.8675757077468087,-0.48909029890456196,0.1374772165387216,-67.55696868896484,0.3285825593684952,-0.5839642031085545,-0.7423067500478764,-0.7423067500478764,137.92828777188734
1262,0.46570661372036115,-1.035869645778732,0.2374069693807725,-0.40065019774402033,-67.7632827758789,0.32026782957782457,-0.5957600734542715,-0.7365449424273244,-0.7365449424273244,137.43792343117718
1263,0.45339802195217055,-2.8773383308778584,-0.4376594577796876,-0.11842282434619911,-67.74921417236328,0.3186452822891433,-0.5876231560721252,-0.743750099511057,-0.743750099511057,138.05185398712942
1264,0.44387912425219034,2.469606955632721,-0.3473740458750263,0.27633304036851364,-67.68588256835938,0.3016500302332791,-0.5875747993186905,-0.7508416041122539,-0.7508416041122539,138.66333291374139
1265,0.44100441897735143,0.8765580416761738,0.2821547224633522,0.3389300962575912,-67.7863540649414,0.3103476323572515,-0.5936955683586098,-0.7424351279415566,-0.7424351279415566,137.93926632599485
1266,0.4221705906430696,-1.637689555226171,-0.02821929726445051,-0.4212263985861034,-67.67810821533203,0.3014139185960234,-0.5965056070412733,-0.7438620237953487,-0.7438620237953487,138.06144829044683
1267,0.4441025621216591,1.435206096161053,0.060031629495546766,0.4400264641395236,-67.64960479736328,0.31613927869981784,-0.6025284092541995,-0.7328133954184809,-0.7328133954184809,137.12277237492353
1268,0.38724523663632593,-1.8576759218928318,-0.1095751944309291,-0.3714191029860313,-67.74530029296875,0.31064708485043946,-0.5880714574166728,-0.7467732920008284,-0.7467732920008284,138.31163822275656
1269,0.3441789407101871,1.3511792637309248,0.07498141285855946,0.33591208813336976,-67.78852081298828,0.30750199702035935,-0.591051998431734,-0.7457211657036057,-0.7457211657036057,138.221079046827
1270,0.3987510025309456,-1.1668395681941592,0.15673294961220746,-0.3666567120963305,-67.76190948486328,0.3245266323899061,-0.5861644871486286,-0.7423568271898981,-0.7423568271898981,137.93256996566797
1271,0.4064059759249511,1.4256412932830176,0.05878493155338908,0.4021320045579253,-67.69176483154297,0.30663046264728483,-0.6077513839737984,-0.7325407938501751,-0.7325407938501751,137.09982282926416
1272,0.4610634198941243,-1.6274510670661246,-0.0261074566276177,-0.46032366642711586,-67.68933868408203,0.3052456324870791,-0.6044037137520097,-0.7358812775511697,-0.7358812775511697,137.38173545032205
1273,0.44911356541300146,2.550922746232237,-0.3730192580404194,0.25011922710770024,-67.6613540649414,0.32446645440294314,-0.5997859474263129,-0.7314221334066281,-0.7314221334066281,137.00574937391312
1274,0.37389875793332883,0.6295029491404895,0.30222993501698936,0.22013029678740817,-67.65699005126953,0.326714955019112,-0.6085733759599046,-0.7231153325989046,-0.7231153325989046,136.31229069500804
1275,0.36820744971144415,-1.6563237777747588,-0.03145346512763022,-0.36686156183834606,-67.72046661376953,0.31567967474212155,-0.5999331654612341,-0.7351370892115103,-0.7351370892115103,137.3188012329795
1276,0.43482836046674894,2.0180264325414923,-0.18805010166944447,0.3920623194446421,-67.71771240234375,0.31508366320213244,-0.5825935845352096,-0.7492042448101458,-0.7492042448101458,138.5214940634984
1277,0.4851581493487786,-1.2669367118838752,0.14516185437215112,-0.4629324636648095,-67.711181640625,0.3131037189316645,-0.5752082773938548,-0.7557125768496615,-0.7557125768496615,139.0876721709727
1278,0.4664191563405446,-1.3549023745882716,0.09991664429320798,-0.4555913669008775,-67.71076965332031,-0.30472971880966215,0.5999586426667725,0.7397225328213468,0.7397225328213468,42.29221501299148
1279,0.4309432146009079,-0.977679653818939,0.24087488537802695,-0.35733925589653115,-67.6873779296875,0.2990646526568641,-0.6062012504644757,-0.7369398737119165,-0.7369398737119165,137.47138806226124
1280,0.38839237370780594,2.3785525910695626,-0.2807060440016339,0.26842643836875824,-67.70993041992188,0.30547649098116736,-0.6022925858655318,-0.7375145791570793,-0.7375145791570793,137.52012402034342
1281,0.390204865362228,-1.5098253019334484,0.023776452796857916,-0.38947980338491656,-67.69908905029297,0.31058819213123123,-0.6103032582112409,-0.7287420036785289,-0.7287420036785289,136.78103520393634
1282,0.3908134396624093,-1.6746919558336528,-0.040530799272877255,-0.3887060572348537,-67.71257781982422,-0.31290011949309626,0.5975320974582008,0.7382742767619697,0.7382742767619697,42.41538281731339
1283,0.4232726402258423,1.8897366965109033,-0.13272160001035982,0.40192624305268426,-67.65498352050781,-0.31417078668083487,0.6104761238346532,0.72705957047835,0.72705957047835,43.35954944332747
1284,0.38960472749684966,-1.188449178286765,0.14536119636860265,-0.3614719439710128,-67.8314208984375,-0.3063960885324411,0.6167436011245176,0.7250853518062425,0.7250853518062425,43.52405144092805
1285,0.3899807438965385,-0.7839935530878054,0.2761450889582937,-0.2753704240733082,-67.64421081542969,0.3042317362110832,-0.6118247446160868,-0.7301462405281904,-0.7301462405281904,136.89865531367124
1286,0.3938871463374431,2.871469468450622,-0.37960402312491637,0.10510884680764158,-67.679931640625,0.31140020741757435,-0.6091328152887435,-0.7293744745730422,-0.7293744745730422,136.83397965621035
1287,0.4122484560743073,-2.880231833898493,-0.39824818650413674,-0.10652310304256257,-67.78558349609375,-0.3263225389818343,0.5972469921443473,0.7326729358499461,0.7326729358499461,42.88905374990036
1288,0.4233194847577223,-2.301159146427226,-0.2824133420151605,-0.3153443997082737,-67.76156616210938,0.31503194063753975,-0.6080452892545085,-0.7287220338328921,-0.7287220338328921,136.77936436635645
1289,0.4330934633384992,-1.861014210628623,-0.12393446036618533,-0.41498216530385784,-67.71613311767578,-0.3029294620810946,0.6200224170682983,0.7237443908839942,0.7237443908839942,43.63550406058279
1290,0.41410679769443604,-1.3790921863077958,0.07890063493583334,-0.4065207617126866,-67.76549530029297,0.29743814182524875,-0.6251800745117688,-0.721581891555631,-0.721581891555631,136.18523924037288
1291,0.4324708589700689,2.5404743571119663,-0.35666030078740923,0.24459042029593886,-67.72724914550781,0.31818554149320544,-0.6149972178595863,-0.7214820740736699,-0.7214820740736699,136.17697916452934
1292,0.42807292920786394,-2.737259006746418,-0.3935551610028005,-0.16840655559882647,-67.67819213867188,-0.3084129593897813,0.6146853996247916,0.7259774831002318,0.7259774831002318,43.449776249005005
1293,0.43668751419181606,0.6300887689297834,0.3528326848389409,0.25730348143849924,-67.6897964477539,-0.29897091703054096,0.6151111063557119,0.7295578918823165,0.7295578918823165,43.15065663244146
1294,0.43478066506097707,3.1043204044430555,-0.4344786969030435,0.016201501421125922,-67.82382202148438,-0.3011502573921034,0.6084415541354035,0.7342393326933424,0.7342393326933424,42.7570202640644
1295,0.42508339000598744,-1.055360242493936,0.20952969148196873,-0.36985564325349074,-67.65679931640625,-0.2908811265531614,0.5999428837625924,0.745289679546006,0.745289679546006,41.81601375750015
1296,0.3910225959328088,-2.5500516847952928,-0.32458095842225193,-0.21805015927470692,-67.7367172241211,0.30115068039002596,-0.62654050505074,-0.7188569142961542,-0.7188569142961542,135.96018563260427
1297,0.3884068297297031,2.5292062066948735,-0.3178249841888665,0.22326474152007372,-67.67192077636719,-0.2852360589369955,0.633489050282813,0.7192579605773374,0.7192579605773374,44.00674977389449
1298,0.4135960515574349,-1.820059579700402,-0.10203003012672862,-0.40081363102599094,-67.80050659179688,-0.3045478295982433,0.625810554883868,0.7180611177907802,0.7180611177907802,44.1053661276183
1299,0.417375791725183,0.0415036526167228,0.4170163673248412,0.01731764710971106,-67.66024780273438,-0.30728300370335554,0.6252323784058966,0.7173992114770892,0.7173992114770892,44.159830125661195
1300,0.47944597909353814,-1.1841717698972567,0.18078195160497398,-0.44405667751184447,-67.78599548339844,0.2905293644845007,-0.6221090708552288,-0.7270302554446246,-0.7270302554446246,136.6380042234209
1301,0.46755261620136884,-1.583958569286216,-0.006153863221011572,-0.4675121162966812,-67.71299743652344,-0.29074773233831175,0.612489535933426,0.7350662041695197,0.7350662041695197,42.68718943353255
1302,0.4862119369233671,1.4398700730736513,0.0634761959399823,0.4820506406548603,-67.7354965209961,-0.2971198841925261,0.6180191691132544,0.7278544367014482,0.7278544367014482,43.29317580192288
1303,0.466811509152373,-1.740873432737523,-0.0790117425354893,-0.46007622153141275,-67.5528564453125,-0.2803717364031264,0.6329325297778059,0.7216564987411689,0.7216564987411689,43.808586070473176
1304,0.48113770045580584,1.2964683688479948,0.13034024418027862,0.46314674515419635,-67.78402709960938,-0.3047437910373345,0.6153758712078046,0.726941372436202,0.726941372436202,43.369412368563374
1305,0.4620756330644486,-1.8432705605637616,-0.1243515820958095,-0.4450287346926939,-67.72290802001953,-0.3214676898521863,0.6306838621851535,0.7063259802388108,0.7063259802388108,45.063232225926505
1306,0.47284082920481546,1.1162569831006968,0.2076000462027448,0.42483016674868523,-67.73593139648438,-0.31497067347115937,0.619802730166667,0.7187753825299461,0.7187753825299461,44.04653390801467
1307,0.4658905047328425,-2.5152834201545144,-0.37746280776209623,-0.27308568464234356,-67.73726654052734,-0.3084057799629041,0.6125192898212968,0.7278090370985284,0.7278090370985284,43.29696899738927
1308,0.4675517826772085,-0.7274857301471316,0.3491904576587254,-0.31091911128897415,-67.820068359375,-0.3187972344572836,0.6044736849967575,0.7300547153801752,0.7300547153801752,43.109018766870754
1309,0.4352426901172748,-1.1843165632134216,0.16405610014743716,-0.4031399202571437,-67.68106842041016,0.2957227464098955,-0.6298460531787248,-0.7182214188890302,-0.7182214188890302,135.9078320495194
1310,0.47168558220996737,-2.4527284840371495,-0.3641264187557833,-0.299832019018723,-67.74034118652344,-0.302606354811674,0.6248655228009826,0.7197030446248271,0.7197030446248271,43.970031307099134
1311,0.35744335034515984,-2.063267902263045,-0.16900107501562223,-0.31496727663288565,-67.72957611083984,-0.3039621918499778,0.6101474067611071,0.7316605278053843,0.7316605278053843,42.97421681650298
1312,0.4040565851270519,0.005091362716353376,0.40405134816615496,0.0020571897450494376,-67.8242416381836,-0.30636642859340746,0.6012466936413287,0.737998661798442,0.737998661798442,42.43878983013558
1313,0.37320233943368936,-1.0833904397080454,0.17478388041345302,-0.32974320509510796,-67.73274230957031,0.29892248675091043,-0.6125873014369115,-0.731698124251316,-0.731698124251316,137.02894334021548
1314,0.3565339702274434,-3.050186892048708,-0.35504558392970237,-0.03254389740274145,-67.75560760498047,-0.29632385296090863,0.612190509318381,0.733085912064134,0.733085912064134,42.85427532915565
1315,0.3902121115680292,-0.89533756117696,0.2439822347662202,-0.3045294093069848,-67.60017395019531,-0.30990675848263444,0.6086770362927043,0.7303903521656868,0.7303903521656868,43.08087136023868
1316,0.4246934409177358,1.6607296899335398,-0.038142644539547105,0.4229771358195099,-67.59951782226562,-0.28630367577896043,0.6310921189929849,0.7209389312420299,0.7209389312420299,43.867945157704135
1317,0.40264920465237075,3.0752408457736897,-0.4017631856622732,0.026696903447563862,-67.69642639160156,-0.2984982296327325,0.611694136132005,0.7326179705193184,0.7326179705193184,42.89368089202025
1318,0.4030252900919708,-1.3872716710769806,0.07355056963198914,-0.39625711117975804,-67.76753234863281,-0.3030145867636167,0.6132765481184642,0.7294340516704548,0.7294340516704548,43.1610304277764
1319,0.38015135671854716,0.1970780370158654,0.37279272798264346,0.07443544839799711,-67.85284423828125,-0.3003061443131713,0.6139126507238941,0.7300188195991382,0.7300188195991382,43.112028209465926
1320,0.39695683110161234,-0.9674493323629292,0.22523398050809595,-0.3268705856798874,-67.68168640136719,0.2884028465633039,-0.621114982113904,-0.7287248980842003,-0.7287248980842003,136.7796040094266
1321,0.45690082589098735,-2.423322146086515,-0.3440211946512487,-0.30067886911220415,-67.59842681884766,-0.30318666324047444,0.6140504606367653,0.7287111080701897,0.7287111080701897,43.22154974870688
1322,0.4772472130560416,-0.41213216061653357,0.43728675014989005,-0.19116799029415582,-67.73187255859375,-0.3175269424721704,0.6141976104956878,0.7224527223740406,0.7224527223740406,43.74264521130881
1323,0.48824460803279074,1.3242033584324067,0.11918119941927821,0.4734750669022348,-67.64446258544922,-0.3266431111780386,0.614146841424776,0.7184204445085778,0.7184204445085778,44.07577707333592
1324,0.41287712458955816,2.7148811320273913,-0.37585513597167103,0.17088135291206646,-67.75748443603516,-0.3036740653120252,0.6175223856553592,0.725567478096546,0.725567478096546,43.48392419059531
1325,0.40942409716045153,-1.3250158050908816,0.09961839535193283,-0.3971199650523213,-67.85210418701172,-0.3036334651039487,0.623107323920496,0.7207939939716531,0.7207939939716531,43.87992698674269
1326,0.3579932732627196,0.2892764800507572,0.3431188377777266,0.10212074648874428,-67.7143783569336,-0.3071287243097204,0.6109591554006091,0.7296580412330549,0.7296580412330549,43.142265897777065
1327,0.41606110366776833,1.7291730367771625,-0.06561926053794855,0.4108539334504348,-67.76659393310547,-0.3102659727741971,0.6155290295082648,0.7244715591181581,0.7244715591181581,43.575094480895395
1328,0.39016188135102736,-0.9914671507775472,0.2135990747858238,-0.32649920200517063,-67.80965423583984,-0.3199651476353463,0.6135469898553194,0.7219296333702944,0.7219296333702944,43.78597480039444
1329,0.4192143746090028,-1.1958918144546176,0.15350946048372308,-0.3900968308264162,-67.75746154785156,0.2917834640010474,-0.6257537298855146,-0.7233910973117625,-0.7233910973117625,136.33517014059768
1330,0.42787681815501816,-0.8942713619021792,0.2678881735021963,-0.33363827420144654,-67.74329376220703,-0.30288213386396906,0.6146833369017173,0.7283040630954759,0.7283040630954759,43.2555945311389
1331,0.39892493394221523,2.61454375812002,-0.3447889027678347,0.20065322187533752,-67.7998275756836,-0.31987044026934564,0.6129678770280168,0.72246334382698,0.72246334382698,43.74176503858444
1332,0.39769997109533944,-3.037523439065974,-0.39554828894834515,-0.04131365536079218,-67.69274139404297,0.32026832376499265,-0.6161577579131121,-0.7195677995548778,-0.7195677995548778,136.01880868979146
1333,0.37253251685061956,-1.5666136443538834,0.0015581806735766536,-0.37252925815839705,-67.63192749023438,-0.3106915889491194,0.6057288942109036,0.732504773550526,0.732504773550526,42.90320887670852
1334,0.4051809037820808,-1.8537980514771304,-0.1131424007596349,-0.389063442050278,-67.6397933959961,-0.3152223046594869,0.6192439838528728,0.719146568584725,0.719146568584725,44.015935559808014
1335,0.39275491097972615,3.1084520518894694,-0.39253924946176494,0.013013751599246512,-67.82652282714844,-0.3078882931750409,0.6192218493423086,0.7223358638631003,0.7223358638631003,43.752328045583326
1336,0.3599560141493158,1.5920004500941238,-0.007631979767752965,0.3598750963974682,-67.53694152832031,-0.29694354848258897,0.6160319156854694,0.7296089417430813,0.7296089417430813,43.14637972572525
1337,0.42996834641856885,3.0222748922527125,-0.4269113046229052,0.05118121635021437,-67.68025970458984,0.3135329860040657,-0.6100036850487596,-0.7277311116850154,-0.7277311116850154,136.6965208548937
1338,0.390717313857507,-0.6660650312206442,0.30720506375391277,-0.2414230066749647,-67.58241271972656,-0.30142189525892726,0.6250522999815464,0.7200378207749197,0.7200378207749197,43.94239692103976
1339,0.4221756790461464,-0.27846867183901597,0.4059124175104093,-0.11604918478356478,-67.79308319091797,-0.309764117777562,0.6211847048419051,0.719844256633311,0.719844256633311,43.95837652560203
1340,0.4459291252342312,3.1045144829219935,-0.4456226307344119,0.016530447952450452,-67.76570129394531,0.2977213046118564,-0.6262095400977201,-0.720571742903381,-0.720571742903381,136.1017047839127
1341,0.43500237371605993,0.3935380496433403,0.4017499867631394,0.16680531548611993,-67.73575592041016,-0.3100956454658366,0.6159160640595815,0.724215501557706,0.724215501557706,43.596374119882185
1342,0.47187009065610774,1.309690980627753,0.12181259860554508,0.4558761600223987,-67.81298065185547,-0.31833861499302857,0.6206535014231293,0.71655408545031,0.71655408545031,44.22929270261366
1343,0.41931955318478226,2.2648737622842674,-0.2682289010713264,0.32230753064915196,-67.68323516845703,-0.29955376546982687,0.6218858628584929,0.7235506306884099,0.7235506306884099,43.651589439062825
1344,0.3727250397190157,2.55656426319041,-0.31073952693077994,0.20582735881407244,-67.69567108154297,-0.3055814442244209,0.6205960848313624,0.7221360539660803,0.7221360539660803,43.768880229280576
1345,0.36459448829617436,-1.0052547691599554,0.19537638994455078,-0.30782658616205333,-67.76060485839844,0.3019117298845905,-0.6281692088303638,-0.7171141836803461,-0.7171141836803461,135.81673319444857
1346,0.46402598344447427,0.9962494513234119,0.2521769977990727,0.3895213409977148,-67.76002502441406,-0.32642562756328153,0.6148779170320263,0.7178937642968313,0.7178937642968313,44.11914160848238
1347,0.48435786497723654,-0.5345520843627258,0.41678844553877425,-0.2467588560329276,-67.71430206298828,-0.3128050630339433,0.6303441424634364,0.7105063367784736,0.7105063367784736,44.723872775363475
1348,0.47400081629629714,-2.5602610501049963,-0.39613772507461664,-0.26029152237878106,-67.73737335205078,-0.32002754298253433,0.622550716505829,0.7141519285912775,0.7141519285912775,44.426260318191154
1349,0.4923757278550346,1.2988771696362065,0.13224255470540874,0.4742844759274354,-67.79338073730469,-0.3131674118979081,0.6152839604322438,0.7234305911142955,0.7234305911142955,43.661552382814826
1350,0.4340495251066857,-1.3193969266893528,0.10797399176209865,-0.42040528939143673,-67.70856475830078,-0.3290950866003649,0.6066858582121669,0.7236219271282932,0.7236219271282932,43.64567117737059
1351,0.42319838367521284,2.5105356772329763,-0.34169221376977815,0.24968640931060077,-67.72224426269531,-0.3127587762231155,0.6099969063398089,0.7280698607628816,0.7280698607628816,43.275173208666864
1352,0.3993696884128192,3.1209281736449674,-0.3992844218788783,0.008252179578890979,-67.68360137939453,0.2998415383383477,-0.6251630516596886,-0.720601284155419,-0.720601284155419,136.10414590651052
1353,0.41948787427632106,-1.8413038255218166,-0.11209576572561371,-0.40423336820610795,-67.77755737304688,-0.31103692227396934,0.6222944149370935,0.7183353632673513,0.7183353632673513,44.08278458368011
1354,0.4004827295162718,-3.0064726990684725,-0.39683240126698194,-0.05394869734742742,-67.6895980834961,-0.3374487810110212,0.6076931098777093,0.7189140452107847,0.7189140452107847,44.035105367301895
1355,0.4498908757017545,2.0636563492002296,-0.2128647213727723,0.3963463263795737,-67.69264221191406,-0.31584275525207656,0.6177379825743359,0.7201688266231512,0.7201688266231512,43.931579165067504
1356,0.4574004821799296,-1.3267490772803314,0.11052255490349094,-0.44384678207241396,-67.67057800292969,0.3128232323587187,-0.6273730758533556,-0.7131231653725343,-0.7131231653725343,135.4895961571859
1357,0.4410120544041513,-0.9381241908048722,0.2607712266279258,-0.3556543258456687,-67.63732147216797,0.30702870410072464,-0.6405890309233537,-0.703831704542292,-0.703831704542292,134.73523634816343
1358,0.4156207584355095,2.41901624081576,-0.31175895494694,0.27485808857099325,-67.83539581298828,-0.32257842262702047,0.6158902679912808,0.7187644531062258,0.7187644531062258,44.04743460796107
1359,0.388295583444163,2.8484747903358745,-0.37173386798404023,0.11219354489393357,-67.62718963623047,-0.3354743467664828,0.6136278174455974,0.7147851875343769,0.7147851875343769,44.37440273250273
1360,0.44773140996133437,2.6717972655662163,-0.3992246078541126,0.20268973321235206,-67.6796875,-0.3213472850158351,0.6246126480628742,0.711754847045551,0.711754847045551,44.62212553730353
1361,0.49313481398866543,-2.8853375398847723,-0.47703195866443376,-0.12498982030713401,-67.72022247314453,-0.32315299342461634,0.6193814066147183,0.7154989978893632,0.7154989978893632,44.315891214973036
1362,0.46482169935102097,-1.5852081196976653,-0.00669868217634438,-0.46477342850540765,-67.73049926757812,-0.30369701313140113,0.6147801060652093,0.72788292011938,0.72788292011938,43.29079583948208
1363,0.2750462630188368,2.885861316874216,-0.26610136264314815,0.06957378529364992,-67.64962005615234,0.30778660093252797,-0.630509330188241,-0.7125485196335593,-0.7125485196335593,135.442650017613
1364,0.47368559876872235,2.470476470051601,-0.3709564761601637,0.29456635801753894,-67.73452758789062,-0.29801252789175464,0.6288651198144241,0.7181345238187317,0.7181345238187317,44.099322729598406
1365,0.49233357867284,-2.38167569939522,-0.3568892732949847,-0.33914952350811767,-67.71639251708984,0.2936847641537814,-0.6258582773473452,-0.7225307439685535,-0.7225307439685535,136.26382056862963
1366,0.49371857756734433,-2.57496462407019,-0.4165581689781336,-0.26502325500360624,-67.75122833251953,-0.2854153318794083,0.6399569204928145,0.7134376134193662,0.7134376134193662,44.48469819057632
1367,0.3849261587862539,-0.7144758611149896,0.2907873748739425,-0.25221191552316,-67.70769500732422,-0.28299596045443676,0.6249020348285742,0.7276061662971105,0.7276061662971105,43.313915859802684
1368,0.3481125692588276,-2.63469745182084,-0.304339499055923,-0.16899653898932931,-67.66085052490234,0.27876100937380704,-0.6285637035893952,-0.7260853738940618,-0.7260853738940618,136.55921318400925
1369,0.40964672435208854,-2.4310786949526557,-0.31052317930628687,-0.2671812004724727,-67.69636535644531,0.27962021155777905,-0.6277543923136351,-0.7264550641432145,-0.7264550641432145,136.59002698241554
1370,0.5212695059126929,-2.5838342326282717,-0.4422678164465809,-0.2759004826564035,-67.62029266357422,0.28337364290876726,-0.6270764745327199,-0.7255856073491463,-0.7255856073491463,136.5175852805054
1371,0.37689018369298793,-2.7237978345986638,-0.34447231566466746,-0.15292166067877985,-67.80098724365234,0.2839228062983404,-0.6298146802965203,-0.7229946808564134,-0.7229946808564134,136.30228355667765
1372,0.3759447563910762,3.0011659856473942,-0.3722440943721102,0.052619331647533615,-67.7326431274414,0.29102649035119027,-0.6279559570225286,-0.7217859086694537,-0.7217859086694537,136.20212588501988
1373,0.34920167415400943,-2.7751275465785987,-0.3260146096130063,-0.12512507163171596,-67.78731536865234,0.28551897550440847,-0.6301806940212226,-0.7220465410967934,-0.7220465410967934,136.22370617408552
1374,0.48030084863006756,-1.428847755864346,0.06794929197728387,-0.4754700820393949,-67.88108825683594,-0.2756693954166445,0.6334747124530429,0.7229911293461052,0.7229911293461052,43.698010986196984
1375,0.46900916128805925,-3.047899365795971,-0.4669520842182279,-0.04387874675035434,-67.70377349853516,-0.28015667398376487,0.6319940713748629,0.7225619224463598,0.7225619224463598,43.73359540554232
1376,0.4340272213783677,1.911918480068335,-0.14520154874864127,0.409018507085465,-67.72239685058594,-0.27037436260165376,0.6453040443089291,0.71447910707472,0.71447910707472,44.39947365111059
1377,0.3503055681607406,-2.0214063900654997,-0.152563253444922,-0.3153386192376693,-67.70024108886719,0.2914631592055507,-0.6343708288161541,-0.7159768699986233,-0.7159768699986233,135.72331450383092
1378,0.40370613590613663,1.7538393614207017,-0.07348364465868847,0.396961960565417,-67.89713287353516,-0.27850692263599797,0.6366124058232739,0.7191373573912911,0.7191373573912911,44.016695079846286
1379,0.42268946326047424,2.1622171846377833,-0.23566675231825285,0.3508953750096958,-67.72949981689453,-0.28305622560552446,0.6423122680540432,0.7122598707306382,0.7122598707306382,44.5809166480853
1380,0.44837673493593166,2.7378200144643756,-0.41232065788716404,0.1761629118495234,-67.78095245361328,-0.2760799445792471,0.635638170466058,0.7209327156175414,0.7209327156175414,43.868459051079356
1381,0.4872145828365849,-0.6236578537212389,0.39549530483407364,-0.28453736763882287,-67.68572235107422,0.2829253649091177,-0.6358339458562137,-0.7181005717780485,-0.7181005717780485,135.89788197276062
1382,0.4281727989462657,1.8202424635200045,-0.1057018526734338,0.41492055155039376,-67.62879180908203,-0.27575140404211546,0.6377512485552528,0.719190175221421,0.719190175221421,44.01233978066445
1383,0.4465051798208304,1.2943666246131609,0.12186137261320429,0.42955404953469806,-67.6056137084961,-0.29329475572345354,0.6346003646965829,0.7150248690724568,0.7150248690724568,44.354762690669254
1384,0.3510718427484452,1.5889888132579022,-0.0063865174458514005,0.35101374783005707,-67.59899139404297,-0.2868032012523321,0.6507120232944951,0.7030773687805623,0.7030773687805623,45.32557386057981
1385,0.40807796271545527,3.101272337985503,-0.40774629579788685,0.016449374368001427,-67.75556182861328,-0.2855909891245228,0.6471935640863667,0.7068085154665744,0.7068085154665744,45.024162920174376
1386,0.42476385376009973,-1.5080732741071485,0.026625019620382776,-0.42392857864426364,-67.7808609008789,-0.28977233759028437,0.6422220783190484,0.7096356772929503,0.7096356772929503,44.794719240292345
1387,0.40229530601645597,0.6059734284635682,0.3306658458604894,0.22913230157321995,-67.70795440673828,-0.2976551464971441,0.6467184519442072,0.7022511357617387,0.7022511357617387,45.39210687535171
1388,0.4718897584977206,2.240607651640848,-0.2929671355591952,0.3699326988213899,-67.71485137939453,-0.28792938209181,0.6341206729328446,0.7176263951997759,0.7176263951997759,44.141142657051454
1389,0.5026463948631805,-1.924652286688584,-0.174175738360746,-0.47150419980679,-67.70330810546875,-0.29083476931504926,0.6373818959790843,0.7135541014075737,0.7135541014075737,44.475172492830986
1390,0.44851445939435214,1.1673192353939967,0.17609511690867757,0.41249936980161206,-67.68901824951172,-0.304716615637499,0.6324630118378783,0.7121364495736674,0.7121364495736674,44.59099033506675
1391,0.48614916399677865,-1.0837503914481057,0.22752625325657372,-0.4296193824000405,-67.71476745605469,-0.30004051359358497,0.6304691402909027,0.7158801249813741,0.7158801249813741,44.28462489853925
1392,0.39069079099800924,2.4206886726289163,-0.29349057548940904,0.25788093428856973,-67.9006576538086,-0.2960022899190733,0.6447164955573725,0.7047859850471528,0.7047859850471528,45.18774330013964
1393,0.33186192251111907,-1.2944439657725146,0.09054793967824006,-0.31927011484447115,-67.75005340576172,-0.2862727748137067,0.6498386820045113,0.7041005508953253,0.7041005508953253,45.24307534691446
1394,0.44445121532341375,-2.932334582206907,-0.43475564890441004,-0.09232772361628362,-67.6559829711914,0.2923963626849756,-0.6457852452574816,-0.7053125435552176,-0.7053125435552176,134.85479950266435
1395,0.4564453228395596,-2.2656745242106586,-0.29225823563789544,-0.35061012028168004,-67.7252426147461,0.3094662111494297,-0.6349027995294115,-0.7079047247381053,-0.7079047247381053,135.0646926798985
1396,0.4646687782903969,-0.6832325638252168,0.3603673870616673,-0.2933469274770685,-67.63960266113281,0.3071974479822323,-0.6659164935107035,-0.6798418578048964,-0.6798418578048964,132.83128649052418
1397,0.4390553670736962,-2.4646107820823913,-0.3422291489607077,-0.2750433146939729,-67.66786193847656,-0.2970689305047302,0.6700741954374934,0.6802577622766034,0.6802577622766034,47.13621121820207
1398,0.448852400359194,-1.4454870220807423,0.05609829961370169,-0.4453329744007977,-67.69430541992188,-0.2962118217535888,0.6451346962998489,0.7043151143369863,0.7043151143369863,45.225760296818486
1399,0.41346022763069784,2.6132910856624587,-0.3570908958288131,0.20841173659034704,-67.66938781738281,0.29486486709151616,-0.6509341813791574,-0.6995279849065003,-0.6995279849065003,134.38914642082202
1400,0.43678511383291535,0.7671712382401189,0.31443155538461237,0.30317327165244345,-67.75402069091797,-0.3027147900411995,0.6546162214885524,0.6927058238923383,0.6927058238923383,46.1553182172999
1401,0.4313530522542402,2.4803766150138915,-0.3404437029293605,0.26488401390947436,-67.75677490234375,-0.27496674441020397,0.6655790866434622,0.6938283425252304,0.6938283425252304,46.066075367190166
1402,0.40883505922724733,-2.234170605627616,-0.2517520482626564,-0.3221288745966495,-67.87229919433594,-0.2923767874359208,0.6623956539747856,0.6897447439190578,0.6897447439190578,46.39009346657947
1403,0.4211103780449065,-1.0380427994601082,0.21388498651963284,-0.3627494493980942,-67.78044891357422,-0.2876773598146193,0.6496923165346179,0.7036630091783795,0.7036630091783795,45.278368448946324
1404,0.437984031067134,-0.6341628978505843,0.35282590439672307,-0.25950701851096564,-67.82852935791016,-0.291417535955067,0.6486141078577116,0.7031184529123256,0.7031184529123256,45.32226353803958
1405,0.44503671679849116,-2.491836928200918,-0.3543522999547354,-0.26924361982332967,-67.70735168457031,0.30704768620667633,-0.6436898257731083,-0.700988677933754,-0.700988677933754,134.50637968755697
1406,0.42947169939986507,-3.077687278190256,-0.42859503871667837,-0.027426873187752384,-67.83271789550781,-0.2979424577184962,0.6538163851586514,0.6955245692186124,0.6955245692186124,45.93096665247833
1407,0.46233328627339304,0.5631027167150658,0.39095037465133115,0.24679925477265727,-67.79633331298828,-0.29373975200240715,0.6439968473115112,0.7063887164631091,0.7063887164631091,45.05815418205608
1408,0.40876541056751337,-1.5373608588730427,0.013664716406578684,-0.4085369461896385,-67.61849212646484,-0.2996760885277319,0.6567810129956936,0.6919775595588846,0.6919775595588846,46.213145580797786
1409,0.44162922407305105,1.1942943590365416,0.16237368780146666,0.41069594235287615,-67.65630340576172,-0.29874355059159036,0.6547684261977811,0.6942842350467213,0.6942842350467213,46.029792596472504
1410,0.44040119744078254,2.9930186796715823,-0.4355493745983254,0.06519169421239744,-67.71297454833984,-0.30234554421693305,0.6449841160359118,0.7018423341132539,0.7018423341132539,45.424997754296356
1411,0.4957523924736903,-3.04550712167656,-0.4934656531404012,-0.047561368925895256,-67.85944366455078,-0.2942630418281624,0.6501455438113497,0.7005141212540128,0.7005141212540128,45.53173341223059
1412,0.49888141466541763,2.2494711663694553,-0.3131788263766619,0.38833193096615815,-67.65882873535156,-0.27645719721656353,0.6412651249331038,0.7157866006371543,0.7157866006371543,44.292298923499935
1413,0.3742389318270686,-2.8669508979168667,-0.3602133608300037,-0.1014943977499194,-67.57420349121094,0.2801209567105972,-0.6520138118973038,-0.7045638641788884,-0.7045638641788884,134.7943200614272
1414,0.34370281705141714,-1.9570778595236824,-0.12948885073899047,-0.3183775494336486,-67.7158432006836,-0.293727621774077,0.6524857330598067,0.6985602711007487,0.6985602711007487,45.688391822484924
1415,0.33565515176587657,-2.103654117762376,-0.1705118087101723,-0.28911953236915566,-67.61222839355469,-0.2936047299734042,0.6469755779100098,0.7037178867452875,0.7037178867452875,45.27394308176721
1416,0.4961233601933367,-1.3140357584421096,0.12598985963771994,-0.4798592958336797,-67.83741760253906,-0.2970865575399145,0.6423478728115791,0.7064904724223269,0.7064904724223269,45.049916817490015
1417,0.4923194723956053,0.853957405318502,0.3234562882836504,0.37115292329395877,-67.72711944580078,-0.29131759022597664,0.6342492193377823,0.71614383289556,0.71614383289556,44.26298099256863
1418,0.4348022304496905,-2.758967504635608,-0.4033606877781601,-0.16233648745477836,-67.7269287109375,-0.3071392800855824,0.6405403051111331,0.7038278057569528,0.7038278057569528,45.26507811381712
1419,0.4757156134916486,-2.3129241054669882,-0.3215160516794408,-0.35061770267942655,-67.79586791992188,0.29799884478680116,-0.6325743945189621,-0.7148750407621605,-0.7148750407621605,135.63295923565678
1420,0.4365682271522765,-1.638022924657044,-0.029326894922894423,-0.4355820820385788,-67.7116928100586,-0.30879662216282766,0.6405697891716539,0.703075380980881,0.703075380980881,45.32573402122503
1421,0.4580179177674503,0.7013842534719287,0.34990264822574657,0.29554788065665494,-67.58341217041016,-0.3190568800059055,0.6381446859227968,0.7006954168177443,0.7006954168177443,45.517175949777474
1422,0.4625855587591517,2.549311293587216,-0.3837930173245442,0.25824081595564774,-67.71009826660156,-0.30513396191975284,0.6517218452439024,0.6943715876352069,0.6943715876352069,46.022838002379245
1423,0.4297074887045182,2.489672190579297,-0.3415831169301204,0.2607096087163788,-67.65692138671875,-0.30665964843392146,0.6439127524402618,0.7009537982400765,0.7009537982400765,45.49642245566081
1424,0.46846033036051987,2.5653113485922825,-0.3928015489090005,0.25526853369770725,-67.69461822509766,-0.2933540581344058,0.6639786086970454,0.6878050623314805,0.6878050623314805,46.54338930584076
1425,0.3973407997584801,-2.7355676227848478,-0.3650362111784723,-0.15693398510575818,-67.64879608154297,-0.29785190666452793,0.6525273707058915,0.6967727550471255,0.6967727550471255,45.83134825403368
1426,0.4297715541426177,-1.6506670396149283,-0.03428967569664811,-0.428401455285553,-67.59716796875,-0.3047579190810051,0.6486134078148638,0.6974405049609642,0.6974405049609642,45.77798564138328
1427,0.410340257928472,-0.7926445978564782,0.28804419459843283,-0.292249327176206,-67.58840942382812,-0.2941282441685402,0.6415829234631548,0.7084207283124934,0.7084207283124934,44.893433712285926
1428,0.4424613772050979,-0.29171721294620484,0.4237680132190268,-0.1272507025152737,-67.77761840820312,-0.30998878052156886,0.6479676645414468,0.6957333265407472,0.6957333265407472,45.91431730291878
1429,0.40309458477161664,-3.1186588375345514,-0.4029885836202198,-0.009243686708839982,-67.77043151855469,0.2905655002362953,-0.6428880880582926,-0.7087076945435153,-0.7087076945435153,135.12986684694
1430,0.43604576762572056,0.09154476076808213,0.43421991488212847,0.03986197416161214,-67.70983123779297,-0.30409645894023263,0.6556817946529744,0.6910909692802145,0.6910909692802145,46.28346930064396
1431,0.40543120412075817,-2.9465412226276215,-0.397743297074365,-0.07857945601250556,-67.58779907226562,0.28161491942493416,-0.6557851260299905,-0.7004562125037634,-0.7004562125037634,134.4636174626567
1432,0.4515792873606186,-2.9904380173195624,-0.4464303226049079,-0.06799867522240424,-67.6262435913086,0.29059534280996874,-0.6563375358055804,-0.6962581316076786,-0.6962581316076786,134.12755901315725
1433,0.4122218144828309,3.078394081265807,-0.411398869209095,0.026034491525578428,-67.63892364501953,0.2806978992222031,-0.6497938361558014,-0.7063827998091188,-0.7063827998091188,134.9413668883904
1434,0.469462893876339,-0.2976374319357348,0.44882155352054226,-0.13767578516991927,-67.64360046386719,-0.30557849022539163,0.6536720224312127,0.6923399984128163,0.6923399984128163,46.184373355268306
1435,0.4316960791786496,-0.999661468420583,0.2333693485350729,-0.36318074280244345,-67.6843032836914,-0.3156734162138475,0.6345670123552646,0.7054608430851373,0.7054608430851373,45.13321310289956
1436,0.4294636283342058,2.8796642689137224,-0.41481566817133486,0.1112068770425188,-67.72479248046875,-0.2959997926081433,0.6347193042228195,0.7138035637504453,0.7138035637504453,44.45476751184624
1437,0.47056237908128035,-2.1483470665755124,-0.25691462690095856,-0.39423828719567033,-67.67696380615234,0.31643281075592783,-0.6262938346357636,-0.7124789884441042,-0.7124789884441042,135.43697226165165
1438,0.44567909383078863,0.3458312995733809,0.4192922105897177,0.1510757982491594,-67.58802032470703,-0.3251676380865436,0.6412329353172938,0.6950441207618305,0.6950441207618305,45.96926683173919
1439,0.44685693120059533,-0.7059361876223912,0.34006015196402983,-0.28989689547874525,-67.7889404296875,-0.32289205524487696,0.6293027904501033,0.7069078572143987,0.7069078572143987,45.01611623841532
1440,0.38728550548055457,-2.4244489426982336,-0.291891684039832,-0.25453743839309684,-67.73347473144531,-0.3127029808701884,0.6340075981457342,0.7072843920576617,0.7072843920576617,44.98560665509629
1441,0.4084981884070664,-2.2391139982181607,-0.2531326276766211,-0.32061603630726937,-67.56221008300781,-0.31281057508283333,0.6360580927996078,0.7053932567727543,0.7053932567727543,45.138676570585474
1442,0.4287045881365095,-2.6288235468236905,-0.373568611702279,-0.21031908196862728,-67.60492706298828,-0.33314076969785406,0.6278236536178162,0.7034590873128996,0.7034590873128996,45.29480989260396
1443,0.45831526187321553,-3.1257184831382347,-0.4582575178176537,-0.007275069038632735,-67.79998779296875,-0.3104492181730693,0.6308777845159498,0.7110657521917203,0.7110657521917203,44.678305859502714
1444,0.4837061581508655,-3.037342893831601,-0.48108007553732546,-0.0503349615483245,-67.60735321044922,-0.3277468985801406,0.6152848071952584,0.7169425196665301,0.7169425196665301,44.19737728285198
1445,0.4968214299908977,3.1303568550898335,-0.4967900701652042,0.005582068026451159,-67.85618591308594,-0.3141127566923556,0.6206588978221723,0.7184119351996426,0.7184119351996426,44.076477961789124
1446,0.37699448662198676,2.6506500968475124,-0.33246724373869335,0.17773681324973625,-67.76657104492188,-0.3170593139174724,0.6270384917611154,0.7115448835513664,0.7115448835513664,44.63924928759971
1447,0.43109682978953734,2.1838015107586934,-0.24802210389892615,0.352603903313817,-67.81204223632812,-0.3379495019458361,0.6182684615600418,0.709601468131754,0.709601468131754,44.79750107311272
1448,0.41977112927172355,1.270630681087927,0.12411727685547694,0.4010021228822099,-67.63822937011719,-0.3442193845390268,0.6098230548880627,0.7138829435100439,0.7138829435100439,44.44827302459748
1449,0.3536685877301312,-0.2681390575719035,0.3410304526327735,-0.0937000550912921,-67.72929382324219,-0.3060369303126823,0.6169814253894272,0.7250347012448585,0.7250347012448585,43.528265356664285
1450,0.38129970741070285,2.9708958386503723,-0.3757581410583937,0.06477102978823099,-67.82353210449219,-0.30026451772141827,0.624675832410193,0.720847642570992,0.720847642570992,43.875492210830075
1451,0.3833612410270263,-1.072123989984402,0.18334634036503394,-0.3366748588720739,-67.7703857421875,-0.3088103328123395,0.6290066184596247,0.713433144928325,0.713433144928325,44.4850635651934
1452,0.3959158494432017,0.35541385233768247,0.37117212138447875,0.13777015695453693,-67.65837097167969,-0.312751026737884,0.6484363905861104,0.694058385611799,0.694058385611799,46.04776987197145
1453,0.4364339714020274,1.906275418259047,-0.14368348645046422,0.4121039518315554,-67.73930358886719,-0.31988688424986855,0.629614512078378,0.7079957255981263,0.7079957255981263,44.927924843357715
1454,0.3900987231929643,-2.353845851857955,-0.27519284050355397,-0.2764885429314685,-67.78697967529297,-0.3212565786001093,0.6272498089302824,0.7094729648852564,0.7094729648852564,44.807949531256924
1455,0.3873363544487491,-2.230078030752445,-0.23726259169562258,-0.30616321473933356,-67.70452880859375,0.332565648788952,-0.62471949473624,-0.706488246287283,-0.706488246287283,134.94990295942426
1456,0.394155854828669,2.0645395336394925,-0.18680044662483505,0.3470798626202346,-67.67117309570312,0.30811552915835894,-0.6283536549983249,-0.7143084102414802,-0.7143084102414802,135.58654950978965
1457,0.40160593107793885,-2.0874526982016555,-0.19838357121224862,-0.34918660133237195,-67.67784881591797,-0.31525868851994115,0.6287327340038472,0.710849568125869,0.710849568125869,44.69591937137663
1458,0.4099324597022104,-1.7292591176570051,-0.06468752422290872,-0.40479642504277996,-67.7083511352539,-0.3120022369298016,0.6335864398530967,0.7079709226974497,0.7079709226974497,44.92993708191817
1459,0.44356953577295427,-0.26361946284333604,0.4282456084686733,-0.11558387384548884,-67.58943939208984,-0.3211041349629221,0.6352636119361831,0.7023761654978821,0.7023761654978821,45.38204366158352
1460,0.5116368172815667,-2.120887355942707,-0.26746573449645383,-0.43615858775023997,-67.7732162475586,0.30725655490643833,-0.6297405735710219,-0.7134565294854812,-0.7134565294854812,135.51684854360573
1461,0.4526632234805698,-3.0878830250979066,-0.4520104761435734,-0.024300686168920026,-67.66631317138672,-0.3258020868305878,0.621710163474606,0.7122706457865668,0.7122706457865668,44.580037098168944
1462,0.43420793453839485,-0.7538997890314642,0.3165484674255972,-0.29720968723546787,-67.69404602050781,-0.3292824994392167,0.6202339793374827,0.7119570537878346,0.7119570537878346,44.605629492222064
1463,0.394274824492539,3.104320372942168,-0.3940009883878959,0.014692119587844594,-67.61437225341797,-0.33901761938227504,0.6247656785407334,0.7033739408493267,0.7033739408493267,45.301673545918284
1464,0.32403661115144367,-0.12554955797888587,0.3214861194418019,-0.04057585948274427,-67.64366149902344,-0.32404051658494015,0.6258916107303584,0.7094063963827243,0.7094063963827243,44.81336138907393
1465,0.3258610202862076,2.49428151012566,-0.25994200083552105,0.19650842410338085,-67.6766586303711,-0.34648158831241654,0.613144955811783,0.7099322306552027,0.7099322306552027,44.7705983036026
1466,0.46714206762847477,2.4934777758378224,-0.37241650975933965,0.2820064797249846,-67.58238220214844,0.3513522938448183,-0.6155354387705129,-0.7054556607098542,-0.7054556607098542,134.86636795161448
1467,0.49860808956752983,2.479454077947877,-0.3932418437605922,0.30654670002782913,-67.65665435791016,-0.33636990379213244,0.6221502857137674,0.7069542487383108,0.7069542487383108,45.012358138001396
1468,0.4206940139505946,-0.8356645834983332,0.2821531147036865,-0.31204658824744647,-67.76256561279297,-0.3160368814669292,0.6244946205426278,0.7142318660392979,0.7142318660392979,44.419716881191434
1469,0.316752135436755,0.4882242788428998,0.279745086233731,0.14857524030546543,-67.73101806640625,-0.30894164588380574,0.6264619372085545,0.7156119763304065,0.7156119763304065,44.3066246868674
1470,0.4254992464572996,1.8162354210804186,-0.1033887783817616,0.41274734310526673,-67.64952850341797,-0.31933479418276095,0.6325799951696895,0.7055975049101076,0.7055975049101076,45.12216420049536
1471,0.4898834009736321,-2.561464465985466,-0.40973475011332366,-0.26852035509261607,-67.67355346679688,-0.3152502495159852,0.6393444134110262,0.7013244621572957,0.7013244621572957,45.46663739305399
1472,0.46333034236687276,-0.4952142214779898,0.4076690448315267,-0.22018391413532964,-67.61201477050781,-0.32107684419890326,0.6216009021361351,0.7145082074985678,0.7145082074985678,44.39709052993723
1473,0.4286914346011827,2.1994759221321227,-0.25210371056099407,0.3467276528080774,-67.70525360107422,-0.31784490058418186,0.6264122555738615,0.7117459555483958,0.7117459555483958,44.622850796010646
1474,0.4329850742820923,-1.6443126006931514,-0.03180278412801433,-0.43181553639578085,-67.69358825683594,-0.3218348934332905,0.637899953934747,0.6996470182447934,0.6996470182447934,45.60130891868545
1475,0.42900418319974964,-2.385492000392652,-0.3121077664397773,-0.2943354061795111,-67.73223114013672,0.32222092273002073,-0.6380054754129421,-0.699373069468735,-0.699373069468735,134.3767268929667
1476,0.4381961599551468,-2.3953030166804137,-0.32172929697422703,-0.29749980515608115,-67.69628143310547,-0.3165103352907969,0.6457002547018951,0.6949045896610665,0.6949045896610665,45.980385273168636
1477,0.47544929974989975,-0.6119309474316831,0.38917441888490445,-0.27312141680627494,-67.81040954589844,-0.323119781042129,0.6330083548690841,0.7034870501759235,0.7034870501759235,45.29255562972106
1478,0.4575829650296011,0.7933929586436287,0.32096290859693977,0.3261364456638872,-67.72978973388672,-0.34231734193863267,0.6119703058531125,0.7129594533787439,0.7129594533787439,44.523782407571304
1479,0.4429900443798247,1.960761768871638,-0.1684055235249644,0.40973132546331104,-67.77483367919922,-0.33872409854253005,0.6323465675090795,0.696709267647586,0.696709267647586,45.83641927670117
1480,0.35535564127722497,3.0952095298225673,-0.354973454776548,0.016476595265703543,-67.7474136352539,-0.3515352569376365,0.6237490292286239,0.6981118188844386,0.6981118188844386,45.72428941394358
1481,0.37435109171327763,-2.2648716182528643,-0.23946301213860693,-0.287743298244161,-67.71170806884766,-0.3350020141715007,0.634187954213118,0.6968351951731613,0.6968351951731613,45.82636045650232
1482,0.4462202221860406,-1.651624795667617,-0.03602803743968198,-0.44476338339166854,-67.70677185058594,-0.3213495053189044,0.6210430230998513,0.7148706588539588,0.7148706588539588,44.36739981081097
1483,0.48882930393885493,1.9408174288963633,-0.17677783712173192,0.45574519711337363,-67.54635620117188,0.32395564655735215,-0.6271668408846585,-0.7083180731552495,-0.7083180731552495,135.09823339156446
1484,0.4502855409241075,-2.1052996685847094,-0.22938163115289648,-0.387480497128504,-67.69418334960938,-0.33785466207603726,0.6293575674907397,0.6998308935418799,0.6998308935418799,45.58656185977125
1485,0.3756202019244306,-2.4916100864880395,-0.299029119964938,-0.227315027014812,-67.68243408203125,-0.3548721527481233,0.6236145005667897,0.6965419656321837,0.6965419656321837,45.84978034997187
1486,0.40579539547155663,-2.7400922452322187,-0.3735247889065943,-0.15858478823077968,-67.72291564941406,-0.36147393990158194,0.6136378719605277,0.7019865759883039,0.7019865759883039,45.413394637256104
1487,0.4357704235584138,2.951048810571773,-0.4278835803900879,0.08253183434795659,-67.79208374023438,-0.3597927919063289,0.6019255141296677,0.7129059000541268,0.7129059000541268,44.52815810257509
1488,0.42728492171198174,2.5711025104192364,-0.35961853349070233,0.23075292997578803,-67.72664642333984,-0.34740338864812664,0.6035524954485199,0.7176595786260107,0.7176595786260107,44.138412559796485
1489,0.43411410383807925,2.96816358066059,-0.42760188650257136,0.07491115945291961,-67.65979766845703,-0.3590292995254405,0.6113132346867214,0.7052617182146846,0.7052617182146846,45.14930825318143
1490,0.4263000998869835,2.738376155107935,-0.3921123955766861,0.16727117025585883,-67.52207946777344,-0.35300202531350944,0.6074664721927265,0.7115996453668902,0.7115996453668902,44.63478364110912
1491,0.43572006033154503,1.272421556623042,0.12808739553040915,0.4164679940662449,-67.697998046875,-0.36006863554170004,0.6038312992298465,0.711152824482568,0.711152824482568,44.671210131809964
1492,0.4188920317985627,-0.6968031987356667,0.3212473405645184,-0.268832067440907,-67.74675750732422,-0.3510281702450162,0.6150680078000229,0.7060244822067766,0.7060244822067766,45.08763005077513
1493,0.39599426698751217,2.6567757491584425,-0.35036000446385207,0.18455169129289117,-67.6413803100586,-0.3217054909675871,0.6108821604904027,0.723414516771596,0.723414516771596,43.66288636978775
1494,0.4120899146045912,0.4807774521391417,0.3653736066332881,0.19057865907441612,-67.71839141845703,-0.33776269870259423,0.6038329046590208,0.7220125917296667,0.7220125917296667,43.7791053040548
1495,0.37891427108306336,-3.1069452691866988,-0.37868686167388327,-0.013125761920529305,-67.7445068359375,-0.3428438798611195,0.6130025300490819,0.7118187776359927,0.7118187776359927,44.6169105940625
1496,0.41921031139598974,-0.9690508816692792,0.23730749138707286,-0.34557551955006455,-67.7428970336914,-0.3448938074038339,0.6330780210629343,0.6930082834003689,0.6930082834003689,46.13128513525417
1497,0.4015709567097542,-1.0040850257271303,0.21558753508426665,-0.3387938133866635,-67.69122314453125,0.34386870566982175,-0.610519247854646,-0.7134567690196505,-0.7134567690196505,135.51686813017525
1498,0.382309197029788,-0.6643607111061282,0.3009962757341283,-0.23571500615732097,-67.5647964477539,-0.3658295795118862,0.6086140465091332,0.7041006044209417,0.7041006044209417,45.24307102809908
1499,0.4164724679883857,-2.4935822074989784,-0.33204778187431316,-0.2513833469915728,-67.5278549194336,-0.3592969234680353,0.60624648456999,0.7094863781165456,0.7094863781165456,44.80685900578976
1500,0.4228733705655694,1.6328822222876005,-0.026237608138590444,0.4220586161336493,-67.64779663085938,-0.3677949267357284,0.6068644091630919,0.7045867446656882,0.7045867446656882,45.20383255788946
1501,0.4885116526793989,-0.3220031219108995,0.46340381414963566,-0.15459799427912255,-67.66092681884766,-0.3546952675879875,0.6161735300164818,0.7032221896795592,0.7032221896795592,45.313904185474556
1502,0.4697817208727381,-2.3446352725396955,-0.3283239252405485,-0.33600337108545497,-67.82744598388672,-0.35612508095739076,0.6042267633102629,0.7128007752610089,0.7128007752610089,44.53674657276859
1503,0.4260594499538662,0.8616503290045359,0.2774439024029026,0.32334429933808895,-67.79090118408203,-0.3527771984845073,0.5992452381811865,0.7186469179970063,0.7186469179970063,44.05711981738353
1504,0.4010378875442999,2.637717698410243,-0.35119618723888,0.1936301250189858,-67.7359390258789,-0.3460228376687204,0.6097372649492269,0.7130839105911189,0.7130839105911189,44.513612038080794
1505,0.37138441936829164,-1.582403157792701,-0.004310499405283346,-0.3713594034683923,-67.72911071777344,-0.32173240232067385,0.6126892102873872,0.7218726985378973,0.7218726985378973,43.790688880795635
1506,0.38084443503583465,0.6945219129236303,0.2926255440359499,0.24374735829425598,-67.7542495727539,-0.34266014684380813,0.6051790067188172,0.7185696859677605,0.7185696859677605,44.06348302343268
1507,0.3762271263211875,2.7385258131809795,-0.34607718000618715,0.14757179967346035,-67.55464172363281,-0.3710951986538769,0.594561923941957,0.7132912954287878,0.7132912954287878,44.49666092508479
1508,0.3820844787265494,-1.6264053199363904,-0.02123638411575311,-0.3814938595487838,-67.67881774902344,-0.3457738413682995,0.601999066520799,0.7197482716432856,0.7197482716432856,43.96629881123779
1509,0.400838584954978,-0.018760139850095153,0.4007680508872504,-0.007519346829570191,-67.80094909667969,-0.34172565707259916,0.5999228741968948,0.7234059166979748,0.7234059166979748,43.663600064374734
1510,0.38580102974040636,2.7087466793948325,-0.3502207869541705,0.16182655818486472,-67.62564086914062,-0.3600418092966893,0.5795504986525998,0.7310889925788034,0.7310889925788034,43.02223400670899
1511,0.37726403630224276,-1.0146389752663652,0.19916771268612324,-0.3204065781322815,-67.79532623291016,-0.35395123621618474,0.5835666796065829,0.7308682869258883,0.7308682869258883,43.04076492158897
1512,0.3357846678597778,-1.2225249472019786,0.11459440116128147,-0.3156255160664115,-67.63750457763672,0.34878589079495026,-0.5969955117797446,-0.72245744601133,-0.72245744601133,136.25774622272544
1513,0.4088131411300701,-2.5967878085290144,-0.3496286275348569,-0.21186790027922334,-67.65540313720703,-0.35558524121140256,0.5703575123792329,0.7404400342399119,0.7404400342399119,42.23108676519804
1514,0.4084851085175597,-3.129662906337415,-0.40845604129286966,-0.004873008512211783,-67.63245391845703,0.33537966404172487,-0.5821122811092054,-0.7407197669355783,-0.7407197669355783,137.79276481103122
1515,0.4276038466183755,-2.4953499147335254,-0.34137839360035027,-0.2574992078156272,-67.65303802490234,-0.343054347527254,0.5732400160205557,0.7441166566308022,0.7441166566308022,41.916717568406
1516,0.44740673821784854,1.1587612020968887,0.17917519401095836,0.4099622412538378,-67.6414794921875,-0.33377016753477556,0.576048568682147,0.7461672210590986,0.7461672210590986,41.74054742888311
1517,0.4261516828721972,-1.2575742707582602,0.1313082087807465,-0.40541757623664715,-67.74403381347656,-0.3342399289429559,0.5857377865470744,0.7383731545168349,0.7383731545168349,42.40698292494939
1518,0.4002656619467734,2.0509965479569474,-0.18490542890794803,0.3549965950457221,-67.76057434082031,-0.3224106591793299,0.581138638256456,0.7472143266647007,0.7472143266647007,41.650352978984145
1519,0.34793223850416183,2.8192349912250445,-0.33001064513550726,0.11022620690091457,-67.61491394042969,0.3401022785116977,-0.581368053106823,-0.7391492589307885,-0.7391492589307885,137.6589958261731
1520,0.37174230268312164,3.107547505821767,-0.37152688542812384,0.012653576894592886,-67.66200256347656,-0.32745997539438443,0.5917600264726821,0.7366071107339108,0.7366071107339108,42.556810129048884
1521,0.41185745352700354,0.730160864663698,0.3068614454913299,0.2747045964244491,-67.69889831542969,-0.33786316699103364,0.579427544073368,0.7416954911281948,0.7416954911281948,42.12395362576584
1522,0.4731221368332381,-1.8874746156063196,-0.14733579026744706,-0.44959617577100913,-67.57520294189453,-0.3513001056685127,0.5913647309453516,0.7258622395132729,0.7258622395132729,43.45937667061679
1523,0.45818163773110077,1.801826566837375,-0.10491466621606622,0.4460082128915622,-67.69780731201172,-0.3465025880741577,0.5883938039308794,0.7305673740002769,0.7305673740002769,43.06601987422276
1524,0.43263502119037917,-1.4585295987623064,0.04846855354261413,-0.4299114570209621,-67.82047271728516,-0.33823633627503796,0.5830486024341517,0.7386816012483471,0.7386816012483471,42.38077099828574
1525,0.4673341936894634,-1.7882395213749018,-0.1008197499766226,-0.4563295153789991,-67.70377349853516,0.3342604056071885,-0.5914440220651117,-0.7338010288945918,-0.7338010288945918,137.20600147488852
1526,0.46088737894448606,2.7693574208016085,-0.42932430069087335,0.16762404632573114,-67.72355651855469,-0.3442844959192625,0.5871299308562317,0.7326299408039342,0.7326299408039342,42.89267323274969
1527,0.4061733356756988,2.6845502540617576,-0.3644843534368636,0.17924266990210622,-67.76189422607422,-0.3399565617861331,0.582248055510826,0.7385233496325037,0.7385233496325037,42.394220924692874
1528,0.4350340845294771,-2.4456324691520184,-0.333861887747524,-0.2789101909433571,-67.76490783691406,-0.36307953918550356,0.5840566906287247,0.7259828030722661,0.7259828030722661,43.44933302521135
1529,0.48361266526485397,-0.1077481166582561,0.48080809168925437,-0.05200758570356122,-67.73164367675781,-0.33454844332477696,0.6062980252046584,0.7214430287291576,0.7214430287291576,43.826251570238846
1530,0.4851920603026827,-1.1265665457455551,0.20851737457585962,-0.43810026236097227,-67.625244140625,0.32740246256964634,-0.5779627488463609,-0.7475069822077182,-0.7475069822077182,138.37488401553793
1531,0.41020465710535914,2.059281272326557,-0.19250435538468655,0.36222911791965534,-67.69742584228516,-0.3411154071302918,0.5739004935490264,0.7444988264077514,0.7444988264077514,41.88393004183626
1532,0.3682822907358694,2.4351660895355405,-0.2801472987435448,0.23905927439937247,-67.77210998535156,-0.33465761524751086,0.5775320990456412,0.7446213501698596,0.7446213501698596,41.873413919862884
1533,0.34298471715755846,-2.2960748732188367,-0.2275168229284397,-0.25666049849596917,-67.67434692382812,-0.34197190258986604,0.5873025875636997,0.7335740511223459,0.7335740511223459,42.81313777062687
1534,0.372416729385448,-2.1979775132718222,-0.21855824762332515,-0.30154023400199065,-67.60917663574219,0.32743829594047175,-0.5789701182164638,-0.7467112993413278,-0.7467112993413278,138.3062979043706
1535,0.3690884366498484,-2.077375085492516,-0.1790774745874036,-0.322734460763066,-67.59137725830078,-0.34195119979092214,0.5941198644648356,0.7280734603114127,0.7280734603114127,43.27487234997948
1536,0.42693492851936476,1.0853246797776392,0.19921875090652771,0.3776047172336145,-67.85267639160156,-0.3501181749986241,0.5851484804412235,0.7314496013895695,0.7314496013895695,42.99194269843247
1537,0.47510707133954205,-1.9700758934367182,-0.18470009664923692,-0.43773576908290146,-67.7918701171875,-0.3306978872026568,0.6015945972469928,0.7271333082474819,0.7271333082474819,43.35339555328278
1538,0.4233035599687211,-0.9139005435274961,0.25849522699983213,-0.3352105629309702,-67.76497650146484,-0.3356199380298795,0.5963619034470038,0.729185667243869,0.729185667243869,43.18183095667368
1539,0.4151217130435094,1.0726488992284826,0.19834471096449136,0.36467164994360357,-67.6680908203125,-0.34704410423895427,0.5814040022251704,0.7358870673612466,0.7358870673612466,42.61777462494487
1540,0.42745509137248106,2.9053544814564014,-0.4155826528405701,0.1000445590637007,-67.67366790771484,-0.3412026280987223,0.5936718400877584,0.7287897590288576,0.7287897590288576,43.21496898985457
1541,0.3872277242609959,0.941438593961367,0.22793217744558203,0.3130371110927035,-67.66698455810547,0.34314129287567446,-0.5709763747954464,-0.7458150122845884,-0.7458150122845884,138.22915014784172
1542,0.37755093588442534,-1.4863784474552104,0.03183420745595524,-0.37620644920423235,-67.67906951904297,-0.34090149776147505,0.5723519772244567,0.7457877600170427,0.7457877600170427,41.773193763985624
1543,0.3856528958724515,0.7334837672056397,0.2864809681362789,0.258179803606921,-67.63735961914062,-0.3372647466062766,0.5618555818393964,0.7553613677257511,0.7553613677257511,40.94304469231578
1544,0.4024835840800347,2.894070451332189,-0.39021687605482974,0.09860945743649546,-67.68648529052734,-0.3348463553529466,0.5749715233963719,0.7465156834187101,0.7465156834187101,41.7105496432743
1545,0.39764204239842577,-3.0896057569998634,-0.39710482227618826,-0.020662865430243597,-67.74363708496094,-0.34271556140125076,0.5764626030144678,0.7417795570782533,0.7417795570782533,42.116772033410236
1546,0.4874318332794402,-2.68013179856803,-0.4364479247431487,-0.21703225815890773,-67.71129608154297,-0.35667262010633694,0.578382779788911,0.733660685951028,0.733660685951028,42.80583335330711
1547,0.5342997838523444,-2.554795409895977,-0.4449212093474831,-0.29584011982392644,-67.77156829833984,-0.34171257899063834,0.5748612811262376,0.7434830333110957,0.7434830333110957,41.97103207643839
1548,0.4063496721403285,-2.2082935570196778,-0.24185368150055978,-0.3265376743856339,-67.76758575439453,-0.35928497468122295,0.5712525325934356,0.7379599250460007,0.7379599250460007,42.442078768502846
1549,0.40648188000486923,-1.0687976302111888,0.19559038239460994,-0.35633119578142913,-67.52565002441406,-0.35019182813129834,0.5691456694735452,0.7439347353293632,0.7439347353293632,41.93231781875436
1550,0.39026860864157714,-2.4958613337562006,-0.31169188207704335,-0.23485688735547658,-67.71647644042969,0.370557204563808,-0.58367703308751,-0.7225015426917912,-0.7225015426917912,136.26140052073217
1551,0.4418366181613825,-2.9696350161960954,-0.4353202707173089,-0.07560330052911846,-67.57518005371094,-0.37532085299409945,0.5679261053261071,0.7325259013829485,0.7325259013829485,42.90143063992456
1552,0.39757038651181537,-0.6398788169424349,0.31891829029674096,-0.23738857669516855,-67.68816375732422,-0.3699735630920321,0.5799577825614772,0.7257882150182384,0.7257882150182384,43.46554242093811
1553,0.3895151656619909,1.1296648562405496,0.16630852163391893,0.3522265462917702,-67.70893096923828,-0.3766535591684273,0.5600294753184488,0.7379018113138761,0.7379018113138761,42.447012519381225
1554,0.40384037915277077,1.748835939432911,-0.07152033949076625,0.39745678113900534,-67.61626434326172,-0.3731223149443055,0.5575575862067829,0.7415586801824037,0.7415586801824037,42.13563899404021
1555,0.43197575443512876,2.8322930798711505,-0.41147721213433014,0.13148975744885277,-67.78857421875,-0.368366415760052,0.5636820471922964,0.7393028698802638,0.7393028698802638,42.327935404212035
1556,0.42610007275371503,-1.3272271184012074,0.10276170773360967,-0.41352303856543887,-67.73117065429688,-0.39648018257403156,0.5571358650457096,0.7296595731612323,0.7296595731612323,43.142137539256545
1557,0.4763445641991324,-0.08828974495977811,0.4744891981260501,-0.04200172262847489,-67.80512237548828,-0.34870306133692375,0.5757847257758207,0.7395120854844229,0.7395120854844229,42.31013068733047
1558,0.5113753431927681,1.8328790670727604,-0.13249363484030566,0.4939131283457903,-67.62053680419922,-0.3751819140677527,0.5671298492688255,0.7332136560544796,0.7332136560544796,42.8435128757215
1559,0.5235454418699155,2.1833572707652094,-0.3010201227382699,0.42835349351838137,-67.64939880371094,-0.3690451627654092,0.5662141059360235,0.73702595210652,0.73702595210652,42.52131522855491
1560,0.5155878912283912,2.75399705426667,-0.47734184479095104,0.19487338656910275,-67.68869018554688,-0.3864796454849768,0.5623828715289273,0.7309986247844005,0.7309986247844005,43.029822254670364
1561,0.4439101661408947,2.957036879377489,-0.4363716248532808,0.08146189677477612,-67.74319458007812,-0.37949956316774514,0.5596555579279477,0.7367263657802999,0.7367263657802999,42.546706246291116
1562,0.40339700620842195,-3.0058194561254923,-0.3996845315109504,-0.05460237988210483,-67.70665740966797,-0.37729444661436434,0.5664551335655579,0.7326509961852141,0.7326509961852141,42.890900743213436
1563,0.41484254330320475,-1.7213129096058672,-0.06220518082392025,-0.410152229316061,-67.70152282714844,-0.3769158647782547,0.5641237232134896,0.7346419915756318,0.7346419915756318,42.723026486133634
1564,0.4308074773307809,-0.43901461393434604,0.3899544086610739,-0.1831137397627591,-67.7229995727539,-0.3656006508756,0.5721002278799135,0.7341917279151875,0.7341917279151875,42.76103777291823
1565,0.44487833055721443,-1.763573669182526,-0.08523224854930783,-0.4366373699153603,-67.56429290771484,0.3874758346567483,-0.5777058492507583,-0.7184138287216614,-0.7184138287216614,135.9236780016635
1566,0.4287805272343918,-2.3939639524367777,-0.314426123886264,-0.291528648940825,-67.7010726928711,-0.3658825143722907,0.5850368183474244,0.723783052339949,0.723783052339949,43.6322939380322
1567,0.419874120051973,-0.4671810649072459,0.3748809976634146,-0.18909921808484978,-67.77494049072266,-0.3812109407451012,0.5677816713222066,0.729590427820155,0.729590427820155,43.147930843192114
1568,0.4165348663286952,1.8027718563452715,-0.09576160908941041,0.40537761296360575,-67.75440216064453,-0.3588191645441206,0.5880149258628089,0.7249049966157046,0.7249049966157046,43.53905475441473
1569,0.44325788064957666,-1.970859825000386,-0.17263867300621025,-0.4082565827278345,-67.62892150878906,-0.3866346754158862,0.5729667290664652,0.7226498150203376,0.7226498150203376,43.7263103440608
1570,0.41566790415652144,0.2834679799504761,0.3990791239787458,0.11625686797016306,-67.60807800292969,-0.38000872858777,0.5740728592237313,0.7252818200532787,0.7252818200532787,43.50770301228441
1571,0.4260372496868879,2.8946019892069987,-0.41310810762115024,0.10416059494088824,-67.76580810546875,-0.3742295615828702,0.5809053921243595,0.7228424175699273,0.7228424175699273,43.71034290706072
1572,0.40285603468981135,-0.7249526979820926,0.30155014540847286,-0.2671338512621105,-67.82876586914062,-0.363085893057554,0.5953317163812212,0.7167627095023762,0.7167627095023762,44.212153528076925
1573,0.3833706889446976,2.131882129692967,-0.20399378119542147,0.3245914699672907,-67.8429946899414,-0.36744795607887426,0.5760161185953296,0.7301968437974988,0.7301968437974988,43.09710129825872
1574,0.3779762497786291,-1.9020205833732713,-0.1229182482922118,-0.3574313215619062,-67.80677032470703,-0.3673999094863387,0.5775704463576418,0.7289922400160819,0.7289922400160819,43.19802361757883
1575,0.3752986529435458,1.343296685002997,0.08464572087474398,0.3656284737801953,-67.7092514038086,-0.3690332510614293,0.576663110671317,0.7288855303831409,0.7288855303831409,43.20695467392379
1576,0.4437153805155106,-1.175791167710956,0.17074742481159483,-0.4095468908760426,-67.68690490722656,-0.38619279281189367,0.5686173104550268,0.7263122476118943,0.7263122476118943,43.421878895936956
1577,0.4083352807555701,-2.002660225001299,-0.1709145697093619,-0.370844861594163,-67.80429077148438,0.36904301080559865,-0.5544727654597048,-0.7459002671530598,-0.7459002671530598,138.2364834381691
1578,0.4141742529756222,2.8043209218598992,-0.39084008890110394,0.1370559620581749,-67.65824890136719,-0.38874061855775266,0.5523664156593833,0.7374090278366148,0.7374090278366148,42.488830295797946
1579,0.41612850555738257,-0.511183915569333,0.36293310733510825,-0.2035742929190799,-67.5693359375,-0.37433297593593806,0.555212302882116,0.7427072921786093,0.7427072921786093,42.037451159675285
1580,0.38968101564179,2.982217590817611,-0.38474245348347064,0.06184285277327022,-67.68917846679688,-0.37957851178517854,0.561758668514857,0.7350832277636079,0.7350832277636079,42.68575079034689
1581,0.41694599675058375,1.0586377214927076,0.20432856308634312,0.3634471110263612,-67.6539306640625,-0.3692882081571405,0.5792520504461184,0.726700269278921,0.726700269278921,43.389525426453794
1582,0.4730694954358014,-2.0711022591037187,-0.2269285971355093,-0.4150881343931593,-67.59318542480469,-0.38201940930555134,0.5552962448837268,0.73872000875289,0.73872000875289,42.377506193188694
1583,0.4574582654705697,0.035301485206540945,0.45717325400169206,0.016145602275746955,-67.71259307861328,-0.37906829732405134,0.5726521759274418,0.7268952547440457,0.7268952547440457,43.37326012889621
1584,0.4376074478346094,2.194631211989198,-0.2556292706305281,0.3551815794734077,-67.57637023925781,-0.3764321515585045,0.5770756392627732,0.7247637834787946,0.7247637834787946,43.550799049572404
1585,0.43859437582655597,-0.6772701440039752,0.341790603140142,-0.27485307004249415,-67.59090423583984,-0.3674596604252277,0.5817272717654525,0.7256492122537583,0.7256492122537583,43.47711853987104
1586,0.4451251279754325,2.901038172150529,-0.43230820565478406,0.10604713517434664,-67.70665740966797,-0.38941028516884174,0.5601649809642252,0.7311462397537654,0.7311462397537654,43.0174263634965
1587,0.41228071502470415,1.0761688026623075,0.19571124320493344,0.3628670517757994,-67.67097473144531,-0.3721537325256819,0.5741129613312685,0.7293119408035527,0.7293119408035527,43.171257399333506
1588,0.38966230933214285,-1.066723862981692,0.18820513270378653,-0.34119722058951285,-67.73206329345703,-0.35553841103925565,0.5802751642307701,0.7327162971113952,0.7327162971113952,42.885403188352235
1589,0.382456145335679,-2.693025008163225,-0.3446194541806953,-0.16586179459183986,-67.7264404296875,-0.37382747440028513,0.5652560772014239,0.7353492956210418,0.7353492956210418,42.66326062759754
1590,0.44231710413154507,2.0736182880368332,-0.2131526701372433,0.38756981283464226,-67.66304779052734,-0.3738099916465832,0.5663707581438217,0.7345000030393289,0.7345000030393289,42.735016113631325
1591,0.4879127812900394,0.7694580788091614,0.3504618053943245,0.33946340760961624,-67.62255859375,-0.38201282663632125,0.5667899596135081,0.7299420127425507,0.7299420127425507,43.11846700152359
1592,0.467831230241142,0.4521714437633439,0.420814414766646,0.20440471695522497,-67.63218688964844,-0.3881540794473556,0.547945189135493,0.7410077464585947,0.7410077464585947,42.18266900019325
1593,0.4011879404456062,1.1009792954966862,0.1816270676217992,0.3577196833640744,-67.70812225341797,-0.384358823054436,0.5567917165466117,0.7363771313160712,0.7363771313160712,42.57628965577246
1594,0.36952901378933356,1.301441013977516,0.09833538454225146,0.35620477843376136,-67.76348876953125,-0.3727058785244394,0.5520937193007077,0.7458437190337109,0.7458437190337109,41.76838072723688
1595,0.40777177775478907,0.8135592297933256,0.28010502641726337,0.2963427017982479,-67.72055053710938,-0.3729346518714004,0.5534169339485234,0.7447479054368487,0.7447479054368487,41.86254951576581
1596,0.45600555540322585,0.4795418107676182,0.40457105262085263,0.21038852140708575,-67.57968139648438,-0.3898718181977301,0.5624211100043828,0.7291655918902333,0.7291655918902333,43.183511781339334
1597,0.49336619773729984,2.0478413732334815,-0.2265321162366478,0.4382846168679735,-67.69447326660156,-0.3737388655979104,0.5636774316501683,0.7366050593023761,0.7366050593023761,42.55698391958848
1598,0.45511188478654907,-2.199721622647317,-0.2677314115897687,-0.3680308668061892,-67.83219909667969,-0.3708118737376456,0.5603197653196378,0.7406350753828248,0.7406350753828248,42.21445762019763
1599,0.4350261971823474,-2.153717326934261,-0.2394666533907877,-0.3631852339354547,-67.73707580566406,-0.3946115224270913,0.5506201529109924,0.7355944491199269,0.7355944491199269,42.64252982956777
1600,0.31692819392785265,2.3064483102205138,-0.212681216845705,0.2349684661979151,-67.64688873291016,-0.39548423020800877,0.5518748654872965,0.7341841434545949,0.7341841434545949,42.76167781997844
1601,0.4552511228637729,2.8768541404060155,-0.43939060791935725,0.1191195976360889,-67.71024322509766,-0.39603281934701795,0.5675750260553218,0.7218147932803491,0.7218147932803491,43.79548289533943
1602,0.49486902066462113,-0.8270102064433983,0.3350654230941963,-0.36417922766169464,-67.5492172241211,-0.3649465851625732,0.5864072465783658,0.7231462722980437,0.7231462722980437,43.6851427990452
1603,0.4091380396601138,2.2444332496957733,-0.25523363589842707,0.3197651116100536,-67.61133575439453,-0.39250054203013773,0.5529282341910475,0.7349923076743173,0.7349923076743173,42.69343388235444
1604,0.28964497972707937,-0.7052319988652297,0.22055341040583415,-0.18775091861148352,-67.68193054199219,-0.39656637926443594,0.5517551987724449,0.7336901985611335,0.7336901985611335,42.80334483553329
1605,0.41973863469419315,2.4129307774044553,-0.3131527616191722,0.27949216329842097,-67.7009506225586,-0.4081351648428061,0.5361317060409455,0.7389103335292861,0.7389103335292861,42.361324748859204
1606,0.4548254132748677,-2.004714227025246,-0.19122171679913635,-0.41267470431932834,-67.66731262207031,-0.39672705981574513,0.5422614632207775,0.7406484628456442,0.7406484628456442,42.213316014330374
1607,0.4452234303975166,0.6586501276009697,0.35209121078789396,0.27249895827479254,-67.72421264648438,-0.41367710208973707,0.5357622208514277,0.7360910934897824,0.7360910934897824,42.60050734264794
1608,0.328860555144383,2.732254211860777,-0.30169151853243953,0.13088732702390435,-67.76476287841797,-0.4184908392753661,0.5382041519201632,0.7315748138765423,0.7315748138765423,42.981420772850285
1609,0.38361326620255454,-2.9985629348702822,-0.3796960667674832,-0.05468121147062236,-67.7755355834961,-0.4145877319816117,0.5370125393689555,0.7346662814168413,0.7346662814168413,42.72097516006442
1610,0.4146072492739553,-1.440414206536862,0.05390434433707877,-0.4110881813091996,-67.65332794189453,-0.4150294186671788,0.5289611561628857,0.7402369059372863,0.7402369059372863,42.24839976856906
1611,0.3157049692517343,-0.43963888872770823,0.28568313646087506,-0.1343680510840116,-67.85186767578125,-0.412909521313493,0.5434159455998406,0.7308931777465796,0.7308931777465796,43.038675356610206
1612,0.5243028567943606,0.9876357495284508,0.28871518023499865,0.4376494377291031,-67.75684356689453,-0.4176052355184141,0.5412546924327267,0.7298282162174633,0.7298282162174633,43.12800525249348
1613,0.3935584712964179,2.539085293411734,-0.3242596173042602,0.2230335645477338,-67.5689926147461,-0.4100366310981471,0.5465173174875582,0.7301977696787944,0.7301977696787944,43.097023654422124
1614,0.34530733854433215,-2.007683490619341,-0.14610680789986036,-0.31287371052532253,-67.7020263671875,-0.40997628792586793,0.5545864420451758,0.7241224493400261,0.7241224493400261,43.604105159386144
1615,0.41525767155892157,0.07594987552924769,0.41406056440297795,0.0315084559257433,-67.7188720703125,-0.41152478797489134,0.5445265873240095,0.730847552215569,0.730847552215569,43.042505522042944
1616,0.4931683373894855,1.700790526432348,-0.06392861816610496,0.4890073013594805,-67.55741882324219,-0.41653291626145494,0.5460580966944146,0.7268568529670757,0.7268568529670757,43.37646391475937
1617,0.33259761619842076,-1.394173564409364,0.05843935844821127,-0.3274232974072454,-67.61735534667969,0.41056971105651524,-0.5366807978090794,-0.7371609279024355,-0.7371609279024355,137.49012846531096
1618,0.38509863414129786,-3.0477855809895646,-0.38340548719481665,-0.036072016943865026,-67.74956512451172,-0.4265555300803392,0.5389300329819127,0.7263640955526336,0.7263640955526336,43.417556902569835
1619,0.4659736870243058,-1.325679675208186,0.1130775975410507,-0.4520452786318754,-67.7369384765625,-0.4349431921422525,0.5377188868281206,0.722276137192303,0.722276137192303,43.757276305862426
1620,0.4795709251567426,-0.2662683932611589,0.46267061589059405,-0.12619101967696597,-67.6892318725586,-0.4053424195680163,0.5343321609863768,0.7417456873041967,0.7417456873041967,42.119665582784116
1621,0.4504979908209182,2.268006392142226,-0.2892563459891146,0.34536821804953294,-67.70234680175781,-0.4005385729688086,0.5380227476135347,0.7416875181735858,0.7416875181735858,42.12463468825675
1622,0.48007272464869705,-1.885185172743278,-0.1484554475963053,-0.4565422226153944,-67.69824981689453,-0.4178903071629739,0.5200412464273679,0.7449327440739232,0.7449327440739232,41.84667752027717
1623,0.43283782806895227,0.963381960952631,0.2470405618599606,0.35541461169085725,-67.67191314697266,-0.4304197384575189,0.5323000012916195,0.7289688315498153,0.7289688315498153,43.199982914692406
1624,0.40731412718734916,3.083338136848159,-0.40662319430175575,0.023714469469685084,-67.65987396240234,-0.41957389503184167,0.526684460750919,0.7392977921049966,0.7392977921049966,42.32836745875761
1625,0.41438002160782567,-1.2986424543606017,0.11138810789878889,-0.3991284150827022,-67.68692016601562,-0.42150300454726325,0.5368256135931335,0.7308580421312921,0.7308580421312921,43.04162494039732
1626,0.38827214458084264,0.9091454531584794,0.23856224610300183,0.3063385594268171,-67.73907470703125,-0.41212251990837145,0.5504308465184963,0.7260722497006105,0.7260722497006105,43.44188039995052
1627,0.4247736435250368,2.773129526161487,-0.39626368661095757,0.15299587872563059,-67.62895202636719,-0.42875499588437804,0.5462927543741812,0.7195369205415784,0.7195369205415784,43.98373903462965
1628,0.47434860582364013,-1.844697702535278,-0.1283062838319041,-0.4566662866646475,-67.55651092529297,-0.4247607309366653,0.5188239557982696,0.7418894960464025,0.7418894960464025,42.10737865617752
1629,0.43731450858626153,0.2838832397816469,0.41981101270923454,0.12248548088688031,-67.73223876953125,-0.4357212316546792,0.5202483061165044,0.7344989504881797,0.7344989504881797,42.73510498176609
1630,0.32862272833170725,2.843312217311734,-0.3141118141371395,0.09657466435691178,-67.69623565673828,-0.4235344146338343,0.5273729182512846,0.7365435524908892,0.7365435524908892,42.56219430794734
1631,0.5081384700271936,-0.4120532876103038,0.46560749884551034,-0.2035051884852207,-67.60968017578125,-0.40860509786642546,0.5541835061206043,0.7252051541056801,0.7252051541056801,43.514083089650775
1632,0.3147093568336721,0.692393675361485,0.24223813132997313,0.20090462167015039,-67.6606674194336,-0.4014380631079483,0.5417344401090699,0.7384925713152783,0.7384925713152783,42.396836395795866
1633,0.4892862246041885,2.3909812561864223,-0.35780130624164996,0.33373527658788105,-67.69196319580078,-0.4026279638291616,0.5419159203329909,0.7377112294335981,0.7377112294335981,42.4631893184656
1634,0.39120746141772894,2.4365388756803195,-0.2979344877777002,0.25353169202595416,-67.70415496826172,-0.4123897271300225,0.5378788299609706,0.7352693909292315,0.7352693909292315,42.67001581117841
1635,0.3704136496113132,2.496989224017243,-0.29608575090345446,0.2225747064028395,-67.82110595703125,-0.40823697652921453,0.5407554361646509,0.7354768040208093,0.7354768040208093,42.65247921190792
1636,0.5296336963510506,2.720766525219008,-0.4834240918288591,0.21636312012429407,-67.62064361572266,-0.4085786293683381,0.5249716594050627,0.7466379714727781,0.7466379714727781,41.700018157125236
1637,0.4571576405587555,2.920053502792692,-0.4459848930737604,0.10045189630482254,-67.7538070678711,-0.4153524607028951,0.5321258819822533,0.7377834229044857,0.7377834229044857,42.45706204478944
1638,0.3568560953869945,-1.961684941102298,-0.13596579526454652,-0.32993874481929386,-67.7857666015625,-0.41133315458816816,0.5329810642346137,0.7394161352742344,0.7394161352742344,42.3182970196617
1639,0.3690527210755912,-1.4297618641546577,0.051876774545502664,-0.36538843878269217,-67.55293273925781,-0.41213235823276156,0.5231615796577427,0.7459550126297952,0.7459550126297952,41.75880701582259
1640,0.4805445984415421,0.3965990109101165,0.44324476138564656,0.18562648678333657,-67.68573760986328,-0.40625082853007943,0.5240793370353997,0.7485326397767569,0.7485326397767569,41.536570003062586
1641,0.4140702470132802,-2.3466138875220923,-0.2899733625201169,-0.29558352202112986,-67.70938110351562,-0.41083916866456627,0.5446852274889127,0.7311150254552012,0.7311150254552012,43.020047807766126
1642,0.30525299358134794,0.27099938274726076,0.29411243402792275,0.08171454118175808,-67.52269744873047,-0.4168574476916368,0.5342503520617355,0.735395423990336,0.735395423990336,42.659360518149285
1643,0.41739296442813695,2.283551498391118,-0.272941904254978,0.3157841092515176,-67.65225219726562,-0.41035035980825124,0.5322050031379907,0.7405203689569452,0.7405203689569452,42.224238097245575
1644,0.5065878873429219,-2.6713726255961636,-0.4516072043084065,-0.22952607829898147,-67.6127700805664,-0.4036888198325399,0.5312415005905836,0.7448609298335336,0.7448609298335336,41.85284475396672
1645,0.3414044801698058,-2.4046113919972156,-0.25281025303438814,-0.22944279252289437,-67.57943725585938,-0.3880820112224582,0.5426864574418488,0.744905203012268,0.744905203012268,41.84904276781761
1646,0.3722903284508943,-2.914888070227293,-0.36276430785505964,-0.08367882411048988,-67.78673553466797,-0.41144878774790555,0.5445988767971888,0.7308364785997066,0.7308364785997066,43.043435086989014
1647,0.40306397368169933,1.579842607200219,-0.0036461799957616917,0.40304748138590335,-67.62963104248047,-0.39756534887186545,0.5444147482689412,0.7386165278706248,0.7386165278706248,42.38630205342641
1648,0.5031136296500641,0.6362490480089398,0.40466946697335865,0.2989413769272492,-67.7197494506836,-0.40962798212171,0.545528599380793,0.731165824912876,0.731165824912876,43.01578149386765
1649,0.45528451179245377,-0.7931147204845173,0.31944097751804634,-0.32440938420521687,-67.72297668457031,-0.411616296849932,0.5526796528058937,0.7246497261035193,0.7246497261035193,43.560283028884754
1650,0.3700868350694729,-1.5356368752285883,0.013009369430704111,-0.36985811035957383,-67.55345153808594,-0.410739638478443,0.5383466811843015,0.7358503925666182,0.7358503925666182,42.62087791216907
1651,0.3977424913399963,-2.0142731547386337,-0.17066436248591907,-0.35926698261129125,-67.72804260253906,-0.40540761701632416,0.5440139521798738,0.7346383354404938,0.7346383354404938,42.72333524723246
1652,0.4124419718321223,-2.660580538450375,-0.3656409830849539,-0.19082728216226738,-67.73362731933594,-0.4008486475479053,0.5447785459613754,0.7365709046787178,0.7365709046787178,42.5598773027427
1653,0.45787415589630753,2.840213091419201,-0.43723680233705275,0.13591438967167968,-67.66954040527344,-0.3998893513415957,0.5449346260895753,0.7369767703070516,0.7369767703070516,42.52548440444673
1654,0.44595960146577035,2.018227564290734,-0.19294489733875297,0.4020599864826725,-67.69293212890625,-0.4032751642105239,0.5286770807450246,0.7469067453343112,0.7469067453343112,41.676863627284874
1655,0.3947574504462326,1.2913682946374023,0.10887643808014841,0.3794461304504098,-67.71124267578125,-0.4047136568473085,0.5332194630674129,0.7428888612486926,0.7428888612486926,42.021912846655574
1656,0.36191457185578685,1.3997129251925249,0.06161596804925296,0.3566309434175769,-67.61365509033203,-0.41205451001232213,0.5349966911036721,0.7375565207403615,0.7375565207403615,42.47631749284848
1657,0.3537532763977969,2.9962192804010117,-0.3500218469711094,0.05124536276688229,-67.7023696899414,-0.41105935657398696,0.5333293147864825,0.7393172846365496,0.7393172846365496,42.32670887101213
1658,0.4151072236660994,-1.5985049145046193,-0.011500563160821403,-0.41494788128963983,-67.71704864501953,-0.40763314666744255,0.522641399076346,0.7487864753783411,0.7487864753783411,41.514632289663936
1659,0.4132616430629177,-2.578888976121082,-0.3495432520103033,-0.22046473777256076,-67.70665740966797,0.4056429806854157,-0.5254585179124986,-0.7478951251170527,-0.7478951251170527,138.40837462311637
1660,0.4418347249013008,2.569428741900103,-0.3714642777335676,0.239232553170523,-67.69739532470703,-0.4008995591137479,0.5385616465061275,0.7411011377774369,0.7411011377774369,42.17469972665145
1661,0.39842757224459985,-1.3788474299169025,0.07600896828253324,-0.3911101725413834,-67.55657958984375,-0.4033500192060526,0.5391502942118809,0.7393414111611222,0.7393414111611222,42.3246559113454
1662,0.3809656966086765,-2.424401138839755,-0.2871165625931977,-0.25039756683562353,-67.66510772705078,0.40279618791528926,-0.5102972337889878,-0.7598368010225737,-0.7598368010225737,139.44981273958712
1663,0.37972974519673663,2.0337546577565417,-0.16958615753186113,0.3397575820504339,-67.82965850830078,-0.40910672313345003,0.5277564965317075,0.7443821393985676,0.7443821393985676,41.89394319906948
1664,0.46953302483454346,2.4533797773863326,-0.362659022781977,0.2982275886049068,-67.6117172241211,-0.41220946091159694,0.5073447162485141,0.7567593403650102,0.7567593403650102,40.820664592401805
1665,0.5231171204884374,2.470629949437602,-0.4097176099674965,0.32524298890312253,-67.55404663085938,-0.4015387501707018,0.5115433755720962,0.7596644042073158,0.7596644042073158,40.565378568194326
1666,0.46246991634981244,1.0728152301390241,0.22090005433434665,0.40630233758087736,-67.68501281738281,-0.417566910510977,0.5070690622430302,0.7540018841901469,0.7540018841901469,41.06176711977647
1667,0.3015827868050031,-0.9636930169278005,0.17205020340602303,-0.2476911480150594,-67.61122131347656,-0.4050062081105865,0.5244984388180896,0.7489134523222767,0.7489134523222767,41.50365476030585
1668,0.35766678380790085,1.9936493643418083,-0.14677352450369832,0.32616416226227235,-67.6500473022461,-0.42145805974536454,0.5143157009412234,0.7468952159714314,0.7468952159714314,41.67785708312112
1669,0.47760480405609,0.593477740709772,0.39593475444747905,0.26709926820953783,-67.66889953613281,-0.4376143139328629,0.5165795470435006,0.735961468976061,0.735961468976061,42.611478470660536
1670,0.48457875563427777,0.49736096753567716,0.42586948276408926,0.2311963539122366,-67.7171859741211,-0.44594771990557536,0.5025949368451942,0.7406274100845808,0.7406274100845808,42.21511126147767
1671,0.3179135292729492,-1.7984740892755746,-0.07175811492534703,-0.30970919430514654,-67.628173828125,0.42280534669272024,-0.518920687430357,-0.7429380586326525,-0.7429380586326525,137.98229817099008
1672,0.4991914046310808,0.542190214304093,0.42759765144393325,0.2575894154214882,-67.68524932861328,-0.45312798848634156,0.4925847898055842,0.7429907475214684,0.7429907475214684,42.01319157732676
1673,0.3895195069614885,2.3460293367997194,-0.27261789552309446,0.2782174138045285,-67.72798156738281,-0.42071405585092925,0.5228210262712037,0.7413891405316014,0.7413891405316014,42.15011614980692
1674,0.362747080567778,-1.905575331052813,-0.11918434445920266,-0.3426084302761334,-67.7562484741211,-0.4321974700302932,0.5007860510499308,0.7499457833558572,0.7499457833558572,41.414318303557245
1675,0.42204658541871,1.4869939429898902,0.0353271265740032,0.42056546980418735,-67.74378204345703,-0.4326621181881668,0.5059415414378784,0.7462081801564444,0.7462081801564444,41.73702233071715
1676,0.4856430742122205,-2.9279181260881244,-0.4745987358242774,-0.10298172403050011,-67.64534759521484,-0.4286079212973821,0.5159432007305996,0.7416858252798157,0.7416858252798157,42.12477929678875
1677,0.47429983963563094,-1.5295638897712682,0.01955099734882051,-0.47389671488738094,-67.5755386352539,-0.43472813517379155,0.5022432418793712,0.7475046317413808,0.7475046317413808,41.62531872549608
1678,0.4054981975358034,1.203991615263694,0.1454256580016795,0.3785236666307194,-67.7257080078125,-0.4346654424449377,0.5087838214261234,0.7431049563817868,0.7431049563817868,42.0034137660334
1679,0.3377653019235234,-2.650869433932831,-0.2979063826672124,-0.15917658857264572,-67.61377716064453,-0.41537985049289894,0.5050583947204949,0.7565550857187161,0.7565550857187161,40.838564130961835
1680,0.4185387391093108,-1.1884410720043221,0.15615959958184575,-0.38831540736062653,-67.65521240234375,-0.4095243154169377,0.5025480802428504,0.7614034818192744,0.7614034818192744,40.41191754913189
1681,0.4810835904251457,0.8058887466580199,0.33313611047708463,0.34707600446090914,-67.64372253417969,-0.4259762497994274,0.48951817934859426,0.7608654195677796,0.7608654195677796,40.45944912418752
1682,0.4121487247476515,1.2946198090849426,0.11238432645186515,0.39653037018502885,-67.71327209472656,-0.41948807679437616,0.5104453195991138,0.7506499378050426,0.7506499378050426,41.35329108910337
1683,0.38039177669389174,1.3527216989756752,0.08229785748697024,0.37138250689739,-67.83195495605469,-0.41884614229180245,0.506520592400881,0.7536609307647145,0.7536609307647145,41.091497979763474
1684,0.5263029229280812,1.2350803509834671,0.17338800353903128,0.49692189216353777,-67.60905456542969,-0.4116041520677151,0.5131905754534334,0.7531384037920198,0.7531384037920198,41.137027608960885
1685,0.29749010693242317,2.511812627600068,-0.24041873772305056,0.17521185540459186,-67.4928970336914,-0.41589263521549014,0.5058229960871715,0.7557621402285991,0.7557621402285991,40.907991469927204
1686,0.41336841601635577,-2.8885617350888397,-0.4002059848734587,-0.10348244793845914,-67.53173065185547,-0.41723566972136866,0.5140709230774292,0.7494301047852835,0.7494301047852835,41.45896410122034
1687,0.4672750517615607,3.060882721127741,-0.46575394113379337,0.037672806068942945,-67.67405700683594,-0.40936589535425794,0.50963026307681,0.7567671760039993,0.7567671760039993,40.81997779942972
1688,0.3043176973649334,2.744130999946917,-0.2805950690466231,0.11779502602493874,-67.58883666992188,-0.40480309805250964,0.5096947656651949,0.759174352609855,0.759174352609855,40.6085353932367
1689,0.42874910566502883,2.2016460511496323,-0.25288957626466313,0.34622631012856486,-67.65650939941406,-0.4017206121203193,0.5077236637499234,0.7621267814911314,0.7621267814911314,40.34794931697541
1690,0.502255552956087,1.2954019023596821,0.13657660458511942,0.48332956826085516,-67.59861755371094,-0.4131200728453408,0.5115315217307254,0.753436996495466,0.753436996495466,41.11101524345503
1691,0.3886948602927059,0.4708423673052136,0.3463996025192469,0.1763264296481781,-67.8280258178711,-0.39788263399552,0.505107521307716,0.7658693109683679,0.7658693109683679,40.01560811768154
1692,0.38054761998795017,-0.8254805987020705,0.25808886652561897,-0.27965447976747054,-67.7884521484375,-0.4097389786707347,0.5101942522710192,0.75618502650309,0.75618502650309,40.87097722883817
1693,0.4055105817714656,-1.6864089408278782,-0.04677776821548681,-0.40280351578581175,-67.56053161621094,-0.40460662483366394,0.5075231597446173,0.7607323586278887,0.7607323586278887,40.471196388736686
1694,0.42901890123301406,-2.902014788519817,-0.41676536243021056,-0.10180299746863024,-67.58674621582031,-0.4041957001797568,0.5274692816005347,0.7472630011742935,0.7472630011742935,41.646156425325145
1695,0.4371741968221739,2.3650197290289294,-0.3118449014090623,0.3063887005623495,-67.78994750976562,-0.40229587847152476,0.522726389814626,0.7516083737932886,0.7516083737932886,41.27010708311381
1696,0.4335429273235611,2.706123448583597,-0.3930813260455519,0.18288395486360498,-67.6944580078125,-0.4126378460015475,0.5206126467042638,0.7474573433573215,0.7474573433573215,41.62939744496204
1697,0.462396163051865,-2.4369227356949175,-0.35226514864420866,-0.2995320962029954,-67.6030502319336,-0.4151123190472323,0.5179256960997689,0.7479536990314299,0.7479536990314299,41.58656945724104
1698,0.44318290067519217,-1.1502972179630868,0.18091440992821337,-0.40457515955778056,-67.74105834960938,-0.4002756776293419,0.5151195049905504,0.7579124471049817,0.7579124471049817,40.71949214260436
1699,0.39113587195917976,-0.979502384236583,0.2180331167164068,-0.3247288566607495,-67.6940689086914,-0.40810935742280946,0.5167681487543534,0.7525938033341361,0.7525938033341361,41.18443654030429
1700,0.41255070104503894,-0.8792460446110764,0.26309681081679226,-0.3177705918910466,-67.70314025878906,-0.3961282739640402,0.5199500957505778,0.7567921038800784,0.7567921038800784,40.81779281019656
1701,0.38292658033066396,-1.819777757162507,-0.09435959093021849,-0.37111862459760525,-67.67657470703125,-0.4070627777163607,0.5015139296410899,0.7634026941095983,0.7634026941095983,40.234902814293946
1702,0.4090415752588723,-2.7797990625561466,-0.3825616482602192,-0.14478119895443603,-67.63480377197266,-0.40481210406306295,0.5108452370745793,0.7583958756231819,0.7583958756231819,40.67701481722184
1703,0.433206393642516,2.828029916468907,-0.4120835463890947,0.13362234202460818,-67.62985229492188,-0.4054623050973528,0.49647349143103725,0.7675378762324482,0.7675378762324482,39.866695806157026
1704,0.47909987639943313,-2.4541296753507416,-0.37027638302769006,-0.3040264655221376,-67.67021179199219,-0.3998100137420718,0.5158825493133038,0.7576391939608004,0.7576391939608004,40.743485848242365
1705,0.4118073378798128,-1.9737834159083039,-0.16149761567013735,-0.3788189589560149,-67.71652221679688,-0.40057723371128423,0.5125351231807879,0.7595035400432771,0.7595035400432771,40.57954939652855
1706,0.3827712341921062,-1.2570367288337498,0.11813731312912107,-0.36408432123833645,-67.72564697265625,-0.41226398328014363,0.5103745069185388,0.7546895194566093,0.7546895194566093,41.00175194147119
1707,0.3794650493936522,-0.5066643568252683,0.3317921093730485,-0.18414048948862374,-67.65129852294922,-0.40312817105597465,0.5224688720407608,0.7513414373302728,0.7513414373302728,41.29328868617589
1708,0.44172629065444535,-0.7010651504317671,0.3375476031187258,-0.2849275898963432,-67.55511474609375,-0.41302367428752385,0.5123105263844251,0.7529604033637803,0.7529604033637803,41.15252796124572
1709,0.4343900501504515,-1.4421647517195335,0.055722314866721606,-0.4308012758750903,-67.80614471435547,-0.40346555804698303,0.509157394872757,0.7602462040130317,0.7602462040130317,40.514092500424056
1710,0.46397824968606716,-2.104929795097176,-0.23620919172075935,-0.3993507655287167,-67.7289047241211,-0.3946429099711326,0.5132786016062891,0.7621037007800243,0.7621037007800243,40.349991860665575
1711,0.39194313362037664,-0.3323759029888286,0.3704919994115599,-0.127887053153105,-67.87725830078125,-0.3807860359236814,0.5191053991787438,0.7652003524496092,0.7652003524496092,40.07518045111918
1712,0.4209769922507333,1.9970973477222316,-0.17407639129840888,0.3833001930563005,-67.70069122314453,-0.3863912541930405,0.5192758123535217,0.7622692630479858,0.7622692630479858,40.3353384134597
1713,0.35981161955025265,-2.317921233715579,-0.24450360734397308,-0.2639742176030833,-67.8147201538086,-0.3726385169146047,0.5391655826916251,0.755275453164264,0.755275453164264,40.95055591800146
1714,0.34869836021423584,-0.48125552736928695,0.3090912642895615,-0.16140984095146557,-67.72903442382812,-0.37178107674185606,0.537256405743965,0.7570563951673233,0.7570563951673233,40.79462109631582
1715,0.3736743145131248,2.262905391241129,-0.2384648872260757,0.28769252838248804,-67.69446563720703,-0.3721796337886073,0.5296994213115261,0.7621685136865813,0.7621685136865813,40.34425597949985
1716,0.37193920382728035,2.7400239429044233,-0.34235105938673316,0.14537717661466923,-67.6651382446289,0.36656498797332354,-0.536483263035602,-0.7601419723149027,-0.7601419723149027,139.47671545278558
1717,0.3589330823526369,-2.8804633111004296,-0.3467649026713774,-0.09266639025275022,-67.5750961303711,-0.3782304140282504,0.5251979133381566,0.7623049952146874,0.7623049952146874,40.3321752815677
1718,0.4126937904668292,0.035911151863453186,0.41242771187304256,0.01481712418270604,-67.82466125488281,-0.3649815592615152,0.5203242613581947,0.7720434731549011,0.7720434731549011,39.46225273676032
1719,0.41143218267655557,-2.8097099931107508,-0.38898057709842165,-0.1340542859522718,-67.83466339111328,-0.38067838167173995,0.5113094479757762,0.770484664440826,0.770484664440826,39.60256873546989
1720,0.47120169219245905,-0.10341252965875594,0.46868438567160936,-0.048641354346512976,-67.69051361083984,-0.38568389429164823,0.502054286703438,0.7740732697146511,0.7740732697146511,39.27891259824851
1721,0.5233974392585532,1.1548129224859298,0.21149949568986706,0.4787617807901366,-67.71586608886719,-0.4054305217154724,0.5290269289525309,0.7454908453526266,0.7454908453526266,41.79872383589036
1722,0.38155405173755563,0.370848893839537,0.35561602126654757,0.1382777632734044,-67.63914489746094,-0.38688681342415393,0.5108507275989311,0.7676914274043619,0.7676914274043619,39.85296874382764
1723,0.3640190268383934,2.4854308310177133,-0.2884267112529896,0.22208080542035938,-67.65118408203125,-0.3719085605298841,0.5295205884814992,0.7624250579426128,0.7624250579426128,40.3215454170157
1724,0.3878810223969833,-0.5213819523108695,0.3363439251374518,-0.19319537147370078,-67.80054473876953,-0.36032121547462276,0.5297420745823926,0.7678163557101616,0.7678163557101616,39.84179758149802
1725,0.35757662419038394,2.8478073777862467,-0.34225611250493193,0.10354610383979905,-67.68824768066406,-0.37983656013525235,0.514198844035048,0.768975770995185,0.768975770995185,39.73799713252289
1726,0.3825459719198294,0.7555516252935571,0.2784526919196745,0.262308061246264,-67.70279693603516,-0.3864992033688216,0.5222195484417274,0.7602007031176602,0.7602007031176602,40.51810537257747
1727,0.4239523522814341,-1.8057019914204107,-0.09867543653041921,-0.4123090530542501,-67.69522857666016,-0.37703937172395774,0.5227644977568472,0.7645643151854751,0.7645643151854751,40.131752873655714
1728,0.452007891059313,1.8256748460528842,-0.11396377970769014,0.4374052931717046,-67.70384216308594,-0.3538254658482966,0.5436891782715481,0.7610582219171178,0.7610582219171178,40.442422586029906
1729,0.3878669298249186,-1.95974284364641,-0.14708450330013886,-0.35889678758768484,-67.5530014038086,-0.3574599268295936,0.5500442153878649,0.7547673560967842,0.7547673560967842,40.99495398844774
1730,0.4530155577995478,0.2708201276597632,0.43650396449972884,0.12119152026629126,-67.73410034179688,-0.3709530663291132,0.5511859339524954,0.7473873753241648,0.7473873753241648,41.635431731153545
1731,0.3839828872405205,-1.1131850446059497,0.16964610700439064,-0.3444750441930752,-67.65210723876953,0.36895180620048545,-0.5411487790066893,-0.7556669661173293,-0.7556669661173293,139.083681968221
1732,0.42597546791444596,-1.56475158642204,0.002574895428046919,-0.4259676856035746,-67.59407806396484,-0.36646416708787255,0.5370240248712213,0.7598086673312603,0.7598086673312603,40.5526666737924
1733,0.4325867283698267,2.4907672553640094,-0.3441590830089285,0.2620797648506341,-67.73149108886719,-0.35925280295929896,0.5635590237275205,0.7438673607177365,0.7438673607177365,41.93809417657513
1734,0.4136821001986647,0.5480541851011305,0.3530942032990664,0.21553970312073742,-67.6886978149414,-0.35802940749714773,0.5489482824303802,0.7552951254867047,0.7552951254867047,40.9488361321509
1735,0.4093494633908916,2.8030120522079236,-0.3861094936531956,0.13596485608157657,-67.61339569091797,0.3561238641945005,-0.5613754532420836,-0.7470163276986804,-0.7470163276986804,138.33257977213245
1736,0.410475067506276,2.801923478083208,-0.3870225497459089,0.1367601076061925,-67.65961456298828,0.3368970438413503,-0.5460775180493912,-0.7670069922314765,-0.7670069922314765,140.08587489873509
1737,0.38090496411718255,0.5737764615684289,0.319905729727462,0.20675810933709987,-67.59117889404297,-0.351451043682958,0.5641195489094532,0.7471621634105644,0.7471621634105644,41.65484993694994
1738,0.40939493846184943,0.9536611117069893,0.23691733918533353,0.3338778070365311,-67.55439758300781,-0.34859881121565156,0.5747116457119001,0.7403954302277628,0.7403954302277628,42.23488894190905
1739,0.421499414727879,2.122492480339566,-0.2209215372936933,0.35896438677915643,-67.72715759277344,-0.34086673048133004,0.5730086653492923,0.7452992294948326,0.7452992294948326,41.81519308454412
1740,0.4496060919313465,1.5972379797624237,-0.011886942994093357,0.44944892756355925,-67.66300201416016,-0.3740727841413225,0.5835036825918524,0.7208279992942188,0.7208279992942188,43.87711603240467
1741,0.4317137967736266,0.9807505273446612,0.24020515889724628,0.358717554579991,-67.72442626953125,-0.35439423542170695,0.566261794229577,0.7441453529356775,0.7441453529356775,41.91425634958651
1742,0.4014489523724489,-2.264851964205965,-0.25679076979333165,-0.3085769951080035,-67.65079498291016,0.34724386857762674,-0.5601350405741568,-0.7521106514710664,-0.7521106514710664,138.77354129474082
1743,0.4444068871604162,0.1706008974851212,0.4379554002627645,0.0754489810156017,-67.81092834472656,-0.3531992282982823,0.5515700373902467,0.7556591817630617,0.7556591817630617,40.916999005079674
1744,0.4340977433332831,-0.8756009689857291,0.27805500317999066,-0.33335606485202024,-67.62366485595703,-0.36257514836733357,0.5674386344108056,0.7392919977684097,0.7392919977684097,42.328860479251986
1745,0.42204303209811816,2.4858877333806437,-0.3345190400983852,0.25732728723209314,-67.69767761230469,0.3561556755163037,-0.5835523391594958,-0.7298080585051157,-0.7298080585051157,136.87030533557507
1746,0.3750212377310627,-0.6998105645738341,0.28687782530884204,-0.24154097394729485,-67.64036560058594,-0.35006459911209087,0.5801246437617086,0.7354659571651443,0.7354659571651443,42.65339644862843
1747,0.4319583041813972,-2.2001217626968397,-0.2542504667406622,-0.3492057798969311,-67.71292114257812,-0.3506792319147716,0.5911056335869157,0.7263733242936975,0.7263733242936975,43.41678756766591
1748,0.48137883700953055,2.9712454684979632,-0.4744113452434476,0.0816055158978275,-67.59382629394531,-0.361285551663384,0.5624757948413593,0.7437027163973958,0.7437027163973958,41.95220721989066
1749,0.48243517767231986,1.1829359804619752,0.18246111446708066,0.44660009221131347,-67.63455200195312,-0.3634081854913135,0.5640387259929592,0.7414814942384945,0.7414814942384945,42.14223047815465
1750,0.43505400613400824,1.2777692219134984,0.12566605239139064,0.4165093414674081,-67.71659088134766,-0.36192881209564004,0.5646516949450324,0.7417384972958739,0.7417384972958739,42.12027981598528
1751,0.3792866667684207,0.7140291615754876,0.28663807897696375,0.24838878249368448,-67.82947540283203,-0.35597620685928816,0.5571466595618614,0.750245653029148,0.750245653029148,41.38833840522519
1752,0.3846277886954322,0.4824851723962625,0.3407204434814113,0.17846040241624594,-67.73300170898438,-0.3493309047398344,0.5653147504387896,0.7472530708735682,0.7472530708735682,41.64701261075289
1753,0.43565929456396907,2.4631528223546066,-0.33918376155224494,0.2734106743330352,-67.59431457519531,-0.3599992758330917,0.5619793546173455,0.7447010986855876,0.7447010986855876,41.866568008020984
1754,0.37474467827834806,-0.8526889309812667,0.24656724131489957,-0.2822023554265674,-67.72005462646484,-0.36714302068960075,0.564601068985927,0.7392101428273722,0.7392101428273722,42.33582474166234
1755,0.389063290710597,2.0260119622442763,-0.17105401033815537,0.34944351435645893,-67.81075286865234,-0.3564280001662701,0.5645813735093911,0.7444507729754352,0.7444507729754352,41.888053844051555
1756,0.4565832368001759,-1.3955245669841327,0.07961703990684922,-0.4495880103866168,-67.69341278076172,-0.36961616366886724,0.5640210374470432,0.7384200436552831,0.7384200436552831,42.40299911363106
1757,0.4076718727395888,2.356050518532732,-0.2882260403687754,0.28830904508242633,-67.59661865234375,-0.3703856461779579,0.5431931082735855,0.7534956670276329,0.7534956670276329,41.10590247852012
1758,0.4143560285511479,-0.04711849467958578,0.413896146849748,-0.01951660881432853,-67.54999542236328,-0.37495309282219774,0.5470357918880129,0.7484397240770448,0.7484397240770448,41.54459786155632
1759,0.386407560356643,-2.616676200493026,-0.3343838927708833,-0.19364455829215318,-67.73527526855469,-0.3711446119787389,0.5458086484392415,0.7512287243497017,0.7512287243497017,41.30307383030194
1760,0.4021055526428375,-0.38192355318880816,0.3731336194641859,-0.14986719951930055,-67.64250946044922,-0.36507182867064086,0.5480043749503246,0.7526046538165827,0.7526046538165827,41.183492414542094
1761,0.41107639061565016,2.8755320536793665,-0.3966123295717189,0.10808542433318573,-67.64236450195312,-0.3679416999100889,0.5432683422958624,0.7546379355203261,0.7546379355203261,41.006256573099506
1762,0.40635740822451794,-0.3575444326255885,0.3806589733023681,-0.14221494036610394,-67.68421173095703,-0.3670561822532636,0.5438898971173681,0.7546214540306404,0.7546214540306404,41.00769575389931
1763,0.42694952393085495,2.7601834901688025,-0.39626936925461853,0.15892288373714622,-67.53311920166016,-0.3598481584558148,0.5466741564716096,0.7560798036596489,0.7560798036596489,40.880189718213636
1764,0.40540597232164405,0.7322503462921525,0.30148900100440224,0.27103207313420524,-67.76603698730469,-0.3420727776468081,0.5543943003538773,0.7587049324527503,0.7587049324527503,40.6498397675677
1765,0.40317823308456374,-1.127864062393578,0.17279840131197235,-0.36427105311459673,-67.6692123413086,-0.3588549671388015,0.5564282463512565,0.7494069116456528,0.7494069116456528,41.46097116337296
1766,0.392066124182432,2.91483481207849,-0.3820293943406782,0.0881441296464421,-67.82550811767578,-0.34626825960421925,0.5560220685776607,0.7556042295046292,0.7556042295046292,40.9218059488548
1767,0.406956864775793,-0.49493433132370923,0.3581220013807831,-0.19329387448950747,-67.82511138916016,-0.3294085722862241,0.55392401591896,0.7646294377622165,0.7646294377622165,40.12596358311018
1768,0.41062469150094666,-1.2596578313526519,0.12570973775436056,-0.39090881175023096,-67.69803619384766,0.339577572900837,-0.5532683703073543,-0.7606452408319013,-0.7606452408319013,139.52111395900843
1769,0.4316327132598473,-1.4704618350049652,0.04323502240018861,-0.42946190982916377,-67.60031127929688,-0.3630986514680905,0.551402533480478,0.7510756389161911,0.7510756389161911,41.31636085193043
1770,0.45013935633321994,1.0900769480492276,0.20815215433985296,0.3991216866618044,-67.6722412109375,-0.35983906529222476,0.5612068562983615,0.7453607928602956,0.7453607928602956,41.809902333534296
1771,0.43019835361815667,-2.729342514881844,-0.39415701335013736,-0.17236842020124274,-67.67538452148438,-0.34491336511067033,0.5528784448717772,0.758525013275237,0.758525013275237,40.66566170086979
1772,0.43410195579960276,0.04474382442832561,0.43366749010040867,0.019416901376177822,-67.72054290771484,-0.33604769022797326,0.5539929737702751,0.7616848002327548,0.7616848002327548,40.38704787782209
1773,0.4049417916977631,3.0186183485278533,-0.40188374592647613,0.0496720185164458,-67.68618774414062,-0.3422973801115254,0.5774174404745094,0.7412297909586826,0.7412297909586826,42.16371948162583
1774,0.3970895752991975,-0.942356040083149,0.23344250885246473,-0.321223794062588,-67.59973907470703,-0.3546999539447606,0.570109363540927,0.7410555014805192,0.7410555014805192,42.17859411868029
1775,0.41788644710289313,2.80737891714709,-0.39476417021768867,0.13707783403825294,-67.75973510742188,-0.35686494438988836,0.5592275269827491,0.7482726672345854,0.7482726672345854,41.55902827675308
1776,0.4158182382733526,2.87792997709325,-0.40144834801524326,0.10836988122438268,-67.51151275634766,0.3345208645512509,-0.5691815424098923,-0.7510846576517056,-0.7510846576517056,138.6844218303546
1777,0.4242837760224716,2.531925739802171,-0.34784429611932766,0.24294252047168755,-67.74842834472656,-0.3450958900351181,0.5770921788929917,0.7401847362256325,0.7401847362256325,42.25284536062963
1778,0.4066341702124772,-1.0570865146477966,0.19982474751397886,-0.3541488651194078,-67.8508071899414,-0.36192725785321944,0.5743371840814949,0.7342652511212746,0.7342652511212746,42.75483280272464
1779,0.45478553063257815,1.6494582447081316,-0.03573742006575834,0.4533792184030927,-67.65325164794922,-0.3689605583116301,0.5740248311055075,0.731001778167922,0.731001778167922,43.02955748094276
1780,0.441073845597246,-0.532363558791359,0.3800335495920933,-0.22387639101606308,-67.70914459228516,-0.33285913750239926,0.5822623708761643,0.7417380440848554,0.7417380440848554,42.120318532978075
1781,0.42945846789270914,-2.0713889755902244,-0.2061166817030795,-0.3767631738485922,-67.67508697509766,-0.34306188794136533,0.575021762121641,0.7427371770206666,0.7427371770206666,42.034893996840395
1782,0.424892668961177,2.4813843032576406,-0.3356076233077887,0.2605787852351948,-67.71881866455078,-0.352949297025033,0.5755347393889377,0.7376900144952776,0.7376900144952776,42.464989756990846
1783,0.38589760642449816,1.3957148978164375,0.0672188566397379,0.37999814204309373,-67.74089050292969,-0.36862577230533433,0.5707162020339214,0.7337561289204148,0.7337561289204148,42.797785133641376
1784,0.3994739438604967,-0.84632115788019,0.2647483664659085,-0.2991450054356454,-67.76788330078125,-0.37336979961335676,0.5624820015230121,0.7377052193792235,0.7377052193792235,42.46369937729374
1785,0.37528451742347557,2.216042512693803,-0.22569428766829863,0.2998342167459715,-67.76531219482422,-0.364495777296749,0.5641941522654795,0.7408291212434052,0.7408291212434052,42.19790805161695
1786,0.37474266425565594,-1.3526177133216077,0.08111371507693901,-0.3658587564072294,-67.81407165527344,-0.35181194044575104,0.5747464849247562,0.7388469642804472,0.7388469642804472,42.36671296939446
1787,0.3843829478609813,2.2737021458478104,-0.24847953544264115,0.29327149720439444,-67.58504486083984,-0.35223555676111645,0.5878728459875295,0.7282414637355586,0.7282414637355586,43.26082836336183
1788,0.42946937213990116,-1.34339818262935,0.09682104195274405,-0.4184132257008924,-67.75285339355469,-0.3724232488482457,0.5837470829853146,0.7214847654825803,0.7214847654825803,43.82279813282868
1789,0.43781646550312947,0.7009416417124619,0.33459476547752526,0.28236430436705845,-67.85125732421875,-0.3731335700627336,0.5670888312269874,0.7342898585639382,0.7342898585639382,42.75275590221655
1790,0.4648799707751353,2.096913627498254,-0.2334531999650083,0.4020111822499326,-67.69778442382812,-0.35834101209676894,0.5633830871135591,0.7444402032425838,0.7444402032425838,41.88896086259338
1791,0.4751312617496099,-2.3943761198294755,-0.348548382900039,-0.3228989635622018,-67.66500091552734,-0.3507626950249699,0.5793141177739458,0.7357721690350993,0.7357721690350993,42.627496291644555
1792,0.305553349138512,-1.6168200955831384,-0.014057752641024036,-0.30522979664581434,-67.75822448730469,-0.37112221126645756,0.5532498609231953,0.7457767063224489,0.7457767063224489,41.7741444390641
1793,0.45643642104846316,-0.9365256778539989,0.2704797394206554,-0.36766141628197035,-67.74686431884766,-0.3586993111069853,0.5715109002957255,0.738044778488774,0.738044778488774,42.43487402996001
1794,0.4892077422928396,0.08405999623746267,0.4874803685518054,0.04107438856335364,-67.70234680175781,-0.3600529992170945,0.5593416252790727,0.7466584118490466,0.7466584118490466,41.69825761348407
1795,0.4557390194453427,-1.743584017644726,-0.07835484218214782,-0.4489527509121791,-67.68196868896484,0.36650315327352473,-0.5610416363634518,-0.742231581723106,-0.742231581723106,137.9218606477238
1796,0.4293806343407847,2.8087780884758025,-0.40581904073316294,0.1402805593277632,-67.91368865966797,-0.3639100480488644,0.5605698796423673,0.7438621424476549,0.7438621424476549,41.9385415375658
1797,0.32165307097316337,-1.8165569110598851,-0.07825630269518338,-0.31198821957719286,-67.5713882446289,-0.360780243839392,0.5758302321147055,0.7336601116579212,0.7336601116579212,42.805881776826325
1798,0.4290343461525811,-2.2669403595651207,-0.2751241517568985,-0.3292068822163654,-67.66059112548828,-0.37669816764689923,0.570158183642091,0.7300809106649895,0.7300809106649895,43.10682249116594
1799,0.5225672209441666,2.9176747886488386,-0.5095213132837731,0.116036768805791,-67.64034271240234,-0.38713709608053204,0.57112671767007,0.7238364049989094,0.7238364049989094,43.62786367155751
1800,0.36041483561614024,2.175747623656313,-0.20497585232265614,0.29645194163103417,-67.7942123413086,-0.38372618406641096,0.5669287037059016,0.7289348808886682,0.7289348808886682,43.2028244705647
1801,0.41265943303498615,-2.9497710388575817,-0.4050906721818773,-0.07867245378142904,-67.7955093383789,-0.37520106837982387,0.5644874355372534,0.7352401603606906,0.7352401603606906,42.672486762578615
1802,0.5143575262502409,-1.5996718938825054,-0.01485030136263242,-0.5141431059147893,-67.60079193115234,-0.37473482336773933,0.5784653731389784,0.7245354540909174,0.7245354540909174,43.569783200324856
1803,0.4042954060370537,-3.1341251065732663,-0.4042841334726827,-0.00301906689362726,-67.7799301147461,0.37806493848246975,-0.5844410098236047,-0.7179802283674751,-0.7179802283674751,135.8879751402391
1804,0.3179400205747145,1.383921119242273,0.05906989154481516,0.3124045527772181,-67.64472198486328,-0.37477011605984467,0.5754837680336058,0.7268877443170532,0.7268877443170532,43.373886724186825
1805,0.455481767855178,2.9125910826820838,-0.4435907463165186,0.10339676315452179,-67.66962432861328,-0.37611984035260154,0.5537102560646358,0.7429258496121731,0.7429258496121731,42.01874688411345
1806,0.4382200303108577,-2.918251942773274,-0.427335943182621,-0.09706073680880813,-67.60125732421875,0.3621186056680182,-0.5611182397906009,-0.7443228038985156,-0.7443228038985156,138.10096584522714
1807,0.4158776266663673,-2.0966292374062734,-0.20874294109882235,-0.35969512771660384,-67.79004669189453,-0.37519698861124606,0.5688697527445268,0.731856833096087,0.731856833096087,42.95771437816462
1808,0.42952992609582785,0.10476952356773744,0.427174681180268,0.044919362978827634,-67.73162841796875,-0.36135828699987943,0.5660223626513765,0.7409715739453617,0.7409715739453617,42.18575534660784
1809,0.40920144002129577,0.9579294331745701,0.23537878436204626,0.33472771977795246,-67.6865234375,-0.3704941297032199,0.5628783189466463,0.7388518781970113,0.7388518781970113,42.366295164111996
1810,0.40548393472984495,1.36018808893275,0.08476833720368558,0.3965243376284984,-67.7171630859375,-0.3632361152159894,0.5724419023274216,0.735098492082904,0.735098492082904,42.684460788025156
1811,0.42595743349465826,0.8292466823860069,0.28770505342950997,0.31411070879624436,-67.5655517578125,-0.35599290295455466,0.5679241989197666,0.7421126311600756,0.7421126311600756,42.08830836191174
1812,0.4220463853629142,-0.21453976467241945,0.4123707528338645,-0.08985273287515164,-67.76394653320312,-0.3391364999315302,0.5806543541747454,0.7401533323522231,0.7401533323522231,42.25552122858518
1813,0.39470102193148837,-2.5217238129380064,-0.3212687352611753,-0.2292930362166416,-67.6002197265625,-0.3566811311084642,0.5682878952485475,0.7415034988623874,0.7415034988623874,42.14035142441026
1814,0.37695430184969997,1.1126719333036397,0.16671432954044113,0.3380841285965313,-67.67893981933594,-0.3500713263556983,0.5677172774946412,0.7450819815950692,0.7450819815950692,41.833858990655116
1815,0.46264062281731105,-1.5838251578184817,-0.006027495967609047,-0.46260135664862667,-67.4947738647461,-0.33141894091737967,0.585903090791987,0.7395127137525082,0.7395127137525082,42.310077211155026
1816,0.4307890857304522,-1.0864344583577044,0.2005942348085395,-0.3812363956209526,-67.67681884765625,0.3186452797185337,-0.5789514708908055,-0.7505200730603216,-0.7505200730603216,138.63544832415826
1817,0.3935566895137761,2.9597294531940164,-0.38706631681960485,0.07117959149045476,-67.6272201538086,0.31711482160867804,-0.5838241370244535,-0.7473871600072807,-0.7473871600072807,138.36454970027398
1818,0.44500029305496375,-2.078562776440518,-0.21637102933267438,-0.38885580680314213,-67.58319854736328,-0.3089676485360956,0.5721325952614724,0.759738958851952,0.759738958851952,40.558809520006115
1819,0.43326330625953396,-2.8690531142883184,-0.41727173713721216,-0.11662499705224459,-67.50749206542969,-0.33979588414511747,0.5674846609047417,0.7499999445039102,0.7499999445039102,41.409626916512664
1820,0.4432206086744978,2.698455286335611,-0.40041032194170323,0.19004231643592934,-67.76138305664062,-0.3076561797900388,0.5655143967552864,0.7652066009252037,0.7652066009252037,40.074624350354505
1821,0.42148770472897135,1.342700784016425,0.09530798216180551,0.41057066842864154,-67.66738891601562,-0.32010378726191485,0.5802971598475174,0.7488583121348682,0.7488583121348682,41.508422083222456
1822,0.38002218599837356,0.5507957775554886,0.3238200624464936,0.1988904950170607,-67.81687927246094,-0.330657525499574,0.5696194432191881,0.7524621523619383,0.7524621523619383,41.19589038191173
1823,0.38333417824465144,2.668468270855562,-0.3412245157917957,0.17467375885678063,-67.80670928955078,0.3250992327363938,-0.5881615797044584,-0.7405244391873669,-0.7405244391873669,137.77610892066193
1824,0.4366259618766246,-1.5573761513481026,0.005859421127939955,-0.43658664405674746,-67.69550323486328,-0.32551359898603205,0.5702725606894758,0.75420826261705,0.75420826261705,41.0437624834907
1825,0.48677816862549855,-2.422164481274394,-0.3661460980061569,-0.32076474302089386,-67.6402587890625,-0.3414848335168622,0.5712456181770833,0.7463689115922789,0.7463689115922789,41.72318681277659
1826,0.4192692131294021,-2.319643619746192,-0.2854363354997583,-0.3071038447408587,-67.63756561279297,-0.33465776833453176,0.5633975832240721,0.7553723196613878,0.7553723196613878,40.94208711927526
1827,0.3836861624213255,-0.49545613914371767,0.3375486448851748,-0.1824170594264308,-67.5545654296875,-0.33532433403026807,0.5635182355800034,0.7549866152296723,0.7549866152296723,40.97579974728231
1828,0.3876560634960107,1.9200292225939017,-0.132647031435644,0.3642553892758958,-67.63720703125,-0.3300838392667947,0.5795149955589698,0.7451221570837765,0.7451221570837765,41.83040763090962
1829,0.4634523529712517,-2.159093191082443,-0.2571905715539167,-0.3855400023063227,-67.69847869873047,-0.3318575263043477,0.5743182444941363,0.7483509445950696,0.7483509445950696,41.55226716773022
1830,0.4812714934533697,-1.0791405270502863,0.22720163478380592,-0.4242660339485156,-67.75282287597656,-0.3366807139014261,0.5888392576046512,0.7347886945172941,0.7347886945172941,42.71063591622636
1831,0.39082417435453387,1.2577391225056005,0.12036160687369969,0.37182874936008387,-67.85921478271484,-0.31904848454591533,0.5744918628241867,0.7537686409355,0.7537686409355,41.082107653158005
1832,0.32191955825633484,-2.7068586464368485,-0.2919752777410079,-0.13558259171447876,-67.51209259033203,-0.3216250002118769,0.5706887416614761,0.755560533233143,0.755560533233143,40.92562794419147
1833,0.4391746106214659,-0.3253514365906769,0.41613483031289716,-0.14037856536869328,-67.71733856201172,-0.3209269764086477,0.5828746958256193,0.7465004787536277,0.7465004787536277,41.71185892206133
1834,0.4974419616654367,2.439516438020159,-0.3797984325257509,0.3212501453331039,-67.5530776977539,-0.3057904505297588,0.5835837889446867,0.7522779816303085,0.7522779816303085,41.21190913729763
1835,0.49579281888642773,-0.32441555258026106,0.469930869177528,-0.15803638015787116,-67.6052474975586,-0.31888401545088946,0.5930929833648837,0.7392927010144621,0.7392927010144621,42.328800642673244
1836,0.42415378371189555,1.9698017311810763,-0.1647846215387633,0.39083559298181125,-67.77237701416016,-0.31089494991591454,0.5848565742697648,0.7491909754196296,0.7491909754196296,41.479653794949925
1837,0.28780265418468853,-2.3371946912319927,-0.1996041138328554,-0.20733684066453778,-67.64203643798828,-0.323054204190525,0.5761725155043571,0.7507737432357422,0.7507737432357422,41.34255356452961
1838,0.512524197399646,0.7673596321874353,0.36888735275376666,0.3558133975814703,-67.77940368652344,0.3203948666523498,-0.5876741782963668,-0.7429577306862842,-0.7429577306862842,137.98398208359387
1839,0.40253003042866703,-1.1753962404672995,0.1550454851567989,-0.37147183329210365,-67.72232818603516,-0.31414220857737835,0.578619328022405,0.7526714728412573,0.7526714728412573,41.17767794353165
1840,0.32733400390325085,0.7693030063339991,0.23515533989998658,0.22770488845840625,-67.7701187133789,-0.3239818812865666,0.570009295072677,0.7550663177024698,0.7550663177024698,40.9688351980763
1841,0.41611600462036746,-1.9260818533951207,-0.14474931196009952,-0.39012839679815087,-67.73316192626953,-0.304112441447334,0.5803096405730197,0.7554841785338423,0.7554841785338423,40.93230577861656
1842,0.4049842228783075,-2.526545221582516,-0.3307692763686026,-0.23367478809434625,-67.71853637695312,0.3058362100224759,-0.5639238317550438,-0.767107635614323,-0.767107635614323,140.09486279400488
1843,0.3853620331862527,-1.1100387849166249,0.17134227871994484,-0.3451749123915283,-67.69024658203125,-0.3166484021288664,0.5710961399365253,0.7573526182557478,0.7573526182557478,40.76863685194713
1844,0.3746649688887281,2.6983394014349353,-0.33845779192131525,0.16068653335030672,-67.66529846191406,-0.30138622064153703,0.5705357312667952,0.7639733800043521,0.7639733800043521,40.184254370489
1845,0.5087045864114458,1.644450598978873,-0.037434398000412525,0.5073253611661719,-67.77149200439453,-0.3167845246991906,0.5732903990742657,0.7556359462336193,0.7556359462336193,40.91903158766178
1846,0.47631768419184545,-2.80925043808186,-0.45025394758022186,-0.1554024419444863,-67.77711486816406,0.2900675728443379,-0.5808111301851682,-0.7606045189434667,-0.7606045189434667,139.51751996275078
1847,0.39427076222387,-0.9112320690531672,0.24159830460809367,-0.3115761434306006,-67.67176818847656,-0.3110467251351522,0.5834254813104487,0.750243055642882,0.750243055642882,41.38856349313716
1848,0.44317798107877876,-2.883018157744724,-0.42844473540745415,-0.11332180555700229,-67.68246459960938,-0.29500055371655565,0.5899428285281691,0.7516263249614856,0.7516263249614856,41.268547763646474
1849,0.4683120409212327,-1.0980453095589127,0.21323993477768086,-0.41694711641624377,-67.69062805175781,0.29731458456397175,-0.5909905540739712,-0.7498894603879253,-0.7498894603879253,138.58080351648766
1850,0.4211593248097802,-2.968615804581172,-0.41487426750945955,-0.07248806131163475,-67.69737243652344,0.31029146388024054,-0.5874029195174115,-0.7474469998504768,-0.7474469998504768,138.36971045004412
1851,0.39535768130311116,-1.0519397973639009,0.196052927256001,-0.3433233838230737,-67.76050567626953,-0.30422796331916174,0.5806799974954407,0.7551530221374803,0.7551530221374803,40.961257697138535
1852,0.39746807158814385,3.131942049785185,-0.39744956280554083,0.003835747343384783,-67.5906982421875,-0.29820716137082076,0.5785959901164861,0.7591437078236772,0.7591437078236772,40.611232893485415
1853,0.3995516820209361,-1.754588193046108,-0.07302161835442011,-0.39282233879791084,-67.7081527709961,0.30365511182964106,-0.5943102295424005,-0.7447072741158014,-0.7447072741158014,138.13396215215596
1854,0.40718185610895424,2.812628909173866,-0.3853477987107915,0.13154519365252554,-67.79106903076172,0.3128105256923417,-0.5891205744451946,-0.7450412899842833,-0.7450412899842833,138.16264554777547
1855,0.3830063422257111,-1.5139323023018658,0.02176754664199649,-0.3823872802517195,-67.74168395996094,-0.2995077665885171,0.5665454914597234,0.7676726541044816,0.7676726541044816,39.85464723778914
1856,0.4354498658259448,1.7805254341374035,-0.09065846339456955,0.42590800492919695,-67.73846435546875,-0.29746922465940034,0.586300046275375,0.7535013710127065,0.7535013710127065,41.10540538449326
1857,0.4121994949075006,-0.9657019345701434,0.23447544177510402,-0.3390128180561443,-67.68974304199219,-0.31104465835672,0.5631184352752834,0.7656035843443185,0.7656035843443185,40.039280524490344
1858,0.4264666250339377,1.9448853191207531,-0.15584142897200431,0.39697258253411016,-67.79820251464844,-0.30436220990924145,0.5643318554686756,0.7673937725069475,0.7673937725069475,39.87957471111603
1859,0.4551654359796089,-1.2304262124760674,0.15195060679811917,-0.4290531286498105,-67.76675415039062,-0.3032216005841698,0.5641979315910266,0.7679435883758531,0.7679435883758531,39.830417678307406
1860,0.4403878623024855,1.9755720326886497,-0.17343028959494802,0.4048004494987195,-67.64330291748047,-0.29818674520003446,0.5680646746424606,0.7670640067232756,0.7670640067232756,39.90903366420191
1861,0.45847425814398945,2.77348599990534,-0.4277612222609817,0.16498176296328187,-67.70531463623047,0.2937243539166235,-0.5583563145136561,-0.7758635382327163,-0.7758635382327163,140.8833896529581
1862,0.4194618651537772,-2.7692830239226205,-0.39072439096103256,-0.15258671838143634,-67.6266860961914,-0.30073704186688993,0.5656031247670227,0.7678869297643582,0.7678869297643582,39.835485654249005
1863,0.42798788224109663,1.4462002832850764,0.05318773121230153,0.4246700985396862,-67.8373794555664,-0.303569615695087,0.5535946515120119,0.7754859445818676,0.7754859445818676,39.15088922156696
1864,0.4376911524844047,-2.8056307573053583,-0.4132214293763826,-0.1442968997146705,-67.75357055664062,0.2986047100653573,-0.5508402460742357,-0.7793652869044524,-0.7793652869044524,141.2024983508909
1865,0.44753314569298336,-1.0760713696021702,0.21248408512875308,-0.3938736219409138,-67.56757354736328,-0.29452015270995374,0.5442690214696028,0.7855120062202912,0.7855120062202912,38.23194259779724
1866,0.40311278702832865,-2.0454268414472443,-0.18422650842255076,-0.35855336096623397,-67.6808853149414,-0.28455437031374436,0.5571021909724599,0.780170468006213,0.780170468006213,38.72381405781683
1867,0.3984230062852198,2.030157604545966,-0.17665107443915123,0.3571208336639655,-67.80655670166016,-0.2895670233995493,0.5722337260224389,0.7672675555254511,0.7672675555254511,39.89085218796628
1868,0.3893396337988564,-0.8553635040135515,0.25538506560086477,-0.2938772170731675,-67.6321792602539,-0.287118063522431,0.5572278001469858,0.7791408064929473,0.7791408064929473,38.81802436708536
1869,0.3875793059730372,1.4086047263532424,0.06258686057507878,0.38249261862406814,-67.68064880371094,-0.2860465473945341,0.5657376423768462,0.7733810785903378,0.7733810785903378,39.34151473641907
1870,0.39600095893930204,-1.4560600749694874,0.04533604240832823,-0.39339725817498655,-67.68327331542969,-0.2709696211851547,0.5623792901827889,0.7812201983872898,0.7812201983872898,38.62756822337363
1871,0.4325795549845466,1.4634362996822035,0.04635258818852234,0.4300889547045514,-67.65185546875,-0.29167555020241354,0.5649001573977782,0.7718893609747999,0.7718893609747999,39.47614370292214
1872,0.4691207602119178,-2.0162757130350357,-0.20213969298084797,-0.4233365471860612,-67.63908386230469,-0.2672567933757298,0.570599301931065,0.7765244638968587,0.7765244638968587,39.05654910655791
1873,0.5119165452585285,-1.5449863820913359,0.013211070845671549,-0.5117460472896079,-67.80245971679688,0.28443943265350663,-0.5688386146553437,-0.7716973756782776,-0.7716973756782776,140.50655733909178
1874,0.4949543044595494,2.768838628019786,-0.4609647594173109,0.18025330531886785,-67.81028747558594,0.2926215623767274,-0.5560505787460861,-0.7779334001753273,-0.7779334001753273,141.07174698010283
1875,0.5055636145287912,2.0496179110328248,-0.23293014736501555,0.44870715927420673,-67.66098022460938,-0.2871417712883949,0.5497784159091963,0.7844063338485596,0.7844063338485596,38.334195305776156
1876,0.44069300063694,-1.9275937295862557,-0.15392310564821005,-0.4129382500544118,-67.54850769042969,-0.27388315882781056,0.5498595696241442,0.7890769728000249,0.7890769728000249,37.90066335073667
1877,0.39218199610483145,2.591121637481023,-0.3342481788095588,0.20514597980770477,-67.65479278564453,0.2689373124531762,-0.5712068642439304,-0.7754968989048756,-0.7754968989048756,140.85010488379476
1878,0.382127878904985,-2.1906558394553617,-0.2219860389183009,-0.311036837628255,-67.81482696533203,0.258431359637973,-0.5677014766066364,-0.7816190029767146,-0.7816190029767146,141.40904973286536
1879,0.3895912798396094,2.6384012998606283,-0.3413006923127881,0.18787017526440003,-67.65776824951172,-0.26027251011811325,0.5617158947103069,0.7853238020756891,0.7853238020756891,38.24936408158676
1880,0.5073650127149194,-2.570528480236818,-0.4268594966854917,-0.2742448289696982,-67.74250793457031,-0.2657428567136043,0.5726463514953742,0.7755365176603415,0.7755365176603415,39.146299535269605
1881,0.43543609958610313,-1.6424456807716035,-0.031172028308083494,-0.4343188937565562,-67.75402069091797,-0.2633989891189935,0.5702357191385721,0.7781080883460909,0.7781080883460909,38.91232134153144
1882,0.3822844648888249,3.0850018957670002,-0.3816724925850669,0.021622222347326636,-67.75855255126953,-0.2624366203308223,0.5621382952224382,0.7843006804496263,0.7843006804496263,38.34395406177779
1883,0.3405363526640297,-2.777669486649695,-0.3182338077000173,-0.1212115964851087,-67.68053436279297,0.26402315451870173,-0.5704188763134009,-0.7777622255055531,-0.7777622255055531,141.05614105382247
1884,0.42037681725767195,-0.823831496846835,0.2856102411332181,-0.30845333301411276,-67.80565643310547,-0.2618350115214267,0.551671868293781,0.7918968218618027,0.7918968218618027,37.63687256138143
1885,0.49737957648934844,-2.2206589893069193,-0.30095297576551316,-0.39599715843248934,-67.78623962402344,-0.26289559201080326,0.5775114264672865,0.7728948570154995,0.7728948570154995,39.38543902562531
1886,0.4135516961675434,2.2864385334809816,-0.2713321807270488,0.3120959036978157,-67.71009826660156,-0.2601725013101505,0.5886169423659487,0.7654020934918988,0.7654020934918988,40.057222694649795
1887,0.35200628902070824,0.07353017978250431,0.35105512371801456,0.025859768395325316,-67.74279022216797,-0.24392444358035117,0.5804533837141138,0.7769007241333039,0.7769007241333039,39.022321992049015
1888,0.39901805482393377,-2.205095519812264,-0.23646335390628498,-0.32140393640225823,-67.60979461669922,-0.2735720596751482,0.5794548549934685,0.7677176559058647,0.7677176559058647,39.850623592277465
1889,0.5127263592972782,-2.0000478761668905,-0.21339177305422638,-0.46621054332888606,-67.6594467163086,0.262092362178637,-0.5676795345357848,-0.7804149791981553,-0.7804149791981553,141.2985862229709
1890,0.386298624895632,2.68642266412713,-0.346968136931348,0.16982267089716135,-67.61557006835938,0.2575309063263295,-0.5928400427420277,-0.7630324475462168,-0.7630324475462168,139.73226604208526
1891,0.36161310086490855,-2.1703814390111056,-0.20405827395506002,-0.29853685793820534,-67.7269058227539,-0.25816897837026614,0.5916969466598492,0.7637038050976731,0.7637038050976731,40.20818577721195
1892,0.4006721339152706,2.4144250313728985,-0.2993262195342703,0.2663493442746544,-67.6117935180664,-0.25652872605495347,0.5740926136818413,0.7775671569868258,0.7775671569868258,38.96163685547721
1893,0.4137547975694593,-2.9897154885043102,-0.40899198994975006,-0.06259859957449407,-67.76753234863281,0.2735176003373797,-0.5759680658393773,-0.7703563522415637,-0.7703563522415637,140.38589976397273
1894,0.42948169077801324,-1.6282968661451525,-0.02468182264474029,-0.42877188614049144,-67.80647277832031,-0.26777501496832495,0.5783255704042922,0.7706076018151284,0.7706076018151284,39.591517641924405
1895,0.49880059705467156,-3.109342696269413,-0.49854122832432574,-0.016083509659564912,-67.8189697265625,-0.2670142901142157,0.5606721999943508,0.783804856471492,0.783804856471492,38.38972318116054
1896,0.4327950960536603,-1.9897303624130611,-0.17605537601763596,-0.39536830897706743,-67.79021453857422,0.274687087084602,-0.5638094652972983,-0.7788875984570245,-0.7788875984570245,141.15883750357364
1897,0.4092909174176701,-0.3537131712399185,0.3839529452631299,-0.14177161529857096,-67.66126251220703,-0.2648349386267043,0.5737006410135639,0.7750677581884153,0.7750677581884153,39.1888238315738
1898,0.3562193136528746,3.0041077165320322,-0.35285796542008224,0.0488206478749012,-67.67147064208984,-0.2711378311720743,0.5664035597707032,0.7782488573627199,0.7782488573627199,38.899479118894924
1899,0.3842285868704704,-0.719878337269606,0.28889607456400285,-0.2533192947052963,-67.78816223144531,-0.26983552815249756,0.5869185097648164,0.7633580094831716,0.7633580094831716,40.2388663462447
1900,0.3444364966919554,-2.5803516180697645,-0.29159829781884533,-0.18332193802864782,-67.81664276123047,0.2657648536482823,-0.5794246582745735,-0.7704778439051321,-0.7704778439051321,140.39681822797652
1901,0.3787007652998762,2.643838904710718,-0.33274817572071397,0.1808118391954707,-67.63114166259766,-0.26567253044604533,0.581988345579187,0.7685750920869059,0.7685750920869059,39.77389476564391
1902,0.38165191481069094,-1.4685836751341743,0.03894176461714512,-0.3796600098076827,-67.65850830078125,-0.26129111509993785,0.5882991429682767,0.7652653602199843,0.7652653602199843,40.06939458679955
1903,0.3908150855362843,-1.9842715506031217,-0.15702720128550823,-0.3578811103413726,-67.65377044677734,0.27663163075258285,-0.5757654236634477,-0.7693952935785462,-0.7693952935785462,140.29961775912435
1904,0.30703111577938585,-1.539985134379617,0.009458498081325342,-0.3068853904485846,-67.71473693847656,-0.26262729810062374,0.5765677055572316,0.7736902372402251,0.7736902372402251,39.31356458398886
1905,0.37283083659885136,-2.937953411894158,-0.3651270642251359,-0.07539933480696544,-67.69407653808594,-0.2875510242249375,0.5653047421828669,0.7731396749182854,0.7731396749182854,39.36332779438252
1906,0.5115539483703515,3.033224807545827,-0.5085531468467778,0.05532756027095362,-67.65902709960938,-0.2901365992631194,0.5721369989025137,0.7671245063579035,0.7671245063579035,39.90363040964681
1907,0.3980671468771282,-1.375707758943971,0.07716667919946672,-0.39051601381278045,-67.78044891357422,-0.2826407425537985,0.5613368081701868,0.7778272291723557,0.7778272291723557,38.937933207408136
1908,0.3475488456958222,2.7107262084316073,-0.31578434536658484,0.1451566304579156,-67.69001007080078,0.2780051135876915,-0.5702104584372745,-0.7730285828530844,-0.7730285828530844,140.62663740914965
1909,0.3819231751473625,1.1792038603217236,0.14576511186001048,0.35301252651865145,-67.68780517578125,-0.2860086820792613,0.5639651523261013,0.7746885443435196,0.7746885443435196,39.22319654032286
1910,0.4528497329608594,-3.1310033619565845,-0.4528243434765282,-0.004795268269123614,-67.723388671875,-0.2708529859795294,0.5624726225455503,0.7811934516319909,0.7811934516319909,38.63002304350688
1911,0.5098191729143404,0.006864118367303465,0.5098071626105877,0.0034994316687127647,-67.75071716308594,-0.25645308485793095,0.5786852541742318,0.7741803354956491,0.7741803354956491,39.269222043350084
1912,0.48663564590522584,-2.77655927502878,-0.4545721216186389,-0.17371942353325287,-67.71054077148438,-0.2720979166367361,0.5695633407591835,0.7756032004995765,0.7756032004995765,39.14024714055397
1913,0.5239334608258005,0.8714984236920831,0.3372457704604071,0.4009632921845428,-67.7721176147461,-0.26080756453456283,0.5638309666928802,0.7836287738972594,0.7836287738972594,38.405966122965054
1914,0.33764474753324336,-2.1488158244662214,-0.18447769348427615,-0.28279313312651194,-67.72994995117188,-0.25945406116470643,0.5711223400103618,0.7787829369511313,0.7787829369511313,38.850723067001276
1915,0.3297728053737796,-2.9676861233564926,-0.3247986219097909,-0.05706100568333357,-67.60250091552734,0.2718594129568531,-0.5639710928848436,-0.7797621855264786,-0.7797621855264786,141.23880648828833
1916,0.5232496673868552,1.9838606377360821,-0.21004172797244097,0.479241783373284,-67.69818878173828,-0.25666704718910677,0.5615217087928435,0.7866482043719353,0.7866482043719353,38.12662498317378
1917,0.3990193820249648,-1.9675066383086928,-0.15417559746128343,-0.3680303688271405,-67.8101806640625,-0.266496199665342,0.5735109696846964,0.7746385887723705,0.7746385887723705,39.22772273090806
1918,0.30839726291585284,-2.427937650732516,-0.23314042392411788,-0.20187722631954366,-67.74161529541016,0.2654274370759381,-0.5659029517081183,-0.7805780709803076,-0.7805780709803076,141.3135335471168
1919,0.4655799531278233,-3.128623571830504,-0.4655407990819254,-0.006037975212644314,-67.73970794677734,-0.2539690027876335,0.5633489583428849,0.7862173343020629,0.7862173343020629,38.166592610279515
1920,0.4881316268378869,-1.9261103184144093,-0.1698135544541928,-0.4576416085137309,-67.71871185302734,-0.259234195075689,0.5903058419371591,0.7644191553580546,0.7644191553580546,40.144654848473486
1921,0.41011618308363074,-0.8660375550399937,0.26569380549142135,-0.3124133245407002,-67.79239654541016,-0.261329800540703,0.5710006578212826,0.7782448098876208,0.7782448098876208,38.899848415981154
1922,0.4023107589227186,1.3020688838347685,0.10681542455407617,0.3878716434882889,-67.64960479736328,-0.27448048166490424,0.5601283391923984,0.7816116099563566,0.7816116099563566,38.591629355780256
1923,0.3939392695975508,-2.2202812385554767,-0.23824512288885533,-0.31373142901329804,-67.72884368896484,-0.26514268873405,0.5849747459888892,0.7664880306737434,0.7664880306737434,39.96044392226169
1924,0.3714048285352575,-2.101139062256362,-0.18786734270186226,-0.32038634210191463,-67.55622100830078,0.2633502672273046,-0.561958864651519,-0.7841229949382196,-0.7841229949382196,141.6396386184986
1925,0.4098996616171479,-3.040981047508783,-0.40782676642513827,-0.0411711207166882,-67.7042007446289,-0.2871232776125605,0.5477074587857981,0.7858605239121151,0.7858605239121151,38.19966360956969
1926,0.5038230371656642,-1.4408217186355368,0.0652999823883427,-0.49957338307691734,-67.65211486816406,-0.28920788372915496,0.5549754469590388,0.779975033742439,0.779975033742439,38.74171042791487
1927,0.4183780663758359,0.36692349160847026,0.3905289163863398,0.15009121190294444,-67.64916229248047,-0.28547357409225016,0.5665281491126015,0.7730140327044825,0.7730140327044825,39.374676727535515
1928,0.3258850260947224,0.8926124070247021,0.20445369990542378,0.2537710283459103,-67.599609375,-0.2871833968208806,0.5543705981080428,0.7811523132806761,0.7811523132806761,38.63379846903777
1929,0.40844249045488734,1.635555136953591,-0.0264317661588356,0.40758634636934954,-67.80274963378906,-0.29143180635289384,0.5502839897769654,0.7824672726964587,0.7824672726964587,38.51296502787072
1930,0.48769891819131,1.9487124864925343,-0.17995333010529335,0.4532847160328588,-67.69442749023438,-0.2967138394700202,0.5733001492605543,0.7637328304615335,0.7637328304615335,40.20560963006707
1931,0.4505331765239321,-1.7472096553769823,-0.07906843975421139,-0.44354066891726984,-67.77001190185547,0.28400701463235883,-0.5662982269223281,-0.7737223880851856,-0.7737223880851856,140.689343038026
1932,0.41175866122655136,0.5284117916260539,0.35559843390038837,0.20759322942396996,-67.74122619628906,-0.281996583585528,0.562675218567189,0.777093639953678,0.777093639953678,39.004763308940504
1933,0.40056647639062964,0.05806644461446936,0.39989136871601394,0.023246402612831295,-67.97441864013672,-0.2760740776367485,0.5575260383811743,0.7829098416701709,0.7829098416701709,38.47222469122219
1934,0.4132936420154727,2.6513932368461415,-0.3646237654641728,0.19457940330143267,-67.80225372314453,0.28652250761491077,-0.5605906183631767,-0.776944664202834,-0.776944664202834,140.9816767317763
1935,0.41816528453624835,-1.191222433423193,0.1549405773060825,-0.3884013680399947,-67.69068908691406,-0.2801010729718019,0.5644929801182247,0.776460600621365,0.776460600621365,39.062356030136975
1936,0.4172265002146971,-1.4735175448475413,0.040523302012894766,-0.4152539156653148,-67.76814270019531,-0.28195663122362835,0.5616445796132649,0.7778533436966522,0.7778533436966522,38.935552391988224
1937,0.4764407697604524,-1.192905427323151,0.17578806228378138,-0.44282543315447204,-67.58446502685547,-0.28904293732677383,0.5425679953356682,0.7887167747797336,0.7887167747797336,37.93424669998846
1938,0.41086511108250745,-0.443919541695076,0.37104210479169913,-0.1764593323590083,-67.77180480957031,-0.3118584672464919,0.5491077167523952,0.7753870077642778,0.7753870077642778,39.15986678319677
1939,0.4458273864782984,-0.9340401208149868,0.2650847155325818,-0.35845802003174687,-67.74102020263672,-0.299595309760633,0.5515586947692568,0.7784764971364674,0.7784764971364674,38.87870420771459
1940,0.4389334023427471,-0.7284598038515574,0.32753238053512856,-0.29220724048724667,-67.69575500488281,-0.3036844530185244,0.5656161259035304,0.7667164737454917,0.7667164737454917,39.94006022712056
1941,0.45172968759509236,-2.383887039987816,-0.3281431096647337,-0.31045419989801765,-67.58387756347656,0.2851983967106122,-0.5582827368400786,-0.779090662413591,-0.779090662413591,141.17739254904723
1942,0.40520492021160615,-0.9423413544178383,0.23821820202595467,-0.3277851668200005,-67.51778411865234,0.28765476710562227,-0.5685093536832595,-0.7707475914565369,-0.7707475914565369,140.42106945422395
1943,0.37974122966067303,-1.4556667211351904,0.043622939710239166,-0.37722730632237755,-67.59235382080078,-0.283444478415882,0.5453404694875039,0.7888364849540731,0.7888364849540731,37.923088229739676
1944,0.39570037921970663,-3.0826916009849743,-0.39501416925577326,-0.0232936944641876,-67.62796020507812,0.28800568183660313,-0.5474390785527551,-0.7857246225638751,-0.7857246225638751,141.78774674107237
1945,0.387745183423118,-1.0642005104470162,0.18813529739310644,-0.3390448895686747,-67.71170043945312,0.28830336248571786,-0.5517112247311227,-0.7826211699699375,-0.7826211699699375,141.50119773329976
1946,0.37455001578729175,-1.126575006759413,0.1609647064631242,-0.3381982814851382,-67.7776870727539,-0.2783528191140597,0.5602609552667213,0.7801457364460033,0.7801457364460033,38.72607916953982
1947,0.3975829593433436,-2.809142609780702,-0.3758135371087563,-0.12975513433393007,-67.72952270507812,-0.2946022764823338,0.5470596060780802,0.783540226209939,0.783540226209939,38.41413211273373
1948,0.4630986774960733,-2.8487272345875496,-0.44338019968471065,-0.1336951144438653,-67.67124938964844,-0.3009675472482657,0.5606866806189369,0.7713941804809531,0.7713941804809531,39.52074935898719
1949,0.424148837417447,0.7187373011971977,0.31923041979327427,0.2792743729044643,-67.7039566040039,0.28726509775836623,-0.5576309721465448,-0.7787980884110951,-0.7787980884110951,141.15066085890209
1950,0.4883552834539924,0.987868583353356,0.2688251929755572,0.407705651787026,-67.72776794433594,0.2891005722616742,-0.5378016377192514,-0.791953444076395,-0.791953444076395,142.3684404377075
1951,0.4131910322741897,0.6266853823708953,0.33467475987903167,0.24232134501880542,-67.63338470458984,0.28705171937041174,-0.5538301270569472,-0.7815839691105341,-0.7815839691105341,141.40583177334366
1952,0.445367279247392,-1.5879608408157901,-0.007644137542863078,-0.44530167368363915,-67.71520233154297,-0.2894237852299396,0.557071093294827,0.7783994280306737,0.7783994280306737,38.88573875120221
1953,0.476646311652871,1.9989774582645166,-0.1979115679725014,0.4336158641873609,-67.61324310302734,0.30108834529834866,-0.5292584407239224,-0.7932410171240422,-0.7932410171240422,142.4894295703011
1954,0.4257599177453254,2.7529804618458105,-0.39401346907181267,0.16132232873505756,-67.82433319091797,0.3090678245899712,-0.5385207883472106,-0.783882925136861,-0.783882925136861,141.61748021349064
1955,0.47036658608501913,2.696720250902489,-0.42458372880126094,0.2024188295156679,-67.74284362792969,0.30645974539328613,-0.5571681433336627,-0.771781111784683,-0.771781111784683,140.51410165505547
1956,0.5067822500564905,-3.0057333687286687,-0.5021124107396624,-0.06863946352881722,-67.64337158203125,0.29867937456168325,-0.554586341636861,-0.776675363894906,-0.776675363894906,140.9571747252171
1957,0.38902845990082763,2.7419778480708854,-0.358377268355271,0.15135678425172727,-67.76815032958984,-0.29389576485816427,0.5582601065433686,0.7758678578473409,0.7758678578473409,39.11621805598056
1958,0.4554261140028683,-1.2348798179716192,0.15012420129969153,-0.42997170779003974,-67.72521209716797,0.3214897454246611,-0.553078060072527,-0.7686019796053072,-0.7686019796053072,140.22851329552938
1959,0.3795807495401149,-2.6825345004682544,-0.34028284228766276,-0.16819373551373742,-67.7232894897461,-0.2964888139774093,0.5486394476681623,0.7817219068496438,0.7817219068496438,38.58149694599701
1960,0.34098389335902285,2.827684143545374,-0.3243213655767892,0.10528849586105836,-67.67161560058594,0.3050074377025259,-0.5446744706324433,-0.7812171170599167,-0.7812171170599167,141.3721489653542
1961,0.3588607936792379,-0.9793671170593312,0.20008213315138024,-0.2979063766247475,-67.72328186035156,0.2893626474052186,-0.5523699269096428,-0.7817651323335412,-0.7817651323335412,141.42247457011692
1962,0.39037126667669425,1.9663839088565516,-0.15042974662766492,0.3602230103370734,-67.77953338623047,0.30769370084249187,-0.5461437292626804,-0.779135170204056,-0.779135170204056,141.181460462933
1963,0.46304335016304665,-1.7674693373213533,-0.0904821740551419,-0.4541168575471217,-67.66865539550781,0.3158558285402169,-0.5407047204592931,-0.7796624274968051,-0.7796624274968051,141.2296779660444
1964,0.3928487414767646,2.6126951213260994,-0.3391714137955433,0.19822433186622213,-67.75682830810547,0.31390550083353436,-0.5364663993299161,-0.7833690949587193,-0.7833690949587193,141.57009008500273
1965,0.4444400351073063,0.6247172511467459,0.36049798909153913,0.25993873252584,-67.78047180175781,0.313164617969839,-0.5391830513602152,-0.7817989250297627,-0.7817989250297627,141.42557965111013
1966,0.4218965739758771,-1.7022416195624261,-0.055296762121589835,-0.4182570827032712,-67.81668090820312,0.3113204069472513,-0.5377435553738895,-0.7835250301503115,-0.7835250301503115,141.58446663325145
1967,0.538419786663532,1.0398569416809937,0.2726254271708433,0.46429650346596246,-67.59992218017578,0.31077324506466697,-0.5549133928164974,-0.7716807089884133,-0.7716807089884133,140.50505587531515
1968,0.4924452414454054,-1.261127463068033,0.1500693719601667,-0.4690218538849813,-67.55619812011719,0.31062933528872116,-0.5481921029658668,-0.7765274201880755,-0.7765274201880755,140.9437197189723
1969,0.408381448996681,2.6136514210557635,-0.35277868807611673,0.2057245856088249,-67.7975082397461,0.31645674932690787,-0.5342173037672067,-0.783879453845515,-0.783879453845515,141.61715989319939
1970,0.3649322235465083,-1.6003018230983248,-0.010765944121782044,-0.3647733847606831,-67.81365966796875,0.31609327716028257,-0.5363439165196704,-0.7825728358091748,-0.7825728358091748,141.49674919364986
1971,0.3913645401907581,-1.5565873405714976,0.005560706242090496,-0.39132503352687864,-67.73818969726562,-0.30181376779164415,0.5444967701305587,0.7825801664294855,0.7825801664294855,38.502576144691744
1972,0.4190621417463918,-1.608130277032502,-0.015641610947092915,-0.4187701262650581,-67.64791870117188,0.3030524042933308,-0.5311572253231874,-0.7912213610861404,-0.7912213610861404,142.2997965104716
1973,0.36280962703283814,1.7720128902328034,-0.07251167505720882,0.35548963761002217,-67.7155532836914,0.3053471174287288,-0.5581525493088361,-0.7715107708762164,-0.7715107708762164,140.48974926537076
1974,0.4159962849882358,-1.8182115637782383,-0.10187696046258327,-0.4033286427355721,-67.66961669921875,0.3073630595469947,-0.5444216720546771,-0.7804697256288039,-0.7804697256288039,141.3036031779038
1975,0.4647878201630465,-1.7127466241527107,-0.0657554216645776,-0.460112966882732,-67.49913024902344,-0.27742343287252735,0.5714055426222892,0.7723548049657941,0.7723548049657941,39.43417822497638
1976,0.4786311850238605,-2.073424375577651,-0.23057110133342884,-0.41943387858783493,-67.63571166992188,0.27303583558520506,-0.5473319634873179,-0.7911252456036315,-0.7911252456036315,142.29079212305356
1977,0.485076814596074,1.1905490911895555,0.18003628740496957,0.4504291856397731,-67.73506164550781,0.3033715845305572,-0.5557443452062373,-0.7740244857048838,-0.7740244857048838,140.71667261139714
1978,0.4669798210442138,-1.191339799279407,0.17297666242684684,-0.43376171744190917,-67.69441986083984,0.30596074460804057,-0.5530042466162669,-0.7749673063963851,-0.7749673063963851,140.8020685534567
1979,0.42444727168958196,2.9043644676512077,-0.41255982369193556,0.09974907678775215,-67.63078308105469,0.3059207169272893,-0.5326836634724458,-0.7890884802252962,-0.7890884802252962,142.10040996997543
1980,0.39959524493179516,-2.6326506870482067,-0.34895075414385895,-0.19470421401329105,-67.6326904296875,-0.3014418762194851,0.5444538668010933,0.7827533341906723,0.7827533341906723,38.486636027369194
1981,0.3669004935085685,-2.857706363867954,-0.3522150023705182,-0.10276460597874632,-67.69640350341797,0.29364389443787225,-0.5645322357994744,-0.7714120935029515,-0.7714120935029515,140.48086350466187
1982,0.38628658159685025,2.8399727924991525,-0.3688482665398841,0.11475312367122148,-67.7485122680664,-0.29903389491051796,0.5562530400918171,0.7753459131789222,0.7753459131789222,39.163595212648474
1983,0.45280693440445047,2.4360451107642684,-0.344702272475517,0.2936229950037475,-67.75167846679688,0.3051176573248543,-0.5420664096651426,-0.7829860935555207,-0.7829860935555207,141.53479829727684
1984,0.43345293605035784,0.053270609300144635,0.4328380642473624,0.02307938277493205,-67.71680450439453,0.31208872741923716,-0.5385370566930551,-0.7826739198326608,-0.7826739198326608,141.50605317729514
1985,0.39902370041365864,-1.9272014338490195,-0.13922236788495662,-0.3739479185291917,-67.59757995605469,0.28597098742153665,-0.5557260947811535,-0.7806337822131706,-0.7806337822131706,141.31864058464782
1986,0.4424639274772488,2.5706259549235253,-0.3722798215640428,0.2391277097595268,-67.81391906738281,0.2986489782361063,-0.5305377597765799,-0.7933085611852287,-0.7933085611852287,142.49578565477105
1987,0.3913945771092407,-1.0581638949675434,0.1919684697528103,-0.34108330596979636,-67.64606475830078,-0.2967707354528254,0.538165837125456,0.7888628919716318,0.7888628919716318,37.92062639328313
1988,0.426909472782306,-1.0121394393550378,0.22628240984140435,-0.36200548193036136,-67.6428451538086,-0.30372377170585024,0.525668005767869,0.7946225633675427,0.7946225633675427,37.38037966797389
1989,0.44569897830183247,2.899830566422748,-0.432736988727961,0.10670650329738045,-67.83424377441406,-0.28548834778336757,0.5368031283468401,0.7939387915179413,0.7939387915179413,37.44486356224267
1990,0.4536444401361691,-2.650440202923133,-0.4000190853579591,-0.21395796179586338,-67.69544982910156,0.30858180814485964,-0.538086833540315,-0.7843722504350894,-0.7843722504350894,141.66265632434403
1991,0.4169702937600966,0.18306161010278035,0.41000312206458267,0.0759056373115739,-67.5575180053711,0.30966137601086446,-0.5374088640789785,-0.7844115915872228,-0.7844115915872228,141.66629038413134
1992,0.3663981448699757,2.1784030218457406,-0.2091782227959519,0.3008190015143438,-67.58155059814453,0.29532933589141225,-0.5444313551492888,-0.7850955883790498,-0.7850955883790498,141.72951988225407
1993,0.41811548340749827,-0.8880195360027425,0.26380986133079787,-0.3243838999237033,-67.7015609741211,0.29865091058782683,-0.5318379199824755,-0.7924367864213373,-0.7924367864213373,142.4138196575462
1994,0.35680779024297976,-2.6760772873564953,-0.31883999636274823,-0.16016508950917152,-67.59298706054688,0.2950845257342138,-0.5407886171109716,-0.7877009548524219,-0.7877009548524219,141.97117823649353
1995,0.38236393824633563,-1.4287305949171927,0.05413827384154465,-0.3785118605495811,-67.67675018310547,-0.28793661562978473,0.5541766846934215,0.7810126167494824,0.7810126167494824,38.64661663738791
1996,0.3829375475030178,-2.8938633767607502,-0.37124711868946725,-0.09389750876564647,-67.63417053222656,-0.3019485906709069,0.5381205400345589,0.7869265105362557,0.7869265105362557,38.100790334022655
1997,0.44389078438904167,-0.45210205333113995,0.3992934292452997,-0.193916956007069,-67.76520538330078,0.3011601180874894,-0.544875302791518,-0.7825685194801674,-0.7825685194801674,141.4963519520357
1998,0.44853347492084705,0.45746505641625207,0.40241302069300744,0.1981061303980756,-67.62883758544922,0.3056112708788918,-0.5432195992583206,-0.7819937455590155,-0.7819937455590155,141.44348507729555
1999,0.5156165166587227,-1.2448990302801306,0.16507925850486377,-0.4884764381858753,-67.58963012695312,-0.301377636700648,0.5578869618735351,0.7732617007638806,0.7732617007638806,39.352302894614105
2000,0.49537537899415385,-3.0768919623059316,-0.4943388755358685,-0.03202877218275255,-67.76321411132812,0.32240946904743134,-0.5417345584963137,-0.7762575618951211,-0.7762575618951211,140.9191869955026
2001,0.4158984209614605,-2.0579748891195018,-0.1946964289157068,-0.3675116285584816,-67.59861755371094,0.3089625564601507,-0.5314962339097558,-0.7887039318054365,-0.7887039318054365,142.06455634141827
2002,0.4956638244811685,-1.2373066382828553,0.16225180657214383,-0.4683556107952314,-67.5509262084961,0.3155388632087231,-0.5272512381635784,-0.7889495279546851,-0.7889495279546851,142.08745133848382
2003,0.45048211744722133,-0.3568581658816966,0.42210128901168,-0.15736784917641314,-67.73155975341797,0.3278244385292942,-0.535952686947335,-0.7780011920664935,-0.7780011920664935,141.07792899468305
2004,0.4476331910064109,0.8110370536520103,0.30830598949891563,0.3245348833787771,-67.81063079833984,0.33624538046643015,-0.526820900089302,-0.7806399831830825,-0.7806399831830825,141.3192090614793
2005,0.49173801848296683,-0.6904244509940318,0.3791180958115932,-0.3131704779345369,-67.58032989501953,-0.32202902950728063,0.5306149603366503,0.7840568015275003,0.7840568015275003,38.36647210375975
2006,0.4792298946576396,-2.0738990130568067,-0.23105881990209542,-0.41984891768232935,-67.74158477783203,0.3248680987085893,-0.5276889309485133,-0.7848599305582377,-0.7848599305582377,141.70772540740464
2007,0.419120736162715,-0.9808151398559944,0.23317588953344623,-0.3482688559458946,-67.65969848632812,0.3533000528879151,-0.5458747832651814,-0.7597366607085562,-0.7597366607085562,139.44098797624974
2008,0.48491983789364773,-0.7115487326113676,0.36725474269364056,-0.3166562855081665,-67.76200866699219,0.36014271391808894,-0.5332955120410083,-0.7654365567756956,-0.7654365567756956,139.94584568599956
2009,0.41702000010972096,-1.3323639954806197,0.09849161633302661,-0.4052222624728552,-67.76795959472656,0.35371880083729457,-0.5532747195475115,-0.7541684789513872,-0.7541684789513872,138.95276624884477
2010,0.43486805447292465,-2.91018468556009,-0.4232764051124354,-0.09973620042973387,-67.65147399902344,0.3423353766758973,-0.5387165713993634,-0.7697992891500267,-0.7697992891500267,140.33586861486995
2011,0.41969703438392125,-1.400293147548161,0.07121345976363334,-0.41361122303335984,-67.68080139160156,-0.3156847483239993,0.5606324804388104,0.7655288117064178,0.7655288117064178,40.04593958893387
2012,0.4838010124604027,-1.2500073529942846,0.1525499022694385,-0.4591208413645535,-67.57189178466797,0.36250670648803557,-0.5200795416130454,-0.7733732334046491,-0.7733732334046491,140.65777621913045
2013,0.40703026177748347,2.1017105747738847,-0.20608835562448735,0.35100031863039893,-67.67727661132812,0.34759623025044306,-0.5460431291802088,-0.7622425872324157,-0.7622425872324157,139.6623002874601
2014,0.42607445715529685,-0.53124327180928,0.3673519758113192,-0.21585172898937094,-67.72272491455078,0.3418423284857825,-0.5440235378441406,-0.7662781562376442,-0.7662781562376442,140.02083686410336
2015,0.34828425157483706,3.002236362455402,-0.3449078503661283,0.04837865904364052,-67.57862091064453,0.34465398675937214,-0.5414915681509886,-0.7668119137260804,-0.7668119137260804,140.06845833059847
2016,0.4023428074065805,1.7931338022641985,-0.08872067730747635,0.39243900938860726,-67.73464965820312,0.35040345812764245,-0.5444562736072033,-0.7620923714760225,-0.7620923714760225,139.6490055760043
2017,0.39934655340671515,0.10311886870956642,0.39722520817953955,0.041107222048489725,-67.59746551513672,0.33070223024804196,-0.5503875502002837,-0.7666221882345314,-0.7666221882345314,140.0515257430878
2018,0.40597375705471145,-3.1114422110439937,-0.40578924597618266,-0.012238434017430981,-67.73129272460938,0.34381801290249486,-0.5503604035838767,-0.7608499196101504,-0.7608499196101504,139.5391823191342
2019,0.40702561695100464,1.4235027565777376,0.05973571000512129,0.402618302868275,-67.7459945678711,0.3302081472363128,-0.5621471616334518,-0.7582566505914838,-0.7582566505914838,139.31074816751214
2020,0.40667182337805446,-1.2969201919522961,0.10999054739258166,-0.39151507175830635,-67.7107925415039,0.32995733017510526,-0.5394572960566777,-0.7746702433906537,-0.7746702433906537,140.7751452634364
2021,0.4364321433216365,2.7788153820512127,-0.4080268937024179,0.15487759599074752,-67.62544250488281,0.34164305747252055,-0.5519353389741236,-0.7606887687302524,-0.7606887687302524,139.5249558977046
2022,0.4420415248530365,-1.1981667099521907,0.16093222019504233,-0.4117056353725221,-67.56415557861328,-0.35030716203351053,0.5541062588316867,0.755149750812102,0.755149750812102,40.96154361432393
2023,0.44559804708468215,0.558015419309269,0.37800422045257226,0.23594581769068462,-67.75415802001953,0.3529071188582969,-0.543408888071565,-0.7616845448241426,-0.7616845448241426,139.61292953728196
2024,0.5071159991767196,0.42621694442766006,0.4617475189671979,0.20965654139243983,-67.70768737792969,0.3313710327400812,-0.5542557121799241,-0.7635403356579776,-0.7635403356579776,139.77730804527212
2025,0.4346204862377004,-0.7318720817207008,0.32332489867820846,-0.29044100425425706,-67.58267211914062,0.3492958621387591,-0.5580544626950513,-0.752706860177904,-0.752706860177904,138.82540167191004
2026,0.4096014530742923,-2.8178063897100407,-0.3883175723474723,-0.13031812370786078,-67.61772918701172,0.358111011331621,-0.5681427810611787,-0.7409252890076794,-0.7409252890076794,137.81029575236047
2027,0.38281151142933373,2.6058295506990485,-0.32917170124144135,0.19542426764510643,-67.65630340576172,0.3617445907135195,-0.5560113390380665,-0.7483262937720447,-0.7483262937720447,138.4456035511987
2028,0.4924478060120367,2.747081877219742,-0.45462028555444245,0.1892755599871937,-67.76468658447266,0.3481219822540207,-0.5460201118266212,-0.7620191093091928,-0.7620191093091928,139.6425228904614
2029,0.40817141737541485,-1.4046767969497638,0.06749381845350994,-0.4025524691674612,-67.70915985107422,-0.35135059985247413,0.5458698011671077,0.7606437511457574,0.7606437511457574,40.47901752104283
2030,0.3532339117324098,0.9067326156241601,0.21770585954876887,0.27816965168025,-67.71974182128906,0.354466869332053,-0.539608262836651,-0.7636597155961188,-0.7636597155961188,139.7879013197279
2031,0.452110580595358,1.0913241288716395,0.20856356301322207,0.40112992567184697,-67.55825805664062,0.3610833089574954,-0.5320058358299791,-0.7658907458868736,-0.7658907458868736,139.98630193189783
2032,0.42664695821678095,-0.26163656222604253,0.4121272900956554,-0.110357254922561,-67.716552734375,0.3598504985328928,-0.5505239046207375,-0.7532801929871551,-0.7532801929871551,138.8753228897538
2033,0.40842490231220263,-1.8744114534801959,-0.1221075814997209,-0.3897443256405682,-67.60084533691406,0.3505103089750618,-0.5419726608176755,-0.7638115986474777,-0.7638115986474777,139.80138213359655
2034,0.4036921223724614,2.4554837013481103,-0.31234344448376583,0.25575164193724936,-67.64269256591797,0.3678413405525847,-0.5481310624451861,-0.75116249011994,-0.75116249011994,138.69117695175797
2035,0.394719612687764,0.9542129714214698,0.22824702699886348,0.3220355062823951,-67.82475280761719,0.3634343242339824,-0.5380329849947838,-0.7605498004905343,-0.7605498004905343,139.5126910859867
2036,0.47593793929130584,2.615099888741704,-0.4114839413577673,0.23916079959209927,-67.57534790039062,-0.35658810780101236,0.5307309081782553,0.7688755585133253,0.7688755585133253,39.746977907299105
2037,0.41803851552616583,-0.7409885537593424,0.3084294973880832,-0.28218335458395627,-67.67872619628906,0.3872508656825321,-0.5309011254607232,-0.7537776608607256,-0.7537776608607256,138.9186787969156
2038,0.4654134096007992,0.25544708341254513,0.4503109419082125,0.11759973398770812,-67.80320739746094,0.3631233849449131,-0.5503002824234166,-0.7518716688842961,-0.7518716688842961,138.75276876611696
2039,0.45847867460359076,-0.49042374350224205,0.4044393313042571,-0.21594333136364888,-67.60208129882812,0.37149876070080295,-0.5444372151479163,-0.7520483957563828,-0.7520483957563828,138.76812915812943
2040,0.45333288212573225,0.5574161333582689,0.3847095243838185,0.2398109335806005,-67.74264526367188,0.3568828803586308,-0.5356730776344791,-0.7653031841071436,-0.7653031841071436,139.93397215933476
2041,0.3570332233576079,0.8115678065932913,0.24576811933854797,0.25898021951090544,-67.6712646484375,0.3376980948217208,-0.5410305677857746,-0.7702245915803926,-0.7702245915803926,140.37406126526022
2042,0.4877483904172519,-0.14296485618871121,0.4827723420117066,-0.069493583467481,-67.58670043945312,0.35773272226537495,-0.5626083919701873,-0.7453181177895277,-0.7453181177895277,138.18643011600676
2043,0.4656969450210454,-0.8483892812782063,0.30791527639256905,-0.3493734780518155,-67.668701171875,0.36481916247261376,-0.5428349340623708,-0.7564636230872455,-0.7564636230872455,139.1534227802965
2044,0.4229156497272692,-0.9272796016689636,0.25375467331859514,-0.33832855710567994,-67.66380310058594,0.3575127892098532,-0.5357012942191028,-0.7649893652354715,-0.7649893652354715,139.90604590850228
2045,0.46901465052251357,-2.106403887018846,-0.23936801032376442,-0.4033332344828501,-67.6716537475586,0.3404057556618842,-0.5533602770123309,-0.7602080802892706,-0.7602080802892706,139.48254522187545
2046,0.4585474768670906,1.4407076730863053,0.05948371768948608,0.45467293285504967,-67.65447998046875,0.3477186019544485,-0.5397477065176262,-0.7666578031715365,-0.7666578031715365,140.05470384318772
2047,0.44186898064024904,-1.6512153472392863,-0.035496381222661216,-0.44044091882129693,-67.66740417480469,0.344314283200619,-0.5429194144725034,-0.7659544266944855,-0.7659544266944855,139.99197692855586
2048,0.46010708048877685,1.2337281139943175,0.1521673989779661,0.43421608469077494,-67.57007598876953,0.3502473962059225,-0.5474011135802601,-0.7600518286946377,-0.7600518286946377,139.46876720474907
2049,0.41626229379841984,-1.7875683581176167,-0.08952899699462653,-0.4065204249917317,-67.62398529052734,0.3233966617713897,-0.537560874784308,-0.7787444414287983,-0.7787444414287983,141.1457609601071
2050,0.39841945208452145,2.2332769183384187,-0.24505768976750722,0.31414135112261565,-67.64617919921875,0.3466493939561309,-0.5353987549039201,-0.7701833359124174,-0.7701833359124174,140.37035511233904
2051,0.3833640981669491,0.7394737768412606,0.2832383213555066,0.25834876635872095,-67.5824966430664,0.3460178328506596,-0.5378839300849184,-0.768734373568488,-0.768734373568488,140.2403723468371
2052,0.4595074424562468,-0.8639788286754606,0.29841193833001795,-0.3494243905837177,-67.65009307861328,0.3504984214095136,-0.5382658058534415,-0.766433805907845,-0.766433805907845,140.03471893928892
2053,0.4484179769877673,-1.779028958906106,-0.09270191237940698,-0.43873116771777515,-67.69237518310547,0.3429207568855333,-0.5501385750062144,-0.76141506603638,-0.76141506603638,139.58910629159698
2054,0.4345945126167922,-2.284127157267196,-0.2843795813687101,-0.32863451446429714,-67.55099487304688,0.3564059090121386,-0.5544945269551992,-0.7520044199324637,-0.7520044199324637,138.76430651656872
2055,0.48822376565978504,-2.355572072395868,-0.3450113935623383,-0.3454411435645644,-67.70476531982422,0.3547532727384778,-0.5455707453703397,-0.7592777339533877,-0.7592777339533877,139.40056581872562
2056,0.4359376313342043,-0.17652227078702243,0.429163316747728,-0.07655368032541553,-67.53977966308594,-0.3369527298182673,0.5444732091073898,0.7681222444587309,0.7681222444587309,39.814433802619384
2057,0.43531654338269055,2.6119524575824977,-0.37567334822376913,0.21993187212633955,-67.75066375732422,0.3373178304237094,-0.5461353055039457,-0.7667808744096019,-0.7667808744096019,140.0656877301587
2058,0.4492004685782555,2.6082960991197766,-0.3868226350389114,0.22836223416422757,-67.56392669677734,0.3226949067522068,-0.5610597123268208,-0.7622860331659828,-0.7622860331659828,139.66614610832573
2059,0.46244102992672614,-2.152767231219262,-0.2541906357474141,-0.38631441450975745,-67.63232421875,0.3193705428053247,-0.5699297560076222,-0.7570881914317015,-0.7570881914317015,139.20816736992873
2060,0.473093600425854,2.1407036065518157,-0.2552595374593907,0.39832163298007744,-67.612548828125,-0.3305162144728851,0.5546373422252867,0.763633714931304,0.763633714931304,40.21440606740852
2061,0.49530054822832836,-2.9890882180583582,-0.48955195102309856,-0.07524307492892815,-67.61504364013672,-0.3339301289871521,0.5565811325139226,0.7607286716590504,0.7607286716590504,40.47152185201647
2062,0.38911858470584965,-1.4643590833500293,0.041338552944825205,-0.3869165245940155,-67.793701171875,-0.33341534323521965,0.5469861451564312,0.7678804372441379,0.7678804372441379,39.83606636018375
2063,0.4791378394999706,0.027131610309813876,0.478961497819735,0.012998186295615832,-67.6890640258789,-0.330736125856694,0.541141287293535,0.7731621577907194,0.7731621577907194,39.36129668616235
2064,0.47528068367801385,1.4862733661474103,0.04012431511319245,0.4735839604696695,-67.59912109375,-0.3496091299975516,0.5439506395345115,0.7628179061691926,0.7628179061691926,40.28674798240057
2065,0.4299506255419517,2.5330118024729122,-0.3527573660797791,0.24580435529170808,-67.67012786865234,-0.3504007428952656,0.5351707913387964,0.7686426630601846,0.7686426630601846,39.76784284030988
2066,0.43980995583532995,-2.3502632848776717,-0.3091425818256155,-0.3128316821456349,-67.75960540771484,-0.33271645598362226,0.5477718055093489,0.7676234812762873,0.7676234812762873,39.85904343103718
2067,0.4311697205716121,-1.6156626084352186,-0.019338492583719852,-0.4307358246563565,-67.54934692382812,-0.3489182338781667,0.5229292299413748,0.7776895823786389,0.7776895823786389,38.950480201531086
2068,0.4370549944394714,-1.3874947441535632,0.07966500024729854,-0.4297331217163558,-67.74657440185547,-0.35578189634433144,0.5483194574847667,0.7568124039530819,0.7568124039530819,40.81601338793543
2069,0.42802562743564615,-0.8099382253647995,0.29514214978609954,-0.30999524054623506,-67.64832305908203,-0.34968177787753335,0.5487283095572727,0.7593549213054628,0.7593549213054628,40.59263786634626
2070,0.41389216133507584,-0.46847656175549146,0.3692982599863264,-0.18688369748507258,-67.61798095703125,-0.32882607729821844,0.5592330615226682,0.7610070918123232,0.7610070918123232,40.44693850700436
2071,0.4381344638530843,-0.9746140114761336,0.24600702265564825,-0.36254979412479743,-67.72319793701172,-0.3345207083545143,0.5470446950059252,0.767357802689116,0.767357802689116,39.88278888200014
2072,0.4450638946397427,-1.9442925884702555,-0.162391743030892,-0.4143800092997788,-67.67101287841797,-0.32403504007483047,0.5408265472676836,0.7762138484813441,0.7762138484813441,39.08478575841207
2073,0.42889312633467014,-3.0450063548065054,-0.42689412774506474,-0.04136082100137386,-67.65544128417969,-0.3265732490461811,0.5612038154356532,0.7605262589469782,0.7605262589469782,40.489386297075676
2074,0.42012241753952667,-0.8602424765060761,0.2740263970788795,-0.3184531039623019,-67.57650756835938,0.31952575844658715,-0.534998495332523,-0.7820996737507757,-0.7820996737507757,141.45322359678306
2075,0.49185077794696513,-1.733300998083923,-0.07957672629862586,-0.485370716461787,-67.71955108642578,0.31995843995467904,-0.5637258879174205,-0.7614720743359431,-0.7614720743359431,139.5941451341652
2076,0.4142970502262465,0.6295423734987499,0.3348750760425522,0.24392771320959808,-67.70269012451172,-0.34303903889054316,0.5396482073582082,0.7688329012809771,0.7688329012809771,39.750800220848255
2077,0.47789987886300084,0.6385918838692306,0.3837229611949336,0.28485958518024695,-67.759033203125,-0.34474811521232346,0.5388176241443223,0.7686509643323285,0.7686509643323285,39.767099292354786
2078,0.43493904153762364,0.06643216408129694,0.43397965090957724,0.02887269384848217,-67.80128479003906,-0.31804840390363237,0.5420360633670344,0.7778445338137437,0.7778445338137437,38.93635558726173
2079,0.43626670218897257,-0.784377647925352,0.30880179873474306,-0.3081721670382141,-67.71671295166016,-0.3434386128174767,0.5576124165363091,0.7557237009321233,0.7557237009321233,40.91135460275554
2080,0.4550503802346557,2.594648873898936,-0.3886667140237803,0.23666227828207387,-67.74681854248047,0.3382600816573046,-0.5500547530564506,-0.763557388673046,-0.763557388673046,139.77882111643976
2081,0.4336179141461598,-1.383631706084139,0.08068492656529491,-0.42604511274467094,-67.70306396484375,-0.36654963319442035,0.5444047521937686,0.7544964096626818,0.7544964096626818,41.01861340409648
2082,0.4806345836620718,-1.439082109401461,0.06312352012578042,-0.47647143064295394,-67.70963287353516,-0.35428709744932707,0.5448329443071267,0.7600248123440172,0.7600248123440172,40.53361466115868
2083,0.44948241023168745,-2.287943719059297,-0.2954166440005558,-0.3387675361588472,-67.68225860595703,-0.33753479316536533,0.5624724172295289,0.7547814539711379,0.7547814539711379,40.99372263501898
2084,0.3790906108630631,3.0423827095432645,-0.37722651948974095,0.03754789259314622,-67.82721710205078,-0.3462229446495329,0.5649693940475965,0.7489587815011574,0.7489587815011574,41.49973534403757
2085,0.38382446421373656,1.1332956672369652,0.16261754173213003,0.34767334446281745,-67.64527893066406,-0.3307888906224,0.5539127950408,0.7640414421553917,0.7640414421553917,40.17821030837501
2086,0.47572054656522345,-0.20122339862399397,0.4661218344713449,-0.09508140645459054,-67.65087127685547,-0.3193404985519237,0.559392290008888,0.7649195460067817,0.7649195460067817,40.10016499693892
2087,0.4867232049010759,-1.6855451301576487,-0.05572841850864823,-0.4835223071996779,-67.79100036621094,-0.33366576874451964,0.5541250951691955,0.7626352559853621,0.7626352559853621,40.302929741545626
2088,0.4355048228610758,2.8140298739505947,-0.41234872537781697,0.1401177341186571,-67.61297607421875,-0.3551623918135974,0.5642781550667537,0.7452850724090114,0.7452850724090114,41.81640966620446
2089,0.5084021540179593,1.8079698757704832,-0.11945225922100074,0.49416991812240013,-67.6922607421875,-0.3336129343734673,0.5544308407112911,0.7624361303656167,0.7624361303656167,40.32056499278962
2090,0.46775467026394923,-0.36466113216892854,0.43699730576655677,-0.16681662479053572,-67.63306427001953,-0.33083574881315536,0.5745082025593117,0.748657486771693,0.748657486771693,41.52578130089484
2091,0.45957324637858055,-1.6191818833879554,-0.0222280317142329,-0.4590353835959256,-67.71178436279297,-0.3311663334993193,0.5524820017705006,0.7649133920100226,0.7649133920100226,40.100712399361576
2092,0.3921018388060656,-2.4456750467946327,-0.30092473434130085,-0.25137254475522053,-67.66365814208984,-0.340769031531949,0.557631622921006,0.7569170630044368,0.7569170630044368,40.806838383404006
2093,0.3972060628894077,-1.16745635455936,0.1559003937577248,-0.3653323468053307,-67.65790557861328,0.34439534194876975,-0.5480126689615316,-0.7622820758102928,-0.7622820758102928,139.66579579181527
2094,0.3718152710551631,0.479103666140705,0.3299520225654831,0.17140087104437743,-67.69671630859375,-0.33226598778172123,0.559911878562009,0.7590111999230311,0.7590111999230311,40.622895166561406
2095,0.3748959516165018,-1.5949528286062118,-0.009055293991771391,-0.3747865741847819,-67.83930206298828,-0.33826635575210406,0.5498838716405577,0.7636776808809995,0.7636776808809995,40.21050431577995
2096,0.37870446678752706,2.899993754943355,-0.3677056283667573,0.09060708599349931,-67.67086791992188,-0.33667547096586287,0.559701388095774,0.7572212248831767,0.7572212248831767,40.780164167145344
2097,0.4544518264711527,1.4016713265836482,0.07649328505441323,0.4479679005515361,-67.76201629638672,-0.3329233485773411,0.5657661951425639,0.7543677196208468,0.7543677196208468,41.02984686221459
2098,0.46489712032431146,0.8285730847307454,0.314236998506672,0.34261412880287806,-67.73271942138672,-0.34367509033815324,0.5454176725062849,0.7644651691207973,0.7644651691207973,40.14056546451836
2099,0.3991342778396502,-2.544637488447123,-0.3301044153919601,-0.22436409401976812,-67.69282531738281,0.356068423694989,-0.556774103615412,-0.7504784308630198,-0.7504784308630198,138.63183805667742
2100,0.4444550955857865,-0.30437142060855027,0.42402594921982345,-0.13320032425034978,-67.71875762939453,-0.3129957074609361,0.5639261296775707,0.764212671563292,0.764212671563292,40.1630014365267
2101,0.4568861405217543,-1.265442686443074,0.13735389753577942,-0.43575090617529966,-67.61576080322266,-0.3391714787979675,0.5606972512378868,0.7553683210356905,0.7553683210356905,40.94243673780027
2102,0.4356510657478769,-2.2481369550316392,-0.2730325202386835,-0.33947767817541963,-67.69202423095703,-0.344155127394065,0.5658942773329196,0.7492135310912555,0.7492135310912555,41.47770261840526
2103,0.4524986289024583,2.255665545061741,-0.28623783880648285,0.35046099468271585,-67.77330017089844,-0.3379051968710276,0.5484777492538809,0.7648478518639829,0.7648478518639829,40.10654185710705
2104,0.4483011181836363,0.0723751273669517,0.4471274943379847,0.03241753185753269,-67.76089477539062,-0.35623926415432516,0.5631019272574657,0.7456606508283193,0.7456606508283193,41.78412474790697
2105,0.3737351170854791,-1.304130498077185,0.09848540093124199,-0.36052539930816146,-67.59943389892578,-0.34623241323579834,0.5669390606492797,0.7474645259375376,0.7474645259375376,41.62877795382818
2106,0.4233784157795078,-2.379794921934547,-0.30635507388893185,-0.2922256861579298,-67.70762634277344,-0.34151540186166846,0.5691197934790744,0.747977199493139,0.747977199493139,41.58454082854365
2107,0.4886535939860867,-2.40175930607392,-0.3609102211198406,-0.3294330693885285,-67.69297790527344,-0.3248062255956689,0.5713234675123906,0.7537177265289136,0.7537177265289136,41.086546663850065
2108,0.450771005798451,-2.207266177860906,-0.26792034906078627,-0.36250956708436477,-67.76838684082031,-0.32539252563762894,0.5664252761011777,0.7571539545250159,0.7571539545250159,40.78606484451764
2109,0.4649562849862707,-2.183166487340216,-0.2672608463997662,-0.3804681155233835,-67.77657318115234,-0.3365605953254191,0.5752271991200413,0.7455472051229969,0.7455472051229969,41.793878745376
2110,0.40327881538231825,-2.2845189461467594,-0.2640074203962656,-0.30485059440958184,-67.63237762451172,-0.32662117604796437,0.5787021552314869,0.7472766709107658,0.7472766709107658,41.644977804133774
2111,0.4983509096081311,-1.2446147641508718,0.1596857205175768,-0.4720742523904836,-67.59574890136719,-0.346121388549945,0.5588698453075482,0.7535678339699586,0.7535678339699586,41.09961286976356
2112,0.41371792279658304,2.7489050815859706,-0.38222734332889563,0.15831859541713347,-67.72179412841797,0.335736743910824,-0.5634014075994431,-0.7548905170308632,-0.7548905170308632,139.01580431056144
2113,0.44152783627076164,-0.01702495470775572,0.4414638495971368,-0.00751662828780791,-67.74883270263672,-0.3469098820548585,0.5642483689688442,0.7491844311307353,0.7491844311307353,41.480219894063524
2114,0.4628608744520812,1.8741645933640974,-0.1382733691943003,0.4417246477956624,-67.7246322631836,-0.34676685119786843,0.5731947125461784,0.7424288332354956,0.7424288332354956,42.06127203576166
2115,0.48781563736200395,-1.4193928909481317,0.0735751162556725,-0.48223521057971536,-67.6958999633789,-0.3512865110573629,0.556093449779046,0.7532316126278723,0.7532316126278723,41.12890902893269
2116,0.4198337109194856,1.1240335638238022,0.18138844081142932,0.37862722876785393,-67.7197494506836,-0.3504036851008784,0.5590514911294724,0.7514510547824377,0.7514510547824377,41.283770454091965
2117,0.43195073901661313,3.134225433927794,-0.43193901680655705,0.0031822471907474287,-67.6431884765625,-0.3509878694953566,0.5594206136065749,0.7509035174635647,0.7509035174635647,41.33129591629207
2118,0.42900863843765547,-2.1947514253939824,-0.2506481156158638,-0.3481722763120975,-67.7370376586914,-0.3523404748545557,0.5592946825463346,0.7503636770624368,0.7503636770624368,41.37810945541469
2119,0.44209296154890554,-1.5862875637986364,-0.006848292930279788,-0.4420399162236631,-67.73185729980469,-0.34551155653290666,0.5439966210099294,0.7646498810775998,0.7646498810775998,40.12414606267949
2120,0.48597117096556597,-0.9483945329273578,0.2833154830273515,-0.3948421407178087,-67.70337677001953,-0.3597775115431281,0.5399375570088002,0.7609386156052294,0.7609386156052294,40.45298581915049
2121,0.47716838279750423,-0.8418554984900138,0.31783231329037953,-0.35591050303422006,-67.7434310913086,-0.3666337043234989,0.5586147156083265,0.7439955150132679,0.7439955150132679,41.92710632034292
2122,0.4329065866225613,-0.596535339250032,0.35813797054930846,-0.24319808139049917,-67.77436065673828,-0.3669387949174636,0.553993130392413,0.7472934713099899,0.7472934713099899,41.64352921607075
2123,0.4733783694047555,-1.1922482276770907,0.17494727235989607,-0.4398642205432689,-67.7052230834961,-0.388867637803368,0.5515682589678538,0.7379393037156913,0.7379393037156913,42.443829535369396
2124,0.4276679320811776,-1.988105644362489,-0.17333473133543426,-0.39096666231721544,-67.65790557861328,-0.36783619150273017,0.5588081266641305,0.7432563580588409,0.7432563580588409,41.99044889328923
2125,0.42347543635202,3.0555491899762095,-0.42190880779146384,0.036392349491608245,-67.66730499267578,-0.3673496627246413,0.5640637669384609,0.7395176077168725,0.7395176077168725,42.30966065064135
2126,0.4587358889826197,2.4309670095468894,-0.34770066148161866,0.29923713981710093,-67.70012664794922,-0.3755713603893533,0.5571055946639428,0.7406615351491026,0.7406615351491026,42.21220125924569
2127,0.4565261483004006,1.4894239200472597,0.037107648585149464,0.45501554533716804,-67.61649322509766,-0.3772633898047088,0.5559846246687195,0.7406439305395296,0.7406439305395296,42.21370250614786
2128,0.40240051549425476,0.8314966417514265,0.27112563102848797,0.2973500749444099,-67.64659881591797,-0.3844878473715837,0.56200091535534,0.7323414957267722,0.7323414957267722,42.91694925128374
2129,0.39606805233042847,-2.8333610817570083,-0.3774019808131518,-0.12015675992272935,-67.72147369384766,0.38257964580107207,-0.5567460144225306,-0.7373375685826361,-0.7373375685826361,137.50510841368492
2130,0.47324019385666116,-1.2474188978285385,0.15038188451027115,-0.44871100932853175,-67.70802307128906,-0.3778439140396656,0.5506616523343623,0.7443156059572954,0.7443156059572954,41.899651700175525
2131,0.4674654444046388,3.1003699840741805,-0.4670683166489398,0.0192647163268019,-67.81468963623047,-0.384856143994412,0.5517863996821321,0.7398766907773099,0.7398766907773099,42.279087423271505
2132,0.4707359050779094,3.0713279165995173,-0.46957434014814325,0.03304892439935712,-67.69499206542969,0.3762430041072898,-0.5600032097055087,-0.7381311583857236,-0.7381311583857236,137.5724613347928
2133,0.42748114273012516,2.607011644358742,-0.36783990237619163,0.21779332774382107,-67.67628479003906,-0.3879447163437622,0.5634536128331377,0.7293962731233569,0.7293962731233569,43.16419464670851
2134,0.4336597413195348,2.715803198363204,-0.3949395381042464,0.179118766418626,-67.58097839355469,0.3845962112334369,-0.5617264717052715,-0.7324951367008743,-0.7324951367008743,137.09598005173711
2135,0.4180342065793281,2.721647889686281,-0.38171182554197125,0.17043673345797283,-67.73812103271484,-0.3720572802176693,0.5543287729612448,0.7445085571733286,0.7445085571733286,41.883094936263966
2136,0.41041513496617205,-3.0233378421729045,-0.40754881381841807,-0.048420526272456604,-67.64276885986328,0.3849641853236368,-0.5744371289101375,-0.72237425268872,-0.72237425268872,136.25085264361414
2137,0.4225873503019234,0.2917550571395111,0.40472903600739074,0.12155030254067138,-67.62763977050781,0.3817229978951277,-0.549998219700407,-0.7428253571360764,-0.7428253571360764,137.97265206844042
2138,0.3900492218417467,2.6991209758055517,-0.3524859666437642,0.16700909789159166,-67.70236206054688,0.3952456727137498,-0.5512568115131816,-0.7347766912207927,-0.7347766912207927,137.28835017309876
2139,0.3881539986984159,-1.0599131206069614,0.18978707079086554,-0.3385917814510459,-67.4577407836914,0.3870108403787288,-0.5524922025103378,-0.7382242041511686,-0.7382242041511686,137.58036391350126
2140,0.3987065096906071,1.203201959873142,0.1432837764939885,0.3720707463148466,-67.68555450439453,0.38092482969145824,-0.5600279654645495,-0.7357071102158595,-0.7357071102158595,137.3669998086952
2141,0.3739761502381076,-1.6938490018552799,-0.04590271786534573,-0.3711483550273261,-67.77448272705078,0.3806508220156123,-0.5525178771067096,-0.7415045159514092,-0.7415045159514092,137.85973543011536
2142,0.3967869204157806,1.8950486371793647,-0.12641637159376187,0.37611003869360754,-67.70187377929688,0.3857406757750785,-0.543073512055343,-0.7458386498140608,-0.7458386498140608,138.23118325037828
2143,0.3739188454521822,-0.07028332384129467,0.3729956935696538,-0.0262586283492847,-67.63248443603516,0.3856765825087061,-0.548888240967165,-0.7416031773343319,-0.7416031773343319,137.86816133094135
2144,0.3912469499895769,-3.005827023445631,-0.38764669335986934,-0.05295485816528918,-67.702392578125,0.3734647749951607,-0.5740980365109956,-0.7286532140271076,-0.7286532140271076,136.77360674617336
2145,0.4496518590452673,-1.7332265464039598,-0.07271631052072353,-0.4437331771764634,-67.75103759765625,0.36864085670044133,-0.5570698365977099,-0.7441620226295922,-0.7441620226295922,138.08717342739843
2146,0.4761302298185803,0.29206547373824754,0.45596668837066356,0.13709257763782928,-67.66673278808594,0.38858630161733043,-0.55234056545405,-0.7375097192235947,-0.7375097192235947,137.51971170031678
2147,0.4557248609032785,2.42241510943843,-0.34286359176014986,0.30021609931954324,-67.69930267333984,0.3814509627762718,-0.5518643939177417,-0.7415799712255309,-0.7415799712255309,137.86617935460936
2148,0.4784002814568042,-2.1715192492379805,-0.2704104868526962,-0.39464540780051816,-67.70046997070312,0.36572110782025485,-0.5442070180539516,-0.7550409212721862,-0.7550409212721862,139.02894550913877
2149,0.4595335798034379,0.23449030374587898,0.44695747570636823,0.10677137199246746,-67.70755004882812,0.38550287385603593,-0.5416388772596645,-0.747003922941257,-0.747003922941257,138.3315106886308
2150,0.4112420769326815,2.52816331978239,-0.3362638655850596,0.23674175496033328,-67.57112884521484,0.4062202631126952,-0.542484258649479,-0.7353202886866227,-0.7353202886866227,137.33428701139854
2151,0.35580904687921744,-2.4906057880869414,-0.2830411771648312,-0.21561022672926203,-67.57413482666016,0.39980482659952987,-0.5513946131579097,-0.7322022133319177,-0.7322022133319177,137.07133247003958
2152,0.40066656406224777,-0.6806674782292624,0.31137915811914463,-0.25214423540200165,-67.56659698486328,0.38844360222290364,-0.5689218753681342,-0.7248720353412043,-0.7248720353412043,136.45820372347083
2153,0.38344858081648536,1.5765574942241178,-0.002209099254146361,0.38344221730354894,-67.66305541992188,0.38153093292381823,-0.5835039257465413,-0.7169081641749212,-0.7169081641749212,135.79979918589706
2154,0.42766910178788753,2.6781549628970565,-0.3825590138186756,0.1911791347666918,-67.70934295654297,0.3910276337765301,-0.5586904662443545,-0.7314112061971663,-0.7314112061971663,137.0048312705547
2155,0.5113704671289766,-2.7816434481737606,-0.47859914556171884,-0.18011832921527007,-67.60105895996094,0.40056678055704226,-0.5659718221138971,-0.7205707119271791,-0.7205707119271791,136.101619591801
2156,0.45171376124472634,-2.553233259844042,-0.3757591446893639,-0.2506997951338919,-67.84872436523438,0.3836985337899401,-0.5732092578612351,-0.7240211197676643,-0.7240211197676643,136.3874773407971
2157,0.32572336402288776,2.816989666284335,-0.30871325003325933,0.10388377700242211,-67.67575073242188,0.38232987206011454,-0.5832808789881638,-0.7166639973776354,-0.7166639973776354,135.77973627891836
2158,0.47165620814453774,-3.1004061438754102,-0.47125622273807344,-0.01942038135379534,-67.52058410644531,0.389642251695408,-0.5687990535557365,-0.7243248942068958,-0.7243248942068958,136.4127159298379
2159,0.4615462835794227,-2.4263581498229594,-0.3484395093353919,-0.30267950082568884,-67.68041229248047,0.3825252031521152,-0.550240053573918,-0.7422333544084401,-0.7422333544084401,137.9220122086065
2160,0.4116442864105494,-2.4431377103113086,-0.3152522717629017,-0.26470176365634585,-67.6585922241211,0.3852989440123174,-0.5652943929513162,-0.729374370978852,-0.729374370978852,136.83397098001953
2161,0.4239066777687957,-2.50589511114526,-0.34109978682601,-0.2516899022293666,-67.76966094970703,0.3890467786976995,-0.569754759996637,-0.7238937197172787,-0.7238937197172787,136.37689599448998
2162,0.35503343933302917,2.8089493330607747,-0.33557139017653215,0.11593353759645796,-67.6419906616211,0.3657863434574106,-0.5827745331142575,-0.7256543216253292,-0.7256543216253292,136.5233069237732
2163,0.38343721275199155,-0.933531866837501,0.2281447752424552,-0.30817861323035645,-67.69722747802734,-0.35793100459227734,0.5722756931030474,0.7378251331006487,0.7378251331006487,42.45352165048555
2164,0.39852227162771814,1.062921115171445,0.19381004811357713,0.34822071482542455,-67.74720001220703,0.37683876060909227,-0.5663945566547121,-0.7329322988479328,-0.7329322988479328,137.13278561548086
2165,0.42398968909642826,1.4085577306447206,0.06848612541989212,0.41842192471840756,-67.64253234863281,0.3779944137901306,-0.5553325699466855,-0.7407603930420857,-0.7407603930420857,137.7962297307745
2166,0.4034729773736065,1.808262866196836,-0.09491339463302821,0.3921503423305376,-67.65391540527344,0.3841564565198537,-0.551085070929939,-0.740762486571947,-0.740762486571947,137.79640829002858
2167,0.4297444760953204,1.6796140816976046,-0.0466715929129514,0.4272026183784565,-67.72432708740234,0.3883617259777786,-0.5587748400441466,-0.7327658888957641,-0.7327658888957641,137.1187722246215
2168,0.4655018863210613,2.076634666404119,-0.22555473257972297,0.40720642035625615,-67.81420135498047,0.3761026740186719,-0.5621423618056699,-0.7365750088480794,-0.7365750088480794,137.44047037045416
2169,0.3824941948385836,2.093871338425541,-0.19107357454326898,0.3313498124286087,-67.63359069824219,0.36944512536204904,-0.573746445801615,-0.7309755914367008,-0.7309755914367008,136.96824379091646
2170,0.42005441691271084,2.5484512994156825,-0.348304441018959,0.23479720938364662,-67.70336151123047,0.37684184585849256,-0.5756266908772689,-0.725702512025175,-0.725702512025175,136.5273199614723
2171,0.40899626181820364,-2.9773846643023805,-0.4034944995468359,-0.06685903840703221,-67.70777893066406,0.38073246183718,-0.578866340382992,-0.7210801290252022,-0.7210801290252022,136.14373003861797
2172,0.39108544320471555,-1.6319006689234221,-0.023882150620742042,-0.39035556454129994,-67.63420867919922,0.39495887054337364,-0.5524434076117812,-0.7340393531449019,-0.7340393531449019,137.2261049143298
2173,0.3960610810389955,-0.9357305031075973,0.23495551545556018,-0.31884210147154307,-67.66765594482422,0.37855098413120103,-0.5623890216093057,-0.7351311044885988,-0.7351311044885988,137.31829542330587
2174,0.4363962117998418,-0.6915338339503446,0.33614237146491693,-0.2782983287394917,-67.53915405273438,0.3605581398288753,-0.5698695901003559,-0.7384080701631001,-0.7384080701631001,137.59598356151753
2175,0.4746160074785325,2.6747812888261935,-0.4238358168336642,0.21359671093863558,-67.64835357666016,-0.3630679811147209,0.567850862764499,0.7387334016726839,0.7387334016726839,42.37636768875254
2176,0.49574140877099376,0.27504534543014947,0.4771079185498642,0.13463869587628113,-67.62683868408203,0.3647130790064318,-0.5636882366339512,-0.7411072404734386,-0.7411072404734386,137.82582107155176
2177,0.42286956789756136,1.2285701125536705,0.14190869996287214,0.39834732624773295,-67.67351531982422,0.3678118622669568,-0.5738745948209879,-0.7316982871339527,-0.7316982871339527,137.02895703166823
2178,0.38855702115950674,-1.2327512247792822,0.12886239758100593,-0.3665665576427071,-67.58372497558594,-0.3683135640010265,0.5592904228182785,0.7426569473967192,0.7426569473967192,42.04175873644735
2179,0.33682868089374124,2.0923011218936827,-0.16780315295894171,0.29205421094320105,-67.68354034423828,0.40146782794576413,-0.5378080870293808,-0.7413407075362236,-0.7413407075362236,137.8457488517136
2180,0.44484548892855863,1.9148511767267904,-0.15004952793721354,0.4187751761815733,-67.73397064208984,0.3898874102058956,-0.5504900056926124,-0.7382063132996679,-0.7382063132996679,137.5788443120492
2181,0.4735951051416147,1.080359851230496,0.2230684851532721,0.41777119879848285,-67.52511596679688,0.37793433510191776,-0.5472131821494314,-0.7468087918824768,-0.7468087918824768,138.31469658924786
2182,0.5192386597166415,1.2413317842526177,0.16799261529217918,0.4913117818164227,-67.62881469726562,0.37972880509303203,-0.5737585909695837,-0.7256770038186521,-0.7256770038186521,136.52519573809218
2183,0.410118500325565,2.2385274761437977,-0.25394784265251635,0.3220367642388416,-67.72734069824219,0.3755458690503799,-0.5666534365444671,-0.7333956524902099,-0.7333956524902099,137.17182412192943
2184,0.3657442626822273,-1.0684594258903284,0.17609673757326544,-0.32056014209664085,-67.5813217163086,-0.3818969481539903,0.5683660915626177,0.7287761706810278,0.7287761706810278,43.21610599012619
2185,0.4031530405785293,-3.116862833919494,-0.40302976992183664,-0.009968885818621032,-67.70834350585938,0.3872282501932004,-0.570922845006703,-0.723948470059689,-0.723948470059689,136.3814430909639
2186,0.4335600655145857,-1.3642659535332844,0.08890810309066954,-0.4243461789787092,-67.89197540283203,0.3988161747447846,-0.5560727413918826,-0.7291973430031503,-0.7291973430031503,136.81914662955865
2187,0.4412207407155545,0.8871946638997985,0.2786703845621437,0.34207975503611654,-67.67244720458984,0.39447867391314745,-0.5381758198833995,-0.7448176707896742,-0.7448176707896742,138.14344062135714
2188,0.40300828526556814,-2.121027380109453,-0.21072666225257553,-0.3435257658583742,-67.7102279663086,0.3789720604282379,-0.5511796677009713,-0.7433580236520104,-0.7433580236520104,138.01825879393715
2189,0.36826126369151174,1.1026812453395904,0.1661613044228211,0.328643848638881,-67.7447738647461,0.39112779307902146,-0.5583347361412284,-0.7316292585040862,-0.7316292585040862,137.0231549953075
2190,0.3971307069298082,-2.087242296838053,-0.19610026424162558,-0.3453367700534274,-67.5939712524414,0.40394872184667846,-0.5457287376089899,-0.734169990578567,-0.734169990578567,137.23712784988012
2191,0.3919462117562062,2.0442944178914644,-0.1787283721591929,0.3488237404411659,-67.64852142333984,0.3909846553298555,-0.5534145981264086,-0.7354340771797158,-0.7354340771797158,137.34390779386663
2192,0.36746709811355244,-0.4778770593721054,0.3263009544926756,-0.1689963173952735,-67.61357879638672,0.3762264162314092,-0.5548377849195192,-0.7420301315683023,-0.7420301315683023,137.90463997273568
2193,0.382801900981369,-2.7825588848632465,-0.35839321345966346,-0.13450501827443445,-67.67046356201172,0.3954749572603695,-0.5466657238846897,-0.7380759747543184,-0.7380759747543184,137.56777503258493
2194,0.4247744521856158,1.620873376150959,-0.02126256188038306,0.42424195772209156,-67.78040313720703,0.39800482853708,-0.555955352917262,-0.7297299514367026,-0.7297299514367026,136.863759707339
2195,0.42199033068999386,-0.29267694631246083,0.4040451767983103,-0.1217511162243392,-67.79354858398438,0.38309136390471893,-0.5507648339117114,-0.7415518219435694,-0.7415518219435694,137.8637752958064
2196,0.41039370795280816,-2.061229683033176,-0.1932988051282547,-0.36202012024643576,-67.82164764404297,0.38855729398451333,-0.5507461493411092,-0.7387163923166814,-0.7387163923166814,137.62218638529384
2197,0.3867754722108772,2.4842755611532286,-0.3061847387817713,0.23631794608341852,-67.75747680664062,0.3873807487789541,-0.5669042421274357,-0.7270183874795565,-0.7270183874795565,136.6370138757425
2198,0.42644426381258244,0.7259909173110535,0.3189129064904303,0.28310646091617453,-67.73493957519531,0.38225681843603593,-0.5569031839294336,-0.7373863088560969,-0.7373863088560969,137.5092425673094
2199,0.4491343251049198,-1.2754898412345668,0.13071294709394157,-0.42969264300132975,-67.71778869628906,0.39126887335441035,-0.5623625518875021,-0.7284620985188913,-0.7284620985188913,136.7576208188224
2200,0.44367178585288725,1.5933177134031862,-0.009991259150554386,0.4435592725921494,-67.66886901855469,0.3851225261385048,-0.5716897809356644,-0.72446630993748,-0.72446630993748,136.42446920306298
2201,0.37401988157520755,-0.6515640318545174,0.29739678267897124,-0.22681716307574487,-67.62594604492188,0.38222141248395486,-0.5745699073851671,-0.7237238515940807,-0.7237238515940807,136.3627906060343
2202,0.428966310063249,-3.11692255932012,-0.4288357793290092,-0.010581565884157852,-67.60400390625,0.3843237061689607,-0.5714940825381207,-0.725044690002255,-0.725044690002255,136.47256564051787
2203,0.41120157320985795,1.1394152608294403,0.1719339646094389,0.3735310504147445,-67.79312133789062,0.3801058955036794,-0.5643794742806643,-0.7327996432955103,-0.7327996432955103,137.12161438597605
2204,0.41842565301091056,-0.6880229149703638,0.3232350701203356,-0.26570494263733346,-67.60626983642578,0.37034986186678054,-0.5754946045082295,-0.7291412346021676,-0.7291412346021676,136.8144489562299
2205,0.3677097586615437,-2.67585479223376,-0.3285451571713031,-0.1651319058032531,-67.71435546875,0.35920634748782826,-0.5742451801673901,-0.7356719873550815,-0.7356719873550815,137.36402869464854
2206,0.4168579110163659,-2.84715319400413,-0.3989184155722254,-0.12097361569480206,-67.54328918457031,-0.3614325668283557,0.5574567216291154,0.7474011661392999,0.7474011661392999,41.63424241993001
2207,0.42021629751174266,-2.7669957888342207,-0.39107648394276706,-0.1537560418371912,-67.66519165039062,0.37184575696223476,-0.5581267983009326,-0.7417716697525816,-0.7417716697525816,137.88255412521178
2208,0.4163748435114419,1.0810923213600043,0.19584802911685018,0.36743919197633657,-67.56096649169922,0.391475198055036,-0.5605474077225443,-0.7297491164799764,-0.7297491164799764,136.86536572686174
2209,0.46822275042548306,-2.043563496286529,-0.21320601081002616,-0.41686417568613304,-67.66881561279297,0.37489687151607715,-0.5563291678717405,-0.7415862678762295,-0.7415862678762295,137.86671712847297
2210,0.4818587020924479,1.8017402588039544,-0.11029576881830656,0.4690657226476873,-67.77527618408203,0.37232549561573625,-0.5818355795754871,-0.7230775087461604,-0.7230775087461604,136.30915329912895
2211,0.45606255458921025,0.41142723847854223,0.418004580596223,0.182387566185341,-67.806640625,0.38176235619284066,-0.5565895794552344,-0.7378790845632746,-0.7378790845632746,137.55105814689145
2212,0.3997438902362988,-0.22795228438352744,0.3894029900742629,-0.09033542551221894,-67.63440704345703,0.3643310826865292,-0.5613863821988099,-0.7430398320885586,-0.7430398320885586,137.9910104933915
2213,0.42201449012651654,-0.27077593717094794,0.4066378179931938,-0.11288009060271825,-67.69841766357422,0.36970201774033834,-0.556598268143687,-0.7439884313470009,-0.7439884313470009,138.0722862699999
2214,0.49574381413292923,-1.260780385636997,0.15123845798091914,-0.47211106540581954,-67.71448516845703,0.4054026072532468,-0.5459555133747486,-0.733199361325407,-0.733199361325407,137.1552826825589
2215,0.42664996257651466,-2.7925744397706063,-0.40092677230380425,-0.14590378273572932,-67.70137023925781,0.4027316432171622,-0.542895440440945,-0.7369340298154489,-0.7369340298154489,137.47089272249562
2216,0.3769046004280893,1.8286413722856127,-0.09610970451862942,0.3644447866566339,-67.75936126708984,0.38421990597967404,-0.5406193705763265,-0.7484021378955482,-0.7484021378955482,138.4521550763933
2217,0.3719778237777691,-1.1564000920022193,0.14977216207634955,-0.3404934666765586,-67.78499603271484,0.3956245179546282,-0.5520430292678218,-0.7339821078404943,-0.7339821078404943,137.22127538783008
2218,0.40990447970964294,2.4102627710133238,-0.30508652849200574,0.2737588219925152,-67.73558044433594,0.396929512369641,-0.5388091705469378,-0.7430556102638081,-0.7430556102638081,137.99236131665842
2219,0.44548633407988714,-0.1885127017601082,0.4375941152883469,-0.08348331639882148,-67.59294891357422,0.38095545933724967,-0.5593626314909481,-0.7361972456432222,-0.7361972456432222,137.40847883919292
2220,0.4393863070803186,-2.551863562777096,-0.36517016875370545,-0.24435849627559578,-67.77753448486328,0.38304010284010614,-0.5536978150841355,-0.7393909718053742,-0.7393909718053742,137.67956152648023
2221,0.4551309500537098,1.1976066070997013,0.1659350325991428,0.423803901177318,-67.58111572265625,0.41117866880798853,-0.5678014776495615,-0.7131154074175269,-0.7131154074175269,135.48896210440668
2222,0.46725953281156435,-0.587113971844929,0.38901360179511163,-0.25884336696480303,-67.77579498291016,0.40173713765988794,-0.5562326995348148,-0.7274699005409453,-0.7274699005409453,136.67470413098005
2223,0.4742275655437774,-1.3713021203875944,0.09397938104157118,-0.4648221809042904,-67.6059341430664,0.4024256233449831,-0.5512810695627283,-0.7308507371667462,-0.7308507371667462,136.9577618388732
2224,0.5215515759252032,3.1328270653852743,-0.5215315392059051,0.004571647797284817,-67.60810089111328,0.4199829158135698,-0.5644747227126644,-0.7106213041016943,-0.7106213041016943,135.28548884455017
2225,0.4619532718413393,1.7015807462425911,-0.06024420531953262,0.4580081452226983,-67.60134887695312,0.37802877284689024,-0.5549130356657048,-0.741057197352638,-0.741057197352638,137.82155059403277
2226,0.4652937776872814,-0.2526813475545561,0.4505186359457434,-0.11632393657406899,-67.70442962646484,0.3777004089057174,-0.5569690216711868,-0.7396809514994254,-0.7396809514994254,137.7042446231813
2227,0.47918603646539487,-1.730048684054599,-0.07598935465202841,-0.4731224741258684,-67.60420989990234,0.40813739967275503,-0.5629294920727718,-0.718703172347982,-0.718703172347982,135.94751548143861
2228,0.3919503860015816,-2.4394725695287196,-0.2992441930858159,-0.25313636244365945,-67.69400787353516,0.3800880546238006,-0.5573210124907872,-0.7381912758686184,-0.7381912758686184,137.57756710667198
2229,0.41806794104937955,2.8508140374037643,-0.4005178410485406,0.11985934396234381,-67.64860534667969,0.38125484759685563,-0.5638743790303063,-0.7325915818906774,-0.7325915818906774,137.10409777902532
2230,0.3949858457116435,0.4817382233233061,0.3500328652024347,0.1830049496344742,-67.67816925048828,0.3847917667643244,-0.548864245468651,-0.742080410923586,-0.742080410923586,137.90893749405154
2231,0.4413064887773868,-2.7920594284217866,-0.41462186217714536,-0.1511295088385525,-67.73168182373047,0.3815628386371212,-0.5661521992835127,-0.730671942404814,-0.730671942404814,136.94275496867988
2232,0.4370348813715885,-2.844233555352564,-0.41785499227822753,-0.12804957228995675,-67.7056884765625,-0.38202592289854,0.5529119226778408,0.7405029371948583,0.7405029371948583,42.225724260520266
2233,0.41731969338780495,-3.0191453982782464,-0.4141950943196362,-0.05097205441062039,-67.70271301269531,0.3857363932079287,-0.5603527922256193,-0.7329475992183141,-0.7329475992183141,137.13407424583167
2234,0.45667724209515975,0.8006511675945336,0.31795670849883534,0.327807313780867,-67.60215759277344,0.3928752775497009,-0.5680830464171828,-0.7231394531234059,-0.7231394531234059,136.31429152731602
2235,0.4283314256889473,-1.5198091932198616,0.021829930245946767,-0.42777478230744653,-67.66355895996094,0.3820304440859791,-0.5718801828441619,-0.7259516487078169,-0.7259516487078169,136.54807145704214
2236,0.4327352149349923,2.6511804682120355,-0.38173252259448354,0.20381375674494118,-67.67874908447266,0.38327674161909087,-0.5579024626274053,-0.7361003882135436,-0.7361003882135436,137.4002794296933
2237,0.42669879500686436,1.0222279582077187,0.22250899611313055,0.364090110149997,-67.72032928466797,0.38530016550770485,-0.5594963913841384,-0.733830750573906,-0.733830750573906,137.20850818102227
2238,0.40589334197621385,-0.9020532316857883,0.25165399683367523,-0.31846455209058394,-67.80684661865234,0.3815149154560155,-0.5650586011054203,-0.7315429902619359,-0.7315429902619359,137.0159048109082
2239,0.420708414708607,-1.6511027560021452,-0.033749287661673164,-0.41935254355847046,-67.6883316040039,0.38506192711533227,-0.5618509668480568,-0.7321549039227495,-0.7321549039227495,137.06735276251354
2240,0.4752744610554844,-2.6468108891219435,-0.418275915479329,-0.2256791347500038,-67.65070343017578,0.3741391097871328,-0.5671415962821538,-0.7337372392718134,-0.7337372392718134,137.20062190156645
2241,0.44499698852652186,1.7113766105300876,-0.06235195336215476,0.4406070286656774,-67.67622375488281,0.37468377626941596,-0.570542406752985,-0.7308169605975232,-0.7308169605975232,136.9549265307936
2242,0.429572595519444,0.44593377146244856,0.38756397086597083,0.18527488579921655,-67.6607437133789,0.37777438371157673,-0.5553391606107843,-0.7408676883920962,-0.7408676883920962,137.80538184874237
2243,0.41288191730030116,-1.3353981872762835,0.09629651705309251,-0.4014952782250573,-67.74877166748047,0.39111723739630694,-0.5465930017798373,-0.7404481055528388,-0.7404481055528388,137.7696012868694
2244,0.4319620652911789,2.712487740177541,-0.392799745565547,0.1797208550343067,-67.55571746826172,0.38036699131064644,-0.5615591054696081,-0.7348280907705287,-0.7348280907705287,137.29269199634282
2245,0.4177126550293941,0.17782319308465044,0.41112577522032256,0.07388815277968724,-67.67855072021484,0.37855678566612705,-0.5711163844875347,-0.7283686123083672,-0.7283686123083672,136.74980285734344
2246,0.4065571261103408,-2.072954942395304,-0.1956835813917467,-0.3563658692478829,-67.70043182373047,0.3907811724909159,-0.5649876064212848,-0.7266904979542341,-0.7266904979542341,136.6096595977156
2247,0.43165082185821874,2.6852467544235687,-0.38747945059489686,0.1902159493248464,-67.66946411132812,0.3605184678550339,-0.5484051983989532,-0.7545052502829015,-0.7545052502829015,138.9821583937521
2248,0.4818127656217966,-2.6306136682887744,-0.420268976279459,-0.23562157943011044,-67.75005340576172,-0.3817208590436737,0.5519514751788153,0.7413762572532854,0.7413762572532854,42.15121610025537
2249,0.44113585081435613,-1.3818615809549954,0.08285091693850605,-0.4332857768680558,-67.74242401123047,0.38995024719615884,-0.5460308528331178,-0.7414776547314106,-0.7414776547314106,137.85744165954472
2250,0.47393364987122283,2.717076088830567,-0.43186633080694864,0.19520393642445336,-67.71762084960938,0.38805167158695286,-0.5334854547954768,-0.7515378697712013,-0.7515378697712013,138.72376908726008
2251,0.416771501969103,0.47952362282858135,0.3697658460919015,0.19228027438487355,-67.67831420898438,0.37487122301912923,-0.5541141828435309,-0.7432557019786584,-0.7432557019786584,138.0094949180297
2252,0.43424152501107566,-2.6922984708684825,-0.39114474034565433,-0.18860406714563527,-67.5440444946289,0.40873601754163336,-0.5531723315264448,-0.7259030511010426,-0.7259030511010426,136.5440229638768
2253,0.41497180134717204,-0.12551179971161203,0.41170752061406996,-0.051947217279965686,-67.65513610839844,0.3883039797840827,-0.5418199654566663,-0.7454201126320511,-0.7454201126320511,138.1951961199817
2254,0.40043673366139926,-2.791845695780518,-0.37619407371936836,-0.13721368941850087,-67.65617370605469,0.3862726416155438,-0.5444768558071654,-0.744539051917153,-0.744539051917153,138.1195222459003
2255,0.4206548621623916,-2.8571414952786593,-0.403751191060382,-0.11804867122582792,-67.71422576904297,-0.39534134877988514,0.5423602413237614,0.7413167923203499,0.7413167923203499,42.15629280382785
2256,0.4225755654867089,-2.971357761667939,-0.41646723575241196,-0.07159015359081643,-67.78807067871094,0.3960130665528046,-0.5397345089786008,-0.7428730113128844,-0.7428730113128844,137.97673056168895
2257,0.44923597195001885,0.02381345004275909,0.4491086015113021,0.010696847313137183,-67.69522094726562,0.3847017399220725,-0.549837729976437,-0.7414061248703635,-0.7414061248703635,137.85133397724056
2258,0.4663318397026878,2.5435847125334146,-0.3854040422275095,0.2625435372565651,-67.65605163574219,0.381736894499462,-0.5484420428788348,-0.743967922010618,-0.743967922010618,138.0705276774679
2259,0.4045130484690926,-1.4274072170162997,0.05780420977664742,-0.4003616861212569,-67.65996551513672,0.3896185862148154,-0.5482184394341912,-0.740036417982459,-0.740036417982459,137.73451791585933
2260,0.3384244728571639,1.0694350505978374,0.1626534775119222,0.2967742746296045,-67.65784454345703,0.38931906975544806,-0.5333700717093951,-0.7509640660707191,-0.7509640660707191,138.67395741178123
2261,0.4862670532915916,2.530318066706065,-0.39821244542058726,0.27907435466026503,-67.78845977783203,0.3780534003516665,-0.5402863904568336,-0.7517753938309425,-0.7517753938309425,138.7444028997294
2262,0.2960893404066942,-1.3416734705056168,0.06724881491048589,-0.28835133846681976,-67.55916595458984,0.394010317134172,-0.5398347477894553,-0.7438644467044547,-0.7438644467044547,138.06165600531477
2263,0.5114308777304298,-0.13967888097896144,0.5064499271658458,-0.07120403057290646,-67.62010955810547,0.37770806165407383,-0.5535214253191987,-0.7422605013565825,-0.7422605013565825,137.9243332712777
2264,0.433845011455478,0.5722274780001888,0.36473214277400473,0.23492968733705594,-67.59693145751953,0.3932260492450908,-0.5337118359369905,-0.7486821424181724,-0.7486821424181724,138.47634959775596
2265,0.3019373519574621,0.5770149008459184,0.25305213260137926,0.1647142455678266,-67.54241180419922,0.39442516622495427,-0.5421388273080915,-0.7419664953172918,-0.7419664953172918,137.8992013105786
2266,0.3950885001927232,0.9111731692013514,0.24211778142859555,0.31220810831980367,-67.74777221679688,0.3903642122286289,-0.5441968111373005,-0.7426073071005398,-0.7426073071005398,137.95399431527147
2267,0.4397570918045235,2.163776894140711,-0.24575175229161972,0.3646811978125147,-67.8007583618164,0.37863727359414984,-0.564119512200386,-0.7337594912503602,-0.7337594912503602,137.2024984167867
2268,0.45077084080602753,-2.9900453658517256,-0.44560440772936954,-0.06805191204610492,-67.53952026367188,0.37184507677758066,-0.5567652068421928,-0.7427945498765088,-0.7427945498765088,137.970015593753
2269,0.46488208076083953,-2.8644015666281786,-0.4471365577716019,-0.1272173247505648,-67.83635711669922,0.3859065707342646,-0.5515727560179323,-0.7394887514241868,-0.7394887514241868,137.68788323072445
2270,0.46835396401091883,3.035974442701681,-0.46574409891164725,0.04937479046759412,-67.54290008544922,0.3958080673099373,-0.5335282957712049,-0.7474513572560063,-0.7474513572560063,138.37008626489936
2271,0.42052719110071285,-2.9393292738417722,-0.4119544935500847,-0.0844784806856085,-67.81157684326172,0.3851306215818176,-0.5479870945948544,-0.7425527243755107,-0.7425527243755107,137.94932492308112
2272,0.35735893501737886,-2.9912403474356344,-0.35332734323517606,-0.053527534588539455,-67.57421875,0.3679035872388111,-0.5626548562424777,-0.740315110776196,-0.740315110776196,137.75826509338333
2273,0.3951276623412921,-2.693773823766094,-0.35616558296655343,-0.1710904645425609,-67.64998626708984,0.3828815185994122,-0.5671840837658904,-0.7291803328653726,-0.7291803328653726,136.81772241319393
2274,0.4970676600586137,-2.586068466801519,-0.4223206666974673,-0.26214788413479945,-67.74122619628906,0.38035050839926254,-0.5523779539539159,-0.7417628237827159,-0.7417628237827159,137.88179839398884
2275,0.43380027327276877,1.227755809399379,0.14590959306601758,0.40852547991874144,-67.59979248046875,-0.366637967493913,0.5516701435175816,0.7491572955950061,0.7491572955950061,41.48256712555814
2276,0.41861304654831416,-2.1694356885890853,-0.23589639194029483,-0.34581754583885976,-67.70217895507812,0.37528714996717505,-0.5523643331664224,-0.7443474984945733,-0.7443474984945733,138.10308456774428
2277,0.4362716008787761,2.88742551831813,-0.42225552337923633,0.10969586459414635,-67.63908386230469,0.369723849538549,-0.5422492411524962,-0.7544998578872885,-0.7544998578872885,138.98168762905476
2278,0.39582162031884416,1.9330484560013796,-0.1402717006906579,0.3701332261459186,-67.6637191772461,0.3784881365265882,-0.5479939337107348,-0.7459553466025065,-0.7459553466025065,138.24122171591537
2279,0.3643325195286307,1.686680734100409,-0.042126023718752854,0.3618889096279785,-67.68927764892578,0.37357893603422304,-0.5404365094707613,-0.7539012918032424,-0.7539012918032424,138.92945946540738
2280,0.44901249582485975,-2.9268383662418938,-0.4386981340881207,-0.09568787046679947,-67.61821746826172,0.3760696918464556,-0.5613160823701874,-0.7372217051519149,-0.7372217051519149,137.49528217551978
2281,0.5078961938944871,-0.3647203414369168,0.47448858456111825,-0.18116050036830045,-67.50164031982422,0.387088015914468,-0.5594379115434777,-0.7329338926965191,-0.7329338926965191,137.13291985140586
2282,0.48671557664925974,0.8650303441035446,0.31569200722263335,0.3704464996848617,-67.82335662841797,0.3855954978535856,-0.5481455943490808,-0.7421943946371048,-0.7421943946371048,137.91868133212304
2283,0.40479741911454487,1.3977825714193572,0.06968663981334385,0.3987539626803999,-67.7262954711914,0.3607554952884186,-0.5633254550022524,-0.7433168263706353,-0.7433168263706353,138.01473005775784
2284,0.37049289935999513,-2.3885572925286453,-0.2703177256985809,-0.2533639983291277,-67.51880645751953,-0.3706846242474614,0.5523399306984756,0.7466682732663291,0.7466682732663291,41.69740822112921
2285,0.39236915196929684,0.3550788668519892,0.3678928003648844,0.13641275181150933,-67.69025421142578,0.3775430040422031,-0.5438124490260442,-0.749486024141268,-0.749486024141268,138.54587531317125
2286,0.4458149398454847,2.5602412925031093,-0.3725770447220953,0.24482096792469177,-67.72218322753906,-0.3715135005313133,0.5591088322902292,0.7411983759952705,0.7411983759952705,42.16640088891946
2287,0.4595340572243685,-1.5692950548688822,0.0006898853200124523,-0.4595335393715397,-67.60358428955078,0.3703589424165289,-0.5650105014971941,-0.737290571599827,-0.737290571599827,137.50112243441382
2288,0.4573970460070185,-2.5591015167946596,-0.3819699190308338,-0.251616848902304,-67.62015533447266,0.3867519794191285,-0.54243673185834,-0.7457783171601527,-0.7457783171601527,138.22599410023585
2289,0.4168709122434566,1.6128740201082286,-0.017535790713647283,0.4165019249880352,-67.8149642944336,0.3749465145867263,-0.5640448175906477,-0.7357095588263067,-0.7357095588263067,137.3672069478607
2290,0.3799670921582529,-0.4325281768934727,0.3449755133258442,-0.15926985379778733,-67.6430892944336,0.36983393830849826,-0.578728404840815,-0.7268399352716057,-0.7268399352716057,136.62212473483967
2291,0.3688257559338002,-1.3335905426197863,0.08666946964156462,-0.3584980352417417,-67.6738510131836,0.364411423631309,-0.5715857015314946,-0.7351830385228918,-0.7351830385228918,137.32268488340213
2292,0.44232992074238026,-2.265828144477656,-0.2832724500900526,-0.3397241201385899,-67.61810302734375,0.3482814719947717,-0.556428315582365,-0.7543789139970225,-0.7543789139970225,138.97113020344747
2293,0.4042159923523444,1.9940970298833083,-0.16604063662044372,0.36853910981613375,-67.62837219238281,0.3562957396944897,-0.5697004472971826,-0.7406043115084779,-0.7406043115084779,137.7829191084568
2294,0.43585105189482926,1.3573337763233588,0.09233292050286904,0.42595864967064584,-67.6978759765625,0.38100649054865227,-0.5511631519201189,-0.7423295993864718,-0.7423295993864718,137.93024161927394
2295,0.44117156269062546,0.23120987962098588,0.42943192435621064,0.10109683511668519,-67.71180725097656,0.3560944777314538,-0.557999676944634,-0.7495552571084051,-0.7495552571084051,138.55186756519612
2296,0.4706866038032488,-1.0000617061337609,0.2542886169978875,-0.3960848119596839,-67.84019470214844,0.3723463082426841,-0.5526040341075948,-0.7456453635784618,-0.7456453635784618,138.2145607546907
2297,0.4604999836654981,-2.625383875556196,-0.4004953259641883,-0.22729656582703264,-67.63355255126953,0.3680567413748546,-0.544165691985162,-0.7539349672185482,-0.7539349672185482,138.93239637869942
2298,0.44919441245503455,-2.647809780556869,-0.3955364472034928,-0.21290030322773684,-67.76981353759766,0.3833310236870091,-0.5596305931058142,-0.7347590935395794,-0.7347590935395794,137.28686374350713
2299,0.4117630655641614,-2.7158279099873486,-0.375002154848662,-0.1700652992872327,-67.6635513305664,0.37166179685951956,-0.55813241554965,-0.7418596332648556,-0.7418596332648556,137.8900696471317
2300,0.3198813129438759,-2.4797999346171196,-0.2523517500066664,-0.19657733500907684,-67.62833404541016,0.3629126157893111,-0.5583793205258785,-0.7459939461617756,-0.7459939461617756,138.2445425523085
2301,0.4673626076983613,-2.572874810798922,-0.3937960766401242,-0.25169914004115657,-67.61485290527344,0.37425929528131974,-0.5565612052153367,-0.7417341873911313,-0.7417341873911313,137.87935199786418
2302,0.48836291789662484,-3.015421541956076,-0.4844809107242632,-0.06145393982727254,-67.7878646850586,0.40129123235070574,-0.5438619302862356,-0.737007155748017,-0.737007155748017,137.47709135179883
2303,0.4508769593613682,3.033670589233999,-0.44825378614797806,0.04856516948344379,-67.62828063964844,0.3795151187232284,-0.529293623500612,-0.7588257604892484,-0.7588257604892484,139.36078859977607
2304,0.3493823799725746,-1.853948278896639,-0.09761166219377213,-0.33546983596005975,-67.72195434570312,0.3695656527868556,-0.5463661564327051,-0.7516017904350536,-0.7516017904350536,138.72932106880384
2305,0.3759834892188122,-1.4655292478158113,0.039505627869360654,-0.3739022459571489,-67.73977661132812,0.36683265285054406,-0.5414808988491291,-0.7564603366893545,-0.7564603366893545,139.15313488139134
2306,0.44829303864540554,2.6133861750240905,-0.38719624161139704,0.22593299666038102,-67.61276245117188,-0.3965055462897648,0.5451840719199789,0.738618764645339,0.738618764645339,42.38611194353965
2307,0.4865392025372776,0.18956653634821446,0.477823342340992,0.09168014572246946,-67.5323257446289,0.37350764985910967,-0.5448224525463514,-0.7507732884820182,-0.7507732884820182,138.65740699093755
2308,0.41499304101113094,-1.0957438175466871,0.18981165125777108,-0.3690403245371222,-67.66912841796875,0.3772971747204889,-0.5306795477404158,-0.7589638064874797,-0.7589638064874797,139.37293431863768
2309,0.32790848234643516,-3.0998496321428752,-0.3276228368678253,-0.013683916011899087,-67.69088745117188,0.3670256008462603,-0.5501314537140374,-0.7500983881851244,-0.7500983881851244,138.59890129690388
2310,0.38009120331051355,-1.475710878724229,0.03608670685021959,-0.37837424915385093,-67.50090026855469,-0.3915394752747846,0.5408742701606901,0.7444137714871262,0.7444137714871262,41.89122897589504
2311,0.42094571760811145,1.1035281242618418,0.1896145836701366,0.3758212431891107,-67.74038696289062,0.389171118402435,-0.5527155177455021,-0.7369202107723193,-0.7369202107723193,137.46972141272184
2312,0.5227544535073285,1.4492252601527482,0.06339538787780795,0.5188961779176717,-67.7468490600586,0.38717109346908696,-0.5468193561381233,-0.74235243391171,-0.74235243391171,137.93219427371844
2313,0.39281243713031627,-0.55003310539373,0.33487543790534896,-0.20532913054888108,-67.65991973876953,0.37300965899425553,-0.5489316029876965,-0.748022653091701,-0.748022653091701,138.41938308893953
2314,0.2880353496731272,-2.4624644282998926,-0.22412623595877904,-0.18091929973408136,-67.54551696777344,0.3720678670063144,-0.5558394728779325,-0.7433760708632972,-0.7433760708632972,138.01980469646915
2315,0.5274502242110518,2.396881205025971,-0.38782544773319727,0.35748449072768723,-67.63262176513672,0.362560855893201,-0.5408889549954156,-0.7589392361302431,-0.7589392361302431,139.37077232221517
2316,0.3835936945795211,2.7906832727574407,-0.3602176865437874,0.13186106636232173,-67.7125244140625,0.37710853974442876,-0.5349036628364158,-0.7560867812202583,-0.7560867812202583,139.12042112945392
2317,0.3380483202095192,-2.09829639709943,-0.17016500785171138,-0.2920967937162348,-67.72613525390625,0.3774069254866659,-0.5346959076329785,-0.7560848490448989,-0.7560848490448989,139.12025197720527
2318,0.5172798213958419,-2.6576043558669786,-0.4578682477279463,-0.24069707382071379,-67.52009582519531,0.3798311073573951,-0.5401967868876244,-0.7509432477357671,-0.7509432477357671,138.6721511062414
2319,0.45347452402546307,-2.0790733471126313,-0.2206937172234643,-0.3961482388175036,-67.64517211914062,0.3665718124409351,-0.5401923177309362,-0.7575073373824488,-0.7575073373824488,139.24494031205114
2320,0.2772557771603785,-2.115114024803275,-0.143572610848289,-0.23718699665667012,-67.5941390991211,0.3606853580752145,-0.5404990589493415,-0.7601097550650372,-0.7601097550650372,139.4738746078841
2321,0.4670763751778917,1.089281383109512,0.21631352834358142,0.4139671456829264,-67.58639526367188,0.3578286999601622,-0.5452660562103698,-0.7580524714224011,-0.7580524714224011,139.29280758264773
2322,0.5043781387232152,-0.9874931085351979,0.27780338891394946,-0.4209781276145114,-67.74945831298828,0.3664810545732021,-0.5379096340018826,-0.7591738024239735,-0.7591738024239735,139.39141617547193
2323,0.4444173351862613,-1.1419190568809843,0.18481095626416208,-0.4041678837547384,-67.62332916259766,-0.3592009794304832,0.5407593531027456,0.7606273584404402,0.7606273584404402,40.48046432174098
2324,0.44649614508914787,-0.060178727375312394,0.44568790079578957,-0.026853354794361062,-67.67044067382812,0.37523572382647785,-0.5303086466120637,-0.7602439680082315,-0.7602439680082315,139.48571029134598
2325,0.3845306646965287,-2.5160128287729733,-0.3117096814401694,-0.22516861812522249,-67.58321380615234,0.3702675696715509,-0.5458727997510497,-0.751614803833369,-0.751614803833369,138.7304514536222
2326,0.35261543133756307,1.3139493520863947,0.08957568329988855,0.34104814818253115,-67.49556732177734,0.3735063697714908,-0.5268347450078005,-0.7635038593174813,-0.7635038593174813,139.77407174985302
2327,0.3952230286040225,-1.2540451913726978,0.12310445175190886,-0.3755616278293057,-67.70001983642578,0.35120131007268635,-0.5429466626047919,-0.7628017838007114,-0.7628017838007114,139.71182345126215
2328,0.45026283477594825,2.5879975185696233,-0.38301152622508217,0.2367251384183903,-67.72659301757812,0.342139058880004,-0.5324003763328231,-0.7742678500812065,-0.7742678500812065,140.73870041638358
2329,0.5162145600913537,1.4379850912716021,0.068357720901147,0.5116685392356175,-67.64838409423828,0.3535504211113474,-0.5544382387109594,-0.7533925531799994,-0.7533925531799994,138.88511215132777
2330,0.46051404492013986,0.35001351263548747,0.43259219387123704,0.1579151017806045,-67.78845977783203,0.35867649442712635,-0.5430261870163076,-0.7592586730225727,-0.7592586730225727,139.3988876563409
2331,0.2860755349630984,-1.2310242143763512,0.09534103474759704,-0.26972077932128335,-67.55268096923828,0.35809486059281537,-0.5481045444036017,-0.7558766296302145,-0.7558766296302145,139.1020267926262
2332,0.37552955109802183,2.8769532580637067,-0.3624561971934621,0.09822397295943529,-67.81483459472656,0.35907997649657175,-0.5455242926939591,-0.7572745978573276,-0.7572745978573276,139.22451799049492
2333,0.5222363704224843,1.0981727406329462,0.2377344408476535,0.4649872710375025,-67.66960906982422,0.3651006457319996,-0.5386360378590441,-0.7593238684550798,-0.7593238684550798,139.40462782971838
2334,0.3866583438388042,1.4380179001487696,0.0511891648217322,0.38325493377779296,-67.55814361572266,0.3595227192596068,-0.5236151382283805,-0.7723798297173821,-0.7723798297173821,140.56807912154946
2335,0.3540451820597432,-0.06313106104802509,0.3533398873531808,-0.022336404029258045,-67.70044708251953,0.3637945976487905,-0.5348033439630872,-0.7626525250777412,-0.7626525250777412,139.69859997036355
2336,0.3629766013864636,0.18888183378875273,0.3565209887777932,0.06815275280553473,-67.6862564086914,0.3535746852450318,-0.5366949515790835,-0.7661223602685162,-0.7661223602685162,140.0069457566883
2337,0.4821584183427613,-0.714605448963443,0.3641992566456953,-0.3159677860756001,-67.63499450683594,0.3752557046469245,-0.5562475612615848,-0.7414659848708367,-0.7414659848708367,137.8564451622372
2338,0.31460123062766926,1.0342719471586521,0.16080899240670993,0.2703967497467058,-67.60682678222656,-0.3715449660650531,0.5331499372401287,0.7600693932875903,0.7600693932875903,40.529684170714226
2339,0.4018251644507426,2.1160274956163554,-0.20839286120793957,0.343563499492357,-67.72775268554688,0.3766475074671691,-0.539868338649462,-0.7527807330442502,-0.7527807330442502,138.8318311358726
2340,0.4236196053596163,1.2080048328114943,0.1503364163567713,0.3960461235286119,-67.76081085205078,0.37874593883338886,-0.5454369685320485,-0.7476964806495909,-0.7476964806495909,138.39123198674102
2341,0.38198468601536184,-2.639903608762838,-0.33491330112160533,-0.18369915917631055,-67.60918426513672,-0.3751149084633947,0.5407628215896644,0.7529039621591083,0.7529039621591083,41.157441883277286
2342,0.4609336121627229,0.7601437438059615,0.3340556317833671,0.31759507190003894,-67.52568817138672,0.38950286866472283,-0.5481535185905768,-0.7401454150089171,-0.7401454150089171,137.74380417044597
2343,0.43377114865070326,0.817205256879963,0.29681307256701583,0.3163216865077036,-67.69734191894531,0.37238086617029753,-0.5394785711988149,-0.7551790262762494,-0.7551790262762494,139.04101514966126
2344,0.36549779569302654,-1.1797957086293842,0.13929621924898034,-0.3379130094556902,-67.72677612304688,-0.36422248270906765,0.5563221853070731,0.7468919662336753,0.7468919662336753,41.67813710125163
2345,0.38810385045897444,2.76309470094689,-0.36063414241510633,0.14341413481802553,-67.60627746582031,0.3703947243346278,-0.5360293970975628,-0.7586041349955184,-0.7586041349955184,139.34129556656228
2346,0.475429708065403,-1.2839928351956358,0.13449323319124526,-0.45600984368423414,-67.6234130859375,-0.3710278786637968,0.5529039685727735,0.7460800994469163,0.7460800994469163,41.74804464317856
2347,0.4786502336664403,-2.719693322034737,-0.43667874519598837,-0.1960043868973215,-67.55218505859375,-0.3653994244151772,0.5321722178280489,0.7637250756712347,0.7637250756712347,40.20629792015572
2348,0.43865961676594273,-1.1060334408813977,0.19661200019919076,-0.3921300559239462,-67.90708923339844,0.39111279113048886,-0.5235505087926665,-0.7569185222710954,-0.7569185222710954,139.19328955619523
2349,0.4176460026738392,-2.2375798132503633,-0.25829801756732146,-0.3281925009353934,-67.67897033691406,0.3922585310411654,-0.5247705559973255,-0.7554793897808763,-0.7554793897808763,139.0672754362139
2350,0.36953956059505705,3.0674405571730357,-0.3685240632263643,0.027377028106032694,-67.5482177734375,0.3806954068702913,-0.5181782062212117,-0.7658735886458227,-0.7658735886458227,139.98477305690406
2351,0.3801787229396326,-2.9176625642685634,-0.3706865167610172,-0.08442373876815729,-67.61714935302734,0.4047335107152657,-0.5176874870460328,-0.7537840878262552,-0.7537840878262552,138.91923917358523
2352,0.4080515948198507,2.026704321450299,-0.17965603754041248,0.36637386944254297,-67.4876708984375,0.3994420094109391,-0.5243789799747566,-0.7519792327440866,-0.7519792327440866,138.7621172265962
2353,0.5349823361161874,0.5767181804442245,0.4484525050923424,0.29171295931572166,-67.48799896240234,0.4040038153042258,-0.5100893925156924,-0.7593350570483368,-0.7593350570483368,139.4056130040024
2354,0.36635862314946877,-0.07507649712500834,0.3653266214210953,-0.027479090906036303,-67.59232330322266,0.3793092549425158,-0.5325051910345234,-0.7566787367411876,-0.7566787367411876,139.17227106121715
2355,0.3401051214868393,-0.15245508683640974,0.33616031524729645,-0.05165013179475912,-67.58740997314453,0.3720587909046201,-0.5333845108209092,-0.7596533549764207,-0.7596533549764207,139.43364795322972
2356,0.5016094557472662,-0.1315810183629906,0.49727339341836474,-0.06581199201705484,-67.60482788085938,0.37463464490916154,-0.5437619405030516,-0.7509805822350817,-0.7509805822350817,138.67539048500032
2357,0.4483979712910271,0.7430987330228859,0.33018931546998664,0.30337395505773135,-67.69731140136719,0.39095790101174205,-0.519316252688376,-0.7599095665473595,-0.7599095665473595,139.45622612413632
2358,0.3015810011323863,2.084363844294307,-0.14816302586229743,0.26267626084467655,-67.79352569580078,0.3887463503233839,-0.5303019094074367,-0.7534295985618537,-0.7534295985618537,138.88834011064645
2359,0.4167807945734603,2.78075698877808,-0.38994099237180213,0.14714704615920463,-67.77424621582031,0.39388079165281814,-0.5249545128000791,-0.7545069127965501,-0.7545069127965501,138.98230353472968
2360,0.49517436130674897,-1.8878483717256511,-0.1543789728342708,-0.4704941878941569,-67.5987319946289,0.3900319596492214,-0.5365911602066289,-0.7482947261876781,-0.7482947261876781,138.44287694663132
2361,0.41683845558962085,0.2486206324552537,0.4040218239051324,0.10257028744578267,-67.75749969482422,0.3692307897104712,-0.5322152879146663,-0.7618500582396058,-0.7618500582396058,139.62756750825272
2362,0.3273817692799519,2.7846068226524308,-0.30674178421630954,0.1144041112577107,-67.68035888671875,0.36709366833170126,-0.5272460022273084,-0.7663249257371811,-0.7663249257371811,140.02500771829207
2363,0.3645400736681627,-2.623224451901809,-0.3166500184399032,-0.1806162537868573,-67.66409301757812,0.37972944474141923,-0.5422092795668844,-0.7495429580403874,-0.7495429580403874,138.5508030043834
2364,0.4700456995495442,-0.8193538464861667,0.3208971425083925,-0.34346467590564367,-67.61949920654297,0.3876346053945885,-0.5562735718897708,-0.73505042406462,-0.73505042406462,137.31147704401357
2365,0.35239422266789855,-1.0477581667310478,0.1760259936887599,-0.30528107985199004,-67.78593444824219,-0.3676006263868499,0.5396781726930411,0.7573752368533684,0.7573752368533684,40.76665222095224
2366,0.41509959785775297,0.5690091595101594,0.34969453394612643,0.22365466476214993,-67.5476303100586,-0.35483836760644855,0.5341362860859379,0.7673253291536205,0.7673253291536205,39.88569044871516
2367,0.49423730593351617,-1.006468780066083,0.26434171036803167,-0.417605046348968,-67.63414001464844,0.35406443931322384,-0.5264579023959832,-0.7729685956225091,-0.7729685956225091,140.621219733852
2368,0.3543134110075336,0.17555047279278574,0.34886780801609435,0.06188089971743288,-67.5642318725586,0.34809076756454593,-0.5344039288111061,-0.7702241611424426,-0.7702241611424426,140.37402259589422
2369,0.4413768810314146,0.6528319457721456,0.3506151200531132,0.2681092849924458,-67.6233901977539,0.3480547387042257,-0.5475112396188982,-0.7609791990301119,-0.7609791990301119,139.55059811840488
2370,0.4532372367351624,-2.1218729809479226,-0.23731719263670786,-0.38614057393954,-67.60900115966797,-0.3544444023671037,0.538042325540381,0.7647742291406828,0.7647742291406828,40.11308937871277
2371,0.3861982401599527,1.2757159511591498,0.11231291812683948,0.369506277517011,-67.64929962158203,0.3529320182811007,-0.5452320927903301,-0.7603689600868158,-0.7603689600868158,139.49673539860385
2372,0.3921552081738189,0.2605581311890513,0.3789185357657998,0.10102697932212702,-67.74467468261719,0.36098520365296743,-0.5360055730162766,-0.7631433079305083,-0.7631433079305083,139.74209411553707
2373,0.44517827332585247,-1.2016644032440433,0.16062297623999036,-0.4151914673318744,-67.70835876464844,0.3657029734489001,-0.5341650900946517,-0.7621869795101499,-0.7621869795101499,139.65737835223257
2374,0.5222250195592322,-2.6441862593841745,-0.45894338431639825,-0.24917853247390967,-67.70377349853516,0.35564912015109146,-0.5410926264215422,-0.7620580509173772,-0.7620580509173772,139.6459685751506
2375,0.43534685348357965,-2.3273090819158373,-0.2988175441898301,-0.31659904946542766,-67.63269805908203,0.34723501001627677,-0.539050621259609,-0.7673671061093419,-0.7673671061093419,140.11804242713802
2376,0.41579048523811263,-2.572096252301973,-0.35016736498412393,-0.2241975559960913,-67.66382598876953,0.34608608350772063,-0.5541329606901535,-0.7570740285329117,-0.7570740285329117,139.2069252937429
2377,0.36762091905872646,-2.8313664115640833,-0.3500723611283216,-0.11222514024773905,-67.7012939453125,0.36001978455442263,-0.5350998869021415,-0.7642341694577014,-0.7642341694577014,139.83890837906648
2378,0.37143700105854593,2.798168293917455,-0.3497477398835142,0.1250678383987664,-67.64463806152344,0.34852998965471865,-0.5320263786916088,-0.7716701229719696,-0.7716701229719696,140.50410223021936
2379,0.38791062743336147,2.1506845353385904,-0.21254803455973847,0.3244965144351113,-67.6252670288086,0.3702262895992697,-0.5132809196595216,-0.7742578330265917,-0.7742578330265917,140.7377935314883
2380,0.43762124590995277,-1.5400553055236217,0.01345080527056672,-0.4374144838815384,-67.66242980957031,-0.37090207810741704,0.5412379445091929,0.754647689905073,0.754647689905073,41.00540479050566
2381,0.47900977575008713,-0.1834210926239342,0.4709746070314952,-0.08736867170603807,-67.55896759033203,0.35599580973251194,-0.5523126027579899,-0.7538022103228328,-0.7538022103228328,138.9208193348356
2382,0.4567197550159849,-1.6250940450916054,-0.024786656896452604,-0.45604666018046747,-67.7199935913086,0.34805799496109896,-0.5293989051033793,-0.7736875541321593,-0.7736875541321593,140.68619277224298
2383,0.43177331829770216,-2.0899300339994067,-0.21421490453024214,-0.37488688036647544,-67.69741821289062,0.35120389027842497,-0.5234298156846309,-0.776322777912418,-0.776322777912418,140.9251145753995
2384,0.39979713497245845,-0.11645211640901257,0.39708935354141633,-0.046452066006220025,-67.51087951660156,-0.3459273436350719,0.5356301766010986,0.7703470560986516,0.7703470560986516,39.614935577481255
2385,0.4144273023631064,2.2894710111901353,-0.2728538439347444,0.3119307115274092,-67.57919311523438,0.3444948845418804,-0.5430002877268292,-0.7658158799953533,-0.7658158799953533,139.97963101833457
2386,0.38359968894627516,1.7344012410352416,-0.06247919574791797,0.3784773063981147,-67.57473754882812,0.3555210026675817,-0.5320689967739892,-0.7684447926391057,-0.7684447926391057,140.2144372648018
2387,0.39150475694466547,1.5169826070867256,0.021058160041080104,0.3909380112063623,-67.7246322631836,0.34726248765023693,-0.5355758158864768,-0.7697839372892264,-0.7697839372892264,140.3344905742501
2388,0.38980317723689595,1.9161206647882079,-0.1319491106548944,0.36679142462898634,-67.73627471923828,0.36021559153619753,-0.5332777981656316,-0.7654146050330131,-0.7654146050330131,139.94389122682375
2389,0.5001539171686182,2.4081755819997963,-0.3715600012430905,0.33480905951802975,-67.62167358398438,0.3496279518970765,-0.5287924660857336,-0.7733943515847682,-0.7733943515847682,140.6596848953874
2390,0.486013328417546,-0.7592344417293049,0.3525361869314981,-0.3345552156271089,-67.4915771484375,0.3652500916087417,-0.5399542567666243,-0.7583150870050049,-0.7583150870050049,139.31588399495317
2391,0.45805056934513616,1.9478959729538157,-0.16866588024740328,0.42586634630805476,-67.72814178466797,0.3705780055830079,-0.5277390983491327,-0.7643058195851741,-0.7643058195851741,139.8452741300206
2392,0.4533321466357255,-2.6031451749199364,-0.3891883019015777,-0.2324704300256731,-67.74020385742188,0.3735073810203739,-0.5270299085536857,-0.7633686604866584,-0.7633686604866584,139.76207836968416
2393,0.4386637885207758,-0.6966998313493102,0.3364393538378034,-0.2814861995704252,-67.5440902709961,0.35057666877457794,-0.5463610355525427,-0.7606481566012456,-0.7606481566012456,139.52137130652326
2394,0.4412818543878088,2.52625685219646,-0.36034178546314605,0.25472234425188406,-67.52034759521484,0.3609360588885452,-0.5185249287757331,-0.7751497014332945,-0.7751497014332945,140.81860699307677
2395,0.452212697194405,0.12565478491697707,0.4486473706206432,0.05667327711560229,-67.64290618896484,0.36211103783427173,-0.5201824536506984,-0.7734893736778325,-0.7734893736778325,140.66827402025254
2396,0.3982084250221974,-0.8765999120345256,0.2547610220808693,-0.30605027591389267,-67.60051727294922,-0.3600315669318736,0.518883131534214,0.7753306176218165,0.7753306176218165,39.16498287185522
2397,0.3493114543954365,-2.6961922757377628,-0.3152320166503263,-0.150490092200196,-67.60562133789062,0.35559681237605084,-0.5243484638067217,-0.7736986464583758,-0.7736986464583758,140.68719590203781
2398,0.3835905938743173,-2.2139842066588864,-0.2300582236988631,-0.30694455104688745,-67.71531677246094,0.34840520924500273,-0.5230304226604657,-0.7778515199847337,-0.7778515199847337,141.06428133941483
2399,0.48908482292351596,-0.8459433918635006,0.32427563950492366,-0.36612740082900075,-67.76144409179688,0.3485814987617636,-0.5219503158449891,-0.7784977883785663,-0.7784977883785663,141.12323935606247
2400,0.5145091399415301,0.49785953434090874,0.4520512005345628,0.24570178505381984,-67.57796478271484,0.35200630080597156,-0.5080487352989828,-0.7861157972932488,-0.7861157972932488,141.82399395278821
2401,0.3711403481032369,-1.262298980321349,0.11268832889203219,-0.3536191433190701,-67.61387634277344,-0.34563473076707507,0.5398373526408031,0.7675364913678965,0.7675364913678965,39.86681959140881
2402,0.31772456863132764,-3.108990546277087,-0.3175557292778792,-0.01035665557781791,-67.71736145019531,0.3536457506442286,-0.514962777071863,-0.7808636380839582,-0.7808636380839582,141.33971744165962
2403,0.46291978662477007,-2.049446370552804,-0.21321222063731804,-0.4108957018753375,-67.63977813720703,0.3287912450658694,-0.51704071200934,-0.7902943877397272,-0.7902943877397272,142.21303099880467
2404,0.4892888933220318,-1.3260438697138706,0.11856260905540054,-0.4747067819847056,-67.5909194946289,0.35441830361732246,-0.5068848384196641,-0.7857833204142797,-0.7857833204142797,141.79318397011568
2405,0.3884750122809537,2.9805193222860398,-0.38344648043454027,0.06230274319041538,-67.62167358398438,-0.34941593671282956,0.5134582530378852,0.7837532300146386,0.7837532300146386,38.39448612578579
2406,0.3772177236463134,-0.22116806201978456,0.36802940828008346,-0.08275001917775067,-67.695556640625,0.34858060399704294,-0.5177341473636135,-0.7813084635217572,-0.7813084635217572,141.38053369440533
2407,0.4917119314447003,-1.1918093421894491,0.1819233481516889,-0.4568200071388698,-67.74531555175781,0.34195878586143486,-0.5141344254299823,-0.786593911341777,-0.786593911341777,141.86833682486107
2408,0.42375249298003587,-0.9536912185175296,0.2452156684773578,-0.3455943449190075,-67.67149353027344,0.35780276141408174,-0.5129218000795122,-0.7803130211188652,-0.7803130211188652,141.2892442605507
2409,0.37049026377981825,-1.3277152473460379,0.08917488095345483,-0.3595982149046022,-67.65811157226562,0.35410859937856537,-0.5213323678452967,-0.7764146199569963,-0.7764146199569963,140.93346351514415
2410,0.3664540013516084,-1.7227398600226387,-0.055466315844342064,-0.36223200150353957,-67.58473205566406,0.35174174030137884,-0.5137013277819857,-0.7825526780765512,-0.7825526780765512,141.4948940611574
2411,0.4820405068335866,-2.2106275954588797,-0.28780715040527977,-0.3866912132489873,-67.6084976196289,0.3399779041668213,-0.5208973186702258,-0.7829948965865008,-0.7829948965865008,141.53560914811615
2412,0.46749571565849724,-2.637019504867231,-0.4092368242998147,-0.22600324288835563,-67.5831069946289,0.34577229633290407,-0.5248982881926693,-0.777768157062936,-0.777768157062936,141.05668174356123
2413,0.4032360828578754,-2.5883752024413256,-0.34308874020466795,-0.21187131675462165,-67.46092987060547,0.3657766102493492,-0.5061546737800352,-0.7810345175503589,-0.7810345175503589,141.35539268261454
2414,0.40885413000974263,2.8390482975357663,-0.3902845842117427,0.12181807317754885,-67.59422302246094,0.34199117173531085,-0.5110177036265315,-0.7886082329239124,-0.7886082329239124,142.05563826481688
2415,0.47126513358737,-2.677520658502123,-0.4214228697071848,-0.2109350398176719,-67.55510711669922,0.3374832318864953,-0.5161908005900913,-0.7871798559297658,-0.7871798559297658,141.92274017637544
2416,0.46433290965779356,-2.180025643592119,-0.2657078216571261,-0.3807944386430788,-67.54736328125,0.3485692824897515,-0.5157450244189781,-0.782627960841962,-0.782627960841962,141.50182278077236
2417,0.3828643160715525,-1.6933070427965504,-0.0467877376746955,-0.37999472644264626,-67.5975112915039,0.34886984030993456,-0.5034737961700826,-0.7904454257519662,-0.7904454257519662,142.22715672233312
2418,0.37735528048493105,-1.8282350122302922,-0.09607634594650587,-0.3649196397282946,-67.80902862548828,0.35139856686970816,-0.5202872271782799,-0.7783445563740087,-0.7783445563740087,141.10925344760426
2419,0.3938988397404847,-1.950002966829101,-0.14581488557349218,-0.36591572129943994,-67.63810729980469,0.3457599661238083,-0.5215319578670249,-0.7800349112376002,-0.7800349112376002,141.26377195313398
2420,0.4538503349994539,1.0673449575911307,0.21896079240338537,0.39753779439092085,-67.65662384033203,-0.3568232540876889,0.503474472175162,0.7868866635102001,0.7868866635102001,38.104490171175335
2421,0.4508210808599232,-2.3401837407644477,-0.3136341188125156,-0.3238414526653532,-67.85084533691406,0.3512165864468635,-0.5200481346054527,-0.7785864416350967,-0.7785864416350967,141.1313329176728
2422,0.4557092143878462,-0.3080211699580999,0.4342614261491095,-0.13815897305976713,-67.63312530517578,-0.3638323928781634,0.5062113733099134,0.7819053877703117,0.7819053877703117,38.56463651701231
2423,0.44237573042743866,0.5018956849609281,0.3878184808445485,0.21282178644733826,-67.6336441040039,0.36157129094501994,-0.509568078069163,-0.7807730626611366,-0.7807730626611366,141.33141088373455
2424,0.4086376558297175,-1.462294127352885,0.044251138931368096,-0.40623462489709494,-67.72000122070312,0.35969108196741983,-0.5091014831459587,-0.7819450143147484,-0.7819450143147484,141.43900566260476
2425,0.42730540175447757,2.535516204884764,-0.35119777087104387,0.2434132948377415,-67.56385040283203,0.36753593853642735,-0.5074995089507252,-0.7793340633508332,-0.7793340633508332,141.19964324628336
2426,0.4138243599623842,0.9098862194937847,0.25402011421591725,0.3266869793426259,-67.6691665649414,0.35638750190723206,-0.5280141477182123,-0.7708365639315072,-0.7708365639315072,140.42907110712676
2427,0.39577701459482373,-2.629294514236558,-0.3449672820211739,-0.19400262785981837,-67.60604095458984,-0.35476314954648325,0.5058087150918384,0.7863209595712192,0.7863209595712192,38.15698354267424
2428,0.40085855906775464,0.24979729886384072,0.3884169319318497,0.09909526409735936,-67.73616027832031,0.3335834813717321,-0.5246484930245132,-0.7832407163337607,-0.7832407163337607,141.55825754409454
2429,0.43859900971836757,-0.2685637740321341,0.42287654612370407,-0.11638091795659403,-67.59915924072266,0.35139685746696203,-0.521061435312512,-0.7778272489392543,-0.7778272489392543,141.06206859465905
2430,0.35863512977196443,0.1982664241276997,0.35160929304553207,0.0706403662970042,-67.81105041503906,0.34025741133917675,-0.5227916923179403,-0.7816097110912238,-0.7816097110912238,141.4081962248818
2431,0.4488095520391553,0.0836437563220427,0.447240468979827,0.037496358600424856,-67.60443878173828,0.34729888639123596,-0.5119860438417628,-0.7856549970710224,-0.7856549970710224,141.78129812538913
2432,0.43443263933540505,0.30303024667304884,0.4146384134918362,0.12964067331242587,-67.59580993652344,0.3455516669090656,-0.512673521944285,-0.7859770387190768,-0.7859770387190768,141.81113290610762
2433,0.4325936962734539,-2.5728712987011284,-0.36449924567193404,-0.23297554798759537,-67.57548522949219,-0.35769832527662,0.5220791944611763,0.7742643106879398,0.7742643106879398,39.26162002136112
2434,0.41879540230874307,2.880869787634789,-0.4046417471957358,0.10795668307855792,-67.76348114013672,-0.34292757068368324,0.5250623927245212,0.7789160192288951,0.7789160192288951,38.83856598691331
2435,0.4119699135519133,-0.47441679622324834,0.3664716645757748,-0.18819598490677683,-67.73108673095703,0.3580012004830411,-0.5225069208773253,-0.7738356789965155,-0.7738356789965155,140.6995901509132
2436,0.44119447416881996,2.6951333416971623,-0.39794926781752304,0.1904965728841305,-67.7825698852539,0.333733094584872,-0.5207721300075876,-0.7857598934701143,-0.7857598934701143,141.79101383485659
2437,0.4414828937071952,-0.457852003754591,0.3960119341767249,-0.19514531361446502,-67.60105895996094,0.34362597614364093,-0.5215641375426631,-0.7809558495515019,-0.7809558495515019,141.348175585799
2438,0.3899327824483082,-2.5321232128561135,-0.3197261034617186,-0.22321020046822704,-67.7488784790039,0.31919951865840335,-0.5351920839950782,-0.7821004414506163,-0.7821004414506163,141.45329418293116
2439,0.35997620960423554,1.9679732544804143,-0.13924476346922687,0.33195446574407095,-67.64794158935547,0.3009386197362826,-0.5253606409625515,-0.7958845042332702,-0.7958845042332702,142.7388792919195
2440,0.41863451115059436,0.3950499768238326,0.3863901640674257,0.16111329876284244,-67.61824798583984,0.31441540600944134,-0.5070461991171638,-0.8025254540665709,-0.8025254540665709,143.37194671711552
2441,0.5143109756737093,-1.3373806147947276,0.11896113216712678,-0.5003638963114327,-67.68926239013672,0.3169931104195115,-0.525870328881922,-0.7892881382284817,-0.7892881382284817,142.11903658743964
2442,0.46085232049924163,2.917514846937918,-0.44933075428994534,0.10240475847715524,-67.53660583496094,0.33347303132483225,-0.5227658391256151,-0.7845454829532315,-0.7845454829532315,141.6786605146608
2443,0.39339960843310784,-2.206703554638917,-0.23364303837326644,-0.31650305296320747,-67.53939056396484,-0.3282021746143647,0.5154617706107859,0.791569640408976,0.791569640408976,37.66756028515704
2444,0.3932499025183008,-0.6828520110011596,0.3050739284700277,-0.24814387761642942,-67.57103729248047,0.33346002645370204,-0.511719229855794,-0.7918003792328528,-0.7918003792328528,142.35407946444954
2445,0.4134501171854202,-2.2138532617940054,-0.2479231308793646,-0.33087024734117626,-67.78065490722656,0.33191441353269646,-0.4936626453078414,-0.8038221287803108,-0.8038221287803108,143.4966546184741
2446,0.4109660592381744,3.011119245424342,-0.4074730173581595,0.05346813977306225,-67.607421875,0.33964489605158427,-0.4743474864412202,-0.812179664047928,-0.812179664047928,144.3094404384879
2447,0.42884721256383607,-3.122615230605385,-0.4287699918099677,-0.008137926459007638,-67.65373992919922,0.3333598353794015,-0.4962843199338526,-0.8016065705466815,-0.8016065705466815,143.2837935673472
2448,0.4625142686793731,-2.466051938338839,-0.3609317721329609,-0.28921912903017966,-67.62674713134766,0.3352096008730457,-0.5039919358837294,-0.7960066909559896,-0.7960066909559896,142.75044379777498
2449,0.4386670099790625,0.25285427182542003,0.42471841576952296,0.10974066224603155,-67.66271209716797,-0.33167158289799437,0.518426291730957,0.7881802719809903,0.7881802719809903,37.9842211994722
2450,0.4622376214385901,-2.985233706782364,-0.4565987034321078,-0.07198084951793368,-67.75337982177734,0.3445032131142238,-0.5136890776705844,-0.7857741836150639,-0.7857741836150639,141.79233757798758
2451,0.3802053832367959,-1.0769703915922992,0.1802166611346555,-0.33478065728431144,-67.91435241699219,0.3411988080033405,-0.4989941764984554,-0.7966104350545052,-0.7966104350545052,142.80763099165836
2452,0.3887759058452707,-2.1780204930071667,-0.22183166328964524,-0.3192763976994859,-67.64502716064453,0.3241559319053866,-0.49888792811381755,-0.8037622577558945,-0.8037622577558945,143.49088844200222
2453,0.37479475587757816,2.8731181097479124,-0.3613683566442474,0.09941840800158402,-67.67168426513672,0.3503213602392966,-0.49308008281967947,-0.7963334580981934,-0.7963334580981934,142.78138615131508
2454,0.47559125764439447,-2.3275678471160677,-0.3265303710777475,-0.3457816668240312,-67.64653015136719,0.34046880888065995,-0.5079847837459079,-0.7912221240979097,-0.7912221240979097,142.2998679990332
2455,0.45882536391381723,-1.3020777768490288,0.12181638771865826,-0.4423589970304937,-67.68170928955078,0.34527042028502614,-0.47811898709951284,-0.8075831666467159,-0.8075831666467159,143.86046790812318
2456,0.45882799553349046,2.7753873855311393,-0.4284044248652619,0.16429479066953057,-67.5940933227539,-0.3280841018904069,0.49444300831777377,0.8049142399115791,0.8049142399115791,36.39802618427898
2457,0.3923812260563671,-0.28967103985895476,0.3760337964691952,-0.11207859061596803,-67.49807739257812,0.33760492889747906,-0.49712299807314225,-0.7993069728026266,-0.7993069728026266,143.06397399866654
2458,0.4282420608253422,-0.24396441189956128,0.4155609539923207,-0.10344252595972535,-67.73128509521484,0.3244545984116847,-0.5036852329530849,-0.8006437407951861,-0.8006437407951861,143.1916191162148
2459,0.40291344221604014,-1.3112501711979039,0.10340448534648765,-0.3894184822637548,-67.81257629394531,0.32550616439051117,-0.49912763763813234,-0.8030674556284515,-0.8030674556284515,143.42402930555818
2460,0.3762505319568624,-2.5690387718410097,-0.3162461252079195,-0.20384516449697515,-67.66080474853516,0.310660214022754,-0.49873774981172786,-0.8091667864761078,-0.8091667864761078,144.01460390674407
2461,0.36604993065722113,-1.9868963950012475,-0.14795605562330652,-0.3348157065290537,-67.61456298828125,-0.32849688331290944,0.4969461732619235,0.803202526473887,0.803202526473887,36.56298139075736
2462,0.4138115204138143,-1.2748081953418695,0.12070267719179655,-0.39581667239509455,-67.67585754394531,0.3434939944294956,-0.4901673454737535,-0.801091660936552,-0.801091660936552,143.23447510600715
2463,0.47088790336982067,2.6349742478442373,-0.4117398301069197,0.22848573225378974,-67.6642837524414,0.3180455143970594,-0.4852145711003198,-0.8145022226880922,-0.8145022226880922,144.5381724938626
2464,0.4900684591462948,-1.3249253607294518,0.11928324582952196,-0.4753299926518391,-67.56410217285156,-0.3117769779030683,0.5063311874008977,0.8040048785391958,0.8040048785391958,36.48573990607763
2465,0.41354106084852044,2.5861775041472255,-0.35137823306740523,0.21805858463758748,-67.70698547363281,0.3183519858845736,-0.4890319954704947,-0.8120958813400635,-0.8120958813400635,144.30121305600673
2466,0.39793156802458024,2.533887093326105,-0.3266860071520215,0.2272130840457267,-67.58328247070312,0.32129539178499644,-0.4973521001033688,-0.8058598884052329,-0.8058598884052329,143.69338127829988
2467,0.4584469503640304,2.2176778486007325,-0.27630638825953696,0.3658256225376371,-67.77363586425781,0.2993936511973621,-0.49614487033611815,-0.8149869380927948,-0.8149869380927948,144.58607037778017
2468,0.32857150845752586,-2.0380126245653933,-0.14798948576188345,-0.29335703208545605,-67.61585235595703,-0.32055997690404076,0.4864556529592327,0.8127743837691291,0.8127743837691291,35.63211129936486
2469,0.41751657078487886,1.1499652084785377,0.17056353426594542,0.38108813633944894,-67.61067962646484,0.3301490909668287,-0.4958093148236594,-0.8032276769807363,-0.8032276769807363,143.43943768641375
2470,0.4818084693465921,2.856479624278019,-0.46235779759661,0.135516302103172,-67.60665130615234,0.33010508294427593,-0.48143934975273034,-0.8119401374017797,-0.8119401374017797,144.28592351610536
2471,0.4448523954175115,-1.2207563399353707,0.1525556207049045,-0.4178761016139106,-67.78816223144531,0.33798107498983143,-0.49023632536852935,-0.8033910244942244,-0.8033910244942244,143.4551524624114
2472,0.4019062900116076,-3.037397301597089,-0.3997265808572405,-0.04180103476080959,-67.79296875,-0.32358843243588997,0.4904024722221588,0.8091946253109189,0.8091946253109189,35.982681394959194
2473,0.3547896715593764,-0.7747117357223544,0.25354075568963935,-0.24817896012663276,-67.61544036865234,0.32387793949047455,-0.5027613640848485,-0.8014574792806833,-0.8014574792806833,143.26950763367572
2474,0.4863856427920367,-0.14797001744788313,0.48107061370507587,-0.07170814558782306,-67.56975555419922,0.3133276303492634,-0.5056679493319932,-0.8038194580116186,-0.8038194580116186,143.49639738011675
2475,0.4072008775559124,1.3956525875964862,0.07095462244607854,0.40097131597639196,-67.7656478881836,0.32260045530526826,-0.5031713028483066,-0.8017154022636532,-0.8017154022636532,143.29422484500193
2476,0.38162955453696684,-1.2734673923132007,0.11180501420902156,-0.3648845785913735,-67.63872528076172,-0.32449630266894264,0.48004141487246677,0.8150229380584489,0.8150229380584489,35.41036998494474
2477,0.3971029316489361,1.0702121831607323,0.19058482296449358,0.3483793386235359,-67.7649154663086,0.32776681354280107,-0.474844504479726,-0.8167567645911494,-0.8167567645911494,144.76143897018443
2478,0.47320617903252926,-0.7950784168903957,0.331352587762445,-0.3378306535199216,-67.45856475830078,0.33768716795621895,-0.4828326731500665,-0.8079851399230493,-0.8079851399230493,143.89953867969385
2479,0.357636794049871,-1.5679117577218689,0.0010316266048424252,-0.35763530614973965,-67.61357879638672,0.30920942526939993,-0.4927761133976787,-0.8133641456255898,-0.8133641456255898,144.42593197248104
2480,0.4570931155064091,2.580679666315924,-0.38705264221816926,0.24315502954964616,-67.821044921875,-0.31454819185764366,0.49351561564819824,0.8108648297407325,0.8108648297407325,35.8194861223137
2481,0.37756617664939784,-2.253047138262534,-0.23807118088612983,-0.29305004791183353,-67.72066497802734,-0.30889227688886656,0.49062663739257323,0.814782832391103,0.814782832391103,35.43410549369471
2482,0.4941624863661077,1.7358095294268472,-0.08117377590205883,0.4874498754101143,-67.72371673583984,0.3098040118525653,-0.5196116021776179,-0.796257029559215,-0.796257029559215,142.7741469817853
2483,0.4178539425086306,2.343771659513746,-0.2917741108037193,0.29911500386089784,-67.7254409790039,0.3118410721619759,-0.49206880970218475,-0.81278744591138,-0.81278744591138,144.36917336394868
2484,0.3016962330251857,-1.865612955807371,-0.0876621835684222,-0.2886796816431725,-67.73018646240234,0.31997675833097455,-0.4960591526707492,-0.8071803956858589,-0.8071803956858589,143.8213561617588
2485,0.40451822500619355,-2.6102126903785834,-0.3487386534991889,-0.20497889139551445,-67.6391830444336,-0.31547910556985526,0.4842979208643823,0.8160443969510978,0.8160443969510978,35.30923923956571
2486,0.5028209564521398,-2.884892822385962,-0.48634508416133637,-0.12766116621567916,-67.63744354248047,0.3290066108244128,-0.49351645258031535,-0.805106304202355,-0.805106304202355,143.6205229466265
2487,0.5399480887660748,-0.8170223434540531,0.36953792382977585,-0.39368218325664134,-67.57107543945312,-0.32448438789768785,0.4917211180728361,0.8080347913622674,0.8080347913622674,36.09563279266618
2488,0.4505432755819392,-1.0581589690887758,0.22098124297523702,-0.3926277288032806,-67.7314682006836,0.33268460347008133,-0.504192738134231,-0.7969382895975456,-0.7969382895975456,142.83871720713233
2489,0.37604460581094196,1.1058807776387678,0.16859858965940946,0.33613101779568755,-67.77667999267578,0.33132904887365855,-0.4861309574667734,-0.8086394459614958,-0.8086394459614958,143.96321381271687
2490,0.3731032591438568,-1.0162313417765072,0.19646630056950987,-0.31718612000574514,-67.59093475341797,-0.32151387150205096,0.502669349260122,0.8024664203230989,0.8024664203230989,36.633722169793394
2491,0.433533622651311,1.9526667437052319,-0.1615592566774993,0.40230586442529426,-67.6954116821289,0.33847306655626536,-0.5072476459883795,-0.7925501932718494,-0.7925501932718494,142.42447376981775
2492,0.4835645872639287,1.493024181623993,0.037569954850807635,0.482102902447436,-67.64755249023438,0.3404078073978379,-0.5066321194046335,-0.7921151559275746,-0.7921151559275746,142.38361777108443
2493,0.3894189987865264,0.8606353342057995,0.2538839956122282,0.29527965285110785,-67.64068603515625,0.35014326305801663,-0.4926386770972044,-0.7966848995449839,-0.7966848995449839,142.8146895469019
2494,0.3804737850225019,0.19535401093824906,0.3732367979530362,0.07385522150202661,-67.65109252929688,0.33384444688807646,-0.48010624765581267,-0.81120026888793,-0.81120026888793,144.21336723733185
2495,0.4049682292753821,-1.162688819511255,0.16072094420302233,-0.3717096243264727,-67.7431411743164,0.3350098892276731,-0.49179699823522016,-0.803681582871282,-0.803681582871282,143.48311988609206
2496,0.4384130542416479,-2.4289583647313027,-0.3317217864007106,-0.28664727899739684,-67.58116149902344,0.323283070269602,-0.5117809317337854,-0.7959700587275618,-0.7959700587275618,142.7469763753535
2497,0.44030011264937774,2.789119624750947,-0.41323127407966276,0.15200033987315095,-67.51631927490234,0.33780842012126383,-0.49834611950496827,-0.7984589009269768,-0.7984589009269768,142.98318920698355
2498,0.4461563769852216,0.6902077106027025,0.3440373315948592,0.28406658936535994,-67.62074279785156,0.3541569076798094,-0.4818841569227742,-0.8014739821413432,-0.8014739821413432,143.2710887037619
2499,0.44172642401961554,-1.599708665091552,-0.01276956456953826,-0.4415418121739566,-67.7834701538086,0.33864825876489946,-0.4728083998207975,-0.8134922088713564,-0.8134922088713564,144.43854658561986
2500,0.43170273045833524,2.103275439140069,-0.21916286240550478,0.371933982350911,-67.7154769897461,0.3181300099684298,-0.4949172108991017,-0.8086100735913083,-0.8086100735913083,143.96035329583356
2501,0.4327311534906176,1.601901044502815,-0.013457810048134749,0.43252183592279914,-67.66546630859375,0.3293578182603511,-0.5078306380455688,-0.796009717662424,-0.796009717662424,142.75073030291895
2502,0.42854558598635356,-0.26558394004734387,0.41352051934500184,-0.11248155114963126,-67.5150146484375,0.32642788046911364,-0.5024047900726095,-0.8006461551550343,-0.8006461551550343,143.19185000187784
2503,0.3602807851789547,-1.699759212354017,-0.046334166151141117,-0.35728894359641544,-67.60824584960938,0.3112070971296922,-0.4950798121406579,-0.8112004205539352,-0.8112004205539352,144.21338209761333
2504,0.39838212732558337,-2.952392058684478,-0.391272956867515,-0.07492524672371141,-67.70746612548828,0.32821901897460243,-0.4828519352541492,-0.8118659274810544,-0.8118659274810544,144.27864024914055
2505,0.4402882498527268,2.8106949223771887,-0.41640307847929775,0.14304621348131166,-67.73057556152344,0.3219079533854948,-0.4920712924533371,-0.808851724786728,-0.808851724786728,143.98389306575152
2506,0.47093538265212165,2.7495619966006197,-0.43520792690743126,0.17992830514023134,-67.81034088134766,0.3206152077675645,-0.49392290627519436,-0.8082363832473932,-0.8082363832473932,143.9239774506055
2507,0.4252543778085472,0.5176508591936809,0.36953926108915863,0.21043293553769868,-67.78318786621094,0.323208470140308,-0.4843506751341889,-0.8129826002606803,-0.8129826002606803,144.3883716065408
2508,0.39801270211581286,-1.710182306580173,-0.0552979249133437,-0.3941525726743503,-67.6969985961914,0.32266400337131734,-0.49267691629977794,-0.8081815372017206,-0.8081815372017206,143.918641282667
2509,0.39102882119957205,2.921597826802579,-0.38160447066962316,0.0853320981441543,-67.69828033447266,0.3265837230707304,-0.5068081758816312,-0.7978023218096035,-0.7978023218096035,142.92074905065715
2510,0.40001116815979426,1.6033240807792588,-0.013009170516515043,0.3997995699535399,-67.6126937866211,0.32218083031477257,-0.5126464838282894,-0.7958599721032434,-0.7958599721032434,142.73655778952917
2511,0.43491046583596876,1.0958333008842838,0.1988869767722654,0.3867700657548975,-67.66765594482422,0.32512102998373715,-0.5022191905891016,-0.8012940786417566,-0.8012940786417566,143.2538560557289
2512,0.4959743628167839,0.5228041873263727,0.42972330991518926,0.24764580652021756,-67.69881439208984,0.3203414404192654,-0.5028482275290318,-0.8028231571280324,-0.8028231571280324,143.4005460240042
2513,0.43792865550486376,3.1386343155705734,-0.4379267391821764,0.001295539101575238,-67.72274780273438,-0.32239179261057277,0.5028748924862769,0.8019852707900919,0.8019852707900919,36.67989786060665
2514,0.4158665449836217,-0.7706105605282653,0.2983782172606173,-0.2896815884742944,-67.7461166381836,0.31619358266638836,-0.513493073501682,-0.7977132829196153,-0.7977132829196153,142.9122884559165
2515,0.35471684739609827,2.6354981509753803,-0.3102511119013459,0.171954323558919,-67.60234832763672,-0.31169760881840414,0.511475126583241,0.8007732485189217,0.8007732485189217,36.79599428109499
2516,0.47637697779854826,-0.6740942541821631,0.3721802938158616,-0.2973497164478512,-67.5877456665039,0.3351631558687462,-0.503494037498011,-0.7963412667644784,-0.7963412667644784,142.7821258415102
2517,0.4565977375928695,-0.6945416070129505,0.3508255791804901,-0.2922377576008968,-67.6854248046875,0.3277225028876919,-0.48907463123969164,-0.8083340684264065,-0.8083340684264065,143.93348328084758
2518,0.37196070655245667,-1.7942068072428112,-0.08241035938811912,-0.3627165558456408,-67.83615112304688,0.3235945669621187,-0.4960789110680191,-0.8057246863700822,-0.8057246863700822,143.68030034491332
2519,0.3455668344061505,2.8786917850665423,-0.3336932119528323,0.08980688914604475,-67.74761962890625,0.32874245499223914,-0.4848932882127029,-0.8104362389059045,-0.8104362389059045,144.13857505671183
2520,0.4153889410589318,-2.717107129241967,-0.3785234805003972,-0.17107877444009856,-67.57132720947266,-0.3146534604350288,0.48129127581875564,0.8181392959985582,0.8181392959985582,35.10103841843538
2521,0.4113255592120926,-1.8627636297371564,-0.11839464363304665,-0.3939180422627841,-67.6478042602539,0.3146011215841119,-0.49567502191212504,-0.8095260384635156,-0.8095260384635156,144.04964991059802
2522,0.4020209350794886,-1.4989541137489026,0.028857235219388537,-0.40098390518533195,-67.7832260131836,-0.3237473220034147,0.5012046107909086,0.8024846475899408,0.8024846475899408,36.63197192398357
2523,0.4254107833794049,2.6617380783779314,-0.37736576905773733,0.19639096455524988,-67.70654296875,-0.3300235289350885,0.4916647144228903,0.8058227341920112,0.8058227341920112,36.310213834281484
2524,0.4631270271779508,-2.965499999701872,-0.4559650970695832,-0.08113244453985045,-67.77266693115234,0.3299146767999517,-0.49193282524476667,-0.8057036685275085,-0.8057036685275085,143.6782672122938
2525,0.4209959086988288,-1.7720162821325416,-0.08414227156018875,-0.4125016766970094,-67.64935302734375,-0.31834355537896786,0.4723491146782918,0.8219146516587424,0.8219146516587424,34.72308043897426
2526,0.45223292647859326,-2.8150307523599336,-0.42833279705756705,-0.1450711368819925,-67.7008056640625,-0.322362847576884,0.48323563889202226,0.8139812723931318,0.8139812723931318,35.51324339933024
2527,0.4636233909954361,-0.6514162865842109,0.3686853204972255,-0.28110101943601185,-67.62628936767578,0.3110291321395461,-0.5040656519008597,-0.8057162636649966,-0.8057162636649966,143.67948557412657
2528,0.36630827181578507,0.21736418226781024,0.35768877155729023,0.07899678919110394,-67.60541534423828,0.30907891226809475,-0.491728666685298,-0.8140473845858547,-0.8140473845858547,144.49327804956653
2529,0.37465145197218525,0.9320639994282026,0.22335901588137466,0.30078972803167736,-67.60772705078125,0.32986129118285734,-0.5018662245142346,-0.799576025948131,-0.799576025948131,143.08963486567836
2530,0.49066988297011815,1.380763600457625,0.09268314070153907,0.4818368701994568,-67.57594299316406,0.3072576990707968,-0.5122715737633668,-0.8019791400502404,-0.8019791400502404,143.31951409764292
2531,0.38625437682670805,2.8575774155640263,-0.3707802773354494,0.10823321836125842,-67.70777130126953,0.3204788458683173,-0.5094359407433634,-0.7986039892398709,-0.7986039892398709,142.99699916684705
2532,0.389856469616952,-0.939555679135726,0.23007254087487927,-0.31472955507478223,-67.57099914550781,-0.3028431019984441,0.5273093477764267,0.7938708379324432,0.7938708379324432,37.45126682597824
2533,0.44520160032079775,-2.624974416567464,-0.3871003629063394,-0.2199040108001209,-67.70260620117188,-0.3323308522708896,0.48472836679995085,0.809070216389379,0.809070216389379,35.99481173296129
2534,0.4525739756713162,-0.642984472988709,0.3621994217637733,-0.27135729643576817,-67.5488052368164,0.3356995382620082,-0.5078129534046477,-0.7933673955773098,-0.7933673955773098,142.50132288389108
2535,0.4535127516333819,2.9718728247875563,-0.44699673858007927,0.07660112004960383,-67.67943572998047,-0.31480618562522683,0.5120876335313644,0.7991641390079652,0.7991641390079652,36.94964252359251
2536,0.42086251418847426,-2.3308523081413943,-0.289958288476009,-0.3050400740773369,-67.76657104492188,-0.32192968686409335,0.5011600752409413,0.8032433352976426,0.8032433352976426,36.559056163956164
2537,0.3983420373892591,0.8539227882495761,0.26172305183409056,0.30029555922470086,-67.79002380371094,0.30952893159036154,-0.5057399022205223,-0.8052446782255105,-0.8052446782255105,143.63389184733134
2538,0.3924364550038124,-2.368103288292003,-0.2807793492992641,-0.2741702540813666,-67.7138671875,-0.3211535665947003,0.5080105809640312,0.7992406623114787,0.7992406623114787,36.942347997611634
2539,0.3926892757134092,0.13550518609857187,0.3890895762190862,0.0530487411535262,-67.5878677368164,0.3213564981411451,-0.512470008984172,-0.7963067819592038,-0.7963067819592038,142.77885930009376
2540,0.4240578903047653,2.909925995138105,-0.4127292186288081,0.09736368121523481,-67.50674438476562,-0.32632786862656,0.5108090142018445,0.795351666351298,0.795351666351298,37.3115159570364
2541,0.4152195422307907,0.32150261736432734,0.3939443877420305,0.1312062788775907,-67.57079315185547,0.33628842766949846,-0.5111452529338297,-0.7909744773497991,-0.7909744773497991,142.27667138573742
2542,0.40037727014579827,-2.101533786338308,-0.20265875823257545,-0.3452989808282556,-67.68745422363281,-0.32971902486763766,0.5138052074613617,0.7920161446750447,0.7920161446750447,37.62567546805483
2543,0.35955203505193906,-2.9862808595165733,-0.35522423231214906,-0.055618438383643866,-67.68704223632812,-0.32761947309539385,0.50929289005246,0.7957928329601301,0.7957928329601301,37.26979502916866
2544,0.39772544159569084,-0.5959644923565941,0.32916056131803195,-0.22324616853439036,-67.6825180053711,0.317470325422353,-0.5060583717939796,-0.8019460809888977,-0.8019460809888977,143.31634331357782
2545,0.4807078078753193,-3.099196945083327,-0.48027586140987427,-0.02037384350823733,-67.4652099609375,-0.3201140284237436,0.5293197941925781,0.7857146837639282,0.7857146837639282,38.21317383306982
2546,0.4398071217801482,2.2693280328428247,-0.28283731240131205,0.33679869222154163,-67.62923431396484,0.32792813958658135,-0.5342138464000207,-0.779152553471898,-0.779152553471898,141.18304935275862
2547,0.46447785031993777,-1.527045472942504,0.02031482020722022,-0.46403338405526257,-67.6839828491211,0.3331469181917029,-0.5243333535864912,-0.783637457767375,-0.783637457767375,141.59483479455233
2548,0.49990002010104484,1.1331289879689377,0.21187154027127597,0.45278083055723783,-67.53147888183594,0.3226576338789884,-0.514974704553454,-0.7941618883890712,-0.7941618883890712,142.5761654209853
2549,0.46846658932852453,2.716177584516988,-0.4267109970873781,0.19333564151960198,-67.6573486328125,0.29713007643537526,-0.5290510235526533,-0.7948702612095877,-0.7948702612095877,142.6430032092044
2550,0.3693354850833299,-1.9738092531743336,-0.1448502968295709,-0.3397456284488791,-67.65261840820312,0.3022390068520246,-0.5204894026283478,-0.798587731241025,-0.798587731241025,142.99545145990834
2551,0.3455989337528524,-2.95309882256131,-0.3394775384056285,-0.06475819584549476,-67.61018371582031,-0.296186952346717,0.5110176708925699,0.8069288873841962,0.8069288873841962,36.20304846491385
2552,0.3931460593903589,-2.972718027517422,-0.38755337434222475,-0.06607727332542564,-67.72211456298828,0.31260529430698075,-0.5205722713377542,-0.7945328440571212,-0.7945328440571212,142.61115383737865
2553,0.4242652701962161,-2.1013894579899555,-0.2146973229157288,-0.36593179559514577,-67.71033477783203,0.31051789214222,-0.5073237747056372,-0.803866423156221,-0.803866423156221,143.50092111312884
2554,0.4550877752059153,-2.6655838957500917,-0.4044960884148731,-0.20853728107687813,-67.688720703125,-0.3159005319673778,0.5019615650267201,0.8051344242663171,0.8051344242663171,36.37676059768936
2555,0.4876401661721674,2.3760346833815227,-0.35158652642333704,0.33790508445714623,-67.56967163085938,0.3033381850677543,-0.5146874118029927,-0.8019244438295529,-0.8019244438295529,143.31426816258514
2556,0.49195988091332976,-2.4605902208628128,-0.38222429648781636,-0.3097242509114381,-67.58380889892578,0.30761554881525993,-0.5214682244634152,-0.7958916791888577,-0.7958916791888577,142.73955828921225
2557,0.47144207961651097,-2.5528765642796283,-0.39207683832245316,-0.2617888219237208,-67.61205291748047,0.29196118439288754,-0.5018347885000112,-0.8141993072086536,-0.8141993072086536,144.50826796770517
2558,0.3834059480696853,2.9923386022209506,-0.379143346559282,0.057012663286698254,-67.67080688476562,0.29136792401782147,-0.5141857228344198,-0.8066707973434952,-0.8066707973434952,143.77192301672042
2559,0.40711795151271823,-2.8963064264552636,-0.3949320395974587,-0.09886207838854738,-67.77137756347656,0.31534092416782944,-0.5066240942784718,-0.8024288931995767,-0.8024288931995767,143.3626745711564
2560,0.38126961637790846,3.0140969513216564,-0.3781750135409679,0.04847865000437051,-67.60623931884766,0.3018520415134032,-0.5113956678495046,-0.8045867361192016,-0.8045867361192016,143.57036301920667
2561,0.40960086970816806,-2.1592013760918247,-0.2273428213399446,-0.3407170586437986,-67.65534973144531,-0.3185119088726696,0.5116951316863019,0.797946273952593,0.797946273952593,37.06556892556947
2562,0.3892626514243576,-0.4333518671995177,0.35328051619233647,-0.16345729923376706,-67.80760955810547,0.31136003156490477,-0.49767459258932195,-0.8095523025938188,-0.8095523025938188,144.05221320699488
2563,0.4086809590278622,-2.389477815749506,-0.2984375041141268,-0.2792045529894951,-67.43990325927734,0.3054289882022904,-0.4888099003824705,-0.8171768562886523,-0.8171768562886523,144.803176657116
2564,0.39811897636397975,1.1725935013937483,0.15437557250693199,0.3669698924356875,-67.72875213623047,0.31594266747234495,-0.49586190975349814,-0.8088888658685277,-0.8088888658685277,143.9875122390091
2565,0.41692736872923963,-1.468331950405424,0.04264548920032045,-0.41474063346428053,-67.5987777709961,0.2987262727037287,-0.5109125007601386,-0.806058949806749,-0.806058949806749,143.71264807108727
2566,0.46015806368932033,2.617783352007673,-0.39846012646584406,0.23016292315472564,-67.70479583740234,0.3078731739713722,-0.5020433282425303,-0.8081872340713854,-0.8081872340713854,143.91919551974985
2567,0.4884389352734531,-3.0744401766689906,-0.48733805232759436,-0.03277523828458649,-67.6793212890625,-0.3054045013009665,0.4998649225645258,0.8104709432019562,0.8104709432019562,35.858030610700986
2568,0.4815111890412419,-1.418832404560372,0.0728910253816056,-0.47596210310352305,-67.83230590820312,0.30269687279847607,-0.5060428741127334,-0.8076479510020115,-0.8076479510020115,143.86676231433154
2569,0.4081336889783908,-1.1044969080013771,0.18349032380935643,-0.3645605699296721,-67.6194076538086,-0.3006037881453161,0.5076006172791644,0.8074521508365046,0.8074521508365046,36.15225861070931
2570,0.49568546593684837,-2.935841463371445,-0.4852303643121207,-0.10126981134848181,-67.71691131591797,0.32356816083339046,-0.5133039708336289,-0.7948727437906815,-0.7948727437906815,142.64323763014033
2571,0.49220415437452464,-2.231538106449503,-0.3020670103224973,-0.38861349803933626,-67.71232604980469,0.30649248703708953,-0.5050972708505721,-0.8068079711859095,-0.8068079711859095,143.78522371701297
2572,0.4466146231481124,0.7562726721872193,0.324866943531058,0.30647363770888825,-67.68792724609375,0.31960151733864883,-0.5045940859501885,-0.8020222431696812,-0.8020222431696812,143.32364858836397
2573,0.38435702587013065,-2.0621080531210323,-0.18133305776892528,-0.33889326563964633,-67.75160217285156,0.30616948428506846,-0.5053627298226256,-0.8067643758860695,-0.8067643758860695,143.78099615660403
2574,0.3269425519280028,2.458234519066959,-0.2535298142448431,0.206431745499984,-67.6201171875,0.3155644919469806,-0.5071075585228165,-0.8020355201057322,-0.8020355201057322,143.32492220494385
2575,0.5086695886503798,0.7292859920988434,0.3792896631928665,0.3389455735258811,-67.54300689697266,0.2984076151269429,-0.5113141263053386,-0.8059223036216696,-0.8059223036216696,143.69942138495696
2576,0.4468186246801138,-2.438467502211489,-0.3408444968287602,-0.28891506077492335,-67.66109466552734,0.32063571431416354,-0.5262902699022952,-0.7875349455817281,-0.7875349455817281,141.95574138506512
2577,0.3043272094384174,2.030953981093613,-0.13514847809737823,0.27267185273243155,-67.6225814819336,0.318776432288928,-0.5223059472234777,-0.7909349427810914,-0.7909349427810914,142.27296937952624
2578,0.3783321708081754,-1.132000544299606,0.16073428607765558,-0.34249046811193556,-67.66152954101562,0.31896417215042044,-0.5281706942997829,-0.7869546203989671,-0.7869546203989671,141.90181987879618
2579,0.414419331792826,-2.013603355544633,-0.17756933751689882,-0.3744496133492757,-67.71360778808594,-0.30765698096473315,0.5116685308655081,0.8022110050264821,0.8022110050264821,36.65824048034991
2580,0.4473890747072035,-2.5013595438952514,-0.35878658724818496,-0.2672623598230179,-67.78362274169922,0.308967949529131,-0.5351466691826523,-0.7862295139629887,-0.7862295139629887,141.8345366911607
2581,0.46704372408605027,1.042742708704096,0.2353213967424195,0.4034274165737418,-67.71237182617188,0.32158738712795004,-0.5301141033096022,-0.7845766947293773,-0.7845766947293773,141.68154463471123
2582,0.42949695969789076,-1.4716197482732631,0.042526244220166494,-0.4273864257814681,-67.58395385742188,0.32443197005579066,-0.523379978373722,-0.7879195993521426,-0.7879195993521426,141.9915176448095
2583,0.39006405181682674,-3.128566388718904,-0.3900309585530938,-0.005080933960892586,-67.54867553710938,0.3095018131630235,-0.5293897884010972,-0.7899082728934053,-0.7899082728934053,142.17694028052657
2584,0.34924563187899543,2.2810459603724196,-0.2277162067410463,0.26479773521317707,-67.67194366455078,0.3040911072381154,-0.5268146989622932,-0.7937221626337302,-0.7937221626337302,142.53472676332476
2585,0.39820027213346154,2.24480803411795,-0.24852692193095943,0.3111234896350413,-67.58767700195312,0.2908076717640548,-0.5349573626673424,-0.7932537539597097,-0.7932537539597097,142.49062807176756
2586,0.5060075506901938,2.611329301899698,-0.43651951099707786,0.2559186547994519,-67.53109741210938,0.2966517862551599,-0.5156726771990875,-0.8037906491754857,-0.8037906491754857,143.49362272098145
2587,0.3620963195216202,3.064711457095705,-0.3610267218337066,0.027810982239228524,-67.65060424804688,0.3041065224023588,-0.5317479996028698,-0.7904196910190752,-0.7904196910190752,142.22474958200803
2588,0.38740519836727766,2.998463840321874,-0.38344380422907265,0.0552597205958042,-67.75393676757812,0.30554715276193145,-0.5370158058883041,-0.7862919061425041,-0.7862919061425041,141.84032215503836
2589,0.46366924226373735,2.0839511110058533,-0.22762827570242647,0.4039486778319351,-67.78868103027344,0.30752060784747853,-0.519638995463418,-0.7971238235951095,-0.7971238235951095,142.85631886431838
2590,0.3070168336496208,0.8346023356817615,0.20615333527519092,0.22750854599147183,-67.66033172607422,0.3099027157014254,-0.5128097062621445,-0.8006163325614927,-0.8006163325614927,143.1889981491021
2591,0.48630485131783535,-1.073950239724711,0.2317998041235808,-0.4275058587008271,-67.66574096679688,0.3078056182653023,-0.5181113135451622,-0.7980077494240403,-0.7980077494240403,142.94027536820943
2592,0.46021604342362604,2.292900505972328,-0.30418676388639526,0.3453537596448304,-67.6102066040039,0.2970628518681615,-0.5098612884947819,-0.8073382986916919,-0.8073382986916919,143.83668524334456
2593,0.3495714413727108,0.5074775644449461,0.30551604519806125,0.16988272057490356,-67.66294860839844,0.3108168265700651,-0.5097834009261387,-0.8021931092081843,-0.8021931092081843,143.34004215876047
2594,0.4226973625988597,2.5728785834463257,-0.3561623493966638,0.22764323231820582,-67.6506118774414,-0.3076333681791697,0.5148756709982564,0.8001654542635759,0.8001654542635759,36.854095021643204
2595,0.44819886557182737,-2.7452747850581645,-0.41345836033176453,-0.17301562753590133,-67.65731811523438,0.30745738307505116,-0.5146455165112678,-0.8003811279181261,-0.8003811279181261,143.16651281735213
2596,0.5074435267622536,-0.9381793898124502,0.30002968713154055,-0.4092445719770317,-67.7027587890625,-0.30258963158399727,0.5105143259030481,0.8048693297086287,0.8048693297086287,36.40236233419206
2597,0.45609450176622013,0.5004784757893691,0.40015591039042814,0.21885484212368758,-67.57239532470703,0.29786686905429904,-0.5080290044851214,-0.8081966709419469,-0.8081966709419469,143.9201136302459
2598,0.41920528918136746,-1.6781313105840172,-0.044909045528773874,-0.41679281676551055,-67.7264404296875,0.2984424601654662,-0.5128975830980858,-0.8049025824424509,-0.8049025824424509,143.60084822617935
2599,0.43210212546592014,1.8424600611422197,-0.11594791881935214,0.41625512243530016,-67.6240234375,0.3077634160019589,-0.5132262250124249,-0.801174463977916,-0.801174463977916,143.24240221320616
2600,0.4071825323411939,-0.9714144335496138,0.2297047859338046,-0.3362042920054597,-67.6200942993164,0.3059910028812768,-0.5109470275706084,-0.8033073142779609,-0.8033073142779609,143.44709843146464
2601,0.42605951790638463,1.7358793787748574,-0.07001617321428341,0.42026711540048944,-67.57575988769531,0.2938691364909741,-0.5106151739821383,-0.8080303674474371,-0.8080303674474371,143.90393696563567
2602,0.3864393667856691,-1.5151189107962397,0.02150483062481209,-0.3858405453830728,-67.6388931274414,0.31310448186175716,-0.5081527052916075,-0.8023380905471841,-0.8023380905471841,143.3539571915383
2603,0.4393352750187126,1.6658209826579506,-0.041684883603759014,0.437353237503404,-67.65776062011719,0.31180166371268536,-0.5101748590288396,-0.8015618102934453,-0.8015618102934453,143.2795041357138
2604,0.4496390054803837,-1.3117757230391123,0.11516781456144357,-0.4346396320384618,-67.76783752441406,0.3168168251014038,-0.5118960232541122,-0.7984920542555775,-0.7984920542555775,142.9863444554212
2605,0.41898566645496166,0.8253412793411949,0.2842005920810927,0.3078620018051347,-67.58546447753906,0.32079166686928623,-0.513410003432854,-0.7959289383118959,-0.7959289383118959,142.74308445238685
2606,0.4490189947346125,-2.3054082352380414,-0.30097707605043966,-0.33321293090846554,-67.56865692138672,0.3127010641589616,-0.5085095803331846,-0.8022693133750173,-0.8022693133750173,143.34735552332864
2607,0.46860264125460943,1.2374064323121654,0.15334934468206496,0.4428006480080821,-67.47508239746094,0.32793838883925297,-0.4973758892621983,-0.8031647638599148,-0.8031647638599148,143.43338670733783
2608,0.45428418470434256,-0.07638298819707871,0.45295959996187496,-0.0346658517112657,-67.60523223876953,0.33142165535568413,-0.4918704865595841,-0.8051230407912422,-0.8051230407912422,143.62213971427775
2609,0.312759010227635,2.886721974260878,-0.3026556144319764,0.07885288537125801,-67.75109100341797,-0.3441870713817979,0.49898658762535614,0.7953286397858585,0.7953286397858585,37.31369247423386
2610,0.41736006032155915,0.7185385729726297,0.314175535172944,0.2747419754067619,-67.60753631591797,0.3278009173060361,-0.5235757328794688,-0.7863936740291396,-0.7863936740291396,141.84976042106095
2611,0.4223362982760094,1.3220477800869843,0.10397548733909419,0.4093373265096652,-67.63558197021484,0.31530217881907585,-0.5173007929159352,-0.7956031835535151,-0.7956031835535151,142.71226502279353
2612,0.43265398303034136,0.48772515153709217,0.3822070379544548,0.2027492272984064,-67.66461181640625,0.32245569234759824,-0.5049113166298997,-0.8006790173419635,-0.8006790173419635,143.19499274232024
2613,0.4796228074537136,-0.9171539710181983,0.2916499985543182,-0.38076018144371165,-67.70819091796875,0.3293186243478624,-0.5000607770706834,-0.8009297490373897,-0.8009297490373897,143.21897879214637
2614,0.43413952757151725,-1.2461074034487727,0.13849657786919956,-0.4114557416278705,-67.69734191894531,0.33904416394252873,-0.5075369791660442,-0.792120741854118,-0.792120741854118,142.38414212686655
2615,0.4296240540510967,-1.5939598563660284,-0.009950719583167442,-0.4295088020041927,-67.73050689697266,0.3386170717226462,-0.5011910326438597,-0.7963328622726568,-0.7963328622726568,142.78132971116767
2616,0.46333584997609806,-2.4442850946530084,-0.35518118392805337,-0.2975339248834317,-67.82372283935547,0.32283787716796053,-0.5190303233635127,-0.7914437620544192,-0.7914437620544192,142.32063872530182
2617,0.4803979738968119,2.821985429555759,-0.4560700916013059,0.15093801665232778,-67.65171813964844,0.3401937416902271,-0.5161414916419934,-0.786044641684161,-0.786044641684161,141.81739832981833
2618,0.4072551293114413,1.4553454043808574,0.0469136001438422,0.40454400807825897,-67.77679443359375,0.3297060753988184,-0.5220502589169321,-0.7866113595733746,-0.7866113595733746,141.86995589453667
2619,0.3605252316541409,0.5402905094032421,0.3091717594608124,0.18544882262008971,-67.73773956298828,0.3191011159826554,-0.507690552287205,-0.8002654440227547,-0.8002654440227547,143.1554578724929
2620,0.38838884497317366,0.689822135445895,0.2995873165925382,0.2471706589311891,-67.81884765625,0.3135421427206997,-0.5021971034059248,-0.8059090482609134,-0.8059090482609134,143.69813855166908
2621,0.45309109386313084,2.7513683804818765,-0.41902941383358255,0.17235396624497115,-67.6901626586914,0.3171984506218329,-0.4966660247980731,-0.8079034612714495,-0.8079034612714495,143.89159676768364
2622,0.45912977563846485,-2.3363232924643387,-0.3181388479241025,-0.33104051763998904,-67.63272094726562,0.29947194292570795,-0.5126968209582211,-0.8046480753594304,-0.8046480753594304,143.57628170819012
2623,0.35813165568148825,-1.4613442771349472,0.03912002642723669,-0.3559886323093707,-67.80476379394531,0.3215150836197625,-0.522092794538125,-0.7899665593532099,-0.7899665593532099,142.18238652379992
2624,0.34297238299511507,-2.659514360445276,-0.30388495072825833,-0.1590094092128887,-67.5538101196289,-0.3273592751353198,0.5238415486578684,0.786400621110261,0.786400621110261,38.14959521315631
2625,0.43326048878396545,-2.9529393989510946,-0.42557344659499813,-0.08125203194120717,-67.70161437988281,0.32276609217908986,-0.534791529409458,-0.7809097705953821,-0.7809097705953821,141.3439487748014
2626,0.45713248002251633,0.8474531519211421,0.30257342877024573,0.34266517840853533,-67.68082427978516,0.3238394193544149,-0.5349534817322823,-0.780354280346244,-0.780354280346244,141.29302442990908
2627,0.4252707975955283,-1.6894169143955728,-0.05032765243922655,-0.4222823447499235,-67.72677612304688,0.30190520771522955,-0.5374052845644133,-0.7874317784269735,-0.7874317784269735,141.94615076655361
2628,0.41503436038961866,2.8386703106645945,-0.39613734777193377,0.12380921615226334,-67.70222473144531,0.31275697798480995,-0.5253802305175502,-0.7913018931502281,-0.7913018931502281,142.30734240632108
2629,0.394086384980195,-2.5574732803770517,-0.3287460915643498,-0.21732484006188207,-67.56434631347656,-0.31125882800303095,0.5293014143744491,0.7892768555655155,0.7892768555655155,37.88201620918788
2630,0.40634021057712094,0.3914911359252532,0.37559696502167367,0.15504607895192524,-67.72132873535156,0.2949555485305041,-0.5187136517399809,-0.8024570841419767,-0.8024570841419767,143.36538136534082
2631,0.4202676716805974,-0.6384830266394161,0.33747526153562446,-0.2504702850864595,-67.7339859008789,0.2997140242663978,-0.5370114294716996,-0.7885367640603722,-0.7885367640603722,142.0489793187571
2632,0.3225346544825195,-1.0187002515643284,0.1691607291082696,-0.2746147320697068,-67.59851837158203,-0.2950362992229072,0.5232571343462525,0.7994720467262124,0.7994720467262124,36.92028393626082
2633,0.5187164640683652,3.0107710414323843,-0.5142840578519153,0.06766592890779999,-67.62606811523438,0.3056936370934249,-0.5193451235102509,-0.7980175705626512,-0.7980175705626512,142.94120910834187
2634,0.36385595090141515,2.368608474578945,-0.2604590358667717,0.2540713357341295,-67.57540130615234,0.2970400399377054,-0.5050494434537663,-0.8103655189732886,-0.8103655189732886,144.1316589937768
2635,0.366481391155467,3.127511615093377,-0.36644505958864726,0.005160268047222965,-67.76210021972656,0.27746176313575066,-0.5265100995588473,-0.803618121410993,-0.803618121410993,143.47700988956439
2636,0.4284494548920867,-3.0910117270504216,-0.42790149273674094,-0.021662130804588065,-67.6599349975586,0.30201561802078286,-0.5310303776306048,-0.7917027879861368,-0.7917027879861368,142.3449256153459
2637,0.528864984289607,2.5025247492442775,-0.42449456521379214,0.31544022525923965,-67.54019927978516,0.2753149821236379,-0.519953362069061,-0.8086100184213285,-0.8086100184213285,143.96034792312332
2638,0.3950221968169614,-2.017387806478821,-0.17060764600165065,-0.3562801806217596,-67.79483795166016,-0.2683724727518548,0.5367588742385949,0.7999163248710277,0.7999163248710277,36.877887289356785
2639,0.32263455235928606,-0.32276838458287327,0.30597400752373616,-0.10233748626940928,-67.72732543945312,0.2606265199442605,-0.5267527004793531,-0.809076887347212,-0.809076887347212,144.00583862081908
2640,0.5199948263772488,0.15753451030383678,0.5135557719776738,0.08157872594935955,-67.62273406982422,0.2641377652145194,-0.5355788635036035,-0.8021137836714115,-0.8021137836714115,143.33243056632313
2641,0.3805595479958737,-1.8101553111335946,-0.09022303281851944,-0.36970985099108744,-67.60579681396484,-0.2658784110608084,0.531233913542706,0.8044247631903687,0.8044247631903687,36.44526194196827
2642,0.35693120844015896,2.5610554301931656,-0.2984544967966282,0.1957672109941388,-67.69841766357422,0.27984485184742475,-0.5280726178792254,-0.8017644099987693,-0.8017644099987693,143.29892295913163
2643,0.5087723012333489,-0.8620022403728325,0.33116944480393434,-0.38623315928404106,-67.62004852294922,-0.27626236314194175,0.5131374819969436,0.8126309317771915,0.8126309317771915,35.64621717757762
2644,0.39655377158286037,2.9729742914060067,-0.39092967740495105,0.06654983907307571,-67.81585693359375,0.28816814641308497,-0.518687958247239,-0.8049359734551298,-0.8049359734551298,143.60407238297688
2645,0.36755118326184716,-0.9102089045396974,0.22552235097155174,-0.29023015268825564,-67.603515625,-0.2671294276285047,0.5347942135137885,0.8016464420722117,0.8016464420722117,36.71238513134362
2646,0.4510774212731065,-2.9732930984936874,-0.44470416062072693,-0.07555825242162696,-67.732177734375,0.271365627736423,-0.5474682463919537,-0.7916054669314357,-0.7916054669314357,142.33579899669473
2647,0.47911004977364446,-1.3389115297864373,0.11010537339655616,-0.4662866570504769,-67.71005249023438,0.29780737300491245,-0.5275243778208428,-0.7956310698990116,-0.7956310698990116,142.71490247814705
2648,0.3878065478467076,-2.900138325758187,-0.37655676473142957,-0.09273036982445121,-67.73268127441406,-0.28532548907946126,0.5199876150723681,0.8051100828165779,0.8051100828165779,36.379112041679754
2649,0.2923240801680937,-1.771716322774321,-0.0583393809117392,-0.28644351010444813,-67.66583251953125,-0.2720102133649601,0.5275017429610558,0.8048306374624398,0.8048306374624398,36.40609777384225
2650,0.5274979218978063,-1.4390387067337043,0.06930095235824416,-0.5229258414046342,-67.6971206665039,-0.2537488998762119,0.5326744950401573,0.8073842815817792,0.8073842815817792,36.15884972411588
2651,0.37768404552556667,-1.030864738464659,0.19415879934981817,-0.32395616814562334,-67.67092895507812,-0.25292558024374673,0.5373365832783308,0.804548349777149,0.804548349777149,36.43334049866548
2652,0.41592302533358394,-1.7314010395412365,-0.06651239979338044,-0.41057041256813265,-67.59076690673828,-0.25749815489794026,0.5329492842497692,0.8060147397174665,0.8060147397174665,36.291631705532474
2653,0.35046272379620497,-1.8085173570788886,-0.08252989250123449,-0.3406067198608826,-67.510009765625,-0.25099611814058664,0.5276238012627945,0.8115504131102121,0.8115504131102121,35.752311268887766
2654,0.4386371858047915,-1.9022867422538532,-0.14275564069435537,-0.4147570467402468,-67.62471771240234,-0.27081749854625287,0.539001272456546,0.7975810371187211,0.7975810371187211,37.100274668201905
2655,0.34393607319585734,1.9124992570276835,-0.11525024494895225,0.3240515444872816,-67.69387817382812,0.24826428929596292,-0.534853151083594,-0.8076490261470763,-0.8076490261470763,143.86686678272244
2656,0.4176412290718467,-2.705304134578789,-0.37851922749427347,-0.17648623356449414,-67.70101928710938,0.2551207569450637,-0.5200595421440524,-0.815138928036624,-0.815138928036624,144.60110109377516
2657,0.47860906698349076,-1.2371997224719236,0.15671741137136946,-0.45222371893993407,-67.48503112792969,0.27628102816006533,-0.5083758104485846,-0.8156119351931789,-0.8156119351931789,144.64791366056457
2658,0.4519145316398365,-2.639713844833475,-0.3961845511843939,-0.21740410601015156,-67.59249877929688,-0.2881706978287944,0.5088346049874604,0.8111997249014086,0.8111997249014086,35.78668606258955
2659,0.3521712196951972,2.898454206173065,-0.34181286928219207,0.08478520138961708,-67.52111053466797,0.29676282840796514,-0.515977699152048,-0.8035538797448888,-0.8035538797448888,143.47082567168115
2660,0.37862798701973716,-0.5092925937909911,0.3305761686636579,-0.18460376287138638,-67.74553680419922,0.2773073327133171,-0.5372481951668279,-0.7965331254966185,-0.7965331254966185,142.80030396219644
2661,0.39239472593569485,-0.7549668529911747,0.28577882578891217,-0.26889418675914073,-67.56324768066406,-0.24875107874092442,0.527343937637091,0.812423086982783,0.812423086982783,35.66664632313422
2662,0.36551602458558136,-1.6780801234444227,-0.03913876593337751,-0.36341453084605685,-67.55853271484375,0.24333330914648285,-0.5322240726245092,-0.8108800387102912,-0.8108800387102912,144.18200289956079
2663,0.4179891924075344,0.9833362040669839,0.23166998460552987,0.34791375828267607,-67.65406799316406,0.24082811288197212,-0.5292197211899394,-0.8135897656370507,-0.8135897656370507,144.44815882663573
2664,0.4811172030300019,-0.38186765958733593,0.4464624575003104,-0.17929037089089758,-67.60464477539062,-0.22945378988350126,0.5187099675007386,0.8235841960136686,0.8235841960136686,34.5547880719843
2665,0.4709060488168949,-3.0778733795203355,-0.46995039859363485,-0.029985491058569114,-67.60623931884766,0.26032844742751576,-0.5210788433348432,-0.8128381994522657,-0.8128381994522657,144.37416536249455
2666,0.4231932978531857,2.8502171357215973,-0.4053555466107649,0.12157075380099923,-67.7759017944336,0.25611695065234946,-0.5395224893914558,-0.8020720609953874,-0.8020720609953874,143.32842765900176
2667,0.389364907040785,-2.817750612823049,-0.36912565592089663,-0.12390028642358739,-67.63491821289062,0.26291550511452133,-0.5419341388227974,-0.7982373245775778,-0.7982373245775778,142.96210739074644
2668,0.37081215650737825,-2.285505637646551,-0.2430295055505531,-0.2800684110097139,-67.51311492919922,0.2796818504393929,-0.5434363266178602,-0.7914891164424711,-0.7914891164424711,142.32489029816875
2669,0.3935513984445494,-1.348776115414,0.08666029167155022,-0.38389151731324084,-67.6600570678711,0.27394424179396804,-0.5337825056005685,-0.8000192429577598,-0.8000192429577598,143.13193996055543
2670,0.410976056783571,-2.0637951437408377,-0.19450252446679703,-0.3620360302862355,-67.73515319824219,-0.2582162543898805,0.5465633173594636,0.7966133981335481,0.7966133981335481,37.192088157338546
2671,0.44844276599571353,-2.5840796931723187,-0.38053667908855204,-0.23726093281900126,-67.7518310546875,0.2401509625268629,-0.5600320115900962,-0.7929007889968149,-0.7929007889968149,142.45742710992064
2672,0.5314240969349388,1.064416799032155,0.25774829012967093,0.4647336761397286,-67.68264770507812,0.25889154473988135,-0.5646644689093683,-0.7836639621760715,-0.7836639621760715,141.5972793962534
2673,0.5363772452623541,-1.6893911978660174,-0.06346258162489722,-0.5326096600407608,-67.62859344482422,0.24598488326942153,-0.5332341501426329,-0.8094150840728095,-0.8094150840728095,144.0388228560542
2674,0.35719040423712967,-1.9232354168605221,-0.12329784120742926,-0.3352351819733001,-67.78933715820312,-0.2500773000145395,0.5440695513333711,0.800905529590939,0.800905529590939,36.78333872805555
2675,0.414590457277267,2.5053944597526603,-0.3334801365549273,0.2463254874930331,-67.80097961425781,0.2476594738235468,-0.5275905752787118,-0.8125964372937664,-0.8125964372937664,144.35039164341427
2676,0.4958011786294104,2.6048753012024886,-0.4260874596022418,0.2535119040597906,-67.64462280273438,0.24271707937792644,-0.5446515749975065,-0.8027721228536683,-0.8027721228536683,143.3956419723843
2677,0.31184662646512684,-2.6676865790903723,-0.27747878426995976,-0.1423159960009607,-67.68916320800781,0.2433420880555104,-0.5498566871982021,-0.7990258141788679,-0.7990258141788679,143.0371748987829
2678,0.44981588422486146,-1.8525865695066368,-0.12508287914953076,-0.43207476557264696,-67.717041015625,0.24598152133713078,-0.5278766411680109,-0.8129202561566847,-0.8129202561566847,144.38223755050765
2679,0.4930044981594797,-1.5283899530284222,0.02090026754263564,-0.4925612794588372,-67.62784576416016,0.2569239573857077,-0.5105914645369249,-0.8205403320150115,-0.8205403320150115,145.13891969066074
2680,0.31959575140214014,0.28418657485946175,0.306776777218637,0.08960721663820005,-67.60057067871094,0.2284822415921645,-0.5206549860937583,-0.8226264344966847,-0.8226264344966847,145.3485807840688
2681,0.4537499907133253,-1.2321720994931917,0.15073110088534963,-0.42798269742856815,-67.69134521484375,-0.23385324575346422,0.5169277130919547,0.8234673028652029,0.8234673028652029,34.56659440614517
2682,0.4892650316528546,2.7788776674553173,-0.4574319593112509,0.173598023603205,-67.57162475585938,0.2478520465913274,-0.5243091566717086,-0.8146589907628174,-0.8146589907628174,144.55365761317685
2683,0.46960976617687594,-1.1048102717915569,0.21099751845367484,-0.419539485263415,-67.6255874633789,0.22614677387904167,-0.535868878138345,-0.8134507865303551,-0.8134507865303551,144.43446593602087
2684,0.4324563114499532,-2.880062371653218,-0.41775082530764823,-0.11181551443193252,-67.61737823486328,-0.23468274550024965,0.5194270583176207,0.8216565827959806,0.8216565827959806,34.74903049246305
2685,0.47006190466482695,2.9910224325743884,-0.4647434853376421,0.07051019113111032,-67.63854217529297,0.22440609058569755,-0.5371434548386863,-0.8130921321916749,-0.8130921321916749,144.399150708869
2686,0.4796516637239669,-2.5721674391380818,-0.403967911565684,-0.25860325778773374,-67.63618469238281,0.22957676923749445,-0.5364117840003598,-0.8121310885639249,-0.8121310885639249,144.30467017169465
2687,0.341651559454434,-3.043094986061386,-0.3399955830038156,-0.03359749418546246,-67.68741607666016,0.2362656636257843,-0.5396242377887115,-0.8080743890152812,-0.8080743890152812,143.90821841949008
2688,0.42562382439946306,-1.3178140355545493,0.10653042288665744,-0.4120763386752689,-67.85163879394531,-0.2088041042828388,0.541752666672764,0.8141897163361808,0.8141897163361808,35.492678508184845
2689,0.45921571259086735,-2.0869997799480906,-0.22666054034293234,-0.39937960656722077,-67.43283081054688,-0.23402942638623217,0.528230238149014,0.8162126212515751,0.8162126212515751,35.29255982176256
2690,0.462091268752367,-2.9214420075061107,-0.4509384939635253,-0.10090993667166738,-67.5137710571289,-0.24553826922072206,0.5388499354717028,0.805823619280444,0.805823619280444,36.310128195004864
2691,0.40209501310010887,2.8239461651170408,-0.3819794559451506,0.1255870009030532,-67.63285827636719,-0.2278728819712928,0.5520300379496845,0.8020827805553284,0.8020827805553284,36.67054393359106
2692,0.4658155839017463,-1.2037348449888132,0.16716920144224923,-0.4347857130758617,-67.6928482055664,0.24017720645883672,-0.524733557817065,-0.816682069595185,-0.816682069595185,144.75402224845305
2693,0.47126714631561356,-1.8323596943304015,-0.12186547082769492,-0.4552378831077288,-67.5268325805664,0.23530396633567796,-0.5268159723152471,-0.8167600472233195,-0.8167600472233195,144.76176494513936
2694,0.44738158652512444,-1.8721910919572275,-0.13280629268061722,-0.42721513618570167,-67.70658111572266,0.24077351237543065,-0.5386442749620235,-0.8073973376157705,-0.8073973376157705,143.84241813023948
2695,0.4239355237503107,-0.9027225254572274,0.26261747541491115,-0.33279631894621187,-67.53300476074219,0.23079288200391956,-0.5519365709311663,-0.8013118414731375,-0.8013118414731375,143.25555721801337
2696,0.4065459957788418,2.738463529354763,-0.3739564346776059,0.15948740278474516,-67.61951446533203,-0.23016756477525352,0.5323007287478533,0.8146648552011643,0.8146648552011643,35.44576299966147
2697,0.29661523961961284,-2.856330933228591,-0.2846284349854821,-0.08347008070150351,-67.51136016845703,-0.23451740544426464,0.5327953809110506,0.813099421118684,0.813099421118684,35.600131882986
2698,0.4352853231345058,-0.6026985440710034,0.35859192282719876,-0.246749154850434,-67.675537109375,0.2419096651822895,-0.5392693867593917,-0.8066400947111062,-0.8066400947111062,143.7689465940321
2699,0.5164830749827471,-1.780879174732114,-0.10770785922349842,-0.5051274926245106,-67.65414428710938,0.22679064616464906,-0.5190614353091527,-0.8241002543301532,-0.8241002543301532,145.49737666028673
2700,0.39422766741345516,2.7074906554207607,-0.35766230376861946,0.16581052504945992,-67.7518539428711,0.24340217650322374,-0.5257840118350985,-0.8150500312079515,-0.8150500312079515,144.59230916123983
2701,0.3046630808899641,-0.8402412598511683,0.2032965415021267,-0.22691432099063044,-67.67694854736328,-0.2306326175497537,0.5351885491834242,0.8126387958651068,0.8126387958651068,35.645444013911955
2702,0.5158514360912394,-2.497617466353248,-0.41253437007590266,-0.30970647010269625,-67.63236236572266,-0.23521552415895858,0.531778522173661,0.813563310719838,0.813563310719838,35.554447991962945
2703,0.4396036589959166,-1.6180843451302231,-0.02078023922082008,-0.43911223925156495,-67.71749877929688,0.24115231096032394,-0.5286039282337321,-0.8138940041395825,-0.8138940041395825,144.4781498647205
2704,0.38099339406396027,-1.4580178824628318,0.042876815687628765,-0.3785730378630592,-67.56244659423828,-0.23464253677163902,0.5563054488409953,0.797161920520034,0.797161920520034,37.140065987391495
2705,0.4156227833328049,-2.6565091908332823,-0.3676748911000581,-0.19379750380195337,-67.74027252197266,0.250678048502055,-0.5305660119328376,-0.8097284871985705,-0.8097284871985705,144.0694123600474
2706,0.3644577398438844,-0.6205756388168385,0.296502354819457,-0.211933474747689,-67.69039916992188,0.23619084514630395,-0.5432466609541264,-0.805665532358973,-0.805665532358973,143.6745784120831
2707,0.4448360801647968,1.5416649710291581,0.012956845319935212,0.44464734158177177,-67.7398452758789,0.23804197931611346,-0.5377223408030999,-0.8088205612399465,-0.8088205612399465,143.98085660965162
2708,0.3649075794746379,-1.4827047891037552,0.03210371073296665,-0.36349263172066254,-67.66476440429688,0.24952173491554697,-0.5266002084520278,-0.8126691357883702,-0.8126691357883702,144.35753901461038
2709,0.39764842858104904,-1.4468686800028363,0.049153590889680174,-0.39459878009901095,-67.58169555664062,-0.26327108010696637,0.5389059535034322,0.8001679271614603,0.8001679271614603,36.85385878975871
2710,0.45939373207951606,-1.9625598096077856,-0.175405202255333,-0.42458876115096583,-67.71935272216797,-0.27760532093289375,0.5420151698947773,0.7931928147642797,0.7931928147642797,37.515105844522914
2711,0.48486779226970833,1.9284392288911403,-0.16973633769596466,0.45418757319643005,-67.72681427001953,0.235564305966246,-0.5453641880813881,-0.804417404158419,-0.804417404158419,143.5540282950303
2712,0.4010762869797485,2.4038265800227725,-0.2967856331035164,0.26977856838675407,-67.6769790649414,0.2670469278245257,-0.5186249151416252,-0.8122278841149352,-0.8122278841149352,144.31417634910824
2713,0.36313465561177727,2.5440081468206093,-0.30020236521569027,0.20431671009780233,-67.5761947631836,0.2525551948030933,-0.5210850665427452,-0.8152829122483278,-0.8152829122483278,144.61534522001372
2714,0.47460153409640593,-2.7533767300186107,-0.43928447513467644,-0.17965457431502777,-67.6627426147461,0.25858415314702593,-0.5084939781983063,-0.8213209542421865,-0.8213209542421865,145.2172457811201
2715,0.4729865438863374,-2.0895970621934534,-0.23452519194041355,-0.41074834758383916,-67.604248046875,0.2540671792794244,-0.5134718200608014,-0.819631965223688,-0.819631965223688,145.04796901389128
2716,0.4071291416192022,3.0495184037344085,-0.40540460772787446,0.03743316695921763,-67.6202621459961,-0.25031818797714567,0.5178263603008204,0.8180444152645034,0.8180444152645034,35.11049135382194
2717,0.3622810472284327,-1.4715370112213497,0.03590074946683431,-0.3604978410041445,-67.55572509765625,-0.24795259428661867,0.5392415877088333,0.8048217324798034,0.8048217324798034,36.40695743487687
2718,0.3767877763741683,-2.999864214950725,-0.3730098479798833,-0.05322294368986564,-67.5930404663086,0.25539020571833326,-0.5422108845429398,-0.8004893500267886,-0.8004893500267886,143.17685728027686
2719,0.4506578342588789,-1.448194732800618,0.05511305753938931,-0.4472751216729622,-67.6373519897461,0.2583218849415349,-0.5224435617172046,-0.8126023188377535,-0.8126023188377535,144.35096984270493
2720,0.458004800900878,0.8198676081593347,0.31250491930628893,0.33482693000656727,-67.70337677001953,0.2424070938514068,-0.5171836891655592,-0.8208287473715925,-0.8208287473715925,145.16784079193025
2721,0.432930857390681,2.714143392929316,-0.3939783885050054,0.17947188267812092,-67.59452056884766,0.23534080180934092,-0.5182452919035395,-0.8222144029531177,-0.8222144029531177,145.307082287176
2722,0.4156878521283688,-2.2593578637246,-0.26413933267677897,-0.3209778860609598,-67.64859771728516,0.23817192785490518,-0.520432502529533,-0.8200147212658597,-0.8200147212658597,145.086267434775
2723,0.4396782832787482,-1.751159305203877,-0.07887242558953436,-0.4325461053674747,-67.57868194580078,0.239495522777222,-0.5255453779464981,-0.8163601841642802,-0.8163601841642802,144.72207667170687
2724,0.45535482165283075,-2.1293986243725236,-0.24133872436047324,-0.386139396755292,-67.5825424194336,0.23584226148729032,-0.5139757550462251,-0.8247468405039352,-0.8247468405039352,145.56283323126257
2725,0.4285355443081804,-2.150720482165564,-0.23482054856255707,-0.3584717878833539,-67.6557846069336,0.25072796582242834,-0.525046091632858,-0.8133031961179102,-0.8133031961179102,144.41992962713084
2726,0.42314432457106516,-1.7264770887006229,-0.06560965481467616,-0.41802690417220995,-67.55767822265625,0.24205788238495798,-0.5162597248591947,-0.8215131636581476,-0.8215131636581476,145.2365553519324
2727,0.3920288381253846,-1.0208454653462047,0.20489204401177485,-0.33422426635810853,-67.71507263183594,0.2511823927025235,-0.5287545997424394,-0.8107564238706025,-0.8107564238706025,144.1699020411905
2728,0.41835193058541637,0.033119465196676676,0.41812250665589984,0.0138530593130921,-67.78108215332031,0.24249617581863508,-0.5311988540157405,-0.8118025512436517,-0.8118025512436517,144.2724212634964
2729,0.46167598432754015,1.1672892858966173,0.18127529293307312,0.4245986136068176,-67.73908233642578,0.2433721970417374,-0.5318915653439481,-0.8110865159913846,-0.8110865159913846,144.20222319915547
2730,0.44001057832206975,-3.073556276437043,-0.43899257792347773,-0.029913635075356736,-67.77346801757812,0.22795384958988715,-0.5450582240816398,-0.8068138414889274,-0.8068138414889274,143.78579300955946
2731,0.38705288316723135,-0.8848277343445952,0.24516812528608362,-0.2995037974914068,-67.6533432006836,0.23582325319460398,-0.5448336260275933,-0.804701008575445,-0.804701008575445,143.5813899570003
2732,0.4084574544790412,0.6439333426359756,0.3266600035812522,0.24521568909797412,-67.54452514648438,0.24438181859718763,-0.5395189453784811,-0.8057275186543047,-0.8057275186543047,143.68057432960677
2733,0.43517829875434355,-1.2216273746934403,0.14888190509577143,-0.40891848826114285,-67.61114501953125,-0.241659062686284,0.5347175677660411,0.8097394767108468,0.8097394767108468,35.92951460698415
2734,0.4807142785361222,-2.8550392585233917,-0.4611125511988492,-0.1358728549615161,-67.55484008789062,0.2489959252436367,-0.5331498307917885,-0.8085494957878291,-0.8085494957878291,143.95445436343294
2735,0.4632004212370142,-1.7330654369560676,-0.0748336975238913,-0.4571154645700035,-67.62327575683594,0.25265212812774646,-0.5351154947146078,-0.8061130872705525,-0.8061130872705525,143.71788946455058
2736,0.4288043694959478,-0.6129753644592439,0.350736204303604,-0.24669272848934537,-67.74928283691406,0.2546881423592826,-0.5459333269903462,-0.7981796493414435,-0.7981796493414435,142.95662158348705
2737,0.3856520958397109,-0.21168733674832296,0.3770434851301624,-0.08102931164993675,-67.50562286376953,0.2519763441076689,-0.5387519091240474,-0.8038994355174831,-0.8038994355174831,143.50410118802594
2738,0.4376755246638074,0.3619635555783322,0.40931559932274086,0.1549858220638408,-67.73338317871094,0.25054358722441056,-0.5378563427735139,-0.8049462500310344,-0.8049462500310344,143.60506471424463
2739,0.41631731082200885,-0.16903229967253514,0.4103839661776447,-0.0700364447582462,-67.7191162109375,0.2338323748658934,-0.5438552440834203,-0.8059428602249291,-0.8059428602249291,143.70141089852822
2740,0.4498434628892737,-2.208976985370272,-0.26798757083433333,-0.3613056918767355,-67.59407806396484,0.22619427895791586,-0.5532199389730038,-0.801738016617283,-0.801738016617283,143.29639270008062
2741,0.46249946940901476,1.2488802261547893,0.14632780797467818,0.4387413039787181,-67.67294311523438,0.2389554516446204,-0.56573568286666,-0.7892043013445311,-0.7892043013445311,142.11121427746474
2742,0.4240694134369546,-1.434138286124094,0.0577722823099705,-0.420115735017697,-67.69513702392578,0.2317658159572474,-0.5472054364586194,-0.8042703630395709,-0.8042703630395709,143.53984898599734
2743,0.42747768374843426,-0.4571009070117398,0.3835910195073053,-0.18866663683935359,-67.68284606933594,-0.24667703897701426,0.5364112204792244,0.8071018776991673,0.8071018776991673,36.18626420637571
2744,0.474287685961534,1.5137986805865524,0.02701864678976527,0.4735174777982293,-67.62321472167969,0.23115235661444763,-0.5400727453224035,-0.8092527527240855,-0.8092527527240855,144.02298745906154
2745,0.4725892852809947,1.6973032978523321,-0.05962649769551406,0.4688126633688218,-67.64493560791016,0.24961632268347111,-0.5298842827179199,-0.8105025221296334,-0.8105025221296334,144.14505827990905
2746,0.3924897306998833,1.9957669073306255,-0.16182115290210555,0.3575781078006598,-67.648681640625,0.24056986961493243,-0.5471518263478383,-0.8017175417549995,-0.8017175417549995,143.29442993601168
2747,0.49886687157908866,1.9048041535938767,-0.16354451905840423,0.4712975130902583,-67.57660675048828,0.23527988238689734,-0.5516886095101889,-0.8001768898691853,-0.8001768898691853,143.14699741391965
2748,0.4704970050228306,-1.3018736245199012,0.12500776730263438,-0.4535862540349563,-67.68733215332031,-0.24273401122208405,0.5597546815955943,0.7923098486247991,0.7923098486247991,37.598102580118464
2749,0.4315194506594742,-1.3596970615034327,0.09041838024632227,-0.4219402242155705,-67.74910736083984,-0.23498652788425184,0.5594106277173057,0.7948843194514746,0.7948843194514746,37.355669306505426
2750,0.43321762198102876,2.5240580894842823,-0.3532060037563884,0.2508446270210699,-67.5157470703125,0.23497705773687566,-0.5539250723076755,-0.7987194730355944,-0.7987194730355944,143.00799443370013
2751,0.40399764912286573,2.2980948760453472,-0.2685995144794846,0.3017754153641202,-67.68927764892578,0.22820317463108467,-0.5575641084488476,-0.7981513490923487,-0.7981513490923487,142.9539300464643
2752,0.4681550381993517,-1.404653560885348,0.07742323151682587,-0.46170854769316155,-67.5811767578125,-0.23145521218349976,0.5622891862031919,0.7938887553253563,0.7938887553253563,37.44957856143518
2753,0.4354838877034843,-0.8694340203300204,0.2809999146952526,-0.33269395003606794,-67.6034927368164,-0.23200462647179615,0.5532305393672134,0.8000686368100831,0.8000686368100831,36.86334281333793
2754,0.4776908946331574,-2.294357378643181,-0.3162589372285367,-0.35800680920689587,-67.70358276367188,0.22062381300465353,-0.5575717999925697,-0.8002742161211578,-0.8002742161211578,143.1562960490112
2755,0.4117022101835666,-1.1076259048915027,0.18394308647949892,-0.3683254685823793,-67.69428253173828,0.21916679520344726,-0.5598285020014886,-0.7990982193867157,-0.7990982193867157,143.04407472816794
2756,0.431530286576585,2.6290055926254166,-0.37606942906318963,0.21163688893233182,-67.54755401611328,-0.21979270702909362,0.5525410271582144,0.8039835690135517,0.8039835690135517,36.48779316826126
2757,0.40861154291621593,-2.739639240404444,-0.37604460729633943,-0.15985570470806612,-67.61736297607422,-0.21672758736130396,0.5484873069792553,0.8075833250873823,0.8075833250873823,36.13951669903888
2758,0.3790661543440087,0.7988888954015164,0.26439990751293113,0.27163180645187573,-67.63235473632812,0.22358069195614355,-0.5513362341839783,-0.8037661544630016,-0.8037661544630016,143.49126370988796
2759,0.41068301682695046,2.5995944994128726,-0.351823781808772,0.211850340721602,-67.79666900634766,-0.2140802600254694,0.5647009032150327,0.7970461292645199,0.7970461292645199,37.15105288494868
2760,0.42496091828955485,-2.6485640976789964,-0.37434955923552,-0.20113226885229935,-67.67267608642578,0.228376030894042,-0.5653154978450785,-0.7926302898636002,-0.7926302898636002,142.43200007048677
2761,0.3771583419967102,-2.23254765764447,-0.23176359325549525,-0.29754672201018917,-67.56546783447266,-0.22646547251110494,0.5665986687964418,0.7922621651186065,0.7922621651186065,37.60258027277134
2762,0.40766888931489736,2.7077424187535466,-0.36989998344045627,0.17137072552216207,-67.7540512084961,0.21981403800458998,-0.5594055462279034,-0.799216631174288,-0.799216631174288,143.05536111941905
2763,0.4065378795936555,1.3880616334295102,0.07387582421244178,0.39976919608874056,-67.64762878417969,-0.23749630960104656,0.5347916960671167,0.8109212938032523,0.8109212938032523,35.8139577838844
2764,0.41790738776483005,-1.2026931352975208,0.15038244230138081,-0.3899124334974404,-67.67485046386719,-0.22000428670787692,0.5456176889176597,0.808640495752167,0.808640495752167,36.03668394661826
2765,0.4175504616183044,2.929395494532639,-0.4081850280746264,0.08793958638392346,-67.6738052368164,-0.22846234931290055,0.5634428156166643,0.7939377484893863,0.7939377484893863,37.44496185384446
2766,0.44378842749813474,-1.4672165832290291,0.0458853398769272,-0.4414099046981684,-67.69287109375,0.22642876278331683,-0.550190168611572,-0.8037541873903903,-0.8037541873903903,143.49011124531577
2767,0.38898121126444024,-1.6826900127339202,-0.043433775689701755,-0.38654869013629806,-67.46768188476562,0.22209124501189656,-0.5386888558528234,-0.812705232829863,-0.812705232829863,144.36108836654088
2768,0.44250310438816065,-2.465940982269876,-0.34528497664757457,-0.2767440736396053,-67.68659210205078,0.21238429932686426,-0.5473777360937712,-0.8094878154909404,-0.8094878154909404,144.04591975135244
2769,0.4423897202649466,-2.644730870462094,-0.3888971848438651,-0.21087352659026293,-67.615478515625,0.22602526487213687,-0.5520472204013639,-0.8025935746606799,-0.8025935746606799,143.37848913302554
2770,0.4218880838724579,-0.9262804107720168,0.25347522798440175,-0.3372534123056869,-67.6520004272461,0.22641446219987685,-0.5545011087383995,-0.8007902420201098,-0.8007902420201098,143.2056313065634
2771,0.42565128127044255,-1.9338689856273055,-0.15116931082091853,-0.39790306949444093,-67.62815856933594,-0.23918076418304562,0.5534001467509216,0.7978350955058775,0.7978350955058775,37.07613633250878
2772,0.4051385972197679,-2.875843595830429,-0.3909166301258765,-0.10640240245516079,-67.66026306152344,0.21735178426295979,-0.5524374722102887,-0.8047179885994934,-0.8047179885994934,143.5830287221561
2773,0.4334222620457488,-1.203576458762014,0.15560814676437731,-0.4045256010407867,-67.74077606201172,0.21686772530860426,-0.555834654606269,-0.8025062158377351,-0.8025062158377351,143.37009922737465
2774,0.41473940432161893,-2.2028580433335647,-0.24503195036430925,-0.33461637257868,-67.57027435302734,-0.22077231650976625,0.5579189941412024,0.7999912376016256,0.7999912376016256,36.87073438510641
2775,0.4630728514553116,2.746590035503945,-0.4274141844138405,0.1781953442624262,-67.64514923095703,0.2277859824853213,-0.54806759511052,-0.8048201397660028,-0.8048201397660028,143.59288881102503
2776,0.4516391587757902,-1.4598879525164437,0.04998793676993617,-0.44886427338025947,-67.58167266845703,0.23307048670748717,-0.5447001709176303,-0.8055928698965995,-0.8055928698965995,143.66755087816125
2777,0.46730533236259425,-2.5198249211191537,-0.37984917251599265,-0.27219272546016055,-67.4832992553711,-0.2297515671982657,0.5475034936177099,0.8046453515968033,0.8046453515968033,36.42398112816172
2778,0.43104462526050047,-0.21037751803837162,0.42154101701043145,-0.0900146651594974,-67.49413299560547,-0.2219197591578439,0.5298486680657745,0.8185426130900268,0.8185426130900268,35.060831281596144
2779,0.4185425649792054,-2.5284985024744895,-0.3423140599704763,-0.2408297387074559,-67.73237609863281,0.2123333517825403,-0.5479839977370663,-0.8090909009158952,-0.8090909009158952,144.00720484114285
2780,0.45053919837749745,0.8352719984885593,0.30230100102135865,0.3340653739257071,-67.4274673461914,-0.2175695627147151,0.53109156085255,0.8189049025200239,0.8189049025200239,35.02467993057299
2781,0.4724991054385133,-1.3763496885473403,0.09129799282823081,-0.46359473804793305,-67.6343994140625,0.2033702141241609,-0.5366877725147606,-0.8189058498021843,-0.8189058498021843,144.97541463741712
2782,0.42151812805317057,-0.7110720114819017,0.3193685491231493,-0.2751022757238181,-67.5477066040039,0.22633472796562848,-0.5472605727904695,-0.8057781682235952,-0.8057781682235952,143.68547428245722
2783,0.38193319836617,0.021670633479108213,0.3818435208374465,0.008276086555537451,-67.7216796875,0.221917317199359,-0.5433210165572544,-0.8096634963330327,-0.8096634963330327,144.06306711827395
2784,0.4517023945405604,1.4022669699416668,0.07576527269121452,0.44530290442316,-67.57386016845703,0.22841949535505798,-0.5433862404852956,-0.8078093387631745,-0.8078093387631745,143.88244676544167
2785,0.4525638350829023,2.5889036571581237,-0.3851842927690173,0.23758595377036995,-67.65254974365234,0.2209940624142729,-0.5521822930264253,-0.8039007026030738,-0.8039007026030738,143.50422325090986
2786,0.43650618376569594,-1.9536933419407845,-0.16308275433364963,-0.4048971026132961,-67.6370849609375,0.22285756238378,-0.5464014430890686,-0.8073289105925435,-0.8073289105925435,143.83577369826298
2787,0.4667011264667709,0.25089325019878045,0.45208920029368815,0.11586758141588357,-67.57568359375,0.21460282217079685,-0.55583076155704,-0.8031175463300814,-0.8031175463300814,143.42884589485834
2788,0.41980227301738976,-1.4820364330219913,0.03721269796089806,-0.4181496903514793,-67.76321411132812,-0.20943581802639416,0.5566869777518719,0.8038882054919715,0.8038882054919715,36.49698062510969
2789,0.41063588295846754,2.8627214625369706,-0.394771696010297,0.11303599604654214,-67.67475891113281,0.25154596417188885,-0.5245805776299174,-0.8133509977139618,-0.8133509977139618,144.42463708361785
2790,0.39119066856616314,-3.071975342774446,-0.39024308489733983,-0.027211649399646827,-67.60922241210938,0.2422054480546395,-0.5304306096840402,-0.8123914630539077,-0.8123914630539077,144.33024623821723
2791,0.3915696010451589,-3.0828900164590043,-0.39089512042138336,-0.022972968754976647,-67.63294219970703,0.24730225434096384,-0.5319425292642781,-0.8098634085806075,-0.8098634085806075,144.08258821277138
2792,0.4330758256493967,3.0531475834978554,-0.431383055149265,0.03825350300289931,-67.6768569946289,0.23069950045341306,-0.5296191186598086,-0.8162605770466642,-0.8162605770466642,144.71219624571734
2793,0.40444835971277737,-3.037722523094693,-0.4022685231387347,-0.041934603445572746,-67.59379577636719,0.2318181174773716,-0.5409217265349633,-0.808494926497181,-0.808494926497181,143.9491412410874
2794,0.4126913667432246,-0.6327496910573578,0.33279617096728725,-0.2440509634766944,-67.61100769042969,-0.23443859646100096,0.5145072392289387,0.8248156432018077,0.8248156432018077,34.43019516972897
2795,0.4380080079300097,-0.8646091661525095,0.2842398338791871,-0.3332547551755977,-67.63326263427734,-0.22882998041306057,0.5301390088774239,0.8164493072632379,0.8164493072632379,35.26908081186825
2796,0.3993301130209807,2.784931764806761,-0.37419942517343513,0.1394249954822303,-67.53038024902344,0.23197412765718883,-0.5302548514585933,-0.815486233238987,-0.815486233238987,144.6354679337924
2797,0.4299338036087049,-2.962977091408529,-0.42309381697646836,-0.07638519176994422,-67.60250854492188,0.22725097569141015,-0.5455572162400784,-0.8066748526238305,-0.8066748526238305,143.7723161658383
2798,0.44118585538532873,-2.0745538499818696,-0.21296909633219946,-0.3863795064435102,-67.58161163330078,0.215434927392102,-0.5336516576716273,-0.8178041943667715,-0.8178041943667715,144.8655854305943
2799,0.4163900383828466,-0.8929397632755569,0.2611285624831936,-0.3243339913113168,-67.5203857421875,0.2319686368844688,-0.5362730367891898,-0.8115428402215511,-0.8115428402215511,144.24694612676382
2800,0.41592247985653197,0.812866792756809,0.2859131072036768,0.3020682114674533,-67.6032485961914,0.2188868038313063,-0.5308693531170556,-0.818697927827837,-0.818697927827837,144.9546629456392
2801,0.39889249444916236,-0.9035096001356419,0.24685740502348144,-0.3133315236501873,-67.61372375488281,-0.21129587106431308,0.5338782090942564,0.818735679401773,0.818735679401773,35.041570047760416
2802,0.4526770005241856,-2.9059093217252214,-0.44016274722554155,-0.1057034661609424,-67.66862487792969,0.23229987261653234,-0.5411904305442976,-0.8081767672171856,-0.8081767672171856,143.91817722604802
2803,0.4662805482346223,-2.0558577442491948,-0.21740922413791822,-0.41249336833666594,-67.6941146850586,0.22996360360917872,-0.5274127886619902,-0.8178951591560274,-0.8178951591560274,144.87464279824113
2804,0.453276545201803,-0.9952734568892494,0.24670641386587347,-0.3802572442275393,-67.72711181640625,0.23888425262375693,-0.5380873568102637,-0.8083293328151175,-0.8083293328151175,143.93302240442938
2805,0.44118629411761745,-0.6415655590517009,0.35346073664912314,-0.26402813063137054,-67.71226501464844,0.22317400509065483,-0.5394708112550349,-0.8118895289727728,-0.8118895289727728,144.28095645702228
2806,0.4192378256395465,0.054786222658593994,0.4186088055025124,0.02295696850053452,-67.67901611328125,0.2445002285223424,-0.5263948323008139,-0.8143267886908304,-0.8143267886908304,144.52085056965166
2807,0.41134378679231315,-1.812679002486747,-0.09852955505981342,-0.39936904951730445,-67.69058227539062,-0.22582738873281402,0.5381578275281205,0.812027181298959,0.812027181298959,35.70553199625037
2808,0.39756843224490845,-2.7962213867483605,-0.37409194735813817,-0.13459521997259175,-67.62676239013672,-0.2400893960192858,0.5311728402697076,0.8125346119882564,0.8125346119882564,35.655685749424364
2809,0.4235248227148713,-1.3533516226453408,0.0913692151384163,-0.41355161948740204,-67.6362075805664,0.23185893680959788,-0.5485936306530353,-0.8032972437575296,-0.8032972437575296,143.44612961699278
2810,0.4703836735136572,-2.89973305561243,-0.45669281062996775,-0.11266089395661318,-67.6312255859375,0.23601762406909094,-0.5576392222818499,-0.7958229570084511,-0.7958229570084511,142.73305524447437
2811,0.4733789897261927,2.797724437241023,-0.44566625478521243,0.15959090594364383,-67.64728546142578,0.21959487029211056,-0.5476813197786532,-0.8073557238955478,-0.8073557238955478,143.8383772102032
2812,0.46277113030785144,-0.7390906915266762,0.34202552980398093,-0.31173010122333805,-67.71047973632812,-0.22755745305047817,0.5563127238791921,0.7992082074223796,0.7992082074223796,36.94544188614888
2813,0.43513520726029487,-1.948889379335248,-0.16062967501885317,-0.40440172613478964,-67.66618347167969,0.2143401356299599,-0.5531175283524455,-0.8050585730786376,-0.8050585730786376,143.61591242262767
2814,0.4241694348450655,-0.5972879998805783,0.35073038821131813,-0.23855377641513098,-67.69110870361328,0.22497725487974432,-0.5639959389151536,-0.7945400025637406,-0.7945400025637406,142.61182930028218
2815,0.42568392262053656,1.6659109396560297,-0.040427740225859626,0.42375983740538387,-67.67594146728516,0.22972010098447831,-0.5637129055254924,-0.7933829058832114,-0.7933829058832114,142.50278276048948
2816,0.416432858066153,-2.669689908574602,-0.37091880704759816,-0.18930283636420067,-67.42488861083984,0.21813104902153063,-0.5684937993836983,-0.7932424884706153,-0.7932424884706153,142.48956801832855
2817,0.38247127099248834,-0.9240092438045449,0.230486954434738,-0.3052212918031907,-67.71843719482422,0.21905707819252407,-0.5602027689121165,-0.7988659801224185,-0.7988659801224185,143.02194747477216
2818,0.4088000165095604,1.2135309555598854,0.1429629209171911,0.3829870190241985,-67.7461929321289,0.2299071139582466,-0.5660869814323468,-0.7916364370114628,-0.7916364370114628,142.3387031187772
2819,0.39753286057879933,-3.0572089130285596,-0.3961183608617115,-0.033505513399947215,-67.59351348876953,0.23817173444308473,-0.5669983006230837,-0.788534813437497,-0.788534813437497,142.0487975878939
2820,0.47950623834907535,-0.91626364173117,0.2919179189179935,-0.38040788797062036,-67.71283721923828,0.2304708257717641,-0.559533881399424,-0.796118731116268,-0.796118731116268,142.76105066881442
2821,0.46703525353746467,0.6361844925665597,0.375668454514945,0.2774799818530277,-67.66141510009766,0.226848220115425,-0.5480381944810635,-0.8051049760251142,-0.8051049760251142,143.6203946463125
2822,0.4212708692148801,-1.0220080470637722,0.21975755995777638,-0.35941029491441245,-67.5504379272461,-0.2067075848690378,0.5602987334460237,0.8020831027121761,0.8020831027121761,36.670513026296035
2823,0.3909614495477611,2.905372888264062,-0.38010429532638396,0.09149633712296701,-67.70976257324219,0.22830729949314346,-0.5664397058126284,-0.7918471043560437,-0.7918471043560437,142.3584628517561
2824,0.3645574965936618,-1.9546223271112768,-0.13651614363621328,-0.3380318192853071,-67.67900848388672,0.21864926037799762,-0.5668008976764354,-0.7943105459008724,-0.7943105459008724,142.5901833940532
2825,0.4640061144541563,3.0993369796643604,-0.46359192489115275,0.019601056771494957,-67.7500228881836,-0.21242418040353095,0.5626208614877123,0.7989579048978191,0.7989579048978191,36.96929548952013
2826,0.49706361539469124,-1.8297330574392614,-0.12727456724103306,-0.4804928951429452,-67.5815658569336,-0.22383109220757622,0.5771922495068484,0.7853335274075516,0.7853335274075516,38.24846400193312
2827,0.39937976990607754,2.727158355986119,-0.3655699797698655,0.16081912355591166,-67.67950439453125,0.2331648339669986,-0.5603770139747376,-0.7947400596483726,-0.7947400596483726,142.6307105184218
2828,0.36921685301642004,2.051992944545143,-0.1708884163259779,0.32728922028833757,-67.7293701171875,-0.21967720686654632,0.5557273808845725,0.8018160655153312,0.8018160655153312,36.69612453832647
2829,0.3859767436496619,2.4498229982910393,-0.29724777548220943,0.24621496016545144,-67.75029754638672,0.21506006283770704,-0.5541157930724808,-0.8041796175232853,-0.8041796175232853,143.5311006825865
2830,0.41683980379227054,-1.2216555353391798,0.14259696354497522,-0.3916906024061997,-67.66401672363281,0.21932543757591286,-0.5717873889452194,-0.7905412919483352,-0.7905412919483352,142.23612487261312
2831,0.45393561127971416,-0.9963536124100517,0.2466536478450457,-0.38107678647828963,-67.6065673828125,-0.2165272419148645,0.5646044427412467,0.7964532483112793,0.7964532483112793,37.207265118292916
2832,0.5014487977146477,-0.6093240950015641,0.4112055821683272,-0.2869858287844066,-67.51641845703125,0.2246058754487431,-0.5794979483267136,-0.7834119788457624,-0.7834119788457624,141.57404334005327
2833,0.4681876064054406,2.421650852547664,-0.3520040911460914,0.30869524552229494,-67.69511413574219,0.21610806174776878,-0.5616990907053252,-0.7986184553016751,-0.7986184553016751,142.99837633403337
2834,0.38420718518175345,-1.7264984147768447,-0.05958044214681849,-0.379559392004566,-67.67549133300781,0.21989549308353046,-0.5692771175718091,-0.7921928651096801,-0.7921928651096801,142.39091295900334
2835,0.4042285895133459,-1.6405360227495243,-0.028167932921494658,-0.403245979688427,-67.7227554321289,-0.2018152521976089,0.5676474247315332,0.7981522443594793,0.7981522443594793,37.04598481039765
2836,0.39826121757616034,1.5271036350653355,0.017395568535594142,0.3978811274998717,-67.70682525634766,-0.20807421540668816,0.5610556003940413,0.8012001835679852,0.8012001835679852,36.755135235993976
2837,0.372186862292558,-2.401643861084223,-0.2748611465041511,-0.2509470274890761,-67.73101043701172,-0.21041525333515312,0.5724225456679224,0.7925010096996462,0.7925010096996462,37.58014714285109
2838,0.44158990750283855,-2.4835722512042664,-0.34938788110136326,-0.2700550961338541,-67.74967193603516,0.2313331653388286,-0.5705859838838347,-0.7879826150427652,-0.7879826150427652,141.99738139567378
2839,0.4458451788810318,0.4193769067834803,0.4072095000145217,0.18154433791606522,-67.68446350097656,0.22560468727938426,-0.5532502433425048,-0.8018832167585442,-0.8018832167585442,143.31031448481482
2840,0.47883030996086945,-2.8039186929003588,-0.4517897178121486,-0.15863327714083653,-67.615966796875,0.21476487201523248,-0.5720302996819884,-0.7916169439785985,-0.7916169439785985,142.33687519854038
2841,0.4111700452209724,-2.383509075394557,-0.29857316073827933,-0.28269218909225297,-67.67335510253906,-0.20615147622622731,0.5759063395474223,0.7910963638639963,0.7910963638639963,37.711913247545375
2842,0.4162972747519117,-2.5035555830437017,-0.33439764002065997,-0.2479549138744416,-67.69859313964844,0.2117655786500442,-0.5805979451383934,-0.7861687896374973,-0.7861687896374973,141.82890659669772
2843,0.4079766923078734,2.863481392067748,-0.3923004683269193,0.11200591063400636,-67.57316589355469,-0.20481112879216176,0.5764127836977977,0.7910756628241299,0.7910756628241299,37.71385222524696
2844,0.4579279555307638,-1.5528706369085241,0.008208234912154467,-0.45785438442392584,-67.64497375488281,-0.20414728590062972,0.5681422489840355,0.7972065419819188,0.7972065419819188,37.13583132034962
2845,0.45585278520271877,-2.4873968154078634,-0.3617362951420372,-0.27739613291102133,-67.54383087158203,0.1823049027610159,-0.5763977072091324,-0.7965742938065173,-0.7965742938065173,142.8042055436727
2846,0.43605850471582885,-3.021138620584707,-0.4328989033818159,-0.05239808189071217,-67.74608612060547,-0.1936576115468144,0.5779623058311744,0.7927523588916625,0.7927523588916625,37.55652720338307
2847,0.4466920668387869,-3.0937817762642705,-0.44618162185578436,-0.02134860404919162,-67.6354751586914,0.2111007406931826,-0.587184918832408,-0.7814411995630691,-0.7814411995630691,141.3927203282792
2848,0.4865909834939012,-3.110956338541532,-0.4863626481469582,-0.014905022812465635,-67.92671966552734,-0.1783313032620651,0.5791769989225083,0.7954570699893052,0.7954570699893052,37.30155160828799
2849,0.4542282955484521,3.0720459088488523,-0.45313024395186535,0.031564639915180506,-67.66415405273438,0.17743465146501666,-0.5765365009441641,-0.7975729480985098,-0.7975729480985098,142.89895700697238
2850,0.48551628115388584,2.8517805751283545,-0.4652690846478467,0.1387470292887525,-67.60674285888672,-0.16338602193903748,0.5737742803929292,0.8025509846698293,0.8025509846698293,36.625601398746916
2851,0.41404498818773217,1.1048837777888882,0.18600485444513395,0.3699127550737117,-67.54405212402344,-0.20356525010057505,0.5523566751323492,0.8083707641844966,0.8083707641844966,36.06294526328752
2852,0.42918280816030874,-1.3126869516039164,0.1095502047607466,-0.4149658244449136,-67.76753234863281,-0.202412878877687,0.5646690825520636,0.800111150824845,0.800111150824845,36.85928221268392
2853,0.45445434883960667,-0.6265196423300651,0.3681412181237705,-0.26645975061456717,-67.63619232177734,0.18346779724335166,-0.5864590939970621,-0.7889266749469293,-0.7889266749469293,142.08532043675166
2854,0.4467559898169798,2.940437560195033,-0.43774779970023464,0.08926241255395576,-67.72321319580078,0.18550229595194792,-0.5728039256521071,-0.7984263027694487,-0.7984263027694487,142.9800870196214
2855,0.4445389664470771,-2.60507747464085,-0.3820790819451565,-0.22722338750617616,-67.55780792236328,-0.18426473944440666,0.5880208145896615,0.7875773151931155,0.7875773151931155,38.0403192594956
2856,0.4296184390104469,-2.8173503254473236,-0.4072320470793938,-0.13687243319711778,-67.73374938964844,0.1681648154826288,-0.5819562658795224,-0.7956428215205966,-0.7956428215205966,142.71601397943957
2857,0.4719468694243765,3.1230751608770992,-0.471865957027061,0.008738773278060219,-67.6514663696289,-0.1591086572309041,0.5721727808334649,0.8045512687625808,0.8045512687625808,36.433058886071066
2858,0.46560252273336644,2.9259401038619064,-0.45481775585591594,0.09963191322996585,-67.65503692626953,0.18419358204978153,-0.5886621977434744,-0.7871146938531216,-0.7871146938531216,141.91668679869724
2859,0.4762616434950648,-0.5018689494421437,0.4175314425631852,-0.229112739793591,-67.7641830444336,0.19690585584199238,-0.5898318200642669,-0.7831516506876601,-0.7831516506876601,141.55005025308304
2860,0.4980503251208623,2.436991492655076,-0.3794495774858071,0.32260214583731317,-67.6314926147461,0.17906407589282272,-0.5786271035908562,-0.7956926113234344,-0.7956926113234344,142.72072355271084
2861,0.4682608042339512,-1.002182389034082,0.2521418683308333,-0.39457909095194527,-67.63552856445312,0.187221524846388,-0.5758677071024858,-0.7958168662140298,-0.7958168662140298,142.73247893137815
2862,0.4610550269416772,1.9863302962395193,-0.18611800954798985,0.4218196586102704,-67.71154022216797,0.1911641454027612,-0.5986105809380772,-0.7778956497509224,-0.7778956497509224,141.06830483673915
2863,0.5096858960238763,-1.4771843999968104,0.04764302341493638,-0.5074542885083793,-67.6324234008789,0.2117334531273837,-0.5981223943690865,-0.7729285517956657,-0.7729285517956657,140.61760357066214
2864,0.49291843204678015,-1.8449700973255014,-0.13345848386902326,-0.47450754865948963,-67.6743392944336,-0.21009377597256088,0.5889506181087247,0.7803830948495377,0.7803830948495377,38.70433540145135
2865,0.4497464832400421,-2.5877455065602004,-0.3825126957019184,-0.2365500725293422,-67.7245864868164,0.2034307148241641,-0.6076693737116827,-0.7676938690122391,-0.7676938690122391,140.14724956117846
2866,0.40935122787002365,-1.308195331200142,0.10626481790068396,-0.3953178673361862,-67.83954620361328,0.1832065773588769,-0.5928778850250723,-0.7841754672652309,-0.7841754672652309,141.64448324799494
2867,0.42549855060644115,2.5853556599735583,-0.361353778084782,0.2246607745736587,-67.49845123291016,-0.20724856228707672,0.599195745047127,0.7733126745032427,0.7733126745032427,39.34769670770473
2868,0.42995967158814985,2.72798120718036,-0.39370344651022393,0.17280889849241252,-67.64874267578125,-0.18200033816873043,0.5996399190373899,0.7792995857841196,0.7792995857841196,38.803509202107016
2869,0.4344149732907917,-2.138535223435016,-0.23359668022796487,-0.36626351170395505,-67.6197738647461,-0.19243251120154575,0.6082023625309155,0.7701036390282023,0.7701036390282023,39.63680354103828
2870,0.4063368242338674,-1.6395542484999401,-0.027916866537207593,-0.4053766930784361,-67.70896911621094,-0.18824158748913358,0.6056761450603729,0.7731245126397022,0.7731245126397022,39.36469750880132
2871,0.36705230723120313,-3.0187979357516888,-0.3642884757811157,-0.04495889963979345,-67.69855499267578,0.18322926331146028,-0.5939807280940473,-0.7833351337194094,-0.7833351337194094,141.56695960895777
2872,0.431458711734883,-1.3593736844883673,0.09054207515782448,-0.42185157645555826,-67.71406555175781,0.20319146699807605,-0.5774705951467893,-0.7907217838658441,-0.7907217838658441,142.25301456168296
2873,0.5016028533521093,0.4176132808383458,0.4584948776128806,0.2034400887085122,-67.64337158203125,0.18160977380625873,-0.5856352928854468,-0.7899678435132765,-0.7899678435132765,142.18250652226664
2874,0.3981026598663121,2.6084814560006686,-0.342857986859229,0.20232184419747987,-67.61769104003906,0.1757039627306775,-0.599445354602751,-0.7808926842568824,-0.7808926842568824,141.34238154836243
2875,0.353305348068735,-1.0498526968799162,0.17583965364661447,-0.3064393662364688,-67.68075561523438,0.18179481939242878,-0.5959958000996707,-0.7821378714175831,-0.7821378714175831,141.45673581296757
2876,0.49019754306155344,-0.5305300229779816,0.4228145010695678,-0.24803533802439517,-67.7042236328125,-0.18055610885588494,0.5850717111667003,0.7906267035379536,0.7906267035379536,37.755883464468376
2877,0.4293376796681391,-1.0608697022336209,0.20956539194817858,-0.3747174798170322,-67.67542266845703,0.18944364749662634,-0.5898647370106824,-0.784965410992416,-0.784965410992416,141.71747931517004
2878,0.33770598929489204,-1.943467056031884,-0.12296014652273717,-0.31452525744802873,-67.6510238647461,-0.17386504296285762,0.5923455883871569,0.7867004835093192,0.7867004835093192,38.12177313948662
2879,0.33269421954013456,-1.3735710748960333,0.06519114341027418,-0.3262446298964633,-67.64764404296875,0.1949974599606217,-0.584484983280364,-0.7876250979550223,-0.7876250979550223,141.9641238042046
2880,0.48391032541744833,-2.6364029791532957,-0.423461550630504,-0.23419973992989368,-67.65973663330078,-0.20068923998661478,0.5813051496797671,0.7885481291014383,0.7885481291014383,37.94996183618358
2881,0.49144095003244065,-0.970878639105377,0.2774550464347004,-0.4056265580268457,-67.71359252929688,-0.19858800795247772,0.5998935036662287,0.7750423132684584,0.7750423132684584,39.19113100198035
2882,0.41836563826007156,-2.56690830929609,-0.35116102428406054,-0.22741095466253705,-67.7745361328125,0.18707838911713504,-0.5880903684176715,-0.7868617381088658,-0.7868617381088658,141.8931956346784
2883,0.32305504578913785,2.192935208962163,-0.1882682816338261,0.26252545922342135,-67.62694549560547,-0.19450469371611367,0.5930174292851503,0.7813438760791772,0.7813438760791772,38.61621535930515
2884,0.3451850443580601,-2.1790147283184083,-0.197240897981949,-0.2832820908771861,-67.7459945678711,-0.1809562730002001,0.5891366318076884,0.7875105436273024,0.7875105436273024,38.04652725309036
2885,0.49204057040941573,2.457339165536248,-0.38127787322917434,0.3110162476698941,-67.74835968017578,0.178192559046389,-0.577748547076275,-0.7965262257149809,-0.7965262257149809,142.79965009395735
2886,0.5035343903085575,-2.6171219594288075,-0.4358538874624958,-0.252147320047707,-67.6198501586914,0.19798804850637916,-0.5915501136942904,-0.7815812149974612,-0.7815812149974612,141.40557880988277
2887,0.3846020208697741,-1.0985466347952695,0.1749519562146715,-0.34250624443033706,-67.66734313964844,0.19730719024580248,-0.5887831207175624,-0.7838394666227232,-0.7838394666227232,141.61347015594308
2888,0.3895390056526072,-1.2078536777402562,0.1382967554894652,-0.3641629365351573,-67.80810546875,0.21257589777520633,-0.5792416738962588,-0.7869501705361817,-0.7869501705361817,141.90140666536203
2889,0.44993869905907596,1.651158704284332,-0.03611923725763862,0.44848660360249354,-67.75534057617188,-0.2012680348379194,0.5646589272976411,0.80040706766967,0.80040706766967,36.83100794610322
2890,0.4417663103950029,-0.9855271253600129,0.244042223374038,-0.3682402289412038,-67.72750854492188,0.2032471580183559,-0.5710796447864622,-0.7953355468404701,-0.7953355468404701,142.68696038304603
2891,0.4102917244267391,-0.8589620870659772,0.2680122746977745,-0.3106585259483343,-67.70496368408203,0.20838941008720005,-0.5782384548849513,-0.7888055166235675,-0.7888055166235675,142.07402487106248
2892,0.4452104816803078,2.7115823989989716,-0.4046791760190254,0.1855994005770879,-67.8326644897461,-0.19810168895392363,0.5896383805806716,0.7829957221976414,0.7829957221976414,38.464314803757944
2893,0.41287504393844177,-2.6039167067767877,-0.354618888583264,-0.21145033877282107,-67.64871215820312,-0.2119079512356837,0.5697585167691024,0.7940215694627998,0.7940215694627998,37.43706213697133
2894,0.4581258834865032,2.299165413288561,-0.30495306738630723,0.3418814879632582,-67.76268768310547,0.19736560842750198,-0.5691023010801038,-0.7982289067149678,-0.7982289067149678,142.96130667839796
2895,0.4311042089315666,-2.057930044309158,-0.20179770018660656,-0.3809573823381144,-67.619384765625,0.1859034944823119,-0.5910372286991522,-0.7849298599434801,-0.7849298599434801,141.71419163016435
2896,0.4341902305910464,0.3822613721551402,0.40285188750149714,0.16196145552935468,-67.62353515625,0.16839749285529518,-0.5831055349700364,-0.7947516715851302,-0.7947516715851302,142.63180669332982
2897,0.5024880594081257,-3.0132757961967496,-0.4983569451944957,-0.0643008944273289,-67.67776489257812,0.19387628000062457,-0.5670174789302469,-0.8005642801428918,-0.8005642801428918,143.1840209735415
2898,0.4624828576396972,2.871813511218131,-0.4457547521038643,0.12326027173182347,-67.61336517333984,-0.1880909487972053,0.5575970078675603,0.8085217200531541,0.8085217200531541,36.04825009709427
2899,0.4673567246885631,-1.0705127162762258,0.22417906162558446,-0.41008054872219163,-67.85954284667969,-0.2040655528030525,0.5760802500084539,0.7915104520531502,0.7915104520531502,37.67310953566796
2900,0.3793384449052542,-2.0743812676902866,-0.18305679677095665,-0.3322466928941404,-67.7721939086914,0.20068374948857717,-0.5789103125591947,-0.7903093588613397,-0.7903093588613397,142.21443096181918
2901,0.3425347881999042,-2.1066984057453446,-0.17490403871243487,-0.29451427532334035,-67.73953247070312,0.20209868009448406,-0.5779181743891851,-0.7906748429125205,-0.7906748429125205,142.24862140227444
2902,0.49672436890268157,-0.7088492605670078,0.3770691631490407,-0.32334802436979476,-67.72515106201172,0.20888860804025988,-0.5890773770279342,-0.7806109103163317,-0.7806109103163317,141.31654385366485
2903,0.46144188738378955,2.6072116736126763,-0.39710953578057473,0.23501623778890335,-67.63468933105469,0.19056738481734287,-0.5869163745856083,-0.7869010363998543,-0.7869010363998543,141.89684433121235
2904,0.46098556895322446,-1.1206920522433916,0.20055611677602284,-0.41507220914781845,-67.67504119873047,0.1968123366484905,-0.5710031866892677,-0.7970070670537762,-0.7970070670537762,142.84524130944743
2905,0.42945238231395877,1.9316199290689582,-0.15161598215657834,0.4017983855490596,-67.46932220458984,0.1877871338366815,-0.584544370469586,-0.789331281096676,-0.789331281096676,142.12306252121812
2906,0.46415488571951574,1.1145925028473758,0.20448034514018731,0.4166863885329668,-67.58990478515625,-0.18845352082565717,0.584246929200299,0.7893926755477495,0.7893926755477495,37.87120774732023
2907,0.4094005125859604,-3.1374445131288646,-0.40939699029951865,-0.001698245960666972,-67.69607543945312,-0.1896556682087756,0.5866311617545293,0.7873338602999456,0.7873338602999456,38.062949995630404
2908,0.38749008271399454,-1.0987279099249017,0.17620315225105423,-0.34511014667565215,-67.68931579589844,-0.1846248502078304,0.5826865252356737,0.7914480892607633,0.7914480892607633,37.67895565499177
2909,0.38412573929837235,1.7207378582560928,-0.057380825940390436,0.3798157769312904,-67.59622192382812,-0.17023634522488545,0.5762007255417173,0.799382455805525,0.799382455805525,36.928828374693694
2910,0.39857518348264537,-3.0113694192450087,-0.39520041958976904,-0.05175717577587575,-67.59909057617188,-0.17359828659677054,0.5703835836451352,0.8028238925186513,0.8028238925186513,36.5993833057568
2911,0.3819669726510186,-1.4587843700459484,0.04269545613269563,-0.37957326858171275,-67.7432632446289,-0.1778302938268696,0.5741268501843724,0.7992213376123166,0.7992213376123166,36.944190226480636
2912,0.478736345342192,2.9487378044549843,-0.46986108596376125,0.09175537176946914,-67.68502044677734,0.18514572800134427,-0.5658533688892835,-0.8034494534938094,-0.8034494534938094,143.46077501094544
2913,0.46485991306022983,-2.941524365515915,-0.4555873564699078,-0.09238451923956513,-67.66669464111328,0.19879089118091778,-0.5761909736825308,-0.7927711797424739,-0.7927711797424739,142.44524195068593
2914,0.39614486807144533,2.218716353936455,-0.23908502111271543,0.31586248460188376,-67.82299041748047,0.1772198591771003,-0.574617329297634,-0.7990044094897745,-0.7990044094897745,143.0351353577434
2915,0.40571982910772764,0.20266039415196602,0.39741659892722336,0.08166165947568174,-67.66775512695312,0.17111863440296468,-0.5684144251679278,-0.8047505540358943,-0.8047505540358943,143.58617183439117
2916,0.39936301732109053,-1.7666141598860021,-0.0777035843706798,-0.3917307398963659,-67.7501449584961,0.18149250023917413,-0.5771305077094551,-0.7962291437946493,-0.7962291437946493,142.77150599360382
2917,0.39849254398139483,2.560952563591274,-0.3331842759717495,0.2185967654242509,-67.50581359863281,0.18891302858636602,-0.56618635168692,-0.8023371378627455,-0.8023371378627455,143.35386573987387
2918,0.4108061727967529,-2.544341165673088,-0.33968922482694736,-0.2310258473512937,-67.52079772949219,-0.1795941646202426,0.579226016829226,0.7951371941133847,0.7951371941133847,37.331784105353236
2919,0.4505823953665958,-3.01674280591188,-0.44707523153047013,-0.05610911125900813,-67.62408447265625,0.19214520590229045,-0.5804777656076485,-0.7912811026960763,-0.7912811026960763,142.30539420691795
2920,0.3628025958559853,-0.9738449008233531,0.20393995813610852,-0.30005702297277376,-67.7831802368164,0.1751355709848704,-0.5771995009141484,-0.797601572165114,-0.797601572165114,142.90167588705907
2921,0.3802153270385893,-2.058653125546768,-0.1782197719697881,-0.3358592082913585,-67.68738555908203,-0.16186030417028777,0.5793227720097567,0.7988656756707185,0.7988656756707185,36.97808152527599
2922,0.36570867419997344,-0.3264791997857674,0.34639097961316373,-0.11728650232543854,-67.66661834716797,-0.1800428746225612,0.5854757402938158,0.7904446348891573,0.7904446348891573,37.772917254256654
2923,0.44993358116705445,-3.1241970513443227,-0.4498655063632072,-0.007826470876810312,-67.64090728759766,-0.17087121307204559,0.5928266879049355,0.7869939940374081,0.7869939940374081,38.09452372680953
2924,0.44108986602064076,-2.9710461489336026,-0.4346906051679879,-0.07486219129036537,-67.6901626586914,0.19012915552195336,-0.5809456049620082,-0.7914247331842967,-0.7914247331842967,142.31885505861993
2925,0.499423683242419,2.9086960007703597,-0.4859402123641615,0.11526545619090574,-67.63227081298828,-0.18628514387801418,0.5877247868962086,0.7873229451998425,0.7873229451998425,38.06396435870316
2926,0.4560701740696261,-2.618617397051218,-0.3951104640894162,-0.22778877242512457,-67.70703125,0.18127841787746587,-0.5740058314048004,-0.7985333059585723,-0.7985333059585723,142.9902707592461
2927,0.3675891372396543,-1.3937789606575293,0.06473036501755622,-0.3618449304070562,-67.58668518066406,-0.16446576307048227,0.58277460474209,0.7958170473452707,0.7958170473452707,37.26750393003046
2928,0.357613236571631,-1.7201835865328003,-0.05322438070075351,-0.35363030451342625,-67.7402114868164,0.16572187495689153,-0.5821372111184582,-0.7960229441366601,-0.7960229441366601,142.75198233046072
2929,0.36594331814473663,-1.1348465155534004,0.15452745820758448,-0.3317164101377608,-67.63729095458984,-0.1667516130204785,0.6089314816968837,0.7754974855881266,0.7754974855881266,39.1498418740731
2930,0.4675618741882679,-2.640080309851454,-0.4099846696373451,-0.22478139793319793,-67.6351089477539,-0.17065192367551418,0.5834735733463583,0.7940003212545184,0.7940003212545184,37.43906481130037
2931,0.4041949739788904,2.557352585524148,-0.33715175147302334,0.22294006698767407,-67.68289947509766,-0.19134359029689516,0.5883854104399139,0.7856145614954881,0.7856145614954881,38.222446537968054
2932,0.37509369297232015,-1.2599395439510785,0.11473158357788106,-0.35711614670485686,-67.5364761352539,0.17210107412633874,-0.5574125760759956,-0.8122022163949585,-0.8122022163949585,144.31165533853127
2933,0.41625330799424093,2.588948818750791,-0.3542896929839045,0.21850773410000635,-67.52978515625,0.19641782462432858,-0.568762501063594,-0.798704736153312,-0.798704736153312,143.006591172269
2934,0.42225536096602134,2.8529156284480854,-0.4047830018168711,0.12020944765145503,-67.69759368896484,-0.19032017312106303,0.5926046539284563,0.7826863713170833,0.7826863713170833,38.492800630777154
2935,0.42223597072254576,-2.736947381059557,-0.3881370840599666,-0.16623122134375634,-67.70115661621094,0.17786783027797934,-0.5932369695005908,-0.7851324302115912,-0.7851324302115912,141.73292809602086
2936,0.4346634720910101,1.6358993515642917,-0.028277921366237947,0.4337426577285397,-67.70541381835938,0.18182994728901658,-0.5742659463094713,-0.7982208298322971,-0.7982208298322971,142.96053841421397
2937,0.43586461059873377,-3.0429288913124575,-0.43374486069704116,-0.042934305529380414,-67.58368682861328,-0.20077404296776594,0.5783958987531369,0.7906629926687657,0.7906629926687657,37.75248758205452
2938,0.4204077221921076,0.8682129386500498,0.2716638627973092,0.32084482001241826,-67.68708801269531,-0.19710447430787717,0.5969300959949986,0.7777044983174634,0.7777044983174634,38.949120724955485
2939,0.4651565669694656,-2.135686974222298,-0.24900922048736607,-0.39289316602238483,-67.73149108886719,-0.19802589419300978,0.5959019365523259,0.7782587148514605,0.7782587148514605,38.89857969598754
2940,0.38736351469571095,-1.2517021335793865,0.12151849418192023,-0.36780939097469073,-67.73519897460938,-0.19753624167257822,0.6039729455480864,0.7721373674883512,0.7721373674883512,39.45378752573704
2941,0.3677463660338662,2.8109404363295676,-0.347825838064104,0.11939252952391109,-67.55416107177734,0.18415139513474768,-0.59810465483202,-0.7799737723399399,-0.7799737723399399,141.25817408515502
2942,0.3999373534655156,-1.5373289281651625,0.013382364318597854,-0.3997133961005624,-67.59344482421875,0.21152108134715855,-0.5855458179511703,-0.7825566607125799,-0.7825566607125799,141.4952605803984
2943,0.3958040526701804,-1.933071121725231,-0.14027386397714306,-0.37011361930501946,-67.6688461303711,-0.20171709743798752,0.5985410647023414,0.775279824622169,0.775279824622169,39.16959067045864
2944,0.3759956270440921,-1.9530738526432814,-0.14025936453396737,-0.34885530269268905,-67.68746948242188,0.19960130199796788,-0.6064974534795178,-0.7696233878745996,-0.7696233878745996,140.3200814503888
2945,0.4046672968737322,-1.5915352806168759,-0.008391774796670625,-0.40458027543968983,-67.53742980957031,-0.20071388564142137,0.6054315634827289,0.7701730701923958,0.7701730701923958,39.630567051197175
2946,0.41681843435852167,0.09668204775052844,0.4148718632095478,0.040236107392832475,-67.64012145996094,0.21073528732143987,-0.5911531869397216,-0.778542579598933,-0.778542579598933,141.12732837434191
2947,0.4194262840555956,-1.6667252342884535,-0.040173423968786884,-0.4174979086933362,-67.68861389160156,0.18389782076504238,-0.5919965886522587,-0.7846793170091568,-0.7846793170091568,141.6910287282155
2948,0.42446456280270034,-0.7863168512170949,0.2998659075231071,-0.3004173806234102,-67.58888244628906,-0.18393916482337241,0.6078442841459986,0.7724582253268579,0.7724582253268579,39.42484853735285
2949,0.4295997171102791,-2.9476698135073156,-0.4215472217879348,-0.08278802295082031,-67.55008697509766,-0.17259132867822805,0.6066700287247819,0.7759920808308266,0.7759920808308266,39.104935180714016
2950,0.4508956786766998,-2.1592259772049722,-0.2502721128948602,-0.37506103844103034,-67.5043716430664,0.18938775770671926,-0.5936105462511895,-0.7821501113022905,-0.7821501113022905,141.45786130854503
2951,0.45236751226037053,-0.5042554183646628,0.3960633482504571,-0.21856392731023488,-67.6446533203125,-0.1777570319862976,0.5994721089316892,0.7804073476027857,0.7804073476027857,38.70211309177348
2952,0.39812794870659646,-3.1199778378549063,-0.39803494958702296,-0.008604792186822084,-67.64334869384766,-0.18400004956051272,0.5984786872151094,0.7797225421334234,0.7797225421334234,38.76482136232186
2953,0.4605138882361903,-1.7725426503881605,-0.09227802177611116,-0.45117381124739714,-67.60836791992188,0.20325523029970805,-0.5987838720149036,-0.7746903807139033,-0.7746903807139033,140.77696985111527
2954,0.44066518079212247,-0.91722057528275,0.26793726586560734,-0.34985057256351154,-67.66704559326172,-0.21064437712808431,0.600201293991376,0.7716134738814502,0.7716134738814502,39.50100069623263
2955,0.47626672646429824,2.6434590405688927,-0.4183888061500874,0.22755395321840327,-67.54043579101562,-0.19335149912200744,0.6001799238622387,0.7761438376873128,0.7761438376873128,39.09114775925693
2956,0.4289396725184748,-2.039605147324653,-0.19380521564210942,-0.3826601377857013,-67.62738037109375,0.1887908563978562,-0.6034869934257562,-0.7747008850559715,-0.7747008850559715,140.7779216490171
2957,0.42782584690755576,-2.686891611724285,-0.38435547606651355,-0.18789843879035045,-67.73535919189453,0.21007502398978212,-0.6025588553998176,-0.7699294188917283,-0.7699294188917283,140.34755115460518
2958,0.4166253839226729,-1.8185691646443147,-0.1021754682514251,-0.4039020725575899,-67.6434326171875,0.1976702591064884,-0.6133565086555745,-0.7646700346911851,-0.7646700346911851,139.87764576867093
2959,0.407293397750676,2.1382962639730083,-0.2189306113700809,0.3434491217872205,-67.588623046875,-0.18610387947455728,0.5955967203867638,0.7814281110307273,0.7814281110307273,38.6084814877262
2960,0.4210905188136101,-2.864609210867808,-0.40504053034074666,-0.11514944123182708,-67.71404266357422,-0.18954324106193876,0.5890100119361694,0.7855829463568373,0.7855829463568373,38.2253741406331
2961,0.44828731202752453,-1.211960269027874,0.15743162952436343,-0.41973419702255227,-67.76791381835938,-0.2065251852617708,0.6005350563272173,0.7724668238666678,0.7724668238666678,39.42407276849698
2962,0.42662887751555534,3.0075721680554253,-0.4228031636810281,0.05700599890797898,-67.59258270263672,0.2183833092627034,-0.5927794754932122,-0.7751910884868729,-0.7751910884868729,140.82236052721507
2963,0.38659071418751767,-2.080253137962705,-0.18854149353561242,-0.3374973859326552,-67.60791778564453,0.2122263151962352,-0.5834795004259165,-0.7839079433970237,-0.7839079433970237,141.61978888991868
2964,0.39709227731420854,3.1066667514995894,-0.39685011165202416,0.013865986598877578,-67.72259521484375,-0.2001102752344494,0.5922941270497154,0.7804764857495764,0.7804764857495764,38.69577728757384
2965,0.45379654883144444,-1.7172367807998292,-0.06621691103482516,-0.4489394485054032,-67.67667388916016,-0.20882423455698593,0.6104349343192552,0.7640429503793197,0.7640429503793197,40.17807636636813
2966,0.41576776433152907,2.5621380486758323,-0.3478984228172175,0.2276609787788203,-67.70489501953125,0.2003964376858138,-0.600866598894358,-0.7738220713419608,-0.7738220713419608,140.69835922626243
2967,0.3762098417037995,-1.0740547179101854,0.17928787565626125,-0.3307411414346012,-67.5545883178711,-0.1894387103314303,0.607689776477955,0.771249707028883,0.771249707028883,39.53375553688577
2968,0.3772674498487474,-0.8437893858119587,0.2507456421018539,-0.2818818044541118,-67.60417175292969,-0.19945432261106194,0.6057058997428283,0.7702845813129673,0.7702845813129673,39.620549113200966
2969,0.40828027643331555,-1.8193933288999435,-0.10045504874818807,-0.39572915902857564,-67.73982238769531,0.20588735226558882,-0.5997783895122957,-0.7732245997451855,-0.7732245997451855,140.64434479583636
2970,0.4382237914412111,-1.3642646598374923,0.08986502609231466,-0.42891067656394105,-67.64142608642578,-0.19342026912797702,0.609701556688571,0.7686693770809361,0.7686693770809361,39.76545001440419
2971,0.46056029301114004,-1.0870040466031792,0.2142248213690668,-0.40770517461506245,-67.66996002197266,0.1848194736357444,-0.6040645633113473,-0.7752082078490126,-0.7752082078490126,140.82391322923007
2972,0.4743820673034299,0.6630107631453879,0.3738807653238225,0.2919786278136616,-67.7833023071289,0.19745401591747705,-0.604578126964684,-0.7716846506144432,-0.7716846506144432,140.50541096303303
2973,0.4181968802964979,1.9165151006334293,-0.14171563570018422,0.39345305855694657,-67.7190933227539,0.19133304699463016,-0.6037305058954673,-0.77388703399072,-0.77388703399072,140.70423592502817
2974,0.3558830469168809,2.9853808845498953,-0.3515497197051504,0.055367297731359476,-67.64476013183594,0.18465425927673892,-0.590928054511153,-0.7853068438022317,-0.7853068438022317,141.74906647277894
2975,0.43499435197309555,-2.9483185197435913,-0.4268950283179686,-0.08355070942783269,-67.72760009765625,0.17607690285346614,-0.5905561948697388,-0.7875533664346223,-0.7875533664346223,141.9574540390791
2976,0.4750429579864036,-0.1398273567262967,0.47040657322149226,-0.0662077624035492,-67.51535034179688,-0.1932581381218229,0.6056970743926108,0.7718693841071289,0.7718693841071289,39.47794402691945
2977,0.5071181765060765,1.4279285358998417,0.07220463680125036,0.5019515269099674,-67.70760345458984,0.1874975520295549,-0.6173386000118603,-0.7640273037780265,-0.7640273037780265,139.82053411186024
2978,0.4304487166385619,2.697019439169292,-0.38860664627529357,0.18512420729459933,-67.56379699707031,-0.1610759437589299,0.6100004988214782,0.7758569016124803,0.7758569016124803,39.11721305335305
2979,0.38601311806781813,-2.1867119539251503,-0.2230021485267312,-0.31508121028220804,-67.78498077392578,0.17054065112352576,-0.6168670391847778,-0.7683690143946266,-0.7683690143946266,140.20765283632835
2980,0.3751202247202113,2.4490539329071725,-0.2887028562225601,0.2395116778010576,-67.6485824584961,0.16703636915814782,-0.6039380974100853,-0.7793315250104729,-0.7793315250104729,141.1994111463594
2981,0.449853802537566,-2.6067455358607425,-0.38703017370998755,-0.2292947629047037,-67.72052764892578,-0.18196635525909063,0.5984939243803122,0.7801879696801122,0.7801879696801122,38.72221104873385
2982,0.47155077742513046,-2.9248459606440766,-0.46051755097823743,-0.1014086827212121,-67.62322998046875,-0.1656260577271024,0.6157508857634512,0.77033684559633,0.77033684559633,39.615853065337724
2983,0.48129794128116515,-1.495995822047094,0.035967766400273285,-0.4799521101752375,-67.67865753173828,0.1688922321416437,-0.6214470754704844,-0.7650352582145448,-0.7650352582145448,139.91012884343678
2984,0.4853588632836668,-1.8001583943718762,-0.11034941659977941,-0.47264810633715804,-67.62191772460938,0.16702978396552626,-0.6102743549476636,-0.7743812129446601,-0.7743812129446601,140.74896484403664
2985,0.3938370000732769,-1.8419174038420354,-0.10547416843683506,-0.37945063238750365,-67.70358276367188,0.1637969213657499,-0.6196059931378592,-0.7676320614843738,-0.7676320614843738,140.14172363531605
2986,0.3608518351257287,-1.864560194516719,-0.10448713667580914,-0.3453932326825424,-67.68171691894531,0.15953488372225164,-0.6295022205567151,-0.7604443274756494,-0.7604443274756494,139.50338448869857
2987,0.5068329228434795,-1.8680509423354499,-0.1484495031851867,-0.4846053617967259,-67.61084747314453,0.15634110997609543,-0.6102363006983195,-0.776639629842228,-0.776639629842228,140.9539244707787
2988,0.41885769680053914,-1.7436289538856864,-0.07203240766144539,-0.41261738016659905,-67.65420532226562,0.16465201361902154,-0.6036691571539622,-0.7800469621197346,-0.7800469621197346,141.2648754104676
2989,0.41140381328928,-1.7185168529037873,-0.06055200468514669,-0.40692327571370346,-67.54957580566406,0.17542389649128914,-0.6155493199151635,-0.7683264223569259,-0.7683264223569259,140.20383999329366
2990,0.4538908397022153,-0.8757660257970544,0.29067564805623725,-0.34860373204064904,-67.72390747070312,0.18674219939013303,-0.6038199410456531,-0.7749379522016973,-0.7749379522016973,140.7994074457799
2991,0.4616011373404399,3.14084344411643,-0.46160100778866286,0.00034583591265683716,-67.65374755859375,-0.177480663374404,0.6369076153874285,0.7502328329190086,0.7502328329190086,41.38944937841634
2992,0.4474343649044915,-1.2327276985091786,0.14839861465516532,-0.4221082350131461,-67.70068359375,-0.16372385370448755,0.6384067280929683,0.7520846689394636,0.7520846689394636,41.22871754088652
2993,0.4140619346032434,2.8425476999826538,-0.3956851574451752,0.1219858264921279,-67.55358123779297,0.17901357756392788,-0.6208765427963298,-0.7631949014852242,-0.7631949014852242,139.7466687028599
2994,0.3729789678317143,-2.8597523236242552,-0.35826316678464815,-0.103734342289554,-67.67400360107422,0.16727540746545513,-0.6347299230799793,-0.7544116003907613,-0.7544116003907613,138.9739832413657
2995,0.4237159045748046,2.76320670103706,-0.3937431350590931,0.15652958628796568,-67.77562713623047,-0.17479760978893616,0.6283061387554516,0.7580746609762723,0.7580746609762723,40.705243006951186
2996,0.4017297696195845,-1.8767126845620536,-0.12098779535265072,-0.383078009254394,-67.58834075927734,-0.18405839542114116,0.6169516888526047,0.7651752222183582,0.7651752222183582,40.07741692237129
2997,0.3755247551950929,2.6422540099887737,-0.32967297270165713,0.1798181660299839,-67.66609191894531,0.19252845979790492,-0.6145232910581805,-0.7650450424091836,-0.7650450424091836,139.9109993530946
2998,0.35857196831954796,3.1033554677056796,-0.3583098693768715,0.013707442200651714,-67.54136657714844,-0.17796810396170984,0.6154888703952753,0.7677895573604933,0.7677895573604933,39.84419412552243
2999,0.3869129403699037,-2.8960111518525613,-0.3753040486279499,-0.09406643667724451,-67.58450317382812,0.17149600056408157,-0.6216136677102024,-0.7643203319985638,-0.7643203319985638,139.84656358654087
3000,0.41607755998664886,-0.6547023890358435,0.33004486399126837,-0.253359277859384,-67.64122009277344,0.182887907369177,-0.6275975361482727,-0.7567518390851395,-0.7567518390851395,139.1786779300983
3001,0.4611085548758335,0.11144104610410946,0.45824823874445014,0.05128012351085965,-67.69758605957031,0.16532470195075483,-0.6174593672448432,-0.7690329464506004,-0.7690329464506004,140.26712753767964
3002,0.4639037523716296,-2.6883130271471267,-0.417056774236788,-0.20315102393953885,-67.60472869873047,-0.167931995538423,0.604168007077736,0.7789607590233285,0.7789607590233285,38.8344782823634
3003,0.404895904834832,-2.163987983556818,-0.22634096589136699,-0.3357237866332685,-67.67305755615234,-0.18621192313753243,0.6049309784052411,0.7741987025609767,0.7741987025609767,39.267559433494355
3004,0.4310845748031674,-1.5421112613482588,0.012363993494878163,-0.430907231661394,-67.7120361328125,-0.17048920151419608,0.6119157949882718,0.772329263987144,0.772329263987144,39.43648202602985
3005,0.4572706685061271,2.8789378479953998,-0.4415881477239092,0.11872814352885057,-67.57347869873047,0.19091172551077848,-0.6124918171059033,-0.767076584860212,-0.767076584860212,140.0920896457335
3006,0.4568001807189366,-2.2395595774926584,-0.28322347633669265,-0.35840042906867736,-67.66459655761719,0.2019222420446334,-0.6185563655541443,-0.7593519808363685,-0.7593519808363685,139.40710320931012
3007,0.41566796706958975,-1.4590794914174776,0.04634057587952955,-0.4130767602697096,-67.6605224609375,0.2008839366739881,-0.6196311974000499,-0.7587508307705118,-0.7587508307705118,139.3541973045549
3008,0.3532783162052625,-3.008431802559475,-0.35015080928223685,-0.046903938638669214,-67.54039001464844,-0.18950187348105735,0.6177509985992169,0.763199019703799,0.763199019703799,40.25296613312379
3009,0.35484183638626376,0.7846084345794386,0.2511091421955224,0.25071283883320555,-67.53838348388672,0.17295992897521914,-0.6230930920779786,-0.7627842824636537,-0.7627842824636537,139.7102727452218
3010,0.4680968042312704,-2.764117344439923,-0.4351419159388412,-0.17252863856358097,-67.73822784423828,-0.14288367159488527,0.6239563334751458,0.7682855916310143,0.7682855916310143,39.79981489102582
3011,0.5083476112955704,2.4682354190332454,-0.3973918271628157,0.31701266475349393,-67.67414855957031,-0.16647775068035572,0.6210704431601377,0.7658698735172181,0.7658698735172181,40.01555799034274
3012,0.4562691490273255,-2.1057351710310974,-0.232600732268704,-0.39252826102356303,-67.5127944946289,0.16743997985570383,-0.6119503717948862,-0.7729686899260682,-0.7729686899260682,140.6212282502758
3013,0.4467232778737416,-0.7910379564541431,0.314094541095597,-0.31765752981506123,-67.48575592041016,-0.14454882102992447,0.5989502902417815,0.78763201316233,0.78763201316233,38.03523315113792
3014,0.46345404400739193,-1.3330710503005465,0.10913994591051328,-0.4504199408479334,-67.56513977050781,0.17534998700350776,-0.6013019314194662,-0.7795436930211734,-0.7795436930211734,141.21881533264778
3015,0.4426053682282701,-1.4149155113349519,0.0687146140403382,-0.4372388521183473,-67.55830383300781,-0.17302144792306495,0.6004803875263284,0.7806964088266557,0.7806964088266557,38.67561776735624
3016,0.43044158753399303,2.5311316543621456,-0.3526968805889665,0.24674859817554484,-67.79881286621094,-0.17548545339195995,0.6095238386814714,0.7731012519242366,0.7731012519242366,39.36679873394888
3017,0.42402182709957004,-1.7542162405770445,-0.0773386896565395,-0.4169091471040988,-67.64283752441406,0.14890469371651052,-0.6037872794461152,-0.7831144956953939,-0.7831144956953939,141.5466269033626
3018,0.43176578032637203,-2.986876025367302,-0.4266084408701426,-0.06653515791810363,-67.64043426513672,0.16744039486308948,-0.6110591537888462,-0.7736733320587909,-0.7736733320587909,140.68490663647478
3019,0.41203988755327625,-0.615295183228681,0.33647305066979083,-0.23782925620680254,-67.70768737792969,-0.1633091944568485,0.6068038512610645,0.7778940757587727,0.7778940757587727,38.93183867679351
3020,0.42173263682789075,1.0076442649504793,0.22514372055827617,0.35660723781070747,-67.4771499633789,0.1519097970425455,-0.5832982628630895,-0.7979264064457291,-0.7979264064457291,142.93254249723356
3021,0.40201882934336086,-1.802049273617039,-0.0921416288208688,-0.3913170829197769,-67.55950164794922,0.15156619366917964,-0.5752253546438613,-0.8038305047156901,-0.8038305047156901,143.49746136706966
3022,0.4367973718586471,-2.1770181024536757,-0.2488725379663513,-0.3589629561790579,-67.672607421875,-0.14065053309121883,0.5893654802572601,0.7955286030195805,0.7955286030195805,37.29478792667258
3023,0.4011651461888371,2.9964937564711587,-0.39694954683899775,0.058004584138026255,-67.76021575927734,0.16397341497567808,-0.5815403824901246,-0.7968208724139031,-0.7968208724139031,142.82758149444348
3024,0.4045166578634385,2.7086291351327962,-0.36719043166216403,0.169720103066077,-67.67183685302734,-0.14309207993877923,0.6051369466896457,0.7831563907738525,0.7831563907738525,38.44951299104187
3025,0.4789250116565461,-2.2767936123066557,-0.3107232196640425,-0.3644451228262412,-67.75056457519531,0.15620460189515972,-0.5967893968201651,-0.7870467191913059,-0.7870467191913059,141.91037300920502
3026,0.48248778859350144,2.0732551529261585,-0.23235739083293833,0.42285282199266033,-67.81649780273438,0.1465562011000856,-0.6039286059020831,-0.783448478773351,-0.783448478773351,141.57740836009359
3027,0.486006752873135,-1.4497883730565815,0.05866726097948833,-0.4824528125396857,-67.75263977050781,0.16161266450705714,-0.592189089466162,-0.7894260123584523,-0.7894260123584523,142.13190377042784
3028,0.4878682167542945,3.1402961541644396,-0.48786780672288443,0.0006325206854683911,-67.51171875,-0.14801780071923518,0.5954178270396439,0.7896634358469624,0.7896634358469624,37.8459298307276
3029,0.48301000258585114,3.0742411953765805,-0.4819148970926442,0.03250683863697101,-67.72216033935547,0.16244683747554992,-0.6028634336654025,-0.7811316824603602,-0.7811316824603602,141.36430827801362
3030,0.4500243390745553,2.6929615291272846,-0.40549068301410673,0.19519019378094674,-67.63473510742188,-0.14915786995342778,0.6097349186014704,0.7784441270052814,0.7784441270052814,38.881658947455094
3031,0.46569730008204474,2.665129322904284,-0.4138291141033631,0.2135870773809402,-67.70768737792969,0.16234608364946887,-0.5900517299831339,-0.7908746456092713,-0.7908746456092713,142.26732376413068
3032,0.4775926551958931,-0.16244926451205408,0.4713047229285056,-0.07724378578466866,-67.72754669189453,0.15788675386151804,-0.6064932327676309,-0.779254599962131,-0.779254599962131,141.1923778538987
3033,0.4481004426810986,-3.1379943112674225,-0.4480975416668465,-0.0016124153079568589,-67.66121673583984,0.16689918604807338,-0.6073148592076554,-0.7767324658349724,-0.7767324658349724,140.9623690058891
3034,0.4177652538629793,2.9315316526704867,-0.40858202020983764,0.08711222702036368,-67.5908432006836,-0.14777948607491842,0.5955375248739808,0.7896178062597156,0.7896178062597156,37.85019076974799
3035,0.36869576492907147,-2.282632278955692,-0.24084128654397174,-0.2791631096195871,-67.54634857177734,0.14961080170216995,-0.5890332726863006,-0.7941387861592584,-0.7941387861592584,142.57398734996391
3036,0.44941132924095883,-1.9908427130889836,-0.18327120175665088,-0.41034401355057987,-67.84266662597656,-0.1631372606700157,0.6041392419825097,0.7800012887668084,0.7800012887668084,38.73930659943603
3037,0.4240694553573629,-2.290239464291295,-0.27944731766388536,-0.31897350927240015,-67.54519653320312,0.12882089832094928,-0.6200727190497548,-0.7738959873562,-0.7738959873562,140.70504592869239
3038,0.4467770906087116,-1.6095994388004835,-0.017331991314485207,-0.4464407808095711,-67.68645477294922,0.1488178341558176,-0.6105296577096139,-0.7778861030344696,-0.7778861030344696,141.06743439259827
3039,0.4597203091092369,-2.251184851952991,-0.28920778606901953,-0.3573536330926951,-67.60706329345703,0.1669044821905275,-0.618432211054457,-0.7679091705110752,-0.7679091705110752,140.16650366275078
3040,0.46416771816719654,-2.9359982020080766,-0.4543922535231331,-0.09475943502739315,-67.55718994140625,-0.14128697396930479,0.622324268396582,0.769902913328204,0.769902913328204,39.65482864437383
3041,0.42927764501939847,0.1810833200762748,0.42225859887266365,0.07731088016246879,-67.61254119873047,-0.16076037040869823,0.612077829455819,0.7742847241129789,0.7742847241129789,39.25977186884376
3042,0.4268370826084193,-1.9231694800837058,-0.1473126241570469,-0.4006106412136742,-67.5567855834961,-0.16040933710183783,0.6340898016463578,0.756438343831559,0.756438343831559,40.84879171982125
3043,0.4824846604978795,-0.6361577851031417,0.38810312688314835,-0.28664858366870916,-67.82288360595703,0.1590256336133745,-0.6215811833659038,-0.7670382522008322,-0.7670382522008322,140.08866637056389
3044,0.4361657138395316,-2.4095786402641854,-0.324433059013652,-0.2915196736897741,-67.74130249023438,0.14377690175449725,-0.6131288891400701,-0.7767890111373495,-0.7767890111373495,140.9675132243188
3045,0.41767580478804106,-2.3518120434481355,-0.2940442439809441,-0.2966328715550804,-67.65972900390625,-0.1498459094031421,0.5959810913761123,0.7888933655173451,0.7888933655173451,37.91778527947257
3046,0.40465156755629067,-1.6975139321744213,-0.05113936038278458,-0.4014070962818208,-67.4334487915039,0.1625419561692987,-0.5859069348142718,-0.7939100554982299,-0.7939100554982299,142.5524285297124
3047,0.40756380490451016,2.8907101833032307,-0.39480449742347307,0.10118134157264608,-67.7270278930664,0.1506887907912379,-0.6011887765349181,-0.7847706310115861,-0.7847706310115861,141.69946941020376
3048,0.412058330442445,0.8203545296391048,0.2810081031814899,0.3013743745466033,-67.7170639038086,0.1512446402823469,-0.6035671583806762,-0.7828357069718648,-0.7828357069718648,141.52094835692085
3049,0.44276068947951525,2.147776105772224,-0.24152380389119374,0.37108392622465325,-67.71247863769531,-0.15238100840886587,0.6146499969726237,0.7739414767912695,0.7739414767912695,39.29083846308393
3050,0.4980222789601692,3.1335820052984604,-0.49800629987976663,0.003989438650308977,-67.49471282958984,0.14442031996929142,-0.6088700072564742,-0.7800128751780119,-0.7800128751780119,141.26175425636313
3051,0.44343918409514976,-2.3774215647023937,-0.3201436510556013,-0.30683277641047657,-67.7279281616211,-0.16901418891377348,0.6033249206384544,0.7793800382883963,0.7793800382883963,38.79615271020425
3052,0.3929704836541016,-0.7802039467682287,0.27931166668791274,-0.276425023967366,-67.67626190185547,0.16621988142002125,-0.6181325796346359,-0.7682988123217065,-0.7682988123217065,140.20136850317388
3053,0.4226945152526972,-2.9077042709868754,-0.4111856310804594,-0.09796443241134496,-67.61686706542969,0.16725620705680982,-0.6050054038294984,-0.7784560504858802,-0.7784560504858802,141.119429403721
3054,0.41981804880118323,-2.4464281784394655,-0.32239858371775876,-0.2688983958970674,-67.77117156982422,-0.14763279980465416,0.6131906174570008,0.7760166384070261,0.7760166384070261,39.10270435143316
3055,0.39742403352588535,-2.3633799563418534,-0.28303322560405647,-0.2789947232980353,-67.69204711914062,0.15829206877150753,-0.6073920819843596,-0.7784718875506946,-0.7784718875506946,141.12087501858736
3056,0.40622944089374247,-0.9316653329862934,0.24231512612759534,-0.3260456076971597,-67.4901351928711,-0.14992110495922698,0.6084377443673651,0.7793119872791369,0.7793119872791369,38.80237529910037
3057,0.4558295172736303,-2.4454206526538904,-0.3497591929674059,-0.2923167045392715,-67.66289520263672,-0.1414766319714675,0.5979600669218682,0.7889411391053233,0.7889411391053233,37.913330881692836
3058,0.46095398527055736,-0.8397207514164072,0.3077654886132634,-0.3431602840589925,-67.61017608642578,0.16066048957956397,-0.6005263157134273,-0.7832983794338604,-0.7832983794338604,141.56357191859354
3059,0.46334528993062124,-2.0017682154422,-0.19356435700770622,-0.42097707466925643,-67.62508392333984,0.15910792470257112,-0.5967918720739586,-0.7864630504501154,-0.7864630504501154,141.85619573789447
3060,0.3699169876105634,-1.805278483228613,-0.08594627024341576,-0.35979413051649334,-67.60601043701172,0.16187803096404016,-0.5961195736244008,-0.78640762778159,-0.78640762778159,141.85105468916893
3061,0.40252643656933024,-1.0776095234914438,0.19057023025725933,-0.3545567930203823,-67.6821517944336,0.1500173175169618,-0.5971370376139806,-0.787986143758007,-0.787986143758007,141.99770977322197
3062,0.4651724640407265,2.757719261596625,-0.4313176551133612,0.17421395377303342,-67.62879943847656,-0.12906569027496534,0.5882329085410781,0.7983258062364954,0.7983258062364954,37.02947528125625
3063,0.45921760514282894,-0.971892196845277,0.2588782645581965,-0.37929256915005805,-67.58271789550781,0.14489299023225904,-0.5905924953107096,-0.7938554817246173,-0.7938554817246173,142.54728628856694
3064,0.4567451555399769,3.1121441264734924,-0.4565471215559585,0.013448528105579815,-67.70439910888672,-0.13907618304273017,0.5892623892432258,0.7958816821196666,0.7958816821196666,37.261387774082145
3065,0.39962563498417175,-2.8832043669656873,-0.38635928794107055,-0.10211341125518936,-67.67057800292969,-0.14143540000804591,0.6045478274025717,0.7839119542444767,0.7839119542444767,38.3798409795361
3066,0.37900510834190276,-2.9495241404783643,-0.3720357643501886,-0.07234820103933748,-67.73512268066406,-0.15423979683237327,0.597050486286374,0.7872361792361379,0.7872361792361379,38.072026885585885
3067,0.41096126397951727,2.8809787222397385,-0.39708391013201755,0.10589395075220424,-67.49424743652344,-0.1606680051948207,0.5994694230642665,0.7841059895943358,0.7841059895943358,38.36193132833782
3068,0.41778226749043273,3.0142692251436416,-0.41440045229199807,0.05304986493512421,-67.68312072753906,-0.15312172651255507,0.5976829745820011,0.7869744587752676,0.7869744587752676,38.09633788700767
3069,0.4712064479285497,3.0324579546922688,-0.46840310747460495,0.051322952736321675,-67.53030395507812,-0.15175231202567602,0.5972210402494754,0.7875901630151284,0.7875901630151284,38.039124652465084
3070,0.4835930053100382,-0.6926370859417058,0.3721561215195518,-0.30880740923805444,-67.73841857910156,0.1544420527831405,-0.6152098191153896,-0.7730876604862733,-0.7730876604862733,140.63197354543044
3071,0.4791734323086904,-0.5758938349591121,0.40188556980480156,-0.2609505068267948,-67.62210845947266,0.14464096623733613,-0.608466608319858,-0.7802867277133826,-0.7802867277133826,141.2868354217483
3072,0.37699969032375413,-2.584538931649246,-0.32000354017538885,-0.19931507915715965,-67.60469818115234,-0.1464847161149641,0.6138256686709866,0.7757320906249365,0.7757320906249365,39.12854634247658
3073,0.36297334872628395,-2.8754606201534854,-0.3501950144561411,-0.0954625776712303,-67.78031921386719,-0.15778664540729537,0.6065610441009301,0.7792220956250547,0.7792220956250547,38.810593709926266
3074,0.40898908886663643,-2.2089557768782377,-0.24364221659203955,-0.3284974050218344,-67.62709045410156,0.15108957582415938,-0.6074841733549833,-0.779830057897545,-0.779830057897545,141.24501829659212
3075,0.4609936625587665,-1.4109699861106322,0.07336564915894778,-0.4551182686322667,-67.52391815185547,-0.16501996135069502,0.6088947596700379,0.775896632292074,0.775896632292074,39.11360478545597
3076,0.47328711943402335,-1.567165274051691,0.00171852671700711,-0.4732839994000203,-67.65278625488281,0.16271968512828305,-0.6005829561777634,-0.7828297495755584,-0.7828297495755584,141.52039979376173
3077,0.4576769580207827,-1.7419473968513024,-0.07795003549478534,-0.45099001083119233,-67.62845611572266,0.16651487005445928,-0.5857421400298134,-0.7932080076777094,-0.7932080076777094,142.48632362350233
3078,0.45204914558666404,-1.7527678472609138,-0.08180683310160783,-0.44458528100187783,-67.60277557373047,0.15318127317365993,-0.595910783174118,-0.7883056742442655,-0.7883056742442655,142.0274548474785
3079,0.39217020610050674,-1.5574375282599677,0.00523876695524655,-0.3921352137639548,-67.52828216552734,0.14811101839580013,-0.6084468394583261,-0.7796509281614004,-0.7796509281614004,141.22862581688395
3080,0.39072004111946657,2.6482769936721495,-0.3441335435397484,0.18502501112869515,-67.6910400390625,0.16079238570292778,-0.6026261978664541,-0.7816568776291694,-0.7816568776291694,141.41252888141148
3081,0.4013127853085155,-2.0941649914760223,-0.20057641296814724,-0.3475932309653194,-67.66504669189453,-0.15751988732956274,0.6156793492872465,0.772092237985148,0.772092237985148,39.45785644620532
3082,0.41913834844996994,2.6456307421680902,-0.36863694073007447,0.19945867008114732,-67.75975799560547,-0.1359885159175409,0.6217495735232613,0.7713200317392175,0.7713200317392175,39.527425023505444
3083,0.47882088300795655,-2.715798866683972,-0.4360675175488718,-0.19777400775451665,-67.7054443359375,0.14774210870009413,-0.6182489762110277,-0.7719718082487635,-0.7719718082487635,140.5312872080455
3084,0.4913708286821239,-2.0793085841667915,-0.2392377877898575,-0.429197591061707,-67.68561553955078,-0.14475647667557304,0.6144873143035627,0.7755326576105411,0.7755326576105411,39.14664986440438
3085,0.4980366653044959,-1.7010614828133177,-0.06469349693342391,-0.49381704247843405,-67.6411361694336,0.14438400849329963,-0.6105978581501084,-0.7786677813508833,-0.7786677813508833,141.13876004064736
3086,0.4429077221024445,-1.8619306083548137,-0.1271317716082006,-0.4242696818601779,-67.60755920410156,-0.14061119729048818,0.627048662697705,0.7661843549731064,0.7661843549731064,39.987527141643895
3087,0.43485851632244615,-2.299760424550539,-0.2896581051295532,-0.3243456664592821,-67.70832824707031,0.14358168298008625,-0.6072516046420456,-0.7814280446543155,-0.7814280446543155,141.39151241753535
3088,0.4610271746996683,-1.1682769346953856,0.18060168714006045,-0.42418048801627145,-67.63939666748047,0.16044066810263283,-0.6177414682052522,-0.7698404188391256,-0.7698404188391256,140.33956076708736
3089,0.4928624688367063,-3.1053702884140058,-0.49253917168669525,-0.01784874062777058,-67.55799865722656,-0.1459432128373636,0.6018638199330708,0.785149998969802,0.785149998969802,38.265446539173034
3090,0.4026936875607727,-1.9526940814153244,-0.1500767605584222,-0.37368325081756504,-67.61669921875,-0.16987205415963716,0.614385448354105,0.7705024374175015,0.7705024374175015,39.60097124534555
3091,0.5160299767751503,1.303766573126207,0.1361636056022612,0.4977413077492705,-67.6500244140625,0.16920692887609373,-0.6180508556830104,-0.7677122866086092,-0.7677122866086092,140.14889631695897
3092,0.3886434536996518,-2.4666654976658045,-0.30343433608671994,-0.2428401486311621,-67.56687927246094,-0.19415314993851135,0.5934012864979046,0.7811398514680875,0.7811398514680875,38.63494207632886
3093,0.5221894238610346,-2.110275125663363,-0.26824290191263817,-0.4480262715129617,-67.4858169555664,-0.18800980183919003,0.6144370406342651,0.7662371940261025,0.7662371940261025,39.982815804891295
3094,0.39519316635384677,-2.8714444824814453,-0.38086004921169825,-0.10546687464432603,-67.68025207519531,-0.16265929667619755,0.6096099506847172,0.7758335267510559,0.7758335267510559,39.11933578509916
3095,0.47646614802742016,-0.5972880552237667,0.39397263699065554,-0.26796557898117546,-67.67242431640625,0.14907055127167806,-0.605984276894219,-0.7813840457166686,-0.7813840457166686,141.3874725763826
3096,0.46940292420743307,1.5824619087298721,-0.005475734075943313,0.46937098503296804,-67.70355224609375,-0.17692747140801626,0.5924062222937138,0.7859717155527014,0.7859717155527014,38.18936040645571
3097,0.3887713660569697,-2.4305676673217276,-0.29456948148306733,-0.25371636849954954,-67.77373504638672,0.16003172865699108,-0.5999229113181387,-0.783889243642636,-0.783889243642636,141.61806327194137
3098,0.46723583942847796,2.7064364527494513,-0.42369142465753923,0.19696422598558144,-67.68104553222656,0.19187591333972392,-0.6011959507932,-0.7757235735942973,-0.7757235735942973,140.87068038077683
3099,0.48694157187037185,-2.4040441526323257,-0.36039488170728695,-0.3274562927396253,-67.60487365722656,-0.17467880705862845,0.5999413110995353,0.7807417867648339,0.7807417867648339,38.67145703980041
3100,0.4169112317113504,-0.7740228661467798,0.2981350600212729,-0.2914283121338545,-67.70152282714844,0.17361587861800962,-0.6010517115430658,-0.7801245841164397,-0.7801245841164397,141.27198362155843
3101,0.4215660613623244,0.8814479049541105,0.26813056751914477,0.32530592194794794,-67.81550598144531,-0.1737993989615914,0.605772174781971,0.7764237510409576,0.7764237510409576,39.06570633791055
3102,0.49219060454498925,2.835269604574026,-0.4692785487850357,0.14842248769163274,-67.59105682373047,0.18203986884720935,-0.6079377827602012,-0.7728344832127391,-0.7728344832127391,140.609109788057
3103,0.40364564648770035,-1.6301017526007267,-0.02392434699574447,-0.40293601669409096,-67.61198425292969,-0.18987971155428,0.6048377922620973,0.7733802041632404,0.7733802041632404,39.34159376728766
3104,0.5332836245073963,0.8145064720860404,0.36595386860402157,0.38790358366673566,-67.69223022460938,0.19494799704198895,-0.6031128218340459,-0.7734663551756412,-0.7734663551756412,140.66619321476978
3105,0.4243263237887812,2.6288877993136017,-0.36976681353611957,0.20814738208165434,-67.76075744628906,-0.18395123029145696,0.6097149876771046,0.7709796227373119,0.7709796227373119,39.5580602026088
3106,0.4536101385748948,-0.8030121306725961,0.3150516474741707,-0.3263504515727627,-67.6070785522461,0.16578829810411502,-0.6058845105669114,-0.7780862420495785,-0.7780862420495785,141.08568596137917
3107,0.480664231074618,-1.8311715964320934,-0.12374373325425529,-0.464462691197962,-67.71045684814453,0.1763832077293214,-0.5889962677447688,-0.7886522431425956,-0.7886522431425956,142.05973930897957
3108,0.3897479217658214,0.6365641040554024,0.3134130321548099,0.23168019724677577,-67.71648406982422,-0.18934895699928606,0.5950871380344317,0.7810366640749152,0.7810366640749152,38.644410376707036
3109,0.4709580957582745,2.472103538977054,-0.36929652370807975,0.2922697478997574,-67.69163513183594,0.19770646126863559,-0.5860528880709277,-0.7857825192483976,-0.7857825192483976,141.79310975306385
3110,0.3827370387148703,-1.775635226576735,-0.07785232300951528,-0.37473544882523485,-67.784912109375,-0.18899982727437262,0.600477212181137,0.7769853170693942,0.7769853170693942,39.01462338640441
3111,0.45793409894416137,-0.8789272747925057,0.29215168296224,-0.3526344185103487,-67.57583618164062,-0.18212116020202612,0.6076172040865249,0.7730674073486364,0.7730674073486364,39.36985586999123
3112,0.4627571835302588,-1.8497319353584474,-0.12741211677579678,-0.444871176193253,-67.62255096435547,0.1741055577971028,-0.6127419131895151,-0.7708661379026922,-0.7708661379026922,140.431731112867
3113,0.4223189294235536,-1.944745742806583,-0.15427088805019334,-0.39313327415732846,-67.81716918945312,-0.19228945816755996,0.6189772585743347,0.7615063477381048,0.7615063477381048,40.402825262003155
3114,0.3980225143982536,-1.105986450703126,0.1784147290274452,-0.355795034302014,-67.66632080078125,0.21170262954764585,-0.6127674810565304,-0.761379019150283,-0.761379019150283,139.58592045245092
3115,0.48914915894328925,2.575954768966941,-0.41296265867887294,0.2621616719350942,-67.65017700195312,0.20461552331763608,-0.6166113294062833,-0.7602124414038922,-0.7602124414038922,139.4829298336378
3116,0.4677898462919727,2.926260317626321,-0.456986444324961,0.09995363923888285,-67.62177276611328,-0.19580328399207694,0.6084814314725389,0.7690327831315439,0.7690327831315439,39.73288710149023
3117,0.37410619018409996,-2.8375542937437244,-0.35694791656465064,-0.11199833210462178,-67.69847869873047,0.17920313089196624,-0.627762051580424,-0.7574965640014838,-0.7574965640014838,139.24399478791952
3118,0.3937834859440049,-1.8467230373957009,-0.10728186487489394,-0.37888789274820767,-67.69863891601562,-0.19257792256453984,0.6196527662327133,0.7608838236162422,0.7608838236162422,40.45782410329716
3119,0.3969892701569742,2.4656622304529563,-0.3097013315442981,0.24836579043712081,-67.6396713256836,-0.1979631766657331,0.6200344966316276,0.7591889117151119,0.7591889117151119,40.60725377944274
3120,0.456962393832037,-2.8700007732396964,-0.4402124696732945,-0.12258715642694566,-67.4501953125,0.17654775341020337,-0.6361464046491455,-0.7510982909165589,-0.7510982909165589,138.68560500322042
3121,0.470050035222039,-2.042417640806439,-0.2135583973436805,-0.41873601055586174,-67.64497375488281,-0.1853756967260217,0.633946835103373,0.7508310471242907,0.7508310471242907,41.33758287968364
3122,0.38842178543028905,-1.091081231837261,0.1792669267524464,-0.3445792396091014,-67.59258270263672,0.18701804150825144,-0.6228223168101901,-0.7596819162212599,-0.7596819162212599,139.43616434532365
3123,0.399215067004157,2.665076546578752,-0.35474184017696936,0.1831144356706786,-67.69425964355469,0.1922613038702726,-0.6152117124562361,-0.7645587877271233,-0.7645587877271233,139.8677557762862
3124,0.4560819332104903,-3.0671335283350856,-0.45481822131470867,-0.0339280910329898,-67.64061737060547,-0.19277842119925287,0.6158128502967309,0.763944378688226,0.763944378688226,40.18682951898425
3125,0.45979278485627784,-2.5032836261173874,-0.3692616323945059,-0.27396213579112744,-67.54264068603516,0.19287342427076226,-0.6267695184865363,-0.7549568285049325,-0.7549568285049325,139.02159768391752
3126,0.4351091191712795,-1.631378191011975,-0.026343600459948248,-0.43431090281135387,-67.66487884521484,-0.1957636590211324,0.6250700224678462,0.7556216360181226,0.7556216360181226,40.92028336602471
3127,0.3692006526373536,-0.5113349952599122,0.3219769414008816,-0.18066535670676065,-67.72695922851562,0.19032897973548515,-0.6099936466148903,-0.769209094175516,-0.769209094175516,140.2829192312974
3128,0.47341615422958433,-2.584234266737237,-0.4017671481356371,-0.25041168855404217,-67.71489715576172,0.19780139823884582,-0.5972545512464277,-0.7772783335911183,-0.7772783335911183,141.01205324036997
3129,0.4822335408504029,-1.8072553252780819,-0.11296881731395675,-0.46881471205136366,-67.5411605834961,-0.2115983896754134,0.5950198627998926,0.7753563595923935,0.7753563595923935,39.162647458706445
3130,0.4215774814404452,2.628436730789385,-0.3672780970711901,0.20696466430150437,-67.70233154296875,-0.20475903954282673,0.6018786668143706,0.7718910584786269,0.7718910584786269,39.47599071997341
3131,0.4036455036333776,-2.2511888625749963,-0.2539326600486496,-0.3137640781926127,-67.73289489746094,0.20213687683516188,-0.6199630881759631,-0.7581467221604599,-0.7581467221604599,139.30108828855543
3132,0.44021058248819867,-1.2207833367206662,0.15095261522015077,-0.4135198482452762,-67.72686767578125,-0.19563801638267544,0.6221094150393893,0.7580934258158429,0.7580934258158429,40.70359440649905
3133,0.41581290355820477,0.4584134081148856,0.37288260549103275,0.18400797071791145,-67.70137786865234,0.18872653028909267,-0.6186485774264425,-0.7626639065887931,-0.7626639065887931,139.69960818129218
3134,0.41937458294340296,-2.4683258430030595,-0.3278623701522084,-0.2614981970437453,-67.5736312866211,-0.19007963802022268,0.6271806458336776,0.7553238833121538,0.7553238833121538,40.94632197006153
3135,0.4811100781990242,-0.7879922189045285,0.33931256734792803,-0.3410775410143989,-67.74203491210938,-0.20776625710756783,0.6091490989951829,0.7653564905329209,0.7653564905329209,40.061282577214655
3136,0.4774415716168199,2.5585235441224126,-0.39855713187411157,0.2628738612723239,-67.67805480957031,0.2206453475614079,-0.6260222400388612,-0.7479383568023719,-0.7479383568023719,138.4121062002703
3137,0.4189198507698412,-0.742197901711183,0.30873754470784576,-0.2831518494673785,-67.67221069335938,-0.2151423906911224,0.6224799656958045,0.7524841819168416,0.7524841819168416,41.19397395825157
3138,0.36362653096341474,-1.8955350137855635,-0.11601909604697572,-0.3446212752761063,-67.63030242919922,0.20747304436500616,-0.6235844769974838,-0.7537223201615373,-0.7537223201615373,138.91385381926446
3139,0.3920314673788178,-3.1149141756240164,-0.3918919631824698,-0.01045756224838085,-67.80682373046875,-0.19841475095819966,0.6291961224563116,0.7514943952473218,0.7514943952473218,41.28000664592833
3140,0.4483873142909334,-3.0287738996077564,-0.4455367868504615,-0.05047925494698525,-67.60893249511719,0.16451295458561854,-0.6438669911128975,-0.7472421197501746,-0.7472421197501746,138.35204320569403
3141,0.5052314787085884,-1.1024631164103202,0.22806128749830157,-0.45082912086807775,-67.5026626586914,0.16342793918005677,-0.6510086901981714,-0.7412685032981107,-0.7412685032981107,137.8395849798745
3142,0.4075725917546032,-2.2166981051508285,-0.24532560731524683,-0.32547006612739326,-67.76683044433594,-0.18562788789213286,0.6304767865643661,0.753685152328329,0.753685152328329,41.08938646305249
3143,0.3494419243644656,-2.8690016022988694,-0.3365393219453809,-0.09407945199715055,-67.70164489746094,0.19391724705143457,-0.6102722338256815,-0.7680910765771243,-0.7680910765771243,140.18277730631743
3144,0.3919516747929882,2.6825354913176276,-0.3513731805948157,0.17367499339775833,-67.72247314453125,-0.1747203702852572,0.6135587447914234,0.7700769175201629,0.7700769175201629,39.63920351881551
3145,0.41046905088993596,-0.41013230960801117,0.3764280623242752,-0.1636665990154265,-67.69580841064453,-0.20951922272124976,0.6133278784725918,0.7615317516680399,0.7615317516680399,40.40057955537947
3146,0.4881949241394973,2.0874825431340756,-0.24116909801265227,0.42446642990857736,-67.58307647705078,-0.2195081570232357,0.6162788271108349,0.7563177746523986,0.7563177746523986,40.85935239630938
3147,0.46851506477125654,-1.7558243405898284,-0.08619462296171983,-0.4605180266722484,-67.64002227783203,-0.2034050110932201,0.6177137026213032,0.7596421414429608,0.7596421414429608,40.56733998126391
3148,0.41176918162809384,1.131534532477343,0.17511367950998336,0.3726782233873412,-67.6433334350586,-0.20846914125361993,0.6145162781053751,0.7608615912822092,0.7608615912822092,40.45978714324245
3149,0.3988232403754462,-0.6868757468451541,0.3083824734422847,-0.2529035925746994,-67.60450744628906,-0.19787073069693806,0.6208957318507944,0.758508842468515,0.758508842468515,40.66708349820533
3150,0.3926273546217013,1.9443060658387945,-0.1432639986465109,0.36555665263957066,-67.51115417480469,-0.19108923178363943,0.6311353633997903,0.7517666250656206,0.7517666250656206,41.2563589970919
3151,0.35916980094394135,-0.970697274439323,0.2028318864261371,-0.2964155389970726,-67.509033203125,-0.1823348004978345,0.6177876367297606,0.7649133653109169,0.7649133653109169,40.10071477425264
3152,0.35456026654504974,2.81091830219246,-0.33535147111362545,0.11511895341091294,-67.7178955078125,-0.19559646751999488,0.6133885496989031,0.7651774362799624,0.7651774362799624,40.07721988556972
3153,0.44959092391866234,2.661068376150779,-0.3986759658980119,0.20782077154443365,-67.6502914428711,0.20735217840842113,-0.6182732499560987,-0.7581182378085927,-0.7581182378085927,139.2985855562466
3154,0.48532590186372476,2.548710658570725,-0.4024971748058529,0.27117753463947647,-67.64738464355469,-0.20413124706518637,0.6309527944976241,0.7484844721751087,0.7484844721751087,41.54073181227551
3155,0.4481278702852027,-1.687216791217044,-0.05205348215100624,-0.44509439799025363,-67.61836242675781,-0.20432947815856212,0.6330552565269998,0.7466528688346307,0.7466528688346307,41.69873504312154
3156,0.4267090163333202,-2.0593793321959533,-0.20028661077345075,-0.37678356939366925,-67.64209747314453,0.21299859876845345,-0.6345937705761844,-0.7429147617786152,-0.7429147617786152,137.98030404931177
3157,0.39924176247814763,-2.0400522648685184,-0.18054621894423076,-0.35608573087333834,-67.62115478515625,-0.21690393521910556,0.6196899528617787,0.7542791560215837,0.7542791560215837,41.037576180585106
3158,0.3222791672232643,-1.2713465105344353,0.09507059834720255,-0.30793740103473244,-67.62459564208984,0.18296801893930156,-0.6424457482037296,-0.7441681024206679,-0.7441681024206679,138.08769490729443
3159,0.33256115492431937,-1.3620280731513599,0.06892498078641299,-0.32534023542775914,-67.6395034790039,-0.19451998480602053,0.6403523263057589,0.743041636589679,0.743041636589679,42.008835018918674
3160,0.4802472990588987,0.8520533854443946,0.31621359329330984,0.36145045534609643,-67.84591674804688,-0.20624054685048726,0.6366754324065029,0.743040530930046,0.743040530930046,42.00892967715942
3161,0.4698377829778158,-0.8675082392017951,0.30385775165134365,-0.35835458567583517,-67.7409439086914,0.22106651551765796,-0.6441630513821116,-0.7322455591882878,-0.7322455591882878,137.0749790210378
3162,0.3278272003009002,-2.387598931191741,-0.23897316671343433,-0.2244159059605171,-67.55194091796875,-0.2328722793187714,0.64419158085007,0.7285517886099573,0.7285517886099573,43.23487761109255
3163,0.3347285935556364,3.0086830351415936,-0.33177645845207787,0.04435778354168588,-67.60287475585938,0.21187239178404707,-0.636985669702191,-0.7411877941478521,-0.7411877941478521,137.83269593438575
3164,0.43629407264172126,2.47535550996249,-0.3429938034938547,0.26964378091682095,-67.6191635131836,-0.2300866203956311,0.6169455764980422,0.7526209555642304,0.7526209555642304,41.18207392806534
3165,0.4071993568847187,-0.7865488189376924,0.2876019238155329,-0.28826454805427065,-67.71755981445312,-0.2175353391827408,0.6307812427407439,0.7448445475487437,0.7448445475487437,41.85425152124716
3166,0.3810395684694959,2.772738894229199,-0.35541131628423994,0.1373824915938111,-67.48701477050781,-0.19907021557308174,0.6387034450443567,0.7432556481858427,0.7432556481858427,41.9905096889462
3167,0.41202626762328487,-2.6469848965719134,-0.36264696720654543,-0.19558328759755916,-67.78180694580078,0.19898760137987517,-0.621862703176197,-0.7574237340455322,-0.7574237340455322,139.237603352801
3168,0.3421514409270956,-1.6613410075414967,-0.030937679585893628,-0.34074986208409297,-67.66177368164062,-0.21590154023401117,0.6212683795883777,0.7532676320194658,0.7532676320194658,41.12577135206824
3169,0.5289419933663326,-2.2030953116585943,-0.3126051636628798,-0.42668213461270393,-67.71829223632812,0.21373385441849557,-0.6160601028696111,-0.7581476037868204,-0.7581476037868204,139.30116575328236
3170,0.501693437723728,-1.98306359352282,-0.201022369200091,-0.4596589089055432,-67.51277923583984,-0.21429456639072106,0.6131380344663181,0.7603549102269237,0.7603549102269237,40.504504013517966
3171,0.3510466040101168,-0.7188994881628757,0.2641734289215124,-0.23118416390160978,-67.53250122070312,-0.23858358059492035,0.6176664763025751,0.7493770740571584,0.7493770740571584,41.46355309842792
3172,0.4487335737740179,-2.2114306382317483,-0.26820989671770157,-0.3597572397251817,-67.67369079589844,0.2228578163668225,-0.6127124851721965,-0.7582333441614941,-0.7582333441614941,139.30869997413674
3173,0.4860570391659103,-3.120752106553136,-0.4859514887980307,-0.010128961334150862,-67.6506118774414,-0.20480748169050952,0.6239384102830182,0.7541583093867572,0.7541583093867572,41.04812104342032
3174,0.2878747227877346,-2.602617369652482,-0.24706418411959655,-0.14775366305250492,-67.68563079833984,-0.20978397963059991,0.6226856269607557,0.7538257702326437,0.7538257702326437,41.07712632287446
3175,0.48796807993646335,-2.3343866155075945,-0.33743937917585176,-0.3524876060491977,-67.73507690429688,-0.20092147706117006,0.6273700969923877,0.7523545184654106,0.7523545184654106,41.20525275691684
3176,0.4262630154184314,1.2948988802642818,0.11611854360073266,0.4101422218519555,-67.59523010253906,0.21766311986234993,-0.6203599976459536,-0.7535092830035346,-0.7535092830035346,138.8952841422163
3177,0.40479745487698826,-3.114151783549604,-0.4046450579255656,-0.011106600348576365,-67.55647277832031,-0.22889590132555881,0.6172866664019798,0.7527043495547844,0.7527043495547844,41.17481682360753
3178,0.39195599942098397,-1.0641974173718294,0.19017945988543292,-0.34272624428220755,-67.63780975341797,0.20182785926412186,-0.6345056892801505,-0.7461019002093366,-0.7461019002093366,138.25383130928859
3179,0.3696528379913286,0.49432102204241507,0.32540208230113093,0.17537589762886868,-67.52491760253906,-0.2225268547060584,0.621176520562086,0.7514130217377186,0.7514130217377186,41.28707311895712
3180,0.3633252357985119,-0.8979404431782034,0.22643226377204625,-0.28413668698552597,-67.60977172851562,-0.22617903318186017,0.6228941791201389,0.7488964458235648,0.7488964458235648,41.50512515986281
3181,0.4549005624075694,-1.136293385124655,0.191494750611016,-0.41263092730325934,-67.55949401855469,-0.19876389140808742,0.6327331500663425,0.7484261328143462,0.7484261328143462,41.54577203175544
3182,0.475981587167031,-3.0501724677209983,-0.47399392824479714,-0.04345373757356211,-67.73210906982422,-0.21326790891537478,0.6116529274725986,0.7618382343654482,0.7618382343654482,40.37347833851146
3183,0.42611144921650085,0.44612271173122336,0.3844065651659507,0.18385472474402798,-67.61241149902344,-0.20172314385717346,0.6097483399438616,0.7664950979413261,0.7664950979413261,39.959813448385404
3184,0.3084140374718956,-1.7390252393713974,-0.051639775575338845,-0.30406011262288984,-67.57501220703125,-0.21593132980458607,0.6162988284916446,0.7573304528464767,0.7573304528464767,40.77058164134269
3185,0.39585264695436245,2.514125785801928,-0.3204495643067283,0.2324035172634079,-67.71437072753906,-0.21939758453297778,0.6346726471221672,0.7409826792145927,0.7409826792145927,42.18480783152218
3186,0.49492825153826114,-2.189120988492408,-0.2868954673953379,-0.40329265423353655,-67.6108169555664,0.21053610575509646,-0.6455629555770462,-0.7341137640448568,-0.7341137640448568,137.23238328200728
3187,0.5160822136492952,0.031319225986805595,0.5158291233863328,0.016160653193612706,-67.53115844726562,-0.20002325546456465,0.6397467282526045,0.7421016244177384,0.7421016244177384,42.089249220457745
3188,0.36327547401174387,2.592288541289343,-0.30983330963346867,0.18966388760127303,-67.69243621826172,0.2040675869584666,-0.6439235974438561,-0.7373729182767099,-0.7373729182767099,137.5081067449275
3189,0.4067771968862037,2.868120420052546,-0.3916609228639341,0.10986086385955986,-67.58423614501953,0.21831232676621698,-0.6156789817840936,-0.7571519790446448,-0.7571519790446448,139.21376188516732
3190,0.5021438524226938,-0.89784664768307,0.3129839054506427,-0.3926697383995451,-67.60189819335938,-0.2098494662608774,0.6142607082263474,0.7606884933001754,0.7606884933001754,40.47506841375595
3191,0.4234811970689306,-2.7190799776836982,-0.38624089121055466,-0.17364993011173643,-67.45122528076172,-0.2414252798144697,0.6237268774863184,0.7434235781623234,0.7434235781623234,41.97612566347583
3192,0.3855804822772193,-2.2450470797519078,-0.2407225987851341,-0.30120580795739044,-67.63407135009766,0.24006667580810134,-0.6257973584207689,-0.7421224005243582,-0.7421224005243582,137.91252673963913
3193,0.4199005371274066,-1.7204921851185928,-0.06262287397672035,-0.4152045721506211,-67.6017074584961,-0.21737553898219816,0.6352453642020166,0.7410878506034533,0.7410878506034533,42.17583362321745
3194,0.4084605304936,1.7268242552919273,-0.06347297850824342,0.4034986814977283,-67.64159393310547,-0.20851858485652494,0.6253141357982592,0.7519988240285409,0.7519988240285409,41.23617989199179
3195,0.4597221433423346,3.0847532290298845,-0.45897972644922985,0.026116274387058803,-67.65997314453125,0.22829848491708676,-0.6206765472254919,-0.7500936111638364,-0.7500936111638364,138.59848742850306
3196,0.4880109324400337,-2.413415744300587,-0.3642459563040987,-0.3247761590651379,-67.8008804321289,-0.2015820845509925,0.6308147862919118,0.7492912441658225,0.7492912441658225,41.47097947950205
3197,0.4568419172643208,-1.4538379222361564,0.05330976776129559,-0.45372084592949574,-67.57755279541016,0.20852207200129025,-0.6268806351868944,-0.7506924901156029,-0.7506924901156029,138.65039917350794
3198,0.3659471573580596,-2.068673407617581,-0.17476224514469035,-0.321520574225712,-67.5256118774414,0.20269413423791974,-0.6233285755687921,-0.7552327951201014,-0.7552327951201014,139.04571505197458
3199,0.4288798055391571,-1.9890962404210533,-0.1742142083912757,-0.39190215257626027,-67.71770477294922,0.23064813573945356,-0.6352463511861774,-0.7370641157895033,-0.7370641157895033,137.48192016178717
3200,0.4548926828736862,-1.6849582040486033,-0.05181867301841402,-0.45193160772248575,-67.64704132080078,0.21742252670743012,-0.6270642246021026,-0.7480092934611982,-0.7480092934611982,138.41822974755746
3201,0.4418891499553717,2.6821280468987267,-0.3960608509306696,0.1959638313780247,-67.52175903320312,-0.2094131427473897,0.629126250309686,0.7485628208880907,0.7485628208880907,41.53396210066223
3202,0.4259199854687918,2.811339314476609,-0.40290336332553905,0.1381184775571483,-67.74398040771484,-0.21699698935455794,0.6055107201901383,0.7656820974437616,0.7656820974437616,40.03228735241454
3203,0.43742064407248515,1.5529244607410733,0.007817107009184813,0.4373507890684487,-67.52615356445312,-0.2298098194256848,0.611589610062903,0.7570637990015375,0.7570637990015375,40.7939718095018
3204,0.4432941638022529,-1.5017319208255864,0.030591514847711974,-0.44223735129504926,-67.47508239746094,0.22364602159222943,-0.6217533780557597,-0.7506032200185527,-0.7506032200185527,138.6426577168127
3205,0.4228169198326947,-0.6795857501678373,0.3288810079299545,-0.26572811352919473,-67.75596618652344,0.22011991031674202,-0.6208799889412738,-0.7523664429082634,-0.7523664429082634,138.79578438700776
3206,0.4282998579174267,2.4412748495315926,-0.32749409563246346,0.2760224368017259,-67.65226745605469,-0.22275222552790055,0.6294530700211002,0.7444261405024539,0.7444261405024539,41.89016760110814
3207,0.4458528160394028,2.5512113486182493,-0.3703826301544775,0.24819637557812382,-67.62153625488281,-0.22556837342774058,0.6413830233231371,0.7333121615669793,0.7333121615669793,42.83521228038746
3208,0.4138112498952703,-0.787632823038905,0.2919541299319684,-0.29326189073173686,-67.680908203125,0.23647354366523882,-0.6297027629739179,-0.7399693868326028,-0.7399693868326028,137.72880786381924
3209,0.4283523816857892,-2.8198350919780606,-0.4063698009997394,-0.13545976425241646,-67.58414459228516,-0.24090086621669232,0.6267503320505132,0.7410470929236677,0.7410470929236677,42.179311634438996
3210,0.37989244758095697,-1.6079788656289915,-0.014122111093289808,-0.379629869356086,-67.64219665527344,-0.2199457303261611,0.6233792434711704,0.7503480489217007,0.7503480489217007,41.379464039858156
3211,0.47122856426006515,-2.6564553775376085,-0.41685394390589114,-0.21974792200315918,-67.83180236816406,0.22298174185584402,-0.620765903970246,-0.7516174793516561,-0.7516174793516561,138.7306838607279
3212,0.4373212081172539,-0.9322690721872703,0.26064934881841056,-0.35115773667922084,-67.63337707519531,0.21886931614683688,-0.6361877832275854,-0.7398387168304906,-0.7398387168304906,137.71767853201115
3213,0.4048234709950233,2.9145095883694982,-0.39443053818084656,0.09114051359755565,-67.71609497070312,-0.22486349586329485,0.6220950715576484,0.7499560854955591,0.7499560854955591,41.41342597557258
3214,0.34842447094736523,2.4673595530419234,-0.2721843030527249,0.21752084297063068,-67.51578521728516,-0.2454695385163695,0.6255755013815808,0.740540341731458,0.740540341731458,42.22253524505656
3215,0.42186768399336844,-0.9705416107259469,0.23829309246552302,-0.3481217385931914,-67.79177856445312,-0.23621916699794496,0.6171501239043599,0.7505506176851967,0.7505506176851967,41.361903374041745
3216,0.48342239587534874,2.632779838161011,-0.4221841140795534,0.23549476990524656,-67.62450408935547,-0.23791222158321584,0.6244585115661863,0.7439417599206822,0.7439417599206822,41.93171552856767
3217,0.32410519403031746,-2.8743361475311247,-0.3125991499581284,-0.0855917533579334,-67.50248718261719,0.2536015625449104,-0.618657363732309,-0.743605617094552,-0.743605617094552,138.03947139850106
3218,0.3517217881520561,-2.5349490268182127,-0.28896271693889497,-0.20052123199345226,-67.59686279296875,-0.26993422776149456,0.6245949072890019,0.732814242814268,0.732814242814268,42.87715626981772
3219,0.37355284310670556,0.8268051319868734,0.2529811564896725,0.2748495243842543,-67.59527587890625,-0.25718366388097874,0.6154318078541947,0.7450505035996374,0.7450505035996374,41.83656301170692
3220,0.4112083716080435,-1.180285208872691,0.15653103231518112,-0.3802503922455341,-67.6561279296875,-0.25635420598396425,0.6130645460608862,0.7472846736267852,0.7472846736267852,41.64428778763818
3221,0.44025040702365065,2.9575450104411494,-0.43281501243669396,0.08057037851415688,-67.6201171875,-0.2420900543590931,0.6100962937613625,0.754436821688245,0.754436821688245,41.023815201416056
3222,0.47738961910327965,0.8547423770005356,0.3133646960862094,0.3601436042391591,-67.55254364013672,-0.25763211563821525,0.611932193834759,0.747773149518192,0.747773149518192,41.602152321527534
3223,0.4213913865463687,-1.107967662676519,0.18814323039832956,-0.37705811953961715,-67.80142974853516,-0.24311817822702675,0.609269133510178,0.7547745851360714,0.7547745851360714,40.9943225848427
3224,0.40406746809654726,2.9478939379981863,-0.39651099600157913,0.07777884560592267,-67.63724517822266,-0.24698493356825285,0.6236429521679356,0.7416656327493863,0.7416656327493863,42.12650413006576
3225,0.3902694285030762,0.9512068955736698,0.2266298312015007,0.3177249540619953,-67.7952880859375,-0.24422808338956822,0.6219049076205516,0.7440342257996815,0.7440342257996815,41.92378682421589
3226,0.3693477742841186,-1.5447060829745407,0.009635280274893474,-0.36922207374784144,-67.65716552734375,-0.22894518080839482,0.6271388624029459,0.744500471086856,0.744500471086856,41.8837888945238
3227,0.40414158060018845,2.8149363582872464,-0.38277079899079874,0.12968011647883493,-67.64871215820312,-0.2454531831840914,0.6211722241291368,0.7442431073481691,0.7442431073481691,41.905871284975504
3228,0.44081018730058125,-3.0935609667148,-0.4403018010347954,-0.02116471671175749,-67.67987823486328,0.24732076885718107,-0.6318034364086454,-0.7346134051554732,-0.7346134051554732,137.27455943490537
3229,0.4523673509118931,2.8550196905519756,-0.43391900302783654,0.12786914789100706,-67.62942504882812,-0.26006673590369694,0.6218265175245136,0.7387131208931736,0.7387131208931736,42.378091706255105
3230,0.471004054780178,0.08920417850223128,0.4691313167068984,0.041959829649567244,-67.64773559570312,-0.2400837684907293,0.6071552376933408,0.7574445863882274,0.7574445863882274,40.76056676499137
3231,0.4287442522708114,3.0998573151276516,-0.4283709048505043,0.017888592253651827,-67.69470977783203,-0.254251951358065,0.6032404974816283,0.7559476486032177,0.7559476486032177,40.891757757906795
3232,0.41843759957508714,2.958803212761397,-0.41146662725557653,0.07606076119183555,-67.64791870117188,0.23551750633317736,-0.6173594799777675,-0.7505989453044698,-0.7505989453044698,138.64228704562797
3233,0.46089443516738515,-2.0194317560103054,-0.19990669572545766,-0.4152842320295731,-67.59593963623047,0.25757678994098326,-0.6109516943823872,-0.7485934974436987,-0.7485934974436987,138.468688749633
3234,0.4423904788325779,-1.5017332864767003,0.030528549276270855,-0.44133586240051226,-67.62123107910156,0.2733344098645732,-0.6232225450856922,-0.7327222936972083,-0.7327222936972083,137.11510168073013
3235,0.43007928602541756,2.8818689412921636,-0.41565484370989886,0.11045018410411324,-67.61360931396484,-0.2714373041791833,0.6100114071695968,0.7444513906380362,0.7444513906380362,41.88800084018923
3236,0.48906207360159104,-1.2047510636855967,0.17504778938129,-0.4566617821410191,-67.65385437011719,-0.25970649875720053,0.6017216485712463,0.7553036423478825,0.7553036423478825,40.94809155608949
3237,0.4194383006943227,-2.9002883378377198,-0.4072859607035773,-0.1002329003027706,-67.6195297241211,0.27700176837301443,-0.6074880060539755,-0.7444651387531777,-0.7444651387531777,138.11317894945986
3238,0.4476859532133804,-2.1499308296710047,-0.2450184217357291,-0.37468478180292486,-67.58982849121094,-0.26453293911452114,0.6293153743845162,0.7307424195205238,0.7307424195205238,43.05133014269728
3239,0.4320826015099803,1.6396052772419318,-0.029707694663943855,0.4310601204071032,-67.72261810302734,-0.2639778119313987,0.6350035907360129,0.7260069934651328,0.7260069934651328,43.447317600980035
3240,0.4395094139306437,2.802537508704507,-0.41448785364170154,0.1461791507608157,-67.69169616699219,0.23921611512016702,-0.6366729969276174,-0.7330914985525484,-0.7330914985525484,137.14619528790055
3241,0.456529141396046,-2.2199843796710006,-0.27599004878520905,-0.36365966220540447,-67.6434555053711,-0.2302041416267673,0.6248504873594555,0.746034799204792,0.746034799204792,41.751942502428754
3242,0.4386170923934191,1.914370948022924,-0.14775033660934403,0.4129827983965951,-67.54437255859375,-0.25138501891837645,0.6193942057676298,0.7437448420828844,0.7437448420828844,41.9485966428747
3243,0.3939003534957737,-3.0286268115719723,-0.3913896885024902,-0.044402705075469784,-67.65074157714844,0.23489171465390976,-0.6078383490049488,-0.7585238452849615,-0.7585238452849615,139.33423560371483
3244,0.477122481082503,-1.0690418262533932,0.22947898461476243,-0.4183123923271949,-67.69175720214844,-0.24174993326803706,0.603467148711598,0.75985812504098,0.75985812504098,40.54830789781899
3245,0.4302849734928008,-1.5721264600730869,-0.0005723361935798829,-0.430284592851036,-67.54541015625,-0.23301201140840191,0.6186514493128875,0.7503171241564961,0.7503171241564961,41.38214436711857
3246,0.38780603373851036,-2.056075961109177,-0.18089434528247328,-0.3430317123077981,-67.80415344238281,-0.2370730557197756,0.616145839537466,0.7511062978516152,0.7511062978516152,41.31370009610501
3247,0.38524882823817236,-2.547412079069823,-0.3192200745736341,-0.21567383626227893,-67.67286682128906,-0.24866355791572037,0.6229735133769924,0.7416673355321923,0.7416673355321923,42.12635868164371
3248,0.39289265768033954,-1.8386092963636491,-0.10396843539894965,-0.3788867969457565,-67.66787719726562,-0.23837988636122875,0.6175053816626341,0.7495746349737912,0.7495746349737912,41.44645511461715
3249,0.44731697585853686,-0.8082124534338594,0.3090030007909154,-0.32343410827158653,-67.54411315917969,-0.24802358371045022,0.6031689312726352,0.7580709348542869,0.7580709348542869,40.70557036190887
3250,0.4743669586540469,-0.8301350183862235,0.3200914956351992,-0.3500934816369929,-67.72315979003906,-0.2534758629880148,0.6057778825455231,0.7541771303222763,0.7541771303222763,41.04647890853545
3251,0.44896792479680764,-2.1289645541838893,-0.23778837658551513,-0.3808265818678853,-67.48835754394531,-0.21964841425814446,0.6069548689767708,0.7637803094733941,0.7637803094733941,40.201395333322424
3252,0.4830954541523709,2.815748946787933,-0.45767544776615904,0.15464282180150266,-67.49813842773438,-0.24532002377684367,0.5910000985895588,0.7684640326009154,0.7684640326009154,39.78384002728291
3253,0.37364431640329976,1.1484218919781024,0.15316703258466463,0.34080776885173475,-67.5325698852539,-0.24503687427944323,0.6041219658488372,0.7582833115810323,0.7582833115810323,40.686908732490956
3254,0.3496202195334075,-0.870440497538336,0.22532666524948483,-0.2673241325322775,-67.59029388427734,-0.25132321380993977,0.595210858467396,0.7632566253644635,0.7632566253644635,40.247857928970646
3255,0.37898751769982886,2.5081672385583857,-0.30546572295990954,0.2243261702719009,-67.66656494140625,-0.2493766616696676,0.5702885305652734,0.7826763523450759,0.7826763523450759,38.49372290579804
3256,0.38626547030794006,-1.5709448452489547,-5.736755029526249e-05,-0.3862654660478701,-67.74691009521484,-0.24864035420009636,0.5853175647446494,0.7717391545494137,0.7717391545494137,39.4896786885919
3257,0.3973597740223228,-2.042637871404376,-0.1806108967227479,-0.3539413708456195,-67.7196273803711,0.2557543538703819,-0.5743179135194021,-0.7776558652045672,-0.7776558652045672,141.0464468765678
3258,0.4399921601893084,0.9488307197003428,0.2563543052860694,0.35759693956932964,-67.65662384033203,0.24661468554945348,-0.5829570745711684,-0.7741719744854947,-0.7741719744854947,140.730021127039
3259,0.48193433989512696,-1.7820074154067151,-0.10103475301068947,-0.4712246668567136,-67.83952331542969,0.2586992556898538,-0.5739173285805642,-0.7769772165645943,-0.7769772165645943,140.98463935029002
3260,0.48975923649226255,-0.1422644881865166,0.48481142611624073,-0.06944055613703581,-67.5565414428711,-0.24273673565619874,0.5685053320778011,0.786053792409961,0.786053792409961,38.18175351655549
3261,0.4538633079601356,-2.6443139879153845,-0.3988931940694563,-0.216508942165408,-67.80230712890625,-0.26394320274706384,0.5802466706932339,0.7704854228816016,0.7704854228816016,39.6025005655664
3262,0.42160537772105583,-1.5370913519230909,0.014207508290454071,-0.42136592319679916,-67.66983795166016,0.2660311769772691,-0.593043856940626,-0.7599515751816528,-0.7599515751816528,139.45992904983763
3263,0.35282684729613906,0.5579349765091426,0.2993207320179125,0.18679904592153052,-67.64539337158203,-0.24801036608291174,0.5731372640474925,0.7810278707418674,0.7810278707418674,38.64521714756126
3264,0.4027378885441297,-1.9154437677652447,-0.1360709849964644,-0.37905473735474643,-67.65475463867188,-0.2558844782457962,0.5844443786766677,0.7700311045835232,0.7700311045835232,39.64331790057264
3265,0.33957582231464795,1.4409834929435816,0.043957599012164415,0.33671867870635735,-67.50130462646484,-0.25813945071525074,0.5693446936765001,0.7805194704597964,0.7805194704597964,38.6918377374428
3266,0.42518968795745277,-1.0403545226782152,0.21510962140243467,-0.3667616685607389,-67.67294311523438,-0.26986312027400927,0.5580703299978416,0.7846855440825171,0.7846855440825171,38.30839571734783
3267,0.48354171226749026,-1.1753053676741816,0.18628990673555157,-0.4462159322021524,-67.77783966064453,-0.27132458014518607,0.572182639863667,0.7739444417060463,0.7739444417060463,39.29057020303319
3268,0.4877447833260081,0.06669085220871111,0.48666052142157246,0.032504008236182616,-67.61849975585938,-0.25650964825264794,0.5709201113365577,0.7799057807355677,0.7799057807355677,38.748050415167526
3269,0.472296122302483,-0.10736686934925266,0.4695765054438055,-0.05061158639230436,-67.57915496826172,-0.2562316129198053,0.5699912565419831,0.7806761992056671,0.7806761992056671,38.67747067688707
3270,0.36034859078707154,-2.767421422141037,-0.33541638077786057,-0.13170785241628374,-67.66891479492188,0.2603027928617062,-0.5637104681996695,-0.7838832592105187,-0.7838832592105187,141.61751104091903
3271,0.4350144253384286,0.5506039398143949,0.37072307571268764,0.22760042044479645,-67.64103698730469,-0.2678214282051026,0.543143198799482,0.795780841810134,0.795780841810134,37.270929554534725
3272,0.4105413823270089,2.6402624199726796,-0.36002181744421,0.19730311089067798,-67.77664184570312,0.2750023840505068,-0.5566590236344494,-0.7839033232311744,-0.7839033232311744,141.61936253376382
3273,0.42091018092210464,-1.6983731287655084,-0.0535528289304797,-0.4174894907868001,-67.66020965576172,-0.2608837218853167,0.5531239234141749,0.7911975789916035,0.7911975789916035,37.70243163810576
3274,0.4388955223857742,3.012553145887588,-0.4352465225898101,0.056477819927468045,-67.52384185791016,-0.2604558929522544,0.5411045086245556,0.7996053017411917,0.7996053017411917,36.907572040906885
3275,0.48097054725999316,-0.9835153380223501,0.26650560327204714,-0.4003841040253465,-67.54489135742188,0.258462927915684,-0.5477906550350358,-0.795689834765745,-0.795689834765745,142.72046090719417
3276,0.455163470670663,-1.5054186287159903,0.029736345997141644,-0.45419107736689607,-67.597900390625,0.2769206834105687,-0.5622561134917241,-0.7792194799545281,-0.7792194799545281,141.18916717240967
3277,0.44804410098711345,2.082548604701634,-0.21940978933136207,0.3906441613219351,-67.57661437988281,-0.2639825172982275,0.5516345963882711,0.7912095187928673,0.7912095187928673,37.701313010059785
3278,0.35234095018312794,2.6520146310856765,-0.3109519427342021,0.1656895726525207,-67.68939208984375,-0.2572922490935102,0.5552514044195491,0.7908834152051246,0.7908834152051246,37.73185518456713
3279,0.3684060750145139,1.272429373617952,0.1082965407938304,0.35212908905639967,-67.73062896728516,-0.265363378850953,0.5505760273500039,0.7914848800023241,0.7914848800023241,37.67550684793563
3280,0.37760827225700305,-2.646200809013274,-0.3322131511873408,-0.17950607080290062,-67.69731903076172,0.26194724565327315,-0.5460978583858711,-0.7957139998523521,-0.7957139998523521,142.72274683083955
3281,0.46333759498183213,-0.8400094835787191,0.30925734841592417,-0.3450240852089894,-67.47931671142578,-0.2755122985891668,0.5604275009380745,0.7810339234107686,0.7810339234107686,38.64466182872686
3282,0.47953827873425525,-0.04791356863608176,0.4789879436053096,-0.02296760005244394,-67.65785217285156,0.28729764535978625,-0.55484842561516,-0.7807709571718845,-0.7807709571718845,141.33121780986545
3283,0.44990392730818873,-1.7924095203048953,-0.0988905253132461,-0.438901136716006,-67.62158203125,0.2711840000045602,-0.5741868331923234,-0.7725080703333124,-0.7725080703333124,140.5796487066055
3284,0.3961135963332074,1.2764359791520605,0.11492355434740477,0.37907592624194203,-67.62122344970703,-0.27932453870707763,0.5524197592855243,0.7853726578045621,0.7853726578045621,38.24484230163256
3285,0.40880213657554454,1.2163427754533331,0.1418862024896153,0.3833894787442739,-67.54344177246094,-0.2867352802749936,0.5606845629713434,0.7767983650158223,0.7767983650158223,39.031635750092995
3286,0.420649197809,2.100927942315119,-0.21269996102026392,0.36291111060331765,-67.59274291992188,-0.28326183206319916,0.5475575844247611,0.787364862205014,0.787364862205014,38.06006879869448
3287,0.3897288770089491,2.9002497306048958,-0.3784337090003846,0.09314786882623126,-67.59110260009766,-0.3039980694640899,0.5298773352148665,0.7917166054767947,0.7917166054767947,37.653778448924086
3288,0.38505736177652566,-1.8426379920302203,-0.10339018375632385,-0.37091729773782695,-67.56562042236328,-0.2923772558199491,0.5355932061972276,0.7922470938757492,0.7922470938757492,37.603995434802314
3289,0.40699314249779184,0.45232694626896613,0.3660628694174401,0.1778802790477295,-67.82679748535156,-0.2947724185427567,0.5399367318971032,0.7884018942232,0.7884018942232,37.9635841640281
3290,0.42384880290191546,2.2721858673713147,-0.27350108950700996,0.323797717348139,-67.63758087158203,-0.31326570001407306,0.5575671466248676,0.7687544980026434,0.7687544980026434,39.75782476963134
3291,0.4423602248462713,-2.6636475199831295,-0.39279019798225534,-0.2034660386774765,-67.57180786132812,-0.32086655188185553,0.5573961836923745,0.7657376510846422,0.7657376510846422,40.02733856845944
3292,0.45508618773127213,-1.513221508262571,0.02618703135547404,-0.45433212262899714,-67.53860473632812,-0.3066394776430724,0.5479173620080338,0.7783050784627716,0.7783050784627716,38.89434912479138
3293,0.47409549835316017,-2.6628802000036593,-0.4208018305350306,-0.21838580763661972,-67.57040405273438,0.29013538813007606,-0.5256013387971129,-0.7997278844765218,-0.7997278844765218,143.10412508674258
3294,0.3914356030733798,1.8622940456182937,-0.11249353643909582,0.3749227061846833,-67.70003509521484,-0.2847890695582086,0.5581794735684824,0.7793143532278755,0.7793143532278755,38.802158970690186
3295,0.37581943333997847,2.8547276129058092,-0.3604618028911253,0.10633689450262337,-67.51988220214844,-0.29259277045130194,0.5366458594299056,0.7914547948154524,0.7914547948154524,37.678327088500396
3296,0.42706407685589276,-1.3622212221676555,0.08843049155151748,-0.4178082980324025,-67.56588745117188,-0.29067873112764914,0.5192742767564823,0.8036542171662215,0.8036542171662215,36.51951496047643
3297,0.54520575821809,1.3194479877547138,0.13559820940258338,0.5280742792458042,-67.611083984375,-0.30515762510141753,0.5086120068226575,0.8051041239232922,0.8051041239232922,36.37968766548689
3298,0.44453683882047806,-2.3029375815668436,-0.29715674595018876,-0.3306219433201593,-67.6309585571289,-0.3019187078051765,0.5187103453807325,0.7998654083483382,0.7998654083483382,36.88274828047099
3299,0.28655604075495245,1.0407696577104346,0.14487022640696315,0.2472387145937084,-67.73655700683594,-0.30315859831858616,0.5256599234031673,0.7948437011093983,0.7948437011093983,37.35950468404335
3300,0.4386224436661014,-2.636595430090638,-0.38387175580345406,-0.21220773591930062,-67.57354736328125,-0.2956691284958854,0.5370412195809116,0.790042084274965,0.790042084274965,37.81055549170661
3301,0.4785989341656607,-2.871096576830943,-0.46119633916703606,-0.1278861858193866,-67.77253723144531,0.2957825572028287,-0.5338860009152335,-0.7921353526268695,-0.7921353526268695,142.38551368225973
3302,0.4600599270304552,-2.368050248705636,-0.32914535585771865,-0.3214319075271829,-67.71587371826172,-0.3044244933139384,0.5186856263531308,0.7989311289999986,0.7989311289999986,36.9718464270864
3303,0.4219298260814337,0.7095046029949579,0.3201117032758076,0.2748695609975215,-67.73389434814453,-0.28761460999956084,0.5241470332249552,0.801590745752643,0.801590745752643,36.71772299186483
3304,0.3593653151732855,2.7144893529271945,-0.32708334342867834,0.14886207106282004,-67.66537475585938,-0.2955496685414633,0.5249226230627942,0.7981895972899591,0.7981895972899591,37.04243226237042
3305,0.3747128220302691,-1.6159573333097563,-0.016916656528323436,-0.3743307704768483,-67.71612548828125,-0.2894746864838605,0.5163303663058422,0.8059822322579733,0.8059822322579733,36.294778326355086
3306,0.46328423990842876,-2.2177064322862026,-0.2792323938709455,-0.369677639519395,-67.55096435546875,0.28213293973577,-0.5134983381082775,-0.8103829101579633,-0.8103829101579633,144.13335965936983
3307,0.45444426238836627,-2.523776792650648,-0.3704382300042161,-0.26323963487486035,-67.6368179321289,-0.2818900923670111,0.5175490038043384,0.8078867522657213,0.8078867522657213,36.11002772369994
3308,0.42925132775660674,-2.9825899079964175,-0.42383661124015287,-0.0679649126628834,-67.5752182006836,0.28457568650575954,-0.5107924981611082,-0.8112383758625514,-0.8112383758625514,144.21710113844426
3309,0.42388726882784694,-1.9574851304963252,-0.1598579695673686,-0.3925886476200371,-67.7477035522461,-0.299792038315104,0.5288782981922798,0.7939851884412664,0.7939851884412664,37.440491045070786
3310,0.3703001386183702,2.6441388121037637,-0.32541991339638343,0.17670334639127372,-67.66218566894531,0.2997757253769181,-0.527751137782381,-0.7947409962019986,-0.7947409962019986,142.63079892871752
3311,0.4233456080207125,1.3421602608204366,0.09595098366959384,0.4123286463044547,-67.55342102050781,-0.3006416119610791,0.5161916338592486,0.8019730782832822,0.8019730782832822,36.681067320472984
3312,0.42565273663193864,-2.8917844390222376,-0.412440412846309,-0.10522907418306357,-67.63939666748047,-0.28892852130895774,0.522534541370171,0.802170781473175,0.802170781473175,36.662100411246875
3313,0.43600251932314593,-1.6186868939200052,-0.02087242727533203,-0.4355026275876716,-67.66675567626953,-0.27131007183536027,0.5420470221105864,0.7953463841256445,0.7953463841256445,37.312015253199384
3314,0.45199868564313844,0.035905453852308374,0.4517073582254134,0.016225731051101807,-67.66792297363281,-0.2692890232251964,0.54813758099645,0.7918513839539462,0.7918513839539462,37.641135647949255
3315,0.49325270917573943,-1.9228532195285994,-0.17008797144966914,-0.462999262501943,-67.7319107055664,-0.27256711169706305,0.5439233206763417,0.7936337888759163,0.7936337888759163,37.4735966397067
3316,0.443878185544075,1.455107921166267,0.051237089645845495,0.44091110696661273,-67.65592956542969,-0.2832874081159707,0.5323261963670863,0.7977324520566315,0.7977324520566315,37.08589020658752
3317,0.4239699326896267,2.804397149979485,-0.4000945832471681,0.14026698927802442,-67.64096069335938,-0.25637616145778347,0.522605413397534,0.8131142882299912,0.8131142882299912,35.59866855782878
3318,0.4116868159006036,-2.6259080122716627,-0.3581491309932738,-0.2030153549738056,-67.62835693359375,-0.2538860636929281,0.537075287323595,0.8044202896550959,0.8044202896550959,36.44569340636275
3319,0.4059006817324539,-1.572247365107439,-0.0005889772335976465,-0.40590025441811334,-67.6917724609375,-0.2638629078234199,0.5333729709508748,0.8036725948631115,0.8036725948631115,36.51774552250257
3320,0.4015570583713272,2.523696735677472,-0.327308836972216,0.2326306006692344,-67.69026947021484,0.2873471004128573,-0.5462558774225673,-0.7867885105068736,-0.7867885105068736,141.88639752116762
3321,0.3878314880037164,-1.5191866964576946,0.020006955367472927,-0.3873150975938077,-67.59871673583984,-0.26835948160720025,0.5362872105423327,0.8002369751768776,0.8002369751768776,36.847262221173395
3322,0.43129064088329605,-2.6162017581463046,-0.3731215895704856,-0.21631434605665517,-67.67692565917969,-0.28586826874025995,0.5311964132900453,0.7975648584505451,0.7975648584505451,37.10181136385571
3323,0.47403687107108183,2.512970688586168,-0.3834193205370379,0.2787482372568078,-67.70770263671875,-0.27442814835468454,0.5205900230945033,0.8085018362657466,0.8085018362657466,36.05018602883218
3324,0.4573723590801206,-2.9446249602080985,-0.44852883466443627,-0.08950619713225186,-67.73129272460938,-0.28057668986186507,0.5083443599121286,0.8141638243324787,0.8141638243324787,35.4952335528132
3325,0.3886758542031992,-2.538935007784696,-0.3202036382966236,-0.2203146605702662,-67.67091369628906,-0.26808311478639263,0.517057183774253,0.8128857928847473,0.8128857928847473,35.621152908278425
3326,0.36941102926823405,2.976231658039012,-0.3643718922037373,0.0608081632421512,-67.7658462524414,-0.2640010023579374,0.5172015559720176,0.8141289954633286,0.8141289954633286,35.49867024283807
3327,0.36065211061854496,2.226511877731018,-0.21989916842700397,0.28585713323043616,-67.5812759399414,-0.2702758508506,0.5323672885222174,0.8022069773808294,0.8022069773808294,36.658626996850145
3328,0.4992983792982362,1.017974152256378,0.262177143813068,0.4249258956946107,-67.57648468017578,-0.29973317734640265,0.5195474390672123,0.8001440376310577,0.8001440376310577,36.856140863114476
3329,0.4043841434238381,-1.2156363348192643,0.14062069436596497,-0.3791468788855648,-67.66177368164062,-0.28756590922557684,0.5144927389629612,0.8078385169114294,0.8078385169114294,36.11471693147018
3330,0.36127161082979214,-1.7108017190889382,-0.050414894829702156,-0.3577366561744307,-67.59233856201172,0.2903364213677099,-0.5316195813602707,-0.7956666281437988,-0.7956666281437988,142.71826576336352
3331,0.33077047209325483,-1.578805793294175,-0.002649266689207091,-0.33075986243013844,-67.50765228271484,-0.2884932570620915,0.5100096719806693,0.8103467005645647,0.8103467005645647,35.870181159907865
3332,0.44046672608691095,-2.9243270246757627,-0.4301115828718911,-0.09494715935275898,-67.52055358886719,-0.2852982364934689,0.5063323155005474,0.8137766908271402,0.8137766908271402,35.53341717941215
3333,0.49245092867862855,1.7565694596242227,-0.09095884745188171,0.483977690835713,-67.59030151367188,-0.2778141363819441,0.5180564348081109,0.8089727041008642,0.8089727041008642,36.00431707701503
3334,0.4531885155583063,-0.1595917375188263,0.44742950681843663,-0.07201851888335252,-67.66570281982422,-0.2877161242866487,0.5349970675192404,0.7943535545154206,0.7943535545154206,37.405760181709375
3335,0.4132066190494043,-2.3779549780609166,-0.29846953218850686,-0.2857545246910596,-67.43612670898438,-0.2847139812326682,0.5399411877290864,0.792086777243723,0.792086777243723,37.61904606446502
3336,0.395099248712758,-0.8879497572320869,0.24930916221134009,-0.30650996390144564,-67.58434295654297,0.2757692574406413,-0.5317877955175402,-0.8007203364404031,-0.8007203364404031,143.19894457751877
3337,0.36610627543175617,0.6976319185451944,0.2805712559010423,0.23518838252053337,-67.70796966552734,-0.2885373809149317,0.5162544036508692,0.8063668957278921,0.8063668957278921,36.25752900353578
3338,0.4883449492587139,-2.064887056454023,-0.23158847261793136,-0.4299390291855224,-67.57601928710938,-0.29517879563099525,0.5277767827216874,0.7964428078837678,0.7964428078837678,37.208254345219224
3339,0.5119654214010901,1.5563921889881107,0.007374165478356176,0.5119123112349356,-67.61793518066406,-0.30272231062747257,0.5290377416935744,0.7927662142852248,0.7927662142852248,37.5552248076367
3340,0.34200259275927325,2.8686282381391157,-0.3293402750991482,0.09219954800150978,-67.51738739013672,0.3096495927214001,-0.5270968106818855,-0.7913823866478553,-0.7913823866478553,142.31488597393613
3341,0.3548103907693512,-1.5711332254476016,-0.00011953514035469786,-0.35481037063373716,-67.7187728881836,-0.30585381989327953,0.5227889288567892,0.7957042017744159,0.7957042017744159,37.278180043844245
3342,0.5420395787160387,2.6631371063133935,-0.4811723612113996,0.24955973974362747,-67.46797180175781,-0.3206044345032939,0.5138661887743021,0.79570995759221,0.79570995759221,37.27763555966637
3343,0.2675296942103899,-0.8117691173991928,0.1841182175262623,-0.19409435658786342,-67.44920349121094,0.31754114294438524,-0.5263135613509001,-0.7887722470242636,-0.7887722470242636,142.07092365323618
3344,0.5333050484717899,-1.751912783447787,-0.09606310801764202,-0.5245818849364597,-67.60641479492188,-0.29371469492655333,0.5460187748920907,0.7845987353096755,0.7845987353096755,38.31641859770666
3345,0.32985101691486185,1.1373764214757978,0.1385298192110696,0.2993512694964176,-67.71650695800781,-0.30604816333033946,0.5393707627815599,0.784483079472441,0.784483079472441,38.327105320044595
3346,0.4034300927701859,-2.947061491226492,-0.3958207584632719,-0.07798568408445852,-67.7337875366211,-0.3036000755675065,0.5281217626748219,0.7930412334202072,0.7930412334202072,37.52936525919104
3347,0.48276566123807785,-0.2563126553227714,0.46699435922102395,-0.12238852939055907,-67.64935302734375,-0.30357770359206887,0.5319158959969851,0.7905099983349297,0.7905099983349297,37.766802800890076
3348,0.4700112393084256,-2.3259639004788264,-0.32215073168707065,-0.3422418313849538,-67.5334701538086,-0.28387855959339364,0.526375631055184,0.8014622002530356,0.8014622002530356,36.73004007567095
3349,0.49158265482857727,1.8203552575560018,-0.12140940176528658,0.4763541368470598,-67.6393814086914,-0.2965548011479339,0.5339758179859835,0.7917860037423682,0.7917860037423682,37.64726904470609
3350,0.4790055600671488,-0.20656685176917083,0.4688222962140379,-0.0982444967814471,-67.85340881347656,-0.3271358784048449,0.518859125757533,0.789789417932666,0.789789417932666,37.834163372474464
3351,0.4945429446087312,-2.797322726310821,-0.46552420808169587,-0.16691295861072172,-67.72838592529297,-0.31240841719558454,0.5164968308768673,0.797265328833195,0.797265328833195,37.130251698173765
3352,0.43053962039048854,1.6655629670020913,-0.04073975066041181,0.42860778975902136,-67.54338836669922,-0.30228378190931615,0.5364033323858295,0.7879695299946429,0.7879695299946429,38.003836260479666
3353,0.4860555559400328,-1.8103255789602595,-0.11531441798903844,-0.4721785557011497,-67.62957000732422,-0.2978865127838353,0.5198942180071865,0.8006082859827158,0.8006082859827158,36.8117712906517
3354,0.5089728155518599,2.018931891908727,-0.22053077199616206,0.4587150592400084,-67.72764587402344,-0.3024015066572931,0.5370033284504825,0.7875155579444144,0.7875155579444144,38.046061083771306
3355,0.4452030389087526,-2.211528012860046,-0.2661344359026639,-0.35690083760108937,-67.74647521972656,-0.29678090086089237,0.5454524682104521,0.7838384411390673,0.7838384411390673,38.38662446446942
3356,0.3506016134576178,-1.8219386551133359,-0.08712822212133305,-0.3396029509133578,-67.62606048583984,-0.28734090485772806,0.538287028242714,0.7922640214102681,0.7922640214102681,37.60240596725363
3357,0.3465027599403143,-1.4222513326613988,0.05128216837206374,-0.34268688602471264,-67.70773315429688,-0.2963652490062425,0.5393237383216719,0.7882242983213629,0.7882242983213629,37.98012230948644
3358,0.5164617298151625,-1.4157290689806228,0.07976573260316973,-0.5102647805462861,-67.66726684570312,-0.28243660813349497,0.5321126803969992,0.7981764577753266,0.7981764577753266,37.04368196350704
3359,0.44824500836813813,-2.278976091710791,-0.29156199443551084,-0.3404632005485165,-67.68482971191406,-0.30163166356924426,0.5590927162805982,0.7722911848094816,0.7722911848094816,39.4399165658644
3360,0.4369143219248911,2.6549951093658413,-0.38620125366491237,0.2043103432788889,-67.59724426269531,-0.29821230344493405,0.5577863391947411,0.7745604055732489,0.7745604055732489,39.234805587581526
3361,0.41839368453926545,0.09492773427699568,0.4165099695135975,0.03965754099946814,-67.69098663330078,-0.2843411050670304,0.5610870675321875,0.7773875729759194,0.7773875729759194,38.977997528729276
3362,0.3999483867362931,0.6194695157372824,0.3256326060291922,0.2322113648028459,-67.6550521850586,0.295893555995658,-0.5504135694092379,-0.7806996260601299,-0.7806996260601299,141.3246772100786
3363,0.38439380826652614,2.6977341434888036,-0.347146601988351,0.16506918719610958,-67.54723358154297,0.30240201889261603,-0.5378361771029431,-0.786946799706919,-0.786946799706919,141.90109365331105
3364,0.3952394642764627,1.9419290814134897,-0.14334200946892803,0.3683304256275267,-67.5802001953125,-0.28525623562453306,0.5612807894312478,0.7769123215992627,0.7769123215992627,39.02126660924945
3365,0.40113576376395355,-2.769268618433367,-0.37365171488139504,-0.14592565551226083,-67.69813537597656,-0.3046874378146382,0.5398840315330932,0.7846596700057454,0.7846596700057454,38.31078715231437
3366,0.4682418360429895,-2.9002536039132885,-0.45467162972034547,-0.11191124227866907,-67.69074249267578,-0.28600266411148967,0.5419120098400512,0.7902745407212907,0.7902745407212907,37.78882484568626
3367,0.41462243209185934,-1.965021009677469,-0.15925334916162084,-0.3828186672232369,-67.72991943359375,-0.2830736109538497,0.5388349125263125,0.793426913977784,0.793426913977784,37.49307480145304
3368,0.45219455752555354,-2.0324509814180836,-0.20142109228196717,-0.4048573346744139,-67.65352630615234,-0.2823880054953336,0.5638774718495537,0.7760793845302961,0.7760793845302961,39.09700395946652
3369,0.46495132362834735,-1.7022693795574908,-0.06095261915057051,-0.4609387286423627,-67.70977020263672,-0.2819045791470964,0.5647119602858405,0.7756482515715625,0.7756482515715625,39.13615768476203
3370,0.4720494018555458,-1.3440873468068113,0.10610345942436901,-0.4599703182710378,-67.71321105957031,-0.2857119363837195,0.5470505078828323,0.7868318951548678,0.7868318951548678,38.10957497195203
3371,0.42454426763483133,-1.1147610159391907,0.1869659235280124,-0.3811582068130145,-67.55646514892578,-0.2794772048941516,0.5370789069296482,0.7958886477867408,0.7958886477867408,37.260728586861674
3372,0.5066006356558522,-0.39039224403120165,0.46848393395543125,-0.19278746762317478,-67.55158996582031,-0.26278727520868234,0.5656301551604266,0.7816683283603015,0.7816683283603015,38.586419207450774
3373,0.3489601435265559,2.762030714734588,-0.3241236145071261,0.12929448669185548,-67.59780883789062,0.26595989491668953,-0.5500157462849371,-0.7916741836983996,-0.7916741836983996,142.34224295381546
3374,0.49715958960740375,-0.22103061267399038,0.48506470148926834,-0.10899492147677844,-67.71935272216797,-0.26220381849639324,0.5536351791104328,0.790403217362676,0.790403217362676,37.7767912398826
3375,0.4379953916816936,0.3167641100006092,0.416204397983123,0.13643262891957472,-67.64801025390625,-0.24921282007194767,0.5535148726726028,0.7946787124631056,0.7946787124631056,37.375080242846416
3376,0.4217622466558783,-1.9504487083074697,-0.1563040873524855,-0.3917300409479984,-67.64289855957031,0.2779833653746337,-0.5581969318446122,-0.7817553542216735,-0.7817553542216735,141.42157613634737
3377,0.4357682160140152,-1.7080728630712771,-0.05963304277956753,-0.4316686672633163,-67.63233947753906,-0.26582835057577303,0.551105974474757,0.7909598554467808,0.7909598554467808,37.7246978412977
3378,0.4451986699303382,1.1475120639584255,0.18286850239198738,0.4059075837437063,-67.63748931884766,-0.2744291220662916,0.5532933052251678,0.7864827877041771,0.7864827877041771,38.14197327762207
3379,0.5056441074892951,-0.9744469529867634,0.28398273884666153,-0.41836559069287077,-67.74815368652344,-0.2841340438957861,0.5516753458054442,0.7841697252061388,0.7841697252061388,38.35604692617415
3380,0.4501858823055995,-2.7528352516691146,-0.41659335709534145,-0.17063793086914875,-67.4878921508789,-0.26953994607846843,0.557337341144579,0.7853173279852596,0.7853173279852596,38.249963248838085
3381,0.2868973707087412,-2.786108975195229,-0.26896004708652654,-0.09985286370857033,-67.57453155517578,-0.27307806739511425,0.5485490819762815,0.790267216687323,0.790267216687323,37.789509677993145
3382,0.4928465077988253,0.9413543739737354,0.29013565823911536,0.3983955070876839,-67.73332977294922,-0.2700309457290715,0.5572651916899015,0.7851998436573207,0.7851998436573207,38.26083486482137
3383,0.41287733446679153,0.5176754745438905,0.358778778913762,0.20431710921396856,-67.61327362060547,-0.2840822583548386,0.5331454815952317,0.7969022311065538,0.7969022311065538,37.16470284305514
3384,0.3651629222258042,1.3077122178649774,0.09496418793628544,0.35259858589916465,-67.62638092041016,-0.29483126334029736,0.5425382440293947,0.7865918763390997,0.7865918763390997,38.13185200487141
3385,0.410917513956741,1.1949858258740018,0.1508176522684026,0.38223976643022844,-67.60115814208984,-0.2842386838299839,0.5579069354523053,0.7797103449286895,0.7797103449286895,38.7659374967378
3386,0.4448948826404592,0.9751227409815371,0.24961559526482371,0.36827097523461666,-67.52740478515625,-0.3038047590651645,0.5465698255406531,0.7803615150542839,0.7803615150542839,38.706312694254095
3387,0.3950783971619606,0.835078408461995,0.265144838756142,0.29289102817437634,-67.6946029663086,-0.3039022916121457,0.545840608911497,0.7808338023011124,0.7808338023011124,38.66301892663869
3388,0.36715969625859096,-2.989748199823353,-0.36293507031342115,-0.05553717037527944,-67.56172180175781,0.26641275707133594,-0.5482363113677804,-0.7927554413357878,-0.7927554413357878,142.44376254053208
3389,0.34891960447417036,-1.4277986166888075,0.049724834199741844,-0.3453582650671903,-67.51392364501953,-0.3021416263547889,0.5257724022351224,0.7951564743316826,0.7951564743316826,37.32996246243133
3390,0.42782208771444374,1.6678532605573966,-0.04145793912601199,0.4258086166574945,-67.48435974121094,-0.30371799276341993,0.5494453229408488,0.7783734437724514,0.7783734437724514,38.8881102434987
3391,0.4500400373430487,-1.3839243678242035,0.08361124030736831,-0.442204925013275,-67.7999267578125,-0.29306312710923355,0.5377244328008499,0.7905481882200235,0.7905481882200235,37.76322992083163
3392,0.4757422716343802,1.8630501649425817,-0.1370666879940467,0.45556934934451315,-67.55548858642578,-0.30982301862680783,0.5425385989828136,0.7808082771991717,0.7808082771991717,38.66535981416574
3393,0.452165399339155,-1.2657764798156612,0.13579074339500616,-0.43129389326510187,-67.5576400756836,-0.32189424340366923,0.5368601098230229,0.7798495486594778,0.7798495486594778,38.753197716800834
3394,0.3797333936310746,2.9193831401998858,-0.3703968455094615,0.0836876757665833,-67.52478790283203,-0.2999810208930725,0.5406084056686207,0.7859732430715325,0.7859732430715325,38.189218847609645
3395,0.3694207885327757,-2.398312273115989,-0.2719870413601266,-0.24998953644571326,-67.62396240234375,0.29361066840283806,-0.5358794356918821,-0.7915971234173284,-0.7915971234173284,142.33501664244605
3396,0.393421545732059,-1.1725254097340851,0.15257877790408428,-0.3626296032861889,-67.65130615234375,-0.29439567920804033,0.5390828662687792,0.789126635819039,0.789126635819039,37.896030996197126
3397,0.4555116558152257,-2.6828854536667275,-0.40842345028961113,-0.20169569612923868,-67.66983795166016,-0.3036398652101062,0.5548563803063894,0.7745561499907415,0.7745561499907415,39.2351910831301
3398,0.47310718542859664,2.409645637574018,-0.3519324111624205,0.31618663298370714,-67.65278625488281,-0.3036158166637808,0.5331288802931412,0.7896778032013861,0.7896778032013861,37.844588107580186
3399,0.35435398098770227,-1.4613883804469652,0.03869184254341522,-0.35223526961738005,-67.45964050292969,0.29812021120198406,-0.5506686884091578,-0.7796719408049917,-0.7796719408049917,141.2305484188109
3400,0.4023842189000208,-2.422882886472946,-0.30285684150381004,-0.26493545095761717,-67.66416931152344,0.2943811315498824,-0.5492854255969192,-0.7820647483515814,-0.7820647483515814,141.45001249699368
3401,0.4342720187682353,-0.0008112579812308935,0.43427187586245586,-0.00035230660260649767,-67.53154754638672,-0.2930025783742868,0.548319897779016,0.7832590751249738,0.7832590751249738,38.44005053150347
3402,0.47226851374969125,3.1340317429571716,-0.4722550146396638,0.0035707460051427943,-67.6483383178711,-0.3114251949864905,0.538700405491215,0.7828257922751569,0.7828257922751569,38.47996459486373
3403,0.4610209407672908,0.0039115398906788175,0.46101741392832424,0.0018032972017900872,-67.7462158203125,-0.2956905403425648,0.5245955864729595,0.7983524127883713,0.7983524127883713,37.02694385900794
3404,0.4617164369112588,-2.8945719711630815,-0.4477011339189064,-0.11289713371806138,-67.56146240234375,-0.3048501263881755,0.5320392834603664,0.7899370869228091,0.7899370869228091,37.82036744143921
3405,0.41519669182758345,1.0196299835200304,0.21743070572664905,0.3537120030643301,-67.68705749511719,-0.30124852424230647,0.5304176993914695,0.7924054459770535,0.7924054459770535,37.5891241957899
3406,0.42463905777887795,-0.9951067216507636,0.2311791816063127,-0.3561944909500549,-67.51082611083984,-0.2981101427094847,0.5482590467398821,0.7813721011666634,0.7813721011666634,38.613624072285845
3407,0.37038427891213177,-2.045264520156617,-0.16921578053837713,-0.3294700801014374,-67.56407928466797,-0.2807622977517527,0.533440795698985,0.7978805986143479,0.7978805986143479,37.07181161663452
3408,0.3574391502474327,-0.7688000634761585,0.25690777027972994,-0.2485178941233494,-67.41294860839844,0.3005924268109226,-0.5220644083745902,-0.7981810236108156,-0.7981810236108156,142.9567522896721
3409,0.44390577854008745,-0.045187442572617524,0.4434526489450494,-0.020052141154997354,-67.65547180175781,-0.310120165693859,0.5226807857539462,0.7941223325367767,0.7941223325367767,37.42756382646552
3410,0.45506978015100585,2.6217075206481275,-0.3949442538817269,0.22606977049683322,-67.76972961425781,-0.2948498383815999,0.5218506244696446,0.8004595545978488,0.8004595545978488,36.82599097910905
3411,0.49397216243361947,-1.3884298665740977,0.0895854561330161,-0.4857807564208216,-67.56925964355469,-0.3047449170402495,0.5270041206178215,0.7933455693390921,0.7933455693390921,37.500731385130436
3412,0.49835538308189015,-2.077254139701463,-0.24174360788476834,-0.4357959567200605,-67.48927307128906,0.3264182652307481,-0.5356374080904842,-0.7788091442567024,-0.7788091442567024,141.1516707198653
3413,0.46522695372814943,-2.941505388753246,-0.4559453211554186,-0.09246611591094278,-67.48408508300781,-0.3307340195776763,0.5125391839255086,0.7924131455465433,0.7924131455465433,37.58840098227982
3414,0.4408874493977904,-1.0547814525802541,0.2175417298256656,-0.3834805585957994,-67.68204498291016,-0.30991601567746535,0.5108497347071812,0.8018632126343045,0.8018632126343045,36.69160377957394
3415,0.4638504533565901,2.15418598758406,-0.25551485527631224,0.38712969637091826,-67.66881561279297,-0.30753911157709113,0.5025794953519147,0.8079811542989034,0.8079811542989034,36.10084889205355
3416,0.4875870936208519,-1.0881118349564811,0.2263177619681874,-0.43188128517376195,-67.47262573242188,-0.31427710565895856,0.5253628162308157,0.7907109536237967,0.7907109536237967,37.74799906903318
3417,0.4781345778104074,1.4881158979254363,0.039487346442869914,0.47650123186497356,-67.50039672851562,-0.3006052231632367,0.5277626258881359,0.7944199837130484,0.7944199837130484,37.399494070726234
3418,0.4461093484593638,-2.2316715387846684,-0.27382549933220024,-0.35218339923725717,-67.59661102294922,-0.31306969998209605,0.5243056561374559,0.7918907386094324,0.7918907386094324,37.637443329629505
3419,0.4015288035617028,2.984738277017353,-0.3965994566286018,0.06272360872582405,-67.67056274414062,0.3103597473254146,-0.5222047094883487,-0.7943419091476253,-0.7943419091476253,142.59314143027697
3420,0.4416713952017779,2.118040977858584,-0.2298176354189478,0.37717035380571556,-67.56610870361328,-0.3121241116234072,0.5290335011870327,0.7891147531031776,0.7891147531031776,37.89713940902662
3421,0.3932029930002544,-1.8279422423260625,-0.09999991598296976,-0.3802743884457078,-67.58677673339844,-0.3227610271103566,0.5165469102883578,0.7930981079603071,0.7930981079603071,37.52401555369582
3422,0.4087934099076181,1.4108825937580973,0.06509341776838344,0.4035776244381353,-67.57750701904297,-0.2903614427286612,0.5235618920379488,0.8009826326345496,0.8009826326345496,36.77596042491748
3423,0.4674631525953896,-3.007114268755863,-0.4632426151243129,-0.06267438525592559,-67.59441375732422,-0.31332877625917016,0.5138981519171922,0.7985823485552541,0.7985823485552541,37.00506094149338
3424,0.4355519407765268,-1.4597721726344586,0.0482575031460924,-0.4328703114147516,-67.63888549804688,-0.3220068696265309,0.5093530751734555,0.7980419918304215,0.7980419918304215,37.05646896375945
3425,0.4302221479433076,-1.8760252691813228,-0.12928672165537836,-0.4103364962863503,-67.5215072631836,0.34100517759646043,-0.5163038857561578,-0.7855862565024283,-0.7855862565024283,141.77493237422146
3426,0.4272567448020828,-2.3030974129479658,-0.2856564161014613,-0.3177243111865079,-67.70234680175781,-0.3244816671036494,0.5154912274894278,0.7930828721483522,0.7930828721483522,37.52544872104915
3427,0.41443755371619756,-2.1716227648863846,-0.234291648661568,-0.3418565624610862,-67.52366638183594,0.3288766826028869,-0.5081845718786018,-0.7959827689998586,-0.7959827689998586,142.74817943451387
3428,0.4020926654931169,-0.9047185187260076,0.24845584025415873,-0.3161458636246243,-67.5467300415039,-0.3436466576887233,0.5099942017960074,0.7885511326438019,0.7885511326438019,37.94968200141549
3429,0.4605094081223381,-2.4482112807664613,-0.35417283092807533,-0.2943306317758639,-67.57075500488281,-0.3400869057765674,0.5075893507974719,0.7916400365546965,0.7916400365546965,37.66095933297849
3430,0.41977829388189186,1.2256314962034147,0.14203273742198752,0.3950196419354469,-67.5086669921875,-0.3347873205243411,0.5134209497007866,0.7901369365018158,0.7901369365018158,37.80168973678827
3431,0.4320343146606998,-1.2139592290868109,0.15091491133847412,-0.40481889602640964,-67.72052001953125,-0.318013640061491,0.509493350410143,0.7995522813566901,0.7995522813566901,36.91263038343959
3432,0.4389856460011491,2.619176426365076,-0.3804320163334119,0.21904309700043229,-67.73467254638672,-0.33704091437859557,0.5153502134547617,0.787919779880523,0.787919779880523,38.00846555771795
3433,0.47373067095032795,1.0854263748262718,0.22101222981031673,0.4190159219806804,-67.72306060791016,-0.34883711583022764,0.5097646691643203,0.7864176045149546,0.7864176045149546,38.148019904830505
3434,0.4513851448117856,-2.057114492203607,-0.21096572671001207,-0.39905138905969634,-67.60306549072266,-0.33776337705424636,0.5126211728229949,0.7893892793131208,0.7893892793131208,37.87152472538554
3435,0.4189829747926247,-0.8484357335047068,0.2770137532115904,-0.31434076047771037,-67.46056365966797,-0.3286554167091172,0.5148363412584585,0.7917885821274268,0.7917885821274268,37.647027179405306
3436,0.4017587025398851,-0.4940922689142852,0.3537081802164553,-0.19052710650848473,-67.6019287109375,-0.32357103750269595,0.49905823001584765,0.8038921984587725,0.8038921984587725,36.496595976970575
3437,0.45129959851862944,0.5080571822960342,0.3942965326225941,0.21954856406926399,-67.64031982421875,-0.350765897983921,0.490846639875042,0.7975166837972196,0.7975166837972196,37.10638680598983
3438,0.4720607925377278,1.47942879104491,0.043071046548826326,0.4700917748701167,-67.63459777832031,-0.32715884015694674,0.5122062585544793,0.7941107240207648,0.7941107240207648,37.42865819417983
3439,0.42067056604358133,-2.022359157038677,-0.18356896070426026,-0.37850516746985746,-67.56534576416016,-0.322947285983217,0.4841808402421285,0.8131875333639226,0.8131875333639226,35.59145849676315
3440,0.40485092965409564,-2.5067659494403873,-0.32597563659419165,-0.2400919815170781,-67.60697174072266,0.33664920158487716,-0.49568038606283893,-0.8006049399952887,-0.8006049399952887,143.18790875932848
3441,0.38570097133947695,-1.7406309489634173,-0.06519092858202506,-0.3801517882673042,-67.71600341796875,-0.338573755154091,0.49507469077443267,0.8001680216526137,0.8001680216526137,36.85384976314783
3442,0.4583686336392788,1.2490311546703752,0.14495524548270178,0.434844548213944,-67.49867248535156,-0.32616838796051195,0.4989425763948944,0.8029137488894221,0.8029137488894221,36.59074732263532
3443,0.43597790114521084,0.6692125906114335,0.34194199900250266,0.27046700280284786,-67.68599700927734,0.3285001392643361,-0.5019585128287122,-0.8000783148555518,-0.8000783148555518,143.13758152287215
3444,0.42959926316183344,-0.3680311730963815,0.4008322209374345,-0.15456085392994548,-67.69862365722656,-0.34438517296325205,0.49859048320894317,0.7954912838595679,0.7954912838595679,37.29831670589809
3445,0.44621888210130406,1.7709465751689364,-0.0887157129462149,0.4373108882936512,-67.66034698486328,-0.3118451813787562,0.4943021599374614,0.8114295764464166,0.8114295764464166,35.76415902733905
3446,0.41132920801333395,-2.6822898925554823,-0.3686997965329372,-0.18235179571763815,-67.4788818359375,-0.311120447115366,0.5065423036335752,0.8041262102532947,0.8041262102532947,36.47404718992488
3447,0.4444355690500567,-0.3953306024268439,0.41015594046148957,-0.17115805426855835,-67.58219909667969,-0.31199192623847966,0.5043044370506123,0.8051944316331727,0.8051944316331727,36.37096317861741
3448,0.46734770180483076,0.7685897552296993,0.3359723728488299,0.3248637238359861,-67.44634246826172,-0.3152522592321446,0.5058136145492357,0.8029748441798573,0.8029748441798573,36.58487452943619
3449,0.44367396903398926,-1.5784472321527996,-0.0033944744299259284,-0.44366098356934414,-67.57427978515625,0.30517917521050075,-0.5109124608136881,-0.8036380580853176,-0.8036380580853176,143.47892927488684
3450,0.41076581777457555,-0.34360264576826566,0.38675537035390334,-0.1383793357204422,-67.62371063232422,0.3149861152888844,-0.5166183811334516,-0.7961715866886168,-0.7961715866886168,142.76605541644307
3451,0.4058753353289632,2.418325166987247,-0.30426330424686926,0.2686235833227891,-67.4614486694336,-0.3335110051442517,0.5084868121300791,0.7938586595468118,0.7938586595468118,37.45241429606587
3452,0.4672336400851073,-2.7358404825910783,-0.4292969633797316,-0.18442177653444558,-67.51036834716797,-0.3044639175894945,0.5056589135974834,0.8072241237633266,0.8072241237633266,36.17439931743639
3453,0.4607654927068552,-0.6393899665576308,0.3697458394055151,-0.2749415456268879,-67.55677795410156,-0.30581376959010104,0.5222385484560886,0.796080923547079,0.796080923547079,37.24252887230866
3454,0.4424524030167812,1.9933544030367352,-0.181447459588324,0.403535560197943,-67.57791137695312,-0.31485780474438435,0.49242646278995894,0.8114066437586744,0.8114066437586744,35.76640714090146
3455,0.40592344164597,-1.5120877011419365,0.023817519890496054,-0.4052240938344795,-67.60665130615234,-0.3104469932787846,0.49838124067491385,0.8094682225433535,0.8094682225433535,35.95599218402439
3456,0.40577037144454725,-1.2765663101806308,0.11767464217679863,-0.388332683315232,-67.68365478515625,0.30588298795786384,-0.4951892714905146,-0.8131563091304542,-0.8131563091304542,144.4054677156531
3457,0.3816461432216275,2.859630465083268,-0.3665754433412403,0.10618956151673334,-67.56474304199219,0.3126607968070019,-0.5101241905340251,-0.801259344015417,-0.801259344015417,143.25052968489385
3458,0.3971428464902469,-2.449366600636241,-0.3057313416101425,-0.2534773900679076,-67.53907012939453,-0.31333493176290045,0.5136887453760407,0.7987146508053599,0.7987146508053599,36.99246474915641
3459,0.38086861024279095,-1.8335883614169948,-0.09894118704742146,-0.36779279461936465,-67.66971588134766,-0.3164712490115962,0.52427105286935,0.7905604415048247,0.7905604415048247,37.762083495690156
3460,0.37819025504196613,2.10271172215122,-0.19181243566606948,0.3259384275174643,-67.73346710205078,-0.3090704895486427,0.5188068577092722,0.7970664193679179,0.7970664193679179,37.149127851678976
3461,0.3749939757056236,-1.772732563189636,-0.07521126589525728,-0.3673741244262349,-67.68328094482422,0.31607869632629,-0.5116527112745506,-0.7989403987620568,-0.7989403987620568,143.02903668530155
3462,0.34271436253835447,-2.8280375831225384,-0.32600465521909616,-0.10570761119970935,-67.62310028076172,0.3081313820736227,-0.5125404378090254,-0.8014719901480849,-0.8014719901480849,143.2708978561128
3463,0.36976927202300663,-0.5859070215919399,0.30809578285044426,-0.20446589721074798,-67.57079315185547,-0.3169660341765435,0.5158893193411082,0.7958584945630489,0.7958584945630489,37.263582027773616
3464,0.3714464256131587,-2.823129289223848,-0.3527692343787746,-0.116302684305243,-67.63309478759766,-0.3217882214528216,0.5084296300974309,0.7987187563674835,0.7987187563674835,36.99207380924654
3465,0.36155035206170216,-2.1427465648585695,-0.19569741796734733,-0.3040085157966042,-67.50724792480469,0.33198283700202913,-0.5246892142968244,-0.7838932480489071,-0.7838932480489071,141.61843279402513
3466,0.3781675275340708,-0.16680654705947914,0.3729185684156866,-0.0627886949380781,-67.65357971191406,-0.3078142896819455,0.5118931325143319,0.8020073465700076,0.8020073465700076,36.677780352428066
3467,0.3806269155629282,-3.0202132866764746,-0.3778264775300857,-0.04608689323610491,-67.54061126708984,-0.30421267128017315,0.5351964422052538,0.7880478531684607,0.7880478531684607,37.99654724166341
3468,0.3499907185046836,-2.437010273990698,-0.26665166971506443,-0.22669448620906701,-67.51258850097656,0.3100699981229062,-0.5254571557664073,-0.7923076256845814,-0.7923076256845814,142.40168866584054
3469,0.34605915351917704,-1.0858489606359212,0.16131955616763058,-0.3061583553200664,-67.55895233154297,-0.3157691527079224,0.5281807012273975,0.7882353639929228,0.7882353639929228,37.979092026924945
3470,0.3699735546904649,3.0745997200891004,-0.36914363466715133,0.024767078047746024,-67.66596221923828,-0.3087092353643702,0.5191604012079001,0.7969762140857143,0.7969762140857143,37.15768546728054
3471,0.3461527789529457,-1.8496882803824992,-0.09529260105241484,-0.3327778035889897,-67.64089965820312,0.2984387039521718,-0.5233841011444452,-0.7981249417557186,-0.7981249417557186,142.9514186887481
3472,0.34838809230891166,-1.411653208154837,0.05520983147328899,-0.34398566448521334,-67.6598129272461,-0.27945207658198384,0.5354345712327883,0.7970046153083289,0.7970046153083289,37.154991275441404
3473,0.4206931357269547,-2.116311708753365,-0.21828030983021052,-0.3596337314382582,-67.64471435546875,-0.2958500592953178,0.530238172098731,0.7945566205528424,0.7945566205528424,37.38660261808585
3474,0.5039832152292882,-2.706438381171496,-0.4570145093167599,-0.21245427627330132,-67.78514099121094,-0.2886012909820877,0.5353179557342361,0.793816087713011,0.793816087713011,37.456425257514994
3475,0.4533957614376152,-2.2254067630951226,-0.27605012470845575,-0.3596721356152585,-67.77056121826172,-0.2726916796271693,0.5347281258204868,0.7998156533343312,0.7998156533343312,36.8874978516655
3476,0.4619869163252245,-0.8098038002964387,0.31860489933695363,-0.33454869447388313,-67.6537857055664,0.2989168848947912,-0.5145112314372647,-0.80369576871457,-0.80369576871457,143.48448580313766
3477,0.4288564874491566,-2.192544258844963,-0.24979041012228165,-0.3486009722278051,-67.76002502441406,0.29471181576822086,-0.5226945128874267,-0.7999596188833372,-0.7999596188833372,143.12624641455858
3478,0.44661935845658324,-1.527802174730674,0.019196105345778487,-0.4462066347419363,-67.5921630859375,0.2974095152438838,-0.5463302537526808,-0.7829883997077668,-0.7829883997077668,141.53501071652158
3479,0.4411873735461891,2.0246803871933814,-0.19344285491471486,0.3965175411744469,-67.65303039550781,-0.2834454704343328,0.5222879717134226,0.8042847380708769,0.8042847380708769,36.45876502610601
3480,0.421437208022101,1.5680886848234619,0.0011410996784682857,0.4214356631764657,-67.54752349853516,-0.29613603690214074,0.5272298785024155,0.7964496863344365,0.7964496863344365,37.20760261690536
3481,0.45237659490009596,0.7938425893747921,0.31716599426763986,0.32256831166998556,-67.75697326660156,-0.2923196754495965,0.5323496603231402,0.7944514122958558,0.7944514122958558,37.396529173583204
3482,0.4460168583679156,-1.9500742006084786,-0.16513763463655876,-0.4143194414639841,-67.67594146728516,0.316838097214562,-0.5270716049747052,-0.7885487577714165,-0.7885487577714165,142.05009673574938
3483,0.40824070115021394,1.8650250807741067,-0.1183905519991842,0.39069700187350653,-67.68022918701172,-0.3094694002887371,0.5213754900211571,0.7952334806144217,0.7952334806144217,37.32268595997841
3484,0.4416244695825318,2.5724635107119207,-0.3720114686530507,0.23799083874101729,-67.62095642089844,-0.3139023903469979,0.5286348298134997,0.7886764267064745,0.7886764267064745,37.93800701173117
3485,0.40935850867541856,1.0541865709167932,0.20219656420526433,0.3559367051155994,-67.62507629394531,0.28909638468938764,-0.5461543729738871,-0.7862179603907723,-0.7862179603907723,141.83346544014373
3486,0.4516738782572958,-1.8294626235208062,-0.1155343145092092,-0.43664758612738674,-67.52156066894531,-0.29483652508257674,0.5528214732147737,0.7793971017587109,0.7793971017587109,38.79459229350054
3487,0.4143878724652556,-2.4915586637623193,-0.3298789473604866,-0.25079311979123,-67.677978515625,-0.2924321585215824,0.5410850821181253,0.7884861232587608,0.7884861232587608,37.95573842020098
3488,0.432589175892713,-1.7235003656185344,-0.0658016838569953,-0.4275552987639384,-67.6653060913086,0.27292310005471143,-0.5476667113803843,-0.790932459001602,-0.790932459001602,142.27273680941605
3489,0.4205618842736216,-1.594463479549268,-0.009952573167747496,-0.42044410424112233,-67.5435562133789,-0.2892178132382423,0.544986563819876,0.7869832919201611,0.7869832919201611,38.0955175979072
3490,0.4216015062178066,-2.59767388787184,-0.3607590639046853,-0.21817591034699135,-67.5748062133789,0.2973341425359848,-0.5266195778252216,-0.7964070742613831,-0.7964070742613831,142.7883600765473
3491,0.46052069968691717,1.948797074506265,-0.16996119449194155,0.42800993821055155,-67.56880187988281,-0.2955481877515752,0.5249507971931248,0.7981716164103198,0.7981716164103198,37.04414241732802
3492,0.4536249011041687,-2.894344419929755,-0.43982996388152557,-0.11101870911581854,-67.55204010009766,-0.3004267105062848,0.5342412655337756,0.7901455953273693,0.7901455953273693,37.80088031582838
3493,0.3850300524738531,-1.5823799094558082,-0.0044599276998103145,-0.385004221214431,-67.55977630615234,-0.2923568490791546,0.5348021452537942,0.7927888358374178,0.7927888358374178,37.55309831733744
3494,0.4683645289737714,-0.33307285482345167,0.44262421743760494,-0.15313110114725403,-67.47117614746094,-0.26014126933506737,0.5276643236516408,0.8086389067649394,0.8086389067649394,36.03683870033513
3495,0.44763450424741075,0.6826991721062845,0.3473073769684705,0.2824079235717474,-67.83411407470703,-0.28456349479931936,0.5381815808995218,0.79333738309,0.79333738309,37.50150184394802
3496,0.41782415213947743,1.8481205249448773,-0.11439317841270932,0.40185970542430755,-67.64115142822266,-0.2704093660417187,0.5534096466805509,0.7877921919629718,0.7877921919629718,38.02033555251484
3497,0.3887932167696083,2.749675892405499,-0.35931438276240235,0.14850366913357205,-67.68777465820312,-0.28210720285946034,0.552260301640575,0.7844896973999548,0.7844896973999548,38.3264938845222
3498,0.43500847288958655,2.4422503509836373,-0.33289707313660505,0.280021267375912,-67.52590942382812,-0.2881533098319878,0.5371865766842484,0.7927157446797235,0.7927157446797235,37.5599687242826
3499,0.39794292636042417,0.7687586366553106,0.28603113759545895,0.2766672386932461,-67.75102233886719,-0.2838842982978974,0.5455929471122765,0.788503672306763,0.788503672306763,37.95410359276544
3500,0.4636889035709739,-0.7701676816931936,0.3328330805692788,-0.32284600008923126,-67.65536499023438,-0.2896091338346197,0.5390315945129186,0.7909307742883835,0.7909307742883835,37.72742093897328
3501,0.45587261931914336,-2.020866071106774,-0.1983175061518783,-0.41047534858819024,-67.79627227783203,-0.25918973056739386,0.5296745296620021,0.8076296033428559,0.8076296033428559,36.135020428533586
3502,0.4672609925826786,-1.563406039203,0.003453161682279191,-0.4672482325956365,-67.7289047241211,0.27364903658211337,-0.5388971450721107,-0.7966844242300773,-0.7966844242300773,142.8146444877446
3503,0.49448832038751456,-0.8028394030764926,0.34350473808378174,-0.3557009894752301,-67.67959594726562,-0.2762399058200714,0.5427191044048895,0.7931881795302254,0.7931881795302254,37.51554195431824
3504,0.38577214412006955,-0.812569848760452,0.26527037035524187,-0.2800924450794568,-67.56822204589844,-0.2724250508169866,0.549236390436573,0.7900151765045826,0.7900151765045826,37.81307021564738
3505,0.34882364327754745,0.35143016317227416,0.32750401399061324,0.12007936929155597,-67.60482788085938,0.2681329814526289,-0.5512470234394476,-0.7900831749926545,-0.7900831749926545,142.19328500476155
3506,0.4419190770407853,1.7100046400403082,-0.06132030670794433,0.43764402273745634,-67.80838012695312,-0.2566374321583709,0.55021055870905,0.7946103255685977,0.7946103255685977,37.38153460230416
3507,0.5459655270227535,1.929256687392321,-0.19154265423335473,0.5112629150510278,-67.55574798583984,-0.26336954980146793,0.554268838605294,0.7895711081267544,0.7895711081267544,37.85455106852627
3508,0.5176778674717681,-0.6360117723392371,0.4164568958659635,-0.30749638754919306,-67.41587829589844,-0.28666940011128,0.5488176102058965,0.7852514793158479,0.7852514793158479,38.25605699186453
3509,0.4189317514339192,-1.6850495026231442,-0.04776021596787319,-0.41620040140561276,-67.53903198242188,-0.26988298322105003,0.5400434512479046,0.7971927283486463,0.7971927283486463,37.13714230627052
3510,0.306056121835374,-1.8040434439192683,-0.07074117691430608,-0.29776842613294,-67.4059829711914,0.2634999696995094,-0.5372926221128664,-0.801176886955333,-0.801176886955333,143.2426341978321
3511,0.4525967452174653,2.65253076461662,-0.39954062541772206,0.21262902535227568,-67.59046173095703,0.2642611685769425,-0.5405860273935489,-0.7987069436089873,-0.7987069436089873,143.0068013656153
3512,0.49980224354537667,-2.549670431917109,-0.41477073561462047,-0.27886828347931325,-67.72813415527344,-0.25771704120150174,0.5485159213543578,0.7954320905615535,0.7954320905615535,37.303913247875
3513,0.30678157990657234,-1.0162549695277852,0.16153689749675737,-0.2608079149816867,-67.53887176513672,0.24893148280846575,-0.5450827200492372,-0.8005735101603746,-0.8005735101603746,143.18490349207923
3514,0.5459123243704779,-2.393154930616011,-0.40001883014590334,-0.371490513241295,-67.59241485595703,0.277536979400331,-0.5227264106460145,-0.8060585119446816,-0.8060585119446816,143.7126056815277
3515,0.337479855434015,2.670479541875624,-0.30071602265081765,0.15317482346925218,-67.74269104003906,0.2587132119555639,-0.5364545481624835,-0.8032957062722428,-0.8032957062722428,143.44598170821013
3516,0.4433837245383188,-0.6359688696913078,0.35670070198316933,-0.26335097567730026,-67.68387603759766,-0.27110567768626664,0.536634614187506,0.7990775947191217,0.7990775947191217,36.95789080492036
3517,0.5047099611060395,1.025752496262684,0.26166969091856257,0.43157979296329874,-67.51799011230469,-0.2656628582010417,0.532920219799948,0.8033799133043024,0.8033799133043024,36.54591666906177
3518,0.27584667772372395,-1.1213231786090534,0.11985291859498275,-0.2484485208558917,-67.66304016113281,0.26039145809193043,-0.527480051340399,-0.8086786036434306,-0.8086786036434306,143.96702760702243
3519,0.4775755898050171,0.5543818755589014,0.40604718075171836,0.2514043177457207,-67.72249603271484,-0.2583318045485065,0.5195374035072794,0.8144602906929391,0.8144602906929391,35.46596843738507
3520,0.5065074339931771,-1.249585623873958,0.1599122841859637,-0.48060154187932047,-67.58226776123047,-0.26924872268934763,0.5366009830890118,0.799727772606442,0.799727772606442,36.89588558960885
3521,0.3692626919074388,-2.8048354465054848,-0.34852162611533394,-0.12201480141626858,-67.54776763916016,-0.26301221948674236,0.5173310798446362,0.8143667025532418,0.8143667025532418,35.475209078887104
3522,0.5505602908806996,0.8421476051256667,0.36659722510420345,0.4107591854609444,-67.4666748046875,-0.2821841956872888,0.5072071168559665,0.8143175181186857,0.8143175181186857,35.48006457958822
3523,0.4607072733124379,-2.903795063516036,-0.4477425731722575,-0.10852548019735715,-67.69286346435547,-0.2756082183181539,0.5160861123972356,0.8109841148790775,0.8109841148790775,35.807806167929364
3524,0.3978829623132533,2.6701136782576462,-0.35447293868594676,0.1807201910095239,-67.6810531616211,0.25110748023204427,-0.5207629417065284,-0.8159356542746962,-0.8159356542746962,144.67998258513535
3525,0.32910108899048784,2.6838496912701,-0.2952208631209371,0.14543785185725866,-67.61151123046875,-0.2656283560836198,0.5140143845569376,0.815616815001301,0.815616815001301,35.35160311371536
3526,0.3759328736471606,0.04697098820600843,0.375518244475433,0.017651446249555915,-67.67253875732422,-0.2565674533143037,0.4800592880671945,0.8388779540792756,0.8388779540792756,32.978176672350116
3527,0.4596650115009559,3.087200931990005,-0.45898522898602057,0.02498964527207616,-67.63943481445312,-0.2713380398486509,0.498557055908814,0.8232961375681461,0.8232961375681461,34.583875918216144
3528,0.5135230690908067,-0.19718073734488908,0.5035724212614289,-0.1006019832475654,-67.4684829711914,-0.233720291461008,0.5108240841963444,0.8273050104794166,0.8273050104794166,34.17711544575921
3529,0.4241553576653849,-2.3422524497796333,-0.2957125756236521,-0.30407538547912166,-67.51251983642578,-0.24247242785716974,0.5144433863846268,0.8225297100616896,0.8225297100616896,34.66116489533164
3530,0.40976952895426677,-2.24236424580227,-0.254964416411555,-0.32078686572756815,-67.69519805908203,0.23408146291531481,-0.5178566031331717,-0.8228185749670451,-0.8228185749670451,145.367947430131
3531,0.33658887320441183,-1.909137240170101,-0.1117214277483639,-0.31750652299894994,-67.68329620361328,-0.23756906102947772,0.512015327050576,0.8254703181258937,0.8254703181258937,34.36379662865813
3532,0.4937270398702924,-1.5996016595783127,-0.014220004995705955,-0.4935222197196428,-67.76368713378906,-0.243774981109057,0.4923911828668395,0.835538557829783,0.835538557829783,33.3280417734435
3533,0.41142443369100906,-1.928691682288518,-0.14412351143798044,-0.3853550026777307,-67.63796997070312,-0.24810382310111673,0.5044916181681063,0.8270022370953634,0.8270022370953634,34.20798445533679
3534,0.3442602030501328,-2.257534774775352,-0.21826728316624378,-0.26622261456034385,-67.41727447509766,0.23608984158091376,-0.5116811813819984,-0.8261016616142481,-0.8261016616142481,145.7003423489004
3535,0.4575451472686722,-2.7281373455101967,-0.41899149303481287,-0.18383060287549866,-67.70553588867188,-0.23849115386691078,0.5214450017705948,0.8192783895939731,0.8192783895939731,34.98737711078872
3536,0.44026239918994575,2.9134867951118135,-0.4288580488341978,0.09955779271665244,-67.79498291015625,-0.22287464839309762,0.5085276567544454,0.8317009759640096,0.8317009759640096,33.72613209911092
3537,0.27836478936858905,0.07282220229653617,0.277627021071831,0.020253225199953772,-67.61750793457031,-0.21531178080880048,0.5121745504955242,0.8314553907875339,0.8314553907875339,33.75146663217806
3538,0.47926555959608635,-2.3949773340052243,-0.3517769920589138,-0.3254971957988774,-67.65106201171875,-0.21038871176595828,0.5137508556098317,0.83174313842774,0.83174313842774,33.721780937349486
3539,0.5667898281439682,-0.14679807019787094,0.5606937195334879,-0.08290513954617845,-67.52552795410156,-0.2261469066347021,0.5189340044559836,0.8243573713134569,0.8243573713134569,34.476607375569195
3540,0.44242016002161505,2.962906207685493,-0.4353759502049601,0.0786344706644584,-67.71615600585938,-0.25616072994966527,0.5172173212992249,0.816619815446398,0.816619815446398,35.2521581410758
3541,0.33790468647206295,-1.6830525635702067,-0.03785229241763544,-0.3357778746411279,-67.5166015625,0.22155300851675128,-0.5340888202572683,-0.8158819746099161,-0.8158819746099161,144.67466310841147
3542,0.5251164473078752,-0.784921811687681,0.37149023444309254,-0.3711364829098059,-67.47312927246094,-0.20131636796929148,0.5245429295720804,0.8272402522989272,0.8272402522989272,34.18371987085402
3543,0.484448242588072,-3.096230492788601,-0.4839498972684836,-0.021968083223067876,-67.6110610961914,-0.2286408205256094,0.508160227683714,0.830359294636853,0.830359294636853,33.86433604539812
3544,0.372934603531827,-1.463266315586434,0.0400244261606215,-0.37078061413988994,-67.61185455322266,0.2376746782798616,-0.501152233310956,-0.8320800360253847,-0.8320800360253847,146.3130046591679
3545,0.36036986567767243,-1.2181019743473902,0.12448168373101988,-0.33818744876774187,-67.58259582519531,-0.26899696360181663,0.5068392142187897,0.818996119956061,0.818996119956061,35.015572593650155
3546,0.3896212391615459,2.7515588298274287,-0.36035920351083234,0.14814167020395397,-67.7790298461914,-0.22834093469657096,0.5056863221039962,0.8319505761635302,0.8319505761635302,33.70036617105113
3547,0.448801320582047,-2.49428705005071,-0.35801398316805655,-0.2706448100598492,-67.65091705322266,0.21640653760199122,-0.49774655380633076,-0.8398908135329494,-0.8398908135329494,147.12859159603354
3548,0.49843446782280915,0.7465410512483778,0.3658719535691173,0.3384887476790398,-67.51522827148438,0.18830809863287984,-0.5310648829472162,-0.8261417251837176,-0.8261417251837176,145.7044160082985
3549,0.4922463751842781,-2.876776348650495,-0.47508695994240213,-0.12883661892003942,-67.55874633789062,0.22591450188284978,-0.5022854543993498,-0.8346687727103864,-0.8346687727103864,146.58136428376326
3550,0.46698460818579846,2.4476292782701106,-0.3589790669896628,0.29867817755181725,-67.6960220336914,-0.21674258687048528,0.5008618805159099,0.8379498956875386,0.8379498956875386,33.07573733532178
3551,0.5096688877919794,-2.8844032207358414,-0.49290521674785176,-0.12964112960733776,-67.47502136230469,-0.22418759472464211,0.5150269436574297,0.8273373977274728,0.8273373977274728,34.17381198062305
3552,0.4430872722860697,-1.0611562414066036,0.21616593101238793,-0.38677980962229297,-67.63663482666016,-0.22234084971801765,0.4957646974930397,0.8395129011911042,0.8395129011911042,32.91128111917867
3553,0.4870097618687071,0.5869673166720186,0.4054960754615679,0.26972475033018606,-67.49598693847656,-0.21609545640382222,0.4889899842243237,0.8450985439875752,0.8450985439875752,32.31750441256392
3554,0.3346823567191483,2.7728646575257483,-0.3121872067217865,0.12062929933615542,-67.62117767333984,-0.225382890263211,0.4745792436121044,0.8508684353701014,0.8508684353701014,31.693748806611598
3555,0.32566033375359166,1.9503649986810399,-0.1206636264010323,0.30248130891718383,-67.68131256103516,0.21421939116084643,-0.4904307952483411,-0.8447411955875931,-0.8447411955875931,147.64421772209997
3556,0.4226758220844637,-2.7934135690749877,-0.3973133889251883,-0.14421137803779308,-67.54694366455078,0.23496166542039196,-0.4923816921600251,-0.8380652033156526,-0.8380652033156526,146.9363703087265
3557,0.42786641860684826,-3.1377486060065753,-0.4278632573834973,-0.0016447348217527604,-67.57095336914062,-0.23768927715087068,0.48863554140173515,0.8394874121787235,0.8394874121787235,32.91396886639053
3558,0.45556524975796475,-0.8449585362075229,0.30238703599101463,-0.3407371087093474,-67.68440246582031,-0.24601033725426957,0.49622379505017433,0.8326108690078716,0.8326108690078716,33.63212100026332
3559,0.5120183047232237,-1.1366907032377735,0.21535446361133753,-0.46452685538547406,-67.53923797607422,0.23256797853939318,-0.47304150774528453,-0.8497904843596263,-0.8497904843596263,148.18888861766203
3560,0.4852931864226801,-1.9422306737512915,-0.17613829779813153,-0.45219993016038257,-67.64522552490234,-0.23438111645471385,0.48168160997619375,0.8444218844038707,0.8444218844038707,32.389951617641756
3561,0.49779628301180295,-0.7765064636667168,0.3551110064197476,-0.3488514189449729,-67.68919372558594,-0.23006282777508907,0.5242292300659411,0.8199114645012597,0.8199114645012597,34.924068008013705
3562,0.4692732279856058,1.712921742067639,-0.06647134111640447,0.4645416271059214,-67.5691146850586,-0.2206877939735166,0.5088241397090316,0.8321026934462277,0.8321026934462277,33.68465476334049
3563,0.3996384645514373,-2.368549881309212,-0.2860568842417507,-0.2790741143978281,-67.62349700927734,0.2388088817591446,-0.5071151025207343,-0.8281331962844698,-0.8281331962844698,145.90744697839085
3564,0.4360256114328442,-1.260473794472607,0.1331473004681078,-0.415198904386128,-67.63517761230469,0.20769194218698428,-0.5102402506665598,-0.8345771047364795,-0.8345771047364795,146.57182909655805
3565,0.420581921510364,-2.5988985877159854,-0.3601529020521556,-0.21720736600023585,-67.74188995361328,-0.22008107578635533,0.5263265613837457,0.8213066850225211,0.8213066850225211,34.784187346882696
3566,0.3803417714391573,-0.8828583225445084,0.24149630541182995,-0.29383566423072666,-67.5652847290039,-0.2410713305635446,0.521693692217126,0.8183644084887765,0.8183644084887765,35.078601654006555
3567,0.4622500339471004,-2.3883302834605966,-0.3371934742574395,-0.31618927053632445,-67.76847076416016,0.23454437219956134,-0.5274640404088752,-0.8165602387730242,-0.8165602387730242,144.741928163581
3568,0.4197423795908887,2.8822151769045616,-0.4057019254301861,0.10765506456670497,-67.52067565917969,-0.2310725728013893,0.5072029357020018,0.8302714303853999,0.8302714303853999,33.87336943256694
3569,0.41460294880161114,-1.0490866899528282,0.20662279698945574,-0.35944766645402715,-67.4067153930664,-0.23938800196938267,0.5001421679336371,0.8321966092022658,0.8321966092022658,33.67495146243297
3570,0.4898889202973769,-0.9672052553129195,0.27806225694105197,-0.40332683458329194,-67.77338409423828,-0.24739417699015723,0.5273227830751103,0.8128510341023644,0.8128510341023644,35.62457215545132
3571,0.4681939447520858,-1.4472421997026135,0.057700227294506315,-0.46462485262056474,-67.7320327758789,-0.24522939965555288,0.5237529713404082,0.8158096386760031,0.8158096386760031,35.33250404065529
3572,0.40689702630957764,-1.0855247242272794,0.1897965573147541,-0.35992007008646293,-67.60147094726562,-0.23114432359065185,0.5085846758720334,0.8294057686922359,0.8294057686922359,33.962255613495316
3573,0.4832258169487982,-1.9755914472365983,-0.19030903939875451,-0.4441730064839113,-67.71707916259766,-0.23570892494794707,0.49942870478248935,0.8336739599742626,0.8336739599742626,33.52198672412205
3574,0.3994825729185933,-1.4816672480726272,0.03555839075429326,-0.39789687974728355,-67.62442779541016,0.25138515284205926,-0.501246034493529,-0.8279842497506136,-0.8279842497506136,145.8922251122663
3575,0.40518435989218077,-0.8091504360536746,0.2796232017431577,-0.2932323831846367,-67.73819732666016,-0.23692156024161556,0.5102467844464658,0.8267505024218131,0.8267505024218131,34.23363124109873
3576,0.4007259753226499,1.4724314286752371,0.039353835681158036,0.3987888951757176,-67.68811798095703,0.22945303838797615,-0.510210548080735,-0.8288766493282833,-0.8288766493282833,145.98351507014257
3577,0.47508848039767276,-2.787191725629518,-0.4455638940488463,-0.16486928315061714,-67.63632202148438,-0.23738482531698293,0.516829585811412,0.8225178563041838,0.8225178563041838,34.66235908136506
3578,0.42940977584186857,-2.6484452749104186,-0.3782444214537097,-0.20328284046547623,-67.5526123046875,-0.2315590784369134,0.5321625167750395,0.8143607609242377,0.8143607609242377,35.475795668773166
3579,0.43442432365950745,-3.021250074246881,-0.4312823787004263,-0.052153646176682195,-67.63675689697266,-0.23497089291948875,0.5141909588313301,0.8248614049261461,0.8248614049261461,34.42555756750537
3580,0.4236273796459551,-1.362071298778741,0.08778100224923158,-0.41443292874700316,-67.75504302978516,0.22518405188094565,-0.5087628503061186,-0.8309347176083531,-0.8309347176083531,146.19487615932243
3581,0.47217569677558574,2.7871742742558903,-0.44282926704652736,0.16386619197548108,-67.57035827636719,0.22415466268584835,-0.5128580581033423,-0.8286925240610431,-0.8286925240610431,145.96466194580228
3582,0.41069608688910275,-1.4371494464908108,0.054724998985680756,-0.40703372129596177,-67.51834106445312,-0.22608296828159596,0.49431514250038294,0.8393682334636028,0.8393682334636028,32.92653335493877
3583,0.427172918562008,-2.539430750357657,-0.3520387489144095,-0.2419616118634551,-67.60504150390625,-0.22201467287535814,0.5001526731870898,0.8369927051843739,0.8369927051843739,33.176093983454024
3584,0.3981836076317225,-1.2893404383998528,0.11059730662335712,-0.38251590967471233,-67.65120697021484,0.2438601552246132,-0.4904955592076898,-0.8366279526117708,-0.8366279526117708,146.78573422263747
3585,0.46281294925076727,-2.4491276218538807,-0.3562153665167864,-0.29547662961984783,-67.52922821044922,0.23148618553385472,-0.48053980133185625,-0.8458697566664303,-0.8458697566664303,147.76524319341468
3586,0.4967727026936159,-2.629522537268709,-0.43305268881822356,-0.24341012067871484,-67.62898254394531,0.23092249645697766,-0.4894432177381921,-0.8409043567732076,-0.8409043567732076,147.23574102904306
3587,0.3739239600839899,-0.6472796477614657,0.2982893028760631,-0.22548308077238433,-67.5970458984375,0.23515985218025426,-0.4924109304070707,-0.8379924340578524,-0.8379924340578524,146.9287288627451
3588,0.340914827609382,-0.9800155727892209,0.18989283637613588,-0.28313182508676193,-67.4180908203125,-0.24486495053887092,0.49071263259396186,0.8362070725665384,0.8362070725665384,33.258263169615034
3589,0.3219701887896752,2.887255963153393,-0.3116125364730847,0.08100882410002964,-67.59134674072266,-0.2396148695919922,0.49442137323032564,0.8355430688860102,0.8355430688860102,33.32757134910712
3590,0.39219068564546716,-1.6104647525724216,-0.01555350723014451,-0.3918821536124138,-67.69857025146484,-0.23665512187695345,0.4989076623009145,0.8337178766146501,0.8337178766146501,33.51743016899195
3591,0.4357953465153351,2.7528861996733567,-0.4032850472861716,0.16516281264198465,-67.66364288330078,0.23149611712722745,-0.4976950169180563,-0.8358882807468667,-0.8358882807468667,146.70844565835765
3592,0.49728334771582705,0.900863783742574,0.30877969634788677,0.3898022922441157,-67.49290466308594,-0.23681473474193235,0.5124084949582435,0.8254431026447165,0.8254431026447165,34.36655912239636
3593,0.50993530386357,-3.120772034143143,-0.5098247798396431,-0.01061640183352387,-67.57255554199219,-0.24612687136620012,0.48519851560530036,0.8390494405253478,0.8390494405253478,32.960121402918254
3594,0.38312976259533715,2.749452051422786,-0.3540475735765611,0.14641970711249555,-67.67351531982422,0.26582998490872456,-0.48739738108794484,-0.8317320554313391,-0.8317320554313391,146.27707525064304
3595,0.35188882467901456,-1.792035036011332,-0.07721788847138272,-0.3433120193555701,-67.74583435058594,0.2649653856282635,-0.5051660107939393,-0.8213407611688364,-0.8213407611688364,145.21923517385108
3596,0.4408367092404323,2.9102226258311807,-0.429089797720379,0.1010888208765821,-67.59976196289062,-0.2596933913383156,0.5045920712425381,0.8233748746071682,0.8233748746071682,34.575927260748365
3597,0.44017805275094835,-2.7476637673575537,-0.406464026963614,-0.1689488470163059,-67.56450653076172,-0.26735102435995567,0.5023764532638125,0.8222781335896966,0.8222781335896966,34.68650180682619
3598,0.45765418480822634,-2.2329748675151486,-0.2813824632944605,-0.36093110453772725,-67.64907836914062,-0.26775597084029634,0.49184539040003156,0.8284895002482596,0.8284895002482596,34.05611561416166
3599,0.4041924116516083,-1.0419088172333697,0.20394464399317122,-0.34896717298800733,-67.525146484375,-0.25801392199269324,0.5263209820367079,0.8101944457510579,0.8101944457510579,35.88506635664304
3600,0.3886956148723567,-0.6567737744841183,0.30783377739545026,-0.23732392739765582,-67.39167022705078,-0.251017471580749,0.5137463273047636,0.820399256546515,0.820399256546515,34.875219144737905
3601,0.3943917846752256,-1.0887286294638607,0.18284485247208088,-0.34944619005473865,-67.42713928222656,-0.2558090301116644,0.500694925490352,0.8269621101970395,0.8269621101970395,34.21207372399457
3602,0.478384491823165,-2.0226740701986134,-0.20888925529922828,-0.4303684480040813,-67.59894561767578,-0.2672100587323954,0.4728319919687649,0.839659866781234,0.839659866781234,32.89578019476537
3603,0.46823270082300106,-1.559087528232061,0.0054823171052074465,-0.4682006047829925,-67.42107391357422,-0.26296411436047606,0.5081079485700624,0.8201683895143324,0.8201683895143324,34.89834625831204
3604,0.3731408219563998,3.122048770246683,-0.3730695611606313,0.0072921564513975965,-67.54121398925781,0.26497232564599793,-0.5064001744229154,-0.8205781681145266,-0.8205781681145266,145.14271254396112
3605,0.3940761325199537,2.9128851716145427,-0.38381448723862305,0.0893444884010031,-67.59874725341797,0.27112901414465174,-0.5136941552974962,-0.8140069855364518,-0.8140069855364518,144.4892928768232
3606,0.5066004285124575,-2.783571429024648,-0.4744779402273336,-0.17752374040288924,-67.69999694824219,-0.23734829681299668,0.5016193913212612,0.8318916830035369,0.8318916830035369,33.70644720664283
3607,0.4643812549428405,0.81856845105389,0.317296470009623,0.3390765401229047,-67.60537719726562,-0.23977044985242935,0.5141207882639268,0.8235228876312074,0.8235228876312074,34.560980725189296
3608,0.457048528057929,-2.9338721822979736,-0.4472236134395246,-0.09425707709246123,-67.54907989501953,-0.2583966604345356,0.5255921491810719,0.8105455314758705,0.8105455314758705,35.8507343932136
3609,0.48209487927807065,-0.8014868332572072,0.3353641688217042,-0.3463327112714954,-67.60883331298828,-0.2503501432382546,0.5232995694480215,0.8145442691444712,0.8145442691444712,35.45767484951549
3610,0.4981073935591503,-1.8525386773650876,-0.1384886610189587,-0.4784682500307269,-67.71520233154297,0.24535133757914887,-0.5152906782520167,-0.8211444684430987,-0.8211444684430987,145.19952406959305
3611,0.4478483730162032,2.9750304686523146,-0.4416504020130686,0.0742501691240846,-67.59728240966797,-0.2719693256944843,0.5104950385940997,0.8157373973602635,0.8157373973602635,35.339660552810514
3612,0.37674290836217345,0.5427176362509241,0.32260807229621064,0.19457453762122104,-67.5664291381836,0.2639277843026419,-0.5097280591847279,-0.8188525083022392,-0.8188525083022392,144.97008985651684
3613,0.4268240318791923,-0.454374660529833,0.3835166156037804,-0.18733328520429016,-67.75178527832031,0.2596335943507254,-0.5202181847662029,-0.8136113549619867,-0.8136113549619867,144.45028632176022
3614,0.4279179429445382,-2.387704733574107,-0.3119663823624422,-0.2929005670352579,-67.61955261230469,-0.2494389886315016,0.5042874545694281,0.826725077709864,0.826725077709864,34.236220578488904
3615,0.3989070712430169,2.4894198355280155,-0.31703816050205097,0.24210257386727038,-67.7649154663086,0.24438279103975427,-0.5150692127462249,-0.8215721255766921,-0.8215721255766921,145.2424806109834
3616,0.41700713443295073,-1.2523830438641266,0.13054825234632264,-0.39604558320640554,-67.55633544921875,0.24756028058963647,-0.5318232299794824,-0.8098629263823423,-0.8098629263823423,144.0825411158762
3617,0.4070052072629271,2.234361906223451,-0.2506866068774846,0.3206391489999182,-67.56756591796875,0.23385170983128017,-0.5219158101020129,-0.8203153448366954,-0.8203153448366954,145.11637344772512
3618,0.39343238520794754,-0.7469998203145576,0.28867338461190284,-0.26731389553691975,-67.76036834716797,0.2507443114139466,-0.5205695076842386,-0.8161707406927396,-0.8161707406927396,144.70328708502618
3619,0.4788966663129586,-2.340410683181627,-0.33324423408219933,-0.3439335654696028,-67.65934753417969,0.26962853262619535,-0.5309859351033385,-0.8033395241840637,-0.8033395241840637,143.4501972700532
3620,0.45913455357489574,2.5673082787095614,-0.3854807712888943,0.24941754800522353,-67.52298736572266,0.24687814228281546,-0.5257765194714931,-0.8140087434637473,-0.8140087434637473,144.48946627984793
3621,0.33186742572177524,-2.6167963796840734,-0.28720671000067677,-0.16627776154911747,-67.52945709228516,-0.2505175068089865,0.5190089368092619,0.8172335665489574,0.8172335665489574,35.19118566338629
3622,0.37335482391793445,-2.7504687329741166,-0.34515950600078743,-0.14233320048423073,-67.5835952758789,0.2603144078997408,-0.5264112154058627,-0.8093995560504897,-0.8093995560504897,144.03730783907795
3623,0.475707078255349,-2.5112026244024785,-0.3842750661857658,-0.2804102312865315,-67.5973892211914,-0.24586890386707047,0.5097548817917146,0.8244382588167051,0.8244382588167051,34.468419347250645
3624,0.48072329737717456,2.685250846732938,-0.43153114491540256,0.21183899454346264,-67.46182250976562,0.2292200772672766,-0.5202735430219951,-0.8226625046815517,-0.8226625046815517,145.3522157274645
3625,0.5107745264043015,-1.6903763993470973,-0.06093299481764909,-0.5071269929377561,-67.63089752197266,0.23139838332330795,-0.5076027974545848,-0.8299362555110117,-0.8299362555110117,146.0921904603218
3626,0.39624387625398355,2.8197909409501185,-0.37590353656756054,0.12532254651411665,-67.46543884277344,-0.253103233132074,0.5261083026082907,0.8118797985568518,0.8118797985568518,35.71999848424307
3627,0.4200594579682796,-2.9627175457730743,-0.4133571821667987,-0.07473813069463839,-67.6527328491211,0.2429503033627841,-0.5156884481763576,-0.8216085287491796,-0.8216085287491796,145.24613931529578
3628,0.4538815253226987,-2.988084024283234,-0.44854418263280804,-0.06940140672584187,-67.62101745605469,-0.2164914604302729,0.5487752804789651,0.8074510134342522,0.8074510134342522,36.152369077923765
3629,0.45338686474687395,-1.1497171573845006,0.18531988292628904,-0.41378278132032836,-67.65129089355469,-0.22630163703010164,0.5386420074981418,0.8115739996056232,0.8115739996056232,35.74999827003312
3630,0.38067718218363306,2.7987474295494184,-0.3585225335824042,0.1279715200696029,-67.69549560546875,0.242404096243685,-0.5351634250522999,-0.8092220724934372,-0.8092220724934372,144.0199952848822
3631,0.36078155773244563,-1.2001009520781887,0.13069804805088223,-0.3362757092558713,-67.66370391845703,0.24484567978674235,-0.5228672220926373,-0.8164927808320763,-0.8164927808320763,144.73523320054383
3632,0.3397827241015394,-0.7061680179893801,0.25852508460077345,-0.22049281219583053,-67.67208099365234,-0.25031654240250567,0.527663430143262,0.8117345213116794,0.8117345213116794,35.73425333589328
3633,0.43915730467137365,0.08250365349424066,0.4376635127217683,0.03619099167290472,-67.66742706298828,0.23979670349445212,-0.5262328316485905,-0.8158287491185268,-0.8158287491185268,144.66938932672377
3634,0.4662027571697712,-1.4439545345372218,0.05897555455471385,-0.46245745183493436,-67.51850128173828,0.2299820450542087,-0.5239489818953431,-0.8201132381101511,-0.8201132381101511,145.0961309278825
3635,0.45997892976322435,-2.736213818825698,-0.42269904651905976,-0.18140047380863988,-67.5366439819336,0.24821719787442786,-0.516340635847073,-0.819622212029669,-0.819622212029669,145.04699359167756
3636,0.476786572347634,-1.5585804583287157,0.005824217196211972,-0.47675099796964976,-67.70735931396484,-0.255079466936901,0.5190483179201626,0.815796119880106,0.815796119880106,35.3338433622611
3637,0.4454225575834433,-0.7971238419573263,0.31124660848874447,-0.31863270941387994,-67.49889373779297,0.2502246836457,-0.5247561009026668,-0.8136452803647543,-0.8136452803647543,144.45362968480964
3638,0.4171762520846499,2.852485496046727,-0.3998629386075503,0.11893551038915944,-67.72798919677734,0.23379445566288343,-0.5216354502616363,-0.8205099691847968,-0.8205099691847968,145.1358762506661
3639,0.3858834599710689,-0.13039235299720084,0.3826076779342005,-0.05017379261170757,-67.56695556640625,0.2397600966120231,-0.5271475790521236,-0.8152487509785455,-0.8152487509785455,144.6119652495395
3640,0.38359515437728936,-1.4784894072470587,0.03535822507179631,-0.3819620902413074,-67.58747863769531,-0.24389250354073488,0.5229217480478003,0.8167431004515835,0.8167431004515835,35.239917890546764
3641,0.36042503360868183,-2.686840039809399,-0.3237949356630253,-0.1583131216633565,-67.68151092529297,0.2686028312823256,-0.5297848676598178,-0.8044753029309153,-0.8044753029309153,143.55961283036504
3642,0.3721835430615342,-1.1807108925635552,0.14152928038720464,-0.34422384071838624,-67.49713897705078,0.2545634205059958,-0.5328313438374487,-0.8070243019665927,-0.8070243019665927,143.80620823402495
3643,0.4041167863343093,2.4246353739450424,-0.304626696434572,0.26554275139142647,-67.59603881835938,0.26092472815555995,-0.5226530040894357,-0.811635462232421,-0.811635462232421,144.25602964374414
3644,0.3896404596533798,-1.6438988245489643,-0.028458328248377726,-0.3885998087392796,-67.59709167480469,0.2553979432419692,-0.5180505253109986,-0.8163305358816184,-0.8163305358816184,144.71913548896987
3645,0.5005686469071419,-1.677229645142611,-0.053176651333944544,-0.4977360887250943,-67.48871612548828,-0.26103809695414903,0.5346837443450458,0.8037240854122253,0.8037240854122253,36.51278752597953
3646,0.45410245434257435,-2.5696976469331667,-0.3818442449250059,-0.24577227601501747,-67.59642028808594,0.27028660889561695,-0.531459268793381,-0.8028052034368691,-0.8028052034368691,143.39882073021084
3647,0.4722917481481313,-2.5221940677309553,-0.3845530484838891,-0.2741868856648062,-67.73763275146484,-0.2879995484260156,0.5028221275231695,0.8150007166742155,0.8150007166742155,35.4125672478839
3648,0.4416879800388791,-1.962526484091113,-0.1686312073805168,-0.4082300670066015,-67.56192779541016,0.2871021989074323,-0.5170234344386639,-0.8063864431051442,-0.8063864431051442,143.74436477036218
3649,0.3764503667296469,1.1958805579903078,0.13785392206832975,0.3503015483569328,-67.49600982666016,0.28733844344334014,-0.5204281228929375,-0.8041089402697199,-0.8041089402697199,143.52428830776321
3650,0.37510123885600966,-0.12094555778792382,0.3723611232693551,-0.045256306399189636,-67.79998016357422,0.282753377029836,-0.5241299556518573,-0.8033295197903569,-0.8033295197903569,143.44923474688375
3651,0.3657379135435809,-1.443039026471014,0.04659868326774923,-0.36275719720072247,-67.62344360351562,0.3030817853964458,-0.5320721457185774,-0.7905951322335166,-0.7905951322335166,142.24116235162361
3652,0.3815909334425243,-2.7247129879236596,-0.3489102808589008,-0.15450972913218117,-67.5562973022461,0.3069964032514643,-0.5254833115018824,-0.793486293343294,-0.793486293343294,142.5125151378576
3653,0.45257422735172487,1.6125817313915152,-0.018905494516966156,0.45217918300169424,-67.6120834350586,0.30674326028401966,-0.5297380137464329,-0.7907504088284206,-0.7907504088284206,142.25569375841638
3654,0.4218553806589609,-2.3697408708870555,-0.30231014980357257,-0.29422871293716096,-67.51538848876953,-0.2986089337028243,0.5353906807165736,0.7900566585471616,0.7900566585471616,37.80919336215694
3655,0.44094024456914077,-0.8067559320227495,0.30506205548807735,-0.31837939880287935,-67.541259765625,0.3057559838355596,-0.5191064393258682,-0.7981489729362357,-0.7981489729362357,142.9537040662475
3656,0.4535829500721363,-1.4715077471773024,0.04496164814720779,-0.4513490254692357,-67.5317153930664,0.30277848403064506,-0.5000872446697033,-0.811318641057118,-0.811318641057118,144.22496700547055
3657,0.48264368911241023,-1.0625823405579724,0.23486297900319428,-0.4216447696032551,-67.6128921508789,0.2980708105597175,-0.4991535038862953,-0.8136335609168953,-0.8136335609168953,144.45247469730924
3658,0.41816620253345566,-0.8194374513598236,0.2854538002784172,-0.30557994182841997,-67.5638427734375,0.3093158583585965,-0.5084762893756203,-0.8036016195296556,-0.8036016195296556,143.4754212515067
3659,0.4059905930341396,-0.6407958181536708,0.3254502786421959,-0.24271480746738425,-67.58782958984375,0.31019098648856447,-0.5260696936900131,-0.7918536665837616,-0.7918536665837616,142.35907850369506
3660,0.4251784957832515,-0.40734319197133845,0.3903889512755323,-0.16844352168753327,-67.65010070800781,0.3079328440543233,-0.5468372600285082,-0.778554028052729,-0.778554028052729,141.12837356887698
3661,0.4895303079799934,-0.12608342768816755,0.48564442073695097,-0.06155825726950512,-67.45653533935547,0.2954106735400088,-0.5447284674361584,-0.7848588603840136,-0.7848588603840136,141.70762645783228
3662,0.42483819521953503,1.1893855595264302,0.15813761892173125,0.3943095048298444,-67.68936920166016,0.3147141129145976,-0.5291202021044578,-0.7880271815472585,-0.7880271815472585,142.0015288722303
3663,0.3467745310523463,-2.2335184564533836,-0.21335824537473674,-0.27336941035380735,-67.4772720336914,0.3065469697982399,-0.5235804925110799,-0.7949166139724168,-0.7949166139724168,142.64738033618178
3664,0.3719246558178214,0.5729203496985725,0.3125362746449105,0.20161603764652744,-67.59837341308594,0.32111134379484,-0.49873132840214907,-0.8050804723482615,-0.8050804723482615,143.6180276907445
3665,0.4533516808948662,3.0495088890107054,-0.4514309591008751,0.04168735702181986,-67.57009887695312,0.32905572732928856,-0.5301863088481265,-0.781424856414097,-0.781424856414097,141.39121967157044
3666,0.46113883967038877,-0.7366842920568928,0.3415656478749978,-0.3098095183242205,-67.55484008789062,0.33823722124728084,-0.5177944593524386,-0.7858018070905881,-0.7858018070905881,141.79489654153835
3667,0.3587004765236087,-2.9868247257875375,-0.3544130486358291,-0.05529396725612484,-67.63561248779297,-0.32614492172082304,0.5264295685319378,0.7851760308434003,0.7851760308434003,38.263038106032255
3668,0.43641461968110234,-2.3696709668055727,-0.3127223183464076,-0.30440511145420884,-67.50605010986328,-0.3413069672507911,0.5152863626442997,0.7861230937829488,0.7861230937829488,38.17532965950438
3669,0.4885824216279843,0.4837430500892498,0.4325225970340278,0.22723772965510255,-67.64446258544922,0.32426625803083475,-0.5163923230177748,-0.7925846091307768,-0.7925846091307768,142.42770750904003
3670,0.4292249739593278,-2.7108383825242965,-0.39001572651664224,-0.17922558784973014,-67.62067413330078,-0.322693019948185,0.5149051303957166,0.7941926224593694,0.7941926224593694,37.4209368127174
3671,0.31205686832474033,-2.3745866165738096,-0.22467834015148683,-0.21656207547818043,-67.61123657226562,-0.3381741868309715,0.5202394337057311,0.7842124399540927,0.7842124399540927,38.352102851711294
3672,0.4530561149014841,-2.6371030536549416,-0.3966149711633381,-0.2189895154995582,-67.73344421386719,-0.3168784491332224,0.5207768583221788,0.7927039247480772,0.7927039247480772,37.561079671046144
3673,0.4703839235505157,-0.13657261268483795,0.4660039189782077,-0.06404204112713364,-67.5288314819336,0.3058834314513062,-0.5269379736292695,-0.792951258471196,-0.792951258471196,142.46217288845872
3674,0.4564117618063859,-2.295214720269156,-0.30246407381035767,-0.3417999127695202,-67.65460968017578,0.30022373517200934,-0.5232970714257393,-0.7975123095455092,-0.7975123095455092,142.89319776843107
3675,0.44753980512298164,1.884500529414917,-0.13810370020571952,0.42569853788685386,-67.65250396728516,0.322440654510251,-0.5171258150168537,-0.7928511308954259,-0.7928511308954259,142.45275812611362
3676,0.41178920371919425,2.781056619744384,-0.38531439389072414,0.1452692884277745,-67.5419692993164,-0.33007529109986883,0.5061937818430742,0.7967547661788684,0.7967547661788684,37.17868669035102
3677,0.3950023820839326,-1.7971802565490234,-0.08866033654464998,-0.38492366330971456,-67.54841613769531,0.3145744459985771,-0.5102304668368524,-0.8004422456593207,-0.8004422456593207,143.17235447986505
3678,0.4589675009471104,-2.9050356303537397,-0.4461855409254515,-0.1075622145304663,-67.60414123535156,0.3100908004522328,-0.5156712494825568,-0.7987032352081669,-0.7987032352081669,143.00644825325335
3679,0.3949798705543315,2.0266832803779535,-0.17389338622158684,0.3546409287878466,-67.74967193603516,0.29960707128994757,-0.5314136456406748,-0.7923604861803419,-0.7923604861803419,142.40665300845063
3680,0.36180067846193653,0.17142064058915255,0.3564979197246995,0.06171680619960239,-67.55028533935547,0.2913953773577762,-0.5349736895164083,-0.7930270396270992,-0.7930270396270992,142.46929975249452
3681,0.3537251996164035,-2.5648668769274954,-0.29651103848440347,-0.19288006869701466,-67.45807647705078,0.3049965347253845,-0.5178831580426875,-0.7992334755384312,-0.7992334755384312,143.05696687614386
3682,0.39101222097306815,2.855299115692795,-0.3750969139135227,0.11042129379265048,-67.65423583984375,-0.29815964536017037,0.5297331798930474,0.7940299641695507,0.7940299641695507,37.43627089853392
3683,0.44021467000927994,-3.03618708571999,-0.43777146738275713,-0.04631520308631801,-67.64192199707031,0.29687796948572903,-0.5353587653717743,-0.7907303355592475,-0.7907303355592475,142.25381495343
3684,0.4926598524729791,-0.6597798660891987,0.38926394001526843,-0.3019723749658022,-67.5741195678711,0.31193831315638426,-0.5385109059916486,-0.7827518718682207,-0.7827518718682207,141.51322934228853
3685,0.4679962871036498,1.4471039629399713,0.05774006853249897,0.4644207243746387,-67.48560333251953,0.3053638876760356,-0.5234647124807571,-0.7954480441177889,-0.7954480441177889,142.69759504054812
3686,0.5089970801834416,-2.0306577283111125,-0.22590507490842923,-0.4561194194132561,-67.60057830810547,0.3026117837553977,-0.5392926484721456,-0.7858686580060789,-0.7858686580060789,141.80109002933642
3687,0.3950093797122798,2.5540041430342093,-0.32875837512714223,0.21897566267610946,-67.71963500976562,0.31300947329413653,-0.5306441121544081,-0.7876813415741085,-0.7876813415741085,141.9693541621791
3688,0.3304523636295063,-2.8628025519601126,-0.31769329948967673,-0.09093806731886288,-67.694091796875,-0.30751623646478715,0.5321188032197186,0.7888493795209246,0.7888493795209246,37.92188613007893
3689,0.42565044449051886,-1.182317630757213,0.16122826181255123,-0.3939336853937217,-67.64266967773438,0.314421497580335,-0.5140730379133318,-0.7980401202633222,-0.7980401202633222,142.94335308677546
3690,0.4862763994011489,1.3683916149421296,0.09775397180290832,0.47634955401606277,-67.65190887451172,0.28605080723033627,-0.5189834248274189,-0.8055005527231349,-0.8055005527231349,143.65862413326994
3691,0.4909850479056461,-1.9727895189028717,-0.1920995786975061,-0.4518451827021621,-67.52174377441406,0.27468343500722153,-0.517574805347177,-0.8103488948610132,-0.8103488948610132,144.13003340464627
3692,0.3842332165023468,1.2515998216812134,0.1205738255006141,0.36482477611572217,-67.5843276977539,0.2976852172640672,-0.5297360884040985,-0.7942060110983613,-0.7942060110983613,142.58032559695792
3693,0.36337810823449535,-2.3845125815885937,-0.26411938627037096,-0.24956882685993292,-67.54310607910156,0.2933461032717763,-0.5250007384450197,-0.7989507421158382,-0.7989507421158382,143.0300220980518
3694,0.2952182326653966,-0.38636224980859746,0.27345650627640306,-0.11124452378964,-67.48245239257812,0.3178890600482653,-0.509486444542665,-0.7996062207917747,-0.7996062207917747,143.092515645191
3695,0.5278184137244641,-2.8533603108442325,-0.5060447660259909,-0.1500365710228998,-67.51072692871094,0.31359252886294364,-0.4909931538321006,-0.8127640793805735,-0.8127640793805735,144.36687529109454
3696,0.45639641188889296,-1.2900597409776955,0.1264507750959933,-0.43852923079616773,-67.72401428222656,0.2955329331291778,-0.510295477913253,-0.8076254148163924,-0.8076254148163924,143.86457260564134
3697,0.36304118917230677,-2.3704256934277277,-0.26033604491925977,-0.25302973886766705,-67.5267105102539,-0.30229271991178136,0.5099125753933644,0.8053622023313758,0.8053622023313758,36.35475032305966
3698,0.3363386749113733,-0.7407068168974501,0.24821517610723826,-0.22696460206647018,-67.80558013916016,0.31815336724006527,-0.4991101351863514,-0.8060195455868737,-0.8060195455868737,143.7088335076231
3699,0.4371872871396938,-1.6330013545614395,-0.02717771221682985,-0.4363417192926024,-67.533203125,0.3072559782084776,-0.49042903166775836,-0.8155201583974345,-0.8155201583974345,144.63882648198745
3700,0.49416326459636006,3.0126254622631716,-0.49005936326810723,0.06355432754572642,-67.44127655029297,0.31340078437007596,-0.4873582585024085,-0.8150226231373708,-0.8150226231373708,144.58959887465443
3701,0.41077703131048526,-0.18888448844520744,0.40347107359384893,-0.07712886765201687,-67.7445068359375,0.29967700410441117,-0.5248450386251305,-0.796700306665932,-0.796700306665932,142.81615014470987
3702,0.46931107915568004,2.903037475534692,-0.45602037658559136,0.11089772385853726,-67.57025909423828,-0.2865761712233464,0.537800835236981,0.7928709603115585,0.7928709603115585,37.54537751999352
3703,0.4346063614591237,-0.7304432427870626,0.3237290406575993,-0.2899693046783554,-67.8026123046875,0.2974987824040129,-0.5357209365803102,-0.7902515754983632,-0.7902515754983632,142.2090278311581
3704,0.41959427733463606,2.6789595808208135,-0.375486713624209,0.18726741698348576,-67.68241119384766,-0.29204863787664287,0.5217048526883572,0.8015807132134711,0.8015807132134711,36.71868442608908
3705,0.43686463509042245,0.26512450118239483,0.421600534670486,0.11447138750905517,-67.69194030761719,0.30207567582347117,-0.5214119974638691,-0.7980475017043356,-0.7980475017043356,142.94405492184896
3706,0.447221541705129,1.863225058062337,-0.12892444300057773,0.4282354438414728,-67.73827362060547,0.30267914125114775,-0.5323349406817762,-0.790572481421405,-0.790572481421405,142.23904299542906
3707,0.4268056480553456,-1.6595719795982171,-0.03784020044916571,-0.4251248998140552,-67.47681427001953,0.30081181749302227,-0.5224099351898233,-0.7978722391909054,-0.7978722391909054,142.92739385291367
3708,0.5337125042357638,-0.3162798385765988,0.5072398758147793,-0.16600224565052574,-67.45941162109375,0.3091570482370547,-0.5303014323668559,-0.7894316375437538,-0.7894316375437538,142.1324288230007
3709,0.5250099911348377,0.5044465604871486,0.4596158483912973,0.2537494092583278,-67.48854064941406,0.3157779311999934,-0.5161775105467551,-0.796143878813878,-0.796143878813878,142.76343176286264
3710,0.44968365273608674,-2.4758665416546846,-0.35366203850856454,-0.27773827618107677,-67.588623046875,0.29870409334056897,-0.5551850117340285,-0.7762380223665133,-0.7762380223665133,140.9174111659691
3711,0.3194592780103931,-2.1139172202198364,-0.1650998455804061,-0.27348906979301324,-67.5091781616211,-0.30467327597983956,0.5245972716151719,0.7949666015107993,0.7949666015107993,37.34789881114485
3712,0.5065495737799917,-2.46082388878554,-0.3936341499018799,-0.31881754457324885,-67.56014251708984,0.2973406305222076,-0.5434245877055089,-0.7850339272399338,-0.7850339272399338,141.723816225609
3713,0.29913790303972837,2.5075731094125855,-0.24100131722116566,0.17720567184113778,-67.72074890136719,0.31880292295670765,-0.5339167320423592,-0.7831332067786854,-0.7831332067786854,141.54835085434658
3714,0.4928883637228101,-0.7632192472814773,0.35616825393557283,-0.3407097209969719,-67.6207046508789,-0.30886934116993664,0.5271025062367123,0.7916834455792455,0.7916834455792455,37.656888435787096
3715,0.3787381496909506,-2.9139895829523295,-0.36897050929131875,-0.08545963552829945,-67.69209289550781,0.3020002134949429,-0.5407631138414607,-0.7850930682138879,-0.7850930682138879,141.72928675281844
3716,0.35721477433524557,2.2004940436132285,-0.2103639513201508,0.2887029667120753,-67.64897918701172,0.30126704542221966,-0.5293052208213054,-0.7931419485526381,-0.7931419485526381,142.48010860284472
3717,0.4002593517640333,1.5840619519381423,-0.005309534791550027,0.40022413409845925,-67.7343521118164,0.30431257222734126,-0.5367667004928306,-0.7869405108560743,-0.7869405108560743,141.90050968233658
3718,0.4422825839941798,1.621828960009066,-0.02256104917486934,0.44170678415063747,-67.55632781982422,0.3104051827758877,-0.5198508788226539,-0.7958666259450651,-0.7958666259450651,142.7371874376641
3719,0.37646159754516173,-1.9295468394078459,-0.13217738631645867,-0.3524946424739034,-67.56499481201172,-0.30245926208755664,0.5303992330824356,0.7919564687045715,0.7919564687045715,37.63127573614998
3720,0.3459134891909117,-1.7246476073665078,-0.05300952982333747,-0.34182763456476084,-67.67042541503906,-0.3016509288915029,0.5348327027533492,0.7892785928710099,0.7892785928710099,37.88185410108477
3721,0.49948404939799274,0.6688928633479442,0.3918495831139711,0.30973895430898496,-67.69979858398438,0.2901434816465122,-0.5136940248501692,-0.8074250484665892,-0.8074250484665892,143.8451092218842
3722,0.36499900839017035,1.0475316922428088,0.18239387255436076,0.31615937654991544,-67.47074890136719,0.31024160860246436,-0.5115994709896861,-0.8012590876706666,-0.8012590876706666,143.25050513693122
3723,0.40542683202071256,1.9112126373536205,-0.13536372497010657,0.3821617171886379,-67.5187759399414,0.29789440967273567,-0.5209726355011964,-0.7999040153322585,-0.7999040153322585,143.12093747084486
3724,0.4977633003672388,-2.3432553221469505,-0.3473882463473602,-0.3564964368576379,-67.61343383789062,0.2968987873948822,-0.53763437034904,-0.789177035818225,-0.789177035818225,142.10867059269168
3725,0.42209905480403154,0.5147222589350536,0.36740746326459106,0.20779645811210304,-67.82051849365234,0.3073112879222729,-0.5346295728827537,-0.7872299486901895,-0.7872299486901895,141.92739421105358
3726,0.3602021983498363,2.0795462739065593,-0.17544940798633518,0.3145840570233961,-67.48967742919922,0.30284564329317853,-0.5274910889790202,-0.7937491211875881,-0.7937491211875881,142.53726614458617
3727,0.42447536226918714,-2.759584608699556,-0.393878303238,-0.15823784443650574,-67.6635513305664,0.304327261267325,-0.5458371822006727,-0.7806706658871967,-0.7806706658871967,141.32202201648226
3728,0.4837434156713427,-2.1627117542481207,-0.26990541659580364,-0.4014458348241057,-67.56632232666016,0.28283363792105026,-0.5480764057503625,-0.7871577902302106,-0.7871577902302106,141.92069024218043
3729,0.31445509201603755,-1.3392354205223067,0.07216651508714275,-0.30606208356310954,-67.44395446777344,0.2968073196292779,-0.5274797423655571,-0.7960342558008727,-0.7960342558008727,142.75305312925764
3730,0.3920824402524378,1.927152813553711,-0.13678264470618812,0.367449517704796,-67.71656799316406,0.31184680684462013,-0.5201357601706714,-0.7951165701030838,-0.7951165701030838,142.66626737097707
3731,0.536757559288743,-2.9967967102831983,-0.531140589987356,-0.07744902272780367,-67.59520721435547,0.3182417819889757,-0.5063734933455684,-0.8014412351716668,-0.8014412351716668,143.26795141060117
3732,0.3821972356630067,1.7691183355664406,-0.07530222260358202,0.37470562074701314,-67.6994857788086,0.2972727087378245,-0.5168113463842571,-0.8028293522836395,-0.8028293522836395,143.40114137539382
3733,0.3252040261696774,-0.9560506808708881,0.18756166728705181,-0.26566572906844704,-67.62024688720703,0.2947956245984279,-0.5397080073968303,-0.7885498122942938,-0.7885498122942938,142.05019498372337
3734,0.5183045912865715,-2.113193766908042,-0.2675440706007817,-0.44391420301123935,-67.6091537475586,-0.2933461089851631,0.5276464620190643,0.7972059153456081,0.7972059153456081,37.135890792264966
3735,0.49018081706381916,-3.113790508112054,-0.48999138435733125,-0.013626322795950609,-67.54637145996094,0.29070194416141626,-0.5171768065693637,-0.8049972238507955,-0.8049972238507955,143.6099872154693
3736,0.4827753919282957,-0.848454761229362,0.3191836989251406,-0.3622069096414158,-67.66213989257812,0.3009874779288919,-0.53067177343453,-0.792334529734667,-0.792334529734667,142.4042152640187
3737,0.4777988554890222,-2.6591135648463653,-0.4232568770661783,-0.22168753307934463,-67.5000991821289,0.28207564561729237,-0.5502013917572158,-0.785946409533125,-0.785946409533125,141.8082944885039
3738,0.345620772818769,2.619501327404319,-0.2995765320697727,0.17235898594761923,-67.64813995361328,0.26863144620289864,-0.5279397049880142,-0.8056778599465841,-0.8056778599465841,143.6757707882996
3739,0.3469324919454286,-2.694648151464817,-0.312853983963936,-0.1499484534276968,-67.47406768798828,-0.2731060097089957,0.5262467705677412,0.8052809720388612,0.8052809720388612,36.36260095226739
3740,0.4342912556802205,-1.0279446750243275,0.22434608321028554,-0.37185713615380067,-67.4384994506836,0.2864199007088829,-0.5042628404326485,-0.8146671886339298,-0.8146671886339298,144.55446753808664
3741,0.46757715771549213,-3.0883119027180013,-0.46691362671092745,-0.02490107646160917,-67.6397705078125,0.2686479594960178,-0.5286794089981668,-0.8051871561071843,-0.8051871561071843,143.628333877371
3742,0.5029143249672018,0.7769456566057562,0.3586072212664008,0.35259563115955767,-67.66810607910156,0.2683437050512521,-0.5448287060220394,-0.7944515951609116,-0.7944515951609116,142.60348807805497
3743,0.4081711955693888,-3.134310249847803,-0.4081603722632107,-0.002972441168712213,-67.62799835205078,0.2996822107276982,-0.5223234680517179,-0.7983537857966139,-0.7983537857966139,142.97318677688475
3744,0.44653750066157455,-1.321621600954762,0.11011804844372476,-0.4327467560872423,-67.65963745117188,0.2838576308353121,-0.521413905296486,-0.8047063966317348,-0.8047063966317348,143.58190995874068
3745,0.3822015618354714,-1.426144371721089,0.05509360161136361,-0.3782099006252507,-67.55447387695312,-0.2727461991223164,0.5074739422077342,0.8173614309743708,0.8173614309743708,35.178471519877746
3746,0.37977466160847834,2.7178238749145267,-0.34618195992543743,0.1561628772212432,-67.49403381347656,0.27396608089053504,-0.5290731265306362,-0.8031339946139613,-0.8031339946139613,143.43042763734195
3747,0.4766714098581994,2.8761285213612213,-0.45997400906068736,0.1250581623279433,-67.6346664428711,0.26869224011219517,-0.5211564176166289,-0.8100620152065472,-0.8100620152065472,144.10199091209853
3748,0.44168291200571574,3.022780850867533,-0.43856912552556965,0.052353766756423024,-67.78995513916016,0.2783348413865392,-0.5256690812850582,-0.8038667383660386,-0.8038667383660386,143.50095147610665
3749,0.4448171397370396,-1.9121362801608435,-0.14890255517122516,-0.41915428766424573,-67.70903015136719,0.2610028848212761,-0.5125063810406314,-0.8180554403630643,-0.8180554403630643,144.89060695910217
3750,0.4769225520309015,-0.6492470236364356,0.3798875385252814,-0.28834108050860663,-67.61109924316406,0.2740161030327429,-0.524314114962286,-0.8062319046837977,-0.8062319046837977,143.7293952273498
3751,0.4498639357830999,-1.6461125498166087,-0.03385002875496347,-0.4485886047054129,-67.64600372314453,-0.25709997792040107,0.5382520755112579,0.8026109297543566,0.8026109297543566,36.6198438940598
3752,0.4254603120469081,-1.6347814235458342,-0.0272045473702992,-0.42458967218884347,-67.4645004272461,0.2687001140308715,-0.5174726987321026,-0.8124175372225241,-0.8124175372225241,144.3328083279045
3753,0.4264642187745758,2.6954852536713996,-0.384727625478985,0.18400104371527648,-67.46180725097656,-0.25677132436024064,0.5201241426322002,0.8145792553443814,0.8145792553443814,35.45421916662269
3754,0.4407311920395958,-1.4109108048608572,0.07016669303558155,-0.435109892814555,-67.64799499511719,-0.26708759787049025,0.5313554334293031,0.8039437905904422,0.8039437905904422,36.491625720033355
3755,0.4033498063476892,-0.23554853830468503,0.39221189506761955,-0.09413233051499874,-67.52738189697266,-0.26773324650378255,0.5191004222789201,0.8116980105349476,0.8116980105349476,35.7378350606769
3756,0.3912993710039574,-0.8905877549433885,0.24610977028440498,-0.3042123908039416,-67.57001495361328,0.26375481200209067,-0.5270522934614569,-0.8078671172307735,-0.8078671172307735,143.88806338971622
3757,0.42860990038242286,1.5975944127708774,-0.011484550264562476,0.4284560091900348,-67.55342864990234,0.2732070111776474,-0.537450080415944,-0.7978128477934361,-0.7978128477934361,142.92174935302518
3758,0.439710565714333,-1.429917464419651,0.06174122222799549,-0.4353543419774426,-67.66690826416016,0.2840833192918,-0.5268813445511663,-0.8010572491801747,-0.8010572491801747,143.2311811457051
3759,0.392846817111361,2.334375322131149,-0.27165797863498786,0.2837790766749367,-67.6038589477539,0.2871367116220547,-0.5379216611052583,-0.792586143805601,-0.792586143805601,142.42785171373168
3760,0.4567596831185163,-1.5095826504150047,0.027942481182791194,-0.45590418496420576,-67.61399841308594,0.2864427429504749,-0.5377102020922473,-0.7929806388411529,-0.7929806388411529,142.46493583817787
3761,0.40333240606933435,1.189867847835105,0.14995195243615972,0.37442147607510723,-67.5586929321289,0.2855144112567797,-0.5407522573049448,-0.7912449160558956,-0.7912449160558956,142.3020034902036
3762,0.40587215076254257,-0.9800702408812109,0.22605626202354528,-0.3370916331868151,-67.41100311279297,0.2773005787714178,-0.5309288843561939,-0.8007614555966864,-0.8007614555966864,143.20287765160694
3763,0.36705188215692475,-2.2662149121169644,-0.23517266600411035,-0.28181714170621375,-67.58221435546875,0.26839614222614006,-0.527505025534846,-0.8060409163768345,-0.8060409163768345,143.71090228460952
3764,0.43965576323497013,2.469898727985935,-0.34414874287887703,0.2736034227136289,-67.6560287475586,0.2837156290927431,-0.5260445850116258,-0.8017371990798827,-0.8017371990798827,143.29631432746896
3765,0.4266522940286627,1.8888743367749545,-0.13343190389596796,0.40525067183487506,-67.49424743652344,0.27718933915834193,-0.5193473161687172,-0.8083591005520457,-0.8083591005520457,143.93591952744606
3766,0.42577709210558223,-1.8391726233251304,-0.11290169680550133,-0.4105354296772985,-67.58778381347656,-0.2725551096159505,0.5492585695400107,0.7899548949206522,0.7899548949206522,37.81870344544688
3767,0.4252733777087665,-2.163246591196092,-0.23747068726695172,-0.3527961429448808,-67.55223083496094,-0.2774615688773659,0.5493751324519539,0.7881637149980384,0.7881637149980384,37.98576257159544
3768,0.4509534952109418,-1.316828081443723,0.11330066025166556,-0.43648827616500946,-67.46025848388672,-0.2608884548455089,0.5315619051228466,0.805840651214924,0.805840651214924,36.30848018727529
3769,0.4798907195422345,-1.2181648220076962,0.16573917691133183,-0.45036166348782153,-67.66121673583984,-0.27540391468973846,0.5229312205908024,0.8066570661098685,0.8066570661098685,36.22940816412691
3770,0.35568988370263865,-2.4846543795316833,-0.28165862641669764,-0.2172181197171538,-67.6151123046875,-0.2575758998274944,0.5210590948037888,0.8137272734462776,0.8137272734462776,35.538288734045935
3771,0.46042509963465694,-1.1635753795068904,0.18235553441761168,-0.42277385378101495,-67.77400970458984,0.2830378339101995,-0.5223758047188156,-0.8043712471364155,-0.8043712471364155,143.54957681978001
3772,0.5441273472343692,-1.5930717837655373,-0.012119682962175565,-0.5439923559143163,-67.64379119873047,-0.27348221078986734,0.5232034188808797,0.807134228522645,0.807134228522645,36.18312464541655
3773,0.428500459958779,-1.6322931533495768,-0.026334812044003602,-0.4276904509800192,-67.65493774414062,0.2675354877512747,-0.5288464244958349,-0.8054478394605443,-0.8054478394605443,143.65352779463257
3774,0.32532710942886894,2.7190040143741334,-0.2967081933988663,0.13342404618105475,-67.63380432128906,0.2839142767720362,-0.5273565240916013,-0.8008044579939826,-0.8008044579939826,143.20699124507277
3775,0.493930407778382,-2.6805979429473963,-0.4423692369486564,-0.2197196075219101,-67.5277099609375,0.2622676043265896,-0.5319681121296262,-0.8051246061312702,-0.8051246061312702,143.6222909305227
3776,0.3885780571810549,-1.514801804544304,0.021746874367795915,-0.3879690451283897,-67.85590362548828,-0.2661508781931147,0.539684218598147,0.7986893352443999,0.7986893352443999,36.99487526972943
3777,0.3467734517769487,-0.6767247649975577,0.27035428899276687,-0.21716441992305105,-67.46312713623047,0.2760479521047184,-0.5419518943232479,-0.79377936001022,-0.79377936001022,142.54011468800948
3778,0.3323588864504345,1.4100142755888425,0.05320740728514744,0.32807224998857376,-67.74984741210938,0.26788938396304474,-0.5399958571464801,-0.7978970812232232,-0.7978970812232232,142.92975503349848
3779,0.5458040252470061,1.1225844217933478,0.23652676945073717,0.49189137145210454,-67.58518981933594,0.26438131321097824,-0.5514811108392581,-0.7911833577700789,-0.7911833577700789,142.29623602673232
3780,0.3390475139080467,-1.0336740136102935,0.1734789663460747,-0.29130441967592013,-67.48639678955078,-0.2640944329631634,0.5452981018231939,0.7955527076353188,0.7955527076353188,37.292508520387486
3781,0.348689300309056,2.900562283447433,-0.3386095774675214,0.08323329981014586,-67.57684326171875,-0.25279360289770136,0.546372291129357,0.7984815049956113,0.7984815049956113,37.01465955733493
3782,0.4256549009347133,-2.336016073730971,-0.2948492358793719,-0.3069951510872625,-67.80502319335938,0.25971105876924666,-0.5553771319700116,-0.7900040552033397,-0.7900040552033397,142.18589046060396
3783,0.39252324888191564,2.461470893386031,-0.305185315191719,0.2468530419179505,-67.5822525024414,0.27463272353954155,-0.5420794827721717,-0.7941830403116833,-0.7941830403116833,142.5781597125425
3784,0.4018003925456437,-2.3994295814916984,-0.2961302238060919,-0.27157033342835385,-67.52117156982422,-0.2770490888742281,0.55032627026024,0.7876450968649608,0.7876450968649608,38.034016473278534
3785,0.4197015546262605,-1.332793140850094,0.09894991820255396,-0.40787045571284986,-67.6044921875,0.2847908053436461,-0.5505080773847119,-0.7847515873994176,-0.7847515873994176,141.69770896893365
3786,0.4870313517325438,-2.599662841210576,-0.4172470152362796,-0.251206022712125,-67.53338623046875,0.27940154257404254,-0.5398200548013463,-0.7940586165022813,-0.7940586165022813,142.566429818727
3787,0.47549988882458366,3.03225185673144,-0.472660321503342,0.05188800197106121,-67.6392822265625,0.2797343146529774,-0.5213498499011305,-0.8061904534374603,-0.8061904534374603,143.7253809109181
3788,0.4130749610326924,2.722452583761909,-0.37731888184778256,0.16811122756466773,-67.73384857177734,0.29604324059632553,-0.5464459147009605,-0.7834253391382339,-0.7834253391382339,141.57527503008214
3789,0.45324092613992667,-2.4714326024208515,-0.35521500581829024,-0.281513120066704,-67.62271118164062,0.28385802931247894,-0.5647791516709141,-0.7748865265525777,-0.7748865265525777,140.7947458132787
3790,0.4632023496625443,3.066896975238835,-0.46191074449703134,0.034567048631611204,-67.64421844482422,0.29178256614573395,-0.5642797975456694,-0.772302559995258,-0.772302559995258,140.56110938933588
3791,0.4020166788396349,2.683695020910101,-0.36060247179821553,0.17771681799499825,-67.64486694335938,0.2778398488227044,-0.569730718394118,-0.7734416118391221,-0.7734416118391221,140.6639565921272
3792,0.4592371851715669,-3.025251531719668,-0.45613274258203174,-0.0533077235388834,-67.5791244506836,0.2805594727863973,-0.5764313517579324,-0.7674720053137716,-0.7674720053137716,140.12741671754742
3793,0.39354303124328943,-1.1050378692538423,0.1767404107126236,-0.351623299372055,-67.5318832397461,-0.28572215069409573,0.581761167552854,0.761522682873124,0.761522682873124,40.40138124844031
3794,0.4223577083462076,-2.108809282058793,-0.21642904442244976,-0.3626906430139127,-67.5975341796875,-0.2929433881214334,0.5770909506841979,0.7623320838022916,0.7623320838022916,40.32977717137255
3795,0.43757646149003787,0.2568956203006981,0.42321668797623685,0.11117911075632497,-67.59354400634766,0.2905681264375957,-0.5533796031150011,-0.7806030865650156,-0.7806030865650156,141.3158266504178
3796,0.47814782924004523,-3.0652900139903285,-0.4767565939090211,-0.03644854964516719,-67.66020965576172,-0.283480018098444,0.5670687828736557,0.7733511975998335,0.7733511975998335,39.3442153100123
3797,0.411984278565801,-2.2828663695476576,-0.26919144008892254,-0.3118766011874497,-67.66468048095703,-0.3204649734061272,0.5683644161829738,0.7578021451782765,0.7578021451782765,40.729178895736545
3798,0.46635684507540975,-2.27012694714817,-0.3001965002543879,-0.3568904148106348,-67.5616683959961,-0.30357461437822814,0.5717761624839164,0.7621774554001688,0.7621774554001688,40.34346459320505
3799,0.4200196849228918,2.5818818514279194,-0.3559283324368513,0.22300573510887023,-67.59687042236328,0.302879855521786,-0.5650202149347235,-0.7674737453712804,-0.7674737453712804,140.12757223281963
3800,0.38461150880082745,-1.8723272456123357,-0.11422284987093892,-0.3672589730277668,-67.61186218261719,0.30659461581770875,-0.5605709214814153,-0.7692593733852507,-0.7692593733852507,140.28742773798092
3801,0.4987151192352583,-0.7225888839312072,0.3740842865194799,-0.32981467028173495,-67.45514678955078,0.30929697081367413,-0.5794782711542715,-0.754016125229124,-0.754016125229124,138.9394750724107
3802,0.45094328149122287,-0.9600042551461396,0.2586234126289733,-0.3694100344633536,-67.65284729003906,0.3131385790202406,-0.5632191404687552,-0.7646753756587309,-0.7646753756587309,139.87812063823597
3803,0.39469099350776315,2.7325781299038483,-0.36213419546480774,0.1569707132913703,-67.71526336669922,0.31759015360137605,-0.5538415528294166,-0.7696726763338784,-0.7696726763338784,140.3245045677559
3804,0.40846613855183583,0.6226092882315556,0.33182138875554096,0.23819981592728345,-67.57992553710938,0.3206423706158852,-0.5664754893355161,-0.7591402967488374,-0.7591402967488374,139.38846685659794
3805,0.3533165556598199,-1.616709653970784,-0.016216239818719357,-0.35294421948724475,-67.58487701416016,0.3063038453167955,-0.560325425190671,-0.7695540086498404,-0.7695540086498404,140.31385609685813
3806,0.4349987117584471,-2.3193038545556113,-0.29603662282551135,-0.31872589662212025,-67.72423553466797,0.319838744638442,-0.5646455901076176,-0.7608406764889255,-0.7608406764889255,139.53836622319207
3807,0.47223863604314764,2.3460367288674373,-0.330514061671619,0.33729776816519513,-67.58251190185547,0.3086934538850881,-0.5646755603265947,-0.7654082982946693,-0.7654082982946693,139.94332972512822
3808,0.46022684244928785,-3.082260630036929,-0.45941701431036785,-0.027290171728827087,-67.67415618896484,-0.31370557180981107,0.565486609146908,0.7627671394934444,0.7627671394934444,40.29124615972721
3809,0.5074623314722393,-1.9124737352889665,-0.1700343919918187,-0.4781279362296387,-67.56995391845703,0.31027052940751737,-0.5573070230294305,-0.7701565299750778,-0.7701565299750778,140.3679471885971
3810,0.44796130466154155,1.1794420692967627,0.17087064277390107,0.4140924460939904,-67.64035034179688,0.32991918768954526,-0.5527653473952864,-0.765247541853771,-0.765247541853771,139.9290194621595
3811,0.37809002850376866,-2.0577761130810988,-0.17693059836625322,-0.3341371470156232,-67.57815551757812,0.3165320507274301,-0.5693546797795986,-0.7587112161259766,-0.7587112161259766,139.350712905054
3812,0.3995798435312268,-0.23292957819532956,0.38878892604233084,-0.09223460491209723,-67.64148712158203,0.320375196020252,-0.5577152369711501,-0.7657110735944722,-0.7657110735944722,139.97029381383064
3813,0.4746495121541031,0.2779721840347983,0.4564295497078897,0.13024678706816967,-67.56822204589844,0.3071812418086577,-0.5634579762351991,-0.7669125071987188,-0.7669125071987188,140.07743850471644
3814,0.5080702975849783,-2.5114374425557693,-0.4104883128143963,-0.29939066840982,-67.5814437866211,-0.3261465378967689,0.5652399106443206,0.7577151702538046,0.7577151702538046,40.73681572250519
3815,0.4067780182929974,0.49706909281994655,0.3575513461692852,0.19397265533809177,-67.50137329101562,0.3161948306047591,-0.5636339005674791,-0.7631105131171481,-0.7631105131171481,139.7391865591427
3816,0.36223740939887805,-0.6740335330396253,0.2830199019739815,-0.22608776139952438,-67.63655853271484,0.3245400667901474,-0.5664363450879965,-0.7575114599867114,-0.7575114599867114,139.24530213657317
3817,0.3974113679811317,-1.1323500637259927,0.16871432192302827,-0.3598211680525303,-67.47372436523438,0.3306004794939122,-0.5544156499524587,-0.7637582143886823,-0.7637582143886823,139.7966434335733
3818,0.4884644473264023,-2.041128445803384,-0.22136347451880672,-0.43542591614515697,-67.61614990234375,0.3174341067229291,-0.5568488160888395,-0.767564319070053,-0.767564319070053,140.1356678317793
3819,0.4693881466821044,-2.045701901938751,-0.2146298300204641,-0.41744373071235297,-67.6951904296875,0.3208820390741546,-0.572600486525469,-0.7544291880822275,-0.7544291880822275,138.97551845383208
3820,0.3438435348490431,-2.8157383035900225,-0.32574965564656616,-0.11007060599282936,-67.65617370605469,0.3250443191049292,-0.5763015631163435,-0.7498151098552711,-0.7498151098552711,138.57436467471
3821,0.41043182054915284,-1.294868798499964,0.11181783858871068,-0.39490638168133096,-67.60601806640625,0.32937867881345956,-0.5602297677054556,-0.760034402721213,-0.760034402721213,139.46723085031093
3822,0.5581627012740028,-0.5578189694596807,0.4735517262243907,-0.29545619587917166,-67.50330352783203,0.33432712074320037,-0.5704312718286964,-0.7502223273506712,-0.7502223273506712,138.60964024163806
3823,0.4091739457209116,-0.6458036963602426,0.32677299401126,-0.2462574430179453,-67.63528442382812,0.3206172226490593,-0.5769043647024497,-0.7512562482456081,-0.7512562482456081,138.69931547305387
3824,0.32743167832516634,0.1182942666213714,0.3251433855527126,0.03864301750840992,-67.4573745727539,0.3329527553952416,-0.5552887506246831,-0.7621002992417698,-0.7621002992417698,139.64970712507136
3825,0.47609266901074815,2.0449895431827354,-0.21739383045274244,0.4235612729781396,-67.82412719726562,0.34503248754711047,-0.565988180461879,-0.7487389145186087,-0.7487389145186087,138.4812565461047
3826,0.472840413389328,-1.4517398501058743,0.05616181682584051,-0.4694932447490712,-67.62105560302734,0.3286931104796167,-0.5637131502441105,-0.7577521516730226,-0.7577521516730226,139.26643128381104
3827,0.4694113204968589,3.0044290023231737,-0.46500251809282406,0.06418446835440517,-67.41649627685547,0.3234260840779188,-0.5652965492738748,-0.7588381774245895,-0.7588381774245895,139.36188095781165
3828,0.4373841586458473,1.0503805913122513,0.2174852831206072,0.3794799782073951,-67.80813598632812,0.3327321689173669,-0.5660623138023403,-0.7542299123346182,-0.7542299123346182,138.95812663359263
3829,0.4552961383157034,0.0012219046182991502,0.45529579842559204,0.0005563283156639542,-67.58011627197266,0.3124269052289636,-0.5731860251658796,-0.7575270354539118,-0.7575270354539118,139.24666915709633
3830,0.5095711384096563,-3.0393336484767124,-0.5069091909970023,-0.05201746997766933,-67.63855743408203,0.338783948170905,-0.5728122681691504,-0.7463990500373423,-0.7463990500373423,138.27940787594622
3831,0.4685248218409827,-0.8273806848779881,0.3171005593575279,-0.34490976201938317,-67.40475463867188,0.35477761554197046,-0.5435428903532029,-0.7607193765488295,-0.7607193765488295,139.52765764156388
3832,0.46066864515197986,1.1197098492032567,0.20082554425509364,0.4145897989589302,-67.6943130493164,0.34407684854299825,-0.5485073461899351,-0.7620700843573335,-0.7620700843573335,139.64703338378416
3833,0.4422837333331609,-2.8559778264911553,-0.4243662036661895,-0.12461230259113572,-67.47820281982422,0.3240357172985943,-0.5715817045688981,-0.75385357259676,-0.75385357259676,138.92529805539803
3834,0.4331171272289825,-2.9116973945017985,-0.42172193179013884,-0.09869679906805541,-67.53824615478516,-0.30840138011079476,0.5514419402486133,0.7751131370842594,0.7751131370842594,39.18470890241143
3835,0.4534776849976057,-2.6843009247148886,-0.40688355201068827,-0.20021934445490835,-67.5749740600586,0.3251919230111383,-0.5723283634784415,-0.7527884547244378,-0.7527884547244378,138.83250323356316
3836,0.45018484275610143,2.7128644114935354,-0.40944094153617194,0.18714835837193117,-67.48170471191406,-0.3170383551957131,0.5597367090788272,0.7656249067555218,0.7656249067555218,40.03738143500758
3837,0.38687832456910215,-1.9205907714827157,-0.13258502292852378,-0.36345020252634114,-67.52883911132812,0.3321110883797136,-0.569686503456176,-0.7517709177369916,-0.7517709177369916,138.7440139813033
3838,0.4003415634390239,-2.61354528702045,-0.34581205849062885,-0.20171114897118575,-67.49054718017578,0.32420274408276073,-0.5756107451417295,-0.7507095648828453,-0.7507095648828453,138.65188002390838
3839,0.4557804360615278,2.5630253344091667,-0.3816007729334378,0.24923213274583852,-67.63951873779297,0.2949409281183084,-0.5746760190749006,-0.7633854347712795,-0.7633854347712795,139.76356624183157
3840,0.4580896187825585,0.3532796759812059,0.42979940984456905,0.1584883785443271,-67.61634063720703,0.31459353122777045,-0.5718297238333518,-0.7576553814567112,-0.7576553814567112,139.25793521202817
3841,0.40861955184360643,-1.2456098440940357,0.13054802214549546,-0.38720427691693826,-67.67267608642578,0.34180585853267614,-0.5711902221224762,-0.746264353446161,-0.746264353446161,138.26781255499213
3842,0.3574800271369227,-1.9349859300610748,-0.12733158534737787,-0.33403388626715463,-67.71154022216797,0.3168503895208647,-0.5761850803801769,-0.7534033340832554,-0.7534033340832554,138.88605152673878
3843,0.43226293045414715,-2.777708548660588,-0.40395900105782584,-0.15384526807533058,-67.47599792480469,0.33553698367143,-0.5851460185586658,-0.7382540684301172,-0.7382540684301172,137.58290060437625
3844,0.45950974926790467,1.8487960087039244,-0.1261044921521089,0.4418674764353123,-67.48673248291016,0.3314975801727095,-0.5727833741638123,-0.7496856411998007,-0.7496856411998007,138.56315449670555
3845,0.4666338779640754,1.1367228620709748,0.19625219769808408,0.4233583009254262,-67.74242401123047,0.329806599822713,-0.5699762279014873,-0.7525654166519831,-0.7525654166519831,138.813093552436
3846,0.44151211930548717,-2.700055224244799,-0.3991692272686677,-0.18867135313914896,-67.64134216308594,-0.31305750387958453,0.5679005483211595,0.7612384425928648,0.7612384425928648,40.426501776509035
3847,0.4358695367226981,1.6539429967787636,-0.03619935694277272,0.4343637411200309,-67.55850219726562,0.3305868942887951,-0.5706131895146694,-0.7517399106581911,-0.7517399106581911,138.7413199238162
3848,0.42750943175000994,1.8035855682236348,-0.09862318702640013,0.41597810184668627,-67.53656005859375,0.3161549745049588,-0.5723444817315253,-0.7566160362609564,-0.7566160362609564,139.1667764977266
3849,0.464899347103,1.1784122075529664,0.1777739891943896,0.4295670049046001,-67.61463165283203,0.32005079500982325,-0.5727467621847886,-0.7546712098791244,-0.7546712098791244,138.9966491051845
3850,0.40084204930409545,0.5413913280349483,0.3435186377956473,0.20656547140635526,-67.60888671875,0.32312003998674754,-0.5788351043426914,-0.7486944381652293,-0.7486944381652293,138.47741230829996
3851,0.36123871631520166,1.4623427139415712,0.03910088658581314,0.35911631936359856,-67.48954010009766,0.3287000072952042,-0.5800451576093989,-0.7453213537381178,-0.7453213537381178,138.18670820839384
3852,0.4933076723162937,0.7898216628034855,0.34727478221876523,0.350360792899304,-67.75466918945312,0.3259008152222166,-0.5702453251296303,-0.7540616206950842,-0.7540616206950842,138.94344367769256
3853,0.4336498031649422,-0.8010212782022691,0.301808869287832,-0.3113897207747768,-67.5088882446289,0.31513325929216135,-0.5748741789661775,-0.7551229749159158,-0.7551229749159158,139.03611620672874
3854,0.3936822170903326,-1.666480022511697,-0.03761151688565559,-0.39188143851261925,-67.46989440917969,0.32708113838929187,-0.5670074308533358,-0.7559897501071456,-0.7559897501071456,139.11192725565158
3855,0.38392942562609444,2.0250620354762594,-0.1684692340646073,0.3449926391030211,-67.62989044189453,0.31099918778680785,-0.5688026150006457,-0.761408622465213,-0.761408622465213,139.5885367907613
3856,0.42559966573089364,-0.6918032861339893,0.32775298448035345,-0.271501485510613,-67.56175231933594,0.31479145253628904,-0.5816195169152196,-0.7500833813339687,-0.7500833813339687,138.5976011546956
3857,0.4759962603161213,2.225481372014591,-0.28983861578013403,0.3775791528111537,-67.49144744873047,0.31569840553715445,-0.5769105006525204,-0.7533317934205066,-0.7533317934205066,138.87981828439794
3858,0.4645113944877579,-0.3715895128667083,0.43280913083302636,-0.16866265703030336,-67.66183471679688,0.3219836647082245,-0.5979623968777388,-0.7340078280109084,-0.7340078280109084,137.22344522743415
3859,0.45977457270125965,-0.7855548166946217,0.3250587846759834,-0.32516064369415704,-67.65365600585938,-0.3036737861393171,0.5949819120212194,0.744163124576451,0.744163124576451,41.91273205607283
3860,0.479989850452827,0.09215675096725125,0.4779530476693742,0.044171719021157976,-67.4095687866211,0.3345587535585762,-0.5830151995981212,-0.7403807921974305,-0.7403807921974305,137.76386333005735
3861,0.4306686245202722,-1.701628627580046,-0.05618475974495025,-0.4269879821711443,-67.4261245727539,0.3123811726322735,-0.5893557553755616,-0.745035433110793,-0.745035433110793,138.16214245443825
3862,0.3981172373823505,-2.4506122566850204,-0.3067977366313271,-0.2537173299143156,-67.47899627685547,0.33041937247220526,-0.5778879737095256,-0.746236241505981,-0.746236241505981,138.26539287777618
3863,0.40891030629654873,-1.747699407970215,-0.07196078634535716,-0.4025286124290982,-67.72736358642578,0.31018508017409735,-0.5763696414548699,-0.7560312509721895,-0.7560312509721895,139.1155599650683
3864,0.3711518702392444,-0.8345469954344577,0.24923346338849822,-0.2750207110554822,-67.49664306640625,0.3161417725171584,-0.5806009615300017,-0.7503045402635832,-0.7503045402635832,138.61676499593668
3865,0.43371389249549325,-0.6415476687711652,0.34747879211037597,-0.259550052161633,-67.76535034179688,0.3081355302087191,-0.5885704675735091,-0.7474204303625187,-0.7474204303625187,138.367418961059
3866,0.4943884672485813,2.1305043033873337,-0.26248999825169694,0.41894982678863313,-67.4776382446289,-0.3084804984301584,0.5762258877280618,0.7568378349423927,0.7568378349423927,40.813784120017296
3867,0.47512939424418543,-2.1495147686738805,-0.25987274036302466,-0.39776136073160573,-67.75863647460938,0.3013243817733967,-0.5828414321141617,-0.7546518945580096,-0.7546518945580096,138.99496237709076
3868,0.4351625292490833,-0.7324955730164595,0.3235467616473573,-0.29100501694982406,-67.71800994873047,0.31641055643037447,-0.5875210037480174,-0.7447841498946812,-0.7447841498946812,138.14056238974902
3869,0.31684458339370575,-2.834608362547633,-0.3020318475638502,-0.09574577318659097,-67.474609375,-0.2842329839164255,0.6003542805509219,0.7475201326239649,0.7475201326239649,41.62398167168638
3870,0.38694505723289835,-1.5746382029075823,-0.0014865913152809333,-0.3869422015795541,-67.36322021484375,-0.31144571292831885,0.5728814984299437,0.7581611679947962,0.7581611679947962,40.69764240259166
3871,0.45732101669162123,-1.8062510128994163,-0.10668620206198878,-0.44470278456228113,-67.64446258544922,0.30232975537883355,-0.5611944424450471,-0.7704917369974629,-0.7704917369974629,140.39806696135045
3872,0.5081867294102398,1.768967230834063,-0.10004995533770494,0.49824066311933984,-67.38922882080078,0.2993814487242558,-0.5770338541851007,-0.7598701726506008,-0.7598701726506008,139.45275393329135
3873,0.5408961204869169,2.752662940436575,-0.500499532096714,0.20510687830681756,-67.63957977294922,-0.3255022206585425,0.5915972446739134,0.7376049108029253,0.7376049108029253,42.47221159207965
3874,0.4442914048627557,2.476829051052831,-0.34968516353152324,0.274071411936475,-67.72193145751953,0.2982485645157759,-0.5907406435874065,-0.7497154698805514,-0.7497154698805514,138.56573702370662
3875,0.3949991307950523,-0.9760595236042844,0.22131436676515923,-0.32717619777756357,-67.45075225830078,0.30219379921825634,-0.585232501954618,-0.7524505474580867,-0.7524505474580867,138.80310009866525
3876,0.2655749000415569,2.8547665223096104,-0.2547252683712747,0.07513364882171668,-67.61666107177734,0.30921929163909745,-0.5680789411314541,-0.762672764900636,-0.762672764900636,139.70039289358027
3877,0.35769779760627357,-2.8427936192006826,-0.34184846205110697,-0.10529645485804133,-67.56916809082031,-0.3037904442147856,0.5731609909428037,0.7610504874614079,0.7610504874614079,40.4431057366218
3878,0.535899882868488,1.1836724279618656,0.2023165219805862,0.49624259127178727,-67.4685287475586,-0.2684326486692782,0.591520393497596,0.7602943753605212,0.7602943753605212,40.5098437539409
3879,0.4165873034943075,-2.5204657575353595,-0.33877844911296456,-0.24243379271312976,-67.70881652832031,0.32146425708196313,-0.5890004756318427,-0.7414439770638134,-0.7414439770638134,137.85456595278518
3880,0.3833423225733868,3.0652089422480033,-0.38222456629096674,0.029252644318778026,-67.65546417236328,0.3218314695985237,-0.5776985274000861,-0.7501259338376635,-0.7501259338376635,138.60128784502453
3881,0.4197874344842528,2.8790597956529886,-0.4054037246719501,0.10894636374372717,-67.55989837646484,0.29851975296285727,-0.5808414826832773,-0.7573038551897692,-0.7573038551897692,139.22708478563706
3882,0.5240381494407476,-1.150833379692901,0.21366430352120364,-0.47850135576619035,-67.49732971191406,-0.3034274338603022,0.5919964547824096,0.7466404689715195,0.7466404689715195,41.699803049100154
3883,0.36034405695960753,2.5137116595034876,-0.291617110407234,0.21167734952952336,-67.74537658691406,0.3109944960595224,-0.583558510887534,-0.7501612411951232,-0.7501612411951232,138.60434703013362
3884,0.530480066198766,2.6316246354994046,-0.4629818462544582,0.2589534913320543,-67.55973815917969,0.30715761078887915,-0.5699060345700363,-0.762142581079895,-0.762142581079895,139.65344892811615
3885,0.4070624748400556,-2.6802604576413307,-0.3645082763537877,-0.18120037221954494,-67.55131530761719,-0.3096016154693963,0.5762640784491009,0.7563508125122553,0.7563508125122553,40.856458827974166
3886,0.3827846204664043,-2.5780335029714223,-0.3235904917261963,-0.2044829071829909,-67.80540466308594,0.30240668766149337,-0.5788121811815058,-0.7573154258124628,-0.7573154258124628,139.22809993268513
3887,0.3996893929385319,0.0831638281301584,0.3983080190232432,0.03320139770178153,-67.69767761230469,0.30629452146713615,-0.5816234191844715,-0.7535899842589356,-0.7535899842589356,138.90231776638885
3888,0.42122257603913515,-1.7397857549637012,-0.07084384912068055,-0.4152223592327504,-67.60218048095703,0.29151086168286555,-0.5899371325917087,-0.7529911002863089,-0.7529911002863089,138.85014479727843
3889,0.37752219207425447,2.5095163546093824,-0.3045858584965502,0.223048112102456,-67.60969543457031,0.30147350396747424,-0.5970861661862885,-0.7433719368892892,-0.7433719368892892,138.01945058110738
3890,0.39684356016201405,1.453164051426838,0.04657402709239771,0.39410109266844046,-67.64584350585938,0.3261221480278233,-0.5827022790393606,-0.7443805468764306,-0.7443805468764306,138.10592015675658
3891,0.5263899607786805,1.9596520707189393,-0.19957013826408618,0.487091521915373,-67.63520812988281,0.31063346916282575,-0.5748219874222208,-0.757024788637622,-0.757024788637622,139.20260723261273
3892,0.4379681335694746,1.7971700732941591,-0.09829987650798873,0.4267941193372319,-67.63087463378906,0.31036716613146115,-0.5833090188318574,-0.7506149550448232,-0.7506149550448232,138.64367530439168
3893,0.3989740313889596,0.5725270522837846,0.33535148188441083,0.21614731393354902,-67.5144271850586,0.30525247986397536,-0.5737308651461014,-0.7600354056987079,-0.7600354056987079,139.46731927614042
3894,0.36277355464364514,-0.4277209699496058,0.3300925364443112,-0.15047780345468514,-67.5301742553711,0.30865092221912327,-0.5789672656821186,-0.7546731169730745,-0.7546731169730745,138.99681564700705
3895,0.45998249363604155,-1.8373176985890731,-0.12114891455724068,-0.4437418562106052,-67.5962905883789,0.29445325265703526,-0.5877304098699988,-0.7535716603706216,-0.7535716603706216,138.90072063692025
3896,0.43706503580894407,-3.0036473160396544,-0.4329131888803762,-0.0601000534117671,-67.39945983886719,0.313103239767222,-0.6026049798737262,-0.7340528587769792,-0.7340528587769792,137.22724438735824
3897,0.41904251499409023,1.9788569410220067,-0.1662886112198684,0.3846358370603808,-67.57205200195312,0.2918347243797945,-0.5815947734838433,-0.7593286594765447,-0.7593286594765447,139.40504968472348
3898,0.4293159135571424,-3.078572123465597,-0.42846366288162296,-0.02703781099620814,-67.54711151123047,-0.2797057770308604,0.5897171336760961,0.7576268082271193,0.7576268082271193,40.74457313357187
3899,0.46159544235707245,-1.4414021401014863,0.05956123741979694,-0.4577366179385739,-67.54902648925781,0.2922618251686109,-0.57937526819436,-0.7608595955587508,-0.7608595955587508,139.54003664497935
3900,0.4986633372221231,-3.0498722286588165,-0.49656727063581446,-0.04567351117226075,-67.60344696044922,0.304501996988066,-0.5467154499982887,-0.779987660519991,-0.779987660519991,141.2594456249271
3901,0.4541715512732209,-0.7713867907365726,0.3256158346558463,-0.3166166865585269,-67.5286865234375,0.3200942115760356,-0.555939582241242,-0.7671185544705262,-0.7671185544705262,140.09583799710185
3902,0.4756130499223355,2.9861216125246606,-0.4698765390997351,0.07364652917878148,-67.49384307861328,0.2967695964748142,-0.5642231906535732,-0.7704414304389904,-0.7704414304389904,140.39354548344045
3903,0.48866989377384573,-1.074688537043379,0.23260988937281835,-0.42975679685946433,-67.59930419921875,0.2981985714611705,-0.5440011373823342,-0.7843088514770467,-0.7843088514770467,141.6568005863658
3904,0.4655272407231874,-2.111270885739698,-0.23953376769422735,-0.3991731278399792,-67.59539794921875,-0.31318346519906926,0.5386869028299124,0.7821333248528796,0.7821333248528796,38.54368225076985
3905,0.45410175054568375,-1.8238659469663225,-0.11369662587176886,-0.43963789317349505,-67.43035125732422,0.31445692296949085,-0.5422854870595447,-0.7791298313639082,-0.7791298313639082,141.18097248577146
3906,0.405307407817129,-1.735863434635855,-0.06659951624551586,-0.3997981981791611,-67.64559173583984,-0.31098809812813555,0.5411782215861397,0.7812890216197257,0.7812890216197257,38.62125101438294
3907,0.4041227103561815,-2.14211312073542,-0.21852539145199018,-0.339943845828073,-67.58915710449219,0.3143223249357032,-0.5438129629252714,-0.7781188452938611,-0.7781188452938611,141.08865987867802
3908,0.411593882799392,-2.4474150146917726,-0.31634285529454087,-0.263318670553337,-67.69598388671875,-0.29245935877465135,0.5519050394213605,0.7809406833597712,0.7809406833597712,38.65321564817687
3909,0.41318114172538606,-1.5042852120898995,0.02746088127709833,-0.41226757800848063,-67.53299713134766,0.2847281963983333,-0.5476796478666971,-0.7867508229982114,-0.7867508229982114,141.88289918706445
3910,0.38980297244696593,-3.0709089770989935,-0.38882961448328984,-0.027529769873107953,-67.47734832763672,0.2998233306295009,-0.5434564480466914,-0.7840669993608371,-0.7840669993608371,141.6344692675229
3911,0.3829404808360213,-2.97424042482819,-0.377590521902988,-0.06378722154124877,-67.57776641845703,-0.31689134825842735,0.5478639057233556,0.7742254285442361,0.7742254285442361,39.26514005845814
3912,0.44312928388436384,-1.7162834614188556,-0.06424241762281878,-0.4384478007857315,-67.6788330078125,-0.31173633122960526,0.5472592376410143,0.7767417760157374,0.7767417760157374,39.03678403801683
3913,0.40103872538159174,-0.9041348007472614,0.2479886174590773,-0.31517250017478865,-67.63729858398438,0.31558489270428547,-0.5419394253377312,-0.7789145233987068,-0.7789145233987068,141.16129735103956
3914,0.45429264744635134,0.14961869875970008,0.4492172840836828,0.06771736265017042,-67.66834259033203,-0.3090611217295027,0.5272814413094538,0.791489421714483,0.791489421714483,37.67508108389511
3915,0.44227951033938906,-2.246699803347778,-0.27669112845284666,-0.3450408449756928,-67.67914581298828,-0.31148677721885093,0.5416085482276243,0.7807920133457945,0.7807920133457945,38.66685129734787
3916,0.43320681722828236,-1.513336479606395,0.02487830240224534,-0.4324918687821089,-67.43679809570312,0.31613363861049687,-0.5471427073791414,-0.7750447601917654,-0.7750447601917654,140.80909086325028
3917,0.4925337506118366,-3.068751246534104,-0.4912276680881733,-0.03584513351095627,-67.55875396728516,-0.319847710471059,0.5434943197895213,0.7760872157579632,0.7760872157579632,39.09629245509217
3918,0.42792405480922036,2.70034032080548,-0.3869364344027624,0.18275445936020657,-67.49400329589844,-0.3412735711465265,0.5468970922895273,0.7644840875271095,0.7644840875271095,40.138884027427814
3919,0.4651879434358703,2.8101129584841282,-0.43986395989875204,0.15139194001096454,-67.36580657958984,-0.3314784834514726,0.5631538328133053,0.7569542757633354,0.7569542757633354,40.80357569231965
3920,0.41847738985799887,2.870060102275615,-0.40314479053627583,0.11223904706396014,-67.57716369628906,-0.3387098185659374,0.5486121876133696,0.7643953992595081,0.7643953992595081,40.146765990225724
3921,0.43934965025207307,2.6738075513167114,-0.39214996464404384,0.19810734566465246,-67.69129180908203,-0.32944305754546904,0.5408407255261884,0.7739241445047436,0.7739241445047436,39.29240662586372
3922,0.39058014908063843,1.4551156075321898,0.04508188752164902,0.38796968473495336,-67.72511291503906,-0.33768496906763285,0.5280200543517642,0.7792070866388164,0.7792070866388164,38.811965774786444
3923,0.42326621137010156,-0.22779003787535415,0.4123323302946742,-0.09558417798654326,-67.54118347167969,-0.32573632181886447,0.51149911347675,0.7951506181601169,0.7951506181601169,37.33051577609934
3924,0.4194832291340872,-2.704238382489803,-0.37999954456359375,-0.1776697094504925,-67.76123809814453,-0.3131390367662255,0.5289952082627479,0.7887382412994647,0.7887382412994647,37.93224595977082
3925,0.4397747436137871,1.1024428632975618,0.19852209114479746,0.3924166210140301,-67.5005111694336,-0.34581863651846256,0.5155017931347278,0.7840072524609654,0.7840072524609654,38.37104574516432
3926,0.3870895865887611,-2.5811762416692883,-0.3278779810032621,-0.20575319588935306,-67.86499786376953,-0.31992896906117013,0.5265825738675055,0.7876269724016124,0.7876269724016124,38.03570189204583
3927,0.43900823553068014,3.0137424221090834,-0.43542517571316985,0.05597452294496382,-67.68480682373047,0.32195366010037113,-0.4967083377469256,-0.8059942108729199,-0.8059942108729199,143.7063811388815
3928,0.4874467860351072,-2.2571975851553328,-0.3089230814535075,-0.3770555648193316,-67.58277130126953,-0.31037076025124327,0.5067331093059022,0.8042956838838798,0.8042956838838798,36.457709640453004
3929,0.4550176319986191,2.1532858776522894,-0.25030731640485177,0.3799832796108694,-67.58165740966797,-0.3411763972566892,0.5110180774245875,0.7889608295094404,0.7889608295094404,37.91149482377906
3930,0.4014995939759895,1.9116206466465622,-0.13420690450038134,0.37840511458925863,-67.49981689453125,-0.3139087021713343,0.5009609110711688,0.8065354873034745,0.8065354873034745,36.24119283728495
3931,0.3589705242845474,1.6933623522526504,-0.04388751467276562,0.3562775931222319,-67.64818572998047,-0.31274273972553174,0.49856020223244285,0.8084736875736365,0.8084736875736365,36.052926497244066
3932,0.4179927077136615,2.486975980762577,-0.33158583080177173,0.2544970343899851,-67.69696044921875,-0.3176262803578139,0.5185783455204741,0.7938451017568271,0.7938451017568271,37.45369170090191
3933,0.46484613173732203,-2.014007681224406,-0.19934588975235118,-0.41993230696148537,-67.55806732177734,-0.32340226515534026,0.5126920078221981,0.7953350740459258,0.7953350740459258,37.3130843059751
3934,0.37547444382695866,-0.883766506117069,0.2381422775561297,-0.2902917732343499,-67.55850982666016,-0.31870841103294056,0.5380776828556008,0.7803187527860687,0.7803187527860687,38.71023062285913
3935,0.3929773634179667,-0.4200094830435438,0.3588217647450515,-0.16024403047909017,-67.47480010986328,-0.3174714118388653,0.528399455929151,0.7874045450966198,0.7874045450966198,38.056380554461136
3936,0.3809781598325406,0.04816009858783942,0.3805364257842942,0.018340853870613356,-67.57837677001953,-0.32189866891898683,0.5236044495602418,0.7888089929437296,0.7888089929437296,37.92565107214566
3937,0.42272270199570183,-0.2707098918899593,0.4073276920193651,-0.1130426207088469,-67.69607543945312,-0.3203077122500916,0.5212042699899605,0.7910430319630816,0.7910430319630816,37.71690844589065
3938,0.45744330007390754,0.16408246540651159,0.4512992177717803,0.07472207720002338,-67.49024200439453,-0.3367133132938573,0.5301030273753577,0.7782126476858068,0.7782126476858068,38.902782833800735
3939,0.4732633876957505,1.4293833802232572,0.06670273438156114,0.4685391972495803,-67.67584991455078,-0.31408081129141757,0.5228357302488184,0.7924620136976345,0.7924620136976345,37.5838105650859
3940,0.45290521710934556,-2.3886353420957986,-0.33047128369482687,-0.3096964099532907,-67.42060852050781,-0.31408078699394737,0.5164873999915853,0.7966141003592611,0.7966141003592611,37.19202159766161
3941,0.47922160340784925,-0.012017066147775566,0.4791870016574219,-0.005758699103086759,-67.60869598388672,-0.2903386303131912,0.5253590061862663,0.7998133497053164,0.7998133497053164,36.88771774141884
3942,0.4685120155494317,-2.1478038005250113,-0.2555819017903317,-0.39265939463029303,-67.63103485107422,0.2898365477676126,-0.5262506107360634,-0.7994092007714652,-0.7994092007714652,143.07372216065554
3943,0.44985672242524216,-1.824189342897761,-0.11277461065742757,-0.43549162782107187,-67.58457946777344,-0.32039136973899157,0.5405618435290562,0.7779089043822811,0.7779089043822811,38.93048661418689
3944,0.46754965016632194,3.031635838473621,-0.46472604198915657,0.05130673705998745,-67.67498016357422,-0.30564631242778684,0.5510864660452223,0.7764560764403121,0.7764560764403121,39.06276737479185
3945,0.4808067441620232,0.5069155400711276,0.4203434290238793,0.23342349262259826,-67.5259780883789,-0.31067498212724504,0.548695885996777,0.776153258171637,0.776153258171637,39.09029175433237
3946,0.4490043248334014,-2.1662274897411655,-0.25183115608228623,-0.3717337118763347,-67.77490997314453,-0.3226831563423919,0.5451154512419282,0.7737730451690732,0.7737730451690732,39.306075327809225
3947,0.4284600654593355,-0.7882493008994752,0.3021019868916903,-0.30382958580347474,-67.57017517089844,-0.31731612878033433,0.5591933106626006,0.7659068583881873,0.7659068583881873,40.012262245206585
3948,0.4217618512392164,-0.06845648286671215,0.42077398793140325,-0.028849787538805467,-67.62109375,-0.31097760040719735,0.5448179994856245,0.778759449047948,0.778759449047948,38.85286835695118
3949,0.430806156793028,2.810125712833688,-0.40735564319828155,0.14019744892576796,-67.66695404052734,-0.3079651595964504,0.5619552222942112,0.7677003247433185,0.7677003247433185,39.852173224868835
3950,0.41192250860607604,-2.891706452167921,-0.3991284301427376,-0.10186583994704318,-67.56441497802734,0.3150381279005155,-0.5607308971312709,-0.7657230824333943,-0.7657230824333943,139.97136358965037
3951,0.43521804666438935,-3.022676173043303,-0.43214443391072993,-0.05163270651768489,-67.61170196533203,-0.2982017208076502,0.5513836777114036,0.7791352730179807,0.7791352730179807,38.81853013968548
3952,0.452374815581973,-0.7531532861288986,0.33002363778834504,-0.3093984037996501,-67.5987777709961,-0.2872010736391866,0.5413014930776712,0.7902583355412219,0.7902583355412219,37.79034009359188
3953,0.45180460172810943,0.6002054995616788,0.3728379963169502,0.25518469124353327,-67.58545684814453,-0.2868126506001058,0.5490765765162648,0.7850180995218646,0.7850180995218646,38.27764772258534
3954,0.48345250521400507,1.9742887227364776,-0.18981924823767912,0.4446290339104948,-67.74882507324219,-0.28674301383570006,0.5543743083662503,0.7813114425373925,0.7813114425373925,38.6191928346702
3955,0.5090806077947493,-2.4094730489373077,-0.3786334006025053,-0.3402937160466736,-67.51708984375,-0.31479046023356916,0.5463361374866337,0.7761596427424734,0.7761596427424734,39.08971160280285
3956,0.38222902756174054,-1.9148847385117371,-0.12894062930509675,-0.35982404536828755,-67.48714447021484,-0.3074038232487273,0.5447899319234888,0.7801966543935355,0.7801966543935355,38.7214155797971
3957,0.37900694049443007,-1.0371918757529228,0.19277808883238076,-0.3263171301189736,-67.55223083496094,-0.30361970176126096,0.5468460512677158,0.7802400098144864,0.7802400098144864,38.717444270858685
3958,0.41605685456776376,-0.9664390797548668,0.23641735660898033,-0.3423596642813571,-67.6581802368164,-0.32654074865790933,0.5431892512445905,0.7735092609647756,0.7735092609647756,39.32992815273265
3959,0.40941451881902763,-1.8860224738375204,-0.12693139046910915,-0.3892411467630246,-67.69084167480469,0.31256400546235813,-0.548749732400623,-0.7753563527047236,-0.7753563527047236,140.83735191640133
3960,0.45201360777480637,2.6240509111760955,-0.39281700876471076,0.2236316150251159,-67.52953338623047,-0.31300221848772436,0.5480153622953664,0.7756988938435077,0.7756988938435077,39.131560266372205
3961,0.44323232626582987,-1.7899050500895157,-0.09634086401876162,-0.43263533485735717,-67.58370971679688,-0.3078681970132213,0.5505250593667459,0.7759763735301929,0.7759763735301929,39.1063619880626
3962,0.43608128435893473,-2.353271595027693,-0.3074534250526993,-0.30925600720358254,-67.72526550292969,-0.27124766372159137,0.5518804344879782,0.7885763697670245,0.7885763697670245,37.94733063372764
3963,0.4695457327210653,2.9319319249580187,-0.45926342442314677,0.09772564711316419,-67.58474731445312,-0.29919013990568727,0.5756492901918951,0.7609948455047396,0.7609948455047396,40.44802006528769
3964,0.43758467952409097,0.27409523052331375,0.42124985831358874,0.1184436939012914,-67.66223907470703,0.27597716505524966,-0.5748611967515938,-0.7703059189941311,-0.7703059189941311,140.38136806293323
3965,0.38744077207848476,-2.061271561086909,-0.1825020965385655,-0.34176503131215824,-67.3064193725586,-0.277683836065546,0.5629265341973331,0.7784634893715324,0.7784634893715324,38.87989157686515
3966,0.403928968627366,-0.9778886502262489,0.22570531829908866,-0.33498615044188723,-67.70381927490234,-0.2850877608627515,0.564757628423508,0.7744506373835054,0.7744506373835054,39.24474801670807
3967,0.42217710882970755,0.5315891335612916,0.36391777451104773,0.21400318832843818,-67.7315902709961,-0.298726041981526,0.5489243148645271,0.7806694872944383,0.7806694872944383,38.67808603873153
3968,0.4601297388018226,-0.9604768894217711,0.2637138153589697,-0.3770602075513256,-67.45144653320312,0.2960310077410847,-0.5390389441022282,-0.7885446462927466,-0.7885446462927466,142.0497136788403
3969,0.43867560471663325,-2.975360048063359,-0.4326285263094139,-0.07258680594191091,-67.47118377685547,-0.26908665256160247,0.5450410133454685,0.7940545744371329,0.7940545744371329,37.4339511891267
3970,0.4101203881723159,-2.644217158772516,-0.36042929674497687,-0.19567691443431054,-67.52171325683594,-0.2857891870078938,0.5493987120459707,0.7851659670360119,0.7851659670360119,38.26396921086908
3971,0.43588200575907277,-2.8680121306246322,-0.4196714155886314,-0.11776682844666639,-67.58040618896484,-0.27949235649459936,0.5524889708078481,0.7852642611228278,0.7852642611228278,38.254874206938126
3972,0.448509045159752,2.7691361923808597,-0.4177575783129509,0.16321448879376838,-67.43753814697266,-0.28345987717969473,0.5543771767537125,0.7825065136622541,0.7825065136622541,38.509354202942085
3973,0.4222642913217699,-0.7326776652958245,0.3139053959929395,-0.2824367789293604,-67.50768280029297,0.30709296991272644,-0.5430345366306242,-0.7815416814582219,-0.7815416814582219,141.40194783469065
3974,0.3849338113868857,-2.6706501523808335,-0.3430303194714339,-0.17465462797235135,-67.54200744628906,-0.31838542552636695,0.5583860861232228,0.7660520214948743,0.7660520214948743,39.99932448603804
3975,0.42712563263547065,0.9280766991429206,0.2560082688516432,0.34190067612368924,-67.48297119140625,0.3112041171555014,-0.5595776452357948,-0.7681307547662884,-0.7681307547662884,140.18632772500553
3976,0.4014944680183635,-1.1686654610855753,0.15713695067053216,-0.36946689511147746,-67.45440673828125,-0.31635285421271225,0.5529600580783759,0.770815182648493,0.770815182648493,39.57285192116069
3977,0.4109695268158231,-0.19136380688839505,0.4034675883391573,-0.07816557510186847,-67.56239318847656,-0.3091803920380227,0.5424082812396591,0.7811534686742763,0.7811534686742763,38.63369243834891
3978,0.42589378523511956,0.16489018008648737,0.4201171269978841,0.06990791017432747,-67.54447937011719,-0.3124695857626978,0.5417747650883632,0.7802838341826243,0.7802838341826243,38.71342965788377
3979,0.47685258036821443,3.0231714621462324,-0.473512896150052,0.05633755926035899,-67.67279815673828,0.2913072066822863,-0.5551605868549104,-0.7790615085716117,-0.7790615085716117,141.17472814673263
3980,0.40714343793561225,0.31215089602061447,0.3874683200828782,0.12503631466970702,-67.74444580078125,-0.29512468280148163,0.5602877608130128,0.7739373661249759,0.7739373661249759,39.29121038609095
3981,0.4041116744536118,1.2336429569099532,0.13368097873186177,0.38136025140933794,-67.51799774169922,-0.2660932042972556,0.5586383608482951,0.7855683219272206,0.7855683219272206,38.226728317456164
3982,0.4055628273482333,-2.2180140103261228,-0.24454185667884076,-0.3235436404239128,-67.60234069824219,-0.2625577461093598,0.5620353142340438,0.7843339438732795,0.7843339438732795,38.340881887195295
3983,0.43098432323153635,0.664795276114654,0.3392032358164502,0.265873375280405,-67.49087524414062,-0.2788966162344789,0.5735866795293054,0.7702045173325742,0.7702045173325742,39.62774211661929
3984,0.4739486090034632,-2.8712371429800574,-0.4567329042836045,-0.12657937478507866,-67.51850128173828,-0.28806224429729077,0.5479077270177392,0.7853771489448002,0.7853771489448002,38.244426607127195
3985,0.43697727178189627,-1.9311893476574344,-0.15409655351143886,-0.4089051091021553,-67.65140533447266,-0.24535628704410284,0.5427872538166446,0.8032324006799759,0.8032324006799759,36.56010795378195
3986,0.3724415088083216,-1.7568223844909454,-0.06888491398296577,-0.3660157730330464,-67.52850341796875,-0.26115180357548334,0.5347821532192113,0.8036216672586027,0.8036216672586027,36.52264874350584
3987,0.3685613422477333,-2.5210015590210526,-0.2998375028318467,-0.21432436841155775,-67.52764129638672,-0.257505154340927,0.54186516281934,0.8000457741970928,0.8000457741970928,36.865526309661334
3988,0.43287570836382155,0.9899154710841178,0.23754510184328623,0.3618752595601737,-67.54156494140625,-0.26714638361133564,0.5347089271896912,0.8016976817398407,0.8016976817398407,36.70747380133497
3989,0.5222169472102761,-1.577468647523693,-0.0034843731076961678,-0.5222053227396928,-67.5723876953125,-0.24767335118884407,0.5460572939593948,0.8002995331903116,0.8002995331903116,36.84128480599576
3990,0.4995387366814942,-0.3852724900918044,0.46292058016064647,-0.18773248495951264,-67.61570739746094,0.2703278486559749,-0.5338849567295672,-0.8011801964719926,-0.8011801964719926,143.2429510649651
3991,0.3936045935506765,-0.08032017307286134,0.3923356393732239,-0.03158040756223426,-67.62979888916016,-0.259727883687114,0.5405104357620952,0.800243647439755,0.800243647439755,36.84662472642193
3992,0.37403010729214503,-1.9682332814615477,-0.1447707261466671,-0.3448767287190312,-67.436767578125,-0.2762020899192362,0.5408012062184759,0.7945102018708682,0.7945102018708682,37.39098256713222
3993,0.4469032614793574,-0.03867238866866282,0.44656911922553383,-0.01727850905077821,-67.65830993652344,0.2599180748970133,-0.5604237725460688,-0.7863636496602974,-0.7863636496602974,141.84697566317513
3994,0.48418344131789276,1.9495191085687589,-0.1790191094455367,0.4498730524267532,-67.47736358642578,-0.25369455068131713,0.5517465985970441,0.794490255378376,0.794490255378376,37.392864532988156
3995,0.4180338422494036,1.0299394954149117,0.21523338306387677,0.3583669684564661,-67.80247497558594,-0.2618056246238423,0.5654178111314533,0.7821512090194812,0.7821512090194812,38.5420377515792
3996,0.43852046928622174,0.13405243680331685,0.4345862474449599,0.05860883478381279,-67.49201965332031,-0.28596338504561697,0.5559972470963992,0.7804434660079346,0.7804434660079346,38.69880331835984
3997,0.5029947868099032,-0.5468911131744826,0.4296306707951316,-0.26157454438470334,-67.40670776367188,-0.27035685333773185,0.5467635290214391,0.7924372626178947,0.7924372626178947,37.58613561110572
3998,0.45845525657085745,-1.8057464006200026,-0.10672583073043546,-0.44585964084266383,-67.69898223876953,-0.28897616565091433,0.5381535409393792,0.7917597754749248,0.7917597754749248,37.64972931101407
3999,0.4215150469774151,-2.9396482538485844,-0.41294920063529444,-0.08454520993553555,-67.69108581542969,-0.27809557436022553,0.5443294165365957,0.7914343547093377,0.7914343547093377,37.6802430789707
4000,0.41387929048497807,-0.8211145352079694,0.28201978875354106,-0.3029206263095284,-67.74264526367188,0.2770043170761295,-0.5540270415673432,-0.7850621921436064,-0.7850621921436064,141.72643064045386
4001,0.44956845911926446,1.727913574542793,-0.07034470370295748,0.4440308796647063,-67.47782135009766,-0.2738356532110186,0.5426791300318153,0.7940487370800402,0.7940487370800402,37.43450141659822
4002,0.4022215743348042,-1.8159628271192807,-0.09762635558728702,-0.390193912760198,-67.53587341308594,0.261661671712021,-0.5674886765631446,-0.7806982589512297,-0.7806982589512297,141.32455186417954
4003,0.39202157695923706,-2.639501978782932,-0.343637616041821,-0.18866400197891758,-67.52327728271484,0.27169787841522947,-0.5482378224244798,-0.7909586290874687,-0.7909586290874687,142.27518732165197
4004,0.45795182665686524,-0.05817906435143518,0.4571770067655035,-0.026628180998602244,-67.4947738647461,-0.2674721095080018,0.5735407293876842,0.7742801187998971,0.7742801187998971,39.260188822442174
4005,0.4755941190357018,-1.8491693614129106,-0.13068930676188778,-0.45728554663300097,-67.58552551269531,-0.276538728667828,0.5559029821562924,0.783899359596959,0.783899359596959,38.381003233429325
4006,0.42841582208966367,-3.135928249733194,-0.42840894914631183,-0.0024267072578166896,-67.61659240722656,-0.3000611080142374,0.553953342384216,0.7765945054651262,0.7765945054651262,39.05017957261467
4007,0.4278023776804271,2.1728771961222026,-0.242289583620738,0.3525771291758957,-67.60087585449219,-0.28554694606670644,0.546671528420184,0.787155119151694,0.787155119151694,38.07955789837936
4008,0.46702285649220476,2.267697152102656,-0.29975591995752304,0.3581294974399031,-67.58917999267578,-0.29353938161319526,0.5500444897493005,0.7818476135018733,0.7818476135018733,38.56994618126171
4009,0.42935369764295883,-1.4863372195782991,0.036219732836548814,-0.4278232446150283,-67.63697052001953,-0.28398420633186927,0.5630412828628926,0.7761040422173863,0.7761040422173863,39.094763654239166
4010,0.4124773551240859,-2.5098827789113622,-0.33287704776292837,-0.2435784053704235,-67.72856903076172,0.28004330559005053,-0.5653898674669892,-0.7758286181624509,-0.7758286181624509,140.8802184655341
4011,0.4360740006718285,2.308200189916847,-0.29320241125444707,0.3227892193003229,-67.74628448486328,-0.2779031583788627,0.5500280773108716,0.7875525053815516,0.7875525053815516,38.04262601762927
4012,0.3902042992987712,-2.822232258220778,-0.3704741738276685,-0.12250829244566046,-67.67597961425781,-0.296719232195163,0.5513910662397639,0.779695831280692,0.779695831280692,38.76726556756405
4013,0.4314011334721717,-2.541902132261512,-0.35612608782097716,-0.2434772012620487,-67.63066864013672,-0.29810573587140793,0.5520639898589245,0.7786901317864583,0.7786901317864583,38.85919893359379
4014,0.4525015798314732,-1.4971623915115853,0.03328937075220368,-0.45127541207659594,-67.48235321044922,0.28354366094134803,-0.5668922103519948,-0.7734573124498907,-0.7734573124498907,140.66537580395655
4015,0.4218205286492167,-3.054714734467723,-0.42022962691119464,-0.03660080676682985,-67.52181243896484,0.2923301945891275,-0.5413764086443773,-0.7883239445144358,-0.7883239445144358,142.02915622377307
4016,0.4128301611319146,-0.03367707748295595,0.41259607851219476,-0.013900285484888114,-67.46778869628906,-0.31660804786852026,0.5354798932936983,0.7829563384397973,0.7829563384397973,38.46794235187167
4017,0.4488064809156528,0.8914132112587524,0.28199105051132484,0.3491536978801909,-67.38604736328125,-0.3231412106309703,0.5560727476282621,0.7657433364627512,0.7657433364627512,40.026832079555696
4018,0.39463378702838137,1.8727111796252254,-0.1173439589941241,0.3767840510848982,-67.6070327758789,-0.29167067004547625,0.5558749884891603,0.7784158383585209,0.7784158383585209,38.884240975313396
4019,0.40552695401016625,-2.6909650875709543,-0.36504480223956587,-0.17661937262554112,-67.67566680908203,-0.2961347114915749,0.5682253601440629,0.767739651665167,0.767739651665167,39.84865681142413
4020,0.3989727641107562,3.1371886577631867,-0.3989688950428736,0.001757068708283515,-67.70952606201172,0.29030606609591736,-0.5496325918618303,-0.7833430933831993,-0.7833430933831993,141.567693294787
4021,0.4223423162964107,-0.7944778172892465,0.29591728520291993,-0.30134032662879884,-67.52507781982422,0.286370135211258,-0.5585451676529702,-0.7784725051988678,-0.7784725051988678,141.12093139872513
4022,0.4304858482031997,-1.341473100134433,0.09785740585935651,-0.41921592720423384,-67.80532836914062,-0.29022164249323784,0.5598192907449625,0.7761274121807157,0.7761274121807157,39.09264024726151
4023,0.401695599473688,0.7651266286794631,0.2897408894831635,0.27822575653240805,-67.6618881225586,-0.2956763067353508,0.5720971005906323,0.7650362273324935,0.7650362273324935,40.08978493386365
4024,0.36248527500483224,2.2744350285557005,-0.2345266857230313,0.2763924895490096,-67.5565414428711,-0.2972877364598054,0.5739521935139292,0.7630195812108328,0.7630195812108328,40.26887446451663
4025,0.43048976115744175,2.7788827667845353,-0.4024815657187353,0.1527416895218414,-67.78008270263672,-0.3040107795649671,0.5637476186879083,0.7679622831441748,0.7679622831441748,39.82874535851034
4026,0.4365935522688144,-1.5441986712398723,0.011610995803112584,-0.4364391305315806,-67.70252227783203,0.2866029090077896,-0.5676562973386491,-0.7717675172226725,-0.7717675172226725,140.5128767529202
4027,0.42860368139065314,-2.970194797541196,-0.42232348515715556,-0.07310259630364899,-67.54183959960938,0.3060903186035349,-0.5523909611928784,-0.7753534309265642,-0.7753534309265642,140.8370868352811
4028,0.41464190712524257,-2.8663073840314626,-0.39902968332112965,-0.1127085754195184,-67.46815490722656,-0.29707802399498134,0.5559951197962877,0.7762822131299603,0.7762822131299603,39.07857250621992
4029,0.3406500462409191,-2.31399381837285,-0.23049939160340696,-0.2508236122744419,-67.49063110351562,0.30808980482115056,-0.5691478350046189,-0.7623328761602904,-0.7623328761602904,139.67029297661867
4030,0.36918855876239753,-1.320210680684503,0.09154818775223116,-0.3576578270363148,-67.49346923828125,-0.297045754722088,0.5885796681058999,0.7518894824998776,0.7518894824998776,41.24568315859738
4031,0.37476631392937026,1.4397326058839337,0.04897776516990731,0.37155210748314793,-67.53267669677734,-0.29098964375605313,0.5772948078002924,0.7629257710377524,0.7629257710377524,40.277189240909756
4032,0.42420531065375744,-1.1640571622047395,0.16782267713255541,-0.38959683600731787,-67.43052673339844,-0.31155051948637597,0.5663134616349469,0.7630369171795116,0.7630369171795116,40.26733775131592
4033,0.4612263333973736,2.643619079721793,-0.4052114467156297,0.22030300513114132,-67.60761260986328,-0.32208590174638374,0.5688745604019925,0.7567313964833616,0.7567313964833616,40.82311379323341
4034,0.47180190170164754,-0.32208326738977766,0.44754091962574716,-0.14934577231991414,-67.7431411743164,-0.28775466529881655,0.5678388077115113,0.7712044742190851,0.7712044742190851,39.53782687132195
4035,0.4689973253185956,2.176131322423437,-0.2668771025319544,0.38566190283737556,-67.51740264892578,-0.28275186744879505,0.5782457703147368,0.765299425432514,0.765299425432514,40.066362414987026
4036,0.441289727909281,2.8085678105225544,-0.4170443160696173,0.1442590114768309,-67.6418685913086,0.28877706970268757,-0.5823719199287636,-0.7599018034538508,-0.7599018034538508,139.45554186309448
4037,0.398988558941081,-2.743770877197128,-0.36783036475847325,-0.1545726137694805,-67.60926818847656,-0.2927233463035711,0.5934036010896109,0.7497901097925482,0.7497901097925482,41.42780017530628
4038,0.4177106370475298,0.5822889764767407,0.3488744494674104,0.22971459425004867,-67.55113220214844,-0.28901827693960963,0.6025820827419094,0.7438839083844211,0.7438839083844211,41.936675523531015
4039,0.44046158914278233,-1.1919804504718237,0.16289174972481266,-0.40923427200293744,-67.65046691894531,-0.2823173695712427,0.5833308630873959,0.7615917587579899,0.7615917587579899,40.395274519753066
4040,0.4299978559390712,-2.1908785749316904,-0.24987265646188686,-0.3499454409831311,-67.4637222290039,-0.2959679599534687,0.5855156388318009,0.7547015326368234,0.7547015326368234,41.00070281702797
4041,0.4680897941715412,1.546020916195385,0.011595930458866694,0.4679461398540957,-67.42122650146484,-0.2894547213833031,0.587444154300713,0.7557283439482965,0.7557283439482965,40.91094838785139
4042,0.4479560838083372,-1.330822268452751,0.10646904995943568,-0.43511951739911325,-67.6144790649414,0.28703740891005797,-0.5777948005841138,-0.7640436468580605,-0.7640436468580605,139.8219854864823
4043,0.38277844526627325,2.569894697197035,-0.3219103529086372,0.20710640465881783,-67.72586059570312,-0.2899550595682349,0.583071840057866,0.7589158667219416,0.7589158667219416,40.63128391201062
4044,0.3830446305148374,-1.9102599720397273,-0.12754673474540135,-0.3611855747701374,-67.56312561035156,-0.29115434787178524,0.5850586248532247,0.7569250631338675,0.7569250631338675,40.80613697678996
4045,0.4517768656967219,-1.4381375915230428,0.05975651785369644,-0.4478074306582627,-67.5627670288086,-0.27876116607051105,0.5990763501821404,0.7505995862931545,0.7505995862931545,41.35765737280835
4046,0.46098088695956313,-0.5195293164121337,0.4001558219836772,-0.22886392523635776,-67.60587310791016,-0.2713353592545223,0.5869434406470806,0.7628070006886319,0.7628070006886319,40.28771429678402
4047,0.4419617574830597,-2.0839811731770546,-0.21698303566799954,-0.38503059269337875,-67.57572174072266,0.28341002087191774,-0.5917195227658376,-0.7546832225822625,-0.7546832225822625,138.99769815428724
4048,0.4115382450082526,-0.8394677549606847,0.2748495470654175,-0.30630287883467144,-67.61173248291016,0.2867280987441337,-0.5854347472197022,-0.7583225923961239,-0.7583225923961239,139.3165436634556
4049,0.4324011867785321,2.2557419535822656,-0.2735503532195603,0.3348745893329872,-67.60182189941406,-0.28156375521396765,0.5785844616568689,0.7654814644908394,0.7654814644908394,40.05015573762038
4050,0.45953120180231455,1.3435362247553153,0.10353648089153596,0.44771544819726306,-67.37247467041016,-0.28200023569547306,0.5719306244333539,0.7703059313694604,0.7703059313694604,39.61863082512937
4051,0.4492896545281643,-0.5459291790482594,0.38398325495265834,-0.2332767746304783,-67.46611785888672,-0.26256072332934227,0.5967836990186814,0.7582289121039586,0.7582289121039586,40.69168951006609
4052,0.45935310037753146,-1.8483499461304727,-0.12586445669121335,-0.4417730292449689,-67.5223388671875,-0.2709128208715145,0.5782118185224393,0.7695955667806388,0.7695955667806388,39.68241501651457
4053,0.45683030548228537,-1.251025285077671,0.1436042488583936,-0.43367239676610125,-67.60841369628906,-0.2647694126301587,0.5888445449838507,0.7636486495622464,0.7636486495622464,40.21308073106541
4054,0.4530100076452795,-0.9231488965487602,0.2733063239334328,-0.3612778990261786,-67.44153594970703,-0.2522124561249646,0.5982734269760481,0.7605641219185586,0.7605641219185586,40.486045101040666
4055,0.3825194192357319,2.6986877466974657,-0.34561032439814393,0.1639347728880342,-67.61287689208984,0.2777771853589487,-0.5948241880754778,-0.7543368084446159,-0.7543368084446159,138.96745525311763
4056,0.39459595414637993,-1.4922404138043215,0.030965973829383955,-0.3933790481119831,-67.76256561279297,-0.27309811807298034,0.5895473133920908,0.7601653656785243,0.7601653656785243,40.52122166955909
4057,0.39553199387731947,-2.9688769959472476,-0.38964714700654113,-0.06797542945970109,-67.55521392822266,-0.25421534803699675,0.608957586917783,0.751362238975116,0.751362238975116,41.29148258954743
4058,0.3990921820216238,-1.0910913914636544,0.18418800000764368,-0.3540471019567384,-67.58621978759766,0.250838826843305,-0.594308250245061,-0.7641188301818824,-0.7641188301818824,139.82866282855292
4059,0.3906533031828625,0.8068805495039257,0.2702361618725979,0.28210356272838627,-67.56705474853516,-0.25286740713898814,0.6077857073975839,0.7527646433580844,0.7527646433580844,41.16956928696216
4060,0.4864264303550082,-0.871278502536461,0.31318508515386395,-0.3721905084564659,-67.69161224365234,-0.26848286823286993,0.5973009026038448,0.7557437272078967,0.7557437272078967,40.90960249127211
4061,0.4857035675004433,3.0949636822127227,-0.4851756400098761,0.02263965158002228,-67.63984680175781,0.2537203168356648,-0.5922731399921597,-0.7647473625117237,-0.7647473625117237,139.88452150089228
4062,0.3194222435220683,-1.7496093498846605,-0.05681296658791964,-0.31432921672054515,-67.3887710571289,0.2740944945466013,-0.5957491494298708,-0.7549537462737892,-0.7549537462737892,139.0213283865298
4063,0.42062919135291565,-1.5443235090642329,0.011133939345728986,-0.42048180937212176,-67.54621124267578,0.2571907288585323,-0.6061645067385122,-0.7526071483580749,-0.7526071483580749,138.81672464384
4064,0.5355765830127631,-1.3697080060048863,0.10697383856417136,-0.5247845978441762,-67.66632080078125,0.2624391249619646,-0.5931668126808961,-0.7611036972865033,-0.7611036972865033,139.56159424743532
4065,0.3830328553695064,2.550007747668034,-0.31793943068972064,0.21360872338276243,-67.62844848632812,-0.2614051966219662,0.5884675143252914,0.7650969270379043,0.7650969270379043,40.084384156585045
4066,0.4011936531046713,-2.2684464017198973,-0.2577342602727378,-0.3074563357179943,-67.63848876953125,-0.2608650843686966,0.5964028887254286,0.7591132998948689,0.7591132998948689,40.61390939802592
4067,0.3954918383762492,-0.8466563731704523,0.26200996276381716,-0.29625086267339096,-67.59650421142578,-0.26708149993595753,0.6032358326777929,0.7515144726254374,0.7515144726254374,41.27826297435234
4068,0.4941127574611633,-1.5714208377557013,-0.0003085788128495777,-0.4941126611057347,-67.35265350341797,0.26940602311548245,-0.60229038310612,-0.75144307111516,-0.75144307111516,138.71553625244664
4069,0.47322524782542835,-0.17196042669379835,0.4662457449909833,-0.08097555468930752,-67.73265075683594,0.2710355101804086,-0.6198995853732918,-0.7363859424753209,-0.7363859424753209,137.4244565269544
4070,0.4332465424364098,1.4381137544545675,0.05731574890373714,0.4294385537660861,-67.51013946533203,0.28233973627865133,-0.607091220583189,-0.7427816120562729,-0.7427816120562729,137.9689084196739
4071,0.4362964129039526,-1.8564851638906124,-0.12295637231761017,-0.4186123390672443,-67.39437866210938,0.25725379102834606,-0.6020861974653718,-0.7558522989468468,-0.7558522989468468,139.09989759513698
4072,0.4558529533874393,-2.2208424184999274,-0.27589273666008224,-0.36288443473130866,-67.56459045410156,-0.24903639776064881,0.5996961304372104,0.7604902522248634,0.7604902522248634,40.49256347775616
4073,0.43426232585453567,-2.254416246239988,-0.27428166949656235,-0.33667986787862664,-67.52571105957031,0.2706988404723187,-0.6124330834399833,-0.7427300021374772,-0.7427300021374772,137.96449205680796
4074,0.41095924072684586,1.1493522469630684,0.16811463116581626,0.37499995776902056,-67.58214569091797,0.2643240754739534,-0.5979226012715244,-0.7567174809752537,-0.7567174809752537,139.17566659771754
4075,0.42874987584272983,1.460329242222934,0.04726647979821585,0.42613652263405105,-67.60713958740234,-0.25791902938936423,0.605256601377146,0.7530884548100807,0.7530884548100807,41.14137767181224
4076,0.3942132176536369,-1.4580155290966725,0.04436549019246856,-0.39170877479680705,-67.67276000976562,-0.2593241896836099,0.6199949658623344,0.740511449574078,0.740511449574078,42.2249985339523
4077,0.4006394373484041,1.5778673348960803,-0.0028329010998960763,0.4006294215733588,-67.61482238769531,-0.2741988288789096,0.6122653277320459,0.7415835561139453,0.7415835561139453,42.13351447389117
4078,0.35617366982328513,-1.350853556472227,0.07770775318465385,-0.3475934236581289,-67.63289642333984,-0.2681613822063525,0.6065998938542878,0.7484156878828405,0.7484156878828405,41.546674367085856
4079,0.3780465814428787,0.9828447094602971,0.2096864747306035,0.31456446089108525,-67.40520477294922,-0.263067442288278,0.5996988875726185,0.7557491416151708,0.7557491416151708,40.909128770750044
4080,0.4841559145904128,-0.8120338792664762,0.33311083823527327,-0.35134615279389736,-67.65222930908203,0.28199519866996753,-0.5988572510198152,-0.749565674793127,-0.749565674793127,138.55276929810688
4081,0.459036793973737,-1.6323177312812631,-0.028222777092445427,-0.4581683676061423,-67.58386993408203,-0.2849890792225504,0.6015449019087546,0.7462740486654147,0.7462740486654147,41.731352922457425
4082,0.37459477440235217,-2.118251346550722,-0.19498252883043607,-0.31984849297821816,-67.37361907958984,0.2697489699785257,-0.6237236052794222,-0.7336241254298853,-0.7336241254298853,137.19108400741553
4083,0.3654062246390868,-2.1185414447916093,-0.19029024622782978,-0.31194764175345624,-67.45892333984375,-0.2550682246698671,0.6307194264290642,0.7328937207322455,0.7328937207322455,42.87046337841685
4084,0.37496231276306563,1.2968179435454137,0.10145114035076766,0.3609770105064253,-67.50868225097656,-0.27007852107142544,0.6260095656154863,0.7315528799846133,0.7315528799846133,42.98326408367644
4085,0.4049375659549261,-0.7012375457054731,0.3093902605734884,-0.26125102676117673,-67.53080749511719,-0.271021691452552,0.6184609522702894,0.7375996836218984,0.7375996836218984,42.47265513430169
4086,0.40794550878727054,2.4825096716342525,-0.32250301024376005,0.24982263012669256,-67.55186462402344,-0.2556446663722873,0.6308049906461853,0.7326191837041043,0.7326191837041043,42.89357876692152
4087,0.39397814754496574,-0.7754851344440561,0.28133250405593957,-0.27580935971169934,-67.48885345458984,-0.24658415567516323,0.6156905725891646,0.7484125687044503,0.7484125687044503,41.54694382911
4088,0.4442758028992906,2.7328017312524793,-0.40766841059866843,0.17659970566726543,-67.59333038330078,-0.2496474931319952,0.6132902217553476,0.7493672217759374,0.7493672217759374,41.464405616633606
4089,0.4485817607006014,-2.4379175733013163,-0.34202989995022703,-0.2902432489710818,-67.42517852783203,0.23246988059144466,-0.6122160176147629,-0.7557442043401457,-0.7557442043401457,139.09043925408307
4090,0.39709572629458206,1.5519475753231138,0.007484315471495527,0.39702518920509916,-67.71817779541016,0.2520042098469752,-0.6182535173840863,-0.7444840270023306,-0.7444840270023306,138.1147998820691
4091,0.4641380918977596,-0.6616540569086475,0.36619428913551816,-0.2851769818113406,-67.61024475097656,0.2640824394046878,-0.6128156569616178,-0.744793552456498,-0.744793552456498,138.14136971320335
4092,0.4326789522538373,-2.998004791502057,-0.4282262369044877,-0.061914180525143074,-67.57476806640625,0.25466096917758546,-0.6078305576552879,-0.752123529719683,-0.752123529719683,138.77466092488362
4093,0.4647242209908402,2.812266879326329,-0.43975022327286517,0.1502941872029936,-67.49913787841797,-0.24785628994530612,0.6180266119565725,0.7460632456085936,0.7460632456085936,41.74949486637209
4094,0.4790528836583183,-1.5135731264153356,0.02739798101606022,-0.47826876960302755,-67.74222564697266,-0.2506242639018598,0.6214489619675092,0.7422861079214377,0.7422861079214377,42.073477273285704
4095,0.44245406859699393,-3.0442994560437144,-0.44036159233883376,-0.042979888446111704,-67.584716796875,0.24979787371298745,-0.6197257688422207,-0.744003355987988,-0.744003355987988,138.07356603530067
4096,0.3793159329189632,-2.055486563494419,-0.17673630264178702,-0.3356260661728973,-67.55445098876953,0.24985414526286523,-0.6188260372910463,-0.7447330002528582,-0.7447330002528582,138.13617079781403
4097,0.3959383760742201,1.3499697480461192,0.08672483912340274,0.38632369837651753,-67.66667938232422,-0.2527892827886283,0.6137655940538674,0.7479233744595193,0.7479233744595193,41.5891870435235
4098,0.45580976424402264,0.05098643290832581,0.4552174273257381,0.023230046042310097,-67.37322998046875,-0.24918132856317024,0.6141556393583549,0.7488134054220876,0.7488134054220876,41.512304306916256
4099,0.4550500541399273,-1.9416877740852772,-0.16493125797316255,-0.4241087501056078,-67.4347915649414,-0.24241125707640024,0.6131263590278208,0.7518728950480442,0.7518728950480442,41.247124676819745
4100,0.3460435534913076,-1.8747337162036033,-0.10356372020860928,-0.3301828232501569,-67.67291259765625,-0.2559185386422364,0.6252544455663436,0.7372669664909357,0.7372669664909357,42.50087948365505
4101,0.4126354370333128,-2.3852875379727956,-0.30014133739946103,-0.28316634948336633,-67.51058959960938,-0.25300436237764773,0.6154258069169907,0.7464850090915764,0.7464850090915764,41.71319098537819
4102,0.4166010428889097,-1.8230969340423127,-0.10399711380409321,-0.4034117366370811,-67.64605712890625,0.23401140549164762,-0.6136518227952702,-0.7541021830493969,-0.7541021830493969,138.94698222989982
4103,0.3975948474377982,2.599739077776807,-0.34064106277147166,0.20504957708566074,-67.63580322265625,0.25846621809233444,-0.6252360699692496,-0.7363932854897942,-0.7363932854897942,137.4250783863041
4104,0.4673817386638628,-0.9319497952115864,0.27868564021660824,-0.375206614511944,-67.57435607910156,-0.2522043608790565,0.6051638783035097,0.755095782500632,0.755095782500632,40.96626026278169
4105,0.43923777012317494,-1.7319627038309675,-0.0704842992684468,-0.4335455942105918,-67.59918975830078,-0.27806849456794785,0.6080789719236565,0.7435844782087535,0.7435844782087535,41.96234001961586
4106,0.3444387804938872,1.3812040311777118,0.06491241999897814,0.33826683437486516,-67.54890441894531,0.26150994216044204,-0.6092897822774967,-0.7485843381767234,-0.7485843381767234,138.46789725626363
4107,0.4056868158791756,-2.8068037809481776,-0.38316296245980397,-0.1332964244727178,-67.56981658935547,0.24378095100354927,-0.6005565007378799,-0.7615134518505094,-0.7615134518505094,139.59780273089828
4108,0.3312241660387722,-0.7803430123444127,0.23539182753058854,-0.23302389512642213,-67.4515609741211,0.24655548356676318,-0.6086205780745244,-0.7541825942484959,-0.7541825942484959,138.9539978315494
4109,0.43059317248637097,2.520737323297775,-0.35023638361401815,0.25048943248139627,-67.47901153564453,-0.2505590258259854,0.5974213312179334,0.7617794481232252,0.7617794481232252,40.37867777313475
4110,0.48195664311796604,3.02957446235377,-0.4789359896235425,0.05387507483852326,-67.56336212158203,0.23570403148667657,-0.6062658309936302,-0.7595296911316443,-0.7595296911316443,139.42275402370268
4111,0.41652823575410375,1.2087414941915309,0.14753288470751236,0.38952511999909084,-67.72333526611328,-0.2435308155970137,0.6200712678314401,0.7457910998829121,0.7457910998829121,41.77290651472069
4112,0.420858383487946,2.1531338018865473,-0.23146270409276473,0.35149224111799715,-67.73542022705078,-0.24912434240458453,0.6169511618034498,0.7465308606955623,0.7465308606955623,41.709242689419206
4113,0.4239485947143872,-3.1288960709695366,-0.42391442423620257,-0.005382553742656011,-67.58470916748047,-0.24920459777211987,0.6301494415964071,0.7353970014250618,0.7353970014250618,42.65922714245936
4114,0.3525636944935265,-1.3763180007522284,0.06813459862538761,-0.34591738196436733,-67.57133483886719,-0.23135545045105607,0.6353345312707218,0.7367663733651266,0.7367663733651266,42.543316169131614
4115,0.4016882016557826,-1.5516511870624337,0.007689906957721748,-0.40161458723562105,-67.52290344238281,0.2230865674197898,-0.6091887431820353,-0.7610003013252675,-0.7610003013252675,139.55246177396214
4116,0.4125169205280302,-1.0682354463300416,0.1986975812352182,-0.3615100011523928,-67.43212127685547,-0.23169665001389952,0.630720724075828,0.7406132800548474,0.7406132800548474,42.216316146834565
4117,0.46666368386373835,2.931125153590201,-0.45636598101290204,0.09749402654217679,-67.61634063720703,-0.25753626274647357,0.6293542834869148,0.7332041047534114,0.7332041047534114,42.84431764989296
4118,0.5175250010306435,-0.8624121749718021,0.3367056589813742,-0.39301580871726527,-67.52694702148438,-0.2395400324324356,0.6320055432221141,0.7370139525129686,0.7370139525129686,42.522332473089016
4119,0.49066998468391115,3.060712785014102,-0.4890659874663561,0.03964207074898638,-67.68557739257812,-0.2356812094434302,0.6236703123784167,0.7453118199606726,0.7453118199606726,41.81411110528047
4120,0.39401050092980094,-0.8245205757988421,0.2674972939352733,-0.2892913282147577,-67.47355651855469,0.23290005878924616,-0.6177024350456951,-0.7511333199603015,-0.7511333199603015,138.68864515188696
4121,0.4305262349516938,2.136403056383865,-0.23073113048627367,0.3634776257298476,-67.63473510742188,-0.21988621744731815,0.6278081389923509,0.7466639083226615,0.7466639083226615,41.697784188078764
4122,0.43372196805598,-1.2825604258523744,0.12329038952546176,-0.41582956295219375,-67.61034393310547,0.19743136852483417,-0.6291931403628397,-0.7517558425730785,-0.7517558425730785,138.7427041540296
4123,0.47988294707122753,-1.2623257222349618,0.14569331961861917,-0.45723199746766785,-67.41897583007812,0.18825961687973322,-0.6188200174279551,-0.7626402183747992,-0.7626402183747992,139.69750982649344
4124,0.45445065194019485,0.17483781541236096,0.44752244432389743,0.07905097643440127,-67.65167999267578,-0.2038445288457372,0.627367725742919,0.7515697870163602,0.7515697870163602,41.27345874099079
4125,0.4451824096559748,-0.8005217969586128,0.3099948913647427,-0.3195161110098543,-67.6058120727539,-0.1944222120585207,0.6324797110635844,0.7497795799774735,0.7497795799774735,41.42871196409089
4126,0.41820306975393057,-2.692081292812504,-0.37665858278578807,-0.18171989314715256,-67.61750793457031,-0.18563982724430309,0.630472796011137,0.7536855498353439,0.7536855498353439,41.089351809603
4127,0.4017701103450861,-0.7420739404535519,0.2961321080828811,-0.27152347251958064,-67.5668716430664,0.19196837686664078,-0.6203977454927007,-0.7604306540840932,-0.7604306540840932,139.50217812252262
4128,0.397618694123928,-2.1753060779489335,-0.22599007479273728,-0.3271530406583298,-67.6775131225586,0.1987072661657589,-0.6312104359400162,-0.7497258218397876,-0.7497258218397876,138.56663331321892
4129,0.4129787755456623,2.376779527566409,-0.2979690440054142,0.2859474040198548,-67.49581909179688,0.18941006161619187,-0.645501162182376,-0.739900046073625,-0.739900046073625,137.72290172627535
4130,0.48174363525356784,-2.5584221221931926,-0.4021214911736129,-0.265283313541641,-67.49876403808594,-0.1700827550739025,0.6267804166647502,0.7604065792140631,0.7604065792140631,40.49994586554871
4131,0.4464232819541451,-1.5713214420306727,-0.00023442365618571735,-0.44642322040442695,-67.63321685791016,0.19651354767676013,-0.6297259563940657,-0.7515501616146942,-0.7515501616146942,138.724836677011
4132,0.40596554373053667,-0.2999169125124532,0.3878436640055211,-0.11993879683906578,-67.56096649169922,-0.19410484988896023,0.6377134195391986,0.7454159253659708,0.7454159253659708,41.80516378647104
4133,0.43003523457370396,-2.1502377256646015,-0.23546863192669396,-0.35984000104689823,-67.67996215820312,-0.18514248296270475,0.6454766989026138,0.7410007369606249,0.7410007369606249,42.18326708573853
4134,0.39369522903837806,-0.7378768064346015,0.2912945239577898,-0.26484605656831206,-67.61304473876953,0.19860930492857942,-0.6445372348876517,-0.7383265516281851,-0.7383265516281851,137.58905788466924
4135,0.4154910357557842,-2.6110133267443167,-0.3583668587754572,-0.21025221835886984,-67.58578491210938,0.19105590358392938,-0.6523605167192924,-0.733432613081438,-0.733432613081438,137.17493936411117
4136,0.4612984686324002,-2.7527593834978776,-0.4268634639739006,-0.17488241846109043,-67.47876739501953,-0.17682306361509795,0.6471794420540166,0.7415472836956677,0.7415472836956677,42.13661227788195
4137,0.48965069923387183,-1.125611469866861,0.21085569857519978,-0.44192497286143956,-67.64497375488281,-0.1964939065592772,0.6531150483215538,0.7313213235924471,0.7313213235924471,43.0027200608812
4138,0.3748108979896911,-1.4269478644634326,0.053730221996005384,-0.3709397154472659,-67.61579895019531,-0.19082469902584034,0.655840989673381,0.730382454954894,0.730382454954894,43.08153381148424
4139,0.481715756050236,-2.8838424014390984,-0.46580270884181213,-0.12279212540989935,-67.72489929199219,-0.18313142244978947,0.6531448718030344,0.7347548288707701,0.7347548288707701,42.71349647550049
4140,0.45615914744990743,2.6713026177969055,-0.40663709515284313,0.2067061698350681,-67.66574096679688,-0.1825791387936056,0.6695852286114649,0.7199447754534494,0.7199447754534494,43.95007881460383
4141,0.4619885034452801,-0.9220407466942759,0.27913127083109773,-0.36812920416590955,-67.708251953125,0.1489241244421272,-0.6547155062459145,-0.7410595192292599,-0.7410595192292599,137.82174872582064
4142,0.3841414782086875,-2.9108271129505785,-0.37395849596838854,-0.087861929033093,-67.59406280517578,-0.16075998513262635,0.6523648319473965,0.7406594043272542,0.7406594043272542,42.21238296905822
4143,0.45051449757756956,-2.105192931751154,-0.2294568840347074,-0.38770201301599244,-67.66508483886719,-0.12652757562710593,0.6446897574788785,0.753900450462627,0.753900450462627,41.070613907702565
4144,0.4731339936502508,-0.8875372149708565,0.2987007869831934,-0.36692453693240035,-67.6395034790039,-0.11748481542117506,0.6512165869315227,0.7497428059346158,0.7497428059346158,41.43189614174259
4145,0.42342949450767353,1.7400297672645089,-0.07131687056733739,0.417380450897626,-67.66625213623047,-0.1282942325543117,0.644492326148874,0.7537706756225753,0.7537706756225753,41.08193024924338
4146,0.3963755603322075,-1.0023087886049156,0.21339198915966406,-0.3340320999412381,-67.73104858398438,-0.1419990857354252,0.6408432331939763,0.7544244230668797,0.7544244230668797,41.024897484388305
4147,0.3522997613632875,-0.8421385019137719,0.23458544755888863,-0.2628398555208575,-67.7865982055664,0.1356535071878051,-0.6333636888360293,-0.7618717501336203,-0.7618717501336203,139.6294862607005
4148,0.3986384072462849,-2.7344724904232756,-0.3660556763027657,-0.1578474630090066,-67.4632797241211,0.14386548157956855,-0.6363029205650975,-0.7579058757459307,-0.7579058757459307,139.27993070508668
4149,0.49859721763009074,-1.5397221992647632,0.015490980227227598,-0.49835651391355135,-67.65966796875,-0.1423679390498922,0.6247878756080419,0.7677053343724246,0.7677053343724246,39.85172530366932
4150,0.3274322076743005,-2.9856043132021033,-0.3234566790990024,-0.05086872682416223,-67.66081237792969,-0.13318259785249267,0.6268946594472873,0.7676362951201114,0.7676362951201114,39.857897875213965
4151,0.36201558918871485,-2.8349512351907085,-0.34512856151187465,-0.10927745807986433,-67.72206115722656,0.12961745740494027,-0.6294943642110068,-0.7661175889917022,-0.7661175889917022,140.00652040263202
4152,0.5097782118903134,2.405684786541073,-0.37785864418426524,0.34219390750466916,-67.61438751220703,0.12483494016273797,-0.6358623896170357,-0.7616398487376294,-0.7616398487376294,139.60897737882948
4153,0.4958590130591556,-2.3721257441527746,-0.35616644033660366,-0.34499511244357123,-67.52661895751953,0.11415181000470453,-0.6494099827660246,-0.7518218130358294,-0.7518218130358294,138.748436344659
4154,0.4759406439595988,2.4173529767913253,-0.3564811618707856,0.3153421598897495,-67.6502685546875,-0.11759316980471603,0.6470303865454874,0.7533415727955524,0.7533415727955524,41.11932969756032
4155,0.39369148197173454,-0.9017050345852428,0.2441963800143847,-0.30880594386276117,-67.57308197021484,-0.09557848281641469,0.657212793447588,0.7476202898205282,0.7476202898205282,41.61534160338215
4156,0.3733465697543683,2.9293599967754154,-0.36496981445012855,0.07864283621279264,-67.77204132080078,-0.11908787857827931,0.6557443384708953,0.7455316490526026,0.7455316490526026,41.79521610266927
4157,0.40373478550839864,-2.7580443877157994,-0.37440049310460755,-0.15108291694476708,-67.76355743408203,0.12317964340052856,-0.6399213594388445,-0.7585034140896533,-0.7585034140896533,139.33243922778755
4158,0.4135188019109735,-1.0328740855413412,0.21186750420068248,-0.3551196420893397,-67.59288024902344,0.10631164735442256,-0.6358027530990066,-0.7644950573996622,-0.7644950573996622,139.86209098375298
4159,0.5010511818393835,-1.409813567293653,0.08031266044573294,-0.49457270789518026,-67.52388763427734,0.09941950309568948,-0.6117456719314627,-0.7847821323637088,-0.7847821323637088,141.70053265842063
4160,0.40040665969318295,2.3413920399160313,-0.27890837756300413,0.28729011478264466,-67.60031127929688,-0.11501472489075762,0.6187617102718087,0.7771136074988069,0.7771136074988069,39.002945536867514
4161,0.402490049809094,-1.8862317694931905,-0.12486467296889528,-0.38263174677449047,-67.56822967529297,0.09639340877837793,-0.635340543784303,-0.7661923414965401,-0.7661923414965401,140.0131849384086
4162,0.38996582892017323,-1.4896574676462884,0.031606675309060875,-0.38868286018463105,-67.66425323486328,-0.08734969160181415,0.6389300948024969,0.7642894512766354,0.7642894512766354,40.15618018516697
4163,0.36791561658942773,1.1250785039435798,0.15861051350940775,0.3319707907853653,-67.58145141601562,-0.09734276352892696,0.6583062308394545,0.7464296971761657,0.7464296971761657,41.71795350555478
4164,0.41259960324388706,-1.7401378165366381,-0.06953677054837056,-0.4066977626428701,-67.64655303955078,-0.10664683601139148,0.6547850285845388,0.7482533118605651,0.7482533118605651,41.56069993418484
4165,0.4691048767497811,-1.8628684970870104,-0.13507277016746572,-0.4492379460260612,-67.5618896484375,0.10334965141329434,-0.648204613597163,-0.754420061016476,-0.754420061016476,138.97472175524652
4166,0.5275631360257796,-1.5259323514347787,0.023660640408661646,-0.527032291789419,-67.57862091064453,-0.1257264314974215,0.6418853543787981,0.7564231991794865,0.7564231991794865,40.85011836628629
4167,0.4781140247812426,-2.3687151800131234,-0.34228402465690644,-0.33381831459221784,-67.76744842529297,-0.09762921405820496,0.6326639407789906,0.7682479252170976,0.7682479252170976,39.803186279886695
4168,0.32405071080751763,-2.361651983103316,-0.23038555799918684,-0.22788452742619614,-67.52616882324219,-0.10049920298679343,0.648536199756899,0.7545201838280398,0.7545201838280398,41.01653786084025
4169,0.5276458327284088,-1.747230378178981,-0.09261245277518468,-0.5194545777896468,-67.48866271972656,-0.11216832714103804,0.6375092553209234,0.7622337015420815,0.7622337015420815,40.33848623371055
4170,0.4843620869249582,-1.0728947018787247,0.23132309230005146,-0.4255540602779424,-67.65242004394531,-0.08877136182251155,0.6574077060102753,0.7482878813655104,0.7482878813655104,41.55771424570154
4171,0.3929448058644021,-2.766493540340648,-0.3656238701885265,-0.14396112671195715,-67.58502197265625,0.08757648165784725,-0.648995424050549,-0.7557349399239663,-0.7557349399239663,139.08962869610798
4172,0.31476187450377213,-2.4627510062856413,-0.24497934351288053,-0.1976364310878095,-67.54217529296875,0.08383864975725393,-0.6515237386502356,-0.7539813650098389,-0.7539813650098389,138.93644312377387
4173,0.4449850847625887,2.117544805340395,-0.2313532940944319,0.38011495494497916,-67.664794921875,0.1027238866669362,-0.6494330756276038,-0.7534483946422008,-0.7534483946422008,138.88997799185546
4174,0.48059828653561504,-1.6669959964276364,-0.046162119171062936,-0.4783761822819001,-67.5209732055664,0.08914529012799141,-0.6484081465671262,-0.7560555486955839,-0.7560555486955839,139.11768694948256
4175,0.4803651437223089,-1.2427291108857503,0.1547803401627127,-0.45474577249543446,-67.56082153320312,-0.11742934106939261,0.6720570199182445,0.7311290664681693,0.7311290664681693,43.0188686290494
4176,0.43459676597964364,-1.2416233983268468,0.14048795611891995,-0.4112632772148439,-67.53424835205078,0.13299706510734968,-0.6326590380677588,-0.7629248470354139,-0.7629248470354139,139.7227288680949
4177,0.4222006016233393,2.4374573981268117,-0.32178932944299626,0.2733221093650063,-67.48841857910156,0.12142898224664687,-0.6501353873596222,-0.7500526517340618,-0.7500526517340618,138.59493895176837
4178,0.3842427183516043,3.0139675127683643,-0.3811176569832768,0.04890601335017653,-67.38506317138672,-0.13021648777992864,0.6595951731369197,0.7402552761613637,0.7402552761613637,42.24683427709435
4179,0.40525966105824357,-1.3951197439129464,0.0708289925507632,-0.39902211304047597,-67.72920989990234,0.1141701987559895,-0.6535876193656923,-0.7481900758015337,-0.7481900758015337,138.43383896714857
4180,0.3585241745039422,-3.037409721983453,-0.3565802081731706,-0.03728456574658669,-67.62061309814453,0.10927105954584004,-0.6494593010744105,-0.7525041207818518,-0.7525041207818518,138.8077606525403
4181,0.40618902855504996,-1.348865003301797,0.08940788719295334,-0.3962269004322994,-67.39960479736328,0.1118859419612196,-0.6442789396909038,-0.7565620819616957,-0.7565620819616957,139.1620488669065
4182,0.5365023305082176,2.8739087540887125,-0.5173953835284725,0.14190407937819713,-67.46428680419922,-0.13054071077188198,0.6448463672863214,0.7530818583851338,0.7530818583851338,41.14195212699542
4183,0.33517578352361854,2.7348773192792573,-0.3078338764413299,0.13259377955158988,-67.54407501220703,-0.09640641420596556,0.652094573579223,0.7519830253459711,0.7519830253459711,41.2375531236059
4184,0.39597091115475347,2.5363053444185946,-0.32562218575628477,0.22530680110468307,-67.48600006103516,-0.1155804664448664,0.6368436456886913,0.7622803465407748,0.7622803465407748,40.334357287305345
4185,0.4897229222280735,2.5733458091792025,-0.41276087868535577,0.2635469551759169,-67.4815444946289,-0.11845333429403376,0.6438382046601041,0.7559372816673879,0.7559372816673879,40.89266510153068
4186,0.3801021485149807,2.5887458453689067,-0.32347950186386815,0.1995962303742437,-67.6169662475586,-0.08900003292343028,0.6403593624526329,0.762901619515181,0.762901619515181,40.279329657890905
4187,0.3638986593032952,-1.7388200140254688,-0.06085629977870757,-0.3587739469637947,-67.59555053710938,-0.09231474427186749,0.6363745603784254,0.7658364100075065,0.7658364100075065,40.01853975019315
4188,0.5522016869127525,-1.1906276177727255,0.20490942170874604,-0.5127756155710573,-67.54235076904297,0.06297370276892732,-0.6434713478971843,-0.7628754401571411,-0.7628754401571411,139.71835031575827
4189,0.47644540016559134,-2.399111591118218,-0.35104179634814425,-0.3221333210886736,-67.67608642578125,0.09175756984203792,-0.6463753851616371,-0.7574822835115214,-0.7574822835115214,139.24274149080765
4190,0.42954199555910993,3.084057844922217,-0.4288312450560571,0.024699984060204593,-67.74017333984375,0.08826188897320447,-0.6354895880994842,-0.7670481225920769,-0.7670481225920769,140.08954781656197
4191,0.40510874083161197,-2.5256513307384174,-0.3306618997804181,-0.23404230372259394,-67.4339370727539,-0.041158193474176485,0.6463362286317675,0.7619419155473768,0.7619419155473768,40.36430675298152
4192,0.422053883662175,-2.571741708545855,-0.35536152011179595,-0.22770083605063557,-67.63612365722656,0.05083607216885989,-0.6351759417951341,-0.7706926863095996,-0.7706926863095996,140.41613228773053
4193,0.4477517265709354,-0.7756956939534164,0.31966521382840607,-0.31352154585497494,-67.52037048339844,0.05996794457039171,-0.6216655952236602,-0.780983823993311,-0.780983823993311,141.35074186448333
4194,0.4248689706626787,-1.166468952275537,0.16714364832583067,-0.390610602846742,-67.71202087402344,-0.07129671427380359,0.6199189573280857,0.7814200310198216,0.7814200310198216,38.609223395214876
4195,0.4508456475397939,2.438218836742597,-0.34384390992846553,0.2916044641473812,-67.60446166992188,-0.06733799484683896,0.6055300423195622,0.7929684497497214,0.7929684497497214,37.536210453213016
4196,0.40441506240831765,-1.6739895501764552,-0.04165886547312855,-0.40226369663470163,-67.58244323730469,0.0717947671658599,-0.6201004869758049,-0.7812303741278688,-0.7812303741278688,141.3733657417757
4197,0.4176179181843762,-0.6544129503658123,0.331340310647101,-0.25420134564737246,-67.60948944091797,-0.08261619810918265,0.6257447590056149,0.7756404195160211,0.7756404195160211,39.13686865575372
4198,0.4728736326509081,0.26202043746907605,0.45673378920732677,0.12248966590199822,-67.77999114990234,0.08508171312622533,-0.6409625863721414,-0.7628420970047747,-0.7628420970047747,139.71539559125196
4199,0.4651499113981442,-1.9761030079145872,-0.18340889528921403,-0.42746417066520503,-67.56016540527344,0.060066777832169606,-0.6469144688252335,-0.7601931677050425,-0.7601931677050425,139.48123008658308
4200,0.4244691129694226,-1.4491956596312887,0.051488616770595345,-0.4213347246644871,-67.60063171386719,-0.05180504240650753,0.636384470844574,0.7696304586287706,0.7696304586287706,39.679284049575315
4201,0.4984578719071342,-2.212194353105477,-0.2982354239505553,-0.3993943940107592,-67.78519439697266,0.06160877132730331,-0.6490074502066567,-0.7582833829590322,-0.7582833829590322,139.31309754071128
4202,0.44538435504115775,-1.735038346304746,-0.07282238993063156,-0.439390627164735,-67.53577423095703,-0.06274774403821781,0.6235458690928555,0.7792645698062693,0.7792645698062693,38.806710659231626
4203,0.5071174010885442,-1.6883907217190608,-0.05949681767510015,-0.5036151180944981,-67.6823959350586,0.05927179730067225,-0.6248466943373021,-0.7784943561905213,-0.7784943561905213,141.1229260444183
4204,0.3401105303609348,-3.093700631151261,-0.33972055836061815,-0.01628235515968714,-67.77164459228516,-0.07558311267864569,0.6183903985284911,0.7822279131337498,0.7822279131337498,38.53498392138975
4205,0.4875228539526986,-2.84191574442979,-0.4657948959732565,-0.1439223680025014,-67.59119415283203,-0.07512415977422451,0.6298375690156354,0.7730853751525065,0.7730853751525065,39.36823288663362
4206,0.49720772045925216,-1.5520134630455233,0.009338435752170438,-0.49712001659759025,-67.5994644165039,0.07326209606429004,-0.6250871998244082,-0.777109167296299,-0.777109167296299,140.99665023722488
4207,0.43503653101617484,-0.7385694390896548,0.32168011173748084,-0.29287999083438443,-67.6150131225586,-0.08067923300786958,0.6215782757334473,0.7791863118006479,0.7791863118006479,38.81386486466501
4208,0.33494454421081205,-1.7860866362440877,-0.07155455292487775,-0.32721215388843594,-67.73175048828125,-0.06688388494352455,0.6233987736597919,0.7790381986361959,0.7790381986361959,38.827402063648506
4209,0.3791539714441929,-0.5474809728464762,0.32373625033957987,-0.19736406531578315,-67.47431945800781,-0.07290248180421127,0.6249980902514546,0.7772146520291684,0.7772146520291684,38.993745721220854
4210,0.44229547794450935,2.926577180204597,-0.4321107810555975,0.09436928899638611,-67.63497161865234,-0.06067060435107369,0.6001166339486771,0.79760836469146,0.79760836469146,37.097678894293324
4211,0.39861282961061434,-2.52454778962847,-0.3251054103644469,-0.23064834723436725,-67.61602783203125,0.09060889215512503,-0.6130175322329807,-0.7848563778408172,-0.7848563778408172,141.7073969197904
4212,0.4450753484073324,-1.825265603972317,-0.11203962399267434,-0.43074260111520024,-67.4605484008789,-0.07212469575878415,0.6081736316299523,0.7905206272145833,0.7905206272145833,37.76580843787833
4213,0.43771582835688044,-0.992804880128163,0.23914287053661556,-0.3666140120967249,-67.56279754638672,0.06369769010200665,-0.6218131399333707,-0.7805709597992172,-0.7805709597992172,141.31288170748638
4214,0.40536230638360266,-0.8923419302172176,0.2544015140531278,-0.31559225130555724,-67.52421569824219,-0.07810465977014283,0.6122924490178213,0.7867640173507867,0.7867640173507867,38.11587608124309
4215,0.40408764792574936,-2.483764842038559,-0.3197635152526114,-0.2470589434111976,-67.70899200439453,-0.07698939007983131,0.618929491253243,0.7816641981516984,0.7816641981516984,38.586798628147584
4216,0.40318141422274767,-1.2609915400093614,0.12291901542943395,-0.3839871982508185,-67.54728698730469,0.08766423544966609,-0.6085839162598576,-0.7886321060499885,-0.7886321060499885,142.05786280927467
4217,0.4147916187406079,-0.9210918615894246,0.25092864969835943,-0.3302830600227808,-67.557373046875,-0.07165841730836955,0.6255483847473907,0.7768875655902789,0.7768875655902789,39.02351940561783
4218,0.40100864299303873,-1.410120090762246,0.06415567604351381,-0.39584337936426084,-67.61766815185547,0.0521782244226919,-0.6287339540880582,-0.7758679319786912,-0.7758679319786912,140.88378867637712
4219,0.36742057239603015,-2.110951960068344,-0.18895318429554667,-0.31511041106951637,-67.45634460449219,-0.08315914186853032,0.6372432513862997,0.7661629041439602,0.7661629041439602,39.98943964970364
4220,0.3676620049389156,3.093311333921416,-0.3672335623318852,0.017744310996389772,-67.61041259765625,0.05746886053338432,-0.6272575581064991,-0.7766886672710414,-0.7766886672710414,140.95838481557365
4221,0.40242511206868026,-1.076384957671035,0.1909561855402191,-0.35423397074168267,-67.68860626220703,0.07520853067802755,-0.6181472268357672,-0.7824561859097946,-0.7824561859097946,141.4860148542009
4222,0.4767514331392469,-0.6187817593864473,0.3883548966360679,-0.276536441105173,-67.66081237792969,-0.07450067680383199,0.6279297496884352,0.7746959910906925,0.7746959910906925,39.22252179533864
4223,0.4918146899092791,-2.4103872606681804,-0.3660921111754471,-0.3284178060727896,-67.58824157714844,-0.05770375255142162,0.6128866185836553,0.7880610824692319,0.7880610824692319,37.99531596111756
4224,0.4947203805912695,-0.9252965735256338,0.2976226510929848,-0.3951822522947532,-67.6543960571289,0.0764405165260445,-0.6153020854979009,-0.7845764405175352,-0.7845764405175352,141.68152114355755
4225,0.4937843034700865,-2.825567679939075,-0.4693312780737953,-0.15346364317015382,-67.68533325195312,0.07262735856323291,-0.6112601057978805,-0.7880903183316564,-0.7880903183316564,142.00740520599373
4226,0.4950159852328734,-1.421401203093365,0.07367818962875991,-0.48950214505056133,-67.66680908203125,-0.0742371314460501,0.6224444777127819,0.7791352388895809,0.7791352388895809,38.8185332590841
4227,0.44454920939980686,2.7149383213213185,-0.40469776045932143,0.18396663354315917,-67.60628509521484,-0.08601633316062511,0.6376315289048291,0.7655241497014255,0.7655241497014255,40.04635474496148
4228,0.5056607714821102,-1.013581994952468,0.26740553584048715,-0.4291702403682539,-67.63203430175781,-0.06453777795824886,0.644129690050076,0.7621888333032732,0.7621888333032732,40.34245757336816
4229,0.34892220041562527,-0.5966527033927236,0.28863577626993353,-0.19605124483138245,-67.63566589355469,-0.0833355876434857,0.6286619057287679,0.7732007424450579,0.7732007424450579,39.35781073440696
4230,0.46957500138404584,-2.5436235816482338,-0.3880946571789595,-0.26435434362607424,-67.56404113769531,-0.06551099703368975,0.6183541816443446,0.7831643603424538,0.7831643603424538,38.448778658253545
4231,0.506451515325771,-1.0194465286807715,0.26529828979330133,-0.4314046300267525,-67.72207641601562,0.07819710626004411,-0.6272827007156397,-0.7748558743117642,-0.7748558743117642,140.79196746994626
4232,0.5005386535333417,-3.0574968180589193,-0.4987697642868088,-0.04204361918593481,-67.58573150634766,0.06377440798718202,-0.6167759929671806,-0.7845509539763705,-0.7845509539763705,141.67916605055356
4233,0.49371694678186695,2.818130886807366,-0.4681131692708039,0.15692827755013614,-67.62747955322266,-0.10243791500788965,0.6236846004792643,0.7749348312560592,0.7749348312560592,39.200875474970175
4234,0.4469230694635932,-0.769789656068501,0.3209162749368369,-0.3110514016998224,-67.66476440429688,-0.08749874892253984,0.6261155151832722,0.7748053501259372,0.7748053501259372,39.21261172178574
4235,0.4323747365608097,-3.0778236661706098,-0.4314959120103857,-0.02755341601970833,-67.64313507080078,-0.09908058138094147,0.6332092189159442,0.7676126128934272,0.7676126128934272,39.8600150414248
4236,0.32936507584618097,-2.7399812552175833,-0.3031582511310129,-0.12874947750708055,-67.5876693725586,0.10138992411313638,-0.6297438513671859,-0.7701576234470163,-0.7701576234470163,140.36804541060403
4237,0.33770883730528234,-1.167531379359411,0.1325248761899271,-0.3106194069676429,-67.54188537597656,-0.09209076961444486,0.6240643330483628,0.7759271862544328,0.7759271862544328,39.11082974017546
4238,0.39227516020016406,-2.763902478222171,-0.36462718274415634,-0.14466104836521826,-67.45889282226562,-0.07752271681134133,0.6200015189208621,0.7807613879502576,0.7807613879502576,38.66965967980744
4239,0.3986791467893983,-1.2302682530170812,0.133152810841043,-0.37578636357623735,-67.73519897460938,0.0915710124124617,-0.6203133281740538,-0.7789904521721595,-0.7789904521721595,141.16823486752247
4240,0.4420883257334686,-3.107337103135602,-0.4418289684292477,-0.015141017355789335,-67.62843322753906,0.07605146197713938,-0.6296952122477358,-0.7731106743561486,-0.7731106743561486,140.63405241732613
4241,0.41963532641372775,-3.027183058883133,-0.41689190097329754,-0.047905637217619076,-67.50312042236328,-0.08675970006431202,0.6263049916357948,0.7747353173160739,0.7747353173160739,39.21895830981374
4242,0.4109781322656317,2.956673301529923,-0.403971399929678,0.07556542357059354,-67.60472869873047,0.07060863956163768,-0.6083819749746262,-0.7904971806054897,-0.7904971806054897,142.23199809237715
4243,0.44925491540461915,-1.9152244980001765,-0.15169473543610623,-0.4228695853997793,-67.5905532836914,0.0968226233859787,-0.6203154806883595,-0.7783534441492672,-0.7783534441492672,141.11006454377653
4244,0.5070446460832756,2.623643233855888,-0.44053876738066433,0.25103758196022985,-67.42041778564453,-0.08602623468646609,0.6102984022266935,0.7874867282597303,0.7874867282597303,38.048741245873366
4245,0.4523075044970513,-1.2964267777094682,0.12254825008113539,-0.4353894865823032,-67.56107330322266,0.06607487613853277,-0.6060286574623597,-0.7926937473436054,-0.7926937473436054,142.4379637845648
4246,0.4020278318566036,1.032017492279981,0.20627573833563398,0.34507491557835757,-67.52845001220703,-0.08733137899010238,0.6129954083776178,0.7852450952101802,0.7852450952101802,38.2566477436848
4247,0.4083761398400489,-3.100194506653515,-0.40802625095879136,-0.016901186916089512,-67.53530883789062,0.05935368825762292,-0.6163108654794247,-0.7852630494186134,-0.7852630494186134,141.74501366474817
4248,0.4522027398686024,-0.6892605357891873,0.34897231595406564,-0.28758588394134826,-67.55650329589844,-0.057513795475478496,0.6159698412189274,0.7856674347576934,0.7856674347576934,38.21754998110445
4249,0.4148049187587375,-2.0096719725691434,-0.17625970859959106,-0.37549385580969236,-67.6047592163086,-0.06184531032899448,0.6068201854987559,0.7924294416928019,0.7924294416928019,37.58687026107501
4250,0.40727639169534885,2.9619215944467068,-0.4007202720767058,0.07278270934194522,-67.70965576171875,-0.07261699519997461,0.6115401221070434,0.7878740070984886,0.7878740070984886,38.012724337589255
4251,0.4276857372660946,-1.5401240002945544,0.0131160597673773,-0.42748457146079727,-67.52699279785156,0.05656943086368536,-0.604103481234123,-0.7948955173182023,-0.7948955173182023,142.64538810860955
4252,0.42870090711594017,2.616136178318113,-0.3708670370212976,0.21503978379144975,-67.69708251953125,-0.0755425022188729,0.6205376533874948,0.7805295324885877,0.7805295324885877,38.690915503316326
4253,0.44638713732739843,-2.250538042897885,-0.2805954586588145,-0.3471709448548354,-67.64107513427734,-0.044680795843447474,0.6205858462541679,0.7828645054617016,0.7828645054617016,38.47639975542915
4254,0.45056579783471573,-2.7583095736847123,-0.41787358671935176,-0.16849689522581218,-67.62125396728516,-0.05720875491786287,0.6250339229065301,0.7784983966437065,0.7784983966437065,38.87670511746011
4255,0.4475693814664626,-2.7851680983956877,-0.4194398140901457,-0.1561684781967728,-67.50859069824219,-0.06113516108840987,0.6203815162966246,0.7819138483977599,0.7819138483977599,38.56385890293906
4256,0.44319279286291835,-2.518903868735654,-0.3600113726350208,-0.2584795218563393,-67.5501937866211,-0.05909027533065071,0.6268480466708325,0.77689759025647,0.77689759025647,39.02260717434443
4257,0.4077309460414477,3.0904114704110555,-0.40719703424469,0.020859042695739828,-67.63362121582031,-0.056893351699866916,0.6255748990181341,0.7780868796290082,0.7780868796290082,38.91425588340422
4258,0.3888368687262609,-1.6086504747804886,-0.014715573369655606,-0.388558312716696,-67.49992370605469,0.045803956196329945,-0.6087668985701423,-0.7920257955408112,-0.7920257955408112,142.3752302803748
4259,0.4021830579221749,-3.0736334340101803,-0.40125468302641115,-0.02731101296191355,-67.53865814208984,0.06619354680476773,-0.6093292266718532,-0.7901495477976853,-0.7901495477976853,142.19948916323403
4260,0.42275273408153624,-1.505919066359319,0.02740780294028026,-0.4218633505193368,-67.51714324951172,-0.06348471206679888,0.6074480816379402,0.7918184889532336,0.7918184889532336,37.64422167416554
4261,0.4316129914060896,-2.0790115630280277,-0.21003100777711725,-0.3770633237569542,-67.49502563476562,-0.04076809534128765,0.6048124771097735,0.7953237265004632,0.7953237265004632,37.314156873791376
4262,0.4210428882447381,-2.906533486959262,-0.4094644459053718,-0.09806110993088894,-67.60810089111328,-0.05224804461178114,0.6182495170660606,0.7842433783474543,0.7842433783474543,38.34924593492757
4263,0.4425626564358357,-3.059445690180806,-0.44107026220487655,-0.03631430393199072,-67.66302490234375,-0.04976040538994351,0.611910206901574,0.789360374445729,0.789360374445729,37.87422238912651
4264,0.39457645770635486,-2.3206867823037944,-0.2689269794681483,-0.28873666322487174,-67.6606674194336,-0.040014092994266726,0.6013891460764013,0.7979536122753899,0.7979536122753899,37.06487133410631
4265,0.3651345789841714,2.948919704555565,-0.35837809860303144,0.06991708812317618,-67.7518539428711,-0.052896348300953,0.6017496486109568,0.7969311994978077,0.7969311994978077,37.16195529089237
4266,0.429151697477095,-2.1438720457113587,-0.232694179765274,-0.3605892374306787,-67.60641479492188,0.06563699662755322,-0.5989659097367814,-0.7980799606849582,-0.7980799606849582,142.9471412905431
4267,0.4549853590770642,-0.6057170328921473,0.3740407634100216,-0.25904668359609107,-67.49453735351562,-0.05714330820757338,0.5980196798805668,0.7994417457217498,0.7994417457217498,36.92317398434095
4268,0.4322311321718365,-2.2545305978232437,-0.2730370781692254,-0.33507388075372263,-67.64997100830078,-0.05766191977008286,0.590125596596543,0.8052495782364639,0.8052495782364639,36.36563466418908
4269,0.4321462962755467,-0.7640289139707113,0.3120331909350444,-0.29897442890582915,-67.48082733154297,0.06910007410354374,-0.5958791343721558,-0.8000957673796151,-0.8000957673796151,143.13924843862839
4270,0.45469114245658426,3.003113904020766,-0.4503384434297147,0.06276401355693785,-67.60586547851562,0.06368441147423183,-0.6155327833414421,-0.7855340147741013,-0.7855340147741013,141.77009510602528
4271,0.4472439424798495,-0.8449884982258714,0.2968536431443144,-0.33452213474875914,-67.57990264892578,0.04920879106051788,-0.6125994392631918,-0.7888602042800646,-0.7888602042800646,142.07912303616462
4272,0.46661947305239154,-2.688572536987223,-0.4195512640562106,-0.20423141154221935,-67.68707275390625,-0.029489257579091013,0.6153902474715924,0.7876707605365876,0.7876707605365876,38.0316298647518
4273,0.4463415869786618,-0.8269719284586998,0.3022210895274282,-0.32845581942094515,-67.71263885498047,-0.03795026719076795,0.6261289799444322,0.7787954016902605,0.7787954016902605,38.84958454770774
4274,0.45212547849358514,-2.3448610532857797,-0.3160572262735815,-0.32330369317918933,-67.58734130859375,0.048708943326367105,-0.6227856600848036,-0.7808748045831446,-0.7808748045831446,141.34074161146083
4275,0.41830822097151565,2.7396350947053474,-0.38496776753171214,0.16365080413491404,-67.53958129882812,-0.04173536953533721,0.6337832993707856,0.7723838996046138,0.7723838996046138,39.43155374586828
4276,0.43650621252661015,-1.6288253825658843,-0.025315829800856296,-0.43577147948875705,-67.7511215209961,-0.04139076965663802,0.616549043307599,0.7862277541423449,0.7862277541423449,38.16562648163357
4277,0.43122415320714447,-1.5092884947293612,0.02650694184855085,-0.430408703842123,-67.48709106445312,0.04116109691447944,-0.6092219497858224,-0.7919307924307262,-0.7919307924307262,142.36631490243127
4278,0.4350654387857423,-1.3030415515632443,0.11510390744016072,-0.41956289935817415,-67.59909057617188,-0.04695248380839622,0.6080702477262758,0.792493557131115,0.792493557131115,37.58084728700084
4279,0.4378903894743538,-1.9505638677216606,-0.16232797417402736,-0.40669106456198123,-67.5869369506836,0.03458259772701912,-0.6112671520202951,-0.7906683962290694,-0.7906683962290694,142.24801809724443
4280,0.466275698566684,-2.0634251896226123,-0.2205221966829373,-0.41083206769187464,-67.54450225830078,-0.03767634095352563,0.5950012624663041,0.8028411991146557,0.8028411991146557,36.59772012680907
4281,0.46774117147114197,-1.6603323815305044,-0.041823765356289386,-0.4658675521439739,-67.62244415283203,0.03285143426850056,-0.6135797313464479,-0.7889491089717532,-0.7889491089717532,142.08741226999925
4282,0.42223228274305963,2.8209726431895503,-0.400715410528182,0.13306863024637175,-67.46054077148438,0.030714963130801784,-0.6248626849434487,-0.7801302557939527,-0.7801302557939527,141.27250304683594
4283,0.37470576022689406,-2.96571533207067,-0.36892532852047566,-0.06556301337853328,-67.5762939453125,-0.0328274542830665,0.6184787475417786,0.7851155310426907,0.7851155310426907,38.268635266916746
4284,0.40633269939258115,-2.02632853230361,-0.1787621341457268,-0.3648977418282099,-67.4090576171875,0.07171405705944063,-0.6120676938351032,-0.7875469714140572,-0.7875469714140572,141.9568594632323
4285,0.42301400806570655,-1.4255115808569148,0.06124150683839714,-0.4185574379460676,-67.62361145019531,-0.07287273421310361,0.6088070055817582,0.7899642995495932,0.7899642995495932,37.81782464299027
4286,0.4552370482017263,-0.8604756632941498,0.2968495706583505,-0.3451392508182369,-67.73849487304688,0.044710490001061434,-0.6080831473034313,-0.7926133092810256,-0.7926133092810256,142.43040437751904
4287,0.4430380798787272,3.068921009526125,-0.44186871541672235,0.03216797411409463,-67.62500762939453,0.03399893880050197,-0.5997316993211793,-0.7994785556784938,-0.7994785556784938,143.08033689966277
4288,0.42460870262493305,-2.3168004450048194,-0.288185995792564,-0.31183550499241924,-67.55919647216797,-0.037129928861925246,0.5990409553178137,0.7998570511251555,0.7998570511251555,36.883546090530956
4289,0.4551108033597743,-2.4856294869636075,-0.36065748883538856,-0.27758245456392,-67.73719024658203,0.03611397605302925,-0.6145451515293185,-0.7880545904094768,-0.7880545904094768,142.0040798041605
4290,0.4686368523600229,-2.1746489240920335,-0.2661004219279742,-0.3857603723034081,-67.4798583984375,-0.020651289826722742,0.6199050543653327,0.784405027903829,0.784405027903829,38.33431594317783
4291,0.4505572498510734,-2.574319303402937,-0.3799861214902488,-0.2420999439656285,-67.75554656982422,0.03976477577962395,-0.6105557348481766,-0.7909743720571479,-0.7909743720571479,142.27666152575168
4292,0.47644010492611283,3.105119948203844,-0.47612324586652743,0.017373207174487384,-67.4992446899414,-0.059747654657811046,0.6135931717473988,0.7873586459472317,0.7873586459472317,38.060646528438525
4293,0.43604590316700764,2.784529866011526,-0.40854339329757783,0.15240841663645763,-67.61089324951172,0.03863321004635275,-0.6170554876795644,-0.7859707374998445,-0.7859707374998445,141.81054895526583
4294,0.4330034496365946,-3.1133297081750944,-0.43283052085140644,-0.0122363236591366,-67.57669830322266,-0.0635061610689464,0.6085226534194405,0.7909912438084563,0.7909912438084563,37.721758514275095
4295,0.4586128259607039,-3.028169963276641,-0.4556660273930667,-0.05190564146105771,-67.61082458496094,0.05904447177867662,-0.5944908908054658,-0.8019316249542108,-0.8019316249542108,143.31495687017866
4296,0.4243890935028141,-2.6055115663348403,-0.36485449453871266,-0.21676554269311538,-67.50635528564453,-0.057099532640405806,0.6165570643765972,0.7852369258635,0.7852369258635,38.25740368112482
4297,0.4088996397388374,-1.590544551348363,-0.00807451704816951,-0.4088199084596907,-67.49560546875,0.039781232280920266,-0.6016572191639304,-0.7977631504313405,-0.7977631504313405,142.9170267301254
4298,0.4284412005572781,2.5211284194241035,-0.34858345933422175,0.2491012529345221,-67.83589935302734,0.037876150572549054,-0.605674412458404,-0.7948106084539718,-0.7948106084539718,142.63737079822428
4299,0.47320247743176047,-2.1875470645228186,-0.27369444212735555,-0.3860206432253998,-67.48209381103516,-0.04052254944342796,0.5919061537282984,0.8049875950380708,0.8049875950380708,36.390942675273585
4300,0.46760586493547773,-1.5692316780361084,0.000731638637649399,-0.4676052925566178,-67.52293395996094,0.04842898513895959,-0.6136547000022305,-0.788087902815151,-0.788087902815151,142.00718037228444
4301,0.44938395193255687,-2.8898536101916865,-0.43521968909023767,-0.11193640374212238,-67.60643005371094,-0.056801730273940663,0.6140260340188264,0.7872392222094868,0.7872392222094868,38.07174414882056
4302,0.4278253283913254,-1.1606007510434235,0.17061190095484696,-0.392334157148876,-67.5372085571289,-0.04319500672243676,0.6271264208899103,0.7777188718399854,0.7777188718399854,38.947810647823445
4303,0.45393195045818374,-1.5809473130024023,-0.0046077778344551686,-0.4539085635127402,-67.50079345703125,0.041631809412966354,-0.6043885159461074,-0.7956012281523102,-0.7956012281523102,142.7120800893981
4304,0.4672862515812825,-2.3407330804858812,-0.3252732083754926,-0.3354903587735406,-67.54669952392578,0.05366779010088776,-0.6099006141650362,-0.7906585920274306,-0.7906585920274306,142.24710059868357
4305,0.26844398111077195,-2.1418348863400802,-0.14509561516295097,-0.2258526808676074,-67.53590393066406,0.04969028786393737,-0.5948877472830436,-0.8022714275259369,-0.8022714275259369,143.3475584376832
4306,0.4478909183712661,-2.0535783170512865,-0.2079311178895566,-0.39670004407947257,-67.5127182006836,0.056433123851754495,-0.6044219958753245,-0.79466304395915,-0.79466304395915,142.6234408787005
4307,0.5010254343412706,-2.1045036144580926,-0.2548859346437427,-0.43134631814546015,-67.61231994628906,0.054227169862214306,-0.616871817626487,-0.7851933358523421,-0.7851933358523421,141.7385630006223
4308,0.4898220198672013,-2.7117066303541164,-0.44525470980414666,-0.2041417511044962,-67.62428283691406,0.056536005579880984,-0.5926221532326279,-0.8034940345584376,-0.8034940345584376,143.4650654910983
4309,0.41985758305597964,-3.0688355408635277,-0.41874679467525755,-0.030520681493153554,-67.58209991455078,0.045375277928620186,-0.5807253079500725,-0.812834054933228,-0.812834054933228,144.37375769462287
4310,0.42389630553948177,-3.0459643968370385,-0.42195956640388693,-0.04047471025548409,-67.61212158203125,0.0387308593584293,-0.5849501288119835,-0.8101439793865048,-0.8101439793865048,144.11000097698619
4311,0.4829252156098806,-3.0299859118980166,-0.47992066240821424,-0.053785887233646267,-67.65516662597656,0.04115565489219965,-0.5840505145323905,-0.8106733056816686,-0.8106733056816686,144.16176745587507
4312,0.46299907709612254,3.0951587948096533,-0.46250002986683253,0.021491108976509368,-67.50003051757812,0.029154630371592417,-0.5983440439418161,-0.8007086939750624,-0.8007086939750624,143.19783103367885
4313,0.4145247833753127,-2.7545453398219757,-0.38386139173410583,-0.15646478187855958,-67.70061492919922,0.04965656885975126,-0.5937832847172503,-0.8030912998902864,-0.8030912998902864,143.42632203861092
4314,0.3996667377279511,-0.9964968146987319,0.21711768163255676,-0.33554942045637115,-67.78619384765625,0.040119051837607715,-0.5983332313096776,-0.8002423420378175,-0.8002423420378175,143.15325054949747
4315,0.45179856382618966,-2.494571618565404,-0.36048243537191216,-0.2723496944440047,-67.52900695800781,-0.04770362790729407,0.610068470388102,0.7909113890460827,0.7909113890460827,37.729236038817746
4316,0.4446017077488249,-0.8239116854200063,0.30204283006715055,-0.32625267407057057,-67.60165405273438,-0.0550013016481373,0.6033288288467445,0.7955936029779439,0.7955936029779439,37.28864105915168
4317,0.42464262348123005,-2.1844542526098145,-0.244535479297753,-0.3471653165879909,-67.6436996459961,0.049216136699138685,-0.6147121991188713,-0.7872145096114863,-0.7872145096114863,141.92595974059952
4318,0.4032869955478039,2.677763280102165,-0.3606780664244682,0.18042098874100346,-67.53968048095703,-0.038078925192893985,0.6104586382629243,0.7911322559637739,0.7911322559637739,37.70855118721211
4319,0.3939798504705081,-3.069992779375361,-0.3929704047054084,-0.02818481155572028,-67.70655822753906,-0.053870654227177524,0.6027910564689684,0.7960784476759568,0.7960784476759568,37.242763272315685
4320,0.39449273571281174,2.6209623876671593,-0.34222475235079447,0.19623133645933238,-67.62611389160156,-0.04242869704772981,0.5997507912659343,0.7990611954304362,0.7990611954304362,36.95945359497895
4321,0.44138490750546366,-2.089928617753331,-0.21898294190490522,-0.38323244607976453,-67.63833618164062,0.03867470760333016,-0.5971281307040062,-0.8012129944738392,-0.8012129944738392,143.24609141133018
4322,0.48852644149274527,-0.5181884898094689,0.42439164417903663,-0.24197069324316656,-67.633544921875,-0.02928618101728473,0.5955605487976489,0.8027764024417174,0.8027764024417174,36.60394680960324
4323,0.47819174124668673,2.853012080191874,-0.45841793807940023,0.13608943913312815,-67.3830795288086,-0.032399953851001424,0.6020568812252949,0.797795559501132,0.797795559501132,37.079893570969105
4324,0.49317417984866624,2.9657328839279837,-0.48556769904413677,0.08628314617807574,-67.57418060302734,0.03537479328429355,-0.5909341505689368,-0.8059438278760268,-0.8059438278760268,143.70150455226138
4325,0.4857930310232692,-0.9054763319337484,0.2998853382754993,-0.38218274801220997,-67.71678161621094,0.04844990009809959,-0.595924491720992,-0.8015775741296418,-0.8015775741296418,143.28101475494532
4326,0.4907937648065662,-2.2149550637386883,-0.2947344030252166,-0.39244127107934534,-67.64773559570312,-0.02905606459461756,0.5993724717143171,0.7999427387390573,0.7999427387390573,36.87536534563561
4327,0.4448893529350938,-2.458526967869252,-0.3450745943260798,-0.2808025297352179,-67.59150695800781,0.02758618307345063,-0.5850493371729594,-0.8105283928258893,-0.8105283928258893,144.14758899198463
4328,0.46515218621784,-2.081570190878581,-0.22739080272554915,-0.4057831676881959,-67.5761489868164,-0.017403550101380543,0.594915403882666,0.8035998871745773,0.8035998871745773,36.524745519070976
4329,0.4369193455794248,3.064414087666105,-0.4356187295468619,0.0336873419778229,-67.6634750366211,0.044295293243844576,-0.5782392220365661,-0.8146639362921307,-0.8146639362921307,144.55414621461375
4330,0.45175178316612596,-1.430500131402928,0.06317134573218235,-0.44731315056921767,-67.59046173095703,0.024469168653072873,-0.5875022624024155,-0.8088524905429116,-0.8088524905429116,143.98396768087431
4331,0.38142305544130456,-2.3824979063945024,-0.2767069263498962,-0.26252014043149835,-67.69166564941406,-0.03214640312756057,0.5709142494344839,0.8203801122398204,0.8203801122398204,34.87713743558567
4332,0.42263079478209137,-3.1205754065978266,-0.42253745499362577,-0.008881881875588419,-67.67463684082031,0.02081756823025097,-0.5812225446367086,-0.8134783232877248,-0.8134783232877248,144.43717862629953
4333,0.4111638321113535,2.7869751758024512,-0.38558096407057746,0.14276910374061094,-67.63384246826172,-0.014712158527283177,0.5915427711525361,0.8061393814277074,0.8061393814277074,36.27956459457503
4334,0.3917777902299477,-1.7172513183098828,-0.05717291607418802,-0.3875836614010384,-67.57603454589844,-0.019613283689112325,0.5990255313253336,0.800489682583937,0.800489682583937,36.82311092824207
4335,0.4186757530502543,3.0439760344451714,-0.41668255503817364,0.04080483450593703,-67.54328918457031,0.014301522621539938,-0.6005480098258744,-0.7994607897482447,-0.7994607897482447,143.07864237346297
4336,0.41828340306711675,-0.7420246599282749,0.30831746703156254,-0.2826682592804672,-67.63690185546875,0.0063454039693432674,-0.5952579787708174,-0.8035095982987055,-0.8035095982987055,143.46656344705724
4337,0.39618615936420387,-0.928736902685289,0.23725450832608264,-0.31729130330140964,-67.58219909667969,-0.04517753951321111,0.600851242339734,0.7980831877081053,0.7980831877081053,37.052551855278246
4338,0.3877957102899574,-1.8167437481017146,-0.09441869418295976,-0.3761258075539051,-67.49879455566406,0.021812683086064707,-0.6121115309661306,-0.7904705437363791,-0.7904705437363791,142.22950629993719
4339,0.42632889165937116,-2.517309130252487,-0.34591563987274504,-0.24919609538461313,-67.57705688476562,-0.009686366060204243,0.5938414928393959,0.8045237446432676,0.8045237446432676,36.43571423373214
4340,0.32225944552499436,-2.8613574324857782,-0.30968823572868076,-0.08913106574777324,-67.56401824951172,0.024682251405457115,-0.594003582062301,-0.8040836591815017,-0.8040836591815017,143.52185180325495
4341,0.3882073590611744,-3.1037193377564227,-0.387928972340967,-0.014699185274457092,-67.71773529052734,-0.013767830637905338,0.5943867661906108,0.804061452264063,0.804061452264063,36.48028830761974
4342,0.37746826996463645,3.0345891538997596,-0.3753093725841195,0.04031339331550013,-67.4984359741211,0.017236807400166972,-0.5763521548658935,-0.8170196362708125,-0.8170196362708125,144.78755121394752
4343,0.47714812111677035,-3.0684965975186076,-0.47587397940642884,-0.034846595373923185,-67.4731674194336,-0.0061201106109184155,0.6011554796750148,0.7991086493730456,0.7991086493730456,36.954931258866694
4344,0.4550093320395898,2.6346171405595014,-0.39777689295252194,0.22092314427454535,-67.68828582763672,0.00586792774775884,-0.5830861489067034,-0.812389137284034,-0.812389137284034,144.33001771208765
4345,0.46957148790395026,2.899360145278036,-0.4558622927103121,0.1126363721771411,-67.44994354248047,-0.017204393386052518,0.6060996450337907,0.7952026340110621,0.7952026340110621,37.32560087265222
4346,0.45122392093345925,3.0207941182355174,-0.44793572808885423,0.05437472137006968,-67.66100311279297,0.009154345901655389,-0.5974800517314679,-0.8018315195438973,-0.8018315195438973,143.30535723723568
4347,0.4763531619645364,2.509632742112211,-0.3843556881747944,0.28139481139724676,-67.60726165771484,-0.01474122911062363,0.6032376414486745,0.7974252592586647,0.7974252592586647,37.11506862703373
4348,0.4485766136048504,-1.6335737241478103,-0.028141979215444077,-0.44769298328099,-67.49127197265625,-0.03216497542060946,0.5854849642471011,0.810044919122861,0.810044919122861,35.89967963175347
4349,0.47169440503225196,2.455199398577284,-0.36487299050364896,0.2989369708477931,-67.6208267211914,-0.04097487753201393,0.5881971367360359,0.8076788890064946,0.8076788890064946,36.1302314349243
4350,0.4141207854023374,-1.8516713180433406,-0.11479281480010987,-0.39789274254818524,-67.83269500732422,-0.0006495731410530793,-0.5880290082478774,-0.8088395783551595,-0.8088395783551595,143.98270953786815
4351,0.40128731570475223,2.6866154087123313,-0.36046476958734464,0.1763424498862031,-67.689697265625,-0.0069641617111984196,-0.587146017593419,-0.8094510822006781,-0.8094510822006781,144.04233528486674
4352,0.3951303164564431,-2.7552202471357337,-0.3660021552008982,-0.1488972443373835,-67.59662628173828,-0.0007743772566479516,0.5943261270655299,0.8042237593028151,0.8042237593028151,36.464644063726546
4353,0.41342728014718116,-2.3257576583898345,-0.28330538762034635,-0.30109827849919885,-67.59029388427734,0.023453713934284835,-0.6155018030617979,-0.7877864264699949,-0.7877864264699949,141.97912813577173
4354,0.46353897655139514,-2.500796206364194,-0.37158205360677493,-0.2771193970469889,-67.58821868896484,-0.03598405133400636,0.600307469773321,0.7989593793078251,0.7989593793078251,36.969155018218096
4355,0.4155285890846572,-0.7082500398729817,0.3155945440397923,-0.2703037034873948,-67.56488037109375,-0.02243198925401118,0.5823054573291849,0.8126605442758723,0.8126605442758723,35.643305726938124
4356,0.39481406559551957,-1.1785614510122708,0.1509194614509186,-0.3648307313637763,-67.60739135742188,0.0330564920263161,-0.5781040775837676,-0.8152931643377954,-0.8152931643377954,144.61635963285136
4357,0.3919627668941766,2.677950501882767,-0.3505831131794038,0.17528916505242398,-67.43988800048828,0.018644231093057854,-0.5714144320669692,-0.8204498397053483,-0.8204498397053483,145.12984981398395
4358,0.4538672513114909,-2.9200073711334618,-0.44277031847584924,-0.09974932024752389,-67.78782653808594,0.009153036328446126,0.5854010424874407,0.8106921989143524,0.8106921989143524,35.8363836474884
4359,0.4843933371011394,-1.9959555139655814,-0.19979568636624354,-0.4412692927651093,-67.66209411621094,0.006564509370940731,-0.5975728514171164,-0.8017877490121285,-0.8017877490121285,143.301160529417
4360,0.5024424350047554,-2.796146312210043,-0.4727603505597711,-0.17013539147429074,-67.65985107421875,-0.01303027885241483,0.582806120144992,0.8125067619131361,0.8125067619131361,35.65842310264272
4361,0.32057158447506695,2.8937960081444087,-0.3107797856905259,0.07862611257722074,-67.43302154541016,-0.02271627700879615,0.5798543711989751,0.8144033883526645,0.8144033883526645,35.47158707085012
4362,0.3468719101896023,-1.9409586305989457,-0.1254867227401409,-0.3233778045792916,-67.53512573242188,0.006732700745577063,-0.5775173487524322,-0.8163506493110864,-0.8163506493110864,144.72113076748266
4363,0.4313061351795385,-3.0179709348881394,-0.4280146489815543,-0.05318310352647001,-67.57987213134766,0.023028881710445304,-0.5868979684325868,-0.8093333338352429,-0.8093333338352429,144.03084737971534
4364,0.4893171020451177,-1.1981767143101725,0.17813908367487555,-0.45573862379801405,-67.4911880493164,0.0011800843899317055,0.596620562230976,0.802522592905662,0.802522592905662,36.62832805157843
4365,0.4642221991338967,-2.4453984965257156,-0.3561923239930412,-0.2977066987777527,-67.63179016113281,-0.015664824922327653,0.5908032593593049,0.8066635742306547,0.8066635742306547,36.22877723658467
4366,0.4008088787624677,-2.399644060116075,-0.2954575654237424,-0.2708368223279499,-67.62786102294922,-0.03238274135700259,0.5818142118828715,0.812676799787787,0.812676799787787,35.641707424864684
4367,0.3697681985644717,-1.087441677444457,0.17185055735246654,-0.32740785972126746,-67.66741180419922,-0.02448396618212029,0.5873877359592692,0.8089352156042144,0.8089352156042144,36.00797081904241
4368,0.4198736685060218,-2.314889097134172,-0.28438238304954166,-0.3089021814681283,-67.53009033203125,0.03455120806450377,-0.5949298225133604,-0.8030346943348743,-0.8030346943348743,143.4208793614173
4369,0.4393656832499505,3.040037302855934,-0.4371019332221627,0.04454327773237931,-67.47470092773438,-0.02195766808645631,0.5839450040605068,0.8114962064267337,0.8114962064267337,35.757626530971464
4370,0.4306389914523796,3.013597381669362,-0.4271162707245971,0.05496937548704119,-67.62918090820312,0.02464918216151954,-0.5762433601404008,-0.816906364103542,-0.816906364103542,144.77629730592724
4371,0.41704330938587214,-2.729063031316376,-0.38205736205193946,-0.16720434804583728,-67.58409881591797,-0.03236419589300416,0.5893172214991119,0.8072532262362078,0.8072532262362078,36.17157421097453
4372,0.4459628262733295,-0.743580052888524,0.32825086920395524,-0.30188443034469953,-67.69342803955078,0.03087369645072555,-0.5804172513442518,-0.8137337581847347,-0.8137337581847347,144.4623504970026
4373,0.404549381491669,-2.4323216217059063,-0.30698697447325857,-0.26347523521015564,-67.60770416259766,0.0226893288858722,-0.5846996435392172,-0.8109325010133834,-0.8109325010133834,144.18713959048452
4374,0.4398713450323181,-1.692633617880613,-0.053460240152536,-0.43661058496487903,-67.55471801757812,-0.04511143279818171,0.5746917567911314,0.8171256594350824,0.8171256594350824,35.20191224827054
4375,0.49555799581286814,-2.830476496627005,-0.4717674871143818,-0.15170090743251408,-67.79409790039062,-0.04473531321334001,0.6036483243952402,0.7959946307648836,0.7959946307648836,37.25069778970156
4376,0.466308858801164,2.6788933802622035,-0.41727690073824514,0.20814403644286483,-67.54256439208984,-0.0552665454263856,0.5950210735425984,0.8018076645909834,0.8018076645909834,36.69693002091979
4377,0.41182700897438373,2.5336380012241295,-0.3380350283000712,0.23523138600738885,-67.478271484375,-0.05547912993843479,0.5829704014628426,0.8105970498092913,0.8105970498092913,35.84569412411592
4378,0.4241948830169482,-1.4075489845536466,0.06894152076250429,-0.41855509254184875,-67.68778228759766,0.04691766049172414,-0.600978676986542,-0.7978868108582127,-0.7978868108582127,142.92877884225527
4379,0.45973556786215725,-1.4156427519491392,0.07104377916419963,-0.4542131369738315,-67.5241928100586,0.043796062758192124,-0.593459889642785,-0.8036711169825963,-0.8036711169825963,143.48211218175342
4380,0.41817919468831133,-1.456317060683488,0.04776834952364217,-0.41544196183576804,-67.7264633178711,0.040012418666476264,-0.5828346993302443,-0.8116050268505504,-0.8116050268505504,144.25304460006132
4381,0.3469602824973804,-1.304017407721561,0.09146763842473514,-0.33468658286770914,-67.7249526977539,0.037135257773356994,-0.5927880000423583,-0.8045019326489449,-0.8045019326489449,143.5621816055905
4382,0.4349375999844508,-1.6110651155022897,-0.01750967720912345,-0.43458500559069735,-67.76715850830078,0.03308276160809004,-0.6039620391859072,-0.7963261807241948,-0.7963261807241948,142.7806968000717
4383,0.43190948775970084,-1.6187210795374054,-0.02069123274357817,-0.43141358173381406,-67.62886810302734,0.04638856741796873,-0.5963170704607215,-0.801407544442933,-0.801407544442933,143.26472394170474
4384,0.4426758932292029,-0.9034683229908451,0.2739674198302568,-0.34771223636482,-67.66443634033203,0.05769886869350043,-0.5855795554335332,-0.8085588567381821,-0.8085588567381821,143.95536585753837
4385,0.42255062311428077,-2.8259103864599724,-0.40167019113033464,-0.13118721984853315,-67.63263702392578,-0.050023289274689395,0.6089778093498633,0.7916082984971686,0.7916082984971686,37.663935490033914
4386,0.45034078090331703,-2.3613181772351295,-0.3200664149153044,-0.3168032654312035,-67.59581756591797,-0.04792527881692332,0.6062143424211359,0.7938559936746904,0.7938559936746904,37.45266547548055
4387,0.4576965899917238,-2.645397715198715,-0.40249858636478975,-0.21790148339191734,-67.62357330322266,-0.06698950290517532,0.6074004130235724,0.7915662604983308,0.7915662604983308,37.66787719006083
4388,0.4191279728500966,-2.0889412760804236,-0.20758127440791008,-0.36411299364430716,-67.54559326171875,-0.07214969624219283,0.617537212638428,0.7832255181867611,0.7832255181867611,38.443143051469875
4389,0.43202437339236127,-0.8543198394427818,0.28372405248361726,-0.3258001246889509,-67.5278091430664,-0.053945222303174695,0.6220596375748082,0.7811092883143558,0.7811092883143558,38.63774670355082
4390,0.4656222902099067,-0.567575469983584,0.3926159062422838,-0.2503135379995831,-67.58275604248047,-0.05112489730780126,0.6167394730564291,0.7855053578743719,0.7855053578743719,38.232558129460934
4391,0.45843502835228467,-0.5615114659344294,0.3880429136514127,-0.24410115195402568,-67.65237426757812,-0.06044605582552162,0.6182898045520968,0.7836223528729052,0.7836223528729052,38.40655832804772
4392,0.4312562961405379,-1.8790915144415148,-0.13085810064324355,-0.4109235335885474,-67.50434112548828,-0.057385836277085434,0.616932080472793,0.7849214443995596,0.7849214443995596,38.28658658636405
4393,0.43632862166355,-2.954949357640232,-0.42875074759531534,-0.08096581080475614,-67.74614715576172,-0.05988557064442732,0.6158198020577438,0.7856078473527061,0.7856078473527061,38.22306829214518
4394,0.42326093660732517,-0.8846499142722463,0.2681613679908007,-0.3274741229089903,-67.5364761352539,0.06332342779903595,-0.6063866990791561,-0.7926445071226227,-0.7926445071226227,142.43333613388228
4395,0.4681441830187405,-1.0673520542197694,0.22585397133670912,-0.41005970263575153,-67.7454833984375,0.07690100454481161,-0.6094566173263039,-0.7890810269529854,-0.7890810269529854,142.0997147853216
4396,0.4372092095370675,-2.196580260048576,-0.25608778937319504,-0.35435989761537273,-67.5093994140625,0.05134271684732218,-0.6067988131228614,-0.793195515506374,-0.793195515506374,142.48514825900423
4397,0.4868556582379387,-1.272401536963918,0.14312889882797186,-0.46534132663947736,-67.51525115966797,-0.06003137987280425,0.6156657971088974,0.7857174172059783,0.7857174172059783,38.212920651853885
4398,0.3639336270683716,-2.1396570236602,-0.19604104338590536,-0.306619624648042,-67.65486145019531,-0.050817507264869895,0.6198759531413741,0.7830526059419366,0.7830526059419366,38.459074861403906
4399,0.41920954920551456,-2.441178942569976,-0.3205173933983822,-0.270194830953883,-67.55796813964844,-0.035032562845045453,0.609403253060341,0.792086103084748,0.792086103084748,37.619109344115095
4400,0.45600778013330534,-3.0985976686108057,-0.4555863641950754,-0.019600007694310383,-67.59474182128906,-0.04529519121875342,0.6255159455332452,0.7788954663728035,0.7788954663728035,38.84044370164793
4401,0.3964877178313802,-0.7474128962481186,0.29080387242155475,-0.2695099593257442,-67.76127624511719,0.04057669757555879,-0.6107517327170219,-0.7907817983470644,-0.7907817983470644,142.25863189401124
4402,0.43269436157737234,0.19624004356682276,0.4243895013608776,0.08436801334341991,-67.6696548461914,-0.06423810124446903,0.6190603982321548,0.7827117538974048,0.7827117538974048,38.49046400811864
4403,0.45335564921331123,-2.6177865113931755,-0.3925704953173938,-0.22675923548971277,-67.63520050048828,-0.04715308127072594,0.6185109457891849,0.7843601193747962,0.7843601193747962,38.33846419915335
4404,0.42818233603773614,-1.6795967964986815,-0.04649458217453285,-0.4256505218170752,-67.48030090332031,0.05175933643339919,-0.6216099836747259,-0.7816149942829151,-0.7816149942829151,141.4086815115478
4405,0.40039042477905956,2.8961245735380516,-0.3883881944507667,0.09729903733351718,-67.57972717285156,0.05187847519438748,-0.6271058273627066,-0.7772045452126748,-0.7772045452126748,141.00533399991073
4406,0.4394311246666737,1.499734228141823,0.031200622855402368,0.43832206704574284,-67.65402221679688,0.04547458625451265,-0.6096250815622678,-0.7913844337205398,-0.7913844337205398,142.3150778351557
4407,0.5001135638363569,-1.2882734435552334,0.13942135783615775,-0.480286645361105,-67.5131607055664,0.031351759007591226,-0.6157818338251274,-0.7872927030895772,-0.7872927030895772,141.93322529854632
4408,0.4780093448352491,-1.1220908152447047,0.2073602394631485,-0.43069091566877726,-67.54429626464844,-0.08452866343535417,0.6241622003910401,0.7767087309029349,0.7767087309029349,39.03979011384372
4409,0.4134733991194575,-1.7366948998877234,-0.06828043214075563,-0.40779656002235953,-67.57975006103516,0.05536042333097695,-0.6252546215712952,-0.7784548039111528,-0.7784548039111528,141.11931561770282
4410,0.3691622535055356,-1.9585461535445807,-0.13958255485464544,-0.34175646269461424,-67.37531280517578,0.0748780258845626,-0.6250669155344316,-0.7769714488601898,-0.7769714488601898,140.98411441275692
4411,0.42253086747845714,-1.2341349296170727,0.13957789861806605,-0.3988111635717616,-67.5058822631836,0.053112508340226884,-0.6235317019610624,-0.7799918448979773,-0.7799918448979773,141.2598287347924
4412,0.4983470403792998,-2.0833504222380443,-0.24439174326270685,-0.43430685981207184,-67.56069946289062,0.06595557164809032,-0.6374426795165845,-0.7676696508911178,-0.7676696508911178,140.14508425465343
4413,0.4529945327338749,-1.8228931759324885,-0.11299272617654574,-0.43867606558595584,-67.63900756835938,0.052338004899855656,-0.6370868519907251,-0.769013053376632,-0.769013053376632,140.26534444703236
4414,0.3713777514230517,-1.7113942502602713,-0.05204308174683648,-0.3677131380496678,-67.5517349243164,0.046567709168083726,-0.6389903256947705,-0.7678038891092751,-0.7678038891092751,140.1570875305073
4415,0.43426517323062647,-1.187680204154157,0.1623337486647223,-0.40278281334422,-67.44558715820312,0.04369886466363696,-0.6259529069286436,-0.7786355807017106,-0.7786355807017106,141.13581965907497
4416,0.46582659867006343,2.5728859796311094,-0.39250464937237217,0.25086753526431343,-67.43191528320312,-0.049969672119106905,0.63751434115741,0.7688162957995509,0.7688162957995509,39.75228807687608
4417,0.44623745716284474,2.4932641630714483,-0.35569331605262977,0.26946267476339963,-67.47030639648438,-0.056342218407042,0.6197664571588433,0.782761197943376,0.782761197943376,38.48591203541055
4418,0.4616585786168969,-2.7692430160526706,-0.4300234741922262,-0.16795372831295335,-67.66587829589844,0.0592689714299265,-0.627982156647079,-0.7759675250669466,-0.7759675250669466,140.8928342614807
4419,0.4702255193135336,2.950848916187753,-0.46169727517505815,0.08914967812397886,-67.6039810180664,-0.06106339212469264,0.6412537669028138,0.7648953317776085,0.7648953317776085,40.10231883412379
4420,0.39636488187395313,-1.9801333517994224,-0.15775370348077375,-0.3636191532648589,-67.64805603027344,0.07038145390236669,-0.6342122102715999,-0.7699489095316657,-0.7699489095316657,140.34930119557055
4421,0.4012608083511116,-1.7091218062045361,-0.05532775936706055,-0.39742807570931393,-67.50099182128906,-0.055321636757444025,0.6304941054210135,0.774220058856546,0.774220058856546,39.26562616055331
4422,0.3891913533312673,-1.430754021336458,0.05432527741364278,-0.3853812057453686,-67.44540405273438,0.05659616532235132,-0.6352516537580319,-0.7702286741406675,-0.7702286741406675,140.37442803285592
4423,0.46026652786184163,-1.4588579639996644,0.05141395324842656,-0.4573859224783422,-67.48041534423828,-0.06226330419145296,0.6365442203036806,0.7687227956481725,0.7687227956481725,39.76066485102339
4424,0.42901987107672723,-2.477072500528676,-0.3377299290142056,-0.26456860136220106,-67.72924041748047,0.062134365217567745,-0.6390678035246191,-0.7666365913242263,-0.7666365913242263,140.05281097793198
4425,0.44161181818993034,-1.0753203327360779,0.2099645409158426,-0.38850468404256794,-67.7684097290039,0.06383837231137564,-0.6432099453289366,-0.7630240025389639,-0.7630240025389639,139.73151745088785
4426,0.35898410262651886,-1.1230689079019198,0.155410706156192,-0.3236002137678539,-67.59341430664062,0.0755684529609514,-0.6372202119649676,-0.7669679330848262,-0.7669679330848262,140.08238719966982
4427,0.334224780146657,-2.386267134484746,-0.24333182646881202,-0.22911967591508414,-67.58611297607422,-0.06259960777391284,0.6384782425451642,0.7670898401771404,0.7670898401771404,39.90672653922946
4428,0.43833571045246883,-1.5963190805973513,-0.01118631984650317,-0.4381929498590345,-67.64683532714844,0.06733843571470206,-0.6488176354589544,-0.7579585813175733,-0.7579585813175733,139.28455994416836
4429,0.4526619372394854,-2.6275121112745197,-0.3941532178159858,-0.22258946585745668,-67.45928192138672,0.08314956428098375,-0.6505543388393302,-0.7548941662095454,-0.7548941662095454,139.01612310745563
4430,0.3444998216324131,-2.443132516115074,-0.26382943069566234,-0.2215268800926135,-67.6041030883789,0.0798974706854875,-0.6417596636120678,-0.7627325405006578,-0.7627325405006578,139.70568843789513
4431,0.39863153243906196,-2.8122767059728067,-0.37721058253759154,-0.12891576736910718,-67.66641998291016,-0.05868254211845938,0.6440635459089202,0.7627178430335451,0.7627178430335451,40.29561367010854
4432,0.4904138595225203,-3.090779975789051,-0.4897808890374819,-0.024908519535053793,-67.48539733886719,-0.06643921773017686,0.6512180070487549,0.7559768102546864,0.7559768102546864,40.889205358480886
4433,0.42874225401243127,2.6715440807944253,-0.3822435655840512,0.19419005367230135,-67.4776382446289,-0.0704614752654883,0.6411555127058777,0.7641693457802886,0.7641693457802886,40.16685015434584
4434,0.40843113570615713,-2.6518814633024483,-0.3604277109848782,-0.19211417898849226,-67.57538604736328,0.0626743662228769,-0.6510975184746454,-0.7564019733281503,-0.7564019733281503,139.14802234403612
4435,0.3824871583640666,-0.8194752363859233,0.2610875672022796,-0.27951691999915446,-67.4752197265625,-0.09241607410592526,0.651106366280802,0.7533390797213817,0.7533390797213817,41.11954690547419
4436,0.41694069714024296,-2.507889660179386,-0.3359876474220746,-0.24688427595043694,-67.71238708496094,-0.08352471778566004,0.6506532285874486,0.7547675123159154,0.7547675123159154,40.994940343936086
4437,0.39595993380663846,-0.7157177958355893,0.29880025427274776,-0.2598127734094281,-67.64864349365234,0.09837677857263322,-0.6428474157828836,-0.7596507154337049,-0.7596507154337049,139.43341540250114
4438,0.47328885797217823,-0.9513772149972319,0.27477366328236547,-0.38535928306840866,-67.47820281982422,0.0847719284193156,-0.6377745848634185,-0.7655437930349672,-0.7655437930349672,139.95539453701133
4439,0.5024408684944183,2.9381024112701497,-0.4920741093896926,0.10153766395661355,-67.67621612548828,-0.09451964347051883,0.6457487475514586,0.7576771027515143,0.7576771027515143,40.74015786487907
4440,0.46301388964922535,-2.250832583020736,-0.29115295686282944,-0.36001641312325805,-67.53577423095703,-0.0673868519315993,0.638870256128389,0.7663574936158682,0.7663574936158682,39.97208769903931
4441,0.4317089450245875,2.963117394143698,-0.42485147408584656,0.07664096933967858,-67.47056579589844,0.06462800967803514,-0.6365678039460698,-0.7685080684965734,-0.7685080684965734,140.22010309336775
4442,0.4363215010664617,-2.581044161084563,-0.36954844323404307,-0.23197068865739398,-67.63712310791016,-0.05372576279370299,0.642927083308633,0.7640407763728904,0.7640407763728904,40.17826943491768
4443,0.43282603303078687,-1.5744068080009117,-0.0015627068625962595,-0.4328232119658434,-67.63801574707031,0.06980576107434491,-0.6534707531401878,-0.7537261641413461,-0.7537261641413461,138.91418894844563
4444,0.41799207026973917,-1.1760285394030936,0.1607571783187177,-0.3858425850361603,-67.56110382080078,-0.08547892720800603,0.6399919050145126,0.7636122802307881,0.7636122802307881,40.21630817275078
4445,0.33286209398016614,-3.0545726474833432,-0.33160259305863915,-0.02892911830055516,-67.72407531738281,0.045898442451237725,-0.6576261057244064,-0.7519449700944227,-0.7519449700944227,138.7591392436732
4446,0.33906767599246446,-2.0639437534607104,-0.16051485158884934,-0.2986668232702463,-67.57743835449219,0.05864433372873335,-0.6577015920631087,-0.7509923154860941,-0.7509923154860941,138.6764085795461
4447,0.4749092684416879,-1.0102267341889895,0.25249439430755216,-0.40222555127077836,-67.60296630859375,0.06046715798237464,-0.6535694012644099,-0.7544473212467623,-0.7544473212467623,138.97710132961532
4448,0.49449125596116944,-2.904329496457817,-0.48063802951067675,-0.11622687645354937,-67.68521118164062,-0.06435225644955307,0.6610683786294782,0.7475609579599807,0.7475609579599807,41.62046004796691
4449,0.47540670452107175,-0.8943363221984985,0.29762194273832804,-0.3707191846994825,-67.5400161743164,-0.08040052078438163,0.6540506741242335,0.7521658540077688,0.7521658540077688,41.22165924136203
4450,0.4214699382407584,-2.8375230807150276,-0.4021354012472444,-0.1261904429994065,-67.47013092041016,0.06616949110605871,-0.634480683073277,-0.7701012019557125,-0.7701012019557125,140.36297756958615
4451,0.30840794281049966,-1.201898063075628,0.11120821371931883,-0.28765985536734656,-67.54657745361328,0.06429158563290466,-0.6482201939822912,-0.7587339270985367,-0.7587339270985367,139.3527104720259
4452,0.37678947448420075,-2.4317764714068235,-0.2857879143058394,-0.24555157527248397,-67.60100555419922,-0.08602365841374834,0.650899008577644,0.7542747581788448,0.7542747581788448,41.03795996762603
4453,0.43272539311708036,-1.830741567302122,-0.11122238330760265,-0.41818757430094505,-67.65217590332031,-0.07880250097610281,0.655964632026773,0.7506667485441805,0.7506667485441805,41.35183324420276
4454,0.3364510447542688,3.007494870537257,-0.33343050757357356,0.044982242445970384,-67.62798309326172,0.07139257178209837,-0.6578767933729834,-0.7497341031563249,-0.7497341031563249,138.56735033454632
4455,0.5394666937239625,-1.5962450343334398,-0.013727248291737895,-0.5392920139328975,-67.5572509765625,0.06285323812766049,-0.677172583950384,-0.7331348866360321,-0.7331348866360321,137.14985052945656
4456,0.26770615806387055,-1.1193282271895337,0.11679671950867111,-0.2408840247449607,-67.415771484375,-0.0717877138892701,0.6670418640129065,0.7415535555768981,0.7415535555768981,42.136076648347085
4457,0.42252581565883485,-0.7957015780587098,0.29567670511784966,-0.3018333164990503,-67.52625274658203,0.07502121666644795,-0.6505003814993501,-0.7557916847379879,-0.7557916847379879,139.09459359460737
4458,0.5304019602215408,2.110950835534061,-0.27276902525515745,0.4548882261261598,-67.54633331298828,0.08490165974687384,-0.6534340140460733,-0.7522072171016855,-0.7522072171016855,138.7819372831939
4459,0.4690704798334293,-2.115801505696476,-0.24317669979896733,-0.40111370922226847,-67.64322662353516,0.06871594286624219,-0.6634305584061758,-0.7450758440379563,-0.7450758440379563,138.16561377005968
4460,0.5055508354438463,-1.5855539865021868,-0.007460476386317209,-0.5054957848588454,-67.47315979003906,-0.04974615050908785,0.6538483385563054,0.75498852353972,0.75498852353972,40.97563300701719
4461,0.45816274218553704,-1.2513510931267764,0.14388138558171218,-0.43498418960929786,-67.61568450927734,0.052551344551453744,-0.6674440642994771,-0.7428033233751921,-0.7428033233751921,137.97076641304758
4462,0.4456676402656077,-0.6783120288732091,0.34701152950044456,-0.2796473564575163,-67.59561920166016,-0.04947799718934406,0.6518691572995112,0.7567156200024924,0.7567156200024924,40.82449650286794
4463,0.37993010665869753,-1.9723359332779151,-0.1484903448115697,-0.3497105995583068,-67.67250061035156,-0.07391342365496961,0.6369412760266332,0.7673608125889447,0.7673608125889447,39.8825199333257
4464,0.36655501354929787,-1.9170289423166142,-0.12439279135644664,-0.3448028587710338,-67.5745620727539,-0.06069933512263032,0.6421988037565087,0.7641310667479629,0.7641310667479629,40.17025030416018
4465,0.4400680466558593,-1.3044665753952247,0.11582255185968512,-0.42455273190525356,-67.56170654296875,-0.07088560922818554,0.6614425941984089,0.7466384164938396,0.7466384164938396,41.69997982780225
4466,0.5418321535497491,-1.5038197031134404,0.036262962240058885,-0.5406173139938593,-67.39297485351562,-0.08149507206811701,0.6392187652876146,0.7646946601963361,0.7646946601963361,40.12016471969958
4467,0.3221829455375757,-0.6460736728956263,0.25724820231723133,-0.19397219594524695,-67.52140045166016,-0.05648372152624572,0.6484076196924387,0.7591950657949059,0.7591950657949059,40.606712035990896
4468,0.508315550438991,-2.2177348643978427,-0.30638536446208275,-0.4056016608219586,-67.66670989990234,0.07257406296109489,-0.667817924498245,-0.7407781213725034,-0.7407781213725034,137.79774181719665
4469,0.46381786099996963,2.5998407233567264,-0.39740222081604043,0.23916204354593176,-67.66909790039062,-0.07783281608768104,0.6503260106697838,0.7556574174757934,0.7556574174757934,40.917153343176174
4470,0.5119483046447855,-1.7039880841568857,-0.06798586552199443,-0.5074140210103534,-67.58628845214844,0.02921950324463274,-0.6572343463026621,-0.7531196682269355,-0.7531196682269355,138.8613406641096
4471,0.4242947459407694,-0.92453655777535,0.25551226571810565,-0.3387322150320843,-67.54149627685547,0.037724607350666316,-0.6578214103785136,-0.7522285863006413,-0.7522285863006413,138.7837954378389
4472,0.5051711597556956,-2.7720852050897262,-0.4710748074848128,-0.18244568068896871,-67.63216400146484,-0.057859370281608334,0.6664070887441083,0.743339683685876,0.743339683685876,41.983312138138885
4473,0.385557560648215,-1.8322610674403759,-0.099665004798937,-0.3724533788159665,-67.60863494873047,-0.06993836680801377,0.6529170409695625,0.7541935842075153,0.7541935842075153,41.04504325554178
4474,0.3790712770346291,-2.467944140576792,-0.2962634516657994,-0.23648044375747246,-67.63491821289062,-0.05789721750555716,0.6517726775793554,0.7562012225368006,0.7562012225368006,40.869559078758066
4475,0.5049951806348364,-2.599949822220969,-0.43271162768088645,-0.26034742121666765,-67.5194320678711,-0.05495358627976081,0.6713976910951147,0.739056996277785,0.739056996277785,42.348852037821935
4476,0.40706603663298346,-1.354326394684723,0.08743098107549241,-0.3975658206237834,-67.62716674804688,-0.06799722764187573,0.666438085245985,0.7424531335826419,0.7424531335826419,42.059193690515045
4477,0.4315644976057464,-0.5685958394753956,0.36366122246062027,-0.23237562452233995,-67.58596801757812,-0.06166952199770935,0.6593133629363851,0.7493348780819485,0.7493348780819485,41.467204216584165
4478,0.4920350837637057,-2.932347441786851,-0.48130280427569205,-0.10220633175450415,-67.7822265625,0.06139278325705661,-0.6503012563461574,-0.7571916548394875,-0.7571916548394875,139.21724198424985
4479,0.434472199828175,-2.411969993945767,-0.32386686799571207,-0.2896141299007727,-67.68101501464844,0.05689474191715333,-0.6675736521336687,-0.7423667606507556,-0.7423667606507556,137.9334194373665
4480,0.49056094153495505,-1.9391652264499866,-0.1766481655636194,-0.4576521200242273,-67.67814636230469,0.06443108653996332,-0.6867278581734262,-0.7240535090004181,-0.7240535090004181,136.3901677899023
4481,0.38756703853417623,-2.6045785188006043,-0.3330131008152315,-0.1982687167547521,-67.39395141601562,0.07333538000710269,-0.6695929974295404,-0.7390988701334468,-0.7390988701334468,137.6547096074028
4482,0.4375723502267522,2.647373295892761,-0.38521212401546134,0.20756006647344358,-67.63410949707031,0.038687292979946476,-0.667764920355947,-0.7433661981176569,-0.7433661981176569,138.0189590031437
4483,0.43304776369699943,-0.739576279986803,0.31991585497315633,-0.2918633436726282,-67.6457290649414,-0.024596865780128742,0.6843547612647994,0.7287342141878572,0.7287342141878572,43.21961653354591
4484,0.40055320364939684,-1.6458621761943726,-0.030039636271175126,-0.39942519851217534,-67.44200134277344,-0.052992951414782906,0.6741737773568737,0.736669169318708,0.736669169318708,42.55155245821351
4485,0.44468031079660214,-2.225550957493721,-0.27079458332398454,-0.3527192544397772,-67.75545501708984,-0.04983153931927129,0.6730226199674552,0.7379413057291309,0.7379413057291309,42.443659565446424
4486,0.4180029377980498,2.7246021435186853,-0.3821850830461844,0.16929565353186538,-67.54904174804688,0.05191403330168857,-0.6696770749114453,-0.7408357095094712,-0.7408357095094712,137.8026539336615
4487,0.4266552356254847,-2.0683290944294916,-0.20362500054650712,-0.3749287255453666,-67.69414520263672,0.07719960565399621,-0.6772065424331933,-0.7317318633027724,-0.7317318633027724,137.03177942422846
4488,0.45504104105169507,3.097646432292799,-0.45460170812539846,0.01999089820094227,-67.5567626953125,0.06783631003009899,-0.6631946779412652,-0.745366389228735,-0.745366389228735,138.19057864503324
4489,0.4080839991928233,-1.212087643338533,0.1432641727575438,-0.3821098365670594,-67.78044891357422,-0.07453847178605082,0.6715176761758628,0.737229968739178,0.737229968739178,42.504017060486035
4490,0.45764011124457127,2.7644478223663875,-0.42547711363475654,0.16853396450858213,-67.77759552001953,-0.07376602932528027,0.6745542075205171,0.7345305943484922,0.7345305943484922,42.73243318813962
4491,0.4778288352301029,-3.1283448691505096,-0.47778690545695823,-0.0063299882480537814,-67.61695098876953,0.06700212361958847,-0.6786165483521095,-0.7314303081860463,-0.7314303081860463,137.0064362286141
4492,0.45633360547958013,-1.0908469091977517,0.21070488182446914,-0.40477624963099,-67.65745544433594,-0.05402722055343338,0.6860487680830347,0.7255467919100885,0.7255467919100885,43.48564650495815
4493,0.457081203066583,2.641515033396215,-0.4011094825608097,0.21916753682193538,-67.76980590820312,0.051828283265525014,-0.6763751915823197,-0.7347315355051318,-0.7347315355051318,137.28453607314074
4494,0.4822894096357771,-0.8869576776665643,0.30469752983892046,-0.3738482178062196,-67.68952941894531,-0.032627558163106356,0.6952584468478894,0.7180188956670805,0.7180188956670805,44.10884190797393
4495,0.45767928644667555,-2.2838475756610332,-0.2993884721704927,-0.34617462641527647,-67.66032409667969,-0.039573832913814486,0.6844685454081686,0.7279675281874429,0.7279675281874429,43.283725702961824
4496,0.4480376624262892,-1.7200523929899252,-0.06662432540692835,-0.4430563691185188,-67.61066436767578,0.027365805067976236,-0.6918200993708369,-0.7215511505219204,-0.7215511505219204,136.18269523239675
4497,0.4172871058767177,-1.7849529424306119,-0.08868326863608825,-0.4077545911390654,-67.80899810791016,-0.023013225317782302,0.6796348005310114,0.7331895589597859,0.7331895589597859,42.84554322694231
4498,0.45906356538457205,-2.961621471739392,-0.4516491616520207,-0.08217293862715475,-67.67566680908203,-0.04188985022650181,0.6793631856946376,0.732605557152575,0.732605557152575,42.894725829823884
4499,0.48310483657993547,-2.3519565588295777,-0.3401559368959493,-0.3430513397749163,-67.78533172607422,0.027524415795106543,-0.6698573488691295,-0.7419794732343742,-0.7419794732343742,137.90031041983565
4500,0.42037077333011624,-0.68625753751746,0.3252084251774805,-0.26636641542008077,-67.63047790527344,-0.026596364914344178,0.6834560707254754,0.7295069792413484,0.7295069792413484,43.154921703859245
4501,0.4150029737232412,-2.1061920019280604,-0.2117267925001415,-0.3569302922655,-67.52030181884766,-0.05024766367221459,0.6683107946673792,0.742183167436813,0.742183167436813,42.08227850068486
4502,0.44177076747689537,2.7569157605157226,-0.4094860405342226,0.16577874895392994,-67.61701965332031,-0.061630047974643415,0.6683161316455759,0.7413199615341114,0.7413199615341114,42.15602225087066
4503,0.4598545960835015,2.5356284757567242,-0.37797901547043183,0.26191241551924055,-67.40091705322266,-0.07132243645519419,0.6531969443683143,0.7538215053485753,0.7538215053485753,41.07749821221322
4504,0.4011639717843035,-3.028563654572365,-0.39860415266876936,-0.0452466764853493,-67.59054565429688,-0.05614809055738612,0.656062547707226,0.7526149914947639,0.7526149914947639,41.182592892532995
4505,0.429338409953569,-1.945281571670848,-0.15704919837965559,-0.39958355765692666,-67.6458511352539,-0.034946173332803296,0.6681276817539173,0.7432255147958323,0.7432255147958323,41.99309033693942
4506,0.4131464573310128,-2.693769284975001,-0.3724067991749454,-0.17889430156782038,-67.75637817382812,0.031778377245023755,-0.6460730720677614,-0.7626137425254007,-0.7626137425254007,139.6951646439617
4507,0.45797599239774445,-1.2747375134059564,0.13361576065726397,-0.4380511820742864,-67.6662826538086,0.010518185812541417,-0.6664176732093222,-0.7455044282909967,-0.7455044282909967,138.2024438091
4508,0.45947283336048605,-3.081116238478757,-0.45863285218765565,-0.027770334721226544,-67.54377746582031,-0.03879460528157939,0.6622670118338058,0.7482629107725228,0.7482629107725228,41.55987091587663
4509,0.4394163512374384,-1.9267246356017975,-0.15311930334551055,-0.4118752343584272,-67.649658203125,-0.010145562458391837,0.6634006586357192,0.7481955851808383,0.7481955851808383,41.56568526335666
4510,0.4445285517303699,-1.52527519460885,0.02022845512980041,-0.4440680611196462,-67.72953796386719,-0.01932167891223986,0.6484622419338845,0.761001572606846,0.761001572606846,40.44742595015117
4511,0.44612248298137813,2.9071314985032455,-0.4339164230197952,0.10364269224203013,-67.668212890625,0.011903515885773926,-0.6763951716634746,-0.7364427187907392,-0.7364427187907392,137.42926494545884
4512,0.4050578633488034,-2.5829276342532186,-0.3434742750534264,-0.21470280630960806,-67.55915832519531,0.024491242807522826,-0.6855333736535798,-0.7276291449858812,-0.7276291449858812,136.6880034035991
4513,0.4678281763836191,-2.27462010554511,-0.3027491835230918,-0.35665969003312376,-67.74334716796875,0.02147796185711695,-0.6870078913259532,-0.7263324682336124,-0.7263324682336124,136.57980663422998
4514,0.4329086871317481,-2.7973995823537563,-0.4075177470831135,-0.14607948934206105,-67.49359893798828,0.023757289530993635,-0.6829272480798745,-0.7300999691988695,-0.7300999691988695,136.89477547869598
4515,0.44345679783077535,-0.8085795940099515,0.30621867888731413,-0.3207554399271089,-67.6452407836914,0.0034544433343494402,0.6851834517846414,0.7283623440443184,0.7283623440443184,43.25072129754662
4516,0.5045998204593486,-2.3233173547187214,-0.3448844908250477,-0.36834177986749544,-67.54613494873047,-0.013369906684442245,0.7074068566738064,0.7066801148512204,0.7066801148512204,45.034561697714295
4517,0.4812313859350264,-1.2700798871025971,0.14254293657869962,-0.4596358972496242,-67.58130645751953,0.021848425171039597,-0.6877658227068879,-0.7256037620036594,-0.7256037620036594,136.51909690863184
4518,0.41883608971171044,-1.075528578877732,0.19905907405763043,-0.36850936905364395,-67.51705932617188,-0.007224819688311982,0.6842833121342927,0.7291804651216279,0.7291804651216279,43.18226651346553
4519,0.4279388229917088,-2.7209699405632413,-0.3906374693896086,-0.17473981724956597,-67.63582611083984,0.0009409775687640092,0.6836484673309228,0.7298108574673958,0.7298108574673958,43.12946008740038
4520,0.5057227025745782,-1.631681613485245,-0.030772051414293396,-0.5047856304918865,-67.37796783447266,0.020017466376657474,-0.6828417126556395,-0.7302920624636232,-0.7302920624636232,136.9108842695657
4521,0.5022213111102839,-0.7255354016031499,0.37573399664285667,-0.3332419677953519,-67.74730682373047,-0.0206560805377392,0.6826546257423234,0.7304491688607956,0.7304491688607956,43.07593731086937
4522,0.4837324849290571,3.025351433695794,-0.4804680613640932,0.05610311029408663,-67.53130340576172,-0.013041233983227762,0.6777300913392175,0.7351951098242769,0.7351951098242769,42.67629479900865
4523,0.4474775349567011,-1.1629529396740916,0.17748325094810957,-0.41077468267143247,-67.71988677978516,-0.01187926601876194,0.6825653178221949,0.7307280410283581,0.7307280410283581,43.05253693044779
4524,0.4187857577274677,-2.410646335836569,-0.3118040036644279,-0.2795706962008048,-67.73998260498047,0.015711619879322975,-0.6836157179954571,-0.7296730056061573,-0.7296730056061573,136.858987963175
4525,0.4341742631587724,-2.9444568655502152,-0.42576499717109906,-0.08503797959357318,-67.44161224365234,0.010201459886222406,0.6834561371827832,0.7299202961716974,0.7299202961716974,43.12028738224601
4526,0.4282053321197561,2.5612379794650972,-0.35809451405428366,0.23479379348700222,-67.56521606445312,-0.01899802615601818,-0.6892362926476475,-0.7242875174262648,-0.7242875174262648,136.40960991280156
4527,0.46354169689779606,-1.7339294128619633,-0.07528403303888037,-0.4573873840983035,-67.56474304199219,0.008293285433351108,-0.6866123239825509,-0.7269764356373606,-0.7269764356373606,136.63351325998485
4528,0.4421657378722024,-1.6943428819175987,-0.05448918822604396,-0.43879547412722475,-67.65445709228516,-0.0012882577206906499,0.6820203982016241,0.7313320154546382,0.7313320154546382,43.00182185851269
4529,0.5079516755594918,-0.9050397263084067,0.3137385557400043,-0.3994784391501892,-67.49166107177734,-0.014567778479952144,-0.6719330491131781,-0.7404686065861447,-0.7404686065861447,137.77134897139103
4530,0.47403248174386176,2.722844695174209,-0.4330754863547493,0.19274962222230677,-67.6095199584961,0.015235836695460974,-0.6974056953455618,-0.7165145953710661,-0.7165145953710661,135.767463646068
4531,0.5230815573224973,2.747680043376153,-0.48302107122348326,0.20076095328785362,-67.55656433105469,-0.017446254373516004,0.6857345771742605,0.7276425756344752,0.7276425756344752,43.31087478835552
4532,0.43275471734917004,-0.9877248535293998,0.23827064503363365,-0.3612530208914746,-67.70077514648438,-0.017531444331414535,0.6904662104023506,0.7231521698455116,0.7231521698455116,43.68465357278727
4533,0.4242838145208821,2.649918578929316,-0.3740247490428146,0.20030537278827512,-67.4223861694336,0.007629921468843888,0.7146033433933653,0.6994882743187361,0.6994882743187361,45.614037417172824
4534,0.5239342102137702,-1.6942583738972998,-0.06452178190755004,-0.5199461474920279,-67.48165893554688,0.017733938600232736,-0.7087392589515804,-0.7052475949923459,-0.7052475949923459,134.8495503456042
4535,0.491751882556149,-2.2749130089363763,-0.3183409076933135,-0.3748052567487732,-67.57559204101562,0.011003022125723431,0.6898312775208267,0.7238865533065834,0.7238865533065834,43.623699158435414
4536,0.4866746165659734,-1.6978202755870404,-0.061653222292286106,-0.4827536251449751,-67.68253326416016,0.015703490915036585,0.6926085007430793,0.7211427494411251,0.7211427494411251,43.85109128545068
4537,0.3548970359456243,-2.9130704753550765,-0.34567050862147,-0.08039779594220217,-67.59944915771484,0.0030042787412362854,-0.6957980984311735,-0.7182311470054804,-0.7182311470054804,135.9086331020073
4538,0.3951485369412673,-1.8093143371276446,-0.09335892072798241,-0.3839615581895281,-67.5002670288086,0.011543944388893862,-0.6947225577312693,-0.7191851674828044,-0.7191851674828044,135.98724727210742
4539,0.45362282492357237,-2.7470667137830582,-0.41877501276486107,-0.17435927269701618,-67.57218170166016,-0.015464501037741855,0.6951638769531491,0.7186849333241381,0.7186849333241381,44.05398743723157
4540,0.478197083752971,2.8588625475052827,-0.45921140541272304,0.13340665668817903,-67.50794219970703,-0.011811125857339382,-0.701283331498223,-0.7127848106327292,-0.7127848106327292,135.46194926576823
4541,0.47388960776470307,-2.040724498477866,-0.21458775576744962,-0.4225203609556272,-67.65264892578125,0.00285749301786793,-0.6816251886422059,-0.7316959320251345,-0.7316959320251345,137.02875906823854
4542,0.46245944613786755,-0.8795325034539881,0.2948231654005369,-0.3562976851810167,-67.50806427001953,-0.0007686120951788012,-0.6954085319368302,-0.7186142100911378,-0.7186142100911378,135.940185264051
4543,0.41473747624593654,-0.671173322018934,0.32477781125556165,-0.25792740745972603,-67.69606018066406,-0.013955097937180362,-0.686463304046567,-0.7270305271713384,-0.7270305271713384,136.63802689844883
4544,0.37839156743767394,-1.521521217554095,0.018637741498494103,-0.37793228613043245,-67.66071319580078,-0.02075813804692217,-0.694921640193702,-0.7187857912447352,-0.7187857912447352,135.95432389362543
4545,0.36775527059552204,-1.5869531595555644,-0.005941501897837388,-0.36770727162511163,-67.62930297851562,-0.006300659198528775,-0.6963562339785285,-0.7176686541105896,-0.7176686541105896,135.86233413013431
4546,0.4107061941703191,-1.0221475263326203,0.214197581622687,-0.35042684537127033,-67.58238983154297,-0.011827748896689394,-0.6964691498349763,-0.717489252661099,-0.717489252661099,135.8475756477542
4547,0.43330861931942133,2.690373708047607,-0.3899414609575004,0.18894977269854918,-67.64855194091797,0.006371055799392878,0.7100346442755208,0.7041379222684545,0.7041379222684545,45.240059888572105
4548,0.4474239962698262,-1.2514264085904347,0.14047699724033985,-0.4247993004754116,-67.44989013671875,-0.01130549451932543,-0.7094118480744811,-0.704703494815531,-0.704703494815531,134.80559482216665
4549,0.43405215837742694,2.7386404094755528,-0.3992877594026982,0.1702074069577347,-67.65889739990234,0.011591273053756516,-0.7006728566991178,-0.7133885268730434,-0.7133885268730434,135.51128828526257
4550,0.39840858648076366,-1.8200676143354815,-0.09828653576000689,-0.3860947534866241,-67.71160125732422,-0.02620744301659336,0.6883463854776339,0.7249085621858862,0.7249085621858862,43.53875818329075
4551,0.3518318569541721,2.8493627237744157,-0.3369155373149011,0.10135865174533684,-67.38291931152344,-0.025663255521437306,0.7003916040563739,0.7132972720285569,0.7132972720285569,44.496172337252446
4552,0.3763375604489802,-2.0412835997616234,-0.1706015945676334,-0.33544754483476347,-67.52357482910156,0.018220018468899115,-0.6852232951119688,-0.7281051206816834,-0.7281051206816834,136.7277739701257
4553,0.43161632449312737,-2.797685708846482,-0.40634283983998315,-0.1455271386365252,-67.6601333618164,0.005653711572785568,-0.7032528449966289,-0.7109173450898488,-0.7109173450898488,135.30960214111715
4554,0.5044120440405656,-2.729595036274002,-0.4622042185047791,-0.20198705545051127,-67.61009216308594,-0.013635214923881825,-0.6984031230508951,-0.7155747051333884,-0.7155747051333884,135.69031814786322
4555,0.41096095450426934,-2.0488943992023416,-0.18907957675399534,-0.364880555499454,-67.43389129638672,-0.002594042753350679,-0.694796657366101,-0.7192015544025796,-0.7192015544025796,135.98859857874984
4556,0.3898267242178295,-1.7793795157136634,-0.08072298144741483,-0.3813773396265751,-67.5193099975586,0.00225301728375377,-0.7122478006967392,-0.7019244933151837,-0.7019244933151837,134.58161101927993
4557,0.3973865178965427,-0.9351949218197725,0.23591310855313907,-0.31978281664081654,-67.53258514404297,-0.019614853580231392,-0.6978278628014694,-0.7159968794743172,-0.7159968794743172,135.7249567269252
4558,0.43838398119921534,-1.6739208514719752,-0.045128053360662286,-0.43605501232293065,-67.5678939819336,0.028221046073794304,0.6955199081503214,0.7179523869485144,0.7179523869485144,44.11431655140102
4559,0.46483502484652367,-1.7473602066197529,-0.08164730433856111,-0.45760825824968965,-67.62894439697266,-0.001253027157732243,-0.6930275390642642,-0.7209100221397065,-0.7209100221397065,136.12966474566798
4560,0.4780835926405057,-2.458665812752269,-0.3708633138240923,-0.30170237654262155,-67.43714904785156,0.010372897297874068,0.6839798009573526,0.7294271964246933,0.7294271964246933,43.16160461664495
4561,0.44606578267112895,-1.2913164933196402,0.12304978976502125,-0.4287580106642801,-67.51679229736328,0.018590523330511213,0.6872408736993711,0.726191692295652,0.726191692295652,43.43192693712404
4562,0.46865160940230677,-2.691966339313201,-0.4220721290583452,-0.20368958949226618,-67.63558959960938,0.0036652664510241043,-0.6922854371347523,-0.7216144672558804,-0.7216144672558804,136.1879352066771
4563,0.43812568697119136,-3.0385859242244733,-0.4358034000322956,-0.04505012879303756,-67.5979995727539,-0.008697894561640393,0.668156800750952,0.743969647391913,0.743969647391913,41.929324380389076
4564,0.4087445812183541,-3.100332373491462,-0.40839670499777025,-0.016860131148122005,-67.59223175048828,-0.0025106870954289895,-0.6814312407616054,-0.7318778317208466,-0.7318778317208466,137.0440511770778
4565,0.4028173495279089,2.9198555658073158,-0.39295512931315507,0.08858940922689972,-67.58145141601562,0.023246532675416758,0.6894347160221022,0.7239747033302298,0.7239747033302298,43.61637806312864
4566,0.4576938904684386,-0.8570167434293288,0.29965008484885286,-0.3459675187386966,-67.55619049072266,-0.01347074733704623,0.6978929180562476,0.7160754247236231,0.7160754247236231,44.268596419399465
4567,0.47012434242203516,-1.031174595986064,0.24155529831861092,-0.403321131596099,-67.52116394042969,-0.010245255302797802,-0.6839865196833983,-0.7294227002466901,-0.7294227002466901,136.83801879109137
4568,0.49006657106222684,-1.5081587424910758,0.030676517256481593,-0.4891055053479785,-67.65339660644531,0.011620686919806809,0.6917229649124281,0.7220694561108866,0.7220694561108866,43.77439606375046
4569,0.44760579242237775,-2.066776071390991,-0.21301271749246262,-0.39367058258973453,-67.60102844238281,0.0026881039669923207,-0.6892993628187863,-0.7244716436926141,-0.7244716436926141,136.42491254902873
4570,0.4466169000981797,-2.4578500396598546,-0.34622365078313094,-0.28212734552274094,-67.53788757324219,-0.019934093463054137,0.6795287408224895,0.7333780214282455,0.7333780214282455,42.82966185669919
4571,0.4243621616853646,3.055588283200828,-0.42279367807407126,0.036452023961285565,-67.486572265625,0.00782109492036013,-0.6811554546748738,-0.7320970407267828,-0.7320970407267828,137.06248566542388
4572,0.42503567324804775,3.081976165943276,-0.42428058184514794,0.025324126886507432,-67.48991394042969,0.01914624533548026,0.6885427758192089,0.7249429406213515,0.7249429406213515,43.535898627524475
4573,0.4567784989919254,-3.0381807798533433,-0.4543382765994773,-0.04715217447725274,-67.62017822265625,0.0020276852899130137,-0.6921735471848792,-0.7217282515392252,-0.7217282515392252,136.19735303645044
4574,0.43879044615100915,2.6770492968086543,-0.3922901734398721,0.19658452496551382,-67.47624969482422,0.008797608214734808,0.7008399339478572,0.7132643192209066,0.7132643192209066,44.49886618093519
4575,0.42161689978404154,-2.0522888791692138,-0.19525186017875784,-0.37368104217399273,-67.7009506225586,0.011313853074089147,-0.6888997656812685,-0.724768314410137,-0.724768314410137,136.44957773578255
4576,0.4523042224991821,-2.467285017014757,-0.35331265803639045,-0.282399141928318,-67.54478454589844,-0.007352166298896934,-0.6852612601814521,-0.7282602219984569,-0.7282602219984569,136.74073993164288
4577,0.4568485663436604,2.6461571679059173,-0.40191789737158956,0.21719257893090702,-67.61724853515625,0.012748100247032686,-0.6930316441776145,-0.7207944409528726,-0.7207944409528726,136.12010996077242
4578,0.4399492414160927,-2.1683359017598933,-0.24751988228650348,-0.3637158821050724,-67.74563598632812,-0.01176968635475769,0.6941948510298003,0.7196908942642141,0.7196908942642141,43.971034009236035
4579,0.4151092643403023,-0.7903629545403682,0.2920656660087258,-0.29498025032199426,-67.59341430664062,0.026940180084667944,-0.6826799449503655,-0.730220733381059,-0.730220733381059,136.90490210352368
4580,0.41868227110209655,-2.2843130620370595,-0.27402616173299216,-0.3165509545414348,-67.66854095458984,0.0174335546051605,-0.6781123239734851,-0.7347514867280692,-0.7347514867280692,137.28622122918676
4581,0.42688713422729707,-1.684526976911606,-0.04844555568087529,-0.4241292886651022,-67.58924102783203,-0.0004476155875382046,0.6883536871652677,0.7253750760856528,0.7253750760856528,43.49994131258614
4582,0.4398812412876362,-1.7053494521283814,-0.059008963924820836,-0.43590532069850996,-67.65980529785156,0.008649874531923299,-0.6790866231111042,-0.7340071784268455,-0.7340071784268455,137.22339042525672
4583,0.4108261271743314,-1.545403495320522,0.010430917559480135,-0.4106936847918741,-67.42774963378906,-0.002830231233238471,0.6728992189711914,0.7397287549494931,0.7397287549494931,42.291685220851555
4584,0.4586972613625763,-0.9335331163522796,0.2729239716053181,-0.3686674426969476,-67.6922378540039,0.009593934617893608,-0.676995569851148,-0.7359245578321647,-0.7359245578321647,137.3853978706539
4585,0.4593689726957379,2.519013274928275,-0.3731808068509746,0.26787298944386534,-67.55686950683594,0.013646558906260575,-0.6800309234119866,-0.733056419816005,-0.733056419816005,137.143240253408
4586,0.4663352659639424,-0.7918493208825054,0.3276147203730671,-0.33186921411384024,-67.65826416015625,0.015939751199934366,-0.6849276014476147,-0.7284367543630001,-0.7284367543630001,136.75550125370688
4587,0.4687644552213547,-2.851414550184787,-0.44916678741429555,-0.13412423928169923,-67.54397583007812,0.0009982990660915175,-0.6715764584556552,-0.7409345881028462,-0.7409345881028462,137.81108910096785
4588,0.5092756630007246,2.8674539481601258,-0.49025865915714223,0.13787004042310505,-67.512451171875,-0.0031996043070964867,0.6650574686383872,0.7467853278825038,0.7467853278825038,41.68732488905239
4589,0.46320136828159847,-1.357514362940127,0.09804520066181849,-0.45270591580531483,-67.54974365234375,0.013017824298786887,0.6692485227283435,0.7429245931293809,0.7429245931293809,42.01885443402688
4590,0.41855182000814484,-1.978502339479371,-0.1659576455772376,-0.3842443049761316,-67.66529083251953,-0.0023972726759774916,-0.6614566435213697,-0.7499795742719669,-0.7499795742719669,138.58860858230426
4591,0.3234304713117415,-0.7376811413363185,0.23934830029100823,-0.21753082751817177,-67.6872787475586,-0.00845808264462915,-0.6722394635437363,-0.7402854614892868,-0.7402854614892868,137.75573818757383
4592,0.4167343962887783,-1.2931330536027983,0.11423072035660334,-0.4007728777961203,-67.48490142822266,0.008616284523496607,0.671969084454769,0.740529073823594,0.740529073823594,42.22349593874977
4593,0.5380260560079153,-1.7003621838536191,-0.06951493067223632,-0.5335163646572302,-67.50823211669922,-0.008620515596803593,-0.6643599022635468,-0.7473631024978526,-0.7473631024978526,138.3624750630234
4594,0.3748579965552429,-1.2605896244412365,0.1144274574886753,-0.35696620926088773,-67.80314636230469,0.00847703448268253,0.6708270951225797,0.7415653365252323,0.7415653365252323,42.13507051996423
4595,0.37443961361914835,-1.9201730924126965,-0.1281752821763187,-0.3518183072073967,-67.41226196289062,-0.006512733291977399,-0.6745250200895063,-0.7382232599819101,-0.7382232599819101,137.58028371716745
4596,0.5419720716684521,-2.5609316299077016,-0.4531429631495888,-0.29731327151105136,-67.6146469116211,0.011450893935272254,0.671586043392537,0.7408380817347611,0.7408380817347611,42.197143711806305
4597,0.41921604624455583,-2.915134785324425,-0.40851254316956603,-0.0941254243127276,-67.6120376586914,-0.015481970232324038,-0.6686260937692935,-0.7434375934323886,-0.7434375934323886,138.025074994559
4598,0.3566378206377681,-2.9442478442747584,-0.34971570430333915,-0.06992468285860377,-67.74760437011719,0.024341381730492946,0.6795153684687135,0.7332573635158933,0.7332573635158933,42.83983001396485
4599,0.38926927938473427,-2.1046562897523557,-0.1980835539156764,-0.3351021896986733,-67.60235595703125,-0.02901744259347304,-0.675522063283712,-0.7367685729197814,-0.7367685729197814,137.45687021836505
4600,0.39039974814524897,-1.02561086622426,0.20245220291706806,-0.33380393779268114,-67.6003646850586,0.016569646356015058,0.657905130054691,0.7529185126342404,0.7529185126342404,41.15617512617576
4601,0.3816126798798268,-1.7868645012123878,-0.08181428115075329,-0.3727394007142908,-67.76815032958984,0.031448168223929755,0.6720529447816669,0.7398350168285152,0.7398350168285152,42.282636567294865
4602,0.5278561229065107,-0.8688082045988905,0.34085623598767945,-0.4030497647663434,-67.49662780761719,0.019343658704149315,0.676002373322874,0.7366455145657097,0.7366455145657097,42.553556576608536
4603,0.3470718880795115,-2.783160560155545,-0.32501477758731356,-0.12175504032665778,-67.7562255859375,-0.02309558189488113,-0.6805312987121049,-0.7323549314165588,-0.7323549314165588,137.08418127309233
4604,0.5078972157166876,-1.6883100041767791,-0.059547595022961856,-0.5043943553012313,-67.65836334228516,-0.023939695050371912,-0.6838208790673855,-0.7292570852260563,-0.7292570852260563,136.82414899566874
4605,0.498450673446452,-2.602499031195249,-0.4277575728906677,-0.25588382655788666,-67.66180419921875,-0.03519473664355922,-0.6907879319821385,-0.7222003624621294,-0.7222003624621294,136.23644651971168
4606,0.3697753789901229,-2.2968070468222574,-0.24549077804743683,-0.2765286762723771,-67.69438171386719,-0.038613093346245575,-0.669206541897906,-0.7420725256356555,-0.7420725256356555,137.90826349218707
4607,0.44106140399975463,-0.8194528980633361,0.30107782802823363,-0.3223155341711537,-67.60896301269531,-0.02624990920707764,-0.6725945197563519,-0.7395455051992018,-0.7395455051992018,137.69271396831542
4608,0.4589360707707132,-2.15123865306665,-0.2516777291138799,-0.3837715957735037,-67.5204086303711,0.0026840630578150305,0.67806096672466,0.735000762727442,0.735000762727442,42.692719445431834
4609,0.4503238202737046,-1.8533601608538715,-0.1255587130698183,-0.43246566647325296,-67.60958862304688,0.001774041964012659,-0.6851167428568888,-0.7284311233275784,-0.7284311233275784,136.75503033412215
4610,0.4617482739970736,-2.241358766541603,-0.286942725188581,-0.36176697057723084,-67.6224594116211,0.0019129827639528738,0.6872718775876796,0.7263977607165721,0.7263977607165721,43.41475042310515
4611,0.44762753784309295,2.5967794569994087,-0.38282186630114207,0.23198670504401778,-67.6150131225586,-0.009916811465574433,-0.6868644973960967,-0.7267178400639163,-0.7267178400639163,136.61194009301545
4612,0.3790763466505547,-1.0002344337963174,0.20474103846594985,-0.3190297537187024,-67.65894317626953,0.014282562868408552,-0.7199040723204503,-0.6939266063888471,-0.6939266063888471,133.94174321182564
4613,0.48864200804127195,-2.2665063783209605,-0.3131856328708861,-0.37508101976222286,-67.50989532470703,-0.0032743593471670665,0.702260398166953,0.711912643332915,0.711912643332915,44.60925291388829
4614,0.37685484432846683,-0.9136797297662889,0.23019667167716215,-0.2983773886248584,-67.52606964111328,-0.01590348237850477,0.7099271983477482,0.7040954852108864,0.7040954852108864,45.24348407976316
4615,0.5067389321732538,-1.75143813112345,-0.09104120892755653,-0.4984935743388259,-67.48474884033203,-0.00021877195685943856,0.7089224487502215,0.7052864055097195,0.7052864055097195,45.14731303741837
4616,0.4630255864874874,-2.927822491772516,-0.4524862157360654,-0.09822890771527781,-67.7304916381836,0.0019517356662138764,0.6714068472436919,0.7410863891626773,0.7410863891626773,42.17595833766684
4617,0.4873859320281646,-2.573729543455762,-0.4108917755956003,-0.2621316377068161,-67.68318176269531,0.002954671314678598,0.680841432713693,0.7324248858536881,0.7324248858536881,42.90993213628882
4618,0.438914444585431,-1.3014569324437095,0.1167928101069425,-0.42309021398876745,-67.68346405029297,3.7801951277035855e-05,0.6812866342856755,0.7320167487938434,0.7320167487938434,42.94426726347073
4619,0.4762601068072399,2.8732437066608885,-0.45921474344707836,0.1262755270702821,-67.5785903930664,0.004067855879206984,-0.6858725056800001,-0.7277103534379488,-0.7277103534379488,136.69478677441185
4620,0.4505019872833187,-2.390498880883192,-0.32929121709204845,-0.3074399695749674,-67.6224594116211,0.00982921106196124,-0.6857360128735822,-0.7277839701849318,-0.7277839701849318,136.70093674379862
4621,0.44784033246552063,-2.1518094681632007,-0.24580662051725444,-0.37435286654801314,-67.67439270019531,0.012400886362841465,-0.6823612538811137,-0.7309099378303803,-0.7309099378303803,136.96273168532744
4622,0.49655362103989886,-1.207400755920649,0.17650003441407816,-0.46412631515533,-67.66803741455078,0.026086834759275253,-0.6778695471356152,-0.7347192348907156,-0.7347192348907156,137.28349714329102
4623,0.4173299945490627,2.6967925573958444,-0.37672240785936956,0.17956768018482486,-67.63041687011719,-0.013182531697465725,0.6880285559318258,0.7255638683675008,0.7255638683675008,43.48422473750972
4624,0.4184922746441368,2.5604368567334976,-0.34978784844038674,0.22974822092949634,-67.7603988647461,-0.029198530560427233,0.7035909058443587,0.7100051288731841,0.7100051288731841,44.76466737060872
4625,0.4322752174092757,-2.3036002950172882,-0.2891732974841139,-0.32131085821739785,-67.65729522705078,0.0029770817167474087,-0.6857830225077027,-0.7277999608578251,-0.7277999608578251,136.7022727029429
4626,0.3692165955402775,-2.7420365721151425,-0.34013479745965064,-0.1436287366073911,-67.5449447631836,-0.006310200866128295,0.7014189513514952,0.7127212891797171,0.7127212891797171,44.543239546628314
4627,0.34038810275180664,-2.1836460191618086,-0.19579153474155553,-0.2784416194079483,-67.43289184570312,0.019618199562275954,-0.6969642320355663,-0.7168374889115441,-0.7168374889115441,135.7939911374722
4628,0.5300157996387661,-2.7429091242894144,-0.4884481728993196,-0.20575502486704197,-67.42367553710938,-0.009195106841552185,0.6872651651080888,0.7263484307404567,0.7263484307404567,43.41886274223378
4629,0.44159666628558913,-2.342930620981406,-0.30808692878150296,-0.31637013131540576,-67.5420913696289,0.017997393396352104,-0.7033626922595693,-0.7106032767784761,-0.7106032767784761,135.28402080403106
4630,0.3340557250590508,2.588254152423346,-0.28420618680912474,0.17555646050244075,-67.56716918945312,-0.031747317908534446,0.6978625893131247,0.7155277173127506,0.7155277173127506,44.31353578413396
4631,0.42162576036693167,-3.1270371874445404,-0.42158109800247984,-0.006136742785612463,-67.42561340332031,-0.008099700745260915,0.7007354734529675,0.7133752105957164,0.7133752105957164,44.48980046068179
4632,0.5054107028591236,-2.2589119622424074,-0.32097761617687437,-0.3904015221255732,-67.42011260986328,-0.03318130277794549,0.6966851038809155,0.7166092848801197,0.7166092848801197,44.22475839446135
4633,0.3464252432873679,-2.334593229532235,-0.23961146456367,-0.25019351557617386,-67.62014770507812,-0.031969484696716954,0.691484525247511,0.7216835202437775,0.7216835202437775,43.806349527905134
4634,0.3419893341690735,2.941246407721754,-0.3351487713954432,0.06805884011303162,-67.44715118408203,-0.018078274896278057,0.697440153640475,0.7164149691810783,0.7164149691810783,44.24071865023139
4635,0.44219987194600113,-2.7835726722643233,-0.41416108277124114,-0.1549558784519417,-67.33582305908203,-0.027659143799071455,0.6785034684793791,0.734076300547671,0.734076300547671,42.770777767342715
4636,0.45456389412418,-1.0313482494836763,0.2334924373968468,-0.3900123273946842,-67.51731872558594,0.034776607308877126,-0.6768993348792591,-0.7352536147643892,-0.7352536147643892,137.3286505658967
4637,0.3292302047607964,-2.855916923084,-0.31588698092789524,-0.09277900089511351,-67.41463470458984,0.044958243910110295,-0.6818022777890378,-0.7301536895107762,-0.7301536895107762,136.89927993452255
4638,0.5315181459752325,2.7838954906756,-0.4978760087271095,0.18609411445532523,-67.30589294433594,0.03821342409563868,-0.6871460800461119,-0.7255136104141324,-0.7255136104141324,136.51159094578716
4639,0.3232197181011196,-2.4051683148653047,-0.2394653627446103,-0.21708829128941853,-67.44158935546875,0.03498537048715473,-0.6907210229481886,-0.7222745269696866,-0.7222745269696866,136.24259029591715
4640,0.41175771242073866,-1.2957074110897024,0.11184678118281861,-0.39627605438255087,-67.60352325439453,0.02995699237483782,-0.6765116275289069,-0.7358223946211773,-0.7358223946211773,137.37675312684658
4641,0.4665558703175389,-1.2916421503749442,0.1285560485574117,-0.44849495259931366,-67.62590789794922,0.03846253636137148,-0.6876800797713818,-0.7249943042412652,-0.7249943042412652,136.46837401476375
4642,0.4722858974396576,-1.6867341185273548,-0.05463319913309979,-0.4691153189492599,-67.46593475341797,0.029847306702169767,-0.6753135144533204,-0.7369265875779837,-0.7369265875779837,137.47026191106937
4643,0.3799765442557055,-2.4085116060836276,-0.2823667300857257,-0.2542660101649511,-67.53225708007812,0.0385503743559305,-0.6836392540165258,-0.7288012342228475,-0.7288012342228475,136.78599121170905
4644,0.4006216417584806,2.616987588963656,-0.34674677285840894,0.20065984988915772,-67.6144790649414,0.03550137831321025,-0.6806871506929073,-0.7317135061070239,-0.7317135061070239,137.03023631089943
4645,0.3979185040626115,-1.4092530173559203,0.06400185421979238,-0.39273769685612686,-67.48876190185547,-0.016661073736169166,0.6921594518443698,0.7215522862859348,0.7215522862859348,43.817210778300336
4646,0.42122591767304635,-2.275311976100147,-0.2728132277161992,-0.32094269971845324,-67.5984878540039,-0.03213535151145055,0.6913069692039452,0.7218462395228579,0.7218462395228579,43.792879492048996
4647,0.41502442038284937,-1.2942080817632746,0.11333286035703495,-0.3992504630897914,-67.59771728515625,0.012854139241031053,-0.6913261118717952,-0.7224285280556122,-0.7224285280556122,136.2553499199511
4648,0.46784200775052387,-1.719664829171411,-0.0693899733340545,-0.46266745705391954,-67.6238784790039,-0.009831236125473734,0.6871539870827534,0.72644527999879,0.72644527999879,43.41078875473205
4649,0.42886677106356935,-3.0588800352247283,-0.4274005875598624,-0.03543226038480228,-67.55694580078125,0.027091420153820676,-0.6710883169569591,-0.7408822617649347,-0.7408822617649347,137.80662505800913
4650,0.42620597413122757,-1.9570320322872456,-0.16055353774468575,-0.39480893341313134,-67.5812759399414,0.014712078847482508,-0.6766768048578049,-0.7361331785101238,-0.7361331785101238,137.4030551303296
4651,0.4657731778498024,-2.919339080777419,-0.4543166366492888,-0.10266960050561101,-67.60286712646484,-0.0015463881676945023,0.6836776130423704,0.7297825224738681,0.7297825224738681,43.13183475532979
4652,0.408789488217675,-1.3487770854155614,0.09001534284484265,-0.39875566921335936,-67.68940734863281,-0.019131105751243736,0.6875683838647635,0.7258675625087074,0.7258675625087074,43.458933273356074
4653,0.3984408174865267,2.5922878910936706,-0.33982527550351266,0.208023717802306,-67.65343475341797,0.005563971267946211,-0.691861458311772,-0.7220088397841384,-0.7220088397841384,136.2205839916876
4654,0.3765551154545518,-1.8605730093066697,-0.10759619044055506,-0.36085567028615556,-67.66165924072266,0.009650022296520906,-0.694753468863664,-0.7191832134940184,-0.7191832134940184,135.98708614347618
4655,0.30156687968411083,2.8452236297488915,-0.2884195335772041,0.08807244502975373,-67.50664520263672,0.00895643117947015,0.6891929868589134,0.724522469772344,0.724522469772344,43.570862565932806
4656,0.4209894705596937,-2.750898631011671,-0.3892657996534818,-0.16032551743957235,-67.63412475585938,0.01566721127510817,-0.6936657476113485,-0.720126634059351,-0.720126634059351,136.06493656929092
4657,0.42796116327997547,2.916690852830362,-0.4171833941560226,0.09543989164081489,-67.58983612060547,-0.020617310337189266,0.686215256138846,0.7271062843606552,0.7271062843606552,43.35565095132773
4658,0.36466091775077475,-1.200388270338156,0.13200573671005547,-0.33992950800198685,-67.64183044433594,0.013883590797444383,-0.7024589952271212,-0.7115887899138608,-0.7115887899138608,135.36433110427913
4659,0.41309307311812243,-1.3997995697559502,0.07029383961520608,-0.407068376529455,-67.6378402709961,0.014888180889453699,-0.7006222421224043,-0.713377050312931,-0.713377050312931,135.51034995432613
4660,0.46155903124829617,3.0555020305290364,-0.4598496430225842,0.039686838358170586,-67.55523681640625,-0.011340700224655139,0.6769956589730868,0.7358996305543376,0.7358996305543376,42.61671153140646
4661,0.358086079280041,2.558171377112284,-0.29885248867392566,0.19726335236823117,-67.6474380493164,0.020635594292419002,-0.6814727473097476,-0.7315525045561007,-0.7315525045561007,137.0167043660955
4662,0.41611394600194157,-1.7912902410133382,-0.09100894943760324,-0.40603963744882166,-67.6951904296875,0.03420309624768521,-0.6861124012056053,-0.7266910768125271,-0.7266910768125271,136.60970787696064
4663,0.4003249812650832,3.018252100855989,-0.3972837893010341,0.049251206924305874,-67.40154266357422,0.037392387342049624,-0.6746507580359784,-0.7371893678359326,-0.7371893678359326,137.49254001486693
4664,0.38762321372534597,-1.4508750035367828,0.04637295275090291,-0.3848393237078661,-67.59696197509766,-0.028731994374242172,0.6919938094982736,0.7213314356905192,0.7213314356905192,43.83548408353568
4665,0.4059121091436943,2.89812550446009,-0.3939409442557346,0.09785281185731244,-67.56375122070312,0.033455223020327114,-0.7037443950270216,-0.7096651143466978,-0.7096651143466978,135.20767464148386
4666,0.4389029468266699,-0.806124904585136,0.3038524797873109,-0.31671669873916736,-67.58025360107422,0.04845806580400788,-0.6950523872399373,-0.7173241909001806,-0.7173241909001806,135.83400027955253
4667,0.4585047799053221,3.003709570361738,-0.4541531928397172,0.06301992248105727,-67.60941314697266,0.0549396979718727,-0.6961319777637085,-0.7158085631798122,-0.7158085631798122,135.70950309124575
4668,0.41238897066136165,-1.9631165927874838,-0.15767008751844777,-0.38105748467267037,-67.36177825927734,0.05910213624233521,-0.6947030973236967,-0.7168643833114148,-0.7168643833114148,135.7962012308862
4669,0.38688968570486454,-3.0604001129002874,-0.3856151534651577,-0.031378054797131315,-67.73592376708984,-0.048412528410522876,0.6884348736925875,0.7236806283000613,0.7236806283000613,43.64079795790573
4670,0.4150030704338093,-0.911289716594601,0.2542835876880311,-0.32797470253358363,-67.34126281738281,-0.05558662804357859,0.6918736588922153,0.7198756607316597,0.7198756607316597,43.955784287890324
4671,0.44064943501377085,-2.4299188329395514,-0.3336904924838653,-0.2877891238456222,-67.66130065917969,0.05127290270377948,-0.7093947698216339,-0.702943916680442,-0.702943916680442,134.66367464278653
4672,0.5133551386499885,-0.8861762703349257,0.32463487079496023,-0.39767536891576327,-67.68502044677734,0.05687310284465556,-0.7007343768727516,-0.7111517301122017,-0.7111517301122017,135.32870067983515
4673,0.4332136236010702,-2.2147000036660716,-0.2600676714753719,-0.3464662320153982,-67.57075500488281,-0.040436258428058924,0.7016970710098197,0.7113270201114108,0.7113270201114108,44.657011847673004
4674,0.4302202277393308,-2.7079970379821914,-0.39040806517259957,-0.18075117428185317,-67.43467712402344,0.04572990292983813,-0.6930225629491505,-0.7194640388660286,-0.7194640388660286,136.01024820674948
4675,0.4707487171062565,-0.7877820832695372,0.332075130513129,-0.33366219796655816,-67.65687561035156,0.05395706856788946,-0.7054258195585715,-0.7067269966908566,-0.7067269966908566,134.96923490218725
4676,0.4493317213963321,-2.557801762048239,-0.374913017631695,-0.24766756966403045,-67.42314910888672,-0.03757008781992584,0.6975852833222688,0.715516080178072,0.715516080178072,44.31449021865619
4677,0.4675522486857692,-1.101447944224755,0.21147632636645958,-0.41699264818179477,-67.75184631347656,-0.03933563254057279,0.6973508708287063,0.7156496845294338,0.7156496845294338,44.30353150648309
4678,0.4704772019892153,-2.984549676767644,-0.4646875444373078,-0.07358181593590873,-67.61421203613281,0.051430755425630414,-0.6994548018200744,-0.7128238615585126,-0.7128238615585126,135.4651394161113
4679,0.3819539265520211,-3.01046532490355,-0.3786748992199579,-0.04994119250940513,-67.47457122802734,0.05819070073612099,-0.696828878590353,-0.7148729651555934,-0.7148729651555934,135.63278916352644
4680,0.43900492635819505,-0.5790806013126317,0.3674322625199818,-0.2402474928614479,-67.5879135131836,0.050311887432614645,-0.7043426230390051,-0.7080749842732067,-0.7080749842732067,135.07850582157295
4681,0.42965731410845764,-1.5168559483881903,0.023164641124678993,-0.4290324078300597,-67.48309326171875,-0.04815679377222613,0.69535744811656,0.7170487727919245,0.7170487727919245,44.18864388605949
4682,0.517629256131197,-0.9183673501996616,0.31426218752784135,-0.4113141430745511,-67.59431457519531,-0.04983052225908702,0.69052885657632,0.7215863200524153,0.7215863200524153,43.814394264814936
4683,0.44097944236283665,-2.579045563154649,-0.3730242390210134,-0.23519308172102388,-67.6909408569336,-0.05415733963224894,0.7059711349644293,0.7061669343441344,0.7061669343441344,45.07610382967994
4684,0.46646604854127627,-0.9764656386601606,0.2611996880521516,-0.38647806846336186,-67.74481201171875,0.06181336314481755,-0.7049332942533376,-0.7065749491666573,-0.7065749491666573,134.9569226555618
4685,0.5163429579211449,-2.462422399269833,-0.4017634552524621,-0.324339600139052,-67.78744506835938,0.0648255974585069,-0.7132804717401177,-0.6978743515478577,-0.6978743515478577,134.2567107383751
4686,0.4649112446767615,-2.2373857570833224,-0.2874588542707108,-0.36539002795405606,-67.6499252319336,-0.05760144734757797,0.7012356835123623,0.710598754173137,0.710598754173137,44.71634748472447
4687,0.4043339101234784,-1.811871511707197,-0.096533450126061,-0.3926413170853272,-67.53826141357422,0.0778314703990969,-0.7075675849797829,-0.702346335436722,-0.702346335436722,134.6155552609165
4688,0.40141762680038456,-0.9181965180254552,0.24376246910569507,-0.31892941187909885,-67.80286407470703,-0.0768234533471394,0.700296733277801,0.709706025320527,0.709706025320527,44.78899822663798
4689,0.5370177622684263,-3.061633908821876,-0.5353019917818982,-0.04289352615629441,-67.4435806274414,-0.06708123856560745,0.704962378366172,0.7060652608086693,0.7060652608086693,45.084330770437084
4690,0.42920531732855693,-0.885918045426981,0.2715061612417876,-0.3324178226732972,-67.59359741210938,0.048685304703607796,-0.7112972780085991,-0.7012031969432789,-0.7012031969432789,134.52361654577203
4691,0.389079434551015,2.909010679643433,-0.37860328328536025,0.08967920760177824,-67.66593170166016,-0.05757073595097592,0.7055320378075021,0.7063357232855045,0.7063357232855045,45.06244362618036
4692,0.49495572261826803,3.0062629048558556,-0.4904302911433436,0.0667779670372433,-67.50172424316406,-0.06967236034693883,0.6965753783523977,0.7140927842212805,0.7140927842212805,44.4311012062106
4693,0.5052984346698168,0.3992468917559068,0.46555873748311744,0.19642191841261733,-67.67111206054688,0.08441766769544037,-0.6997286515397841,-0.7094036027503509,-0.7094036027503509,135.18641150663865
4694,0.421575822350203,-1.0443262486792637,0.21183534008769478,-0.3644886317571244,-67.62883758544922,-0.07130556748555285,0.7167048227991479,0.6937216394361685,0.6937216394361685,46.07456426763353
4695,0.42009125531418656,-2.0700295312888652,-0.20111972667852845,-0.3688190861821051,-67.7012939453125,0.06223341231228052,-0.7033409212859552,-0.7081232596353503,-0.7081232596353503,135.08242300526445
4696,0.35796135659436806,-0.6915630847126516,0.2757197748999191,-0.22828696533971943,-67.45698547363281,0.08103056976947369,-0.7018049148911576,-0.7077456521925442,-0.7077456521925442,135.05179015299126
4697,0.37232296525273084,-2.210478893966345,-0.22225476864463137,-0.2987092370003104,-67.41917419433594,-0.08995470016468458,0.709348227695427,0.6990945885812866,0.6990945885812866,45.64559222209215
4698,0.3580734328104992,-2.7638749145187984,-0.33283239021574396,-0.13205750000651167,-67.34455108642578,0.06082653844639142,-0.7070102889486445,-0.704582559776627,-0.704582559776627,134.79582954788665
4699,0.49744595292606314,-2.551053530981002,-0.41319881055198326,-0.27698234427657165,-67.51512145996094,0.045083452315773716,-0.7063365428553463,-0.7064390777373863,-0.7064390777373863,134.9459225240744
4700,0.4465441608977839,-0.8575724375463734,0.2921627943307321,-0.33770192365570595,-67.72543334960938,0.06870767661181833,-0.7191027374588398,-0.691498740529445,-0.691498740529445,133.74886456712574
4701,0.4604369085425231,-2.737308843940067,-0.42331848965306673,-0.18111764979162637,-67.80128479003906,-0.05260082070502302,0.7139566176720665,0.6982113589332537,0.6982113589332537,45.716323351186084
4702,0.38592456738965036,2.4620310419343596,-0.3001907685010495,0.24253509894783912,-67.6739501953125,0.06373697433178671,-0.7138191318348334,-0.6974237199361619,-0.6974237199361619,134.22067240657265
4703,0.319460285111487,-2.0292200854401816,-0.14137240871935422,-0.2864763791596096,-67.6076431274414,0.048773889013804715,-0.6990172241208589,-0.7134395756704544,-0.7134395756704544,135.5154622573429
4704,0.3470909170655495,-0.7294135876879893,0.258778955774781,-0.23131268179137543,-67.64232635498047,0.06837502972523168,-0.7098187338133598,-0.7010579294449727,-0.7010579294449727,134.51194357181612
4705,0.3429026257898707,-1.421014289564979,0.05116882604522183,-0.3390633598824,-67.43242645263672,-0.06527117314165456,0.7213255653647551,0.6895136711537552,0.6895136711537552,46.40837595362018
4706,0.3615011395376856,-1.819313005855001,-0.08891716263577824,-0.35039522267840323,-67.50764465332031,0.06309455962102865,-0.7000134312821318,-0.711336961341701,-0.711336961341701,135.34379854648904
4707,0.3707740764232373,-2.1218451032030248,-0.19413027984330508,-0.31589056680354455,-67.62358093261719,-0.08040990770320838,0.6957038535359898,0.713813977810981,0.713813977810981,44.45391552401921
4708,0.4615929960638816,-1.8929103360318154,-0.14612767120711462,-0.4378524839747013,-67.55164337158203,0.0689991714670935,-0.6937136868133417,-0.7169382365759938,-0.7169382365759938,135.80227070040624
4709,0.46791158415512335,-0.9186085812780213,0.2839879797726552,-0.3718764283081183,-67.62368774414062,-0.05243528176138936,0.7048494666330057,0.7074162640297232,0.7074162640297232,44.97491758823148
4710,0.41917780628383,-1.1117449315018755,0.18573680893231084,-0.37578168008641183,-67.51638793945312,-0.057908413268006484,0.7085017351573477,0.703329159747987,0.703329159747987,45.3052830224003
4711,0.3949399968338912,-0.851205715186895,0.2602958035963785,-0.2970247392546108,-67.561279296875,-0.06728073192648269,0.695581258942822,0.7152901616260047,0.7152901616260047,44.33301599307969
4712,0.43778604554060163,-0.7226142716216817,0.3283742730882619,-0.289528855977834,-67.64784240722656,-0.08064864704997088,0.6943495859144689,0.7151045016425326,0.7151045016425326,44.34823589563815
4713,0.4686164439433347,-0.8181753714238162,0.32032471055113015,-0.34204305481098607,-67.72640228271484,-0.0851428430913628,0.6961547084474402,0.7128248860532151,0.7128248860532151,44.53477688838182
4714,0.41855659124494493,-2.7216155715438433,-0.38218330568634323,-0.17066206646248908,-67.7161636352539,0.06713865121254829,-0.6949306903472905,-0.7159355677201672,-0.7159355677201672,135.71992488472554
4715,0.4647280937537431,-0.7867159212261317,0.32817906976626776,-0.3290451326054452,-67.59529876708984,0.06613199752426548,-0.7057601395507795,-0.7053574868991715,-0.7053574868991715,134.85843211367273
4716,0.46554490323554165,-1.206938850045176,0.16567895982947248,-0.4350661319827296,-67.41748046875,-0.07910033396533546,0.6939244454944442,0.7156898777485963,0.7156898777485963,44.3002342930296
4717,0.44955862555017245,-1.5574209615957353,0.0060128315084367,-0.4495184130420147,-67.58674621582031,0.08313367256002473,-0.6979887610956534,-0.7112668148246742,-0.7112668148246742,135.3380805556065
4718,0.4868642061335001,2.8666368702561895,-0.46857622507808655,0.13218576513972183,-67.45106506347656,-0.08180496667870771,0.6970369030996195,0.7123534959161688,0.7123534959161688,44.573273721945576
4719,0.4750623041500807,-1.4380313287811781,0.06288651990127322,-0.47088159704865357,-67.48793029785156,-0.0726857285722394,0.7077673546664788,0.7026963473153519,0.7026963473153519,45.35626537140784
4720,0.4470922297890991,-1.9919389842440225,-0.18277288379082648,-0.40802638994135376,-67.74345397949219,0.08550429948879563,-0.6999382211819507,-0.7090666409425683,-0.7090666409425683,135.15902532708265
4721,0.4196445498918256,-2.16345799831515,-0.23440116705311748,-0.3480770620682285,-67.69717407226562,-0.0762768177520329,0.7142111566072004,0.6957616480170695,0.6957616480170695,45.9120581748954
4722,0.4602297129585893,-2.5259742347641967,-0.3757391262617762,-0.2657658700547956,-67.67285919189453,0.07580411886350971,-0.7069670363108779,-0.7031723438340993,-0.7031723438340993,134.68207896858237
4723,0.47940125131396966,2.64812687663373,-0.42220699377446563,0.22708327584683163,-67.53634643554688,-0.07888090187922213,0.7055336724652194,0.7042727031033229,0.7042727031033229,45.22918325155972
4724,0.46535971739421994,-1.2115387823253636,0.16361083181013422,-0.4356502752066435,-67.5598373413086,-0.09477029585381004,0.6948422744038066,0.71289045773185,0.71289045773185,44.52941978919321
4725,0.43761186682573167,2.920758774365346,-0.42698452080089166,0.09585595955982501,-67.51461791992188,0.09151321442459509,-0.7092110627768202,-0.699031472839851,-0.699031472839851,134.3493504885298
4726,0.4376425064933657,-1.1595789955277567,0.17493685756872115,-0.4011583968381774,-67.69911193847656,0.10358165947458235,-0.7010729608863077,-0.7055264299334203,-0.7055264299334203,134.87208923013105
4727,0.5041494603797279,-1.221682946308634,0.1724517876681913,-0.4737373315786036,-67.47403717041016,-0.11128416504745817,0.7128734887564682,0.6924068339046575,0.6924068339046575,46.17906610274014
4728,0.45469994850500445,-1.2929988258404124,0.12469612101283813,-0.4372675617683129,-67.59329986572266,0.1067723926789589,-0.720290487894077,-0.6854059156521213,-0.6854059156521213,133.26753848008516
4729,0.4257428818944391,-2.800523527247976,-0.4012190645637753,-0.14240879086050628,-67.63871002197266,0.08604959589361451,-0.7158909362121295,-0.692889337842535,-0.692889337842535,133.859262432863
4730,0.4530986722439603,-1.854130148344845,-0.12666740129820345,-0.43503307487776105,-67.63287353515625,-0.1142798960252042,0.7232156061594834,0.6811015286811795,0.6811015286811795,47.07021953944167
4731,0.45601128098121546,-0.810772465341784,0.31416383759802935,-0.33052590144769,-67.73604583740234,0.09940345065900093,-0.7099730929074025,-0.6971779983222223,-0.6971779983222223,134.20103061989317
4732,0.4740285091882031,2.669267724155237,-0.42212852652504834,0.21566301170340255,-67.61637115478516,0.09633784270442902,-0.6994868925743959,-0.7081222402803574,-0.7081222402803574,135.08234028947376
4733,0.4270557532890691,-2.933965779589194,-0.417883817885487,-0.08803255742475832,-67.54472351074219,-0.11566252843563082,0.6982118545916177,0.7064859415611967,0.7064859415611967,45.050283625626335
4734,0.46579097264331476,-2.343533548580313,-0.3251676108956848,-0.3335075036942913,-67.62100219726562,0.13362953588910917,-0.6990356640719981,-0.7024900622026492,-0.7024900622026492,134.62712501100276
4735,0.48219501878840393,-1.529825017369319,0.019750634508057818,-0.4817903575009346,-67.45188903808594,-0.12507843258142742,0.6917712604630618,0.7112017357264534,0.7112017357264534,44.667223848502076
4736,0.45641092968127195,-2.9162826224910665,-0.4448750933704162,-0.10196611217059542,-67.64306640625,-0.10943269910495657,0.7030303675241408,0.7026896802326583,0.7026896802326583,45.356802264405665
4737,0.4079091846367794,-0.5761603055216353,0.34205662084682553,-0.22223224573831138,-67.6056900024414,0.08683625386292525,-0.7272610854526649,-0.6808456349285537,-0.6808456349285537,132.90975933194514
4738,0.44117650887110055,2.9958295096302,-0.4364979860620245,0.06407979512677098,-67.62276458740234,-0.11506207561160947,0.7266341833975256,0.6773208119304763,0.6773208119304763,47.365365070606344
4739,0.41986184317062447,-2.2045353248282336,-0.2486261641248081,-0.3383326733604339,-67.63204956054688,-0.12903649020711455,0.7134542994183213,0.6887180459640517,0.6887180459640517,46.47128342575167
4740,0.43190063043266774,2.462597800159591,-0.3361069515287604,0.2712384038114429,-67.58535766601562,0.11842394527684497,-0.7292152806605163,-0.6739590815741496,-0.6739590815741496,132.37336898824142
4741,0.47150052399107073,-1.61714242121242,-0.02184438569651228,-0.47099423238230453,-67.54791259765625,-0.08525807876841685,0.7333198899273202,0.6745168634227773,0.6745168634227773,47.58335689402049
4742,0.43319785628159724,-2.9740460083800726,-0.427131728100808,-0.07224174372610886,-67.810546875,-0.12638802595398024,0.6988643517234534,0.7039990658982533,0.7039990658982533,45.25126327505002
4743,0.42959608037899805,-0.9610779026845019,0.2460024578614286,-0.35218685807839933,-67.46520233154297,0.12475476205923368,-0.6915181022792372,-0.7115047178787127,-0.7115047178787127,135.35747555755447
4744,0.4458580318897915,-2.3635107873196324,-0.31756738277622093,-0.31295421709460886,-67.50529479980469,0.12484100352898041,-0.7154642111353374,-0.6874050381124409,-0.6874050381124409,133.42504455052608
4745,0.4534458784001156,2.967123940669254,-0.4465620717773155,0.07871137584875598,-67.48124694824219,0.14298113447158936,-0.71307055236254,-0.6863576200047606,-0.6863576200047606,133.3424700224618
4746,0.42346451201683016,-1.2408219096612172,0.13721047395760136,-0.40061886971781857,-67.56782531738281,-0.10332427330106396,0.7079082352750817,0.6987059646063764,0.6987059646063764,45.67672465929406
4747,0.4637525086606368,-2.111189796835702,-0.23858834589574035,-0.39767070610213234,-67.59510040283203,-0.11840808861717586,0.7212995531162922,0.6824269039422936,0.6824269039422936,46.966417796264835
4748,0.4210137464164881,2.8715868312051316,-0.4057601419194706,0.11229996394094721,-67.56137084960938,-0.10979721411103228,0.7182371462400872,0.6870807620173569,0.6870807620173569,46.60053218937153
4749,0.48179381897212226,-1.570536491980929,0.00012518680591470493,-0.48179380270817695,-67.5361099243164,0.10512606089643395,-0.7091521605741877,-0.697174099112525,-0.697174099112525,134.20071898888386
4750,0.45481006635737886,1.2962929151739107,0.12328489820027273,0.4377819438210669,-67.71993255615234,-0.1044549461940146,0.6924284271701289,0.7138851710620604,0.7138851710620604,44.44809076570026
4751,0.46809102106524664,-1.9919702055599782,-0.19137060123686286,-0.4271843828888725,-67.47774505615234,0.10959762786423997,-0.6918120689750799,-0.7137117213461966,-0.7137117213461966,135.53771930068356
4752,0.4547872052246929,-2.5771137030487767,-0.3842349126842802,-0.24330009023958565,-67.50328826904297,0.10693232444719002,-0.6879412204675616,-0.7178456346387591,-0.7178456346387591,135.87689729491885
4753,0.5120461937009348,-2.5724727216709287,-0.431335200192951,-0.2759370391196552,-67.63668823242188,0.09691524154614553,-0.6953349895976588,-0.7121212594757133,-0.7121212594757133,135.40776996689007
4754,0.45323799017946775,-2.2675490214874543,-0.2908566959362129,-0.3476018673295538,-67.36959838867188,0.13293410615228765,-0.6907085496786631,-0.7108095545378453,-0.7108095545378453,135.3008211374508
4755,0.4313830303626705,1.840457625730969,-0.11492259239361445,0.4157933581028103,-67.63936614990234,-0.12222810684201259,0.7035463665513433,0.7000591403661698,0.7000591403661698,45.56825096680126
4756,0.5040876187538285,-0.5762580164333151,0.42268124164391907,-0.2746723417879201,-67.63672637939453,0.1120588683595923,-0.7099212109676502,-0.6953090566361069,-0.6953090566361069,134.05185014678642
4757,0.38416591522164,-2.511422140509533,-0.3103780306304626,-0.22638226193771435,-67.578369140625,-0.14200923258336642,0.6860608893138048,0.7135501622276003,0.7135501622276003,44.475494641986856
4758,0.4760531939739045,-2.9185453866814037,-0.464260363999062,-0.10530412105997736,-67.7028579711914,-0.12111958017938679,0.6802741633399106,0.7228811174663188,0.7228811174663188,43.707133986272126
4759,0.4598248134726915,-2.1842613439573983,-0.2647230349262729,-0.3759794859624908,-67.684326171875,0.11766433600935496,-0.7007285300252607,-0.7036580357248221,-0.7036580357248221,134.72123050484615
4760,0.36266212075607596,-1.9181243734358395,-0.12344533578406937,-0.3410059572858706,-67.47727966308594,-0.11766690565541374,0.6989491182039774,0.7054251409436457,0.7054251409436457,45.136099217794246
4761,0.42433662070501754,-3.090689084915756,-0.423786974544413,-0.021590921190327825,-67.64571380615234,0.1109359447906112,-0.7031567783091297,-0.7023273889514349,-0.7023273889514349,134.61403027437848
4762,0.5034465545636443,-1.2093219589567572,0.17804573983060387,-0.470912038315201,-67.57058715820312,0.14509270007987074,-0.6818082035340999,-0.716997686172791,-0.716997686172791,135.8071569162885
4763,0.4315020669095742,2.672387934935967,-0.38486885243936736,0.19511535093179916,-67.6861801147461,-0.11446222375088803,0.7040377702344178,0.7008774624835291,0.7008774624835291,45.502554600480245
4764,0.3116026233906802,-2.9899160377446283,-0.3080251566649373,-0.04708181990423612,-67.53441619873047,-0.1249750691871084,0.6985153917004104,0.7045973883284693,0.7045973883284693,45.20297316366589
4765,0.5116895066649333,2.889484635038129,-0.49551435517897807,0.12763884613456972,-67.62835693359375,-0.11479256887105126,0.6923319130260464,0.7123897727632537,0.7123897727632537,44.57031204763951
4766,0.3318674560768985,1.1407572457124697,0.1383576416581666,0.30165074406959863,-67.54186248779297,0.13118713195874868,-0.6857389640146215,-0.7159273773509374,-0.7159273773509374,135.71925273723258
4767,0.4629813344626211,2.6256633711715223,-0.4027172035977896,0.22840877826205772,-67.689697265625,0.13085128691247502,-0.6939033346684826,-0.708079164253058,-0.708079164253058,135.07884498497856
4768,0.4719412465355871,-2.2005948620417266,-0.2779648789380296,-0.3813975173733179,-67.54850769042969,0.10289213390803537,-0.6982047280497256,-0.7084655012834852,-0.7084655012834852,135.1102010551963
4769,0.35059055023867086,-1.0963343274462451,0.1601707780801824,-0.31186384170955594,-67.64447784423828,0.10712587891843987,-0.6968242608477098,-0.7091967255705534,-0.7091967255705534,135.16959624359498
4770,0.3664802883612594,-2.861114238330406,-0.3521593804881135,-0.10144738780067197,-67.54833984375,-0.10270505156009792,0.6941002338265865,0.7125142369005097,0.7125142369005097,44.56014950240533
4771,0.4823064719701072,3.112261537239206,-0.4820990192453892,0.014144558914494176,-67.72630310058594,-0.09423800725740167,0.6905244529756235,0.7171437637119004,0.7171437637119004,44.18083501831728
4772,0.3314229461508516,2.6553953092283664,-0.2930163636426377,0.15486310042407056,-67.56503295898438,-0.12425597133658206,0.6912205506675492,0.7118810321409419,0.7118810321409419,44.61183191005928
4773,0.3734016593687029,-1.7563172167863976,-0.06887711379535708,-0.36699419942898587,-67.62077331542969,0.109879797842267,-0.6774660173532215,-0.7273006430340255,-0.7273006430340255,136.6605722063325
4774,0.4139116076402617,-2.7982576570322744,-0.3897545865279349,-0.13933478108420902,-67.46430206298828,0.10308759783677499,-0.6958621476985389,-0.7107382208469023,-0.7107382208469023,135.29501078773578
4775,0.466874074960806,-3.1197873671567864,-0.466763086929775,-0.010179516211277304,-67.4699478149414,0.09449520961798794,-0.6959623728226378,-0.7118335697157983,-0.7118335697157983,135.38429609333198
4776,0.46493101602415005,0.8028413519027884,0.3229716011715342,0.33444012094535536,-67.4052505493164,-0.07882619252394238,0.6921084472870926,0.7174763609806446,0.7174763609806446,44.153484737119776
4777,0.46115371920783105,-2.6421513169754958,-0.40482391342355756,-0.2208627443903816,-67.58321380615234,0.09848419827364041,-0.6780876433394081,-0.7283529437304459,-0.7283529437304459,136.74849265378654
4778,0.3905280729993415,-2.931564943409897,-0.3819462724440545,-0.08142002681571105,-67.3741683959961,0.094773913262733,-0.6792212367427097,-0.7277887172267593,-0.7277887172267593,136.70133333741356
4779,0.41373113170319914,2.7132977843179544,-0.3763609694857425,0.17183093431673455,-67.60894775390625,0.10138059320037146,-0.6834004387003279,-0.7229701347265601,-0.7229701347265601,136.3002478670527
4780,0.44140253998951234,2.695971536018336,-0.39829654791400665,0.19025262739047374,-67.39654541015625,0.11018935931441014,-0.6755405660545023,-0.7290426933373948,-0.7290426933373948,136.80619958636112
4781,0.3946863963627991,-1.1044206560218814,0.17747151997799662,-0.3525354039958996,-67.5774917602539,-0.10077142790370461,0.6721009229178997,0.7335703570422921,0.7335703570422921,42.81344920618863
4782,0.47320402692815394,-2.013838426595413,-0.20285775611895898,-0.4275169960170028,-67.73072814941406,-0.1174110793386047,0.684272385436491,0.7197124015727382,0.7197124015727382,43.96925911748224
4783,0.46564230710829385,3.033251585368389,-0.4629121740287638,0.0503495511906329,-67.66573333740234,-0.10653559684628511,0.6782909216070367,0.7270292925804864,0.7270292925804864,43.362076125508075
4784,0.4432311356188793,-2.2892413387907906,-0.29174130496895445,-0.33367776455288845,-67.68992614746094,-0.1049045822600963,0.6777629183374547,0.7277585143078242,0.7277585143078242,43.30118992851379
4785,0.41884354115972483,-2.5266096901928377,-0.3421043997618097,-0.24164952231450829,-67.55480194091797,-0.1256715203386047,0.6765533939863592,0.725590913711936,0.725590913711936,43.481972895152865
4786,0.44902990841551865,-2.4692926015459973,-0.35131709097780583,-0.2796500674745872,-67.51334381103516,-0.10270690896684873,0.675074013487254,0.7305657856515635,0.7305657856515635,43.06615314919468
4787,0.4545624501988128,-2.48451822959899,-0.35991462419125897,-0.2776481305970076,-67.53458404541016,-0.10923425060963161,0.6849279398178415,0.7203760099771782,0.7203760099771782,43.91446675257925
4788,0.4846961412831484,2.9585715402970783,-0.4766009087811253,0.08821520914093692,-67.45381927490234,-0.10516068662006732,0.6878321073291324,0.7182118225960648,0.7182118225960648,44.09295813676305
4789,0.4973986714224957,-0.8769364203718613,0.31809111121806616,-0.3823917929256847,-67.56177520751953,0.10542546083496111,-0.686916905999003,-0.7190484242806552,-0.7190484242806552,135.97597236937344
4790,0.46116148724567013,-1.6930110012066895,-0.056220501180821544,-0.4577217195694515,-67.6438217163086,0.09573651883564219,-0.6883483459020706,-0.7190348208919483,-0.7190348208919483,135.97485085317365
4791,0.43052304176221096,-2.013735773039695,-0.1845209228706307,-0.3889757299770221,-67.48737335205078,0.0757035191854146,-0.6768839866463344,-0.7321864829431833,-0.7321864829431833,137.07000918345432
4792,0.41741425977571794,-2.039436830700473,-0.18853507805312156,-0.37240997382939933,-67.59447479248047,0.1061878808543319,-0.674059692892575,-0.7310045583833482,-0.7310045583833482,136.97067596082718
4793,0.4184894832843552,-1.7651968548292856,-0.08084312444800686,-0.4106066692701066,-67.51946258544922,0.11940324885044298,-0.6543547014048516,-0.7467012715358978,-0.7467012715358978,138.30543411792846
4794,0.4357538815616806,-2.1684098864278285,-0.24518618262094335,-0.3602293452064123,-67.50786590576172,0.11690830635687348,-0.6728543205961004,-0.7304789601076322,-0.7304789601076322,136.9265620080826
4795,0.42557286107656966,2.600871510478515,-0.364859654809317,0.21906549791631566,-67.61891174316406,0.12878193405110083,-0.669596434040928,-0.7314751048270415,-0.7314751048270415,137.0102002525493
4796,0.4231278262109746,-1.9131444646023414,-0.14204396412164227,-0.39857329259577134,-67.55445861816406,-0.11443729834910259,0.6853712984859238,0.719145526272866,0.719145526272866,44.0160215054094
4797,0.40197344056657197,-1.355555458720825,0.08585459066520267,-0.3926978942936133,-67.4864501953125,0.10944353654166532,-0.6765770806668264,-0.7281933577186817,-0.7281933577186817,136.73514991481144
4798,0.43595070022047955,-2.641735940433063,-0.3826126762253914,-0.20895107804069882,-67.6385498046875,0.09759235219657685,-0.6855283242578051,-0.7214753283605927,-0.7214753283605927,136.17642098942198
4799,0.43107145495425864,-1.4975000295381369,0.03156765837170848,-0.4299140405026434,-67.74822998046875,-0.08365604154394259,0.7010043398108514,0.7082334235826142,0.7082334235826142,44.90863701042295
4800,0.41029981379603087,2.9107940449213947,-0.3994203120195278,0.09385814587600064,-67.62932586669922,-0.07971991011447695,0.6970949258553721,0.712533087146157,0.712533087146157,44.55861021291516
4801,0.39829590850555446,-1.5919052724088547,-0.008406982297291336,-0.39820717394456623,-67.4378662109375,0.0959821909340482,-0.6951025484365796,-0.7124744670375721,-0.7124744670375721,135.4366030738445
4802,0.4360581682889806,3.1314212730174145,-0.4360356118522531,0.0044352371043971045,-67.55488586425781,0.11430604329282226,-0.7001037447434635,-0.7048325156112756,-0.7048325156112756,134.81601482884753
4803,0.43964521870517753,-3.018885207222318,-0.43633947490931024,-0.05381246106796071,-67.59454345703125,-0.10049574268482443,0.6984084363276777,0.7086086802802757,0.7086086802802757,44.878173807336694
4804,0.4532946442397521,-3.126336674075068,-0.4532418942520669,-0.006915185553664667,-67.7021713256836,0.09231244748365953,-0.6968537817977536,-0.7112476494398738,-0.7112476494398738,135.3365183903668
4805,0.3696326444783147,-1.7458801189607016,-0.06438655036326453,-0.36398168085269206,-67.52711486816406,-0.07899625131798302,0.678414906586468,0.7304196100865448,0.7304196100865448,43.07841701143518
4806,0.380047268486189,3.1382280195909833,-0.38004511727589113,0.0012787175480241354,-67.64643096923828,-0.06896381158493649,0.6806144788247975,0.729388733053731,0.729388733053731,43.16482615824776
4807,0.41155572287970765,-1.7948362001762463,-0.0914354722764421,-0.40127006796498377,-67.5352783203125,0.0672197187931768,-0.6810937241021431,-0.7291041409799016,-0.7291041409799016,136.81134351969982
4808,0.418714189697099,-1.2911373640383013,0.11557678876898572,-0.4024469884985443,-67.3846206665039,-0.06956786547228691,0.6913445167664802,0.7191683191232437,0.7191683191232437,44.01414205162748
4809,0.5000167075107459,2.8572119947442522,-0.47993383694940417,0.14028620723688245,-67.66169738769531,-0.08581240451438572,0.6866718838764938,0.721885001315976,0.721885001315976,43.7896702717736
4810,0.4794106487105696,-2.52380593022435,-0.3907975607463615,-0.2776901809783397,-67.59368896484375,0.0884560694527359,-0.6886645892431603,-0.7196642323330528,-0.7196642323330528,136.0267657926251
4811,0.5088041622408971,-2.0569355972777537,-0.23772141531000524,-0.44985575934589206,-67.4188461303711,-0.08972898866408452,0.6982140136599277,0.7102435495815609,0.7102435495815609,44.745265352976
4812,0.4850509656613526,-1.8138041850510538,-0.11671451246311405,-0.47079949221458195,-67.48699951171875,0.06936315755350829,-0.6918124496014008,-0.7187379821261128,-0.7187379821261128,135.95038396435982
4813,0.4470073139322289,-2.3848826690631952,-0.3250184127051722,-0.3068852719038772,-67.46109771728516,-0.08218222829970315,0.6797592390304348,0.7288164777942797,0.7288164777942797,43.212733236426715
4814,0.4433022004221141,2.4818925057960386,-0.35028677743934233,0.2716910275482959,-67.58031463623047,0.07478109550767777,-0.6862986097155612,-0.7234652763313243,-0.7234652763313243,136.34132620518906
4815,0.5063767787731038,-2.9453535715057826,-0.4966578000628499,-0.09873434922738479,-67.48811340332031,0.05604480115410923,-0.698046412288082,-0.7138558583883259,-0.7138558583883259,135.54951091083677
4816,0.4255285912144358,-2.574645201882797,-0.3589522189073126,-0.22853421293639856,-67.61687469482422,0.05350576717823018,-0.6891148762423419,-0.7226740760676079,-0.7226740760676079,136.27570072698893
4817,0.4507896246505185,-0.7883451818324821,0.31781563666462065,-0.31969439592213245,-67.58155059814453,0.05025949530571266,-0.695092432824959,-0.7171614134635904,-0.7171614134635904,135.8206160260229
4818,0.41990562142852317,-2.174596165585376,-0.23841171759201535,-0.34565963580102804,-67.76074981689453,-0.043566706010546935,0.6855392160506791,0.7267309855675695,0.7267309855675695,43.386963459261636
4819,0.4217946981783568,-2.5398849213163794,-0.3477149601757157,-0.2387573535650192,-67.534423828125,-0.06883139322852312,0.6841461432304511,0.7260897286211393,0.7260897286211393,43.44042394998959
4820,0.4702311496195096,-1.8112575141740972,-0.11198581628884044,-0.45670177470928197,-67.44938659667969,-0.049218798055042846,0.693154736736486,0.7191064044060446,0.7191064044060446,44.019247269155564
4821,0.46504257094208545,-1.6498714286927187,-0.036734977554160574,-0.46358940261024073,-67.62379455566406,-0.045471191622628096,0.7056888321475441,0.707061272390628,0.707061272390628,45.00368738938228
4822,0.4334007849890974,-1.2091647571305928,0.15333752043230203,-0.40536877686476935,-67.57510375976562,-0.017926883072221938,0.7026374142321611,0.7113222131948767,0.7113222131948767,44.65740369612848
4823,0.48835864941367246,-1.2704089176696376,0.14450058266711133,-0.46649089172888636,-67.66783905029297,-0.01825754639876198,0.7107260122599652,0.7032319656390379,0.7032319656390379,45.31311635348322
4824,0.4181855123941669,-2.0979119369589196,-0.2103651147947076,-0.36142169449796646,-67.6688461303711,-0.024411619606428275,0.7094662859799955,0.7043164501031779,0.7043164501031779,45.22565248559502
4825,0.49772452457882277,-2.3058161734038345,-0.33377500107381103,-0.3692207348259204,-67.5609359741211,-0.023615749512448492,0.7236854182633647,0.6897258236197513,0.6897258236197513,46.3915906503253
4826,0.4641682554663103,-2.4372132251353547,-0.3537025031342838,-0.3005772923212594,-67.49462127685547,-0.01298955768945136,0.7242528510758939,0.6894121257270368,0.6894121257270368,46.41640847565671
4827,0.44855458676379756,2.9256475751805855,-0.43813660500558205,0.09611208384497634,-67.50311279296875,0.022191317046485998,0.6959029027060306,0.7177929335491283,0.7177929335491283,44.12743970910524
4828,0.44862648239983544,-2.2449071406302394,-0.280033940546436,-0.35049495410417114,-67.69613647460938,-0.01917007113480184,0.71614754778972,0.6976856012327168,0.6976856012327168,45.758386864635156
4829,0.40431652057855094,-1.521733565991801,0.01982892728796702,-0.4038299920205956,-67.58443450927734,-0.001027589193744726,0.7160935505988953,0.6980035607725195,0.6980035607725195,45.73295194640925
4830,0.36944745653740996,-2.136778004819409,-0.1981142301369623,-0.3118367761493185,-67.5197982788086,0.0014549207795547163,0.7190152806517728,0.6949927405338691,0.6949927405338691,45.97336127304376
4831,0.4533002200010967,2.586630484015903,-0.3852690925861739,0.23884893918723776,-67.5535888671875,0.023476064268582435,-0.7121177404676188,-0.7016674412552933,-0.7016674412552933,134.5609366043194
4832,0.4382122515682423,-0.655850474090196,0.34729616607827485,-0.2672365065851592,-67.64122772216797,0.013702368575736234,-0.7223894500130017,-0.6913506545923911,-0.6913506545923911,133.73712020219486
4833,0.4212506717508632,-2.882680355497569,-0.40720997968909645,-0.10785249599410843,-67.58489990234375,0.0028990752085431694,-0.7066138994759216,-0.7075933807140706,-0.7075933807140706,135.03944199336945
4834,0.39505935588371693,-1.678625495653161,-0.04251641944108129,-0.39276487718375147,-67.52459716796875,-0.00264958929420261,0.7033425865288961,0.7108461054626483,0.7108461054626483,44.69620144597023
4835,0.3346833791138607,-2.1217753654235008,-0.17521398908264316,-0.28515438324672415,-67.76033020019531,-0.025059720266314853,0.699869105830691,0.7138313842385491,0.7138313842385491,44.45249145272796
4836,0.544846973793039,-1.1662973891244233,0.214428985204284,-0.5008776648600869,-67.674560546875,-0.016715897336052412,0.6989925599876647,0.7149335492604482,0.7149335492604482,44.362246452235674
4837,0.35703813933250994,2.7336096871977067,-0.32773350749724117,0.1416579718956069,-67.46089935302734,-0.019893868822648413,0.6880340847742265,0.7254056328511379,0.7254056328511379,43.49739783194217
4838,0.32622245173998426,2.634233105014353,-0.2851283634962233,0.15850206417965645,-67.48271179199219,0.025610063167605192,-0.6958720179011354,-0.7177090353107959,-0.7177090353107959,135.86565663471438
4839,0.3752798498074255,2.501543964392839,-0.30099946319359383,0.224130071227964,-67.61661529541016,-0.0010213546994080887,-0.6973934858420194,-0.716687716330966,-0.716687716330966,135.78168492160282
4840,0.5032390643909965,-2.065932309020196,-0.23911469916977837,-0.4428021189764926,-67.54949188232422,0.016209128176222262,-0.7022478400378678,-0.7117480139248133,-0.7117480139248133,135.37731710013057
4841,0.4709623087239923,-2.405225137101702,-0.3489421069559067,-0.31629875471112057,-67.51396179199219,-0.017757632335703946,0.7090201400163719,0.7049646143920943,0.7049646143920943,45.17331462838003
4842,0.4829883541093482,-0.8578102185528562,0.3159204665482275,-0.36533821182735243,-67.48382568359375,-0.022262245301588553,0.7043637879955748,0.7094899904823585,0.7094899904823585,44.806565308861806
4843,0.504175524398526,-1.256038213153126,0.15608592463662732,-0.47940603201551163,-67.6238021850586,0.01248182153654042,-0.7073819220301957,-0.7067213174342459,-0.7067213174342459,134.96877496946274
4844,0.5124230771295076,-1.5295974458869914,0.021105285644956208,-0.5119882585496645,-67.32183837890625,0.016765756432626015,0.6849988100542719,0.7283512474318098,0.7283512474318098,43.25164918847778
4845,0.49975501203240613,-2.228796876479892,-0.305618219644536,-0.39541443558981826,-67.52227020263672,0.019761780519165315,-0.6856058237681965,-0.7277046972816963,-0.7277046972816963,136.6943142860681
4846,0.45306733663522775,-2.3623283423367676,-0.3223260307233776,-0.3183958879191925,-67.5363540649414,-0.0020798213224895736,0.7084565944362662,0.7057513217437389,0.7057513217437389,45.109725803149125
4847,0.32497385093066367,-2.5493590996677353,-0.2696294863827619,-0.1814054681140379,-67.54548645019531,0.0023817975220592146,-0.6876937324310202,-0.7259970092332726,-0.7259970092332726,136.55185055299137
4848,0.4044686846304771,-2.044862268768501,-0.1846430271972903,-0.35986368162698645,-67.68478393554688,-0.005578188613620772,0.6914483553041842,0.7224043575165708,0.7224043575165708,43.746652905117415
4849,0.5100773519528097,-2.566788732356538,-0.42810737098937773,-0.27731387249784983,-67.4773941040039,-0.005653410627169863,-0.6912756090323308,-0.7225690771858846,-0.7225690771858846,136.26699758580213
4850,0.38471357507959225,-2.372615037095436,-0.27646364316278804,-0.2675301643921292,-67.56473541259766,-0.01950472342662302,0.6792465745740439,0.7336509092841629,0.7336509092841629,42.806657700925335
4851,0.3959411653715988,-2.7511901904493916,-0.3661489576858933,-0.15067961780331693,-67.5458755493164,0.014288810511910754,-0.6728501109392038,-0.7396408304733156,-0.7396408304733156,137.7008288214273
4852,0.4512013726007617,-1.5217387972135161,0.022125947321615082,-0.45065854157214474,-67.65510559082031,0.014857244481873597,-0.6909977712030964,-0.7227041873953404,-0.7227041873953404,136.2781968480008
4853,0.4047848224915288,-1.6662170021644676,-0.038566253945763435,-0.40294341609721007,-67.48914337158203,0.005034783417816138,0.7090562101912863,0.705133988505097,0.705133988505097,45.159630205536196
4854,0.4009007121595685,2.7035355439625532,-0.36304666817244724,0.1700543964116606,-67.51656341552734,0.0065249191659902,0.7014273951103619,0.7127110458092885,0.7127110458092885,44.54407624171582
4855,0.3347042428642587,-2.644911683206717,-0.2942615787063671,-0.15948997927322328,-67.57060241699219,0.005080182869939063,-0.690336449016331,-0.7234706482653812,-0.7234706482653812,136.34177204512844
4856,0.4337718997822196,-3.1370271740497713,-0.4337673791053427,-0.001980369853801473,-67.45934295654297,0.03453444625121535,-0.6937940717747205,-0.7193449506268714,-0.7193449506268714,136.00042480005087
4857,0.4965767262288403,-3.0750657968470234,-0.4954782511907959,-0.03301132576954692,-67.55892944335938,0.0013901004066012143,-0.6898796434059115,-0.7239227481126643,-0.7239227481126643,136.37930679826565
4858,0.2676151575454891,-2.440297912998286,-0.20445997454067685,-0.17266728514377794,-67.41011047363281,0.008044120756645859,-0.6815279902320044,-0.7317478326934611,-0.7317478326934611,137.0331218539845
4859,0.4992277195216124,-1.3757674402874782,0.09674777296323811,-0.4897633963103035,-67.5040054321289,0.005858010223699268,-0.6924656471908975,-0.7214270657361773,-0.7214270657361773,136.17242765610783
4860,0.4021640440945833,-1.4994879571610242,0.028653364725727052,-0.4011419986144612,-67.49442291259766,0.02348345442505252,-0.6905254924907682,-0.722926740125615,-0.722926740125615,136.29664919816295
4861,0.4043935806383806,2.654376760423871,-0.3573382263533125,0.18932395529409168,-67.50326538085938,-0.01554767800686715,0.6941762133649186,0.7196371686530219,0.7196371686530219,43.97546746910939
4862,0.43489517201299094,-0.9660786993769165,0.24725086583787906,-0.3577720223586916,-67.50731658935547,-0.03328933440395697,0.6783824224761849,0.7339544325707725,0.7339544325707725,42.78105929130748
4863,0.4857132564834231,-0.8742236266923118,0.31163001418316866,-0.3725642250457358,-67.58080291748047,-0.030318241982660234,0.6562269109458769,0.7539542728531439,0.7539542728531439,41.0659198529441
4864,0.39440313425077234,-0.6993577667971276,0.30181927320939905,-0.25388768900083136,-67.54273986816406,-0.021421323970697338,0.6948366454240972,0.7188484979848884,0.7188484979848884,44.04050804573966
4865,0.40412594907649413,-0.7903812902935395,0.2843326776774883,-0.28718062455835464,-67.60803985595703,-0.026099330269902268,0.6700755876167491,0.7418338977422986,0.7418338977422986,42.112129285199856
4866,0.29860919007946085,-3.125921696910112,-0.29857252477410723,-0.004679300153518201,-67.52388000488281,0.04912003887137003,-0.6814199072856596,-0.7302425157001463,-0.7302425157001463,136.906728853486
4867,0.4082873450064275,-0.8557204482224584,0.26770368661823746,-0.30827470260045997,-67.50492858886719,-0.04477021083332488,0.6807761264791846,0.7311220786147393,0.7311220786147393,43.01945547942145
4868,0.5093759602559902,-2.2918239009693275,-0.33626803441178693,-0.38260642691876645,-67.52415466308594,0.011328982077163865,-0.6868820896771654,-0.7266805687823407,-0.7266805687823407,136.6088314692241
4869,0.4609294011744005,-1.7752939424732868,-0.09360336229380596,-0.4513250751224509,-67.44982147216797,0.028049625504992497,-0.6800363347304363,-0.7326416599917206,-0.7326416599917206,137.10831330765487
4870,0.46626233095932695,-0.7500014229033004,0.34115850530710407,-0.31782296255659,-67.44676971435547,-0.03477977045394933,0.6693325387649037,0.7421484488414022,0.7421484488414022,42.085246540904976
4871,0.422334791587261,2.753015776344025,-0.3908493856561638,0.16001073063158772,-67.46957397460938,-0.009187573652547926,0.6802735636579349,0.7329007211611356,0.7329007211611356,42.869873827017
4872,0.4214263970922634,-2.23749675941504,-0.2606085410987039,-0.3311848373228631,-67.84569549560547,0.023328879746442828,-0.6681798497033562,-0.7436339501530147,-0.7436339501530147,138.04189939435858
4873,0.42049566919774606,-0.9509837721525588,0.24425861449739536,-0.3422781574361313,-67.7152328491211,-0.030516260023070143,0.6714388708104649,0.7404313611935762,0.7404313611935762,42.23182610285326
4874,0.4273611456301221,2.948700272760987,-0.4194352529912811,0.08192446119707145,-67.48955535888672,-0.043882995670731784,0.6825782242452334,0.7294938316923498,0.7294938316923498,43.1560230498804
4875,0.43540087792891,-2.3837327441261675,-0.31623544737387177,-0.2992809154047628,-67.40397644042969,0.051093443728109075,-0.6455325597745073,-0.7620217675886791,-0.7620217675886791,139.64275809623135
4876,0.38649768432246495,-2.9265692484969237,-0.3775971839513751,-0.08246712471415,-67.60475158691406,-0.05609726493100657,0.6693808347704203,0.7407984846834635,0.7407984846834635,42.2005212990686
4877,0.3931203489772905,-0.7474098195772902,0.288334898260827,-0.2672201250372906,-67.51385498046875,-0.04794266991968152,0.6565256878084351,0.752778534263985,0.752778534263985,41.16836024506629
4878,0.2875466729480958,-2.2683987730485295,-0.18471483192926563,-0.22037132297298198,-67.65069580078125,0.03822627110660728,-0.659071250888797,-0.7511084065893289,-0.7511084065893289,138.68648291724807
4879,0.4269425084581927,2.7915174801156595,-0.40104713604708775,0.14642779858005991,-67.60731506347656,-0.03380370596088604,0.6520161812953765,0.7574511263390562,0.7574511263390562,40.75999284238354
4880,0.4718527014719171,-1.3364555032493686,0.10956508267405816,-0.45895584160676384,-67.44380187988281,-0.02585107618423001,0.6466704806824022,0.7623313002062215,0.7623313002062215,40.32984654356478
4881,0.464551689702012,-2.014702651686312,-0.19951122798134854,-0.4195277610771054,-67.43848419189453,0.043514565204406594,-0.6557823377715679,-0.7536949038450033,-0.7536949038450033,138.9114636513746
4882,0.4907823500586655,-2.708908237997612,-0.4455535278869677,-0.20578962295651243,-67.62337493896484,-0.04442972815187909,0.6837643404288172,0.7283490413354677,0.7283490413354677,43.25183365879836
4883,0.49911024540646765,-3.0264006896614486,-0.49580251143553006,-0.057366425057915456,-67.60359191894531,0.01762618493422705,-0.6746055716118009,-0.737967912822082,-0.737967912822082,137.55859941557372
4884,0.39283015933560494,-0.8892645116833295,0.24747647290952815,-0.3050752848722694,-67.46070098876953,-0.058716470301549833,0.6771406476233126,0.733507272937091,0.733507272937091,42.818767334578524
4885,0.3999784804490092,2.8558492850283774,-0.3837603065809307,0.11274223660726504,-67.47130584716797,-0.04305119697973789,0.6788520813247542,0.7330119003942988,0.7330119003942988,42.86050982837008
4886,0.40088283485904413,2.827737414578543,-0.3812998774075673,0.12376368923718219,-67.58900451660156,0.06137971361058266,-0.677951178793945,-0.7325399169526419,-0.7325399169526419,137.09974902173454
4887,0.4194135796302148,-1.2513955391177625,0.1316949038055387,-0.39820120930238323,-67.48934173583984,0.03630366002131455,-0.6728541350123814,-0.7388838591184659,-0.7388838591184659,137.6364240922756
4888,0.4325517490133294,-2.8495876772817494,-0.41424123760479425,-0.12451992869472203,-67.63996887207031,-0.03963027228754471,0.6889437694930423,0.7237305603573289,0.7237305603573289,43.63665238553278
4889,0.3701228196163887,-1.079773845426207,0.17452320290181342,-0.3263932493935472,-67.63902282714844,-0.06159240594027267,0.6767172423962392,0.7336621493399523,0.7336621493399523,42.805709962384306
4890,0.3025595398180835,-2.262988428645638,-0.19310145602294276,-0.2329251013024357,-67.5572509765625,0.05006800366766594,-0.6933155444002704,-0.7188927255868508,-0.7188927255868508,135.96313732168358
4891,0.3334477908891445,-2.9931476045607215,-0.32978061593059843,-0.04931708228682797,-67.35771942138672,-0.053281771188471314,0.6910331994936572,0.7208565530371344,0.7208565530371344,43.87475560678457
4892,0.3261036657639318,-1.2243469837899013,0.11073184641018921,-0.30672798864020284,-67.59540557861328,-0.04361110545013385,0.6755906056900495,0.735986008688188,0.735986008688188,42.609401659744435
4893,0.3695056936512574,-0.9019531013842127,0.22912267178580373,-0.2898918055317048,-67.7419662475586,-0.06535673142119301,0.6890857306196516,0.7217266473633346,0.7217266473633346,43.80277975106083
4894,0.32894686804854595,-2.3486033919051192,-0.2308281825394246,-0.23435953606476861,-67.53961944580078,0.07189876546225298,-0.6841917968217656,-0.7257493731907786,-0.7257493731907786,136.53122259202408
4895,0.3938950337125538,2.608375217359492,-0.3392129835033468,0.20021950306144526,-67.5429916381836,-0.07124036426424628,0.682359713634372,0.7275369624344288,0.7275369624344288,43.319695605457454
4896,0.3090812662439708,-1.718937485493864,-0.045620366103313784,-0.30569594589980414,-67.55303192138672,-0.053082621763204774,0.6901241767876627,0.7217415436843687,0.7217415436843687,43.801546678545094
4897,0.5131863174300165,-3.122628070599883,-0.513094035078704,-0.009731781133757531,-67.60433959960938,-0.05367616922609563,0.6830193983032751,0.7284252675454387,0.7284252675454387,43.24545937650981
4898,0.4077468497166917,-1.537716326632956,0.013485805984914716,-0.40752377414185736,-67.60746002197266,-0.043581484096117694,0.6846604654979858,0.727558039765943,0.727558039765943,43.31793534123399
4899,0.3902431594089517,-1.9542149459678368,-0.14598725237668012,-0.3619080623708016,-67.76506042480469,-0.023549471672885257,0.698414047410128,0.715306396423331,0.715306396423331,44.33168491162821
4900,0.49809670101390485,2.4914475502235973,-0.39648296945870964,0.3014988863829173,-67.6340103149414,-0.017593197332881408,0.6816343880203438,0.7314814013190888,0.7314814013190888,42.98927066538686
4901,0.3215650305993008,-1.7873223273920322,-0.06908440279550848,-0.31405638696692223,-67.34503936767578,0.0013388456855612668,0.6945961941300683,0.7193985922923778,0.7193985922923778,43.99515059691281
4902,0.44040905468984637,-2.589618915041531,-0.3750044407363971,-0.2309367984553049,-67.6818618774414,-0.016258162839995996,0.6958014384774748,0.718050158661458,0.718050158661458,44.10626831835808
4903,0.522984251520174,-0.8595031877467454,0.3414113852657915,-0.39617015706513015,-67.55120849609375,-0.01649050764403231,-0.6880534354579066,-0.7254726274038289,-0.7254726274038289,136.508179069666
4904,0.44235234664400475,-2.932861928144109,-0.432750964954342,-0.09166352007501999,-67.74214172363281,-0.015376795469272841,0.692173389608944,0.7215674278114009,0.7215674278114009,43.81595773731603
4905,0.4130469161595819,-2.064389282543092,-0.19569874850905827,-0.3637440786884771,-67.53137969970703,0.008717282520134432,0.6999793133830642,0.7141099143838,0.7141099143838,44.42969916811426
4906,0.3781737713871019,-2.868836844680818,-0.36419351025183777,-0.101874866653108,-67.6624755859375,0.011219637851409633,-0.7023359127005915,-0.7117572517772548,-0.7117572517772548,135.378070612657
4907,0.34960304823171634,-2.9002508257481265,-0.33947090320471335,-0.08355714936666964,-67.58043670654297,-0.027736029484130186,0.7122228553029059,0.7014052445288899,0.7014052445288899,45.460144024636726
4908,0.3525118938203829,-0.6674918467542714,0.27685463733467774,-0.2182112395618451,-67.68016815185547,-0.03209311185228806,0.7073357161026108,0.7061488631281958,0.7061488631281958,45.077566152936086
4909,0.3814976127924772,-1.041162391326752,0.1927392565615991,-0.32922941476490364,-67.60467529296875,0.02066308151917284,-0.7166050695899169,-0.6971730138926511,-0.6971730138926511,134.20063225668744
4910,0.5137291971709208,-0.9862712760765375,0.28347749153303536,-0.42843692630306357,-67.39254760742188,-0.0032839413142699246,0.7024570013492784,0.7117186080079855,0.7117186080079855,44.62508141286543
4911,0.3788111239565583,-1.52386927992934,0.017769963676908338,-0.3783941014658558,-67.59651947021484,0.019265049901609196,-0.6969406416932782,-0.7168700020285759,-0.7168700020285759,135.79666296967008
4912,0.415422136888582,2.5730492994934595,-0.3500704747277233,0.22366540756447387,-67.57827758789062,-0.01247073201494289,0.7026920050406475,0.7113848655228521,0.7113848655228521,44.65229621396391
4913,0.4346667144745334,-0.7177943725089049,0.32741629138746997,-0.2858911065531087,-67.4848861694336,0.037774617235360415,-0.7042521914290039,-0.7089442355786298,-0.7089442355786298,135.1490802323271
4914,0.4241738342913814,-2.9310729404829075,-0.4148091124153893,-0.08863882870734,-67.6186752319336,-0.016578375017803064,0.6812940106872143,0.7318221289927623,0.7318221289927623,42.96063215601792
4915,0.4161911153229426,-3.084455867483403,-0.4155119487984114,-0.0237668861970023,-67.48367309570312,-0.02962686904751266,0.7002137480025169,0.7133182709973924,0.7133182709973924,44.49445563511118
4916,0.36949207161498093,-1.187723226566798,0.1381060096818292,-0.3427114253655584,-67.63560485839844,0.02264003143727301,-0.7028591841767609,-0.7109686323565179,-0.7109686323565179,135.31378066283526
4917,0.400956470705722,-1.3224910563805632,0.09853968781618992,-0.38865926121202404,-67.55326843261719,0.02729772957039996,-0.6974126577754696,-0.7161497181001032,-0.7161497181001032,135.73750213304584
4918,0.5765869791269275,-1.0209706349613594,0.3012889638090279,-0.49160706340084065,-67.4739990234375,0.007205907087016051,-0.6958967775330548,-0.7181056676577365,-0.7181056676577365,135.898301511482
4919,0.299531859795311,2.978652411613651,-0.29556443530981785,0.048590118464831446,-67.3249740600586,0.03217354737893229,-0.6887779736084967,-0.7242580796379345,-0.7242580796379345,136.40716375192525
4920,0.4798675468106772,-2.1852528906360984,-0.2766506337924342,-0.392093470111837,-67.59951782226562,0.03505309319431901,-0.6947185176647444,-0.7184270748456038,-0.7184270748456038,135.92476905548932
4921,0.3328851898920756,-1.772896672915853,-0.06681916871443913,-0.32611002490232427,-67.54976654052734,0.02323194256014511,-0.7076479426935041,-0.7061831674902294,-0.7061831674902294,134.92520978865454
4922,0.38453521665499574,-1.7018489128591068,-0.05025020646195411,-0.3812377861629609,-67.55634307861328,0.03582549563146462,-0.7018840794896731,-0.7113896771964676,-0.7113896771964676,135.3480960576696
4923,0.47032024394835714,-0.6928820125141262,0.3618683023764324,-0.3004204780018184,-67.57205963134766,0.041104983975500206,-0.7020588289212545,-0.7109316289391623,-0.7109316289391623,135.31076585661714
4924,0.35786880059240006,3.0415543822873414,-0.3560795796227476,0.035740892729901774,-67.67646789550781,-0.02669240658406973,0.7111486213690157,0.7025348060813067,0.7025348060813067,45.36927271530885
4925,0.44459567868760463,-2.9081181670149245,-0.4325330930992885,-0.10286127007603012,-67.61422729492188,-0.03016680863393002,0.6990121756914711,0.7144731918637115,0.7144731918637115,44.39995805314007
4926,0.4934090336869435,-2.9240221115722322,-0.48177679162888853,-0.10650632643959633,-67.57274627685547,-0.04501478506721219,0.7002496142382362,0.7124774711417577,0.7124774711417577,44.5631516313758
4927,0.4484796143375502,-2.417507981891064,-0.3359588125671718,-0.2970953394700322,-67.48817443847656,-0.02432435317445643,0.6764250084688667,0.7361097294293413,0.7361097294293413,42.59892985070713
4928,0.40870487710182374,2.8865849326542596,-0.3954879123469792,0.10309698227516126,-67.54562377929688,-0.030402907154007543,0.6864371464645549,0.7265533065028223,0.7265533065028223,43.401781539779854
4929,0.35193148535950036,-1.1332750711234314,0.14911179045117157,-0.3187811856678341,-67.38134765625,0.01837237311459773,-0.6965767722449101,-0.7172469980941021,-0.7172469980941021,135.82765275734013
4930,0.39616693276532816,-1.2931289452622365,0.10859455520658921,-0.3809927311592323,-67.36639404296875,0.012084655221986403,-0.7036643910498245,-0.7104297191676636,-0.7104297191676636,135.26988922286392
4931,0.4537834881422877,-0.9900331605369794,0.24897381843454663,-0.37938304106101417,-67.76092529296875,0.0030434932833310157,-0.7043976573713102,-0.709799040178588,-0.709799040178588,135.21856703781893
4932,0.43400606570204825,-1.0767294769167624,0.20581014733877798,-0.3821039757952816,-67.53225708007812,0.016552233983173334,-0.7280563184776074,-0.6853174597768534,-0.6853174597768534,133.2605786769224
4933,0.33686189817156004,-2.9058239786051447,-0.3275426385050098,-0.07868772713023899,-67.51808166503906,-0.04663311089441274,0.7223482850804424,0.6899552942109028,0.6899552942109028,46.3734298783249
4934,0.3527113218519676,-1.5983082929749932,-0.009702557858965713,-0.35257784521089197,-67.45979309082031,-0.03343672416414861,0.7096189139097671,0.7037918602105976,0.7037918602105976,45.267977271541824
4935,0.43061016973122707,3.0049871032127733,-0.4265985892870475,0.05864095748073268,-67.58441925048828,0.034364427525387896,-0.7104272747031306,-0.7029311299684594,-0.7029311299684594,134.6626445928989
4936,0.47308630440928406,2.831140318635228,-0.45047064249619395,0.14452284133900778,-67.4798583984375,-0.0415828936403808,0.6971282613361801,0.7157395128137664,0.7157395128137664,44.29616225815953
4937,0.44493568218406093,-2.748539603148164,-0.4110066742171338,-0.1704150082286373,-67.55340576171875,0.037860990027639846,-0.7019933731565061,-0.7111763842243902,-0.7111763842243902,135.33070996028096
4938,0.4682456806838069,-1.114764972860299,0.20621001527092928,-0.4203943946831413,-67.70604705810547,-0.04308758080200408,0.7002033190348701,0.7126421068062024,0.7126421068062024,44.549706968262605
4939,0.5000979457955792,2.5421246954297345,-0.41289882331755934,0.282156901549356,-67.53557586669922,-0.05595924493012741,0.6987978637063842,0.7131269933092169,0.7131269933092169,44.51009098532889
4940,0.49759673921321396,3.0521339638107525,-0.4956069689138327,0.04445500241442475,-67.48638153076172,0.0286586529426732,-0.7017646070345972,-0.7118322259669683,-0.7118322259669683,135.38418647382423
4941,0.48674048965171984,-2.4636750690868965,-0.3791126468375356,-0.3052702168149294,-67.66886138916016,-0.03519381247696078,0.709325123070451,0.7040023191328464,0.7040023191328464,45.25100081827797
4942,0.3932230501149845,-0.7890385041052421,0.2770366458894285,-0.2790610398749116,-67.66136169433594,0.009690319625021848,-0.7141326904897621,-0.6999432820446373,-0.6999432820446373,134.42245368847102
4943,0.4548130115763001,-2.421648065767102,-0.34194764519661786,-0.29987778084344907,-67.76371765136719,0.022365826555667448,-0.7092705011003463,-0.7045815254967629,-0.7045815254967629,134.795746038883
4944,0.43870383283042047,-2.656715712961816,-0.38813545705689995,-0.20447963203051028,-67.58013916015625,0.018747023968927405,-0.7071642079086695,-0.7068007725980587,-0.7068007725980587,134.97520995489592
4945,0.40360333710860696,2.957828246795434,-0.396807780276918,0.07375119820659866,-67.60709381103516,0.011691428341840988,-0.7140222940881689,-0.7000253381474103,-0.7000253381474103,134.4290369192445
4946,0.42096969482760505,2.781204612694468,-0.39392662537912093,0.148449647290469,-67.6573715209961,0.03172452350751828,-0.7091042782013093,-0.7043895777514182,-0.7043895777514182,134.78025003805107
4947,0.476980626802823,2.479309851725759,-0.3761424148411078,0.2933042824486439,-67.76780700683594,0.02502917118803137,-0.7039632154975738,-0.7097952745799008,-0.7097952745799008,135.21826074730973
4948,0.4798046716648794,-1.4375995388035954,0.06371963798560466,-0.4755547609754593,-67.45626068115234,-0.017866050005122806,0.6968735481968378,0.7169714513708089,0.7169714513708089,44.19499939853849
4949,0.45473709776438287,-1.8640659807868394,-0.13145713592174163,-0.435321547248039,-67.70429992675781,-0.013474230444511402,0.7132824008117218,0.7007472167666418,0.7007472167666418,45.513015909894335
4950,0.3779266676725472,-1.532151526330201,0.014601265724002548,-0.3776445010553351,-67.5381088256836,-0.024097297877367963,0.713545093224288,0.7001947730243004,0.7001947730243004,45.55736724285674
4951,0.5258548836188437,-1.0896802881724663,0.2433492378546959,-0.46615931510732067,-67.49109649658203,-0.00737841268290057,0.7044491292351788,0.7097161287064563,0.7097161287064563,44.78817652721848
4952,0.49475846756656594,3.0188841228285446,-0.49103825514019195,0.06055884095400473,-67.49337005615234,-0.03734938109818117,0.69414029993466,0.7188701327348377,0.7188701327348377,44.03872487677251
4953,0.3682510557159841,-2.978041767082281,-0.36333687051930075,-0.05995964106945359,-67.62483215332031,-0.03327960859615117,0.7156311283285838,0.6976851408901047,0.6976851408901047,45.758423681400146
4954,0.3964199364884532,-2.560993216979962,-0.3314601848145336,-0.21744634264163765,-67.52491760253906,0.027712973523898878,-0.7213030926480557,-0.6920649099866385,-0.6920649099866385,133.79378746993527
4955,0.3762675206188981,-2.9904931537319044,-0.37198039362130414,-0.05663774213395656,-67.64591979980469,-0.028412140220257835,0.7081184656269393,0.7055217848700732,0.7055217848700732,45.12828631355859
4956,0.43833081188247336,2.5115592238929825,-0.35417472064899574,0.25825214016296955,-67.44681549072266,0.02928112727629427,-0.7137057740980173,-0.6998333255887287,-0.6998333255887287,134.41363321874243
4957,0.395399063701865,-1.620879054748582,-0.0197943863423148,-0.39490328163443095,-67.66333770751953,0.03379585535852943,-0.7055015514613597,-0.7079021126160028,-0.7079021126160028,135.06448078465138
4958,0.3555472692012523,-2.555950379562741,-0.29629789473078977,-0.19652332740560238,-67.6390609741211,-0.039377525454979585,0.7158506917961708,0.6971421645145174,0.6971421645145174,45.801833212696145
4959,0.4736178983417007,-1.186208135873668,0.17769075106645554,-0.4390215377576008,-67.494873046875,-0.04049866235423892,0.7098698594834411,0.7031675767158758,0.7031675767158758,45.31830517681626
4960,0.4896165084072983,-1.235107054493689,0.1612894935009975,-0.4622878157502593,-67.34048461914062,-0.035692082324741234,0.7084900393953338,0.7048176638939482,0.7048176638939482,45.18518472479297
4961,0.40298002178800424,-2.2315813490238674,-0.2473236788899776,-0.31815703012912916,-67.57111358642578,-0.022990889118377426,0.7175777740130905,0.6960988128563103,0.6960988128563103,45.88515681015731
4962,0.384879883174891,-2.781927245505988,-0.3602532050618094,-0.13546273552313817,-67.44744110107422,-0.03463303890996563,0.7049405546786808,0.7084203321370546,0.7084203321370546,44.89346587363947
4963,0.3737063244681005,2.7730999103894822,-0.34861991731015374,0.13461266731670818,-67.7481460571289,-0.019850228900199392,0.7068875022530581,0.7070474012193543,0.7070474012193543,45.00481126579734
4964,0.3856501586665286,-0.9698691524738029,0.2180494768822824,-0.3180887777191796,-67.48944854736328,0.04609301652054115,-0.7146582107030267,-0.6979534910742875,-0.6979534910742875,134.26304203833828
4965,0.41244988623231005,-1.4447642603621336,0.051844406558851835,-0.4091785260269727,-67.72891235351562,0.04030431209884211,-0.7146774115983849,-0.6982920304408979,-0.6982920304408979,134.29013347890907
4966,0.478549891802506,-1.9097268597184256,-0.15910762511505086,-0.4513255616231355,-67.38351440429688,0.03360841392363637,-0.6970161810683659,-0.7162673508142113,-0.7162673508142113,135.7471596628698
4967,0.4427784489478364,-1.3284241603721898,0.10626954233294432,-0.4298366424875831,-67.55965423583984,0.036717906172139075,-0.7024804925913514,-0.7107551989925551,-0.7107551989925551,135.2963936562133
4968,0.4414598689282155,3.0963596922447447,-0.44100832788928185,0.019961728542810406,-67.70071411132812,-0.02739499436330541,0.7093558814167172,0.704317930897224,0.704317930897224,45.22553296877162
4969,0.4285037275528195,-1.157846230640737,0.1719641953078989,-0.3924840889243381,-67.62539672851562,-0.035011982463348176,0.719163058786417,0.6939586846210306,0.6939586846210306,46.055704190917176
4970,0.39345305587665,-2.0176717611177626,-0.1700307024172146,-0.35481666732861195,-67.62387084960938,0.028661016646216446,-0.7085938401350133,-0.705034265725802,-0.705034265725802,134.8323123925359
4971,0.38911749253189737,-2.5530430720771706,-0.323647214100755,-0.21602060966290063,-67.57658386230469,-0.042710965862145255,0.7086778180760913,0.7042382576671287,0.7042382576671287,45.23196314800971
4972,0.39165635162070156,-1.4904295228211073,0.03144229700779293,-0.3903922126832352,-67.6216049194336,0.030763988060211963,-0.7180510542677739,-0.6953101901335617,-0.6953101901335617,134.05194050950726
4973,0.37457281254075175,2.9774247643157707,-0.36953656494166504,0.06121698347520677,-67.42312622070312,0.03052826239297814,-0.7371831442766779,-0.675002990356055,-0.675002990356055,132.45438242313506
4974,0.3925058190648968,-2.4572636217571517,-0.30413053401850737,-0.24812383254621675,-67.54212188720703,-0.02889956157567479,0.7170653534196505,0.6964065581726565,0.6964065581726565,45.86059204596201
4975,0.3480673321653458,-1.3661976879905091,0.07071829703611332,-0.34080755593885126,-67.46329498291016,0.02712883174325771,-0.7126307783471688,-0.7010145506625054,-0.7010145506625054,134.5084583218275
4976,0.40642654170785963,3.1096380797535805,-0.40621905935175484,0.012984976857354256,-67.45074462890625,0.03479476560949387,-0.7202988851589299,-0.6927906179539265,-0.6927906179539265,133.8514184435753
4977,0.38802732192279804,-1.944632885746013,-0.1417035776661751,-0.36122748875907135,-67.49100494384766,-0.041067722993013825,0.7126325520344002,0.7003344114843331,0.7003344114843331,45.5461599581242
4978,0.49515533526030225,-0.9581564801308312,0.28472877956735415,-0.40510286116346717,-67.5006332397461,0.01887143182201436,-0.7164414768944584,-0.6973919122317626,-0.6973919122317626,134.21812948475775
4979,0.4910738103878764,-2.0455382946096097,-0.224474241603881,-0.43676630147623624,-67.54190826416016,0.04401481780401264,-0.7049073313047133,-0.7079324474033852,-0.7079324474033852,135.06694158987167
4980,0.5201258599105104,2.6379126526202428,-0.4555326449762818,0.25103967715992764,-67.53067779541016,0.022913978476039164,-0.7125951437998915,-0.7012011912591218,-0.7012011912591218,134.52345536304202
4981,0.46677032888738035,-0.49269995979947034,0.41125218667561764,-0.22078536836519796,-67.73680877685547,0.01155330474717066,-0.7235359468450234,-0.6901900135270682,-0.6901900135270682,133.64515196674034
4982,0.2823495279529369,-2.807139882773468,-0.2667045632822013,-0.09268188528346064,-67.63200378417969,-0.020695519613853477,0.7139532399376376,0.6998874671334406,0.6998874671334406,45.582023829600864
4983,0.4790461643972524,-2.665448162441969,-0.4257612461168843,-0.21957365262871867,-67.680908203125,-0.020101343012454836,0.7082999598826486,0.7056253275211528,0.7056253275211528,45.11991452443068
4984,0.2371323977437817,-0.5407633063771036,0.2032973959188864,-0.12207351421301277,-67.52879333496094,0.01781472182740757,-0.7140408618702531,-0.6998773344421138,-0.6998773344421138,134.41716335434162
4985,0.2995866690426037,-2.799773447705049,-0.2822545089629616,-0.10042193205729505,-67.68504333496094,0.005749165306066487,-0.7249017575171305,-0.6888282725374003,-0.6888282725374003,133.5374279101378
4986,0.4913283405051542,-1.7437140824313644,-0.08453663767747555,-0.4840011312731986,-67.65972137451172,0.0025553599498719043,-0.7151438807740833,-0.6989726031304163,-0.6989726031304163,134.34463381521064
4987,0.36687834797689906,2.730836224337943,-0.33636105504876673,0.14649560696737332,-67.53612518310547,0.0073002659200931885,0.7236561615336465,0.6901220660085321,0.6901220660085321,46.36022777361327
4988,0.5360504521209286,3.1345064618455623,-0.5360369935281413,0.0037985244982010344,-67.33868408203125,0.010301557147713756,0.7288169418582553,0.6846311000682871,0.6846311000682871,46.79339783644754
4989,0.3398495123289616,-2.822830900804637,-0.3227293217551753,-0.10650575528898681,-67.54391479492188,0.00025517189361370593,0.7044789360453176,0.7097248505975834,0.7097248505975834,44.787467173998465
4990,0.33457803006828174,2.5859759394240722,-0.2842492320314435,0.1764789854172633,-67.56765747070312,0.014563463712529933,-0.71912114048189,-0.6947321000477231,-0.6947321000477231,134.00587288976556
4991,0.41839132662607476,-1.2638101282986474,0.1264324662692493,-0.3988309587644895,-67.54405975341797,-0.029127086795225483,-0.725958826914584,-0.6871210915403664,-0.6871210915403664,133.40264814693916
4992,0.42904831949630445,-0.8958918096212659,0.2680791593541182,-0.3349866038852782,-67.59814453125,-0.016660614510720796,0.7145810164617994,0.6993542699065666,0.6993542699065666,45.624780083505435
4993,0.38623161529937766,-1.1633659569663743,0.15304480022371153,-0.3546154956868787,-67.55864715576172,0.004705430075989676,-0.7312296400955512,-0.6821151459786909,-0.6821151459786909,133.00914993441648
4994,0.3973327671900069,3.1241762958880237,-0.3972725073353449,0.006919739760749907,-67.7323226928711,-0.006713635571935454,0.7286476620295496,0.6848558327971506,0.6848558327971506,46.775729729247345
4995,0.43688370955707057,-2.863544777656231,-0.420104355060445,-0.11991541408673997,-67.53345489501953,-0.014390670868223142,0.7274771202658356,0.6859810114585458,0.6859810114585458,46.687192940427714
4996,0.43621160522604296,-2.9587019909364045,-0.4289364981487579,-0.07933501805483993,-67.67798614501953,-0.018562466625251194,0.7411463960542073,0.6710867711769073,0.6710867711769073,47.84900217110604
4997,0.4617447547591297,-2.986178795613828,-0.4561796013728148,-0.07147300076888193,-67.55530548095703,-0.045685684730606975,0.7407637203782352,0.6702103615896217,0.6702103615896217,47.91669731397084
4998,0.43381742454472333,-1.709789956577457,-0.060103894599574104,-0.42963365754160837,-67.71577453613281,-0.016153708898099695,0.7413689613342443,0.6709032127356518,0.6709032127356518,47.86318647962177
4999,0.4100625151412366,-1.6949716612575614,-0.05078889144734102,-0.40690509314766155,-67.63396453857422,-0.014309211348844091,0.7397362935836026,0.672744723075379,0.672744723075379,47.72074106341247
5000,0.39906748912463896,-2.8456197847183518,-0.381715570909922,-0.1163962361984105,-67.49492645263672,0.005927806557862647,-0.7534996145796035,-0.6574216241787318,-0.6574216241787318,131.10352638818063
