{
  "mae": 0.005205664783716202,
  "rmse": 0.0063756899908185005,
  "r2": 0.9998152852058411,
  "mean_error": -0.0027119191363453865,
  "std_error": 0.005770175252109766,
  "max_abs_error": 0.034684181213378906,
  "mae_kcal_mol": 0.12004445493221283,
  "rmse_kcal_mol": 0.14702564477920532,
  "mean_error_kcal_mol": -0.06253780424594879,
  "std_error_kcal_mol": 0.13306225836277008,
  "max_abs_error_kcal_mol": 0.799829363822937,
  "mae_overall": 0.001319593284279108,
  "rmse_overall": 0.0020998192485421896,
  "r2_overall": 0.9998438358306885,
  "r_overall": 0.9999220129722973,
  "mae_x": 0.0013017748715355992,
  "mae_y": 0.0014005942502990365,
  "mae_z": 0.001256410963833332,
  "r2_x": 0.9998968839645386,
  "r2_y": 0.9998705387115479,
  "r2_z": 0.9997485876083374,
  "mae_components": [
    0.01775614358484745,
    0.021949924528598785,
    0.02379525452852249
  ],
  "mae_magnitude": 0.0016328702913597226,
  "rmse_magnitude": 0.0022686815354973078,
  "r2_magnitude": 0.9996833205223083,
  "mae_overall_kcal_mol_ang": 0.4881209135055542,
  "rmse_overall_kcal_mol_ang": 0.7312251925468445,
  "mae_x_kcal_mol_ang": 0.40946289896965027,
  "mae_y_kcal_mol_ang": 0.5061729550361633,
  "mae_z_kcal_mol_ang": 0.5487269163131714,
  "mae_magnitude_kcal_mol_ang": 0.6509540677070618,
  "rmse_magnitude_kcal_mol_ang": 0.9502558708190918,
  "r": 0.9999185135287267,
  "mae_overall_debye": 0.001319593284279108,
  "rmse_overall_debye": 0.0020998192485421896,
  "mae_x_debye": 0.0013017748715355992,
  "mae_y_debye": 0.0014005942502990365,
  "mae_z_debye": 0.001256410963833332,
  "mae_magnitude_debye": 0.0016328702913597226,
  "rmse_magnitude_debye": 0.0022686815354973078
}