CUDA graph capture is not supported in this JAX version
JAX devices: [CudaDevice(id=0), CudaDevice(id=1)]
Arguments:
  data: None
  train_npz: out/splits01/energies_forces_dipoles_train.npz
  valid_npz: out/splits01/energies_forces_dipoles_valid.npz
  test_npz: out/splits01/energies_forces_dipoles_test.npz
  output_dir: /mmhome/boittier/home/ckpts/dipeptide_ef2_ptF_run0
  features: 64
  max_degree: 0
  num_iterations: 2
  num_basis_functions: 32
  cutoff: 10.0
  num_train: 8000
  num_valid: 1000
  num_epochs: 500
  learning_rate: 0.0004
  batch_size: 16
  clip_norm: 1000.0
  ema_decay: 0.5
  early_stopping_patience: None
  early_stopping_min_delta: 0.0
  reduce_on_plateau_patience: 15
  reduce_on_plateau_cooldown: 15
  reduce_on_plateau_factor: 0.9
  reduce_on_plateau_rtol: 0.0001
  reduce_on_plateau_accumulation_size: 5
  reduce_on_plateau_min_scale: 0.01
  restart: None
  energy_weight: 1.0
  forces_weight: 1.0
  dipole_weight: 1.0
  charge_weight: 1.0
  dipole_field_coupling: False
  field_scale: 100.0
  zbl: True
  include_pseudotensors: True
  gradient_checkpoint: False
  rot_augment: False
  rot_perturbation: 1.0
  verbose: False
  save_every: 0
Hyperparameters:
  restart: None
  features: 64
  max_degree: 0
  num_iterations: 2
  num_basis_functions: 32
  cutoff: 10.0
  num_train: 8000
  num_valid: 1000
  num_epochs: 500
  learning_rate: 0.0004
  batch_size: 16
  clip_norm: 1000.0
  ema_decay: 0.5
  early_stopping_patience: None
  early_stopping_min_delta: 0.0
  reduce_on_plateau_patience: 15
  reduce_on_plateau_cooldown: 15
  reduce_on_plateau_factor: 0.9
  reduce_on_plateau_rtol: 0.0001
  reduce_on_plateau_accumulation_size: 5
  reduce_on_plateau_min_scale: 0.01
  save_every: 0
  rot_augment: False
  rot_perturbation: 1.0
Loading splits:
  train: out/splits01/energies_forces_dipoles_train.npz
  valid: out/splits01/energies_forces_dipoles_valid.npz

Test split (informational only, not used in training):
  atomic_numbers: (768, 29)
  positions: (768, 29, 3)
  electric_field: (768, 3)
  energies: (768,)
  forces: (768, 29, 3)
  D: (768, 3)

Prepared data shapes:
  train atomic_numbers: (6134, 29)
  train positions:      (6134, 29, 3)
  train electric_field: (6134, 3)
  train energies:       (6134,)
  train forces:        (6134, 29, 3)
Message passing model: MessagePassingModel(
    # attributes
    features = 64
    max_degree = 0
    num_iterations = 2
    num_basis_functions = 32
    cutoff = 10.0
    max_atomic_number = 55
    include_pseudotensors = True
    dipole_field_coupling = False
    field_scale = 100.0
    zbl = True
)

============================================================
Training Run UUID: d0e9ce01-6fcd-4524-aa98-54861c901ec5
============================================================

                              Validation Batch[0]                               
┏━━━━━━━━━━━━━━━━┳━━━━━━━━━━━━━━━━━━━━━━━━━━━━━━━━━━━━━━━━━━━━━━━━━━━━━━━━━━━━━┓
┃ Key            ┃ Shape + Stats                                               ┃
┡━━━━━━━━━━━━━━━━╇━━━━━━━━━━━━━━━━━━━━━━━━━━━━━━━━━━━━━━━━━━━━━━━━━━━━━━━━━━━━━┩
│ atomic_numbers │ shape=(464,) x∈[1, 16]                                      │
│ positions      │ shape=(464, 3) x∈[-13.74, 3.825] μ=-2.279 σ=3.429           │
│ energies       │ shape=(16,) x∈[-128, -120.1] μ=-125.4 σ=1.68                │
│ forces         │ shape=(464, 3) x∈[-20.85, 12.69] μ=-2.911e-06 σ=2.573       │
│ electric_field │ shape=(16, 3) x∈[-0.02669, 0.02083] μ=-0.0003554 σ=0.006886 │
│ dst_idx_flat   │ shape=(12992,) x∈[0, 463]                                   │
│ src_idx_flat   │ shape=(12992,) x∈[0, 463]                                   │
│ batch_segments │ shape=(464,) x∈[0, 15]                                      │
│ dipoles        │ shape=(16, 3) x∈[-1.223, 1.516] μ=0.3296 σ=0.6046           │
└────────────────┴─────────────────────────────────────────────────────────────┘
epoch:   1                    train:   valid:
    weighted total loss      3995.419922  67.317848
    energy MSE [eV²]         3927.419189  10.340556
    force MSE [(eV/Å)²]      8.937287  4.314101
    energy mae [kcal/mol]          877.112000  85.317970
    energy R²                    N/A -13.914469
    forces mae [kcal/mol/Å]        74.798904  52.713303
    forces R²                    N/A -0.259563
    dipole mae [tgt units]   0.537827  0.536683
    dipole R²                    N/A -0.002572
    dipole MSE [tgt²]        0.251054  0.244860
    charge loss [e²]         58.811970  52.418331
    charge RMSE [e]          7.668896  7.240050
    LR scale:  1.000000, effective LR:  0.000400
    ✓ Best valid checkpoint: params-best-d0e9ce01-6fcd-4524-aa98-54861c901ec5.json (weighted loss=67.317848, epoch 1)
epoch:   2                    train:   valid:
    weighted total loss      46.756462  7.424592
    energy MSE [eV²]         8.866882  2.166110
    force MSE [(eV/Å)²]      3.337907  2.699357
    energy mae [kcal/mol]          76.110313  37.743652
    energy R²                    N/A -1.929678
    forces mae [kcal/mol/Å]        44.637424  38.620285
    forces R²                    N/A  0.215756
    dipole mae [tgt units]   0.565253  0.615234
    dipole R²                    N/A -0.264558
    dipole MSE [tgt²]        0.270786  0.306046
    charge loss [e²]         34.280888  2.253080
    charge RMSE [e]          5.854988  1.501026
    LR scale:  1.000000, effective LR:  0.000400
    ✓ Best valid checkpoint: params-best-d0e9ce01-6fcd-4524-aa98-54861c901ec5.json (weighted loss=7.424592, epoch 2)
epoch:   3                    train:   valid:
    weighted total loss      5.212522  4.351940
    energy MSE [eV²]         2.133872  1.441161
    force MSE [(eV/Å)²]      2.692796  2.571277
    energy mae [kcal/mol]          37.914417  31.110165
    energy R²                    N/A -0.918675
    forces mae [kcal/mol/Å]        38.463509  37.220291
    forces R²                    N/A  0.253331
    dipole mae [tgt units]   0.640949  0.640003
    dipole R²                    N/A -0.356128
    dipole MSE [tgt²]        0.333030  0.327404
    charge loss [e²]         0.052819  0.012099
    charge RMSE [e]          0.229823  0.109996
    LR scale:  1.000000, effective LR:  0.000400
    ✓ Best valid checkpoint: params-best-d0e9ce01-6fcd-4524-aa98-54861c901ec5.json (weighted loss=4.351940, epoch 3)
epoch:   4                    train:   valid:
    weighted total loss      4.201510  3.760175
    energy MSE [eV²]         1.321271  1.001669
    force MSE [(eV/Å)²]      2.533582  2.428031
    energy mae [kcal/mol]          29.665205  26.283216
    energy R²                    N/A -0.318911
    forces mae [kcal/mol/Å]        36.788258  35.783085
    forces R²                    N/A  0.295145
    dipole mae [tgt units]   0.644535  0.636942
    dipole R²                    N/A -0.344472
    dipole MSE [tgt²]        0.336188  0.324653
    charge loss [e²]         0.010470  0.005822
    charge RMSE [e]          0.102324  0.076299
    LR scale:  1.000000, effective LR:  0.000400
    ✓ Best valid checkpoint: params-best-d0e9ce01-6fcd-4524-aa98-54861c901ec5.json (weighted loss=3.760175, epoch 4)
epoch:   5                    train:   valid:
    weighted total loss      3.616622  3.295724
    energy MSE [eV²]         0.898238  0.707819
    force MSE [(eV/Å)²]      2.385199  2.271160
    energy mae [kcal/mol]          24.073128  21.192007
    energy R²                    N/A  0.104396
    forces mae [kcal/mol/Å]        35.462616  34.542404
    forces R²                    N/A  0.340690
    dipole mae [tgt units]   0.632154  0.615533
    dipole R²                    N/A -0.265441
    dipole MSE [tgt²]        0.325178  0.306153
    charge loss [e²]         0.008008  0.010591
    charge RMSE [e]          0.089485  0.102914
    LR scale:  1.000000, effective LR:  0.000400
    ✓ Best valid checkpoint: params-best-d0e9ce01-6fcd-4524-aa98-54861c901ec5.json (weighted loss=3.295724, epoch 5)
epoch:   6                    train:   valid:
    weighted total loss      3.383440  3.150846
    energy MSE [eV²]         0.840070  0.734786
    force MSE [(eV/Å)²]      2.229923  2.123034
    energy mae [kcal/mol]          23.342867  22.149128
    energy R²                    N/A  0.034647
    forces mae [kcal/mol/Å]        34.290649  33.448139
    forces R²                    N/A  0.383637
    dipole mae [tgt units]   0.609734  0.592621
    dipole R²                    N/A -0.184196
    dipole MSE [tgt²]        0.305989  0.287135
    charge loss [e²]         0.007458  0.005891
    charge RMSE [e]          0.086359  0.076755
    LR scale:  1.000000, effective LR:  0.000400
    ✓ Best valid checkpoint: params-best-d0e9ce01-6fcd-4524-aa98-54861c901ec5.json (weighted loss=3.150846, epoch 6)
epoch:   7                    train:   valid:
    weighted total loss      3.211024  2.904681
    energy MSE [eV²]         0.822435  0.639914
    force MSE [(eV/Å)²]      2.095088  1.989853
    energy mae [kcal/mol]          23.064007  20.051708
    energy R²                    N/A  0.185433
    forces mae [kcal/mol/Å]        33.255379  32.372555
    forces R²                    N/A  0.422270
    dipole mae [tgt units]   0.585630  0.564667
    dipole R²                    N/A -0.091166
    dipole MSE [tgt²]        0.286316  0.265334
    charge loss [e²]         0.007187  0.009581
    charge RMSE [e]          0.084774  0.097882
    LR scale:  1.000000, effective LR:  0.000400
    ✓ Best valid checkpoint: params-best-d0e9ce01-6fcd-4524-aa98-54861c901ec5.json (weighted loss=2.904681, epoch 7)
epoch:   8                    train:   valid:
    weighted total loss      3.035882  2.875241
    energy MSE [eV²]         0.796173  0.763610
    force MSE [(eV/Å)²]      1.968569  1.864522
    energy mae [kcal/mol]          22.669466  22.184444
    energy R²                    N/A  0.011588
    forces mae [kcal/mol/Å]        32.206650  31.279245
    forces R²                    N/A  0.458643
    dipole mae [tgt units]   0.555596  0.530293
    dipole R²                    N/A  0.014817
    dipole MSE [tgt²]        0.263415  0.240450
    charge loss [e²]         0.007726  0.006659
    charge RMSE [e]          0.087897  0.081603
    LR scale:  1.000000, effective LR:  0.000400
    ✓ Best valid checkpoint: params-best-d0e9ce01-6fcd-4524-aa98-54861c901ec5.json (weighted loss=2.875241, epoch 8)
epoch:   9                    train:   valid:
    weighted total loss      2.880944  2.606744
    energy MSE [eV²]         0.784516  0.628111
    force MSE [(eV/Å)²]      1.850280  1.751751
    energy mae [kcal/mol]          22.724815  19.878017
    energy R²                    N/A  0.199066
    forces mae [kcal/mol/Å]        31.126146  30.224756
    forces R²                    N/A  0.491385
    dipole mae [tgt units]   0.518871  0.490646
    dipole R²                    N/A  0.123838
    dipole MSE [tgt²]        0.237436  0.214783
    charge loss [e²]         0.008713  0.012100
    charge RMSE [e]          0.093343  0.110001
    LR scale:  1.000000, effective LR:  0.000400
    ✓ Best valid checkpoint: params-best-d0e9ce01-6fcd-4524-aa98-54861c901ec5.json (weighted loss=2.606744, epoch 9)
epoch:  10                    train:   valid:
    weighted total loss      2.726418  2.425552
    energy MSE [eV²]         0.759258  0.579425
    force MSE [(eV/Å)²]      1.742646  1.644511
    energy mae [kcal/mol]          22.173702  19.147760
    energy R²                    N/A  0.260677
    forces mae [kcal/mol/Å]        30.071621  29.164543
    forces R²                    N/A  0.522525
    dipole mae [tgt units]   0.480682  0.450442
    dipole R²                    N/A  0.217290
    dipole MSE [tgt²]        0.214108  0.192668
    charge loss [e²]         0.010405  0.008947
    charge RMSE [e]          0.102004  0.094590
    LR scale:  1.000000, effective LR:  0.000400
    ✓ Best valid checkpoint: params-best-d0e9ce01-6fcd-4524-aa98-54861c901ec5.json (weighted loss=2.425552, epoch 10)
epoch:  11                    train:   valid:
    weighted total loss      2.636806  2.496651
    energy MSE [eV²]         0.774412  0.743868
    force MSE [(eV/Å)²]      1.652434  1.560652
    energy mae [kcal/mol]          22.434816  22.252090
    energy R²                    N/A  0.031066
    forces mae [kcal/mol/Å]        29.136766  28.254486
    forces R²                    N/A  0.546882
    dipole mae [tgt units]   0.452027  0.426219
    dipole R²                    N/A  0.263758
    dipole MSE [tgt²]        0.199059  0.181576
    charge loss [e²]         0.010902  0.010556
    charge RMSE [e]          0.104411  0.102740
    LR scale:  1.000000, effective LR:  0.000400
epoch:  12                    train:   valid:
    weighted total loss      2.595831  2.245842
    energy MSE [eV²]         0.808199  0.555154
    force MSE [(eV/Å)²]      1.582284  1.503732
    energy mae [kcal/mol]          22.934843  18.840023
    energy R²                    N/A  0.281580
    forces mae [kcal/mol/Å]        28.360220  27.635752
    forces R²                    N/A  0.563417
    dipole mae [tgt units]   0.436664  0.415347
    dipole R²                    N/A  0.281767
    dipole MSE [tgt²]        0.192217  0.177228
    charge loss [e²]         0.013132  0.009728
    charge RMSE [e]          0.114594  0.098633
    LR scale:  1.000000, effective LR:  0.000400
    ✓ Best valid checkpoint: params-best-d0e9ce01-6fcd-4524-aa98-54861c901ec5.json (weighted loss=2.245842, epoch 12)
epoch:  13                    train:   valid:
    weighted total loss      2.439465  2.235216
    energy MSE [eV²]         0.715773  0.601681
    force MSE [(eV/Å)²]      1.523313  1.448541
    energy mae [kcal/mol]          21.563519  19.775898
    energy R²                    N/A  0.203577
    forces mae [kcal/mol/Å]        27.713379  27.027992
    forces R²                    N/A  0.579440
    dipole mae [tgt units]   0.428172  0.409668
    dipole R²                    N/A  0.290830
    dipole MSE [tgt²]        0.188767  0.175028
    charge loss [e²]         0.011613  0.009966
    charge RMSE [e]          0.107763  0.099832
    LR scale:  1.000000, effective LR:  0.000400
    ✓ Best valid checkpoint: params-best-d0e9ce01-6fcd-4524-aa98-54861c901ec5.json (weighted loss=2.235216, epoch 13)
epoch:  14                    train:   valid:
    weighted total loss      2.397510  2.195655
    energy MSE [eV²]         0.726783  0.611854
    force MSE [(eV/Å)²]      1.473392  1.403759
    energy mae [kcal/mol]          21.708036  19.992405
    energy R²                    N/A  0.183685
    forces mae [kcal/mol/Å]        27.159298  26.530636
    forces R²                    N/A  0.592444
    dipole mae [tgt units]   0.424047  0.405782
    dipole R²                    N/A  0.297091
    dipole MSE [tgt²]        0.187238  0.173512
    charge loss [e²]         0.010099  0.006530
    charge RMSE [e]          0.100494  0.080806
    LR scale:  1.000000, effective LR:  0.000400
    ✓ Best valid checkpoint: params-best-d0e9ce01-6fcd-4524-aa98-54861c901ec5.json (weighted loss=2.195655, epoch 14)
epoch:  15                    train:   valid:
    weighted total loss      2.384272  2.169288
    energy MSE [eV²]         0.752163  0.618525
    force MSE [(eV/Å)²]      1.436397  1.369052
    energy mae [kcal/mol]          22.057701  20.164385
    energy R²                    N/A  0.204072
    forces mae [kcal/mol/Å]        26.727949  26.088766
    forces R²                    N/A  0.602536
    dipole mae [tgt units]   0.421663  0.402790
    dipole R²                    N/A  0.301990
    dipole MSE [tgt²]        0.186300  0.172336
    charge loss [e²]         0.009412  0.009375
    charge RMSE [e]          0.097016  0.096824
    LR scale:  1.000000, effective LR:  0.000400
    ✓ Best valid checkpoint: params-best-d0e9ce01-6fcd-4524-aa98-54861c901ec5.json (weighted loss=2.169288, epoch 15)
epoch:  16                    train:   valid:
    weighted total loss      2.310892  2.007858
    energy MSE [eV²]         0.709731  0.490374
    force MSE [(eV/Å)²]      1.406765  1.341181
    energy mae [kcal/mol]          21.422483  17.651863
    energy R²                    N/A  0.376841
    forces mae [kcal/mol/Å]        26.379936  25.765524
    forces R²                    N/A  0.610635
    dipole mae [tgt units]   0.418680  0.399706
    dipole R²                    N/A  0.306954
    dipole MSE [tgt²]        0.185102  0.171146
    charge loss [e²]         0.009295  0.005156
    charge RMSE [e]          0.096412  0.071806
    LR scale:  1.000000, effective LR:  0.000400
    ✓ Best valid checkpoint: params-best-d0e9ce01-6fcd-4524-aa98-54861c901ec5.json (weighted loss=2.007858, epoch 16)
epoch:  17                    train:   valid:
    weighted total loss      2.253857  2.004101
    energy MSE [eV²]         0.683451  0.514705
    force MSE [(eV/Å)²]      1.379128  1.315187
    energy mae [kcal/mol]          21.088026  18.124203
    energy R²                    N/A  0.347287
    forces mae [kcal/mol/Å]        26.057222  25.466389
    forces R²                    N/A  0.618195
    dipole mae [tgt units]   0.415369  0.397734
    dipole R²                    N/A  0.310398
    dipole MSE [tgt²]        0.183836  0.170347
    charge loss [e²]         0.007441  0.003862
    charge RMSE [e]          0.086262  0.062144
    LR scale:  1.000000, effective LR:  0.000400
    ✓ Best valid checkpoint: params-best-d0e9ce01-6fcd-4524-aa98-54861c901ec5.json (weighted loss=2.004101, epoch 17)
epoch:  18                    train:   valid:
    weighted total loss      2.221987  2.063007
    energy MSE [eV²]         0.677381  0.595865
    force MSE [(eV/Å)²]      1.356154  1.294403
    energy mae [kcal/mol]          21.003155  19.906521
    energy R²                    N/A  0.232956
    forces mae [kcal/mol/Å]        25.792742  25.231674
    forces R²                    N/A  0.624240
    dipole mae [tgt units]   0.412150  0.394032
    dipole R²                    N/A  0.316111
    dipole MSE [tgt²]        0.182672  0.168980
    charge loss [e²]         0.005782  0.003758
    charge RMSE [e]          0.076040  0.061306
    LR scale:  1.000000, effective LR:  0.000400
epoch:  19                    train:   valid:
    weighted total loss      2.183098  2.002410
    energy MSE [eV²]         0.658781  0.554647
    force MSE [(eV/Å)²]      1.336195  1.277172
    energy mae [kcal/mol]          20.468178  18.889038
    energy R²                    N/A  0.263893
    forces mae [kcal/mol/Å]        25.577793  25.039942
    forces R²                    N/A  0.629252
    dipole mae [tgt units]   0.408046  0.391373
    dipole R²                    N/A  0.320415
    dipole MSE [tgt²]        0.181098  0.167969
    charge loss [e²]         0.007023  0.002622
    charge RMSE [e]          0.083806  0.051201
    LR scale:  1.000000, effective LR:  0.000400
    ✓ Best valid checkpoint: params-best-d0e9ce01-6fcd-4524-aa98-54861c901ec5.json (weighted loss=2.002410, epoch 19)
epoch:  20                    train:   valid:
    weighted total loss      2.149568  1.911565
    energy MSE [eV²]         0.647484  0.482532
    force MSE [(eV/Å)²]      1.317966  1.260601
    energy mae [kcal/mol]          20.511772  17.498320
    energy R²                    N/A  0.375155
    forces mae [kcal/mol/Å]        25.359228  24.839417
    forces R²                    N/A  0.634080
    dipole mae [tgt units]   0.404334  0.386802
    dipole R²                    N/A  0.327002
    dipole MSE [tgt²]        0.179887  0.166374
    charge loss [e²]         0.004230  0.002059
    charge RMSE [e]          0.065038  0.045376
    LR scale:  1.000000, effective LR:  0.000400
    ✓ Best valid checkpoint: params-best-d0e9ce01-6fcd-4524-aa98-54861c901ec5.json (weighted loss=1.911565, epoch 20)
epoch:  21                    train:   valid:
    weighted total loss      2.155131  1.864703
    energy MSE [eV²]         0.663438  0.451675
    force MSE [(eV/Å)²]      1.304236  1.246574
    energy mae [kcal/mol]          20.537821  16.921206
    energy R²                    N/A  0.428053
    forces mae [kcal/mol/Å]        25.195471  24.662163
    forces R²                    N/A  0.638168
    dipole mae [tgt units]   0.400517  0.382260
    dipole R²                    N/A  0.333262
    dipole MSE [tgt²]        0.178551  0.164844
    charge loss [e²]         0.008907  0.001609
    charge RMSE [e]          0.094379  0.040116
    LR scale:  1.000000, effective LR:  0.000400
    ✓ Best valid checkpoint: params-best-d0e9ce01-6fcd-4524-aa98-54861c901ec5.json (weighted loss=1.864703, epoch 21)
epoch:  22                    train:   valid:
    weighted total loss      2.087435  2.195333
    energy MSE [eV²]         0.616510  0.797797
    force MSE [(eV/Å)²]      1.289965  1.231041
    energy mae [kcal/mol]          19.876015  24.002598
    energy R²                    N/A -0.059963
    forces mae [kcal/mol/Å]        25.038342  24.473064
    forces R²                    N/A  0.642692
    dipole mae [tgt units]   0.395958  0.378659
    dipole R²                    N/A  0.338150
    dipole MSE [tgt²]        0.177088  0.163658
    charge loss [e²]         0.003872  0.002837
    charge RMSE [e]          0.062226  0.053268
    LR scale:  1.000000, effective LR:  0.000400
epoch:  23                    train:   valid:
    weighted total loss      2.068597  1.835821
    energy MSE [eV²]         0.607788  0.451405
    force MSE [(eV/Å)²]      1.277287  1.219967
    energy mae [kcal/mol]          19.575081  16.897058
    energy R²                    N/A  0.418688
    forces mae [kcal/mol/Å]        24.875118  24.366913
    forces R²                    N/A  0.645921
    dipole mae [tgt units]   0.392539  0.375274
    dipole R²                    N/A  0.342534
    dipole MSE [tgt²]        0.175936  0.162583
    charge loss [e²]         0.007584  0.001866
    charge RMSE [e]          0.087085  0.043193
    LR scale:  1.000000, effective LR:  0.000400
    ✓ Best valid checkpoint: params-best-d0e9ce01-6fcd-4524-aa98-54861c901ec5.json (weighted loss=1.835821, epoch 23)
epoch:  24                    train:   valid:
    weighted total loss      2.085633  1.827859
    energy MSE [eV²]         0.638042  0.454825
    force MSE [(eV/Å)²]      1.265270  1.210439
    energy mae [kcal/mol]          20.193829  17.071537
    energy R²                    N/A  0.426779
    forces mae [kcal/mol/Å]        24.752567  24.210384
    forces R²                    N/A  0.648713
    dipole mae [tgt units]   0.389504  0.372515
    dipole R²                    N/A  0.346053
    dipole MSE [tgt²]        0.174981  0.161718
    charge loss [e²]         0.007342  0.000877
    charge RMSE [e]          0.085683  0.029616
    LR scale:  1.000000, effective LR:  0.000400
    ✓ Best valid checkpoint: params-best-d0e9ce01-6fcd-4524-aa98-54861c901ec5.json (weighted loss=1.827859, epoch 24)
epoch:  25                    train:   valid:
    weighted total loss      2.007192  1.850217
    energy MSE [eV²]         0.576680  0.490322
    force MSE [(eV/Å)²]      1.255114  1.198250
    energy mae [kcal/mol]          19.152607  18.014908
    energy R²                    N/A  0.376009
    forces mae [kcal/mol/Å]        24.624849  24.088629
    forces R²                    N/A  0.652260
    dipole mae [tgt units]   0.386738  0.369835
    dipole R²                    N/A  0.349296
    dipole MSE [tgt²]        0.174186  0.160918
    charge loss [e²]         0.001214  0.000726
    charge RMSE [e]          0.034838  0.026946
    LR scale:  1.000000, effective LR:  0.000400
epoch:  26                    train:   valid:
    weighted total loss      2.060371  1.852936
    energy MSE [eV²]         0.635473  0.493980
    force MSE [(eV/Å)²]      1.245966  1.190769
    energy mae [kcal/mol]          20.290951  18.125832
    energy R²                    N/A  0.370809
    forces mae [kcal/mol/Å]        24.509626  23.993427
    forces R²                    N/A  0.654453
    dipole mae [tgt units]   0.384699  0.367100
    dipole R²                    N/A  0.352434
    dipole MSE [tgt²]        0.173579  0.160116
    charge loss [e²]         0.005353  0.008071
    charge RMSE [e]          0.073165  0.089837
    LR scale:  1.000000, effective LR:  0.000400
epoch:  27                    train:   valid:
    weighted total loss      1.993771  1.765573
    energy MSE [eV²]         0.579365  0.422371
    force MSE [(eV/Å)²]      1.235938  1.180398
    energy mae [kcal/mol]          19.354120  16.356142
    energy R²                    N/A  0.467989
    forces mae [kcal/mol/Å]        24.408762  23.870548
    forces R²                    N/A  0.657475
    dipole mae [tgt units]   0.382689  0.367194
    dipole R²                    N/A  0.352676
    dipole MSE [tgt²]        0.172932  0.160102
    charge loss [e²]         0.005538  0.002702
    charge RMSE [e]          0.074420  0.051979
    LR scale:  1.000000, effective LR:  0.000400
    ✓ Best valid checkpoint: params-best-d0e9ce01-6fcd-4524-aa98-54861c901ec5.json (weighted loss=1.765573, epoch 27)
epoch:  28                    train:   valid:
    weighted total loss      1.991226  1.757897
    energy MSE [eV²]         0.589534  0.426660
    force MSE [(eV/Å)²]      1.226486  1.171489
    energy mae [kcal/mol]          19.409294  16.548086
    energy R²                    N/A  0.462754
    forces mae [kcal/mol/Å]        24.296183  23.768290
    forces R²                    N/A  0.660080
    dipole mae [tgt units]   0.381380  0.364968
    dipole R²                    N/A  0.355097
    dipole MSE [tgt²]        0.172611  0.159470
    charge loss [e²]         0.002595  0.000278
    charge RMSE [e]          0.050945  0.016672
    LR scale:  1.000000, effective LR:  0.000400
    ✓ Best valid checkpoint: params-best-d0e9ce01-6fcd-4524-aa98-54861c901ec5.json (weighted loss=1.757897, epoch 28)
epoch:  29                    train:   valid:
    weighted total loss      1.986359  1.762467
    energy MSE [eV²]         0.586097  0.440377
    force MSE [(eV/Å)²]      1.218098  1.162482
    energy mae [kcal/mol]          19.286827  16.878252
    energy R²                    N/A  0.445620
    forces mae [kcal/mol/Å]        24.202118  23.650843
    forces R²                    N/A  0.662709
    dipole mae [tgt units]   0.380069  0.364722
    dipole R²                    N/A  0.355657
    dipole MSE [tgt²]        0.172320  0.159347
    charge loss [e²]         0.009844  0.000262
    charge RMSE [e]          0.099216  0.016172
    LR scale:  1.000000, effective LR:  0.000400
epoch:  30                    train:   valid:
    weighted total loss      1.978598  1.726538
    energy MSE [eV²]         0.593601  0.410489
    force MSE [(eV/Å)²]      1.209727  1.156723
    energy mae [kcal/mol]          19.608343  16.144855
    energy R²                    N/A  0.483697
    forces mae [kcal/mol/Å]        24.096186  23.588255
    forces R²                    N/A  0.664392
    dipole mae [tgt units]   0.379163  0.363427
    dipole R²                    N/A  0.357096
    dipole MSE [tgt²]        0.172042  0.158970
    charge loss [e²]         0.003227  0.000356
    charge RMSE [e]          0.056807  0.018856
    LR scale:  1.000000, effective LR:  0.000400
    ✓ Best valid checkpoint: params-best-d0e9ce01-6fcd-4524-aa98-54861c901ec5.json (weighted loss=1.726538, epoch 30)
epoch:  31                    train:   valid:
    weighted total loss      1.949992  1.713060
    energy MSE [eV²]         0.573642  0.405537
    force MSE [(eV/Å)²]      1.203032  1.148049
    energy mae [kcal/mol]          19.301680  16.052111
    energy R²                    N/A  0.489109
    forces mae [kcal/mol/Å]        24.027573  23.500011
    forces R²                    N/A  0.666924
    dipole mae [tgt units]   0.377884  0.362661
    dipole R²                    N/A  0.358020
    dipole MSE [tgt²]        0.171391  0.158735
    charge loss [e²]         0.001925  0.000739
    charge RMSE [e]          0.043874  0.027189
    LR scale:  1.000000, effective LR:  0.000400
    ✓ Best valid checkpoint: params-best-d0e9ce01-6fcd-4524-aa98-54861c901ec5.json (weighted loss=1.713060, epoch 31)
epoch:  32                    train:   valid:
    weighted total loss      1.965798  1.778853
    energy MSE [eV²]         0.591917  0.479701
    force MSE [(eV/Å)²]      1.196396  1.140193
    energy mae [kcal/mol]          19.538239  17.951345
    energy R²                    N/A  0.388724
    forces mae [kcal/mol/Å]        23.956724  23.409969
    forces R²                    N/A  0.669213
    dipole mae [tgt units]   0.377586  0.362654
    dipole R²                    N/A  0.358163
    dipole MSE [tgt²]        0.171634  0.158714
    charge loss [e²]         0.005850  0.000244
    charge RMSE [e]          0.076486  0.015628
    LR scale:  1.000000, effective LR:  0.000400
epoch:  33                    train:   valid:
    weighted total loss      1.960733  1.772925
    energy MSE [eV²]         0.590451  0.480063
    force MSE [(eV/Å)²]      1.189240  1.134334
    energy mae [kcal/mol]          19.491638  18.014334
    energy R²                    N/A  0.386742
    forces mae [kcal/mol/Å]        23.873339  23.355877
    forces R²                    N/A  0.670922
    dipole mae [tgt units]   0.377667  0.361499
    dipole R²                    N/A  0.359409
    dipole MSE [tgt²]        0.171614  0.158367
    charge loss [e²]         0.009428  0.000161
    charge RMSE [e]          0.097099  0.012680
    LR scale:  1.000000, effective LR:  0.000400
epoch:  34                    train:   valid:
    weighted total loss      1.981794  1.687127
    energy MSE [eV²]         0.618516  0.399086
    force MSE [(eV/Å)²]      1.183013  1.129474
    energy mae [kcal/mol]          19.960096  15.883994
    energy R²                    N/A  0.496924
    forces mae [kcal/mol/Å]        23.814383  23.290794
    forces R²                    N/A  0.672350
    dipole mae [tgt units]   0.376976  0.361411
    dipole R²                    N/A  0.359614
    dipole MSE [tgt²]        0.171505  0.158329
    charge loss [e²]         0.008759  0.000239
    charge RMSE [e]          0.093591  0.015451
    LR scale:  1.000000, effective LR:  0.000400
    ✓ Best valid checkpoint: params-best-d0e9ce01-6fcd-4524-aa98-54861c901ec5.json (weighted loss=1.687127, epoch 34)
epoch:  35                    train:   valid:
    weighted total loss      1.956483  2.040565
    energy MSE [eV²]         0.605129  0.737122
    force MSE [(eV/Å)²]      1.176944  1.122099
    energy mae [kcal/mol]          19.800659  23.400274
    energy R²                    N/A  0.019000
    forces mae [kcal/mol/Å]        23.748816  23.197227
    forces R²                    N/A  0.674499
    dipole mae [tgt units]   0.376563  0.363045
    dipole R²                    N/A  0.358081
    dipole MSE [tgt²]        0.171331  0.158771
    charge loss [e²]         0.003080  0.022572
    charge RMSE [e]          0.055501  0.150240
    LR scale:  1.000000, effective LR:  0.000400
epoch:  36                    train:   valid:
    weighted total loss      1.906326  1.690875
    energy MSE [eV²]         0.557435  0.402141
    force MSE [(eV/Å)²]      1.170491  1.116321
    energy mae [kcal/mol]          18.787344  15.951018
    energy R²                    N/A  0.494362
    forces mae [kcal/mol/Å]        23.686993  23.156553
    forces R²                    N/A  0.676183
    dipole mae [tgt units]   0.376499  0.360837
    dipole R²                    N/A  0.360348
    dipole MSE [tgt²]        0.171305  0.158137
    charge loss [e²]         0.007094  0.014277
    charge RMSE [e]          0.084227  0.119485
    LR scale:  1.000000, effective LR:  0.000400
epoch:  37                    train:   valid:
    weighted total loss      1.917426  1.759673
    energy MSE [eV²]         0.578945  0.493264
    force MSE [(eV/Å)²]      1.164790  1.107673
    energy mae [kcal/mol]          19.306326  18.413748
    energy R²                    N/A  0.365225
    forces mae [kcal/mol/Å]        23.629807  23.089685
    forces R²                    N/A  0.678693
    dipole mae [tgt units]   0.375979  0.361256
    dipole R²                    N/A  0.360028
    dipole MSE [tgt²]        0.171172  0.158249
    charge loss [e²]         0.002519  0.000488
    charge RMSE [e]          0.050186  0.022087
    LR scale:  1.000000, effective LR:  0.000400
epoch:  38                    train:   valid:
    weighted total loss      1.879495  1.675860
    energy MSE [eV²]         0.549114  0.403059
    force MSE [(eV/Å)²]      1.154435  1.101036
    energy mae [kcal/mol]          18.714550  16.021944
    energy R²                    N/A  0.493003
    forces mae [kcal/mol/Å]        23.535175  22.998287
    forces R²                    N/A  0.680638
    dipole mae [tgt units]   0.375611  0.361715
    dipole R²                    N/A  0.359611
    dipole MSE [tgt²]        0.171018  0.158373
    charge loss [e²]         0.004927  0.013393
    charge RMSE [e]          0.070191  0.115726
    LR scale:  1.000000, effective LR:  0.000400
    ✓ Best valid checkpoint: params-best-d0e9ce01-6fcd-4524-aa98-54861c901ec5.json (weighted loss=1.675860, epoch 38)
epoch:  39                    train:   valid:
    weighted total loss      1.846316  1.895045
    energy MSE [eV²]         0.524631  0.645162
    force MSE [(eV/Å)²]      1.148416  1.091448
    energy mae [kcal/mol]          18.209427  21.736902
    energy R²                    N/A  0.146308
    forces mae [kcal/mol/Å]        23.467339  22.931667
    forces R²                    N/A  0.683410
    dipole mae [tgt units]   0.375592  0.360742
    dipole R²                    N/A  0.360695
    dipole MSE [tgt²]        0.171019  0.158075
    charge loss [e²]         0.002249  0.000360
    charge RMSE [e]          0.047422  0.018981
    LR scale:  1.000000, effective LR:  0.000400
epoch:  40                    train:   valid:
    weighted total loss      1.869402  1.736413
    energy MSE [eV²]         0.556052  0.493478
    force MSE [(eV/Å)²]      1.139563  1.084868
    energy mae [kcal/mol]          18.834694  17.564783
    energy R²                    N/A  0.343671
    forces mae [kcal/mol/Å]        23.387739  22.856180
    forces R²                    N/A  0.685337
    dipole mae [tgt units]   0.374842  0.360307
    dipole R²                    N/A  0.361191
    dipole MSE [tgt²]        0.170737  0.157940
    charge loss [e²]         0.003051  0.000127
    charge RMSE [e]          0.055234  0.011267
    LR scale:  1.000000, effective LR:  0.000400
epoch:  41                    train:   valid:
    weighted total loss      1.850860  1.652021
    energy MSE [eV²]         0.540360  0.394074
    force MSE [(eV/Å)²]      1.131921  1.078369
    energy mae [kcal/mol]          18.521017  15.817673
    energy R²                    N/A  0.503865
    forces mae [kcal/mol/Å]        23.322285  22.780529
    forces R²                    N/A  0.687235
    dipole mae [tgt units]   0.374935  0.359560
    dipole R²                    N/A  0.362023
    dipole MSE [tgt²]        0.170574  0.157682
    charge loss [e²]         0.008005  0.021895
    charge RMSE [e]          0.089471  0.147971
    LR scale:  1.000000, effective LR:  0.000400
    ✓ Best valid checkpoint: params-best-d0e9ce01-6fcd-4524-aa98-54861c901ec5.json (weighted loss=1.652021, epoch 41)
epoch:  42                    train:   valid:
    weighted total loss      1.832818  1.694407
    energy MSE [eV²]         0.532101  0.466999
    force MSE [(eV/Å)²]      1.125848  1.069316
    energy mae [kcal/mol]          18.344616  17.775452
    energy R²                    N/A  0.400732
    forces mae [kcal/mol/Å]        23.261740  22.709343
    forces R²                    N/A  0.689861
    dipole mae [tgt units]   0.374956  0.359956
    dipole R²                    N/A  0.361647
    dipole MSE [tgt²]        0.170967  0.157827
    charge loss [e²]         0.003902  0.000266
    charge RMSE [e]          0.062467  0.016298
    LR scale:  1.000000, effective LR:  0.000400
epoch:  43                    train:   valid:
    weighted total loss      1.861489  1.617162
    energy MSE [eV²]         0.562013  0.394311
    force MSE [(eV/Å)²]      1.118899  1.064638
    energy mae [kcal/mol]          18.965425  15.809442
    energy R²                    N/A  0.503922
    forces mae [kcal/mol/Å]        23.195868  22.666986
    forces R²                    N/A  0.691222
    dipole mae [tgt units]   0.374807  0.361036
    dipole R²                    N/A  0.360795
    dipole MSE [tgt²]        0.170945  0.158106
    charge loss [e²]         0.009633  0.000107
    charge RMSE [e]          0.098145  0.010346
    LR scale:  1.000000, effective LR:  0.000400
    ✓ Best valid checkpoint: params-best-d0e9ce01-6fcd-4524-aa98-54861c901ec5.json (weighted loss=1.617162, epoch 43)
epoch:  44                    train:   valid:
    weighted total loss      1.821130  1.666724
    energy MSE [eV²]         0.537323  0.451235
    force MSE [(eV/Å)²]      1.112394  1.057259
    energy mae [kcal/mol]          18.593420  16.721834
    energy R²                    N/A  0.408009
    forces mae [kcal/mol/Å]        23.144613  22.601851
    forces R²                    N/A  0.693371
    dipole mae [tgt units]   0.374692  0.359914
    dipole R²                    N/A  0.361879
    dipole MSE [tgt²]        0.170758  0.157802
    charge loss [e²]         0.000655  0.000428
    charge RMSE [e]          0.025584  0.020693
    LR scale:  1.000000, effective LR:  0.000400
epoch:  45                    train:   valid:
    weighted total loss      1.784635  1.644328
    energy MSE [eV²]         0.509806  0.437693
    force MSE [(eV/Å)²]      1.103117  1.049037
    energy mae [kcal/mol]          17.813833  16.468725
    energy R²                    N/A  0.427520
    forces mae [kcal/mol/Å]        23.066584  22.533373
    forces R²                    N/A  0.695763
    dipole mae [tgt units]   0.374587  0.358902
    dipole R²                    N/A  0.362924
    dipole MSE [tgt²]        0.170829  0.157464
    charge loss [e²]         0.000881  0.000134
    charge RMSE [e]          0.029681  0.011567
    LR scale:  1.000000, effective LR:  0.000400
epoch:  46                    train:   valid:
    weighted total loss      1.795398  1.586439
    energy MSE [eV²]         0.521658  0.386847
    force MSE [(eV/Å)²]      1.096836  1.041872
    energy mae [kcal/mol]          18.224428  15.656160
    energy R²                    N/A  0.512100
    forces mae [kcal/mol/Å]        23.021774  22.474302
    forces R²                    N/A  0.697841
    dipole mae [tgt units]   0.373780  0.359297
    dipole R²                    N/A  0.362763
    dipole MSE [tgt²]        0.170634  0.157589
    charge loss [e²]         0.006270  0.000130
    charge RMSE [e]          0.079181  0.011416
    LR scale:  1.000000, effective LR:  0.000400
    ✓ Best valid checkpoint: params-best-d0e9ce01-6fcd-4524-aa98-54861c901ec5.json (weighted loss=1.586439, epoch 46)
epoch:  47                    train:   valid:
    weighted total loss      1.765208  1.894272
    energy MSE [eV²]         0.503658  0.701651
    force MSE [(eV/Å)²]      1.089839  1.034910
    energy mae [kcal/mol]          17.900026  21.536976
    energy R²                    N/A  0.027744
    forces mae [kcal/mol/Å]        22.958982  22.421825
    forces R²                    N/A  0.699868
    dipole mae [tgt units]   0.373774  0.358811
    dipole R²                    N/A  0.363312
    dipole MSE [tgt²]        0.170622  0.157442
    charge loss [e²]         0.001089  0.000268
    charge RMSE [e]          0.033000  0.016377
    LR scale:  1.000000, effective LR:  0.000400
epoch:  48                    train:   valid:
    weighted total loss      1.857961  1.579487
    energy MSE [eV²]         0.592668  0.391045
    force MSE [(eV/Å)²]      1.084043  1.030927
    energy mae [kcal/mol]          19.547743  15.519322
    energy R²                    N/A  0.501877
    forces mae [kcal/mol/Å]        22.907946  22.373381
    forces R²                    N/A  0.701032
    dipole mae [tgt units]   0.373745  0.358363
    dipole R²                    N/A  0.363887
    dipole MSE [tgt²]        0.170580  0.157290
    charge loss [e²]         0.010669  0.000225
    charge RMSE [e]          0.103293  0.014999
    LR scale:  1.000000, effective LR:  0.000400
    ✓ Best valid checkpoint: params-best-d0e9ce01-6fcd-4524-aa98-54861c901ec5.json (weighted loss=1.579487, epoch 48)
epoch:  49                    train:   valid:
    weighted total loss      1.780952  1.555325
    energy MSE [eV²]         0.532472  0.375700
    force MSE [(eV/Å)²]      1.077407  1.022367
    energy mae [kcal/mol]          18.501980  15.383430
    energy R²                    N/A  0.524537
    forces mae [kcal/mol/Å]        22.846136  22.308546
    forces R²                    N/A  0.703515
    dipole mae [tgt units]   0.373357  0.357879
    dipole R²                    N/A  0.364521
    dipole MSE [tgt²]        0.170555  0.157108
    charge loss [e²]         0.000519  0.000150
    charge RMSE [e]          0.022771  0.012261
    LR scale:  1.000000, effective LR:  0.000400
    ✓ Best valid checkpoint: params-best-d0e9ce01-6fcd-4524-aa98-54861c901ec5.json (weighted loss=1.555325, epoch 49)
epoch:  50                    train:   valid:
    weighted total loss      1.758929  1.547807
    energy MSE [eV²]         0.513522  0.377268
    force MSE [(eV/Å)²]      1.070429  1.013302
    energy mae [kcal/mol]          18.030516  15.407808
    energy R²                    N/A  0.523745
    forces mae [kcal/mol/Å]        22.798372  22.232666
    forces R²                    N/A  0.706142
    dipole mae [tgt units]   0.373044  0.357709
    dipole R²                    N/A  0.364832
    dipole MSE [tgt²]        0.170527  0.157062
    charge loss [e²]         0.004451  0.000174
    charge RMSE [e]          0.066718  0.013203
    LR scale:  1.000000, effective LR:  0.000400
    ✓ Best valid checkpoint: params-best-d0e9ce01-6fcd-4524-aa98-54861c901ec5.json (weighted loss=1.547807, epoch 50)
epoch:  51                    train:   valid:
    weighted total loss      1.755041  1.534850
    energy MSE [eV²]         0.518226  0.371438
    force MSE [(eV/Å)²]      1.061665  1.005452
    energy mae [kcal/mol]          18.201254  15.206305
    energy R²                    N/A  0.529616
    forces mae [kcal/mol/Å]        22.729235  22.163322
    forces R²                    N/A  0.708422
    dipole mae [tgt units]   0.372277  0.357693
    dipole R²                    N/A  0.365030
    dipole MSE [tgt²]        0.170170  0.157055
    charge loss [e²]         0.004980  0.000905
    charge RMSE [e]          0.070569  0.030082
    LR scale:  1.000000, effective LR:  0.000400
    ✓ Best valid checkpoint: params-best-d0e9ce01-6fcd-4524-aa98-54861c901ec5.json (weighted loss=1.534850, epoch 51)
epoch:  52                    train:   valid:
    weighted total loss      1.730498  1.535033
    energy MSE [eV²]         0.501662  0.381978
    force MSE [(eV/Å)²]      1.053625  0.995887
    energy mae [kcal/mol]          17.797874  15.614392
    energy R²                    N/A  0.516122
    forces mae [kcal/mol/Å]        22.653898  22.094355
    forces R²                    N/A  0.711196
    dipole mae [tgt units]   0.372469  0.357296
    dipole R²                    N/A  0.365488
    dipole MSE [tgt²]        0.170408  0.156923
    charge loss [e²]         0.004805  0.000246
    charge RMSE [e]          0.069316  0.015681
    LR scale:  1.000000, effective LR:  0.000400
epoch:  53                    train:   valid:
    weighted total loss      1.781610  1.532299
    energy MSE [eV²]         0.559119  0.384878
    force MSE [(eV/Å)²]      1.046088  0.990455
    energy mae [kcal/mol]          19.047607  15.648237
    energy R²                    N/A  0.513243
    forces mae [kcal/mol/Å]        22.588472  22.038446
    forces R²                    N/A  0.712787
    dipole mae [tgt units]   0.371712  0.356854
    dipole R²                    N/A  0.366259
    dipole MSE [tgt²]        0.170121  0.156749
    charge loss [e²]         0.006282  0.000217
    charge RMSE [e]          0.079260  0.014718
    LR scale:  1.000000, effective LR:  0.000400
    ✓ Best valid checkpoint: params-best-d0e9ce01-6fcd-4524-aa98-54861c901ec5.json (weighted loss=1.532299, epoch 53)
epoch:  54                    train:   valid:
    weighted total loss      1.744138  1.513684
    energy MSE [eV²]         0.531730  0.374502
    force MSE [(eV/Å)²]      1.038143  0.982213
    energy mae [kcal/mol]          18.391422  15.319955
    energy R²                    N/A  0.527487
    forces mae [kcal/mol/Å]        22.529322  21.958521
    forces R²                    N/A  0.715184
    dipole mae [tgt units]   0.371471  0.356655
    dipole R²                    N/A  0.366570
    dipole MSE [tgt²]        0.170061  0.156677
    charge loss [e²]         0.004206  0.000291
    charge RMSE [e]          0.064852  0.017069
    LR scale:  1.000000, effective LR:  0.000400
    ✓ Best valid checkpoint: params-best-d0e9ce01-6fcd-4524-aa98-54861c901ec5.json (weighted loss=1.513684, epoch 54)
epoch:  55                    train:   valid:
    weighted total loss      1.697483  1.490604
    energy MSE [eV²]         0.493247  0.361897
    force MSE [(eV/Å)²]      1.029337  0.971573
    energy mae [kcal/mol]          17.590841  14.944880
    energy R²                    N/A  0.541990
    forces mae [kcal/mol/Å]        22.448948  21.883347
    forces R²                    N/A  0.718269
    dipole mae [tgt units]   0.371309  0.356465
    dipole R²                    N/A  0.366784
    dipole MSE [tgt²]        0.170122  0.156626
    charge loss [e²]         0.004776  0.000508
    charge RMSE [e]          0.069108  0.022545
    LR scale:  1.000000, effective LR:  0.000400
    ✓ Best valid checkpoint: params-best-d0e9ce01-6fcd-4524-aa98-54861c901ec5.json (weighted loss=1.490604, epoch 55)
epoch:  56                    train:   valid:
    weighted total loss      1.676803  1.511641
    energy MSE [eV²]         0.484215  0.394084
    force MSE [(eV/Å)²]      1.017116  0.960709
    energy mae [kcal/mol]          17.334553  15.414887
    energy R²                    N/A  0.490025
    forces mae [kcal/mol/Å]        22.344440  21.777527
    forces R²                    N/A  0.721428
    dipole mae [tgt units]   0.370895  0.356245
    dipole R²                    N/A  0.367006
    dipole MSE [tgt²]        0.169990  0.156558
    charge loss [e²]         0.005483  0.000290
    charge RMSE [e]          0.074045  0.017041
    LR scale:  1.000000, effective LR:  0.000400
epoch:  57                    train:   valid:
    weighted total loss      1.688312  1.466206
    energy MSE [eV²]         0.505632  0.357094
    force MSE [(eV/Å)²]      1.007868  0.952344
    energy mae [kcal/mol]          17.888912  14.780194
    energy R²                    N/A  0.547230
    forces mae [kcal/mol/Å]        22.261019  21.718588
    forces R²                    N/A  0.723855
    dipole mae [tgt units]   0.370842  0.355990
    dipole R²                    N/A  0.367328
    dipole MSE [tgt²]        0.170095  0.156464
    charge loss [e²]         0.004715  0.000303
    charge RMSE [e]          0.068669  0.017414
    LR scale:  1.000000, effective LR:  0.000400
    ✓ Best valid checkpoint: params-best-d0e9ce01-6fcd-4524-aa98-54861c901ec5.json (weighted loss=1.466206, epoch 57)
epoch:  58                    train:   valid:
    weighted total loss      1.674405  1.715863
    energy MSE [eV²]         0.502275  0.617716
    force MSE [(eV/Å)²]      0.995962  0.941064
    energy mae [kcal/mol]          17.722359  21.662628
    energy R²                    N/A  0.170526
    forces mae [kcal/mol/Å]        22.155304  21.600210
    forces R²                    N/A  0.727128
    dipole mae [tgt units]   0.370436  0.355878
    dipole R²                    N/A  0.367480
    dipole MSE [tgt²]        0.169693  0.156465
    charge loss [e²]         0.006475  0.000617
    charge RMSE [e]          0.080470  0.024841
    LR scale:  1.000000, effective LR:  0.000400
epoch:  59                    train:   valid:
    weighted total loss      1.680098  1.471523
    energy MSE [eV²]         0.511732  0.382288
    force MSE [(eV/Å)²]      0.989569  0.932439
    energy mae [kcal/mol]          18.039614  15.740168
    energy R²                    N/A  0.512083
    forces mae [kcal/mol/Å]        22.095444  21.526266
    forces R²                    N/A  0.729631
    dipole mae [tgt units]   0.370293  0.355650
    dipole R²                    N/A  0.367672
    dipole MSE [tgt²]        0.170033  0.156361
    charge loss [e²]         0.008765  0.000436
    charge RMSE [e]          0.093624  0.020870
    LR scale:  1.000000, effective LR:  0.000400
epoch:  60                    train:   valid:
    weighted total loss      1.681675  1.529865
    energy MSE [eV²]         0.525932  0.447413
    force MSE [(eV/Å)²]      0.978943  0.924376
    energy mae [kcal/mol]          18.227175  17.641869
    energy R²                    N/A  0.416570
    forces mae [kcal/mol/Å]        21.999016  21.467154
    forces R²                    N/A  0.731961
    dipole mae [tgt units]   0.369777  0.355637
    dipole R²                    N/A  0.367687
    dipole MSE [tgt²]        0.169760  0.156390
    charge loss [e²]         0.007040  0.001687
    charge RMSE [e]          0.083905  0.041072
    LR scale:  1.000000, effective LR:  0.000400
epoch:  61                    train:   valid:
    weighted total loss      1.610583  1.536025
    energy MSE [eV²]         0.469494  0.467063
    force MSE [(eV/Å)²]      0.970330  0.912129
    energy mae [kcal/mol]          17.011120  18.160723
    energy R²                    N/A  0.387054
    forces mae [kcal/mol/Å]        21.919510  21.355864
    forces R²                    N/A  0.735502
    dipole mae [tgt units]   0.369739  0.355581
    dipole R²                    N/A  0.367740
    dipole MSE [tgt²]        0.169804  0.156403
    charge loss [e²]         0.000955  0.000430
    charge RMSE [e]          0.030908  0.020725
    LR scale:  1.000000, effective LR:  0.000400
epoch:  62                    train:   valid:
    weighted total loss      1.635811  1.536099
    energy MSE [eV²]         0.499570  0.469592
    force MSE [(eV/Å)²]      0.958970  0.905632
    energy mae [kcal/mol]          17.815145  18.234791
    energy R²                    N/A  0.384147
    forces mae [kcal/mol/Å]        21.814554  21.276106
    forces R²                    N/A  0.737396
    dipole mae [tgt units]   0.370023  0.355358
    dipole R²                    N/A  0.367969
    dipole MSE [tgt²]        0.169972  0.156309
    charge loss [e²]         0.007300  0.004566
    charge RMSE [e]          0.085441  0.067571
    LR scale:  1.000000, effective LR:  0.000400
epoch:  63                    train:   valid:
    weighted total loss      1.576727  1.404329
    energy MSE [eV²]         0.455666  0.353838
    force MSE [(eV/Å)²]      0.949523  0.893747
    energy mae [kcal/mol]          16.855793  14.467617
    energy R²                    N/A  0.548077
    forces mae [kcal/mol/Å]        21.726145  21.170282
    forces R²                    N/A  0.740829
    dipole mae [tgt units]   0.369775  0.355387
    dipole R²                    N/A  0.367839
    dipole MSE [tgt²]        0.169794  0.156359
    charge loss [e²]         0.001743  0.000386
    charge RMSE [e]          0.041752  0.019646
    LR scale:  1.000000, effective LR:  0.000400
    ✓ Best valid checkpoint: params-best-d0e9ce01-6fcd-4524-aa98-54861c901ec5.json (weighted loss=1.404329, epoch 63)
epoch:  64                    train:   valid:
    weighted total loss      1.606981  1.400871
    energy MSE [eV²]         0.487687  0.358585
    force MSE [(eV/Å)²]      0.938589  0.884892
    energy mae [kcal/mol]          17.470814  14.975374
    energy R²                    N/A  0.544272
    forces mae [kcal/mol/Å]        21.620840  21.087553
    forces R²                    N/A  0.743381
    dipole mae [tgt units]   0.369822  0.355705
    dipole R²                    N/A  0.367640
    dipole MSE [tgt²]        0.169964  0.156465
    charge loss [e²]         0.010742  0.000929
    charge RMSE [e]          0.103641  0.030472
    LR scale:  1.000000, effective LR:  0.000400
    ✓ Best valid checkpoint: params-best-d0e9ce01-6fcd-4524-aa98-54861c901ec5.json (weighted loss=1.400871, epoch 64)
epoch:  65                    train:   valid:
    weighted total loss      1.566110  1.526594
    energy MSE [eV²]         0.465093  0.495227
    force MSE [(eV/Å)²]      0.930054  0.873629
    energy mae [kcal/mol]          17.060530  19.011080
    energy R²                    N/A  0.341812
    forces mae [kcal/mol/Å]        21.535986  20.982338
    forces R²                    N/A  0.746647
    dipole mae [tgt units]   0.369676  0.355354
    dipole R²                    N/A  0.367957
    dipole MSE [tgt²]        0.169719  0.156347
    charge loss [e²]         0.001246  0.001390
    charge RMSE [e]          0.035295  0.037289
    LR scale:  1.000000, effective LR:  0.000400
epoch:  66                    train:   valid:
    weighted total loss      1.608828  1.385080
    energy MSE [eV²]         0.510209  0.357930
    force MSE [(eV/Å)²]      0.921298  0.870309
    energy mae [kcal/mol]          17.833893  14.899204
    energy R²                    N/A  0.544455
    forces mae [kcal/mol/Å]        21.461792  20.961117
    forces R²                    N/A  0.747601
    dipole mae [tgt units]   0.369705  0.355254
    dipole R²                    N/A  0.368079
    dipole MSE [tgt²]        0.169904  0.156292
    charge loss [e²]         0.007417  0.000548
    charge RMSE [e]          0.086123  0.023420
    LR scale:  1.000000, effective LR:  0.000400
    ✓ Best valid checkpoint: params-best-d0e9ce01-6fcd-4524-aa98-54861c901ec5.json (weighted loss=1.385080, epoch 66)
epoch:  67                    train:   valid:
    weighted total loss      1.528955  1.360420
    energy MSE [eV²]         0.446063  0.345866
    force MSE [(eV/Å)²]      0.912356  0.857889
    energy mae [kcal/mol]          16.710743  14.634405
    energy R²                    N/A  0.558870
    forces mae [kcal/mol/Å]        21.373938  20.838190
    forces R²                    N/A  0.751198
    dipole mae [tgt units]   0.369574  0.355121
    dipole R²                    N/A  0.368337
    dipole MSE [tgt²]        0.169838  0.156262
    charge loss [e²]         0.000698  0.000403
    charge RMSE [e]          0.026424  0.020084
    LR scale:  1.000000, effective LR:  0.000400
    ✓ Best valid checkpoint: params-best-d0e9ce01-6fcd-4524-aa98-54861c901ec5.json (weighted loss=1.360420, epoch 67)
epoch:  68                    train:   valid:
    weighted total loss      1.621174  1.345098
    energy MSE [eV²]         0.527598  0.335684
    force MSE [(eV/Å)²]      0.906241  0.852496
    energy mae [kcal/mol]          18.520845  14.157413
    energy R²                    N/A  0.572348
    forces mae [kcal/mol/Å]        21.321630  20.782053
    forces R²                    N/A  0.752765
    dipole mae [tgt units]   0.369865  0.355441
    dipole R²                    N/A  0.368285
    dipole MSE [tgt²]        0.169893  0.156341
    charge loss [e²]         0.017441  0.000577
    charge RMSE [e]          0.132064  0.024027
    LR scale:  1.000000, effective LR:  0.000400
    ✓ Best valid checkpoint: params-best-d0e9ce01-6fcd-4524-aa98-54861c901ec5.json (weighted loss=1.345098, epoch 68)
epoch:  69                    train:   valid:
    weighted total loss      1.571720  1.372996
    energy MSE [eV²]         0.501307  0.369753
    force MSE [(eV/Å)²]      0.900061  0.846599
    energy mae [kcal/mol]          17.975449  14.563624
    energy R²                    N/A  0.520489
    forces mae [kcal/mol/Å]        21.253410  20.706722
    forces R²                    N/A  0.754467
    dipole mae [tgt units]   0.369642  0.355031
    dipole R²                    N/A  0.368476
    dipole MSE [tgt²]        0.169824  0.156246
    charge loss [e²]         0.000527  0.000397
    charge RMSE [e]          0.022964  0.019919
    LR scale:  1.000000, effective LR:  0.000400
epoch:  70                    train:   valid:
    weighted total loss      1.518935  1.334686
    energy MSE [eV²]         0.457040  0.338997
    force MSE [(eV/Å)²]      0.891424  0.837646
    energy mae [kcal/mol]          16.839025  14.349930
    energy R²                    N/A  0.568494
    forces mae [kcal/mol/Å]        21.160305  20.619921
    forces R²                    N/A  0.757048
    dipole mae [tgt units]   0.369616  0.354879
    dipole R²                    N/A  0.368493
    dipole MSE [tgt²]        0.169852  0.156229
    charge loss [e²]         0.000619  0.001814
    charge RMSE [e]          0.024872  0.042590
    LR scale:  1.000000, effective LR:  0.000400
    ✓ Best valid checkpoint: params-best-d0e9ce01-6fcd-4524-aa98-54861c901ec5.json (weighted loss=1.334686, epoch 70)
epoch:  71                    train:   valid:
    weighted total loss      1.485728  1.348207
    energy MSE [eV²]         0.432218  0.363223
    force MSE [(eV/Å)²]      0.882476  0.828227
    energy mae [kcal/mol]          16.343065  15.272352
    energy R²                    N/A  0.532229
    forces mae [kcal/mol/Å]        21.074499  20.505886
    forces R²                    N/A  0.759781
    dipole mae [tgt units]   0.369511  0.354870
    dipole R²                    N/A  0.368664
    dipole MSE [tgt²]        0.169863  0.156184
    charge loss [e²]         0.001171  0.000573
    charge RMSE [e]          0.034221  0.023940
    LR scale:  1.000000, effective LR:  0.000400
epoch:  72                    train:   valid:
    weighted total loss      1.551914  1.318183
    energy MSE [eV²]         0.495658  0.329153
    force MSE [(eV/Å)²]      0.875130  0.824135
    energy mae [kcal/mol]          17.715437  14.003136
    energy R²                    N/A  0.579659
    forces mae [kcal/mol/Å]        20.995398  20.486971
    forces R²                    N/A  0.760955
    dipole mae [tgt units]   0.369511  0.354656
    dipole R²                    N/A  0.368832
    dipole MSE [tgt²]        0.169680  0.156106
    charge loss [e²]         0.011446  0.008788
    charge RMSE [e]          0.106986  0.093746
    LR scale:  1.000000, effective LR:  0.000400
    ✓ Best valid checkpoint: params-best-d0e9ce01-6fcd-4524-aa98-54861c901ec5.json (weighted loss=1.318183, epoch 72)
epoch:  73                    train:   valid:
    weighted total loss      1.562590  1.386958
    energy MSE [eV²]         0.512846  0.405120
    force MSE [(eV/Å)²]      0.871143  0.818820
    energy mae [kcal/mol]          18.391068  16.690660
    energy R²                    N/A  0.470440
    forces mae [kcal/mol/Å]        20.958927  20.447268
    forces R²                    N/A  0.762480
    dipole mae [tgt units]   0.369541  0.355290
    dipole R²                    N/A  0.368369
    dipole MSE [tgt²]        0.169799  0.156336
    charge loss [e²]         0.008801  0.006681
    charge RMSE [e]          0.093816  0.081738
    LR scale:  1.000000, effective LR:  0.000400
epoch:  74                    train:   valid:
    weighted total loss      1.456462  1.305572
    energy MSE [eV²]         0.421699  0.339356
    force MSE [(eV/Å)²]      0.863502  0.809608
    energy mae [kcal/mol]          16.097780  14.498880
    energy R²                    N/A  0.565798
    forces mae [kcal/mol/Å]        20.870245  20.309521
    forces R²                    N/A  0.765163
    dipole mae [tgt units]   0.369632  0.354624
    dipole R²                    N/A  0.368807
    dipole MSE [tgt²]        0.169857  0.156166
    charge loss [e²]         0.001405  0.000443
    charge RMSE [e]          0.037489  0.021051
    LR scale:  1.000000, effective LR:  0.000400
    ✓ Best valid checkpoint: params-best-d0e9ce01-6fcd-4524-aa98-54861c901ec5.json (weighted loss=1.305572, epoch 74)
epoch:  75                    train:   valid:
    weighted total loss      1.471542  1.302438
    energy MSE [eV²]         0.443344  0.342487
    force MSE [(eV/Å)²]      0.855396  0.803149
    energy mae [kcal/mol]          16.621161  14.669425
    energy R²                    N/A  0.560561
    forces mae [kcal/mol/Å]        20.768150  20.242258
    forces R²                    N/A  0.767026
    dipole mae [tgt units]   0.369263  0.354522
    dipole R²                    N/A  0.368846
    dipole MSE [tgt²]        0.169728  0.156151
    charge loss [e²]         0.003075  0.000650
    charge RMSE [e]          0.055449  0.025505
    LR scale:  1.000000, effective LR:  0.000400
    ✓ Best valid checkpoint: params-best-d0e9ce01-6fcd-4524-aa98-54861c901ec5.json (weighted loss=1.302438, epoch 75)
epoch:  76                    train:   valid:
    weighted total loss      1.479889  1.282573
    energy MSE [eV²]         0.452988  0.326877
    force MSE [(eV/Å)²]      0.849679  0.799168
    energy mae [kcal/mol]          16.829851  13.761751
    energy R²                    N/A  0.583153
    forces mae [kcal/mol/Å]        20.705400  20.183773
    forces R²                    N/A  0.768179
    dipole mae [tgt units]   0.369240  0.354653
    dipole R²                    N/A  0.368909
    dipole MSE [tgt²]        0.169678  0.156136
    charge loss [e²]         0.007543  0.000392
    charge RMSE [e]          0.086853  0.019809
    LR scale:  1.000000, effective LR:  0.000400
    ✓ Best valid checkpoint: params-best-d0e9ce01-6fcd-4524-aa98-54861c901ec5.json (weighted loss=1.282573, epoch 76)
epoch:  77                    train:   valid:
    weighted total loss      1.501074  1.425429
    energy MSE [eV²]         0.478311  0.475466
    force MSE [(eV/Å)²]      0.845682  0.793347
    energy mae [kcal/mol]          17.450361  18.746778
    energy R²                    N/A  0.365294
    forces mae [kcal/mol/Å]        20.657501  20.111855
    forces R²                    N/A  0.769871
    dipole mae [tgt units]   0.369684  0.354306
    dipole R²                    N/A  0.369152
    dipole MSE [tgt²]        0.169857  0.156078
    charge loss [e²]         0.007224  0.000537
    charge RMSE [e]          0.084996  0.023177
    LR scale:  1.000000, effective LR:  0.000400
epoch:  78                    train:   valid:
    weighted total loss      1.495299  1.269864
    energy MSE [eV²]         0.478221  0.323589
    force MSE [(eV/Å)²]      0.841775  0.789599
    energy mae [kcal/mol]          17.298298  13.694855
    energy R²                    N/A  0.587635
    forces mae [kcal/mol/Å]        20.605373  20.100887
    forces R²                    N/A  0.770934
    dipole mae [tgt units]   0.369168  0.354800
    dipole R²                    N/A  0.368534
    dipole MSE [tgt²]        0.169697  0.156263
    charge loss [e²]         0.005606  0.000413
    charge RMSE [e]          0.074873  0.020313
    LR scale:  1.000000, effective LR:  0.000400
    ✓ Best valid checkpoint: params-best-d0e9ce01-6fcd-4524-aa98-54861c901ec5.json (weighted loss=1.269864, epoch 78)
epoch:  79                    train:   valid:
    weighted total loss      1.447002  1.296668
    energy MSE [eV²]         0.440436  0.355930
    force MSE [(eV/Å)²]      0.834624  0.784279
    energy mae [kcal/mol]          16.473688  15.209729
    energy R²                    N/A  0.540301
    forces mae [kcal/mol/Å]        20.522327  19.999243
    forces R²                    N/A  0.772504
    dipole mae [tgt units]   0.368826  0.354030
    dipole R²                    N/A  0.369475
    dipole MSE [tgt²]        0.169494  0.155990
    charge loss [e²]         0.002447  0.000469
    charge RMSE [e]          0.049464  0.021650
    LR scale:  1.000000, effective LR:  0.000400
epoch:  80                    train:   valid:
    weighted total loss      1.437466  1.306951
    energy MSE [eV²]         0.429912  0.351286
    force MSE [(eV/Å)²]      0.830452  0.781955
    energy mae [kcal/mol]          16.253408  13.961890
    energy R²                    N/A  0.546380
    forces mae [kcal/mol/Å]        20.464956  19.956514
    forces R²                    N/A  0.773186
    dipole mae [tgt units]   0.369198  0.353959
    dipole R²                    N/A  0.369329
    dipole MSE [tgt²]        0.169693  0.155987
    charge loss [e²]         0.007408  0.017724
    charge RMSE [e]          0.086071  0.133130
    LR scale:  1.000000, effective LR:  0.000400
epoch:  81                    train:   valid:
    weighted total loss      1.453805  1.342779
    energy MSE [eV²]         0.449615  0.390025
    force MSE [(eV/Å)²]      0.827010  0.777904
    energy mae [kcal/mol]          16.905016  16.346603
    energy R²                    N/A  0.489874
    forces mae [kcal/mol/Å]        20.423765  19.952974
    forces R²                    N/A  0.774345
    dipole mae [tgt units]   0.369071  0.354373
    dipole R²                    N/A  0.369246
    dipole MSE [tgt²]        0.169577  0.156096
    charge loss [e²]         0.007603  0.018753
    charge RMSE [e]          0.087195  0.136943
    LR scale:  1.000000, effective LR:  0.000400
epoch:  82                    train:   valid:
    weighted total loss      1.498864  1.253434
    energy MSE [eV²]         0.498167  0.321184
    force MSE [(eV/Å)²]      0.823810  0.775485
    energy mae [kcal/mol]          17.799625  13.513968
    energy R²                    N/A  0.589685
    forces mae [kcal/mol/Å]        20.403034  19.903728
    forces R²                    N/A  0.775049
    dipole mae [tgt units]   0.368580  0.354266
    dipole R²                    N/A  0.369264
    dipole MSE [tgt²]        0.169305  0.156083
    charge loss [e²]         0.007581  0.000682
    charge RMSE [e]          0.087069  0.026108
    LR scale:  1.000000, effective LR:  0.000400
    ✓ Best valid checkpoint: params-best-d0e9ce01-6fcd-4524-aa98-54861c901ec5.json (weighted loss=1.253434, epoch 82)
epoch:  83                    train:   valid:
    weighted total loss      1.419793  1.413465
    energy MSE [eV²]         0.426084  0.477870
    force MSE [(eV/Å)²]      0.820834  0.774861
    energy mae [kcal/mol]          16.290363  16.789658
    energy R²                    N/A  0.354388
    forces mae [kcal/mol/Å]        20.343412  19.873980
    forces R²                    N/A  0.775248
    dipole mae [tgt units]   0.368960  0.353604
    dipole R²                    N/A  0.369776
    dipole MSE [tgt²]        0.169608  0.155864
    charge loss [e²]         0.003268  0.004871
    charge RMSE [e]          0.057164  0.069791
    LR scale:  1.000000, effective LR:  0.000400
epoch:  84                    train:   valid:
    weighted total loss      1.452702  1.331317
    energy MSE [eV²]         0.454550  0.405189
    force MSE [(eV/Å)²]      0.820400  0.769581
    energy mae [kcal/mol]          16.940735  15.137098
    energy R²                    N/A  0.464415
    forces mae [kcal/mol/Å]        20.361414  19.810196
    forces R²                    N/A  0.776771
    dipole mae [tgt units]   0.369046  0.354065
    dipole R²                    N/A  0.369405
    dipole MSE [tgt²]        0.169630  0.156030
    charge loss [e²]         0.008122  0.000517
    charge RMSE [e]          0.090120  0.022735
    LR scale:  1.000000, effective LR:  0.000400
epoch:  85                    train:   valid:
    weighted total loss      1.413239  1.237144
    energy MSE [eV²]         0.426667  0.315904
    force MSE [(eV/Å)²]      0.814902  0.764754
    energy mae [kcal/mol]          16.352364  13.632819
    energy R²                    N/A  0.597177
    forces mae [kcal/mol/Å]        20.274399  19.741079
    forces R²                    N/A  0.778175
    dipole mae [tgt units]   0.368769  0.354022
    dipole R²                    N/A  0.369338
    dipole MSE [tgt²]        0.169470  0.156047
    charge loss [e²]         0.002199  0.000440
    charge RMSE [e]          0.046893  0.020967
    LR scale:  1.000000, effective LR:  0.000400
    ✓ Best valid checkpoint: params-best-d0e9ce01-6fcd-4524-aa98-54861c901ec5.json (weighted loss=1.237144, epoch 85)
epoch:  86                    train:   valid:
    weighted total loss      1.375240  1.233678
    energy MSE [eV²]         0.394604  0.316818
    force MSE [(eV/Å)²]      0.810460  0.760541
    energy mae [kcal/mol]          15.548659  13.725338
    energy R²                    N/A  0.596130
    forces mae [kcal/mol/Å]        20.217316  19.700911
    forces R²                    N/A  0.779392
    dipole mae [tgt units]   0.368567  0.353615
    dipole R²                    N/A  0.369742
    dipole MSE [tgt²]        0.169531  0.155909
    charge loss [e²]         0.000644  0.000410
    charge RMSE [e]          0.025383  0.020241
    LR scale:  1.000000, effective LR:  0.000400
    ✓ Best valid checkpoint: params-best-d0e9ce01-6fcd-4524-aa98-54861c901ec5.json (weighted loss=1.233678, epoch 86)
epoch:  87                    train:   valid:
    weighted total loss      1.477300  1.257897
    energy MSE [eV²]         0.482702  0.341622
    force MSE [(eV/Å)²]      0.809564  0.759614
    energy mae [kcal/mol]          17.312992  14.786682
    energy R²                    N/A  0.561241
    forces mae [kcal/mol/Å]        20.203773  19.687630
    forces R²                    N/A  0.779664
    dipole mae [tgt units]   0.369314  0.354506
    dipole R²                    N/A  0.368933
    dipole MSE [tgt²]        0.169700  0.156162
    charge loss [e²]         0.015335  0.000499
    charge RMSE [e]          0.123833  0.022329
    LR scale:  1.000000, effective LR:  0.000400
epoch:  88                    train:   valid:
    weighted total loss      1.456488  1.302632
    energy MSE [eV²]         0.475337  0.386704
    force MSE [(eV/Å)²]      0.807477  0.759112
    energy mae [kcal/mol]          17.253147  16.328156
    energy R²                    N/A  0.494268
    forces mae [kcal/mol/Å]        20.173756  19.690796
    forces R²                    N/A  0.779805
    dipole mae [tgt units]   0.369091  0.354154
    dipole R²                    N/A  0.369295
    dipole MSE [tgt²]        0.169591  0.156062
    charge loss [e²]         0.004083  0.000754
    charge RMSE [e]          0.063896  0.027463
    LR scale:  1.000000, effective LR:  0.000400
epoch:  89                    train:   valid:
    weighted total loss      1.431187  1.338314
    energy MSE [eV²]         0.454534  0.420699
    force MSE [(eV/Å)²]      0.805752  0.757281
    energy mae [kcal/mol]          16.977467  17.406202
    energy R²                    N/A  0.443087
    forces mae [kcal/mol/Å]        20.147890  19.679585
    forces R²                    N/A  0.780327
    dipole mae [tgt units]   0.369058  0.353601
    dipole R²                    N/A  0.369724
    dipole MSE [tgt²]        0.169675  0.155910
    charge loss [e²]         0.001226  0.004423
    charge RMSE [e]          0.035018  0.066508
    LR scale:  1.000000, effective LR:  0.000400
epoch:  90                    train:   valid:
    weighted total loss      1.386654  1.248798
    energy MSE [eV²]         0.413369  0.337280
    force MSE [(eV/Å)²]      0.802756  0.755212
    energy mae [kcal/mol]          15.914196  13.617641
    energy R²                    N/A  0.562992
    forces mae [kcal/mol/Å]        20.119684  19.609343
    forces R²                    N/A  0.780942
    dipole mae [tgt units]   0.368779  0.353226
    dipole R²                    N/A  0.370417
    dipole MSE [tgt²]        0.169527  0.155726
    charge loss [e²]         0.001003  0.000580
    charge RMSE [e]          0.031665  0.024089
    LR scale:  1.000000, effective LR:  0.000400
epoch:  91                    train:   valid:
    weighted total loss      1.462047  1.287140
    energy MSE [eV²]         0.481334  0.336421
    force MSE [(eV/Å)²]      0.801444  0.753131
    energy mae [kcal/mol]          17.444250  14.670514
    energy R²                    N/A  0.567667
    forces mae [kcal/mol/Å]        20.095425  19.604965
    forces R²                    N/A  0.781539
    dipole mae [tgt units]   0.368551  0.354526
    dipole R²                    N/A  0.369079
    dipole MSE [tgt²]        0.169449  0.156180
    charge loss [e²]         0.009820  0.041408
    charge RMSE [e]          0.099094  0.203489
    LR scale:  1.000000, effective LR:  0.000400
epoch:  92                    train:   valid:
    weighted total loss      1.372893  1.232434
    energy MSE [eV²]         0.400964  0.326869
    force MSE [(eV/Å)²]      0.798286  0.749413
    energy mae [kcal/mol]          15.810540  14.297003
    energy R²                    N/A  0.580891
    forces mae [kcal/mol/Å]        20.052357  19.518097
    forces R²                    N/A  0.782628
    dipole mae [tgt units]   0.368811  0.353230
    dipole R²                    N/A  0.370519
    dipole MSE [tgt²]        0.169624  0.155741
    charge loss [e²]         0.004020  0.000411
    charge RMSE [e]          0.063401  0.020274
    LR scale:  1.000000, effective LR:  0.000400
    ✓ Best valid checkpoint: params-best-d0e9ce01-6fcd-4524-aa98-54861c901ec5.json (weighted loss=1.232434, epoch 92)
epoch:  93                    train:   valid:
    weighted total loss      1.399463  1.252591
    energy MSE [eV²]         0.431313  0.307985
    force MSE [(eV/Å)²]      0.794720  0.748766
    energy mae [kcal/mol]          16.415121  13.401245
    energy R²                    N/A  0.606968
    forces mae [kcal/mol/Å]        20.004410  19.502512
    forces R²                    N/A  0.782814
    dipole mae [tgt units]   0.368583  0.353696
    dipole R²                    N/A  0.370052
    dipole MSE [tgt²]        0.169490  0.155734
    charge loss [e²]         0.003939  0.040105
    charge RMSE [e]          0.062761  0.200262
    LR scale:  1.000000, effective LR:  0.000400
epoch:  94                    train:   valid:
    weighted total loss      1.374063  1.206168
    energy MSE [eV²]         0.404487  0.306506
    force MSE [(eV/Å)²]      0.792492  0.743358
    energy mae [kcal/mol]          15.857882  13.394804
    energy R²                    N/A  0.608823
    forces mae [kcal/mol/Å]        19.970016  19.493441
    forces R²                    N/A  0.784357
    dipole mae [tgt units]   0.368507  0.353466
    dipole R²                    N/A  0.370045
    dipole MSE [tgt²]        0.169408  0.155876
    charge loss [e²]         0.007675  0.000427
    charge RMSE [e]          0.087607  0.020670
    LR scale:  1.000000, effective LR:  0.000400
    ✓ Best valid checkpoint: params-best-d0e9ce01-6fcd-4524-aa98-54861c901ec5.json (weighted loss=1.206168, epoch 94)
epoch:  95                    train:   valid:
    weighted total loss      1.379112  1.333109
    energy MSE [eV²]         0.418846  0.435162
    force MSE [(eV/Å)²]      0.789398  0.741535
    energy mae [kcal/mol]          16.050087  17.887182
    energy R²                    N/A  0.420156
    forces mae [kcal/mol/Å]        19.927305  19.415005
    forces R²                    N/A  0.784909
    dipole mae [tgt units]   0.368598  0.352918
    dipole R²                    N/A  0.370855
    dipole MSE [tgt²]        0.169542  0.155655
    charge loss [e²]         0.001327  0.000758
    charge RMSE [e]          0.036431  0.027525
    LR scale:  1.000000, effective LR:  0.000400
epoch:  96                    train:   valid:
    weighted total loss      1.354174  1.216608
    energy MSE [eV²]         0.390350  0.322816
    force MSE [(eV/Å)²]      0.787098  0.737208
    energy mae [kcal/mol]          15.475142  13.290056
    energy R²                    N/A  0.584358
    forces mae [kcal/mol/Å]        19.903833  19.363894
    forces R²                    N/A  0.786162
    dipole mae [tgt units]   0.368214  0.353349
    dipole R²                    N/A  0.370362
    dipole MSE [tgt²]        0.169372  0.155807
    charge loss [e²]         0.007354  0.000777
    charge RMSE [e]          0.085756  0.027879
    LR scale:  1.000000, effective LR:  0.000400
epoch:  97                    train:   valid:
    weighted total loss      1.387524  1.262864
    energy MSE [eV²]         0.426309  0.372294
    force MSE [(eV/Å)²]      0.784688  0.734465
    energy mae [kcal/mol]          16.408722  16.045364
    energy R²                    N/A  0.511724
    forces mae [kcal/mol/Å]        19.866386  19.340900
    forces R²                    N/A  0.786955
    dipole mae [tgt units]   0.368222  0.352921
    dipole R²                    N/A  0.370882
    dipole MSE [tgt²]        0.169300  0.155654
    charge loss [e²]         0.007228  0.000451
    charge RMSE [e]          0.085017  0.021225
    LR scale:  1.000000, effective LR:  0.000400
epoch:  98                    train:   valid:
    weighted total loss      1.375342  1.217797
    energy MSE [eV²]         0.419512  0.309894
    force MSE [(eV/Å)²]      0.781635  0.733044
    energy mae [kcal/mol]          16.192516  13.111296
    energy R²                    N/A  0.603027
    forces mae [kcal/mol/Å]        19.826126  19.305101
    forces R²                    N/A  0.787358
    dipole mae [tgt units]   0.367967  0.353589
    dipole R²                    N/A  0.370442
    dipole MSE [tgt²]        0.169294  0.155845
    charge loss [e²]         0.004900  0.019014
    charge RMSE [e]          0.069998  0.137892
    LR scale:  1.000000, effective LR:  0.000400
epoch:  99                    train:   valid:
    weighted total loss      1.369997  1.305366
    energy MSE [eV²]         0.420236  0.418284
    force MSE [(eV/Å)²]      0.778632  0.730257
    energy mae [kcal/mol]          16.232632  17.473862
    energy R²                    N/A  0.442963
    forces mae [kcal/mol/Å]        19.778954  19.330160
    forces R²                    N/A  0.788153
    dipole mae [tgt units]   0.368271  0.352971
    dipole R²                    N/A  0.370761
    dipole MSE [tgt²]        0.169448  0.155686
    charge loss [e²]         0.001681  0.001139
    charge RMSE [e]          0.040998  0.033748
    LR scale:  1.000000, effective LR:  0.000400
epoch: 100                    train:   valid:
    weighted total loss      1.361793  1.204775
    energy MSE [eV²]         0.411482  0.320829
    force MSE [(eV/Å)²]      0.776171  0.727729
    energy mae [kcal/mol]          15.979198  14.260954
    energy R²                    N/A  0.586415
    forces mae [kcal/mol/Å]        19.760416  19.238392
    forces R²                    N/A  0.788900
    dipole mae [tgt units]   0.368298  0.352745
    dipole R²                    N/A  0.371044
    dipole MSE [tgt²]        0.169427  0.155635
    charge loss [e²]         0.004713  0.000582
    charge RMSE [e]          0.068649  0.024117
    LR scale:  1.000000, effective LR:  0.000400
    ✓ Best valid checkpoint: params-best-d0e9ce01-6fcd-4524-aa98-54861c901ec5.json (weighted loss=1.204775, epoch 100)
epoch: 101                    train:   valid:
    weighted total loss      1.396319  1.225871
    energy MSE [eV²]         0.445101  0.341262
    force MSE [(eV/Å)²]      0.774449  0.725809
    energy mae [kcal/mol]          16.822065  13.601176
    energy R²                    N/A  0.557777
    forces mae [kcal/mol/Å]        19.722977  19.238501
    forces R²                    N/A  0.789459
    dipole mae [tgt units]   0.368130  0.352963
    dipole R²                    N/A  0.370727
    dipole MSE [tgt²]        0.169356  0.155709
    charge loss [e²]         0.007413  0.003092
    charge RMSE [e]          0.086099  0.055602
    LR scale:  1.000000, effective LR:  0.000400
epoch: 102                    train:   valid:
    weighted total loss      1.352019  1.200949
    energy MSE [eV²]         0.406619  0.322078
    force MSE [(eV/Å)²]      0.771814  0.722853
    energy mae [kcal/mol]          16.047132  14.377280
    energy R²                    N/A  0.583113
    forces mae [kcal/mol/Å]        19.684641  19.206100
    forces R²                    N/A  0.790303
    dipole mae [tgt units]   0.368181  0.352595
    dipole R²                    N/A  0.371293
    dipole MSE [tgt²]        0.169403  0.155577
    charge loss [e²]         0.004183  0.000441
    charge RMSE [e]          0.064676  0.021004
    LR scale:  1.000000, effective LR:  0.000400
    ✓ Best valid checkpoint: params-best-d0e9ce01-6fcd-4524-aa98-54861c901ec5.json (weighted loss=1.200949, epoch 102)
epoch: 103                    train:   valid:
    weighted total loss      1.364557  1.191556
    energy MSE [eV²]         0.421804  0.314768
    force MSE [(eV/Å)²]      0.767528  0.720752
    energy mae [kcal/mol]          16.158787  13.068254
    energy R²                    N/A  0.595911
    forces mae [kcal/mol/Å]        19.628868  19.121817
    forces R²                    N/A  0.790950
    dipole mae [tgt units]   0.367991  0.352789
    dipole R²                    N/A  0.371080
    dipole MSE [tgt²]        0.169284  0.155622
    charge loss [e²]         0.005941  0.000414
    charge RMSE [e]          0.077080  0.020344
    LR scale:  1.000000, effective LR:  0.000400
    ✓ Best valid checkpoint: params-best-d0e9ce01-6fcd-4524-aa98-54861c901ec5.json (weighted loss=1.191556, epoch 103)
epoch: 104                    train:   valid:
    weighted total loss      1.410685  1.179924
    energy MSE [eV²]         0.468096  0.303058
    force MSE [(eV/Å)²]      0.767600  0.720749
    energy mae [kcal/mol]          17.076225  12.941466
    energy R²                    N/A  0.612892
    forces mae [kcal/mol/Å]        19.645992  19.145485
    forces R²                    N/A  0.790930
    dipole mae [tgt units]   0.368246  0.352711
    dipole R²                    N/A  0.371127
    dipole MSE [tgt²]        0.169458  0.155612
    charge loss [e²]         0.005530  0.000506
    charge RMSE [e]          0.074367  0.022488
    LR scale:  1.000000, effective LR:  0.000400
    ✓ Best valid checkpoint: params-best-d0e9ce01-6fcd-4524-aa98-54861c901ec5.json (weighted loss=1.179924, epoch 104)
epoch: 105                    train:   valid:
    weighted total loss      1.363180  1.194325
    energy MSE [eV²]         0.425071  0.322147
    force MSE [(eV/Å)²]      0.765610  0.716098
    energy mae [kcal/mol]          16.373795  14.285895
    energy R²                    N/A  0.585900
    forces mae [kcal/mol/Å]        19.605307  19.069513
    forces R²                    N/A  0.792280
    dipole mae [tgt units]   0.368227  0.352952
    dipole R²                    N/A  0.370872
    dipole MSE [tgt²]        0.169452  0.155704
    charge loss [e²]         0.003045  0.000376
    charge RMSE [e]          0.055182  0.019396
    LR scale:  1.000000, effective LR:  0.000400
epoch: 106                    train:   valid:
    weighted total loss      1.333959  1.184504
    energy MSE [eV²]         0.401439  0.314464
    force MSE [(eV/Å)²]      0.761566  0.713718
    energy mae [kcal/mol]          15.700545  13.073385
    energy R²                    N/A  0.594515
    forces mae [kcal/mol/Å]        19.542120  19.038019
    forces R²                    N/A  0.792973
    dipole mae [tgt units]   0.368024  0.352358
    dipole R²                    N/A  0.371691
    dipole MSE [tgt²]        0.169403  0.155475
    charge loss [e²]         0.001551  0.000848
    charge RMSE [e]          0.039381  0.029128
    LR scale:  1.000000, effective LR:  0.000400
epoch: 107                    train:   valid:
    weighted total loss      1.395604  1.169182
    energy MSE [eV²]         0.457803  0.302390
    force MSE [(eV/Å)²]      0.760341  0.710901
    energy mae [kcal/mol]          17.034916  12.968682
    energy R²                    N/A  0.615640
    forces mae [kcal/mol/Å]        19.527552  18.970362
    forces R²                    N/A  0.793825
    dipole mae [tgt units]   0.367793  0.352516
    dipole R²                    N/A  0.371570
    dipole MSE [tgt²]        0.169379  0.155554
    charge loss [e²]         0.008080  0.000337
    charge RMSE [e]          0.089889  0.018368
    LR scale:  1.000000, effective LR:  0.000400
    ✓ Best valid checkpoint: params-best-d0e9ce01-6fcd-4524-aa98-54861c901ec5.json (weighted loss=1.169182, epoch 107)
epoch: 108                    train:   valid:
    weighted total loss      1.345777  1.192188
    energy MSE [eV²]         0.416023  0.328319
    force MSE [(eV/Å)²]      0.756277  0.707905
    energy mae [kcal/mol]          16.111931  13.329320
    energy R²                    N/A  0.573817
    forces mae [kcal/mol/Å]        19.475849  19.009480
    forces R²                    N/A  0.794654
    dipole mae [tgt units]   0.367584  0.352496
    dipole R²                    N/A  0.371392
    dipole MSE [tgt²]        0.169192  0.155564
    charge loss [e²]         0.004285  0.000400
    charge RMSE [e]          0.065458  0.019994
    LR scale:  1.000000, effective LR:  0.000400
epoch: 109                    train:   valid:
    weighted total loss      1.330675  1.203762
    energy MSE [eV²]         0.407070  0.334648
    force MSE [(eV/Å)²]      0.752451  0.703401
    energy mae [kcal/mol]          15.850513  14.918392
    energy R²                    N/A  0.565131
    forces mae [kcal/mol/Å]        19.425928  18.915701
    forces R²                    N/A  0.795987
    dipole mae [tgt units]   0.367675  0.352413
    dipole R²                    N/A  0.371545
    dipole MSE [tgt²]        0.169125  0.155453
    charge loss [e²]         0.002028  0.010261
    charge RMSE [e]          0.045036  0.101295
    LR scale:  1.000000, effective LR:  0.000400
epoch: 110                    train:   valid:
    weighted total loss      1.358081  1.245460
    energy MSE [eV²]         0.426130  0.389838
    force MSE [(eV/Å)²]      0.750336  0.699683
    energy mae [kcal/mol]          16.109993  16.741884
    energy R²                    N/A  0.483202
    forces mae [kcal/mol/Å]        19.398415  18.875292
    forces R²                    N/A  0.797060
    dipole mae [tgt units]   0.367777  0.352472
    dipole R²                    N/A  0.371624
    dipole MSE [tgt²]        0.169156  0.155522
    charge loss [e²]         0.012459  0.000417
    charge RMSE [e]          0.111618  0.020429
    LR scale:  1.000000, effective LR:  0.000400
epoch: 111                    train:   valid:
    weighted total loss      1.337955  1.156034
    energy MSE [eV²]         0.420290  0.299921
    force MSE [(eV/Å)²]      0.747249  0.700315
    energy mae [kcal/mol]          16.085655  12.820832
    energy R²                    N/A  0.614305
    forces mae [kcal/mol/Å]        19.341093  18.825489
    forces R²                    N/A  0.796918
    dipole mae [tgt units]   0.367685  0.351851
    dipole R²                    N/A  0.372485
    dipole MSE [tgt²]        0.169288  0.155318
    charge loss [e²]         0.001128  0.000480
    charge RMSE [e]          0.033582  0.021902
    LR scale:  1.000000, effective LR:  0.000400
    ✓ Best valid checkpoint: params-best-d0e9ce01-6fcd-4524-aa98-54861c901ec5.json (weighted loss=1.156034, epoch 111)
epoch: 112                    train:   valid:
    weighted total loss      1.361872  1.145865
    energy MSE [eV²]         0.439071  0.294494
    force MSE [(eV/Å)²]      0.744839  0.695385
    energy mae [kcal/mol]          16.554132  12.885562
    energy R²                    N/A  0.624574
    forces mae [kcal/mol/Å]        19.312458  18.768709
    forces R²                    N/A  0.798336
    dipole mae [tgt units]   0.367607  0.351949
    dipole R²                    N/A  0.372376
    dipole MSE [tgt²]        0.169281  0.155344
    charge loss [e²]         0.008682  0.000643
    charge RMSE [e]          0.093176  0.025352
    LR scale:  1.000000, effective LR:  0.000400
    ✓ Best valid checkpoint: params-best-d0e9ce01-6fcd-4524-aa98-54861c901ec5.json (weighted loss=1.145865, epoch 112)
epoch: 113                    train:   valid:
    weighted total loss      1.342950  1.198430
    energy MSE [eV²]         0.426966  0.350822
    force MSE [(eV/Å)²]      0.741127  0.691940
    energy mae [kcal/mol]          16.187698  13.748706
    energy R²                    N/A  0.540205
    forces mae [kcal/mol/Å]        19.261198  18.738438
    forces R²                    N/A  0.799318
    dipole mae [tgt units]   0.367663  0.351767
    dipole R²                    N/A  0.372524
    dipole MSE [tgt²]        0.169300  0.155306
    charge loss [e²]         0.005558  0.000362
    charge RMSE [e]          0.074551  0.019013
    LR scale:  1.000000, effective LR:  0.000400
epoch: 114                    train:   valid:
    weighted total loss      1.291559  1.173445
    energy MSE [eV²]         0.382408  0.327854
    force MSE [(eV/Å)²]      0.737936  0.689967
    energy mae [kcal/mol]          15.354144  13.206075
    energy R²                    N/A  0.573240
    forces mae [kcal/mol/Å]        19.228533  18.678549
    forces R²                    N/A  0.799910
    dipole mae [tgt units]   0.367597  0.351492
    dipole R²                    N/A  0.372819
    dipole MSE [tgt²]        0.169235  0.155212
    charge loss [e²]         0.001979  0.000412
    charge RMSE [e]          0.044487  0.020301
    LR scale:  1.000000, effective LR:  0.000400
epoch: 115                    train:   valid:
    weighted total loss      1.327881  1.313420
    energy MSE [eV²]         0.417118  0.472808
    force MSE [(eV/Å)²]      0.734610  0.684693
    energy mae [kcal/mol]          16.054251  16.665741
    energy R²                    N/A  0.358235
    forces mae [kcal/mol/Å]        19.180279  18.646715
    forces R²                    N/A  0.801455
    dipole mae [tgt units]   0.367540  0.351759
    dipole R²                    N/A  0.372591
    dipole MSE [tgt²]        0.169198  0.155288
    charge loss [e²]         0.006954  0.000631
    charge RMSE [e]          0.083393  0.025116
    LR scale:  1.000000, effective LR:  0.000400
epoch: 116                    train:   valid:
    weighted total loss      1.341381  1.136422
    energy MSE [eV²]         0.433959  0.290052
    force MSE [(eV/Å)²]      0.732981  0.682155
    energy mae [kcal/mol]          16.394270  12.805800
    energy R²                    N/A  0.630110
    forces mae [kcal/mol/Å]        19.148569  18.617037
    forces R²                    N/A  0.802174
    dipole mae [tgt units]   0.366893  0.352121
    dipole R²                    N/A  0.372123
    dipole MSE [tgt²]        0.168944  0.155408
    charge loss [e²]         0.005498  0.008806
    charge RMSE [e]          0.074148  0.093842
    LR scale:  1.000000, effective LR:  0.000400
    ✓ Best valid checkpoint: params-best-d0e9ce01-6fcd-4524-aa98-54861c901ec5.json (weighted loss=1.136422, epoch 116)
epoch: 117                    train:   valid:
    weighted total loss      1.255701  1.121307
    energy MSE [eV²]         0.355620  0.289971
    force MSE [(eV/Å)²]      0.728312  0.675516
    energy mae [kcal/mol]          14.614732  13.099827
    energy R²                    N/A  0.627806
    forces mae [kcal/mol/Å]        19.092775  18.528616
    forces R²                    N/A  0.804114
    dipole mae [tgt units]   0.367058  0.351654
    dipole R²                    N/A  0.373158
    dipole MSE [tgt²]        0.169100  0.155194
    charge loss [e²]         0.002669  0.000626
    charge RMSE [e]          0.051660  0.025011
    LR scale:  1.000000, effective LR:  0.000400
    ✓ Best valid checkpoint: params-best-d0e9ce01-6fcd-4524-aa98-54861c901ec5.json (weighted loss=1.121307, epoch 117)
epoch: 118                    train:   valid:
    weighted total loss      1.299392  1.115813
    energy MSE [eV²]         0.399807  0.283929
    force MSE [(eV/Å)²]      0.723413  0.676139
    energy mae [kcal/mol]          15.601036  12.835535
    energy R²                    N/A  0.634127
    forces mae [kcal/mol/Å]        19.021885  18.580837
    forces R²                    N/A  0.803896
    dipole mae [tgt units]   0.366915  0.351422
    dipole R²                    N/A  0.373338
    dipole MSE [tgt²]        0.169073  0.155102
    charge loss [e²]         0.007099  0.000643
    charge RMSE [e]          0.084253  0.025359
    LR scale:  1.000000, effective LR:  0.000400
    ✓ Best valid checkpoint: params-best-d0e9ce01-6fcd-4524-aa98-54861c901ec5.json (weighted loss=1.115813, epoch 118)
epoch: 119                    train:   valid:
    weighted total loss      1.261307  1.130856
    energy MSE [eV²]         0.369494  0.305291
    force MSE [(eV/Å)²]      0.722019  0.669911
    energy mae [kcal/mol]          14.958548  14.005297
    energy R²                    N/A  0.603664
    forces mae [kcal/mol/Å]        19.003901  18.483318
    forces R²                    N/A  0.805758
    dipole mae [tgt units]   0.366921  0.352040
    dipole R²                    N/A  0.372820
    dipole MSE [tgt²]        0.169121  0.155274
    charge loss [e²]         0.000673  0.000381
    charge RMSE [e]          0.025947  0.019513
    LR scale:  1.000000, effective LR:  0.000400
epoch: 120                    train:   valid:
    weighted total loss      1.289299  1.122396
    energy MSE [eV²]         0.398164  0.298124
    force MSE [(eV/Å)²]      0.718803  0.668842
    energy mae [kcal/mol]          15.713870  12.564056
    energy R²                    N/A  0.614079
    forces mae [kcal/mol/Å]        18.962313  18.391651
    forces R²                    N/A  0.806060
    dipole mae [tgt units]   0.366957  0.351093
    dipole R²                    N/A  0.373901
    dipole MSE [tgt²]        0.169092  0.154980
    charge loss [e²]         0.003240  0.000451
    charge RMSE [e]          0.056925  0.021233
    LR scale:  1.000000, effective LR:  0.000400
epoch: 121                    train:   valid:
    weighted total loss      1.303271  1.171698
    energy MSE [eV²]         0.413115  0.350967
    force MSE [(eV/Å)²]      0.716130  0.665394
    energy mae [kcal/mol]          16.040247  13.690542
    energy R²                    N/A  0.536499
    forces mae [kcal/mol/Å]        18.920197  18.386271
    forces R²                    N/A  0.807066
    dipole mae [tgt units]   0.366866  0.350987
    dipole R²                    N/A  0.374179
    dipole MSE [tgt²]        0.169080  0.154911
    charge loss [e²]         0.004945  0.000426
    charge RMSE [e]          0.070324  0.020637
    LR scale:  1.000000, effective LR:  0.000400
epoch: 122                    train:   valid:
    weighted total loss      1.263608  1.099466
    energy MSE [eV²]         0.379771  0.282301
    force MSE [(eV/Å)²]      0.713427  0.661969
    energy mae [kcal/mol]          15.216955  12.385945
    energy R²                    N/A  0.635353
    forces mae [kcal/mol/Å]        18.889645  18.358046
    forces R²                    N/A  0.808069
    dipole mae [tgt units]   0.366482  0.350634
    dipole R²                    N/A  0.374662
    dipole MSE [tgt²]        0.168911  0.154759
    charge loss [e²]         0.001499  0.000437
    charge RMSE [e]          0.038723  0.020895
    LR scale:  1.000000, effective LR:  0.000400
    ✓ Best valid checkpoint: params-best-d0e9ce01-6fcd-4524-aa98-54861c901ec5.json (weighted loss=1.099466, epoch 122)
epoch: 123                    train:   valid:
    weighted total loss      1.245872  1.151803
    energy MSE [eV²]         0.364552  0.326170
    force MSE [(eV/Å)²]      0.710461  0.659932
    energy mae [kcal/mol]          14.933557  13.093323
    energy R²                    N/A  0.571590
    forces mae [kcal/mol/Å]        18.843327  18.281916
    forces R²                    N/A  0.808649
    dipole mae [tgt units]   0.366207  0.350716
    dipole R²                    N/A  0.374533
    dipole MSE [tgt²]        0.168803  0.154802
    charge loss [e²]         0.002056  0.010898
    charge RMSE [e]          0.045346  0.104392
    LR scale:  1.000000, effective LR:  0.000400
epoch: 124                    train:   valid:
    weighted total loss      1.287019  1.133711
    energy MSE [eV²]         0.400922  0.318294
    force MSE [(eV/Å)²]      0.708959  0.660224
    energy mae [kcal/mol]          15.819345  14.690422
    energy R²                    N/A  0.580861
    forces mae [kcal/mol/Å]        18.821562  18.416531
    forces R²                    N/A  0.808564
    dipole mae [tgt units]   0.366561  0.350712
    dipole R²                    N/A  0.374614
    dipole MSE [tgt²]        0.169048  0.154769
    charge loss [e²]         0.008090  0.000425
    charge RMSE [e]          0.089943  0.020606
    LR scale:  1.000000, effective LR:  0.000400
epoch: 125                    train:   valid:
    weighted total loss      1.289199  1.114826
    energy MSE [eV²]         0.407743  0.303307
    force MSE [(eV/Å)²]      0.706935  0.656428
    energy mae [kcal/mol]          15.898029  14.160861
    energy R²                    N/A  0.602280
    forces mae [kcal/mol/Å]        18.800743  18.315542
    forces R²                    N/A  0.809675
    dipole mae [tgt units]   0.366526  0.350671
    dipole R²                    N/A  0.374669
    dipole MSE [tgt²]        0.169076  0.154726
    charge loss [e²]         0.005446  0.000365
    charge RMSE [e]          0.073796  0.019108
    LR scale:  1.000000, effective LR:  0.000400
epoch: 126                    train:   valid:
    weighted total loss      1.289686  1.167830
    energy MSE [eV²]         0.411402  0.358850
    force MSE [(eV/Å)²]      0.704167  0.653635
    energy mae [kcal/mol]          16.081951  16.085611
    energy R²                    N/A  0.521521
    forces mae [kcal/mol/Å]        18.753593  18.188841
    forces R²                    N/A  0.810503
    dipole mae [tgt units]   0.366186  0.350542
    dipole R²                    N/A  0.374981
    dipole MSE [tgt²]        0.168796  0.154660
    charge loss [e²]         0.005320  0.000685
    charge RMSE [e]          0.072940  0.026175
    LR scale:  1.000000, effective LR:  0.000400
epoch: 127                    train:   valid:
    weighted total loss      1.241235  1.119964
    energy MSE [eV²]         0.368803  0.312017
    force MSE [(eV/Å)²]      0.702427  0.651056
    energy mae [kcal/mol]          14.976698  14.479583
    energy R²                    N/A  0.589676
    forces mae [kcal/mol/Å]        18.724691  18.169447
    forces R²                    N/A  0.811254
    dipole mae [tgt units]   0.366359  0.350509
    dipole R²                    N/A  0.375148
    dipole MSE [tgt²]        0.168910  0.154643
    charge loss [e²]         0.001095  0.002248
    charge RMSE [e]          0.033090  0.047417
    LR scale:  1.000000, effective LR:  0.000400
epoch: 128                    train:   valid:
    weighted total loss      1.257215  1.076925
    energy MSE [eV²]         0.379592  0.273437
    force MSE [(eV/Å)²]      0.699868  0.648409
    energy mae [kcal/mol]          15.229442  12.665648
    energy R²                    N/A  0.646327
    forces mae [kcal/mol/Å]        18.687664  18.125256
    forces R²                    N/A  0.812030
    dipole mae [tgt units]   0.366456  0.350323
    dipole R²                    N/A  0.375393
    dipole MSE [tgt²]        0.169029  0.154538
    charge loss [e²]         0.008726  0.000541
    charge RMSE [e]          0.093410  0.023257
    LR scale:  1.000000, effective LR:  0.000400
    ✓ Best valid checkpoint: params-best-d0e9ce01-6fcd-4524-aa98-54861c901ec5.json (weighted loss=1.076925, epoch 128)
epoch: 129                    train:   valid:
    weighted total loss      1.246382  1.090720
    energy MSE [eV²]         0.378728  0.289923
    force MSE [(eV/Å)²]      0.697574  0.645878
    energy mae [kcal/mol]          15.317225  12.285139
    energy R²                    N/A  0.624063
    forces mae [kcal/mol/Å]        18.655558  18.088905
    forces R²                    N/A  0.812767
    dipole mae [tgt units]   0.366315  0.350366
    dipole R²                    N/A  0.375502
    dipole MSE [tgt²]        0.168915  0.154531
    charge loss [e²]         0.001165  0.000388
    charge RMSE [e]          0.034125  0.019690
    LR scale:  1.000000, effective LR:  0.000400
epoch: 130                    train:   valid:
    weighted total loss      1.292360  1.074472
    energy MSE [eV²]         0.421589  0.271677
    force MSE [(eV/Å)²]      0.696148  0.647985
    energy mae [kcal/mol]          16.357674  12.224993
    energy R²                    N/A  0.648193
    forces mae [kcal/mol/Å]        18.626179  18.076460
    forces R²                    N/A  0.812148
    dipole mae [tgt units]   0.365885  0.350084
    dipole R²                    N/A  0.376157
    dipole MSE [tgt²]        0.168730  0.154373
    charge loss [e²]         0.005894  0.000437
    charge RMSE [e]          0.076774  0.020899
    LR scale:  1.000000, effective LR:  0.000400
    ✓ Best valid checkpoint: params-best-d0e9ce01-6fcd-4524-aa98-54861c901ec5.json (weighted loss=1.074472, epoch 130)
epoch: 131                    train:   valid:
    weighted total loss      1.251493  1.100651
    energy MSE [eV²]         0.383481  0.300751
    force MSE [(eV/Å)²]      0.694715  0.643445
    energy mae [kcal/mol]          15.334651  12.495915
    energy R²                    N/A  0.605065
    forces mae [kcal/mol/Å]        18.608501  18.088167
    forces R²                    N/A  0.813464
    dipole mae [tgt units]   0.366115  0.350282
    dipole R²                    N/A  0.375893
    dipole MSE [tgt²]        0.168847  0.154410
    charge loss [e²]         0.004450  0.002045
    charge RMSE [e]          0.066705  0.045219
    LR scale:  1.000000, effective LR:  0.000400
epoch: 132                    train:   valid:
    weighted total loss      1.242702  1.074876
    energy MSE [eV²]         0.377764  0.275676
    force MSE [(eV/Å)²]      0.691955  0.644330
    energy mae [kcal/mol]          15.160882  12.209661
    energy R²                    N/A  0.643983
    forces mae [kcal/mol/Å]        18.574734  18.118006
    forces R²                    N/A  0.813205
    dipole mae [tgt units]   0.366113  0.350151
    dipole R²                    N/A  0.376086
    dipole MSE [tgt²]        0.168893  0.154372
    charge loss [e²]         0.004089  0.000498
    charge RMSE [e]          0.063944  0.022318
    LR scale:  1.000000, effective LR:  0.000400
epoch: 133                    train:   valid:
    weighted total loss      1.215615  1.090429
    energy MSE [eV²]         0.354454  0.297673
    force MSE [(eV/Å)²]      0.689754  0.637765
    energy mae [kcal/mol]          14.685295  12.425252
    energy R²                    N/A  0.609819
    forces mae [kcal/mol/Å]        18.545664  18.005299
    forces R²                    N/A  0.815123
    dipole mae [tgt units]   0.366103  0.350233
    dipole R²                    N/A  0.375955
    dipole MSE [tgt²]        0.168926  0.154385
    charge loss [e²]         0.002481  0.000606
    charge RMSE [e]          0.049809  0.024611
    LR scale:  1.000000, effective LR:  0.000400
epoch: 134                    train:   valid:
    weighted total loss      1.217242  1.079798
    energy MSE [eV²]         0.359168  0.290626
    force MSE [(eV/Å)²]      0.686615  0.634397
    energy mae [kcal/mol]          14.824477  13.703180
    energy R²                    N/A  0.619163
    forces mae [kcal/mol/Å]        18.492022  17.943464
    forces R²                    N/A  0.816108
    dipole mae [tgt units]   0.366097  0.350335
    dipole R²                    N/A  0.375804
    dipole MSE [tgt²]        0.168910  0.154414
    charge loss [e²]         0.002550  0.000361
    charge RMSE [e]          0.050497  0.019011
    LR scale:  1.000000, effective LR:  0.000400
epoch: 135                    train:   valid:
    weighted total loss      1.210271  1.090441
    energy MSE [eV²]         0.353641  0.301502
    force MSE [(eV/Å)²]      0.683821  0.633710
    energy mae [kcal/mol]          14.702536  12.461729
    energy R²                    N/A  0.603831
    forces mae [kcal/mol/Å]        18.446852  17.899559
    forces R²                    N/A  0.816310
    dipole mae [tgt units]   0.365972  0.350955
    dipole R²                    N/A  0.375462
    dipole MSE [tgt²]        0.168608  0.154532
    charge loss [e²]         0.004201  0.000696
    charge RMSE [e]          0.064812  0.026387
    LR scale:  1.000000, effective LR:  0.000400
epoch: 136                    train:   valid:
    weighted total loss      1.231810  1.098388
    energy MSE [eV²]         0.374407  0.311042
    force MSE [(eV/Å)²]      0.682789  0.632628
    energy mae [kcal/mol]          15.154765  12.664867
    energy R²                    N/A  0.589637
    forces mae [kcal/mol/Å]        18.440590  17.840641
    forces R²                    N/A  0.816647
    dipole mae [tgt units]   0.366567  0.350358
    dipole R²                    N/A  0.376042
    dipole MSE [tgt²]        0.169047  0.154362
    charge loss [e²]         0.005566  0.000356
    charge RMSE [e]          0.074606  0.018861
    LR scale:  1.000000, effective LR:  0.000400
epoch: 137                    train:   valid:
    weighted total loss      1.242882  1.085414
    energy MSE [eV²]         0.383494  0.299761
    force MSE [(eV/Å)²]      0.679663  0.630925
    energy mae [kcal/mol]          15.281690  12.416857
    energy R²                    N/A  0.606155
    forces mae [kcal/mol/Å]        18.376047  17.924940
    forces R²                    N/A  0.817117
    dipole mae [tgt units]   0.366313  0.350184
    dipole R²                    N/A  0.376280
    dipole MSE [tgt²]        0.168939  0.154298
    charge loss [e²]         0.010786  0.000430
    charge RMSE [e]          0.103855  0.020745
    LR scale:  1.000000, effective LR:  0.000400
epoch: 138                    train:   valid:
    weighted total loss      1.213487  1.116675
    energy MSE [eV²]         0.365728  0.334465
    force MSE [(eV/Å)²]      0.678233  0.627149
    energy mae [kcal/mol]          14.940612  13.254474
    energy R²                    N/A  0.553477
    forces mae [kcal/mol/Å]        18.358097  17.824215
    forces R²                    N/A  0.818235
    dipole mae [tgt units]   0.366077  0.350302
    dipole R²                    N/A  0.376434
    dipole MSE [tgt²]        0.168922  0.154284
    charge loss [e²]         0.000605  0.000777
    charge RMSE [e]          0.024589  0.027873
    LR scale:  1.000000, effective LR:  0.000400
epoch: 139                    train:   valid:
    weighted total loss      1.252181  1.044723
    energy MSE [eV²]         0.396765  0.264086
    force MSE [(eV/Å)²]      0.676315  0.625880
    energy mae [kcal/mol]          15.633074  12.159957
    energy R²                    N/A  0.657689
    forces mae [kcal/mol/Å]        18.330772  17.809477
    forces R²                    N/A  0.818593
    dipole mae [tgt units]   0.366231  0.350677
    dipole R²                    N/A  0.375705
    dipole MSE [tgt²]        0.168815  0.154392
    charge loss [e²]         0.010287  0.000365
    charge RMSE [e]          0.101424  0.019096
    LR scale:  1.000000, effective LR:  0.000400
    ✓ Best valid checkpoint: params-best-d0e9ce01-6fcd-4524-aa98-54861c901ec5.json (weighted loss=1.044723, epoch 139)
epoch: 140                    train:   valid:
    weighted total loss      1.263585  1.177209
    energy MSE [eV²]         0.416339  0.392126
    force MSE [(eV/Å)²]      0.674621  0.627611
    energy mae [kcal/mol]          16.274570  17.329588
    energy R²                    N/A  0.468051
    forces mae [kcal/mol/Å]        18.300896  17.752790
    forces R²                    N/A  0.818126
    dipole mae [tgt units]   0.366338  0.350590
    dipole R²                    N/A  0.376261
    dipole MSE [tgt²]        0.168832  0.154323
    charge loss [e²]         0.003794  0.003149
    charge RMSE [e]          0.061593  0.056115
    LR scale:  1.000000, effective LR:  0.000400
epoch: 141                    train:   valid:
    weighted total loss      1.178011  1.041725
    energy MSE [eV²]         0.335200  0.264246
    force MSE [(eV/Å)²]      0.673029  0.622636
    energy mae [kcal/mol]          14.141657  12.153241
    energy R²                    N/A  0.656414
    forces mae [kcal/mol/Å]        18.278364  17.673853
    forces R²                    N/A  0.819574
    dipole mae [tgt units]   0.366441  0.351287
    dipole R²                    N/A  0.375930
    dipole MSE [tgt²]        0.168958  0.154433
    charge loss [e²]         0.000823  0.000410
    charge RMSE [e]          0.028684  0.020246
    LR scale:  1.000000, effective LR:  0.000400
    ✓ Best valid checkpoint: params-best-d0e9ce01-6fcd-4524-aa98-54861c901ec5.json (weighted loss=1.041725, epoch 141)
epoch: 142                    train:   valid:
    weighted total loss      1.192073  1.036584
    energy MSE [eV²]         0.353209  0.263497
    force MSE [(eV/Å)²]      0.668762  0.618267
    energy mae [kcal/mol]          14.653580  12.439795
    energy R²                    N/A  0.656759
    forces mae [kcal/mol/Å]        18.212143  17.652184
    forces R²                    N/A  0.820836
    dipole mae [tgt units]   0.366592  0.350549
    dipole R²                    N/A  0.376403
    dipole MSE [tgt²]        0.168923  0.154266
    charge loss [e²]         0.001179  0.000553
    charge RMSE [e]          0.034336  0.023515
    LR scale:  1.000000, effective LR:  0.000400
    ✓ Best valid checkpoint: params-best-d0e9ce01-6fcd-4524-aa98-54861c901ec5.json (weighted loss=1.036584, epoch 142)
epoch: 143                    train:   valid:
    weighted total loss      1.198958  1.073483
    energy MSE [eV²]         0.357820  0.297496
    force MSE [(eV/Å)²]      0.666462  0.618905
    energy mae [kcal/mol]          14.746709  12.372242
    energy R²                    N/A  0.606139
    forces mae [kcal/mol/Å]        18.181349  17.613356
    forces R²                    N/A  0.820653
    dipole mae [tgt units]   0.366608  0.351165
    dipole R²                    N/A  0.375926
    dipole MSE [tgt²]        0.168915  0.154422
    charge loss [e²]         0.005762  0.002660
    charge RMSE [e]          0.075905  0.051578
    LR scale:  1.000000, effective LR:  0.000400
epoch: 144                    train:   valid:
    weighted total loss      1.217218  1.032693
    energy MSE [eV²]         0.376517  0.261901
    force MSE [(eV/Å)²]      0.665888  0.614670
    energy mae [kcal/mol]          15.336024  12.111874
    energy R²                    N/A  0.659840
    forces mae [kcal/mol/Å]        18.159399  17.582018
    forces R²                    N/A  0.821891
    dipole mae [tgt units]   0.366736  0.350944
    dipole R²                    N/A  0.376055
    dipole MSE [tgt²]        0.168949  0.154313
    charge loss [e²]         0.005865  0.001809
    charge RMSE [e]          0.076584  0.042533
    LR scale:  1.000000, effective LR:  0.000400
    ✓ Best valid checkpoint: params-best-d0e9ce01-6fcd-4524-aa98-54861c901ec5.json (weighted loss=1.032693, epoch 144)
epoch: 145                    train:   valid:
    weighted total loss      1.199015  1.072521
    energy MSE [eV²]         0.365287  0.304462
    force MSE [(eV/Å)²]      0.662525  0.612628
    energy mae [kcal/mol]          14.912849  14.535182
    energy R²                    N/A  0.594287
    forces mae [kcal/mol/Å]        18.107254  17.647509
    forces R²                    N/A  0.822446
    dipole mae [tgt units]   0.366628  0.351411
    dipole R²                    N/A  0.375508
    dipole MSE [tgt²]        0.168929  0.154469
    charge loss [e²]         0.002274  0.000963
    charge RMSE [e]          0.047689  0.031036
    LR scale:  1.000000, effective LR:  0.000400
epoch: 146                    train:   valid:
    weighted total loss      1.204071  1.030088
    energy MSE [eV²]         0.367229  0.262624
    force MSE [(eV/Å)²]      0.660768  0.611284
    energy mae [kcal/mol]          15.171286  12.011909
    energy R²                    N/A  0.657804
    forces mae [kcal/mol/Å]        18.078705  17.534153
    forces R²                    N/A  0.822836
    dipole mae [tgt units]   0.366713  0.351036
    dipole R²                    N/A  0.376038
    dipole MSE [tgt²]        0.168985  0.154314
    charge loss [e²]         0.007090  0.001865
    charge RMSE [e]          0.084200  0.043188
    LR scale:  1.000000, effective LR:  0.000400
    ✓ Best valid checkpoint: params-best-d0e9ce01-6fcd-4524-aa98-54861c901ec5.json (weighted loss=1.030088, epoch 146)
epoch: 147                    train:   valid:
    weighted total loss      1.197082  1.120182
    energy MSE [eV²]         0.362180  0.324455
    force MSE [(eV/Å)²]      0.658541  0.609873
    energy mae [kcal/mol]          14.800056  15.268376
    energy R²                    N/A  0.563579
    forces mae [kcal/mol/Å]        18.044333  17.484259
    forces R²                    N/A  0.823296
    dipole mae [tgt units]   0.366707  0.351627
    dipole R²                    N/A  0.375891
    dipole MSE [tgt²]        0.168965  0.154244
    charge loss [e²]         0.007397  0.031610
    charge RMSE [e]          0.086007  0.177792
    LR scale:  1.000000, effective LR:  0.000400
epoch: 148                    train:   valid:
    weighted total loss      1.198477  1.040931
    energy MSE [eV²]         0.370135  0.276622
    force MSE [(eV/Å)²]      0.656811  0.609463
    energy mae [kcal/mol]          15.086033  11.967213
    energy R²                    N/A  0.636964
    forces mae [kcal/mol/Å]        18.026041  17.434799
    forces R²                    N/A  0.823389
    dipole mae [tgt units]   0.366895  0.351299
    dipole R²                    N/A  0.375921
    dipole MSE [tgt²]        0.169065  0.154313
    charge loss [e²]         0.002467  0.000533
    charge RMSE [e]          0.049669  0.023083
    LR scale:  1.000000, effective LR:  0.000400
epoch: 149                    train:   valid:
    weighted total loss      1.205967  1.030809
    energy MSE [eV²]         0.373867  0.271191
    force MSE [(eV/Å)²]      0.655337  0.604720
    energy mae [kcal/mol]          15.120199  13.049618
    energy R²                    N/A  0.645059
    forces mae [kcal/mol/Å]        17.982332  17.396126
    forces R²                    N/A  0.824789
    dipole mae [tgt units]   0.366620  0.350925
    dipole R²                    N/A  0.376451
    dipole MSE [tgt²]        0.168662  0.154244
    charge loss [e²]         0.008101  0.000653
    charge RMSE [e]          0.090007  0.025555
    LR scale:  1.000000, effective LR:  0.000400
epoch: 150                    train:   valid:
    weighted total loss      1.254120  1.017277
    energy MSE [eV²]         0.424740  0.258490
    force MSE [(eV/Å)²]      0.655283  0.604005
    energy mae [kcal/mol]          16.339392  12.211754
    energy R²                    N/A  0.663040
    forces mae [kcal/mol/Å]        17.980125  17.387609
    forces R²                    N/A  0.824972
    dipole mae [tgt units]   0.366560  0.351056
    dipole R²                    N/A  0.376275
    dipole MSE [tgt²]        0.168870  0.154257
    charge loss [e²]         0.005226  0.000525
    charge RMSE [e]          0.072294  0.022904
    LR scale:  1.000000, effective LR:  0.000400
    ✓ Best valid checkpoint: params-best-d0e9ce01-6fcd-4524-aa98-54861c901ec5.json (weighted loss=1.017277, epoch 150)
epoch: 151                    train:   valid:
    weighted total loss      1.189363  1.049566
    energy MSE [eV²]         0.367513  0.290346
    force MSE [(eV/Å)²]      0.652172  0.603520
    energy mae [kcal/mol]          14.946817  14.020882
    energy R²                    N/A  0.614783
    forces mae [kcal/mol/Å]        17.940733  17.364773
    forces R²                    N/A  0.825133
    dipole mae [tgt units]   0.366790  0.351454
    dipole R²                    N/A  0.376143
    dipole MSE [tgt²]        0.168950  0.154278
    charge loss [e²]         0.000728  0.001421
    charge RMSE [e]          0.026989  0.037696
    LR scale:  1.000000, effective LR:  0.000400
epoch: 152                    train:   valid:
    weighted total loss      1.196673  1.128660
    energy MSE [eV²]         0.371315  0.371146
    force MSE [(eV/Å)²]      0.650308  0.602557
    energy mae [kcal/mol]          15.157836  14.216612
    energy R²                    N/A  0.496221
    forces mae [kcal/mol/Å]        17.901953  17.339420
    forces R²                    N/A  0.825410
    dipole mae [tgt units]   0.366617  0.351273
    dipole R²                    N/A  0.375985
    dipole MSE [tgt²]        0.168826  0.154289
    charge loss [e²]         0.006224  0.000668
    charge RMSE [e]          0.078890  0.025848
    LR scale:  1.000000, effective LR:  0.000400
epoch: 153                    train:   valid:
    weighted total loss      1.157227  1.045931
    energy MSE [eV²]         0.339694  0.293708
    force MSE [(eV/Å)²]      0.647648  0.597390
    energy mae [kcal/mol]          14.310777  12.213695
    energy R²                    N/A  0.611037
    forces mae [kcal/mol/Å]        17.861433  17.280502
    forces R²                    N/A  0.826909
    dipole mae [tgt units]   0.366778  0.351332
    dipole R²                    N/A  0.376114
    dipole MSE [tgt²]        0.168928  0.154297
    charge loss [e²]         0.000956  0.000536
    charge RMSE [e]          0.030926  0.023157
    LR scale:  1.000000, effective LR:  0.000400
epoch: 154                    train:   valid:
    weighted total loss      1.159050  1.008100
    energy MSE [eV²]         0.344604  0.258396
    force MSE [(eV/Å)²]      0.644022  0.594784
    energy mae [kcal/mol]          14.485963  11.791953
    energy R²                    N/A  0.661563
    forces mae [kcal/mol/Å]        17.801830  17.282581
    forces R²                    N/A  0.827652
    dipole mae [tgt units]   0.366759  0.351450
    dipole R²                    N/A  0.376099
    dipole MSE [tgt²]        0.168816  0.154323
    charge loss [e²]         0.001607  0.000598
    charge RMSE [e]          0.040093  0.024453
    LR scale:  1.000000, effective LR:  0.000400
    ✓ Best valid checkpoint: params-best-d0e9ce01-6fcd-4524-aa98-54861c901ec5.json (weighted loss=1.008100, epoch 154)
epoch: 155                    train:   valid:
    weighted total loss      1.204022  1.027763
    energy MSE [eV²]         0.382365  0.279100
    force MSE [(eV/Å)²]      0.643539  0.593442
    energy mae [kcal/mol]          15.446573  13.513449
    energy R²                    N/A  0.632009
    forces mae [kcal/mol/Å]        17.794481  17.209833
    forces R²                    N/A  0.828048
    dipole mae [tgt units]   0.366985  0.351878
    dipole R²                    N/A  0.375311
    dipole MSE [tgt²]        0.169032  0.154427
    charge loss [e²]         0.009085  0.000794
    charge RMSE [e]          0.095317  0.028185
    LR scale:  1.000000, effective LR:  0.000400
epoch: 156                    train:   valid:
    weighted total loss      1.168938  1.002813
    energy MSE [eV²]         0.352543  0.255862
    force MSE [(eV/Å)²]      0.641640  0.591948
    energy mae [kcal/mol]          14.633159  12.274194
    energy R²                    N/A  0.664761
    forces mae [kcal/mol/Å]        17.763750  17.196585
    forces R²                    N/A  0.828485
    dipole mae [tgt units]   0.366628  0.351574
    dipole R²                    N/A  0.375933
    dipole MSE [tgt²]        0.168964  0.154363
    charge loss [e²]         0.005791  0.000640
    charge RMSE [e]          0.076098  0.025291
    LR scale:  1.000000, effective LR:  0.000400
    ✓ Best valid checkpoint: params-best-d0e9ce01-6fcd-4524-aa98-54861c901ec5.json (weighted loss=1.002813, epoch 156)
epoch: 157                    train:   valid:
    weighted total loss      1.187799  1.029907
    energy MSE [eV²]         0.373803  0.284430
    force MSE [(eV/Å)²]      0.639525  0.590539
    energy mae [kcal/mol]          15.200877  13.834646
    energy R²                    N/A  0.623073
    forces mae [kcal/mol/Å]        17.725271  17.181395
    forces R²                    N/A  0.828906
    dipole mae [tgt units]   0.366960  0.351341
    dipole R²                    N/A  0.376055
    dipole MSE [tgt²]        0.168887  0.154320
    charge loss [e²]         0.005583  0.000617
    charge RMSE [e]          0.074719  0.024847
    LR scale:  1.000000, effective LR:  0.000400
epoch: 158                    train:   valid:
    weighted total loss      1.172056  0.996621
    energy MSE [eV²]         0.362653  0.252906
    force MSE [(eV/Å)²]      0.638226  0.587932
    energy mae [kcal/mol]          14.734598  12.031624
    energy R²                    N/A  0.669648
    forces mae [kcal/mol/Å]        17.700340  17.184338
    forces R²                    N/A  0.829638
    dipole mae [tgt units]   0.367009  0.351132
    dipole R²                    N/A  0.376117
    dipole MSE [tgt²]        0.168975  0.154257
    charge loss [e²]         0.002202  0.001525
    charge RMSE [e]          0.046922  0.039057
    LR scale:  1.000000, effective LR:  0.000400
    ✓ Best valid checkpoint: params-best-d0e9ce01-6fcd-4524-aa98-54861c901ec5.json (weighted loss=0.996621, epoch 158)
epoch: 159                    train:   valid:
    weighted total loss      1.134891  1.042016
    energy MSE [eV²]         0.329136  0.303047
    force MSE [(eV/Å)²]      0.635123  0.583744
    energy mae [kcal/mol]          14.001120  12.427135
    energy R²                    N/A  0.595648
    forces mae [kcal/mol/Å]        17.654869  17.110672
    forces R²                    N/A  0.830863
    dipole mae [tgt units]   0.366670  0.351894
    dipole R²                    N/A  0.375453
    dipole MSE [tgt²]        0.168988  0.154463
    charge loss [e²]         0.001644  0.000762
    charge RMSE [e]          0.040552  0.027605
    LR scale:  1.000000, effective LR:  0.000400
epoch: 160                    train:   valid:
    weighted total loss      1.158727  1.025794
    energy MSE [eV²]         0.349056  0.288133
    force MSE [(eV/Å)²]      0.632282  0.582761
    energy mae [kcal/mol]          14.429008  12.079733
    energy R²                    N/A  0.617519
    forces mae [kcal/mol/Å]        17.605101  17.008965
    forces R²                    N/A  0.831186
    dipole mae [tgt units]   0.367081  0.351305
    dipole R²                    N/A  0.376221
    dipole MSE [tgt²]        0.168892  0.154270
    charge loss [e²]         0.008497  0.000630
    charge RMSE [e]          0.092177  0.025100
    LR scale:  1.000000, effective LR:  0.000400
epoch: 161                    train:   valid:
    weighted total loss      1.167272  0.991035
    energy MSE [eV²]         0.366567  0.254556
    force MSE [(eV/Å)²]      0.630667  0.581514
    energy mae [kcal/mol]          14.935280  12.291998
    energy R²                    N/A  0.666269
    forces mae [kcal/mol/Å]        17.568546  16.990915
    forces R²                    N/A  0.831544
    dipole mae [tgt units]   0.366657  0.351170
    dipole R²                    N/A  0.376541
    dipole MSE [tgt²]        0.168786  0.154176
    charge loss [e²]         0.001253  0.000790
    charge RMSE [e]          0.035392  0.028103
    LR scale:  1.000000, effective LR:  0.000400
    ✓ Best valid checkpoint: params-best-d0e9ce01-6fcd-4524-aa98-54861c901ec5.json (weighted loss=0.991035, epoch 161)
epoch: 162                    train:   valid:
    weighted total loss      1.151258  1.007695
    energy MSE [eV²]         0.351754  0.266980
    force MSE [(eV/Å)²]      0.628524  0.582279
    energy mae [kcal/mol]          14.664764  13.091229
    energy R²                    N/A  0.647250
    forces mae [kcal/mol/Å]        17.535746  17.063658
    forces R²                    N/A  0.831310
    dipole mae [tgt units]   0.366728  0.351115
    dipole R²                    N/A  0.376600
    dipole MSE [tgt²]        0.168792  0.154143
    charge loss [e²]         0.002189  0.004293
    charge RMSE [e]          0.046783  0.065521
    LR scale:  1.000000, effective LR:  0.000400
epoch: 163                    train:   valid:
    weighted total loss      1.131108  0.986827
    energy MSE [eV²]         0.331872  0.257350
    force MSE [(eV/Å)²]      0.626292  0.574153
    energy mae [kcal/mol]          14.180888  12.558846
    energy R²                    N/A  0.660847
    forces mae [kcal/mol/Å]        17.492794  16.907898
    forces R²                    N/A  0.833666
    dipole mae [tgt units]   0.367116  0.351404
    dipole R²                    N/A  0.375941
    dipole MSE [tgt²]        0.168975  0.154326
    charge loss [e²]         0.003969  0.000998
    charge RMSE [e]          0.063004  0.031594
    LR scale:  1.000000, effective LR:  0.000400
    ✓ Best valid checkpoint: params-best-d0e9ce01-6fcd-4524-aa98-54861c901ec5.json (weighted loss=0.986827, epoch 163)
epoch: 164                    train:   valid:
    weighted total loss      1.158196  0.984507
    energy MSE [eV²]         0.359629  0.251522
    force MSE [(eV/Å)²]      0.623947  0.576413
    energy mae [kcal/mol]          14.846863  11.764511
    energy R²                    N/A  0.671026
    forces mae [kcal/mol/Å]        17.445438  16.976976
    forces R²                    N/A  0.832989
    dipole mae [tgt units]   0.366650  0.351196
    dipole R²                    N/A  0.376414
    dipole MSE [tgt²]        0.168907  0.154168
    charge loss [e²]         0.005713  0.002405
    charge RMSE [e]          0.075584  0.049045
    LR scale:  1.000000, effective LR:  0.000400
    ✓ Best valid checkpoint: params-best-d0e9ce01-6fcd-4524-aa98-54861c901ec5.json (weighted loss=0.984507, epoch 164)
epoch: 165                    train:   valid:
    weighted total loss      1.205776  0.979512
    energy MSE [eV²]         0.402232  0.250181
    force MSE [(eV/Å)²]      0.624259  0.574054
    energy mae [kcal/mol]          15.766982  11.983320
    energy R²                    N/A  0.673272
    forces mae [kcal/mol/Å]        17.454535  16.882841
    forces R²                    N/A  0.833702
    dipole mae [tgt units]   0.366706  0.352055
    dipole R²                    N/A  0.375516
    dipole MSE [tgt²]        0.168947  0.154449
    charge loss [e²]         0.010338  0.000829
    charge RMSE [e]          0.101675  0.028787
    LR scale:  1.000000, effective LR:  0.000400
    ✓ Best valid checkpoint: params-best-d0e9ce01-6fcd-4524-aa98-54861c901ec5.json (weighted loss=0.979512, epoch 165)
epoch: 166                    train:   valid:
    weighted total loss      1.173956  0.974347
    energy MSE [eV²]         0.376360  0.247355
    force MSE [(eV/Å)²]      0.622602  0.571791
    energy mae [kcal/mol]          15.302093  11.850530
    energy R²                    N/A  0.675235
    forces mae [kcal/mol/Å]        17.421181  16.876772
    forces R²                    N/A  0.834350
    dipole mae [tgt units]   0.367058  0.352157
    dipole R²                    N/A  0.375451
    dipole MSE [tgt²]        0.168911  0.154464
    charge loss [e²]         0.006083  0.000737
    charge RMSE [e]          0.077991  0.027145
    LR scale:  1.000000, effective LR:  0.000400
    ✓ Best valid checkpoint: params-best-d0e9ce01-6fcd-4524-aa98-54861c901ec5.json (weighted loss=0.974347, epoch 166)
epoch: 167                    train:   valid:
    weighted total loss      1.126305  1.003747
    energy MSE [eV²]         0.336561  0.278278
    force MSE [(eV/Å)²]      0.619521  0.570555
    energy mae [kcal/mol]          14.193455  11.857634
    energy R²                    N/A  0.632129
    forces mae [kcal/mol/Å]        17.374439  16.788416
    forces R²                    N/A  0.834726
    dipole mae [tgt units]   0.366439  0.351236
    dipole R²                    N/A  0.376499
    dipole MSE [tgt²]        0.168881  0.154195
    charge loss [e²]         0.001342  0.000719
    charge RMSE [e]          0.036633  0.026817
    LR scale:  1.000000, effective LR:  0.000400
epoch: 168                    train:   valid:
    weighted total loss      1.130360  1.025138
    energy MSE [eV²]         0.337277  0.302925
    force MSE [(eV/Å)²]      0.617967  0.567329
    energy mae [kcal/mol]          14.137148  14.657962
    energy R²                    N/A  0.593191
    forces mae [kcal/mol/Å]        17.345781  16.738302
    forces R²                    N/A  0.835668
    dipole mae [tgt units]   0.366629  0.351053
    dipole R²                    N/A  0.376515
    dipole MSE [tgt²]        0.168965  0.154171
    charge loss [e²]         0.006151  0.000713
    charge RMSE [e]          0.078427  0.026708
    LR scale:  1.000000, effective LR:  0.000400
epoch: 169                    train:   valid:
    weighted total loss      1.136424  0.973132
    energy MSE [eV²]         0.351754  0.252951
    force MSE [(eV/Å)²]      0.614993  0.564634
    energy mae [kcal/mol]          14.545591  11.602523
    energy R²                    N/A  0.667149
    forces mae [kcal/mol/Å]        17.276718  16.724520
    forces R²                    N/A  0.836445
    dipole mae [tgt units]   0.366468  0.352143
    dipole R²                    N/A  0.375601
    dipole MSE [tgt²]        0.168662  0.154457
    charge loss [e²]         0.001016  0.001089
    charge RMSE [e]          0.031873  0.033002
    LR scale:  1.000000, effective LR:  0.000400
    ✓ Best valid checkpoint: params-best-d0e9ce01-6fcd-4524-aa98-54861c901ec5.json (weighted loss=0.973132, epoch 169)
epoch: 170                    train:   valid:
    weighted total loss      1.151970  1.004916
    energy MSE [eV²]         0.363964  0.271517
    force MSE [(eV/Å)²]      0.613690  0.569891
    energy mae [kcal/mol]          14.949585  13.313919
    energy R²                    N/A  0.641250
    forces mae [kcal/mol/Å]        17.262173  16.735161
    forces R²                    N/A  0.834920
    dipole mae [tgt units]   0.367008  0.351728
    dipole R²                    N/A  0.376036
    dipole MSE [tgt²]        0.168904  0.154284
    charge loss [e²]         0.005411  0.009223
    charge RMSE [e]          0.073557  0.096037
    LR scale:  1.000000, effective LR:  0.000400
epoch: 171                    train:   valid:
    weighted total loss      1.120805  0.978488
    energy MSE [eV²]         0.334011  0.261823
    force MSE [(eV/Å)²]      0.611808  0.561641
    energy mae [kcal/mol]          14.224093  12.951028
    energy R²                    N/A  0.653893
    forces mae [kcal/mol/Å]        17.237867  16.624678
    forces R²                    N/A  0.837322
    dipole mae [tgt units]   0.366622  0.351030
    dipole R²                    N/A  0.376634
    dipole MSE [tgt²]        0.168884  0.154144
    charge loss [e²]         0.006102  0.000880
    charge RMSE [e]          0.078118  0.029660
    LR scale:  1.000000, effective LR:  0.000400
epoch: 172                    train:   valid:
    weighted total loss      1.149898  0.982978
    energy MSE [eV²]         0.366253  0.264297
    force MSE [(eV/Å)²]      0.610272  0.563543
    energy mae [kcal/mol]          14.983891  11.642077
    energy R²                    N/A  0.649453
    forces mae [kcal/mol/Å]        17.206583  16.617006
    forces R²                    N/A  0.836774
    dipole mae [tgt units]   0.366617  0.351529
    dipole R²                    N/A  0.376702
    dipole MSE [tgt²]        0.168868  0.154167
    charge loss [e²]         0.004504  0.000972
    charge RMSE [e]          0.067115  0.031171
    LR scale:  1.000000, effective LR:  0.000400
epoch: 173                    train:   valid:
    weighted total loss      1.117903  1.016136
    energy MSE [eV²]         0.337793  0.301496
    force MSE [(eV/Å)²]      0.608087  0.559429
    energy mae [kcal/mol]          14.396129  14.679735
    energy R²                    N/A  0.593821
    forces mae [kcal/mol/Å]        17.167940  16.619513
    forces R²                    N/A  0.837947
    dipole mae [tgt units]   0.366934  0.351745
    dipole R²                    N/A  0.375792
    dipole MSE [tgt²]        0.168965  0.154404
    charge loss [e²]         0.003057  0.000806
    charge RMSE [e]          0.055293  0.028394
    LR scale:  1.000000, effective LR:  0.000400
epoch: 174                    train:   valid:
    weighted total loss      1.124110  0.988867
    energy MSE [eV²]         0.346458  0.275339
    force MSE [(eV/Å)²]      0.605576  0.556514
    energy mae [kcal/mol]          14.565472  11.806630
    energy R²                    N/A  0.633558
    forces mae [kcal/mol/Å]        17.118883  16.563959
    forces R²                    N/A  0.838809
    dipole mae [tgt units]   0.366519  0.352414
    dipole R²                    N/A  0.375119
    dipole MSE [tgt²]        0.168636  0.154580
    charge loss [e²]         0.003441  0.002435
    charge RMSE [e]          0.058663  0.049342
    LR scale:  1.000000, effective LR:  0.000400
epoch: 175                    train:   valid:
    weighted total loss      1.145519  0.966601
    energy MSE [eV²]         0.363306  0.249438
    force MSE [(eV/Å)²]      0.605008  0.556278
    energy mae [kcal/mol]          14.982294  12.146844
    energy R²                    N/A  0.673664
    forces mae [kcal/mol/Å]        17.109077  16.507101
    forces R²                    N/A  0.838879
    dipole mae [tgt units]   0.366932  0.351407
    dipole R²                    N/A  0.375910
    dipole MSE [tgt²]        0.168997  0.154318
    charge loss [e²]         0.008208  0.006567
    charge RMSE [e]          0.090599  0.081037
    LR scale:  1.000000, effective LR:  0.000400
    ✓ Best valid checkpoint: params-best-d0e9ce01-6fcd-4524-aa98-54861c901ec5.json (weighted loss=0.966601, epoch 175)
epoch: 176                    train:   valid:
    weighted total loss      1.091488  1.000967
    energy MSE [eV²]         0.318372  0.290171
    force MSE [(eV/Å)²]      0.602652  0.554261
    energy mae [kcal/mol]          13.804915  14.177273
    energy R²                    N/A  0.612493
    forces mae [kcal/mol/Å]        17.060753  16.485151
    forces R²                    N/A  0.839447
    dipole mae [tgt units]   0.366883  0.351575
    dipole R²                    N/A  0.375359
    dipole MSE [tgt²]        0.168986  0.154476
    charge loss [e²]         0.001478  0.002059
    charge RMSE [e]          0.038442  0.045374
    LR scale:  1.000000, effective LR:  0.000400
epoch: 177                    train:   valid:
    weighted total loss      1.084583  0.959666
    energy MSE [eV²]         0.315016  0.255083
    force MSE [(eV/Å)²]      0.599086  0.548802
    energy mae [kcal/mol]          13.683161  11.548247
    energy R²                    N/A  0.662143
    forces mae [kcal/mol/Å]        17.000076  16.413652
    forces R²                    N/A  0.841056
    dipole mae [tgt units]   0.366994  0.352632
    dipole R²                    N/A  0.374936
    dipole MSE [tgt²]        0.168810  0.154575
    charge loss [e²]         0.001671  0.001205
    charge RMSE [e]          0.040872  0.034719
    LR scale:  1.000000, effective LR:  0.000400
    ✓ Best valid checkpoint: params-best-d0e9ce01-6fcd-4524-aa98-54861c901ec5.json (weighted loss=0.959666, epoch 177)
epoch: 178                    train:   valid:
    weighted total loss      1.097011  0.946643
    energy MSE [eV²]         0.326198  0.243640
    force MSE [(eV/Å)²]      0.597361  0.547720
    energy mae [kcal/mol]          14.044503  11.551423
    energy R²                    N/A  0.679966
    forces mae [kcal/mol/Å]        16.969198  16.406548
    forces R²                    N/A  0.841371
    dipole mae [tgt units]   0.366594  0.351284
    dipole R²                    N/A  0.376150
    dipole MSE [tgt²]        0.168840  0.154265
    charge loss [e²]         0.004611  0.001018
    charge RMSE [e]          0.067908  0.031908
    LR scale:  1.000000, effective LR:  0.000400
    ✓ Best valid checkpoint: params-best-d0e9ce01-6fcd-4524-aa98-54861c901ec5.json (weighted loss=0.946643, epoch 178)
epoch: 179                    train:   valid:
    weighted total loss      1.086728  1.177841
    energy MSE [eV²]         0.318369  0.451045
    force MSE [(eV/Å)²]      0.594697  0.547289
    energy mae [kcal/mol]          13.933441  19.298079
    energy R²                    N/A  0.373596
    forces mae [kcal/mol/Å]        16.932524  16.379328
    forces R²                    N/A  0.841529
    dipole mae [tgt units]   0.366724  0.352172
    dipole R²                    N/A  0.375698
    dipole MSE [tgt²]        0.168870  0.154315
    charge loss [e²]         0.004793  0.025192
    charge RMSE [e]          0.069230  0.158719
    LR scale:  1.000000, effective LR:  0.000400
epoch: 180                    train:   valid:
    weighted total loss      1.115955  0.953898
    energy MSE [eV²]         0.350866  0.252910
    force MSE [(eV/Å)²]      0.591717  0.545672
    energy mae [kcal/mol]          14.578154  11.423369
    energy R²                    N/A  0.666319
    forces mae [kcal/mol/Å]        16.886087  16.322510
    forces R²                    N/A  0.841974
    dipole mae [tgt units]   0.367110  0.351999
    dipole R²                    N/A  0.375892
    dipole MSE [tgt²]        0.168857  0.154288
    charge loss [e²]         0.004516  0.001027
    charge RMSE [e]          0.067204  0.032046
    LR scale:  1.000000, effective LR:  0.000400
epoch: 181                    train:   valid:
    weighted total loss      1.117389  0.979260
    energy MSE [eV²]         0.350210  0.256555
    force MSE [(eV/Å)²]      0.591291  0.545369
    energy mae [kcal/mol]          14.547178  12.788074
    energy R²                    N/A  0.661790
    forces mae [kcal/mol/Å]        16.872307  16.310671
    forces R²                    N/A  0.842062
    dipole mae [tgt units]   0.366853  0.352354
    dipole R²                    N/A  0.375449
    dipole MSE [tgt²]        0.168771  0.154364
    charge loss [e²]         0.007118  0.022973
    charge RMSE [e]          0.084365  0.151567
    LR scale:  1.000000, effective LR:  0.000400
epoch: 182                    train:   valid:
    weighted total loss      1.114273  0.981848
    energy MSE [eV²]         0.346631  0.284942
    force MSE [(eV/Å)²]      0.590551  0.540847
    energy mae [kcal/mol]          14.565187  14.186116
    energy R²                    N/A  0.617197
    forces mae [kcal/mol/Å]        16.847494  16.266922
    forces R²                    N/A  0.843375
    dipole mae [tgt units]   0.366675  0.351284
    dipole R²                    N/A  0.376889
    dipole MSE [tgt²]        0.168869  0.154087
    charge loss [e²]         0.008222  0.001971
    charge RMSE [e]          0.090675  0.044394
    LR scale:  1.000000, effective LR:  0.000400
epoch: 183                    train:   valid:
    weighted total loss      1.130611  0.964519
    energy MSE [eV²]         0.365889  0.254927
    force MSE [(eV/Å)²]      0.590207  0.541655
    energy mae [kcal/mol]          15.058703  12.726242
    energy R²                    N/A  0.664665
    forces mae [kcal/mol/Å]        16.840254  16.292959
    forces R²                    N/A  0.843131
    dipole mae [tgt units]   0.366792  0.351273
    dipole R²                    N/A  0.375976
    dipole MSE [tgt²]        0.168768  0.154363
    charge loss [e²]         0.005748  0.013573
    charge RMSE [e]          0.075818  0.116504
    LR scale:  1.000000, effective LR:  0.000400
epoch: 184                    train:   valid:
    weighted total loss      1.085842  0.987118
    energy MSE [eV²]         0.326941  0.294003
    force MSE [(eV/Å)²]      0.587953  0.537814
    energy mae [kcal/mol]          13.969501  12.215816
    energy R²                    N/A  0.603584
    forces mae [kcal/mol/Å]        16.800238  16.193981
    forces R²                    N/A  0.844252
    dipole mae [tgt units]   0.366616  0.351542
    dipole R²                    N/A  0.375870
    dipole MSE [tgt²]        0.168830  0.154355
    charge loss [e²]         0.002118  0.000945
    charge RMSE [e]          0.046027  0.030748
    LR scale:  1.000000, effective LR:  0.000400
epoch: 185                    train:   valid:
    weighted total loss      1.122976  1.001741
    energy MSE [eV²]         0.359153  0.307634
    force MSE [(eV/Å)²]      0.585470  0.538509
    energy mae [kcal/mol]          14.823092  15.003569
    energy R²                    N/A  0.585482
    forces mae [kcal/mol/Å]        16.757010  16.176056
    forces R²                    N/A  0.844057
    dipole mae [tgt units]   0.366798  0.352769
    dipole R²                    N/A  0.375254
    dipole MSE [tgt²]        0.168914  0.154444
    charge loss [e²]         0.009439  0.001154
    charge RMSE [e]          0.097154  0.033976
    LR scale:  1.000000, effective LR:  0.000400
epoch: 186                    train:   valid:
    weighted total loss      1.067066  0.939718
    energy MSE [eV²]         0.311357  0.250092
    force MSE [(eV/Å)²]      0.583966  0.534339
    energy mae [kcal/mol]          13.639246  12.616491
    energy R²                    N/A  0.668300
    forces mae [kcal/mol/Å]        16.727812  16.166861
    forces R²                    N/A  0.845262
    dipole mae [tgt units]   0.366479  0.351316
    dipole R²                    N/A  0.376553
    dipole MSE [tgt²]        0.168537  0.154216
    charge loss [e²]         0.003206  0.001071
    charge RMSE [e]          0.056621  0.032725
    LR scale:  1.000000, effective LR:  0.000400
    ✓ Best valid checkpoint: params-best-d0e9ce01-6fcd-4524-aa98-54861c901ec5.json (weighted loss=0.939718, epoch 186)
epoch: 187                    train:   valid:
    weighted total loss      1.109629  0.969519
    energy MSE [eV²]         0.350344  0.279451
    force MSE [(eV/Å)²]      0.581999  0.534855
    energy mae [kcal/mol]          14.535763  13.947053
    energy R²                    N/A  0.626138
    forces mae [kcal/mol/Å]        16.687542  16.108120
    forces R²                    N/A  0.845127
    dipole mae [tgt units]   0.366617  0.351166
    dipole R²                    N/A  0.376188
    dipole MSE [tgt²]        0.168844  0.154264
    charge loss [e²]         0.008443  0.000949
    charge RMSE [e]          0.091886  0.030808
    LR scale:  1.000000, effective LR:  0.000400
epoch: 188                    train:   valid:
    weighted total loss      1.138654  0.949599
    energy MSE [eV²]         0.382009  0.258402
    force MSE [(eV/Å)²]      0.583609  0.535208
    energy mae [kcal/mol]          15.445361  11.501960
    energy R²                    N/A  0.655489
    forces mae [kcal/mol/Å]        16.704487  16.160366
    forces R²                    N/A  0.845016
    dipole mae [tgt units]   0.366562  0.353211
    dipole R²                    N/A  0.374578
    dipole MSE [tgt²]        0.168555  0.154749
    charge loss [e²]         0.004482  0.001239
    charge RMSE [e]          0.066947  0.035197
    LR scale:  1.000000, effective LR:  0.000400
epoch: 189                    train:   valid:
    weighted total loss      1.075949  1.020251
    energy MSE [eV²]         0.323934  0.331433
    force MSE [(eV/Å)²]      0.580905  0.532923
    energy mae [kcal/mol]          13.942155  15.855836
    energy R²                    N/A  0.550381
    forces mae [kcal/mol/Å]        16.672699  16.095545
    forces R²                    N/A  0.845666
    dipole mae [tgt units]   0.367108  0.350964
    dipole R²                    N/A  0.375894
    dipole MSE [tgt²]        0.168893  0.154343
    charge loss [e²]         0.002216  0.001551
    charge RMSE [e]          0.047079  0.039388
    LR scale:  1.000000, effective LR:  0.000400
epoch: 190                    train:   valid:
    weighted total loss      1.070821  0.932250
    energy MSE [eV²]         0.319896  0.246222
    force MSE [(eV/Å)²]      0.578521  0.530461
    energy mae [kcal/mol]          13.820612  11.303681
    energy R²                    N/A  0.675858
    forces mae [kcal/mol/Å]        16.618254  16.028391
    forces R²                    N/A  0.846401
    dipole mae [tgt units]   0.366184  0.350695
    dipole R²                    N/A  0.376486
    dipole MSE [tgt²]        0.168592  0.154240
    charge loss [e²]         0.003811  0.001327
    charge RMSE [e]          0.061737  0.036423
    LR scale:  1.000000, effective LR:  0.000400
    ✓ Best valid checkpoint: params-best-d0e9ce01-6fcd-4524-aa98-54861c901ec5.json (weighted loss=0.932250, epoch 190)
epoch: 191                    train:   valid:
    weighted total loss      1.079868  0.960884
    energy MSE [eV²]         0.329869  0.270970
    force MSE [(eV/Å)²]      0.576159  0.529151
    energy mae [kcal/mol]          14.126594  13.604288
    energy R²                    N/A  0.638729
    forces mae [kcal/mol/Å]        16.583096  15.999702
    forces R²                    N/A  0.846808
    dipole mae [tgt units]   0.366261  0.351183
    dipole R²                    N/A  0.376990
    dipole MSE [tgt²]        0.168654  0.154078
    charge loss [e²]         0.005186  0.006686
    charge RMSE [e]          0.072017  0.081766
    LR scale:  1.000000, effective LR:  0.000400
epoch: 192                    train:   valid:
    weighted total loss      1.078613  1.005919
    energy MSE [eV²]         0.332109  0.315153
    force MSE [(eV/Å)²]      0.574809  0.527083
    energy mae [kcal/mol]          14.272128  12.753206
    energy R²                    N/A  0.572767
    forces mae [kcal/mol/Å]        16.550596  15.991454
    forces R²                    N/A  0.847392
    dipole mae [tgt units]   0.366293  0.352348
    dipole R²                    N/A  0.374534
    dipole MSE [tgt²]        0.168491  0.154758
    charge loss [e²]         0.003205  0.008925
    charge RMSE [e]          0.056610  0.094470
    LR scale:  1.000000, effective LR:  0.000400
epoch: 193                    train:   valid:
    weighted total loss      1.089802  0.927344
    energy MSE [eV²]         0.336908  0.246708
    force MSE [(eV/Å)²]      0.573706  0.525433
    energy mae [kcal/mol]          14.285571  12.534618
    energy R²                    N/A  0.672304
    forces mae [kcal/mol/Å]        16.534899  15.934126
    forces R²                    N/A  0.847878
    dipole mae [tgt units]   0.366634  0.351144
    dipole R²                    N/A  0.376736
    dipole MSE [tgt²]        0.168823  0.154179
    charge loss [e²]         0.010364  0.001025
    charge RMSE [e]          0.101805  0.032011
    LR scale:  1.000000, effective LR:  0.000400
    ✓ Best valid checkpoint: params-best-d0e9ce01-6fcd-4524-aa98-54861c901ec5.json (weighted loss=0.927344, epoch 193)
epoch: 194                    train:   valid:
    weighted total loss      1.106150  1.067183
    energy MSE [eV²]         0.353234  0.347946
    force MSE [(eV/Å)²]      0.573156  0.525380
    energy mae [kcal/mol]          14.569059  16.376932
    energy R²                    N/A  0.525720
    forces mae [kcal/mol/Å]        16.515856  15.961142
    forces R²                    N/A  0.847890
    dipole mae [tgt units]   0.366440  0.355584
    dipole R²                    N/A  0.370423
    dipole MSE [tgt²]        0.168582  0.155749
    charge loss [e²]         0.011177  0.038108
    charge RMSE [e]          0.105723  0.195212
    LR scale:  1.000000, effective LR:  0.000400
epoch: 195                    train:   valid:
    weighted total loss      1.063125  0.990003
    energy MSE [eV²]         0.320512  0.312517
    force MSE [(eV/Å)²]      0.571142  0.521451
    energy mae [kcal/mol]          13.890661  15.267306
    energy R²                    N/A  0.575243
    forces mae [kcal/mol/Å]        16.485899  15.933573
    forces R²                    N/A  0.849021
    dipole mae [tgt units]   0.366616  0.352966
    dipole R²                    N/A  0.374800
    dipole MSE [tgt²]        0.168626  0.154698
    charge loss [e²]         0.002845  0.001338
    charge RMSE [e]          0.053336  0.036575
    LR scale:  1.000000, effective LR:  0.000400
epoch: 196                    train:   valid:
    weighted total loss      1.089423  1.089207
    energy MSE [eV²]         0.345818  0.413257
    force MSE [(eV/Å)²]      0.569255  0.519816
    energy mae [kcal/mol]          14.498686  18.395542
    energy R²                    N/A  0.427485
    forces mae [kcal/mol/Å]        16.445681  15.849894
    forces R²                    N/A  0.849508
    dipole mae [tgt units]   0.366292  0.351777
    dipole R²                    N/A  0.375018
    dipole MSE [tgt²]        0.168642  0.154516
    charge loss [e²]         0.005708  0.001618
    charge RMSE [e]          0.075550  0.040227
    LR scale:  1.000000, effective LR:  0.000400
epoch: 197                    train:   valid:
    weighted total loss      1.074567  0.919442
    energy MSE [eV²]         0.333370  0.242712
    force MSE [(eV/Å)²]      0.568739  0.520961
    energy mae [kcal/mol]          14.125815  12.233580
    energy R²                    N/A  0.680160
    forces mae [kcal/mol/Å]        16.433546  15.854415
    forces R²                    N/A  0.849167
    dipole mae [tgt units]   0.366891  0.351078
    dipole R²                    N/A  0.376179
    dipole MSE [tgt²]        0.168927  0.154280
    charge loss [e²]         0.003532  0.001489
    charge RMSE [e]          0.059432  0.038590
    LR scale:  1.000000, effective LR:  0.000400
    ✓ Best valid checkpoint: params-best-d0e9ce01-6fcd-4524-aa98-54861c901ec5.json (weighted loss=0.919442, epoch 197)
epoch: 198                    train:   valid:
    weighted total loss      1.050200  0.918637
    energy MSE [eV²]         0.309744  0.246747
    force MSE [(eV/Å)²]      0.566789  0.516669
    energy mae [kcal/mol]          13.637308  12.546141
    energy R²                    N/A  0.671868
    forces mae [kcal/mol/Å]        16.413168  15.774586
    forces R²                    N/A  0.850436
    dipole mae [tgt units]   0.366384  0.350787
    dipole R²                    N/A  0.376691
    dipole MSE [tgt²]        0.168739  0.154174
    charge loss [e²]         0.004927  0.001047
    charge RMSE [e]          0.070193  0.032359
    LR scale:  1.000000, effective LR:  0.000400
    ✓ Best valid checkpoint: params-best-d0e9ce01-6fcd-4524-aa98-54861c901ec5.json (weighted loss=0.918637, epoch 198)
epoch: 199                    train:   valid:
    weighted total loss      1.092541  0.959999
    energy MSE [eV²]         0.349827  0.286370
    force MSE [(eV/Å)²]      0.565557  0.518398
    energy mae [kcal/mol]          14.582709  14.267979
    energy R²                    N/A  0.617187
    forces mae [kcal/mol/Å]        16.375814  15.804953
    forces R²                    N/A  0.849919
    dipole mae [tgt units]   0.366105  0.350378
    dipole R²                    N/A  0.376829
    dipole MSE [tgt²]        0.168772  0.154136
    charge loss [e²]         0.008385  0.001095
    charge RMSE [e]          0.091572  0.033090
    LR scale:  1.000000, effective LR:  0.000400
epoch: 200                    train:   valid:
    weighted total loss      1.048813  1.061310
    energy MSE [eV²]         0.315290  0.366023
    force MSE [(eV/Å)²]      0.563366  0.516576
    energy mae [kcal/mol]          13.691299  17.086126
    energy R²                    N/A  0.498131
    forces mae [kcal/mol/Å]        16.344770  15.738776
    forces R²                    N/A  0.850463
    dipole mae [tgt units]   0.366231  0.353442
    dipole R²                    N/A  0.373842
    dipole MSE [tgt²]        0.168666  0.154733
    charge loss [e²]         0.001491  0.023977
    charge RMSE [e]          0.038616  0.154845
    LR scale:  1.000000, effective LR:  0.000400
epoch: 201                    train:   valid:
    weighted total loss      1.047096  0.900076
    energy MSE [eV²]         0.312410  0.232168
    force MSE [(eV/Å)²]      0.561436  0.512416
    energy mae [kcal/mol]          13.572001  11.282953
    energy R²                    N/A  0.693463
    forces mae [kcal/mol/Å]        16.303616  15.739645
    forces R²                    N/A  0.851651
    dipole mae [tgt units]   0.365848  0.351255
    dipole R²                    N/A  0.375421
    dipole MSE [tgt²]        0.168496  0.154459
    charge loss [e²]         0.004755  0.001033
    charge RMSE [e]          0.068957  0.032145
    LR scale:  1.000000, effective LR:  0.000400
    ✓ Best valid checkpoint: params-best-d0e9ce01-6fcd-4524-aa98-54861c901ec5.json (weighted loss=0.900076, epoch 201)
epoch: 202                    train:   valid:
    weighted total loss      1.104587  1.034270
    energy MSE [eV²]         0.366411  0.365696
    force MSE [(eV/Å)²]      0.561141  0.513241
    energy mae [kcal/mol]          14.924272  17.051092
    energy R²                    N/A  0.499586
    forces mae [kcal/mol/Å]        16.301918  15.665897
    forces R²                    N/A  0.851431
    dipole mae [tgt units]   0.366170  0.350260
    dipole R²                    N/A  0.376724
    dipole MSE [tgt²]        0.168679  0.154163
    charge loss [e²]         0.008355  0.001170
    charge RMSE [e]          0.091405  0.034210
    LR scale:  1.000000, effective LR:  0.000400
epoch: 203                    train:   valid:
    weighted total loss      1.049695  1.097925
    energy MSE [eV²]         0.317452  0.419165
    force MSE [(eV/Å)²]      0.560125  0.513073
    energy mae [kcal/mol]          13.929155  15.580786
    energy R²                    N/A  0.417242
    forces mae [kcal/mol/Å]        16.273636  15.761019
    forces R²                    N/A  0.851462
    dipole mae [tgt units]   0.366142  0.354238
    dipole R²                    N/A  0.372068
    dipole MSE [tgt²]        0.168487  0.155334
    charge loss [e²]         0.003631  0.010353
    charge RMSE [e]          0.060259  0.101751
    LR scale:  1.000000, effective LR:  0.000400
epoch: 204                    train:   valid:
    weighted total loss      1.094666  0.974385
    energy MSE [eV²]         0.357129  0.304686
    force MSE [(eV/Å)²]      0.559953  0.511164
    energy mae [kcal/mol]          14.830572  12.463717
    energy R²                    N/A  0.587380
    forces mae [kcal/mol/Å]        16.268795  15.642665
    forces R²                    N/A  0.852039
    dipole mae [tgt units]   0.366051  0.352477
    dipole R²                    N/A  0.373559
    dipole MSE [tgt²]        0.168564  0.154959
    charge loss [e²]         0.009020  0.003576
    charge RMSE [e]          0.094974  0.059798
    LR scale:  1.000000, effective LR:  0.000400
epoch: 205                    train:   valid:
    weighted total loss      1.096696  0.903815
    energy MSE [eV²]         0.360087  0.235113
    force MSE [(eV/Å)²]      0.559563  0.511892
    energy mae [kcal/mol]          14.865935  11.099568
    energy R²                    N/A  0.689953
    forces mae [kcal/mol/Å]        16.262760  15.700052
    forces R²                    N/A  0.851823
    dipole mae [tgt units]   0.366414  0.350848
    dipole R²                    N/A  0.376601
    dipole MSE [tgt²]        0.168731  0.154196
    charge loss [e²]         0.008316  0.002613
    charge RMSE [e]          0.091194  0.051117
    LR scale:  1.000000, effective LR:  0.000400
epoch: 206                    train:   valid:
    weighted total loss      1.034807  0.977620
    energy MSE [eV²]         0.307005  0.308844
    force MSE [(eV/Å)²]      0.557474  0.513490
    energy mae [kcal/mol]          13.572062  12.608548
    energy R²                    N/A  0.581469
    forces mae [kcal/mol/Å]        16.226435  15.760381
    forces R²                    N/A  0.851326
    dipole mae [tgt units]   0.365740  0.350138
    dipole R²                    N/A  0.376817
    dipole MSE [tgt²]        0.168606  0.154115
    charge loss [e²]         0.001723  0.001171
    charge RMSE [e]          0.041507  0.034216
    LR scale:  1.000000, effective LR:  0.000400
epoch: 207                    train:   valid:
    weighted total loss      1.082140  0.935036
    energy MSE [eV²]         0.351120  0.259503
    force MSE [(eV/Å)²]      0.557528  0.510416
    energy mae [kcal/mol]          14.634775  13.290772
    energy R²                    N/A  0.653717
    forces mae [kcal/mol/Å]        16.227823  15.658709
    forces R²                    N/A  0.852262
    dipole mae [tgt units]   0.365908  0.351006
    dipole R²                    N/A  0.375754
    dipole MSE [tgt²]        0.168439  0.154331
    charge loss [e²]         0.005054  0.010786
    charge RMSE [e]          0.071089  0.103857
    LR scale:  1.000000, effective LR:  0.000400
epoch: 208                    train:   valid:
    weighted total loss      1.077882  0.905171
    energy MSE [eV²]         0.345485  0.242537
    force MSE [(eV/Å)²]      0.555918  0.507291
    energy mae [kcal/mol]          14.610465  11.108748
    energy R²                    N/A  0.678760
    forces mae [kcal/mol/Å]        16.195812  15.593286
    forces R²                    N/A  0.853156
    dipole mae [tgt units]   0.365950  0.350683
    dipole R²                    N/A  0.376108
    dipole MSE [tgt²]        0.168449  0.154313
    charge loss [e²]         0.008030  0.001030
    charge RMSE [e]          0.089609  0.032099
    LR scale:  1.000000, effective LR:  0.000400
epoch: 209                    train:   valid:
    weighted total loss      1.046239  0.904603
    energy MSE [eV²]         0.320884  0.242489
    force MSE [(eV/Å)²]      0.552800  0.506777
    energy mae [kcal/mol]          13.922612  12.460771
    energy R²                    N/A  0.679768
    forces mae [kcal/mol/Å]        16.134949  15.623525
    forces R²                    N/A  0.853301
    dipole mae [tgt units]   0.365861  0.350519
    dipole R²                    N/A  0.376113
    dipole MSE [tgt²]        0.168469  0.154312
    charge loss [e²]         0.004086  0.001026
    charge RMSE [e]          0.063924  0.032026
    LR scale:  1.000000, effective LR:  0.000400
epoch: 210                    train:   valid:
    weighted total loss      1.065569  0.923869
    energy MSE [eV²]         0.338534  0.263046
    force MSE [(eV/Å)²]      0.552948  0.505658
    energy mae [kcal/mol]          14.345615  11.406993
    energy R²                    N/A  0.648344
    forces mae [kcal/mol/Å]        16.141291  15.537918
    forces R²                    N/A  0.853639
    dipole mae [tgt units]   0.365634  0.350093
    dipole R²                    N/A  0.377368
    dipole MSE [tgt²]        0.168600  0.154016
    charge loss [e²]         0.005486  0.001149
    charge RMSE [e]          0.074068  0.033894
    LR scale:  1.000000, effective LR:  0.000400
epoch: 211                    train:   valid:
    weighted total loss      1.063771  1.066107
    energy MSE [eV²]         0.338671  0.400794
    force MSE [(eV/Å)²]      0.552463  0.504699
    energy mae [kcal/mol]          14.423968  18.154142
    energy R²                    N/A  0.443920
    forces mae [kcal/mol/Å]        16.126804  15.555140
    forces R²                    N/A  0.853918
    dipole mae [tgt units]   0.365408  0.350663
    dipole R²                    N/A  0.376847
    dipole MSE [tgt²]        0.168562  0.154090
    charge loss [e²]         0.004076  0.006524
    charge RMSE [e]          0.063841  0.080771
    LR scale:  1.000000, effective LR:  0.000400
epoch: 212                    train:   valid:
    weighted total loss      1.070156  0.914117
    energy MSE [eV²]         0.341183  0.253305
    force MSE [(eV/Å)²]      0.552437  0.504291
    energy mae [kcal/mol]          14.425822  11.286895
    energy R²                    N/A  0.662019
    forces mae [kcal/mol/Å]        16.126122  15.564094
    forces R²                    N/A  0.854040
    dipole mae [tgt units]   0.366400  0.350107
    dipole R²                    N/A  0.377615
    dipole MSE [tgt²]        0.168714  0.153956
    charge loss [e²]         0.007821  0.002566
    charge RMSE [e]          0.088438  0.050651
    LR scale:  1.000000, effective LR:  0.000400
epoch: 213                    train:   valid:
    weighted total loss      1.064945  0.915333
    energy MSE [eV²]         0.343569  0.251234
    force MSE [(eV/Å)²]      0.550989  0.504490
    energy mae [kcal/mol]          14.557158  12.919112
    energy R²                    N/A  0.665266
    forces mae [kcal/mol/Å]        16.103069  15.534257
    forces R²                    N/A  0.853974
    dipole mae [tgt units]   0.365698  0.350066
    dipole R²                    N/A  0.376659
    dipole MSE [tgt²]        0.168516  0.154186
    charge loss [e²]         0.001871  0.005423
    charge RMSE [e]          0.043259  0.073639
    LR scale:  1.000000, effective LR:  0.000400
epoch: 214                    train:   valid:
    weighted total loss      1.024428  0.937607
    energy MSE [eV²]         0.301145  0.277601
    force MSE [(eV/Å)²]      0.549468  0.504473
    energy mae [kcal/mol]          13.298765  13.983775
    energy R²                    N/A  0.626502
    forces mae [kcal/mol/Å]        16.074083  15.522344
    forces R²                    N/A  0.853995
    dipole mae [tgt units]   0.365944  0.351286
    dipole R²                    N/A  0.376173
    dipole MSE [tgt²]        0.168640  0.154347
    charge loss [e²]         0.005175  0.001186
    charge RMSE [e]          0.071938  0.034437
    LR scale:  1.000000, effective LR:  0.000400
epoch: 215                    train:   valid:
    weighted total loss      1.046098  0.931816
    energy MSE [eV²]         0.316468  0.276434
    force MSE [(eV/Å)²]      0.547140  0.500262
    energy mae [kcal/mol]          13.677848  11.763754
    energy R²                    N/A  0.627621
    forces mae [kcal/mol/Å]        16.032099  15.486451
    forces R²                    N/A  0.855207
    dipole mae [tgt units]   0.366007  0.349827
    dipole R²                    N/A  0.376993
    dipole MSE [tgt²]        0.168579  0.154090
    charge loss [e²]         0.013912  0.001031
    charge RMSE [e]          0.117948  0.032104
    LR scale:  1.000000, effective LR:  0.000400
epoch: 216                    train:   valid:
    weighted total loss      1.053988  1.067556
    energy MSE [eV²]         0.333572  0.409398
    force MSE [(eV/Å)²]      0.546086  0.502291
    energy mae [kcal/mol]          14.241588  15.381099
    energy R²                    N/A  0.429382
    forces mae [kcal/mol/Å]        16.010485  15.480110
    forces R²                    N/A  0.854634
    dipole mae [tgt units]   0.365997  0.350329
    dipole R²                    N/A  0.376939
    dipole MSE [tgt²]        0.168713  0.154099
    charge loss [e²]         0.005616  0.001768
    charge RMSE [e]          0.074942  0.042043
    LR scale:  1.000000, effective LR:  0.000400
epoch: 217                    train:   valid:
    weighted total loss      1.085626  0.887792
    energy MSE [eV²]         0.364795  0.234639
    force MSE [(eV/Å)²]      0.547109  0.497381
    energy mae [kcal/mol]          14.983765  12.079909
    energy R²                    N/A  0.690798
    forces mae [kcal/mol/Å]        16.023327  15.387512
    forces R²                    N/A  0.856059
    dipole mae [tgt units]   0.366296  0.349874
    dipole R²                    N/A  0.376888
    dipole MSE [tgt²]        0.168576  0.154143
    charge loss [e²]         0.005147  0.001628
    charge RMSE [e]          0.071744  0.040352
    LR scale:  1.000000, effective LR:  0.000400
    ✓ Best valid checkpoint: params-best-d0e9ce01-6fcd-4524-aa98-54861c901ec5.json (weighted loss=0.887792, epoch 217)
epoch: 218                    train:   valid:
    weighted total loss      1.045398  0.934934
    energy MSE [eV²]         0.328492  0.280598
    force MSE [(eV/Å)²]      0.545497  0.498091
    energy mae [kcal/mol]          14.142408  14.198443
    energy R²                    N/A  0.623050
    forces mae [kcal/mol/Å]        15.984000  15.360320
    forces R²                    N/A  0.855857
    dipole mae [tgt units]   0.365576  0.350858
    dipole R²                    N/A  0.376192
    dipole MSE [tgt²]        0.168328  0.154233
    charge loss [e²]         0.003079  0.002012
    charge RMSE [e]          0.055489  0.044855
    LR scale:  1.000000, effective LR:  0.000400
epoch: 219                    train:   valid:
    weighted total loss      1.021722  0.907983
    energy MSE [eV²]         0.306779  0.255379
    force MSE [(eV/Å)²]      0.543876  0.494982
    energy mae [kcal/mol]          13.524278  13.164740
    energy R²                    N/A  0.659453
    forces mae [kcal/mol/Å]        15.952542  15.329982
    forces R²                    N/A  0.856752
    dipole mae [tgt units]   0.365643  0.350171
    dipole R²                    N/A  0.376303
    dipole MSE [tgt²]        0.168371  0.154239
    charge loss [e²]         0.002697  0.003383
    charge RMSE [e]          0.051933  0.058166
    LR scale:  1.000000, effective LR:  0.000400
epoch: 220                    train:   valid:
    weighted total loss      1.060157  0.931167
    energy MSE [eV²]         0.339626  0.279064
    force MSE [(eV/Å)²]      0.541805  0.496966
    energy mae [kcal/mol]          14.197173  11.733884
    energy R²                    N/A  0.625312
    forces mae [kcal/mol/Å]        15.922750  15.323737
    forces R²                    N/A  0.856199
    dipole mae [tgt units]   0.365790  0.350589
    dipole R²                    N/A  0.376983
    dipole MSE [tgt²]        0.168599  0.154114
    charge loss [e²]         0.010128  0.001024
    charge RMSE [e]          0.100638  0.031994
    LR scale:  1.000000, effective LR:  0.000400
epoch: 221                    train:   valid:
    weighted total loss      1.014824  0.895944
    energy MSE [eV²]         0.302614  0.244544
    force MSE [(eV/Å)²]      0.540982  0.492362
    energy mae [kcal/mol]          13.525169  12.627683
    energy R²                    N/A  0.675525
    forces mae [kcal/mol/Å]        15.896412  15.283481
    forces R²                    N/A  0.857524
    dipole mae [tgt units]   0.365764  0.349588
    dipole R²                    N/A  0.377043
    dipole MSE [tgt²]        0.168639  0.154095
    charge loss [e²]         0.002590  0.004942
    charge RMSE [e]          0.050889  0.070302
    LR scale:  1.000000, effective LR:  0.000400
epoch: 222                    train:   valid:
    weighted total loss      1.028575  0.954062
    energy MSE [eV²]         0.317654  0.298813
    force MSE [(eV/Å)²]      0.539069  0.494832
    energy mae [kcal/mol]          13.735117  14.911404
    energy R²                    N/A  0.595396
    forces mae [kcal/mol/Å]        15.878807  15.314047
    forces R²                    N/A  0.856813
    dipole mae [tgt units]   0.365376  0.349745
    dipole R²                    N/A  0.377225
    dipole MSE [tgt²]        0.168545  0.154077
    charge loss [e²]         0.003306  0.006341
    charge RMSE [e]          0.057502  0.079629
    LR scale:  1.000000, effective LR:  0.000400
epoch: 223                    train:   valid:
    weighted total loss      1.065914  0.912990
    energy MSE [eV²]         0.348384  0.245168
    force MSE [(eV/Å)²]      0.540102  0.495506
    energy mae [kcal/mol]          14.584720  12.564829
    energy R²                    N/A  0.675876
    forces mae [kcal/mol/Å]        15.892233  15.349106
    forces R²                    N/A  0.856602
    dipole mae [tgt units]   0.365330  0.351686
    dipole R²                    N/A  0.376159
    dipole MSE [tgt²]        0.168366  0.154460
    charge loss [e²]         0.009062  0.017856
    charge RMSE [e]          0.095194  0.133627
    LR scale:  1.000000, effective LR:  0.000400
epoch: 224                    train:   valid:
    weighted total loss      1.043372  0.919569
    energy MSE [eV²]         0.329389  0.271813
    force MSE [(eV/Å)²]      0.538731  0.489015
    energy mae [kcal/mol]          14.130613  13.917525
    energy R²                    N/A  0.634078
    forces mae [kcal/mol/Å]        15.858541  15.226803
    forces R²                    N/A  0.858509
    dipole mae [tgt units]   0.365362  0.349533
    dipole R²                    N/A  0.377511
    dipole MSE [tgt²]        0.168472  0.154038
    charge loss [e²]         0.006780  0.004702
    charge RMSE [e]          0.082342  0.068574
    LR scale:  1.000000, effective LR:  0.000400
epoch: 225                    train:   valid:
    weighted total loss      1.031816  0.946662
    energy MSE [eV²]         0.319154  0.300786
    force MSE [(eV/Å)²]      0.537220  0.489289
    energy mae [kcal/mol]          13.925661  15.042133
    energy R²                    N/A  0.591838
    forces mae [kcal/mol/Å]        15.840870  15.195615
    forces R²                    N/A  0.858418
    dipole mae [tgt units]   0.364987  0.351833
    dipole R²                    N/A  0.373772
    dipole MSE [tgt²]        0.168160  0.154769
    charge loss [e²]         0.007283  0.001819
    charge RMSE [e]          0.085342  0.042645
    LR scale:  1.000000, effective LR:  0.000400
epoch: 226                    train:   valid:
    weighted total loss      1.076739  0.909170
    energy MSE [eV²]         0.362382  0.261640
    force MSE [(eV/Å)²]      0.537928  0.492000
    energy mae [kcal/mol]          14.852143  11.348610
    energy R²                    N/A  0.651434
    forces mae [kcal/mol/Å]        15.831381  15.328776
    forces R²                    N/A  0.857603
    dipole mae [tgt units]   0.365246  0.350841
    dipole R²                    N/A  0.375091
    dipole MSE [tgt²]        0.168449  0.154516
    charge loss [e²]         0.007980  0.001014
    charge RMSE [e]          0.089330  0.031836
    LR scale:  1.000000, effective LR:  0.000400
epoch: 227                    train:   valid:
    weighted total loss      0.994238  0.870916
    energy MSE [eV²]         0.289636  0.229540
    force MSE [(eV/Å)²]      0.534811  0.486226
    energy mae [kcal/mol]          13.038617  10.857737
    energy R²                    N/A  0.696387
    forces mae [kcal/mol/Å]        15.783287  15.188488
    forces R²                    N/A  0.859294
    dipole mae [tgt units]   0.365017  0.349797
    dipole R²                    N/A  0.376812
    dipole MSE [tgt²]        0.168396  0.154139
    charge loss [e²]         0.001395  0.001011
    charge RMSE [e]          0.037343  0.031795
    LR scale:  1.000000, effective LR:  0.000400
    ✓ Best valid checkpoint: params-best-d0e9ce01-6fcd-4524-aa98-54861c901ec5.json (weighted loss=0.870916, epoch 227)
epoch: 228                    train:   valid:
    weighted total loss      0.995647  0.954384
    energy MSE [eV²]         0.292463  0.313938
    force MSE [(eV/Å)²]      0.532067  0.484184
    energy mae [kcal/mol]          13.110335  15.493834
    energy R²                    N/A  0.573056
    forces mae [kcal/mol/Å]        15.746485  15.131613
    forces R²                    N/A  0.859899
    dipole mae [tgt units]   0.365224  0.349797
    dipole R²                    N/A  0.375991
    dipole MSE [tgt²]        0.168141  0.154328
    charge loss [e²]         0.002977  0.001934
    charge RMSE [e]          0.054558  0.043977
    LR scale:  1.000000, effective LR:  0.000400
epoch: 229                    train:   valid:
    weighted total loss      1.030441  0.869118
    energy MSE [eV²]         0.323269  0.226030
    force MSE [(eV/Å)²]      0.533008  0.487378
    energy mae [kcal/mol]          13.957492  11.030287
    energy R²                    N/A  0.701444
    forces mae [kcal/mol/Å]        15.762264  15.175172
    forces R²                    N/A  0.858984
    dipole mae [tgt units]   0.365061  0.349616
    dipole R²                    N/A  0.376659
    dipole MSE [tgt²]        0.168266  0.154153
    charge loss [e²]         0.005897  0.001556
    charge RMSE [e]          0.076795  0.039450
    LR scale:  1.000000, effective LR:  0.000400
    ✓ Best valid checkpoint: params-best-d0e9ce01-6fcd-4524-aa98-54861c901ec5.json (weighted loss=0.869118, epoch 229)
epoch: 230                    train:   valid:
    weighted total loss      1.017566  0.881831
    energy MSE [eV²]         0.309755  0.233121
    force MSE [(eV/Å)²]      0.530810  0.484332
    energy mae [kcal/mol]          13.635219  10.883242
    energy R²                    N/A  0.692040
    forces mae [kcal/mol/Å]        15.711764  15.127401
    forces R²                    N/A  0.859866
    dipole mae [tgt units]   0.364802  0.349843
    dipole R²                    N/A  0.376649
    dipole MSE [tgt²]        0.168226  0.154135
    charge loss [e²]         0.008776  0.010244
    charge RMSE [e]          0.093679  0.101211
    LR scale:  1.000000, effective LR:  0.000400
epoch: 231                    train:   valid:
    weighted total loss      1.073403  0.865139
    energy MSE [eV²]         0.363525  0.222907
    force MSE [(eV/Å)²]      0.530592  0.486049
    energy mae [kcal/mol]          14.985343  11.000346
    energy R²                    N/A  0.705414
    forces mae [kcal/mol/Å]        15.701762  15.232669
    forces R²                    N/A  0.859353
    dipole mae [tgt units]   0.364982  0.349015
    dipole R²                    N/A  0.377995
    dipole MSE [tgt²]        0.167992  0.153858
    charge loss [e²]         0.011296  0.002325
    charge RMSE [e]          0.106282  0.048220
    LR scale:  1.000000, effective LR:  0.000400
    ✓ Best valid checkpoint: params-best-d0e9ce01-6fcd-4524-aa98-54861c901ec5.json (weighted loss=0.865139, epoch 231)
epoch: 232                    train:   valid:
    weighted total loss      1.038053  0.868945
    energy MSE [eV²]         0.330733  0.222264
    force MSE [(eV/Å)²]      0.531190  0.484319
    energy mae [kcal/mol]          14.069029  11.355304
    energy R²                    N/A  0.706505
    forces mae [kcal/mol/Å]        15.715726  15.129431
    forces R²                    N/A  0.859877
    dipole mae [tgt units]   0.364765  0.350162
    dipole R²                    N/A  0.376492
    dipole MSE [tgt²]        0.168465  0.154109
    charge loss [e²]         0.007665  0.008253
    charge RMSE [e]          0.087553  0.090847
    LR scale:  1.000000, effective LR:  0.000400
epoch: 233                    train:   valid:
    weighted total loss      1.001309  0.859149
    energy MSE [eV²]         0.301658  0.221987
    force MSE [(eV/Å)²]      0.528780  0.481354
    energy mae [kcal/mol]          13.316430  11.254804
    energy R²                    N/A  0.706921
    forces mae [kcal/mol/Å]        15.669537  15.095448
    forces R²                    N/A  0.860739
    dipole mae [tgt units]   0.364838  0.350415
    dipole R²                    N/A  0.375943
    dipole MSE [tgt²]        0.168338  0.154346
    charge loss [e²]         0.002533  0.001462
    charge RMSE [e]          0.050326  0.038236
    LR scale:  1.000000, effective LR:  0.000400
    ✓ Best valid checkpoint: params-best-d0e9ce01-6fcd-4524-aa98-54861c901ec5.json (weighted loss=0.859149, epoch 233)
epoch: 234                    train:   valid:
    weighted total loss      0.996569  0.942099
    energy MSE [eV²]         0.297683  0.308200
    force MSE [(eV/Å)²]      0.527828  0.478632
    energy mae [kcal/mol]          13.236376  15.357420
    energy R²                    N/A  0.581213
    forces mae [kcal/mol/Å]        15.649209  15.022328
    forces R²                    N/A  0.861530
    dipole mae [tgt units]   0.364939  0.349641
    dipole R²                    N/A  0.376289
    dipole MSE [tgt²]        0.168343  0.154277
    charge loss [e²]         0.002716  0.000990
    charge RMSE [e]          0.052112  0.031458
    LR scale:  1.000000, effective LR:  0.000400
epoch: 235                    train:   valid:
    weighted total loss      1.023763  1.319413
    energy MSE [eV²]         0.321358  0.685375
    force MSE [(eV/Å)²]      0.525391  0.478707
    energy mae [kcal/mol]          13.975918  24.710974
    energy R²                    N/A  0.024026
    forces mae [kcal/mol/Å]        15.613698  14.996081
    forces R²                    N/A  0.861515
    dipole mae [tgt units]   0.365095  0.350422
    dipole R²                    N/A  0.376018
    dipole MSE [tgt²]        0.168300  0.154281
    charge loss [e²]         0.008714  0.001050
    charge RMSE [e]          0.093348  0.032400
    LR scale:  1.000000, effective LR:  0.000400
epoch: 236                    train:   valid:
    weighted total loss      1.015645  0.928416
    energy MSE [eV²]         0.319167  0.294593
    force MSE [(eV/Å)²]      0.526605  0.478571
    energy mae [kcal/mol]          13.879697  14.860324
    energy R²                    N/A  0.600715
    forces mae [kcal/mol/Å]        15.614155  15.050614
    forces R²                    N/A  0.861531
    dipole mae [tgt units]   0.364784  0.349685
    dipole R²                    N/A  0.376696
    dipole MSE [tgt²]        0.168423  0.154183
    charge loss [e²]         0.001449  0.001069
    charge RMSE [e]          0.038069  0.032701
    LR scale:  1.000000, effective LR:  0.000400
epoch: 237                    train:   valid:
    weighted total loss      1.014880  0.890758
    energy MSE [eV²]         0.319834  0.258628
    force MSE [(eV/Å)²]      0.524397  0.476841
    energy mae [kcal/mol]          13.788031  11.245183
    energy R²                    N/A  0.652667
    forces mae [kcal/mol/Å]        15.586019  14.952178
    forces R²                    N/A  0.862059
    dipole mae [tgt units]   0.364686  0.349957
    dipole R²                    N/A  0.377118
    dipole MSE [tgt²]        0.168207  0.154155
    charge loss [e²]         0.002442  0.001133
    charge RMSE [e]          0.049420  0.033662
    LR scale:  1.000000, effective LR:  0.000400
epoch: 238                    train:   valid:
    weighted total loss      1.025461  1.021790
    energy MSE [eV²]         0.326898  0.372696
    force MSE [(eV/Å)²]      0.523753  0.479318
    energy mae [kcal/mol]          14.042791  14.421776
    energy R²                    N/A  0.483223
    forces mae [kcal/mol/Å]        15.557718  15.065214
    forces R²                    N/A  0.861312
    dipole mae [tgt units]   0.364763  0.352934
    dipole R²                    N/A  0.372448
    dipole MSE [tgt²]        0.168182  0.155232
    charge loss [e²]         0.006629  0.014544
    charge RMSE [e]          0.081416  0.120597
    LR scale:  1.000000, effective LR:  0.000400
epoch: 239                    train:   valid:
    weighted total loss      1.022956  0.865753
    energy MSE [eV²]         0.326318  0.219336
    force MSE [(eV/Å)²]      0.523553  0.480629
    energy mae [kcal/mol]          14.045690  11.226628
    energy R²                    N/A  0.710267
    forces mae [kcal/mol/Å]        15.563581  15.142694
    forces R²                    N/A  0.860926
    dipole mae [tgt units]   0.364503  0.352151
    dipole R²                    N/A  0.374190
    dipole MSE [tgt²]        0.168360  0.154873
    charge loss [e²]         0.004724  0.010915
    charge RMSE [e]          0.068730  0.104475
    LR scale:  1.000000, effective LR:  0.000400
epoch: 240                    train:   valid:
    weighted total loss      1.040550  0.931042
    energy MSE [eV²]         0.336758  0.298548
    force MSE [(eV/Å)²]      0.522453  0.477119
    energy mae [kcal/mol]          14.125535  15.051167
    energy R²                    N/A  0.595913
    forces mae [kcal/mol/Å]        15.559419  14.947938
    forces R²                    N/A  0.861985
    dipole mae [tgt units]   0.364940  0.350304
    dipole R²                    N/A  0.375661
    dipole MSE [tgt²]        0.168376  0.154364
    charge loss [e²]         0.012963  0.001011
    charge RMSE [e]          0.113854  0.031796
    LR scale:  1.000000, effective LR:  0.000400
epoch: 241                    train:   valid:
    weighted total loss      0.994622  0.936160
    energy MSE [eV²]         0.304247  0.308310
    force MSE [(eV/Å)²]      0.521147  0.472831
    energy mae [kcal/mol]          13.525563  15.446211
    energy R²                    N/A  0.579019
    forces mae [kcal/mol/Å]        15.510037  14.918083
    forces R²                    N/A  0.863223
    dipole mae [tgt units]   0.364279  0.349410
    dipole R²                    N/A  0.377077
    dipole MSE [tgt²]        0.167946  0.154022
    charge loss [e²]         0.001282  0.000997
    charge RMSE [e]          0.035810  0.031582
    LR scale:  1.000000, effective LR:  0.000400
epoch: 242                    train:   valid:
    weighted total loss      1.007607  0.858406
    energy MSE [eV²]         0.315678  0.225363
    force MSE [(eV/Å)²]      0.520762  0.477670
    energy mae [kcal/mol]          13.761147  10.841469
    energy R²                    N/A  0.702811
    forces mae [kcal/mol/Å]        15.506688  14.959548
    forces R²                    N/A  0.861816
    dipole mae [tgt units]   0.364521  0.351060
    dipole R²                    N/A  0.375543
    dipole MSE [tgt²]        0.168340  0.154370
    charge loss [e²]         0.002827  0.001003
    charge RMSE [e]          0.053170  0.031673
    LR scale:  1.000000, effective LR:  0.000400
    ✓ Best valid checkpoint: params-best-d0e9ce01-6fcd-4524-aa98-54861c901ec5.json (weighted loss=0.858406, epoch 242)
epoch: 243                    train:   valid:
    weighted total loss      1.008255  0.853533
    energy MSE [eV²]         0.316188  0.224168
    force MSE [(eV/Å)²]      0.520354  0.471298
    energy mae [kcal/mol]          13.840874  10.639412
    energy R²                    N/A  0.703557
    forces mae [kcal/mol/Å]        15.511628  14.861851
    forces R²                    N/A  0.863670
    dipole mae [tgt units]   0.364982  0.350879
    dipole R²                    N/A  0.375160
    dipole MSE [tgt²]        0.168160  0.154425
    charge loss [e²]         0.003553  0.003642
    charge RMSE [e]          0.059610  0.060350
    LR scale:  1.000000, effective LR:  0.000400
    ✓ Best valid checkpoint: params-best-d0e9ce01-6fcd-4524-aa98-54861c901ec5.json (weighted loss=0.853533, epoch 243)
epoch: 244                    train:   valid:
    weighted total loss      1.006745  0.848577
    energy MSE [eV²]         0.313707  0.219816
    force MSE [(eV/Å)²]      0.519177  0.471191
    energy mae [kcal/mol]          13.723195  11.437684
    energy R²                    N/A  0.710968
    forces mae [kcal/mol/Å]        15.477701  14.890938
    forces R²                    N/A  0.863696
    dipole mae [tgt units]   0.364178  0.353352
    dipole R²                    N/A  0.371699
    dipole MSE [tgt²]        0.168272  0.155347
    charge loss [e²]         0.005589  0.002223
    charge RMSE [e]          0.074760  0.047149
    LR scale:  1.000000, effective LR:  0.000400
    ✓ Best valid checkpoint: params-best-d0e9ce01-6fcd-4524-aa98-54861c901ec5.json (weighted loss=0.848577, epoch 244)
epoch: 245                    train:   valid:
    weighted total loss      0.991869  0.860347
    energy MSE [eV²]         0.298731  0.235172
    force MSE [(eV/Å)²]      0.517521  0.469853
    energy mae [kcal/mol]          13.272939  10.733753
    energy R²                    N/A  0.688319
    forces mae [kcal/mol/Å]        15.459573  14.818956
    forces R²                    N/A  0.864103
    dipole mae [tgt units]   0.364503  0.348577
    dipole R²                    N/A  0.378401
    dipole MSE [tgt²]        0.168206  0.153766
    charge loss [e²]         0.007411  0.001556
    charge RMSE [e]          0.086088  0.039447
    LR scale:  1.000000, effective LR:  0.000400
epoch: 246                    train:   valid:
    weighted total loss      1.027356  0.893135
    energy MSE [eV²]         0.332107  0.219835
    force MSE [(eV/Å)²]      0.516625  0.470846
    energy mae [kcal/mol]          14.142739  10.678481
    energy R²                    N/A  0.711217
    forces mae [kcal/mol/Å]        15.445987  14.885979
    forces R²                    N/A  0.863806
    dipole mae [tgt units]   0.364334  0.352456
    dipole R²                    N/A  0.374447
    dipole MSE [tgt²]        0.168149  0.154850
    charge loss [e²]         0.010475  0.047604
    charge RMSE [e]          0.102348  0.218183
    LR scale:  1.000000, effective LR:  0.000400
epoch: 247                    train:   valid:
    weighted total loss      1.053585  0.870665
    energy MSE [eV²]         0.356643  0.244470
    force MSE [(eV/Å)²]      0.517338  0.471277
    energy mae [kcal/mol]          14.651729  10.957878
    energy R²                    N/A  0.672538
    forces mae [kcal/mol/Å]        15.452428  14.896229
    forces R²                    N/A  0.863680
    dipole mae [tgt units]   0.364404  0.348774
    dipole R²                    N/A  0.378242
    dipole MSE [tgt²]        0.168053  0.153835
    charge loss [e²]         0.011551  0.001083
    charge RMSE [e]          0.107473  0.032914
    LR scale:  1.000000, effective LR:  0.000400
epoch: 248                    train:   valid:
    weighted total loss      1.012117  0.851999
    energy MSE [eV²]         0.324199  0.229168
    force MSE [(eV/Å)²]      0.515517  0.467723
    energy mae [kcal/mol]          14.014721  10.640121
    energy R²                    N/A  0.696368
    forces mae [kcal/mol/Å]        15.400832  14.786665
    forces R²                    N/A  0.864716
    dipole mae [tgt units]   0.363807  0.348640
    dipole R²                    N/A  0.377982
    dipole MSE [tgt²]        0.168175  0.153906
    charge loss [e²]         0.004226  0.001202
    charge RMSE [e]          0.065011  0.034677
    LR scale:  1.000000, effective LR:  0.000400
epoch: 249                    train:   valid:
    weighted total loss      0.974665  0.856791
    energy MSE [eV²]         0.290458  0.234493
    force MSE [(eV/Å)²]      0.514316  0.466858
    energy mae [kcal/mol]          13.132198  12.446110
    energy R²                    N/A  0.686518
    forces mae [kcal/mol/Å]        15.385805  14.801317
    forces R²                    N/A  0.864963
    dipole mae [tgt units]   0.363906  0.348108
    dipole R²                    N/A  0.378523
    dipole MSE [tgt²]        0.168248  0.153723
    charge loss [e²]         0.001644  0.001717
    charge RMSE [e]          0.040546  0.041439
    LR scale:  1.000000, effective LR:  0.000400
epoch: 250                    train:   valid:
    weighted total loss      1.018111  0.859878
    energy MSE [eV²]         0.328313  0.237649
    force MSE [(eV/Å)²]      0.514254  0.467365
    energy mae [kcal/mol]          14.055947  10.763660
    energy R²                    N/A  0.683835
    forces mae [kcal/mol/Å]        15.391070  14.829662
    forces R²                    N/A  0.864806
    dipole mae [tgt units]   0.364257  0.348298
    dipole R²                    N/A  0.377995
    dipole MSE [tgt²]        0.168036  0.153850
    charge loss [e²]         0.007508  0.001013
    charge RMSE [e]          0.086648  0.031832
    LR scale:  1.000000, effective LR:  0.000400
epoch: 251                    train:   valid:
    weighted total loss      0.961828  0.836330
    energy MSE [eV²]         0.281169  0.218948
    force MSE [(eV/Å)²]      0.510996  0.462408
    energy mae [kcal/mol]          12.840023  11.334744
    energy R²                    N/A  0.711168
    forces mae [kcal/mol/Å]        15.334358  14.712841
    forces R²                    N/A  0.866272
    dipole mae [tgt units]   0.364018  0.348694
    dipole R²                    N/A  0.377757
    dipole MSE [tgt²]        0.168023  0.153976
    charge loss [e²]         0.001640  0.000997
    charge RMSE [e]          0.040498  0.031570
    LR scale:  1.000000, effective LR:  0.000400
    ✓ Best valid checkpoint: params-best-d0e9ce01-6fcd-4524-aa98-54861c901ec5.json (weighted loss=0.836330, epoch 251)
epoch: 252                    train:   valid:
    weighted total loss      0.976016  0.833500
    energy MSE [eV²]         0.293309  0.216011
    force MSE [(eV/Å)²]      0.510454  0.461713
    energy mae [kcal/mol]          13.117394  11.031957
    energy R²                    N/A  0.714708
    forces mae [kcal/mol/Å]        15.321211  14.696109
    forces R²                    N/A  0.866466
    dipole mae [tgt units]   0.364025  0.348341
    dipole R²                    N/A  0.378566
    dipole MSE [tgt²]        0.167925  0.153742
    charge loss [e²]         0.004329  0.002034
    charge RMSE [e]          0.065792  0.045096
    LR scale:  1.000000, effective LR:  0.000400
    ✓ Best valid checkpoint: params-best-d0e9ce01-6fcd-4524-aa98-54861c901ec5.json (weighted loss=0.833500, epoch 252)
epoch: 253                    train:   valid:
    weighted total loss      1.014812  0.891477
    energy MSE [eV²]         0.327306  0.253420
    force MSE [(eV/Å)²]      0.510796  0.465197
    energy mae [kcal/mol]          14.044749  13.194880
    energy R²                    N/A  0.662544
    forces mae [kcal/mol/Å]        15.326733  14.700378
    forces R²                    N/A  0.865466
    dipole mae [tgt units]   0.364051  0.347669
    dipole R²                    N/A  0.378832
    dipole MSE [tgt²]        0.168067  0.153715
    charge loss [e²]         0.008644  0.019145
    charge RMSE [e]          0.092973  0.138366
    LR scale:  1.000000, effective LR:  0.000400
epoch: 254                    train:   valid:
    weighted total loss      1.010543  0.834112
    energy MSE [eV²]         0.321496  0.213839
    force MSE [(eV/Å)²]      0.510339  0.463332
    energy mae [kcal/mol]          14.009454  10.985496
    energy R²                    N/A  0.717680
    forces mae [kcal/mol/Å]        15.308428  14.737817
    forces R²                    N/A  0.865983
    dipole mae [tgt units]   0.363802  0.350260
    dipole R²                    N/A  0.375551
    dipole MSE [tgt²]        0.168189  0.154474
    charge loss [e²]         0.010519  0.002467
    charge RMSE [e]          0.102561  0.049672
    LR scale:  1.000000, effective LR:  0.000400
epoch: 255                    train:   valid:
    weighted total loss      0.980282  0.831059
    energy MSE [eV²]         0.302811  0.215024
    force MSE [(eV/Å)²]      0.508040  0.460563
    energy mae [kcal/mol]          13.443069  11.066486
    energy R²                    N/A  0.715898
    forces mae [kcal/mol/Å]        15.265673  14.652649
    forces R²                    N/A  0.866812
    dipole mae [tgt units]   0.364238  0.349348
    dipole R²                    N/A  0.376975
    dipole MSE [tgt²]        0.168070  0.154121
    charge loss [e²]         0.001362  0.001350
    charge RMSE [e]          0.036905  0.036739
    LR scale:  1.000000, effective LR:  0.000400
    ✓ Best valid checkpoint: params-best-d0e9ce01-6fcd-4524-aa98-54861c901ec5.json (weighted loss=0.831059, epoch 255)
epoch: 256                    train:   valid:
    weighted total loss      1.004501  0.853488
    energy MSE [eV²]         0.322081  0.235085
    force MSE [(eV/Å)²]      0.508597  0.463815
    energy mae [kcal/mol]          13.966510  10.787562
    energy R²                    N/A  0.685966
    forces mae [kcal/mol/Å]        15.274610  14.729634
    forces R²                    N/A  0.865863
    dipole mae [tgt units]   0.363847  0.347531
    dipole R²                    N/A  0.379059
    dipole MSE [tgt²]        0.167991  0.153654
    charge loss [e²]         0.005832  0.000935
    charge RMSE [e]          0.076365  0.030573
    LR scale:  1.000000, effective LR:  0.000400
epoch: 257                    train:   valid:
    weighted total loss      0.992301  1.116095
    energy MSE [eV²]         0.311296  0.228496
    force MSE [(eV/Å)²]      0.507170  0.478902
    energy mae [kcal/mol]          13.596909  12.210726
    energy R²                    N/A  0.694365
    forces mae [kcal/mol/Å]        15.242082  15.111677
    forces R²                    N/A  0.861440
    dipole mae [tgt units]   0.363943  0.350715
    dipole R²                    N/A  0.376631
    dipole MSE [tgt²]        0.168153  0.153944
    charge loss [e²]         0.005682  0.254753
    charge RMSE [e]          0.075381  0.504731
    LR scale:  1.000000, effective LR:  0.000400
epoch: 258                    train:   valid:
    weighted total loss      0.985497  0.830647
    energy MSE [eV²]         0.305776  0.214242
    force MSE [(eV/Å)²]      0.506814  0.461012
    energy mae [kcal/mol]          13.419866  10.692238
    energy R²                    N/A  0.716684
    forces mae [kcal/mol/Å]        15.249982  14.706904
    forces R²                    N/A  0.866670
    dipole mae [tgt units]   0.363827  0.347579
    dipole R²                    N/A  0.378663
    dipole MSE [tgt²]        0.168020  0.153699
    charge loss [e²]         0.004887  0.001694
    charge RMSE [e]          0.069908  0.041154
    LR scale:  1.000000, effective LR:  0.000400
    ✓ Best valid checkpoint: params-best-d0e9ce01-6fcd-4524-aa98-54861c901ec5.json (weighted loss=0.830647, epoch 258)
epoch: 259                    train:   valid:
    weighted total loss      0.997419  0.852385
    energy MSE [eV²]         0.320570  0.233200
    force MSE [(eV/Å)²]      0.506268  0.463893
    energy mae [kcal/mol]          13.889131  12.490295
    energy R²                    N/A  0.688331
    forces mae [kcal/mol/Å]        15.226283  14.757107
    forces R²                    N/A  0.865822
    dipole mae [tgt units]   0.364142  0.348790
    dipole R²                    N/A  0.376622
    dipole MSE [tgt²]        0.167983  0.154122
    charge loss [e²]         0.002598  0.001171
    charge RMSE [e]          0.050967  0.034215
    LR scale:  1.000000, effective LR:  0.000400
epoch: 260                    train:   valid:
    weighted total loss      0.962647  0.832867
    energy MSE [eV²]         0.286188  0.219672
    force MSE [(eV/Å)²]      0.504710  0.458121
    energy mae [kcal/mol]          12.839883  10.830286
    energy R²                    N/A  0.709310
    forces mae [kcal/mol/Å]        15.199765  14.571601
    forces R²                    N/A  0.867549
    dipole mae [tgt units]   0.363534  0.348112
    dipole R²                    N/A  0.378936
    dipole MSE [tgt²]        0.167853  0.153705
    charge loss [e²]         0.003897  0.001369
    charge RMSE [e]          0.062424  0.037000
    LR scale:  1.000000, effective LR:  0.000400
epoch: 261                    train:   valid:
    weighted total loss      1.013838  0.832190
    energy MSE [eV²]         0.334981  0.219987
    force MSE [(eV/Å)²]      0.504378  0.457147
    energy mae [kcal/mol]          14.351791  11.648132
    energy R²                    N/A  0.709083
    forces mae [kcal/mol/Å]        15.199256  14.589298
    forces R²                    N/A  0.867810
    dipole mae [tgt units]   0.364310  0.348511
    dipole R²                    N/A  0.378619
    dipole MSE [tgt²]        0.168268  0.153805
    charge loss [e²]         0.006211  0.001252
    charge RMSE [e]          0.078809  0.035377
    LR scale:  1.000000, effective LR:  0.000400
epoch: 262                    train:   valid:
    weighted total loss      0.959126  0.823720
    energy MSE [eV²]         0.284959  0.214570
    force MSE [(eV/Å)²]      0.502141  0.454295
    energy mae [kcal/mol]          12.967504  10.675578
    energy R²                    N/A  0.716738
    forces mae [kcal/mol/Å]        15.144004  14.528000
    forces R²                    N/A  0.868641
    dipole mae [tgt units]   0.363807  0.347587
    dipole R²                    N/A  0.378662
    dipole MSE [tgt²]        0.168144  0.153709
    charge loss [e²]         0.003882  0.001146
    charge RMSE [e]          0.062305  0.033851
    LR scale:  1.000000, effective LR:  0.000400
    ✓ Best valid checkpoint: params-best-d0e9ce01-6fcd-4524-aa98-54861c901ec5.json (weighted loss=0.823720, epoch 262)
epoch: 263                    train:   valid:
    weighted total loss      0.995679  0.826933
    energy MSE [eV²]         0.317270  0.211616
    force MSE [(eV/Å)²]      0.501418  0.460443
    energy mae [kcal/mol]          13.838200  10.721353
    energy R²                    N/A  0.719003
    forces mae [kcal/mol/Å]        15.137609  14.712659
    forces R²                    N/A  0.866838
    dipole mae [tgt units]   0.363612  0.347383
    dipole R²                    N/A  0.379299
    dipole MSE [tgt²]        0.167964  0.153562
    charge loss [e²]         0.009027  0.001313
    charge RMSE [e]          0.095009  0.036233
    LR scale:  1.000000, effective LR:  0.000400
epoch: 264                    train:   valid:
    weighted total loss      0.999982  0.844934
    energy MSE [eV²]         0.323905  0.235067
    force MSE [(eV/Å)²]      0.502099  0.455245
    energy mae [kcal/mol]          13.922024  10.840602
    energy R²                    N/A  0.684005
    forces mae [kcal/mol/Å]        15.141893  14.559126
    forces R²                    N/A  0.868373
    dipole mae [tgt units]   0.363783  0.347374
    dipole R²                    N/A  0.379086
    dipole MSE [tgt²]        0.168097  0.153583
    charge loss [e²]         0.005880  0.001039
    charge RMSE [e]          0.076681  0.032231
    LR scale:  1.000000, effective LR:  0.000400
epoch: 265                    train:   valid:
    weighted total loss      0.971282  0.854140
    energy MSE [eV²]         0.298175  0.241967
    force MSE [(eV/Å)²]      0.500039  0.457338
    energy mae [kcal/mol]          13.253988  12.731272
    energy R²                    N/A  0.677526
    forces mae [kcal/mol/Å]        15.101025  14.563045
    forces R²                    N/A  0.867759
    dipole mae [tgt units]   0.363727  0.347434
    dipole R²                    N/A  0.378985
    dipole MSE [tgt²]        0.168065  0.153626
    charge loss [e²]         0.005004  0.001209
    charge RMSE [e]          0.070737  0.034775
    LR scale:  1.000000, effective LR:  0.000400
epoch: 266                    train:   valid:
    weighted total loss      0.977666  0.843090
    energy MSE [eV²]         0.299522  0.236645
    force MSE [(eV/Å)²]      0.499533  0.451607
    energy mae [kcal/mol]          13.206400  10.622291
    energy R²                    N/A  0.684803
    forces mae [kcal/mol/Å]        15.100905  14.472173
    forces R²                    N/A  0.869428
    dipole mae [tgt units]   0.363646  0.347532
    dipole R²                    N/A  0.378396
    dipole MSE [tgt²]        0.168107  0.153811
    charge loss [e²]         0.010504  0.001027
    charge RMSE [e]          0.102491  0.032039
    LR scale:  1.000000, effective LR:  0.000400
epoch: 267                    train:   valid:
    weighted total loss      0.974441  0.864868
    energy MSE [eV²]         0.306358  0.255320
    force MSE [(eV/Å)²]      0.497973  0.452956
    energy mae [kcal/mol]          13.559515  13.451273
    energy R²                    N/A  0.657169
    forces mae [kcal/mol/Å]        15.071900  14.515125
    forces R²                    N/A  0.869022
    dipole mae [tgt units]   0.363460  0.348150
    dipole R²                    N/A  0.378352
    dipole MSE [tgt²]        0.168035  0.153719
    charge loss [e²]         0.002075  0.002873
    charge RMSE [e]          0.045557  0.053599
    LR scale:  1.000000, effective LR:  0.000400
epoch: 268                    train:   valid:
    weighted total loss      0.982721  0.841847
    energy MSE [eV²]         0.313111  0.230067
    force MSE [(eV/Å)²]      0.496802  0.451675
    energy mae [kcal/mol]          13.710773  12.229440
    energy R²                    N/A  0.694862
    forces mae [kcal/mol/Å]        15.041078  14.491429
    forces R²                    N/A  0.869411
    dipole mae [tgt units]   0.363313  0.346952
    dipole R²                    N/A  0.379382
    dipole MSE [tgt²]        0.167777  0.153588
    charge loss [e²]         0.005030  0.006518
    charge RMSE [e]          0.070926  0.080733
    LR scale:  1.000000, effective LR:  0.000400
epoch: 269                    train:   valid:
    weighted total loss      1.003603  0.828261
    energy MSE [eV²]         0.326077  0.220556
    force MSE [(eV/Å)²]      0.498902  0.452478
    energy mae [kcal/mol]          13.897663  10.331676
    energy R²                    N/A  0.709327
    forces mae [kcal/mol/Å]        15.081017  14.500623
    forces R²                    N/A  0.869161
    dipole mae [tgt units]   0.363242  0.349274
    dipole R²                    N/A  0.376931
    dipole MSE [tgt²]        0.167772  0.154165
    charge loss [e²]         0.010850  0.001062
    charge RMSE [e]          0.104165  0.032582
    LR scale:  1.000000, effective LR:  0.000400
epoch: 270                    train:   valid:
    weighted total loss      0.958610  0.835106
    energy MSE [eV²]         0.292052  0.230709
    force MSE [(eV/Å)²]      0.495828  0.449556
    energy mae [kcal/mol]          13.116096  12.341150
    energy R²                    N/A  0.690640
    forces mae [kcal/mol/Å]        15.024693  14.415974
    forces R²                    N/A  0.870040
    dipole mae [tgt units]   0.363560  0.348785
    dipole R²                    N/A  0.378856
    dipole MSE [tgt²]        0.167963  0.153758
    charge loss [e²]         0.002768  0.001084
    charge RMSE [e]          0.052611  0.032924
    LR scale:  1.000000, effective LR:  0.000400
epoch: 271                    train:   valid:
    weighted total loss      0.955256  0.822680
    energy MSE [eV²]         0.287736  0.217099
    force MSE [(eV/Å)²]      0.494380  0.450537
    energy mae [kcal/mol]          13.091999  10.588840
    energy R²                    N/A  0.712550
    forces mae [kcal/mol/Å]        14.999407  14.459445
    forces R²                    N/A  0.869743
    dipole mae [tgt units]   0.363473  0.347650
    dipole R²                    N/A  0.378119
    dipole MSE [tgt²]        0.168014  0.153821
    charge loss [e²]         0.005126  0.001223
    charge RMSE [e]          0.071596  0.034973
    LR scale:  1.000000, effective LR:  0.000400
    ✓ Best valid checkpoint: params-best-d0e9ce01-6fcd-4524-aa98-54861c901ec5.json (weighted loss=0.822680, epoch 271)
epoch: 272                    train:   valid:
    weighted total loss      0.980005  0.943871
    energy MSE [eV²]         0.312668  0.291358
    force MSE [(eV/Å)²]      0.493858  0.457184
    energy mae [kcal/mol]          13.628658  14.903013
    energy R²                    N/A  0.603392
    forces mae [kcal/mol/Å]        14.978037  14.587426
    forces R²                    N/A  0.867809
    dipole mae [tgt units]   0.363416  0.347549
    dipole R²                    N/A  0.379127
    dipole MSE [tgt²]        0.167749  0.153521
    charge loss [e²]         0.005730  0.041807
    charge RMSE [e]          0.075698  0.204469
    LR scale:  1.000000, effective LR:  0.000400
epoch: 273                    train:   valid:
    weighted total loss      0.985390  1.083704
    energy MSE [eV²]         0.315581  0.477417
    force MSE [(eV/Å)²]      0.494491  0.449940
    energy mae [kcal/mol]          13.742224  17.419502
    energy R²                    N/A  0.326498
    forces mae [kcal/mol/Å]        15.001204  14.434409
    forces R²                    N/A  0.869914
    dipole mae [tgt units]   0.363117  0.347826
    dipole R²                    N/A  0.378756
    dipole MSE [tgt²]        0.167784  0.153599
    charge loss [e²]         0.007533  0.002748
    charge RMSE [e]          0.086796  0.052423
    LR scale:  1.000000, effective LR:  0.000400
epoch: 274                    train:   valid:
    weighted total loss      0.986059  0.829265
    energy MSE [eV²]         0.317870  0.217210
    force MSE [(eV/Å)²]      0.493514  0.450665
    energy mae [kcal/mol]          13.918914  11.639066
    energy R²                    N/A  0.712999
    forces mae [kcal/mol/Å]        14.983426  14.541555
    forces R²                    N/A  0.869687
    dipole mae [tgt units]   0.363260  0.347757
    dipole R²                    N/A  0.378352
    dipole MSE [tgt²]        0.167963  0.153837
    charge loss [e²]         0.006713  0.007553
    charge RMSE [e]          0.081931  0.086911
    LR scale:  1.000000, effective LR:  0.000400
epoch: 275                    train:   valid:
    weighted total loss      0.948220  0.825396
    energy MSE [eV²]         0.285926  0.223759
    force MSE [(eV/Å)²]      0.492335  0.447051
    energy mae [kcal/mol]          12.970469  11.861281
    energy R²                    N/A  0.704988
    forces mae [kcal/mol/Å]        14.956284  14.407242
    forces R²                    N/A  0.870769
    dipole mae [tgt units]   0.363458  0.346959
    dipole R²                    N/A  0.380076
    dipole MSE [tgt²]        0.167828  0.153442
    charge loss [e²]         0.002130  0.001144
    charge RMSE [e]          0.046154  0.033826
    LR scale:  1.000000, effective LR:  0.000400
epoch: 276                    train:   valid:
    weighted total loss      0.966183  0.820557
    energy MSE [eV²]         0.300562  0.222814
    force MSE [(eV/Å)²]      0.490660  0.443085
    energy mae [kcal/mol]          13.355593  10.390254
    energy R²                    N/A  0.703963
    forces mae [kcal/mol/Å]        14.925819  14.296482
    forces R²                    N/A  0.871934
    dipole mae [tgt units]   0.363100  0.346575
    dipole R²                    N/A  0.380146
    dipole MSE [tgt²]        0.168015  0.153367
    charge loss [e²]         0.006945  0.001291
    charge RMSE [e]          0.083339  0.035931
    LR scale:  1.000000, effective LR:  0.000400
    ✓ Best valid checkpoint: params-best-d0e9ce01-6fcd-4524-aa98-54861c901ec5.json (weighted loss=0.820557, epoch 276)
epoch: 277                    train:   valid:
    weighted total loss      0.975262  0.818353
    energy MSE [eV²]         0.309596  0.216834
    force MSE [(eV/Å)²]      0.492462  0.446567
    energy mae [kcal/mol]          13.575806  10.451065
    energy R²                    N/A  0.714057
    forces mae [kcal/mol/Å]        14.956623  14.355435
    forces R²                    N/A  0.870904
    dipole mae [tgt units]   0.363426  0.348290
    dipole R²                    N/A  0.377343
    dipole MSE [tgt²]        0.168046  0.153965
    charge loss [e²]         0.005158  0.000986
    charge RMSE [e]          0.071820  0.031404
    LR scale:  1.000000, effective LR:  0.000400
    ✓ Best valid checkpoint: params-best-d0e9ce01-6fcd-4524-aa98-54861c901ec5.json (weighted loss=0.818353, epoch 277)
epoch: 278                    train:   valid:
    weighted total loss      0.945274  0.814549
    energy MSE [eV²]         0.285824  0.216748
    force MSE [(eV/Å)²]      0.489870  0.442915
    energy mae [kcal/mol]          12.940741  11.603594
    energy R²                    N/A  0.712801
    forces mae [kcal/mol/Å]        14.912208  14.353064
    forces R²                    N/A  0.871957
    dipole mae [tgt units]   0.363175  0.347909
    dipole R²                    N/A  0.377899
    dipole MSE [tgt²]        0.167718  0.153841
    charge loss [e²]         0.001862  0.001045
    charge RMSE [e]          0.043150  0.032321
    LR scale:  1.000000, effective LR:  0.000400
    ✓ Best valid checkpoint: params-best-d0e9ce01-6fcd-4524-aa98-54861c901ec5.json (weighted loss=0.814549, epoch 278)
epoch: 279                    train:   valid:
    weighted total loss      0.977848  0.864581
    energy MSE [eV²]         0.315933  0.251501
    force MSE [(eV/Å)²]      0.488753  0.440694
    energy mae [kcal/mol]          13.777322  10.936398
    energy R²                    N/A  0.661517
    forces mae [kcal/mol/Å]        14.890128  14.234996
    forces R²                    N/A  0.872627
    dipole mae [tgt units]   0.363242  0.347239
    dipole R²                    N/A  0.379303
    dipole MSE [tgt²]        0.168000  0.153634
    charge loss [e²]         0.005162  0.018752
    charge RMSE [e]          0.071849  0.136937
    LR scale:  1.000000, effective LR:  0.000400
epoch: 280                    train:   valid:
    weighted total loss      0.997739  0.864461
    energy MSE [eV²]         0.331214  0.266230
    force MSE [(eV/Å)²]      0.489508  0.442885
    energy mae [kcal/mol]          14.103452  14.049507
    energy R²                    N/A  0.637861
    forces mae [kcal/mol/Å]        14.897361  14.282664
    forces R²                    N/A  0.871989
    dipole mae [tgt units]   0.363097  0.346356
    dipole R²                    N/A  0.380773
    dipole MSE [tgt²]        0.167913  0.153226
    charge loss [e²]         0.009104  0.002120
    charge RMSE [e]          0.095412  0.046043
    LR scale:  1.000000, effective LR:  0.000400
epoch: 281                    train:   valid:
    weighted total loss      0.969311  0.813383
    energy MSE [eV²]         0.306907  0.216816
    force MSE [(eV/Å)²]      0.488699  0.441577
    energy mae [kcal/mol]          13.473294  11.561152
    energy R²                    N/A  0.713093
    forces mae [kcal/mol/Å]        14.881194  14.266751
    forces R²                    N/A  0.872356
    dipole mae [tgt units]   0.363216  0.348582
    dipole R²                    N/A  0.377973
    dipole MSE [tgt²]        0.167918  0.153926
    charge loss [e²]         0.005787  0.001063
    charge RMSE [e]          0.076074  0.032602
    LR scale:  1.000000, effective LR:  0.000400
    ✓ Best valid checkpoint: params-best-d0e9ce01-6fcd-4524-aa98-54861c901ec5.json (weighted loss=0.813383, epoch 281)
epoch: 282                    train:   valid:
    weighted total loss      0.975714  0.836004
    energy MSE [eV²]         0.315347  0.231970
    force MSE [(eV/Å)²]      0.486072  0.445489
    energy mae [kcal/mol]          13.709549  10.610312
    energy R²                    N/A  0.688599
    forces mae [kcal/mol/Å]        14.844037  14.381351
    forces R²                    N/A  0.871221
    dipole mae [tgt units]   0.362477  0.347562
    dipole R²                    N/A  0.379779
    dipole MSE [tgt²]        0.167556  0.153445
    charge loss [e²]         0.006738  0.005099
    charge RMSE [e]          0.082086  0.071409
    LR scale:  1.000000, effective LR:  0.000400
epoch: 283                    train:   valid:
    weighted total loss      0.943552  0.807989
    energy MSE [eV²]         0.285851  0.212884
    force MSE [(eV/Å)²]      0.487002  0.439864
    energy mae [kcal/mol]          12.971425  11.344960
    energy R²                    N/A  0.717216
    forces mae [kcal/mol/Å]        14.860980  14.317071
    forces R²                    N/A  0.872834
    dipole mae [tgt units]   0.362982  0.346500
    dipole R²                    N/A  0.379867
    dipole MSE [tgt²]        0.167693  0.153422
    charge loss [e²]         0.003006  0.001820
    charge RMSE [e]          0.054823  0.042658
    LR scale:  1.000000, effective LR:  0.000400
    ✓ Best valid checkpoint: params-best-d0e9ce01-6fcd-4524-aa98-54861c901ec5.json (weighted loss=0.807989, epoch 283)
epoch: 284                    train:   valid:
    weighted total loss      0.966673  0.820836
    energy MSE [eV²]         0.308568  0.219838
    force MSE [(eV/Å)²]      0.484727  0.444118
    energy mae [kcal/mol]          13.567988  11.675446
    energy R²                    N/A  0.709324
    forces mae [kcal/mol/Å]        14.817271  14.285571
    forces R²                    N/A  0.871617
    dipole mae [tgt units]   0.362710  0.350026
    dipole R²                    N/A  0.376619
    dipole MSE [tgt²]        0.167707  0.154118
    charge loss [e²]         0.005670  0.002761
    charge RMSE [e]          0.075302  0.052548
    LR scale:  1.000000, effective LR:  0.000400
epoch: 285                    train:   valid:
    weighted total loss      0.985707  0.813686
    energy MSE [eV²]         0.323790  0.219244
    force MSE [(eV/Å)²]      0.486137  0.439520
    energy mae [kcal/mol]          14.013293  10.251292
    energy R²                    N/A  0.710165
    forces mae [kcal/mol/Å]        14.845248  14.212176
    forces R²                    N/A  0.872964
    dipole mae [tgt units]   0.363024  0.346932
    dipole R²                    N/A  0.379388
    dipole MSE [tgt²]        0.167648  0.153564
    charge loss [e²]         0.008131  0.001359
    charge RMSE [e]          0.090174  0.036861
    LR scale:  1.000000, effective LR:  0.000400
epoch: 286                    train:   valid:
    weighted total loss      0.948211  0.936290
    energy MSE [eV²]         0.292726  0.339145
    force MSE [(eV/Å)²]      0.484522  0.438336
    energy mae [kcal/mol]          13.145430  16.642309
    energy R²                    N/A  0.530302
    forces mae [kcal/mol/Å]        14.795900  14.226263
    forces R²                    N/A  0.873304
    dipole mae [tgt units]   0.362790  0.346914
    dipole R²                    N/A  0.379863
    dipole MSE [tgt²]        0.167854  0.153507
    charge loss [e²]         0.003108  0.005301
    charge RMSE [e]          0.055751  0.072807
    LR scale:  1.000000, effective LR:  0.000400
epoch: 287                    train:   valid:
    weighted total loss      0.953743  0.828844
    energy MSE [eV²]         0.292557  0.235175
    force MSE [(eV/Å)²]      0.484574  0.438540
    energy mae [kcal/mol]          13.137058  12.634956
    energy R²                    N/A  0.685199
    forces mae [kcal/mol/Å]        14.807274  14.213013
    forces R²                    N/A  0.873242
    dipole mae [tgt units]   0.363317  0.347811
    dipole R²                    N/A  0.378772
    dipole MSE [tgt²]        0.167917  0.153652
    charge loss [e²]         0.008695  0.001477
    charge RMSE [e]          0.093249  0.038426
    LR scale:  1.000000, effective LR:  0.000400
epoch: 288                    train:   valid:
    weighted total loss      0.976109  0.841919
    energy MSE [eV²]         0.317054  0.248571
    force MSE [(eV/Å)²]      0.484230  0.437778
    energy mae [kcal/mol]          13.803696  13.351466
    energy R²                    N/A  0.665078
    forces mae [kcal/mol/Å]        14.800675  14.241172
    forces R²                    N/A  0.873458
    dipole mae [tgt units]   0.363097  0.346575
    dipole R²                    N/A  0.380248
    dipole MSE [tgt²]        0.167928  0.153412
    charge loss [e²]         0.006897  0.002157
    charge RMSE [e]          0.083049  0.046448
    LR scale:  1.000000, effective LR:  0.000400
epoch: 289                    train:   valid:
    weighted total loss      0.948727  0.797141
    energy MSE [eV²]         0.295255  0.205590
    force MSE [(eV/Å)²]      0.482194  0.434928
    energy mae [kcal/mol]          13.064875  10.598412
    energy R²                    N/A  0.727232
    forces mae [kcal/mol/Å]        14.751892  14.155546
    forces R²                    N/A  0.874299
    dipole mae [tgt units]   0.362903  0.346413
    dipole R²                    N/A  0.380609
    dipole MSE [tgt²]        0.167902  0.153269
    charge loss [e²]         0.003376  0.003354
    charge RMSE [e]          0.058103  0.057916
    LR scale:  1.000000, effective LR:  0.000400
    ✓ Best valid checkpoint: params-best-d0e9ce01-6fcd-4524-aa98-54861c901ec5.json (weighted loss=0.797141, epoch 289)
epoch: 290                    train:   valid:
    weighted total loss      0.924941  0.808280
    energy MSE [eV²]         0.274680  0.218828
    force MSE [(eV/Å)²]      0.479918  0.434854
    energy mae [kcal/mol]          12.528020  11.916545
    energy R²                    N/A  0.706945
    forces mae [kcal/mol/Å]        14.721454  14.163855
    forces R²                    N/A  0.874308
    dipole mae [tgt units]   0.363167  0.346486
    dipole R²                    N/A  0.379693
    dipole MSE [tgt²]        0.167686  0.153478
    charge loss [e²]         0.002655  0.001119
    charge RMSE [e]          0.051531  0.033450
    LR scale:  1.000000, effective LR:  0.000400
epoch: 291                    train:   valid:
    weighted total loss      0.945874  0.798943
    energy MSE [eV²]         0.289907  0.207998
    force MSE [(eV/Å)²]      0.479951  0.436084
    energy mae [kcal/mol]          13.137759  10.322141
    energy R²                    N/A  0.723462
    forces mae [kcal/mol/Å]        14.723754  14.192967
    forces R²                    N/A  0.873965
    dipole mae [tgt units]   0.362798  0.347506
    dipole R²                    N/A  0.380093
    dipole MSE [tgt²]        0.167603  0.153445
    charge loss [e²]         0.008414  0.001417
    charge RMSE [e]          0.091726  0.037641
    LR scale:  1.000000, effective LR:  0.000400
epoch: 292                    train:   valid:
    weighted total loss      0.936569  0.804042
    energy MSE [eV²]         0.286187  0.216254
    force MSE [(eV/Å)²]      0.478332  0.432231
    energy mae [kcal/mol]          13.016177  10.142941
    energy R²                    N/A  0.713496
    forces mae [kcal/mol/Å]        14.677330  14.101863
    forces R²                    N/A  0.875074
    dipole mae [tgt units]   0.363201  0.350541
    dipole R²                    N/A  0.375425
    dipole MSE [tgt²]        0.167761  0.154481
    charge loss [e²]         0.004289  0.001076
    charge RMSE [e]          0.065492  0.032809
    LR scale:  1.000000, effective LR:  0.000400
epoch: 293                    train:   valid:
    weighted total loss      0.947660  0.793754
    energy MSE [eV²]         0.294994  0.203454
    force MSE [(eV/Å)²]      0.477953  0.433443
    energy mae [kcal/mol]          13.243133  10.581657
    energy R²                    N/A  0.730554
    forces mae [kcal/mol/Å]        14.689793  14.124314
    forces R²                    N/A  0.874729
    dipole mae [tgt units]   0.362589  0.350702
    dipole R²                    N/A  0.376849
    dipole MSE [tgt²]        0.167749  0.154237
    charge loss [e²]         0.006965  0.002620
    charge RMSE [e]          0.083454  0.051191
    LR scale:  1.000000, effective LR:  0.000400
    ✓ Best valid checkpoint: params-best-d0e9ce01-6fcd-4524-aa98-54861c901ec5.json (weighted loss=0.793754, epoch 293)
epoch: 294                    train:   valid:
    weighted total loss      0.976013  0.833791
    energy MSE [eV²]         0.318170  0.239950
    force MSE [(eV/Å)²]      0.479119  0.432875
    energy mae [kcal/mol]          13.918171  13.071270
    energy R²                    N/A  0.676220
    forces mae [kcal/mol/Å]        14.694754  14.130800
    forces R²                    N/A  0.874897
    dipole mae [tgt units]   0.363004  0.346444
    dipole R²                    N/A  0.379947
    dipole MSE [tgt²]        0.167865  0.153393
    charge loss [e²]         0.010859  0.007574
    charge RMSE [e]          0.104206  0.087029
    LR scale:  1.000000, effective LR:  0.000400
epoch: 295                    train:   valid:
    weighted total loss      0.931513  0.790662
    energy MSE [eV²]         0.282720  0.203462
    force MSE [(eV/Å)²]      0.478149  0.432448
    energy mae [kcal/mol]          12.899270  10.670852
    energy R²                    N/A  0.731630
    forces mae [kcal/mol/Å]        14.671176  14.148125
    forces R²                    N/A  0.875008
    dipole mae [tgt units]   0.362155  0.346358
    dipole R²                    N/A  0.379863
    dipole MSE [tgt²]        0.167814  0.153413
    charge loss [e²]         0.002830  0.001339
    charge RMSE [e]          0.053197  0.036587
    LR scale:  1.000000, effective LR:  0.000400
    ✓ Best valid checkpoint: params-best-d0e9ce01-6fcd-4524-aa98-54861c901ec5.json (weighted loss=0.790662, epoch 295)
epoch: 296                    train:   valid:
    weighted total loss      0.930970  0.797215
    energy MSE [eV²]         0.283581  0.212909
    force MSE [(eV/Å)²]      0.475828  0.429901
    energy mae [kcal/mol]          12.838054  11.529832
    energy R²                    N/A  0.718897
    forces mae [kcal/mol/Å]        14.632710  14.012977
    forces R²                    N/A  0.875784
    dipole mae [tgt units]   0.362071  0.345953
    dipole R²                    N/A  0.380302
    dipole MSE [tgt²]        0.167732  0.153319
    charge loss [e²]         0.003830  0.001087
    charge RMSE [e]          0.061886  0.032972
    LR scale:  1.000000, effective LR:  0.000400
epoch: 297                    train:   valid:
    weighted total loss      0.962636  0.788225
    energy MSE [eV²]         0.310152  0.204405
    force MSE [(eV/Å)²]      0.475150  0.428824
    energy mae [kcal/mol]          13.433491  10.553735
    energy R²                    N/A  0.731374
    forces mae [kcal/mol/Å]        14.616694  13.996218
    forces R²                    N/A  0.876088
    dipole mae [tgt units]   0.362325  0.347958
    dipole R²                    N/A  0.378574
    dipole MSE [tgt²]        0.167622  0.153791
    charge loss [e²]         0.009712  0.001206
    charge RMSE [e]          0.098551  0.034723
    LR scale:  1.000000, effective LR:  0.000400
    ✓ Best valid checkpoint: params-best-d0e9ce01-6fcd-4524-aa98-54861c901ec5.json (weighted loss=0.788225, epoch 297)
epoch: 298                    train:   valid:
    weighted total loss      0.968116  0.803502
    energy MSE [eV²]         0.316680  0.218224
    force MSE [(eV/Å)²]      0.476771  0.430404
    energy mae [kcal/mol]          13.668248  10.226575
    energy R²                    N/A  0.710613
    forces mae [kcal/mol/Å]        14.640537  14.028010
    forces R²                    N/A  0.875654
    dipole mae [tgt units]   0.362939  0.347097
    dipole R²                    N/A  0.380033
    dipole MSE [tgt²]        0.167903  0.153385
    charge loss [e²]         0.006761  0.001489
    charge RMSE [e]          0.082227  0.038584
    LR scale:  1.000000, effective LR:  0.000400
epoch: 299                    train:   valid:
    weighted total loss      0.951647  0.785472
    energy MSE [eV²]         0.307134  0.202057
    force MSE [(eV/Å)²]      0.474523  0.428308
    energy mae [kcal/mol]          13.575122  10.402953
    energy R²                    N/A  0.733558
    forces mae [kcal/mol/Å]        14.606977  14.013247
    forces R²                    N/A  0.876230
    dipole mae [tgt units]   0.362214  0.347810
    dipole R²                    N/A  0.379533
    dipole MSE [tgt²]        0.167728  0.153593
    charge loss [e²]         0.002262  0.001514
    charge RMSE [e]          0.047562  0.038915
    LR scale:  1.000000, effective LR:  0.000400
    ✓ Best valid checkpoint: params-best-d0e9ce01-6fcd-4524-aa98-54861c901ec5.json (weighted loss=0.785472, epoch 299)
epoch: 300                    train:   valid:
    weighted total loss      0.954540  0.791503
    energy MSE [eV²]         0.303516  0.205112
    force MSE [(eV/Å)²]      0.475387  0.431913
    energy mae [kcal/mol]          13.372245  10.234685
    energy R²                    N/A  0.729148
    forces mae [kcal/mol/Å]        14.610317  14.160625
    forces R²                    N/A  0.875151
    dipole mae [tgt units]   0.362198  0.346288
    dipole R²                    N/A  0.380007
    dipole MSE [tgt²]        0.167664  0.153329
    charge loss [e²]         0.007973  0.001150
    charge RMSE [e]          0.089294  0.033905
    LR scale:  1.000000, effective LR:  0.000400
epoch: 301                    train:   valid:
    weighted total loss      0.915156  0.798999
    energy MSE [eV²]         0.272290  0.212107
    force MSE [(eV/Å)²]      0.473415  0.431455
    energy mae [kcal/mol]          12.593268  11.601529
    energy R²                    N/A  0.716794
    forces mae [kcal/mol/Å]        14.577149  14.089594
    forces R²                    N/A  0.875304
    dipole mae [tgt units]   0.362406  0.347812
    dipole R²                    N/A  0.378595
    dipole MSE [tgt²]        0.167499  0.153645
    charge loss [e²]         0.001951  0.001792
    charge RMSE [e]          0.044173  0.042334
    LR scale:  1.000000, effective LR:  0.000400
epoch: 302                    train:   valid:
    weighted total loss      0.918260  0.789283
    energy MSE [eV²]         0.274002  0.210205
    force MSE [(eV/Å)²]      0.471434  0.424462
    energy mae [kcal/mol]          12.564273  10.096845
    energy R²                    N/A  0.721378
    forces mae [kcal/mol/Å]        14.554414  13.904232
    forces R²                    N/A  0.877369
    dipole mae [tgt units]   0.362544  0.345702
    dipole R²                    N/A  0.381780
    dipole MSE [tgt²]        0.167672  0.153050
    charge loss [e²]         0.005152  0.001567
    charge RMSE [e]          0.071776  0.039580
    LR scale:  1.000000, effective LR:  0.000400
epoch: 303                    train:   valid:
    weighted total loss      0.947246  0.784258
    energy MSE [eV²]         0.301314  0.203523
    force MSE [(eV/Å)²]      0.471940  0.425983
    energy mae [kcal/mol]          13.424018  10.513044
    energy R²                    N/A  0.732561
    forces mae [kcal/mol/Å]        14.552600  13.969735
    forces R²                    N/A  0.876902
    dipole mae [tgt units]   0.362281  0.346799
    dipole R²                    N/A  0.379066
    dipole MSE [tgt²]        0.167744  0.153598
    charge loss [e²]         0.006249  0.001154
    charge RMSE [e]          0.079049  0.033969
    LR scale:  1.000000, effective LR:  0.000400
    ✓ Best valid checkpoint: params-best-d0e9ce01-6fcd-4524-aa98-54861c901ec5.json (weighted loss=0.784258, epoch 303)
epoch: 304                    train:   valid:
    weighted total loss      0.938601  0.825284
    energy MSE [eV²]         0.292988  0.239714
    force MSE [(eV/Å)²]      0.470660  0.429442
    energy mae [kcal/mol]          13.213404  10.657356
    energy R²                    N/A  0.677442
    forces mae [kcal/mol/Å]        14.524299  14.157637
    forces R²                    N/A  0.875863
    dipole mae [tgt units]   0.361802  0.349094
    dipole R²                    N/A  0.377329
    dipole MSE [tgt²]        0.167486  0.154013
    charge loss [e²]         0.007467  0.002115
    charge RMSE [e]          0.086413  0.045989
    LR scale:  1.000000, effective LR:  0.000400
epoch: 305                    train:   valid:
    weighted total loss      0.907695  0.804576
    energy MSE [eV²]         0.266282  0.215568
    force MSE [(eV/Å)²]      0.470700  0.434436
    energy mae [kcal/mol]          12.375874  11.075739
    energy R²                    N/A  0.714993
    forces mae [kcal/mol/Å]        14.535133  14.100249
    forces R²                    N/A  0.874477
    dipole mae [tgt units]   0.362423  0.347609
    dipole R²                    N/A  0.379421
    dipole MSE [tgt²]        0.167733  0.153475
    charge loss [e²]         0.002980  0.001097
    charge RMSE [e]          0.054590  0.033128
    LR scale:  1.000000, effective LR:  0.000400
epoch: 306                    train:   valid:
    weighted total loss      0.933111  0.820313
    energy MSE [eV²]         0.290801  0.243102
    force MSE [(eV/Å)²]      0.469010  0.422321
    energy mae [kcal/mol]          13.044335  10.647235
    energy R²                    N/A  0.672790
    forces mae [kcal/mol/Å]        14.502396  13.873563
    forces R²                    N/A  0.877994
    dipole mae [tgt units]   0.362856  0.346626
    dipole R²                    N/A  0.380121
    dipole MSE [tgt²]        0.167822  0.153311
    charge loss [e²]         0.005478  0.001577
    charge RMSE [e]          0.074014  0.039714
    LR scale:  1.000000, effective LR:  0.000400
epoch: 307                    train:   valid:
    weighted total loss      0.952814  0.814734
    energy MSE [eV²]         0.308052  0.237985
    force MSE [(eV/Å)²]      0.468767  0.422413
    energy mae [kcal/mol]          13.557357  12.978950
    energy R²                    N/A  0.680933
    forces mae [kcal/mol/Å]        14.491307  13.860739
    forces R²                    N/A  0.877976
    dipole mae [tgt units]   0.361959  0.345965
    dipole R²                    N/A  0.380562
    dipole MSE [tgt²]        0.167381  0.153246
    charge loss [e²]         0.008614  0.001090
    charge RMSE [e]          0.092811  0.033011
    LR scale:  1.000000, effective LR:  0.000400
epoch: 308                    train:   valid:
    weighted total loss      0.936602  0.804302
    energy MSE [eV²]         0.296155  0.202830
    force MSE [(eV/Å)²]      0.468458  0.424663
    energy mae [kcal/mol]          13.302032  10.083399
    energy R²                    N/A  0.732008
    forces mae [kcal/mol/Å]        14.473509  13.898901
    forces R²                    N/A  0.877310
    dipole mae [tgt units]   0.362514  0.345918
    dipole R²                    N/A  0.379984
    dipole MSE [tgt²]        0.167747  0.153379
    charge loss [e²]         0.004243  0.023429
    charge RMSE [e]          0.065136  0.153066
    LR scale:  1.000000, effective LR:  0.000400
epoch: 309                    train:   valid:
    weighted total loss      0.934122  0.789030
    energy MSE [eV²]         0.293193  0.211445
    force MSE [(eV/Å)²]      0.467308  0.422913
    energy mae [kcal/mol]          13.163356  10.067113
    energy R²                    N/A  0.720104
    forces mae [kcal/mol/Å]        14.456215  13.876420
    forces R²                    N/A  0.877809
    dipole mae [tgt units]   0.361628  0.345560
    dipole R²                    N/A  0.380683
    dipole MSE [tgt²]        0.167748  0.153205
    charge loss [e²]         0.005873  0.001467
    charge RMSE [e]          0.076634  0.038304
    LR scale:  1.000000, effective LR:  0.000400
epoch: 310                    train:   valid:
    weighted total loss      0.928299  0.960642
    energy MSE [eV²]         0.288393  0.381124
    force MSE [(eV/Å)²]      0.466419  0.425093
    energy mae [kcal/mol]          13.017701  14.784937
    energy R²                    N/A  0.468997
    forces mae [kcal/mol/Å]        14.435399  13.921116
    forces R²                    N/A  0.877174
    dipole mae [tgt units]   0.361836  0.345110
    dipole R²                    N/A  0.381191
    dipole MSE [tgt²]        0.167710  0.153102
    charge loss [e²]         0.005777  0.001322
    charge RMSE [e]          0.076007  0.036354
    LR scale:  1.000000, effective LR:  0.000400
epoch: 311                    train:   valid:
    weighted total loss      0.963703  0.788821
    energy MSE [eV²]         0.321436  0.210920
    force MSE [(eV/Å)²]      0.466566  0.423971
    energy mae [kcal/mol]          13.899585  11.568334
    energy R²                    N/A  0.720777
    forces mae [kcal/mol/Å]        14.449288  13.914810
    forces R²                    N/A  0.877511
    dipole mae [tgt units]   0.361804  0.344636
    dipole R²                    N/A  0.382324
    dipole MSE [tgt²]        0.167518  0.152860
    charge loss [e²]         0.008182  0.001069
    charge RMSE [e]          0.090453  0.032697
    LR scale:  1.000000, effective LR:  0.000400
epoch: 312                    train:   valid:
    weighted total loss      0.936561  0.777899
    energy MSE [eV²]         0.296954  0.203643
    force MSE [(eV/Å)²]      0.465842  0.419820
    energy mae [kcal/mol]          13.247828  11.012298
    energy R²                    N/A  0.730588
    forces mae [kcal/mol/Å]        14.423963  13.831028
    forces R²                    N/A  0.878707
    dipole mae [tgt units]   0.361533  0.346388
    dipole R²                    N/A  0.380301
    dipole MSE [tgt²]        0.167491  0.153341
    charge loss [e²]         0.006274  0.001095
    charge RMSE [e]          0.079210  0.033085
    LR scale:  1.000000, effective LR:  0.000400
    ✓ Best valid checkpoint: params-best-d0e9ce01-6fcd-4524-aa98-54861c901ec5.json (weighted loss=0.777899, epoch 312)
epoch: 313                    train:   valid:
    weighted total loss      0.937430  0.825126
    energy MSE [eV²]         0.297935  0.239070
    force MSE [(eV/Å)²]      0.464878  0.422536
    energy mae [kcal/mol]          13.261839  10.556425
    energy R²                    N/A  0.679037
    forces mae [kcal/mol/Å]        14.395378  13.914949
    forces R²                    N/A  0.877914
    dipole mae [tgt units]   0.361756  0.345865
    dipole R²                    N/A  0.381000
    dipole MSE [tgt²]        0.167484  0.153176
    charge loss [e²]         0.007132  0.010344
    charge RMSE [e]          0.084453  0.101706
    LR scale:  1.000000, effective LR:  0.000400
epoch: 314                    train:   valid:
    weighted total loss      0.905970  0.845859
    energy MSE [eV²]         0.272835  0.267114
    force MSE [(eV/Å)²]      0.463610  0.421830
    energy mae [kcal/mol]          12.599729  14.276837
    energy R²                    N/A  0.636999
    forces mae [kcal/mol/Å]        14.381550  13.888738
    forces R²                    N/A  0.878120
    dipole mae [tgt units]   0.361702  0.346620
    dipole R²                    N/A  0.380363
    dipole MSE [tgt²]        0.167621  0.153346
    charge loss [e²]         0.001905  0.003568
    charge RMSE [e]          0.043645  0.059734
    LR scale:  1.000000, effective LR:  0.000400
epoch: 315                    train:   valid:
    weighted total loss      0.964950  0.783136
    energy MSE [eV²]         0.323760  0.209782
    force MSE [(eV/Å)²]      0.465209  0.418853
    energy mae [kcal/mol]          13.945720  11.451696
    energy R²                    N/A  0.722646
    forces mae [kcal/mol/Å]        14.410557  13.794164
    forces R²                    N/A  0.879001
    dipole mae [tgt units]   0.361817  0.345689
    dipole R²                    N/A  0.380870
    dipole MSE [tgt²]        0.167626  0.153180
    charge loss [e²]         0.008356  0.001322
    charge RMSE [e]          0.091411  0.036364
    LR scale:  1.000000, effective LR:  0.000400
epoch: 316                    train:   valid:
    weighted total loss      0.915169  0.814733
    energy MSE [eV²]         0.281951  0.214817
    force MSE [(eV/Å)²]      0.462589  0.422868
    energy mae [kcal/mol]          12.846930  11.670014
    energy R²                    N/A  0.715348
    forces mae [kcal/mol/Å]        14.360144  13.869930
    forces R²                    N/A  0.877850
    dipole mae [tgt units]   0.361849  0.346484
    dipole R²                    N/A  0.381084
    dipole MSE [tgt²]        0.167650  0.153042
    charge loss [e²]         0.002979  0.024007
    charge RMSE [e]          0.054576  0.154940
    LR scale:  1.000000, effective LR:  0.000400
epoch: 317                    train:   valid:
    weighted total loss      0.930566  0.872782
    energy MSE [eV²]         0.291223  0.270039
    force MSE [(eV/Å)²]      0.463163  0.420628
    energy mae [kcal/mol]          13.054718  14.364541
    energy R²                    N/A  0.633325
    forces mae [kcal/mol/Å]        14.353565  13.842805
    forces R²                    N/A  0.878485
    dipole mae [tgt units]   0.361610  0.345463
    dipole R²                    N/A  0.381994
    dipole MSE [tgt²]        0.167688  0.152945
    charge loss [e²]         0.008493  0.029171
    charge RMSE [e]          0.092160  0.170794
    LR scale:  1.000000, effective LR:  0.000400
epoch: 318                    train:   valid:
    weighted total loss      0.954324  0.917230
    energy MSE [eV²]         0.318507  0.343762
    force MSE [(eV/Å)²]      0.462577  0.416942
    energy mae [kcal/mol]          13.889136  13.681355
    energy R²                    N/A  0.523353
    forces mae [kcal/mol/Å]        14.350957  13.772881
    forces R²                    N/A  0.879548
    dipole mae [tgt units]   0.361018  0.346664
    dipole R²                    N/A  0.379483
    dipole MSE [tgt²]        0.167366  0.153400
    charge loss [e²]         0.005873  0.003126
    charge RMSE [e]          0.076638  0.055914
    LR scale:  1.000000, effective LR:  0.000400
epoch: 319                    train:   valid:
    weighted total loss      0.902390  0.915500
    energy MSE [eV²]         0.270285  0.345115
    force MSE [(eV/Å)²]      0.461336  0.416370
    energy mae [kcal/mol]          12.456986  13.680256
    energy R²                    N/A  0.523629
    forces mae [kcal/mol/Å]        14.325188  13.734424
    forces R²                    N/A  0.879739
    dipole mae [tgt units]   0.361912  0.344897
    dipole R²                    N/A  0.382162
    dipole MSE [tgt²]        0.167700  0.152915
    charge loss [e²]         0.003069  0.001100
    charge RMSE [e]          0.055396  0.033170
    LR scale:  1.000000, effective LR:  0.000400
epoch: 320                    train:   valid:
    weighted total loss      0.913508  0.825852
    energy MSE [eV²]         0.280212  0.258053
    force MSE [(eV/Å)²]      0.460535  0.413656
    energy mae [kcal/mol]          12.733767  11.063671
    energy R²                    N/A  0.651266
    forces mae [kcal/mol/Å]        14.316508  13.699091
    forces R²                    N/A  0.880508
    dipole mae [tgt units]   0.361777  0.345288
    dipole R²                    N/A  0.381190
    dipole MSE [tgt²]        0.167603  0.153066
    charge loss [e²]         0.005157  0.001078
    charge RMSE [e]          0.071813  0.032835
    LR scale:  1.000000, effective LR:  0.000400
epoch: 321                    train:   valid:
    weighted total loss      0.953579  0.769839
    energy MSE [eV²]         0.312756  0.199945
    force MSE [(eV/Å)²]      0.460740  0.415649
    energy mae [kcal/mol]          13.779517  10.294223
    energy R²                    N/A  0.735771
    forces mae [kcal/mol/Å]        14.330487  13.724170
    forces R²                    N/A  0.879947
    dipole mae [tgt units]   0.361496  0.346696
    dipole R²                    N/A  0.380957
    dipole MSE [tgt²]        0.167544  0.153106
    charge loss [e²]         0.012539  0.001138
    charge RMSE [e]          0.111976  0.033741
    LR scale:  1.000000, effective LR:  0.000400
    ✓ Best valid checkpoint: params-best-d0e9ce01-6fcd-4524-aa98-54861c901ec5.json (weighted loss=0.769839, epoch 321)
epoch: 322                    train:   valid:
    weighted total loss      0.925007  0.788317
    energy MSE [eV²]         0.293305  0.209667
    force MSE [(eV/Å)²]      0.459335  0.413671
    energy mae [kcal/mol]          13.171564  11.499251
    energy R²                    N/A  0.722459
    forces mae [kcal/mol/Å]        14.289786  13.693246
    forces R²                    N/A  0.880514
    dipole mae [tgt units]   0.361203  0.347111
    dipole R²                    N/A  0.379603
    dipole MSE [tgt²]        0.167431  0.153607
    charge loss [e²]         0.004936  0.011373
    charge RMSE [e]          0.070258  0.106644
    LR scale:  1.000000, effective LR:  0.000400
epoch: 323                    train:   valid:
    weighted total loss      0.948515  0.925582
    energy MSE [eV²]         0.311343  0.354913
    force MSE [(eV/Å)²]      0.460047  0.415891
    energy mae [kcal/mol]          13.599519  17.257772
    energy R²                    N/A  0.506056
    forces mae [kcal/mol/Å]        14.305443  13.721548
    forces R²                    N/A  0.879853
    dipole mae [tgt units]   0.361005  0.345026
    dipole R²                    N/A  0.381642
    dipole MSE [tgt²]        0.167213  0.152975
    charge loss [e²]         0.009912  0.001804
    charge RMSE [e]          0.099558  0.042469
    LR scale:  1.000000, effective LR:  0.000400
epoch: 324                    train:   valid:
    weighted total loss      0.906514  0.778957
    energy MSE [eV²]         0.278798  0.210365
    force MSE [(eV/Å)²]      0.458250  0.414307
    energy mae [kcal/mol]          12.739224  10.011347
    energy R²                    N/A  0.719783
    forces mae [kcal/mol/Å]        14.266132  13.729530
    forces R²                    N/A  0.880317
    dipole mae [tgt units]   0.361499  0.344815
    dipole R²                    N/A  0.382411
    dipole MSE [tgt²]        0.167222  0.152827
    charge loss [e²]         0.002243  0.001457
    charge RMSE [e]          0.047364  0.038177
    LR scale:  1.000000, effective LR:  0.000400
epoch: 325                    train:   valid:
    weighted total loss      0.924942  0.780091
    energy MSE [eV²]         0.291134  0.210705
    force MSE [(eV/Å)²]      0.458661  0.414222
    energy mae [kcal/mol]          12.986746  10.032056
    energy R²                    N/A  0.722111
    forces mae [kcal/mol/Å]        14.283599  13.658847
    forces R²                    N/A  0.880364
    dipole mae [tgt units]   0.361767  0.346134
    dipole R²                    N/A  0.380274
    dipole MSE [tgt²]        0.167624  0.153289
    charge loss [e²]         0.007524  0.001876
    charge RMSE [e]          0.086741  0.043307
    LR scale:  1.000000, effective LR:  0.000400
epoch: 326                    train:   valid:
    weighted total loss      0.908253  0.796079
    energy MSE [eV²]         0.279190  0.231534
    force MSE [(eV/Å)²]      0.456971  0.410174
    energy mae [kcal/mol]          12.671370  12.771877
    energy R²                    N/A  0.688465
    forces mae [kcal/mol/Å]        14.238996  13.585814
    forces R²                    N/A  0.881539
    dipole mae [tgt units]   0.361577  0.345686
    dipole R²                    N/A  0.380470
    dipole MSE [tgt²]        0.167547  0.153259
    charge loss [e²]         0.004545  0.001111
    charge RMSE [e]          0.067416  0.033327
    LR scale:  1.000000, effective LR:  0.000400
epoch: 327                    train:   valid:
    weighted total loss      0.914750  0.774369
    energy MSE [eV²]         0.287525  0.208745
    force MSE [(eV/Å)²]      0.455671  0.411164
    energy mae [kcal/mol]          12.952017  11.574800
    energy R²                    N/A  0.721773
    forces mae [kcal/mol/Å]        14.222713  13.682861
    forces R²                    N/A  0.881220
    dipole mae [tgt units]   0.361715  0.346161
    dipole R²                    N/A  0.379978
    dipole MSE [tgt²]        0.167534  0.153321
    charge loss [e²]         0.004020  0.001140
    charge RMSE [e]          0.063405  0.033758
    LR scale:  1.000000, effective LR:  0.000400
epoch: 328                    train:   valid:
    weighted total loss      0.900611  0.762111
    energy MSE [eV²]         0.275031  0.200002
    force MSE [(eV/Å)²]      0.455462  0.407932
    energy mae [kcal/mol]          12.612347  10.802771
    energy R²                    N/A  0.735417
    forces mae [kcal/mol/Å]        14.220113  13.577619
    forces R²                    N/A  0.882174
    dipole mae [tgt units]   0.361328  0.344871
    dipole R²                    N/A  0.381691
    dipole MSE [tgt²]        0.167463  0.152996
    charge loss [e²]         0.002656  0.001181
    charge RMSE [e]          0.051536  0.034371
    LR scale:  1.000000, effective LR:  0.000400
    ✓ Best valid checkpoint: params-best-d0e9ce01-6fcd-4524-aa98-54861c901ec5.json (weighted loss=0.762111, epoch 328)
epoch: 329                    train:   valid:
    weighted total loss      0.887588  0.764030
    energy MSE [eV²]         0.259721  0.198205
    force MSE [(eV/Å)²]      0.453275  0.409324
    energy mae [kcal/mol]          12.127360  10.203408
    energy R²                    N/A  0.738337
    forces mae [kcal/mol/Å]        14.183521  13.633054
    forces R²                    N/A  0.881776
    dipole mae [tgt units]   0.360913  0.346891
    dipole R²                    N/A  0.379394
    dipole MSE [tgt²]        0.167133  0.153409
    charge loss [e²]         0.007459  0.003091
    charge RMSE [e]          0.086364  0.055595
    LR scale:  1.000000, effective LR:  0.000400
epoch: 330                    train:   valid:
    weighted total loss      0.924220  0.762242
    energy MSE [eV²]         0.295170  0.196489
    force MSE [(eV/Å)²]      0.453571  0.411350
    energy mae [kcal/mol]          13.215232  10.614408
    energy R²                    N/A  0.740264
    forces mae [kcal/mol/Å]        14.178729  13.690001
    forces R²                    N/A  0.881175
    dipole mae [tgt units]   0.362110  0.345860
    dipole R²                    N/A  0.380834
    dipole MSE [tgt²]        0.167630  0.153233
    charge loss [e²]         0.007850  0.001170
    charge RMSE [e]          0.088600  0.034205
    LR scale:  1.000000, effective LR:  0.000400
epoch: 331                    train:   valid:
    weighted total loss      0.911673  0.930550
    energy MSE [eV²]         0.283920  0.367582
    force MSE [(eV/Å)²]      0.454014  0.407652
    energy mae [kcal/mol]          12.931398  17.626087
    energy R²                    N/A  0.487320
    forces mae [kcal/mol/Å]        14.185811  13.629181
    forces R²                    N/A  0.882244
    dipole mae [tgt units]   0.361921  0.349217
    dipole R²                    N/A  0.377795
    dipole MSE [tgt²]        0.167704  0.153996
    charge loss [e²]         0.006035  0.001320
    charge RMSE [e]          0.077683  0.036334
    LR scale:  1.000000, effective LR:  0.000400
epoch: 332                    train:   valid:
    weighted total loss      0.906494  0.791737
    energy MSE [eV²]         0.281892  0.228270
    force MSE [(eV/Å)²]      0.451961  0.409240
    energy mae [kcal/mol]          12.750958  10.197583
    energy R²                    N/A  0.695353
    forces mae [kcal/mol/Å]        14.139138  13.581820
    forces R²                    N/A  0.881823
    dipole mae [tgt units]   0.361845  0.344354
    dipole R²                    N/A  0.382387
    dipole MSE [tgt²]        0.167614  0.152835
    charge loss [e²]         0.005027  0.001392
    charge RMSE [e]          0.070900  0.037306
    LR scale:  1.000000, effective LR:  0.000400
epoch: 333                    train:   valid:
    weighted total loss      0.922918  0.758881
    energy MSE [eV²]         0.295720  0.198842
    force MSE [(eV/Å)²]      0.451839  0.404887
    energy mae [kcal/mol]          13.126137  9.994841
    energy R²                    N/A  0.738357
    forces mae [kcal/mol/Å]        14.145150  13.490286
    forces R²                    N/A  0.883078
    dipole mae [tgt units]   0.361391  0.345662
    dipole R²                    N/A  0.380724
    dipole MSE [tgt²]        0.167449  0.153110
    charge loss [e²]         0.007910  0.002042
    charge RMSE [e]          0.088935  0.045188
    LR scale:  1.000000, effective LR:  0.000400
    ✓ Best valid checkpoint: params-best-d0e9ce01-6fcd-4524-aa98-54861c901ec5.json (weighted loss=0.758881, epoch 333)
epoch: 334                    train:   valid:
    weighted total loss      0.886632  0.920620
    energy MSE [eV²]         0.266600  0.353907
    force MSE [(eV/Å)²]      0.450570  0.412454
    energy mae [kcal/mol]          12.340713  17.196241
    energy R²                    N/A  0.506531
    forces mae [kcal/mol/Å]        14.103759  13.645155
    forces R²                    N/A  0.880891
    dipole mae [tgt units]   0.360981  0.345244
    dipole R²                    N/A  0.382234
    dipole MSE [tgt²]        0.167254  0.152866
    charge loss [e²]         0.002209  0.001393
    charge RMSE [e]          0.047004  0.037323
    LR scale:  1.000000, effective LR:  0.000400
epoch: 335                    train:   valid:
    weighted total loss      0.901181  0.770447
    energy MSE [eV²]         0.278373  0.207752
    force MSE [(eV/Å)²]      0.450599  0.407389
    energy mae [kcal/mol]          12.671837  11.270406
    energy R²                    N/A  0.726740
    forces mae [kcal/mol/Å]        14.113815  13.529725
    forces R²                    N/A  0.882339
    dipole mae [tgt units]   0.362333  0.345647
    dipole R²                    N/A  0.380675
    dipole MSE [tgt²]        0.167839  0.153275
    charge loss [e²]         0.004370  0.002030
    charge RMSE [e]          0.066108  0.045060
    LR scale:  1.000000, effective LR:  0.000400
epoch: 336                    train:   valid:
    weighted total loss      0.903603  0.841200
    energy MSE [eV²]         0.279683  0.283370
    force MSE [(eV/Å)²]      0.449196  0.403521
    energy mae [kcal/mol]          12.701059  14.933286
    energy R²                    N/A  0.612211
    forces mae [kcal/mol/Å]        14.087731  13.513786
    forces R²                    N/A  0.883466
    dipole mae [tgt units]   0.361606  0.345069
    dipole R²                    N/A  0.381701
    dipole MSE [tgt²]        0.167635  0.153023
    charge loss [e²]         0.007088  0.001286
    charge RMSE [e]          0.084190  0.035865
    LR scale:  1.000000, effective LR:  0.000400
epoch: 337                    train:   valid:
    weighted total loss      0.916941  0.798575
    energy MSE [eV²]         0.292608  0.234214
    force MSE [(eV/Å)²]      0.449322  0.407049
    energy mae [kcal/mol]          13.150242  10.398611
    energy R²                    N/A  0.687147
    forces mae [kcal/mol/Å]        14.087769  13.619420
    forces R²                    N/A  0.882452
    dipole mae [tgt units]   0.362033  0.348893
    dipole R²                    N/A  0.379210
    dipole MSE [tgt²]        0.167640  0.153709
    charge loss [e²]         0.007372  0.003602
    charge RMSE [e]          0.085860  0.060020
    LR scale:  1.000000, effective LR:  0.000400
epoch: 338                    train:   valid:
    weighted total loss      0.907834  0.926132
    energy MSE [eV²]         0.286750  0.366118
    force MSE [(eV/Å)²]      0.448258  0.404880
    energy mae [kcal/mol]          12.846096  14.381662
    energy R²                    N/A  0.490773
    forces mae [kcal/mol/Å]        14.076014  13.558392
    forces R²                    N/A  0.883054
    dipole mae [tgt units]   0.361589  0.345443
    dipole R²                    N/A  0.381295
    dipole MSE [tgt²]        0.167600  0.153083
    charge loss [e²]         0.005226  0.002051
    charge RMSE [e]          0.072291  0.045283
    LR scale:  1.000000, effective LR:  0.000400
epoch: 339                    train:   valid:
    weighted total loss      0.913666  0.777034
    energy MSE [eV²]         0.293123  0.217150
    force MSE [(eV/Å)²]      0.449001  0.402375
    energy mae [kcal/mol]          13.171155  12.111694
    energy R²                    N/A  0.710870
    forces mae [kcal/mol/Å]        14.082756  13.422030
    forces R²                    N/A  0.883809
    dipole mae [tgt units]   0.360921  0.344257
    dipole R²                    N/A  0.381997
    dipole MSE [tgt²]        0.167306  0.152926
    charge loss [e²]         0.004236  0.004583
    charge RMSE [e]          0.065088  0.067699
    LR scale:  1.000000, effective LR:  0.000400
epoch: 340                    train:   valid:
    weighted total loss      0.909728  0.806854
    energy MSE [eV²]         0.290817  0.212675
    force MSE [(eV/Å)²]      0.447735  0.403948
    energy mae [kcal/mol]          13.131330  11.797762
    energy R²                    N/A  0.718111
    forces mae [kcal/mol/Å]        14.051414  13.474909
    forces R²                    N/A  0.883366
    dipole mae [tgt units]   0.360866  0.344821
    dipole R²                    N/A  0.382641
    dipole MSE [tgt²]        0.166838  0.152806
    charge loss [e²]         0.004339  0.037426
    charge RMSE [e]          0.065868  0.193457
    LR scale:  1.000000, effective LR:  0.000400
epoch: 341                    train:   valid:
    weighted total loss      0.936089  0.824609
    energy MSE [eV²]         0.311193  0.268696
    force MSE [(eV/Å)²]      0.448498  0.401805
    energy mae [kcal/mol]          13.564000  11.301720
    energy R²                    N/A  0.635708
    forces mae [kcal/mol/Å]        14.062886  13.433562
    forces R²                    N/A  0.883978
    dipole mae [tgt units]   0.361742  0.345233
    dipole R²                    N/A  0.382617
    dipole MSE [tgt²]        0.167658  0.152807
    charge loss [e²]         0.008740  0.001301
    charge RMSE [e]          0.093488  0.036070
    LR scale:  1.000000, effective LR:  0.000400
epoch: 342                    train:   valid:
    weighted total loss      0.895773  0.786070
    energy MSE [eV²]         0.280870  0.228150
    force MSE [(eV/Å)²]      0.445818  0.403222
    energy mae [kcal/mol]          12.815799  12.758080
    energy R²                    N/A  0.692109
    forces mae [kcal/mol/Å]        14.009774  13.562010
    forces R²                    N/A  0.883529
    dipole mae [tgt units]   0.361118  0.345520
    dipole R²                    N/A  0.381863
    dipole MSE [tgt²]        0.167273  0.153000
    charge loss [e²]         0.001812  0.001698
    charge RMSE [e]          0.042566  0.041207
    LR scale:  1.000000, effective LR:  0.000400
epoch: 343                    train:   valid:
    weighted total loss      0.893603  0.757662
    energy MSE [eV²]         0.273172  0.201543
    force MSE [(eV/Å)²]      0.446190  0.400801
    energy mae [kcal/mol]          12.628108  11.065636
    energy R²                    N/A  0.732738
    forces mae [kcal/mol/Å]        14.009334  13.422793
    forces R²                    N/A  0.884252
    dipole mae [tgt units]   0.361236  0.347866
    dipole R²                    N/A  0.378280
    dipole MSE [tgt²]        0.167517  0.153757
    charge loss [e²]         0.006723  0.001562
    charge RMSE [e]          0.081996  0.039521
    LR scale:  1.000000, effective LR:  0.000400
    ✓ Best valid checkpoint: params-best-d0e9ce01-6fcd-4524-aa98-54861c901ec5.json (weighted loss=0.757662, epoch 343)
epoch: 344                    train:   valid:
    weighted total loss      0.937418  0.845536
    energy MSE [eV²]         0.313013  0.290891
    force MSE [(eV/Å)²]      0.446920  0.400328
    energy mae [kcal/mol]          13.696312  15.247602
    energy R²                    N/A  0.601442
    forces mae [kcal/mol/Å]        14.044657  13.361836
    forces R²                    N/A  0.884421
    dipole mae [tgt units]   0.361467  0.345956
    dipole R²                    N/A  0.381811
    dipole MSE [tgt²]        0.167105  0.152994
    charge loss [e²]         0.010380  0.001323
    charge RMSE [e]          0.101882  0.036373
    LR scale:  1.000000, effective LR:  0.000400
epoch: 345                    train:   valid:
    weighted total loss      0.898848  0.756441
    energy MSE [eV²]         0.282481  0.201653
    force MSE [(eV/Å)²]      0.444893  0.400500
    energy mae [kcal/mol]          13.000044  11.155747
    energy R²                    N/A  0.732080
    forces mae [kcal/mol/Å]        13.982217  13.418202
    forces R²                    N/A  0.884353
    dipole mae [tgt units]   0.361083  0.344364
    dipole R²                    N/A  0.382217
    dipole MSE [tgt²]        0.167490  0.152831
    charge loss [e²]         0.003984  0.001457
    charge RMSE [e]          0.063117  0.038176
    LR scale:  1.000000, effective LR:  0.000400
    ✓ Best valid checkpoint: params-best-d0e9ce01-6fcd-4524-aa98-54861c901ec5.json (weighted loss=0.756441, epoch 345)
epoch: 346                    train:   valid:
    weighted total loss      0.912040  0.765043
    energy MSE [eV²]         0.295428  0.209689
    force MSE [(eV/Å)²]      0.444771  0.400673
    energy mae [kcal/mol]          13.097888  11.562479
    energy R²                    N/A  0.722441
    forces mae [kcal/mol/Å]        13.984983  13.459919
    forces R²                    N/A  0.884290
    dipole mae [tgt units]   0.361297  0.344906
    dipole R²                    N/A  0.381128
    dipole MSE [tgt²]        0.167407  0.153027
    charge loss [e²]         0.004433  0.001654
    charge RMSE [e]          0.066584  0.040666
    LR scale:  1.000000, effective LR:  0.000400
epoch: 347                    train:   valid:
    weighted total loss      0.882953  0.747703
    energy MSE [eV²]         0.270124  0.196285
    force MSE [(eV/Å)²]      0.443122  0.396808
    energy mae [kcal/mol]          12.474569  10.303491
    energy R²                    N/A  0.742076
    forces mae [kcal/mol/Å]        13.955511  13.297682
    forces R²                    N/A  0.885445
    dipole mae [tgt units]   0.361041  0.344871
    dipole R²                    N/A  0.382682
    dipole MSE [tgt²]        0.167322  0.152785
    charge loss [e²]         0.002385  0.001825
    charge RMSE [e]          0.048832  0.042725
    LR scale:  1.000000, effective LR:  0.000400
    ✓ Best valid checkpoint: params-best-d0e9ce01-6fcd-4524-aa98-54861c901ec5.json (weighted loss=0.747703, epoch 347)
epoch: 348                    train:   valid:
    weighted total loss      0.910540  0.785211
    energy MSE [eV²]         0.293432  0.233839
    force MSE [(eV/Å)²]      0.442784  0.396546
    energy mae [kcal/mol]          13.084660  10.300067
    energy R²                    N/A  0.685656
    forces mae [kcal/mol/Å]        13.950283  13.332777
    forces R²                    N/A  0.885488
    dipole mae [tgt units]   0.360953  0.345210
    dipole R²                    N/A  0.380944
    dipole MSE [tgt²]        0.167067  0.153041
    charge loss [e²]         0.007257  0.001785
    charge RMSE [e]          0.085187  0.042252
    LR scale:  1.000000, effective LR:  0.000400
epoch: 349                    train:   valid:
    weighted total loss      0.903415  0.755212
    energy MSE [eV²]         0.287279  0.200939
    force MSE [(eV/Å)²]      0.442419  0.398999
    energy mae [kcal/mol]          13.027014  10.147779
    energy R²                    N/A  0.734203
    forces mae [kcal/mol/Å]        13.938529  13.363438
    forces R²                    N/A  0.884815
    dipole mae [tgt units]   0.361616  0.349851
    dipole R²                    N/A  0.377238
    dipole MSE [tgt²]        0.167320  0.153943
    charge loss [e²]         0.006397  0.001331
    charge RMSE [e]          0.079982  0.036478
    LR scale:  1.000000, effective LR:  0.000400
epoch: 350                    train:   valid:
    weighted total loss      0.889642  0.783000
    energy MSE [eV²]         0.277726  0.229997
    force MSE [(eV/Å)²]      0.441544  0.399098
    energy mae [kcal/mol]          12.699954  10.288231
    energy R²                    N/A  0.690328
    forces mae [kcal/mol/Å]        13.939643  13.414734
    forces R²                    N/A  0.884751
    dipole mae [tgt units]   0.360987  0.344071
    dipole R²                    N/A  0.382979
    dipole MSE [tgt²]        0.167286  0.152613
    charge loss [e²]         0.003085  0.001291
    charge RMSE [e]          0.055540  0.035932
    LR scale:  1.000000, effective LR:  0.000400
epoch: 351                    train:   valid:
    weighted total loss      0.915097  0.760706
    energy MSE [eV²]         0.300051  0.210458
    force MSE [(eV/Å)²]      0.441745  0.396150
    energy mae [kcal/mol]          13.481988  9.792046
    energy R²                    N/A  0.721622
    forces mae [kcal/mol/Å]        13.933838  13.276258
    forces R²                    N/A  0.885648
    dipole mae [tgt units]   0.360843  0.344855
    dipole R²                    N/A  0.382473
    dipole MSE [tgt²]        0.166821  0.152853
    charge loss [e²]         0.006479  0.001245
    charge RMSE [e]          0.080493  0.035291
    LR scale:  1.000000, effective LR:  0.000400
epoch: 352                    train:   valid:
    weighted total loss      0.904415  0.744053
    energy MSE [eV²]         0.288153  0.192393
    force MSE [(eV/Å)²]      0.441150  0.397373
    energy mae [kcal/mol]          13.009995  10.265771
    energy R²                    N/A  0.745201
    forces mae [kcal/mol/Å]        13.912192  13.376181
    forces R²                    N/A  0.885253
    dipole mae [tgt units]   0.360702  0.344303
    dipole R²                    N/A  0.381718
    dipole MSE [tgt²]        0.167356  0.152902
    charge loss [e²]         0.007755  0.001385
    charge RMSE [e]          0.088063  0.037212
    LR scale:  1.000000, effective LR:  0.000400
    ✓ Best valid checkpoint: params-best-d0e9ce01-6fcd-4524-aa98-54861c901ec5.json (weighted loss=0.744053, epoch 352)
epoch: 353                    train:   valid:
    weighted total loss      0.884752  0.751745
    energy MSE [eV²]         0.275172  0.201807
    force MSE [(eV/Å)²]      0.440378  0.394181
    energy mae [kcal/mol]          12.605431  11.298100
    energy R²                    N/A  0.732039
    forces mae [kcal/mol/Å]        13.905951  13.313787
    forces R²                    N/A  0.886175
    dipole mae [tgt units]   0.361603  0.348478
    dipole R²                    N/A  0.378638
    dipole MSE [tgt²]        0.167474  0.153738
    charge loss [e²]         0.001728  0.002019
    charge RMSE [e]          0.041573  0.044938
    LR scale:  1.000000, effective LR:  0.000400
epoch: 354                    train:   valid:
    weighted total loss      0.917392  0.770624
    energy MSE [eV²]         0.301278  0.217691
    force MSE [(eV/Å)²]      0.440515  0.395556
    energy mae [kcal/mol]          13.338679  12.221880
    energy R²                    N/A  0.708237
    forces mae [kcal/mol/Å]        13.910163  13.303034
    forces R²                    N/A  0.885792
    dipole mae [tgt units]   0.361090  0.348846
    dipole R²                    N/A  0.377988
    dipole MSE [tgt²]        0.167297  0.153893
    charge loss [e²]         0.008302  0.003485
    charge RMSE [e]          0.091113  0.059032
    LR scale:  1.000000, effective LR:  0.000400
epoch: 355                    train:   valid:
    weighted total loss      0.895291  0.740902
    energy MSE [eV²]         0.282656  0.191417
    force MSE [(eV/Å)²]      0.438852  0.394920
    energy mae [kcal/mol]          12.821493  10.399024
    energy R²                    N/A  0.746587
    forces mae [kcal/mol/Å]        13.871856  13.311081
    forces R²                    N/A  0.885969
    dipole mae [tgt units]   0.360717  0.346285
    dipole R²                    N/A  0.380409
    dipole MSE [tgt²]        0.166948  0.153329
    charge loss [e²]         0.006835  0.001236
    charge RMSE [e]          0.082676  0.035157
    LR scale:  1.000000, effective LR:  0.000400
    ✓ Best valid checkpoint: params-best-d0e9ce01-6fcd-4524-aa98-54861c901ec5.json (weighted loss=0.740902, epoch 355)
epoch: 356                    train:   valid:
    weighted total loss      0.875269  0.750373
    energy MSE [eV²]         0.264416  0.204425
    force MSE [(eV/Å)²]      0.437400  0.391577
    energy mae [kcal/mol]          12.309290  11.286490
    energy R²                    N/A  0.729052
    forces mae [kcal/mol/Å]        13.854299  13.184904
    forces R²                    N/A  0.886971
    dipole mae [tgt units]   0.360594  0.343604
    dipole R²                    N/A  0.382841
    dipole MSE [tgt²]        0.167069  0.152733
    charge loss [e²]         0.006385  0.001638
    charge RMSE [e]          0.079908  0.040467
    LR scale:  1.000000, effective LR:  0.000400
epoch: 357                    train:   valid:
    weighted total loss      0.866180  0.803450
    energy MSE [eV²]         0.258447  0.252386
    force MSE [(eV/Å)²]      0.436910  0.396865
    energy mae [kcal/mol]          12.167500  10.729549
    energy R²                    N/A  0.661928
    forces mae [kcal/mol/Å]        13.824208  13.349555
    forces R²                    N/A  0.885414
    dipole mae [tgt units]   0.361095  0.344841
    dipole R²                    N/A  0.382674
    dipole MSE [tgt²]        0.167324  0.152799
    charge loss [e²]         0.003498  0.001400
    charge RMSE [e]          0.059144  0.037418
    LR scale:  1.000000, effective LR:  0.000400
epoch: 358                    train:   valid:
    weighted total loss      0.882532  0.747425
    energy MSE [eV²]         0.270231  0.199426
    force MSE [(eV/Å)²]      0.436607  0.393498
    energy mae [kcal/mol]          12.455647  10.289588
    energy R²                    N/A  0.736324
    forces mae [kcal/mol/Å]        13.822039  13.251489
    forces R²                    N/A  0.886410
    dipole mae [tgt units]   0.361417  0.344442
    dipole R²                    N/A  0.381389
    dipole MSE [tgt²]        0.167192  0.153004
    charge loss [e²]         0.008503  0.001496
    charge RMSE [e]          0.092209  0.038684
    LR scale:  1.000000, effective LR:  0.000400
epoch: 359                    train:   valid:
    weighted total loss      0.893445  0.797875
    energy MSE [eV²]         0.283723  0.249685
    force MSE [(eV/Å)²]      0.436226  0.394064
    energy mae [kcal/mol]          12.961161  10.802934
    energy R²                    N/A  0.660336
    forces mae [kcal/mol/Å]        13.829064  13.262272
    forces R²                    N/A  0.886219
    dipole mae [tgt units]   0.360805  0.344828
    dipole R²                    N/A  0.381366
    dipole MSE [tgt²]        0.167119  0.152922
    charge loss [e²]         0.006376  0.001205
    charge RMSE [e]          0.079852  0.034707
    LR scale:  1.000000, effective LR:  0.000400
epoch: 360                    train:   valid:
    weighted total loss      0.881216  0.737083
    energy MSE [eV²]         0.276087  0.193628
    force MSE [(eV/Å)²]      0.434636  0.388310
    energy mae [kcal/mol]          12.740448  9.915158
    energy R²                    N/A  0.744484
    forces mae [kcal/mol/Å]        13.779595  13.168915
    forces R²                    N/A  0.887890
    dipole mae [tgt units]   0.360614  0.346352
    dipole R²                    N/A  0.381103
    dipole MSE [tgt²]        0.167387  0.153144
    charge loss [e²]         0.003106  0.002001
    charge RMSE [e]          0.055727  0.044736
    LR scale:  1.000000, effective LR:  0.000400
    ✓ Best valid checkpoint: params-best-d0e9ce01-6fcd-4524-aa98-54861c901ec5.json (weighted loss=0.737083, epoch 360)
epoch: 361                    train:   valid:
    weighted total loss      0.873668  0.741634
    energy MSE [eV²]         0.268180  0.198370
    force MSE [(eV/Å)²]      0.434107  0.388058
    energy mae [kcal/mol]          12.473828  11.015077
    energy R²                    N/A  0.737240
    forces mae [kcal/mol/Å]        13.761046  13.118567
    forces R²                    N/A  0.887989
    dipole mae [tgt units]   0.360779  0.345269
    dipole R²                    N/A  0.380542
    dipole MSE [tgt²]        0.167220  0.153182
    charge loss [e²]         0.004162  0.002024
    charge RMSE [e]          0.064512  0.044988
    LR scale:  1.000000, effective LR:  0.000400
epoch: 362                    train:   valid:
    weighted total loss      0.895410  0.842168
    energy MSE [eV²]         0.285647  0.298365
    force MSE [(eV/Å)²]      0.434820  0.389764
    energy mae [kcal/mol]          12.939523  12.139795
    energy R²                    N/A  0.593079
    forces mae [kcal/mol/Å]        13.790573  13.159377
    forces R²                    N/A  0.887487
    dipole mae [tgt units]   0.360781  0.343316
    dipole R²                    N/A  0.382847
    dipole MSE [tgt²]        0.167201  0.152697
    charge loss [e²]         0.007742  0.001341
    charge RMSE [e]          0.087989  0.036621
    LR scale:  1.000000, effective LR:  0.000400
epoch: 363                    train:   valid:
    weighted total loss      0.940102  0.741381
    energy MSE [eV²]         0.326790  0.192236
    force MSE [(eV/Å)²]      0.434655  0.394395
    energy mae [kcal/mol]          14.096462  10.032512
    energy R²                    N/A  0.745734
    forces mae [kcal/mol/Å]        13.784492  13.356972
    forces R²                    N/A  0.886087
    dipole mae [tgt units]   0.360815  0.346451
    dipole R²                    N/A  0.379214
    dipole MSE [tgt²]        0.167068  0.153481
    charge loss [e²]         0.011589  0.001269
    charge RMSE [e]          0.107654  0.035618
    LR scale:  1.000000, effective LR:  0.000400
epoch: 364                    train:   valid:
    weighted total loss      0.899090  0.768185
    energy MSE [eV²]         0.296101  0.222140
    force MSE [(eV/Å)²]      0.433608  0.391034
    energy mae [kcal/mol]          13.184879  12.590671
    energy R²                    N/A  0.702977
    forces mae [kcal/mol/Å]        13.750322  13.188607
    forces R²                    N/A  0.887105
    dipole mae [tgt units]   0.360705  0.343924
    dipole R²                    N/A  0.383092
    dipole MSE [tgt²]        0.167308  0.152612
    charge loss [e²]         0.002072  0.002399
    charge RMSE [e]          0.045522  0.048982
    LR scale:  1.000000, effective LR:  0.000400
epoch: 365                    train:   valid:
    weighted total loss      0.869586  0.746271
    energy MSE [eV²]         0.267966  0.194136
    force MSE [(eV/Å)²]      0.432584  0.397658
    energy mae [kcal/mol]          12.443389  10.684066
    energy R²                    N/A  0.740603
    forces mae [kcal/mol/Å]        13.723749  13.513142
    forces R²                    N/A  0.885125
    dipole mae [tgt units]   0.360124  0.346605
    dipole R²                    N/A  0.380687
    dipole MSE [tgt²]        0.167030  0.153188
    charge loss [e²]         0.002005  0.001289
    charge RMSE [e]          0.044778  0.035901
    LR scale:  1.000000, effective LR:  0.000400
epoch: 366                    train:   valid:
    weighted total loss      0.869892  0.852997
    energy MSE [eV²]         0.268775  0.312749
    force MSE [(eV/Å)²]      0.430963  0.385805
    energy mae [kcal/mol]          12.400962  12.601770
    energy R²                    N/A  0.569469
    forces mae [kcal/mol/Å]        13.711235  13.084677
    forces R²                    N/A  0.888641
    dipole mae [tgt units]   0.361181  0.344290
    dipole R²                    N/A  0.382970
    dipole MSE [tgt²]        0.166864  0.152690
    charge loss [e²]         0.003290  0.001753
    charge RMSE [e]          0.057359  0.041873
    LR scale:  1.000000, effective LR:  0.000400
epoch: 367                    train:   valid:
    weighted total loss      0.905065  0.751181
    energy MSE [eV²]         0.294061  0.205030
    force MSE [(eV/Å)²]      0.433010  0.389056
    energy mae [kcal/mol]          13.159552  9.699441
    energy R²                    N/A  0.728992
    forces mae [kcal/mol/Å]        13.756168  13.152790
    forces R²                    N/A  0.887692
    dipole mae [tgt units]   0.360840  0.344714
    dipole R²                    N/A  0.382865
    dipole MSE [tgt²]        0.167116  0.152775
    charge loss [e²]         0.010878  0.004320
    charge RMSE [e]          0.104300  0.065727
    LR scale:  1.000000, effective LR:  0.000400
epoch: 368                    train:   valid:
    weighted total loss      0.886847  0.733259
    energy MSE [eV²]         0.282305  0.191365
    force MSE [(eV/Å)²]      0.430574  0.386796
    energy mae [kcal/mol]          12.868775  10.320069
    energy R²                    N/A  0.746267
    forces mae [kcal/mol/Å]        13.711924  13.129889
    forces R²                    N/A  0.888333
    dipole mae [tgt units]   0.360644  0.348833
    dipole R²                    N/A  0.378333
    dipole MSE [tgt²]        0.166980  0.153806
    charge loss [e²]         0.006988  0.001291
    charge RMSE [e]          0.083593  0.035927
    LR scale:  1.000000, effective LR:  0.000400
    ✓ Best valid checkpoint: params-best-d0e9ce01-6fcd-4524-aa98-54861c901ec5.json (weighted loss=0.733259, epoch 368)
epoch: 369                    train:   valid:
    weighted total loss      0.858258  0.731297
    energy MSE [eV²]         0.259171  0.189741
    force MSE [(eV/Å)²]      0.429960  0.386956
    energy mae [kcal/mol]          12.179967  9.941558
    energy R²                    N/A  0.747897
    forces mae [kcal/mol/Å]        13.678694  13.128824
    forces R²                    N/A  0.888296
    dipole mae [tgt units]   0.360377  0.347010
    dipole R²                    N/A  0.379229
    dipole MSE [tgt²]        0.167146  0.153335
    charge loss [e²]         0.001980  0.001266
    charge RMSE [e]          0.044502  0.035578
    LR scale:  1.000000, effective LR:  0.000400
    ✓ Best valid checkpoint: params-best-d0e9ce01-6fcd-4524-aa98-54861c901ec5.json (weighted loss=0.731297, epoch 369)
epoch: 370                    train:   valid:
    weighted total loss      0.883821  0.733111
    energy MSE [eV²]         0.279452  0.193253
    force MSE [(eV/Å)²]      0.429635  0.385122
    energy mae [kcal/mol]          12.738237  10.759182
    energy R²                    N/A  0.742974
    forces mae [kcal/mol/Å]        13.678987  13.090899
    forces R²                    N/A  0.888808
    dipole mae [tgt units]   0.361035  0.347881
    dipole R²                    N/A  0.379089
    dipole MSE [tgt²]        0.167240  0.153452
    charge loss [e²]         0.007495  0.001284
    charge RMSE [e]          0.086571  0.035840
    LR scale:  1.000000, effective LR:  0.000400
epoch: 371                    train:   valid:
    weighted total loss      0.878786  0.878342
    energy MSE [eV²]         0.274981  0.335243
    force MSE [(eV/Å)²]      0.428506  0.388244
    energy mae [kcal/mol]          12.731687  16.736507
    energy R²                    N/A  0.531664
    forces mae [kcal/mol/Å]        13.656156  13.117696
    forces R²                    N/A  0.887939
    dipole mae [tgt units]   0.360888  0.346172
    dipole R²                    N/A  0.380920
    dipole MSE [tgt²]        0.167135  0.153054
    charge loss [e²]         0.008163  0.001800
    charge RMSE [e]          0.090351  0.042432
    LR scale:  1.000000, effective LR:  0.000400
epoch: 372                    train:   valid:
    weighted total loss      0.870548  0.747334
    energy MSE [eV²]         0.270960  0.196070
    force MSE [(eV/Å)²]      0.427106  0.385723
    energy mae [kcal/mol]          12.465062  10.462405
    energy R²                    N/A  0.740872
    forces mae [kcal/mol/Å]        13.617557  13.090501
    forces R²                    N/A  0.888674
    dipole mae [tgt units]   0.360498  0.344077
    dipole R²                    N/A  0.381206
    dipole MSE [tgt²]        0.167046  0.153028
    charge loss [e²]         0.005435  0.012513
    charge RMSE [e]          0.073724  0.111862
    LR scale:  1.000000, effective LR:  0.000400
epoch: 373                    train:   valid:
    weighted total loss      0.864454  0.751841
    energy MSE [eV²]         0.267372  0.209892
    force MSE [(eV/Å)²]      0.427164  0.386801
    energy mae [kcal/mol]          12.454600  9.746765
    energy R²                    N/A  0.720775
    forces mae [kcal/mol/Å]        13.631182  13.089067
    forces R²                    N/A  0.888342
    dipole mae [tgt units]   0.360745  0.344568
    dipole R²                    N/A  0.381921
    dipole MSE [tgt²]        0.166933  0.152897
    charge loss [e²]         0.002984  0.002252
    charge RMSE [e]          0.054630  0.047451
    LR scale:  1.000000, effective LR:  0.000400
epoch: 374                    train:   valid:
    weighted total loss      0.906275  0.772549
    energy MSE [eV²]         0.304201  0.223276
    force MSE [(eV/Å)²]      0.428530  0.384046
    energy mae [kcal/mol]          13.498720  12.597679
    energy R²                    N/A  0.700129
    forces mae [kcal/mol/Å]        13.654972  13.083469
    forces R²                    N/A  0.889142
    dipole mae [tgt units]   0.360543  0.343602
    dipole R²                    N/A  0.383199
    dipole MSE [tgt²]        0.166960  0.152521
    charge loss [e²]         0.006583  0.012705
    charge RMSE [e]          0.081138  0.112718
    LR scale:  1.000000, effective LR:  0.000400
epoch: 375                    train:   valid:
    weighted total loss      0.877720  0.797462
    energy MSE [eV²]         0.279272  0.222874
    force MSE [(eV/Å)²]      0.425080  0.387737
    energy mae [kcal/mol]          12.722682  10.064575
    energy R²                    N/A  0.703561
    forces mae [kcal/mol/Å]        13.588520  13.144817
    forces R²                    N/A  0.888093
    dipole mae [tgt units]   0.360328  0.343437
    dipole R²                    N/A  0.382955
    dipole MSE [tgt²]        0.166814  0.152638
    charge loss [e²]         0.006554  0.034213
    charge RMSE [e]          0.080957  0.184966
    LR scale:  1.000000, effective LR:  0.000400
epoch: 376                    train:   valid:
    weighted total loss      0.879541  0.731535
    energy MSE [eV²]         0.277955  0.192053
    force MSE [(eV/Å)²]      0.426492  0.381399
    energy mae [kcal/mol]          12.795786  9.647655
    energy R²                    N/A  0.745748
    forces mae [kcal/mol/Å]        13.613268  12.956147
    forces R²                    N/A  0.889924
    dipole mae [tgt units]   0.360794  0.344185
    dipole R²                    N/A  0.381526
    dipole MSE [tgt²]        0.167185  0.152921
    charge loss [e²]         0.007909  0.005162
    charge RMSE [e]          0.088933  0.071845
    LR scale:  1.000000, effective LR:  0.000400
epoch: 377                    train:   valid:
    weighted total loss      0.887907  0.756649
    energy MSE [eV²]         0.287319  0.209739
    force MSE [(eV/Å)²]      0.426183  0.382672
    energy mae [kcal/mol]          13.019507  11.951212
    energy R²                    N/A  0.719340
    forces mae [kcal/mol/Å]        13.607374  13.046394
    forces R²                    N/A  0.889534
    dipole mae [tgt units]   0.360465  0.342968
    dipole R²                    N/A  0.383351
    dipole MSE [tgt²]        0.167132  0.152544
    charge loss [e²]         0.007272  0.011694
    charge RMSE [e]          0.085273  0.108138
    LR scale:  1.000000, effective LR:  0.000400
epoch: 378                    train:   valid:
    weighted total loss      0.894675  0.782596
    energy MSE [eV²]         0.290682  0.244112
    force MSE [(eV/Å)²]      0.425952  0.384505
    energy mae [kcal/mol]          13.203852  13.454580
    energy R²                    N/A  0.669210
    forces mae [kcal/mol/Å]        13.620335  13.058984
    forces R²                    N/A  0.889020
    dipole mae [tgt units]   0.360315  0.343471
    dipole R²                    N/A  0.382671
    dipole MSE [tgt²]        0.167034  0.152688
    charge loss [e²]         0.011007  0.001290
    charge RMSE [e]          0.104913  0.035920
    LR scale:  1.000000, effective LR:  0.000400
epoch: 379                    train:   valid:
    weighted total loss      0.880242  0.875803
    energy MSE [eV²]         0.283134  0.340846
    force MSE [(eV/Å)²]      0.424860  0.378700
    energy mae [kcal/mol]          12.893589  17.007088
    energy R²                    N/A  0.522014
    forces mae [kcal/mol/Å]        13.571814  12.949693
    forces R²                    N/A  0.890685
    dipole mae [tgt units]   0.359848  0.346626
    dipole R²                    N/A  0.379318
    dipole MSE [tgt²]        0.166671  0.153421
    charge loss [e²]         0.005578  0.002837
    charge RMSE [e]          0.074683  0.053262
    LR scale:  1.000000, effective LR:  0.000400
epoch: 380                    train:   valid:
    weighted total loss      0.869340  0.730031
    energy MSE [eV²]         0.273857  0.197473
    force MSE [(eV/Å)²]      0.423323  0.378894
    energy mae [kcal/mol]          12.604637  10.822018
    energy R²                    N/A  0.739576
    forces mae [kcal/mol/Å]        13.566812  12.901547
    forces R²                    N/A  0.890656
    dipole mae [tgt units]   0.360206  0.342513
    dipole R²                    N/A  0.383601
    dipole MSE [tgt²]        0.167084  0.152525
    charge loss [e²]         0.005076  0.001138
    charge RMSE [e]          0.071246  0.033741
    LR scale:  1.000000, effective LR:  0.000400
    ✓ Best valid checkpoint: params-best-d0e9ce01-6fcd-4524-aa98-54861c901ec5.json (weighted loss=0.730031, epoch 380)
epoch: 381                    train:   valid:
    weighted total loss      0.878332  0.755463
    energy MSE [eV²]         0.281513  0.221667
    force MSE [(eV/Å)²]      0.423303  0.378751
    energy mae [kcal/mol]          12.777151  9.926039
    energy R²                    N/A  0.703455
    forces mae [kcal/mol/Å]        13.543224  12.930235
    forces R²                    N/A  0.890691
    dipole mae [tgt units]   0.359713  0.344513
    dipole R²                    N/A  0.382138
    dipole MSE [tgt²]        0.166695  0.152712
    charge loss [e²]         0.006821  0.002334
    charge RMSE [e]          0.082588  0.048308
    LR scale:  1.000000, effective LR:  0.000400
epoch: 382                    train:   valid:
    weighted total loss      0.866779  0.735657
    energy MSE [eV²]         0.275239  0.200839
    force MSE [(eV/Å)²]      0.422392  0.380991
    energy mae [kcal/mol]          12.635402  11.308704
    energy R²                    N/A  0.731361
    forces mae [kcal/mol/Å]        13.538581  12.975233
    forces R²                    N/A  0.890037
    dipole mae [tgt units]   0.360151  0.342875
    dipole R²                    N/A  0.382958
    dipole MSE [tgt²]        0.166913  0.152652
    charge loss [e²]         0.002234  0.001174
    charge RMSE [e]          0.047267  0.034270
    LR scale:  1.000000, effective LR:  0.000400
epoch: 383                    train:   valid:
    weighted total loss      0.846876  0.723540
    energy MSE [eV²]         0.256748  0.189320
    force MSE [(eV/Å)²]      0.420615  0.377029
    energy mae [kcal/mol]          12.092344  10.458817
    energy R²                    N/A  0.747822
    forces mae [kcal/mol/Å]        13.499913  12.923326
    forces R²                    N/A  0.891176
    dipole mae [tgt units]   0.361035  0.343510
    dipole R²                    N/A  0.383961
    dipole MSE [tgt²]        0.166994  0.152405
    charge loss [e²]         0.002519  0.004787
    charge RMSE [e]          0.050188  0.069188
    LR scale:  1.000000, effective LR:  0.000400
    ✓ Best valid checkpoint: params-best-d0e9ce01-6fcd-4524-aa98-54861c901ec5.json (weighted loss=0.723540, epoch 383)
epoch: 384                    train:   valid:
    weighted total loss      0.863628  0.766428
    energy MSE [eV²]         0.267797  0.235483
    force MSE [(eV/Å)²]      0.420098  0.376673
    energy mae [kcal/mol]          12.381367  10.236508
    energy R²                    N/A  0.683617
    forces mae [kcal/mol/Å]        13.486601  12.907017
    forces R²                    N/A  0.891284
    dipole mae [tgt units]   0.360112  0.344283
    dipole R²                    N/A  0.383130
    dipole MSE [tgt²]        0.166959  0.152616
    charge loss [e²]         0.008774  0.001657
    charge RMSE [e]          0.093668  0.040705
    LR scale:  1.000000, effective LR:  0.000400
epoch: 385                    train:   valid:
    weighted total loss      0.881524  0.732116
    energy MSE [eV²]         0.289451  0.203481
    force MSE [(eV/Å)²]      0.420706  0.374996
    energy mae [kcal/mol]          12.947839  9.579949
    energy R²                    N/A  0.730348
    forces mae [kcal/mol/Å]        13.481203  12.836324
    forces R²                    N/A  0.891775
    dipole mae [tgt units]   0.359684  0.342797
    dipole R²                    N/A  0.383882
    dipole MSE [tgt²]        0.166811  0.152466
    charge loss [e²]         0.004556  0.001173
    charge RMSE [e]          0.067501  0.034247
    LR scale:  1.000000, effective LR:  0.000400
epoch: 386                    train:   valid:
    weighted total loss      0.846211  0.775344
    energy MSE [eV²]         0.255505  0.245505
    force MSE [(eV/Å)²]      0.418866  0.376078
    energy mae [kcal/mol]          12.224102  10.464434
    energy R²                    N/A  0.670380
    forces mae [kcal/mol/Å]        13.458254  12.861689
    forces R²                    N/A  0.891458
    dipole mae [tgt units]   0.360059  0.342818
    dipole R²                    N/A  0.382851
    dipole MSE [tgt²]        0.166924  0.152602
    charge loss [e²]         0.004916  0.001159
    charge RMSE [e]          0.070112  0.034040
    LR scale:  1.000000, effective LR:  0.000400
epoch: 387                    train:   valid:
    weighted total loss      0.861813  0.743886
    energy MSE [eV²]         0.269779  0.213772
    force MSE [(eV/Å)²]      0.419125  0.375642
    energy mae [kcal/mol]          12.473170  9.788500
    energy R²                    N/A  0.716246
    forces mae [kcal/mol/Å]        13.450395  12.859647
    forces R²                    N/A  0.891607
    dipole mae [tgt units]   0.360234  0.346315
    dipole R²                    N/A  0.380504
    dipole MSE [tgt²]        0.166914  0.153322
    charge loss [e²]         0.005995  0.001149
    charge RMSE [e]          0.077427  0.033901
    LR scale:  1.000000, effective LR:  0.000400
epoch: 388                    train:   valid:
    weighted total loss      0.853539  0.721172
    energy MSE [eV²]         0.265281  0.188309
    force MSE [(eV/Å)²]      0.417984  0.378980
    energy mae [kcal/mol]          12.344171  10.363727
    energy R²                    N/A  0.748934
    forces mae [kcal/mol/Å]        13.432161  12.985316
    forces R²                    N/A  0.890586
    dipole mae [tgt units]   0.360362  0.343536
    dipole R²                    N/A  0.382520
    dipole MSE [tgt²]        0.166916  0.152655
    charge loss [e²]         0.003358  0.001229
    charge RMSE [e]          0.057946  0.035052
    LR scale:  1.000000, effective LR:  0.000400
    ✓ Best valid checkpoint: params-best-d0e9ce01-6fcd-4524-aa98-54861c901ec5.json (weighted loss=0.721172, epoch 388)
epoch: 389                    train:   valid:
    weighted total loss      0.862977  0.730917
    energy MSE [eV²]         0.270662  0.197755
    force MSE [(eV/Å)²]      0.418636  0.376117
    energy mae [kcal/mol]          12.568589  10.992040
    energy R²                    N/A  0.738119
    forces mae [kcal/mol/Å]        13.447234  12.927751
    forces R²                    N/A  0.891448
    dipole mae [tgt units]   0.359822  0.342960
    dipole R²                    N/A  0.383169
    dipole MSE [tgt²]        0.166774  0.152527
    charge loss [e²]         0.006906  0.004517
    charge RMSE [e]          0.083100  0.067212
    LR scale:  1.000000, effective LR:  0.000400
epoch: 390                    train:   valid:
    weighted total loss      0.840456  0.715397
    energy MSE [eV²]         0.255065  0.188695
    force MSE [(eV/Å)²]      0.415797  0.371967
    energy mae [kcal/mol]          12.076940  10.477089
    energy R²                    N/A  0.751326
    forces mae [kcal/mol/Å]        13.379487  12.798943
    forces R²                    N/A  0.892671
    dipole mae [tgt units]   0.359577  0.347445
    dipole R²                    N/A  0.380840
    dipole MSE [tgt²]        0.166790  0.153324
    charge loss [e²]         0.002803  0.001412
    charge RMSE [e]          0.052948  0.037570
    LR scale:  1.000000, effective LR:  0.000400
    ✓ Best valid checkpoint: params-best-d0e9ce01-6fcd-4524-aa98-54861c901ec5.json (weighted loss=0.715397, epoch 390)
epoch: 391                    train:   valid:
    weighted total loss      0.872022  0.723823
    energy MSE [eV²]         0.281254  0.195083
    force MSE [(eV/Å)²]      0.416295  0.374693
    energy mae [kcal/mol]          12.795132  10.746228
    energy R²                    N/A  0.740718
    forces mae [kcal/mol/Å]        13.397988  12.835067
    forces R²                    N/A  0.891880
    dipole mae [tgt units]   0.359818  0.343375
    dipole R²                    N/A  0.383650
    dipole MSE [tgt²]        0.166707  0.152591
    charge loss [e²]         0.007765  0.001457
    charge RMSE [e]          0.088122  0.038169
    LR scale:  1.000000, effective LR:  0.000400
epoch: 392                    train:   valid:
    weighted total loss      0.865671  0.719555
    energy MSE [eV²]         0.276329  0.190019
    force MSE [(eV/Å)²]      0.416485  0.375529
    energy mae [kcal/mol]          12.691441  9.985542
    energy R²                    N/A  0.747014
    forces mae [kcal/mol/Å]        13.401158  12.898514
    forces R²                    N/A  0.891612
    dipole mae [tgt units]   0.360762  0.346071
    dipole R²                    N/A  0.382019
    dipole MSE [tgt²]        0.167218  0.152904
    charge loss [e²]         0.005639  0.001103
    charge RMSE [e]          0.075093  0.033207
    LR scale:  1.000000, effective LR:  0.000400
epoch: 393                    train:   valid:
    weighted total loss      0.851973  0.792589
    energy MSE [eV²]         0.267591  0.196497
    force MSE [(eV/Å)²]      0.414516  0.374708
    energy mae [kcal/mol]          12.387913  9.786449
    energy R²                    N/A  0.740470
    forces mae [kcal/mol/Å]        13.371316  12.838052
    forces R²                    N/A  0.891874
    dipole mae [tgt units]   0.359982  0.344570
    dipole R²                    N/A  0.381760
    dipole MSE [tgt²]        0.166835  0.153057
    charge loss [e²]         0.003032  0.068326
    charge RMSE [e]          0.055060  0.261393
    LR scale:  1.000000, effective LR:  0.000400
epoch: 394                    train:   valid:
    weighted total loss      0.877704  0.714967
    energy MSE [eV²]         0.284960  0.190117
    force MSE [(eV/Å)²]      0.415633  0.370980
    energy mae [kcal/mol]          12.946583  9.581656
    energy R²                    N/A  0.750138
    forces mae [kcal/mol/Å]        13.382899  12.788707
    forces R²                    N/A  0.892941
    dipole mae [tgt units]   0.359697  0.342626
    dipole R²                    N/A  0.383608
    dipole MSE [tgt²]        0.166800  0.152545
    charge loss [e²]         0.010310  0.001325
    charge RMSE [e]          0.101540  0.036402
    LR scale:  1.000000, effective LR:  0.000400
    ✓ Best valid checkpoint: params-best-d0e9ce01-6fcd-4524-aa98-54861c901ec5.json (weighted loss=0.714967, epoch 394)
epoch: 395                    train:   valid:
    weighted total loss      0.871349  0.722286
    energy MSE [eV²]         0.280621  0.197566
    force MSE [(eV/Å)²]      0.415292  0.370925
    energy mae [kcal/mol]          12.974031  10.905091
    energy R²                    N/A  0.738781
    forces mae [kcal/mol/Å]        13.376514  12.743243
    forces R²                    N/A  0.892984
    dipole mae [tgt units]   0.359213  0.343267
    dipole R²                    N/A  0.382750
    dipole MSE [tgt²]        0.166795  0.152674
    charge loss [e²]         0.008640  0.001121
    charge RMSE [e]          0.092953  0.033489
    LR scale:  1.000000, effective LR:  0.000400
epoch: 396                    train:   valid:
    weighted total loss      0.858011  0.723379
    energy MSE [eV²]         0.273293  0.197362
    force MSE [(eV/Å)²]      0.413811  0.372049
    energy mae [kcal/mol]          12.659417  11.394828
    energy R²                    N/A  0.735618
    forces mae [kcal/mol/Å]        13.339018  12.823817
    forces R²                    N/A  0.892619
    dipole mae [tgt units]   0.359652  0.343583
    dipole R²                    N/A  0.383467
    dipole MSE [tgt²]        0.166800  0.152562
    charge loss [e²]         0.004108  0.001406
    charge RMSE [e]          0.064092  0.037492
    LR scale:  1.000000, effective LR:  0.000400
epoch: 397                    train:   valid:
    weighted total loss      0.853650  0.750069
    energy MSE [eV²]         0.267271  0.225362
    force MSE [(eV/Å)²]      0.413795  0.368783
    energy mae [kcal/mol]          12.488336  12.804758
    energy R²                    N/A  0.694538
    forces mae [kcal/mol/Å]        13.339295  12.698628
    forces R²                    N/A  0.893580
    dipole mae [tgt units]   0.359722  0.342908
    dipole R²                    N/A  0.383278
    dipole MSE [tgt²]        0.166816  0.152579
    charge loss [e²]         0.005768  0.003345
    charge RMSE [e]          0.075949  0.057838
    LR scale:  1.000000, effective LR:  0.000400
epoch: 398                    train:   valid:
    weighted total loss      0.863878  0.728141
    energy MSE [eV²]         0.277372  0.201165
    force MSE [(eV/Å)²]      0.413072  0.370792
    energy mae [kcal/mol]          12.806548  11.553879
    energy R²                    N/A  0.731250
    forces mae [kcal/mol/Å]        13.320555  12.746645
    forces R²                    N/A  0.893005
    dipole mae [tgt units]   0.359008  0.344270
    dipole R²                    N/A  0.382291
    dipole MSE [tgt²]        0.166574  0.152671
    charge loss [e²]         0.006861  0.003513
    charge RMSE [e]          0.082829  0.059268
    LR scale:  1.000000, effective LR:  0.000400
epoch: 399                    train:   valid:
    weighted total loss      0.846764  0.733567
    energy MSE [eV²]         0.263852  0.206137
    force MSE [(eV/Å)²]      0.411911  0.370924
    energy mae [kcal/mol]          12.330120  11.574832
    energy R²                    N/A  0.726356
    forces mae [kcal/mol/Å]        13.285705  12.773890
    forces R²                    N/A  0.892953
    dipole mae [tgt units]   0.359394  0.344325
    dipole R²                    N/A  0.382726
    dipole MSE [tgt²]        0.166695  0.152816
    charge loss [e²]         0.004306  0.003691
    charge RMSE [e]          0.065618  0.060751
    LR scale:  1.000000, effective LR:  0.000400
epoch: 400                    train:   valid:
    weighted total loss      0.854956  0.712746
    energy MSE [eV²]         0.269364  0.190514
    force MSE [(eV/Å)²]      0.411597  0.368581
    energy mae [kcal/mol]          12.529468  10.416331
    energy R²                    N/A  0.748256
    forces mae [kcal/mol/Å]        13.310120  12.670834
    forces R²                    N/A  0.893670
    dipole mae [tgt units]   0.360026  0.343237
    dipole R²                    N/A  0.383326
    dipole MSE [tgt²]        0.167001  0.152543
    charge loss [e²]         0.006995  0.001107
    charge RMSE [e]          0.083634  0.033277
    LR scale:  1.000000, effective LR:  0.000400
    ✓ Best valid checkpoint: params-best-d0e9ce01-6fcd-4524-aa98-54861c901ec5.json (weighted loss=0.712746, epoch 400)
epoch: 401                    train:   valid:
    weighted total loss      0.847307  0.735090
    energy MSE [eV²]         0.264975  0.207155
    force MSE [(eV/Å)²]      0.411091  0.367435
    energy mae [kcal/mol]          12.240042  11.897090
    energy R²                    N/A  0.721560
    forces mae [kcal/mol/Å]        13.288004  12.702439
    forces R²                    N/A  0.893974
    dipole mae [tgt units]   0.360083  0.344259
    dipole R²                    N/A  0.383213
    dipole MSE [tgt²]        0.166748  0.152665
    charge loss [e²]         0.004495  0.007836
    charge RMSE [e]          0.067041  0.088519
    LR scale:  1.000000, effective LR:  0.000400
epoch: 402                    train:   valid:
    weighted total loss      0.843852  0.723274
    energy MSE [eV²]         0.262911  0.201565
    force MSE [(eV/Å)²]      0.410273  0.367927
    energy mae [kcal/mol]          12.334692  11.508824
    energy R²                    N/A  0.731630
    forces mae [kcal/mol/Å]        13.267543  12.728481
    forces R²                    N/A  0.893833
    dipole mae [tgt units]   0.359589  0.343784
    dipole R²                    N/A  0.383412
    dipole MSE [tgt²]        0.166982  0.152576
    charge loss [e²]         0.003686  0.001206
    charge RMSE [e]          0.060714  0.034723
    LR scale:  1.000000, effective LR:  0.000400
epoch: 403                    train:   valid:
    weighted total loss      0.857667  0.713402
    energy MSE [eV²]         0.274240  0.193274
    force MSE [(eV/Å)²]      0.409646  0.365650
    energy mae [kcal/mol]          12.706224  9.540027
    energy R²                    N/A  0.744159
    forces mae [kcal/mol/Å]        13.257840  12.642151
    forces R²                    N/A  0.894489
    dipole mae [tgt units]   0.359576  0.342187
    dipole R²                    N/A  0.384751
    dipole MSE [tgt²]        0.166677  0.152167
    charge loss [e²]         0.007103  0.002311
    charge RMSE [e]          0.084278  0.048075
    LR scale:  1.000000, effective LR:  0.000400
epoch: 404                    train:   valid:
    weighted total loss      0.840080  0.707638
    energy MSE [eV²]         0.260628  0.186226
    force MSE [(eV/Å)²]      0.408751  0.367357
    energy mae [kcal/mol]          12.215293  9.837108
    energy R²                    N/A  0.752126
    forces mae [kcal/mol/Å]        13.241481  12.713363
    forces R²                    N/A  0.893975
    dipole mae [tgt units]   0.358992  0.344642
    dipole R²                    N/A  0.382594
    dipole MSE [tgt²]        0.166434  0.152686
    charge loss [e²]         0.004267  0.001369
    charge RMSE [e]          0.065324  0.036996
    LR scale:  1.000000, effective LR:  0.000400
    ✓ Best valid checkpoint: params-best-d0e9ce01-6fcd-4524-aa98-54861c901ec5.json (weighted loss=0.707638, epoch 404)
epoch: 405                    train:   valid:
    weighted total loss      0.850199  0.709866
    energy MSE [eV²]         0.267762  0.186019
    force MSE [(eV/Å)²]      0.408044  0.367524
    energy mae [kcal/mol]          12.424488  10.432726
    energy R²                    N/A  0.753103
    forces mae [kcal/mol/Å]        13.204723  12.741327
    forces R²                    N/A  0.893912
    dipole mae [tgt units]   0.359543  0.341849
    dipole R²                    N/A  0.383999
    dipole MSE [tgt²]        0.166585  0.152392
    charge loss [e²]         0.007809  0.003931
    charge RMSE [e]          0.088370  0.062694
    LR scale:  1.000000, effective LR:  0.000400
epoch: 406                    train:   valid:
    weighted total loss      0.816177  0.835687
    energy MSE [eV²]         0.241649  0.315879
    force MSE [(eV/Å)²]      0.405815  0.365751
    energy mae [kcal/mol]          11.628615  16.188465
    energy R²                    N/A  0.560048
    forces mae [kcal/mol/Å]        13.175379  12.615212
    forces R²                    N/A  0.894475
    dipole mae [tgt units]   0.359798  0.344355
    dipole R²                    N/A  0.382344
    dipole MSE [tgt²]        0.166862  0.152695
    charge loss [e²]         0.001851  0.001362
    charge RMSE [e]          0.043023  0.036903
    LR scale:  1.000000, effective LR:  0.000400
epoch: 407                    train:   valid:
    weighted total loss      0.852019  0.832614
    energy MSE [eV²]         0.271993  0.313640
    force MSE [(eV/Å)²]      0.405915  0.363785
    energy mae [kcal/mol]          12.507687  12.561709
    energy R²                    N/A  0.570868
    forces mae [kcal/mol/Å]        13.168730  12.571290
    forces R²                    N/A  0.895048
    dipole mae [tgt units]   0.360915  0.344392
    dipole R²                    N/A  0.380304
    dipole MSE [tgt²]        0.166774  0.153131
    charge loss [e²]         0.007337  0.002057
    charge RMSE [e]          0.085658  0.045355
    LR scale:  1.000000, effective LR:  0.000400
epoch: 408                    train:   valid:
    weighted total loss      0.844063  0.712365
    energy MSE [eV²]         0.265489  0.193880
    force MSE [(eV/Å)²]      0.406841  0.364957
    energy mae [kcal/mol]          12.486429  11.168486
    energy R²                    N/A  0.740819
    forces mae [kcal/mol/Å]        13.189299  12.675732
    forces R²                    N/A  0.894669
    dipole mae [tgt units]   0.359987  0.341909
    dipole R²                    N/A  0.384192
    dipole MSE [tgt²]        0.166965  0.152251
    charge loss [e²]         0.004768  0.001277
    charge RMSE [e]          0.069047  0.035740
    LR scale:  1.000000, effective LR:  0.000400
epoch: 409                    train:   valid:
    weighted total loss      0.840782  0.711286
    energy MSE [eV²]         0.264653  0.191784
    force MSE [(eV/Å)²]      0.405671  0.363463
    energy mae [kcal/mol]          12.434481  9.942094
    energy R²                    N/A  0.746198
    forces mae [kcal/mol/Å]        13.168358  12.581475
    forces R²                    N/A  0.895147
    dipole mae [tgt units]   0.359827  0.343399
    dipole R²                    N/A  0.383268
    dipole MSE [tgt²]        0.166816  0.152551
    charge loss [e²]         0.003642  0.003487
    charge RMSE [e]          0.060353  0.059051
    LR scale:  1.000000, effective LR:  0.000400
epoch: 410                    train:   valid:
    weighted total loss      0.843831  0.704405
    energy MSE [eV²]         0.264866  0.189704
    force MSE [(eV/Å)²]      0.406172  0.360631
    energy mae [kcal/mol]          12.314528  10.732048
    energy R²                    N/A  0.747817
    forces mae [kcal/mol/Å]        13.174425  12.516064
    forces R²                    N/A  0.895960
    dipole mae [tgt units]   0.358876  0.342620
    dipole R²                    N/A  0.382697
    dipole MSE [tgt²]        0.166515  0.152643
    charge loss [e²]         0.006278  0.001427
    charge RMSE [e]          0.079234  0.037775
    LR scale:  1.000000, effective LR:  0.000400
    ✓ Best valid checkpoint: params-best-d0e9ce01-6fcd-4524-aa98-54861c901ec5.json (weighted loss=0.704405, epoch 410)
epoch: 411                    train:   valid:
    weighted total loss      0.828703  0.708340
    energy MSE [eV²]         0.255231  0.190868
    force MSE [(eV/Å)²]      0.403805  0.361936
    energy mae [kcal/mol]          12.006902  11.019740
    energy R²                    N/A  0.745011
    forces mae [kcal/mol/Å]        13.126240  12.525794
    forces R²                    N/A  0.895583
    dipole mae [tgt units]   0.358818  0.341653
    dipole R²                    N/A  0.384609
    dipole MSE [tgt²]        0.166622  0.152229
    charge loss [e²]         0.003045  0.003307
    charge RMSE [e]          0.055180  0.057504
    LR scale:  1.000000, effective LR:  0.000400
epoch: 412                    train:   valid:
    weighted total loss      0.832189  0.716271
    energy MSE [eV²]         0.257079  0.198269
    force MSE [(eV/Å)²]      0.403915  0.359767
    energy mae [kcal/mol]          12.171923  9.470314
    energy R²                    N/A  0.736843
    forces mae [kcal/mol/Å]        13.120100  12.492801
    forces R²                    N/A  0.896224
    dipole mae [tgt units]   0.359686  0.342085
    dipole R²                    N/A  0.384129
    dipole MSE [tgt²]        0.166614  0.152320
    charge loss [e²]         0.004580  0.005915
    charge RMSE [e]          0.067676  0.076906
    LR scale:  1.000000, effective LR:  0.000400
epoch: 413                    train:   valid:
    weighted total loss      0.856942  0.730790
    energy MSE [eV²]         0.278120  0.217146
    force MSE [(eV/Å)²]      0.404068  0.360371
    energy mae [kcal/mol]          12.827327  9.633906
    energy R²                    N/A  0.711406
    forces mae [kcal/mol/Å]        13.137516  12.516132
    forces R²                    N/A  0.896044
    dipole mae [tgt units]   0.359234  0.342801
    dipole R²                    N/A  0.384638
    dipole MSE [tgt²]        0.166725  0.152311
    charge loss [e²]         0.008029  0.000962
    charge RMSE [e]          0.089602  0.031016
    LR scale:  1.000000, effective LR:  0.000400
epoch: 414                    train:   valid:
    weighted total loss      0.863385  0.715138
    energy MSE [eV²]         0.282686  0.191908
    force MSE [(eV/Å)²]      0.403172  0.369720
    energy mae [kcal/mol]          12.832051  9.705332
    energy R²                    N/A  0.744841
    forces mae [kcal/mol/Å]        13.102872  12.697171
    forces R²                    N/A  0.893347
    dipole mae [tgt units]   0.358917  0.343059
    dipole R²                    N/A  0.383289
    dipole MSE [tgt²]        0.166575  0.152518
    charge loss [e²]         0.010952  0.000992
    charge RMSE [e]          0.104650  0.031499
    LR scale:  1.000000, effective LR:  0.000400
epoch: 415                    train:   valid:
    weighted total loss      0.834519  0.719412
    energy MSE [eV²]         0.263582  0.194725
    force MSE [(eV/Å)²]      0.402887  0.364517
    energy mae [kcal/mol]          12.342531  10.689685
    energy R²                    N/A  0.743779
    forces mae [kcal/mol/Å]        13.093335  12.609262
    forces R²                    N/A  0.894825
    dipole mae [tgt units]   0.358198  0.343131
    dipole R²                    N/A  0.383525
    dipole MSE [tgt²]        0.166459  0.152577
    charge loss [e²]         0.001591  0.007593
    charge RMSE [e]          0.039889  0.087136
    LR scale:  1.000000, effective LR:  0.000400
epoch: 416                    train:   valid:
    weighted total loss      0.840623  0.707155
    energy MSE [eV²]         0.268431  0.192519
    force MSE [(eV/Å)²]      0.402046  0.360488
    energy mae [kcal/mol]          12.450554  9.633387
    energy R²                    N/A  0.745827
    forces mae [kcal/mol/Å]        13.084015  12.488194
    forces R²                    N/A  0.896016
    dipole mae [tgt units]   0.358692  0.344979
    dipole R²                    N/A  0.381418
    dipole MSE [tgt²]        0.166453  0.152818
    charge loss [e²]         0.003694  0.001330
    charge RMSE [e]          0.060776  0.036467
    LR scale:  1.000000, effective LR:  0.000400
epoch: 417                    train:   valid:
    weighted total loss      0.840488  0.750254
    energy MSE [eV²]         0.265974  0.238528
    force MSE [(eV/Å)²]      0.401350  0.358019
    energy mae [kcal/mol]          12.365990  10.169629
    energy R²                    N/A  0.680326
    forces mae [kcal/mol/Å]        13.072876  12.437562
    forces R²                    N/A  0.896720
    dipole mae [tgt units]   0.359470  0.342594
    dipole R²                    N/A  0.383750
    dipole MSE [tgt²]        0.166740  0.152494
    charge loss [e²]         0.006424  0.001212
    charge RMSE [e]          0.080150  0.034817
    LR scale:  1.000000, effective LR:  0.000400
epoch: 418                    train:   valid:
    weighted total loss      0.841786  0.718892
    energy MSE [eV²]         0.269955  0.202539
    force MSE [(eV/Å)²]      0.400870  0.359391
    energy mae [kcal/mol]          12.531002  11.610766
    energy R²                    N/A  0.729953
    forces mae [kcal/mol/Å]        13.054263  12.474127
    forces R²                    N/A  0.896340
    dipole mae [tgt units]   0.359567  0.342687
    dipole R²                    N/A  0.384016
    dipole MSE [tgt²]        0.166332  0.152364
    charge loss [e²]         0.004630  0.004598
    charge RMSE [e]          0.068043  0.067809
    LR scale:  1.000000, effective LR:  0.000400
epoch: 419                    train:   valid:
    weighted total loss      0.822070  0.701177
    energy MSE [eV²]         0.250590  0.191565
    force MSE [(eV/Å)²]      0.399770  0.356307
    energy mae [kcal/mol]          11.839200  9.383898
    energy R²                    N/A  0.747989
    forces mae [kcal/mol/Å]        13.029820  12.399112
    forces R²                    N/A  0.897231
    dipole mae [tgt units]   0.358587  0.342075
    dipole R²                    N/A  0.384498
    dipole MSE [tgt²]        0.166615  0.152332
    charge loss [e²]         0.005095  0.000972
    charge RMSE [e]          0.071379  0.031180
    LR scale:  1.000000, effective LR:  0.000400
    ✓ Best valid checkpoint: params-best-d0e9ce01-6fcd-4524-aa98-54861c901ec5.json (weighted loss=0.701177, epoch 419)
epoch: 420                    train:   valid:
    weighted total loss      0.837067  0.713714
    energy MSE [eV²]         0.265136  0.204416
    force MSE [(eV/Å)²]      0.400487  0.356283
    energy mae [kcal/mol]          12.363750  11.918852
    energy R²                    N/A  0.725732
    forces mae [kcal/mol/Å]        13.029269  12.405819
    forces R²                    N/A  0.897243
    dipole mae [tgt units]   0.358326  0.341024
    dipole R²                    N/A  0.385347
    dipole MSE [tgt²]        0.166480  0.152049
    charge loss [e²]         0.004964  0.000968
    charge RMSE [e]          0.070455  0.031105
    LR scale:  1.000000, effective LR:  0.000400
epoch: 421                    train:   valid:
    weighted total loss      0.851761  0.735863
    energy MSE [eV²]         0.277859  0.218791
    force MSE [(eV/Å)²]      0.399860  0.359888
    energy mae [kcal/mol]          12.740963  12.578394
    energy R²                    N/A  0.703624
    forces mae [kcal/mol/Å]        13.015665  12.525309
    forces R²                    N/A  0.896164
    dipole mae [tgt units]   0.357914  0.341396
    dipole R²                    N/A  0.385001
    dipole MSE [tgt²]        0.166605  0.152124
    charge loss [e²]         0.007437  0.005060
    charge RMSE [e]          0.086235  0.071133
    LR scale:  1.000000, effective LR:  0.000400
epoch: 422                    train:   valid:
    weighted total loss      0.833964  0.710754
    energy MSE [eV²]         0.265036  0.201338
    force MSE [(eV/Å)²]      0.398971  0.356224
    energy mae [kcal/mol]          12.361339  11.551598
    energy R²                    N/A  0.729313
    forces mae [kcal/mol/Å]        13.005134  12.397817
    forces R²                    N/A  0.897245
    dipole mae [tgt units]   0.358341  0.341907
    dipole R²                    N/A  0.384392
    dipole MSE [tgt²]        0.166430  0.152221
    charge loss [e²]         0.003528  0.000971
    charge RMSE [e]          0.059394  0.031160
    LR scale:  1.000000, effective LR:  0.000400
epoch: 423                    train:   valid:
    weighted total loss      0.832964  0.697429
    energy MSE [eV²]         0.262053  0.187690
    force MSE [(eV/Å)²]      0.399316  0.354219
    energy mae [kcal/mol]          12.236614  9.584397
    energy R²                    N/A  0.753227
    forces mae [kcal/mol/Å]        13.003663  12.337811
    forces R²                    N/A  0.897833
    dipole mae [tgt units]   0.358200  0.346547
    dipole R²                    N/A  0.379963
    dipole MSE [tgt²]        0.166432  0.153402
    charge loss [e²]         0.005163  0.002118
    charge RMSE [e]          0.071852  0.046026
    LR scale:  1.000000, effective LR:  0.000400
    ✓ Best valid checkpoint: params-best-d0e9ce01-6fcd-4524-aa98-54861c901ec5.json (weighted loss=0.697429, epoch 423)
epoch: 424                    train:   valid:
    weighted total loss      0.843253  0.754760
    energy MSE [eV²]         0.274075  0.244729
    force MSE [(eV/Å)²]      0.397736  0.356440
    energy mae [kcal/mol]          12.696333  10.364061
    energy R²                    N/A  0.671030
    forces mae [kcal/mol/Å]        12.977576  12.398752
    forces R²                    N/A  0.897178
    dipole mae [tgt units]   0.358572  0.343874
    dipole R²                    N/A  0.383158
    dipole MSE [tgt²]        0.166433  0.152712
    charge loss [e²]         0.005008  0.000881
    charge RMSE [e]          0.070770  0.029673
    LR scale:  1.000000, effective LR:  0.000400
epoch: 425                    train:   valid:
    weighted total loss      0.821778  0.715755
    energy MSE [eV²]         0.251934  0.194302
    force MSE [(eV/Å)²]      0.397827  0.355520
    energy mae [kcal/mol]          11.968877  9.434528
    energy R²                    N/A  0.743067
    forces mae [kcal/mol/Å]        12.977489  12.363327
    forces R²                    N/A  0.897461
    dipole mae [tgt units]   0.359167  0.342210
    dipole R²                    N/A  0.383318
    dipole MSE [tgt²]        0.166552  0.152538
    charge loss [e²]         0.005465  0.013395
    charge RMSE [e]          0.073928  0.115735
    LR scale:  1.000000, effective LR:  0.000400
epoch: 426                    train:   valid:
    weighted total loss      0.853270  0.701344
    energy MSE [eV²]         0.281471  0.186206
    force MSE [(eV/Å)²]      0.398529  0.355487
    energy mae [kcal/mol]          12.847009  9.908179
    energy R²                    N/A  0.755792
    forces mae [kcal/mol/Å]        12.989556  12.398973
    forces R²                    N/A  0.897454
    dipole mae [tgt units]   0.358301  0.347738
    dipole R²                    N/A  0.378617
    dipole MSE [tgt²]        0.166106  0.153732
    charge loss [e²]         0.007164  0.005918
    charge RMSE [e]          0.084639  0.076931
    LR scale:  1.000000, effective LR:  0.000400
epoch: 427                    train:   valid:
    weighted total loss      0.822970  0.732217
    energy MSE [eV²]         0.257586  0.224939
    force MSE [(eV/Å)²]      0.395961  0.353918
    energy mae [kcal/mol]          12.130033  9.846518
    energy R²                    N/A  0.697975
    forces mae [kcal/mol/Å]        12.950567  12.337193
    forces R²                    N/A  0.897930
    dipole mae [tgt units]   0.358702  0.342938
    dipole R²                    N/A  0.383457
    dipole MSE [tgt²]        0.166245  0.152312
    charge loss [e²]         0.003178  0.001048
    charge RMSE [e]          0.056373  0.032380
    LR scale:  1.000000, effective LR:  0.000400
epoch: 428                    train:   valid:
    weighted total loss      0.820527  0.767148
    energy MSE [eV²]         0.252780  0.256376
    force MSE [(eV/Å)²]      0.396451  0.357047
    energy mae [kcal/mol]          11.944777  14.247006
    energy R²                    N/A  0.646297
    forces mae [kcal/mol/Å]        12.949749  12.486380
    forces R²                    N/A  0.896974
    dipole mae [tgt units]   0.358449  0.343739
    dipole R²                    N/A  0.381727
    dipole MSE [tgt²]        0.166519  0.152795
    charge loss [e²]         0.004777  0.000930
    charge RMSE [e]          0.069118  0.030499
    LR scale:  1.000000, effective LR:  0.000400
epoch: 429                    train:   valid:
    weighted total loss      0.841041  0.700144
    energy MSE [eV²]         0.270693  0.189967
    force MSE [(eV/Å)²]      0.396140  0.356966
    energy mae [kcal/mol]          12.581008  9.404092
    energy R²                    N/A  0.747743
    forces mae [kcal/mol/Å]        12.940187  12.404733
    forces R²                    N/A  0.897034
    dipole mae [tgt units]   0.358005  0.340507
    dipole R²                    N/A  0.386405
    dipole MSE [tgt²]        0.166276  0.151719
    charge loss [e²]         0.007931  0.001491
    charge RMSE [e]          0.089058  0.038611
    LR scale:  1.000000, effective LR:  0.000400
epoch: 430                    train:   valid:
    weighted total loss      0.810548  0.714697
    energy MSE [eV²]         0.245796  0.208570
    force MSE [(eV/Å)²]      0.395392  0.352589
    energy mae [kcal/mol]          11.826007  12.055755
    energy R²                    N/A  0.718070
    forces mae [kcal/mol/Å]        12.925871  12.338901
    forces R²                    N/A  0.898303
    dipole mae [tgt units]   0.357731  0.343188
    dipole R²                    N/A  0.383507
    dipole MSE [tgt²]        0.166321  0.152441
    charge loss [e²]         0.003039  0.001096
    charge RMSE [e]          0.055130  0.033107
    LR scale:  1.000000, effective LR:  0.000400
epoch: 431                    train:   valid:
    weighted total loss      0.831162  0.695286
    energy MSE [eV²]         0.266087  0.187562
    force MSE [(eV/Å)²]      0.394190  0.353215
    energy mae [kcal/mol]          12.449451  10.405300
    energy R²                    N/A  0.751658
    forces mae [kcal/mol/Å]        12.906278  12.323674
    forces R²                    N/A  0.898131
    dipole mae [tgt units]   0.357864  0.344637
    dipole R²                    N/A  0.380470
    dipole MSE [tgt²]        0.166310  0.153160
    charge loss [e²]         0.004575  0.001349
    charge RMSE [e]          0.067642  0.036731
    LR scale:  1.000000, effective LR:  0.000400
    ✓ Best valid checkpoint: params-best-d0e9ce01-6fcd-4524-aa98-54861c901ec5.json (weighted loss=0.695286, epoch 431)
epoch: 432                    train:   valid:
    weighted total loss      0.829881  0.700158
    energy MSE [eV²]         0.263058  0.189812
    force MSE [(eV/Å)²]      0.394142  0.356948
    energy mae [kcal/mol]          12.244242  10.689655
    energy R²                    N/A  0.746759
    forces mae [kcal/mol/Å]        12.894230  12.463990
    forces R²                    N/A  0.897042
    dipole mae [tgt units]   0.358252  0.342266
    dipole R²                    N/A  0.384351
    dipole MSE [tgt²]        0.166441  0.152140
    charge loss [e²]         0.006240  0.001258
    charge RMSE [e]          0.078991  0.035468
    LR scale:  1.000000, effective LR:  0.000400
epoch: 433                    train:   valid:
    weighted total loss      0.839754  0.706547
    energy MSE [eV²]         0.271800  0.197349
    force MSE [(eV/Å)²]      0.394811  0.352964
    energy mae [kcal/mol]          12.617689  9.308989
    energy R²                    N/A  0.737385
    forces mae [kcal/mol/Å]        12.901255  12.285153
    forces R²                    N/A  0.898212
    dipole mae [tgt units]   0.358326  0.341446
    dipole R²                    N/A  0.385783
    dipole MSE [tgt²]        0.166468  0.151953
    charge loss [e²]         0.006675  0.004281
    charge RMSE [e]          0.081702  0.065428
    LR scale:  1.000000, effective LR:  0.000400
epoch: 434                    train:   valid:
    weighted total loss      0.847006  0.710706
    energy MSE [eV²]         0.278206  0.206407
    force MSE [(eV/Å)²]      0.395288  0.351571
    energy mae [kcal/mol]          12.719660  9.379581
    energy R²                    N/A  0.725293
    forces mae [kcal/mol/Å]        12.911328  12.287862
    forces R²                    N/A  0.898615
    dipole mae [tgt units]   0.358032  0.339862
    dipole R²                    N/A  0.386019
    dipole MSE [tgt²]        0.166403  0.151819
    charge loss [e²]         0.007109  0.000910
    charge RMSE [e]          0.084315  0.030158
    LR scale:  1.000000, effective LR:  0.000400
epoch: 435                    train:   valid:
    weighted total loss      0.811073  0.698159
    energy MSE [eV²]         0.247683  0.191982
    force MSE [(eV/Å)²]      0.392911  0.350699
    energy mae [kcal/mol]          11.858114  10.997117
    energy R²                    N/A  0.744615
    forces mae [kcal/mol/Å]        12.877151  12.244437
    forces R²                    N/A  0.898876
    dipole mae [tgt units]   0.358017  0.345306
    dipole R²                    N/A  0.383041
    dipole MSE [tgt²]        0.166245  0.152743
    charge loss [e²]         0.004235  0.002736
    charge RMSE [e]          0.065074  0.052304
    LR scale:  1.000000, effective LR:  0.000400
epoch: 436                    train:   valid:
    weighted total loss      0.813178  0.700917
    energy MSE [eV²]         0.250189  0.192298
    force MSE [(eV/Å)²]      0.393000  0.354547
    energy mae [kcal/mol]          11.963504  9.829885
    energy R²                    N/A  0.745885
    forces mae [kcal/mol/Å]        12.866842  12.412126
    forces R²                    N/A  0.897745
    dipole mae [tgt units]   0.358021  0.341462
    dipole R²                    N/A  0.383715
    dipole MSE [tgt²]        0.166085  0.152306
    charge loss [e²]         0.003905  0.001766
    charge RMSE [e]          0.062487  0.042026
    LR scale:  1.000000, effective LR:  0.000400
epoch: 437                    train:   valid:
    weighted total loss      0.823646  0.795707
    energy MSE [eV²]         0.258702  0.292988
    force MSE [(eV/Å)²]      0.392654  0.348548
    energy mae [kcal/mol]          12.129436  15.622705
    energy R²                    N/A  0.589708
    forces mae [kcal/mol/Å]        12.868138  12.235769
    forces R²                    N/A  0.899490
    dipole mae [tgt units]   0.357887  0.346789
    dipole R²                    N/A  0.380312
    dipole MSE [tgt²]        0.166085  0.153218
    charge loss [e²]         0.006205  0.000953
    charge RMSE [e]          0.078773  0.030867
    LR scale:  1.000000, effective LR:  0.000400
epoch: 438                    train:   valid:
    weighted total loss      0.847960  0.702232
    energy MSE [eV²]         0.280325  0.197065
    force MSE [(eV/Å)²]      0.393864  0.348611
    energy mae [kcal/mol]          13.046647  11.556587
    energy R²                    N/A  0.734888
    forces mae [kcal/mol/Å]        12.890412  12.191467
    forces R²                    N/A  0.899478
    dipole mae [tgt units]   0.357847  0.342197
    dipole R²                    N/A  0.384133
    dipole MSE [tgt²]        0.166093  0.152179
    charge loss [e²]         0.007677  0.004378
    charge RMSE [e]          0.087619  0.066163
    LR scale:  1.000000, effective LR:  0.000400
epoch: 439                    train:   valid:
    weighted total loss      0.853355  0.687095
    energy MSE [eV²]         0.285073  0.182800
    force MSE [(eV/Å)²]      0.393082  0.351032
    energy mae [kcal/mol]          12.977962  10.313864
    energy R²                    N/A  0.757701
    forces mae [kcal/mol/Å]        12.858387  12.288110
    forces R²                    N/A  0.898768
    dipole mae [tgt units]   0.357476  0.341152
    dipole R²                    N/A  0.385191
    dipole MSE [tgt²]        0.166385  0.152060
    charge loss [e²]         0.008814  0.001203
    charge RMSE [e]          0.093883  0.034691
    LR scale:  1.000000, effective LR:  0.000400
    ✓ Best valid checkpoint: params-best-d0e9ce01-6fcd-4524-aa98-54861c901ec5.json (weighted loss=0.687095, epoch 439)
epoch: 440                    train:   valid:
    weighted total loss      0.803493  0.709729
    energy MSE [eV²]         0.243420  0.204107
    force MSE [(eV/Å)²]      0.391913  0.350807
    energy mae [kcal/mol]          11.722118  11.917308
    energy R²                    N/A  0.724494
    forces mae [kcal/mol/Å]        12.838323  12.314577
    forces R²                    N/A  0.898808
    dipole mae [tgt units]   0.357078  0.339471
    dipole R²                    N/A  0.386468
    dipole MSE [tgt²]        0.166306  0.151721
    charge loss [e²]         0.001854  0.003094
    charge RMSE [e]          0.043052  0.055625
    LR scale:  1.000000, effective LR:  0.000400
epoch: 441                    train:   valid:
    weighted total loss      0.814634  0.740317
    energy MSE [eV²]         0.253612  0.239527
    force MSE [(eV/Å)²]      0.391489  0.347310
    energy mae [kcal/mol]          11.964308  10.198160
    energy R²                    N/A  0.677034
    forces mae [kcal/mol/Å]        12.829519  12.209126
    forces R²                    N/A  0.899827
    dipole mae [tgt units]   0.357129  0.342206
    dipole R²                    N/A  0.383246
    dipole MSE [tgt²]        0.166145  0.152451
    charge loss [e²]         0.003388  0.001029
    charge RMSE [e]          0.058210  0.032071
    LR scale:  1.000000, effective LR:  0.000400
epoch: 442                    train:   valid:
    weighted total loss      0.811073  0.687453
    energy MSE [eV²]         0.251993  0.187716
    force MSE [(eV/Å)²]      0.390394  0.346107
    energy mae [kcal/mol]          11.946071  9.302306
    energy R²                    N/A  0.752370
    forces mae [kcal/mol/Å]        12.803979  12.131451
    forces R²                    N/A  0.900197
    dipole mae [tgt units]   0.358073  0.343370
    dipole R²                    N/A  0.382659
    dipole MSE [tgt²]        0.166348  0.152671
    charge loss [e²]         0.002338  0.000959
    charge RMSE [e]          0.048354  0.030966
    LR scale:  1.000000, effective LR:  0.000400
epoch: 443                    train:   valid:
    weighted total loss      0.821457  0.685739
    energy MSE [eV²]         0.257708  0.186467
    force MSE [(eV/Å)²]      0.390700  0.346383
    energy mae [kcal/mol]          12.114802  9.316184
    energy R²                    N/A  0.753543
    forces mae [kcal/mol/Å]        12.805932  12.152106
    forces R²                    N/A  0.900120
    dipole mae [tgt units]   0.358289  0.340124
    dipole R²                    N/A  0.385817
    dipole MSE [tgt²]        0.166401  0.151803
    charge loss [e²]         0.006649  0.001087
    charge RMSE [e]          0.081538  0.032963
    LR scale:  1.000000, effective LR:  0.000400
    ✓ Best valid checkpoint: params-best-d0e9ce01-6fcd-4524-aa98-54861c901ec5.json (weighted loss=0.685739, epoch 443)
epoch: 444                    train:   valid:
    weighted total loss      0.817032  0.685554
    energy MSE [eV²]         0.254227  0.184638
    force MSE [(eV/Å)²]      0.390776  0.347947
    energy mae [kcal/mol]          12.093573  10.667907
    energy R²                    N/A  0.754649
    forces mae [kcal/mol/Å]        12.817390  12.207216
    forces R²                    N/A  0.899648
    dipole mae [tgt units]   0.357833  0.341942
    dipole R²                    N/A  0.385122
    dipole MSE [tgt²]        0.166277  0.152037
    charge loss [e²]         0.005752  0.000932
    charge RMSE [e]          0.075843  0.030536
    LR scale:  1.000000, effective LR:  0.000400
    ✓ Best valid checkpoint: params-best-d0e9ce01-6fcd-4524-aa98-54861c901ec5.json (weighted loss=0.685554, epoch 444)
epoch: 445                    train:   valid:
    weighted total loss      0.813834  0.687353
    energy MSE [eV²]         0.253371  0.187130
    force MSE [(eV/Å)²]      0.389150  0.347414
    energy mae [kcal/mol]          12.015129  9.221500
    energy R²                    N/A  0.752915
    forces mae [kcal/mol/Å]        12.778527  12.204285
    forces R²                    N/A  0.899798
    dipole mae [tgt units]   0.358131  0.339906
    dipole R²                    N/A  0.385514
    dipole MSE [tgt²]        0.166371  0.151855
    charge loss [e²]         0.004943  0.000954
    charge RMSE [e]          0.070305  0.030887
    LR scale:  1.000000, effective LR:  0.000400
epoch: 446                    train:   valid:
    weighted total loss      0.814358  0.708642
    energy MSE [eV²]         0.255774  0.203006
    force MSE [(eV/Å)²]      0.389326  0.352583
    energy mae [kcal/mol]          12.039773  9.499860
    energy R²                    N/A  0.728534
    forces mae [kcal/mol/Å]        12.784716  12.332169
    forces R²                    N/A  0.898323
    dipole mae [tgt units]   0.356817  0.340425
    dipole R²                    N/A  0.386622
    dipole MSE [tgt²]        0.165823  0.151651
    charge loss [e²]         0.003434  0.001401
    charge RMSE [e]          0.058604  0.037430
    LR scale:  1.000000, effective LR:  0.000400
epoch: 447                    train:   valid:
    weighted total loss      0.851528  0.828456
    energy MSE [eV²]         0.287812  0.322732
    force MSE [(eV/Å)²]      0.389579  0.350505
    energy mae [kcal/mol]          12.989914  13.008867
    energy R²                    N/A  0.555804
    forces mae [kcal/mol/Å]        12.777745  12.325315
    forces R²                    N/A  0.898915
    dipole mae [tgt units]   0.356695  0.342326
    dipole R²                    N/A  0.385354
    dipole MSE [tgt²]        0.166044  0.152063
    charge loss [e²]         0.008094  0.003157
    charge RMSE [e]          0.089965  0.056184
    LR scale:  1.000000, effective LR:  0.000400
epoch: 448                    train:   valid:
    weighted total loss      0.820233  0.685302
    energy MSE [eV²]         0.256340  0.180852
    force MSE [(eV/Å)²]      0.388938  0.348306
    energy mae [kcal/mol]          11.851982  10.191699
    energy R²                    N/A  0.761428
    forces mae [kcal/mol/Å]        12.775775  12.237488
    forces R²                    N/A  0.899549
    dipole mae [tgt units]   0.357613  0.339456
    dipole R²                    N/A  0.385779
    dipole MSE [tgt²]        0.166341  0.151895
    charge loss [e²]         0.008615  0.004250
    charge RMSE [e]          0.092815  0.065189
    LR scale:  1.000000, effective LR:  0.000400
    ✓ Best valid checkpoint: params-best-d0e9ce01-6fcd-4524-aa98-54861c901ec5.json (weighted loss=0.685302, epoch 448)
epoch: 449                    train:   valid:
    weighted total loss      0.828256  0.724018
    energy MSE [eV²]         0.269021  0.225063
    force MSE [(eV/Å)²]      0.389617  0.345416
    energy mae [kcal/mol]          12.522583  13.029319
    energy R²                    N/A  0.691652
    forces mae [kcal/mol/Å]        12.788927  12.100559
    forces R²                    N/A  0.900415
    dipole mae [tgt units]   0.356623  0.339842
    dipole R²                    N/A  0.386770
    dipole MSE [tgt²]        0.166095  0.151648
    charge loss [e²]         0.003522  0.001891
    charge RMSE [e]          0.059350  0.043486
    LR scale:  1.000000, effective LR:  0.000400
epoch: 450                    train:   valid:
    weighted total loss      0.826688  0.681932
    energy MSE [eV²]         0.265317  0.184784
    force MSE [(eV/Å)²]      0.389542  0.344724
    energy mae [kcal/mol]          12.355688  10.580584
    energy R²                    N/A  0.753509
    forces mae [kcal/mol/Å]        12.779833  12.114644
    forces R²                    N/A  0.900601
    dipole mae [tgt units]   0.357237  0.339219
    dipole R²                    N/A  0.387494
    dipole MSE [tgt²]        0.166475  0.151520
    charge loss [e²]         0.005354  0.000904
    charge RMSE [e]          0.073173  0.030069
    LR scale:  1.000000, effective LR:  0.000400
    ✓ Best valid checkpoint: params-best-d0e9ce01-6fcd-4524-aa98-54861c901ec5.json (weighted loss=0.681932, epoch 450)
epoch: 451                    train:   valid:
    weighted total loss      0.812454  0.701960
    energy MSE [eV²]         0.257074  0.202354
    force MSE [(eV/Å)²]      0.387244  0.345551
    energy mae [kcal/mol]          12.193553  9.323512
    energy R²                    N/A  0.731095
    forces mae [kcal/mol/Å]        12.726058  12.129387
    forces R²                    N/A  0.900375
    dipole mae [tgt units]   0.356231  0.341722
    dipole R²                    N/A  0.383973
    dipole MSE [tgt²]        0.166144  0.152232
    charge loss [e²]         0.001993  0.001823
    charge RMSE [e]          0.044639  0.042692
    LR scale:  1.000000, effective LR:  0.000400
epoch: 452                    train:   valid:
    weighted total loss      0.814314  0.688657
    energy MSE [eV²]         0.255297  0.187466
    force MSE [(eV/Å)²]      0.386251  0.345773
    energy mae [kcal/mol]          12.105392  10.124016
    energy R²                    N/A  0.751765
    forces mae [kcal/mol/Å]        12.716595  12.111534
    forces R²                    N/A  0.900323
    dipole mae [tgt units]   0.357898  0.347829
    dipole R²                    N/A  0.380344
    dipole MSE [tgt²]        0.166152  0.153195
    charge loss [e²]         0.006614  0.002224
    charge RMSE [e]          0.081328  0.047163
    LR scale:  1.000000, effective LR:  0.000400
epoch: 453                    train:   valid:
    weighted total loss      0.827075  0.722755
    energy MSE [eV²]         0.266470  0.207841
    force MSE [(eV/Å)²]      0.388298  0.355553
    energy mae [kcal/mol]          12.492622  11.555252
    energy R²                    N/A  0.720249
    forces mae [kcal/mol/Å]        12.747650  12.456594
    forces R²                    N/A  0.897460
    dipole mae [tgt units]   0.357284  0.345026
    dipole R²                    N/A  0.383310
    dipole MSE [tgt²]        0.166161  0.152453
    charge loss [e²]         0.006147  0.006908
    charge RMSE [e]          0.078401  0.083112
    LR scale:  1.000000, effective LR:  0.000400
epoch: 454                    train:   valid:
    weighted total loss      0.816788  0.691362
    energy MSE [eV²]         0.259749  0.189493
    force MSE [(eV/Å)²]      0.386476  0.344809
    energy mae [kcal/mol]          12.215133  10.990639
    energy R²                    N/A  0.748002
    forces mae [kcal/mol/Å]        12.709229  12.096288
    forces R²                    N/A  0.900593
    dipole mae [tgt units]   0.356434  0.341279
    dipole R²                    N/A  0.386164
    dipole MSE [tgt²]        0.165990  0.151863
    charge loss [e²]         0.004573  0.005197
    charge RMSE [e]          0.067625  0.072090
    LR scale:  1.000000, effective LR:  0.000400
epoch: 455                    train:   valid:
    weighted total loss      0.820633  0.720515
    energy MSE [eV²]         0.261405  0.220574
    force MSE [(eV/Å)²]      0.386904  0.345601
    energy mae [kcal/mol]          12.236873  9.653960
    energy R²                    N/A  0.705382
    forces mae [kcal/mol/Å]        12.723043  12.195821
    forces R²                    N/A  0.900332
    dipole mae [tgt units]   0.357298  0.346504
    dipole R²                    N/A  0.379489
    dipole MSE [tgt²]        0.166324  0.153390
    charge loss [e²]         0.005999  0.000949
    charge RMSE [e]          0.077451  0.030809
    LR scale:  1.000000, effective LR:  0.000400
epoch: 456                    train:   valid:
    weighted total loss      0.804389  0.678652
    energy MSE [eV²]         0.247971  0.183650
    force MSE [(eV/Å)²]      0.385759  0.342294
    energy mae [kcal/mol]          11.815872  9.739529
    energy R²                    N/A  0.757458
    forces mae [kcal/mol/Å]        12.693179  12.032066
    forces R²                    N/A  0.901308
    dipole mae [tgt units]   0.357380  0.339565
    dipole R²                    N/A  0.386048
    dipole MSE [tgt²]        0.166151  0.151708
    charge loss [e²]         0.004508  0.001001
    charge RMSE [e]          0.067145  0.031632
    LR scale:  1.000000, effective LR:  0.000400
    ✓ Best valid checkpoint: params-best-d0e9ce01-6fcd-4524-aa98-54861c901ec5.json (weighted loss=0.678652, epoch 456)
epoch: 457                    train:   valid:
    weighted total loss      0.822218  0.766102
    energy MSE [eV²]         0.265106  0.266722
    force MSE [(eV/Å)²]      0.386469  0.345146
    energy mae [kcal/mol]          12.350765  14.725716
    energy R²                    N/A  0.628912
    forces mae [kcal/mol/Å]        12.712358  12.162188
    forces R²                    N/A  0.900462
    dipole mae [tgt units]   0.356473  0.341208
    dipole R²                    N/A  0.384441
    dipole MSE [tgt²]        0.166182  0.152119
    charge loss [e²]         0.004460  0.002115
    charge RMSE [e]          0.066786  0.045994
    LR scale:  1.000000, effective LR:  0.000400
epoch: 458                    train:   valid:
    weighted total loss      0.819561  0.696848
    energy MSE [eV²]         0.262349  0.198755
    force MSE [(eV/Å)²]      0.385707  0.344785
    energy mae [kcal/mol]          12.291304  9.221201
    energy R²                    N/A  0.736324
    forces mae [kcal/mol/Å]        12.689568  12.081187
    forces R²                    N/A  0.900596
    dipole mae [tgt units]   0.356964  0.338838
    dipole R²                    N/A  0.387473
    dipole MSE [tgt²]        0.166164  0.151389
    charge loss [e²]         0.005340  0.001919
    charge RMSE [e]          0.073077  0.043801
    LR scale:  1.000000, effective LR:  0.000400
epoch: 459                    train:   valid:
    weighted total loss      0.814429  0.682024
    energy MSE [eV²]         0.258945  0.183063
    force MSE [(eV/Å)²]      0.384514  0.345479
    energy mae [kcal/mol]          12.207061  10.420259
    energy R²                    N/A  0.756170
    forces mae [kcal/mol/Å]        12.656421  12.199494
    forces R²                    N/A  0.900364
    dipole mae [tgt units]   0.357111  0.342488
    dipole R²                    N/A  0.383933
    dipole MSE [tgt²]        0.166065  0.152319
    charge loss [e²]         0.004905  0.001164
    charge RMSE [e]          0.070036  0.034114
    LR scale:  1.000000, effective LR:  0.000400
epoch: 460                    train:   valid:
    weighted total loss      0.815656  0.682860
    energy MSE [eV²]         0.258613  0.184198
    force MSE [(eV/Å)²]      0.384807  0.346114
    energy mae [kcal/mol]          12.173273  10.631374
    energy R²                    N/A  0.754294
    forces mae [kcal/mol/Å]        12.676381  12.172965
    forces R²                    N/A  0.900169
    dipole mae [tgt units]   0.357107  0.339547
    dipole R²                    N/A  0.386193
    dipole MSE [tgt²]        0.165994  0.151638
    charge loss [e²]         0.006241  0.000911
    charge RMSE [e]          0.079001  0.030182
    LR scale:  1.000000, effective LR:  0.000400
epoch: 461                    train:   valid:
    weighted total loss      0.827420  0.693000
    energy MSE [eV²]         0.269954  0.195948
    force MSE [(eV/Å)²]      0.385057  0.344318
    energy mae [kcal/mol]          12.571660  11.433760
    energy R²                    N/A  0.737396
    forces mae [kcal/mol/Å]        12.672821  12.127806
    forces R²                    N/A  0.900715
    dipole mae [tgt units]   0.356517  0.338587
    dipole R²                    N/A  0.386491
    dipole MSE [tgt²]        0.165889  0.151661
    charge loss [e²]         0.006521  0.001072
    charge RMSE [e]          0.080751  0.032743
    LR scale:  1.000000, effective LR:  0.000400
epoch: 462                    train:   valid:
    weighted total loss      0.804208  0.697785
    energy MSE [eV²]         0.250643  0.194857
    force MSE [(eV/Å)²]      0.384429  0.346674
    energy mae [kcal/mol]          11.958809  11.214822
    energy R²                    N/A  0.735438
    forces mae [kcal/mol/Å]        12.668764  12.226531
    forces R²                    N/A  0.900001
    dipole mae [tgt units]   0.356074  0.339336
    dipole R²                    N/A  0.387050
    dipole MSE [tgt²]        0.165726  0.151475
    charge loss [e²]         0.003410  0.004779
    charge RMSE [e]          0.058392  0.069131
    LR scale:  1.000000, effective LR:  0.000400
epoch: 463                    train:   valid:
    weighted total loss      0.808100  0.686878
    energy MSE [eV²]         0.251936  0.193267
    force MSE [(eV/Å)²]      0.383703  0.341215
    energy mae [kcal/mol]          12.015862  9.212591
    energy R²                    N/A  0.744332
    forces mae [kcal/mol/Å]        12.646197  12.018423
    forces R²                    N/A  0.901627
    dipole mae [tgt units]   0.356125  0.339339
    dipole R²                    N/A  0.387672
    dipole MSE [tgt²]        0.166046  0.151496
    charge loss [e²]         0.006415  0.000899
    charge RMSE [e]          0.080096  0.029984
    LR scale:  1.000000, effective LR:  0.000400
epoch: 464                    train:   valid:
    weighted total loss      0.802081  0.679776
    energy MSE [eV²]         0.251436  0.185754
    force MSE [(eV/Å)²]      0.382690  0.341329
    energy mae [kcal/mol]          11.956523  10.775365
    energy R²                    N/A  0.751224
    forces mae [kcal/mol/Å]        12.622965  12.022968
    forces R²                    N/A  0.901587
    dipole mae [tgt units]   0.356833  0.339282
    dipole R²                    N/A  0.386036
    dipole MSE [tgt²]        0.166153  0.151780
    charge loss [e²]         0.001802  0.000913
    charge RMSE [e]          0.042453  0.030220
    LR scale:  1.000000, effective LR:  0.000400
epoch: 465                    train:   valid:
    weighted total loss      0.809102  0.819894
    energy MSE [eV²]         0.258679  0.323497
    force MSE [(eV/Å)²]      0.382813  0.341508
    energy mae [kcal/mol]          12.162560  16.638042
    energy R²                    N/A  0.545224
    forces mae [kcal/mol/Å]        12.623439  12.036279
    forces R²                    N/A  0.901558
    dipole mae [tgt units]   0.357187  0.340158
    dipole R²                    N/A  0.385030
    dipole MSE [tgt²]        0.166071  0.151917
    charge loss [e²]         0.001539  0.002971
    charge RMSE [e]          0.039231  0.054510
    LR scale:  1.000000, effective LR:  0.000400
epoch: 466                    train:   valid:
    weighted total loss      0.816467  0.693978
    energy MSE [eV²]         0.261008  0.197356
    force MSE [(eV/Å)²]      0.383602  0.342287
    energy mae [kcal/mol]          12.245072  11.620821
    energy R²                    N/A  0.734390
    forces mae [kcal/mol/Å]        12.633374  12.064460
    forces R²                    N/A  0.901278
    dipole mae [tgt units]   0.356378  0.343643
    dipole R²                    N/A  0.381564
    dipole MSE [tgt²]        0.166186  0.152861
    charge loss [e²]         0.005670  0.001474
    charge RMSE [e]          0.075297  0.038388
    LR scale:  1.000000, effective LR:  0.000400
epoch: 467                    train:   valid:
    weighted total loss      0.814296  0.672663
    energy MSE [eV²]         0.260040  0.178855
    force MSE [(eV/Å)²]      0.382527  0.341030
    energy mae [kcal/mol]          12.101098  9.742599
    energy R²                    N/A  0.762739
    forces mae [kcal/mol/Å]        12.613026  11.999196
    forces R²                    N/A  0.901689
    dipole mae [tgt units]   0.356126  0.340983
    dipole R²                    N/A  0.386052
    dipole MSE [tgt²]        0.165806  0.151869
    charge loss [e²]         0.005923  0.000909
    charge RMSE [e]          0.076962  0.030155
    LR scale:  1.000000, effective LR:  0.000400
    ✓ Best valid checkpoint: params-best-d0e9ce01-6fcd-4524-aa98-54861c901ec5.json (weighted loss=0.672663, epoch 467)
epoch: 468                    train:   valid:
    weighted total loss      0.820560  0.703615
    energy MSE [eV²]         0.261854  0.210048
    force MSE [(eV/Å)²]      0.382311  0.340840
    energy mae [kcal/mol]          12.298406  9.326741
    energy R²                    N/A  0.720811
    forces mae [kcal/mol/Å]        12.603403  12.032812
    forces R²                    N/A  0.901712
    dipole mae [tgt units]   0.356336  0.339420
    dipole R²                    N/A  0.386407
    dipole MSE [tgt²]        0.165947  0.151654
    charge loss [e²]         0.010448  0.001072
    charge RMSE [e]          0.102216  0.032748
    LR scale:  1.000000, effective LR:  0.000400
epoch: 469                    train:   valid:
    weighted total loss      0.818393  0.723753
    energy MSE [eV²]         0.266364  0.229028
    force MSE [(eV/Å)²]      0.381900  0.339836
    energy mae [kcal/mol]          12.504798  9.772812
    energy R²                    N/A  0.693688
    forces mae [kcal/mol/Å]        12.606307  11.964771
    forces R²                    N/A  0.902051
    dipole mae [tgt units]   0.355351  0.340903
    dipole R²                    N/A  0.384267
    dipole MSE [tgt²]        0.165818  0.152197
    charge loss [e²]         0.004311  0.002693
    charge RMSE [e]          0.065661  0.051890
    LR scale:  1.000000, effective LR:  0.000400
epoch: 470                    train:   valid:
    weighted total loss      0.803186  0.674087
    energy MSE [eV²]         0.249989  0.182983
    force MSE [(eV/Å)²]      0.381666  0.338171
    energy mae [kcal/mol]          12.032867  9.276157
    energy R²                    N/A  0.757678
    forces mae [kcal/mol/Å]        12.603011  11.960076
    forces R²                    N/A  0.902495
    dipole mae [tgt units]   0.356021  0.340553
    dipole R²                    N/A  0.384986
    dipole MSE [tgt²]        0.165673  0.152009
    charge loss [e²]         0.005859  0.000924
    charge RMSE [e]          0.076546  0.030402
    LR scale:  1.000000, effective LR:  0.000400
epoch: 471                    train:   valid:
    weighted total loss      0.822679  0.702311
    energy MSE [eV²]         0.268647  0.208834
    force MSE [(eV/Å)²]      0.381355  0.340432
    energy mae [kcal/mol]          12.464683  9.386121
    energy R²                    N/A  0.720893
    forces mae [kcal/mol/Å]        12.585607  12.019011
    forces R²                    N/A  0.901850
    dipole mae [tgt units]   0.356671  0.341757
    dipole R²                    N/A  0.383969
    dipole MSE [tgt²]        0.166076  0.152153
    charge loss [e²]         0.006601  0.000892
    charge RMSE [e]          0.081244  0.029875
    LR scale:  1.000000, effective LR:  0.000400
epoch: 472                    train:   valid:
    weighted total loss      0.795894  0.677535
    energy MSE [eV²]         0.246149  0.184887
    force MSE [(eV/Å)²]      0.381451  0.339737
    energy mae [kcal/mol]          11.718686  9.599006
    energy R²                    N/A  0.755142
    forces mae [kcal/mol/Å]        12.568012  12.011584
    forces R²                    N/A  0.902066
    dipole mae [tgt units]   0.355773  0.338245
    dipole R²                    N/A  0.387634
    dipole MSE [tgt²]        0.166051  0.151469
    charge loss [e²]         0.002243  0.001443
    charge RMSE [e]          0.047364  0.037988
    LR scale:  1.000000, effective LR:  0.000400
epoch: 473                    train:   valid:
    weighted total loss      0.822987  0.691727
    energy MSE [eV²]         0.267462  0.199975
    force MSE [(eV/Å)²]      0.381691  0.339257
    energy mae [kcal/mol]          12.470413  11.872613
    energy R²                    N/A  0.729712
    forces mae [kcal/mol/Å]        12.600225  11.972941
    forces R²                    N/A  0.902195
    dipole mae [tgt units]   0.355785  0.338608
    dipole R²                    N/A  0.387903
    dipole MSE [tgt²]        0.166049  0.151312
    charge loss [e²]         0.007785  0.001184
    charge RMSE [e]          0.088231  0.034406
    LR scale:  1.000000, effective LR:  0.000400
epoch: 474                    train:   valid:
    weighted total loss      0.831018  0.674686
    energy MSE [eV²]         0.275618  0.176828
    force MSE [(eV/Å)²]      0.381927  0.343263
    energy mae [kcal/mol]          12.707361  9.573433
    energy R²                    N/A  0.765120
    forces mae [kcal/mol/Å]        12.614227  12.109495
    forces R²                    N/A  0.901009
    dipole mae [tgt units]   0.357133  0.340102
    dipole R²                    N/A  0.384926
    dipole MSE [tgt²]        0.166310  0.151993
    charge loss [e²]         0.007162  0.002602
    charge RMSE [e]          0.084631  0.051006
    LR scale:  1.000000, effective LR:  0.000400
epoch: 475                    train:   valid:
    weighted total loss      0.790884  0.683873
    energy MSE [eV²]         0.241369  0.186079
    force MSE [(eV/Å)²]      0.380928  0.343298
    energy mae [kcal/mol]          11.718549  9.634003
    energy R²                    N/A  0.754613
    forces mae [kcal/mol/Å]        12.574701  12.067033
    forces R²                    N/A  0.901043
    dipole mae [tgt units]   0.357259  0.338455
    dipole R²                    N/A  0.387880
    dipole MSE [tgt²]        0.166138  0.151442
    charge loss [e²]         0.002450  0.003054
    charge RMSE [e]          0.049499  0.055266
    LR scale:  1.000000, effective LR:  0.000400
epoch: 476                    train:   valid:
    weighted total loss      0.791813  0.684393
    energy MSE [eV²]         0.241408  0.194123
    force MSE [(eV/Å)²]      0.380062  0.336640
    energy mae [kcal/mol]          11.634897  11.501099
    energy R²                    N/A  0.738081
    forces mae [kcal/mol/Å]        12.547687  11.906976
    forces R²                    N/A  0.902960
    dipole mae [tgt units]   0.356752  0.340361
    dipole R²                    N/A  0.384607
    dipole MSE [tgt²]        0.166195  0.152048
    charge loss [e²]         0.004147  0.001582
    charge RMSE [e]          0.064400  0.039773
    LR scale:  1.000000, effective LR:  0.000400
epoch: 477                    train:   valid:
    weighted total loss      0.820873  0.723394
    energy MSE [eV²]         0.269496  0.229813
    force MSE [(eV/Å)²]      0.379571  0.340450
    energy mae [kcal/mol]          12.497499  13.321179
    energy R²                    N/A  0.682456
    forces mae [kcal/mol/Å]        12.542923  12.024650
    forces R²                    N/A  0.901846
    dipole mae [tgt units]   0.356395  0.342091
    dipole R²                    N/A  0.385535
    dipole MSE [tgt²]        0.165979  0.151988
    charge loss [e²]         0.005827  0.001144
    charge RMSE [e]          0.076333  0.033817
    LR scale:  1.000000, effective LR:  0.000400
epoch: 478                    train:   valid:
    weighted total loss      0.810565  0.676272
    energy MSE [eV²]         0.259230  0.185870
    force MSE [(eV/Å)²]      0.379394  0.338043
    energy mae [kcal/mol]          12.165229  9.403908
    energy R²                    N/A  0.755780
    forces mae [kcal/mol/Å]        12.537113  11.924381
    forces R²                    N/A  0.902559
    dipole mae [tgt units]   0.355541  0.338955
    dipole R²                    N/A  0.387799
    dipole MSE [tgt²]        0.165951  0.151463
    charge loss [e²]         0.005990  0.000896
    charge RMSE [e]          0.077394  0.029927
    LR scale:  1.000000, effective LR:  0.000400
epoch: 479                    train:   valid:
    weighted total loss      0.778986  0.675867
    energy MSE [eV²]         0.231559  0.185749
    force MSE [(eV/Å)²]      0.378430  0.337203
    energy mae [kcal/mol]          11.300579  9.327402
    energy R²                    N/A  0.755623
    forces mae [kcal/mol/Å]        12.513220  11.911437
    forces R²                    N/A  0.902813
    dipole mae [tgt units]   0.355916  0.337957
    dipole R²                    N/A  0.387654
    dipole MSE [tgt²]        0.165862  0.151337
    charge loss [e²]         0.003135  0.001578
    charge RMSE [e]          0.055991  0.039729
    LR scale:  1.000000, effective LR:  0.000400
epoch: 480                    train:   valid:
    weighted total loss      0.799113  0.697492
    energy MSE [eV²]         0.254456  0.205746
    force MSE [(eV/Å)²]      0.376295  0.337443
    energy mae [kcal/mol]          12.036309  12.210970
    energy R²                    N/A  0.719788
    forces mae [kcal/mol/Å]        12.489308  11.985772
    forces R²                    N/A  0.902716
    dipole mae [tgt units]   0.356714  0.346112
    dipole R²                    N/A  0.379290
    dipole MSE [tgt²]        0.165788  0.153242
    charge loss [e²]         0.002574  0.001061
    charge RMSE [e]          0.050734  0.032577
    LR scale:  1.000000, effective LR:  0.000400
epoch: 481                    train:   valid:
    weighted total loss      0.800645  0.765341
    energy MSE [eV²]         0.250467  0.268918
    force MSE [(eV/Å)²]      0.378781  0.339440
    energy mae [kcal/mol]          11.918950  14.807211
    energy R²                    N/A  0.625698
    forces mae [kcal/mol/Å]        12.517752  11.936449
    forces R²                    N/A  0.902165
    dipole mae [tgt units]   0.357080  0.340327
    dipole R²                    N/A  0.387079
    dipole MSE [tgt²]        0.166070  0.151609
    charge loss [e²]         0.005328  0.005374
    charge RMSE [e]          0.072991  0.073306
    LR scale:  1.000000, effective LR:  0.000400
epoch: 482                    train:   valid:
    weighted total loss      0.813893  0.673899
    energy MSE [eV²]         0.260965  0.182147
    force MSE [(eV/Å)²]      0.377894  0.338149
    energy mae [kcal/mol]          12.280037  9.791152
    energy R²                    N/A  0.759337
    forces mae [kcal/mol/Å]        12.484941  11.974805
    forces R²                    N/A  0.902531
    dipole mae [tgt units]   0.356211  0.342416
    dipole R²                    N/A  0.382677
    dipole MSE [tgt²]        0.165899  0.152558
    charge loss [e²]         0.009135  0.001044
    charge RMSE [e]          0.095576  0.032318
    LR scale:  1.000000, effective LR:  0.000400
epoch: 483                    train:   valid:
    weighted total loss      0.804061  0.719462
    energy MSE [eV²]         0.255634  0.230375
    force MSE [(eV/Å)²]      0.377150  0.336183
    energy mae [kcal/mol]          12.221008  13.325130
    energy R²                    N/A  0.681412
    forces mae [kcal/mol/Å]        12.495952  11.857503
    forces R²                    N/A  0.903113
    dipole mae [tgt units]   0.355698  0.337814
    dipole R²                    N/A  0.388086
    dipole MSE [tgt²]        0.165570  0.151273
    charge loss [e²]         0.005706  0.001631
    charge RMSE [e]          0.075540  0.040390
    LR scale:  1.000000, effective LR:  0.000400
epoch: 484                    train:   valid:
    weighted total loss      0.809134  0.689530
    energy MSE [eV²]         0.259672  0.201594
    force MSE [(eV/Å)²]      0.377553  0.334987
    energy mae [kcal/mol]          12.230526  11.984248
    energy R²                    N/A  0.725364
    forces mae [kcal/mol/Å]        12.490011  11.854367
    forces R²                    N/A  0.903448
    dipole mae [tgt units]   0.356284  0.339381
    dipole R²                    N/A  0.388017
    dipole MSE [tgt²]        0.165952  0.151323
    charge loss [e²]         0.005957  0.001626
    charge RMSE [e]          0.077183  0.040324
    LR scale:  1.000000, effective LR:  0.000400
epoch: 485                    train:   valid:
    weighted total loss      0.802504  0.692132
    energy MSE [eV²]         0.255345  0.199068
    force MSE [(eV/Å)²]      0.376836  0.340288
    energy mae [kcal/mol]          12.139700  9.390972
    energy R²                    N/A  0.736180
    forces mae [kcal/mol/Å]        12.469532  12.010858
    forces R²                    N/A  0.901909
    dipole mae [tgt units]   0.355050  0.339752
    dipole R²                    N/A  0.385455
    dipole MSE [tgt²]        0.165027  0.151803
    charge loss [e²]         0.005297  0.000973
    charge RMSE [e]          0.072782  0.031195
    LR scale:  1.000000, effective LR:  0.000400
epoch: 486                    train:   valid:
    weighted total loss      0.808494  0.675513
    energy MSE [eV²]         0.260274  0.182403
    force MSE [(eV/Å)²]      0.377599  0.337758
    energy mae [kcal/mol]          12.247767  9.038849
    energy R²                    N/A  0.759884
    forces mae [kcal/mol/Å]        12.493054  11.920606
    forces R²                    N/A  0.902647
    dipole mae [tgt units]   0.355449  0.341364
    dipole R²                    N/A  0.386740
    dipole MSE [tgt²]        0.165980  0.151744
    charge loss [e²]         0.004640  0.003608
    charge RMSE [e]          0.068120  0.060064
    LR scale:  1.000000, effective LR:  0.000400
epoch: 487                    train:   valid:
    weighted total loss      0.797786  0.673385
    energy MSE [eV²]         0.250006  0.184880
    force MSE [(eV/Å)²]      0.376596  0.336155
    energy mae [kcal/mol]          11.927634  9.235133
    energy R²                    N/A  0.755257
    forces mae [kcal/mol/Å]        12.474357  11.860264
    forces R²                    N/A  0.903120
    dipole mae [tgt units]   0.355483  0.338848
    dipole R²                    N/A  0.386711
    dipole MSE [tgt²]        0.165880  0.151496
    charge loss [e²]         0.005304  0.000854
    charge RMSE [e]          0.072831  0.029221
    LR scale:  1.000000, effective LR:  0.000400
epoch: 488                    train:   valid:
    weighted total loss      0.794381  0.778603
    energy MSE [eV²]         0.247864  0.290355
    force MSE [(eV/Å)²]      0.375744  0.334353
    energy mae [kcal/mol]          11.780730  15.661574
    energy R²                    N/A  0.591016
    forces mae [kcal/mol/Å]        12.445479  11.823723
    forces R²                    N/A  0.903634
    dipole mae [tgt units]   0.355605  0.337614
    dipole R²                    N/A  0.387633
    dipole MSE [tgt²]        0.165614  0.151317
    charge loss [e²]         0.005159  0.002578
    charge RMSE [e]          0.071828  0.050779
    LR scale:  1.000000, effective LR:  0.000400
epoch: 489                    train:   valid:
    weighted total loss      0.809699  0.666128
    energy MSE [eV²]         0.261477  0.179503
    force MSE [(eV/Å)²]      0.376553  0.334146
    energy mae [kcal/mol]          12.284674  9.898689
    energy R²                    N/A  0.761255
    forces mae [kcal/mol/Å]        12.467479  11.830759
    forces R²                    N/A  0.903707
    dipole mae [tgt units]   0.355716  0.339128
    dipole R²                    N/A  0.386248
    dipole MSE [tgt²]        0.165850  0.151583
    charge loss [e²]         0.005819  0.000896
    charge RMSE [e]          0.076282  0.029928
    LR scale:  1.000000, effective LR:  0.000400
    ✓ Best valid checkpoint: params-best-d0e9ce01-6fcd-4524-aa98-54861c901ec5.json (weighted loss=0.666128, epoch 489)
epoch: 490                    train:   valid:
    weighted total loss      0.803496  0.671231
    energy MSE [eV²]         0.253783  0.178479
    force MSE [(eV/Å)²]      0.376445  0.340471
    energy mae [kcal/mol]          12.037166  10.105217
    energy R²                    N/A  0.761457
    forces mae [kcal/mol/Å]        12.461645  12.105957
    forces R²                    N/A  0.901813
    dipole mae [tgt units]   0.356269  0.336556
    dipole R²                    N/A  0.389458
    dipole MSE [tgt²]        0.166133  0.150962
    charge loss [e²]         0.007135  0.001320
    charge RMSE [e]          0.084471  0.036325
    LR scale:  1.000000, effective LR:  0.000400
epoch: 491                    train:   valid:
    weighted total loss      0.793696  0.669590
    energy MSE [eV²]         0.247253  0.183403
    force MSE [(eV/Å)²]      0.376739  0.333943
    energy mae [kcal/mol]          11.918922  10.755771
    energy R²                    N/A  0.755262
    forces mae [kcal/mol/Å]        12.473595  11.832831
    forces R²                    N/A  0.903743
    dipole mae [tgt units]   0.355918  0.336448
    dipole R²                    N/A  0.389499
    dipole MSE [tgt²]        0.165885  0.150979
    charge loss [e²]         0.003818  0.001266
    charge RMSE [e]          0.061792  0.035585
    LR scale:  1.000000, effective LR:  0.000400
epoch: 492                    train:   valid:
    weighted total loss      0.801767  0.694285
    energy MSE [eV²]         0.252766  0.182465
    force MSE [(eV/Å)²]      0.375259  0.344190
    energy mae [kcal/mol]          11.993462  9.511093
    energy R²                    N/A  0.757509
    forces mae [kcal/mol/Å]        12.428616  12.184807
    forces R²                    N/A  0.900729
    dipole mae [tgt units]   0.354842  0.345247
    dipole R²                    N/A  0.382309
    dipole MSE [tgt²]        0.165672  0.152713
    charge loss [e²]         0.008069  0.014917
    charge RMSE [e]          0.089828  0.122137
    LR scale:  1.000000, effective LR:  0.000400
epoch: 493                    train:   valid:
    weighted total loss      0.790924  0.693173
    energy MSE [eV²]         0.246008  0.207116
    force MSE [(eV/Å)²]      0.374980  0.333703
    energy mae [kcal/mol]          11.835121  12.263120
    energy R²                    N/A  0.718641
    forces mae [kcal/mol/Å]        12.411895  11.796573
    forces R²                    N/A  0.903829
    dipole mae [tgt units]   0.355303  0.337915
    dipole R²                    N/A  0.386893
    dipole MSE [tgt²]        0.165726  0.151502
    charge loss [e²]         0.004209  0.000852
    charge RMSE [e]          0.064879  0.029194
    LR scale:  1.000000, effective LR:  0.000400
epoch: 494                    train:   valid:
    weighted total loss      0.810136  0.668868
    energy MSE [eV²]         0.265509  0.183331
    force MSE [(eV/Å)²]      0.374527  0.333580
    energy mae [kcal/mol]          12.341614  9.474672
    energy R²                    N/A  0.757234
    forces mae [kcal/mol/Å]        12.411163  11.807701
    forces R²                    N/A  0.903879
    dipole mae [tgt units]   0.355086  0.337964
    dipole R²                    N/A  0.389111
    dipole MSE [tgt²]        0.165534  0.151085
    charge loss [e²]         0.004568  0.000873
    charge RMSE [e]          0.067584  0.029539
    LR scale:  1.000000, effective LR:  0.000400
epoch: 495                    train:   valid:
    weighted total loss      0.806692  0.681753
    energy MSE [eV²]         0.257984  0.192404
    force MSE [(eV/Å)²]      0.375193  0.336189
    energy mae [kcal/mol]          12.200957  11.458494
    energy R²                    N/A  0.740593
    forces mae [kcal/mol/Å]        12.429542  11.915464
    forces R²                    N/A  0.903069
    dipole mae [tgt units]   0.355615  0.339989
    dipole R²                    N/A  0.384447
    dipole MSE [tgt²]        0.165958  0.152107
    charge loss [e²]         0.007557  0.001052
    charge RMSE [e]          0.086929  0.032436
    LR scale:  1.000000, effective LR:  0.000400
epoch: 496                    train:   valid:
    weighted total loss      0.796340  0.693485
    energy MSE [eV²]         0.254006  0.199427
    force MSE [(eV/Å)²]      0.373531  0.335274
    energy mae [kcal/mol]          12.018723  9.063927
    energy R²                    N/A  0.735358
    forces mae [kcal/mol/Å]        12.383451  11.827823
    forces R²                    N/A  0.903390
    dipole mae [tgt units]   0.354804  0.340179
    dipole R²                    N/A  0.387770
    dipole MSE [tgt²]        0.165582  0.151368
    charge loss [e²]         0.003221  0.007416
    charge RMSE [e]          0.056757  0.086115
    LR scale:  1.000000, effective LR:  0.000400
epoch: 497                    train:   valid:
    weighted total loss      0.799495  0.747686
    energy MSE [eV²]         0.253361  0.206012
    force MSE [(eV/Å)²]      0.373594  0.335890
    energy mae [kcal/mol]          12.011778  12.266975
    energy R²                    N/A  0.719534
    forces mae [kcal/mol/Å]        12.396658  11.881121
    forces R²                    N/A  0.903208
    dipole mae [tgt units]   0.356012  0.336756
    dipole R²                    N/A  0.388893
    dipole MSE [tgt²]        0.165818  0.151014
    charge loss [e²]         0.006722  0.054770
    charge RMSE [e]          0.081990  0.234029
    LR scale:  1.000000, effective LR:  0.000400
epoch: 498                    train:   valid:
    weighted total loss      0.818048  0.680959
    energy MSE [eV²]         0.271623  0.193066
    force MSE [(eV/Å)²]      0.373911  0.335984
    energy mae [kcal/mol]          12.557096  9.190494
    energy R²                    N/A  0.742976
    forces mae [kcal/mol/Å]        12.414202  11.882828
    forces R²                    N/A  0.903156
    dipole mae [tgt units]   0.355006  0.336366
    dipole R²                    N/A  0.389193
    dipole MSE [tgt²]        0.165706  0.151005
    charge loss [e²]         0.006809  0.000904
    charge RMSE [e]          0.082519  0.030070
    LR scale:  1.000000, effective LR:  0.000400
epoch: 499                    train:   valid:
    weighted total loss      0.791973  0.692052
    energy MSE [eV²]         0.250248  0.203930
    force MSE [(eV/Å)²]      0.374050  0.335970
    energy mae [kcal/mol]          11.935742  12.086453
    energy R²                    N/A  0.720942
    forces mae [kcal/mol/Å]        12.394276  11.898983
    forces R²                    N/A  0.903149
    dipole mae [tgt units]   0.354453  0.336004
    dipole R²                    N/A  0.390146
    dipole MSE [tgt²]        0.165493  0.150800
    charge loss [e²]         0.002182  0.001353
    charge RMSE [e]          0.046715  0.036782
    LR scale:  1.000000, effective LR:  0.000400
epoch: 500                    train:   valid:
    weighted total loss      0.785107  0.684381
    energy MSE [eV²]         0.243649  0.199097
    force MSE [(eV/Å)²]      0.373636  0.332852
    energy mae [kcal/mol]          11.608884  9.119767
    energy R²                    N/A  0.737198
    forces mae [kcal/mol/Å]        12.385221  11.796353
    forces R²                    N/A  0.904087
    dipole mae [tgt units]   0.355158  0.337534
    dipole R²                    N/A  0.387966
    dipole MSE [tgt²]        0.165848  0.151274
    charge loss [e²]         0.001975  0.001159
    charge RMSE [e]          0.044437  0.034045
    LR scale:  1.000000, effective LR:  0.000400

✓ Model config saved to /mmhome/boittier/home/ckpts/dipeptide_ef2_ptF_run0/config-d0e9ce01-6fcd-4524-aa98-54861c901ec5.json
✓ Parameters saved to /mmhome/boittier/home/ckpts/dipeptide_ef2_ptF_run0/params-d0e9ce01-6fcd-4524-aa98-54861c901ec5.json
✓ Round-trip check: 24 leaves, max diff = 0.00e+00
✓ Created symlinks in /mmhome/boittier/home/ckpts/dipeptide_ef2_ptF_run0: params.json, config.json, params-best.json, best-valid.json

============================================================
Training complete!
UUID: d0e9ce01-6fcd-4524-aa98-54861c901ec5
Config: /mmhome/boittier/home/ckpts/dipeptide_ef2_ptF_run0/config-d0e9ce01-6fcd-4524-aa98-54861c901ec5.json
Params: /mmhome/boittier/home/ckpts/dipeptide_ef2_ptF_run0/params-d0e9ce01-6fcd-4524-aa98-54861c901ec5.json
============================================================
