CUDA graph capture is not supported in this JAX version
JAX devices: [CudaDevice(id=0), CudaDevice(id=1)]
Arguments:
  data: None
  train_npz: out/splits01/energies_forces_dipoles_train.npz
  valid_npz: out/splits01/energies_forces_dipoles_valid.npz
  test_npz: out/splits01/energies_forces_dipoles_test.npz
  output_dir: /mmhome/boittier/home/ckpts/dipetidePert_ef2_ptT_run0
  features: 64
  max_degree: 0
  num_iterations: 2
  num_basis_functions: 32
  cutoff: 10.0
  num_train: 8000
  num_valid: 1000
  num_epochs: 500
  learning_rate: 0.0004
  batch_size: 16
  clip_norm: 1000.0
  ema_decay: 0.5
  early_stopping_patience: None
  early_stopping_min_delta: 0.0
  reduce_on_plateau_patience: 15
  reduce_on_plateau_cooldown: 15
  reduce_on_plateau_factor: 0.9
  reduce_on_plateau_rtol: 0.0001
  reduce_on_plateau_accumulation_size: 5
  reduce_on_plateau_min_scale: 0.01
  restart: None
  energy_weight: 1.0
  forces_weight: 1.0
  dipole_weight: 1.0
  charge_weight: 1.0
  dipole_field_coupling: False
  field_scale: 100.0
  zbl: True
  include_pseudotensors: True
  gradient_checkpoint: False
  rot_augment: True
  rot_perturbation: 1.0
  verbose: False
  save_every: 0
Hyperparameters:
  restart: None
  features: 64
  max_degree: 0
  num_iterations: 2
  num_basis_functions: 32
  cutoff: 10.0
  num_train: 8000
  num_valid: 1000
  num_epochs: 500
  learning_rate: 0.0004
  batch_size: 16
  clip_norm: 1000.0
  ema_decay: 0.5
  early_stopping_patience: None
  early_stopping_min_delta: 0.0
  reduce_on_plateau_patience: 15
  reduce_on_plateau_cooldown: 15
  reduce_on_plateau_factor: 0.9
  reduce_on_plateau_rtol: 0.0001
  reduce_on_plateau_accumulation_size: 5
  reduce_on_plateau_min_scale: 0.01
  save_every: 0
  rot_augment: True
  rot_perturbation: 1.0
Loading splits:
  train: out/splits01/energies_forces_dipoles_train.npz
  valid: out/splits01/energies_forces_dipoles_valid.npz

Test split (informational only, not used in training):
  atomic_numbers: (768, 29)
  positions: (768, 29, 3)
  electric_field: (768, 3)
  energies: (768,)
  forces: (768, 29, 3)
  D: (768, 3)

Prepared data shapes:
  train atomic_numbers: (6134, 29)
  train positions:      (6134, 29, 3)
  train electric_field: (6134, 3)
  train energies:       (6134,)
  train forces:        (6134, 29, 3)
Message passing model: MessagePassingModel(
    # attributes
    features = 64
    max_degree = 0
    num_iterations = 2
    num_basis_functions = 32
    cutoff = 10.0
    max_atomic_number = 55
    include_pseudotensors = True
    dipole_field_coupling = False
    field_scale = 100.0
    zbl = True
)

============================================================
Training Run UUID: 85fb458c-b63f-4b72-a102-557683f9f11f
============================================================

                             Validation Batch[0]                              
┏━━━━━━━━━━━━━━━━┳━━━━━━━━━━━━━━━━━━━━━━━━━━━━━━━━━━━━━━━━━━━━━━━━━━━━━━━━━━━┓
┃ Key            ┃ Shape + Stats                                             ┃
┡━━━━━━━━━━━━━━━━╇━━━━━━━━━━━━━━━━━━━━━━━━━━━━━━━━━━━━━━━━━━━━━━━━━━━━━━━━━━━┩
│ atomic_numbers │ shape=(464,) x∈[1, 16]                                    │
│ positions      │ shape=(464, 3) x∈[-11.78, 13.92] μ=-0.2818 σ=4.108        │
│ energies       │ shape=(16,) x∈[-128, -120.1] μ=-125.4 σ=1.68              │
│ forces         │ shape=(464, 3) x∈[-18.97, 13.56] μ=8.88e-06 σ=2.573       │
│ electric_field │ shape=(16, 3) x∈[-0.01439, 0.02215] μ=0.001791 σ=0.006659 │
│ dst_idx_flat   │ shape=(12992,) x∈[0, 463]                                 │
│ src_idx_flat   │ shape=(12992,) x∈[0, 463]                                 │
│ batch_segments │ shape=(464,) x∈[0, 15]                                    │
│ dipoles        │ shape=(16, 3) x∈[-1.845, 1.263] μ=0.1034 σ=0.6808         │
└────────────────┴───────────────────────────────────────────────────────────┘
epoch:   1                    train:   valid:
    weighted total loss      3989.604248  67.352783
    energy MSE [eV²]         3923.529785  14.449810
    force MSE [(eV/Å)²]      8.681292  3.830954
    energy mae [kcal/mol]          866.152039  99.755951
    energy R²                    N/A -19.688881
    forces mae [kcal/mol/Å]        73.293518  49.440201
    forces R²                    N/A -0.117617
    dipole mae [tgt units]   0.545546  0.542840
    dipole R²                    N/A  0.202316
    dipole MSE [tgt²]        0.252531  0.248492
    charge loss [e²]         57.143692  48.823532
    charge RMSE [e]          7.559345  6.987384
    LR scale:  1.000000, effective LR:  0.000400
    ✓ Best valid checkpoint: params-best-85fb458c-b63f-4b72-a102-557683f9f11f.json (weighted loss=67.352783, epoch 1)
epoch:   2                    train:   valid:
    weighted total loss      33.091877  5.075870
    energy MSE [eV²]         5.703847  2.067772
    force MSE [(eV/Å)²]      3.038860  2.660052
    energy mae [kcal/mol]          60.206272  36.917572
    energy R²                    N/A -1.793413
    forces mae [kcal/mol/Å]        42.133923  38.472225
    forces R²                    N/A  0.227136
    dipole mae [tgt units]   0.593034  0.643386
    dipole R²                    N/A -0.046962
    dipole MSE [tgt²]        0.287612  0.323966
    charge loss [e²]         24.061571  0.024079
    charge RMSE [e]          4.905260  0.155175
    LR scale:  1.000000, effective LR:  0.000400
    ✓ Best valid checkpoint: params-best-85fb458c-b63f-4b72-a102-557683f9f11f.json (weighted loss=5.075870, epoch 2)
epoch:   3                    train:   valid:
    weighted total loss      4.867210  4.174320
    energy MSE [eV²]         1.895941  1.336607
    force MSE [(eV/Å)²]      2.618740  2.502408
    energy mae [kcal/mol]          35.643475  30.201769
    energy R²                    N/A -0.784674
    forces mae [kcal/mol/Å]        37.818981  36.668694
    forces R²                    N/A  0.273373
    dipole mae [tgt units]   0.653213  0.647094
    dipole R²                    N/A -0.056995
    dipole MSE [tgt²]        0.334355  0.326950
    charge loss [e²]         0.018173  0.008355
    charge RMSE [e]          0.134806  0.091404
    LR scale:  1.000000, effective LR:  0.000400
    ✓ Best valid checkpoint: params-best-85fb458c-b63f-4b72-a102-557683f9f11f.json (weighted loss=4.174320, epoch 3)
epoch:   4                    train:   valid:
    weighted total loss      3.942109  3.581496
    energy MSE [eV²]         1.136085  0.899227
    force MSE [(eV/Å)²]      2.462837  2.359758
    energy mae [kcal/mol]          27.290825  24.745661
    energy R²                    N/A -0.174871
    forces mae [kcal/mol/Å]        36.243015  35.298508
    forces R²                    N/A  0.314961
    dipole mae [tgt units]   0.649739  0.633186
    dipole R²                    N/A -0.018250
    dipole MSE [tgt²]        0.331421  0.315193
    charge loss [e²]         0.011765  0.007316
    charge RMSE [e]          0.108468  0.085536
    LR scale:  1.000000, effective LR:  0.000400
    ✓ Best valid checkpoint: params-best-85fb458c-b63f-4b72-a102-557683f9f11f.json (weighted loss=3.581496, epoch 4)
epoch:   5                    train:   valid:
    weighted total loss      3.525886  3.205017
    energy MSE [eV²]         0.881982  0.688439
    force MSE [(eV/Å)²]      2.320596  2.210296
    energy mae [kcal/mol]          23.834335  20.887215
    energy R²                    N/A  0.127947
    forces mae [kcal/mol/Å]        35.020779  34.146931
    forces R²                    N/A  0.358322
    dipole mae [tgt units]   0.628135  0.604427
    dipole R²                    N/A  0.057618
    dipole MSE [tgt²]        0.313559  0.292213
    charge loss [e²]         0.009747  0.014068
    charge RMSE [e]          0.098729  0.118608
    LR scale:  1.000000, effective LR:  0.000400
    ✓ Best valid checkpoint: params-best-85fb458c-b63f-4b72-a102-557683f9f11f.json (weighted loss=3.205017, epoch 5)
epoch:   6                    train:   valid:
    weighted total loss      3.304031  3.151392
    energy MSE [eV²]         0.829132  0.803938
    force MSE [(eV/Å)²]      2.174362  2.069968
    energy mae [kcal/mol]          23.161699  23.342127
    energy R²                    N/A -0.076978
    forces mae [kcal/mol/Å]        33.907021  33.093048
    forces R²                    N/A  0.399007
    dipole mae [tgt units]   0.599025  0.574695
    dipole R²                    N/A  0.131204
    dipole MSE [tgt²]        0.290889  0.269883
    charge loss [e²]         0.009648  0.007603
    charge RMSE [e]          0.098226  0.087195
    LR scale:  1.000000, effective LR:  0.000400
    ✓ Best valid checkpoint: params-best-85fb458c-b63f-4b72-a102-557683f9f11f.json (weighted loss=3.151392, epoch 6)
epoch:   7                    train:   valid:
    weighted total loss      3.134374  2.829137
    energy MSE [eV²]         0.812969  0.635189
    force MSE [(eV/Å)²]      2.044384  1.937117
    energy mae [kcal/mol]          22.903254  19.981909
    energy R²                    N/A  0.190415
    forces mae [kcal/mol/Å]        32.906273  31.984043
    forces R²                    N/A  0.437554
    dipole mae [tgt units]   0.567838  0.536794
    dipole R²                    N/A  0.218105
    dipole MSE [tgt²]        0.267415  0.243439
    charge loss [e²]         0.009606  0.013392
    charge RMSE [e]          0.098008  0.115724
    LR scale:  1.000000, effective LR:  0.000400
    ✓ Best valid checkpoint: params-best-85fb458c-b63f-4b72-a102-557683f9f11f.json (weighted loss=2.829137, epoch 7)
epoch:   8                    train:   valid:
    weighted total loss      2.983822  2.753000
    energy MSE [eV²]         0.812415  0.708994
    force MSE [(eV/Å)²]      1.919454  1.817415
    energy mae [kcal/mol]          23.009378  21.222303
    energy R²                    N/A  0.088752
    forces mae [kcal/mol/Å]        31.814503  30.889847
    forces R²                    N/A  0.472309
    dipole mae [tgt units]   0.528585  0.496123
    dipole R²                    N/A  0.301751
    dipole MSE [tgt²]        0.241482  0.217867
    charge loss [e²]         0.010472  0.008724
    charge RMSE [e]          0.102331  0.093403
    LR scale:  1.000000, effective LR:  0.000400
    ✓ Best valid checkpoint: params-best-85fb458c-b63f-4b72-a102-557683f9f11f.json (weighted loss=2.753000, epoch 8)
epoch:   9                    train:   valid:
    weighted total loss      2.805155  2.765441
    energy MSE [eV²]         0.773275  0.838565
    force MSE [(eV/Å)²]      1.802697  1.706695
    energy mae [kcal/mol]          22.586468  23.569105
    energy R²                    N/A -0.094228
    forces mae [kcal/mol/Å]        30.751425  29.811016
    forces R²                    N/A  0.504462
    dipole mae [tgt units]   0.487728  0.458989
    dipole R²                    N/A  0.368303
    dipole MSE [tgt²]        0.217022  0.197354
    charge loss [e²]         0.012161  0.022827
    charge RMSE [e]          0.110277  0.151087
    LR scale:  1.000000, effective LR:  0.000400
epoch:  10                    train:   valid:
    weighted total loss      2.691041  2.382005
    energy MSE [eV²]         0.773871  0.579851
    force MSE [(eV/Å)²]      1.702803  1.608201
    energy mae [kcal/mol]          22.334711  19.148104
    energy R²                    N/A  0.261679
    forces mae [kcal/mol/Å]        29.738497  28.831167
    forces R²                    N/A  0.533059
    dipole mae [tgt units]   0.457194  0.430047
    dipole R²                    N/A  0.411886
    dipole MSE [tgt²]        0.201650  0.183718
    charge loss [e²]         0.012715  0.010235
    charge RMSE [e]          0.112762  0.101170
    LR scale:  1.000000, effective LR:  0.000400
    ✓ Best valid checkpoint: params-best-85fb458c-b63f-4b72-a102-557683f9f11f.json (weighted loss=2.382005, epoch 10)
epoch:  11                    train:   valid:
    weighted total loss      2.597284  2.401627
    energy MSE [eV²]         0.771181  0.679549
    force MSE [(eV/Å)²]      1.620313  1.531329
    energy mae [kcal/mol]          22.346651  21.087038
    energy R²                    N/A  0.122272
    forces mae [kcal/mol/Å]        28.857687  27.989643
    forces R²                    N/A  0.555384
    dipole mae [tgt units]   0.440487  0.416420
    dipole R²                    N/A  0.429349
    dipole MSE [tgt²]        0.193672  0.178135
    charge loss [e²]         0.012117  0.012615
    charge RMSE [e]          0.110078  0.112316
    LR scale:  1.000000, effective LR:  0.000400
epoch:  12                    train:   valid:
    weighted total loss      2.582479  2.208464
    energy MSE [eV²]         0.821266  0.541764
    force MSE [(eV/Å)²]      1.556999  1.481201
    energy mae [kcal/mol]          23.133142  18.551750
    energy R²                    N/A  0.304273
    forces mae [kcal/mol/Å]        28.140221  27.440029
    forces R²                    N/A  0.569951
    dipole mae [tgt units]   0.431467  0.411247
    dipole R²                    N/A  0.435673
    dipole MSE [tgt²]        0.190446  0.176115
    charge loss [e²]         0.013769  0.009384
    charge RMSE [e]          0.117340  0.096871
    LR scale:  1.000000, effective LR:  0.000400
    ✓ Best valid checkpoint: params-best-85fb458c-b63f-4b72-a102-557683f9f11f.json (weighted loss=2.208464, epoch 12)
epoch:  13                    train:   valid:
    weighted total loss      2.417070  2.223747
    energy MSE [eV²]         0.713587  0.607894
    force MSE [(eV/Å)²]      1.503393  1.430574
    energy mae [kcal/mol]          21.535759  19.896227
    energy R²                    N/A  0.194739
    forces mae [kcal/mol/Å]        27.542847  26.878929
    forces R²                    N/A  0.584650
    dipole mae [tgt units]   0.427114  0.407938
    dipole R²                    N/A  0.439822
    dipole MSE [tgt²]        0.188378  0.174825
    charge loss [e²]         0.011713  0.010453
    charge RMSE [e]          0.108226  0.102240
    LR scale:  1.000000, effective LR:  0.000400
epoch:  14                    train:   valid:
    weighted total loss      2.383569  2.170200
    energy MSE [eV²]         0.728812  0.601000
    force MSE [(eV/Å)²]      1.457651  1.389385
    energy mae [kcal/mol]          21.723267  19.779217
    energy R²                    N/A  0.200527
    forces mae [kcal/mol/Å]        27.024792  26.423409
    forces R²                    N/A  0.596610
    dipole mae [tgt units]   0.423624  0.404256
    dipole R²                    N/A  0.444432
    dipole MSE [tgt²]        0.187183  0.173394
    charge loss [e²]         0.009922  0.006420
    charge RMSE [e]          0.099608  0.080127
    LR scale:  1.000000, effective LR:  0.000400
    ✓ Best valid checkpoint: params-best-85fb458c-b63f-4b72-a102-557683f9f11f.json (weighted loss=2.170200, epoch 14)
epoch:  15                    train:   valid:
    weighted total loss      2.401865  2.172177
    energy MSE [eV²]         0.780730  0.634219
    force MSE [(eV/Å)²]      1.425516  1.359194
    energy mae [kcal/mol]          22.511372  20.465923
    energy R²                    N/A  0.182864
    forces mae [kcal/mol/Å]        26.645327  26.028364
    forces R²                    N/A  0.605392
    dipole mae [tgt units]   0.422042  0.401017
    dipole R²                    N/A  0.448544
    dipole MSE [tgt²]        0.186227  0.172152
    charge loss [e²]         0.009392  0.006613
    charge RMSE [e]          0.096911  0.081321
    LR scale:  1.000000, effective LR:  0.000400
epoch:  16                    train:   valid:
    weighted total loss      2.302268  1.994699
    energy MSE [eV²]         0.709151  0.485955
    force MSE [(eV/Å)²]      1.398433  1.333258
    energy mae [kcal/mol]          21.372572  17.564489
    energy R²                    N/A  0.381111
    forces mae [kcal/mol/Å]        26.337519  25.732399
    forces R²                    N/A  0.612927
    dipole mae [tgt units]   0.417772  0.397239
    dipole R²                    N/A  0.453234
    dipole MSE [tgt²]        0.184831  0.170732
    charge loss [e²]         0.009852  0.004756
    charge RMSE [e]          0.099257  0.068960
    LR scale:  1.000000, effective LR:  0.000400
    ✓ Best valid checkpoint: params-best-85fb458c-b63f-4b72-a102-557683f9f11f.json (weighted loss=1.994699, epoch 16)
epoch:  17                    train:   valid:
    weighted total loss      2.250622  2.012157
    energy MSE [eV²]         0.687510  0.529869
    force MSE [(eV/Å)²]      1.372148  1.308741
    energy mae [kcal/mol]          21.161978  18.466021
    energy R²                    N/A  0.327103
    forces mae [kcal/mol/Å]        26.018911  25.443888
    forces R²                    N/A  0.620060
    dipole mae [tgt units]   0.413527  0.394525
    dipole R²                    N/A  0.456687
    dipole MSE [tgt²]        0.183374  0.169750
    charge loss [e²]         0.007590  0.003797
    charge RMSE [e]          0.087118  0.061618
    LR scale:  1.000000, effective LR:  0.000400
epoch:  18                    train:   valid:
    weighted total loss      2.216215  2.145900
    energy MSE [eV²]         0.677626  0.682595
    force MSE [(eV/Å)²]      1.350547  1.289108
    energy mae [kcal/mol]          20.961714  21.637657
    energy R²                    N/A  0.109521
    forces mae [kcal/mol/Å]        25.790085  25.220510
    forces R²                    N/A  0.625769
    dipole mae [tgt units]   0.410702  0.389872
    dipole R²                    N/A  0.462121
    dipole MSE [tgt²]        0.181997  0.168099
    charge loss [e²]         0.006045  0.006098
    charge RMSE [e]          0.077747  0.078090
    LR scale:  1.000000, effective LR:  0.000400
epoch:  19                    train:   valid:
    weighted total loss      2.195795  2.003465
    energy MSE [eV²]         0.674162  0.560101
    force MSE [(eV/Å)²]      1.332167  1.273239
    energy mae [kcal/mol]          20.748989  18.987001
    energy R²                    N/A  0.255985
    forces mae [kcal/mol/Å]        25.577593  25.038136
    forces R²                    N/A  0.630388
    dipole mae [tgt units]   0.406408  0.387101
    dipole R²                    N/A  0.465468
    dipole MSE [tgt²]        0.180442  0.167176
    charge loss [e²]         0.009024  0.002949
    charge RMSE [e]          0.094997  0.054309
    LR scale:  1.000000, effective LR:  0.000400
epoch:  20                    train:   valid:
    weighted total loss      2.143301  1.897226
    energy MSE [eV²]         0.645600  0.472219
    force MSE [(eV/Å)²]      1.314268  1.257162
    energy mae [kcal/mol]          20.467907  17.300604
    energy R²                    N/A  0.392226
    forces mae [kcal/mol/Å]        25.356176  24.845926
    forces R²                    N/A  0.635071
    dipole mae [tgt units]   0.402173  0.382488
    dipole R²                    N/A  0.470483
    dipole MSE [tgt²]        0.179121  0.165659
    charge loss [e²]         0.004312  0.002185
    charge RMSE [e]          0.065664  0.046748
    LR scale:  1.000000, effective LR:  0.000400
    ✓ Best valid checkpoint: params-best-85fb458c-b63f-4b72-a102-557683f9f11f.json (weighted loss=1.897226, epoch 20)
epoch:  21                    train:   valid:
    weighted total loss      2.143441  1.858172
    energy MSE [eV²]         0.657159  0.448848
    force MSE [(eV/Å)²]      1.301127  1.243782
    energy mae [kcal/mol]          20.416403  16.864056
    energy R²                    N/A  0.430711
    forces mae [kcal/mol/Å]        25.212391  24.679352
    forces R²                    N/A  0.638971
    dipole mae [tgt units]   0.398669  0.377441
    dipole R²                    N/A  0.475636
    dipole MSE [tgt²]        0.177784  0.164054
    charge loss [e²]         0.007371  0.001488
    charge RMSE [e]          0.085855  0.038570
    LR scale:  1.000000, effective LR:  0.000400
    ✓ Best valid checkpoint: params-best-85fb458c-b63f-4b72-a102-557683f9f11f.json (weighted loss=1.858172, epoch 21)
epoch:  22                    train:   valid:
    weighted total loss      2.079590  2.011721
    energy MSE [eV²]         0.610991  0.619070
    force MSE [(eV/Å)²]      1.287545  1.228462
    energy mae [kcal/mol]          19.835913  20.629541
    energy R²                    N/A  0.197144
    forces mae [kcal/mol/Å]        25.066210  24.487419
    forces R²                    N/A  0.643433
    dipole mae [tgt units]   0.395074  0.374224
    dipole R²                    N/A  0.478962
    dipole MSE [tgt²]        0.176424  0.163083
    charge loss [e²]         0.004631  0.001107
    charge RMSE [e]          0.068049  0.033277
    LR scale:  1.000000, effective LR:  0.000400
epoch:  23                    train:   valid:
    weighted total loss      2.074265  1.831251
    energy MSE [eV²]         0.617223  0.449086
    force MSE [(eV/Å)²]      1.275410  1.218245
    energy mae [kcal/mol]          19.754099  16.857698
    energy R²                    N/A  0.422432
    forces mae [kcal/mol/Å]        24.904890  24.385618
    forces R²                    N/A  0.646413
    dipole mae [tgt units]   0.391258  0.370533
    dipole R²                    N/A  0.482481
    dipole MSE [tgt²]        0.175311  0.162001
    charge loss [e²]         0.006322  0.001918
    charge RMSE [e]          0.079510  0.043798
    LR scale:  1.000000, effective LR:  0.000400
    ✓ Best valid checkpoint: params-best-85fb458c-b63f-4b72-a102-557683f9f11f.json (weighted loss=1.831251, epoch 23)
epoch:  24                    train:   valid:
    weighted total loss      2.072703  1.833316
    energy MSE [eV²]         0.626531  0.462434
    force MSE [(eV/Å)²]      1.263554  1.208680
    energy mae [kcal/mol]          20.015797  17.279972
    energy R²                    N/A  0.417063
    forces mae [kcal/mol/Å]        24.771133  24.230476
    forces R²                    N/A  0.649215
    dipole mae [tgt units]   0.387083  0.368005
    dipole R²                    N/A  0.484949
    dipole MSE [tgt²]        0.174420  0.161260
    charge loss [e²]         0.008199  0.000942
    charge RMSE [e]          0.090549  0.030687
    LR scale:  1.000000, effective LR:  0.000400
epoch:  25                    train:   valid:
    weighted total loss      2.001212  1.847746
    energy MSE [eV²]         0.572441  0.488911
    force MSE [(eV/Å)²]      1.253803  1.197167
    energy mae [kcal/mol]          19.101528  17.990925
    energy R²                    N/A  0.378218
    forces mae [kcal/mol/Å]        24.653225  24.110212
    forces R²                    N/A  0.652565
    dipole mae [tgt units]   0.385249  0.365476
    dipole R²                    N/A  0.487311
    dipole MSE [tgt²]        0.173780  0.160541
    charge loss [e²]         0.001188  0.001127
    charge RMSE [e]          0.034470  0.033567
    LR scale:  1.000000, effective LR:  0.000400
epoch:  26                    train:   valid:
    weighted total loss      2.070512  1.817806
    energy MSE [eV²]         0.643137  0.457893
    force MSE [(eV/Å)²]      1.245374  1.191172
    energy mae [kcal/mol]          20.419453  17.264603
    energy R²                    N/A  0.421742
    forces mae [kcal/mol/Å]        24.571793  24.031757
    forces R²                    N/A  0.654328
    dipole mae [tgt units]   0.383728  0.363091
    dipole R²                    N/A  0.489401
    dipole MSE [tgt²]        0.173193  0.159875
    charge loss [e²]         0.008806  0.008867
    charge RMSE [e]          0.093843  0.094164
    LR scale:  1.000000, effective LR:  0.000400
    ✓ Best valid checkpoint: params-best-85fb458c-b63f-4b72-a102-557683f9f11f.json (weighted loss=1.817806, epoch 26)
epoch:  27                    train:   valid:
    weighted total loss      2.013713  1.765167
    energy MSE [eV²]         0.600238  0.422440
    force MSE [(eV/Å)²]      1.237598  1.182482
    energy mae [kcal/mol]          19.727615  16.375233
    energy R²                    N/A  0.469114
    forces mae [kcal/mol/Å]        24.464697  23.921932
    forces R²                    N/A  0.656863
    dipole mae [tgt units]   0.381123  0.362892
    dipole R²                    N/A  0.489794
    dipole MSE [tgt²]        0.172666  0.159840
    charge loss [e²]         0.003211  0.000404
    charge RMSE [e]          0.056669  0.020107
    LR scale:  1.000000, effective LR:  0.000400
    ✓ Best valid checkpoint: params-best-85fb458c-b63f-4b72-a102-557683f9f11f.json (weighted loss=1.765167, epoch 27)
epoch:  28                    train:   valid:
    weighted total loss      1.992977  1.751720
    energy MSE [eV²]         0.589738  0.417434
    force MSE [(eV/Å)²]      1.229128  1.174630
    energy mae [kcal/mol]          19.442545  16.324663
    energy R²                    N/A  0.474823
    forces mae [kcal/mol/Å]        24.356977  23.835913
    forces R²                    N/A  0.659158
    dipole mae [tgt units]   0.380307  0.360951
    dipole R²                    N/A  0.491380
    dipole MSE [tgt²]        0.172393  0.159303
    charge loss [e²]         0.001718  0.000353
    charge RMSE [e]          0.041450  0.018782
    LR scale:  1.000000, effective LR:  0.000400
    ✓ Best valid checkpoint: params-best-85fb458c-b63f-4b72-a102-557683f9f11f.json (weighted loss=1.751720, epoch 28)
epoch:  29                    train:   valid:
    weighted total loss      1.981204  1.766529
    energy MSE [eV²]         0.579305  0.440611
    force MSE [(eV/Å)²]      1.221383  1.166029
    energy mae [kcal/mol]          19.176418  16.926788
    energy R²                    N/A  0.445113
    forces mae [kcal/mol/Å]        24.286768  23.728195
    forces R²                    N/A  0.661664
    dipole mae [tgt units]   0.378503  0.360510
    dipole R²                    N/A  0.491962
    dipole MSE [tgt²]        0.172161  0.159174
    charge loss [e²]         0.008354  0.000715
    charge RMSE [e]          0.091402  0.026734
    LR scale:  1.000000, effective LR:  0.000400
epoch:  30                    train:   valid:
    weighted total loss      1.972349  1.729763
    energy MSE [eV²]         0.583386  0.410161
    force MSE [(eV/Å)²]      1.213068  1.160509
    energy mae [kcal/mol]          19.390465  16.167271
    energy R²                    N/A  0.484948
    forces mae [kcal/mol/Å]        24.175333  23.665419
    forces R²                    N/A  0.663280
    dipole mae [tgt units]   0.378588  0.359491
    dipole R²                    N/A  0.492844
    dipole MSE [tgt²]        0.171895  0.158882
    charge loss [e²]         0.004001  0.000211
    charge RMSE [e]          0.063250  0.014528
    LR scale:  1.000000, effective LR:  0.000400
    ✓ Best valid checkpoint: params-best-85fb458c-b63f-4b72-a102-557683f9f11f.json (weighted loss=1.729763, epoch 30)
epoch:  31                    train:   valid:
    weighted total loss      1.948515  1.719123
    energy MSE [eV²]         0.566233  0.407441
    force MSE [(eV/Å)²]      1.207042  1.152380
    energy mae [kcal/mol]          19.135363  16.146706
    energy R²                    N/A  0.487903
    forces mae [kcal/mol/Å]        24.096178  23.578045
    forces R²                    N/A  0.665652
    dipole mae [tgt units]   0.377218  0.358935
    dipole R²                    N/A  0.493399
    dipole MSE [tgt²]        0.171299  0.158724
    charge loss [e²]         0.003940  0.000578
    charge RMSE [e]          0.062772  0.024037
    LR scale:  1.000000, effective LR:  0.000400
    ✓ Best valid checkpoint: params-best-85fb458c-b63f-4b72-a102-557683f9f11f.json (weighted loss=1.719123, epoch 31)
epoch:  32                    train:   valid:
    weighted total loss      1.976369  1.780985
    energy MSE [eV²]         0.594540  0.475229
    force MSE [(eV/Å)²]      1.201141  1.145212
    energy mae [kcal/mol]          19.570896  17.845417
    energy R²                    N/A  0.395194
    forces mae [kcal/mol/Å]        24.051371  23.495209
    forces R²                    N/A  0.667744
    dipole mae [tgt units]   0.377409  0.359112
    dipole R²                    N/A  0.493411
    dipole MSE [tgt²]        0.171600  0.158775
    charge loss [e²]         0.009087  0.001769
    charge RMSE [e]          0.095325  0.042064
    LR scale:  1.000000, effective LR:  0.000400
epoch:  33                    train:   valid:
    weighted total loss      1.980849  1.780677
    energy MSE [eV²]         0.606607  0.481076
    force MSE [(eV/Å)²]      1.195181  1.140921
    energy mae [kcal/mol]          19.759558  18.016224
    energy R²                    N/A  0.386178
    forces mae [kcal/mol/Å]        23.964228  23.456310
    forces R²                    N/A  0.668999
    dipole mae [tgt units]   0.376365  0.358210
    dipole R²                    N/A  0.494137
    dipole MSE [tgt²]        0.171714  0.158505
    charge loss [e²]         0.007346  0.000175
    charge RMSE [e]          0.085708  0.013247
    LR scale:  1.000000, effective LR:  0.000400
epoch:  34                    train:   valid:
    weighted total loss      1.967598  1.693662
    energy MSE [eV²]         0.600028  0.398999
    force MSE [(eV/Å)²]      1.189354  1.135991
    energy mae [kcal/mol]          19.621119  15.886474
    energy R²                    N/A  0.497265
    forces mae [kcal/mol/Å]        23.924446  23.400547
    forces R²                    N/A  0.670445
    dipole mae [tgt units]   0.375952  0.357818
    dipole R²                    N/A  0.494506
    dipole MSE [tgt²]        0.171510  0.158383
    charge loss [e²]         0.006705  0.000289
    charge RMSE [e]          0.081884  0.016985
    LR scale:  1.000000, effective LR:  0.000400
    ✓ Best valid checkpoint: params-best-85fb458c-b63f-4b72-a102-557683f9f11f.json (weighted loss=1.693662, epoch 34)
epoch:  35                    train:   valid:
    weighted total loss      1.965169  2.088500
    energy MSE [eV²]         0.603971  0.781113
    force MSE [(eV/Å)²]      1.183516  1.129186
    energy mae [kcal/mol]          19.750004  24.257072
    energy R²                    N/A -0.044428
    forces mae [kcal/mol/Å]        23.857996  23.310762
    forces R²                    N/A  0.672432
    dipole mae [tgt units]   0.376065  0.359671
    dipole R²                    N/A  0.493215
    dipole MSE [tgt²]        0.171406  0.158926
    charge loss [e²]         0.006276  0.019276
    charge RMSE [e]          0.079220  0.138837
    LR scale:  1.000000, effective LR:  0.000400
epoch:  36                    train:   valid:
    weighted total loss      1.913154  1.692070
    energy MSE [eV²]         0.557563  0.400650
    force MSE [(eV/Å)²]      1.177736  1.124378
    energy mae [kcal/mol]          18.793766  15.936703
    energy R²                    N/A  0.496925
    forces mae [kcal/mol/Å]        23.796734  23.279463
    forces R²                    N/A  0.673835
    dipole mae [tgt units]   0.377345  0.357416
    dipole R²                    N/A  0.494901
    dipole MSE [tgt²]        0.171378  0.158254
    charge loss [e²]         0.006477  0.008789
    charge RMSE [e]          0.080478  0.093749
    LR scale:  1.000000, effective LR:  0.000400
    ✓ Best valid checkpoint: params-best-85fb458c-b63f-4b72-a102-557683f9f11f.json (weighted loss=1.692070, epoch 36)
epoch:  37                    train:   valid:
    weighted total loss      1.915003  1.749449
    energy MSE [eV²]         0.570737  0.474862
    force MSE [(eV/Å)²]      1.172487  1.115739
    energy mae [kcal/mol]          19.187473  17.948599
    energy R²                    N/A  0.392564
    forces mae [kcal/mol/Å]        23.752424  23.209061
    forces R²                    N/A  0.676341
    dipole mae [tgt units]   0.375927  0.357948
    dipole R²                    N/A  0.494609
    dipole MSE [tgt²]        0.171271  0.158413
    charge loss [e²]         0.000507  0.000436
    charge RMSE [e]          0.022525  0.020871
    LR scale:  1.000000, effective LR:  0.000400
epoch:  38                    train:   valid:
    weighted total loss      1.889342  1.675046
    energy MSE [eV²]         0.550401  0.400453
    force MSE [(eV/Å)²]      1.162793  1.110034
    energy mae [kcal/mol]          18.754261  15.979441
    energy R²                    N/A  0.496302
    forces mae [kcal/mol/Å]        23.669207  23.178364
    forces R²                    N/A  0.677999
    dipole mae [tgt units]   0.375257  0.356840
    dipole R²                    N/A  0.495447
    dipole MSE [tgt²]        0.171134  0.158070
    charge loss [e²]         0.005013  0.006488
    charge RMSE [e]          0.070805  0.080551
    LR scale:  1.000000, effective LR:  0.000400
    ✓ Best valid checkpoint: params-best-85fb458c-b63f-4b72-a102-557683f9f11f.json (weighted loss=1.675046, epoch 38)
epoch:  39                    train:   valid:
    weighted total loss      1.859921  1.924929
    energy MSE [eV²]         0.529860  0.665642
    force MSE [(eV/Å)²]      1.156636  1.100830
    energy mae [kcal/mol]          18.312595  22.137741
    energy R²                    N/A  0.117642
    forces mae [kcal/mol/Å]        23.621378  23.074041
    forces R²                    N/A  0.680674
    dipole mae [tgt units]   0.375747  0.357442
    dipole R²                    N/A  0.495168
    dipole MSE [tgt²]        0.171112  0.158245
    charge loss [e²]         0.002312  0.000212
    charge RMSE [e]          0.048087  0.014550
    LR scale:  1.000000, effective LR:  0.000400
epoch:  40                    train:   valid:
    weighted total loss      1.887125  1.742607
    energy MSE [eV²]         0.562877  0.484983
    force MSE [(eV/Å)²]      1.149733  1.095650
    energy mae [kcal/mol]          18.987261  17.394850
    energy R²                    N/A  0.357763
    forces mae [kcal/mol/Å]        23.533163  23.012131
    forces R²                    N/A  0.682198
    dipole mae [tgt units]   0.374091  0.357351
    dipole R²                    N/A  0.495281
    dipole MSE [tgt²]        0.170821  0.158219
    charge loss [e²]         0.003692  0.003755
    charge RMSE [e]          0.060763  0.061281
    LR scale:  1.000000, effective LR:  0.000400
epoch:  41                    train:   valid:
    weighted total loss      1.855962  1.659341
    energy MSE [eV²]         0.534957  0.390409
    force MSE [(eV/Å)²]      1.143388  1.088736
    energy mae [kcal/mol]          18.414875  15.718348
    energy R²                    N/A  0.508603
    forces mae [kcal/mol/Å]        23.474058  22.933968
    forces R²                    N/A  0.684215
    dipole mae [tgt units]   0.374042  0.357648
    dipole R²                    N/A  0.495112
    dipole MSE [tgt²]        0.170706  0.158309
    charge loss [e²]         0.006912  0.021887
    charge RMSE [e]          0.083136  0.147944
    LR scale:  1.000000, effective LR:  0.000400
    ✓ Best valid checkpoint: params-best-85fb458c-b63f-4b72-a102-557683f9f11f.json (weighted loss=1.659341, epoch 41)
epoch:  42                    train:   valid:
    weighted total loss      1.848625  1.710430
    energy MSE [eV²]         0.533471  0.469635
    force MSE [(eV/Å)²]      1.137897  1.081868
    energy mae [kcal/mol]          18.341660  17.836662
    energy R²                    N/A  0.398396
    forces mae [kcal/mol/Å]        23.431053  22.884869
    forces R²                    N/A  0.686209
    dipole mae [tgt units]   0.375605  0.356695
    dipole R²                    N/A  0.495875
    dipole MSE [tgt²]        0.171080  0.158018
    charge loss [e²]         0.006177  0.000910
    charge RMSE [e]          0.078593  0.030164
    LR scale:  1.000000, effective LR:  0.000400
epoch:  43                    train:   valid:
    weighted total loss      1.898709  1.647998
    energy MSE [eV²]         0.581159  0.404673
    force MSE [(eV/Å)²]      1.131687  1.079763
    energy mae [kcal/mol]          19.228891  16.032640
    energy R²                    N/A  0.492315
    forces mae [kcal/mol/Å]        23.366238  22.859035
    forces R²                    N/A  0.686825
    dipole mae [tgt units]   0.375342  0.358304
    dipole R²                    N/A  0.494856
    dipole MSE [tgt²]        0.171117  0.158451
    charge loss [e²]         0.014745  0.005110
    charge RMSE [e]          0.121429  0.071486
    LR scale:  1.000000, effective LR:  0.000400
    ✓ Best valid checkpoint: params-best-85fb458c-b63f-4b72-a102-557683f9f11f.json (weighted loss=1.647998, epoch 43)
epoch:  44                    train:   valid:
    weighted total loss      1.842218  1.697070
    energy MSE [eV²]         0.543684  0.465911
    force MSE [(eV/Å)²]      1.127361  1.073033
    energy mae [kcal/mol]          18.719080  17.025263
    energy R²                    N/A  0.386887
    forces mae [kcal/mol/Å]        23.348108  22.808559
    forces R²                    N/A  0.688787
    dipole mae [tgt units]   0.376125  0.356555
    dipole R²                    N/A  0.496149
    dipole MSE [tgt²]        0.170897  0.157944
    charge loss [e²]         0.000276  0.000182
    charge RMSE [e]          0.016611  0.013486
    LR scale:  1.000000, effective LR:  0.000400
epoch:  45                    train:   valid:
    weighted total loss      1.802770  1.674105
    energy MSE [eV²]         0.512076  0.448138
    force MSE [(eV/Å)²]      1.118801  1.065100
    energy mae [kcal/mol]          17.884449  16.683371
    energy R²                    N/A  0.412724
    forces mae [kcal/mol/Å]        23.254065  22.743500
    forces R²                    N/A  0.691095
    dipole mae [tgt units]   0.374113  0.355604
    dipole R²                    N/A  0.496742
    dipole MSE [tgt²]        0.170994  0.157667
    charge loss [e²]         0.000898  0.003200
    charge RMSE [e]          0.029967  0.056567
    LR scale:  1.000000, effective LR:  0.000400
epoch:  46                    train:   valid:
    weighted total loss      1.822441  1.616662
    energy MSE [eV²]         0.533971  0.399113
    force MSE [(eV/Å)²]      1.113562  1.059723
    energy mae [kcal/mol]          18.456232  15.989954
    energy R²                    N/A  0.497525
    forces mae [kcal/mol/Å]        23.220869  22.696569
    forces R²                    N/A  0.692657
    dipole mae [tgt units]   0.375419  0.355785
    dipole R²                    N/A  0.496887
    dipole MSE [tgt²]        0.170804  0.157703
    charge loss [e²]         0.004103  0.000123
    charge RMSE [e]          0.064054  0.011074
    LR scale:  1.000000, effective LR:  0.000400
    ✓ Best valid checkpoint: params-best-85fb458c-b63f-4b72-a102-557683f9f11f.json (weighted loss=1.616662, epoch 46)
epoch:  47                    train:   valid:
    weighted total loss      1.791789  1.904992
    energy MSE [eV²]         0.511808  0.693177
    force MSE [(eV/Å)²]      1.108043  1.053518
    energy mae [kcal/mol]          18.059782  21.382641
    energy R²                    N/A  0.041185
    forces mae [kcal/mol/Å]        23.187857  22.654314
    forces R²                    N/A  0.694463
    dipole mae [tgt units]   0.374111  0.355592
    dipole R²                    N/A  0.497087
    dipole MSE [tgt²]        0.170779  0.157640
    charge loss [e²]         0.001158  0.000657
    charge RMSE [e]          0.034029  0.025641
    LR scale:  1.000000, effective LR:  0.000400
epoch:  48                    train:   valid:
    weighted total loss      1.897439  1.605174
    energy MSE [eV²]         0.610010  0.396307
    force MSE [(eV/Å)²]      1.103701  1.051204
    energy mae [kcal/mol]          19.870520  15.655451
    energy R²                    N/A  0.495175
    forces mae [kcal/mol/Å]        23.133106  22.618443
    forces R²                    N/A  0.695144
    dipole mae [tgt units]   0.373808  0.355282
    dipole R²                    N/A  0.497337
    dipole MSE [tgt²]        0.170808  0.157534
    charge loss [e²]         0.012921  0.000128
    charge RMSE [e]          0.113670  0.011334
    LR scale:  1.000000, effective LR:  0.000400
    ✓ Best valid checkpoint: params-best-85fb458c-b63f-4b72-a102-557683f9f11f.json (weighted loss=1.605174, epoch 48)
epoch:  49                    train:   valid:
    weighted total loss      1.804423  1.581729
    energy MSE [eV²]         0.535696  0.380609
    force MSE [(eV/Å)²]      1.097712  1.043652
    energy mae [kcal/mol]          18.532913  15.544934
    energy R²                    N/A  0.520127
    forces mae [kcal/mol/Å]        23.093651  22.566303
    forces R²                    N/A  0.697336
    dipole mae [tgt units]   0.374660  0.354656
    dipole R²                    N/A  0.497722
    dipole MSE [tgt²]        0.170772  0.157349
    charge loss [e²]         0.000243  0.000120
    charge RMSE [e]          0.015590  0.010954
    LR scale:  1.000000, effective LR:  0.000400
    ✓ Best valid checkpoint: params-best-85fb458c-b63f-4b72-a102-557683f9f11f.json (weighted loss=1.581729, epoch 49)
epoch:  50                    train:   valid:
    weighted total loss      1.784955  1.571446
    energy MSE [eV²]         0.520894  0.378252
    force MSE [(eV/Å)²]      1.091955  1.035725
    energy mae [kcal/mol]          18.187212  15.442956
    energy R²                    N/A  0.523394
    forces mae [kcal/mol/Å]        23.047478  22.498259
    forces R²                    N/A  0.699633
    dipole mae [tgt units]   0.373436  0.354612
    dipole R²                    N/A  0.497959
    dipole MSE [tgt²]        0.170762  0.157325
    charge loss [e²]         0.001343  0.000144
    charge RMSE [e]          0.036654  0.011991
    LR scale:  1.000000, effective LR:  0.000400
    ✓ Best valid checkpoint: params-best-85fb458c-b63f-4b72-a102-557683f9f11f.json (weighted loss=1.571446, epoch 50)
epoch:  51                    train:   valid:
    weighted total loss      1.791872  1.564537
    energy MSE [eV²]         0.531666  0.376491
    force MSE [(eV/Å)²]      1.084943  1.029725
    energy mae [kcal/mol]          18.491072  15.333513
    energy R²                    N/A  0.523871
    forces mae [kcal/mol/Å]        22.990738  22.443745
    forces R²                    N/A  0.701374
    dipole mae [tgt units]   0.373185  0.354534
    dipole R²                    N/A  0.498233
    dipole MSE [tgt²]        0.170388  0.157278
    charge loss [e²]         0.004876  0.001043
    charge RMSE [e]          0.069831  0.032296
    LR scale:  1.000000, effective LR:  0.000400
    ✓ Best valid checkpoint: params-best-85fb458c-b63f-4b72-a102-557683f9f11f.json (weighted loss=1.564537, epoch 51)
epoch:  52                    train:   valid:
    weighted total loss      1.755680  1.564557
    energy MSE [eV²]         0.504135  0.385729
    force MSE [(eV/Å)²]      1.078176  1.021519
    energy mae [kcal/mol]          17.854429  15.723024
    energy R²                    N/A  0.512923
    forces mae [kcal/mol/Å]        22.924538  22.388832
    forces R²                    N/A  0.703752
    dipole mae [tgt units]   0.373308  0.354026
    dipole R²                    N/A  0.498631
    dipole MSE [tgt²]        0.170603  0.157124
    charge loss [e²]         0.002765  0.000186
    charge RMSE [e]          0.052583  0.013638
    LR scale:  1.000000, effective LR:  0.000400
epoch:  53                    train:   valid:
    weighted total loss      1.798039  1.548103
    energy MSE [eV²]         0.549293  0.373920
    force MSE [(eV/Å)²]      1.072064  1.017037
    energy mae [kcal/mol]          18.790545  15.310105
    energy R²                    N/A  0.529290
    forces mae [kcal/mol/Å]        22.868553  22.338966
    forces R²                    N/A  0.705064
    dipole mae [tgt units]   0.371096  0.353700
    dipole R²                    N/A  0.499066
    dipole MSE [tgt²]        0.170342  0.157000
    charge loss [e²]         0.006340  0.000145
    charge RMSE [e]          0.079627  0.012056
    LR scale:  1.000000, effective LR:  0.000400
    ✓ Best valid checkpoint: params-best-85fb458c-b63f-4b72-a102-557683f9f11f.json (weighted loss=1.548103, epoch 53)
epoch:  54                    train:   valid:
    weighted total loss      1.791147  1.568327
    energy MSE [eV²]         0.545620  0.400528
    force MSE [(eV/Å)²]      1.065729  1.010751
    energy mae [kcal/mol]          18.630568  16.093494
    energy R²                    N/A  0.493553
    forces mae [kcal/mol/Å]        22.828476  22.270983
    forces R²                    N/A  0.706893
    dipole mae [tgt units]   0.371859  0.353405
    dipole R²                    N/A  0.499334
    dipole MSE [tgt²]        0.170256  0.156905
    charge loss [e²]         0.009541  0.000143
    charge RMSE [e]          0.097678  0.011955
    LR scale:  1.000000, effective LR:  0.000400
epoch:  55                    train:   valid:
    weighted total loss      1.739989  1.527666
    energy MSE [eV²]         0.506870  0.368059
    force MSE [(eV/Å)²]      1.059174  1.002550
    energy mae [kcal/mol]          17.835949  15.160368
    energy R²                    N/A  0.535580
    forces mae [kcal/mol/Å]        22.774586  22.220472
    forces R²                    N/A  0.709268
    dipole mae [tgt units]   0.372095  0.353143
    dipole R²                    N/A  0.499521
    dipole MSE [tgt²]        0.170335  0.156835
    charge loss [e²]         0.003610  0.000221
    charge RMSE [e]          0.060083  0.014861
    LR scale:  1.000000, effective LR:  0.000400
    ✓ Best valid checkpoint: params-best-85fb458c-b63f-4b72-a102-557683f9f11f.json (weighted loss=1.527666, epoch 55)
epoch:  56                    train:   valid:
    weighted total loss      1.726879  1.559195
    energy MSE [eV²]         0.502290  0.407817
    force MSE [(eV/Å)²]      1.049353  0.994336
    energy mae [kcal/mol]          17.692665  15.761456
    energy R²                    N/A  0.471815
    forces mae [kcal/mol/Å]        22.698532  22.136572
    forces R²                    N/A  0.711660
    dipole mae [tgt units]   0.370900  0.352773
    dipole R²                    N/A  0.499824
    dipole MSE [tgt²]        0.170186  0.156721
    charge loss [e²]         0.005050  0.000321
    charge RMSE [e]          0.071064  0.017918
    LR scale:  1.000000, effective LR:  0.000400
epoch:  57                    train:   valid:
    weighted total loss      1.736363  1.509269
    energy MSE [eV²]         0.520275  0.365045
    force MSE [(eV/Å)²]      1.042400  0.987461
    energy mae [kcal/mol]          18.179438  15.027867
    energy R²                    N/A  0.537870
    forces mae [kcal/mol/Å]        22.620638  22.091103
    forces R²                    N/A  0.713655
    dipole mae [tgt units]   0.371217  0.352350
    dipole R²                    N/A  0.500121
    dipole MSE [tgt²]        0.170277  0.156599
    charge loss [e²]         0.003409  0.000164
    charge RMSE [e]          0.058390  0.012815
    LR scale:  1.000000, effective LR:  0.000400
    ✓ Best valid checkpoint: params-best-85fb458c-b63f-4b72-a102-557683f9f11f.json (weighted loss=1.509269, epoch 57)
epoch:  58                    train:   valid:
    weighted total loss      1.725581  1.776087
    energy MSE [eV²]         0.516042  0.637151
    force MSE [(eV/Å)²]      1.032289  0.978151
    energy mae [kcal/mol]          17.934399  21.945932
    energy R²                    N/A  0.147272
    forces mae [kcal/mol/Å]        22.534901  21.994511
    forces R²                    N/A  0.716357
    dipole mae [tgt units]   0.370106  0.352479
    dipole R²                    N/A  0.500191
    dipole MSE [tgt²]        0.169902  0.156640
    charge loss [e²]         0.007347  0.004146
    charge RMSE [e]          0.085716  0.064386
    LR scale:  1.000000, effective LR:  0.000400
epoch:  59                    train:   valid:
    weighted total loss      1.738259  1.524254
    energy MSE [eV²]         0.530665  0.395834
    force MSE [(eV/Å)²]      1.028062  0.971660
    energy mae [kcal/mol]          18.368578  16.087185
    energy R²                    N/A  0.496251
    forces mae [kcal/mol/Å]        22.514484  21.944422
    forces R²                    N/A  0.718244
    dipole mae [tgt units]   0.370595  0.351924
    dipole R²                    N/A  0.500476
    dipole MSE [tgt²]        0.170272  0.156474
    charge loss [e²]         0.009260  0.000286
    charge RMSE [e]          0.096227  0.016900
    LR scale:  1.000000, effective LR:  0.000400
epoch:  60                    train:   valid:
    weighted total loss      1.742539  1.576770
    energy MSE [eV²]         0.546622  0.454432
    force MSE [(eV/Å)²]      1.019515  0.965397
    energy mae [kcal/mol]          18.628254  17.714636
    energy R²                    N/A  0.411074
    forces mae [kcal/mol/Å]        22.426243  21.895798
    forces R²                    N/A  0.720058
    dipole mae [tgt units]   0.370128  0.351771
    dipole R²                    N/A  0.500588
    dipole MSE [tgt²]        0.169967  0.156435
    charge loss [e²]         0.006436  0.000505
    charge RMSE [e]          0.080222  0.022479
    LR scale:  1.000000, effective LR:  0.000400
epoch:  61                    train:   valid:
    weighted total loss      1.662224  1.574348
    energy MSE [eV²]         0.479595  0.463685
    force MSE [(eV/Å)²]      1.012318  0.954005
    energy mae [kcal/mol]          17.197588  17.960293
    energy R²                    N/A  0.396401
    forces mae [kcal/mol/Å]        22.365164  21.792923
    forces R²                    N/A  0.723357
    dipole mae [tgt units]   0.370490  0.351592
    dipole R²                    N/A  0.500989
    dipole MSE [tgt²]        0.169972  0.156392
    charge loss [e²]         0.000339  0.000267
    charge RMSE [e]          0.018410  0.016344
    LR scale:  1.000000, effective LR:  0.000400
epoch:  62                    train:   valid:
    weighted total loss      1.697258  1.590721
    energy MSE [eV²]         0.516295  0.470505
    force MSE [(eV/Å)²]      1.002229  0.949219
    energy mae [kcal/mol]          18.133045  18.103481
    energy R²                    N/A  0.387514
    forces mae [kcal/mol/Å]        22.255569  21.730000
    forces R²                    N/A  0.724756
    dipole mae [tgt units]   0.370725  0.351083
    dipole R²                    N/A  0.501222
    dipole MSE [tgt²]        0.170104  0.156232
    charge loss [e²]         0.008630  0.014765
    charge RMSE [e]          0.092896  0.121512
    LR scale:  1.000000, effective LR:  0.000400
epoch:  63                    train:   valid:
    weighted total loss      1.640381  1.462046
    energy MSE [eV²]         0.474731  0.367011
    force MSE [(eV/Å)²]      0.994193  0.938543
    energy mae [kcal/mol]          17.217056  14.856798
    energy R²                    N/A  0.531649
    forces mae [kcal/mol/Å]        22.181343  21.641771
    forces R²                    N/A  0.727842
    dipole mae [tgt units]   0.369229  0.350885
    dipole R²                    N/A  0.501458
    dipole MSE [tgt²]        0.169884  0.156211
    charge loss [e²]         0.001573  0.000282
    charge RMSE [e]          0.039664  0.016785
    LR scale:  1.000000, effective LR:  0.000400
    ✓ Best valid checkpoint: params-best-85fb458c-b63f-4b72-a102-557683f9f11f.json (weighted loss=1.462046, epoch 63)
epoch:  64                    train:   valid:
    weighted total loss      1.666727  1.451115
    energy MSE [eV²]         0.501782  0.363442
    force MSE [(eV/Å)²]      0.984271  0.930669
    energy mae [kcal/mol]          17.714935  15.016379
    energy R²                    N/A  0.541372
    forces mae [kcal/mol/Å]        22.093067  21.559200
    forces R²                    N/A  0.730119
    dipole mae [tgt units]   0.370320  0.351251
    dipole R²                    N/A  0.501392
    dipole MSE [tgt²]        0.169987  0.156322
    charge loss [e²]         0.010687  0.000682
    charge RMSE [e]          0.103379  0.026114
    LR scale:  1.000000, effective LR:  0.000400
    ✓ Best valid checkpoint: params-best-85fb458c-b63f-4b72-a102-557683f9f11f.json (weighted loss=1.451115, epoch 64)
epoch:  65                    train:   valid:
    weighted total loss      1.630135  1.575724
    energy MSE [eV²]         0.481862  0.499115
    force MSE [(eV/Å)²]      0.976671  0.919507
    energy mae [kcal/mol]          17.381227  18.926922
    energy R²                    N/A  0.341420
    forces mae [kcal/mol/Å]        22.014853  21.454727
    forces R²                    N/A  0.733360
    dipole mae [tgt units]   0.368823  0.350706
    dipole R²                    N/A  0.501660
    dipole MSE [tgt²]        0.169716  0.156186
    charge loss [e²]         0.001885  0.000916
    charge RMSE [e]          0.043422  0.030263
    LR scale:  1.000000, effective LR:  0.000400
epoch:  66                    train:   valid:
    weighted total loss      1.679992  1.430167
    energy MSE [eV²]         0.533449  0.355981
    force MSE [(eV/Å)²]      0.968740  0.917799
    energy mae [kcal/mol]          18.324675  14.663207
    energy R²                    N/A  0.550587
    forces mae [kcal/mol/Å]        21.953297  21.447775
    forces R²                    N/A  0.733847
    dipole mae [tgt units]   0.367756  0.350468
    dipole R²                    N/A  0.501830
    dipole MSE [tgt²]        0.169884  0.156122
    charge loss [e²]         0.007918  0.000265
    charge RMSE [e]          0.088982  0.016281
    LR scale:  1.000000, effective LR:  0.000400
    ✓ Best valid checkpoint: params-best-85fb458c-b63f-4b72-a102-557683f9f11f.json (weighted loss=1.430167, epoch 66)
epoch:  67                    train:   valid:
    weighted total loss      1.602532  1.421038
    energy MSE [eV²]         0.471222  0.358273
    force MSE [(eV/Å)²]      0.960811  0.906373
    energy mae [kcal/mol]          17.218115  14.955064
    energy R²                    N/A  0.545189
    forces mae [kcal/mol/Å]        21.886003  21.347328
    forces R²                    N/A  0.737163
    dipole mae [tgt units]   0.368412  0.350270
    dipole R²                    N/A  0.502035
    dipole MSE [tgt²]        0.169789  0.156070
    charge loss [e²]         0.000710  0.000323
    charge RMSE [e]          0.026646  0.017960
    LR scale:  1.000000, effective LR:  0.000400
    ✓ Best valid checkpoint: params-best-85fb458c-b63f-4b72-a102-557683f9f11f.json (weighted loss=1.421038, epoch 67)
epoch:  68                    train:   valid:
    weighted total loss      1.678868  1.405815
    energy MSE [eV²]         0.537430  0.348390
    force MSE [(eV/Å)²]      0.955620  0.900872
    energy mae [kcal/mol]          18.634380  14.588022
    energy R²                    N/A  0.558164
    forces mae [kcal/mol/Å]        21.839037  21.290333
    forces R²                    N/A  0.738764
    dipole mae [tgt units]   0.369416  0.350459
    dipole R²                    N/A  0.502026
    dipole MSE [tgt²]        0.169771  0.156118
    charge loss [e²]         0.016047  0.000435
    charge RMSE [e]          0.126678  0.020856
    LR scale:  1.000000, effective LR:  0.000400
    ✓ Best valid checkpoint: params-best-85fb458c-b63f-4b72-a102-557683f9f11f.json (weighted loss=1.405815, epoch 68)
epoch:  69                    train:   valid:
    weighted total loss      1.648442  1.441758
    energy MSE [eV²]         0.528016  0.388677
    force MSE [(eV/Å)²]      0.950104  0.896753
    energy mae [kcal/mol]          18.509083  15.041996
    energy R²                    N/A  0.496053
    forces mae [kcal/mol/Å]        21.786577  21.237003
    forces R²                    N/A  0.739958
    dipole mae [tgt units]   0.368274  0.350148
    dipole R²                    N/A  0.502135
    dipole MSE [tgt²]        0.169737  0.156033
    charge loss [e²]         0.000584  0.000295
    charge RMSE [e]          0.024170  0.017173
    LR scale:  1.000000, effective LR:  0.000400
epoch:  70                    train:   valid:
    weighted total loss      1.597063  1.395184
    energy MSE [eV²]         0.483617  0.350982
    force MSE [(eV/Å)²]      0.942552  0.887888
    energy mae [kcal/mol]          17.357260  14.665026
    energy R²                    N/A  0.555211
    forces mae [kcal/mol/Å]        21.691982  21.149897
    forces R²                    N/A  0.742520
    dipole mae [tgt units]   0.369252  0.350029
    dipole R²                    N/A  0.502425
    dipole MSE [tgt²]        0.169754  0.156005
    charge loss [e²]         0.001141  0.000309
    charge RMSE [e]          0.033782  0.017566
    LR scale:  1.000000, effective LR:  0.000400
    ✓ Best valid checkpoint: params-best-85fb458c-b63f-4b72-a102-557683f9f11f.json (weighted loss=1.395184, epoch 70)
epoch:  71                    train:   valid:
    weighted total loss      1.549423  1.409061
    energy MSE [eV²]         0.445123  0.374712
    force MSE [(eV/Å)²]      0.933663  0.878054
    energy mae [kcal/mol]          16.639767  15.538159
    energy R²                    N/A  0.519641
    forces mae [kcal/mol/Å]        21.629507  21.040785
    forces R²                    N/A  0.745377
    dipole mae [tgt units]   0.368014  0.349852
    dipole R²                    N/A  0.502378
    dipole MSE [tgt²]        0.169759  0.155969
    charge loss [e²]         0.000877  0.000327
    charge RMSE [e]          0.029616  0.018096
    LR scale:  1.000000, effective LR:  0.000400
epoch:  72                    train:   valid:
    weighted total loss      1.608386  1.378358
    energy MSE [eV²]         0.502868  0.343230
    force MSE [(eV/Å)²]      0.926127  0.873789
    energy mae [kcal/mol]          17.824652  14.457891
    energy R²                    N/A  0.562788
    forces mae [kcal/mol/Å]        21.555790  21.024725
    forces R²                    N/A  0.746607
    dipole mae [tgt units]   0.368182  0.349917
    dipole R²                    N/A  0.502211
    dipole MSE [tgt²]        0.169557  0.155959
    charge loss [e²]         0.009835  0.005380
    charge RMSE [e]          0.099171  0.073352
    LR scale:  1.000000, effective LR:  0.000400
    ✓ Best valid checkpoint: params-best-85fb458c-b63f-4b72-a102-557683f9f11f.json (weighted loss=1.378358, epoch 72)
epoch:  73                    train:   valid:
    weighted total loss      1.647760  1.485273
    energy MSE [eV²]         0.542302  0.455843
    force MSE [(eV/Å)²]      0.922943  0.870120
    energy mae [kcal/mol]          18.898003  17.985167
    energy R²                    N/A  0.400987
    forces mae [kcal/mol/Å]        21.541712  21.005119
    forces R²                    N/A  0.747656
    dipole mae [tgt units]   0.368727  0.349950
    dipole R²                    N/A  0.502591
    dipole MSE [tgt²]        0.169661  0.155980
    charge loss [e²]         0.012854  0.003330
    charge RMSE [e]          0.113375  0.057704
    LR scale:  1.000000, effective LR:  0.000400
epoch:  74                    train:   valid:
    weighted total loss      1.524908  1.366280
    energy MSE [eV²]         0.438322  0.349944
    force MSE [(eV/Å)²]      0.915967  0.860065
    energy mae [kcal/mol]          16.415335  14.735657
    energy R²                    N/A  0.553859
    forces mae [kcal/mol/Å]        21.457636  20.876755
    forces R²                    N/A  0.750582
    dipole mae [tgt units]   0.368657  0.349576
    dipole R²                    N/A  0.502760
    dipole MSE [tgt²]        0.169704  0.155887
    charge loss [e²]         0.000914  0.000384
    charge RMSE [e]          0.030230  0.019586
    LR scale:  1.000000, effective LR:  0.000400
    ✓ Best valid checkpoint: params-best-85fb458c-b63f-4b72-a102-557683f9f11f.json (weighted loss=1.366280, epoch 74)
epoch:  75                    train:   valid:
    weighted total loss      1.538495  1.352663
    energy MSE [eV²]         0.459287  0.343393
    force MSE [(eV/Å)²]      0.906894  0.853065
    energy mae [kcal/mol]          16.909107  14.490335
    energy R²                    N/A  0.562440
    forces mae [kcal/mol/Å]        21.341711  20.808865
    forces R²                    N/A  0.752603
    dipole mae [tgt units]   0.366766  0.349468
    dipole R²                    N/A  0.502852
    dipole MSE [tgt²]        0.169593  0.155865
    charge loss [e²]         0.002721  0.000340
    charge RMSE [e]          0.052167  0.018441
    LR scale:  1.000000, effective LR:  0.000400
    ✓ Best valid checkpoint: params-best-85fb458c-b63f-4b72-a102-557683f9f11f.json (weighted loss=1.352663, epoch 75)
epoch:  76                    train:   valid:
    weighted total loss      1.531314  1.343217
    energy MSE [eV²]         0.457826  0.339074
    force MSE [(eV/Å)²]      0.900203  0.847635
    energy mae [kcal/mol]          16.888948  14.139347
    energy R²                    N/A  0.568520
    forces mae [kcal/mol/Å]        21.293320  20.744598
    forces R²                    N/A  0.754176
    dipole mae [tgt units]   0.368214  0.349303
    dipole R²                    N/A  0.502979
    dipole MSE [tgt²]        0.169548  0.155808
    charge loss [e²]         0.003738  0.000700
    charge RMSE [e]          0.061135  0.026456
    LR scale:  1.000000, effective LR:  0.000400
    ✓ Best valid checkpoint: params-best-85fb458c-b63f-4b72-a102-557683f9f11f.json (weighted loss=1.343217, epoch 76)
epoch:  77                    train:   valid:
    weighted total loss      1.572838  1.656851
    energy MSE [eV²]         0.499302  0.658506
    force MSE [(eV/Å)²]      0.895780  0.841715
    energy mae [kcal/mol]          17.835762  22.890833
    energy R²                    N/A  0.100249
    forces mae [kcal/mol/Å]        21.248308  20.674452
    forces R²                    N/A  0.755897
    dipole mae [tgt units]   0.367704  0.349170
    dipole R²                    N/A  0.503158
    dipole MSE [tgt²]        0.169669  0.155766
    charge loss [e²]         0.008087  0.000864
    charge RMSE [e]          0.089926  0.029388
    LR scale:  1.000000, effective LR:  0.000400
epoch:  78                    train:   valid:
    weighted total loss      1.583211  1.331237
    energy MSE [eV²]         0.511463  0.336575
    force MSE [(eV/Å)²]      0.892669  0.838359
    energy mae [kcal/mol]          17.969736  14.123698
    energy R²                    N/A  0.572433
    forces mae [kcal/mol/Å]        21.211054  20.671450
    forces R²                    N/A  0.756854
    dipole mae [tgt units]   0.367703  0.349597
    dipole R²                    N/A  0.502908
    dipole MSE [tgt²]        0.169564  0.155878
    charge loss [e²]         0.009516  0.000424
    charge RMSE [e]          0.097549  0.020600
    LR scale:  1.000000, effective LR:  0.000400
    ✓ Best valid checkpoint: params-best-85fb458c-b63f-4b72-a102-557683f9f11f.json (weighted loss=1.331237, epoch 78)
epoch:  79                    train:   valid:
    weighted total loss      1.515228  1.343220
    energy MSE [eV²]         0.460513  0.355694
    force MSE [(eV/Å)²]      0.884199  0.831459
    energy mae [kcal/mol]          16.926767  15.045331
    energy R²                    N/A  0.543836
    forces mae [kcal/mol/Å]        21.139414  20.577307
    forces R²                    N/A  0.758862
    dipole mae [tgt units]   0.367649  0.348976
    dipole R²                    N/A  0.503313
    dipole MSE [tgt²]        0.169337  0.155696
    charge loss [e²]         0.001180  0.000372
    charge RMSE [e]          0.034346  0.019280
    LR scale:  1.000000, effective LR:  0.000400
epoch:  80                    train:   valid:
    weighted total loss      1.507660  1.387016
    energy MSE [eV²]         0.453152  0.384703
    force MSE [(eV/Å)²]      0.878626  0.828058
    energy mae [kcal/mol]          16.798914  14.736970
    energy R²                    N/A  0.499132
    forces mae [kcal/mol/Å]        21.052269  20.539045
    forces R²                    N/A  0.759854
    dipole mae [tgt units]   0.366910  0.349149
    dipole R²                    N/A  0.503126
    dipole MSE [tgt²]        0.169519  0.155708
    charge loss [e²]         0.006361  0.018547
    charge RMSE [e]          0.079758  0.136189
    LR scale:  1.000000, effective LR:  0.000400
epoch:  81                    train:   valid:
    weighted total loss      1.522838  1.412421
    energy MSE [eV²]         0.470331  0.435248
    force MSE [(eV/Å)²]      0.874000  0.820859
    energy mae [kcal/mol]          17.257252  17.529045
    energy R²                    N/A  0.426883
    forces mae [kcal/mol/Å]        21.018562  20.479574
    forces R²                    N/A  0.761929
    dipole mae [tgt units]   0.367205  0.348997
    dipole R²                    N/A  0.503440
    dipole MSE [tgt²]        0.169470  0.155678
    charge loss [e²]         0.009036  0.000637
    charge RMSE [e]          0.095057  0.025232
    LR scale:  1.000000, effective LR:  0.000400
epoch:  82                    train:   valid:
    weighted total loss      1.547282  1.309237
    energy MSE [eV²]         0.503392  0.334621
    force MSE [(eV/Å)²]      0.868872  0.817942
    energy mae [kcal/mol]          17.944809  13.891003
    energy R²                    N/A  0.572758
    forces mae [kcal/mol/Å]        20.987040  20.453773
    forces R²                    N/A  0.762770
    dipole mae [tgt units]   0.366804  0.349073
    dipole R²                    N/A  0.503528
    dipole MSE [tgt²]        0.169146  0.155691
    charge loss [e²]         0.005871  0.000983
    charge RMSE [e]          0.076620  0.031350
    LR scale:  1.000000, effective LR:  0.000400
    ✓ Best valid checkpoint: params-best-85fb458c-b63f-4b72-a102-557683f9f11f.json (weighted loss=1.309237, epoch 82)
epoch:  83                    train:   valid:
    weighted total loss      1.480325  1.457122
    energy MSE [eV²]         0.445017  0.483278
    force MSE [(eV/Å)²]      0.864537  0.814904
    energy mae [kcal/mol]          16.658966  16.914272
    energy R²                    N/A  0.348886
    forces mae [kcal/mol/Å]        20.938793  20.417540
    forces R²                    N/A  0.763662
    dipole mae [tgt units]   0.367213  0.348944
    dipole R²                    N/A  0.503404
    dipole MSE [tgt²]        0.169431  0.155618
    charge loss [e²]         0.001341  0.003321
    charge RMSE [e]          0.036616  0.057632
    LR scale:  1.000000, effective LR:  0.000400
epoch:  84                    train:   valid:
    weighted total loss      1.509159  1.388181
    energy MSE [eV²]         0.467860  0.423167
    force MSE [(eV/Å)²]      0.862459  0.808967
    energy mae [kcal/mol]          17.232750  15.558453
    energy R²                    N/A  0.440137
    forces mae [kcal/mol/Å]        20.927200  20.342270
    forces R²                    N/A  0.765378
    dipole mae [tgt units]   0.367087  0.348921
    dipole R²                    N/A  0.503687
    dipole MSE [tgt²]        0.169457  0.155629
    charge loss [e²]         0.009383  0.000418
    charge RMSE [e]          0.096868  0.020446
    LR scale:  1.000000, effective LR:  0.000400
epoch:  85                    train:   valid:
    weighted total loss      1.476129  1.290954
    energy MSE [eV²]         0.449423  0.331532
    force MSE [(eV/Å)²]      0.855878  0.802851
    energy mae [kcal/mol]          16.797644  14.128385
    energy R²                    N/A  0.577281
    forces mae [kcal/mol/Å]        20.837616  20.267122
    forces R²                    N/A  0.767150
    dipole mae [tgt units]   0.366107  0.348861
    dipole R²                    N/A  0.503801
    dipole MSE [tgt²]        0.169288  0.155622
    charge loss [e²]         0.001540  0.000950
    charge RMSE [e]          0.039239  0.030818
    LR scale:  1.000000, effective LR:  0.000400
    ✓ Best valid checkpoint: params-best-85fb458c-b63f-4b72-a102-557683f9f11f.json (weighted loss=1.290954, epoch 85)
epoch:  86                    train:   valid:
    weighted total loss      1.431691  1.286336
    energy MSE [eV²]         0.411558  0.334123
    force MSE [(eV/Å)²]      0.849810  0.796250
    energy mae [kcal/mol]          15.908747  14.311094
    energy R²                    N/A  0.572876
    forces mae [kcal/mol/Å]        20.769451  20.198559
    forces R²                    N/A  0.769062
    dipole mae [tgt units]   0.367599  0.348684
    dipole R²                    N/A  0.503865
    dipole MSE [tgt²]        0.169376  0.155545
    charge loss [e²]         0.000948  0.000417
    charge RMSE [e]          0.030792  0.020409
    LR scale:  1.000000, effective LR:  0.000400
    ✓ Best valid checkpoint: params-best-85fb458c-b63f-4b72-a102-557683f9f11f.json (weighted loss=1.286336, epoch 86)
epoch:  87                    train:   valid:
    weighted total loss      1.490485  1.305443
    energy MSE [eV²]         0.467824  0.355989
    force MSE [(eV/Å)²]      0.845564  0.793480
    energy mae [kcal/mol]          17.101030  15.094159
    energy R²                    N/A  0.543095
    forces mae [kcal/mol/Å]        20.717152  20.175810
    forces R²                    N/A  0.769861
    dipole mae [tgt units]   0.367240  0.348862
    dipole R²                    N/A  0.503801
    dipole MSE [tgt²]        0.169437  0.155573
    charge loss [e²]         0.007660  0.000401
    charge RMSE [e]          0.087522  0.020034
    LR scale:  1.000000, effective LR:  0.000400
epoch:  88                    train:   valid:
    weighted total loss      1.518608  1.328331
    energy MSE [eV²]         0.494063  0.379665
    force MSE [(eV/Å)²]      0.842464  0.792497
    energy mae [kcal/mol]          17.529938  15.922273
    energy R²                    N/A  0.507589
    forces mae [kcal/mol/Å]        20.676764  20.169306
    forces R²                    N/A  0.770144
    dipole mae [tgt units]   0.367307  0.349015
    dipole R²                    N/A  0.503681
    dipole MSE [tgt²]        0.169373  0.155572
    charge loss [e²]         0.012708  0.000597
    charge RMSE [e]          0.112731  0.024443
    LR scale:  1.000000, effective LR:  0.000400
epoch:  89                    train:   valid:
    weighted total loss      1.500736  1.364438
    energy MSE [eV²]         0.485833  0.419017
    force MSE [(eV/Å)²]      0.841057  0.789191
    energy mae [kcal/mol]          17.644884  17.173712
    energy R²                    N/A  0.448297
    forces mae [kcal/mol/Å]        20.658691  20.136755
    forces R²                    N/A  0.771096
    dipole mae [tgt units]   0.367214  0.348825
    dipole R²                    N/A  0.503955
    dipole MSE [tgt²]        0.169486  0.155557
    charge loss [e²]         0.004360  0.000673
    charge RMSE [e]          0.066030  0.025936
    LR scale:  1.000000, effective LR:  0.000400
epoch:  90                    train:   valid:
    weighted total loss      1.449608  1.283267
    energy MSE [eV²]         0.442553  0.341931
    force MSE [(eV/Å)²]      0.836519  0.785366
    energy mae [kcal/mol]          16.511463  13.801922
    energy R²                    N/A  0.558797
    forces mae [kcal/mol/Å]        20.613317  20.071426
    forces R²                    N/A  0.772218
    dipole mae [tgt units]   0.367227  0.348697
    dipole R²                    N/A  0.503986
    dipole MSE [tgt²]        0.169317  0.155461
    charge loss [e²]         0.001218  0.000510
    charge RMSE [e]          0.034897  0.022589
    LR scale:  1.000000, effective LR:  0.000400
    ✓ Best valid checkpoint: params-best-85fb458c-b63f-4b72-a102-557683f9f11f.json (weighted loss=1.283267, epoch 90)
epoch:  91                    train:   valid:
    weighted total loss      1.524444  1.271827
    energy MSE [eV²]         0.509323  0.324549
    force MSE [(eV/Å)²]      0.834835  0.783534
    energy mae [kcal/mol]          17.967207  13.924627
    energy R²                    N/A  0.586919
    forces mae [kcal/mol/Å]        20.603720  20.059580
    forces R²                    N/A  0.772741
    dipole mae [tgt units]   0.366581  0.348902
    dipole R²                    N/A  0.504133
    dipole MSE [tgt²]        0.169334  0.155545
    charge loss [e²]         0.010952  0.008199
    charge RMSE [e]          0.104651  0.090550
    LR scale:  1.000000, effective LR:  0.000400
    ✓ Best valid checkpoint: params-best-85fb458c-b63f-4b72-a102-557683f9f11f.json (weighted loss=1.271827, epoch 91)
epoch:  92                    train:   valid:
    weighted total loss      1.429866  1.272671
    energy MSE [eV²]         0.423775  0.338047
    force MSE [(eV/Å)²]      0.830779  0.778655
    energy mae [kcal/mol]          16.309958  14.520653
    energy R²                    N/A  0.566695
    forces mae [kcal/mol/Å]        20.554737  19.974451
    forces R²                    N/A  0.774164
    dipole mae [tgt units]   0.367215  0.348614
    dipole R²                    N/A  0.504203
    dipole MSE [tgt²]        0.169424  0.155433
    charge loss [e²]         0.005887  0.000536
    charge RMSE [e]          0.076729  0.023159
    LR scale:  1.000000, effective LR:  0.000400
epoch:  93                    train:   valid:
    weighted total loss      1.444741  1.284915
    energy MSE [eV²]         0.445328  0.321991
    force MSE [(eV/Å)²]      0.825353  0.776983
    energy mae [kcal/mol]          16.697758  13.526788
    energy R²                    N/A  0.588562
    forces mae [kcal/mol/Å]        20.476130  19.949650
    forces R²                    N/A  0.774654
    dipole mae [tgt units]   0.367341  0.349481
    dipole R²                    N/A  0.503284
    dipole MSE [tgt²]        0.169340  0.155538
    charge loss [e²]         0.004720  0.030403
    charge RMSE [e]          0.068706  0.174364
    LR scale:  1.000000, effective LR:  0.000400
epoch:  94                    train:   valid:
    weighted total loss      1.413169  1.247594
    energy MSE [eV²]         0.417358  0.321519
    force MSE [(eV/Å)²]      0.821759  0.770131
    energy mae [kcal/mol]          16.088816  13.875795
    energy R²                    N/A  0.589503
    forces mae [kcal/mol/Å]        20.427755  19.903008
    forces R²                    N/A  0.776618
    dipole mae [tgt units]   0.366089  0.348704
    dipole R²                    N/A  0.504219
    dipole MSE [tgt²]        0.169264  0.155483
    charge loss [e²]         0.004788  0.000461
    charge RMSE [e]          0.069199  0.021467
    LR scale:  1.000000, effective LR:  0.000400
    ✓ Best valid checkpoint: params-best-85fb458c-b63f-4b72-a102-557683f9f11f.json (weighted loss=1.247594, epoch 94)
epoch:  95                    train:   valid:
    weighted total loss      1.419864  1.395291
    energy MSE [eV²]         0.427528  0.471570
    force MSE [(eV/Å)²]      0.818110  0.767155
    energy mae [kcal/mol]          16.227203  18.753149
    energy R²                    N/A  0.369188
    forces mae [kcal/mol/Å]        20.388407  19.830751
    forces R²                    N/A  0.777497
    dipole mae [tgt units]   0.365641  0.348465
    dipole R²                    N/A  0.504463
    dipole MSE [tgt²]        0.169395  0.155357
    charge loss [e²]         0.004830  0.001208
    charge RMSE [e]          0.069500  0.034762
    LR scale:  1.000000, effective LR:  0.000400
epoch:  96                    train:   valid:
    weighted total loss      1.410718  1.247542
    energy MSE [eV²]         0.425223  0.327985
    force MSE [(eV/Å)²]      0.815019  0.763727
    energy mae [kcal/mol]          16.215187  13.490541
    energy R²                    N/A  0.579084
    forces mae [kcal/mol/Å]        20.348375  19.785301
    forces R²                    N/A  0.778488
    dipole mae [tgt units]   0.367496  0.348442
    dipole R²                    N/A  0.504579
    dipole MSE [tgt²]        0.169204  0.155345
    charge loss [e²]         0.001274  0.000486
    charge RMSE [e]          0.035688  0.022036
    LR scale:  1.000000, effective LR:  0.000400
    ✓ Best valid checkpoint: params-best-85fb458c-b63f-4b72-a102-557683f9f11f.json (weighted loss=1.247542, epoch 96)
epoch:  97                    train:   valid:
    weighted total loss      1.420013  1.292773
    energy MSE [eV²]         0.429516  0.377888
    force MSE [(eV/Å)²]      0.812004  0.758941
    energy mae [kcal/mol]          16.412580  16.030210
    energy R²                    N/A  0.506188
    forces mae [kcal/mol/Å]        20.304998  19.740259
    forces R²                    N/A  0.779874
    dipole mae [tgt units]   0.367460  0.348701
    dipole R²                    N/A  0.504222
    dipole MSE [tgt²]        0.169103  0.155409
    charge loss [e²]         0.009390  0.000535
    charge RMSE [e]          0.096901  0.023139
    LR scale:  1.000000, effective LR:  0.000400
epoch:  98                    train:   valid:
    weighted total loss      1.410217  1.259166
    energy MSE [eV²]         0.427811  0.317405
    force MSE [(eV/Å)²]      0.807443  0.754934
    energy mae [kcal/mol]          16.300018  13.461410
    energy R²                    N/A  0.594721
    forces mae [kcal/mol/Å]        20.258522  19.674463
    forces R²                    N/A  0.781037
    dipole mae [tgt units]   0.366587  0.349725
    dipole R²                    N/A  0.503812
    dipole MSE [tgt²]        0.169167  0.155682
    charge loss [e²]         0.005797  0.031145
    charge RMSE [e]          0.076139  0.176480
    LR scale:  1.000000, effective LR:  0.000400
epoch:  99                    train:   valid:
    weighted total loss      1.402111  1.300152
    energy MSE [eV²]         0.426377  0.389524
    force MSE [(eV/Å)²]      0.804115  0.753367
    energy mae [kcal/mol]          16.336538  16.433393
    energy R²                    N/A  0.488359
    forces mae [kcal/mol/Å]        20.195333  19.691338
    forces R²                    N/A  0.781481
    dipole mae [tgt units]   0.366596  0.348933
    dipole R²                    N/A  0.504113
    dipole MSE [tgt²]        0.169329  0.155459
    charge loss [e²]         0.002291  0.001802
    charge RMSE [e]          0.047860  0.042451
    LR scale:  1.000000, effective LR:  0.000400
epoch: 100                    train:   valid:
    weighted total loss      1.402215  1.246763
    energy MSE [eV²]         0.426888  0.340049
    force MSE [(eV/Å)²]      0.801151  0.750901
    energy mae [kcal/mol]          16.347206  14.835567
    energy R²                    N/A  0.560347
    forces mae [kcal/mol/Å]        20.191139  19.637110
    forces R²                    N/A  0.782196
    dipole mae [tgt units]   0.367271  0.348568
    dipole R²                    N/A  0.504473
    dipole MSE [tgt²]        0.169360  0.155394
    charge loss [e²]         0.004816  0.000420
    charge RMSE [e]          0.069394  0.020492
    LR scale:  1.000000, effective LR:  0.000400
    ✓ Best valid checkpoint: params-best-85fb458c-b63f-4b72-a102-557683f9f11f.json (weighted loss=1.246763, epoch 100)
epoch: 101                    train:   valid:
    weighted total loss      1.451206  1.272626
    energy MSE [eV²]         0.472281  0.365464
    force MSE [(eV/Å)²]      0.799690  0.749964
    energy mae [kcal/mol]          17.370380  14.167320
    energy R²                    N/A  0.523828
    forces mae [kcal/mol/Å]        20.154999  19.631966
    forces R²                    N/A  0.782475
    dipole mae [tgt units]   0.367060  0.348718
    dipole R²                    N/A  0.504330
    dipole MSE [tgt²]        0.169275  0.155401
    charge loss [e²]         0.009959  0.001797
    charge RMSE [e]          0.099797  0.042389
    LR scale:  1.000000, effective LR:  0.000400
epoch: 102                    train:   valid:
    weighted total loss      1.395072  1.242054
    energy MSE [eV²]         0.423739  0.340869
    force MSE [(eV/Å)²]      0.797344  0.745262
    energy mae [kcal/mol]          16.400871  14.897055
    energy R²                    N/A  0.558970
    forces mae [kcal/mol/Å]        20.123131  19.575996
    forces R²                    N/A  0.783834
    dipole mae [tgt units]   0.367009  0.348989
    dipole R²                    N/A  0.504219
    dipole MSE [tgt²]        0.169400  0.155493
    charge loss [e²]         0.004589  0.000430
    charge RMSE [e]          0.067744  0.020732
    LR scale:  1.000000, effective LR:  0.000400
    ✓ Best valid checkpoint: params-best-85fb458c-b63f-4b72-a102-557683f9f11f.json (weighted loss=1.242054, epoch 102)
epoch: 103                    train:   valid:
    weighted total loss      1.405005  1.212418
    energy MSE [eV²]         0.437621  0.311466
    force MSE [(eV/Å)²]      0.792925  0.744514
    energy mae [kcal/mol]          16.534565  13.321989
    energy R²                    N/A  0.603135
    forces mae [kcal/mol/Å]        20.057632  19.533613
    forces R²                    N/A  0.784067
    dipole mae [tgt units]   0.367065  0.348596
    dipole R²                    N/A  0.504501
    dipole MSE [tgt²]        0.169219  0.155346
    charge loss [e²]         0.005240  0.001091
    charge RMSE [e]          0.072385  0.033023
    LR scale:  1.000000, effective LR:  0.000400
    ✓ Best valid checkpoint: params-best-85fb458c-b63f-4b72-a102-557683f9f11f.json (weighted loss=1.212418, epoch 103)
epoch: 104                    train:   valid:
    weighted total loss      1.447245  1.209765
    energy MSE [eV²]         0.478203  0.308997
    force MSE [(eV/Å)²]      0.793138  0.744606
    energy mae [kcal/mol]          17.304564  13.283650
    energy R²                    N/A  0.606293
    forces mae [kcal/mol/Å]        20.076330  19.558971
    forces R²                    N/A  0.784025
    dipole mae [tgt units]   0.366371  0.348651
    dipole R²                    N/A  0.504491
    dipole MSE [tgt²]        0.169426  0.155409
    charge loss [e²]         0.006480  0.000753
    charge RMSE [e]          0.080499  0.027442
    LR scale:  1.000000, effective LR:  0.000400
    ✓ Best valid checkpoint: params-best-85fb458c-b63f-4b72-a102-557683f9f11f.json (weighted loss=1.209765, epoch 104)
epoch: 105                    train:   valid:
    weighted total loss      1.428852  1.273749
    energy MSE [eV²]         0.461196  0.376445
    force MSE [(eV/Å)²]      0.792106  0.741159
    energy mae [kcal/mol]          17.225288  16.014208
    energy R²                    N/A  0.508838
    forces mae [kcal/mol/Å]        20.055779  19.483587
    forces R²                    N/A  0.785029
    dipole mae [tgt units]   0.367352  0.349224
    dipole R²                    N/A  0.504000
    dipole MSE [tgt²]        0.169456  0.155535
    charge loss [e²]         0.006095  0.000610
    charge RMSE [e]          0.078068  0.024690
    LR scale:  1.000000, effective LR:  0.000400
epoch: 106                    train:   valid:
    weighted total loss      1.383673  1.229485
    energy MSE [eV²]         0.422307  0.334298
    force MSE [(eV/Å)²]      0.788067  0.739395
    energy mae [kcal/mol]          16.172363  13.513976
    energy R²                    N/A  0.567604
    forces mae [kcal/mol/Å]        19.985168  19.477928
    forces R²                    N/A  0.785539
    dipole mae [tgt units]   0.365203  0.349050
    dipole R²                    N/A  0.504147
    dipole MSE [tgt²]        0.169349  0.155395
    charge loss [e²]         0.003951  0.000397
    charge RMSE [e]          0.062854  0.019921
    LR scale:  1.000000, effective LR:  0.000400
epoch: 107                    train:   valid:
    weighted total loss      1.428629  1.230153
    energy MSE [eV²]         0.464105  0.336533
    force MSE [(eV/Å)²]      0.787099  0.737656
    energy mae [kcal/mol]          17.104616  13.480285
    energy R²                    N/A  0.567273
    forces mae [kcal/mol/Å]        19.980532  19.423481
    forces R²                    N/A  0.786066
    dipole mae [tgt units]   0.367664  0.349013
    dipole R²                    N/A  0.504303
    dipole MSE [tgt²]        0.169424  0.155445
    charge loss [e²]         0.008002  0.000520
    charge RMSE [e]          0.089456  0.022809
    LR scale:  1.000000, effective LR:  0.000400
epoch: 108                    train:   valid:
    weighted total loss      1.394351  1.280134
    energy MSE [eV²]         0.436403  0.389099
    force MSE [(eV/Å)²]      0.783351  0.734811
    energy mae [kcal/mol]          16.457624  14.636720
    energy R²                    N/A  0.487297
    forces mae [kcal/mol/Å]        19.944342  19.449089
    forces R²                    N/A  0.786864
    dipole mae [tgt units]   0.368733  0.349015
    dipole R²                    N/A  0.504139
    dipole MSE [tgt²]        0.169249  0.155533
    charge loss [e²]         0.005346  0.000692
    charge RMSE [e]          0.073120  0.026302
    LR scale:  1.000000, effective LR:  0.000400
epoch: 109                    train:   valid:
    weighted total loss      1.393206  1.253399
    energy MSE [eV²]         0.440926  0.353325
    force MSE [(eV/Å)²]      0.780883  0.731982
    energy mae [kcal/mol]          16.607595  15.370674
    energy R²                    N/A  0.540818
    forces mae [kcal/mol/Å]        19.902275  19.381554
    forces R²                    N/A  0.787698
    dipole mae [tgt units]   0.368441  0.349466
    dipole R²                    N/A  0.503698
    dipole MSE [tgt²]        0.169172  0.155489
    charge loss [e²]         0.002225  0.012603
    charge RMSE [e]          0.047167  0.112263
    LR scale:  1.000000, effective LR:  0.000400
epoch: 110                    train:   valid:
    weighted total loss      1.403293  1.282768
    energy MSE [eV²]         0.442115  0.398929
    force MSE [(eV/Å)²]      0.779580  0.727886
    energy mae [kcal/mol]          16.480658  16.820272
    energy R²                    N/A  0.473776
    forces mae [kcal/mol/Å]        19.885988  19.314219
    forces R²                    N/A  0.788883
    dipole mae [tgt units]   0.367348  0.349397
    dipole R²                    N/A  0.503898
    dipole MSE [tgt²]        0.169267  0.155535
    charge loss [e²]         0.012331  0.000417
    charge RMSE [e]          0.111044  0.020410
    LR scale:  1.000000, effective LR:  0.000400
epoch: 111                    train:   valid:
    weighted total loss      1.398286  1.201809
    energy MSE [eV²]         0.448134  0.315224
    force MSE [(eV/Å)²]      0.777031  0.730850
    energy mae [kcal/mol]          16.620066  13.147613
    energy R²                    N/A  0.594616
    forces mae [kcal/mol/Å]        19.841080  19.331642
    forces R²                    N/A  0.788042
    dipole mae [tgt units]   0.366630  0.348757
    dipole R²                    N/A  0.504531
    dipole MSE [tgt²]        0.169413  0.155352
    charge loss [e²]         0.003708  0.000382
    charge RMSE [e]          0.060894  0.019548
    LR scale:  1.000000, effective LR:  0.000400
    ✓ Best valid checkpoint: params-best-85fb458c-b63f-4b72-a102-557683f9f11f.json (weighted loss=1.201809, epoch 111)
epoch: 112                    train:   valid:
    weighted total loss      1.410466  1.190532
    energy MSE [eV²]         0.460587  0.308078
    force MSE [(eV/Å)²]      0.775583  0.725756
    energy mae [kcal/mol]          17.031200  13.172448
    energy R²                    N/A  0.607791
    forces mae [kcal/mol/Å]        19.832785  19.252258
    forces R²                    N/A  0.789516
    dipole mae [tgt units]   0.367232  0.349394
    dipole R²                    N/A  0.503924
    dipole MSE [tgt²]        0.169413  0.155504
    charge loss [e²]         0.004883  0.001193
    charge RMSE [e]          0.069875  0.034538
    LR scale:  1.000000, effective LR:  0.000400
    ✓ Best valid checkpoint: params-best-85fb458c-b63f-4b72-a102-557683f9f11f.json (weighted loss=1.190532, epoch 112)
epoch: 113                    train:   valid:
    weighted total loss      1.379583  1.195502
    energy MSE [eV²]         0.428344  0.317250
    force MSE [(eV/Å)²]      0.771638  0.722457
    energy mae [kcal/mol]          16.200884  13.992742
    energy R²                    N/A  0.594383
    forces mae [kcal/mol/Å]        19.756783  19.241144
    forces R²                    N/A  0.790460
    dipole mae [tgt units]   0.368253  0.348709
    dipole R²                    N/A  0.504487
    dipole MSE [tgt²]        0.169464  0.155397
    charge loss [e²]         0.010137  0.000398
    charge RMSE [e]          0.100685  0.019951
    LR scale:  1.000000, effective LR:  0.000400
epoch: 114                    train:   valid:
    weighted total loss      1.351089  1.215831
    energy MSE [eV²]         0.410276  0.338040
    force MSE [(eV/Å)²]      0.769967  0.721699
    energy mae [kcal/mol]          15.979363  13.463374
    energy R²                    N/A  0.562130
    forces mae [kcal/mol/Å]        19.749121  19.204664
    forces R²                    N/A  0.790687
    dipole mae [tgt units]   0.367647  0.348735
    dipole R²                    N/A  0.504484
    dipole MSE [tgt²]        0.169420  0.155427
    charge loss [e²]         0.001427  0.000664
    charge RMSE [e]          0.037772  0.025771
    LR scale:  1.000000, effective LR:  0.000400
epoch: 115                    train:   valid:
    weighted total loss      1.396572  1.368993
    energy MSE [eV²]         0.452035  0.495674
    force MSE [(eV/Å)²]      0.767082  0.717478
    energy mae [kcal/mol]          16.825960  17.176130
    energy R²                    N/A  0.328341
    forces mae [kcal/mol/Å]        19.705503  19.149918
    forces R²                    N/A  0.791921
    dipole mae [tgt units]   0.368229  0.348957
    dipole R²                    N/A  0.504215
    dipole MSE [tgt²]        0.169408  0.155483
    charge loss [e²]         0.008046  0.000357
    charge RMSE [e]          0.089699  0.018894
    LR scale:  1.000000, effective LR:  0.000400
epoch: 116                    train:   valid:
    weighted total loss      1.386574  1.182950
    energy MSE [eV²]         0.446465  0.310434
    force MSE [(eV/Å)²]      0.766369  0.716312
    energy mae [kcal/mol]          16.642859  13.543406
    energy R²                    N/A  0.605199
    forces mae [kcal/mol/Å]        19.689409  19.152008
    forces R²                    N/A  0.792239
    dipole mae [tgt units]   0.366436  0.349400
    dipole R²                    N/A  0.503660
    dipole MSE [tgt²]        0.169230  0.155646
    charge loss [e²]         0.004510  0.000559
    charge RMSE [e]          0.067157  0.023646
    LR scale:  1.000000, effective LR:  0.000400
    ✓ Best valid checkpoint: params-best-85fb458c-b63f-4b72-a102-557683f9f11f.json (weighted loss=1.182950, epoch 116)
epoch: 117                    train:   valid:
    weighted total loss      1.317538  1.169369
    energy MSE [eV²]         0.381988  0.302499
    force MSE [(eV/Å)²]      0.761915  0.710747
    energy mae [kcal/mol]          15.180704  13.225241
    energy R²                    N/A  0.614507
    forces mae [kcal/mol/Å]        19.629185  19.066383
    forces R²                    N/A  0.793854
    dipole mae [tgt units]   0.367430  0.349230
    dipole R²                    N/A  0.504184
    dipole MSE [tgt²]        0.169417  0.155592
    charge loss [e²]         0.004219  0.000530
    charge RMSE [e]          0.064951  0.023018
    LR scale:  1.000000, effective LR:  0.000400
    ✓ Best valid checkpoint: params-best-85fb458c-b63f-4b72-a102-557683f9f11f.json (weighted loss=1.169369, epoch 117)
epoch: 118                    train:   valid:
    weighted total loss      1.363080  1.169141
    energy MSE [eV²]         0.426882  0.302872
    force MSE [(eV/Å)²]      0.758005  0.709858
    energy mae [kcal/mol]          16.118784  13.015350
    energy R²                    N/A  0.612536
    forces mae [kcal/mol/Å]        19.572155  19.088083
    forces R²                    N/A  0.794100
    dipole mae [tgt units]   0.368422  0.349236
    dipole R²                    N/A  0.504093
    dipole MSE [tgt²]        0.169439  0.155588
    charge loss [e²]         0.008754  0.000823
    charge RMSE [e]          0.093560  0.028682
    LR scale:  1.000000, effective LR:  0.000400
    ✓ Best valid checkpoint: params-best-85fb458c-b63f-4b72-a102-557683f9f11f.json (weighted loss=1.169141, epoch 118)
epoch: 119                    train:   valid:
    weighted total loss      1.319973  1.178984
    energy MSE [eV²]         0.392674  0.318782
    force MSE [(eV/Å)²]      0.756656  0.703984
    energy mae [kcal/mol]          15.464681  14.150554
    energy R²                    N/A  0.590520
    forces mae [kcal/mol/Å]        19.553995  18.971645
    forces R²                    N/A  0.795833
    dipole mae [tgt units]   0.368159  0.350003
    dipole R²                    N/A  0.503535
    dipole MSE [tgt²]        0.169477  0.155831
    charge loss [e²]         0.001166  0.000387
    charge RMSE [e]          0.034148  0.019681
    LR scale:  1.000000, effective LR:  0.000400
epoch: 120                    train:   valid:
    weighted total loss      1.347826  1.222607
    energy MSE [eV²]         0.421586  0.362827
    force MSE [(eV/Å)²]      0.753464  0.703549
    energy mae [kcal/mol]          16.184048  13.981101
    energy R²                    N/A  0.524610
    forces mae [kcal/mol/Å]        19.503031  18.952311
    forces R²                    N/A  0.795959
    dipole mae [tgt units]   0.369275  0.349146
    dipole R²                    N/A  0.504213
    dipole MSE [tgt²]        0.169516  0.155603
    charge loss [e²]         0.003259  0.000628
    charge RMSE [e]          0.057086  0.025061
    LR scale:  1.000000, effective LR:  0.000400
epoch: 121                    train:   valid:
    weighted total loss      1.357478  1.279311
    energy MSE [eV²]         0.431742  0.422154
    force MSE [(eV/Å)²]      0.750825  0.700866
    energy mae [kcal/mol]          16.371534  15.388014
    energy R²                    N/A  0.437492
    forces mae [kcal/mol/Å]        19.472071  18.902979
    forces R²                    N/A  0.796738
    dipole mae [tgt units]   0.368417  0.348864
    dipole R²                    N/A  0.504334
    dipole MSE [tgt²]        0.169454  0.155521
    charge loss [e²]         0.005457  0.000770
    charge RMSE [e]          0.073871  0.027754
    LR scale:  1.000000, effective LR:  0.000400
epoch: 122                    train:   valid:
    weighted total loss      1.326674  1.157779
    energy MSE [eV²]         0.406964  0.304387
    force MSE [(eV/Å)²]      0.747350  0.697519
    energy mae [kcal/mol]          15.790119  12.888258
    energy R²                    N/A  0.609399
    forces mae [kcal/mol/Å]        19.415951  18.888712
    forces R²                    N/A  0.797708
    dipole mae [tgt units]   0.367373  0.348867
    dipole R²                    N/A  0.504163
    dipole MSE [tgt²]        0.169384  0.155516
    charge loss [e²]         0.002974  0.000357
    charge RMSE [e]          0.054539  0.018893
    LR scale:  1.000000, effective LR:  0.000400
    ✓ Best valid checkpoint: params-best-85fb458c-b63f-4b72-a102-557683f9f11f.json (weighted loss=1.157779, epoch 122)
epoch: 123                    train:   valid:
    weighted total loss      1.310732  1.169213
    energy MSE [eV²]         0.393234  0.316187
    force MSE [(eV/Å)²]      0.744268  0.694985
    energy mae [kcal/mol]          15.522776  13.002260
    energy R²                    N/A  0.593198
    forces mae [kcal/mol/Å]        19.377609  18.818632
    forces R²                    N/A  0.798449
    dipole mae [tgt units]   0.368186  0.349076
    dipole R²                    N/A  0.503734
    dipole MSE [tgt²]        0.169319  0.155597
    charge loss [e²]         0.003911  0.002445
    charge RMSE [e]          0.062541  0.049450
    LR scale:  1.000000, effective LR:  0.000400
epoch: 124                    train:   valid:
    weighted total loss      1.341877  1.178710
    energy MSE [eV²]         0.420802  0.330091
    force MSE [(eV/Å)²]      0.743048  0.692589
    energy mae [kcal/mol]          16.172405  14.733304
    energy R²                    N/A  0.572113
    forces mae [kcal/mol/Å]        19.362476  18.847656
    forces R²                    N/A  0.799140
    dipole mae [tgt units]   0.368844  0.349142
    dipole R²                    N/A  0.503827
    dipole MSE [tgt²]        0.169519  0.155665
    charge loss [e²]         0.008508  0.000364
    charge RMSE [e]          0.092238  0.019078
    LR scale:  1.000000, effective LR:  0.000400
epoch: 125                    train:   valid:
    weighted total loss      1.345516  1.158045
    energy MSE [eV²]         0.431484  0.312784
    force MSE [(eV/Å)²]      0.740168  0.689086
    energy mae [kcal/mol]          16.352362  14.058236
    energy R²                    N/A  0.596665
    forces mae [kcal/mol/Å]        19.325251  18.784779
    forces R²                    N/A  0.800156
    dipole mae [tgt units]   0.369515  0.349463
    dipole R²                    N/A  0.503455
    dipole MSE [tgt²]        0.169553  0.155765
    charge loss [e²]         0.004312  0.000410
    charge RMSE [e]          0.065662  0.020247
    LR scale:  1.000000, effective LR:  0.000400
epoch: 126                    train:   valid:
    weighted total loss      1.352649  1.183418
    energy MSE [eV²]         0.440434  0.337746
    force MSE [(eV/Å)²]      0.737065  0.686780
    energy mae [kcal/mol]          16.716095  14.940322
    energy R²                    N/A  0.561242
    forces mae [kcal/mol/Å]        19.268566  18.672970
    forces R²                    N/A  0.800843
    dipole mae [tgt units]   0.367740  0.349148
    dipole R²                    N/A  0.503870
    dipole MSE [tgt²]        0.169343  0.155652
    charge loss [e²]         0.005808  0.003240
    charge RMSE [e]          0.076209  0.056920
    LR scale:  1.000000, effective LR:  0.000400
epoch: 127                    train:   valid:
    weighted total loss      1.299141  1.151538
    energy MSE [eV²]         0.389229  0.310901
    force MSE [(eV/Å)²]      0.734216  0.683816
    energy mae [kcal/mol]          15.435670  13.966618
    energy R²                    N/A  0.599041
    forces mae [kcal/mol/Å]        19.221487  18.661703
    forces R²                    N/A  0.801704
    dipole mae [tgt units]   0.367748  0.348941
    dipole R²                    N/A  0.503777
    dipole MSE [tgt²]        0.169439  0.155649
    charge loss [e²]         0.006256  0.001173
    charge RMSE [e]          0.079096  0.034247
    LR scale:  1.000000, effective LR:  0.000400
    ✓ Best valid checkpoint: params-best-85fb458c-b63f-4b72-a102-557683f9f11f.json (weighted loss=1.151538, epoch 127)
epoch: 128                    train:   valid:
    weighted total loss      1.313065  1.130140
    energy MSE [eV²]         0.405789  0.292909
    force MSE [(eV/Å)²]      0.731243  0.681107
    energy mae [kcal/mol]          15.773927  12.796329
    energy R²                    N/A  0.626361
    forces mae [kcal/mol/Å]        19.172033  18.607401
    forces R²                    N/A  0.802500
    dipole mae [tgt units]   0.368096  0.348964
    dipole R²                    N/A  0.503834
    dipole MSE [tgt²]        0.169616  0.155664
    charge loss [e²]         0.006418  0.000459
    charge RMSE [e]          0.080115  0.021422
    LR scale:  1.000000, effective LR:  0.000400
    ✓ Best valid checkpoint: params-best-85fb458c-b63f-4b72-a102-557683f9f11f.json (weighted loss=1.130140, epoch 128)
epoch: 129                    train:   valid:
    weighted total loss      1.304499  1.148367
    energy MSE [eV²]         0.403531  0.315459
    force MSE [(eV/Å)²]      0.728529  0.676957
    energy mae [kcal/mol]          15.788090  12.873371
    energy R²                    N/A  0.595610
    forces mae [kcal/mol/Å]        19.145258  18.559361
    forces R²                    N/A  0.803698
    dipole mae [tgt units]   0.367802  0.348856
    dipole R²                    N/A  0.503864
    dipole MSE [tgt²]        0.169460  0.155601
    charge loss [e²]         0.002978  0.000350
    charge RMSE [e]          0.054571  0.018720
    LR scale:  1.000000, effective LR:  0.000400
epoch: 130                    train:   valid:
    weighted total loss      1.338287  1.129398
    energy MSE [eV²]         0.434353  0.297395
    force MSE [(eV/Å)²]      0.725990  0.675808
    energy mae [kcal/mol]          16.528290  12.667914
    energy R²                    N/A  0.618692
    forces mae [kcal/mol/Å]        19.102470  18.512386
    forces R²                    N/A  0.804041
    dipole mae [tgt units]   0.368176  0.349173
    dipole R²                    N/A  0.503696
    dipole MSE [tgt²]        0.169410  0.155693
    charge loss [e²]         0.008535  0.000502
    charge RMSE [e]          0.092384  0.022404
    LR scale:  1.000000, effective LR:  0.000400
    ✓ Best valid checkpoint: params-best-85fb458c-b63f-4b72-a102-557683f9f11f.json (weighted loss=1.129398, epoch 130)
epoch: 131                    train:   valid:
    weighted total loss      1.307472  1.134607
    energy MSE [eV²]         0.410641  0.300364
    force MSE [(eV/Å)²]      0.723408  0.674247
    energy mae [kcal/mol]          15.893886  12.711677
    energy R²                    N/A  0.614657
    forces mae [kcal/mol/Å]        19.053446  18.567789
    forces R²                    N/A  0.804473
    dipole mae [tgt units]   0.367450  0.349050
    dipole R²                    N/A  0.503641
    dipole MSE [tgt²]        0.169404  0.155673
    charge loss [e²]         0.004018  0.004323
    charge RMSE [e]          0.063390  0.065750
    LR scale:  1.000000, effective LR:  0.000400
epoch: 132                    train:   valid:
    weighted total loss      1.295440  1.126120
    energy MSE [eV²]         0.400856  0.292520
    force MSE [(eV/Å)²]      0.720067  0.672458
    energy mae [kcal/mol]          15.635557  12.922438
    energy R²                    N/A  0.627328
    forces mae [kcal/mol/Å]        19.012941  18.525232
    forces R²                    N/A  0.804990
    dipole mae [tgt units]   0.366364  0.349091
    dipole R²                    N/A  0.503382
    dipole MSE [tgt²]        0.169468  0.155668
    charge loss [e²]         0.005049  0.005474
    charge RMSE [e]          0.071055  0.073985
    LR scale:  1.000000, effective LR:  0.000400
    ✓ Best valid checkpoint: params-best-85fb458c-b63f-4b72-a102-557683f9f11f.json (weighted loss=1.126120, epoch 132)
epoch: 133                    train:   valid:
    weighted total loss      1.280253  1.133143
    energy MSE [eV²]         0.391555  0.311279
    force MSE [(eV/Å)²]      0.716819  0.665444
    energy mae [kcal/mol]          15.590579  12.778496
    energy R²                    N/A  0.598935
    forces mae [kcal/mol/Å]        18.965641  18.420197
    forces R²                    N/A  0.807050
    dipole mae [tgt units]   0.369133  0.348946
    dipole R²                    N/A  0.503586
    dipole MSE [tgt²]        0.169522  0.155694
    charge loss [e²]         0.002357  0.000726
    charge RMSE [e]          0.048549  0.026942
    LR scale:  1.000000, effective LR:  0.000400
epoch: 134                    train:   valid:
    weighted total loss      1.262816  1.119035
    energy MSE [eV²]         0.375219  0.303014
    force MSE [(eV/Å)²]      0.712758  0.659650
    energy mae [kcal/mol]          15.136674  13.730711
    energy R²                    N/A  0.609234
    forces mae [kcal/mol/Å]        18.901281  18.306635
    forces R²                    N/A  0.808741
    dipole mae [tgt units]   0.367973  0.348735
    dipole R²                    N/A  0.503878
    dipole MSE [tgt²]        0.169518  0.155633
    charge loss [e²]         0.005321  0.000738
    charge RMSE [e]          0.072944  0.027170
    LR scale:  1.000000, effective LR:  0.000400
    ✓ Best valid checkpoint: params-best-85fb458c-b63f-4b72-a102-557683f9f11f.json (weighted loss=1.119035, epoch 134)
epoch: 135                    train:   valid:
    weighted total loss      1.253467  1.196025
    energy MSE [eV²]         0.373212  0.381063
    force MSE [(eV/Å)²]      0.708410  0.658558
    energy mae [kcal/mol]          15.125052  14.354247
    energy R²                    N/A  0.495155
    forces mae [kcal/mol/Å]        18.840244  18.274704
    forces R²                    N/A  0.809053
    dipole mae [tgt units]   0.366916  0.349742
    dipole R²                    N/A  0.503570
    dipole MSE [tgt²]        0.169175  0.155903
    charge loss [e²]         0.002669  0.000501
    charge RMSE [e]          0.051658  0.022387
    LR scale:  1.000000, effective LR:  0.000400
epoch: 136                    train:   valid:
    weighted total loss      1.281636  1.137592
    energy MSE [eV²]         0.401610  0.325287
    force MSE [(eV/Å)²]      0.707049  0.656162
    energy mae [kcal/mol]          15.708279  13.009781
    energy R²                    N/A  0.576870
    forces mae [kcal/mol/Å]        18.825619  18.200699
    forces R²                    N/A  0.809767
    dipole mae [tgt units]   0.368405  0.348799
    dipole R²                    N/A  0.503880
    dipole MSE [tgt²]        0.169465  0.155667
    charge loss [e²]         0.003512  0.000476
    charge RMSE [e]          0.059259  0.021828
    LR scale:  1.000000, effective LR:  0.000400
epoch: 137                    train:   valid:
    weighted total loss      1.302905  1.126233
    energy MSE [eV²]         0.407962  0.316041
    force MSE [(eV/Å)²]      0.703206  0.654376
    energy mae [kcal/mol]          15.813403  12.837024
    energy R²                    N/A  0.590501
    forces mae [kcal/mol/Å]        18.762642  18.297354
    forces R²                    N/A  0.810258
    dipole mae [tgt units]   0.368309  0.347815
    dipole R²                    N/A  0.504779
    dipole MSE [tgt²]        0.169604  0.155413
    charge loss [e²]         0.022134  0.000404
    charge RMSE [e]          0.148774  0.020095
    LR scale:  1.000000, effective LR:  0.000400
epoch: 138                    train:   valid:
    weighted total loss      1.268337  1.145565
    energy MSE [eV²]         0.397123  0.340106
    force MSE [(eV/Å)²]      0.701067  0.649528
    energy mae [kcal/mol]          15.652027  13.375911
    energy R²                    N/A  0.553475
    forces mae [kcal/mol/Å]        18.727757  18.158689
    forces R²                    N/A  0.811693
    dipole mae [tgt units]   0.367702  0.348140
    dipole R²                    N/A  0.504605
    dipole MSE [tgt²]        0.169410  0.155479
    charge loss [e²]         0.000737  0.000452
    charge RMSE [e]          0.027153  0.021271
    LR scale:  1.000000, effective LR:  0.000400
epoch: 139                    train:   valid:
    weighted total loss      1.312600  1.083914
    energy MSE [eV²]         0.436185  0.280548
    force MSE [(eV/Å)²]      0.699276  0.647526
    energy mae [kcal/mol]          16.517748  12.572598
    energy R²                    N/A  0.640699
    forces mae [kcal/mol/Å]        18.686481  18.118212
    forces R²                    N/A  0.812267
    dipole mae [tgt units]   0.368206  0.347865
    dipole R²                    N/A  0.504661
    dipole MSE [tgt²]        0.169358  0.155430
    charge loss [e²]         0.007781  0.000410
    charge RMSE [e]          0.088213  0.020256
    LR scale:  1.000000, effective LR:  0.000400
    ✓ Best valid checkpoint: params-best-85fb458c-b63f-4b72-a102-557683f9f11f.json (weighted loss=1.083914, epoch 139)
epoch: 140                    train:   valid:
    weighted total loss      1.276200  1.132928
    energy MSE [eV²]         0.409828  0.328575
    force MSE [(eV/Å)²]      0.696102  0.645849
    energy mae [kcal/mol]          16.058268  14.951430
    energy R²                    N/A  0.567938
    forces mae [kcal/mol/Å]        18.651644  18.053102
    forces R²                    N/A  0.812775
    dipole mae [tgt units]   0.366725  0.348543
    dipole R²                    N/A  0.504219
    dipole MSE [tgt²]        0.169293  0.155627
    charge loss [e²]         0.000978  0.002877
    charge RMSE [e]          0.031269  0.053634
    LR scale:  1.000000, effective LR:  0.000400
epoch: 141                    train:   valid:
    weighted total loss      1.223221  1.081740
    energy MSE [eV²]         0.359432  0.284236
    force MSE [(eV/Å)²]      0.693227  0.641078
    energy mae [kcal/mol]          14.737312  12.324952
    energy R²                    N/A  0.634139
    forces mae [kcal/mol/Å]        18.611444  17.968765
    forces R²                    N/A  0.814175
    dipole mae [tgt units]   0.367836  0.348847
    dipole R²                    N/A  0.504315
    dipole MSE [tgt²]        0.169396  0.155633
    charge loss [e²]         0.001166  0.000793
    charge RMSE [e]          0.034144  0.028159
    LR scale:  1.000000, effective LR:  0.000400
    ✓ Best valid checkpoint: params-best-85fb458c-b63f-4b72-a102-557683f9f11f.json (weighted loss=1.081740, epoch 141)
epoch: 142                    train:   valid:
    weighted total loss      1.241232  1.070683
    energy MSE [eV²]         0.380004  0.276227
    force MSE [(eV/Å)²]      0.688983  0.637831
    energy mae [kcal/mol]          15.261759  12.366343
    energy R²                    N/A  0.645502
    forces mae [kcal/mol/Å]        18.535460  17.962734
    forces R²                    N/A  0.815109
    dipole mae [tgt units]   0.368436  0.348632
    dipole R²                    N/A  0.504034
    dipole MSE [tgt²]        0.169337  0.155667
    charge loss [e²]         0.002909  0.000958
    charge RMSE [e]          0.053935  0.030949
    LR scale:  1.000000, effective LR:  0.000400
    ✓ Best valid checkpoint: params-best-85fb458c-b63f-4b72-a102-557683f9f11f.json (weighted loss=1.070683, epoch 142)
epoch: 143                    train:   valid:
    weighted total loss      1.242781  1.114952
    energy MSE [eV²]         0.383233  0.320212
    force MSE [(eV/Å)²]      0.686655  0.637342
    energy mae [kcal/mol]          15.354990  12.839328
    energy R²                    N/A  0.580695
    forces mae [kcal/mol/Å]        18.516714  17.922939
    forces R²                    N/A  0.815266
    dipole mae [tgt units]   0.367567  0.349382
    dipole R²                    N/A  0.503836
    dipole MSE [tgt²]        0.169425  0.155819
    charge loss [e²]         0.003467  0.001580
    charge RMSE [e]          0.058884  0.039743
    LR scale:  1.000000, effective LR:  0.000400
epoch: 144                    train:   valid:
    weighted total loss      1.255918  1.064888
    energy MSE [eV²]         0.392864  0.275228
    force MSE [(eV/Å)²]      0.685821  0.633618
    energy mae [kcal/mol]          15.738022  12.384276
    energy R²                    N/A  0.646709
    forces mae [kcal/mol/Å]        18.483929  17.880018
    forces R²                    N/A  0.816347
    dipole mae [tgt units]   0.367965  0.347842
    dipole R²                    N/A  0.504660
    dipole MSE [tgt²]        0.169362  0.155403
    charge loss [e²]         0.007872  0.000639
    charge RMSE [e]          0.088724  0.025274
    LR scale:  1.000000, effective LR:  0.000400
    ✓ Best valid checkpoint: params-best-85fb458c-b63f-4b72-a102-557683f9f11f.json (weighted loss=1.064888, epoch 144)
epoch: 145                    train:   valid:
    weighted total loss      1.237395  1.103311
    energy MSE [eV²]         0.381681  0.315816
    force MSE [(eV/Å)²]      0.682643  0.631593
    energy mae [kcal/mol]          15.321051  14.674478
    energy R²                    N/A  0.583459
    forces mae [kcal/mol/Å]        18.436800  17.921143
    forces R²                    N/A  0.816916
    dipole mae [tgt units]   0.367828  0.347988
    dipole R²                    N/A  0.504885
    dipole MSE [tgt²]        0.169312  0.155421
    charge loss [e²]         0.003758  0.000481
    charge RMSE [e]          0.061301  0.021934
    LR scale:  1.000000, effective LR:  0.000400
epoch: 146                    train:   valid:
    weighted total loss      1.242788  1.064464
    energy MSE [eV²]         0.386400  0.276946
    force MSE [(eV/Å)²]      0.680564  0.629987
    energy mae [kcal/mol]          15.643745  12.206712
    energy R²                    N/A  0.643399
    forces mae [kcal/mol/Å]        18.410564  17.811508
    forces R²                    N/A  0.817378
    dipole mae [tgt units]   0.368412  0.347645
    dipole R²                    N/A  0.505015
    dipole MSE [tgt²]        0.169440  0.155313
    charge loss [e²]         0.006384  0.002218
    charge RMSE [e]          0.079901  0.047100
    LR scale:  1.000000, effective LR:  0.000400
    ✓ Best valid checkpoint: params-best-85fb458c-b63f-4b72-a102-557683f9f11f.json (weighted loss=1.064464, epoch 146)
epoch: 147                    train:   valid:
    weighted total loss      1.244220  1.109530
    energy MSE [eV²]         0.386875  0.280040
    force MSE [(eV/Å)²]      0.678403  0.632413
    energy mae [kcal/mol]          15.319294  12.932010
    energy R²                    N/A  0.637568
    forces mae [kcal/mol/Å]        18.368420  17.866764
    forces R²                    N/A  0.816698
    dipole mae [tgt units]   0.368450  0.349977
    dipole R²                    N/A  0.502723
    dipole MSE [tgt²]        0.169335  0.155627
    charge loss [e²]         0.009607  0.041451
    charge RMSE [e]          0.098013  0.203594
    LR scale:  1.000000, effective LR:  0.000400
epoch: 148                    train:   valid:
    weighted total loss      1.223981  1.091485
    energy MSE [eV²]         0.374277  0.305442
    force MSE [(eV/Å)²]      0.677279  0.629760
    energy mae [kcal/mol]          15.218999  12.501437
    energy R²                    N/A  0.601398
    forces mae [kcal/mol/Å]        18.378389  17.759813
    forces R²                    N/A  0.817470
    dipole mae [tgt units]   0.368429  0.347588
    dipole R²                    N/A  0.504812
    dipole MSE [tgt²]        0.169446  0.155235
    charge loss [e²]         0.002978  0.001048
    charge RMSE [e]          0.054572  0.032367
    LR scale:  1.000000, effective LR:  0.000400
epoch: 149                    train:   valid:
    weighted total loss      1.236978  1.079549
    energy MSE [eV²]         0.384197  0.299660
    force MSE [(eV/Å)²]      0.674936  0.623938
    energy mae [kcal/mol]          15.367623  14.010135
    energy R²                    N/A  0.607869
    forces mae [kcal/mol/Å]        18.317608  17.710676
    forces R²                    N/A  0.819182
    dipole mae [tgt units]   0.367373  0.347479
    dipole R²                    N/A  0.504855
    dipole MSE [tgt²]        0.169059  0.155260
    charge loss [e²]         0.008785  0.000691
    charge RMSE [e]          0.093729  0.026286
    LR scale:  1.000000, effective LR:  0.000400
epoch: 150                    train:   valid:
    weighted total loss      1.301097  1.050045
    energy MSE [eV²]         0.449559  0.270458
    force MSE [(eV/Å)²]      0.675849  0.623906
    energy mae [kcal/mol]          16.807098  12.186911
    energy R²                    N/A  0.652030
    forces mae [kcal/mol/Å]        18.333719  17.695644
    forces R²                    N/A  0.819174
    dipole mae [tgt units]   0.367810  0.347179
    dipole R²                    N/A  0.505637
    dipole MSE [tgt²]        0.169278  0.155157
    charge loss [e²]         0.006410  0.000524
    charge RMSE [e]          0.080066  0.022883
    LR scale:  1.000000, effective LR:  0.000400
    ✓ Best valid checkpoint: params-best-85fb458c-b63f-4b72-a102-557683f9f11f.json (weighted loss=1.050045, epoch 150)
epoch: 151                    train:   valid:
    weighted total loss      1.228061  1.087646
    energy MSE [eV²]         0.382267  0.306694
    force MSE [(eV/Å)²]      0.672855  0.623445
    energy mae [kcal/mol]          15.268380  14.422007
    energy R²                    N/A  0.594973
    forces mae [kcal/mol/Å]        18.296658  17.686705
    forces R²                    N/A  0.819327
    dipole mae [tgt units]   0.367398  0.346794
    dipole R²                    N/A  0.505733
    dipole MSE [tgt²]        0.169355  0.154994
    charge loss [e²]         0.003584  0.002513
    charge RMSE [e]          0.059862  0.050130
    LR scale:  1.000000, effective LR:  0.000400
epoch: 152                    train:   valid:
    weighted total loss      1.235739  1.124969
    energy MSE [eV²]         0.385652  0.347020
    force MSE [(eV/Å)²]      0.671299  0.622280
    energy mae [kcal/mol]          15.461358  13.469550
    energy R²                    N/A  0.539360
    forces mae [kcal/mol/Å]        18.266197  17.688776
    forces R²                    N/A  0.819672
    dipole mae [tgt units]   0.366895  0.347170
    dipole R²                    N/A  0.505439
    dipole MSE [tgt²]        0.169242  0.155138
    charge loss [e²]         0.009546  0.000531
    charge RMSE [e]          0.097705  0.023051
    LR scale:  1.000000, effective LR:  0.000400
epoch: 153                    train:   valid:
    weighted total loss      1.196079  1.065106
    energy MSE [eV²]         0.357545  0.291987
    force MSE [(eV/Å)²]      0.668440  0.617339
    energy mae [kcal/mol]          14.699713  12.178040
    energy R²                    N/A  0.620840
    forces mae [kcal/mol/Å]        18.223677  17.622295
    forces R²                    N/A  0.821099
    dipole mae [tgt units]   0.367196  0.347495
    dipole R²                    N/A  0.504857
    dipole MSE [tgt²]        0.169237  0.155249
    charge loss [e²]         0.000856  0.000531
    charge RMSE [e]          0.029266  0.023045
    LR scale:  1.000000, effective LR:  0.000400
epoch: 154                    train:   valid:
    weighted total loss      1.192972  1.041699
    energy MSE [eV²]         0.357102  0.271581
    force MSE [(eV/Å)²]      0.664957  0.614174
    energy mae [kcal/mol]          14.753434  11.998115
    energy R²                    N/A  0.649333
    forces mae [kcal/mol/Å]        18.168619  17.586329
    forces R²                    N/A  0.822009
    dipole mae [tgt units]   0.368456  0.348011
    dipole R²                    N/A  0.505062
    dipole MSE [tgt²]        0.169202  0.155381
    charge loss [e²]         0.001711  0.000563
    charge RMSE [e]          0.041361  0.023725
    LR scale:  1.000000, effective LR:  0.000400
    ✓ Best valid checkpoint: params-best-85fb458c-b63f-4b72-a102-557683f9f11f.json (weighted loss=1.041699, epoch 154)
epoch: 155                    train:   valid:
    weighted total loss      1.221198  1.049078
    energy MSE [eV²]         0.383900  0.279906
    force MSE [(eV/Å)²]      0.664330  0.613384
    energy mae [kcal/mol]          15.451770  13.202786
    energy R²                    N/A  0.636290
    forces mae [kcal/mol/Å]        18.157894  17.568020
    forces R²                    N/A  0.822242
    dipole mae [tgt units]   0.367614  0.347276
    dipole R²                    N/A  0.505000
    dipole MSE [tgt²]        0.169309  0.155198
    charge loss [e²]         0.003659  0.000591
    charge RMSE [e]          0.060490  0.024309
    LR scale:  1.000000, effective LR:  0.000400
epoch: 156                    train:   valid:
    weighted total loss      1.206947  1.040229
    energy MSE [eV²]         0.365953  0.271002
    force MSE [(eV/Å)²]      0.662740  0.612295
    energy mae [kcal/mol]          14.867842  12.785738
    energy R²                    N/A  0.648322
    forces mae [kcal/mol/Å]        18.143894  17.562160
    forces R²                    N/A  0.822554
    dipole mae [tgt units]   0.367657  0.347972
    dipole R²                    N/A  0.505196
    dipole MSE [tgt²]        0.169325  0.155356
    charge loss [e²]         0.008930  0.001577
    charge RMSE [e]          0.094497  0.039713
    LR scale:  1.000000, effective LR:  0.000400
    ✓ Best valid checkpoint: params-best-85fb458c-b63f-4b72-a102-557683f9f11f.json (weighted loss=1.040229, epoch 156)
epoch: 157                    train:   valid:
    weighted total loss      1.224326  1.074173
    energy MSE [eV²]         0.388358  0.306979
    force MSE [(eV/Å)²]      0.660578  0.610814
    energy mae [kcal/mol]          15.515653  14.491813
    energy R²                    N/A  0.594310
    forces mae [kcal/mol/Å]        18.107862  17.526604
    forces R²                    N/A  0.822991
    dipole mae [tgt units]   0.366400  0.348168
    dipole R²                    N/A  0.504821
    dipole MSE [tgt²]        0.169176  0.155453
    charge loss [e²]         0.006213  0.000927
    charge RMSE [e]          0.078822  0.030451
    LR scale:  1.000000, effective LR:  0.000400
epoch: 158                    train:   valid:
    weighted total loss      1.227668  1.029469
    energy MSE [eV²]         0.394493  0.263602
    force MSE [(eV/Å)²]      0.659917  0.609799
    energy mae [kcal/mol]          15.493724  12.105168
    energy R²                    N/A  0.660137
    forces mae [kcal/mol/Å]        18.102411  17.571400
    forces R²                    N/A  0.823265
    dipole mae [tgt units]   0.368428  0.347176
    dipole R²                    N/A  0.505798
    dipole MSE [tgt²]        0.169290  0.155121
    charge loss [e²]         0.003968  0.000947
    charge RMSE [e]          0.062991  0.030777
    LR scale:  1.000000, effective LR:  0.000400
    ✓ Best valid checkpoint: params-best-85fb458c-b63f-4b72-a102-557683f9f11f.json (weighted loss=1.029469, epoch 158)
epoch: 159                    train:   valid:
    weighted total loss      1.171966  1.070065
    energy MSE [eV²]         0.344690  0.308731
    force MSE [(eV/Å)²]      0.656684  0.605346
    energy mae [kcal/mol]          14.416076  12.495370
    energy R²                    N/A  0.595393
    forces mae [kcal/mol/Å]        18.043751  17.486265
    forces R²                    N/A  0.824567
    dipole mae [tgt units]   0.366483  0.347841
    dipole R²                    N/A  0.505497
    dipole MSE [tgt²]        0.169329  0.155266
    charge loss [e²]         0.001263  0.000723
    charge RMSE [e]          0.035545  0.026883
    LR scale:  1.000000, effective LR:  0.000400
epoch: 160                    train:   valid:
    weighted total loss      1.200179  1.062361
    energy MSE [eV²]         0.368109  0.302248
    force MSE [(eV/Å)²]      0.653920  0.604270
    energy mae [kcal/mol]          14.999360  12.364573
    energy R²                    N/A  0.604523
    forces mae [kcal/mol/Å]        18.003540  17.396219
    forces R²                    N/A  0.824916
    dipole mae [tgt units]   0.368928  0.347594
    dipole R²                    N/A  0.505726
    dipole MSE [tgt²]        0.169211  0.155180
    charge loss [e²]         0.008938  0.000664
    charge RMSE [e]          0.094541  0.025763
    LR scale:  1.000000, effective LR:  0.000400
epoch: 161                    train:   valid:
    weighted total loss      1.207199  1.022748
    energy MSE [eV²]         0.382815  0.263989
    force MSE [(eV/Å)²]      0.652702  0.602957
    energy mae [kcal/mol]          15.284989  12.123119
    energy R²                    N/A  0.658801
    forces mae [kcal/mol/Å]        17.975496  17.377062
    forces R²                    N/A  0.825300
    dipole mae [tgt units]   0.367016  0.347039
    dipole R²                    N/A  0.505405
    dipole MSE [tgt²]        0.169208  0.155028
    charge loss [e²]         0.002475  0.000774
    charge RMSE [e]          0.049748  0.027824
    LR scale:  1.000000, effective LR:  0.000400
    ✓ Best valid checkpoint: params-best-85fb458c-b63f-4b72-a102-557683f9f11f.json (weighted loss=1.022748, epoch 161)
epoch: 162                    train:   valid:
    weighted total loss      1.190488  1.029976
    energy MSE [eV²]         0.368107  0.267821
    force MSE [(eV/Å)²]      0.650836  0.601698
    energy mae [kcal/mol]          15.022451  12.707607
    energy R²                    N/A  0.652427
    forces mae [kcal/mol/Å]        17.950800  17.408890
    forces R²                    N/A  0.825654
    dipole mae [tgt units]   0.367279  0.346650
    dipole R²                    N/A  0.505825
    dipole MSE [tgt²]        0.169197  0.154948
    charge loss [e²]         0.002348  0.005510
    charge RMSE [e]          0.048455  0.074229
    LR scale:  1.000000, effective LR:  0.000400
epoch: 163                    train:   valid:
    weighted total loss      1.174733  1.016194
    energy MSE [eV²]         0.352757  0.263968
    force MSE [(eV/Å)²]      0.648462  0.596145
    energy mae [kcal/mol]          14.664672  12.477836
    energy R²                    N/A  0.657622
    forces mae [kcal/mol/Å]        17.912203  17.296053
    forces R²                    N/A  0.827255
    dipole mae [tgt units]   0.367617  0.348028
    dipole R²                    N/A  0.505316
    dipole MSE [tgt²]        0.169450  0.155327
    charge loss [e²]         0.004064  0.000753
    charge RMSE [e]          0.063750  0.027450
    LR scale:  1.000000, effective LR:  0.000400
    ✓ Best valid checkpoint: params-best-85fb458c-b63f-4b72-a102-557683f9f11f.json (weighted loss=1.016194, epoch 163)
epoch: 164                    train:   valid:
    weighted total loss      1.196487  1.013558
    energy MSE [eV²]         0.376401  0.261127
    force MSE [(eV/Å)²]      0.646318  0.596794
    energy mae [kcal/mol]          15.190679  12.138889
    energy R²                    N/A  0.662674
    forces mae [kcal/mol/Å]        17.878544  17.335892
    forces R²                    N/A  0.827063
    dipole mae [tgt units]   0.367693  0.346621
    dipole R²                    N/A  0.506063
    dipole MSE [tgt²]        0.169302  0.154902
    charge loss [e²]         0.004466  0.000736
    charge RMSE [e]          0.066830  0.027130
    LR scale:  1.000000, effective LR:  0.000400
    ✓ Best valid checkpoint: params-best-85fb458c-b63f-4b72-a102-557683f9f11f.json (weighted loss=1.013558, epoch 164)
epoch: 165                    train:   valid:
    weighted total loss      1.235815  1.024161
    energy MSE [eV²]         0.406858  0.270089
    force MSE [(eV/Å)²]      0.646054  0.596753
    energy mae [kcal/mol]          15.862032  12.825412
    energy R²                    N/A  0.649495
    forces mae [kcal/mol/Å]        17.867262  17.289518
    forces R²                    N/A  0.827078
    dipole mae [tgt units]   0.367179  0.346765
    dipole R²                    N/A  0.506078
    dipole MSE [tgt²]        0.169314  0.154904
    charge loss [e²]         0.013589  0.002415
    charge RMSE [e]          0.116570  0.049142
    LR scale:  1.000000, effective LR:  0.000400
epoch: 166                    train:   valid:
    weighted total loss      1.218919  1.016673
    energy MSE [eV²]         0.400142  0.267212
    force MSE [(eV/Å)²]      0.644882  0.593622
    energy mae [kcal/mol]          15.806897  11.811544
    energy R²                    N/A  0.653537
    forces mae [kcal/mol/Å]        17.855511  17.279530
    forces R²                    N/A  0.827999
    dipole mae [tgt units]   0.367054  0.347417
    dipole R²                    N/A  0.505995
    dipole MSE [tgt²]        0.169428  0.155100
    charge loss [e²]         0.004467  0.000739
    charge RMSE [e]          0.066834  0.027182
    LR scale:  1.000000, effective LR:  0.000400
epoch: 167                    train:   valid:
    weighted total loss      1.180026  1.058018
    energy MSE [eV²]         0.366150  0.309742
    force MSE [(eV/Å)²]      0.642687  0.592571
    energy mae [kcal/mol]          14.944474  12.511775
    energy R²                    N/A  0.593159
    forces mae [kcal/mol/Å]        17.815058  17.202852
    forces R²                    N/A  0.828326
    dipole mae [tgt units]   0.366606  0.346674
    dipole R²                    N/A  0.505958
    dipole MSE [tgt²]        0.169285  0.154884
    charge loss [e²]         0.001904  0.000821
    charge RMSE [e]          0.043638  0.028653
    LR scale:  1.000000, effective LR:  0.000400
epoch: 168                    train:   valid:
    weighted total loss      1.170172  1.138590
    energy MSE [eV²]         0.356071  0.395129
    force MSE [(eV/Å)²]      0.640629  0.587894
    energy mae [kcal/mol]          14.604671  17.479584
    energy R²                    N/A  0.460755
    forces mae [kcal/mol/Å]        17.787291  17.135523
    forces R²                    N/A  0.829675
    dipole mae [tgt units]   0.366384  0.346755
    dipole R²                    N/A  0.505788
    dipole MSE [tgt²]        0.169422  0.154938
    charge loss [e²]         0.004050  0.000630
    charge RMSE [e]          0.063637  0.025092
    LR scale:  1.000000, effective LR:  0.000400
epoch: 169                    train:   valid:
    weighted total loss      1.177505  1.008459
    energy MSE [eV²]         0.367999  0.265977
    force MSE [(eV/Å)²]      0.637426  0.586747
    energy mae [kcal/mol]          14.926548  11.784673
    energy R²                    N/A  0.655288
    forces mae [kcal/mol/Å]        17.729565  17.136242
    forces R²                    N/A  0.830015
    dipole mae [tgt units]   0.365880  0.346775
    dipole R²                    N/A  0.506186
    dipole MSE [tgt²]        0.169157  0.154917
    charge loss [e²]         0.002922  0.000818
    charge RMSE [e]          0.054058  0.028592
    LR scale:  1.000000, effective LR:  0.000400
    ✓ Best valid checkpoint: params-best-85fb458c-b63f-4b72-a102-557683f9f11f.json (weighted loss=1.008459, epoch 169)
epoch: 170                    train:   valid:
    weighted total loss      1.181718  1.022608
    energy MSE [eV²]         0.371595  0.274908
    force MSE [(eV/Å)²]      0.635568  0.590352
    energy mae [kcal/mol]          15.128615  13.164490
    energy R²                    N/A  0.641743
    forces mae [kcal/mol/Å]        17.709675  17.133568
    forces R²                    N/A  0.828977
    dipole mae [tgt units]   0.367399  0.346670
    dipole R²                    N/A  0.506299
    dipole MSE [tgt²]        0.169373  0.154851
    charge loss [e²]         0.005182  0.002497
    charge RMSE [e]          0.071986  0.049966
    LR scale:  1.000000, effective LR:  0.000400
epoch: 171                    train:   valid:
    weighted total loss      1.154536  1.004269
    energy MSE [eV²]         0.345136  0.264370
    force MSE [(eV/Å)²]      0.633874  0.581548
    energy mae [kcal/mol]          14.501966  12.722875
    energy R²                    N/A  0.655562
    forces mae [kcal/mol/Å]        17.681232  17.050362
    forces R²                    N/A  0.831525
    dipole mae [tgt units]   0.366700  0.346946
    dipole R²                    N/A  0.506108
    dipole MSE [tgt²]        0.169249  0.154994
    charge loss [e²]         0.006277  0.003357
    charge RMSE [e]          0.079225  0.057939
    LR scale:  1.000000, effective LR:  0.000400
    ✓ Best valid checkpoint: params-best-85fb458c-b63f-4b72-a102-557683f9f11f.json (weighted loss=1.004269, epoch 171)
epoch: 172                    train:   valid:
    weighted total loss      1.186807  1.015151
    energy MSE [eV²]         0.380932  0.276024
    force MSE [(eV/Å)²]      0.632251  0.583329
    energy mae [kcal/mol]          15.336941  11.855965
    energy R²                    N/A  0.639074
    forces mae [kcal/mol/Å]        17.654942  17.043480
    forces R²                    N/A  0.831017
    dipole mae [tgt units]   0.367248  0.346763
    dipole R²                    N/A  0.506270
    dipole MSE [tgt²]        0.169340  0.154878
    charge loss [e²]         0.004283  0.000919
    charge RMSE [e]          0.065446  0.030318
    LR scale:  1.000000, effective LR:  0.000400
epoch: 173                    train:   valid:
    weighted total loss      1.146244  1.066907
    energy MSE [eV²]         0.344731  0.325827
    force MSE [(eV/Å)²]      0.629394  0.577555
    energy mae [kcal/mol]          14.495589  15.350054
    energy R²                    N/A  0.562607
    forces mae [kcal/mol/Å]        17.623672  16.991129
    forces R²                    N/A  0.832674
    dipole mae [tgt units]   0.367332  0.348609
    dipole R²                    N/A  0.505118
    dipole MSE [tgt²]        0.169351  0.155418
    charge loss [e²]         0.002767  0.008107
    charge RMSE [e]          0.052602  0.090040
    LR scale:  1.000000, effective LR:  0.000400
epoch: 174                    train:   valid:
    weighted total loss      1.158959  1.003173
    energy MSE [eV²]         0.359832  0.270505
    force MSE [(eV/Å)²]      0.626643  0.576884
    energy mae [kcal/mol]          14.896843  11.762250
    energy R²                    N/A  0.648027
    forces mae [kcal/mol/Å]        17.551510  16.975588
    forces R²                    N/A  0.832882
    dipole mae [tgt units]   0.367424  0.347423
    dipole R²                    N/A  0.506002
    dipole MSE [tgt²]        0.169135  0.155084
    charge loss [e²]         0.003349  0.000700
    charge RMSE [e]          0.057871  0.026450
    LR scale:  1.000000, effective LR:  0.000400
    ✓ Best valid checkpoint: params-best-85fb458c-b63f-4b72-a102-557683f9f11f.json (weighted loss=1.003173, epoch 174)
epoch: 175                    train:   valid:
    weighted total loss      1.184901  1.000399
    energy MSE [eV²]         0.379165  0.261436
    force MSE [(eV/Å)²]      0.626420  0.576585
    energy mae [kcal/mol]          15.326362  12.500761
    energy R²                    N/A  0.661270
    forces mae [kcal/mol/Å]        17.551966  16.934206
    forces R²                    N/A  0.832976
    dipole mae [tgt units]   0.366681  0.346570
    dipole R²                    N/A  0.505964
    dipole MSE [tgt²]        0.169525  0.154917
    charge loss [e²]         0.009790  0.007461
    charge RMSE [e]          0.098946  0.086378
    LR scale:  1.000000, effective LR:  0.000400
    ✓ Best valid checkpoint: params-best-85fb458c-b63f-4b72-a102-557683f9f11f.json (weighted loss=1.000399, epoch 175)
epoch: 176                    train:   valid:
    weighted total loss      1.124933  1.052812
    energy MSE [eV²]         0.330497  0.323620
    force MSE [(eV/Å)²]      0.623327  0.573547
    energy mae [kcal/mol]          14.056850  15.202009
    energy R²                    N/A  0.567647
    forces mae [kcal/mol/Å]        17.504171  16.905325
    forces R²                    N/A  0.833839
    dipole mae [tgt units]   0.367082  0.346887
    dipole R²                    N/A  0.506131
    dipole MSE [tgt²]        0.169351  0.154931
    charge loss [e²]         0.001757  0.000714
    charge RMSE [e]          0.041917  0.026722
    LR scale:  1.000000, effective LR:  0.000400
epoch: 177                    train:   valid:
    weighted total loss      1.130438  0.982623
    energy MSE [eV²]         0.338337  0.255264
    force MSE [(eV/Å)²]      0.620530  0.569884
    energy mae [kcal/mol]          14.284478  11.848747
    energy R²                    N/A  0.668214
    forces mae [kcal/mol/Å]        17.454916  16.845690
    forces R²                    N/A  0.834926
    dipole mae [tgt units]   0.366846  0.348136
    dipole R²                    N/A  0.505740
    dipole MSE [tgt²]        0.169205  0.155206
    charge loss [e²]         0.002366  0.002270
    charge RMSE [e]          0.048644  0.047642
    LR scale:  1.000000, effective LR:  0.000400
    ✓ Best valid checkpoint: params-best-85fb458c-b63f-4b72-a102-557683f9f11f.json (weighted loss=0.982623, epoch 177)
epoch: 178                    train:   valid:
    weighted total loss      1.126446  0.977423
    energy MSE [eV²]         0.336083  0.252890
    force MSE [(eV/Å)²]      0.618601  0.568835
    energy mae [kcal/mol]          14.307593  11.749975
    energy R²                    N/A  0.672665
    forces mae [kcal/mol/Å]        17.414892  16.849918
    forces R²                    N/A  0.835239
    dipole mae [tgt units]   0.366884  0.346894
    dipole R²                    N/A  0.506001
    dipole MSE [tgt²]        0.169266  0.154956
    charge loss [e²]         0.002497  0.000741
    charge RMSE [e]          0.049966  0.027215
    LR scale:  1.000000, effective LR:  0.000400
    ✓ Best valid checkpoint: params-best-85fb458c-b63f-4b72-a102-557683f9f11f.json (weighted loss=0.977423, epoch 178)
epoch: 179                    train:   valid:
    weighted total loss      1.126953  1.239549
    energy MSE [eV²]         0.336766  0.508549
    force MSE [(eV/Å)²]      0.616046  0.565956
    energy mae [kcal/mol]          14.399292  20.590984
    energy R²                    N/A  0.291968
    forces mae [kcal/mol/Å]        17.387663  16.790012
    forces R²                    N/A  0.836066
    dipole mae [tgt units]   0.366907  0.347503
    dipole R²                    N/A  0.505474
    dipole MSE [tgt²]        0.169309  0.155193
    charge loss [e²]         0.004831  0.009852
    charge RMSE [e]          0.069508  0.099258
    LR scale:  1.000000, effective LR:  0.000400
epoch: 180                    train:   valid:
    weighted total loss      1.161735  0.986930
    energy MSE [eV²]         0.371762  0.265610
    force MSE [(eV/Å)²]      0.613682  0.565689
    energy mae [kcal/mol]          15.079636  11.641444
    energy R²                    N/A  0.654980
    forces mae [kcal/mol/Å]        17.361250  16.753902
    forces R²                    N/A  0.836156
    dipole mae [tgt units]   0.367971  0.346838
    dipole R²                    N/A  0.505755
    dipole MSE [tgt²]        0.169283  0.154819
    charge loss [e²]         0.007009  0.000811
    charge RMSE [e]          0.083719  0.028486
    LR scale:  1.000000, effective LR:  0.000400
epoch: 181                    train:   valid:
    weighted total loss      1.157616  1.015221
    energy MSE [eV²]         0.367637  0.294239
    force MSE [(eV/Å)²]      0.612709  0.565623
    energy mae [kcal/mol]          14.950499  14.231396
    energy R²                    N/A  0.609997
    forces mae [kcal/mol/Å]        17.348070  16.753372
    forces R²                    N/A  0.836164
    dipole mae [tgt units]   0.366737  0.346334
    dipole R²                    N/A  0.506786
    dipole MSE [tgt²]        0.169138  0.154634
    charge loss [e²]         0.008131  0.000725
    charge RMSE [e]          0.090174  0.026935
    LR scale:  1.000000, effective LR:  0.000400
epoch: 182                    train:   valid:
    weighted total loss      1.148985  1.046968
    energy MSE [eV²]         0.360631  0.329691
    force MSE [(eV/Å)²]      0.612117  0.561473
    energy mae [kcal/mol]          14.917171  15.606808
    energy R²                    N/A  0.554991
    forces mae [kcal/mol/Å]        17.315462  16.714499
    forces R²                    N/A  0.837375
    dipole mae [tgt units]   0.367082  0.346435
    dipole R²                    N/A  0.506982
    dipole MSE [tgt²]        0.169378  0.154696
    charge loss [e²]         0.006859  0.001108
    charge RMSE [e]          0.082820  0.033292
    LR scale:  1.000000, effective LR:  0.000400
epoch: 183                    train:   valid:
    weighted total loss      1.175407  0.989951
    energy MSE [eV²]         0.385993  0.268531
    force MSE [(eV/Å)²]      0.612120  0.562759
    energy mae [kcal/mol]          15.547346  13.099530
    energy R²                    N/A  0.649810
    forces mae [kcal/mol/Å]        17.317617  16.723751
    forces R²                    N/A  0.836995
    dipole mae [tgt units]   0.366811  0.345923
    dipole R²                    N/A  0.507214
    dipole MSE [tgt²]        0.169244  0.154555
    charge loss [e²]         0.008050  0.004106
    charge RMSE [e]          0.089724  0.064080
    LR scale:  1.000000, effective LR:  0.000400
epoch: 184                    train:   valid:
    weighted total loss      1.121531  1.041403
    energy MSE [eV²]         0.341764  0.327960
    force MSE [(eV/Å)²]      0.608709  0.558070
    energy mae [kcal/mol]          14.371079  13.022572
    energy R²                    N/A  0.561856
    forces mae [kcal/mol/Å]        17.262369  16.625607
    forces R²                    N/A  0.838369
    dipole mae [tgt units]   0.366192  0.346081
    dipole R²                    N/A  0.507273
    dipole MSE [tgt²]        0.169154  0.154592
    charge loss [e²]         0.001904  0.000781
    charge RMSE [e]          0.043640  0.027952
    LR scale:  1.000000, effective LR:  0.000400
epoch: 185                    train:   valid:
    weighted total loss      1.154231  1.016366
    energy MSE [eV²]         0.372807  0.303548
    force MSE [(eV/Å)²]      0.606659  0.557534
    energy mae [kcal/mol]          15.173182  14.713428
    energy R²                    N/A  0.594811
    forces mae [kcal/mol/Å]        17.238230  16.615519
    forces R²                    N/A  0.838533
    dipole mae [tgt units]   0.366497  0.346041
    dipole R²                    N/A  0.506765
    dipole MSE [tgt²]        0.169142  0.154555
    charge loss [e²]         0.005623  0.000729
    charge RMSE [e]          0.074989  0.026993
    LR scale:  1.000000, effective LR:  0.000400
epoch: 186                    train:   valid:
    weighted total loss      1.096634  0.971794
    energy MSE [eV²]         0.322058  0.262237
    force MSE [(eV/Å)²]      0.603919  0.554162
    energy mae [kcal/mol]          13.938791  12.936479
    energy R²                    N/A  0.655991
    forces mae [kcal/mol/Å]        17.179472  16.592739
    forces R²                    N/A  0.839504
    dipole mae [tgt units]   0.366875  0.346262
    dipole R²                    N/A  0.507204
    dipole MSE [tgt²]        0.168958  0.154608
    charge loss [e²]         0.001699  0.000787
    charge RMSE [e]          0.041224  0.028051
    LR scale:  1.000000, effective LR:  0.000400
    ✓ Best valid checkpoint: params-best-85fb458c-b63f-4b72-a102-557683f9f11f.json (weighted loss=0.971794, epoch 186)
epoch: 187                    train:   valid:
    weighted total loss      1.136311  0.993861
    energy MSE [eV²]         0.356251  0.279931
    force MSE [(eV/Å)²]      0.601866  0.555517
    energy mae [kcal/mol]          14.628041  13.750453
    energy R²                    N/A  0.630039
    forces mae [kcal/mol/Å]        17.144424  16.573647
    forces R²                    N/A  0.839121
    dipole mae [tgt units]   0.366892  0.346110
    dipole R²                    N/A  0.507175
    dipole MSE [tgt²]        0.169175  0.154555
    charge loss [e²]         0.009020  0.003858
    charge RMSE [e]          0.094974  0.062109
    LR scale:  1.000000, effective LR:  0.000400
epoch: 188                    train:   valid:
    weighted total loss      1.172101  1.002706
    energy MSE [eV²]         0.395197  0.293527
    force MSE [(eV/Å)²]      0.603020  0.553826
    energy mae [kcal/mol]          15.726060  12.166054
    energy R²                    N/A  0.611762
    forces mae [kcal/mol/Å]        17.153101  16.553286
    forces R²                    N/A  0.839613
    dipole mae [tgt units]   0.366301  0.345902
    dipole R²                    N/A  0.507506
    dipole MSE [tgt²]        0.168903  0.154498
    charge loss [e²]         0.004982  0.000854
    charge RMSE [e]          0.070586  0.029219
    LR scale:  1.000000, effective LR:  0.000400
epoch: 189                    train:   valid:
    weighted total loss      1.112079  1.086979
    energy MSE [eV²]         0.338854  0.378028
    force MSE [(eV/Å)²]      0.600372  0.552858
    energy mae [kcal/mol]          14.320285  17.136694
    energy R²                    N/A  0.485113
    forces mae [kcal/mol/Å]        17.131834  16.567062
    forces R²                    N/A  0.839876
    dipole mae [tgt units]   0.366733  0.345998
    dipole R²                    N/A  0.506841
    dipole MSE [tgt²]        0.169233  0.154623
    charge loss [e²]         0.003621  0.001470
    charge RMSE [e]          0.060175  0.038342
    LR scale:  1.000000, effective LR:  0.000400
epoch: 190                    train:   valid:
    weighted total loss      1.112045  0.956681
    energy MSE [eV²]         0.342088  0.252083
    force MSE [(eV/Å)²]      0.598307  0.548642
    energy mae [kcal/mol]          14.411967  11.459008
    energy R²                    N/A  0.673091
    forces mae [kcal/mol/Å]        17.084566  16.463737
    forces R²                    N/A  0.841123
    dipole mae [tgt units]   0.366002  0.346541
    dipole R²                    N/A  0.507212
    dipole MSE [tgt²]        0.168949  0.154664
    charge loss [e²]         0.002702  0.001292
    charge RMSE [e]          0.051979  0.035948
    LR scale:  1.000000, effective LR:  0.000400
    ✓ Best valid checkpoint: params-best-85fb458c-b63f-4b72-a102-557683f9f11f.json (weighted loss=0.956681, epoch 190)
epoch: 191                    train:   valid:
    weighted total loss      1.132465  0.963883
    energy MSE [eV²]         0.361677  0.257705
    force MSE [(eV/Å)²]      0.595384  0.548936
    energy mae [kcal/mol]          14.866747  12.697639
    energy R²                    N/A  0.663218
    forces mae [kcal/mol/Å]        17.047167  16.522167
    forces R²                    N/A  0.841034
    dipole mae [tgt units]   0.366422  0.345832
    dipole R²                    N/A  0.507054
    dipole MSE [tgt²]        0.168982  0.154413
    charge loss [e²]         0.006422  0.002829
    charge RMSE [e]          0.080137  0.053189
    LR scale:  1.000000, effective LR:  0.000400
epoch: 192                    train:   valid:
    weighted total loss      1.122675  1.055615
    energy MSE [eV²]         0.352827  0.354570
    force MSE [(eV/Å)²]      0.594937  0.545758
    energy mae [kcal/mol]          14.755023  13.711575
    energy R²                    N/A  0.522140
    forces mae [kcal/mol/Å]        17.021772  16.443897
    forces R²                    N/A  0.841967
    dipole mae [tgt units]   0.366644  0.345369
    dipole R²                    N/A  0.507749
    dipole MSE [tgt²]        0.168902  0.154375
    charge loss [e²]         0.006009  0.000911
    charge RMSE [e]          0.077516  0.030189
    LR scale:  1.000000, effective LR:  0.000400
epoch: 193                    train:   valid:
    weighted total loss      1.129025  0.959234
    energy MSE [eV²]         0.359412  0.255530
    force MSE [(eV/Å)²]      0.594019  0.548149
    energy mae [kcal/mol]          14.806869  12.717106
    energy R²                    N/A  0.663894
    forces mae [kcal/mol/Å]        17.020184  16.465422
    forces R²                    N/A  0.841269
    dipole mae [tgt units]   0.366190  0.345686
    dipole R²                    N/A  0.507209
    dipole MSE [tgt²]        0.169027  0.154447
    charge loss [e²]         0.006568  0.001109
    charge RMSE [e]          0.081041  0.033295
    LR scale:  1.000000, effective LR:  0.000400
epoch: 194                    train:   valid:
    weighted total loss      1.132124  1.114973
    energy MSE [eV²]         0.358025  0.395374
    force MSE [(eV/Å)²]      0.592563  0.543704
    energy mae [kcal/mol]          14.715897  17.678457
    energy R²                    N/A  0.458691
    forces mae [kcal/mol/Å]        16.980856  16.400873
    forces R²                    N/A  0.842546
    dipole mae [tgt units]   0.366109  0.348841
    dipole R²                    N/A  0.505414
    dipole MSE [tgt²]        0.169036  0.155352
    charge loss [e²]         0.012499  0.020542
    charge RMSE [e]          0.111800  0.143325
    LR scale:  1.000000, effective LR:  0.000400
epoch: 195                    train:   valid:
    weighted total loss      1.084062  1.043513
    energy MSE [eV²]         0.324876  0.348953
    force MSE [(eV/Å)²]      0.588870  0.538966
    energy mae [kcal/mol]          14.025388  16.326759
    energy R²                    N/A  0.524812
    forces mae [kcal/mol/Å]        16.937103  16.368788
    forces R²                    N/A  0.843930
    dipole mae [tgt units]   0.365372  0.347201
    dipole R²                    N/A  0.506988
    dipole MSE [tgt²]        0.168807  0.154773
    charge loss [e²]         0.001509  0.000821
    charge RMSE [e]          0.038843  0.028652
    LR scale:  1.000000, effective LR:  0.000400
epoch: 196                    train:   valid:
    weighted total loss      1.122303  1.074344
    energy MSE [eV²]         0.360616  0.381143
    force MSE [(eV/Å)²]      0.587555  0.537731
    energy mae [kcal/mol]          14.839668  17.331358
    energy R²                    N/A  0.478093
    forces mae [kcal/mol/Å]        16.894434  16.314867
    forces R²                    N/A  0.844298
    dipole mae [tgt units]   0.364987  0.345220
    dipole R²                    N/A  0.508053
    dipole MSE [tgt²]        0.168939  0.154245
    charge loss [e²]         0.005193  0.001224
    charge RMSE [e]          0.072065  0.034991
    LR scale:  1.000000, effective LR:  0.000400
epoch: 197                    train:   valid:
    weighted total loss      1.098865  0.951584
    energy MSE [eV²]         0.341940  0.259623
    force MSE [(eV/Å)²]      0.586281  0.536857
    energy mae [kcal/mol]          14.344370  12.897545
    energy R²                    N/A  0.659017
    forces mae [kcal/mol/Å]        16.879154  16.280102
    forces R²                    N/A  0.844561
    dipole mae [tgt units]   0.366235  0.345765
    dipole R²                    N/A  0.507102
    dipole MSE [tgt²]        0.169055  0.154337
    charge loss [e²]         0.001588  0.000768
    charge RMSE [e]          0.039854  0.027709
    LR scale:  1.000000, effective LR:  0.000400
    ✓ Best valid checkpoint: params-best-85fb458c-b63f-4b72-a102-557683f9f11f.json (weighted loss=0.951584, epoch 197)
epoch: 198                    train:   valid:
    weighted total loss      1.089125  0.938733
    energy MSE [eV²]         0.328399  0.250137
    force MSE [(eV/Å)²]      0.584556  0.533502
    energy mae [kcal/mol]          14.063949  12.463928
    energy R²                    N/A  0.672095
    forces mae [kcal/mol/Å]        16.849016  16.211096
    forces R²                    N/A  0.845551
    dipole mae [tgt units]   0.367283  0.345164
    dipole R²                    N/A  0.508009
    dipole MSE [tgt²]        0.169098  0.154152
    charge loss [e²]         0.007072  0.000942
    charge RMSE [e]          0.084097  0.030693
    LR scale:  1.000000, effective LR:  0.000400
    ✓ Best valid checkpoint: params-best-85fb458c-b63f-4b72-a102-557683f9f11f.json (weighted loss=0.938733, epoch 198)
epoch: 199                    train:   valid:
    weighted total loss      1.122246  1.101135
    energy MSE [eV²]         0.366388  0.339323
    force MSE [(eV/Å)²]      0.583006  0.539057
    energy mae [kcal/mol]          14.989146  16.018362
    energy R²                    N/A  0.540974
    forces mae [kcal/mol/Å]        16.821308  16.354116
    forces R²                    N/A  0.843915
    dipole mae [tgt units]   0.365741  0.348780
    dipole R²                    N/A  0.504738
    dipole MSE [tgt²]        0.168992  0.154860
    charge loss [e²]         0.003860  0.067895
    charge RMSE [e]          0.062129  0.260567
    LR scale:  1.000000, effective LR:  0.000400
epoch: 200                    train:   valid:
    weighted total loss      1.081561  1.112128
    energy MSE [eV²]         0.326516  0.383951
    force MSE [(eV/Å)²]      0.580717  0.534259
    energy mae [kcal/mol]          13.990372  17.471888
    energy R²                    N/A  0.473965
    forces mae [kcal/mol/Å]        16.794617  16.216221
    forces R²                    N/A  0.845321
    dipole mae [tgt units]   0.367442  0.348554
    dipole R²                    N/A  0.505019
    dipole MSE [tgt²]        0.168959  0.154722
    charge loss [e²]         0.005370  0.039196
    charge RMSE [e]          0.073277  0.197979
    LR scale:  1.000000, effective LR:  0.000400
epoch: 201                    train:   valid:
    weighted total loss      1.069112  0.924557
    energy MSE [eV²]         0.319497  0.241379
    force MSE [(eV/Å)²]      0.577821  0.527933
    energy mae [kcal/mol]          13.762918  11.700199
    energy R²                    N/A  0.684764
    forces mae [kcal/mol/Å]        16.731785  16.172770
    forces R²                    N/A  0.847150
    dipole mae [tgt units]   0.365336  0.345858
    dipole R²                    N/A  0.507771
    dipole MSE [tgt²]        0.168774  0.154417
    charge loss [e²]         0.003020  0.000828
    charge RMSE [e]          0.054957  0.028782
    LR scale:  1.000000, effective LR:  0.000400
    ✓ Best valid checkpoint: params-best-85fb458c-b63f-4b72-a102-557683f9f11f.json (weighted loss=0.924557, epoch 201)
epoch: 202                    train:   valid:
    weighted total loss      1.141821  1.074341
    energy MSE [eV²]         0.387686  0.385573
    force MSE [(eV/Å)²]      0.577746  0.532555
    energy mae [kcal/mol]          15.481874  17.481668
    energy R²                    N/A  0.472017
    forces mae [kcal/mol/Å]        16.738129  16.166023
    forces R²                    N/A  0.845830
    dipole mae [tgt units]   0.366773  0.344802
    dipole R²                    N/A  0.508336
    dipole MSE [tgt²]        0.168907  0.154054
    charge loss [e²]         0.007482  0.002158
    charge RMSE [e]          0.086501  0.046458
    LR scale:  1.000000, effective LR:  0.000400
epoch: 203                    train:   valid:
    weighted total loss      1.072448  1.157292
    energy MSE [eV²]         0.324236  0.473126
    force MSE [(eV/Å)²]      0.576346  0.527267
    energy mae [kcal/mol]          14.096310  16.906637
    energy R²                    N/A  0.345449
    forces mae [kcal/mol/Å]        16.699041  16.163460
    forces R²                    N/A  0.847340
    dipole mae [tgt units]   0.364395  0.348194
    dipole R²                    N/A  0.506282
    dipole MSE [tgt²]        0.168795  0.155026
    charge loss [e²]         0.003070  0.001873
    charge RMSE [e]          0.055408  0.043283
    LR scale:  1.000000, effective LR:  0.000400
epoch: 204                    train:   valid:
    weighted total loss      1.106894  1.051744
    energy MSE [eV²]         0.358230  0.369155
    force MSE [(eV/Å)²]      0.575612  0.527288
    energy mae [kcal/mol]          14.828211  14.091630
    energy R²                    N/A  0.499321
    forces mae [kcal/mol/Å]        16.704033  16.072283
    forces R²                    N/A  0.847358
    dipole mae [tgt units]   0.364917  0.345462
    dipole R²                    N/A  0.507740
    dipole MSE [tgt²]        0.168899  0.154339
    charge loss [e²]         0.004154  0.000962
    charge RMSE [e]          0.064453  0.031013
    LR scale:  1.000000, effective LR:  0.000400
epoch: 205                    train:   valid:
    weighted total loss      1.129671  0.943738
    energy MSE [eV²]         0.374587  0.260435
    force MSE [(eV/Å)²]      0.574895  0.528069
    energy mae [kcal/mol]          15.282796  11.476174
    energy R²                    N/A  0.658059
    forces mae [kcal/mol/Å]        16.690121  16.166645
    forces R²                    N/A  0.847122
    dipole mae [tgt units]   0.366424  0.345787
    dipole R²                    N/A  0.507749
    dipole MSE [tgt²]        0.168977  0.154437
    charge loss [e²]         0.011211  0.000796
    charge RMSE [e]          0.105884  0.028219
    LR scale:  1.000000, effective LR:  0.000400
epoch: 206                    train:   valid:
    weighted total loss      1.061996  0.981562
    energy MSE [eV²]         0.319203  0.300625
    force MSE [(eV/Å)²]      0.572313  0.525906
    energy mae [kcal/mol]          13.872284  12.322958
    energy R²                    N/A  0.599658
    forces mae [kcal/mol/Å]        16.637821  16.176439
    forces R²                    N/A  0.847722
    dipole mae [tgt units]   0.365447  0.345315
    dipole R²                    N/A  0.507750
    dipole MSE [tgt²]        0.168812  0.154151
    charge loss [e²]         0.001667  0.000880
    charge RMSE [e]          0.040832  0.029663
    LR scale:  1.000000, effective LR:  0.000400
epoch: 207                    train:   valid:
    weighted total loss      1.096055  0.929305
    energy MSE [eV²]         0.353815  0.251909
    force MSE [(eV/Å)²]      0.571635  0.522045
    energy mae [kcal/mol]          14.637429  12.757447
    energy R²                    N/A  0.668673
    forces mae [kcal/mol/Å]        16.638876  16.052757
    forces R²                    N/A  0.848868
    dipole mae [tgt units]   0.366056  0.345113
    dipole R²                    N/A  0.508194
    dipole MSE [tgt²]        0.168769  0.154188
    charge loss [e²]         0.001836  0.001163
    charge RMSE [e]          0.042848  0.034106
    LR scale:  1.000000, effective LR:  0.000400
epoch: 208                    train:   valid:
    weighted total loss      1.090376  0.914527
    energy MSE [eV²]         0.344071  0.239273
    force MSE [(eV/Å)²]      0.569165  0.520289
    energy mae [kcal/mol]          14.571445  11.344956
    energy R²                    N/A  0.688544
    forces mae [kcal/mol/Å]        16.588419  15.999768
    forces R²                    N/A  0.849376
    dipole mae [tgt units]   0.366570  0.345299
    dipole R²                    N/A  0.508468
    dipole MSE [tgt²]        0.168732  0.154167
    charge loss [e²]         0.008408  0.000799
    charge RMSE [e]          0.091697  0.028259
    LR scale:  1.000000, effective LR:  0.000400
    ✓ Best valid checkpoint: params-best-85fb458c-b63f-4b72-a102-557683f9f11f.json (weighted loss=0.914527, epoch 208)
epoch: 209                    train:   valid:
    weighted total loss      1.065229  0.922231
    energy MSE [eV²]         0.327574  0.247684
    force MSE [(eV/Å)²]      0.565994  0.519104
    energy mae [kcal/mol]          14.023488  12.470114
    energy R²                    N/A  0.676045
    forces mae [kcal/mol/Å]        16.530035  16.014927
    forces R²                    N/A  0.849722
    dipole mae [tgt units]   0.366227  0.345272
    dipole R²                    N/A  0.508373
    dipole MSE [tgt²]        0.168745  0.154157
    charge loss [e²]         0.002916  0.001285
    charge RMSE [e]          0.053999  0.035851
    LR scale:  1.000000, effective LR:  0.000400
epoch: 210                    train:   valid:
    weighted total loss      1.088068  0.965350
    energy MSE [eV²]         0.346636  0.293183
    force MSE [(eV/Å)²]      0.566411  0.517018
    energy mae [kcal/mol]          14.534302  12.072114
    energy R²                    N/A  0.609697
    forces mae [kcal/mol/Å]        16.538074  15.935338
    forces R²                    N/A  0.850343
    dipole mae [tgt units]   0.365294  0.344888
    dipole R²                    N/A  0.508589
    dipole MSE [tgt²]        0.168965  0.153892
    charge loss [e²]         0.006055  0.001256
    charge RMSE [e]          0.077816  0.035438
    LR scale:  1.000000, effective LR:  0.000400
epoch: 211                    train:   valid:
    weighted total loss      1.095937  1.011081
    energy MSE [eV²]         0.357723  0.338516
    force MSE [(eV/Å)²]      0.565832  0.516397
    energy mae [kcal/mol]          14.882085  16.176666
    energy R²                    N/A  0.538888
    forces mae [kcal/mol/Å]        16.526009  15.932442
    forces R²                    N/A  0.850515
    dipole mae [tgt units]   0.365775  0.344914
    dipole R²                    N/A  0.508616
    dipole MSE [tgt²]        0.168989  0.154024
    charge loss [e²]         0.003393  0.002144
    charge RMSE [e]          0.058251  0.046302
    LR scale:  1.000000, effective LR:  0.000400
epoch: 212                    train:   valid:
    weighted total loss      1.089937  0.939369
    energy MSE [eV²]         0.349845  0.267039
    force MSE [(eV/Å)²]      0.564672  0.516666
    energy mae [kcal/mol]          14.617170  11.548841
    energy R²                    N/A  0.647259
    forces mae [kcal/mol/Å]        16.502722  15.988726
    forces R²                    N/A  0.850438
    dipole mae [tgt units]   0.365488  0.344855
    dipole R²                    N/A  0.508836
    dipole MSE [tgt²]        0.168843  0.153923
    charge loss [e²]         0.006577  0.001740
    charge RMSE [e]          0.081098  0.041716
    LR scale:  1.000000, effective LR:  0.000400
epoch: 213                    train:   valid:
    weighted total loss      1.083545  0.914783
    energy MSE [eV²]         0.346191  0.242568
    force MSE [(eV/Å)²]      0.562277  0.513372
    energy mae [kcal/mol]          14.557808  12.281547
    energy R²                    N/A  0.681841
    forces mae [kcal/mol/Å]        16.476376  15.881343
    forces R²                    N/A  0.851394
    dipole mae [tgt units]   0.366020  0.345203
    dipole R²                    N/A  0.508315
    dipole MSE [tgt²]        0.168771  0.154119
    charge loss [e²]         0.006307  0.004724
    charge RMSE [e]          0.079416  0.068730
    LR scale:  1.000000, effective LR:  0.000400
epoch: 214                    train:   valid:
    weighted total loss      1.045921  0.952128
    energy MSE [eV²]         0.313088  0.283662
    force MSE [(eV/Å)²]      0.560527  0.512986
    energy mae [kcal/mol]          13.617702  14.182960
    energy R²                    N/A  0.621568
    forces mae [kcal/mol/Å]        16.456669  15.820842
    forces R²                    N/A  0.851519
    dipole mae [tgt units]   0.365306  0.346555
    dipole R²                    N/A  0.507983
    dipole MSE [tgt²]        0.168776  0.154352
    charge loss [e²]         0.003532  0.001128
    charge RMSE [e]          0.059427  0.033586
    LR scale:  1.000000, effective LR:  0.000400
epoch: 215                    train:   valid:
    weighted total loss      1.079590  0.975877
    energy MSE [eV²]         0.337836  0.309521
    force MSE [(eV/Å)²]      0.558198  0.511579
    energy mae [kcal/mol]          14.250999  12.541753
    energy R²                    N/A  0.583913
    forces mae [kcal/mol/Å]        16.395445  15.914077
    forces R²                    N/A  0.851912
    dipole mae [tgt units]   0.366865  0.344639
    dipole R²                    N/A  0.508822
    dipole MSE [tgt²]        0.168889  0.153886
    charge loss [e²]         0.014667  0.000891
    charge RMSE [e]          0.121109  0.029850
    LR scale:  1.000000, effective LR:  0.000400
epoch: 216                    train:   valid:
    weighted total loss      1.076114  1.051371
    energy MSE [eV²]         0.343153  0.374321
    force MSE [(eV/Å)²]      0.557162  0.514119
    energy mae [kcal/mol]          14.441729  14.277622
    energy R²                    N/A  0.486859
    forces mae [kcal/mol/Å]        16.376991  15.889688
    forces R²                    N/A  0.851209
    dipole mae [tgt units]   0.364607  0.345413
    dipole R²                    N/A  0.508208
    dipole MSE [tgt²]        0.168900  0.154116
    charge loss [e²]         0.006900  0.008814
    charge RMSE [e]          0.083064  0.093885
    LR scale:  1.000000, effective LR:  0.000400
epoch: 217                    train:   valid:
    weighted total loss      1.111119  0.903187
    energy MSE [eV²]         0.381057  0.238596
    force MSE [(eV/Å)²]      0.557997  0.509127
    energy mae [kcal/mol]          15.399024  12.007244
    energy R²                    N/A  0.688158
    forces mae [kcal/mol/Å]        16.388645  15.802378
    forces R²                    N/A  0.852641
    dipole mae [tgt units]   0.366548  0.346338
    dipole R²                    N/A  0.508045
    dipole MSE [tgt²]        0.168860  0.154313
    charge loss [e²]         0.003206  0.001151
    charge RMSE [e]          0.056619  0.033921
    LR scale:  1.000000, effective LR:  0.000400
    ✓ Best valid checkpoint: params-best-85fb458c-b63f-4b72-a102-557683f9f11f.json (weighted loss=0.903187, epoch 217)
epoch: 218                    train:   valid:
    weighted total loss      1.058158  0.930185
    energy MSE [eV²]         0.331248  0.268093
    force MSE [(eV/Å)²]      0.555874  0.506600
    energy mae [kcal/mol]          14.152294  13.618364
    energy R²                    N/A  0.644345
    forces mae [kcal/mol/Å]        16.350401  15.734613
    forces R²                    N/A  0.853387
    dipole mae [tgt units]   0.364302  0.345380
    dipole R²                    N/A  0.508372
    dipole MSE [tgt²]        0.168643  0.153885
    charge loss [e²]         0.002392  0.001607
    charge RMSE [e]          0.048908  0.040083
    LR scale:  1.000000, effective LR:  0.000400
epoch: 219                    train:   valid:
    weighted total loss      1.029125  0.928436
    energy MSE [eV²]         0.304568  0.267637
    force MSE [(eV/Å)²]      0.552738  0.503832
    energy mae [kcal/mol]          13.496504  13.592128
    energy R²                    N/A  0.642933
    forces mae [kcal/mol/Å]        16.291941  15.678765
    forces R²                    N/A  0.854197
    dipole mae [tgt units]   0.364994  0.345333
    dipole R²                    N/A  0.508173
    dipole MSE [tgt²]        0.168690  0.154053
    charge loss [e²]         0.003128  0.002914
    charge RMSE [e]          0.055930  0.053985
    LR scale:  1.000000, effective LR:  0.000400
epoch: 220                    train:   valid:
    weighted total loss      1.092186  0.968513
    energy MSE [eV²]         0.362040  0.304581
    force MSE [(eV/Å)²]      0.552081  0.508675
    energy mae [kcal/mol]          14.716361  12.286637
    energy R²                    N/A  0.593022
    forces mae [kcal/mol/Å]        16.276184  15.728628
    forces R²                    N/A  0.852786
    dipole mae [tgt units]   0.365495  0.347632
    dipole R²                    N/A  0.506413
    dipole MSE [tgt²]        0.168866  0.154299
    charge loss [e²]         0.009200  0.000958
    charge RMSE [e]          0.095916  0.030953
    LR scale:  1.000000, effective LR:  0.000400
epoch: 221                    train:   valid:
    weighted total loss      1.031068  0.921241
    energy MSE [eV²]         0.310009  0.264120
    force MSE [(eV/Å)²]      0.550463  0.500138
    energy mae [kcal/mol]          13.691360  13.488206
    energy R²                    N/A  0.647913
    forces mae [kcal/mol/Å]        16.253029  15.641153
    forces R²                    N/A  0.855266
    dipole mae [tgt units]   0.365568  0.345556
    dipole R²                    N/A  0.507942
    dipole MSE [tgt²]        0.168914  0.154091
    charge loss [e²]         0.001682  0.002893
    charge RMSE [e]          0.041009  0.053787
    LR scale:  1.000000, effective LR:  0.000400
epoch: 222                    train:   valid:
    weighted total loss      1.042065  1.233645
    energy MSE [eV²]         0.322379  0.385192
    force MSE [(eV/Å)²]      0.547179  0.503353
    energy mae [kcal/mol]          13.897634  17.635693
    energy R²                    N/A  0.469153
    forces mae [kcal/mol/Å]        16.200371  15.663639
    forces R²                    N/A  0.854319
    dipole mae [tgt units]   0.365581  0.356190
    dipole R²                    N/A  0.500492
    dipole MSE [tgt²]        0.168812  0.156897
    charge loss [e²]         0.003694  0.188203
    charge RMSE [e]          0.060780  0.433823
    LR scale:  1.000000, effective LR:  0.000400
epoch: 223                    train:   valid:
    weighted total loss      1.083580  0.942113
    energy MSE [eV²]         0.360022  0.270750
    force MSE [(eV/Å)²]      0.547682  0.503191
    energy mae [kcal/mol]          14.890770  13.629269
    energy R²                    N/A  0.641109
    forces mae [kcal/mol/Å]        16.212587  15.651772
    forces R²                    N/A  0.854384
    dipole mae [tgt units]   0.365937  0.345443
    dipole R²                    N/A  0.508969
    dipole MSE [tgt²]        0.168598  0.153703
    charge loss [e²]         0.007278  0.014469
    charge RMSE [e]          0.085314  0.120288
    LR scale:  1.000000, effective LR:  0.000400
epoch: 224                    train:   valid:
    weighted total loss      1.059263  0.926513
    energy MSE [eV²]         0.340923  0.271839
    force MSE [(eV/Å)²]      0.546907  0.498359
    energy mae [kcal/mol]          14.425043  13.837860
    energy R²                    N/A  0.636184
    forces mae [kcal/mol/Å]        16.183239  15.593342
    forces R²                    N/A  0.855790
    dipole mae [tgt units]   0.365297  0.346025
    dipole R²                    N/A  0.508438
    dipole MSE [tgt²]        0.168700  0.154080
    charge loss [e²]         0.002733  0.002235
    charge RMSE [e]          0.052274  0.047275
    LR scale:  1.000000, effective LR:  0.000400
epoch: 225                    train:   valid:
    weighted total loss      1.043268  0.961822
    energy MSE [eV²]         0.321639  0.308692
    force MSE [(eV/Å)²]      0.544796  0.496985
    energy mae [kcal/mol]          14.025775  15.259176
    energy R²                    N/A  0.582018
    forces mae [kcal/mol/Å]        16.162184  15.528835
    forces R²                    N/A  0.856194
    dipole mae [tgt units]   0.365304  0.345757
    dipole R²                    N/A  0.507974
    dipole MSE [tgt²]        0.168533  0.154051
    charge loss [e²]         0.008301  0.002094
    charge RMSE [e]          0.091112  0.045764
    LR scale:  1.000000, effective LR:  0.000400
epoch: 226                    train:   valid:
    weighted total loss      1.100137  0.896724
    energy MSE [eV²]         0.375474  0.238607
    force MSE [(eV/Å)²]      0.545602  0.502482
    energy mae [kcal/mol]          15.222067  11.062866
    energy R²                    N/A  0.688666
    forces mae [kcal/mol/Å]        16.165462  15.756299
    forces R²                    N/A  0.854552
    dipole mae [tgt units]   0.364343  0.348356
    dipole R²                    N/A  0.506736
    dipole MSE [tgt²]        0.168671  0.154697
    charge loss [e²]         0.010390  0.000937
    charge RMSE [e]          0.101929  0.030613
    LR scale:  1.000000, effective LR:  0.000400
    ✓ Best valid checkpoint: params-best-85fb458c-b63f-4b72-a102-557683f9f11f.json (weighted loss=0.896724, epoch 226)
epoch: 227                    train:   valid:
    weighted total loss      1.007528  0.878287
    energy MSE [eV²]         0.296063  0.229995
    force MSE [(eV/Å)²]      0.541482  0.493312
    energy mae [kcal/mol]          13.206839  11.243303
    energy R²                    N/A  0.698865
    forces mae [kcal/mol/Å]        16.100893  15.524227
    forces R²                    N/A  0.857237
    dipole mae [tgt units]   0.364642  0.345759
    dipole R²                    N/A  0.508222
    dipole MSE [tgt²]        0.168715  0.153966
    charge loss [e²]         0.001267  0.001014
    charge RMSE [e]          0.035601  0.031839
    LR scale:  1.000000, effective LR:  0.000400
    ✓ Best valid checkpoint: params-best-85fb458c-b63f-4b72-a102-557683f9f11f.json (weighted loss=0.878287, epoch 227)
epoch: 228                    train:   valid:
    weighted total loss      1.012189  0.997821
    energy MSE [eV²]         0.303795  0.353400
    force MSE [(eV/Å)²]      0.538132  0.489519
    energy mae [kcal/mol]          13.376944  16.746897
    energy R²                    N/A  0.516416
    forces mae [kcal/mol/Å]        16.057247  15.420789
    forces R²                    N/A  0.858359
    dipole mae [tgt units]   0.365968  0.346116
    dipole R²                    N/A  0.507734
    dipole MSE [tgt²]        0.168549  0.153998
    charge loss [e²]         0.001711  0.000904
    charge RMSE [e]          0.041364  0.030067
    LR scale:  1.000000, effective LR:  0.000400
epoch: 229                    train:   valid:
    weighted total loss      1.035853  0.885582
    energy MSE [eV²]         0.323178  0.239914
    force MSE [(eV/Å)²]      0.538264  0.490789
    energy mae [kcal/mol]          13.939719  11.104804
    energy R²                    N/A  0.683399
    forces mae [kcal/mol/Å]        16.040689  15.450788
    forces R²                    N/A  0.858013
    dipole mae [tgt units]   0.365963  0.345790
    dipole R²                    N/A  0.508113
    dipole MSE [tgt²]        0.168715  0.153937
    charge loss [e²]         0.005696  0.000942
    charge RMSE [e]          0.075473  0.030697
    LR scale:  1.000000, effective LR:  0.000400
epoch: 230                    train:   valid:
    weighted total loss      1.028923  0.879221
    energy MSE [eV²]         0.318177  0.233097
    force MSE [(eV/Å)²]      0.535562  0.489230
    energy mae [kcal/mol]          13.808918  11.434341
    energy R²                    N/A  0.695982
    forces mae [kcal/mol/Å]        15.989010  15.429997
    forces R²                    N/A  0.858439
    dipole mae [tgt units]   0.365845  0.346307
    dipole R²                    N/A  0.508197
    dipole MSE [tgt²]        0.168606  0.154011
    charge loss [e²]         0.006580  0.002883
    charge RMSE [e]          0.081115  0.053698
    LR scale:  1.000000, effective LR:  0.000400
epoch: 231                    train:   valid:
    weighted total loss      1.092081  0.877605
    energy MSE [eV²]         0.375689  0.228802
    force MSE [(eV/Å)²]      0.535957  0.491707
    energy mae [kcal/mol]          15.307874  11.226151
    energy R²                    N/A  0.700860
    forces mae [kcal/mol/Å]        15.986403  15.560924
    forces R²                    N/A  0.857711
    dipole mae [tgt units]   0.365573  0.345438
    dipole R²                    N/A  0.509266
    dipole MSE [tgt²]        0.168544  0.153646
    charge loss [e²]         0.011891  0.003451
    charge RMSE [e]          0.109045  0.058747
    LR scale:  1.000000, effective LR:  0.000400
    ✓ Best valid checkpoint: params-best-85fb458c-b63f-4b72-a102-557683f9f11f.json (weighted loss=0.877605, epoch 231)
epoch: 232                    train:   valid:
    weighted total loss      1.047548  0.872387
    energy MSE [eV²]         0.340178  0.228970
    force MSE [(eV/Å)²]      0.535645  0.488312
    energy mae [kcal/mol]          14.359025  11.343961
    energy R²                    N/A  0.700248
    forces mae [kcal/mol/Å]        16.000299  15.371997
    forces R²                    N/A  0.858726
    dipole mae [tgt units]   0.366125  0.346220
    dipole R²                    N/A  0.508462
    dipole MSE [tgt²]        0.168690  0.153859
    charge loss [e²]         0.003034  0.001246
    charge RMSE [e]          0.055082  0.035299
    LR scale:  1.000000, effective LR:  0.000400
    ✓ Best valid checkpoint: params-best-85fb458c-b63f-4b72-a102-557683f9f11f.json (weighted loss=0.872387, epoch 232)
epoch: 233                    train:   valid:
    weighted total loss      1.017449  0.869454
    energy MSE [eV²]         0.312360  0.229196
    force MSE [(eV/Å)²]      0.533508  0.485038
    energy mae [kcal/mol]          13.618862  11.354359
    energy R²                    N/A  0.698317
    forces mae [kcal/mol/Å]        15.959731  15.374595
    forces R²                    N/A  0.859671
    dipole mae [tgt units]   0.365643  0.347256
    dipole R²                    N/A  0.507836
    dipole MSE [tgt²]        0.168681  0.154262
    charge loss [e²]         0.002900  0.000957
    charge RMSE [e]          0.053853  0.030942
    LR scale:  1.000000, effective LR:  0.000400
    ✓ Best valid checkpoint: params-best-85fb458c-b63f-4b72-a102-557683f9f11f.json (weighted loss=0.869454, epoch 233)
epoch: 234                    train:   valid:
    weighted total loss      1.005665  0.974309
    energy MSE [eV²]         0.302067  0.335296
    force MSE [(eV/Å)²]      0.531322  0.483022
    energy mae [kcal/mol]          13.341434  16.207245
    energy R²                    N/A  0.541547
    forces mae [kcal/mol/Å]        15.908529  15.338545
    forces R²                    N/A  0.860263
    dipole mae [tgt units]   0.365918  0.346522
    dipole R²                    N/A  0.508097
    dipole MSE [tgt²]        0.168692  0.154047
    charge loss [e²]         0.003584  0.001944
    charge RMSE [e]          0.059868  0.044094
    LR scale:  1.000000, effective LR:  0.000400
epoch: 235                    train:   valid:
    weighted total loss      1.043676  1.373656
    energy MSE [eV²]         0.336591  0.727064
    force MSE [(eV/Å)²]      0.529145  0.484549
    energy mae [kcal/mol]          14.290778  25.471416
    energy R²                    N/A -0.039319
    forces mae [kcal/mol/Å]        15.874251  15.289302
    forces R²                    N/A  0.859822
    dipole mae [tgt units]   0.365992  0.347357
    dipole R²                    N/A  0.507133
    dipole MSE [tgt²]        0.168767  0.154222
    charge loss [e²]         0.009173  0.007821
    charge RMSE [e]          0.095778  0.088438
    LR scale:  1.000000, effective LR:  0.000400
epoch: 236                    train:   valid:
    weighted total loss      1.016746  0.967086
    energy MSE [eV²]         0.315559  0.331227
    force MSE [(eV/Å)²]      0.529535  0.479665
    energy mae [kcal/mol]          13.727009  16.098463
    energy R²                    N/A  0.546628
    forces mae [kcal/mol/Å]        15.871902  15.255800
    forces R²                    N/A  0.861236
    dipole mae [tgt units]   0.366143  0.347393
    dipole R²                    N/A  0.508139
    dipole MSE [tgt²]        0.168874  0.154104
    charge loss [e²]         0.002778  0.002091
    charge RMSE [e]          0.052708  0.045725
    LR scale:  1.000000, effective LR:  0.000400
epoch: 237                    train:   valid:
    weighted total loss      1.032924  0.926359
    energy MSE [eV²]         0.332143  0.291444
    force MSE [(eV/Å)²]      0.527766  0.479630
    energy mae [kcal/mol]          14.145533  11.986006
    energy R²                    N/A  0.608266
    forces mae [kcal/mol/Å]        15.863180  15.208373
    forces R²                    N/A  0.861262
    dipole mae [tgt units]   0.366127  0.347764
    dipole R²                    N/A  0.508133
    dipole MSE [tgt²]        0.168676  0.154131
    charge loss [e²]         0.004339  0.001154
    charge RMSE [e]          0.065874  0.033966
    LR scale:  1.000000, effective LR:  0.000400
epoch: 238                    train:   valid:
    weighted total loss      1.033515  1.057942
    energy MSE [eV²]         0.334128  0.418567
    force MSE [(eV/Å)²]      0.526566  0.482993
    energy mae [kcal/mol]          14.241922  15.528171
    energy R²                    N/A  0.420630
    forces mae [kcal/mol/Å]        15.822374  15.331219
    forces R²                    N/A  0.860271
    dipole mae [tgt units]   0.365481  0.350124
    dipole R²                    N/A  0.505768
    dipole MSE [tgt²]        0.168588  0.154959
    charge loss [e²]         0.004233  0.001423
    charge RMSE [e]          0.065062  0.037727
    LR scale:  1.000000, effective LR:  0.000400
epoch: 239                    train:   valid:
    weighted total loss      1.034499  0.886369
    energy MSE [eV²]         0.333962  0.231115
    force MSE [(eV/Å)²]      0.525909  0.483331
    energy mae [kcal/mol]          14.226913  11.148484
    energy R²                    N/A  0.694165
    forces mae [kcal/mol/Å]        15.808600  15.427750
    forces R²                    N/A  0.860157
    dipole mae [tgt units]   0.366291  0.350691
    dipole R²                    N/A  0.505401
    dipole MSE [tgt²]        0.168764  0.155116
    charge loss [e²]         0.005863  0.016807
    charge RMSE [e]          0.076568  0.129640
    LR scale:  1.000000, effective LR:  0.000400
epoch: 240                    train:   valid:
    weighted total loss      1.042303  0.924225
    energy MSE [eV²]         0.342825  0.289526
    force MSE [(eV/Å)²]      0.524285  0.479416
    energy mae [kcal/mol]          14.310636  14.647908
    energy R²                    N/A  0.610260
    forces mae [kcal/mol/Å]        15.789971  15.223526
    forces R²                    N/A  0.861318
    dipole mae [tgt units]   0.365350  0.348360
    dipole R²                    N/A  0.507914
    dipole MSE [tgt²]        0.168812  0.154229
    charge loss [e²]         0.006381  0.001053
    charge RMSE [e]          0.079884  0.032455
    LR scale:  1.000000, effective LR:  0.000400
epoch: 241                    train:   valid:
    weighted total loss      1.003903  0.935652
    energy MSE [eV²]         0.310582  0.306862
    force MSE [(eV/Å)²]      0.522570  0.473851
    energy mae [kcal/mol]          13.647807  15.324976
    energy R²                    N/A  0.582317
    forces mae [kcal/mol/Å]        15.741719  15.137356
    forces R²                    N/A  0.862941
    dipole mae [tgt units]   0.366106  0.346808
    dipole R²                    N/A  0.507986
    dipole MSE [tgt²]        0.168399  0.153865
    charge loss [e²]         0.002353  0.001074
    charge RMSE [e]          0.048509  0.032772
    LR scale:  1.000000, effective LR:  0.000400
epoch: 242                    train:   valid:
    weighted total loss      1.003554  0.857422
    energy MSE [eV²]         0.307069  0.227554
    force MSE [(eV/Å)²]      0.521282  0.474712
    energy mae [kcal/mol]          13.458455  10.995522
    energy R²                    N/A  0.701175
    forces mae [kcal/mol/Å]        15.716807  15.129877
    forces R²                    N/A  0.862682
    dipole mae [tgt units]   0.365812  0.347621
    dipole R²                    N/A  0.507315
    dipole MSE [tgt²]        0.168786  0.154010
    charge loss [e²]         0.006417  0.001146
    charge RMSE [e]          0.080109  0.033860
    LR scale:  1.000000, effective LR:  0.000400
    ✓ Best valid checkpoint: params-best-85fb458c-b63f-4b72-a102-557683f9f11f.json (weighted loss=0.857422, epoch 242)
epoch: 243                    train:   valid:
    weighted total loss      1.025200  0.860322
    energy MSE [eV²]         0.329543  0.231428
    force MSE [(eV/Å)²]      0.520545  0.473300
    energy mae [kcal/mol]          14.192156  10.868748
    energy R²                    N/A  0.695864
    forces mae [kcal/mol/Å]        15.712811  15.095141
    forces R²                    N/A  0.863098
    dipole mae [tgt units]   0.365670  0.347766
    dipole R²                    N/A  0.507003
    dipole MSE [tgt²]        0.168668  0.154036
    charge loss [e²]         0.006444  0.001558
    charge RMSE [e]          0.080273  0.039476
    LR scale:  1.000000, effective LR:  0.000400
epoch: 244                    train:   valid:
    weighted total loss      1.026117  0.854363
    energy MSE [eV²]         0.331339  0.225692
    force MSE [(eV/Å)²]      0.519946  0.471455
    energy mae [kcal/mol]          14.169822  11.060205
    energy R²                    N/A  0.704886
    forces mae [kcal/mol/Å]        15.685138  15.059214
    forces R²                    N/A  0.863648
    dipole mae [tgt units]   0.365167  0.348433
    dipole R²                    N/A  0.507582
    dipole MSE [tgt²]        0.168705  0.154293
    charge loss [e²]         0.006125  0.002924
    charge RMSE [e]          0.078263  0.054071
    LR scale:  1.000000, effective LR:  0.000400
    ✓ Best valid checkpoint: params-best-85fb458c-b63f-4b72-a102-557683f9f11f.json (weighted loss=0.854363, epoch 244)
epoch: 245                    train:   valid:
    weighted total loss      0.994526  0.886652
    energy MSE [eV²]         0.302410  0.261233
    force MSE [(eV/Å)²]      0.517066  0.470338
    energy mae [kcal/mol]          13.363594  11.210242
    energy R²                    N/A  0.652719
    forces mae [kcal/mol/Å]        15.661775  15.022758
    forces R²                    N/A  0.863982
    dipole mae [tgt units]   0.364946  0.347774
    dipole R²                    N/A  0.507312
    dipole MSE [tgt²]        0.168564  0.153974
    charge loss [e²]         0.006485  0.001107
    charge RMSE [e]          0.080530  0.033269
    LR scale:  1.000000, effective LR:  0.000400
epoch: 246                    train:   valid:
    weighted total loss      1.027258  0.855093
    energy MSE [eV²]         0.339624  0.227094
    force MSE [(eV/Å)²]      0.516401  0.471939
    energy mae [kcal/mol]          14.367778  11.461761
    energy R²                    N/A  0.701870
    forces mae [kcal/mol/Å]        15.645615  15.081635
    forces R²                    N/A  0.863519
    dipole mae [tgt units]   0.366834  0.346675
    dipole R²                    N/A  0.508868
    dipole MSE [tgt²]        0.168649  0.153712
    charge loss [e²]         0.002585  0.002347
    charge RMSE [e]          0.050842  0.048450
    LR scale:  1.000000, effective LR:  0.000400
epoch: 247                    train:   valid:
    weighted total loss      1.052031  0.860238
    energy MSE [eV²]         0.352516  0.235253
    force MSE [(eV/Å)²]      0.517407  0.470172
    energy mae [kcal/mol]          14.526432  10.853567
    energy R²                    N/A  0.689495
    forces mae [kcal/mol/Å]        15.660609  15.049272
    forces R²                    N/A  0.864023
    dipole mae [tgt units]   0.367394  0.347351
    dipole R²                    N/A  0.508127
    dipole MSE [tgt²]        0.168641  0.153832
    charge loss [e²]         0.013467  0.000981
    charge RMSE [e]          0.116046  0.031324
    LR scale:  1.000000, effective LR:  0.000400
epoch: 248                    train:   valid:
    weighted total loss      1.020584  0.872482
    energy MSE [eV²]         0.330270  0.249331
    force MSE [(eV/Å)²]      0.515880  0.468093
    energy mae [kcal/mol]          14.199147  10.955110
    energy R²                    N/A  0.670237
    forces mae [kcal/mol/Å]        15.614058  14.998435
    forces R²                    N/A  0.864614
    dipole mae [tgt units]   0.365284  0.347058
    dipole R²                    N/A  0.508549
    dipole MSE [tgt²]        0.168541  0.153857
    charge loss [e²]         0.005893  0.001202
    charge RMSE [e]          0.076765  0.034670
    LR scale:  1.000000, effective LR:  0.000400
epoch: 249                    train:   valid:
    weighted total loss      0.978132  0.883927
    energy MSE [eV²]         0.293610  0.261004
    force MSE [(eV/Å)²]      0.513779  0.465895
    energy mae [kcal/mol]          13.161958  13.562328
    energy R²                    N/A  0.647682
    forces mae [kcal/mol/Å]        15.585651  14.980349
    forces R²                    N/A  0.865267
    dipole mae [tgt units]   0.366040  0.347930
    dipole R²                    N/A  0.507422
    dipole MSE [tgt²]        0.168712  0.153901
    charge loss [e²]         0.002031  0.003127
    charge RMSE [e]          0.045062  0.055924
    LR scale:  1.000000, effective LR:  0.000400
epoch: 250                    train:   valid:
    weighted total loss      1.026101  0.848870
    energy MSE [eV²]         0.329018  0.225934
    force MSE [(eV/Å)²]      0.512918  0.468062
    energy mae [kcal/mol]          13.998510  10.855433
    energy R²                    N/A  0.704035
    forces mae [kcal/mol/Å]        15.579907  15.077414
    forces R²                    N/A  0.864605
    dipole mae [tgt units]   0.366165  0.347175
    dipole R²                    N/A  0.508492
    dipole MSE [tgt²]        0.168733  0.153809
    charge loss [e²]         0.015432  0.001065
    charge RMSE [e]          0.124226  0.032633
    LR scale:  1.000000, effective LR:  0.000400
    ✓ Best valid checkpoint: params-best-85fb458c-b63f-4b72-a102-557683f9f11f.json (weighted loss=0.848870, epoch 250)
epoch: 251                    train:   valid:
    weighted total loss      0.963119  0.840205
    energy MSE [eV²]         0.284004  0.222526
    force MSE [(eV/Å)²]      0.509198  0.462313
    energy mae [kcal/mol]          12.903161  11.110294
    energy R²                    N/A  0.708427
    forces mae [kcal/mol/Å]        15.508911  14.913630
    forces R²                    N/A  0.866309
    dipole mae [tgt units]   0.366005  0.348007
    dipole R²                    N/A  0.507998
    dipole MSE [tgt²]        0.168500  0.154050
    charge loss [e²]         0.001417  0.001316
    charge RMSE [e]          0.037649  0.036273
    LR scale:  1.000000, effective LR:  0.000400
    ✓ Best valid checkpoint: params-best-85fb458c-b63f-4b72-a102-557683f9f11f.json (weighted loss=0.840205, epoch 251)
epoch: 252                    train:   valid:
    weighted total loss      0.984633  0.843977
    energy MSE [eV²]         0.305104  0.224884
    force MSE [(eV/Å)²]      0.508917  0.461954
    energy mae [kcal/mol]          13.393926  11.549006
    energy R²                    N/A  0.703826
    forces mae [kcal/mol/Å]        15.494101  14.885259
    forces R²                    N/A  0.866417
    dipole mae [tgt units]   0.364935  0.348789
    dipole R²                    N/A  0.507006
    dipole MSE [tgt²]        0.168356  0.154008
    charge loss [e²]         0.002255  0.003132
    charge RMSE [e]          0.047492  0.055962
    LR scale:  1.000000, effective LR:  0.000400
epoch: 253                    train:   valid:
    weighted total loss      1.007335  0.883331
    energy MSE [eV²]         0.321046  0.255121
    force MSE [(eV/Å)²]      0.508427  0.463192
    energy mae [kcal/mol]          13.879518  13.157861
    energy R²                    N/A  0.659745
    forces mae [kcal/mol/Å]        15.493752  14.883181
    forces R²                    N/A  0.866061
    dipole mae [tgt units]   0.365864  0.346763
    dipole R²                    N/A  0.508827
    dipole MSE [tgt²]        0.168500  0.153718
    charge loss [e²]         0.009362  0.011300
    charge RMSE [e]          0.096759  0.106300
    LR scale:  1.000000, effective LR:  0.000400
epoch: 254                    train:   valid:
    weighted total loss      1.006038  0.853480
    energy MSE [eV²]         0.319565  0.236151
    force MSE [(eV/Å)²]      0.508031  0.461488
    energy mae [kcal/mol]          13.935522  10.869162
    energy R²                    N/A  0.687820
    forces mae [kcal/mol/Å]        15.488008  14.901771
    forces R²                    N/A  0.866550
    dipole mae [tgt units]   0.365687  0.349609
    dipole R²                    N/A  0.507152
    dipole MSE [tgt²]        0.168870  0.154485
    charge loss [e²]         0.009572  0.001355
    charge RMSE [e]          0.097837  0.036813
    LR scale:  1.000000, effective LR:  0.000400
epoch: 255                    train:   valid:
    weighted total loss      0.983139  0.836342
    energy MSE [eV²]         0.303207  0.222362
    force MSE [(eV/Å)²]      0.505971  0.459088
    energy mae [kcal/mol]          13.434486  11.277391
    energy R²                    N/A  0.706214
    forces mae [kcal/mol/Å]        15.430157  14.796135
    forces R²                    N/A  0.867269
    dipole mae [tgt units]   0.365807  0.346687
    dipole R²                    N/A  0.509173
    dipole MSE [tgt²]        0.168552  0.153722
    charge loss [e²]         0.005409  0.001170
    charge RMSE [e]          0.073545  0.034199
    LR scale:  1.000000, effective LR:  0.000400
    ✓ Best valid checkpoint: params-best-85fb458c-b63f-4b72-a102-557683f9f11f.json (weighted loss=0.836342, epoch 255)
epoch: 256                    train:   valid:
    weighted total loss      1.003141  0.856279
    energy MSE [eV²]         0.323254  0.241639
    force MSE [(eV/Å)²]      0.505927  0.459774
    energy mae [kcal/mol]          13.958036  10.885608
    energy R²                    N/A  0.679088
    forces mae [kcal/mol/Å]        15.441564  14.821244
    forces R²                    N/A  0.867063
    dipole mae [tgt units]   0.364799  0.346379
    dipole R²                    N/A  0.509118
    dipole MSE [tgt²]        0.168429  0.153563
    charge loss [e²]         0.005531  0.001303
    charge RMSE [e]          0.074370  0.036100
    LR scale:  1.000000, effective LR:  0.000400
epoch: 257                    train:   valid:
    weighted total loss      0.980083  1.040325
    energy MSE [eV²]         0.302336  0.223404
    force MSE [(eV/Å)²]      0.503765  0.476092
    energy mae [kcal/mol]          13.425248  11.181323
    energy R²                    N/A  0.705065
    forces mae [kcal/mol/Å]        15.395865  15.334074
    forces R²                    N/A  0.862287
    dipole mae [tgt units]   0.365272  0.347223
    dipole R²                    N/A  0.507823
    dipole MSE [tgt²]        0.168682  0.153833
    charge loss [e²]         0.005300  0.186996
    charge RMSE [e]          0.072799  0.432430
    LR scale:  1.000000, effective LR:  0.000400
epoch: 258                    train:   valid:
    weighted total loss      0.998352  0.830375
    energy MSE [eV²]         0.321370  0.218511
    force MSE [(eV/Å)²]      0.504351  0.457148
    energy mae [kcal/mol]          13.764881  10.917513
    energy R²                    N/A  0.713349
    forces mae [kcal/mol/Å]        15.424513  14.797225
    forces R²                    N/A  0.867828
    dipole mae [tgt units]   0.365050  0.346237
    dipole R²                    N/A  0.509157
    dipole MSE [tgt²]        0.168438  0.153649
    charge loss [e²]         0.004192  0.001067
    charge RMSE [e]          0.064745  0.032657
    LR scale:  1.000000, effective LR:  0.000400
    ✓ Best valid checkpoint: params-best-85fb458c-b63f-4b72-a102-557683f9f11f.json (weighted loss=0.830375, epoch 258)
epoch: 259                    train:   valid:
    weighted total loss      0.995004  0.844980
    energy MSE [eV²]         0.318176  0.228735
    force MSE [(eV/Å)²]      0.502391  0.457690
    energy mae [kcal/mol]          13.828407  12.001952
    energy R²                    N/A  0.695233
    forces mae [kcal/mol/Å]        15.369044  14.819253
    forces R²                    N/A  0.867669
    dipole mae [tgt units]   0.366308  0.346342
    dipole R²                    N/A  0.508609
    dipole MSE [tgt²]        0.168498  0.153700
    charge loss [e²]         0.005939  0.004855
    charge RMSE [e]          0.077062  0.069681
    LR scale:  1.000000, effective LR:  0.000400
epoch: 260                    train:   valid:
    weighted total loss      0.950555  0.836442
    energy MSE [eV²]         0.280492  0.225557
    force MSE [(eV/Å)²]      0.500015  0.456091
    energy mae [kcal/mol]          12.707572  10.909647
    energy R²                    N/A  0.702163
    forces mae [kcal/mol/Å]        15.323382  14.734517
    forces R²                    N/A  0.868154
    dipole mae [tgt units]   0.364746  0.346143
    dipole R²                    N/A  0.509343
    dipole MSE [tgt²]        0.168303  0.153600
    charge loss [e²]         0.001745  0.001193
    charge RMSE [e]          0.041779  0.034544
    LR scale:  1.000000, effective LR:  0.000400
epoch: 261                    train:   valid:
    weighted total loss      1.031886  0.828019
    energy MSE [eV²]         0.352259  0.218838
    force MSE [(eV/Å)²]      0.501521  0.454582
    energy mae [kcal/mol]          14.833655  11.339315
    energy R²                    N/A  0.711654
    forces mae [kcal/mol/Å]        15.365254  14.751192
    forces R²                    N/A  0.868567
    dipole mae [tgt units]   0.365253  0.346029
    dipole R²                    N/A  0.509964
    dipole MSE [tgt²]        0.168653  0.153464
    charge loss [e²]         0.009453  0.001135
    charge RMSE [e]          0.097227  0.033691
    LR scale:  1.000000, effective LR:  0.000400
    ✓ Best valid checkpoint: params-best-85fb458c-b63f-4b72-a102-557683f9f11f.json (weighted loss=0.828019, epoch 261)
epoch: 262                    train:   valid:
    weighted total loss      0.966092  0.825371
    energy MSE [eV²]         0.293398  0.220096
    force MSE [(eV/Å)²]      0.498408  0.450556
    energy mae [kcal/mol]          13.273470  10.789286
    energy R²                    N/A  0.711060
    forces mae [kcal/mol/Å]        15.281229  14.665589
    forces R²                    N/A  0.869739
    dipole mae [tgt units]   0.365758  0.346371
    dipole R²                    N/A  0.509432
    dipole MSE [tgt²]        0.168661  0.153564
    charge loss [e²]         0.005625  0.001155
    charge RMSE [e]          0.074998  0.033981
    LR scale:  1.000000, effective LR:  0.000400
    ✓ Best valid checkpoint: params-best-85fb458c-b63f-4b72-a102-557683f9f11f.json (weighted loss=0.825371, epoch 262)
epoch: 263                    train:   valid:
    weighted total loss      0.999687  0.828619
    energy MSE [eV²]         0.324565  0.221307
    force MSE [(eV/Å)²]      0.498232  0.452387
    energy mae [kcal/mol]          14.088395  11.570833
    energy R²                    N/A  0.705489
    forces mae [kcal/mol/Å]        15.284281  14.713696
    forces R²                    N/A  0.869220
    dipole mae [tgt units]   0.365584  0.346499
    dipole R²                    N/A  0.508669
    dipole MSE [tgt²]        0.168513  0.153533
    charge loss [e²]         0.008377  0.001393
    charge RMSE [e]          0.091527  0.037325
    LR scale:  1.000000, effective LR:  0.000400
epoch: 264                    train:   valid:
    weighted total loss      0.990999  0.839152
    energy MSE [eV²]         0.318858  0.232833
    force MSE [(eV/Å)²]      0.497855  0.451707
    energy mae [kcal/mol]          13.830601  10.771496
    energy R²                    N/A  0.690749
    forces mae [kcal/mol/Å]        15.275158  14.685678
    forces R²                    N/A  0.869420
    dipole mae [tgt units]   0.365434  0.345420
    dipole R²                    N/A  0.509883
    dipole MSE [tgt²]        0.168534  0.153323
    charge loss [e²]         0.005753  0.001289
    charge RMSE [e]          0.075847  0.035900
    LR scale:  1.000000, effective LR:  0.000400
epoch: 265                    train:   valid:
    weighted total loss      0.967554  0.852219
    energy MSE [eV²]         0.299171  0.245824
    force MSE [(eV/Å)²]      0.495158  0.451709
    energy mae [kcal/mol]          13.246544  12.965449
    energy R²                    N/A  0.671036
    forces mae [kcal/mol/Å]        15.227024  14.676315
    forces R²                    N/A  0.869411
    dipole mae [tgt units]   0.363923  0.346069
    dipole R²                    N/A  0.509537
    dipole MSE [tgt²]        0.168510  0.153548
    charge loss [e²]         0.004714  0.001138
    charge RMSE [e]          0.068662  0.033731
    LR scale:  1.000000, effective LR:  0.000400
epoch: 266                    train:   valid:
    weighted total loss      0.978182  0.844692
    energy MSE [eV²]         0.307652  0.241101
    force MSE [(eV/Å)²]      0.494906  0.448734
    energy mae [kcal/mol]          13.366557  10.766796
    energy R²                    N/A  0.680082
    forces mae [kcal/mol/Å]        15.238092  14.640034
    forces R²                    N/A  0.870277
    dipole mae [tgt units]   0.364019  0.346685
    dipole R²                    N/A  0.509114
    dipole MSE [tgt²]        0.168444  0.153748
    charge loss [e²]         0.007181  0.001108
    charge RMSE [e]          0.084738  0.033288
    LR scale:  1.000000, effective LR:  0.000400
epoch: 267                    train:   valid:
    weighted total loss      0.974987  0.835080
    energy MSE [eV²]         0.305790  0.234200
    force MSE [(eV/Å)²]      0.493559  0.446158
    energy mae [kcal/mol]          13.574031  12.394750
    energy R²                    N/A  0.687945
    forces mae [kcal/mol/Å]        15.191774  14.581388
    forces R²                    N/A  0.871021
    dipole mae [tgt units]   0.364932  0.346427
    dipole R²                    N/A  0.508746
    dipole MSE [tgt²]        0.168446  0.153491
    charge loss [e²]         0.007192  0.001232
    charge RMSE [e]          0.084808  0.035093
    LR scale:  1.000000, effective LR:  0.000400
epoch: 268                    train:   valid:
    weighted total loss      0.969335  0.835180
    energy MSE [eV²]         0.307049  0.231760
    force MSE [(eV/Å)²]      0.491595  0.447201
    energy mae [kcal/mol]          13.584736  12.200083
    energy R²                    N/A  0.691094
    forces mae [kcal/mol/Å]        15.156474  14.589309
    forces R²                    N/A  0.870732
    dipole mae [tgt units]   0.364691  0.346525
    dipole R²                    N/A  0.509574
    dipole MSE [tgt²]        0.168244  0.153518
    charge loss [e²]         0.002446  0.002700
    charge RMSE [e]          0.049460  0.051962
    LR scale:  1.000000, effective LR:  0.000400
epoch: 269                    train:   valid:
    weighted total loss      0.979004  0.827093
    energy MSE [eV²]         0.306876  0.224710
    force MSE [(eV/Å)²]      0.491886  0.445780
    energy mae [kcal/mol]          13.501960  10.562811
    energy R²                    N/A  0.704091
    forces mae [kcal/mol/Å]        15.167382  14.588417
    forces R²                    N/A  0.871130
    dipole mae [tgt units]   0.364202  0.353754
    dipole R²                    N/A  0.504586
    dipole MSE [tgt²]        0.168448  0.155411
    charge loss [e²]         0.011794  0.001192
    charge RMSE [e]          0.108601  0.034527
    LR scale:  1.000000, effective LR:  0.000400
epoch: 270                    train:   valid:
    weighted total loss      0.973406  0.842472
    energy MSE [eV²]         0.309572  0.242648
    force MSE [(eV/Å)²]      0.490002  0.443797
    energy mae [kcal/mol]          13.589461  12.930215
    energy R²                    N/A  0.673493
    forces mae [kcal/mol/Å]        15.125519  14.533158
    forces R²                    N/A  0.871724
    dipole mae [tgt units]   0.365646  0.348590
    dipole R²                    N/A  0.509013
    dipole MSE [tgt²]        0.168483  0.153911
    charge loss [e²]         0.005350  0.002116
    charge RMSE [e]          0.073143  0.046002
    LR scale:  1.000000, effective LR:  0.000400
epoch: 271                    train:   valid:
    weighted total loss      0.942624  0.824461
    energy MSE [eV²]         0.281532  0.225103
    force MSE [(eV/Å)²]      0.488547  0.443890
    energy mae [kcal/mol]          12.871133  10.636657
    energy R²                    N/A  0.701710
    forces mae [kcal/mol/Å]        15.106148  14.517689
    forces R²                    N/A  0.871679
    dipole mae [tgt units]   0.364551  0.347196
    dipole R²                    N/A  0.509035
    dipole MSE [tgt²]        0.168392  0.153825
    charge loss [e²]         0.004154  0.001643
    charge RMSE [e]          0.064448  0.040533
    LR scale:  1.000000, effective LR:  0.000400
    ✓ Best valid checkpoint: params-best-85fb458c-b63f-4b72-a102-557683f9f11f.json (weighted loss=0.824461, epoch 271)
epoch: 272                    train:   valid:
    weighted total loss      0.978722  0.949157
    energy MSE [eV²]         0.317774  0.313803
    force MSE [(eV/Å)²]      0.488184  0.450142
    energy mae [kcal/mol]          13.797259  15.608085
    energy R²                    N/A  0.569232
    forces mae [kcal/mol/Å]        15.087865  14.652140
    forces R²                    N/A  0.869873
    dipole mae [tgt units]   0.363702  0.349345
    dipole R²                    N/A  0.506184
    dipole MSE [tgt²]        0.168265  0.154086
    charge loss [e²]         0.004500  0.031127
    charge RMSE [e]          0.067081  0.176429
    LR scale:  1.000000, effective LR:  0.000400
epoch: 273                    train:   valid:
    weighted total loss      0.983282  0.996506
    energy MSE [eV²]         0.316812  0.401036
    force MSE [(eV/Å)²]      0.488693  0.440941
    energy mae [kcal/mol]          13.817667  15.089516
    energy R²                    N/A  0.443547
    forces mae [kcal/mol/Å]        15.109735  14.450497
    forces R²                    N/A  0.872551
    dipole mae [tgt units]   0.365332  0.345779
    dipole R²                    N/A  0.509814
    dipole MSE [tgt²]        0.168436  0.153296
    charge loss [e²]         0.009341  0.001233
    charge RMSE [e]          0.096648  0.035120
    LR scale:  1.000000, effective LR:  0.000400
epoch: 274                    train:   valid:
    weighted total loss      0.974740  0.828556
    energy MSE [eV²]         0.311626  0.225234
    force MSE [(eV/Å)²]      0.487334  0.447979
    energy mae [kcal/mol]          13.704345  11.756374
    energy R²                    N/A  0.701237
    forces mae [kcal/mol/Å]        15.068842  14.729191
    forces R²                    N/A  0.870480
    dipole mae [tgt units]   0.364628  0.348014
    dipole R²                    N/A  0.508829
    dipole MSE [tgt²]        0.168502  0.153964
    charge loss [e²]         0.007278  0.001379
    charge RMSE [e]          0.085311  0.037130
    LR scale:  1.000000, effective LR:  0.000400
epoch: 275                    train:   valid:
    weighted total loss      0.949403  0.824994
    energy MSE [eV²]         0.292722  0.228383
    force MSE [(eV/Å)²]      0.485594  0.441748
    energy mae [kcal/mol]          13.134176  11.969444
    energy R²                    N/A  0.697619
    forces mae [kcal/mol/Å]        15.049035  14.460294
    forces R²                    N/A  0.872324
    dipole mae [tgt units]   0.365246  0.345044
    dipole R²                    N/A  0.510957
    dipole MSE [tgt²]        0.168240  0.153118
    charge loss [e²]         0.002847  0.001745
    charge RMSE [e]          0.053356  0.041771
    LR scale:  1.000000, effective LR:  0.000400
epoch: 276                    train:   valid:
    weighted total loss      0.961623  0.832561
    energy MSE [eV²]         0.301749  0.237101
    force MSE [(eV/Å)²]      0.483934  0.440978
    energy mae [kcal/mol]          13.368681  10.584714
    energy R²                    N/A  0.686028
    forces mae [kcal/mol/Å]        15.002457  14.425270
    forces R²                    N/A  0.872564
    dipole mae [tgt units]   0.364964  0.345831
    dipole R²                    N/A  0.509669
    dipole MSE [tgt²]        0.168473  0.153260
    charge loss [e²]         0.007467  0.001223
    charge RMSE [e]          0.086412  0.034968
    LR scale:  1.000000, effective LR:  0.000400
epoch: 277                    train:   valid:
    weighted total loss      0.961975  0.812112
    energy MSE [eV²]         0.303183  0.216071
    force MSE [(eV/Å)²]      0.484439  0.440540
    energy mae [kcal/mol]          13.393422  10.819427
    energy R²                    N/A  0.715962
    forces mae [kcal/mol/Å]        15.014607  14.440361
    forces R²                    N/A  0.872665
    dipole mae [tgt units]   0.364762  0.346271
    dipole R²                    N/A  0.509143
    dipole MSE [tgt²]        0.168461  0.153742
    charge loss [e²]         0.005893  0.001759
    charge RMSE [e]          0.076764  0.041937
    LR scale:  1.000000, effective LR:  0.000400
    ✓ Best valid checkpoint: params-best-85fb458c-b63f-4b72-a102-557683f9f11f.json (weighted loss=0.812112, epoch 277)
epoch: 278                    train:   valid:
    weighted total loss      0.956364  0.820816
    energy MSE [eV²]         0.297827  0.224892
    force MSE [(eV/Å)²]      0.483659  0.440427
    energy mae [kcal/mol]          13.311471  11.862326
    energy R²                    N/A  0.700860
    forces mae [kcal/mol/Å]        15.002939  14.550093
    forces R²                    N/A  0.872679
    dipole mae [tgt units]   0.363950  0.347469
    dipole R²                    N/A  0.508993
    dipole MSE [tgt²]        0.168153  0.153894
    charge loss [e²]         0.006727  0.001602
    charge RMSE [e]          0.082015  0.040029
    LR scale:  1.000000, effective LR:  0.000400
epoch: 279                    train:   valid:
    weighted total loss      0.960014  0.874966
    energy MSE [eV²]         0.308223  0.280536
    force MSE [(eV/Å)²]      0.481288  0.435799
    energy mae [kcal/mol]          13.515485  11.552436
    energy R²                    N/A  0.621775
    forces mae [kcal/mol/Å]        14.945154  14.330078
    forces R²                    N/A  0.874059
    dipole mae [tgt units]   0.363101  0.345019
    dipole R²                    N/A  0.510866
    dipole MSE [tgt²]        0.168406  0.153153
    charge loss [e²]         0.002098  0.005478
    charge RMSE [e]          0.045803  0.074011
    LR scale:  1.000000, effective LR:  0.000400
epoch: 280                    train:   valid:
    weighted total loss      0.973838  0.851240
    energy MSE [eV²]         0.311731  0.261893
    force MSE [(eV/Å)²]      0.481930  0.435213
    energy mae [kcal/mol]          13.615572  13.855541
    energy R²                    N/A  0.642506
    forces mae [kcal/mol/Å]        14.950221  14.332010
    forces R²                    N/A  0.874226
    dipole mae [tgt units]   0.363827  0.344914
    dipole R²                    N/A  0.510606
    dipole MSE [tgt²]        0.168639  0.153009
    charge loss [e²]         0.011537  0.001124
    charge RMSE [e]          0.107412  0.033528
    LR scale:  1.000000, effective LR:  0.000400
epoch: 281                    train:   valid:
    weighted total loss      0.954773  0.824676
    energy MSE [eV²]         0.300305  0.234092
    force MSE [(eV/Å)²]      0.480616  0.434881
    energy mae [kcal/mol]          13.344609  12.482554
    energy R²                    N/A  0.687443
    forces mae [kcal/mol/Å]        14.942348  14.331081
    forces R²                    N/A  0.874312
    dipole mae [tgt units]   0.364878  0.349643
    dipole R²                    N/A  0.507951
    dipole MSE [tgt²]        0.168431  0.154277
    charge loss [e²]         0.005421  0.001427
    charge RMSE [e]          0.073630  0.037771
    LR scale:  1.000000, effective LR:  0.000400
epoch: 282                    train:   valid:
    weighted total loss      0.954385  0.814921
    energy MSE [eV²]         0.301078  0.221182
    force MSE [(eV/Å)²]      0.477260  0.436929
    energy mae [kcal/mol]          13.318357  10.538408
    energy R²                    N/A  0.705088
    forces mae [kcal/mol/Å]        14.885474  14.402753
    forces R²                    N/A  0.873728
    dipole mae [tgt units]   0.364386  0.347229
    dipole R²                    N/A  0.508594
    dipole MSE [tgt²]        0.168087  0.153553
    charge loss [e²]         0.007960  0.003257
    charge RMSE [e]          0.089221  0.057067
    LR scale:  1.000000, effective LR:  0.000400
epoch: 283                    train:   valid:
    weighted total loss      0.936071  0.804864
    energy MSE [eV²]         0.286291  0.213381
    force MSE [(eV/Å)²]      0.478410  0.436222
    energy mae [kcal/mol]          12.976745  10.859274
    energy R²                    N/A  0.717680
    forces mae [kcal/mol/Å]        14.911930  14.504453
    forces R²                    N/A  0.873891
    dipole mae [tgt units]   0.364131  0.348461
    dipole R²                    N/A  0.508673
    dipole MSE [tgt²]        0.168046  0.154068
    charge loss [e²]         0.003325  0.001193
    charge RMSE [e]          0.057658  0.034541
    LR scale:  1.000000, effective LR:  0.000400
    ✓ Best valid checkpoint: params-best-85fb458c-b63f-4b72-a102-557683f9f11f.json (weighted loss=0.804864, epoch 283)
epoch: 284                    train:   valid:
    weighted total loss      0.956714  0.965843
    energy MSE [eV²]         0.303117  0.276303
    force MSE [(eV/Å)²]      0.476529  0.438099
    energy mae [kcal/mol]          13.390482  14.393050
    energy R²                    N/A  0.624414
    forces mae [kcal/mol/Å]        14.867644  14.382732
    forces R²                    N/A  0.873381
    dipole mae [tgt units]   0.364322  0.350512
    dipole R²                    N/A  0.506012
    dipole MSE [tgt²]        0.168230  0.154051
    charge loss [e²]         0.008837  0.097390
    charge RMSE [e]          0.094006  0.312074
    LR scale:  1.000000, effective LR:  0.000400
epoch: 285                    train:   valid:
    weighted total loss      0.979635  0.807633
    energy MSE [eV²]         0.321527  0.220749
    force MSE [(eV/Å)²]      0.476892  0.432243
    energy mae [kcal/mol]          13.900116  10.462433
    energy R²                    N/A  0.708571
    forces mae [kcal/mol/Å]        14.877755  14.308147
    forces R²                    N/A  0.875081
    dipole mae [tgt units]   0.363119  0.346248
    dipole R²                    N/A  0.510413
    dipole MSE [tgt²]        0.168137  0.153431
    charge loss [e²]         0.013078  0.001210
    charge RMSE [e]          0.114359  0.034792
    LR scale:  1.000000, effective LR:  0.000400
epoch: 286                    train:   valid:
    weighted total loss      0.940498  0.958886
    energy MSE [eV²]         0.292372  0.317733
    force MSE [(eV/Å)²]      0.476437  0.429753
    energy mae [kcal/mol]          13.180739  15.929751
    energy R²                    N/A  0.560071
    forces mae [kcal/mol/Å]        14.842900  14.273536
    forces R²                    N/A  0.875799
    dipole mae [tgt units]   0.364086  0.347893
    dipole R²                    N/A  0.508922
    dipole MSE [tgt²]        0.168393  0.153928
    charge loss [e²]         0.003297  0.057473
    charge RMSE [e]          0.057418  0.239735
    LR scale:  1.000000, effective LR:  0.000400
epoch: 287                    train:   valid:
    weighted total loss      0.941590  0.826712
    energy MSE [eV²]         0.289537  0.240589
    force MSE [(eV/Å)²]      0.475187  0.431005
    energy mae [kcal/mol]          13.066674  12.848128
    energy R²                    N/A  0.675632
    forces mae [kcal/mol/Å]        14.840736  14.265287
    forces R²                    N/A  0.875436
    dipole mae [tgt units]   0.364476  0.347303
    dipole R²                    N/A  0.508130
    dipole MSE [tgt²]        0.168356  0.153622
    charge loss [e²]         0.008510  0.001495
    charge RMSE [e]          0.092251  0.038668
    LR scale:  1.000000, effective LR:  0.000400
epoch: 288                    train:   valid:
    weighted total loss      0.960411  0.825086
    energy MSE [eV²]         0.310640  0.242517
    force MSE [(eV/Å)²]      0.474594  0.428154
    energy mae [kcal/mol]          13.594958  13.036705
    energy R²                    N/A  0.673310
    forces mae [kcal/mol/Å]        14.802957  14.207313
    forces R²                    N/A  0.876275
    dipole mae [tgt units]   0.363047  0.344631
    dipole R²                    N/A  0.510843
    dipole MSE [tgt²]        0.168330  0.153089
    charge loss [e²]         0.006847  0.001327
    charge RMSE [e]          0.082746  0.036423
    LR scale:  1.000000, effective LR:  0.000400
epoch: 289                    train:   valid:
    weighted total loss      0.933821  0.794580
    energy MSE [eV²]         0.287931  0.208920
    force MSE [(eV/Å)²]      0.472059  0.426560
    energy mae [kcal/mol]          12.884328  10.840375
    energy R²                    N/A  0.722377
    forces mae [kcal/mol/Å]        14.771008  14.158007
    forces R²                    N/A  0.876748
    dipole mae [tgt units]   0.364013  0.344476
    dipole R²                    N/A  0.511217
    dipole MSE [tgt²]        0.168472  0.153044
    charge loss [e²]         0.005359  0.006056
    charge RMSE [e]          0.073203  0.077823
    LR scale:  1.000000, effective LR:  0.000400
    ✓ Best valid checkpoint: params-best-85fb458c-b63f-4b72-a102-557683f9f11f.json (weighted loss=0.794580, epoch 289)
epoch: 290                    train:   valid:
    weighted total loss      0.915692  0.814101
    energy MSE [eV²]         0.274190  0.232021
    force MSE [(eV/Å)²]      0.469917  0.425814
    energy mae [kcal/mol]          12.520823  12.534397
    energy R²                    N/A  0.686329
    forces mae [kcal/mol/Å]        14.735662  14.184911
    forces R²                    N/A  0.876951
    dipole mae [tgt units]   0.363187  0.343646
    dipole R²                    N/A  0.511551
    dipole MSE [tgt²]        0.168166  0.152921
    charge loss [e²]         0.003419  0.003344
    charge RMSE [e]          0.058476  0.057827
    LR scale:  1.000000, effective LR:  0.000400
epoch: 291                    train:   valid:
    weighted total loss      0.928670  0.792466
    energy MSE [eV²]         0.283297  0.212325
    force MSE [(eV/Å)²]      0.470270  0.425978
    energy mae [kcal/mol]          13.027831  10.405158
    energy R²                    N/A  0.718115
    forces mae [kcal/mol/Å]        14.748203  14.161025
    forces R²                    N/A  0.876915
    dipole mae [tgt units]   0.362837  0.344942
    dipole R²                    N/A  0.511236
    dipole MSE [tgt²]        0.168035  0.152936
    charge loss [e²]         0.007068  0.001226
    charge RMSE [e]          0.084069  0.035021
    LR scale:  1.000000, effective LR:  0.000400
    ✓ Best valid checkpoint: params-best-85fb458c-b63f-4b72-a102-557683f9f11f.json (weighted loss=0.792466, epoch 291)
epoch: 292                    train:   valid:
    weighted total loss      0.921805  0.787377
    energy MSE [eV²]         0.281188  0.208325
    force MSE [(eV/Å)²]      0.468619  0.423066
    energy mae [kcal/mol]          12.847305  10.422077
    energy R²                    N/A  0.725234
    forces mae [kcal/mol/Å]        14.695185  14.143888
    forces R²                    N/A  0.877737
    dipole mae [tgt units]   0.364848  0.351685
    dipole R²                    N/A  0.506317
    dipole MSE [tgt²]        0.168322  0.154881
    charge loss [e²]         0.003677  0.001106
    charge RMSE [e]          0.060634  0.033252
    LR scale:  1.000000, effective LR:  0.000400
    ✓ Best valid checkpoint: params-best-85fb458c-b63f-4b72-a102-557683f9f11f.json (weighted loss=0.787377, epoch 292)
epoch: 293                    train:   valid:
    weighted total loss      0.950687  0.789694
    energy MSE [eV²]         0.306295  0.208634
    force MSE [(eV/Å)²]      0.468566  0.425497
    energy mae [kcal/mol]          13.563964  10.612339
    energy R²                    N/A  0.721786
    forces mae [kcal/mol/Å]        14.700812  14.161092
    forces R²                    N/A  0.877038
    dipole mae [tgt units]   0.362887  0.351253
    dipole R²                    N/A  0.507887
    dipole MSE [tgt²]        0.168144  0.154395
    charge loss [e²]         0.007681  0.001168
    charge RMSE [e]          0.087643  0.034179
    LR scale:  1.000000, effective LR:  0.000400
epoch: 294                    train:   valid:
    weighted total loss      0.951783  0.813632
    energy MSE [eV²]         0.301829  0.214825
    force MSE [(eV/Å)²]      0.469101  0.423753
    energy mae [kcal/mol]          13.470498  11.604501
    energy R²                    N/A  0.714737
    forces mae [kcal/mol/Å]        14.699480  14.105738
    forces R²                    N/A  0.877560
    dipole mae [tgt units]   0.364613  0.344661
    dipole R²                    N/A  0.510769
    dipole MSE [tgt²]        0.168453  0.153028
    charge loss [e²]         0.012400  0.022026
    charge RMSE [e]          0.111354  0.148413
    LR scale:  1.000000, effective LR:  0.000400
epoch: 295                    train:   valid:
    weighted total loss      0.912024  0.785265
    energy MSE [eV²]         0.273844  0.210237
    force MSE [(eV/Å)²]      0.467150  0.420708
    energy mae [kcal/mol]          12.615975  10.579517
    energy R²                    N/A  0.723765
    forces mae [kcal/mol/Å]        14.664059  14.064787
    forces R²                    N/A  0.878439
    dipole mae [tgt units]   0.363095  0.343492
    dipole R²                    N/A  0.511747
    dipole MSE [tgt²]        0.168229  0.152761
    charge loss [e²]         0.002801  0.001560
    charge RMSE [e]          0.052928  0.039496
    LR scale:  1.000000, effective LR:  0.000400
    ✓ Best valid checkpoint: params-best-85fb458c-b63f-4b72-a102-557683f9f11f.json (weighted loss=0.785265, epoch 295)
epoch: 296                    train:   valid:
    weighted total loss      0.930540  0.792440
    energy MSE [eV²]         0.289041  0.219235
    force MSE [(eV/Å)²]      0.465689  0.419254
    energy mae [kcal/mol]          13.051030  11.907630
    energy R²                    N/A  0.707878
    forces mae [kcal/mol/Å]        14.627832  13.990243
    forces R²                    N/A  0.878870
    dipole mae [tgt units]   0.362894  0.343341
    dipole R²                    N/A  0.511404
    dipole MSE [tgt²]        0.168299  0.152818
    charge loss [e²]         0.007511  0.001132
    charge RMSE [e]          0.086668  0.033643
    LR scale:  1.000000, effective LR:  0.000400
epoch: 297                    train:   valid:
    weighted total loss      0.947348  0.783874
    energy MSE [eV²]         0.305909  0.208259
    force MSE [(eV/Å)²]      0.464597  0.418699
    energy mae [kcal/mol]          13.242178  10.785539
    energy R²                    N/A  0.725043
    forces mae [kcal/mol/Å]        14.608082  13.985549
    forces R²                    N/A  0.879027
    dipole mae [tgt units]   0.362250  0.347145
    dipole R²                    N/A  0.510251
    dipole MSE [tgt²]        0.168111  0.153581
    charge loss [e²]         0.008731  0.003335
    charge RMSE [e]          0.093441  0.057747
    LR scale:  1.000000, effective LR:  0.000400
    ✓ Best valid checkpoint: params-best-85fb458c-b63f-4b72-a102-557683f9f11f.json (weighted loss=0.783874, epoch 297)
epoch: 298                    train:   valid:
    weighted total loss      0.943767  0.801079
    energy MSE [eV²]         0.301914  0.225503
    force MSE [(eV/Å)²]      0.464860  0.419803
    energy mae [kcal/mol]          13.291257  10.328525
    energy R²                    N/A  0.700381
    forces mae [kcal/mol/Å]        14.617638  13.983516
    forces R²                    N/A  0.878710
    dipole mae [tgt units]   0.364663  0.347004
    dipole R²                    N/A  0.508995
    dipole MSE [tgt²]        0.168356  0.153309
    charge loss [e²]         0.008636  0.002465
    charge RMSE [e]          0.092928  0.049647
    LR scale:  1.000000, effective LR:  0.000400
epoch: 299                    train:   valid:
    weighted total loss      0.936288  0.782830
    energy MSE [eV²]         0.298667  0.206182
    force MSE [(eV/Å)²]      0.463277  0.418565
    energy mae [kcal/mol]          13.347618  10.568225
    energy R²                    N/A  0.727895
    forces mae [kcal/mol/Å]        14.588314  13.991998
    forces R²                    N/A  0.879061
    dipole mae [tgt units]   0.363992  0.344712
    dipole R²                    N/A  0.512225
    dipole MSE [tgt²]        0.168301  0.152787
    charge loss [e²]         0.006043  0.005295
    charge RMSE [e]          0.077739  0.072767
    LR scale:  1.000000, effective LR:  0.000400
    ✓ Best valid checkpoint: params-best-85fb458c-b63f-4b72-a102-557683f9f11f.json (weighted loss=0.782830, epoch 299)
epoch: 300                    train:   valid:
    weighted total loss      0.944471  0.783373
    energy MSE [eV²]         0.301161  0.206539
    force MSE [(eV/Å)²]      0.464700  0.422986
    energy mae [kcal/mol]          13.252112  10.626064
    energy R²                    N/A  0.726489
    forces mae [kcal/mol/Å]        14.595136  14.180603
    forces R²                    N/A  0.877746
    dipole mae [tgt units]   0.362148  0.343284
    dipole R²                    N/A  0.512423
    dipole MSE [tgt²]        0.168261  0.152667
    charge loss [e²]         0.010349  0.001181
    charge RMSE [e]          0.101731  0.034361
    LR scale:  1.000000, effective LR:  0.000400
epoch: 301                    train:   valid:
    weighted total loss      0.901261  0.780192
    energy MSE [eV²]         0.268504  0.208589
    force MSE [(eV/Å)²]      0.461604  0.417221
    energy mae [kcal/mol]          12.467715  11.204532
    energy R²                    N/A  0.722566
    forces mae [kcal/mol/Å]        14.536540  13.981021
    forces R²                    N/A  0.879452
    dipole mae [tgt units]   0.361526  0.344211
    dipole R²                    N/A  0.510954
    dipole MSE [tgt²]        0.167984  0.152834
    charge loss [e²]         0.003170  0.001548
    charge RMSE [e]          0.056302  0.039348
    LR scale:  1.000000, effective LR:  0.000400
    ✓ Best valid checkpoint: params-best-85fb458c-b63f-4b72-a102-557683f9f11f.json (weighted loss=0.780192, epoch 301)
epoch: 302                    train:   valid:
    weighted total loss      0.905769  0.800823
    energy MSE [eV²]         0.274791  0.231061
    force MSE [(eV/Å)²]      0.460180  0.415525
    energy mae [kcal/mol]          12.563164  10.340357
    energy R²                    N/A  0.691876
    forces mae [kcal/mol/Å]        14.524424  13.926582
    forces R²                    N/A  0.879948
    dipole mae [tgt units]   0.362451  0.344579
    dipole R²                    N/A  0.512259
    dipole MSE [tgt²]        0.168160  0.152862
    charge loss [e²]         0.002639  0.001374
    charge RMSE [e]          0.051376  0.037070
    LR scale:  1.000000, effective LR:  0.000400
epoch: 303                    train:   valid:
    weighted total loss      0.937278  0.778291
    energy MSE [eV²]         0.295788  0.207121
    force MSE [(eV/Å)²]      0.460822  0.417173
    energy mae [kcal/mol]          13.246200  10.608547
    energy R²                    N/A  0.726677
    forces mae [kcal/mol/Å]        14.519241  13.975915
    forces R²                    N/A  0.879453
    dipole mae [tgt units]   0.364125  0.343636
    dipole R²                    N/A  0.512157
    dipole MSE [tgt²]        0.168342  0.152830
    charge loss [e²]         0.012326  0.001167
    charge RMSE [e]          0.111021  0.034166
    LR scale:  1.000000, effective LR:  0.000400
    ✓ Best valid checkpoint: params-best-85fb458c-b63f-4b72-a102-557683f9f11f.json (weighted loss=0.778291, epoch 303)
epoch: 304                    train:   valid:
    weighted total loss      0.930284  0.816611
    energy MSE [eV²]         0.297282  0.244860
    force MSE [(eV/Å)²]      0.458569  0.416515
    energy mae [kcal/mol]          13.337816  10.649950
    energy R²                    N/A  0.671394
    forces mae [kcal/mol/Å]        14.475842  14.058561
    forces R²                    N/A  0.879627
    dipole mae [tgt units]   0.362617  0.344841
    dipole R²                    N/A  0.512099
    dipole MSE [tgt²]        0.167986  0.152938
    charge loss [e²]         0.006447  0.002298
    charge RMSE [e]          0.080294  0.047934
    LR scale:  1.000000, effective LR:  0.000400
epoch: 305                    train:   valid:
    weighted total loss      0.892516  0.792410
    energy MSE [eV²]         0.263336  0.218062
    force MSE [(eV/Å)²]      0.458560  0.420434
    energy mae [kcal/mol]          12.291461  11.592333
    energy R²                    N/A  0.709958
    forces mae [kcal/mol/Å]        14.478010  14.008630
    forces R²                    N/A  0.878520
    dipole mae [tgt units]   0.361608  0.342921
    dipole R²                    N/A  0.512431
    dipole MSE [tgt²]        0.168199  0.152537
    charge loss [e²]         0.002421  0.001378
    charge RMSE [e]          0.049200  0.037119
    LR scale:  1.000000, effective LR:  0.000400
epoch: 306                    train:   valid:
    weighted total loss      0.902786  0.803736
    energy MSE [eV²]         0.272020  0.230149
    force MSE [(eV/Å)²]      0.456871  0.411722
    energy mae [kcal/mol]          12.640780  10.299331
    energy R²                    N/A  0.692725
    forces mae [kcal/mol/Å]        14.455954  13.841454
    forces R²                    N/A  0.881050
    dipole mae [tgt units]   0.362612  0.342931
    dipole R²                    N/A  0.512525
    dipole MSE [tgt²]        0.168227  0.152631
    charge loss [e²]         0.005669  0.009234
    charge RMSE [e]          0.075293  0.096094
    LR scale:  1.000000, effective LR:  0.000400
epoch: 307                    train:   valid:
    weighted total loss      0.936554  0.823571
    energy MSE [eV²]         0.300959  0.257095
    force MSE [(eV/Å)²]      0.456276  0.411222
    energy mae [kcal/mol]          13.429604  13.872855
    energy R²                    N/A  0.650402
    forces mae [kcal/mol/Å]        14.438281  13.809881
    forces R²                    N/A  0.881203
    dipole mae [tgt units]   0.362610  0.343218
    dipole R²                    N/A  0.512832
    dipole MSE [tgt²]        0.167900  0.152638
    charge loss [e²]         0.011419  0.002615
    charge RMSE [e]          0.106858  0.051136
    LR scale:  1.000000, effective LR:  0.000400
epoch: 308                    train:   valid:
    weighted total loss      0.926121  0.794624
    energy MSE [eV²]         0.297622  0.212140
    force MSE [(eV/Å)²]      0.456609  0.414209
    energy mae [kcal/mol]          13.344263  11.569169
    energy R²                    N/A  0.715931
    forces mae [kcal/mol/Å]        14.428036  13.861511
    forces R²                    N/A  0.880326
    dipole mae [tgt units]   0.364765  0.342228
    dipole R²                    N/A  0.513021
    dipole MSE [tgt²]        0.168238  0.152485
    charge loss [e²]         0.003652  0.015790
    charge RMSE [e]          0.060431  0.125658
    LR scale:  1.000000, effective LR:  0.000400
epoch: 309                    train:   valid:
    weighted total loss      0.924692  0.776972
    energy MSE [eV²]         0.293291  0.212686
    force MSE [(eV/Å)²]      0.456182  0.410379
    energy mae [kcal/mol]          13.211865  10.220140
    energy R²                    N/A  0.716913
    forces mae [kcal/mol/Å]        14.434649  13.804305
    forces R²                    N/A  0.881438
    dipole mae [tgt units]   0.361846  0.342598
    dipole R²                    N/A  0.512660
    dipole MSE [tgt²]        0.168455  0.152586
    charge loss [e²]         0.006764  0.001320
    charge RMSE [e]          0.082242  0.036336
    LR scale:  1.000000, effective LR:  0.000400
    ✓ Best valid checkpoint: params-best-85fb458c-b63f-4b72-a102-557683f9f11f.json (weighted loss=0.776972, epoch 309)
epoch: 310                    train:   valid:
    weighted total loss      0.912061  0.999873
    energy MSE [eV²]         0.282054  0.422112
    force MSE [(eV/Å)²]      0.454090  0.414361
    energy mae [kcal/mol]          12.866943  15.794270
    energy R²                    N/A  0.411644
    forces mae [kcal/mol/Å]        14.385868  13.865718
    forces R²                    N/A  0.880283
    dipole mae [tgt units]   0.362332  0.342446
    dipole R²                    N/A  0.512901
    dipole MSE [tgt²]        0.168216  0.152611
    charge loss [e²]         0.007701  0.010789
    charge RMSE [e]          0.087758  0.103871
    LR scale:  1.000000, effective LR:  0.000400
epoch: 311                    train:   valid:
    weighted total loss      0.935293  0.783641
    energy MSE [eV²]         0.307226  0.221488
    force MSE [(eV/Å)²]      0.453735  0.408768
    energy mae [kcal/mol]          13.567109  12.272858
    energy R²                    N/A  0.702778
    forces mae [kcal/mol/Å]        14.380919  13.760614
    forces R²                    N/A  0.881914
    dipole mae [tgt units]   0.362351  0.342155
    dipole R²                    N/A  0.513601
    dipole MSE [tgt²]        0.168063  0.152317
    charge loss [e²]         0.006269  0.001067
    charge RMSE [e]          0.079179  0.032672
    LR scale:  1.000000, effective LR:  0.000400
epoch: 312                    train:   valid:
    weighted total loss      0.904469  0.765863
    energy MSE [eV²]         0.278459  0.201560
    force MSE [(eV/Å)²]      0.452453  0.406927
    energy mae [kcal/mol]          12.741878  10.578622
    energy R²                    N/A  0.732733
    forces mae [kcal/mol/Å]        14.351144  13.748446
    forces R²                    N/A  0.882438
    dipole mae [tgt units]   0.362424  0.346848
    dipole R²                    N/A  0.511017
    dipole MSE [tgt²]        0.168085  0.153406
    charge loss [e²]         0.005472  0.003970
    charge RMSE [e]          0.073970  0.063010
    LR scale:  1.000000, effective LR:  0.000400
    ✓ Best valid checkpoint: params-best-85fb458c-b63f-4b72-a102-557683f9f11f.json (weighted loss=0.765863, epoch 312)
epoch: 313                    train:   valid:
    weighted total loss      0.914792  0.794563
    energy MSE [eV²]         0.284603  0.224102
    force MSE [(eV/Å)²]      0.452011  0.410830
    energy mae [kcal/mol]          12.903388  10.229553
    energy R²                    N/A  0.700223
    forces mae [kcal/mol/Å]        14.332163  13.897582
    forces R²                    N/A  0.881287
    dipole mae [tgt units]   0.362246  0.345417
    dipole R²                    N/A  0.512022
    dipole MSE [tgt²]        0.168129  0.153039
    charge loss [e²]         0.010049  0.006592
    charge RMSE [e]          0.100243  0.081194
    LR scale:  1.000000, effective LR:  0.000400
epoch: 314                    train:   valid:
    weighted total loss      0.899338  0.922917
    energy MSE [eV²]         0.274851  0.205521
    force MSE [(eV/Å)²]      0.450724  0.407877
    energy mae [kcal/mol]          12.674303  11.112499
    energy R²                    N/A  0.726283
    forces mae [kcal/mol/Å]        14.309741  13.809510
    forces R²                    N/A  0.882150
    dipole mae [tgt units]   0.363328  0.351009
    dipole R²                    N/A  0.507909
    dipole MSE [tgt²]        0.168043  0.154424
    charge loss [e²]         0.005719  0.155095
    charge RMSE [e]          0.075626  0.393820
    LR scale:  1.000000, effective LR:  0.000400
epoch: 315                    train:   valid:
    weighted total loss      0.927616  0.766691
    energy MSE [eV²]         0.297552  0.207730
    force MSE [(eV/Å)²]      0.451471  0.404778
    energy mae [kcal/mol]          13.235723  11.356851
    energy R²                    N/A  0.724872
    forces mae [kcal/mol/Å]        14.320662  13.693805
    forces R²                    N/A  0.883074
    dipole mae [tgt units]   0.362501  0.344189
    dipole R²                    N/A  0.512446
    dipole MSE [tgt²]        0.168219  0.152873
    charge loss [e²]         0.010374  0.001310
    charge RMSE [e]          0.101851  0.036192
    LR scale:  1.000000, effective LR:  0.000400
epoch: 316                    train:   valid:
    weighted total loss      0.901841  0.794374
    energy MSE [eV²]         0.280574  0.216626
    force MSE [(eV/Å)²]      0.449188  0.412554
    energy mae [kcal/mol]          12.810100  11.792826
    energy R²                    N/A  0.711384
    forces mae [kcal/mol/Å]        14.282107  13.818080
    forces R²                    N/A  0.880817
    dipole mae [tgt units]   0.361349  0.342285
    dipole R²                    N/A  0.513485
    dipole MSE [tgt²]        0.168053  0.152314
    charge loss [e²]         0.004027  0.012879
    charge RMSE [e]          0.063461  0.113488
    LR scale:  1.000000, effective LR:  0.000400
epoch: 317                    train:   valid:
    weighted total loss      0.912041  0.866645
    energy MSE [eV²]         0.283307  0.220111
    force MSE [(eV/Å)²]      0.450179  0.414420
    energy mae [kcal/mol]          12.863284  12.065980
    energy R²                    N/A  0.706228
    forces mae [kcal/mol/Å]        14.285779  13.871200
    forces R²                    N/A  0.880254
    dipole mae [tgt units]   0.361620  0.342508
    dipole R²                    N/A  0.513434
    dipole MSE [tgt²]        0.168328  0.152201
    charge loss [e²]         0.010226  0.079913
    charge RMSE [e]          0.101125  0.282689
    LR scale:  1.000000, effective LR:  0.000400
epoch: 318                    train:   valid:
    weighted total loss      0.927000  0.891160
    energy MSE [eV²]         0.305131  0.329658
    force MSE [(eV/Å)²]      0.449098  0.405203
    energy mae [kcal/mol]          13.563017  13.044990
    energy R²                    N/A  0.544809
    forces mae [kcal/mol/Å]        14.279918  13.703831
    forces R²                    N/A  0.882941
    dipole mae [tgt units]   0.361696  0.345944
    dipole R²                    N/A  0.510129
    dipole MSE [tgt²]        0.168083  0.153002
    charge loss [e²]         0.004689  0.003297
    charge RMSE [e]          0.068474  0.057417
    LR scale:  1.000000, effective LR:  0.000400
epoch: 319                    train:   valid:
    weighted total loss      0.895312  0.901590
    energy MSE [eV²]         0.272427  0.343445
    force MSE [(eV/Å)²]      0.448086  0.403097
    energy mae [kcal/mol]          12.572555  13.443962
    energy R²                    N/A  0.526685
    forces mae [kcal/mol/Å]        14.241163  13.627801
    forces R²                    N/A  0.883567
    dipole mae [tgt units]   0.363336  0.342712
    dipole R²                    N/A  0.513577
    dipole MSE [tgt²]        0.168249  0.152460
    charge loss [e²]         0.006549  0.002588
    charge RMSE [e]          0.080928  0.050874
    LR scale:  1.000000, effective LR:  0.000400
epoch: 320                    train:   valid:
    weighted total loss      0.896405  0.813942
    energy MSE [eV²]         0.275513  0.257517
    force MSE [(eV/Å)²]      0.446852  0.402178
    energy mae [kcal/mol]          12.569028  10.833698
    energy R²                    N/A  0.652632
    forces mae [kcal/mol/Å]        14.214139  13.645756
    forces R²                    N/A  0.883820
    dipole mae [tgt units]   0.361957  0.341706
    dipole R²                    N/A  0.513876
    dipole MSE [tgt²]        0.168127  0.152213
    charge loss [e²]         0.005912  0.002034
    charge RMSE [e]          0.076890  0.045103
    LR scale:  1.000000, effective LR:  0.000400
epoch: 321                    train:   valid:
    weighted total loss      0.933469  0.759157
    energy MSE [eV²]         0.303526  0.201292
    force MSE [(eV/Å)²]      0.447327  0.402412
    energy mae [kcal/mol]          13.531942  10.170662
    energy R²                    N/A  0.734073
    forces mae [kcal/mol/Å]        14.245804  13.608696
    forces R²                    N/A  0.883765
    dipole mae [tgt units]   0.362916  0.344375
    dipole R²                    N/A  0.512111
    dipole MSE [tgt²]        0.168205  0.152565
    charge loss [e²]         0.014412  0.002889
    charge RMSE [e]          0.120050  0.053746
    LR scale:  1.000000, effective LR:  0.000400
    ✓ Best valid checkpoint: params-best-85fb458c-b63f-4b72-a102-557683f9f11f.json (weighted loss=0.759157, epoch 321)
epoch: 322                    train:   valid:
    weighted total loss      0.911779  0.782804
    energy MSE [eV²]         0.291899  0.210825
    force MSE [(eV/Å)²]      0.446245  0.403421
    energy mae [kcal/mol]          13.120864  11.701452
    energy R²                    N/A  0.718546
    forces mae [kcal/mol/Å]        14.207635  13.647443
    forces R²                    N/A  0.883459
    dipole mae [tgt units]   0.361354  0.342681
    dipole R²                    N/A  0.513559
    dipole MSE [tgt²]        0.168071  0.152422
    charge loss [e²]         0.005564  0.016136
    charge RMSE [e]          0.074591  0.127026
    LR scale:  1.000000, effective LR:  0.000400
epoch: 323                    train:   valid:
    weighted total loss      0.917954  0.875343
    energy MSE [eV²]         0.296117  0.316286
    force MSE [(eV/Å)²]      0.445834  0.402376
    energy mae [kcal/mol]          13.151335  16.126680
    energy R²                    N/A  0.559765
    forces mae [kcal/mol/Å]        14.198306  13.625833
    forces R²                    N/A  0.883759
    dipole mae [tgt units]   0.362104  0.342054
    dipole R²                    N/A  0.514268
    dipole MSE [tgt²]        0.167785  0.152131
    charge loss [e²]         0.008217  0.004549
    charge RMSE [e]          0.090648  0.067449
    LR scale:  1.000000, effective LR:  0.000400
epoch: 324                    train:   valid:
    weighted total loss      0.891107  0.786751
    energy MSE [eV²]         0.272209  0.229740
    force MSE [(eV/Å)²]      0.444693  0.404004
    energy mae [kcal/mol]          12.510142  10.301885
    energy R²                    N/A  0.691339
    forces mae [kcal/mol/Å]        14.179031  13.665260
    forces R²                    N/A  0.883273
    dipole mae [tgt units]   0.361191  0.341201
    dipole R²                    N/A  0.514663
    dipole MSE [tgt²]        0.167732  0.151928
    charge loss [e²]         0.006473  0.001078
    charge RMSE [e]          0.080454  0.032838
    LR scale:  1.000000, effective LR:  0.000400
epoch: 325                    train:   valid:
    weighted total loss      0.903286  0.763818
    energy MSE [eV²]         0.286717  0.209083
    force MSE [(eV/Å)²]      0.444583  0.401433
    energy mae [kcal/mol]          12.891212  10.167995
    energy R²                    N/A  0.724148
    forces mae [kcal/mol/Å]        14.184863  13.591002
    forces R²                    N/A  0.884049
    dipole mae [tgt units]   0.361674  0.342339
    dipole R²                    N/A  0.513335
    dipole MSE [tgt²]        0.168071  0.152262
    charge loss [e²]         0.003915  0.001039
    charge RMSE [e]          0.062572  0.032240
    LR scale:  1.000000, effective LR:  0.000400
epoch: 326                    train:   valid:
    weighted total loss      0.890057  0.789981
    energy MSE [eV²]         0.271072  0.238691
    force MSE [(eV/Å)²]      0.443641  0.398021
    energy mae [kcal/mol]          12.462496  13.197407
    energy R²                    N/A  0.675046
    forces mae [kcal/mol/Å]        14.153659  13.496902
    forces R²                    N/A  0.885034
    dipole mae [tgt units]   0.362172  0.341032
    dipole R²                    N/A  0.514124
    dipole MSE [tgt²]        0.168266  0.152061
    charge loss [e²]         0.007078  0.001207
    charge RMSE [e]          0.084131  0.034746
    LR scale:  1.000000, effective LR:  0.000400
epoch: 327                    train:   valid:
    weighted total loss      0.894699  0.760952
    energy MSE [eV²]         0.280399  0.207252
    force MSE [(eV/Å)²]      0.442083  0.399755
    energy mae [kcal/mol]          12.742967  11.509624
    energy R²                    N/A  0.721972
    forces mae [kcal/mol/Å]        14.120377  13.611055
    forces R²                    N/A  0.884502
    dipole mae [tgt units]   0.363099  0.341174
    dipole R²                    N/A  0.513996
    dipole MSE [tgt²]        0.168317  0.152226
    charge loss [e²]         0.003901  0.001719
    charge RMSE [e]          0.062460  0.041461
    LR scale:  1.000000, effective LR:  0.000400
epoch: 328                    train:   valid:
    weighted total loss      0.872132  0.755855
    energy MSE [eV²]         0.259862  0.204027
    force MSE [(eV/Å)²]      0.440935  0.397012
    energy mae [kcal/mol]          12.188704  11.274042
    energy R²                    N/A  0.727945
    forces mae [kcal/mol/Å]        14.105164  13.523894
    forces R²                    N/A  0.885309
    dipole mae [tgt units]   0.362090  0.343249
    dipole R²                    N/A  0.513035
    dipole MSE [tgt²]        0.168086  0.152716
    charge loss [e²]         0.003249  0.002100
    charge RMSE [e]          0.057001  0.045822
    LR scale:  1.000000, effective LR:  0.000400
    ✓ Best valid checkpoint: params-best-85fb458c-b63f-4b72-a102-557683f9f11f.json (weighted loss=0.755855, epoch 328)
epoch: 329                    train:   valid:
    weighted total loss      0.881299  0.747164
    energy MSE [eV²]         0.265593  0.197096
    force MSE [(eV/Å)²]      0.440523  0.395780
    energy mae [kcal/mol]          12.368576  10.377983
    energy R²                    N/A  0.738835
    forces mae [kcal/mol/Å]        14.100593  13.481495
    forces R²                    N/A  0.885680
    dipole mae [tgt units]   0.362171  0.343154
    dipole R²                    N/A  0.512264
    dipole MSE [tgt²]        0.167757  0.152480
    charge loss [e²]         0.007426  0.001809
    charge RMSE [e]          0.086174  0.042529
    LR scale:  1.000000, effective LR:  0.000400
    ✓ Best valid checkpoint: params-best-85fb458c-b63f-4b72-a102-557683f9f11f.json (weighted loss=0.747164, epoch 329)
epoch: 330                    train:   valid:
    weighted total loss      0.891225  0.752588
    energy MSE [eV²]         0.276589  0.195949
    force MSE [(eV/Å)²]      0.439795  0.401093
    energy mae [kcal/mol]          12.714975  10.417753
    energy R²                    N/A  0.738580
    forces mae [kcal/mol/Å]        14.068387  13.637774
    forces R²                    N/A  0.884116
    dipole mae [tgt units]   0.361462  0.340724
    dipole R²                    N/A  0.514810
    dipole MSE [tgt²]        0.168210  0.151945
    charge loss [e²]         0.006631  0.003602
    charge RMSE [e]          0.081428  0.060017
    LR scale:  1.000000, effective LR:  0.000400
epoch: 331                    train:   valid:
    weighted total loss      0.890917  0.930395
    energy MSE [eV²]         0.275146  0.377692
    force MSE [(eV/Å)²]      0.441293  0.397396
    energy mae [kcal/mol]          12.749354  17.969543
    energy R²                    N/A  0.469379
    forces mae [kcal/mol/Å]        14.098998  13.561898
    forces R²                    N/A  0.885198
    dipole mae [tgt units]   0.362716  0.348315
    dipole R²                    N/A  0.510675
    dipole MSE [tgt²]        0.168255  0.153613
    charge loss [e²]         0.006223  0.001694
    charge RMSE [e]          0.078885  0.041156
    LR scale:  1.000000, effective LR:  0.000400
epoch: 332                    train:   valid:
    weighted total loss      0.881690  0.769383
    energy MSE [eV²]         0.270977  0.219187
    force MSE [(eV/Å)²]      0.438228  0.394488
    energy mae [kcal/mol]          12.489735  9.991935
    energy R²                    N/A  0.707184
    forces mae [kcal/mol/Å]        14.022235  13.429923
    forces R²                    N/A  0.886067
    dipole mae [tgt units]   0.362923  0.342298
    dipole R²                    N/A  0.513580
    dipole MSE [tgt²]        0.168127  0.152510
    charge loss [e²]         0.004358  0.003199
    charge RMSE [e]          0.066019  0.056556
    LR scale:  1.000000, effective LR:  0.000400
epoch: 333                    train:   valid:
    weighted total loss      0.902093  0.750201
    energy MSE [eV²]         0.285275  0.202904
    force MSE [(eV/Å)²]      0.438247  0.393409
    energy mae [kcal/mol]          12.901191  9.929619
    energy R²                    N/A  0.731517
    forces mae [kcal/mol/Å]        14.039105  13.422060
    forces R²                    N/A  0.886374
    dipole mae [tgt units]   0.362046  0.340972
    dipole R²                    N/A  0.514091
    dipole MSE [tgt²]        0.168237  0.152226
    charge loss [e²]         0.010333  0.001662
    charge RMSE [e]          0.101651  0.040766
    LR scale:  1.000000, effective LR:  0.000400
epoch: 334                    train:   valid:
    weighted total loss      0.872575  0.917367
    energy MSE [eV²]         0.264681  0.363388
    force MSE [(eV/Å)²]      0.437086  0.400643
    energy mae [kcal/mol]          12.301137  17.571411
    energy R²                    N/A  0.489131
    forces mae [kcal/mol/Å]        14.013864  13.572549
    forces R²                    N/A  0.884267
    dipole mae [tgt units]   0.360939  0.341771
    dipole R²                    N/A  0.514312
    dipole MSE [tgt²]        0.167776  0.152167
    charge loss [e²]         0.003032  0.001169
    charge RMSE [e]          0.055061  0.034198
    LR scale:  1.000000, effective LR:  0.000400
epoch: 335                    train:   valid:
    weighted total loss      0.880206  0.758317
    energy MSE [eV²]         0.268319  0.205604
    force MSE [(eV/Å)²]      0.437811  0.398999
    energy mae [kcal/mol]          12.359334  10.972321
    energy R²                    N/A  0.727321
    forces mae [kcal/mol/Å]        14.027279  13.560591
    forces R²                    N/A  0.884737
    dipole mae [tgt units]   0.362267  0.342106
    dipole R²                    N/A  0.513300
    dipole MSE [tgt²]        0.168308  0.152582
    charge loss [e²]         0.005768  0.001133
    charge RMSE [e]          0.075948  0.033664
    LR scale:  1.000000, effective LR:  0.000400
epoch: 336                    train:   valid:
    weighted total loss      0.888243  0.806492
    energy MSE [eV²]         0.273880  0.259048
    force MSE [(eV/Å)²]      0.436235  0.393261
    energy mae [kcal/mol]          12.528783  14.167171
    energy R²                    N/A  0.645434
    forces mae [kcal/mol/Å]        13.992076  13.456488
    forces R²                    N/A  0.886400
    dipole mae [tgt units]   0.362692  0.342245
    dipole R²                    N/A  0.513805
    dipole MSE [tgt²]        0.168188  0.152446
    charge loss [e²]         0.009941  0.001737
    charge RMSE [e]          0.099704  0.041679
    LR scale:  1.000000, effective LR:  0.000400
epoch: 337                    train:   valid:
    weighted total loss      0.901273  0.765817
    energy MSE [eV²]         0.286980  0.211284
    force MSE [(eV/Å)²]      0.436933  0.397665
    energy mae [kcal/mol]          13.027593  10.006178
    energy R²                    N/A  0.719682
    forces mae [kcal/mol/Å]        14.010726  13.554836
    forces R²                    N/A  0.885137
    dipole mae [tgt units]   0.362867  0.345933
    dipole R²                    N/A  0.512197
    dipole MSE [tgt²]        0.168301  0.153039
    charge loss [e²]         0.009059  0.003829
    charge RMSE [e]          0.095178  0.061881
    LR scale:  1.000000, effective LR:  0.000400
epoch: 338                    train:   valid:
    weighted total loss      0.878746  0.770330
    energy MSE [eV²]         0.273338  0.220583
    force MSE [(eV/Å)²]      0.435619  0.396172
    energy mae [kcal/mol]          12.521272  9.901681
    energy R²                    N/A  0.707149
    forces mae [kcal/mol/Å]        13.982665  13.508538
    forces R²                    N/A  0.885558
    dipole mae [tgt units]   0.361786  0.342245
    dipole R²                    N/A  0.513881
    dipole MSE [tgt²]        0.168157  0.152466
    charge loss [e²]         0.001633  0.001110
    charge RMSE [e]          0.040413  0.033314
    LR scale:  1.000000, effective LR:  0.000400
epoch: 339                    train:   valid:
    weighted total loss      0.885143  0.754864
    energy MSE [eV²]         0.275500  0.197364
    force MSE [(eV/Å)²]      0.435290  0.389722
    energy mae [kcal/mol]          12.727177  10.716390
    energy R²                    N/A  0.738765
    forces mae [kcal/mol/Å]        13.974330  13.311929
    forces R²                    N/A  0.887452
    dipole mae [tgt units]   0.361227  0.343099
    dipole R²                    N/A  0.513216
    dipole MSE [tgt²]        0.168023  0.152725
    charge loss [e²]         0.006330  0.015052
    charge RMSE [e]          0.079561  0.122688
    LR scale:  1.000000, effective LR:  0.000400
epoch: 340                    train:   valid:
    weighted total loss      0.895352  0.746563
    energy MSE [eV²]         0.285597  0.197572
    force MSE [(eV/Å)²]      0.434726  0.390103
    energy mae [kcal/mol]          12.949422  10.551518
    energy R²                    N/A  0.738901
    forces mae [kcal/mol/Å]        13.953825  13.358990
    forces R²                    N/A  0.887339
    dipole mae [tgt units]   0.361902  0.342091
    dipole R²                    N/A  0.513959
    dipole MSE [tgt²]        0.167420  0.152447
    charge loss [e²]         0.007609  0.006442
    charge RMSE [e]          0.087229  0.080260
    LR scale:  1.000000, effective LR:  0.000400
    ✓ Best valid checkpoint: params-best-85fb458c-b63f-4b72-a102-557683f9f11f.json (weighted loss=0.746563, epoch 340)
epoch: 341                    train:   valid:
    weighted total loss      0.912497  0.844970
    energy MSE [eV²]         0.301194  0.299938
    force MSE [(eV/Å)²]      0.434797  0.391620
    energy mae [kcal/mol]          13.418488  12.064366
    energy R²                    N/A  0.590610
    forces mae [kcal/mol/Å]        13.959332  13.411211
    forces R²                    N/A  0.886896
    dipole mae [tgt units]   0.361148  0.341674
    dipole R²                    N/A  0.514583
    dipole MSE [tgt²]        0.168251  0.152020
    charge loss [e²]         0.008255  0.001392
    charge RMSE [e]          0.090860  0.037307
    LR scale:  1.000000, effective LR:  0.000400
epoch: 342                    train:   valid:
    weighted total loss      0.870908  0.752617
    energy MSE [eV²]         0.265738  0.209470
    force MSE [(eV/Å)²]      0.433065  0.390110
    energy mae [kcal/mol]          12.401558  11.772861
    energy R²                    N/A  0.718627
    forces mae [kcal/mol/Å]        13.916520  13.378375
    forces R²                    N/A  0.887319
    dipole mae [tgt units]   0.361887  0.341234
    dipole R²                    N/A  0.514639
    dipole MSE [tgt²]        0.167985  0.151938
    charge loss [e²]         0.004120  0.001100
    charge RMSE [e]          0.064188  0.033169
    LR scale:  1.000000, effective LR:  0.000400
epoch: 343                    train:   valid:
    weighted total loss      0.868638  0.758381
    energy MSE [eV²]         0.260979  0.214424
    force MSE [(eV/Å)²]      0.432267  0.388983
    energy mae [kcal/mol]          12.332253  12.121483
    energy R²                    N/A  0.712097
    forces mae [kcal/mol/Å]        13.895329  13.329580
    forces R²                    N/A  0.887657
    dipole mae [tgt units]   0.362158  0.345082
    dipole R²                    N/A  0.511571
    dipole MSE [tgt²]        0.168203  0.153238
    charge loss [e²]         0.007189  0.001735
    charge RMSE [e]          0.084789  0.041653
    LR scale:  1.000000, effective LR:  0.000400
epoch: 344                    train:   valid:
    weighted total loss      0.914927  0.840200
    energy MSE [eV²]         0.303834  0.298484
    force MSE [(eV/Å)²]      0.433680  0.388194
    energy mae [kcal/mol]          13.456367  15.647374
    energy R²                    N/A  0.585674
    forces mae [kcal/mol/Å]        13.932965  13.255700
    forces R²                    N/A  0.887905
    dipole mae [tgt units]   0.361720  0.344233
    dipole R²                    N/A  0.513108
    dipole MSE [tgt²]        0.167761  0.152398
    charge loss [e²]         0.009652  0.001124
    charge RMSE [e]          0.098245  0.033524
    LR scale:  1.000000, effective LR:  0.000400
epoch: 345                    train:   valid:
    weighted total loss      0.886093  0.771200
    energy MSE [eV²]         0.277999  0.195974
    force MSE [(eV/Å)²]      0.432559  0.389161
    energy mae [kcal/mol]          12.828470  10.417918
    energy R²                    N/A  0.739307
    forces mae [kcal/mol/Å]        13.899289  13.318551
    forces R²                    N/A  0.887616
    dipole mae [tgt units]   0.360705  0.345188
    dipole R²                    N/A  0.511460
    dipole MSE [tgt²]        0.168227  0.153275
    charge loss [e²]         0.007307  0.032790
    charge RMSE [e]          0.085479  0.181081
    LR scale:  1.000000, effective LR:  0.000400
epoch: 346                    train:   valid:
    weighted total loss      0.903556  0.747570
    energy MSE [eV²]         0.294265  0.201227
    force MSE [(eV/Å)²]      0.432743  0.392839
    energy mae [kcal/mol]          13.094553  10.022948
    energy R²                    N/A  0.734174
    forces mae [kcal/mol/Å]        13.896972  13.456447
    forces R²                    N/A  0.886529
    dipole mae [tgt units]   0.361724  0.341217
    dipole R²                    N/A  0.514762
    dipole MSE [tgt²]        0.168097  0.152098
    charge loss [e²]         0.008452  0.001405
    charge RMSE [e]          0.091936  0.037481
    LR scale:  1.000000, effective LR:  0.000400
epoch: 347                    train:   valid:
    weighted total loss      0.864078  0.740917
    energy MSE [eV²]         0.262169  0.197609
    force MSE [(eV/Å)²]      0.431172  0.386257
    energy mae [kcal/mol]          12.280452  10.910069
    energy R²                    N/A  0.737405
    forces mae [kcal/mol/Å]        13.866261  13.238298
    forces R²                    N/A  0.888467
    dipole mae [tgt units]   0.362098  0.342317
    dipole R²                    N/A  0.514452
    dipole MSE [tgt²]        0.168125  0.152185
    charge loss [e²]         0.002612  0.004865
    charge RMSE [e]          0.051111  0.069752
    LR scale:  1.000000, effective LR:  0.000400
    ✓ Best valid checkpoint: params-best-85fb458c-b63f-4b72-a102-557683f9f11f.json (weighted loss=0.740917, epoch 347)
epoch: 348                    train:   valid:
    weighted total loss      0.893110  0.763666
    energy MSE [eV²]         0.285969  0.224692
    force MSE [(eV/Å)²]      0.430918  0.385742
    energy mae [kcal/mol]          12.809600  9.962459
    energy R²                    N/A  0.698278
    forces mae [kcal/mol/Å]        13.869908  13.253413
    forces R²                    N/A  0.888593
    dipole mae [tgt units]   0.361935  0.340881
    dipole R²                    N/A  0.514245
    dipole MSE [tgt²]        0.167879  0.152167
    charge loss [e²]         0.008344  0.001065
    charge RMSE [e]          0.091347  0.032629
    LR scale:  1.000000, effective LR:  0.000400
epoch: 349                    train:   valid:
    weighted total loss      0.884352  0.743860
    energy MSE [eV²]         0.280868  0.200710
    force MSE [(eV/Å)²]      0.430467  0.387254
    energy mae [kcal/mol]          12.796702  9.990834
    energy R²                    N/A  0.733216
    forces mae [kcal/mol/Å]        13.855756  13.262768
    forces R²                    N/A  0.888183
    dipole mae [tgt units]   0.362750  0.352397
    dipole R²                    N/A  0.505050
    dipole MSE [tgt²]        0.167941  0.154308
    charge loss [e²]         0.005077  0.001589
    charge RMSE [e]          0.071251  0.039864
    LR scale:  1.000000, effective LR:  0.000400
epoch: 350                    train:   valid:
    weighted total loss      0.869078  0.745028
    energy MSE [eV²]         0.268677  0.204267
    force MSE [(eV/Å)²]      0.429026  0.387554
    energy mae [kcal/mol]          12.437418  9.835341
    energy R²                    N/A  0.726832
    forces mae [kcal/mol/Å]        13.843334  13.277966
    forces R²                    N/A  0.888087
    dipole mae [tgt units]   0.362380  0.341720
    dipole R²                    N/A  0.514244
    dipole MSE [tgt²]        0.168029  0.152030
    charge loss [e²]         0.003346  0.001176
    charge RMSE [e]          0.057843  0.034297
    LR scale:  1.000000, effective LR:  0.000400
epoch: 351                    train:   valid:
    weighted total loss      0.888630  0.744458
    energy MSE [eV²]         0.281584  0.202549
    force MSE [(eV/Å)²]      0.430182  0.388217
    energy mae [kcal/mol]          12.961202  9.851635
    energy R²                    N/A  0.732702
    forces mae [kcal/mol/Å]        13.851252  13.274997
    forces R²                    N/A  0.887907
    dipole mae [tgt units]   0.362154  0.343219
    dipole R²                    N/A  0.513636
    dipole MSE [tgt²]        0.167605  0.152621
    charge loss [e²]         0.009259  0.001071
    charge RMSE [e]          0.096224  0.032730
    LR scale:  1.000000, effective LR:  0.000400
epoch: 352                    train:   valid:
    weighted total loss      0.874876  0.738693
    energy MSE [eV²]         0.271097  0.197418
    force MSE [(eV/Å)²]      0.428840  0.387627
    energy mae [kcal/mol]          12.464942  9.880205
    energy R²                    N/A  0.737029
    forces mae [kcal/mol/Å]        13.815145  13.334717
    forces R²                    N/A  0.888047
    dipole mae [tgt units]   0.361099  0.340813
    dipole R²                    N/A  0.514674
    dipole MSE [tgt²]        0.168109  0.152063
    charge loss [e²]         0.006830  0.001586
    charge RMSE [e]          0.082642  0.039821
    LR scale:  1.000000, effective LR:  0.000400
    ✓ Best valid checkpoint: params-best-85fb458c-b63f-4b72-a102-557683f9f11f.json (weighted loss=0.738693, epoch 352)
epoch: 353                    train:   valid:
    weighted total loss      0.871145  0.741286
    energy MSE [eV²]         0.271691  0.204900
    force MSE [(eV/Å)²]      0.427389  0.382498
    energy mae [kcal/mol]          12.492117  11.677338
    energy R²                    N/A  0.723889
    forces mae [kcal/mol/Å]        13.786703  13.177983
    forces R²                    N/A  0.889544
    dipole mae [tgt units]   0.362200  0.343684
    dipole R²                    N/A  0.512991
    dipole MSE [tgt²]        0.168180  0.152807
    charge loss [e²]         0.003884  0.001081
    charge RMSE [e]          0.062322  0.032872
    LR scale:  1.000000, effective LR:  0.000400
epoch: 354                    train:   valid:
    weighted total loss      0.886284  0.800072
    energy MSE [eV²]         0.280471  0.258091
    force MSE [(eV/Å)²]      0.427633  0.386419
    energy mae [kcal/mol]          12.824361  14.212807
    energy R²                    N/A  0.646442
    forces mae [kcal/mol/Å]        13.808279  13.302978
    forces R²                    N/A  0.888399
    dipole mae [tgt units]   0.361246  0.345227
    dipole R²                    N/A  0.512148
    dipole MSE [tgt²]        0.167982  0.153143
    charge loss [e²]         0.010198  0.002419
    charge RMSE [e]          0.100985  0.049181
    LR scale:  1.000000, effective LR:  0.000400
epoch: 355                    train:   valid:
    weighted total loss      0.876188  0.730045
    energy MSE [eV²]         0.271248  0.191371
    force MSE [(eV/Å)²]      0.427012  0.385183
    energy mae [kcal/mol]          12.514784  10.505669
    energy R²                    N/A  0.744424
    forces mae [kcal/mol/Å]        13.772113  13.257812
    forces R²                    N/A  0.888752
    dipole mae [tgt units]   0.362966  0.341928
    dipole R²                    N/A  0.514311
    dipole MSE [tgt²]        0.167869  0.152343
    charge loss [e²]         0.010059  0.001148
    charge RMSE [e]          0.100295  0.033888
    LR scale:  1.000000, effective LR:  0.000400
    ✓ Best valid checkpoint: params-best-85fb458c-b63f-4b72-a102-557683f9f11f.json (weighted loss=0.730045, epoch 355)
epoch: 356                    train:   valid:
    weighted total loss      0.875350  0.736127
    energy MSE [eV²]         0.275870  0.199388
    force MSE [(eV/Å)²]      0.426063  0.383650
    energy mae [kcal/mol]          12.665291  10.399234
    energy R²                    N/A  0.736291
    forces mae [kcal/mol/Å]        13.771469  13.151994
    forces R²                    N/A  0.889226
    dipole mae [tgt units]   0.362171  0.340381
    dipole R²                    N/A  0.515316
    dipole MSE [tgt²]        0.167826  0.151841
    charge loss [e²]         0.005592  0.001248
    charge RMSE [e]          0.074781  0.035327
    LR scale:  1.000000, effective LR:  0.000400
epoch: 357                    train:   valid:
    weighted total loss      0.857067  0.745974
    energy MSE [eV²]         0.257722  0.203756
    force MSE [(eV/Å)²]      0.426128  0.388003
    energy mae [kcal/mol]          12.124187  9.772875
    energy R²                    N/A  0.730666
    forces mae [kcal/mol/Å]        13.757721  13.292455
    forces R²                    N/A  0.887952
    dipole mae [tgt units]   0.362398  0.343231
    dipole R²                    N/A  0.513765
    dipole MSE [tgt²]        0.168087  0.152324
    charge loss [e²]         0.005129  0.001891
    charge RMSE [e]          0.071615  0.043484
    LR scale:  1.000000, effective LR:  0.000400
epoch: 358                    train:   valid:
    weighted total loss      0.856510  0.744452
    energy MSE [eV²]         0.258716  0.204197
    force MSE [(eV/Å)²]      0.425054  0.387030
    energy mae [kcal/mol]          12.215000  10.025828
    energy R²                    N/A  0.729385
    forces mae [kcal/mol/Å]        13.732821  13.241217
    forces R²                    N/A  0.888243
    dipole mae [tgt units]   0.361498  0.340471
    dipole R²                    N/A  0.514467
    dipole MSE [tgt²]        0.167966  0.152146
    charge loss [e²]         0.004775  0.001079
    charge RMSE [e]          0.069100  0.032847
    LR scale:  1.000000, effective LR:  0.000400
epoch: 359                    train:   valid:
    weighted total loss      0.879871  0.765545
    energy MSE [eV²]         0.278621  0.229970
    force MSE [(eV/Å)²]      0.425301  0.382080
    energy mae [kcal/mol]          12.821462  10.165160
    energy R²                    N/A  0.688909
    forces mae [kcal/mol/Å]        13.753269  13.146769
    forces R²                    N/A  0.889679
    dipole mae [tgt units]   0.361661  0.340386
    dipole R²                    N/A  0.514755
    dipole MSE [tgt²]        0.167912  0.152050
    charge loss [e²]         0.008036  0.001444
    charge RMSE [e]          0.089645  0.037996
    LR scale:  1.000000, effective LR:  0.000400
epoch: 360                    train:   valid:
    weighted total loss      0.858022  0.727589
    energy MSE [eV²]         0.261077  0.192911
    force MSE [(eV/Å)²]      0.423612  0.380847
    energy mae [kcal/mol]          12.260373  9.870566
    energy R²                    N/A  0.743727
    forces mae [kcal/mol/Å]        13.701694  13.186972
    forces R²                    N/A  0.890006
    dipole mae [tgt units]   0.362227  0.342667
    dipole R²                    N/A  0.513832
    dipole MSE [tgt²]        0.168251  0.152532
    charge loss [e²]         0.005083  0.001299
    charge RMSE [e]          0.071294  0.036038
    LR scale:  1.000000, effective LR:  0.000400
    ✓ Best valid checkpoint: params-best-85fb458c-b63f-4b72-a102-557683f9f11f.json (weighted loss=0.727589, epoch 360)
epoch: 361                    train:   valid:
    weighted total loss      0.861320  0.730086
    energy MSE [eV²]         0.262553  0.195978
    force MSE [(eV/Å)²]      0.423815  0.379732
    energy mae [kcal/mol]          12.365463  11.050232
    energy R²                    N/A  0.738632
    forces mae [kcal/mol/Å]        13.693677  13.083134
    forces R²                    N/A  0.890358
    dipole mae [tgt units]   0.360768  0.341762
    dipole R²                    N/A  0.513617
    dipole MSE [tgt²]        0.168090  0.152529
    charge loss [e²]         0.006862  0.001847
    charge RMSE [e]          0.082839  0.042978
    LR scale:  1.000000, effective LR:  0.000400
epoch: 362                    train:   valid:
    weighted total loss      0.868581  0.841313
    energy MSE [eV²]         0.268956  0.307022
    force MSE [(eV/Å)²]      0.423981  0.381242
    energy mae [kcal/mol]          12.465150  12.286297
    energy R²                    N/A  0.578891
    forces mae [kcal/mol/Å]        13.715030  13.119950
    forces R²                    N/A  0.889917
    dipole mae [tgt units]   0.362948  0.340483
    dipole R²                    N/A  0.514553
    dipole MSE [tgt²]        0.168152  0.152018
    charge loss [e²]         0.007493  0.001031
    charge RMSE [e]          0.086561  0.032103
    LR scale:  1.000000, effective LR:  0.000400
epoch: 363                    train:   valid:
    weighted total loss      0.916906  0.729258
    energy MSE [eV²]         0.309102  0.192374
    force MSE [(eV/Å)²]      0.424067  0.383253
    energy mae [kcal/mol]          13.648552  9.953504
    energy R²                    N/A  0.744635
    forces mae [kcal/mol/Å]        13.707484  13.263303
    forces R²                    N/A  0.889305
    dipole mae [tgt units]   0.362349  0.341851
    dipole R²                    N/A  0.513625
    dipole MSE [tgt²]        0.168018  0.152536
    charge loss [e²]         0.015720  0.001096
    charge RMSE [e]          0.125377  0.033100
    LR scale:  1.000000, effective LR:  0.000400
epoch: 364                    train:   valid:
    weighted total loss      0.881162  0.783426
    energy MSE [eV²]         0.286242  0.219659
    force MSE [(eV/Å)²]      0.422440  0.383629
    energy mae [kcal/mol]          12.922070  12.509007
    energy R²                    N/A  0.704258
    forces mae [kcal/mol/Å]        13.673599  13.159515
    forces R²                    N/A  0.889248
    dipole mae [tgt units]   0.362211  0.341790
    dipole R²                    N/A  0.514452
    dipole MSE [tgt²]        0.168218  0.152226
    charge loss [e²]         0.004262  0.027912
    charge RMSE [e]          0.065282  0.167068
    LR scale:  1.000000, effective LR:  0.000400
epoch: 365                    train:   valid:
    weighted total loss      0.851958  0.737803
    energy MSE [eV²]         0.259213  0.195950
    force MSE [(eV/Å)²]      0.421811  0.388233
    energy mae [kcal/mol]          12.122551  10.876879
    energy R²                    N/A  0.736187
    forces mae [kcal/mol/Å]        13.650726  13.469994
    forces R²                    N/A  0.887835
    dipole mae [tgt units]   0.361701  0.341450
    dipole R²                    N/A  0.514739
    dipole MSE [tgt²]        0.167969  0.152207
    charge loss [e²]         0.002965  0.001413
    charge RMSE [e]          0.054447  0.037592
    LR scale:  1.000000, effective LR:  0.000400
epoch: 366                    train:   valid:
    weighted total loss      0.855295  0.844357
    energy MSE [eV²]         0.262843  0.313758
    force MSE [(eV/Å)²]      0.420644  0.377448
    energy mae [kcal/mol]          12.200559  12.497647
    energy R²                    N/A  0.567691
    forces mae [kcal/mol/Å]        13.639644  13.040560
    forces R²                    N/A  0.891026
    dipole mae [tgt units]   0.362402  0.340515
    dipole R²                    N/A  0.514911
    dipole MSE [tgt²]        0.167703  0.152093
    charge loss [e²]         0.004105  0.001057
    charge RMSE [e]          0.064071  0.032518
    LR scale:  1.000000, effective LR:  0.000400
epoch: 367                    train:   valid:
    weighted total loss      0.896466  0.735328
    energy MSE [eV²]         0.293708  0.198138
    force MSE [(eV/Å)²]      0.422307  0.377895
    energy mae [kcal/mol]          13.195504  9.741950
    energy R²                    N/A  0.737532
    forces mae [kcal/mol/Å]        13.691309  13.047054
    forces R²                    N/A  0.890908
    dipole mae [tgt units]   0.362608  0.346702
    dipole R²                    N/A  0.510745
    dipole MSE [tgt²]        0.168135  0.153551
    charge loss [e²]         0.012316  0.005744
    charge RMSE [e]          0.110977  0.075788
    LR scale:  1.000000, effective LR:  0.000400
epoch: 368                    train:   valid:
    weighted total loss      0.877247  0.725863
    energy MSE [eV²]         0.278758  0.193652
    force MSE [(eV/Å)²]      0.420901  0.377985
    energy mae [kcal/mol]          12.796572  9.676466
    energy R²                    N/A  0.742333
    forces mae [kcal/mol/Å]        13.636800  13.076343
    forces R²                    N/A  0.890855
    dipole mae [tgt units]   0.363756  0.343177
    dipole R²                    N/A  0.512929
    dipole MSE [tgt²]        0.168213  0.152833
    charge loss [e²]         0.009374  0.001393
    charge RMSE [e]          0.096819  0.037318
    LR scale:  1.000000, effective LR:  0.000400
    ✓ Best valid checkpoint: params-best-85fb458c-b63f-4b72-a102-557683f9f11f.json (weighted loss=0.725863, epoch 368)
epoch: 369                    train:   valid:
    weighted total loss      0.847772  0.719351
    energy MSE [eV²]         0.256570  0.188498
    force MSE [(eV/Å)²]      0.419907  0.376776
    energy mae [kcal/mol]          12.168646  10.293704
    energy R²                    N/A  0.748118
    forces mae [kcal/mol/Å]        13.613725  13.016682
    forces R²                    N/A  0.891225
    dipole mae [tgt units]   0.360935  0.345841
    dipole R²                    N/A  0.509952
    dipole MSE [tgt²]        0.168098  0.153068
    charge loss [e²]         0.003197  0.001010
    charge RMSE [e]          0.056544  0.031776
    LR scale:  1.000000, effective LR:  0.000400
    ✓ Best valid checkpoint: params-best-85fb458c-b63f-4b72-a102-557683f9f11f.json (weighted loss=0.719351, epoch 369)
epoch: 370                    train:   valid:
    weighted total loss      0.873810  0.718025
    energy MSE [eV²]         0.275779  0.188983
    force MSE [(eV/Å)²]      0.420419  0.375290
    energy mae [kcal/mol]          12.685118  10.262137
    energy R²                    N/A  0.747770
    forces mae [kcal/mol/Å]        13.627587  12.994632
    forces R²                    N/A  0.891644
    dipole mae [tgt units]   0.362150  0.342896
    dipole R²                    N/A  0.512883
    dipole MSE [tgt²]        0.168174  0.152250
    charge loss [e²]         0.009438  0.001502
    charge RMSE [e]          0.097149  0.038750
    LR scale:  1.000000, effective LR:  0.000400
    ✓ Best valid checkpoint: params-best-85fb458c-b63f-4b72-a102-557683f9f11f.json (weighted loss=0.718025, epoch 370)
epoch: 371                    train:   valid:
    weighted total loss      0.868555  0.892109
    energy MSE [eV²]         0.278048  0.345174
    force MSE [(eV/Å)²]      0.418530  0.379685
    energy mae [kcal/mol]          12.826105  17.101322
    energy R²                    N/A  0.516270
    forces mae [kcal/mol/Å]        13.583269  13.088399
    forces R²                    N/A  0.890393
    dipole mae [tgt units]   0.361717  0.340531
    dipole R²                    N/A  0.514860
    dipole MSE [tgt²]        0.167993  0.152006
    charge loss [e²]         0.003984  0.015244
    charge RMSE [e]          0.063117  0.123468
    LR scale:  1.000000, effective LR:  0.000400
epoch: 372                    train:   valid:
    weighted total loss      0.855464  0.758566
    energy MSE [eV²]         0.262741  0.192839
    force MSE [(eV/Å)²]      0.418236  0.382267
    energy mae [kcal/mol]          12.330971  10.225524
    energy R²                    N/A  0.744440
    forces mae [kcal/mol/Å]        13.569806  13.117396
    forces R²                    N/A  0.889639
    dipole mae [tgt units]   0.361510  0.339856
    dipole R²                    N/A  0.515118
    dipole MSE [tgt²]        0.167997  0.151877
    charge loss [e²]         0.006489  0.031583
    charge RMSE [e]          0.080557  0.177715
    LR scale:  1.000000, effective LR:  0.000400
epoch: 373                    train:   valid:
    weighted total loss      0.850679  0.729010
    energy MSE [eV²]         0.257708  0.201278
    force MSE [(eV/Å)²]      0.417719  0.374127
    energy mae [kcal/mol]          12.153304  9.534733
    energy R²                    N/A  0.731718
    forces mae [kcal/mol/Å]        13.566517  12.978436
    forces R²                    N/A  0.891989
    dipole mae [tgt units]   0.362912  0.341351
    dipole R²                    N/A  0.514380
    dipole MSE [tgt²]        0.168173  0.152371
    charge loss [e²]         0.007080  0.001234
    charge RMSE [e]          0.084146  0.035134
    LR scale:  1.000000, effective LR:  0.000400
epoch: 374                    train:   valid:
    weighted total loss      0.889568  0.788242
    energy MSE [eV²]         0.292348  0.260179
    force MSE [(eV/Å)²]      0.418672  0.374135
    energy mae [kcal/mol]          13.189424  14.364944
    energy R²                    N/A  0.642392
    forces mae [kcal/mol/Å]        13.593317  12.960862
    forces R²                    N/A  0.892002
    dipole mae [tgt units]   0.360789  0.339856
    dipole R²                    N/A  0.515673
    dipole MSE [tgt²]        0.167860  0.151808
    charge loss [e²]         0.010689  0.002121
    charge RMSE [e]          0.103388  0.046057
    LR scale:  1.000000, effective LR:  0.000400
epoch: 375                    train:   valid:
    weighted total loss      0.862862  0.807091
    energy MSE [eV²]         0.276367  0.234730
    force MSE [(eV/Å)²]      0.415673  0.378056
    energy mae [kcal/mol]          12.613121  10.187743
    energy R²                    N/A  0.683363
    forces mae [kcal/mol/Å]        13.530306  13.052852
    forces R²                    N/A  0.890880
    dipole mae [tgt units]   0.360656  0.345468
    dipole R²                    N/A  0.511356
    dipole MSE [tgt²]        0.167600  0.153426
    charge loss [e²]         0.003222  0.040880
    charge RMSE [e]          0.056766  0.202188
    LR scale:  1.000000, effective LR:  0.000400
epoch: 376                    train:   valid:
    weighted total loss      0.864563  0.738630
    energy MSE [eV²]         0.270805  0.204102
    force MSE [(eV/Å)²]      0.417352  0.380044
    energy mae [kcal/mol]          12.576996  9.620225
    energy R²                    N/A  0.726846
    forces mae [kcal/mol/Å]        13.549246  13.073326
    forces R²                    N/A  0.890257
    dipole mae [tgt units]   0.362517  0.339280
    dipole R²                    N/A  0.515312
    dipole MSE [tgt²]        0.168162  0.151839
    charge loss [e²]         0.008245  0.002645
    charge RMSE [e]          0.090804  0.051427
    LR scale:  1.000000, effective LR:  0.000400
epoch: 377                    train:   valid:
    weighted total loss      0.870469  0.731971
    energy MSE [eV²]         0.275611  0.199818
    force MSE [(eV/Å)²]      0.417007  0.373539
    energy mae [kcal/mol]          12.743117  11.502247
    energy R²                    N/A  0.730796
    forces mae [kcal/mol/Å]        13.552299  12.963086
    forces R²                    N/A  0.892159
    dipole mae [tgt units]   0.359952  0.339454
    dipole R²                    N/A  0.515423
    dipole MSE [tgt²]        0.168138  0.151811
    charge loss [e²]         0.009712  0.006802
    charge RMSE [e]          0.098552  0.082475
    LR scale:  1.000000, effective LR:  0.000400
epoch: 378                    train:   valid:
    weighted total loss      0.874871  0.759864
    energy MSE [eV²]         0.279086  0.214943
    force MSE [(eV/Å)²]      0.416270  0.375310
    energy mae [kcal/mol]          12.851818  12.325625
    energy R²                    N/A  0.710786
    forces mae [kcal/mol/Å]        13.541636  12.965080
    forces R²                    N/A  0.891663
    dipole mae [tgt units]   0.360401  0.340212
    dipole R²                    N/A  0.514757
    dipole MSE [tgt²]        0.167916  0.151942
    charge loss [e²]         0.011599  0.017668
    charge RMSE [e]          0.107697  0.132922
    LR scale:  1.000000, effective LR:  0.000400
epoch: 379                    train:   valid:
    weighted total loss      0.857878  0.845535
    energy MSE [eV²]         0.268557  0.318521
    force MSE [(eV/Å)²]      0.415932  0.372456
    energy mae [kcal/mol]          12.532060  16.406816
    energy R²                    N/A  0.553657
    forces mae [kcal/mol/Å]        13.514034  12.947581
    forces R²                    N/A  0.892469
    dipole mae [tgt units]   0.362419  0.342653
    dipole R²                    N/A  0.513331
    dipole MSE [tgt²]        0.167542  0.152755
    charge loss [e²]         0.005847  0.001803
    charge RMSE [e]          0.076467  0.042467
    LR scale:  1.000000, effective LR:  0.000400
epoch: 380                    train:   valid:
    weighted total loss      0.856953  0.714915
    energy MSE [eV²]         0.268678  0.191315
    force MSE [(eV/Å)²]      0.413866  0.370733
    energy mae [kcal/mol]          12.487502  10.069972
    energy R²                    N/A  0.747146
    forces mae [kcal/mol/Å]        13.498525  12.858656
    forces R²                    N/A  0.892994
    dipole mae [tgt units]   0.362497  0.339615
    dipole R²                    N/A  0.515355
    dipole MSE [tgt²]        0.167869  0.151847
    charge loss [e²]         0.006539  0.001020
    charge RMSE [e]          0.080867  0.031939
    LR scale:  1.000000, effective LR:  0.000400
    ✓ Best valid checkpoint: params-best-85fb458c-b63f-4b72-a102-557683f9f11f.json (weighted loss=0.714915, epoch 380)
epoch: 381                    train:   valid:
    weighted total loss      0.874971  0.747526
    energy MSE [eV²]         0.283404  0.222529
    force MSE [(eV/Å)²]      0.415526  0.371710
    energy mae [kcal/mol]          12.914779  9.846094
    energy R²                    N/A  0.700370
    forces mae [kcal/mol/Å]        13.517297  12.894672
    forces R²                    N/A  0.892717
    dipole mae [tgt units]   0.360696  0.342409
    dipole R²                    N/A  0.512931
    dipole MSE [tgt²]        0.167609  0.152311
    charge loss [e²]         0.008432  0.000976
    charge RMSE [e]          0.091825  0.031236
    LR scale:  1.000000, effective LR:  0.000400
epoch: 382                    train:   valid:
    weighted total loss      0.848070  0.720026
    energy MSE [eV²]         0.260755  0.197297
    force MSE [(eV/Å)²]      0.413679  0.369695
    energy mae [kcal/mol]          12.285297  11.209219
    energy R²                    N/A  0.735463
    forces mae [kcal/mol/Å]        13.487610  12.839244
    forces R²                    N/A  0.893300
    dipole mae [tgt units]   0.360955  0.340027
    dipole R²                    N/A  0.515170
    dipole MSE [tgt²]        0.167690  0.151975
    charge loss [e²]         0.005946  0.001058
    charge RMSE [e]          0.077108  0.032524
    LR scale:  1.000000, effective LR:  0.000400
epoch: 383                    train:   valid:
    weighted total loss      0.831799  0.714035
    energy MSE [eV²]         0.249672  0.191085
    force MSE [(eV/Å)²]      0.412495  0.368511
    energy mae [kcal/mol]          11.884823  10.692654
    energy R²                    N/A  0.743700
    forces mae [kcal/mol/Å]        13.458673  12.824866
    forces R²                    N/A  0.893636
    dipole mae [tgt units]   0.362061  0.340168
    dipole R²                    N/A  0.515703
    dipole MSE [tgt²]        0.167907  0.151766
    charge loss [e²]         0.001725  0.002673
    charge RMSE [e]          0.041528  0.051699
    LR scale:  1.000000, effective LR:  0.000400
    ✓ Best valid checkpoint: params-best-85fb458c-b63f-4b72-a102-557683f9f11f.json (weighted loss=0.714035, epoch 383)
epoch: 384                    train:   valid:
    weighted total loss      0.862263  0.726880
    energy MSE [eV²]         0.271881  0.203859
    force MSE [(eV/Å)²]      0.411835  0.369700
    energy mae [kcal/mol]          12.516809  9.492857
    energy R²                    N/A  0.727650
    forces mae [kcal/mol/Å]        13.431076  12.868364
    forces R²                    N/A  0.893281
    dipole mae [tgt units]   0.362048  0.342781
    dipole R²                    N/A  0.513392
    dipole MSE [tgt²]        0.167925  0.152191
    charge loss [e²]         0.010622  0.001130
    charge RMSE [e]          0.103063  0.033622
    LR scale:  1.000000, effective LR:  0.000400
epoch: 385                    train:   valid:
    weighted total loss      0.861138  0.711042
    energy MSE [eV²]         0.272282  0.189644
    force MSE [(eV/Å)²]      0.412289  0.367807
    energy mae [kcal/mol]          12.539526  9.837133
    energy R²                    N/A  0.747306
    forces mae [kcal/mol/Å]        13.438351  12.811307
    forces R²                    N/A  0.893830
    dipole mae [tgt units]   0.361962  0.341670
    dipole R²                    N/A  0.514592
    dipole MSE [tgt²]        0.167807  0.152327
    charge loss [e²]         0.008759  0.001265
    charge RMSE [e]          0.093591  0.035571
    LR scale:  1.000000, effective LR:  0.000400
    ✓ Best valid checkpoint: params-best-85fb458c-b63f-4b72-a102-557683f9f11f.json (weighted loss=0.711042, epoch 385)
epoch: 386                    train:   valid:
    weighted total loss      0.836170  0.759069
    energy MSE [eV²]         0.254675  0.237606
    force MSE [(eV/Å)²]      0.410652  0.368023
    energy mae [kcal/mol]          12.216215  10.200651
    energy R²                    N/A  0.679190
    forces mae [kcal/mol/Å]        13.413668  12.819216
    forces R²                    N/A  0.893776
    dipole mae [tgt units]   0.361098  0.339431
    dipole R²                    N/A  0.515397
    dipole MSE [tgt²]        0.167975  0.151760
    charge loss [e²]         0.002869  0.001680
    charge RMSE [e]          0.053560  0.040989
    LR scale:  1.000000, effective LR:  0.000400
epoch: 387                    train:   valid:
    weighted total loss      0.875076  0.728258
    energy MSE [eV²]         0.282397  0.198147
    force MSE [(eV/Å)²]      0.412559  0.370834
    energy mae [kcal/mol]          12.924048  9.781028
    energy R²                    N/A  0.738078
    forces mae [kcal/mol/Å]        13.443808  12.898140
    forces R²                    N/A  0.892978
    dipole mae [tgt units]   0.363416  0.344166
    dipole R²                    N/A  0.512964
    dipole MSE [tgt²]        0.168036  0.152923
    charge loss [e²]         0.012083  0.006354
    charge RMSE [e]          0.109923  0.079714
    LR scale:  1.000000, effective LR:  0.000400
epoch: 388                    train:   valid:
    weighted total loss      0.836750  0.712215
    energy MSE [eV²]         0.253670  0.190404
    force MSE [(eV/Å)²]      0.410674  0.368751
    energy mae [kcal/mol]          12.053379  9.794487
    energy R²                    N/A  0.745066
    forces mae [kcal/mol/Å]        13.405221  12.810762
    forces R²                    N/A  0.893562
    dipole mae [tgt units]   0.362252  0.338953
    dipole R²                    N/A  0.515721
    dipole MSE [tgt²]        0.167812  0.151837
    charge loss [e²]         0.004594  0.001223
    charge RMSE [e]          0.067779  0.034972
    LR scale:  1.000000, effective LR:  0.000400
epoch: 389                    train:   valid:
    weighted total loss      0.846037  0.716176
    energy MSE [eV²]         0.259855  0.192365
    force MSE [(eV/Å)²]      0.411086  0.369546
    energy mae [kcal/mol]          12.216254  10.079329
    energy R²                    N/A  0.744608
    forces mae [kcal/mol/Å]        13.419601  12.894544
    forces R²                    N/A  0.893338
    dipole mae [tgt units]   0.361859  0.339137
    dipole R²                    N/A  0.515455
    dipole MSE [tgt²]        0.167805  0.151844
    charge loss [e²]         0.007292  0.002422
    charge RMSE [e]          0.085396  0.049211
    LR scale:  1.000000, effective LR:  0.000400
epoch: 390                    train:   valid:
    weighted total loss      0.839870  0.709208
    energy MSE [eV²]         0.256817  0.189370
    force MSE [(eV/Å)²]      0.409286  0.365983
    energy mae [kcal/mol]          12.188944  10.405501
    energy R²                    N/A  0.748725
    forces mae [kcal/mol/Å]        13.368219  12.766882
    forces R²                    N/A  0.894385
    dipole mae [tgt units]   0.360708  0.342240
    dipole R²                    N/A  0.514244
    dipole MSE [tgt²]        0.167870  0.152375
    charge loss [e²]         0.005898  0.001480
    charge RMSE [e]          0.076797  0.038477
    LR scale:  1.000000, effective LR:  0.000400
    ✓ Best valid checkpoint: params-best-85fb458c-b63f-4b72-a102-557683f9f11f.json (weighted loss=0.709208, epoch 390)
epoch: 391                    train:   valid:
    weighted total loss      0.849348  0.726464
    energy MSE [eV²]         0.267233  0.202160
    force MSE [(eV/Å)²]      0.408509  0.366043
    energy mae [kcal/mol]          12.437045  11.591397
    energy R²                    N/A  0.728289
    forces mae [kcal/mol/Å]        13.352316  12.738306
    forces R²                    N/A  0.894372
    dipole mae [tgt units]   0.361310  0.340046
    dipole R²                    N/A  0.515089
    dipole MSE [tgt²]        0.167612  0.151940
    charge loss [e²]         0.005995  0.006320
    charge RMSE [e]          0.077427  0.079501
    LR scale:  1.000000, effective LR:  0.000400
epoch: 392                    train:   valid:
    weighted total loss      0.846655  0.713633
    energy MSE [eV²]         0.259849  0.194491
    force MSE [(eV/Å)²]      0.408734  0.365696
    energy mae [kcal/mol]          12.210499  9.655399
    energy R²                    N/A  0.740439
    forces mae [kcal/mol/Å]        13.364482  12.755491
    forces R²                    N/A  0.894469
    dipole mae [tgt units]   0.362613  0.343365
    dipole R²                    N/A  0.513157
    dipole MSE [tgt²]        0.168157  0.152383
    charge loss [e²]         0.009915  0.001063
    charge RMSE [e]          0.099575  0.032602
    LR scale:  1.000000, effective LR:  0.000400
epoch: 393                    train:   valid:
    weighted total loss      0.844635  0.725004
    energy MSE [eV²]         0.264065  0.198788
    force MSE [(eV/Å)²]      0.407268  0.367105
    energy mae [kcal/mol]          12.239422  9.600510
    energy R²                    N/A  0.735312
    forces mae [kcal/mol/Å]        13.335966  12.779626
    forces R²                    N/A  0.894067
    dipole mae [tgt units]   0.361844  0.340643
    dipole R²                    N/A  0.514542
    dipole MSE [tgt²]        0.167720  0.152054
    charge loss [e²]         0.005583  0.007056
    charge RMSE [e]          0.074718  0.084002
    LR scale:  1.000000, effective LR:  0.000400
epoch: 394                    train:   valid:
    weighted total loss      0.872102  0.709530
    energy MSE [eV²]         0.283047  0.190995
    force MSE [(eV/Å)²]      0.409691  0.365620
    energy mae [kcal/mol]          12.875956  9.773988
    energy R²                    N/A  0.747191
    forces mae [kcal/mol/Å]        13.402244  12.777726
    forces R²                    N/A  0.894484
    dipole mae [tgt units]   0.361273  0.339849
    dipole R²                    N/A  0.515078
    dipole MSE [tgt²]        0.167763  0.151884
    charge loss [e²]         0.011601  0.001032
    charge RMSE [e]          0.107709  0.032122
    LR scale:  1.000000, effective LR:  0.000400
epoch: 395                    train:   valid:
    weighted total loss      0.867598  0.728869
    energy MSE [eV²]         0.279184  0.209795
    force MSE [(eV/Å)²]      0.408875  0.365839
    energy mae [kcal/mol]          12.844590  12.046229
    energy R²                    N/A  0.719209
    forces mae [kcal/mol/Å]        13.361564  12.749430
    forces R²                    N/A  0.894440
    dipole mae [tgt units]   0.360715  0.340469
    dipole R²                    N/A  0.514708
    dipole MSE [tgt²]        0.167798  0.152184
    charge loss [e²]         0.011740  0.001051
    charge RMSE [e]          0.108353  0.032421
    LR scale:  1.000000, effective LR:  0.000400
epoch: 396                    train:   valid:
    weighted total loss      0.845074  0.710117
    energy MSE [eV²]         0.263861  0.188823
    force MSE [(eV/Å)²]      0.408086  0.367883
    energy mae [kcal/mol]          12.360155  9.624773
    energy R²                    N/A  0.747735
    forces mae [kcal/mol/Å]        13.346628  12.849492
    forces R²                    N/A  0.893807
    dipole mae [tgt units]   0.362295  0.340482
    dipole R²                    N/A  0.514601
    dipole MSE [tgt²]        0.168022  0.152061
    charge loss [e²]         0.005104  0.001349
    charge RMSE [e]          0.071446  0.036731
    LR scale:  1.000000, effective LR:  0.000400
epoch: 397                    train:   valid:
    weighted total loss      0.838049  0.753174
    energy MSE [eV²]         0.257648  0.235122
    force MSE [(eV/Å)²]      0.406882  0.363685
    energy mae [kcal/mol]          12.189682  13.346722
    energy R²                    N/A  0.678774
    forces mae [kcal/mol/Å]        13.327717  12.689507
    forces R²                    N/A  0.895047
    dipole mae [tgt units]   0.359972  0.339605
    dipole R²                    N/A  0.515443
    dipole MSE [tgt²]        0.167646  0.151944
    charge loss [e²]         0.005872  0.002423
    charge RMSE [e]          0.076631  0.049224
    LR scale:  1.000000, effective LR:  0.000400
epoch: 398                    train:   valid:
    weighted total loss      0.836252  0.711196
    energy MSE [eV²]         0.258108  0.188820
    force MSE [(eV/Å)²]      0.405618  0.365359
    energy mae [kcal/mol]          12.207527  10.564941
    energy R²                    N/A  0.747326
    forces mae [kcal/mol/Å]        13.299693  12.745236
    forces R²                    N/A  0.894563
    dipole mae [tgt units]   0.360908  0.341484
    dipole R²                    N/A  0.513509
    dipole MSE [tgt²]        0.167583  0.152136
    charge loss [e²]         0.004943  0.004880
    charge RMSE [e]          0.070307  0.069857
    LR scale:  1.000000, effective LR:  0.000400
epoch: 399                    train:   valid:
    weighted total loss      0.847247  0.728173
    energy MSE [eV²]         0.264198  0.210027
    force MSE [(eV/Å)²]      0.406106  0.364069
    energy mae [kcal/mol]          12.357361  12.017468
    energy R²                    N/A  0.717847
    forces mae [kcal/mol/Å]        13.297181  12.715752
    forces R²                    N/A  0.894944
    dipole mae [tgt units]   0.361160  0.340789
    dipole R²                    N/A  0.514616
    dipole MSE [tgt²]        0.167556  0.152015
    charge loss [e²]         0.009386  0.002061
    charge RMSE [e]          0.096882  0.045403
    LR scale:  1.000000, effective LR:  0.000400
epoch: 400                    train:   valid:
    weighted total loss      0.850529  0.716765
    energy MSE [eV²]         0.271068  0.194929
    force MSE [(eV/Å)²]      0.405619  0.363944
    energy mae [kcal/mol]          12.626674  9.495868
    energy R²                    N/A  0.740049
    forces mae [kcal/mol/Å]        13.308521  12.686389
    forces R²                    N/A  0.895002
    dipole mae [tgt units]   0.362058  0.342080
    dipole R²                    N/A  0.512964
    dipole MSE [tgt²]        0.168070  0.152347
    charge loss [e²]         0.005772  0.005545
    charge RMSE [e]          0.075973  0.074467
    LR scale:  1.000000, effective LR:  0.000400
epoch: 401                    train:   valid:
    weighted total loss      0.827271  0.732323
    energy MSE [eV²]         0.246893  0.205040
    force MSE [(eV/Å)²]      0.404547  0.363155
    energy mae [kcal/mol]          11.737446  11.862616
    energy R²                    N/A  0.722702
    forces mae [kcal/mol/Å]        13.267837  12.748090
    forces R²                    N/A  0.895198
    dipole mae [tgt units]   0.360678  0.341830
    dipole R²                    N/A  0.514588
    dipole MSE [tgt²]        0.167753  0.152228
    charge loss [e²]         0.008079  0.011900
    charge RMSE [e]          0.089881  0.109087
    LR scale:  1.000000, effective LR:  0.000400
epoch: 402                    train:   valid:
    weighted total loss      0.837090  0.720959
    energy MSE [eV²]         0.257448  0.203199
    force MSE [(eV/Å)²]      0.404101  0.364604
    energy mae [kcal/mol]          12.220282  11.643242
    energy R²                    N/A  0.727304
    forces mae [kcal/mol/Å]        13.260604  12.804361
    forces R²                    N/A  0.894781
    dipole mae [tgt units]   0.363665  0.341888
    dipole R²                    N/A  0.514408
    dipole MSE [tgt²]        0.167965  0.152060
    charge loss [e²]         0.007576  0.001095
    charge RMSE [e]          0.087041  0.033094
    LR scale:  1.000000, effective LR:  0.000400
epoch: 403                    train:   valid:
    weighted total loss      0.847672  0.702297
    energy MSE [eV²]         0.267391  0.187986
    force MSE [(eV/Å)²]      0.403761  0.360255
    energy mae [kcal/mol]          12.520782  10.426831
    energy R²                    N/A  0.748993
    forces mae [kcal/mol/Å]        13.261837  12.626410
    forces R²                    N/A  0.896049
    dipole mae [tgt units]   0.361504  0.338438
    dipole R²                    N/A  0.516363
    dipole MSE [tgt²]        0.167622  0.151494
    charge loss [e²]         0.008898  0.002561
    charge RMSE [e]          0.094330  0.050608
    LR scale:  1.000000, effective LR:  0.000400
    ✓ Best valid checkpoint: params-best-85fb458c-b63f-4b72-a102-557683f9f11f.json (weighted loss=0.702297, epoch 403)
epoch: 404                    train:   valid:
    weighted total loss      0.831710  0.712577
    energy MSE [eV²]         0.255644  0.196792
    force MSE [(eV/Å)²]      0.403018  0.362483
    energy mae [kcal/mol]          12.075494  9.564943
    energy R²                    N/A  0.735208
    forces mae [kcal/mol/Å]        13.241452  12.728454
    forces R²                    N/A  0.895380
    dipole mae [tgt units]   0.360480  0.340838
    dipole R²                    N/A  0.514912
    dipole MSE [tgt²]        0.167250  0.152212
    charge loss [e²]         0.005798  0.001091
    charge RMSE [e]          0.076146  0.033024
    LR scale:  1.000000, effective LR:  0.000400
epoch: 405                    train:   valid:
    weighted total loss      0.840105  0.719341
    energy MSE [eV²]         0.262727  0.190841
    force MSE [(eV/Å)²]      0.402498  0.370954
    energy mae [kcal/mol]          12.303274  10.927147
    energy R²                    N/A  0.746122
    forces mae [kcal/mol/Å]        13.216460  13.030636
    forces R²                    N/A  0.892881
    dipole mae [tgt units]   0.362304  0.338795
    dipole R²                    N/A  0.515915
    dipole MSE [tgt²]        0.167574  0.151746
    charge loss [e²]         0.007305  0.005801
    charge RMSE [e]          0.085468  0.076163
    LR scale:  1.000000, effective LR:  0.000400
epoch: 406                    train:   valid:
    weighted total loss      0.817086  0.853095
    energy MSE [eV²]         0.244190  0.340212
    force MSE [(eV/Å)²]      0.400697  0.359777
    energy mae [kcal/mol]          11.711780  17.043072
    energy R²                    N/A  0.522633
    forces mae [kcal/mol/Å]        13.199591  12.626499
    forces R²                    N/A  0.896196
    dipole mae [tgt units]   0.362809  0.339191
    dipole R²                    N/A  0.515613
    dipole MSE [tgt²]        0.167690  0.151719
    charge loss [e²]         0.004509  0.001387
    charge RMSE [e]          0.067149  0.037243
    LR scale:  1.000000, effective LR:  0.000400
epoch: 407                    train:   valid:
    weighted total loss      0.839335  0.870304
    energy MSE [eV²]         0.262010  0.353314
    force MSE [(eV/Å)²]      0.400656  0.363026
    energy mae [kcal/mol]          12.189727  13.853632
    energy R²                    N/A  0.510059
    forces mae [kcal/mol/Å]        13.182187  12.670659
    forces R²                    N/A  0.895247
    dipole mae [tgt units]   0.362411  0.340059
    dipole R²                    N/A  0.514381
    dipole MSE [tgt²]        0.167706  0.152306
    charge loss [e²]         0.008963  0.001657
    charge RMSE [e]          0.094674  0.040711
    LR scale:  1.000000, effective LR:  0.000400
epoch: 408                    train:   valid:
    weighted total loss      0.834491  0.743978
    energy MSE [eV²]         0.257348  0.190970
    force MSE [(eV/Å)²]      0.401710  0.366482
    energy mae [kcal/mol]          12.177999  11.040439
    energy R²                    N/A  0.742880
    forces mae [kcal/mol/Å]        13.208486  12.834019
    forces R²                    N/A  0.894194
    dipole mae [tgt units]   0.361486  0.345199
    dipole R²                    N/A  0.510542
    dipole MSE [tgt²]        0.167949  0.152857
    charge loss [e²]         0.007484  0.033669
    charge RMSE [e]          0.086512  0.183491
    LR scale:  1.000000, effective LR:  0.000400
epoch: 409                    train:   valid:
    weighted total loss      0.837477  0.781015
    energy MSE [eV²]         0.259701  0.196649
    force MSE [(eV/Å)²]      0.400457  0.364637
    energy mae [kcal/mol]          12.266310  9.790738
    energy R²                    N/A  0.737578
    forces mae [kcal/mol/Å]        13.177435  12.712385
    forces R²                    N/A  0.894786
    dipole mae [tgt units]   0.362275  0.339701
    dipole R²                    N/A  0.515866
    dipole MSE [tgt²]        0.167905  0.151695
    charge loss [e²]         0.009414  0.068034
    charge RMSE [e]          0.097024  0.260834
    LR scale:  1.000000, effective LR:  0.000400
epoch: 410                    train:   valid:
    weighted total loss      0.828102  0.696442
    energy MSE [eV²]         0.253487  0.185462
    force MSE [(eV/Å)²]      0.400465  0.356042
    energy mae [kcal/mol]          11.949041  9.931669
    energy R²                    N/A  0.753124
    forces mae [kcal/mol/Å]        13.167867  12.524837
    forces R²                    N/A  0.897280
    dipole mae [tgt units]   0.359209  0.339419
    dipole R²                    N/A  0.514752
    dipole MSE [tgt²]        0.167293  0.152188
    charge loss [e²]         0.006858  0.002749
    charge RMSE [e]          0.082811  0.052435
    LR scale:  1.000000, effective LR:  0.000400
    ✓ Best valid checkpoint: params-best-85fb458c-b63f-4b72-a102-557683f9f11f.json (weighted loss=0.696442, epoch 410)
epoch: 411                    train:   valid:
    weighted total loss      0.821942  0.743532
    energy MSE [eV²]         0.251878  0.227571
    force MSE [(eV/Å)²]      0.398564  0.362397
    energy mae [kcal/mol]          11.909998  13.061879
    energy R²                    N/A  0.686549
    forces mae [kcal/mol/Å]        13.138817  12.636613
    forces R²                    N/A  0.895425
    dipole mae [tgt units]   0.360877  0.338326
    dipole R²                    N/A  0.515610
    dipole MSE [tgt²]        0.167654  0.151830
    charge loss [e²]         0.003847  0.001734
    charge RMSE [e]          0.062024  0.041642
    LR scale:  1.000000, effective LR:  0.000400
epoch: 412                    train:   valid:
    weighted total loss      0.836279  0.716750
    energy MSE [eV²]         0.261246  0.205090
    force MSE [(eV/Å)²]      0.399318  0.357321
    energy mae [kcal/mol]          12.301000  9.479721
    energy R²                    N/A  0.726294
    forces mae [kcal/mol/Å]        13.132842  12.539708
    forces R²                    N/A  0.896922
    dipole mae [tgt units]   0.360805  0.342685
    dipole R²                    N/A  0.512649
    dipole MSE [tgt²]        0.167671  0.152421
    charge loss [e²]         0.008045  0.001918
    charge RMSE [e]          0.089695  0.043800
    LR scale:  1.000000, effective LR:  0.000400
epoch: 413                    train:   valid:
    weighted total loss      0.839616  0.712566
    energy MSE [eV²]         0.264513  0.202892
    force MSE [(eV/Å)²]      0.398704  0.357078
    energy mae [kcal/mol]          12.388133  9.389363
    energy R²                    N/A  0.731013
    forces mae [kcal/mol/Å]        13.135734  12.566002
    forces R²                    N/A  0.896983
    dipole mae [tgt units]   0.361368  0.338329
    dipole R²                    N/A  0.516093
    dipole MSE [tgt²]        0.167503  0.151632
    charge loss [e²]         0.008896  0.000965
    charge RMSE [e]          0.094321  0.031065
    LR scale:  1.000000, effective LR:  0.000400
epoch: 414                    train:   valid:
    weighted total loss      0.840251  0.705524
    energy MSE [eV²]         0.262676  0.190094
    force MSE [(eV/Å)²]      0.397968  0.362726
    energy mae [kcal/mol]          12.237665  10.568004
    energy R²                    N/A  0.744936
    forces mae [kcal/mol/Å]        13.107697  12.696131
    forces R²                    N/A  0.895353
    dipole mae [tgt units]   0.359684  0.338513
    dipole R²                    N/A  0.515443
    dipole MSE [tgt²]        0.167447  0.151731
    charge loss [e²]         0.012160  0.000974
    charge RMSE [e]          0.110273  0.031212
    LR scale:  1.000000, effective LR:  0.000400
epoch: 415                    train:   valid:
    weighted total loss      0.827245  0.710886
    energy MSE [eV²]         0.260993  0.196659
    force MSE [(eV/Å)²]      0.397547  0.360735
    energy mae [kcal/mol]          12.277904  9.859763
    energy R²                    N/A  0.740830
    forces mae [kcal/mol/Å]        13.096493  12.639386
    forces R²                    N/A  0.895928
    dipole mae [tgt units]   0.360790  0.341428
    dipole R²                    N/A  0.513381
    dipole MSE [tgt²]        0.167277  0.152303
    charge loss [e²]         0.001428  0.001189
    charge RMSE [e]          0.037788  0.034480
    LR scale:  1.000000, effective LR:  0.000400
epoch: 416                    train:   valid:
    weighted total loss      0.827622  0.699563
    energy MSE [eV²]         0.260392  0.189607
    force MSE [(eV/Å)²]      0.397665  0.356624
    energy mae [kcal/mol]          12.293601  9.657815
    energy R²                    N/A  0.747423
    forces mae [kcal/mol/Å]        13.107338  12.509788
    forces R²                    N/A  0.897129
    dipole mae [tgt units]   0.360099  0.342074
    dipole R²                    N/A  0.512944
    dipole MSE [tgt²]        0.167184  0.152345
    charge loss [e²]         0.002381  0.000986
    charge RMSE [e]          0.048800  0.031407
    LR scale:  1.000000, effective LR:  0.000400
epoch: 417                    train:   valid:
    weighted total loss      0.834140  0.751377
    energy MSE [eV²]         0.261448  0.241884
    force MSE [(eV/Å)²]      0.396779  0.355558
    energy mae [kcal/mol]          12.282553  10.173519
    energy R²                    N/A  0.674980
    forces mae [kcal/mol/Å]        13.100553  12.519688
    forces R²                    N/A  0.897424
    dipole mae [tgt units]   0.360392  0.341774
    dipole R²                    N/A  0.513656
    dipole MSE [tgt²]        0.167402  0.152731
    charge loss [e²]         0.008512  0.001205
    charge RMSE [e]          0.092260  0.034706
    LR scale:  1.000000, effective LR:  0.000400
epoch: 418                    train:   valid:
    weighted total loss      0.825532  0.703528
    energy MSE [eV²]         0.258049  0.188436
    force MSE [(eV/Å)²]      0.395822  0.358470
    energy mae [kcal/mol]          12.175350  10.485591
    energy R²                    N/A  0.748366
    forces mae [kcal/mol/Å]        13.060236  12.602688
    forces R²                    N/A  0.896567
    dipole mae [tgt units]   0.361548  0.338977
    dipole R²                    N/A  0.515832
    dipole MSE [tgt²]        0.167148  0.151725
    charge loss [e²]         0.004513  0.004897
    charge RMSE [e]          0.067176  0.069978
    LR scale:  1.000000, effective LR:  0.000400
epoch: 419                    train:   valid:
    weighted total loss      0.814773  0.707836
    energy MSE [eV²]         0.245133  0.202365
    force MSE [(eV/Å)²]      0.395305  0.352287
    energy mae [kcal/mol]          11.722380  9.377018
    energy R²                    N/A  0.730637
    forces mae [kcal/mol/Å]        13.054809  12.429120
    forces R²                    N/A  0.898376
    dipole mae [tgt units]   0.361372  0.340484
    dipole R²                    N/A  0.515174
    dipole MSE [tgt²]        0.167469  0.152100
    charge loss [e²]         0.006867  0.001085
    charge RMSE [e]          0.082864  0.032935
    LR scale:  1.000000, effective LR:  0.000400
epoch: 420                    train:   valid:
    weighted total loss      0.833152  0.698070
    energy MSE [eV²]         0.259246  0.191625
    force MSE [(eV/Å)²]      0.396129  0.353426
    energy mae [kcal/mol]          12.193993  11.032222
    energy R²                    N/A  0.744752
    forces mae [kcal/mol/Å]        13.052469  12.440347
    forces R²                    N/A  0.898062
    dipole mae [tgt units]   0.360496  0.338318
    dipole R²                    N/A  0.515584
    dipole MSE [tgt²]        0.167279  0.151826
    charge loss [e²]         0.010499  0.001194
    charge RMSE [e]          0.102466  0.034552
    LR scale:  1.000000, effective LR:  0.000400
epoch: 421                    train:   valid:
    weighted total loss      0.831734  0.726018
    energy MSE [eV²]         0.262906  0.217658
    force MSE [(eV/Å)²]      0.394712  0.352926
    energy mae [kcal/mol]          12.312500  12.624708
    energy R²                    N/A  0.703282
    forces mae [kcal/mol/Å]        13.019555  12.464848
    forces R²                    N/A  0.898181
    dipole mae [tgt units]   0.358818  0.339107
    dipole R²                    N/A  0.515301
    dipole MSE [tgt²]        0.167347  0.151712
    charge loss [e²]         0.006769  0.003721
    charge RMSE [e]          0.082271  0.061003
    LR scale:  1.000000, effective LR:  0.000400
epoch: 422                    train:   valid:
    weighted total loss      0.820963  0.705668
    energy MSE [eV²]         0.251202  0.190234
    force MSE [(eV/Å)²]      0.394170  0.352252
    energy mae [kcal/mol]          11.983193  10.635711
    energy R²                    N/A  0.744860
    forces mae [kcal/mol/Å]        13.018396  12.413354
    forces R²                    N/A  0.898395
    dipole mae [tgt units]   0.362028  0.339490
    dipole R²                    N/A  0.514855
    dipole MSE [tgt²]        0.167247  0.152003
    charge loss [e²]         0.008344  0.011178
    charge RMSE [e]          0.091343  0.105727
    LR scale:  1.000000, effective LR:  0.000400
epoch: 423                    train:   valid:
    weighted total loss      0.822426  0.704351
    energy MSE [eV²]         0.255874  0.196916
    force MSE [(eV/Å)²]      0.394155  0.351859
    energy mae [kcal/mol]          12.020686  9.492699
    energy R²                    N/A  0.739023
    forces mae [kcal/mol/Å]        13.016684  12.420823
    forces R²                    N/A  0.898510
    dipole mae [tgt units]   0.360209  0.342042
    dipole R²                    N/A  0.513592
    dipole MSE [tgt²]        0.167489  0.152749
    charge loss [e²]         0.004909  0.002827
    charge RMSE [e]          0.070067  0.053171
    LR scale:  1.000000, effective LR:  0.000400
epoch: 424                    train:   valid:
    weighted total loss      0.834228  0.766518
    energy MSE [eV²]         0.263891  0.260222
    force MSE [(eV/Å)²]      0.393205  0.352883
    energy mae [kcal/mol]          12.373405  10.733239
    energy R²                    N/A  0.646340
    forces mae [kcal/mol/Å]        13.001109  12.439605
    forces R²                    N/A  0.898192
    dipole mae [tgt units]   0.360945  0.340321
    dipole R²                    N/A  0.514615
    dipole MSE [tgt²]        0.167387  0.152398
    charge loss [e²]         0.009745  0.001015
    charge RMSE [e]          0.098716  0.031862
    LR scale:  1.000000, effective LR:  0.000400
epoch: 425                    train:   valid:
    weighted total loss      0.812721  0.731387
    energy MSE [eV²]         0.249492  0.225619
    force MSE [(eV/Å)²]      0.393044  0.352139
    energy mae [kcal/mol]          11.912393  9.802883
    energy R²                    N/A  0.696422
    forces mae [kcal/mol/Å]        12.990590  12.407210
    forces R²                    N/A  0.898439
    dipole mae [tgt units]   0.361049  0.338041
    dipole R²                    N/A  0.515653
    dipole MSE [tgt²]        0.167076  0.151832
    charge loss [e²]         0.003109  0.001797
    charge RMSE [e]          0.055761  0.042395
    LR scale:  1.000000, effective LR:  0.000400
epoch: 426                    train:   valid:
    weighted total loss      0.837611  0.729497
    energy MSE [eV²]         0.267153  0.184601
    force MSE [(eV/Å)²]      0.393167  0.355291
    energy mae [kcal/mol]          12.433767  10.145129
    energy R²                    N/A  0.755244
    forces mae [kcal/mol/Å]        13.001598  12.530725
    forces R²                    N/A  0.897492
    dipole mae [tgt units]   0.360608  0.339766
    dipole R²                    N/A  0.514543
    dipole MSE [tgt²]        0.166889  0.152309
    charge loss [e²]         0.010402  0.037295
    charge RMSE [e]          0.101988  0.193120
    LR scale:  1.000000, effective LR:  0.000400
epoch: 427                    train:   valid:
    weighted total loss      0.811228  0.722302
    energy MSE [eV²]         0.246659  0.219712
    force MSE [(eV/Å)²]      0.391177  0.348928
    energy mae [kcal/mol]          11.791609  9.627895
    energy R²                    N/A  0.703722
    forces mae [kcal/mol/Å]        12.968347  12.336517
    forces R²                    N/A  0.899364
    dipole mae [tgt units]   0.360484  0.341129
    dipole R²                    N/A  0.513129
    dipole MSE [tgt²]        0.167115  0.152235
    charge loss [e²]         0.006277  0.001426
    charge RMSE [e]          0.079230  0.037762
    LR scale:  1.000000, effective LR:  0.000400
epoch: 428                    train:   valid:
    weighted total loss      0.816633  0.808684
    energy MSE [eV²]         0.253388  0.296096
    force MSE [(eV/Å)²]      0.391749  0.354300
    energy mae [kcal/mol]          11.971066  15.696040
    energy R²                    N/A  0.587476
    forces mae [kcal/mol/Å]        12.965920  12.548966
    forces R²                    N/A  0.897780
    dipole mae [tgt units]   0.360183  0.341912
    dipole R²                    N/A  0.512969
    dipole MSE [tgt²]        0.167318  0.152904
    charge loss [e²]         0.004178  0.005384
    charge RMSE [e]          0.064638  0.073377
    LR scale:  1.000000, effective LR:  0.000400
epoch: 429                    train:   valid:
    weighted total loss      0.842435  0.746111
    energy MSE [eV²]         0.268770  0.238113
    force MSE [(eV/Å)²]      0.391977  0.354726
    energy mae [kcal/mol]          12.559896  10.304637
    energy R²                    N/A  0.675609
    forces mae [kcal/mol/Å]        12.970371  12.476239
    forces R²                    N/A  0.897662
    dipole mae [tgt units]   0.359788  0.336852
    dipole R²                    N/A  0.516832
    dipole MSE [tgt²]        0.167054  0.151469
    charge loss [e²]         0.014635  0.001802
    charge RMSE [e]          0.120973  0.042450
    LR scale:  1.000000, effective LR:  0.000400
epoch: 430                    train:   valid:
    weighted total loss      0.799883  0.706223
    energy MSE [eV²]         0.238659  0.203913
    force MSE [(eV/Å)²]      0.390618  0.349516
    energy mae [kcal/mol]          11.611880  11.843532
    energy R²                    N/A  0.724853
    forces mae [kcal/mol/Å]        12.937663  12.386547
    forces R²                    N/A  0.899184
    dipole mae [tgt units]   0.361102  0.338333
    dipole R²                    N/A  0.515725
    dipole MSE [tgt²]        0.167264  0.151828
    charge loss [e²]         0.003343  0.000965
    charge RMSE [e]          0.057818  0.031072
    LR scale:  1.000000, effective LR:  0.000400
epoch: 431                    train:   valid:
    weighted total loss      0.822644  0.683732
    energy MSE [eV²]         0.258300  0.183296
    force MSE [(eV/Å)²]      0.389811  0.346756
    energy mae [kcal/mol]          12.218214  9.894795
    energy R²                    N/A  0.756854
    forces mae [kcal/mol/Å]        12.933676  12.282525
    forces R²                    N/A  0.899998
    dipole mae [tgt units]   0.359598  0.341103
    dipole R²                    N/A  0.513266
    dipole MSE [tgt²]        0.166979  0.152733
    charge loss [e²]         0.007555  0.000948
    charge RMSE [e]          0.086918  0.030787
    LR scale:  1.000000, effective LR:  0.000400
    ✓ Best valid checkpoint: params-best-85fb458c-b63f-4b72-a102-557683f9f11f.json (weighted loss=0.683732, epoch 431)
epoch: 432                    train:   valid:
    weighted total loss      0.817517  0.727180
    energy MSE [eV²]         0.258145  0.212799
    force MSE [(eV/Å)²]      0.389387  0.357856
    energy mae [kcal/mol]          12.121778  12.363900
    energy R²                    N/A  0.709681
    forces mae [kcal/mol/Å]        12.901821  12.615614
    forces R²                    N/A  0.896763
    dipole mae [tgt units]   0.361352  0.344203
    dipole R²                    N/A  0.510727
    dipole MSE [tgt²]        0.167244  0.152865
    charge loss [e²]         0.002741  0.003660
    charge RMSE [e]          0.052358  0.060495
    LR scale:  1.000000, effective LR:  0.000400
epoch: 433                    train:   valid:
    weighted total loss      0.818078  0.698613
    energy MSE [eV²]         0.254072  0.194401
    force MSE [(eV/Å)²]      0.388873  0.348831
    energy mae [kcal/mol]          12.129632  9.336615
    energy R²                    N/A  0.739242
    forces mae [kcal/mol/Å]        12.894930  12.306669
    forces R²                    N/A  0.899409
    dipole mae [tgt units]   0.360507  0.343504
    dipole R²                    N/A  0.511768
    dipole MSE [tgt²]        0.167390  0.152613
    charge loss [e²]         0.007743  0.002768
    charge RMSE [e]          0.087994  0.052613
    LR scale:  1.000000, effective LR:  0.000400
epoch: 434                    train:   valid:
    weighted total loss      0.833927  0.726387
    energy MSE [eV²]         0.267394  0.217827
    force MSE [(eV/Å)²]      0.389965  0.351431
    energy mae [kcal/mol]          12.403598  9.603769
    energy R²                    N/A  0.707069
    forces mae [kcal/mol/Å]        12.910720  12.418729
    forces R²                    N/A  0.898660
    dipole mae [tgt units]   0.359505  0.338056
    dipole R²                    N/A  0.515581
    dipole MSE [tgt²]        0.167022  0.151847
    charge loss [e²]         0.009545  0.005282
    charge RMSE [e]          0.097697  0.072675
    LR scale:  1.000000, effective LR:  0.000400
epoch: 435                    train:   valid:
    weighted total loss      0.812472  0.727281
    energy MSE [eV²]         0.252206  0.223165
    force MSE [(eV/Å)²]      0.388241  0.347281
    energy mae [kcal/mol]          12.018244  12.952670
    energy R²                    N/A  0.696265
    forces mae [kcal/mol/Å]        12.897255  12.288468
    forces R²                    N/A  0.899856
    dipole mae [tgt units]   0.359671  0.338704
    dipole R²                    N/A  0.515463
    dipole MSE [tgt²]        0.167073  0.151932
    charge loss [e²]         0.004952  0.004904
    charge RMSE [e]          0.070370  0.070025
    LR scale:  1.000000, effective LR:  0.000400
epoch: 436                    train:   valid:
    weighted total loss      0.798380  0.692175
    energy MSE [eV²]         0.237924  0.191140
    force MSE [(eV/Å)²]      0.387705  0.347096
    energy mae [kcal/mol]          11.588433  9.445980
    energy R²                    N/A  0.746485
    forces mae [kcal/mol/Å]        12.863338  12.308205
    forces R²                    N/A  0.899894
    dipole mae [tgt units]   0.359944  0.339878
    dipole R²                    N/A  0.513174
    dipole MSE [tgt²]        0.166988  0.152550
    charge loss [e²]         0.005763  0.001389
    charge RMSE [e]          0.075913  0.037272
    LR scale:  1.000000, effective LR:  0.000400
epoch: 437                    train:   valid:
    weighted total loss      0.810872  0.790496
    energy MSE [eV²]         0.247012  0.280872
    force MSE [(eV/Å)²]      0.387028  0.345961
    energy mae [kcal/mol]          11.749151  15.271505
    energy R²                    N/A  0.607996
    forces mae [kcal/mol/Å]        12.855944  12.332798
    forces R²                    N/A  0.900219
    dipole mae [tgt units]   0.361266  0.355796
    dipole R²                    N/A  0.503436
    dipole MSE [tgt²]        0.166755  0.156120
    charge loss [e²]         0.010076  0.007542
    charge RMSE [e]          0.100382  0.086847
    LR scale:  1.000000, effective LR:  0.000400
epoch: 438                    train:   valid:
    weighted total loss      0.844585  0.733085
    energy MSE [eV²]         0.277600  0.192263
    force MSE [(eV/Å)²]      0.389266  0.348249
    energy mae [kcal/mol]          12.913489  11.215636
    energy R²                    N/A  0.741648
    forces mae [kcal/mol/Å]        12.898246  12.285126
    forces R²                    N/A  0.899571
    dipole mae [tgt units]   0.360404  0.345811
    dipole R²                    N/A  0.509179
    dipole MSE [tgt²]        0.167007  0.153190
    charge loss [e²]         0.010712  0.039384
    charge RMSE [e]          0.103500  0.198453
    LR scale:  1.000000, effective LR:  0.000400
epoch: 439                    train:   valid:
    weighted total loss      0.827485  0.690836
    energy MSE [eV²]         0.264603  0.188015
    force MSE [(eV/Å)²]      0.387334  0.348064
    energy mae [kcal/mol]          12.372390  10.779100
    energy R²                    N/A  0.749330
    forces mae [kcal/mol/Å]        12.835395  12.360034
    forces R²                    N/A  0.899616
    dipole mae [tgt units]   0.360205  0.339350
    dipole R²                    N/A  0.515632
    dipole MSE [tgt²]        0.167299  0.152008
    charge loss [e²]         0.008250  0.002749
    charge RMSE [e]          0.090830  0.052428
    LR scale:  1.000000, effective LR:  0.000400
epoch: 440                    train:   valid:
    weighted total loss      0.800547  0.713692
    energy MSE [eV²]         0.243379  0.213624
    force MSE [(eV/Å)²]      0.387089  0.345104
    energy mae [kcal/mol]          11.654421  12.535254
    energy R²                    N/A  0.710032
    forces mae [kcal/mol/Å]        12.837612  12.246499
    forces R²                    N/A  0.900473
    dipole mae [tgt units]   0.359359  0.337730
    dipole R²                    N/A  0.516102
    dipole MSE [tgt²]        0.167033  0.151726
    charge loss [e²]         0.003046  0.003237
    charge RMSE [e]          0.055186  0.056896
    LR scale:  1.000000, effective LR:  0.000400
epoch: 441                    train:   valid:
    weighted total loss      0.805506  0.732026
    energy MSE [eV²]         0.246416  0.229847
    force MSE [(eV/Å)²]      0.386325  0.347265
    energy mae [kcal/mol]          11.741909  9.957463
    energy R²                    N/A  0.688494
    forces mae [kcal/mol/Å]        12.824412  12.366772
    forces R²                    N/A  0.899831
    dipole mae [tgt units]   0.359735  0.343680
    dipole R²                    N/A  0.511810
    dipole MSE [tgt²]        0.166850  0.153236
    charge loss [e²]         0.005915  0.001678
    charge RMSE [e]          0.076909  0.040960
    LR scale:  1.000000, effective LR:  0.000400
epoch: 442                    train:   valid:
    weighted total loss      0.805200  0.695317
    energy MSE [eV²]         0.242347  0.198666
    force MSE [(eV/Å)²]      0.385522  0.342192
    energy mae [kcal/mol]          11.640682  9.293021
    energy R²                    N/A  0.734212
    forces mae [kcal/mol/Å]        12.810420  12.152248
    forces R²                    N/A  0.901327
    dipole mae [tgt units]   0.360640  0.344103
    dipole R²                    N/A  0.511685
    dipole MSE [tgt²]        0.167044  0.153321
    charge loss [e²]         0.010289  0.001139
    charge RMSE [e]          0.101432  0.033744
    LR scale:  1.000000, effective LR:  0.000400
epoch: 443                    train:   valid:
    weighted total loss      0.805760  0.677579
    energy MSE [eV²]         0.247449  0.183561
    force MSE [(eV/Å)²]      0.385580  0.341041
    energy mae [kcal/mol]          11.776262  9.600210
    energy R²                    N/A  0.755973
    forces mae [kcal/mol/Å]        12.806136  12.117823
    forces R²                    N/A  0.901665
    dipole mae [tgt units]   0.361325  0.337305
    dipole R²                    N/A  0.515359
    dipole MSE [tgt²]        0.167110  0.151798
    charge loss [e²]         0.005621  0.001180
    charge RMSE [e]          0.074976  0.034344
    LR scale:  1.000000, effective LR:  0.000400
    ✓ Best valid checkpoint: params-best-85fb458c-b63f-4b72-a102-557683f9f11f.json (weighted loss=0.677579, epoch 443)
epoch: 444                    train:   valid:
    weighted total loss      0.806545  0.693598
    energy MSE [eV²]         0.246233  0.198326
    force MSE [(eV/Å)²]      0.385077  0.342197
    energy mae [kcal/mol]          11.858291  11.699730
    energy R²                    N/A  0.733386
    forces mae [kcal/mol/Å]        12.797681  12.198344
    forces R²                    N/A  0.901318
    dipole mae [tgt units]   0.359333  0.337996
    dipole R²                    N/A  0.515554
    dipole MSE [tgt²]        0.167062  0.151742
    charge loss [e²]         0.008173  0.001333
    charge RMSE [e]          0.090407  0.036517
    LR scale:  1.000000, effective LR:  0.000400
epoch: 445                    train:   valid:
    weighted total loss      0.803822  0.687288
    energy MSE [eV²]         0.244885  0.190720
    force MSE [(eV/Å)²]      0.383795  0.343188
    energy mae [kcal/mol]          11.750753  9.225835
    energy R²                    N/A  0.745776
    forces mae [kcal/mol/Å]        12.748096  12.197634
    forces R²                    N/A  0.901027
    dipole mae [tgt units]   0.360242  0.338932
    dipole R²                    N/A  0.513681
    dipole MSE [tgt²]        0.167372  0.152346
    charge loss [e²]         0.007770  0.001034
    charge RMSE [e]          0.088148  0.032153
    LR scale:  1.000000, effective LR:  0.000400
epoch: 446                    train:   valid:
    weighted total loss      0.806691  0.707654
    energy MSE [eV²]         0.250537  0.205234
    force MSE [(eV/Å)²]      0.382822  0.349861
    energy mae [kcal/mol]          11.955481  9.650494
    energy R²                    N/A  0.721486
    forces mae [kcal/mol/Å]        12.737852  12.418129
    forces R²                    N/A  0.899098
    dipole mae [tgt units]   0.360691  0.337446
    dipole R²                    N/A  0.515822
    dipole MSE [tgt²]        0.166569  0.151675
    charge loss [e²]         0.006764  0.000885
    charge RMSE [e]          0.082246  0.029743
    LR scale:  1.000000, effective LR:  0.000400
epoch: 447                    train:   valid:
    weighted total loss      0.826024  0.754860
    energy MSE [eV²]         0.265201  0.254409
    force MSE [(eV/Å)²]      0.384013  0.345455
    energy mae [kcal/mol]          12.247471  10.581989
    energy R²                    N/A  0.652552
    forces mae [kcal/mol/Å]        12.755228  12.298825
    forces R²                    N/A  0.900384
    dipole mae [tgt units]   0.359544  0.339150
    dipole R²                    N/A  0.515126
    dipole MSE [tgt²]        0.166915  0.151891
    charge loss [e²]         0.009896  0.003105
    charge RMSE [e]          0.099478  0.055723
    LR scale:  1.000000, effective LR:  0.000400
epoch: 448                    train:   valid:
    weighted total loss      0.808534  0.678850
    energy MSE [eV²]         0.251174  0.181278
    force MSE [(eV/Å)²]      0.383003  0.343839
    energy mae [kcal/mol]          11.740175  10.010389
    energy R²                    N/A  0.759754
    forces mae [kcal/mol/Å]        12.746797  12.211784
    forces R²                    N/A  0.900863
    dipole mae [tgt units]   0.359103  0.338075
    dipole R²                    N/A  0.515233
    dipole MSE [tgt²]        0.166895  0.151946
    charge loss [e²]         0.007462  0.001787
    charge RMSE [e]          0.086382  0.042277
    LR scale:  1.000000, effective LR:  0.000400
epoch: 449                    train:   valid:
    weighted total loss      0.820463  0.755544
    energy MSE [eV²]         0.260772  0.260077
    force MSE [(eV/Å)²]      0.384214  0.342405
    energy mae [kcal/mol]          12.272641  14.503012
    energy R²                    N/A  0.638614
    forces mae [kcal/mol/Å]        12.768154  12.140925
    forces R²                    N/A  0.901275
    dipole mae [tgt units]   0.360094  0.338835
    dipole R²                    N/A  0.513938
    dipole MSE [tgt²]        0.166889  0.152087
    charge loss [e²]         0.008588  0.000974
    charge RMSE [e]          0.092671  0.031212
    LR scale:  1.000000, effective LR:  0.000400
epoch: 450                    train:   valid:
    weighted total loss      0.809360  0.687425
    energy MSE [eV²]         0.253552  0.194466
    force MSE [(eV/Å)²]      0.382938  0.339880
    energy mae [kcal/mol]          11.991544  11.465528
    energy R²                    N/A  0.737585
    forces mae [kcal/mol/Å]        12.745088  12.109681
    forces R²                    N/A  0.902004
    dipole mae [tgt units]   0.360280  0.339078
    dipole R²                    N/A  0.515452
    dipole MSE [tgt²]        0.167018  0.152030
    charge loss [e²]         0.005852  0.001049
    charge RMSE [e]          0.076495  0.032393
    LR scale:  1.000000, effective LR:  0.000400
epoch: 451                    train:   valid:
    weighted total loss      0.805556  0.715488
    energy MSE [eV²]         0.252545  0.210487
    force MSE [(eV/Å)²]      0.381281  0.346158
    energy mae [kcal/mol]          12.037182  9.412835
    energy R²                    N/A  0.718759
    forces mae [kcal/mol/Å]        12.704411  12.282581
    forces R²                    N/A  0.900182
    dipole mae [tgt units]   0.358181  0.340208
    dipole R²                    N/A  0.512687
    dipole MSE [tgt²]        0.166724  0.152528
    charge loss [e²]         0.005006  0.006315
    charge RMSE [e]          0.070755  0.079466
    LR scale:  1.000000, effective LR:  0.000400
epoch: 452                    train:   valid:
    weighted total loss      0.797541  0.695265
    energy MSE [eV²]         0.246007  0.187037
    force MSE [(eV/Å)²]      0.380696  0.343931
    energy mae [kcal/mol]          11.802008  10.593618
    energy R²                    N/A  0.749473
    forces mae [kcal/mol/Å]        12.698782  12.205665
    forces R²                    N/A  0.900837
    dipole mae [tgt units]   0.359385  0.346772
    dipole R²                    N/A  0.508994
    dipole MSE [tgt²]        0.166756  0.153271
    charge loss [e²]         0.004083  0.011026
    charge RMSE [e]          0.063894  0.105006
    LR scale:  1.000000, effective LR:  0.000400
epoch: 453                    train:   valid:
    weighted total loss      0.815692  0.715974
    energy MSE [eV²]         0.256557  0.208865
    force MSE [(eV/Å)²]      0.382025  0.350761
    energy mae [kcal/mol]          12.168517  11.732637
    energy R²                    N/A  0.718428
    forces mae [kcal/mol/Å]        12.717624  12.417648
    forces R²                    N/A  0.898852
    dipole mae [tgt units]   0.360565  0.340472
    dipole R²                    N/A  0.513450
    dipole MSE [tgt²]        0.166848  0.152198
    charge loss [e²]         0.010262  0.004150
    charge RMSE [e]          0.101303  0.064419
    LR scale:  1.000000, effective LR:  0.000400
epoch: 454                    train:   valid:
    weighted total loss      0.802613  0.688118
    energy MSE [eV²]         0.250073  0.183076
    force MSE [(eV/Å)²]      0.380441  0.338874
    energy mae [kcal/mol]          11.891938  10.326466
    energy R²                    N/A  0.755773
    forces mae [kcal/mol/Å]        12.673667  12.071362
    forces R²                    N/A  0.902311
    dipole mae [tgt units]   0.358612  0.337542
    dipole R²                    N/A  0.515707
    dipole MSE [tgt²]        0.166662  0.151750
    charge loss [e²]         0.005436  0.014418
    charge RMSE [e]          0.073728  0.120074
    LR scale:  1.000000, effective LR:  0.000400
epoch: 455                    train:   valid:
    weighted total loss      0.808747  0.723890
    energy MSE [eV²]         0.253757  0.227266
    force MSE [(eV/Å)²]      0.380982  0.340907
    energy mae [kcal/mol]          12.035537  9.766461
    energy R²                    N/A  0.695121
    forces mae [kcal/mol/Å]        12.702760  12.207854
    forces R²                    N/A  0.901704
    dipole mae [tgt units]   0.360143  0.349208
    dipole R²                    N/A  0.508159
    dipole MSE [tgt²]        0.167287  0.154501
    charge loss [e²]         0.006720  0.001217
    charge RMSE [e]          0.081977  0.034880
    LR scale:  1.000000, effective LR:  0.000400
epoch: 456                    train:   valid:
    weighted total loss      0.792417  0.678361
    energy MSE [eV²]         0.244159  0.188697
    force MSE [(eV/Å)²]      0.379184  0.336714
    energy mae [kcal/mol]          11.734394  10.964375
    energy R²                    N/A  0.746489
    forces mae [kcal/mol/Å]        12.647738  12.011169
    forces R²                    N/A  0.902929
    dipole mae [tgt units]   0.358414  0.337845
    dipole R²                    N/A  0.514714
    dipole MSE [tgt²]        0.166685  0.152031
    charge loss [e²]         0.002388  0.000920
    charge RMSE [e]          0.048872  0.030328
    LR scale:  1.000000, effective LR:  0.000400
epoch: 457                    train:   valid:
    weighted total loss      0.818247  0.744741
    energy MSE [eV²]         0.257098  0.251109
    force MSE [(eV/Å)²]      0.381028  0.339355
    energy mae [kcal/mol]          12.197777  14.232582
    energy R²                    N/A  0.651622
    forces mae [kcal/mol/Å]        12.686028  12.158655
    forces R²                    N/A  0.902138
    dipole mae [tgt units]   0.359052  0.340666
    dipole R²                    N/A  0.512910
    dipole MSE [tgt²]        0.166902  0.152771
    charge loss [e²]         0.013221  0.001506
    charge RMSE [e]          0.114981  0.038804
    LR scale:  1.000000, effective LR:  0.000400
epoch: 458                    train:   valid:
    weighted total loss      0.805745  0.688843
    energy MSE [eV²]         0.253364  0.198427
    force MSE [(eV/Å)²]      0.379355  0.337684
    energy mae [kcal/mol]          12.013628  9.274425
    energy R²                    N/A  0.735034
    forces mae [kcal/mol/Å]        12.637800  12.014668
    forces R²                    N/A  0.902660
    dipole mae [tgt units]   0.358567  0.337424
    dipole R²                    N/A  0.515404
    dipole MSE [tgt²]        0.166682  0.151815
    charge loss [e²]         0.006344  0.000917
    charge RMSE [e]          0.079648  0.030283
    LR scale:  1.000000, effective LR:  0.000400
epoch: 459                    train:   valid:
    weighted total loss      0.802173  0.689017
    energy MSE [eV²]         0.249521  0.192162
    force MSE [(eV/Å)²]      0.378633  0.342357
    energy mae [kcal/mol]          11.876573  11.248608
    energy R²                    N/A  0.742243
    forces mae [kcal/mol/Å]        12.625294  12.261569
    forces R²                    N/A  0.901264
    dipole mae [tgt units]   0.358509  0.343883
    dipole R²                    N/A  0.511740
    dipole MSE [tgt²]        0.166855  0.153315
    charge loss [e²]         0.007165  0.001183
    charge RMSE [e]          0.084645  0.034398
    LR scale:  1.000000, effective LR:  0.000400
epoch: 460                    train:   valid:
    weighted total loss      0.801495  0.713431
    energy MSE [eV²]         0.249287  0.222099
    force MSE [(eV/Å)²]      0.378634  0.338305
    energy mae [kcal/mol]          11.822042  12.979105
    energy R²                    N/A  0.695278
    forces mae [kcal/mol/Å]        12.630147  12.078229
    forces R²                    N/A  0.902452
    dipole mae [tgt units]   0.359895  0.337961
    dipole R²                    N/A  0.514648
    dipole MSE [tgt²]        0.166663  0.152051
    charge loss [e²]         0.006911  0.000977
    charge RMSE [e]          0.083130  0.031252
    LR scale:  1.000000, effective LR:  0.000400
epoch: 461                    train:   valid:
    weighted total loss      0.809774  0.693970
    energy MSE [eV²]         0.254700  0.199525
    force MSE [(eV/Å)²]      0.378320  0.340036
    energy mae [kcal/mol]          12.172304  11.762953
    energy R²                    N/A  0.731294
    forces mae [kcal/mol/Å]        12.618443  12.169722
    forces R²                    N/A  0.901957
    dipole mae [tgt units]   0.359290  0.337978
    dipole R²                    N/A  0.514323
    dipole MSE [tgt²]        0.166649  0.152162
    charge loss [e²]         0.010105  0.002246
    charge RMSE [e]          0.100526  0.047393
    LR scale:  1.000000, effective LR:  0.000400
epoch: 462                    train:   valid:
    weighted total loss      0.794020  0.697989
    energy MSE [eV²]         0.245328  0.194390
    force MSE [(eV/Å)²]      0.377402  0.341287
    energy mae [kcal/mol]          11.803986  11.255799
    energy R²                    N/A  0.736562
    forces mae [kcal/mol/Å]        12.611568  12.198971
    forces R²                    N/A  0.901571
    dipole mae [tgt units]   0.359336  0.344508
    dipole R²                    N/A  0.512152
    dipole MSE [tgt²]        0.166462  0.153256
    charge loss [e²]         0.004830  0.009056
    charge RMSE [e]          0.069496  0.095164
    LR scale:  1.000000, effective LR:  0.000400
epoch: 463                    train:   valid:
    weighted total loss      0.795620  0.704792
    energy MSE [eV²]         0.244150  0.217115
    force MSE [(eV/Å)²]      0.376332  0.334895
    energy mae [kcal/mol]          11.736029  9.494986
    energy R²                    N/A  0.709288
    forces mae [kcal/mol/Å]        12.568179  11.974066
    forces R²                    N/A  0.903470
    dipole mae [tgt units]   0.358449  0.337627
    dipole R²                    N/A  0.516015
    dipole MSE [tgt²]        0.166867  0.151629
    charge loss [e²]         0.008271  0.001153
    charge RMSE [e]          0.090948  0.033949
    LR scale:  1.000000, effective LR:  0.000400
epoch: 464                    train:   valid:
    weighted total loss      0.794286  0.682102
    energy MSE [eV²]         0.247298  0.193413
    force MSE [(eV/Å)²]      0.376841  0.334713
    energy mae [kcal/mol]          11.816049  11.383681
    energy R²                    N/A  0.738799
    forces mae [kcal/mol/Å]        12.586687  11.940221
    forces R²                    N/A  0.903509
    dipole mae [tgt units]   0.358166  0.341995
    dipole R²                    N/A  0.512461
    dipole MSE [tgt²]        0.166751  0.153017
    charge loss [e²]         0.003397  0.000959
    charge RMSE [e]          0.058287  0.030969
    LR scale:  1.000000, effective LR:  0.000400
epoch: 465                    train:   valid:
    weighted total loss      0.794251  0.828045
    energy MSE [eV²]         0.247668  0.339514
    force MSE [(eV/Å)²]      0.375605  0.335309
    energy mae [kcal/mol]          11.847231  17.190533
    energy R²                    N/A  0.521122
    forces mae [kcal/mol/Å]        12.537807  11.976322
    forces R²                    N/A  0.903362
    dipole mae [tgt units]   0.360171  0.337300
    dipole R²                    N/A  0.515276
    dipole MSE [tgt²]        0.166988  0.151739
    charge loss [e²]         0.003991  0.001484
    charge RMSE [e]          0.063175  0.038516
    LR scale:  1.000000, effective LR:  0.000400
epoch: 466                    train:   valid:
    weighted total loss      0.816147  0.683935
    energy MSE [eV²]         0.259264  0.194179
    force MSE [(eV/Å)²]      0.377670  0.335034
    energy mae [kcal/mol]          12.221492  11.512061
    energy R²                    N/A  0.737976
    forces mae [kcal/mol/Å]        12.598125  11.999967
    forces R²                    N/A  0.903409
    dipole mae [tgt units]   0.359226  0.345610
    dipole R²                    N/A  0.510473
    dipole MSE [tgt²]        0.167117  0.153717
    charge loss [e²]         0.012097  0.001005
    charge RMSE [e]          0.109985  0.031699
    LR scale:  1.000000, effective LR:  0.000400
epoch: 467                    train:   valid:
    weighted total loss      0.798063  0.674259
    energy MSE [eV²]         0.249976  0.183804
    force MSE [(eV/Å)²]      0.376339  0.337605
    energy mae [kcal/mol]          11.858635  9.430511
    energy R²                    N/A  0.754899
    forces mae [kcal/mol/Å]        12.573056  11.981656
    forces R²                    N/A  0.902677
    dipole mae [tgt units]   0.360272  0.339215
    dipole R²                    N/A  0.514811
    dipole MSE [tgt²]        0.166731  0.151852
    charge loss [e²]         0.005017  0.000998
    charge RMSE [e]          0.070832  0.031585
    LR scale:  1.000000, effective LR:  0.000400
    ✓ Best valid checkpoint: params-best-85fb458c-b63f-4b72-a102-557683f9f11f.json (weighted loss=0.674259, epoch 467)
epoch: 468                    train:   valid:
    weighted total loss      0.803712  0.676890
    energy MSE [eV²]         0.254403  0.182027
    force MSE [(eV/Å)²]      0.375380  0.338826
    energy mae [kcal/mol]          12.122671  9.542420
    energy R²                    N/A  0.757964
    forces mae [kcal/mol/Å]        12.531106  12.096409
    forces R²                    N/A  0.902318
    dipole mae [tgt units]   0.358066  0.339745
    dipole R²                    N/A  0.513139
    dipole MSE [tgt²]        0.166639  0.152389
    charge loss [e²]         0.007289  0.003649
    charge RMSE [e]          0.085376  0.060406
    LR scale:  1.000000, effective LR:  0.000400
epoch: 469                    train:   valid:
    weighted total loss      0.802166  0.701514
    energy MSE [eV²]         0.253108  0.211892
    force MSE [(eV/Å)²]      0.375217  0.334818
    energy mae [kcal/mol]          12.100773  9.303792
    energy R²                    N/A  0.715916
    forces mae [kcal/mol/Å]        12.553647  11.954597
    forces R²                    N/A  0.903500
    dipole mae [tgt units]   0.359956  0.338596
    dipole R²                    N/A  0.513367
    dipole MSE [tgt²]        0.166598  0.152441
    charge loss [e²]         0.007242  0.002362
    charge RMSE [e]          0.085097  0.048603
    LR scale:  1.000000, effective LR:  0.000400
epoch: 470                    train:   valid:
    weighted total loss      0.790211  0.667921
    energy MSE [eV²]         0.240624  0.182507
    force MSE [(eV/Å)²]      0.374772  0.332256
    energy mae [kcal/mol]          11.669468  9.536426
    energy R²                    N/A  0.757810
    forces mae [kcal/mol/Å]        12.538527  11.898323
    forces R²                    N/A  0.904224
    dipole mae [tgt units]   0.358114  0.338953
    dipole R²                    N/A  0.514995
    dipole MSE [tgt²]        0.166405  0.152130
    charge loss [e²]         0.008409  0.001027
    charge RMSE [e]          0.091701  0.032053
    LR scale:  1.000000, effective LR:  0.000400
    ✓ Best valid checkpoint: params-best-85fb458c-b63f-4b72-a102-557683f9f11f.json (weighted loss=0.667921, epoch 470)
epoch: 471                    train:   valid:
    weighted total loss      0.809964  0.686357
    energy MSE [eV²]         0.260385  0.197511
    force MSE [(eV/Å)²]      0.374718  0.333613
    energy mae [kcal/mol]          12.206991  9.191595
    energy R²                    N/A  0.735451
    forces mae [kcal/mol/Å]        12.517348  11.928449
    forces R²                    N/A  0.903839
    dipole mae [tgt units]   0.359948  0.345738
    dipole R²                    N/A  0.509886
    dipole MSE [tgt²]        0.166716  0.153882
    charge loss [e²]         0.008145  0.001351
    charge RMSE [e]          0.090250  0.036761
    LR scale:  1.000000, effective LR:  0.000400
epoch: 472                    train:   valid:
    weighted total loss      0.786619  0.672723
    energy MSE [eV²]         0.240926  0.187231
    force MSE [(eV/Å)²]      0.374963  0.332530
    energy mae [kcal/mol]          11.592173  10.742161
    energy R²                    N/A  0.749761
    forces mae [kcal/mol/Å]        12.510635  11.921357
    forces R²                    N/A  0.904158
    dipole mae [tgt units]   0.358959  0.338111
    dipole R²                    N/A  0.514492
    dipole MSE [tgt²]        0.166797  0.152009
    charge loss [e²]         0.003933  0.000952
    charge RMSE [e]          0.062712  0.030853
    LR scale:  1.000000, effective LR:  0.000400
epoch: 473                    train:   valid:
    weighted total loss      0.806049  0.691886
    energy MSE [eV²]         0.255782  0.207052
    force MSE [(eV/Å)²]      0.374404  0.331108
    energy mae [kcal/mol]          12.133319  12.338964
    energy R²                    N/A  0.719259
    forces mae [kcal/mol/Å]        12.523876  11.871361
    forces R²                    N/A  0.904570
    dipole mae [tgt units]   0.359582  0.337874
    dipole R²                    N/A  0.514561
    dipole MSE [tgt²]        0.166763  0.152098
    charge loss [e²]         0.009100  0.001628
    charge RMSE [e]          0.095394  0.040349
    LR scale:  1.000000, effective LR:  0.000400
epoch: 474                    train:   valid:
    weighted total loss      0.807622  0.676278
    energy MSE [eV²]         0.260998  0.180096
    force MSE [(eV/Å)²]      0.374463  0.338667
    energy mae [kcal/mol]          12.305350  9.538279
    energy R²                    N/A  0.759752
    forces mae [kcal/mol/Å]        12.532105  12.085175
    forces R²                    N/A  0.902343
    dipole mae [tgt units]   0.360579  0.341356
    dipole R²                    N/A  0.512245
    dipole MSE [tgt²]        0.166862  0.153036
    charge loss [e²]         0.005299  0.004480
    charge RMSE [e]          0.072795  0.066931
    LR scale:  1.000000, effective LR:  0.000400
epoch: 475                    train:   valid:
    weighted total loss      0.776689  0.688412
    energy MSE [eV²]         0.231787  0.193522
    force MSE [(eV/Å)²]      0.373000  0.336435
    energy mae [kcal/mol]          11.401184  9.447971
    energy R²                    N/A  0.744212
    forces mae [kcal/mol/Å]        12.483356  11.992640
    forces R²                    N/A  0.903038
    dipole mae [tgt units]   0.359955  0.337686
    dipole R²                    N/A  0.514606
    dipole MSE [tgt²]        0.166928  0.151962
    charge loss [e²]         0.004974  0.006492
    charge RMSE [e]          0.070527  0.080573
    LR scale:  1.000000, effective LR:  0.000400
epoch: 476                    train:   valid:
    weighted total loss      0.784191  0.677471
    energy MSE [eV²]         0.237675  0.193590
    force MSE [(eV/Å)²]      0.372883  0.329946
    energy mae [kcal/mol]          11.574614  11.466688
    energy R²                    N/A  0.738434
    forces mae [kcal/mol/Å]        12.459132  11.835349
    forces R²                    N/A  0.904901
    dipole mae [tgt units]   0.359502  0.338257
    dipole R²                    N/A  0.513879
    dipole MSE [tgt²]        0.166861  0.152296
    charge loss [e²]         0.006774  0.001639
    charge RMSE [e]          0.082302  0.040489
    LR scale:  1.000000, effective LR:  0.000400
epoch: 477                    train:   valid:
    weighted total loss      0.800202  0.729308
    energy MSE [eV²]         0.254532  0.240347
    force MSE [(eV/Å)²]      0.372602  0.333955
    energy mae [kcal/mol]          12.089460  13.800852
    energy R²                    N/A  0.666101
    forces mae [kcal/mol/Å]        12.471894  11.934153
    forces R²                    N/A  0.903741
    dipole mae [tgt units]   0.360369  0.347431
    dipole R²                    N/A  0.510120
    dipole MSE [tgt²]        0.166792  0.153904
    charge loss [e²]         0.006276  0.001103
    charge RMSE [e]          0.079220  0.033206
    LR scale:  1.000000, effective LR:  0.000400
epoch: 478                    train:   valid:
    weighted total loss      0.804276  0.672268
    energy MSE [eV²]         0.253258  0.188664
    force MSE [(eV/Å)²]      0.372629  0.330692
    energy mae [kcal/mol]          12.024491  9.540684
    energy R²                    N/A  0.750926
    forces mae [kcal/mol/Å]        12.465009  11.857280
    forces R²                    N/A  0.904693
    dipole mae [tgt units]   0.360829  0.338120
    dipole R²                    N/A  0.514834
    dipole MSE [tgt²]        0.166653  0.151985
    charge loss [e²]         0.011736  0.000926
    charge RMSE [e]          0.108335  0.030438
    LR scale:  1.000000, effective LR:  0.000400
epoch: 479                    train:   valid:
    weighted total loss      0.768455  0.667031
    energy MSE [eV²]         0.228005  0.184670
    force MSE [(eV/Å)²]      0.370858  0.328360
    energy mae [kcal/mol]          11.203939  9.290843
    energy R²                    N/A  0.755093
    forces mae [kcal/mol/Å]        12.421932  11.764003
    forces R²                    N/A  0.905385
    dipole mae [tgt units]   0.360380  0.339241
    dipole R²                    N/A  0.512927
    dipole MSE [tgt²]        0.166452  0.152298
    charge loss [e²]         0.003140  0.001703
    charge RMSE [e]          0.056032  0.041263
    LR scale:  1.000000, effective LR:  0.000400
    ✓ Best valid checkpoint: params-best-85fb458c-b63f-4b72-a102-557683f9f11f.json (weighted loss=0.667031, epoch 479)
epoch: 480                    train:   valid:
    weighted total loss      0.788708  0.710669
    energy MSE [eV²]         0.246862  0.225825
    force MSE [(eV/Å)²]      0.369465  0.329721
    energy mae [kcal/mol]          11.785047  13.222857
    energy R²                    N/A  0.689582
    forces mae [kcal/mol/Å]        12.417432  11.877752
    forces R²                    N/A  0.904964
    dipole mae [tgt units]   0.358419  0.346008
    dipole R²                    N/A  0.508522
    dipole MSE [tgt²]        0.166362  0.154179
    charge loss [e²]         0.006018  0.000943
    charge RMSE [e]          0.077578  0.030716
    LR scale:  1.000000, effective LR:  0.000400
epoch: 481                    train:   valid:
    weighted total loss      0.787625  0.741021
    energy MSE [eV²]         0.240420  0.256404
    force MSE [(eV/Å)²]      0.371253  0.331633
    energy mae [kcal/mol]          11.652372  14.399747
    energy R²                    N/A  0.645218
    forces mae [kcal/mol/Å]        12.431103  11.843812
    forces R²                    N/A  0.904429
    dipole mae [tgt units]   0.360240  0.338886
    dipole R²                    N/A  0.514008
    dipole MSE [tgt²]        0.166809  0.152109
    charge loss [e²]         0.009143  0.000875
    charge RMSE [e]          0.095617  0.029581
    LR scale:  1.000000, effective LR:  0.000400
epoch: 482                    train:   valid:
    weighted total loss      0.806102  0.684019
    energy MSE [eV²]         0.260768  0.195999
    force MSE [(eV/Å)²]      0.370725  0.332183
    energy mae [kcal/mol]          12.222130  9.270719
    energy R²                    N/A  0.740135
    forces mae [kcal/mol/Å]        12.409046  11.936050
    forces R²                    N/A  0.904267
    dipole mae [tgt units]   0.359874  0.346626
    dipole R²                    N/A  0.509126
    dipole MSE [tgt²]        0.166761  0.154157
    charge loss [e²]         0.007849  0.001680
    charge RMSE [e]          0.088593  0.040988
    LR scale:  1.000000, effective LR:  0.000400
epoch: 483                    train:   valid:
    weighted total loss      0.795818  0.677918
    energy MSE [eV²]         0.250224  0.195051
    force MSE [(eV/Å)²]      0.370161  0.330156
    energy mae [kcal/mol]          12.033499  11.495612
    energy R²                    N/A  0.734919
    forces mae [kcal/mol/Å]        12.407800  11.825742
    forces R²                    N/A  0.904852
    dipole mae [tgt units]   0.358737  0.336850
    dipole R²                    N/A  0.515678
    dipole MSE [tgt²]        0.166336  0.151825
    charge loss [e²]         0.009097  0.000885
    charge RMSE [e]          0.095378  0.029755
    LR scale:  1.000000, effective LR:  0.000400
epoch: 484                    train:   valid:
    weighted total loss      0.794623  0.663142
    energy MSE [eV²]         0.253120  0.181451
    force MSE [(eV/Å)²]      0.369908  0.328980
    energy mae [kcal/mol]          12.037325  10.290851
    energy R²                    N/A  0.756484
    forces mae [kcal/mol/Å]        12.395581  11.784322
    forces R²                    N/A  0.905192
    dipole mae [tgt units]   0.358514  0.338499
    dipole R²                    N/A  0.515243
    dipole MSE [tgt²]        0.166509  0.151849
    charge loss [e²]         0.005086  0.000861
    charge RMSE [e]          0.071313  0.029348
    LR scale:  1.000000, effective LR:  0.000400
    ✓ Best valid checkpoint: params-best-85fb458c-b63f-4b72-a102-557683f9f11f.json (weighted loss=0.663142, epoch 484)
epoch: 485                    train:   valid:
    weighted total loss      0.789001  0.679611
    energy MSE [eV²]         0.243295  0.192233
    force MSE [(eV/Å)²]      0.369214  0.331880
    energy mae [kcal/mol]          11.815191  9.357048
    energy R²                    N/A  0.744573
    forces mae [kcal/mol/Å]        12.370699  11.892471
    forces R²                    N/A  0.904369
    dipole mae [tgt units]   0.357929  0.337573
    dipole R²                    N/A  0.514318
    dipole MSE [tgt²]        0.165827  0.152046
    charge loss [e²]         0.010665  0.003452
    charge RMSE [e]          0.103272  0.058755
    LR scale:  1.000000, effective LR:  0.000400
epoch: 486                    train:   valid:
    weighted total loss      0.797272  0.662574
    energy MSE [eV²]         0.254654  0.181055
    force MSE [(eV/Å)²]      0.370033  0.328781
    energy mae [kcal/mol]          12.081722  9.672571
    energy R²                    N/A  0.761687
    forces mae [kcal/mol/Å]        12.402842  11.765109
    forces R²                    N/A  0.905277
    dipole mae [tgt units]   0.360582  0.338484
    dipole R²                    N/A  0.515518
    dipole MSE [tgt²]        0.166600  0.151809
    charge loss [e²]         0.005984  0.000929
    charge RMSE [e]          0.077357  0.030484
    LR scale:  1.000000, effective LR:  0.000400
    ✓ Best valid checkpoint: params-best-85fb458c-b63f-4b72-a102-557683f9f11f.json (weighted loss=0.662574, epoch 486)
epoch: 487                    train:   valid:
    weighted total loss      0.784119  0.668638
    energy MSE [eV²]         0.241355  0.186294
    force MSE [(eV/Å)²]      0.369012  0.329374
    energy mae [kcal/mol]          11.679394  9.654366
    energy R²                    N/A  0.753369
    forces mae [kcal/mol/Å]        12.384308  11.777731
    forces R²                    N/A  0.905100
    dipole mae [tgt units]   0.359302  0.337952
    dipole R²                    N/A  0.513836
    dipole MSE [tgt²]        0.166572  0.152138
    charge loss [e²]         0.007181  0.000833
    charge RMSE [e]          0.084738  0.028867
    LR scale:  1.000000, effective LR:  0.000400
epoch: 488                    train:   valid:
    weighted total loss      0.785247  0.756590
    energy MSE [eV²]         0.243283  0.274861
    force MSE [(eV/Å)²]      0.367847  0.328127
    energy mae [kcal/mol]          11.674645  15.137335
    energy R²                    N/A  0.615326
    forces mae [kcal/mol/Å]        12.344230  11.741882
    forces R²                    N/A  0.905444
    dipole mae [tgt units]   0.360091  0.336350
    dipole R²                    N/A  0.515469
    dipole MSE [tgt²]        0.166296  0.151718
    charge loss [e²]         0.007822  0.001884
    charge RMSE [e]          0.088439  0.043410
    LR scale:  1.000000, effective LR:  0.000400
epoch: 489                    train:   valid:
    weighted total loss      0.794986  0.667336
    energy MSE [eV²]         0.251407  0.187305
    force MSE [(eV/Å)²]      0.368932  0.326622
    energy mae [kcal/mol]          12.028214  9.219170
    energy R²                    N/A  0.750744
    forces mae [kcal/mol/Å]        12.371516  11.710155
    forces R²                    N/A  0.905895
    dipole mae [tgt units]   0.357890  0.339819
    dipole R²                    N/A  0.513173
    dipole MSE [tgt²]        0.166509  0.152582
    charge loss [e²]         0.008138  0.000827
    charge RMSE [e]          0.090209  0.028756
    LR scale:  1.000000, effective LR:  0.000400
epoch: 490                    train:   valid:
    weighted total loss      0.785447  0.672146
    energy MSE [eV²]         0.243763  0.181052
    force MSE [(eV/Å)²]      0.368217  0.337279
    energy mae [kcal/mol]          11.752802  10.195580
    energy R²                    N/A  0.758303
    forces mae [kcal/mol/Å]        12.345716  12.208001
    forces R²                    N/A  0.902731
    dipole mae [tgt units]   0.359800  0.342249
    dipole R²                    N/A  0.512887
    dipole MSE [tgt²]        0.166722  0.152936
    charge loss [e²]         0.006744  0.000879
    charge RMSE [e]          0.082124  0.029647
    LR scale:  1.000000, effective LR:  0.000400
epoch: 491                    train:   valid:
    weighted total loss      0.783026  0.665047
    energy MSE [eV²]         0.240776  0.182975
    force MSE [(eV/Å)²]      0.368359  0.325484
    energy mae [kcal/mol]          11.750154  10.632563
    energy R²                    N/A  0.755987
    forces mae [kcal/mol/Å]        12.362695  11.710362
    forces R²                    N/A  0.906210
    dipole mae [tgt units]   0.359315  0.336643
    dipole R²                    N/A  0.515848
    dipole MSE [tgt²]        0.166588  0.151758
    charge loss [e²]         0.007303  0.004830
    charge RMSE [e]          0.085456  0.069496
    LR scale:  1.000000, effective LR:  0.000400
epoch: 492                    train:   valid:
    weighted total loss      0.793280  0.686145
    energy MSE [eV²]         0.246805  0.185102
    force MSE [(eV/Å)²]      0.368011  0.336157
    energy mae [kcal/mol]          11.833913  10.424848
    energy R²                    N/A  0.752010
    forces mae [kcal/mol/Å]        12.322211  12.068248
    forces R²                    N/A  0.903084
    dipole mae [tgt units]   0.356545  0.339382
    dipole R²                    N/A  0.514796
    dipole MSE [tgt²]        0.166168  0.152264
    charge loss [e²]         0.012295  0.012621
    charge RMSE [e]          0.110883  0.112344
    LR scale:  1.000000, effective LR:  0.000400
epoch: 493                    train:   valid:
    weighted total loss      0.791267  0.701034
    energy MSE [eV²]         0.250592  0.220390
    force MSE [(eV/Å)²]      0.367617  0.326513
    energy mae [kcal/mol]          12.019178  12.932065
    energy R²                    N/A  0.698123
    forces mae [kcal/mol/Å]        12.314643  11.713167
    forces R²                    N/A  0.905927
    dipole mae [tgt units]   0.358997  0.337095
    dipole R²                    N/A  0.514700
    dipole MSE [tgt²]        0.166508  0.152111
    charge loss [e²]         0.006550  0.002020
    charge RMSE [e]          0.080932  0.044948
    LR scale:  1.000000, effective LR:  0.000400
epoch: 494                    train:   valid:
    weighted total loss      0.787226  0.659044
    energy MSE [eV²]         0.248803  0.182747
    force MSE [(eV/Å)²]      0.367044  0.323598
    energy mae [kcal/mol]          11.781701  10.214098
    energy R²                    N/A  0.756435
    forces mae [kcal/mol/Å]        12.305989  11.628136
    forces R²                    N/A  0.906780
    dipole mae [tgt units]   0.357323  0.337336
    dipole R²                    N/A  0.515182
    dipole MSE [tgt²]        0.166161  0.151824
    charge loss [e²]         0.005218  0.000876
    charge RMSE [e]          0.072238  0.029591
    LR scale:  1.000000, effective LR:  0.000400
    ✓ Best valid checkpoint: params-best-85fb458c-b63f-4b72-a102-557683f9f11f.json (weighted loss=0.659044, epoch 494)
epoch: 495                    train:   valid:
    weighted total loss      0.793068  0.660212
    energy MSE [eV²]         0.250380  0.181259
    force MSE [(eV/Å)²]      0.367142  0.325789
    energy mae [kcal/mol]          11.942852  10.241134
    energy R²                    N/A  0.758041
    forces mae [kcal/mol/Å]        12.313536  11.761755
    forces R²                    N/A  0.906109
    dipole mae [tgt units]   0.358593  0.338082
    dipole R²                    N/A  0.514148
    dipole MSE [tgt²]        0.166616  0.152323
    charge loss [e²]         0.008931  0.000841
    charge RMSE [e]          0.094502  0.029008
    LR scale:  1.000000, effective LR:  0.000400
epoch: 496                    train:   valid:
    weighted total loss      0.779550  0.688594
    energy MSE [eV²]         0.242506  0.205300
    force MSE [(eV/Å)²]      0.365032  0.326438
    energy mae [kcal/mol]          11.636445  9.139729
    energy R²                    N/A  0.724596
    forces mae [kcal/mol/Å]        12.244762  11.679081
    forces R²                    N/A  0.905948
    dipole mae [tgt units]   0.359813  0.338793
    dipole R²                    N/A  0.514088
    dipole MSE [tgt²]        0.166217  0.152074
    charge loss [e²]         0.005796  0.004781
    charge RMSE [e]          0.076131  0.069148
    LR scale:  1.000000, effective LR:  0.000400
epoch: 497                    train:   valid:
    weighted total loss      0.789091  0.751611
    energy MSE [eV²]         0.249694  0.201539
    force MSE [(eV/Å)²]      0.365774  0.327547
    energy mae [kcal/mol]          11.921909  12.013288
    energy R²                    N/A  0.727613
    forces mae [kcal/mol/Å]        12.284037  11.734046
    forces R²                    N/A  0.905628
    dipole mae [tgt units]   0.358818  0.337176
    dipole R²                    N/A  0.514773
    dipole MSE [tgt²]        0.166497  0.151875
    charge loss [e²]         0.007124  0.070650
    charge RMSE [e]          0.084405  0.265801
    LR scale:  1.000000, effective LR:  0.000400
epoch: 498                    train:   valid:
    weighted total loss      0.795927  0.666495
    energy MSE [eV²]         0.254862  0.188378
    force MSE [(eV/Å)²]      0.365447  0.325095
    energy mae [kcal/mol]          12.025323  9.149123
    energy R²                    N/A  0.749245
    forces mae [kcal/mol/Å]        12.296096  11.686466
    forces R²                    N/A  0.906327
    dipole mae [tgt units]   0.358637  0.337695
    dipole R²                    N/A  0.514681
    dipole MSE [tgt²]        0.166479  0.152142
    charge loss [e²]         0.009139  0.000880
    charge RMSE [e]          0.095598  0.029659
    LR scale:  1.000000, effective LR:  0.000400
epoch: 499                    train:   valid:
    weighted total loss      0.783662  0.705633
    energy MSE [eV²]         0.246322  0.217148
    force MSE [(eV/Å)²]      0.365563  0.330208
    energy mae [kcal/mol]          11.831790  12.760386
    energy R²                    N/A  0.700267
    forces mae [kcal/mol/Å]        12.271816  11.805084
    forces R²                    N/A  0.904829
    dipole mae [tgt units]   0.357413  0.337394
    dipole R²                    N/A  0.515599
    dipole MSE [tgt²]        0.166093  0.151870
    charge loss [e²]         0.005683  0.006407
    charge RMSE [e]          0.075389  0.080041
    LR scale:  1.000000, effective LR:  0.000400
epoch: 500                    train:   valid:
    weighted total loss      0.771453  0.698546
    energy MSE [eV²]         0.234914  0.217907
    force MSE [(eV/Å)²]      0.365835  0.326934
    energy mae [kcal/mol]          11.338641  9.510767
    energy R²                    N/A  0.709571
    forces mae [kcal/mol/Å]        12.265553  11.755444
    forces R²                    N/A  0.905821
    dipole mae [tgt units]   0.360054  0.339331
    dipole R²                    N/A  0.513504
    dipole MSE [tgt²]        0.166761  0.152518
    charge loss [e²]         0.003942  0.001187
    charge RMSE [e]          0.062789  0.034454
    LR scale:  1.000000, effective LR:  0.000400

✓ Model config saved to /mmhome/boittier/home/ckpts/dipetidePert_ef2_ptT_run0/config-85fb458c-b63f-4b72-a102-557683f9f11f.json
✓ Parameters saved to /mmhome/boittier/home/ckpts/dipetidePert_ef2_ptT_run0/params-85fb458c-b63f-4b72-a102-557683f9f11f.json
✓ Round-trip check: 24 leaves, max diff = 0.00e+00
✓ Created symlinks in /mmhome/boittier/home/ckpts/dipetidePert_ef2_ptT_run0: params.json, config.json, params-best.json, best-valid.json

============================================================
Training complete!
UUID: 85fb458c-b63f-4b72-a102-557683f9f11f
Config: /mmhome/boittier/home/ckpts/dipetidePert_ef2_ptT_run0/config-85fb458c-b63f-4b72-a102-557683f9f11f.json
Params: /mmhome/boittier/home/ckpts/dipetidePert_ef2_ptT_run0/params-85fb458c-b63f-4b72-a102-557683f9f11f.json
============================================================
