{
  "mae": 0.005482506472617388,
  "rmse": 0.00875625666230917,
  "r2": -0.058385610580444336,
  "mean_error": -0.0021417238749563694,
  "std_error": 0.008490292355418205,
  "max_abs_error": 0.0583343505859375,
  "mae_kcal_mol": 0.1264285147190094,
  "rmse_kcal_mol": 0.20192234218120575,
  "mean_error_kcal_mol": -0.04938890412449837,
  "std_error_kcal_mol": 0.19578911364078522,
  "max_abs_error_kcal_mol": 1.3452105522155762,
  "mae_overall": 0.11059519648551941,
  "rmse_overall": 0.15893854200839996,
  "r2_overall": 0.9991503953933716,
  "r_overall": 0.9995856732176798,
  "mae_x": 0.12312071025371552,
  "mae_y": 0.15129807591438293,
  "mae_z": 0.057366788387298584,
  "r2_x": 0.9994210004806519,
  "r2_y": 0.9993041157722473,
  "r2_z": 0.9986421465873718,
  "mae_components": [
    0.03135651350021362,
    0.03772890567779541,
    0.053439848124980927
  ],
  "mae_magnitude": 0.2340007722377777,
  "rmse_magnitude": 0.2752896249294281,
  "r2_magnitude": 0.9979950785636902,
  "mae_overall_kcal_mol_ang": 0.9418251514434814,
  "rmse_overall_kcal_mol_ang": 1.7056238651275635,
  "mae_x_kcal_mol_ang": 0.7230921983718872,
  "mae_y_kcal_mol_ang": 0.8700417876243591,
  "mae_z_kcal_mol_ang": 1.2323416471481323,
  "mae_magnitude_kcal_mol_ang": 1.2957675457000732,
  "rmse_magnitude_kcal_mol_ang": 2.391037702560425,
  "r": NaN,
  "mae_overall_debye": 0.11059519648551941,
  "rmse_overall_debye": 0.15893854200839996,
  "mae_x_debye": 0.12312071025371552,
  "mae_y_debye": 0.15129807591438293,
  "mae_z_debye": 0.057366788387298584,
  "mae_magnitude_debye": 0.2340007722377777,
  "rmse_magnitude_debye": 0.2752896249294281
}