{
  "mae": 0.04432135075330734,
  "rmse": 0.06239679828286171,
  "r2": 0.999647855758667,
  "mean_error": 0.0015781121328473091,
  "std_error": 0.06237683817744255,
  "max_abs_error": 0.30716514587402344,
  "mae_kcal_mol": 1.0220658779144287,
  "rmse_kcal_mol": 1.4388920068740845,
  "mean_error_kcal_mol": 0.03639181703329086,
  "std_error_kcal_mol": 1.438431739807129,
  "max_abs_error_kcal_mol": 7.083335876464844,
  "mae_overall": 0.0015578742604702711,
  "rmse_overall": 0.0025215698406100273,
  "r2_overall": 0.9958922266960144,
  "r_overall": 0.9979442059146626,
  "mae_x": 0.0016129930736497045,
  "mae_y": 0.0014223989564925432,
  "mae_z": 0.0016382308676838875,
  "r2_x": 0.9956030249595642,
  "r2_y": 0.9957813620567322,
  "r2_z": 0.9963915348052979,
  "mae_components": [
    0.10735487192869186,
    0.1155908852815628,
    0.08658503741025925
  ],
  "mae_magnitude": 0.001610323553904891,
  "rmse_magnitude": 0.0024124730844050646,
  "r2_magnitude": 0.9822571873664856,
  "mae_overall_kcal_mol_ang": 2.379296064376831,
  "rmse_overall_kcal_mol_ang": 3.251284122467041,
  "mae_x_kcal_mol_ang": 2.4756410121917725,
  "mae_y_kcal_mol_ang": 2.6655662059783936,
  "mae_z_kcal_mol_ang": 1.9966813325881958,
  "mae_magnitude_kcal_mol_ang": 3.5610313415527344,
  "rmse_magnitude_kcal_mol_ang": 4.782989501953125,
  "r": 0.9998241792851327,
  "mae_overall_debye": 0.0015578742604702711,
  "rmse_overall_debye": 0.0025215698406100273,
  "mae_x_debye": 0.0016129930736497045,
  "mae_y_debye": 0.0014223989564925432,
  "mae_z_debye": 0.0016382308676838875,
  "mae_magnitude_debye": 0.001610323553904891,
  "rmse_magnitude_debye": 0.0024124730844050646
}