{
  "final_energy_eV": -68.17008209228516,
  "final_max_abs_force_eV_per_A": 0.002017498016357422,
  "fmax_target_eV_per_A": 0.003
}