{
  "mae": 0.00841426569968462,
  "rmse": 0.009862429462373257,
  "r2": 0.9210922718048096,
  "mean_error": 0.008352558128535748,
  "std_error": 0.005244262050837278,
  "max_abs_error": 0.06764793395996094,
  "mae_kcal_mol": 0.19403591752052307,
  "rmse_kcal_mol": 0.22743107378482819,
  "mean_error_kcal_mol": 0.1926129162311554,
  "std_error_kcal_mol": 0.12093452364206314,
  "max_abs_error_kcal_mol": 1.5599850416183472,
  "mae_overall": 0.03015465848147869,
  "rmse_overall": 0.04339773952960968,
  "r2_overall": 0.9998317956924438,
  "r_overall": 0.999926860001619,
  "mae_x": 0.03350696340203285,
  "mae_y": 0.04072699695825577,
  "mae_z": 0.016230011358857155,
  "r2_x": 0.9998765587806702,
  "r2_y": 0.9998413324356079,
  "r2_z": 0.9997681975364685,
  "mae_components": [
    0.01676308363676071,
    0.02098562940955162,
    0.019532285630702972
  ],
  "mae_magnitude": 0.05925188958644867,
  "rmse_magnitude": 0.0718420147895813,
  "r2_magnitude": 0.9995802640914917,
  "mae_overall_kcal_mol_ang": 0.4403066039085388,
  "rmse_overall_kcal_mol_ang": 0.7588602900505066,
  "mae_x_kcal_mol_ang": 0.3865625858306885,
  "mae_y_kcal_mol_ang": 0.48393598198890686,
  "mae_z_kcal_mol_ang": 0.45042136311531067,
  "mae_magnitude_kcal_mol_ang": 0.6497341990470886,
  "rmse_magnitude_kcal_mol_ang": 1.0939751863479614,
  "r": 0.993639312280321,
  "mae_overall_debye": 0.03015465848147869,
  "rmse_overall_debye": 0.04339773952960968,
  "mae_x_debye": 0.03350696340203285,
  "mae_y_debye": 0.04072699695825577,
  "mae_z_debye": 0.016230011358857155,
  "mae_magnitude_debye": 0.05925188958644867,
  "rmse_magnitude_debye": 0.0718420147895813
}