{
  "mae": 0.08651069551706314,
  "rmse": 0.11904449015855789,
  "r2": 0.6888073086738586,
  "mean_error": -0.005555448122322559,
  "std_error": 0.11891479790210724,
  "max_abs_error": 0.735407829284668,
  "mae_kcal_mol": 1.994966983795166,
  "rmse_kcal_mol": 2.7452075481414795,
  "mean_error_kcal_mol": -0.1281105875968933,
  "std_error_kcal_mol": 2.7422168254852295,
  "max_abs_error_kcal_mol": 16.958763122558594,
  "mae_overall": 0.05846951901912689,
  "rmse_overall": 0.07496141642332077,
  "r2_overall": 0.9842153191566467,
  "r_overall": 0.9920768971789433,
  "mae_x": 0.04366586357355118,
  "mae_y": 0.05980728194117546,
  "mae_z": 0.07193540781736374,
  "r2_x": 0.9780498147010803,
  "r2_y": 0.985558271408081,
  "r2_z": 0.9893801808357239,
  "mae_components": [
    0.21780021488666534,
    0.2150382697582245,
    0.14305409789085388
  ],
  "mae_magnitude": 0.0801284909248352,
  "rmse_magnitude": 0.0920988917350769,
  "r2_magnitude": 0.9275354146957397,
  "mae_overall_kcal_mol_ang": 4.426762104034424,
  "rmse_overall_kcal_mol_ang": 6.3733625411987305,
  "mae_x_kcal_mol_ang": 5.022549152374268,
  "mae_y_kcal_mol_ang": 4.958858013153076,
  "mae_z_kcal_mol_ang": 3.298877716064453,
  "mae_magnitude_kcal_mol_ang": 7.039869785308838,
  "rmse_magnitude_kcal_mol_ang": 9.666098594665527,
  "r": 0.8573818624531363,
  "mae_overall_debye": 0.05846951901912689,
  "rmse_overall_debye": 0.07496141642332077,
  "mae_x_debye": 0.04366586357355118,
  "mae_y_debye": 0.05980728194117546,
  "mae_z_debye": 0.07193540781736374,
  "mae_magnitude_debye": 0.0801284909248352,
  "rmse_magnitude_debye": 0.0920988917350769
}