{
  "mae": 0.004449353087693453,
  "rmse": 0.005662520881742239,
  "r2": 0.9290101528167725,
  "mean_error": -0.0033168289810419083,
  "std_error": 0.004589421208947897,
  "max_abs_error": 0.06092071533203125,
  "mae_kcal_mol": 0.10260364413261414,
  "rmse_kcal_mol": 0.13057971000671387,
  "mean_error_kcal_mol": -0.076487235724926,
  "std_error_kcal_mol": 0.10583366453647614,
  "max_abs_error_kcal_mol": 1.4048529863357544,
  "mae_overall": 0.028593003749847412,
  "rmse_overall": 0.041162848472595215,
  "r2_overall": 0.9998456835746765,
  "r_overall": 0.9999229670443843,
  "mae_x": 0.03180032968521118,
  "mae_y": 0.038268160074949265,
  "mae_z": 0.01571052521467209,
  "r2_x": 0.9999164938926697,
  "r2_y": 0.9998772144317627,
  "r2_z": 0.9997237920761108,
  "mae_components": [
    0.012290015816688538,
    0.015406548976898193,
    0.02202392928302288
  ],
  "mae_magnitude": 0.05531133711338043,
  "rmse_magnitude": 0.06715326756238937,
  "r2_magnitude": 0.999721348285675,
  "mae_overall_kcal_mol_ang": 0.38219067454338074,
  "rmse_overall_kcal_mol_ang": 0.7269227504730225,
  "mae_x_kcal_mol_ang": 0.28341206908226013,
  "mae_y_kcal_mol_ang": 0.35528042912483215,
  "mae_z_kcal_mol_ang": 0.5078795552253723,
  "mae_magnitude_kcal_mol_ang": 0.4865785241127014,
  "rmse_magnitude_kcal_mol_ang": 0.8914197087287903,
  "r": 0.9932427798198757,
  "mae_overall_debye": 0.028593003749847412,
  "rmse_overall_debye": 0.041162848472595215,
  "mae_x_debye": 0.03180032968521118,
  "mae_y_debye": 0.038268160074949265,
  "mae_z_debye": 0.01571052521467209,
  "mae_magnitude_debye": 0.05531133711338043,
  "rmse_magnitude_debye": 0.06715326756238937
}