{
  "mae": 0.0044493721798062325,
  "rmse": 0.005662515759468079,
  "r2": 0.9290101528167725,
  "mean_error": -0.003316858783364296,
  "std_error": 0.0045893932692706585,
  "max_abs_error": 0.06092071533203125,
  "mae_kcal_mol": 0.10260408371686935,
  "rmse_kcal_mol": 0.13057959079742432,
  "mean_error_kcal_mol": -0.07648792862892151,
  "std_error_kcal_mol": 0.1058330163359642,
  "max_abs_error_kcal_mol": 1.4048529863357544,
  "mae_overall": 0.028593003749847412,
  "rmse_overall": 0.041162848472595215,
  "r2_overall": 0.9998456835746765,
  "r_overall": 0.9999229678491238,
  "mae_x": 0.03180032968521118,
  "mae_y": 0.038268156349658966,
  "mae_z": 0.015710528939962387,
  "r2_x": 0.9999164938926697,
  "r2_y": 0.9998772144317627,
  "r2_z": 0.9997237920761108,
  "mae_components": [
    0.012289490550756454,
    0.015406177379190922,
    0.022023716941475868
  ],
  "mae_magnitude": 0.05531133711338043,
  "rmse_magnitude": 0.06715326756238937,
  "r2_magnitude": 0.999721348285675,
  "mae_overall_kcal_mol_ang": 0.38218212127685547,
  "rmse_overall_kcal_mol_ang": 0.7269191741943359,
  "mae_x_kcal_mol_ang": 0.2833999693393707,
  "mae_y_kcal_mol_ang": 0.3552718460559845,
  "mae_z_kcal_mol_ang": 0.507874608039856,
  "mae_magnitude_kcal_mol_ang": 0.48655375838279724,
  "rmse_magnitude_kcal_mol_ang": 0.8914104104042053,
  "r": 0.9932427801708199,
  "mae_overall_debye": 0.028593003749847412,
  "rmse_overall_debye": 0.041162848472595215,
  "mae_x_debye": 0.03180032968521118,
  "mae_y_debye": 0.038268156349658966,
  "mae_z_debye": 0.015710528939962387,
  "mae_magnitude_debye": 0.05531133711338043,
  "rmse_magnitude_debye": 0.06715326756238937
}