[H[J=== Learning-curve sweep status 2026-06-29T17:11:37+02:00 ===

JOB                          SLURM    ARTIFACTS TEST E MAE
--------------------------------------------------------------------------------
aco_n800_r1                  RUN?     ckpt   -
aco_n800_r2                  FAIL?    ckpt   -
aco_n800_r3                  RUN?     ckpt   -
aco_n1600_r1                 RUN?     ckpt   -
aco_n1600_r2                 ?         -     -
aco_n1600_r3                 ?         -     -
aco_n3200_r1                 ?         -     -
aco_n3200_r2                 ?         -     -
aco_n3200_r3                 ?         -     -
aco_n6400_r1                 FAIL?    ckpt   -
aco_n6400_r2                 RUN?      -     -
aco_n6400_r3                 ?         -     -
aco_n12000_r1                ?         -     -
aco_n12000_r2                ?         -     -
aco_n12000_r3                ?         -     -
dcm_n800_r1                  ?         -     -
dcm_n800_r2                  ?         -     -
dcm_n800_r3                  ?         -     -
dcm_n1600_r1                 ?         -     -
dcm_n1600_r2                 ?         -     -
dcm_n1600_r3                 ?         -     -
dcm_n3200_r1                 ?         -     -
dcm_n3200_r2                 ?         -     -
dcm_n3200_r3                 ?         -     -
dcm_n6400_r1                 ?         -     -
dcm_n6400_r2                 ?         -     -
dcm_n6400_r3                 ?         -     -
dcm_n12000_r1                ?         -     -
dcm_n12000_r2                ?         -     -
dcm_n12000_r3                ?         -     -

Totals: 30 jobs | curves: 0 | test eval: 0

Active Slurm (lc-*):
     JOBID PARTITION                 NAME    STATE       TIME NODELIST(REASON)
    203230       gpu      lc-aco-n1600-r2 CONFIGUR       0:06 gpu10
    203231       gpu      lc-aco-n1600-r3 CONFIGUR       0:06 gpu10
    203232       gpu      lc-aco-n3200-r1 CONFIGUR       0:06 gpu11
    203233       gpu      lc-aco-n3200-r2 CONFIGUR       0:06 gpu11
    203234       gpu      lc-aco-n3200-r3 CONFIGUR       0:06 gpu25
    203255       gpu     lc-dcm-n12000-r3  PENDING       0:00 (Priority)
    203254       gpu     lc-dcm-n12000-r2  PENDING       0:00 (Priority)
    203253       gpu     lc-dcm-n12000-r1  PENDING       0:00 (Priority)
    203252       gpu      lc-dcm-n6400-r3  PENDING       0:00 (Priority)
    203251       gpu      lc-dcm-n6400-r2  PENDING       0:00 (Priority)
    203250       gpu      lc-dcm-n6400-r1  PENDING       0:00 (Priority)
    203249       gpu      lc-dcm-n3200-r3  PENDING       0:00 (Priority)
    203248       gpu      lc-dcm-n3200-r2  PENDING       0:00 (Priority)
    203247       gpu      lc-dcm-n3200-r1  PENDING       0:00 (Priority)
    203246       gpu      lc-dcm-n1600-r3  PENDING       0:00 (Priority)
    203245       gpu      lc-dcm-n1600-r2  PENDING       0:00 (Priority)
    203244       gpu      lc-dcm-n1600-r1  PENDING       0:00 (Priority)
    203243       gpu       lc-dcm-n800-r3  PENDING       0:00 (Priority)
    203242       gpu       lc-dcm-n800-r2  PENDING       0:00 (Priority)
    203241       gpu       lc-dcm-n800-r1  PENDING       0:00 (Priority)
    203240       gpu     lc-aco-n12000-r3  PENDING       0:00 (Priority)
    203239       gpu     lc-aco-n12000-r2  PENDING       0:00 (Priority)
    203238       gpu     lc-aco-n12000-r1  PENDING       0:00 (Priority)
    203237       gpu      lc-aco-n6400-r3  PENDING       0:00 (Resources)
    203236       gpu      lc-aco-n6400-r2  RUNNING       0:00 gpu08
    203226       gpu       lc-aco-n800-r1  RUNNING       0:06 gpu08
    203228       gpu       lc-aco-n800-r3  RUNNING       0:06 gpu09
    203229       gpu      lc-aco-n1600-r1  RUNNING       0:06 gpu09
    203256     short           lc-summary  PENDING       0:00 (Dependency)
[H[J=== Learning-curve sweep status 2026-06-29T17:12:37+02:00 ===

JOB                          SLURM    ARTIFACTS TEST E MAE
--------------------------------------------------------------------------------
aco_n800_r1                  FAIL?    ckpt   -
aco_n800_r1                  FAIL?    ckpt   -
aco_n800_r2                  FAIL?    ckpt   -
aco_n800_r3                  FAIL?    ckpt   -
aco_n1600_r1                 FAIL?    ckpt   -
aco_n1600_r2                 ?         -     -
aco_n1600_r3                 ?         -     -
aco_n3200_r1                 ?         -     -
aco_n3200_r2                 ?         -     -
aco_n3200_r3                 ?         -     -
aco_n6400_r1                 FAIL?    ckpt   -
aco_n6400_r2                 FAIL?    ckpt   -
aco_n6400_r3                 FAIL?    ckpt   -
aco_n12000_r1                FAIL?    ckpt   -
aco_n12000_r2                FAIL?    ckpt   -
aco_n12000_r3                FAIL?    ckpt   -
dcm_n800_r1                  FAIL?    ckpt   -
dcm_n800_r2                  FAIL?    ckpt   -
dcm_n800_r3                  FAIL?     -     -
dcm_n1600_r1                 ?         -     -
dcm_n1600_r2                 ?         -     -
dcm_n1600_r3                 ?         -     -
dcm_n3200_r1                 ?         -     -
dcm_n3200_r2                 ?         -     -
dcm_n3200_r3                 ?         -     -
dcm_n6400_r1                 ?         -     -
dcm_n6400_r2                 ?         -     -
dcm_n6400_r3                 ?         -     -
dcm_n12000_r1                ?         -     -
dcm_n12000_r2                ?         -     -
dcm_n12000_r3                ?         -     -

Totals: 31 jobs | curves: 0 | test eval: 0

Active Slurm (lc-*):
     JOBID PARTITION                 NAME    STATE       TIME NODELIST(REASON)
    203257       gpu       lc-aco-n800-r1 CONFIGUR       0:27 gpu25
[H[J=== Learning-curve sweep status 2026-06-29T17:13:37+02:00 ===

JOB                          SLURM    ARTIFACTS TEST E MAE
--------------------------------------------------------------------------------
aco_n800_r1                  RUN?     ckpt   -
aco_n800_r1                  RUN?     ckpt   -
aco_n800_r2                  FAIL?    ckpt   -
aco_n800_r3                  FAIL?    ckpt   -
aco_n1600_r1                 FAIL?    ckpt   -
aco_n1600_r2                 ?         -     -
aco_n1600_r3                 ?         -     -
aco_n3200_r1                 ?         -     -
aco_n3200_r2                 ?         -     -
aco_n3200_r3                 ?         -     -
aco_n6400_r1                 FAIL?    ckpt   -
aco_n6400_r2                 FAIL?    ckpt   -
aco_n6400_r3                 FAIL?    ckpt   -
aco_n12000_r1                FAIL?    ckpt   -
aco_n12000_r2                FAIL?    ckpt   -
aco_n12000_r3                FAIL?    ckpt   -
dcm_n800_r1                  FAIL?    ckpt   -
dcm_n800_r2                  FAIL?    ckpt   -
dcm_n800_r3                  FAIL?     -     -
dcm_n1600_r1                 ?         -     -
dcm_n1600_r2                 ?         -     -
dcm_n1600_r3                 ?         -     -
dcm_n3200_r1                 ?         -     -
dcm_n3200_r2                 ?         -     -
dcm_n3200_r3                 ?         -     -
dcm_n6400_r1                 ?         -     -
dcm_n6400_r2                 ?         -     -
dcm_n6400_r3                 ?         -     -
dcm_n12000_r1                ?         -     -
dcm_n12000_r2                ?         -     -
dcm_n12000_r3                ?         -     -

Totals: 31 jobs | curves: 0 | test eval: 0

Active Slurm (lc-*):
     JOBID PARTITION                 NAME    STATE       TIME NODELIST(REASON)
    203257       gpu       lc-aco-n800-r1  RUNNING       0:06 gpu25
[H[J=== Learning-curve sweep status 2026-06-29T17:14:37+02:00 ===

JOB                          SLURM    ARTIFACTS TEST E MAE
--------------------------------------------------------------------------------
aco_n800_r1                  RUN?     ckpt   -
aco_n800_r1                  RUN?     ckpt   -
aco_n800_r2                  FAIL?    ckpt   -
aco_n800_r3                  FAIL?    ckpt   -
aco_n1600_r1                 FAIL?    ckpt   -
aco_n1600_r2                 ?         -     -
aco_n1600_r3                 ?         -     -
aco_n3200_r1                 ?         -     -
aco_n3200_r2                 ?         -     -
aco_n3200_r3                 ?         -     -
aco_n6400_r1                 FAIL?    ckpt   -
aco_n6400_r2                 FAIL?    ckpt   -
aco_n6400_r3                 FAIL?    ckpt   -
aco_n12000_r1                FAIL?    ckpt   -
aco_n12000_r2                FAIL?    ckpt   -
aco_n12000_r3                FAIL?    ckpt   -
dcm_n800_r1                  FAIL?    ckpt   -
dcm_n800_r2                  FAIL?    ckpt   -
dcm_n800_r3                  FAIL?     -     -
dcm_n1600_r1                 ?         -     -
dcm_n1600_r2                 ?         -     -
dcm_n1600_r3                 ?         -     -
dcm_n3200_r1                 ?         -     -
dcm_n3200_r2                 ?         -     -
dcm_n3200_r3                 ?         -     -
dcm_n6400_r1                 ?         -     -
dcm_n6400_r2                 ?         -     -
dcm_n6400_r3                 ?         -     -
dcm_n12000_r1                ?         -     -
dcm_n12000_r2                ?         -     -
dcm_n12000_r3                ?         -     -

Totals: 31 jobs | curves: 0 | test eval: 0

Active Slurm (lc-*):
     JOBID PARTITION                 NAME    STATE       TIME NODELIST(REASON)
    203257       gpu       lc-aco-n800-r1  RUNNING       1:06 gpu25
[H[J=== Learning-curve sweep status 2026-06-29T17:15:37+02:00 ===

JOB                          SLURM    ARTIFACTS TEST E MAE
--------------------------------------------------------------------------------
aco_n800_r1                  RUN?     ckpt   -
aco_n800_r1                  RUN?     ckpt   -
aco_n800_r2                  FAIL?    ckpt   -
aco_n800_r3                  FAIL?    ckpt   -
aco_n1600_r1                 FAIL?    ckpt   -
aco_n1600_r2                 ?         -     -
aco_n1600_r3                 ?         -     -
aco_n3200_r1                 ?         -     -
aco_n3200_r2                 ?         -     -
aco_n3200_r3                 ?         -     -
aco_n6400_r1                 FAIL?    ckpt   -
aco_n6400_r2                 FAIL?    ckpt   -
aco_n6400_r3                 FAIL?    ckpt   -
aco_n12000_r1                FAIL?    ckpt   -
aco_n12000_r2                FAIL?    ckpt   -
aco_n12000_r3                FAIL?    ckpt   -
dcm_n800_r1                  FAIL?    ckpt   -
dcm_n800_r2                  FAIL?    ckpt   -
dcm_n800_r3                  FAIL?     -     -
dcm_n1600_r1                 ?         -     -
dcm_n1600_r2                 ?         -     -
dcm_n1600_r3                 ?         -     -
dcm_n3200_r1                 ?         -     -
dcm_n3200_r2                 ?         -     -
dcm_n3200_r3                 ?         -     -
dcm_n6400_r1                 ?         -     -
dcm_n6400_r2                 ?         -     -
dcm_n6400_r3                 ?         -     -
dcm_n12000_r1                ?         -     -
dcm_n12000_r2                ?         -     -
dcm_n12000_r3                ?         -     -

Totals: 31 jobs | curves: 0 | test eval: 0

Active Slurm (lc-*):
     JOBID PARTITION                 NAME    STATE       TIME NODELIST(REASON)
    203257       gpu       lc-aco-n800-r1  RUNNING       2:06 gpu25
[H[J=== Learning-curve sweep status 2026-06-29T17:16:37+02:00 ===

JOB                          SLURM    ARTIFACTS TEST E MAE
--------------------------------------------------------------------------------
aco_n800_r1                  RUN?     ckpt   -
aco_n800_r1                  RUN?     ckpt   -
aco_n800_r2                  FAIL?    ckpt   -
aco_n800_r3                  FAIL?    ckpt   -
aco_n1600_r1                 FAIL?    ckpt   -
aco_n1600_r2                 ?         -     -
aco_n1600_r3                 ?         -     -
aco_n3200_r1                 ?         -     -
aco_n3200_r2                 ?         -     -
aco_n3200_r3                 ?         -     -
aco_n6400_r1                 FAIL?    ckpt   -
aco_n6400_r2                 FAIL?    ckpt   -
aco_n6400_r3                 FAIL?    ckpt   -
aco_n12000_r1                FAIL?    ckpt   -
aco_n12000_r2                FAIL?    ckpt   -
aco_n12000_r3                FAIL?    ckpt   -
dcm_n800_r1                  FAIL?    ckpt   -
dcm_n800_r2                  FAIL?    ckpt   -
dcm_n800_r3                  FAIL?     -     -
dcm_n1600_r1                 ?         -     -
dcm_n1600_r2                 ?         -     -
dcm_n1600_r3                 ?         -     -
dcm_n3200_r1                 ?         -     -
dcm_n3200_r2                 ?         -     -
dcm_n3200_r3                 ?         -     -
dcm_n6400_r1                 ?         -     -
dcm_n6400_r2                 ?         -     -
dcm_n6400_r3                 ?         -     -
dcm_n12000_r1                ?         -     -
dcm_n12000_r2                ?         -     -
dcm_n12000_r3                ?         -     -

Totals: 31 jobs | curves: 0 | test eval: 0

Active Slurm (lc-*):
     JOBID PARTITION                 NAME    STATE       TIME NODELIST(REASON)
    203257       gpu       lc-aco-n800-r1  RUNNING       3:06 gpu25
[H[J=== Learning-curve sweep status 2026-06-29T17:17:37+02:00 ===

JOB                          SLURM    ARTIFACTS TEST E MAE
--------------------------------------------------------------------------------
aco_n800_r1                  RUN?     ckpt   -
aco_n800_r1                  RUN?     ckpt   -
aco_n800_r2                  FAIL?    ckpt   -
aco_n800_r3                  FAIL?    ckpt   -
aco_n1600_r1                 FAIL?    ckpt   -
aco_n1600_r2                 ?         -     -
aco_n1600_r3                 ?         -     -
aco_n3200_r1                 ?         -     -
aco_n3200_r2                 ?         -     -
aco_n3200_r3                 ?         -     -
aco_n6400_r1                 FAIL?    ckpt   -
aco_n6400_r2                 FAIL?    ckpt   -
aco_n6400_r3                 FAIL?    ckpt   -
aco_n12000_r1                FAIL?    ckpt   -
aco_n12000_r2                FAIL?    ckpt   -
aco_n12000_r3                FAIL?    ckpt   -
dcm_n800_r1                  FAIL?    ckpt   -
dcm_n800_r2                  FAIL?    ckpt   -
dcm_n800_r3                  FAIL?     -     -
dcm_n1600_r1                 ?         -     -
dcm_n1600_r2                 ?         -     -
dcm_n1600_r3                 ?         -     -
dcm_n3200_r1                 ?         -     -
dcm_n3200_r2                 ?         -     -
dcm_n3200_r3                 ?         -     -
dcm_n6400_r1                 ?         -     -
dcm_n6400_r2                 ?         -     -
dcm_n6400_r3                 ?         -     -
dcm_n12000_r1                ?         -     -
dcm_n12000_r2                ?         -     -
dcm_n12000_r3                ?         -     -

Totals: 31 jobs | curves: 0 | test eval: 0

Active Slurm (lc-*):
     JOBID PARTITION                 NAME    STATE       TIME NODELIST(REASON)
    203257       gpu       lc-aco-n800-r1  RUNNING       4:06 gpu25
[H[J=== Learning-curve sweep status 2026-06-29T17:18:37+02:00 ===

JOB                          SLURM    ARTIFACTS TEST E MAE
--------------------------------------------------------------------------------
aco_n800_r1                  RUN?     ckpt   -
aco_n800_r1                  RUN?     ckpt   -
aco_n800_r2                  FAIL?    ckpt   -
aco_n800_r3                  FAIL?    ckpt   -
aco_n1600_r1                 FAIL?    ckpt   -
aco_n1600_r2                 ?         -     -
aco_n1600_r3                 ?         -     -
aco_n3200_r1                 ?         -     -
aco_n3200_r2                 ?         -     -
aco_n3200_r3                 ?         -     -
aco_n6400_r1                 FAIL?    ckpt   -
aco_n6400_r2                 FAIL?    ckpt   -
aco_n6400_r3                 FAIL?    ckpt   -
aco_n12000_r1                FAIL?    ckpt   -
aco_n12000_r2                FAIL?    ckpt   -
aco_n12000_r3                FAIL?    ckpt   -
dcm_n800_r1                  FAIL?    ckpt   -
dcm_n800_r2                  FAIL?    ckpt   -
dcm_n800_r3                  FAIL?     -     -
dcm_n1600_r1                 ?         -     -
dcm_n1600_r2                 ?         -     -
dcm_n1600_r3                 ?         -     -
dcm_n3200_r1                 ?         -     -
dcm_n3200_r2                 ?         -     -
dcm_n3200_r3                 ?         -     -
dcm_n6400_r1                 ?         -     -
dcm_n6400_r2                 ?         -     -
dcm_n6400_r3                 ?         -     -
dcm_n12000_r1                ?         -     -
dcm_n12000_r2                ?         -     -
dcm_n12000_r3                ?         -     -

Totals: 31 jobs | curves: 0 | test eval: 0

Active Slurm (lc-*):
     JOBID PARTITION                 NAME    STATE       TIME NODELIST(REASON)
    203257       gpu       lc-aco-n800-r1  RUNNING       5:06 gpu25
[H[J=== Learning-curve sweep status 2026-06-29T17:19:37+02:00 ===

JOB                          SLURM    ARTIFACTS TEST E MAE
--------------------------------------------------------------------------------
aco_n800_r1                  RUN?     ckpt   -
aco_n800_r1                  RUN?     ckpt   -
aco_n800_r2                  FAIL?    ckpt   -
aco_n800_r3                  FAIL?    ckpt   -
aco_n1600_r1                 FAIL?    ckpt   -
aco_n1600_r2                 ?         -     -
aco_n1600_r3                 ?         -     -
aco_n3200_r1                 ?         -     -
aco_n3200_r2                 ?         -     -
aco_n3200_r3                 ?         -     -
aco_n6400_r1                 FAIL?    ckpt   -
aco_n6400_r2                 FAIL?    ckpt   -
aco_n6400_r3                 FAIL?    ckpt   -
aco_n12000_r1                FAIL?    ckpt   -
aco_n12000_r2                FAIL?    ckpt   -
aco_n12000_r3                FAIL?    ckpt   -
dcm_n800_r1                  FAIL?    ckpt   -
dcm_n800_r2                  FAIL?    ckpt   -
dcm_n800_r3                  FAIL?     -     -
dcm_n1600_r1                 ?         -     -
dcm_n1600_r2                 ?         -     -
dcm_n1600_r3                 ?         -     -
dcm_n3200_r1                 ?         -     -
dcm_n3200_r2                 ?         -     -
dcm_n3200_r3                 ?         -     -
dcm_n6400_r1                 ?         -     -
dcm_n6400_r2                 ?         -     -
dcm_n6400_r3                 ?         -     -
dcm_n12000_r1                ?         -     -
dcm_n12000_r2                ?         -     -
dcm_n12000_r3                ?         -     -

Totals: 31 jobs | curves: 0 | test eval: 0

Active Slurm (lc-*):
     JOBID PARTITION                 NAME    STATE       TIME NODELIST(REASON)
    203257       gpu       lc-aco-n800-r1  RUNNING       6:06 gpu25
[H[J=== Learning-curve sweep status 2026-06-29T17:20:37+02:00 ===

JOB                          SLURM    ARTIFACTS TEST E MAE
--------------------------------------------------------------------------------
aco_n800_r1                  RUN?     ckpt   -
aco_n800_r1                  RUN?     ckpt   -
aco_n800_r2                  FAIL?    ckpt   -
aco_n800_r3                  FAIL?    ckpt   -
aco_n1600_r1                 FAIL?    ckpt   -
aco_n1600_r2                 ?         -     -
aco_n1600_r3                 ?         -     -
aco_n3200_r1                 ?         -     -
aco_n3200_r2                 ?         -     -
aco_n3200_r3                 ?         -     -
aco_n6400_r1                 FAIL?    ckpt   -
aco_n6400_r2                 FAIL?    ckpt   -
aco_n6400_r3                 FAIL?    ckpt   -
aco_n12000_r1                FAIL?    ckpt   -
aco_n12000_r2                FAIL?    ckpt   -
aco_n12000_r3                FAIL?    ckpt   -
dcm_n800_r1                  FAIL?    ckpt   -
dcm_n800_r2                  FAIL?    ckpt   -
dcm_n800_r3                  FAIL?     -     -
dcm_n1600_r1                 ?         -     -
dcm_n1600_r2                 ?         -     -
dcm_n1600_r3                 ?         -     -
dcm_n3200_r1                 ?         -     -
dcm_n3200_r2                 ?         -     -
dcm_n3200_r3                 ?         -     -
dcm_n6400_r1                 ?         -     -
dcm_n6400_r2                 ?         -     -
dcm_n6400_r3                 ?         -     -
dcm_n12000_r1                ?         -     -
dcm_n12000_r2                ?         -     -
dcm_n12000_r3                ?         -     -

Totals: 31 jobs | curves: 0 | test eval: 0

Active Slurm (lc-*):
     JOBID PARTITION                 NAME    STATE       TIME NODELIST(REASON)
    203257       gpu       lc-aco-n800-r1  RUNNING       7:07 gpu25
[H[J=== Learning-curve sweep status 2026-06-29T17:21:38+02:00 ===

JOB                          SLURM    ARTIFACTS TEST E MAE
--------------------------------------------------------------------------------
aco_n800_r1                  RUN?     ckpt   -
aco_n800_r1                  RUN?     ckpt   -
aco_n800_r2                  FAIL?    ckpt   -
aco_n800_r3                  FAIL?    ckpt   -
aco_n1600_r1                 FAIL?    ckpt   -
aco_n1600_r2                 ?         -     -
aco_n1600_r3                 ?         -     -
aco_n3200_r1                 ?         -     -
aco_n3200_r2                 ?         -     -
aco_n3200_r3                 ?         -     -
aco_n6400_r1                 FAIL?    ckpt   -
aco_n6400_r2                 FAIL?    ckpt   -
aco_n6400_r3                 FAIL?    ckpt   -
aco_n12000_r1                FAIL?    ckpt   -
aco_n12000_r2                FAIL?    ckpt   -
aco_n12000_r3                FAIL?    ckpt   -
dcm_n800_r1                  FAIL?    ckpt   -
dcm_n800_r2                  FAIL?    ckpt   -
dcm_n800_r3                  FAIL?     -     -
dcm_n1600_r1                 ?         -     -
dcm_n1600_r2                 ?         -     -
dcm_n1600_r3                 ?         -     -
dcm_n3200_r1                 ?         -     -
dcm_n3200_r2                 ?         -     -
dcm_n3200_r3                 ?         -     -
dcm_n6400_r1                 ?         -     -
dcm_n6400_r2                 ?         -     -
dcm_n6400_r3                 ?         -     -
dcm_n12000_r1                ?         -     -
dcm_n12000_r2                ?         -     -
dcm_n12000_r3                ?         -     -

Totals: 31 jobs | curves: 0 | test eval: 0

Active Slurm (lc-*):
     JOBID PARTITION                 NAME    STATE       TIME NODELIST(REASON)
    203257       gpu       lc-aco-n800-r1  RUNNING       8:07 gpu25
[H[J=== Learning-curve sweep status 2026-06-29T17:22:38+02:00 ===

JOB                          SLURM    ARTIFACTS TEST E MAE
--------------------------------------------------------------------------------
aco_n800_r1                  RUN?     ckpt   -
aco_n800_r1                  RUN?     ckpt   -
aco_n800_r2                  FAIL?    ckpt   -
aco_n800_r3                  FAIL?    ckpt   -
aco_n1600_r1                 FAIL?    ckpt   -
aco_n1600_r2                 ?         -     -
aco_n1600_r3                 ?         -     -
aco_n3200_r1                 ?         -     -
aco_n3200_r2                 ?         -     -
aco_n3200_r3                 ?         -     -
aco_n6400_r1                 FAIL?    ckpt   -
aco_n6400_r2                 FAIL?    ckpt   -
aco_n6400_r3                 FAIL?    ckpt   -
aco_n12000_r1                FAIL?    ckpt   -
aco_n12000_r2                FAIL?    ckpt   -
aco_n12000_r3                FAIL?    ckpt   -
dcm_n800_r1                  FAIL?    ckpt   -
dcm_n800_r2                  FAIL?    ckpt   -
dcm_n800_r3                  FAIL?     -     -
dcm_n1600_r1                 ?         -     -
dcm_n1600_r2                 ?         -     -
dcm_n1600_r3                 ?         -     -
dcm_n3200_r1                 ?         -     -
dcm_n3200_r2                 ?         -     -
dcm_n3200_r3                 ?         -     -
dcm_n6400_r1                 ?         -     -
dcm_n6400_r2                 ?         -     -
dcm_n6400_r3                 ?         -     -
dcm_n12000_r1                ?         -     -
dcm_n12000_r2                ?         -     -
dcm_n12000_r3                ?         -     -

Totals: 31 jobs | curves: 0 | test eval: 0

Active Slurm (lc-*):
     JOBID PARTITION                 NAME    STATE       TIME NODELIST(REASON)
    203257       gpu       lc-aco-n800-r1  RUNNING       9:07 gpu25
[H[J=== Learning-curve sweep status 2026-06-29T17:23:38+02:00 ===

JOB                          SLURM    ARTIFACTS TEST E MAE
--------------------------------------------------------------------------------
aco_n800_r1                  RUN?     ckpt   -
aco_n800_r1                  RUN?     ckpt   -
aco_n800_r2                  FAIL?    ckpt   -
aco_n800_r3                  FAIL?    ckpt   -
aco_n1600_r1                 FAIL?    ckpt   -
aco_n1600_r2                 ?         -     -
aco_n1600_r3                 ?         -     -
aco_n3200_r1                 ?         -     -
aco_n3200_r2                 ?         -     -
aco_n3200_r3                 ?         -     -
aco_n6400_r1                 FAIL?    ckpt   -
aco_n6400_r2                 FAIL?    ckpt   -
aco_n6400_r3                 FAIL?    ckpt   -
aco_n12000_r1                FAIL?    ckpt   -
aco_n12000_r2                FAIL?    ckpt   -
aco_n12000_r3                FAIL?    ckpt   -
dcm_n800_r1                  FAIL?    ckpt   -
dcm_n800_r2                  FAIL?    ckpt   -
dcm_n800_r3                  FAIL?     -     -
dcm_n1600_r1                 ?         -     -
dcm_n1600_r2                 ?         -     -
dcm_n1600_r3                 ?         -     -
dcm_n3200_r1                 ?         -     -
dcm_n3200_r2                 ?         -     -
dcm_n3200_r3                 ?         -     -
dcm_n6400_r1                 ?         -     -
dcm_n6400_r2                 ?         -     -
dcm_n6400_r3                 ?         -     -
dcm_n12000_r1                ?         -     -
dcm_n12000_r2                ?         -     -
dcm_n12000_r3                ?         -     -

Totals: 31 jobs | curves: 0 | test eval: 0

Active Slurm (lc-*):
     JOBID PARTITION                 NAME    STATE       TIME NODELIST(REASON)
    203257       gpu       lc-aco-n800-r1  RUNNING      10:07 gpu25
[H[J=== Learning-curve sweep status 2026-06-29T17:24:38+02:00 ===

JOB                          SLURM    ARTIFACTS TEST E MAE
--------------------------------------------------------------------------------
aco_n800_r1                  RUN?     ckpt   -
aco_n800_r1                  RUN?     ckpt   -
aco_n800_r2                  FAIL?    ckpt   -
aco_n800_r3                  FAIL?    ckpt   -
aco_n1600_r1                 FAIL?    ckpt   -
aco_n1600_r2                 ?         -     -
aco_n1600_r3                 ?         -     -
aco_n3200_r1                 ?         -     -
aco_n3200_r2                 ?         -     -
aco_n3200_r3                 ?         -     -
aco_n6400_r1                 FAIL?    ckpt   -
aco_n6400_r2                 FAIL?    ckpt   -
aco_n6400_r3                 FAIL?    ckpt   -
aco_n12000_r1                FAIL?    ckpt   -
aco_n12000_r2                FAIL?    ckpt   -
aco_n12000_r3                FAIL?    ckpt   -
dcm_n800_r1                  FAIL?    ckpt   -
dcm_n800_r2                  FAIL?    ckpt   -
dcm_n800_r3                  FAIL?     -     -
dcm_n1600_r1                 ?         -     -
dcm_n1600_r2                 ?         -     -
dcm_n1600_r3                 ?         -     -
dcm_n3200_r1                 ?         -     -
dcm_n3200_r2                 ?         -     -
dcm_n3200_r3                 ?         -     -
dcm_n6400_r1                 ?         -     -
dcm_n6400_r2                 ?         -     -
dcm_n6400_r3                 ?         -     -
dcm_n12000_r1                ?         -     -
dcm_n12000_r2                ?         -     -
dcm_n12000_r3                ?         -     -

Totals: 31 jobs | curves: 0 | test eval: 0

Active Slurm (lc-*):
     JOBID PARTITION                 NAME    STATE       TIME NODELIST(REASON)
    203257       gpu       lc-aco-n800-r1  RUNNING      11:07 gpu25
[H[J=== Learning-curve sweep status 2026-06-29T17:25:38+02:00 ===

JOB                          SLURM    ARTIFACTS TEST E MAE
--------------------------------------------------------------------------------
aco_n800_r1                  RUN?     ckpt   -
aco_n800_r1                  RUN?     ckpt   -
aco_n800_r2                  FAIL?    ckpt   -
aco_n800_r3                  FAIL?    ckpt   -
aco_n1600_r1                 FAIL?    ckpt   -
aco_n1600_r2                 ?         -     -
aco_n1600_r3                 ?         -     -
aco_n3200_r1                 ?         -     -
aco_n3200_r2                 ?         -     -
aco_n3200_r3                 ?         -     -
aco_n6400_r1                 FAIL?    ckpt   -
aco_n6400_r2                 FAIL?    ckpt   -
aco_n6400_r3                 FAIL?    ckpt   -
aco_n12000_r1                FAIL?    ckpt   -
aco_n12000_r2                FAIL?    ckpt   -
aco_n12000_r3                FAIL?    ckpt   -
dcm_n800_r1                  FAIL?    ckpt   -
dcm_n800_r2                  FAIL?    ckpt   -
dcm_n800_r3                  FAIL?     -     -
dcm_n1600_r1                 ?         -     -
dcm_n1600_r2                 ?         -     -
dcm_n1600_r3                 ?         -     -
dcm_n3200_r1                 ?         -     -
dcm_n3200_r2                 ?         -     -
dcm_n3200_r3                 ?         -     -
dcm_n6400_r1                 ?         -     -
dcm_n6400_r2                 ?         -     -
dcm_n6400_r3                 ?         -     -
dcm_n12000_r1                ?         -     -
dcm_n12000_r2                ?         -     -
dcm_n12000_r3                ?         -     -

Totals: 31 jobs | curves: 0 | test eval: 0

Active Slurm (lc-*):
     JOBID PARTITION                 NAME    STATE       TIME NODELIST(REASON)
    203257       gpu       lc-aco-n800-r1  RUNNING      12:07 gpu25
[H[J=== Learning-curve sweep status 2026-06-29T17:26:38+02:00 ===

JOB                          SLURM    ARTIFACTS TEST E MAE
--------------------------------------------------------------------------------
aco_n800_r1                  RUN?     ckpt   -
aco_n800_r1                  RUN?     ckpt   -
aco_n800_r2                  FAIL?    ckpt   -
aco_n800_r3                  FAIL?    ckpt   -
aco_n1600_r1                 FAIL?    ckpt   -
aco_n1600_r2                 ?         -     -
aco_n1600_r3                 ?         -     -
aco_n3200_r1                 ?         -     -
aco_n3200_r2                 ?         -     -
aco_n3200_r3                 ?         -     -
aco_n6400_r1                 FAIL?    ckpt   -
aco_n6400_r2                 FAIL?    ckpt   -
aco_n6400_r3                 FAIL?    ckpt   -
aco_n12000_r1                FAIL?    ckpt   -
aco_n12000_r2                FAIL?    ckpt   -
aco_n12000_r3                FAIL?    ckpt   -
dcm_n800_r1                  FAIL?    ckpt   -
dcm_n800_r2                  FAIL?    ckpt   -
dcm_n800_r3                  FAIL?     -     -
dcm_n1600_r1                 ?         -     -
dcm_n1600_r2                 ?         -     -
dcm_n1600_r3                 ?         -     -
dcm_n3200_r1                 ?         -     -
dcm_n3200_r2                 ?         -     -
dcm_n3200_r3                 ?         -     -
dcm_n6400_r1                 ?         -     -
dcm_n6400_r2                 ?         -     -
dcm_n6400_r3                 ?         -     -
dcm_n12000_r1                ?         -     -
dcm_n12000_r2                ?         -     -
dcm_n12000_r3                ?         -     -

Totals: 31 jobs | curves: 0 | test eval: 0

Active Slurm (lc-*):
     JOBID PARTITION                 NAME    STATE       TIME NODELIST(REASON)
    203257       gpu       lc-aco-n800-r1  RUNNING      13:07 gpu25
[H[J=== Learning-curve sweep status 2026-06-29T17:27:38+02:00 ===

JOB                          SLURM    ARTIFACTS TEST E MAE
--------------------------------------------------------------------------------
aco_n800_r1                  RUN?     ckpt   -
aco_n800_r1                  RUN?     ckpt   -
aco_n800_r2                  FAIL?    ckpt   -
aco_n800_r3                  FAIL?    ckpt   -
aco_n1600_r1                 FAIL?    ckpt   -
aco_n1600_r2                 ?         -     -
aco_n1600_r3                 ?         -     -
aco_n3200_r1                 ?         -     -
aco_n3200_r2                 ?         -     -
aco_n3200_r3                 ?         -     -
aco_n6400_r1                 FAIL?    ckpt   -
aco_n6400_r2                 FAIL?    ckpt   -
aco_n6400_r3                 FAIL?    ckpt   -
aco_n12000_r1                FAIL?    ckpt   -
aco_n12000_r2                FAIL?    ckpt   -
aco_n12000_r3                FAIL?    ckpt   -
dcm_n800_r1                  FAIL?    ckpt   -
dcm_n800_r2                  FAIL?    ckpt   -
dcm_n800_r3                  FAIL?     -     -
dcm_n1600_r1                 ?         -     -
dcm_n1600_r2                 ?         -     -
dcm_n1600_r3                 ?         -     -
dcm_n3200_r1                 ?         -     -
dcm_n3200_r2                 ?         -     -
dcm_n3200_r3                 ?         -     -
dcm_n6400_r1                 ?         -     -
dcm_n6400_r2                 ?         -     -
dcm_n6400_r3                 ?         -     -
dcm_n12000_r1                ?         -     -
dcm_n12000_r2                ?         -     -
dcm_n12000_r3                ?         -     -

Totals: 31 jobs | curves: 0 | test eval: 0

Active Slurm (lc-*):
     JOBID PARTITION                 NAME    STATE       TIME NODELIST(REASON)
    203257       gpu       lc-aco-n800-r1  RUNNING      14:07 gpu25
[H[J=== Learning-curve sweep status 2026-06-29T17:28:38+02:00 ===

JOB                          SLURM    ARTIFACTS TEST E MAE
--------------------------------------------------------------------------------
aco_n800_r1                  RUN?     ckpt   -
aco_n800_r1                  RUN?     ckpt   -
aco_n800_r2                  FAIL?    ckpt   -
aco_n800_r3                  FAIL?    ckpt   -
aco_n1600_r1                 FAIL?    ckpt   -
aco_n1600_r2                 ?         -     -
aco_n1600_r3                 ?         -     -
aco_n3200_r1                 ?         -     -
aco_n3200_r2                 ?         -     -
aco_n3200_r3                 ?         -     -
aco_n6400_r1                 FAIL?    ckpt   -
aco_n6400_r2                 FAIL?    ckpt   -
aco_n6400_r3                 FAIL?    ckpt   -
aco_n12000_r1                FAIL?    ckpt   -
aco_n12000_r2                FAIL?    ckpt   -
aco_n12000_r3                FAIL?    ckpt   -
dcm_n800_r1                  FAIL?    ckpt   -
dcm_n800_r2                  FAIL?    ckpt   -
dcm_n800_r3                  FAIL?     -     -
dcm_n1600_r1                 ?         -     -
dcm_n1600_r2                 ?         -     -
dcm_n1600_r3                 ?         -     -
dcm_n3200_r1                 ?         -     -
dcm_n3200_r2                 ?         -     -
dcm_n3200_r3                 ?         -     -
dcm_n6400_r1                 ?         -     -
dcm_n6400_r2                 ?         -     -
dcm_n6400_r3                 ?         -     -
dcm_n12000_r1                ?         -     -
dcm_n12000_r2                ?         -     -
dcm_n12000_r3                ?         -     -

Totals: 31 jobs | curves: 0 | test eval: 0

Active Slurm (lc-*):
     JOBID PARTITION                 NAME    STATE       TIME NODELIST(REASON)
    203257       gpu       lc-aco-n800-r1  RUNNING      15:07 gpu25
[H[J=== Learning-curve sweep status 2026-06-29T17:29:38+02:00 ===

JOB                          SLURM    ARTIFACTS TEST E MAE
--------------------------------------------------------------------------------
aco_n800_r1                  RUN?     ckpt   -
aco_n800_r1                  RUN?     ckpt   -
aco_n800_r2                  FAIL?    ckpt   -
aco_n800_r3                  FAIL?    ckpt   -
aco_n1600_r1                 FAIL?    ckpt   -
aco_n1600_r2                 ?         -     -
aco_n1600_r3                 ?         -     -
aco_n3200_r1                 ?         -     -
aco_n3200_r2                 ?         -     -
aco_n3200_r3                 ?         -     -
aco_n6400_r1                 FAIL?    ckpt   -
aco_n6400_r2                 FAIL?    ckpt   -
aco_n6400_r3                 FAIL?    ckpt   -
aco_n12000_r1                FAIL?    ckpt   -
aco_n12000_r2                FAIL?    ckpt   -
aco_n12000_r3                FAIL?    ckpt   -
dcm_n800_r1                  FAIL?    ckpt   -
dcm_n800_r2                  FAIL?    ckpt   -
dcm_n800_r3                  FAIL?     -     -
dcm_n1600_r1                 ?         -     -
dcm_n1600_r2                 ?         -     -
dcm_n1600_r3                 ?         -     -
dcm_n3200_r1                 ?         -     -
dcm_n3200_r2                 ?         -     -
dcm_n3200_r3                 ?         -     -
dcm_n6400_r1                 ?         -     -
dcm_n6400_r2                 ?         -     -
dcm_n6400_r3                 ?         -     -
dcm_n12000_r1                ?         -     -
dcm_n12000_r2                ?         -     -
dcm_n12000_r3                ?         -     -

Totals: 31 jobs | curves: 0 | test eval: 0

Active Slurm (lc-*):
     JOBID PARTITION                 NAME    STATE       TIME NODELIST(REASON)
    203257       gpu       lc-aco-n800-r1  RUNNING      16:07 gpu25
[H[J=== Learning-curve sweep status 2026-06-29T17:30:38+02:00 ===

JOB                          SLURM    ARTIFACTS TEST E MAE
--------------------------------------------------------------------------------
aco_n800_r1                  RUN?     ckpt   -
aco_n800_r1                  RUN?     ckpt   -
aco_n800_r2                  FAIL?    ckpt   -
aco_n800_r3                  FAIL?    ckpt   -
aco_n1600_r1                 FAIL?    ckpt   -
aco_n1600_r2                 ?         -     -
aco_n1600_r3                 ?         -     -
aco_n3200_r1                 ?         -     -
aco_n3200_r2                 ?         -     -
aco_n3200_r3                 ?         -     -
aco_n6400_r1                 FAIL?    ckpt   -
aco_n6400_r2                 FAIL?    ckpt   -
aco_n6400_r3                 FAIL?    ckpt   -
aco_n12000_r1                FAIL?    ckpt   -
aco_n12000_r2                FAIL?    ckpt   -
aco_n12000_r3                FAIL?    ckpt   -
dcm_n800_r1                  FAIL?    ckpt   -
dcm_n800_r2                  FAIL?    ckpt   -
dcm_n800_r3                  FAIL?     -     -
dcm_n1600_r1                 ?         -     -
dcm_n1600_r2                 ?         -     -
dcm_n1600_r3                 ?         -     -
dcm_n3200_r1                 ?         -     -
dcm_n3200_r2                 ?         -     -
dcm_n3200_r3                 ?         -     -
dcm_n6400_r1                 ?         -     -
dcm_n6400_r2                 ?         -     -
dcm_n6400_r3                 ?         -     -
dcm_n12000_r1                ?         -     -
dcm_n12000_r2                ?         -     -
dcm_n12000_r3                ?         -     -

Totals: 31 jobs | curves: 0 | test eval: 0

Active Slurm (lc-*):
     JOBID PARTITION                 NAME    STATE       TIME NODELIST(REASON)
    203257       gpu       lc-aco-n800-r1  RUNNING      17:07 gpu25
[H[J=== Learning-curve sweep status 2026-06-29T17:31:38+02:00 ===

JOB                          SLURM    ARTIFACTS TEST E MAE
--------------------------------------------------------------------------------
aco_n800_r1                  RUN?     ckpt   -
aco_n800_r1                  RUN?     ckpt   -
aco_n800_r2                  FAIL?    ckpt   -
aco_n800_r3                  FAIL?    ckpt   -
aco_n1600_r1                 FAIL?    ckpt   -
aco_n1600_r2                 ?         -     -
aco_n1600_r3                 ?         -     -
aco_n3200_r1                 ?         -     -
aco_n3200_r2                 ?         -     -
aco_n3200_r3                 ?         -     -
aco_n6400_r1                 FAIL?    ckpt   -
aco_n6400_r2                 FAIL?    ckpt   -
aco_n6400_r3                 FAIL?    ckpt   -
aco_n12000_r1                FAIL?    ckpt   -
aco_n12000_r2                FAIL?    ckpt   -
aco_n12000_r3                FAIL?    ckpt   -
dcm_n800_r1                  FAIL?    ckpt   -
dcm_n800_r2                  FAIL?    ckpt   -
dcm_n800_r3                  FAIL?     -     -
dcm_n1600_r1                 ?         -     -
dcm_n1600_r2                 ?         -     -
dcm_n1600_r3                 ?         -     -
dcm_n3200_r1                 ?         -     -
dcm_n3200_r2                 ?         -     -
dcm_n3200_r3                 ?         -     -
dcm_n6400_r1                 ?         -     -
dcm_n6400_r2                 ?         -     -
dcm_n6400_r3                 ?         -     -
dcm_n12000_r1                ?         -     -
dcm_n12000_r2                ?         -     -
dcm_n12000_r3                ?         -     -

Totals: 31 jobs | curves: 0 | test eval: 0

Active Slurm (lc-*):
     JOBID PARTITION                 NAME    STATE       TIME NODELIST(REASON)
    203257       gpu       lc-aco-n800-r1  RUNNING      18:08 gpu25
[H[J=== Learning-curve sweep status 2026-06-29T17:32:39+02:00 ===

JOB                          SLURM    ARTIFACTS TEST E MAE
--------------------------------------------------------------------------------
aco_n800_r1                  RUN?     ckpt   -
aco_n800_r1                  RUN?     ckpt   -
aco_n800_r2                  FAIL?    ckpt   -
aco_n800_r3                  FAIL?    ckpt   -
aco_n1600_r1                 FAIL?    ckpt   -
aco_n1600_r2                 ?         -     -
aco_n1600_r3                 ?         -     -
aco_n3200_r1                 ?         -     -
aco_n3200_r2                 ?         -     -
aco_n3200_r3                 ?         -     -
aco_n6400_r1                 FAIL?    ckpt   -
aco_n6400_r2                 FAIL?    ckpt   -
aco_n6400_r3                 FAIL?    ckpt   -
aco_n12000_r1                FAIL?    ckpt   -
aco_n12000_r2                FAIL?    ckpt   -
aco_n12000_r3                FAIL?    ckpt   -
dcm_n800_r1                  FAIL?    ckpt   -
dcm_n800_r2                  FAIL?    ckpt   -
dcm_n800_r3                  FAIL?     -     -
dcm_n1600_r1                 ?         -     -
dcm_n1600_r2                 ?         -     -
dcm_n1600_r3                 ?         -     -
dcm_n3200_r1                 ?         -     -
dcm_n3200_r2                 ?         -     -
dcm_n3200_r3                 ?         -     -
dcm_n6400_r1                 ?         -     -
dcm_n6400_r2                 ?         -     -
dcm_n6400_r3                 ?         -     -
dcm_n12000_r1                ?         -     -
dcm_n12000_r2                ?         -     -
dcm_n12000_r3                ?         -     -

Totals: 31 jobs | curves: 0 | test eval: 0

Active Slurm (lc-*):
     JOBID PARTITION                 NAME    STATE       TIME NODELIST(REASON)
    203257       gpu       lc-aco-n800-r1  RUNNING      19:08 gpu25
[H[J=== Learning-curve sweep status 2026-06-29T17:33:39+02:00 ===

JOB                          SLURM    ARTIFACTS TEST E MAE
--------------------------------------------------------------------------------
aco_n800_r1                  RUN?     ckpt   -
aco_n800_r1                  RUN?     ckpt   -
aco_n800_r2                  FAIL?    ckpt   -
aco_n800_r3                  FAIL?    ckpt   -
aco_n1600_r1                 FAIL?    ckpt   -
aco_n1600_r2                 ?         -     -
aco_n1600_r3                 ?         -     -
aco_n3200_r1                 ?         -     -
aco_n3200_r2                 ?         -     -
aco_n3200_r3                 ?         -     -
aco_n6400_r1                 FAIL?    ckpt   -
aco_n6400_r2                 FAIL?    ckpt   -
aco_n6400_r3                 FAIL?    ckpt   -
aco_n12000_r1                FAIL?    ckpt   -
aco_n12000_r2                FAIL?    ckpt   -
aco_n12000_r3                FAIL?    ckpt   -
dcm_n800_r1                  FAIL?    ckpt   -
dcm_n800_r2                  FAIL?    ckpt   -
dcm_n800_r3                  FAIL?     -     -
dcm_n1600_r1                 ?         -     -
dcm_n1600_r2                 ?         -     -
dcm_n1600_r3                 ?         -     -
dcm_n3200_r1                 ?         -     -
dcm_n3200_r2                 ?         -     -
dcm_n3200_r3                 ?         -     -
dcm_n6400_r1                 ?         -     -
dcm_n6400_r2                 ?         -     -
dcm_n6400_r3                 ?         -     -
dcm_n12000_r1                ?         -     -
dcm_n12000_r2                ?         -     -
dcm_n12000_r3                ?         -     -

Totals: 31 jobs | curves: 0 | test eval: 0

Active Slurm (lc-*):
     JOBID PARTITION                 NAME    STATE       TIME NODELIST(REASON)
    203257       gpu       lc-aco-n800-r1  RUNNING      20:08 gpu25
[H[J=== Learning-curve sweep status 2026-06-29T17:34:39+02:00 ===

JOB                          SLURM    ARTIFACTS TEST E MAE
--------------------------------------------------------------------------------
aco_n800_r1                  RUN?     ckpt   -
aco_n800_r1                  RUN?     ckpt   -
aco_n800_r2                  FAIL?    ckpt   -
aco_n800_r3                  FAIL?    ckpt   -
aco_n1600_r1                 FAIL?    ckpt   -
aco_n1600_r2                 ?         -     -
aco_n1600_r3                 ?         -     -
aco_n3200_r1                 ?         -     -
aco_n3200_r2                 ?         -     -
aco_n3200_r3                 ?         -     -
aco_n6400_r1                 FAIL?    ckpt   -
aco_n6400_r2                 FAIL?    ckpt   -
aco_n6400_r3                 FAIL?    ckpt   -
aco_n12000_r1                FAIL?    ckpt   -
aco_n12000_r2                FAIL?    ckpt   -
aco_n12000_r3                FAIL?    ckpt   -
dcm_n800_r1                  FAIL?    ckpt   -
dcm_n800_r2                  FAIL?    ckpt   -
dcm_n800_r3                  FAIL?     -     -
dcm_n1600_r1                 ?         -     -
dcm_n1600_r2                 ?         -     -
dcm_n1600_r3                 ?         -     -
dcm_n3200_r1                 ?         -     -
dcm_n3200_r2                 ?         -     -
dcm_n3200_r3                 ?         -     -
dcm_n6400_r1                 ?         -     -
dcm_n6400_r2                 ?         -     -
dcm_n6400_r3                 ?         -     -
dcm_n12000_r1                ?         -     -
dcm_n12000_r2                ?         -     -
dcm_n12000_r3                ?         -     -

Totals: 31 jobs | curves: 0 | test eval: 0

Active Slurm (lc-*):
     JOBID PARTITION                 NAME    STATE       TIME NODELIST(REASON)
    203257       gpu       lc-aco-n800-r1  RUNNING      21:08 gpu25
[H[J=== Learning-curve sweep status 2026-06-29T17:35:39+02:00 ===

JOB                          SLURM    ARTIFACTS TEST E MAE
--------------------------------------------------------------------------------
aco_n800_r1                  RUN?     ckpt   -
aco_n800_r1                  RUN?     ckpt   -
aco_n800_r2                  FAIL?    ckpt   -
aco_n800_r3                  FAIL?    ckpt   -
aco_n1600_r1                 FAIL?    ckpt   -
aco_n1600_r2                 ?         -     -
aco_n1600_r3                 ?         -     -
aco_n3200_r1                 ?         -     -
aco_n3200_r2                 ?         -     -
aco_n3200_r3                 ?         -     -
aco_n6400_r1                 FAIL?    ckpt   -
aco_n6400_r2                 FAIL?    ckpt   -
aco_n6400_r3                 FAIL?    ckpt   -
aco_n12000_r1                FAIL?    ckpt   -
aco_n12000_r2                FAIL?    ckpt   -
aco_n12000_r3                FAIL?    ckpt   -
dcm_n800_r1                  FAIL?    ckpt   -
dcm_n800_r2                  FAIL?    ckpt   -
dcm_n800_r3                  FAIL?     -     -
dcm_n1600_r1                 ?         -     -
dcm_n1600_r2                 ?         -     -
dcm_n1600_r3                 ?         -     -
dcm_n3200_r1                 ?         -     -
dcm_n3200_r2                 ?         -     -
dcm_n3200_r3                 ?         -     -
dcm_n6400_r1                 ?         -     -
dcm_n6400_r2                 ?         -     -
dcm_n6400_r3                 ?         -     -
dcm_n12000_r1                ?         -     -
dcm_n12000_r2                ?         -     -
dcm_n12000_r3                ?         -     -

Totals: 31 jobs | curves: 0 | test eval: 0

Active Slurm (lc-*):
     JOBID PARTITION                 NAME    STATE       TIME NODELIST(REASON)
    203257       gpu       lc-aco-n800-r1  RUNNING      22:08 gpu25
[H[J=== Learning-curve sweep status 2026-06-29T17:36:39+02:00 ===

JOB                          SLURM    ARTIFACTS TEST E MAE
--------------------------------------------------------------------------------
aco_n800_r1                  RUN?     ckpt   -
aco_n800_r1                  RUN?     ckpt   -
aco_n800_r2                  FAIL?    ckpt   -
aco_n800_r3                  FAIL?    ckpt   -
aco_n1600_r1                 FAIL?    ckpt   -
aco_n1600_r2                 ?         -     -
aco_n1600_r3                 ?         -     -
aco_n3200_r1                 ?         -     -
aco_n3200_r2                 ?         -     -
aco_n3200_r3                 ?         -     -
aco_n6400_r1                 FAIL?    ckpt   -
aco_n6400_r2                 FAIL?    ckpt   -
aco_n6400_r3                 FAIL?    ckpt   -
aco_n12000_r1                FAIL?    ckpt   -
aco_n12000_r2                FAIL?    ckpt   -
aco_n12000_r3                FAIL?    ckpt   -
dcm_n800_r1                  FAIL?    ckpt   -
dcm_n800_r2                  FAIL?    ckpt   -
dcm_n800_r3                  FAIL?     -     -
dcm_n1600_r1                 ?         -     -
dcm_n1600_r2                 ?         -     -
dcm_n1600_r3                 ?         -     -
dcm_n3200_r1                 ?         -     -
dcm_n3200_r2                 ?         -     -
dcm_n3200_r3                 ?         -     -
dcm_n6400_r1                 ?         -     -
dcm_n6400_r2                 ?         -     -
dcm_n6400_r3                 ?         -     -
dcm_n12000_r1                ?         -     -
dcm_n12000_r2                ?         -     -
dcm_n12000_r3                ?         -     -

Totals: 31 jobs | curves: 0 | test eval: 0

Active Slurm (lc-*):
     JOBID PARTITION                 NAME    STATE       TIME NODELIST(REASON)
    203257       gpu       lc-aco-n800-r1  RUNNING      23:08 gpu25
[H[J=== Learning-curve sweep status 2026-06-29T17:37:39+02:00 ===

JOB                          SLURM    ARTIFACTS TEST E MAE
--------------------------------------------------------------------------------
aco_n800_r1                  RUN?     ckpt   -
aco_n800_r1                  RUN?     ckpt   -
aco_n800_r2                  FAIL?    ckpt   -
aco_n800_r3                  FAIL?    ckpt   -
aco_n1600_r1                 FAIL?    ckpt   -
aco_n1600_r2                 ?         -     -
aco_n1600_r3                 ?         -     -
aco_n3200_r1                 ?         -     -
aco_n3200_r2                 ?         -     -
aco_n3200_r3                 ?         -     -
aco_n6400_r1                 FAIL?    ckpt   -
aco_n6400_r2                 FAIL?    ckpt   -
aco_n6400_r3                 FAIL?    ckpt   -
aco_n12000_r1                FAIL?    ckpt   -
aco_n12000_r2                FAIL?    ckpt   -
aco_n12000_r3                FAIL?    ckpt   -
dcm_n800_r1                  FAIL?    ckpt   -
dcm_n800_r2                  FAIL?    ckpt   -
dcm_n800_r3                  FAIL?     -     -
dcm_n1600_r1                 ?         -     -
dcm_n1600_r2                 ?         -     -
dcm_n1600_r3                 ?         -     -
dcm_n3200_r1                 ?         -     -
dcm_n3200_r2                 ?         -     -
dcm_n3200_r3                 ?         -     -
dcm_n6400_r1                 ?         -     -
dcm_n6400_r2                 ?         -     -
dcm_n6400_r3                 ?         -     -
dcm_n12000_r1                ?         -     -
dcm_n12000_r2                ?         -     -
dcm_n12000_r3                ?         -     -

Totals: 31 jobs | curves: 0 | test eval: 0

Active Slurm (lc-*):
     JOBID PARTITION                 NAME    STATE       TIME NODELIST(REASON)
    203257       gpu       lc-aco-n800-r1  RUNNING      24:08 gpu25
[H[J=== Learning-curve sweep status 2026-06-29T17:38:39+02:00 ===

JOB                          SLURM    ARTIFACTS TEST E MAE
--------------------------------------------------------------------------------
aco_n800_r1                  RUN?     ckpt   -
aco_n800_r1                  RUN?     ckpt   -
aco_n800_r2                  FAIL?    ckpt   -
aco_n800_r3                  FAIL?    ckpt   -
aco_n1600_r1                 FAIL?    ckpt   -
aco_n1600_r2                 ?         -     -
aco_n1600_r3                 ?         -     -
aco_n3200_r1                 ?         -     -
aco_n3200_r2                 ?         -     -
aco_n3200_r3                 ?         -     -
aco_n6400_r1                 FAIL?    ckpt   -
aco_n6400_r2                 FAIL?    ckpt   -
aco_n6400_r3                 FAIL?    ckpt   -
aco_n12000_r1                FAIL?    ckpt   -
aco_n12000_r2                FAIL?    ckpt   -
aco_n12000_r3                FAIL?    ckpt   -
dcm_n800_r1                  FAIL?    ckpt   -
dcm_n800_r2                  FAIL?    ckpt   -
dcm_n800_r3                  FAIL?     -     -
dcm_n1600_r1                 ?         -     -
dcm_n1600_r2                 ?         -     -
dcm_n1600_r3                 ?         -     -
dcm_n3200_r1                 ?         -     -
dcm_n3200_r2                 ?         -     -
dcm_n3200_r3                 ?         -     -
dcm_n6400_r1                 ?         -     -
dcm_n6400_r2                 ?         -     -
dcm_n6400_r3                 ?         -     -
dcm_n12000_r1                ?         -     -
dcm_n12000_r2                ?         -     -
dcm_n12000_r3                ?         -     -

Totals: 31 jobs | curves: 0 | test eval: 0

Active Slurm (lc-*):
     JOBID PARTITION                 NAME    STATE       TIME NODELIST(REASON)
    203257       gpu       lc-aco-n800-r1  RUNNING      25:08 gpu25
[H[J=== Learning-curve sweep status 2026-06-29T17:39:39+02:00 ===

JOB                          SLURM    ARTIFACTS TEST E MAE
--------------------------------------------------------------------------------
aco_n800_r1                  RUN?     ckpt   -
aco_n800_r1                  RUN?     ckpt   -
aco_n800_r2                  FAIL?    ckpt   -
aco_n800_r3                  FAIL?    ckpt   -
aco_n1600_r1                 FAIL?    ckpt   -
aco_n1600_r2                 ?         -     -
aco_n1600_r3                 ?         -     -
aco_n3200_r1                 ?         -     -
aco_n3200_r2                 ?         -     -
aco_n3200_r3                 ?         -     -
aco_n6400_r1                 FAIL?    ckpt   -
aco_n6400_r2                 FAIL?    ckpt   -
aco_n6400_r3                 FAIL?    ckpt   -
aco_n12000_r1                FAIL?    ckpt   -
aco_n12000_r2                FAIL?    ckpt   -
aco_n12000_r3                FAIL?    ckpt   -
dcm_n800_r1                  FAIL?    ckpt   -
dcm_n800_r2                  FAIL?    ckpt   -
dcm_n800_r3                  FAIL?     -     -
dcm_n1600_r1                 ?         -     -
dcm_n1600_r2                 ?         -     -
dcm_n1600_r3                 ?         -     -
dcm_n3200_r1                 ?         -     -
dcm_n3200_r2                 ?         -     -
dcm_n3200_r3                 ?         -     -
dcm_n6400_r1                 ?         -     -
dcm_n6400_r2                 ?         -     -
dcm_n6400_r3                 ?         -     -
dcm_n12000_r1                ?         -     -
dcm_n12000_r2                ?         -     -
dcm_n12000_r3                ?         -     -

Totals: 31 jobs | curves: 0 | test eval: 0

Active Slurm (lc-*):
     JOBID PARTITION                 NAME    STATE       TIME NODELIST(REASON)
    203257       gpu       lc-aco-n800-r1  RUNNING      26:08 gpu25
[H[J=== Learning-curve sweep status 2026-06-29T17:40:39+02:00 ===

JOB                          SLURM    ARTIFACTS TEST E MAE
--------------------------------------------------------------------------------
aco_n800_r1                  RUN?     ckpt   -
aco_n800_r1                  RUN?     ckpt   -
aco_n800_r2                  FAIL?    ckpt   -
aco_n800_r3                  FAIL?    ckpt   -
aco_n1600_r1                 FAIL?    ckpt   -
aco_n1600_r2                 ?         -     -
aco_n1600_r3                 ?         -     -
aco_n3200_r1                 ?         -     -
aco_n3200_r2                 ?         -     -
aco_n3200_r3                 ?         -     -
aco_n6400_r1                 FAIL?    ckpt   -
aco_n6400_r2                 FAIL?    ckpt   -
aco_n6400_r3                 FAIL?    ckpt   -
aco_n12000_r1                FAIL?    ckpt   -
aco_n12000_r2                FAIL?    ckpt   -
aco_n12000_r3                FAIL?    ckpt   -
dcm_n800_r1                  FAIL?    ckpt   -
dcm_n800_r2                  FAIL?    ckpt   -
dcm_n800_r3                  FAIL?     -     -
dcm_n1600_r1                 ?         -     -
dcm_n1600_r2                 ?         -     -
dcm_n1600_r3                 ?         -     -
dcm_n3200_r1                 ?         -     -
dcm_n3200_r2                 ?         -     -
dcm_n3200_r3                 ?         -     -
dcm_n6400_r1                 ?         -     -
dcm_n6400_r2                 ?         -     -
dcm_n6400_r3                 ?         -     -
dcm_n12000_r1                ?         -     -
dcm_n12000_r2                ?         -     -
dcm_n12000_r3                ?         -     -

Totals: 31 jobs | curves: 0 | test eval: 0

Active Slurm (lc-*):
     JOBID PARTITION                 NAME    STATE       TIME NODELIST(REASON)
    203257       gpu       lc-aco-n800-r1  RUNNING      27:09 gpu25
[H[J=== Learning-curve sweep status 2026-06-29T17:41:40+02:00 ===

JOB                          SLURM    ARTIFACTS TEST E MAE
--------------------------------------------------------------------------------
aco_n800_r1                  RUN?     ckpt   -
aco_n800_r1                  RUN?     ckpt   -
aco_n800_r2                  FAIL?    ckpt   -
aco_n800_r3                  FAIL?    ckpt   -
aco_n1600_r1                 FAIL?    ckpt   -
aco_n1600_r2                 ?         -     -
aco_n1600_r3                 ?         -     -
aco_n3200_r1                 ?         -     -
aco_n3200_r2                 ?         -     -
aco_n3200_r3                 ?         -     -
aco_n6400_r1                 FAIL?    ckpt   -
aco_n6400_r2                 FAIL?    ckpt   -
aco_n6400_r3                 FAIL?    ckpt   -
aco_n12000_r1                FAIL?    ckpt   -
aco_n12000_r2                FAIL?    ckpt   -
aco_n12000_r3                FAIL?    ckpt   -
dcm_n800_r1                  FAIL?    ckpt   -
dcm_n800_r2                  FAIL?    ckpt   -
dcm_n800_r3                  FAIL?     -     -
dcm_n1600_r1                 ?         -     -
dcm_n1600_r2                 ?         -     -
dcm_n1600_r3                 ?         -     -
dcm_n3200_r1                 ?         -     -
dcm_n3200_r2                 ?         -     -
dcm_n3200_r3                 ?         -     -
dcm_n6400_r1                 ?         -     -
dcm_n6400_r2                 ?         -     -
dcm_n6400_r3                 ?         -     -
dcm_n12000_r1                ?         -     -
dcm_n12000_r2                ?         -     -
dcm_n12000_r3                ?         -     -

Totals: 31 jobs | curves: 0 | test eval: 0

Active Slurm (lc-*):
     JOBID PARTITION                 NAME    STATE       TIME NODELIST(REASON)
    203257       gpu       lc-aco-n800-r1  RUNNING      28:09 gpu25
[H[J=== Learning-curve sweep status 2026-06-29T17:42:40+02:00 ===

JOB                          SLURM    ARTIFACTS TEST E MAE
--------------------------------------------------------------------------------
aco_n800_r1                  RUN?     ckpt   -
aco_n800_r1                  RUN?     ckpt   -
aco_n800_r2                  FAIL?    ckpt   -
aco_n800_r3                  FAIL?    ckpt   -
aco_n1600_r1                 FAIL?    ckpt   -
aco_n1600_r2                 ?         -     -
aco_n1600_r3                 ?         -     -
aco_n3200_r1                 ?         -     -
aco_n3200_r2                 ?         -     -
aco_n3200_r3                 ?         -     -
aco_n6400_r1                 FAIL?    ckpt   -
aco_n6400_r2                 FAIL?    ckpt   -
aco_n6400_r3                 FAIL?    ckpt   -
aco_n12000_r1                FAIL?    ckpt   -
aco_n12000_r2                FAIL?    ckpt   -
aco_n12000_r3                FAIL?    ckpt   -
dcm_n800_r1                  FAIL?    ckpt   -
dcm_n800_r2                  FAIL?    ckpt   -
dcm_n800_r3                  FAIL?     -     -
dcm_n1600_r1                 ?         -     -
dcm_n1600_r2                 ?         -     -
dcm_n1600_r3                 ?         -     -
dcm_n3200_r1                 ?         -     -
dcm_n3200_r2                 ?         -     -
dcm_n3200_r3                 ?         -     -
dcm_n6400_r1                 ?         -     -
dcm_n6400_r2                 ?         -     -
dcm_n6400_r3                 ?         -     -
dcm_n12000_r1                ?         -     -
dcm_n12000_r2                ?         -     -
dcm_n12000_r3                ?         -     -

Totals: 31 jobs | curves: 0 | test eval: 0

Active Slurm (lc-*):
     JOBID PARTITION                 NAME    STATE       TIME NODELIST(REASON)
    203257       gpu       lc-aco-n800-r1  RUNNING      29:09 gpu25
[H[J=== Learning-curve sweep status 2026-06-29T17:43:40+02:00 ===

JOB                          SLURM    ARTIFACTS TEST E MAE
--------------------------------------------------------------------------------
aco_n800_r1                  RUN?     ckpt   -
aco_n800_r1                  RUN?     ckpt   -
aco_n800_r2                  FAIL?    ckpt   -
aco_n800_r3                  FAIL?    ckpt   -
aco_n1600_r1                 FAIL?    ckpt   -
aco_n1600_r2                 ?         -     -
aco_n1600_r3                 ?         -     -
aco_n3200_r1                 ?         -     -
aco_n3200_r2                 ?         -     -
aco_n3200_r3                 ?         -     -
aco_n6400_r1                 FAIL?    ckpt   -
aco_n6400_r2                 FAIL?    ckpt   -
aco_n6400_r3                 FAIL?    ckpt   -
aco_n12000_r1                FAIL?    ckpt   -
aco_n12000_r2                FAIL?    ckpt   -
aco_n12000_r3                FAIL?    ckpt   -
dcm_n800_r1                  FAIL?    ckpt   -
dcm_n800_r2                  FAIL?    ckpt   -
dcm_n800_r3                  FAIL?     -     -
dcm_n1600_r1                 ?         -     -
dcm_n1600_r2                 ?         -     -
dcm_n1600_r3                 ?         -     -
dcm_n3200_r1                 ?         -     -
dcm_n3200_r2                 ?         -     -
dcm_n3200_r3                 ?         -     -
dcm_n6400_r1                 ?         -     -
dcm_n6400_r2                 ?         -     -
dcm_n6400_r3                 ?         -     -
dcm_n12000_r1                ?         -     -
dcm_n12000_r2                ?         -     -
dcm_n12000_r3                ?         -     -

Totals: 31 jobs | curves: 0 | test eval: 0

Active Slurm (lc-*):
     JOBID PARTITION                 NAME    STATE       TIME NODELIST(REASON)
    203257       gpu       lc-aco-n800-r1  RUNNING      30:09 gpu25
[H[J=== Learning-curve sweep status 2026-06-29T17:44:40+02:00 ===

JOB                          SLURM    ARTIFACTS TEST E MAE
--------------------------------------------------------------------------------
aco_n800_r1                  RUN?     ckpt   -
aco_n800_r1                  RUN?     ckpt   -
aco_n800_r2                  FAIL?    ckpt   -
aco_n800_r3                  FAIL?    ckpt   -
aco_n1600_r1                 FAIL?    ckpt   -
aco_n1600_r2                 ?         -     -
aco_n1600_r3                 ?         -     -
aco_n3200_r1                 ?         -     -
aco_n3200_r2                 ?         -     -
aco_n3200_r3                 ?         -     -
aco_n6400_r1                 FAIL?    ckpt   -
aco_n6400_r2                 FAIL?    ckpt   -
aco_n6400_r3                 FAIL?    ckpt   -
aco_n12000_r1                FAIL?    ckpt   -
aco_n12000_r2                FAIL?    ckpt   -
aco_n12000_r3                FAIL?    ckpt   -
dcm_n800_r1                  FAIL?    ckpt   -
dcm_n800_r2                  FAIL?    ckpt   -
dcm_n800_r3                  FAIL?     -     -
dcm_n1600_r1                 ?         -     -
dcm_n1600_r2                 ?         -     -
dcm_n1600_r3                 ?         -     -
dcm_n3200_r1                 ?         -     -
dcm_n3200_r2                 ?         -     -
dcm_n3200_r3                 ?         -     -
dcm_n6400_r1                 ?         -     -
dcm_n6400_r2                 ?         -     -
dcm_n6400_r3                 ?         -     -
dcm_n12000_r1                ?         -     -
dcm_n12000_r2                ?         -     -
dcm_n12000_r3                ?         -     -

Totals: 31 jobs | curves: 0 | test eval: 0

Active Slurm (lc-*):
     JOBID PARTITION                 NAME    STATE       TIME NODELIST(REASON)
    203257       gpu       lc-aco-n800-r1  RUNNING      31:09 gpu25
[H[J=== Learning-curve sweep status 2026-06-29T17:45:40+02:00 ===

JOB                          SLURM    ARTIFACTS TEST E MAE
--------------------------------------------------------------------------------
aco_n800_r1                  RUN?     ckpt   -
aco_n800_r1                  RUN?     ckpt   -
aco_n800_r2                  FAIL?    ckpt   -
aco_n800_r3                  FAIL?    ckpt   -
aco_n1600_r1                 FAIL?    ckpt   -
aco_n1600_r2                 ?         -     -
aco_n1600_r3                 ?         -     -
aco_n3200_r1                 ?         -     -
aco_n3200_r2                 ?         -     -
aco_n3200_r3                 ?         -     -
aco_n6400_r1                 FAIL?    ckpt   -
aco_n6400_r2                 FAIL?    ckpt   -
aco_n6400_r3                 FAIL?    ckpt   -
aco_n12000_r1                FAIL?    ckpt   -
aco_n12000_r2                FAIL?    ckpt   -
aco_n12000_r3                FAIL?    ckpt   -
dcm_n800_r1                  FAIL?    ckpt   -
dcm_n800_r2                  FAIL?    ckpt   -
dcm_n800_r3                  FAIL?     -     -
dcm_n1600_r1                 ?         -     -
dcm_n1600_r2                 ?         -     -
dcm_n1600_r3                 ?         -     -
dcm_n3200_r1                 ?         -     -
dcm_n3200_r2                 ?         -     -
dcm_n3200_r3                 ?         -     -
dcm_n6400_r1                 ?         -     -
dcm_n6400_r2                 ?         -     -
dcm_n6400_r3                 ?         -     -
dcm_n12000_r1                ?         -     -
dcm_n12000_r2                ?         -     -
dcm_n12000_r3                ?         -     -

Totals: 31 jobs | curves: 0 | test eval: 0

Active Slurm (lc-*):
     JOBID PARTITION                 NAME    STATE       TIME NODELIST(REASON)
    203257       gpu       lc-aco-n800-r1  RUNNING      32:09 gpu25
[H[J=== Learning-curve sweep status 2026-06-29T17:46:40+02:00 ===

JOB                          SLURM    ARTIFACTS TEST E MAE
--------------------------------------------------------------------------------
aco_n800_r1                  RUN?     ckpt   -
aco_n800_r1                  RUN?     ckpt   -
aco_n800_r2                  FAIL?    ckpt   -
aco_n800_r3                  FAIL?    ckpt   -
aco_n1600_r1                 FAIL?    ckpt   -
aco_n1600_r2                 ?         -     -
aco_n1600_r3                 ?         -     -
aco_n3200_r1                 ?         -     -
aco_n3200_r2                 ?         -     -
aco_n3200_r3                 ?         -     -
aco_n6400_r1                 FAIL?    ckpt   -
aco_n6400_r2                 FAIL?    ckpt   -
aco_n6400_r3                 FAIL?    ckpt   -
aco_n12000_r1                FAIL?    ckpt   -
aco_n12000_r2                FAIL?    ckpt   -
aco_n12000_r3                FAIL?    ckpt   -
dcm_n800_r1                  FAIL?    ckpt   -
dcm_n800_r2                  FAIL?    ckpt   -
dcm_n800_r3                  FAIL?     -     -
dcm_n1600_r1                 ?         -     -
dcm_n1600_r2                 ?         -     -
dcm_n1600_r3                 ?         -     -
dcm_n3200_r1                 ?         -     -
dcm_n3200_r2                 ?         -     -
dcm_n3200_r3                 ?         -     -
dcm_n6400_r1                 ?         -     -
dcm_n6400_r2                 ?         -     -
dcm_n6400_r3                 ?         -     -
dcm_n12000_r1                ?         -     -
dcm_n12000_r2                ?         -     -
dcm_n12000_r3                ?         -     -

Totals: 31 jobs | curves: 0 | test eval: 0

Active Slurm (lc-*):
     JOBID PARTITION                 NAME    STATE       TIME NODELIST(REASON)
    203257       gpu       lc-aco-n800-r1  RUNNING      33:09 gpu25
[H[J=== Learning-curve sweep status 2026-06-29T17:47:40+02:00 ===

JOB                          SLURM    ARTIFACTS TEST E MAE
--------------------------------------------------------------------------------
aco_n800_r1                  RUN?     ckpt   -
aco_n800_r1                  RUN?     ckpt   -
aco_n800_r2                  FAIL?    ckpt   -
aco_n800_r3                  FAIL?    ckpt   -
aco_n1600_r1                 FAIL?    ckpt   -
aco_n1600_r2                 ?         -     -
aco_n1600_r3                 ?         -     -
aco_n3200_r1                 ?         -     -
aco_n3200_r2                 ?         -     -
aco_n3200_r3                 ?         -     -
aco_n6400_r1                 FAIL?    ckpt   -
aco_n6400_r2                 FAIL?    ckpt   -
aco_n6400_r3                 FAIL?    ckpt   -
aco_n12000_r1                FAIL?    ckpt   -
aco_n12000_r2                FAIL?    ckpt   -
aco_n12000_r3                FAIL?    ckpt   -
dcm_n800_r1                  FAIL?    ckpt   -
dcm_n800_r2                  FAIL?    ckpt   -
dcm_n800_r3                  FAIL?     -     -
dcm_n1600_r1                 ?         -     -
dcm_n1600_r2                 ?         -     -
dcm_n1600_r3                 ?         -     -
dcm_n3200_r1                 ?         -     -
dcm_n3200_r2                 ?         -     -
dcm_n3200_r3                 ?         -     -
dcm_n6400_r1                 ?         -     -
dcm_n6400_r2                 ?         -     -
dcm_n6400_r3                 ?         -     -
dcm_n12000_r1                ?         -     -
dcm_n12000_r2                ?         -     -
dcm_n12000_r3                ?         -     -

Totals: 31 jobs | curves: 0 | test eval: 0

Active Slurm (lc-*):
     JOBID PARTITION                 NAME    STATE       TIME NODELIST(REASON)
    203257       gpu       lc-aco-n800-r1  RUNNING      34:09 gpu25
[H[J=== Learning-curve sweep status 2026-06-29T17:48:40+02:00 ===

JOB                          SLURM    ARTIFACTS TEST E MAE
--------------------------------------------------------------------------------
aco_n800_r1                  RUN?     ckpt   -
aco_n800_r1                  RUN?     ckpt   -
aco_n800_r2                  FAIL?    ckpt   -
aco_n800_r3                  FAIL?    ckpt   -
aco_n1600_r1                 FAIL?    ckpt   -
aco_n1600_r2                 ?         -     -
aco_n1600_r3                 ?         -     -
aco_n3200_r1                 ?         -     -
aco_n3200_r2                 ?         -     -
aco_n3200_r3                 ?         -     -
aco_n6400_r1                 FAIL?    ckpt   -
aco_n6400_r2                 FAIL?    ckpt   -
aco_n6400_r3                 FAIL?    ckpt   -
aco_n12000_r1                FAIL?    ckpt   -
aco_n12000_r2                FAIL?    ckpt   -
aco_n12000_r3                FAIL?    ckpt   -
dcm_n800_r1                  FAIL?    ckpt   -
dcm_n800_r2                  FAIL?    ckpt   -
dcm_n800_r3                  FAIL?     -     -
dcm_n1600_r1                 ?         -     -
dcm_n1600_r2                 ?         -     -
dcm_n1600_r3                 ?         -     -
dcm_n3200_r1                 ?         -     -
dcm_n3200_r2                 ?         -     -
dcm_n3200_r3                 ?         -     -
dcm_n6400_r1                 ?         -     -
dcm_n6400_r2                 ?         -     -
dcm_n6400_r3                 ?         -     -
dcm_n12000_r1                ?         -     -
dcm_n12000_r2                ?         -     -
dcm_n12000_r3                ?         -     -

Totals: 31 jobs | curves: 0 | test eval: 0

Active Slurm (lc-*):
     JOBID PARTITION                 NAME    STATE       TIME NODELIST(REASON)
    203257       gpu       lc-aco-n800-r1  RUNNING      35:10 gpu25
[H[J=== Learning-curve sweep status 2026-06-29T17:49:41+02:00 ===

JOB                          SLURM    ARTIFACTS TEST E MAE
--------------------------------------------------------------------------------
aco_n800_r1                  RUN?     ckpt   -
aco_n800_r1                  RUN?     ckpt   -
aco_n800_r2                  FAIL?    ckpt   -
aco_n800_r3                  FAIL?    ckpt   -
aco_n1600_r1                 FAIL?    ckpt   -
aco_n1600_r2                 ?         -     -
aco_n1600_r3                 ?         -     -
aco_n3200_r1                 ?         -     -
aco_n3200_r2                 ?         -     -
aco_n3200_r3                 ?         -     -
aco_n6400_r1                 FAIL?    ckpt   -
aco_n6400_r2                 FAIL?    ckpt   -
aco_n6400_r3                 FAIL?    ckpt   -
aco_n12000_r1                FAIL?    ckpt   -
aco_n12000_r2                FAIL?    ckpt   -
aco_n12000_r3                FAIL?    ckpt   -
dcm_n800_r1                  FAIL?    ckpt   -
dcm_n800_r2                  FAIL?    ckpt   -
dcm_n800_r3                  FAIL?     -     -
dcm_n1600_r1                 ?         -     -
dcm_n1600_r2                 ?         -     -
dcm_n1600_r3                 ?         -     -
dcm_n3200_r1                 ?         -     -
dcm_n3200_r2                 ?         -     -
dcm_n3200_r3                 ?         -     -
dcm_n6400_r1                 ?         -     -
dcm_n6400_r2                 ?         -     -
dcm_n6400_r3                 ?         -     -
dcm_n12000_r1                ?         -     -
dcm_n12000_r2                ?         -     -
dcm_n12000_r3                ?         -     -

Totals: 31 jobs | curves: 0 | test eval: 0

Active Slurm (lc-*):
     JOBID PARTITION                 NAME    STATE       TIME NODELIST(REASON)
    203257       gpu       lc-aco-n800-r1  RUNNING      36:10 gpu25
[H[J=== Learning-curve sweep status 2026-06-29T17:50:41+02:00 ===

JOB                          SLURM    ARTIFACTS TEST E MAE
--------------------------------------------------------------------------------
aco_n800_r1                  RUN?     ckpt   -
aco_n800_r1                  RUN?     ckpt   -
aco_n800_r2                  FAIL?    ckpt   -
aco_n800_r3                  FAIL?    ckpt   -
aco_n1600_r1                 FAIL?    ckpt   -
aco_n1600_r2                 ?         -     -
aco_n1600_r3                 ?         -     -
aco_n3200_r1                 ?         -     -
aco_n3200_r2                 ?         -     -
aco_n3200_r3                 ?         -     -
aco_n6400_r1                 FAIL?    ckpt   -
aco_n6400_r2                 FAIL?    ckpt   -
aco_n6400_r3                 FAIL?    ckpt   -
aco_n12000_r1                FAIL?    ckpt   -
aco_n12000_r2                FAIL?    ckpt   -
aco_n12000_r3                FAIL?    ckpt   -
dcm_n800_r1                  FAIL?    ckpt   -
dcm_n800_r2                  FAIL?    ckpt   -
dcm_n800_r3                  FAIL?     -     -
dcm_n1600_r1                 ?         -     -
dcm_n1600_r2                 ?         -     -
dcm_n1600_r3                 ?         -     -
dcm_n3200_r1                 ?         -     -
dcm_n3200_r2                 ?         -     -
dcm_n3200_r3                 ?         -     -
dcm_n6400_r1                 ?         -     -
dcm_n6400_r2                 ?         -     -
dcm_n6400_r3                 ?         -     -
dcm_n12000_r1                ?         -     -
dcm_n12000_r2                ?         -     -
dcm_n12000_r3                ?         -     -

Totals: 31 jobs | curves: 0 | test eval: 0

Active Slurm (lc-*):
     JOBID PARTITION                 NAME    STATE       TIME NODELIST(REASON)
    203257       gpu       lc-aco-n800-r1  RUNNING      37:10 gpu25
[H[J=== Learning-curve sweep status 2026-06-29T17:51:41+02:00 ===

JOB                          SLURM    ARTIFACTS TEST E MAE
--------------------------------------------------------------------------------
aco_n800_r1                  RUN?     ckpt   -
aco_n800_r1                  RUN?     ckpt   -
aco_n800_r2                  FAIL?    ckpt   -
aco_n800_r3                  FAIL?    ckpt   -
aco_n1600_r1                 FAIL?    ckpt   -
aco_n1600_r2                 ?         -     -
aco_n1600_r3                 ?         -     -
aco_n3200_r1                 ?         -     -
aco_n3200_r2                 ?         -     -
aco_n3200_r3                 ?         -     -
aco_n6400_r1                 FAIL?    ckpt   -
aco_n6400_r2                 FAIL?    ckpt   -
aco_n6400_r3                 FAIL?    ckpt   -
aco_n12000_r1                FAIL?    ckpt   -
aco_n12000_r2                FAIL?    ckpt   -
aco_n12000_r3                FAIL?    ckpt   -
dcm_n800_r1                  FAIL?    ckpt   -
dcm_n800_r2                  FAIL?    ckpt   -
dcm_n800_r3                  FAIL?     -     -
dcm_n1600_r1                 ?         -     -
dcm_n1600_r2                 ?         -     -
dcm_n1600_r3                 ?         -     -
dcm_n3200_r1                 ?         -     -
dcm_n3200_r2                 ?         -     -
dcm_n3200_r3                 ?         -     -
dcm_n6400_r1                 ?         -     -
dcm_n6400_r2                 ?         -     -
dcm_n6400_r3                 ?         -     -
dcm_n12000_r1                ?         -     -
dcm_n12000_r2                ?         -     -
dcm_n12000_r3                ?         -     -

Totals: 31 jobs | curves: 0 | test eval: 0

Active Slurm (lc-*):
     JOBID PARTITION                 NAME    STATE       TIME NODELIST(REASON)
    203257       gpu       lc-aco-n800-r1  RUNNING      38:10 gpu25
[H[J=== Learning-curve sweep status 2026-06-29T17:52:41+02:00 ===

JOB                          SLURM    ARTIFACTS TEST E MAE
--------------------------------------------------------------------------------
aco_n800_r1                  RUN?     ckpt   -
aco_n800_r1                  RUN?     ckpt   -
aco_n800_r2                  FAIL?    ckpt   -
aco_n800_r3                  FAIL?    ckpt   -
aco_n1600_r1                 FAIL?    ckpt   -
aco_n1600_r2                 ?         -     -
aco_n1600_r3                 ?         -     -
aco_n3200_r1                 ?         -     -
aco_n3200_r2                 ?         -     -
aco_n3200_r3                 ?         -     -
aco_n6400_r1                 FAIL?    ckpt   -
aco_n6400_r2                 FAIL?    ckpt   -
aco_n6400_r3                 FAIL?    ckpt   -
aco_n12000_r1                FAIL?    ckpt   -
aco_n12000_r2                FAIL?    ckpt   -
aco_n12000_r3                FAIL?    ckpt   -
dcm_n800_r1                  FAIL?    ckpt   -
dcm_n800_r2                  FAIL?    ckpt   -
dcm_n800_r3                  FAIL?     -     -
dcm_n1600_r1                 ?         -     -
dcm_n1600_r2                 ?         -     -
dcm_n1600_r3                 ?         -     -
dcm_n3200_r1                 ?         -     -
dcm_n3200_r2                 ?         -     -
dcm_n3200_r3                 ?         -     -
dcm_n6400_r1                 ?         -     -
dcm_n6400_r2                 ?         -     -
dcm_n6400_r3                 ?         -     -
dcm_n12000_r1                ?         -     -
dcm_n12000_r2                ?         -     -
dcm_n12000_r3                ?         -     -

Totals: 31 jobs | curves: 0 | test eval: 0

Active Slurm (lc-*):
     JOBID PARTITION                 NAME    STATE       TIME NODELIST(REASON)
    203257       gpu       lc-aco-n800-r1  RUNNING      39:10 gpu25
[H[J=== Learning-curve sweep status 2026-06-29T17:53:41+02:00 ===

JOB                          SLURM    ARTIFACTS TEST E MAE
--------------------------------------------------------------------------------
aco_n800_r1                  RUN?     ckpt   -
aco_n800_r1                  RUN?     ckpt   -
aco_n800_r2                  FAIL?    ckpt   -
aco_n800_r3                  FAIL?    ckpt   -
aco_n1600_r1                 FAIL?    ckpt   -
aco_n1600_r2                 ?         -     -
aco_n1600_r3                 ?         -     -
aco_n3200_r1                 ?         -     -
aco_n3200_r2                 ?         -     -
aco_n3200_r3                 ?         -     -
aco_n6400_r1                 FAIL?    ckpt   -
aco_n6400_r2                 FAIL?    ckpt   -
aco_n6400_r3                 FAIL?    ckpt   -
aco_n12000_r1                FAIL?    ckpt   -
aco_n12000_r2                FAIL?    ckpt   -
aco_n12000_r3                FAIL?    ckpt   -
dcm_n800_r1                  FAIL?    ckpt   -
dcm_n800_r2                  FAIL?    ckpt   -
dcm_n800_r3                  FAIL?     -     -
dcm_n1600_r1                 ?         -     -
dcm_n1600_r2                 ?         -     -
dcm_n1600_r3                 ?         -     -
dcm_n3200_r1                 ?         -     -
dcm_n3200_r2                 ?         -     -
dcm_n3200_r3                 ?         -     -
dcm_n6400_r1                 ?         -     -
dcm_n6400_r2                 ?         -     -
dcm_n6400_r3                 ?         -     -
dcm_n12000_r1                ?         -     -
dcm_n12000_r2                ?         -     -
dcm_n12000_r3                ?         -     -

Totals: 31 jobs | curves: 0 | test eval: 0

Active Slurm (lc-*):
     JOBID PARTITION                 NAME    STATE       TIME NODELIST(REASON)
    203257       gpu       lc-aco-n800-r1  RUNNING      40:11 gpu25
[H[J=== Learning-curve sweep status 2026-06-29T17:54:42+02:00 ===

JOB                          SLURM    ARTIFACTS TEST E MAE
--------------------------------------------------------------------------------
aco_n800_r1                  RUN?     ckpt   -
aco_n800_r1                  RUN?     ckpt   -
aco_n800_r2                  FAIL?    ckpt   -
aco_n800_r3                  FAIL?    ckpt   -
aco_n1600_r1                 FAIL?    ckpt   -
aco_n1600_r2                 ?         -     -
aco_n1600_r3                 ?         -     -
aco_n3200_r1                 ?         -     -
aco_n3200_r2                 ?         -     -
aco_n3200_r3                 ?         -     -
aco_n6400_r1                 FAIL?    ckpt   -
aco_n6400_r2                 FAIL?    ckpt   -
aco_n6400_r3                 FAIL?    ckpt   -
aco_n12000_r1                FAIL?    ckpt   -
aco_n12000_r2                FAIL?    ckpt   -
aco_n12000_r3                FAIL?    ckpt   -
dcm_n800_r1                  FAIL?    ckpt   -
dcm_n800_r2                  FAIL?    ckpt   -
dcm_n800_r3                  FAIL?     -     -
dcm_n1600_r1                 ?         -     -
dcm_n1600_r2                 ?         -     -
dcm_n1600_r3                 ?         -     -
dcm_n3200_r1                 ?         -     -
dcm_n3200_r2                 ?         -     -
dcm_n3200_r3                 ?         -     -
dcm_n6400_r1                 ?         -     -
dcm_n6400_r2                 ?         -     -
dcm_n6400_r3                 ?         -     -
dcm_n12000_r1                ?         -     -
dcm_n12000_r2                ?         -     -
dcm_n12000_r3                ?         -     -

Totals: 31 jobs | curves: 0 | test eval: 0

Active Slurm (lc-*):
     JOBID PARTITION                 NAME    STATE       TIME NODELIST(REASON)
    203257       gpu       lc-aco-n800-r1  RUNNING      41:11 gpu25
[H[J=== Learning-curve sweep status 2026-06-29T17:55:42+02:00 ===

JOB                          SLURM    ARTIFACTS TEST E MAE
--------------------------------------------------------------------------------
aco_n800_r1                  RUN?     ckpt   -
aco_n800_r1                  RUN?     ckpt   -
aco_n800_r2                  FAIL?    ckpt   -
aco_n800_r3                  FAIL?    ckpt   -
aco_n1600_r1                 FAIL?    ckpt   -
aco_n1600_r2                 ?         -     -
aco_n1600_r3                 ?         -     -
aco_n3200_r1                 ?         -     -
aco_n3200_r2                 ?         -     -
aco_n3200_r3                 ?         -     -
aco_n6400_r1                 FAIL?    ckpt   -
aco_n6400_r2                 FAIL?    ckpt   -
aco_n6400_r3                 FAIL?    ckpt   -
aco_n12000_r1                FAIL?    ckpt   -
aco_n12000_r2                FAIL?    ckpt   -
aco_n12000_r3                FAIL?    ckpt   -
dcm_n800_r1                  FAIL?    ckpt   -
dcm_n800_r2                  FAIL?    ckpt   -
dcm_n800_r3                  FAIL?     -     -
dcm_n1600_r1                 ?         -     -
dcm_n1600_r2                 ?         -     -
dcm_n1600_r3                 ?         -     -
dcm_n3200_r1                 ?         -     -
dcm_n3200_r2                 ?         -     -
dcm_n3200_r3                 ?         -     -
dcm_n6400_r1                 ?         -     -
dcm_n6400_r2                 ?         -     -
dcm_n6400_r3                 ?         -     -
dcm_n12000_r1                ?         -     -
dcm_n12000_r2                ?         -     -
dcm_n12000_r3                ?         -     -

Totals: 31 jobs | curves: 0 | test eval: 0

Active Slurm (lc-*):
     JOBID PARTITION                 NAME    STATE       TIME NODELIST(REASON)
    203257       gpu       lc-aco-n800-r1  RUNNING      42:11 gpu25
[H[J=== Learning-curve sweep status 2026-06-29T17:56:42+02:00 ===

JOB                          SLURM    ARTIFACTS TEST E MAE
--------------------------------------------------------------------------------
aco_n800_r1                  RUN?     ckpt   -
aco_n800_r1                  RUN?     ckpt   -
aco_n800_r2                  FAIL?    ckpt   -
aco_n800_r3                  FAIL?    ckpt   -
aco_n1600_r1                 FAIL?    ckpt   -
aco_n1600_r2                 ?         -     -
aco_n1600_r3                 ?         -     -
aco_n3200_r1                 ?         -     -
aco_n3200_r2                 ?         -     -
aco_n3200_r3                 ?         -     -
aco_n6400_r1                 FAIL?    ckpt   -
aco_n6400_r2                 FAIL?    ckpt   -
aco_n6400_r3                 FAIL?    ckpt   -
aco_n12000_r1                FAIL?    ckpt   -
aco_n12000_r2                FAIL?    ckpt   -
aco_n12000_r3                FAIL?    ckpt   -
dcm_n800_r1                  FAIL?    ckpt   -
dcm_n800_r2                  FAIL?    ckpt   -
dcm_n800_r3                  FAIL?     -     -
dcm_n1600_r1                 ?         -     -
dcm_n1600_r2                 ?         -     -
dcm_n1600_r3                 ?         -     -
dcm_n3200_r1                 ?         -     -
dcm_n3200_r2                 ?         -     -
dcm_n3200_r3                 ?         -     -
dcm_n6400_r1                 ?         -     -
dcm_n6400_r2                 ?         -     -
dcm_n6400_r3                 ?         -     -
dcm_n12000_r1                ?         -     -
dcm_n12000_r2                ?         -     -
dcm_n12000_r3                ?         -     -

Totals: 31 jobs | curves: 0 | test eval: 0

Active Slurm (lc-*):
     JOBID PARTITION                 NAME    STATE       TIME NODELIST(REASON)
    203257       gpu       lc-aco-n800-r1  RUNNING      43:11 gpu25
[H[J=== Learning-curve sweep status 2026-06-29T17:57:42+02:00 ===

JOB                          SLURM    ARTIFACTS TEST E MAE
--------------------------------------------------------------------------------
aco_n800_r1                  RUN?     ckpt   -
aco_n800_r1                  RUN?     ckpt   -
aco_n800_r2                  FAIL?    ckpt   -
aco_n800_r3                  FAIL?    ckpt   -
aco_n1600_r1                 FAIL?    ckpt   -
aco_n1600_r2                 ?         -     -
aco_n1600_r3                 ?         -     -
aco_n3200_r1                 ?         -     -
aco_n3200_r2                 ?         -     -
aco_n3200_r3                 ?         -     -
aco_n6400_r1                 FAIL?    ckpt   -
aco_n6400_r2                 FAIL?    ckpt   -
aco_n6400_r3                 FAIL?    ckpt   -
aco_n12000_r1                FAIL?    ckpt   -
aco_n12000_r2                FAIL?    ckpt   -
aco_n12000_r3                FAIL?    ckpt   -
dcm_n800_r1                  FAIL?    ckpt   -
dcm_n800_r2                  FAIL?    ckpt   -
dcm_n800_r3                  FAIL?     -     -
dcm_n1600_r1                 ?         -     -
dcm_n1600_r2                 ?         -     -
dcm_n1600_r3                 ?         -     -
dcm_n3200_r1                 ?         -     -
dcm_n3200_r2                 ?         -     -
dcm_n3200_r3                 ?         -     -
dcm_n6400_r1                 ?         -     -
dcm_n6400_r2                 ?         -     -
dcm_n6400_r3                 ?         -     -
dcm_n12000_r1                ?         -     -
dcm_n12000_r2                ?         -     -
dcm_n12000_r3                ?         -     -

Totals: 31 jobs | curves: 0 | test eval: 0

Active Slurm (lc-*):
     JOBID PARTITION                 NAME    STATE       TIME NODELIST(REASON)
    203257       gpu       lc-aco-n800-r1  RUNNING      44:11 gpu25
[H[J=== Learning-curve sweep status 2026-06-29T17:58:42+02:00 ===

JOB                          SLURM    ARTIFACTS TEST E MAE
--------------------------------------------------------------------------------
aco_n800_r1                  RUN?     ckpt   -
aco_n800_r1                  RUN?     ckpt   -
aco_n800_r2                  FAIL?    ckpt   -
aco_n800_r3                  FAIL?    ckpt   -
aco_n1600_r1                 FAIL?    ckpt   -
aco_n1600_r2                 ?         -     -
aco_n1600_r3                 ?         -     -
aco_n3200_r1                 ?         -     -
aco_n3200_r2                 ?         -     -
aco_n3200_r3                 ?         -     -
aco_n6400_r1                 FAIL?    ckpt   -
aco_n6400_r2                 FAIL?    ckpt   -
aco_n6400_r3                 FAIL?    ckpt   -
aco_n12000_r1                FAIL?    ckpt   -
aco_n12000_r2                FAIL?    ckpt   -
aco_n12000_r3                FAIL?    ckpt   -
dcm_n800_r1                  FAIL?    ckpt   -
dcm_n800_r2                  FAIL?    ckpt   -
dcm_n800_r3                  FAIL?     -     -
dcm_n1600_r1                 ?         -     -
dcm_n1600_r2                 ?         -     -
dcm_n1600_r3                 ?         -     -
dcm_n3200_r1                 ?         -     -
dcm_n3200_r2                 ?         -     -
dcm_n3200_r3                 ?         -     -
dcm_n6400_r1                 ?         -     -
dcm_n6400_r2                 ?         -     -
dcm_n6400_r3                 ?         -     -
dcm_n12000_r1                ?         -     -
dcm_n12000_r2                ?         -     -
dcm_n12000_r3                ?         -     -

Totals: 31 jobs | curves: 0 | test eval: 0

Active Slurm (lc-*):
     JOBID PARTITION                 NAME    STATE       TIME NODELIST(REASON)
    203257       gpu       lc-aco-n800-r1  RUNNING      45:11 gpu25
[H[J=== Learning-curve sweep status 2026-06-29T17:59:42+02:00 ===

JOB                          SLURM    ARTIFACTS TEST E MAE
--------------------------------------------------------------------------------
aco_n800_r1                  RUN?     ckpt   -
aco_n800_r1                  RUN?     ckpt   -
aco_n800_r2                  FAIL?    ckpt   -
aco_n800_r3                  FAIL?    ckpt   -
aco_n1600_r1                 FAIL?    ckpt   -
aco_n1600_r2                 ?         -     -
aco_n1600_r3                 ?         -     -
aco_n3200_r1                 ?         -     -
aco_n3200_r2                 ?         -     -
aco_n3200_r3                 ?         -     -
aco_n6400_r1                 FAIL?    ckpt   -
aco_n6400_r2                 FAIL?    ckpt   -
aco_n6400_r3                 FAIL?    ckpt   -
aco_n12000_r1                FAIL?    ckpt   -
aco_n12000_r2                FAIL?    ckpt   -
aco_n12000_r3                FAIL?    ckpt   -
dcm_n800_r1                  FAIL?    ckpt   -
dcm_n800_r2                  FAIL?    ckpt   -
dcm_n800_r3                  FAIL?     -     -
dcm_n1600_r1                 ?         -     -
dcm_n1600_r2                 ?         -     -
dcm_n1600_r3                 ?         -     -
dcm_n3200_r1                 ?         -     -
dcm_n3200_r2                 ?         -     -
dcm_n3200_r3                 ?         -     -
dcm_n6400_r1                 ?         -     -
dcm_n6400_r2                 ?         -     -
dcm_n6400_r3                 ?         -     -
dcm_n12000_r1                ?         -     -
dcm_n12000_r2                ?         -     -
dcm_n12000_r3                ?         -     -

Totals: 31 jobs | curves: 0 | test eval: 0

Active Slurm (lc-*):
     JOBID PARTITION                 NAME    STATE       TIME NODELIST(REASON)
    203257       gpu       lc-aco-n800-r1  RUNNING      46:12 gpu25
[H[J=== Learning-curve sweep status 2026-06-29T18:00:43+02:00 ===

JOB                          SLURM    ARTIFACTS TEST E MAE
--------------------------------------------------------------------------------
aco_n800_r1                  RUN?     ckpt   -
aco_n800_r1                  RUN?     ckpt   -
aco_n800_r2                  FAIL?    ckpt   -
aco_n800_r3                  FAIL?    ckpt   -
aco_n1600_r1                 FAIL?    ckpt   -
aco_n1600_r2                 ?         -     -
aco_n1600_r3                 ?         -     -
aco_n3200_r1                 ?         -     -
aco_n3200_r2                 ?         -     -
aco_n3200_r3                 ?         -     -
aco_n6400_r1                 FAIL?    ckpt   -
aco_n6400_r2                 FAIL?    ckpt   -
aco_n6400_r3                 FAIL?    ckpt   -
aco_n12000_r1                FAIL?    ckpt   -
aco_n12000_r2                FAIL?    ckpt   -
aco_n12000_r3                FAIL?    ckpt   -
dcm_n800_r1                  FAIL?    ckpt   -
dcm_n800_r2                  FAIL?    ckpt   -
dcm_n800_r3                  FAIL?     -     -
dcm_n1600_r1                 ?         -     -
dcm_n1600_r2                 ?         -     -
dcm_n1600_r3                 ?         -     -
dcm_n3200_r1                 ?         -     -
dcm_n3200_r2                 ?         -     -
dcm_n3200_r3                 ?         -     -
dcm_n6400_r1                 ?         -     -
dcm_n6400_r2                 ?         -     -
dcm_n6400_r3                 ?         -     -
dcm_n12000_r1                ?         -     -
dcm_n12000_r2                ?         -     -
dcm_n12000_r3                ?         -     -

Totals: 31 jobs | curves: 0 | test eval: 0

Active Slurm (lc-*):
     JOBID PARTITION                 NAME    STATE       TIME NODELIST(REASON)
    203257       gpu       lc-aco-n800-r1  RUNNING      47:12 gpu25
[H[J=== Learning-curve sweep status 2026-06-29T18:01:43+02:00 ===

JOB                          SLURM    ARTIFACTS TEST E MAE
--------------------------------------------------------------------------------
aco_n800_r1                  RUN?     ckpt   -
aco_n800_r1                  RUN?     ckpt   -
aco_n800_r2                  FAIL?    ckpt   -
aco_n800_r3                  FAIL?    ckpt   -
aco_n1600_r1                 FAIL?    ckpt   -
aco_n1600_r2                 ?         -     -
aco_n1600_r3                 ?         -     -
aco_n3200_r1                 ?         -     -
aco_n3200_r2                 ?         -     -
aco_n3200_r3                 ?         -     -
aco_n6400_r1                 FAIL?    ckpt   -
aco_n6400_r2                 FAIL?    ckpt   -
aco_n6400_r3                 FAIL?    ckpt   -
aco_n12000_r1                FAIL?    ckpt   -
aco_n12000_r2                FAIL?    ckpt   -
aco_n12000_r3                FAIL?    ckpt   -
dcm_n800_r1                  FAIL?    ckpt   -
dcm_n800_r2                  FAIL?    ckpt   -
dcm_n800_r3                  FAIL?     -     -
dcm_n1600_r1                 ?         -     -
dcm_n1600_r2                 ?         -     -
dcm_n1600_r3                 ?         -     -
dcm_n3200_r1                 ?         -     -
dcm_n3200_r2                 ?         -     -
dcm_n3200_r3                 ?         -     -
dcm_n6400_r1                 ?         -     -
dcm_n6400_r2                 ?         -     -
dcm_n6400_r3                 ?         -     -
dcm_n12000_r1                ?         -     -
dcm_n12000_r2                ?         -     -
dcm_n12000_r3                ?         -     -

Totals: 31 jobs | curves: 0 | test eval: 0

Active Slurm (lc-*):
     JOBID PARTITION                 NAME    STATE       TIME NODELIST(REASON)
    203257       gpu       lc-aco-n800-r1  RUNNING      48:12 gpu25
[H[J=== Learning-curve sweep status 2026-06-29T18:02:43+02:00 ===

JOB                          SLURM    ARTIFACTS TEST E MAE
--------------------------------------------------------------------------------
aco_n800_r1                  RUN?     ckpt   -
aco_n800_r1                  RUN?     ckpt   -
aco_n800_r2                  FAIL?    ckpt   -
aco_n800_r3                  FAIL?    ckpt   -
aco_n1600_r1                 FAIL?    ckpt   -
aco_n1600_r2                 ?         -     -
aco_n1600_r3                 ?         -     -
aco_n3200_r1                 ?         -     -
aco_n3200_r2                 ?         -     -
aco_n3200_r3                 ?         -     -
aco_n6400_r1                 FAIL?    ckpt   -
aco_n6400_r2                 FAIL?    ckpt   -
aco_n6400_r3                 FAIL?    ckpt   -
aco_n12000_r1                FAIL?    ckpt   -
aco_n12000_r2                FAIL?    ckpt   -
aco_n12000_r3                FAIL?    ckpt   -
dcm_n800_r1                  FAIL?    ckpt   -
dcm_n800_r2                  FAIL?    ckpt   -
dcm_n800_r3                  FAIL?     -     -
dcm_n1600_r1                 ?         -     -
dcm_n1600_r2                 ?         -     -
dcm_n1600_r3                 ?         -     -
dcm_n3200_r1                 ?         -     -
dcm_n3200_r2                 ?         -     -
dcm_n3200_r3                 ?         -     -
dcm_n6400_r1                 ?         -     -
dcm_n6400_r2                 ?         -     -
dcm_n6400_r3                 ?         -     -
dcm_n12000_r1                ?         -     -
dcm_n12000_r2                ?         -     -
dcm_n12000_r3                ?         -     -

Totals: 31 jobs | curves: 0 | test eval: 0

Active Slurm (lc-*):
     JOBID PARTITION                 NAME    STATE       TIME NODELIST(REASON)
    203257       gpu       lc-aco-n800-r1  RUNNING      49:12 gpu25
[H[J=== Learning-curve sweep status 2026-06-29T18:03:43+02:00 ===

JOB                          SLURM    ARTIFACTS TEST E MAE
--------------------------------------------------------------------------------
aco_n800_r1                  RUN?     ckpt   -
aco_n800_r1                  RUN?     ckpt   -
aco_n800_r2                  FAIL?    ckpt   -
aco_n800_r3                  FAIL?    ckpt   -
aco_n1600_r1                 FAIL?    ckpt   -
aco_n1600_r2                 ?         -     -
aco_n1600_r3                 ?         -     -
aco_n3200_r1                 ?         -     -
aco_n3200_r2                 ?         -     -
aco_n3200_r3                 ?         -     -
aco_n6400_r1                 FAIL?    ckpt   -
aco_n6400_r2                 FAIL?    ckpt   -
aco_n6400_r3                 FAIL?    ckpt   -
aco_n12000_r1                FAIL?    ckpt   -
aco_n12000_r2                FAIL?    ckpt   -
aco_n12000_r3                FAIL?    ckpt   -
dcm_n800_r1                  FAIL?    ckpt   -
dcm_n800_r2                  FAIL?    ckpt   -
dcm_n800_r3                  FAIL?     -     -
dcm_n1600_r1                 ?         -     -
dcm_n1600_r2                 ?         -     -
dcm_n1600_r3                 ?         -     -
dcm_n3200_r1                 ?         -     -
dcm_n3200_r2                 ?         -     -
dcm_n3200_r3                 ?         -     -
dcm_n6400_r1                 ?         -     -
dcm_n6400_r2                 ?         -     -
dcm_n6400_r3                 ?         -     -
dcm_n12000_r1                ?         -     -
dcm_n12000_r2                ?         -     -
dcm_n12000_r3                ?         -     -

Totals: 31 jobs | curves: 0 | test eval: 0

Active Slurm (lc-*):
     JOBID PARTITION                 NAME    STATE       TIME NODELIST(REASON)
    203257       gpu       lc-aco-n800-r1  RUNNING      50:12 gpu25
[H[J=== Learning-curve sweep status 2026-06-29T18:04:43+02:00 ===

JOB                          SLURM    ARTIFACTS TEST E MAE
--------------------------------------------------------------------------------
aco_n800_r1                  RUN?     ckpt   -
aco_n800_r1                  RUN?     ckpt   -
aco_n800_r2                  FAIL?    ckpt   -
aco_n800_r3                  FAIL?    ckpt   -
aco_n1600_r1                 FAIL?    ckpt   -
aco_n1600_r2                 ?         -     -
aco_n1600_r3                 ?         -     -
aco_n3200_r1                 ?         -     -
aco_n3200_r2                 ?         -     -
aco_n3200_r3                 ?         -     -
aco_n6400_r1                 FAIL?    ckpt   -
aco_n6400_r2                 FAIL?    ckpt   -
aco_n6400_r3                 FAIL?    ckpt   -
aco_n12000_r1                FAIL?    ckpt   -
aco_n12000_r2                FAIL?    ckpt   -
aco_n12000_r3                FAIL?    ckpt   -
dcm_n800_r1                  FAIL?    ckpt   -
dcm_n800_r2                  FAIL?    ckpt   -
dcm_n800_r3                  FAIL?     -     -
dcm_n1600_r1                 ?         -     -
dcm_n1600_r2                 ?         -     -
dcm_n1600_r3                 ?         -     -
dcm_n3200_r1                 ?         -     -
dcm_n3200_r2                 ?         -     -
dcm_n3200_r3                 ?         -     -
dcm_n6400_r1                 ?         -     -
dcm_n6400_r2                 ?         -     -
dcm_n6400_r3                 ?         -     -
dcm_n12000_r1                ?         -     -
dcm_n12000_r2                ?         -     -
dcm_n12000_r3                ?         -     -

Totals: 31 jobs | curves: 0 | test eval: 0

Active Slurm (lc-*):
     JOBID PARTITION                 NAME    STATE       TIME NODELIST(REASON)
    203257       gpu       lc-aco-n800-r1  RUNNING      51:12 gpu25
[H[J=== Learning-curve sweep status 2026-06-29T18:05:43+02:00 ===

JOB                          SLURM    ARTIFACTS TEST E MAE
--------------------------------------------------------------------------------
aco_n800_r1                  RUN?     ckpt   -
aco_n800_r1                  RUN?     ckpt   -
aco_n800_r2                  FAIL?    ckpt   -
aco_n800_r3                  FAIL?    ckpt   -
aco_n1600_r1                 FAIL?    ckpt   -
aco_n1600_r2                 ?         -     -
aco_n1600_r3                 ?         -     -
aco_n3200_r1                 ?         -     -
aco_n3200_r2                 ?         -     -
aco_n3200_r3                 ?         -     -
aco_n6400_r1                 FAIL?    ckpt   -
aco_n6400_r2                 FAIL?    ckpt   -
aco_n6400_r3                 FAIL?    ckpt   -
aco_n12000_r1                FAIL?    ckpt   -
aco_n12000_r2                FAIL?    ckpt   -
aco_n12000_r3                FAIL?    ckpt   -
dcm_n800_r1                  FAIL?    ckpt   -
dcm_n800_r2                  FAIL?    ckpt   -
dcm_n800_r3                  FAIL?     -     -
dcm_n1600_r1                 ?         -     -
dcm_n1600_r2                 ?         -     -
dcm_n1600_r3                 ?         -     -
dcm_n3200_r1                 ?         -     -
dcm_n3200_r2                 ?         -     -
dcm_n3200_r3                 ?         -     -
dcm_n6400_r1                 ?         -     -
dcm_n6400_r2                 ?         -     -
dcm_n6400_r3                 ?         -     -
dcm_n12000_r1                ?         -     -
dcm_n12000_r2                ?         -     -
dcm_n12000_r3                ?         -     -

Totals: 31 jobs | curves: 0 | test eval: 0

Active Slurm (lc-*):
     JOBID PARTITION                 NAME    STATE       TIME NODELIST(REASON)
    203257       gpu       lc-aco-n800-r1  RUNNING      52:13 gpu25
[H[J=== Learning-curve sweep status 2026-06-29T18:06:44+02:00 ===

JOB                          SLURM    ARTIFACTS TEST E MAE
--------------------------------------------------------------------------------
aco_n800_r1                  RUN?     ckpt   -
aco_n800_r1                  RUN?     ckpt   -
aco_n800_r2                  FAIL?    ckpt   -
aco_n800_r3                  FAIL?    ckpt   -
aco_n1600_r1                 FAIL?    ckpt   -
aco_n1600_r2                 ?         -     -
aco_n1600_r3                 ?         -     -
aco_n3200_r1                 ?         -     -
aco_n3200_r2                 ?         -     -
aco_n3200_r3                 ?         -     -
aco_n6400_r1                 FAIL?    ckpt   -
aco_n6400_r2                 FAIL?    ckpt   -
aco_n6400_r3                 FAIL?    ckpt   -
aco_n12000_r1                FAIL?    ckpt   -
aco_n12000_r2                FAIL?    ckpt   -
aco_n12000_r3                FAIL?    ckpt   -
dcm_n800_r1                  FAIL?    ckpt   -
dcm_n800_r2                  FAIL?    ckpt   -
dcm_n800_r3                  FAIL?     -     -
dcm_n1600_r1                 ?         -     -
dcm_n1600_r2                 ?         -     -
dcm_n1600_r3                 ?         -     -
dcm_n3200_r1                 ?         -     -
dcm_n3200_r2                 ?         -     -
dcm_n3200_r3                 ?         -     -
dcm_n6400_r1                 ?         -     -
dcm_n6400_r2                 ?         -     -
dcm_n6400_r3                 ?         -     -
dcm_n12000_r1                ?         -     -
dcm_n12000_r2                ?         -     -
dcm_n12000_r3                ?         -     -

Totals: 31 jobs | curves: 0 | test eval: 0

Active Slurm (lc-*):
     JOBID PARTITION                 NAME    STATE       TIME NODELIST(REASON)
    203257       gpu       lc-aco-n800-r1  RUNNING      53:13 gpu25
[H[J=== Learning-curve sweep status 2026-06-29T18:07:44+02:00 ===

JOB                          SLURM    ARTIFACTS TEST E MAE
--------------------------------------------------------------------------------
aco_n800_r1                  RUN?     ckpt   -
aco_n800_r1                  RUN?     ckpt   -
aco_n800_r2                  FAIL?    ckpt   -
aco_n800_r3                  FAIL?    ckpt   -
aco_n1600_r1                 FAIL?    ckpt   -
aco_n1600_r2                 ?         -     -
aco_n1600_r3                 ?         -     -
aco_n3200_r1                 ?         -     -
aco_n3200_r2                 ?         -     -
aco_n3200_r3                 ?         -     -
aco_n6400_r1                 FAIL?    ckpt   -
aco_n6400_r2                 FAIL?    ckpt   -
aco_n6400_r3                 FAIL?    ckpt   -
aco_n12000_r1                FAIL?    ckpt   -
aco_n12000_r2                FAIL?    ckpt   -
aco_n12000_r3                FAIL?    ckpt   -
dcm_n800_r1                  FAIL?    ckpt   -
dcm_n800_r2                  FAIL?    ckpt   -
dcm_n800_r3                  FAIL?     -     -
dcm_n1600_r1                 ?         -     -
dcm_n1600_r2                 ?         -     -
dcm_n1600_r3                 ?         -     -
dcm_n3200_r1                 ?         -     -
dcm_n3200_r2                 ?         -     -
dcm_n3200_r3                 ?         -     -
dcm_n6400_r1                 ?         -     -
dcm_n6400_r2                 ?         -     -
dcm_n6400_r3                 ?         -     -
dcm_n12000_r1                ?         -     -
dcm_n12000_r2                ?         -     -
dcm_n12000_r3                ?         -     -

Totals: 31 jobs | curves: 0 | test eval: 0

Active Slurm (lc-*):
     JOBID PARTITION                 NAME    STATE       TIME NODELIST(REASON)
    203257       gpu       lc-aco-n800-r1  RUNNING      54:13 gpu25
[H[J=== Learning-curve sweep status 2026-06-29T18:08:44+02:00 ===

JOB                          SLURM    ARTIFACTS TEST E MAE
--------------------------------------------------------------------------------
aco_n800_r1                  RUN?     ckpt   -
aco_n800_r1                  RUN?     ckpt   -
aco_n800_r2                  FAIL?    ckpt   -
aco_n800_r3                  FAIL?    ckpt   -
aco_n1600_r1                 FAIL?    ckpt   -
aco_n1600_r2                 ?         -     -
aco_n1600_r3                 ?         -     -
aco_n3200_r1                 ?         -     -
aco_n3200_r2                 ?         -     -
aco_n3200_r3                 ?         -     -
aco_n6400_r1                 FAIL?    ckpt   -
aco_n6400_r2                 FAIL?    ckpt   -
aco_n6400_r3                 FAIL?    ckpt   -
aco_n12000_r1                FAIL?    ckpt   -
aco_n12000_r2                FAIL?    ckpt   -
aco_n12000_r3                FAIL?    ckpt   -
dcm_n800_r1                  FAIL?    ckpt   -
dcm_n800_r2                  FAIL?    ckpt   -
dcm_n800_r3                  FAIL?     -     -
dcm_n1600_r1                 ?         -     -
dcm_n1600_r2                 ?         -     -
dcm_n1600_r3                 ?         -     -
dcm_n3200_r1                 ?         -     -
dcm_n3200_r2                 ?         -     -
dcm_n3200_r3                 ?         -     -
dcm_n6400_r1                 ?         -     -
dcm_n6400_r2                 ?         -     -
dcm_n6400_r3                 ?         -     -
dcm_n12000_r1                ?         -     -
dcm_n12000_r2                ?         -     -
dcm_n12000_r3                ?         -     -

Totals: 31 jobs | curves: 0 | test eval: 0

Active Slurm (lc-*):
     JOBID PARTITION                 NAME    STATE       TIME NODELIST(REASON)
    203257       gpu       lc-aco-n800-r1  RUNNING      55:13 gpu25
[H[J=== Learning-curve sweep status 2026-06-29T18:09:44+02:00 ===

JOB                          SLURM    ARTIFACTS TEST E MAE
--------------------------------------------------------------------------------
aco_n800_r1                  RUN?     ckpt   -
aco_n800_r1                  RUN?     ckpt   -
aco_n800_r2                  FAIL?    ckpt   -
aco_n800_r3                  FAIL?    ckpt   -
aco_n1600_r1                 FAIL?    ckpt   -
aco_n1600_r2                 ?         -     -
aco_n1600_r3                 ?         -     -
aco_n3200_r1                 ?         -     -
aco_n3200_r2                 ?         -     -
aco_n3200_r3                 ?         -     -
aco_n6400_r1                 FAIL?    ckpt   -
aco_n6400_r2                 FAIL?    ckpt   -
aco_n6400_r3                 FAIL?    ckpt   -
aco_n12000_r1                FAIL?    ckpt   -
aco_n12000_r2                FAIL?    ckpt   -
aco_n12000_r3                FAIL?    ckpt   -
dcm_n800_r1                  FAIL?    ckpt   -
dcm_n800_r2                  FAIL?    ckpt   -
dcm_n800_r3                  FAIL?     -     -
dcm_n1600_r1                 ?         -     -
dcm_n1600_r2                 ?         -     -
dcm_n1600_r3                 ?         -     -
dcm_n3200_r1                 ?         -     -
dcm_n3200_r2                 ?         -     -
dcm_n3200_r3                 ?         -     -
dcm_n6400_r1                 ?         -     -
dcm_n6400_r2                 ?         -     -
dcm_n6400_r3                 ?         -     -
dcm_n12000_r1                ?         -     -
dcm_n12000_r2                ?         -     -
dcm_n12000_r3                ?         -     -

Totals: 31 jobs | curves: 0 | test eval: 0

Active Slurm (lc-*):
     JOBID PARTITION                 NAME    STATE       TIME NODELIST(REASON)
    203257       gpu       lc-aco-n800-r1  RUNNING      56:13 gpu25
[H[J=== Learning-curve sweep status 2026-06-29T18:10:44+02:00 ===

JOB                          SLURM    ARTIFACTS TEST E MAE
--------------------------------------------------------------------------------
aco_n800_r1                  RUN?     ckpt   -
aco_n800_r1                  RUN?     ckpt   -
aco_n800_r2                  FAIL?    ckpt   -
aco_n800_r3                  FAIL?    ckpt   -
aco_n1600_r1                 FAIL?    ckpt   -
aco_n1600_r2                 ?         -     -
aco_n1600_r3                 ?         -     -
aco_n3200_r1                 ?         -     -
aco_n3200_r2                 ?         -     -
aco_n3200_r3                 ?         -     -
aco_n6400_r1                 FAIL?    ckpt   -
aco_n6400_r2                 FAIL?    ckpt   -
aco_n6400_r3                 FAIL?    ckpt   -
aco_n12000_r1                FAIL?    ckpt   -
aco_n12000_r2                FAIL?    ckpt   -
aco_n12000_r3                FAIL?    ckpt   -
dcm_n800_r1                  FAIL?    ckpt   -
dcm_n800_r2                  FAIL?    ckpt   -
dcm_n800_r3                  FAIL?     -     -
dcm_n1600_r1                 ?         -     -
dcm_n1600_r2                 ?         -     -
dcm_n1600_r3                 ?         -     -
dcm_n3200_r1                 ?         -     -
dcm_n3200_r2                 ?         -     -
dcm_n3200_r3                 ?         -     -
dcm_n6400_r1                 ?         -     -
dcm_n6400_r2                 ?         -     -
dcm_n6400_r3                 ?         -     -
dcm_n12000_r1                ?         -     -
dcm_n12000_r2                ?         -     -
dcm_n12000_r3                ?         -     -

Totals: 31 jobs | curves: 0 | test eval: 0

Active Slurm (lc-*):
     JOBID PARTITION                 NAME    STATE       TIME NODELIST(REASON)
    203257       gpu       lc-aco-n800-r1  RUNNING      57:14 gpu25
[H[J=== Learning-curve sweep status 2026-06-29T18:11:45+02:00 ===

JOB                          SLURM    ARTIFACTS TEST E MAE
--------------------------------------------------------------------------------
aco_n800_r1                  RUN?     ckpt   -
aco_n800_r1                  RUN?     ckpt   -
aco_n800_r2                  FAIL?    ckpt   -
aco_n800_r3                  FAIL?    ckpt   -
aco_n1600_r1                 FAIL?    ckpt   -
aco_n1600_r2                 ?         -     -
aco_n1600_r3                 ?         -     -
aco_n3200_r1                 ?         -     -
aco_n3200_r2                 ?         -     -
aco_n3200_r3                 ?         -     -
aco_n6400_r1                 FAIL?    ckpt   -
aco_n6400_r2                 FAIL?    ckpt   -
aco_n6400_r3                 FAIL?    ckpt   -
aco_n12000_r1                FAIL?    ckpt   -
aco_n12000_r2                FAIL?    ckpt   -
aco_n12000_r3                FAIL?    ckpt   -
dcm_n800_r1                  FAIL?    ckpt   -
dcm_n800_r2                  FAIL?    ckpt   -
dcm_n800_r3                  FAIL?     -     -
dcm_n1600_r1                 ?         -     -
dcm_n1600_r2                 ?         -     -
dcm_n1600_r3                 ?         -     -
dcm_n3200_r1                 ?         -     -
dcm_n3200_r2                 ?         -     -
dcm_n3200_r3                 ?         -     -
dcm_n6400_r1                 ?         -     -
dcm_n6400_r2                 ?         -     -
dcm_n6400_r3                 ?         -     -
dcm_n12000_r1                ?         -     -
dcm_n12000_r2                ?         -     -
dcm_n12000_r3                ?         -     -

Totals: 31 jobs | curves: 0 | test eval: 0

Active Slurm (lc-*):
     JOBID PARTITION                 NAME    STATE       TIME NODELIST(REASON)
    203257       gpu       lc-aco-n800-r1  RUNNING      58:14 gpu25
[H[J=== Learning-curve sweep status 2026-06-29T18:12:45+02:00 ===

JOB                          SLURM    ARTIFACTS TEST E MAE
--------------------------------------------------------------------------------
aco_n800_r1                  RUN?     ckpt   -
aco_n800_r1                  RUN?     ckpt   -
aco_n800_r2                  FAIL?    ckpt   -
aco_n800_r3                  FAIL?    ckpt   -
aco_n1600_r1                 FAIL?    ckpt   -
aco_n1600_r2                 ?         -     -
aco_n1600_r3                 ?         -     -
aco_n3200_r1                 ?         -     -
aco_n3200_r2                 ?         -     -
aco_n3200_r3                 ?         -     -
aco_n6400_r1                 FAIL?    ckpt   -
aco_n6400_r2                 FAIL?    ckpt   -
aco_n6400_r3                 FAIL?    ckpt   -
aco_n12000_r1                FAIL?    ckpt   -
aco_n12000_r2                FAIL?    ckpt   -
aco_n12000_r3                FAIL?    ckpt   -
dcm_n800_r1                  FAIL?    ckpt   -
dcm_n800_r2                  FAIL?    ckpt   -
dcm_n800_r3                  FAIL?     -     -
dcm_n1600_r1                 ?         -     -
dcm_n1600_r2                 ?         -     -
dcm_n1600_r3                 ?         -     -
dcm_n3200_r1                 ?         -     -
dcm_n3200_r2                 ?         -     -
dcm_n3200_r3                 ?         -     -
dcm_n6400_r1                 ?         -     -
dcm_n6400_r2                 ?         -     -
dcm_n6400_r3                 ?         -     -
dcm_n12000_r1                ?         -     -
dcm_n12000_r2                ?         -     -
dcm_n12000_r3                ?         -     -

Totals: 31 jobs | curves: 0 | test eval: 0

Active Slurm (lc-*):
     JOBID PARTITION                 NAME    STATE       TIME NODELIST(REASON)
    203257       gpu       lc-aco-n800-r1  RUNNING      59:14 gpu25
[H[J=== Learning-curve sweep status 2026-06-29T18:13:45+02:00 ===

JOB                          SLURM    ARTIFACTS TEST E MAE
--------------------------------------------------------------------------------
aco_n800_r1                  RUN?     ckpt   -
aco_n800_r1                  RUN?     ckpt   -
aco_n800_r2                  FAIL?    ckpt   -
aco_n800_r3                  FAIL?    ckpt   -
aco_n1600_r1                 FAIL?    ckpt   -
aco_n1600_r2                 ?         -     -
aco_n1600_r3                 ?         -     -
aco_n3200_r1                 ?         -     -
aco_n3200_r2                 ?         -     -
aco_n3200_r3                 ?         -     -
aco_n6400_r1                 FAIL?    ckpt   -
aco_n6400_r2                 FAIL?    ckpt   -
aco_n6400_r3                 FAIL?    ckpt   -
aco_n12000_r1                FAIL?    ckpt   -
aco_n12000_r2                FAIL?    ckpt   -
aco_n12000_r3                FAIL?    ckpt   -
dcm_n800_r1                  FAIL?    ckpt   -
dcm_n800_r2                  FAIL?    ckpt   -
dcm_n800_r3                  FAIL?     -     -
dcm_n1600_r1                 ?         -     -
dcm_n1600_r2                 ?         -     -
dcm_n1600_r3                 ?         -     -
dcm_n3200_r1                 ?         -     -
dcm_n3200_r2                 ?         -     -
dcm_n3200_r3                 ?         -     -
dcm_n6400_r1                 ?         -     -
dcm_n6400_r2                 ?         -     -
dcm_n6400_r3                 ?         -     -
dcm_n12000_r1                ?         -     -
dcm_n12000_r2                ?         -     -
dcm_n12000_r3                ?         -     -

Totals: 31 jobs | curves: 0 | test eval: 0

Active Slurm (lc-*):
     JOBID PARTITION                 NAME    STATE       TIME NODELIST(REASON)
    203257       gpu       lc-aco-n800-r1  RUNNING    1:00:14 gpu25
[H[J=== Learning-curve sweep status 2026-06-29T18:14:45+02:00 ===

JOB                          SLURM    ARTIFACTS TEST E MAE
--------------------------------------------------------------------------------
aco_n800_r1                  RUN?     ckpt   -
aco_n800_r1                  RUN?     ckpt   -
aco_n800_r2                  FAIL?    ckpt   -
aco_n800_r3                  FAIL?    ckpt   -
aco_n1600_r1                 FAIL?    ckpt   -
aco_n1600_r2                 ?         -     -
aco_n1600_r3                 ?         -     -
aco_n3200_r1                 ?         -     -
aco_n3200_r2                 ?         -     -
aco_n3200_r3                 ?         -     -
aco_n6400_r1                 FAIL?    ckpt   -
aco_n6400_r2                 FAIL?    ckpt   -
aco_n6400_r3                 FAIL?    ckpt   -
aco_n12000_r1                FAIL?    ckpt   -
aco_n12000_r2                FAIL?    ckpt   -
aco_n12000_r3                FAIL?    ckpt   -
dcm_n800_r1                  FAIL?    ckpt   -
dcm_n800_r2                  FAIL?    ckpt   -
dcm_n800_r3                  FAIL?     -     -
dcm_n1600_r1                 ?         -     -
dcm_n1600_r2                 ?         -     -
dcm_n1600_r3                 ?         -     -
dcm_n3200_r1                 ?         -     -
dcm_n3200_r2                 ?         -     -
dcm_n3200_r3                 ?         -     -
dcm_n6400_r1                 ?         -     -
dcm_n6400_r2                 ?         -     -
dcm_n6400_r3                 ?         -     -
dcm_n12000_r1                ?         -     -
dcm_n12000_r2                ?         -     -
dcm_n12000_r3                ?         -     -

Totals: 31 jobs | curves: 0 | test eval: 0

Active Slurm (lc-*):
     JOBID PARTITION                 NAME    STATE       TIME NODELIST(REASON)
    203257       gpu       lc-aco-n800-r1  RUNNING    1:01:14 gpu25
[H[J=== Learning-curve sweep status 2026-06-29T18:15:45+02:00 ===

JOB                          SLURM    ARTIFACTS TEST E MAE
--------------------------------------------------------------------------------
aco_n800_r1                  RUN?     ckpt   -
aco_n800_r1                  RUN?     ckpt   -
aco_n800_r2                  FAIL?    ckpt   -
aco_n800_r3                  FAIL?    ckpt   -
aco_n1600_r1                 FAIL?    ckpt   -
aco_n1600_r2                 ?         -     -
aco_n1600_r3                 ?         -     -
aco_n3200_r1                 ?         -     -
aco_n3200_r2                 ?         -     -
aco_n3200_r3                 ?         -     -
aco_n6400_r1                 FAIL?    ckpt   -
aco_n6400_r2                 FAIL?    ckpt   -
aco_n6400_r3                 FAIL?    ckpt   -
aco_n12000_r1                FAIL?    ckpt   -
aco_n12000_r2                FAIL?    ckpt   -
aco_n12000_r3                FAIL?    ckpt   -
dcm_n800_r1                  FAIL?    ckpt   -
dcm_n800_r2                  FAIL?    ckpt   -
dcm_n800_r3                  FAIL?     -     -
dcm_n1600_r1                 ?         -     -
dcm_n1600_r2                 ?         -     -
dcm_n1600_r3                 ?         -     -
dcm_n3200_r1                 ?         -     -
dcm_n3200_r2                 ?         -     -
dcm_n3200_r3                 ?         -     -
dcm_n6400_r1                 ?         -     -
dcm_n6400_r2                 ?         -     -
dcm_n6400_r3                 ?         -     -
dcm_n12000_r1                ?         -     -
dcm_n12000_r2                ?         -     -
dcm_n12000_r3                ?         -     -

Totals: 31 jobs | curves: 0 | test eval: 0

Active Slurm (lc-*):
     JOBID PARTITION                 NAME    STATE       TIME NODELIST(REASON)
    203257       gpu       lc-aco-n800-r1  RUNNING    1:02:15 gpu25
[H[J=== Learning-curve sweep status 2026-06-29T18:16:46+02:00 ===

JOB                          SLURM    ARTIFACTS TEST E MAE
--------------------------------------------------------------------------------
aco_n800_r1                  RUN?     ckpt   -
aco_n800_r1                  RUN?     ckpt   -
aco_n800_r2                  FAIL?    ckpt   -
aco_n800_r3                  FAIL?    ckpt   -
aco_n1600_r1                 FAIL?    ckpt   -
aco_n1600_r2                 ?         -     -
aco_n1600_r3                 ?         -     -
aco_n3200_r1                 ?         -     -
aco_n3200_r2                 ?         -     -
aco_n3200_r3                 ?         -     -
aco_n6400_r1                 FAIL?    ckpt   -
aco_n6400_r2                 FAIL?    ckpt   -
aco_n6400_r3                 FAIL?    ckpt   -
aco_n12000_r1                FAIL?    ckpt   -
aco_n12000_r2                FAIL?    ckpt   -
aco_n12000_r3                FAIL?    ckpt   -
dcm_n800_r1                  FAIL?    ckpt   -
dcm_n800_r2                  FAIL?    ckpt   -
dcm_n800_r3                  FAIL?     -     -
dcm_n1600_r1                 ?         -     -
dcm_n1600_r2                 ?         -     -
dcm_n1600_r3                 ?         -     -
dcm_n3200_r1                 ?         -     -
dcm_n3200_r2                 ?         -     -
dcm_n3200_r3                 ?         -     -
dcm_n6400_r1                 ?         -     -
dcm_n6400_r2                 ?         -     -
dcm_n6400_r3                 ?         -     -
dcm_n12000_r1                ?         -     -
dcm_n12000_r2                ?         -     -
dcm_n12000_r3                ?         -     -

Totals: 31 jobs | curves: 0 | test eval: 0

Active Slurm (lc-*):
     JOBID PARTITION                 NAME    STATE       TIME NODELIST(REASON)
    203257       gpu       lc-aco-n800-r1  RUNNING    1:03:15 gpu25
[H[J=== Learning-curve sweep status 2026-06-29T18:17:46+02:00 ===

JOB                          SLURM    ARTIFACTS TEST E MAE
--------------------------------------------------------------------------------
aco_n800_r1                  RUN?     ckpt   -
aco_n800_r1                  RUN?     ckpt   -
aco_n800_r2                  FAIL?    ckpt   -
aco_n800_r3                  FAIL?    ckpt   -
aco_n1600_r1                 FAIL?    ckpt   -
aco_n1600_r2                 ?         -     -
aco_n1600_r3                 ?         -     -
aco_n3200_r1                 ?         -     -
aco_n3200_r2                 ?         -     -
aco_n3200_r3                 ?         -     -
aco_n6400_r1                 FAIL?    ckpt   -
aco_n6400_r2                 FAIL?    ckpt   -
aco_n6400_r3                 FAIL?    ckpt   -
aco_n12000_r1                FAIL?    ckpt   -
aco_n12000_r2                FAIL?    ckpt   -
aco_n12000_r3                FAIL?    ckpt   -
dcm_n800_r1                  FAIL?    ckpt   -
dcm_n800_r2                  FAIL?    ckpt   -
dcm_n800_r3                  FAIL?     -     -
dcm_n1600_r1                 ?         -     -
dcm_n1600_r2                 ?         -     -
dcm_n1600_r3                 ?         -     -
dcm_n3200_r1                 ?         -     -
dcm_n3200_r2                 ?         -     -
dcm_n3200_r3                 ?         -     -
dcm_n6400_r1                 ?         -     -
dcm_n6400_r2                 ?         -     -
dcm_n6400_r3                 ?         -     -
dcm_n12000_r1                ?         -     -
dcm_n12000_r2                ?         -     -
dcm_n12000_r3                ?         -     -

Totals: 31 jobs | curves: 0 | test eval: 0

Active Slurm (lc-*):
     JOBID PARTITION                 NAME    STATE       TIME NODELIST(REASON)
    203257       gpu       lc-aco-n800-r1  RUNNING    1:04:15 gpu25
[H[J=== Learning-curve sweep status 2026-06-29T18:18:46+02:00 ===

JOB                          SLURM    ARTIFACTS TEST E MAE
--------------------------------------------------------------------------------
aco_n800_r1                  RUN?     ckpt   -
aco_n800_r1                  RUN?     ckpt   -
aco_n800_r2                  FAIL?    ckpt   -
aco_n800_r3                  FAIL?    ckpt   -
aco_n1600_r1                 FAIL?    ckpt   -
aco_n1600_r2                 ?         -     -
aco_n1600_r3                 ?         -     -
aco_n3200_r1                 ?         -     -
aco_n3200_r2                 ?         -     -
aco_n3200_r3                 ?         -     -
aco_n6400_r1                 FAIL?    ckpt   -
aco_n6400_r2                 FAIL?    ckpt   -
aco_n6400_r3                 FAIL?    ckpt   -
aco_n12000_r1                FAIL?    ckpt   -
aco_n12000_r2                FAIL?    ckpt   -
aco_n12000_r3                FAIL?    ckpt   -
dcm_n800_r1                  FAIL?    ckpt   -
dcm_n800_r2                  FAIL?    ckpt   -
dcm_n800_r3                  FAIL?     -     -
dcm_n1600_r1                 ?         -     -
dcm_n1600_r2                 ?         -     -
dcm_n1600_r3                 ?         -     -
dcm_n3200_r1                 ?         -     -
dcm_n3200_r2                 ?         -     -
dcm_n3200_r3                 ?         -     -
dcm_n6400_r1                 ?         -     -
dcm_n6400_r2                 ?         -     -
dcm_n6400_r3                 ?         -     -
dcm_n12000_r1                ?         -     -
dcm_n12000_r2                ?         -     -
dcm_n12000_r3                ?         -     -

Totals: 31 jobs | curves: 0 | test eval: 0

Active Slurm (lc-*):
     JOBID PARTITION                 NAME    STATE       TIME NODELIST(REASON)
    203257       gpu       lc-aco-n800-r1  RUNNING    1:05:15 gpu25
[H[J=== Learning-curve sweep status 2026-06-29T18:19:46+02:00 ===

JOB                          SLURM    ARTIFACTS TEST E MAE
--------------------------------------------------------------------------------
aco_n800_r1                  RUN?     ckpt   -
aco_n800_r1                  RUN?     ckpt   -
aco_n800_r2                  FAIL?    ckpt   -
aco_n800_r3                  FAIL?    ckpt   -
aco_n1600_r1                 FAIL?    ckpt   -
aco_n1600_r2                 ?         -     -
aco_n1600_r3                 ?         -     -
aco_n3200_r1                 ?         -     -
aco_n3200_r2                 ?         -     -
aco_n3200_r3                 ?         -     -
aco_n6400_r1                 FAIL?    ckpt   -
aco_n6400_r2                 FAIL?    ckpt   -
aco_n6400_r3                 FAIL?    ckpt   -
aco_n12000_r1                FAIL?    ckpt   -
aco_n12000_r2                FAIL?    ckpt   -
aco_n12000_r3                FAIL?    ckpt   -
dcm_n800_r1                  FAIL?    ckpt   -
dcm_n800_r2                  FAIL?    ckpt   -
dcm_n800_r3                  FAIL?     -     -
dcm_n1600_r1                 ?         -     -
dcm_n1600_r2                 ?         -     -
dcm_n1600_r3                 ?         -     -
dcm_n3200_r1                 ?         -     -
dcm_n3200_r2                 ?         -     -
dcm_n3200_r3                 ?         -     -
dcm_n6400_r1                 ?         -     -
dcm_n6400_r2                 ?         -     -
dcm_n6400_r3                 ?         -     -
dcm_n12000_r1                ?         -     -
dcm_n12000_r2                ?         -     -
dcm_n12000_r3                ?         -     -

Totals: 31 jobs | curves: 0 | test eval: 0

Active Slurm (lc-*):
     JOBID PARTITION                 NAME    STATE       TIME NODELIST(REASON)
    203257       gpu       lc-aco-n800-r1  RUNNING    1:06:15 gpu25
[H[J=== Learning-curve sweep status 2026-06-29T18:20:46+02:00 ===

JOB                          SLURM    ARTIFACTS TEST E MAE
--------------------------------------------------------------------------------
aco_n800_r1                  RUN?     ckpt   -
aco_n800_r1                  RUN?     ckpt   -
aco_n800_r2                  FAIL?    ckpt   -
aco_n800_r3                  FAIL?    ckpt   -
aco_n1600_r1                 FAIL?    ckpt   -
aco_n1600_r2                 ?         -     -
aco_n1600_r3                 ?         -     -
aco_n3200_r1                 ?         -     -
aco_n3200_r2                 ?         -     -
aco_n3200_r3                 ?         -     -
aco_n6400_r1                 FAIL?    ckpt   -
aco_n6400_r2                 FAIL?    ckpt   -
aco_n6400_r3                 FAIL?    ckpt   -
aco_n12000_r1                FAIL?    ckpt   -
aco_n12000_r2                FAIL?    ckpt   -
aco_n12000_r3                FAIL?    ckpt   -
dcm_n800_r1                  FAIL?    ckpt   -
dcm_n800_r2                  FAIL?    ckpt   -
dcm_n800_r3                  FAIL?     -     -
dcm_n1600_r1                 ?         -     -
dcm_n1600_r2                 ?         -     -
dcm_n1600_r3                 ?         -     -
dcm_n3200_r1                 ?         -     -
dcm_n3200_r2                 ?         -     -
dcm_n3200_r3                 ?         -     -
dcm_n6400_r1                 ?         -     -
dcm_n6400_r2                 ?         -     -
dcm_n6400_r3                 ?         -     -
dcm_n12000_r1                ?         -     -
dcm_n12000_r2                ?         -     -
dcm_n12000_r3                ?         -     -

Totals: 31 jobs | curves: 0 | test eval: 0

Active Slurm (lc-*):
     JOBID PARTITION                 NAME    STATE       TIME NODELIST(REASON)
    203257       gpu       lc-aco-n800-r1  RUNNING    1:07:16 gpu25
[H[J=== Learning-curve sweep status 2026-06-29T18:21:47+02:00 ===

JOB                          SLURM    ARTIFACTS TEST E MAE
--------------------------------------------------------------------------------
aco_n800_r1                  RUN?     ckpt   -
aco_n800_r1                  RUN?     ckpt   -
aco_n800_r2                  FAIL?    ckpt   -
aco_n800_r3                  FAIL?    ckpt   -
aco_n1600_r1                 FAIL?    ckpt   -
aco_n1600_r2                 ?         -     -
aco_n1600_r3                 ?         -     -
aco_n3200_r1                 ?         -     -
aco_n3200_r2                 ?         -     -
aco_n3200_r3                 ?         -     -
aco_n6400_r1                 FAIL?    ckpt   -
aco_n6400_r2                 FAIL?    ckpt   -
aco_n6400_r3                 FAIL?    ckpt   -
aco_n12000_r1                FAIL?    ckpt   -
aco_n12000_r2                FAIL?    ckpt   -
aco_n12000_r3                FAIL?    ckpt   -
dcm_n800_r1                  FAIL?    ckpt   -
dcm_n800_r2                  FAIL?    ckpt   -
dcm_n800_r3                  FAIL?     -     -
dcm_n1600_r1                 ?         -     -
dcm_n1600_r2                 ?         -     -
dcm_n1600_r3                 ?         -     -
dcm_n3200_r1                 ?         -     -
dcm_n3200_r2                 ?         -     -
dcm_n3200_r3                 ?         -     -
dcm_n6400_r1                 ?         -     -
dcm_n6400_r2                 ?         -     -
dcm_n6400_r3                 ?         -     -
dcm_n12000_r1                ?         -     -
dcm_n12000_r2                ?         -     -
dcm_n12000_r3                ?         -     -

Totals: 31 jobs | curves: 0 | test eval: 0

Active Slurm (lc-*):
     JOBID PARTITION                 NAME    STATE       TIME NODELIST(REASON)
    203257       gpu       lc-aco-n800-r1  RUNNING    1:08:16 gpu25
[H[J=== Learning-curve sweep status 2026-06-29T18:22:47+02:00 ===

JOB                          SLURM    ARTIFACTS TEST E MAE
--------------------------------------------------------------------------------
aco_n800_r1                  RUN?     ckpt   -
aco_n800_r1                  RUN?     ckpt   -
aco_n800_r2                  FAIL?    ckpt   -
aco_n800_r3                  FAIL?    ckpt   -
aco_n1600_r1                 FAIL?    ckpt   -
aco_n1600_r2                 ?         -     -
aco_n1600_r3                 ?         -     -
aco_n3200_r1                 ?         -     -
aco_n3200_r2                 ?         -     -
aco_n3200_r3                 ?         -     -
aco_n6400_r1                 FAIL?    ckpt   -
aco_n6400_r2                 FAIL?    ckpt   -
aco_n6400_r3                 FAIL?    ckpt   -
aco_n12000_r1                FAIL?    ckpt   -
aco_n12000_r2                FAIL?    ckpt   -
aco_n12000_r3                FAIL?    ckpt   -
dcm_n800_r1                  FAIL?    ckpt   -
dcm_n800_r2                  FAIL?    ckpt   -
dcm_n800_r3                  FAIL?     -     -
dcm_n1600_r1                 ?         -     -
dcm_n1600_r2                 ?         -     -
dcm_n1600_r3                 ?         -     -
dcm_n3200_r1                 ?         -     -
dcm_n3200_r2                 ?         -     -
dcm_n3200_r3                 ?         -     -
dcm_n6400_r1                 ?         -     -
dcm_n6400_r2                 ?         -     -
dcm_n6400_r3                 ?         -     -
dcm_n12000_r1                ?         -     -
dcm_n12000_r2                ?         -     -
dcm_n12000_r3                ?         -     -

Totals: 31 jobs | curves: 0 | test eval: 0

Active Slurm (lc-*):
     JOBID PARTITION                 NAME    STATE       TIME NODELIST(REASON)
    203257       gpu       lc-aco-n800-r1  RUNNING    1:09:16 gpu25
[H[J=== Learning-curve sweep status 2026-06-29T18:23:47+02:00 ===

JOB                          SLURM    ARTIFACTS TEST E MAE
--------------------------------------------------------------------------------
aco_n800_r1                  RUN?     ckpt   -
aco_n800_r1                  RUN?     ckpt   -
aco_n800_r2                  FAIL?    ckpt   -
aco_n800_r3                  FAIL?    ckpt   -
aco_n1600_r1                 FAIL?    ckpt   -
aco_n1600_r2                 ?         -     -
aco_n1600_r3                 ?         -     -
aco_n3200_r1                 ?         -     -
aco_n3200_r2                 ?         -     -
aco_n3200_r3                 ?         -     -
aco_n6400_r1                 FAIL?    ckpt   -
aco_n6400_r2                 FAIL?    ckpt   -
aco_n6400_r3                 FAIL?    ckpt   -
aco_n12000_r1                FAIL?    ckpt   -
aco_n12000_r2                FAIL?    ckpt   -
aco_n12000_r3                FAIL?    ckpt   -
dcm_n800_r1                  FAIL?    ckpt   -
dcm_n800_r2                  FAIL?    ckpt   -
dcm_n800_r3                  FAIL?     -     -
dcm_n1600_r1                 ?         -     -
dcm_n1600_r2                 ?         -     -
dcm_n1600_r3                 ?         -     -
dcm_n3200_r1                 ?         -     -
dcm_n3200_r2                 ?         -     -
dcm_n3200_r3                 ?         -     -
dcm_n6400_r1                 ?         -     -
dcm_n6400_r2                 ?         -     -
dcm_n6400_r3                 ?         -     -
dcm_n12000_r1                ?         -     -
dcm_n12000_r2                ?         -     -
dcm_n12000_r3                ?         -     -

Totals: 31 jobs | curves: 0 | test eval: 0

Active Slurm (lc-*):
     JOBID PARTITION                 NAME    STATE       TIME NODELIST(REASON)
    203257       gpu       lc-aco-n800-r1  RUNNING    1:10:16 gpu25
[H[J=== Learning-curve sweep status 2026-06-29T18:24:47+02:00 ===

JOB                          SLURM    ARTIFACTS TEST E MAE
--------------------------------------------------------------------------------
aco_n800_r1                  RUN?     ckpt   -
aco_n800_r1                  RUN?     ckpt   -
aco_n800_r2                  FAIL?    ckpt   -
aco_n800_r3                  FAIL?    ckpt   -
aco_n1600_r1                 FAIL?    ckpt   -
aco_n1600_r2                 ?         -     -
aco_n1600_r3                 ?         -     -
aco_n3200_r1                 ?         -     -
aco_n3200_r2                 ?         -     -
aco_n3200_r3                 ?         -     -
aco_n6400_r1                 FAIL?    ckpt   -
aco_n6400_r2                 FAIL?    ckpt   -
aco_n6400_r3                 FAIL?    ckpt   -
aco_n12000_r1                FAIL?    ckpt   -
aco_n12000_r2                FAIL?    ckpt   -
aco_n12000_r3                FAIL?    ckpt   -
dcm_n800_r1                  FAIL?    ckpt   -
dcm_n800_r2                  FAIL?    ckpt   -
dcm_n800_r3                  FAIL?     -     -
dcm_n1600_r1                 ?         -     -
dcm_n1600_r2                 ?         -     -
dcm_n1600_r3                 ?         -     -
dcm_n3200_r1                 ?         -     -
dcm_n3200_r2                 ?         -     -
dcm_n3200_r3                 ?         -     -
dcm_n6400_r1                 ?         -     -
dcm_n6400_r2                 ?         -     -
dcm_n6400_r3                 ?         -     -
dcm_n12000_r1                ?         -     -
dcm_n12000_r2                ?         -     -
dcm_n12000_r3                ?         -     -

Totals: 31 jobs | curves: 0 | test eval: 0

Active Slurm (lc-*):
     JOBID PARTITION                 NAME    STATE       TIME NODELIST(REASON)
    203257       gpu       lc-aco-n800-r1  RUNNING    1:11:17 gpu25
[H[J=== Learning-curve sweep status 2026-06-29T18:25:48+02:00 ===

JOB                          SLURM    ARTIFACTS TEST E MAE
--------------------------------------------------------------------------------
aco_n800_r1                  RUN?     ckpt   -
aco_n800_r1                  RUN?     ckpt   -
aco_n800_r2                  FAIL?    ckpt   -
aco_n800_r3                  FAIL?    ckpt   -
aco_n1600_r1                 FAIL?    ckpt   -
aco_n1600_r2                 ?         -     -
aco_n1600_r3                 ?         -     -
aco_n3200_r1                 ?         -     -
aco_n3200_r2                 ?         -     -
aco_n3200_r3                 ?         -     -
aco_n6400_r1                 FAIL?    ckpt   -
aco_n6400_r2                 FAIL?    ckpt   -
aco_n6400_r3                 FAIL?    ckpt   -
aco_n12000_r1                FAIL?    ckpt   -
aco_n12000_r2                FAIL?    ckpt   -
aco_n12000_r3                FAIL?    ckpt   -
dcm_n800_r1                  FAIL?    ckpt   -
dcm_n800_r2                  FAIL?    ckpt   -
dcm_n800_r3                  FAIL?     -     -
dcm_n1600_r1                 ?         -     -
dcm_n1600_r2                 ?         -     -
dcm_n1600_r3                 ?         -     -
dcm_n3200_r1                 ?         -     -
dcm_n3200_r2                 ?         -     -
dcm_n3200_r3                 ?         -     -
dcm_n6400_r1                 ?         -     -
dcm_n6400_r2                 ?         -     -
dcm_n6400_r3                 ?         -     -
dcm_n12000_r1                ?         -     -
dcm_n12000_r2                ?         -     -
dcm_n12000_r3                ?         -     -

Totals: 31 jobs | curves: 0 | test eval: 0

Active Slurm (lc-*):
     JOBID PARTITION                 NAME    STATE       TIME NODELIST(REASON)
    203257       gpu       lc-aco-n800-r1  RUNNING    1:12:17 gpu25
[H[J=== Learning-curve sweep status 2026-06-29T18:26:48+02:00 ===

JOB                          SLURM    ARTIFACTS TEST E MAE
--------------------------------------------------------------------------------
aco_n800_r1                  RUN?     ckpt   -
aco_n800_r1                  RUN?     ckpt   -
aco_n800_r2                  FAIL?    ckpt   -
aco_n800_r3                  FAIL?    ckpt   -
aco_n1600_r1                 FAIL?    ckpt   -
aco_n1600_r2                 ?         -     -
aco_n1600_r3                 ?         -     -
aco_n3200_r1                 ?         -     -
aco_n3200_r2                 ?         -     -
aco_n3200_r3                 ?         -     -
aco_n6400_r1                 FAIL?    ckpt   -
aco_n6400_r2                 FAIL?    ckpt   -
aco_n6400_r3                 FAIL?    ckpt   -
aco_n12000_r1                FAIL?    ckpt   -
aco_n12000_r2                FAIL?    ckpt   -
aco_n12000_r3                FAIL?    ckpt   -
dcm_n800_r1                  FAIL?    ckpt   -
dcm_n800_r2                  FAIL?    ckpt   -
dcm_n800_r3                  FAIL?     -     -
dcm_n1600_r1                 ?         -     -
dcm_n1600_r2                 ?         -     -
dcm_n1600_r3                 ?         -     -
dcm_n3200_r1                 ?         -     -
dcm_n3200_r2                 ?         -     -
dcm_n3200_r3                 ?         -     -
dcm_n6400_r1                 ?         -     -
dcm_n6400_r2                 ?         -     -
dcm_n6400_r3                 ?         -     -
dcm_n12000_r1                ?         -     -
dcm_n12000_r2                ?         -     -
dcm_n12000_r3                ?         -     -

Totals: 31 jobs | curves: 0 | test eval: 0

Active Slurm (lc-*):
     JOBID PARTITION                 NAME    STATE       TIME NODELIST(REASON)
    203257       gpu       lc-aco-n800-r1  RUNNING    1:13:17 gpu25
[H[J=== Learning-curve sweep status 2026-06-29T18:27:48+02:00 ===

JOB                          SLURM    ARTIFACTS TEST E MAE
--------------------------------------------------------------------------------
aco_n800_r1                  RUN?     ckpt   -
aco_n800_r1                  RUN?     ckpt   -
aco_n800_r2                  FAIL?    ckpt   -
aco_n800_r3                  FAIL?    ckpt   -
aco_n1600_r1                 FAIL?    ckpt   -
aco_n1600_r2                 ?         -     -
aco_n1600_r3                 ?         -     -
aco_n3200_r1                 ?         -     -
aco_n3200_r2                 ?         -     -
aco_n3200_r3                 ?         -     -
aco_n6400_r1                 FAIL?    ckpt   -
aco_n6400_r2                 FAIL?    ckpt   -
aco_n6400_r3                 FAIL?    ckpt   -
aco_n12000_r1                FAIL?    ckpt   -
aco_n12000_r2                FAIL?    ckpt   -
aco_n12000_r3                FAIL?    ckpt   -
dcm_n800_r1                  FAIL?    ckpt   -
dcm_n800_r2                  FAIL?    ckpt   -
dcm_n800_r3                  FAIL?     -     -
dcm_n1600_r1                 ?         -     -
dcm_n1600_r2                 ?         -     -
dcm_n1600_r3                 ?         -     -
dcm_n3200_r1                 ?         -     -
dcm_n3200_r2                 ?         -     -
dcm_n3200_r3                 ?         -     -
dcm_n6400_r1                 ?         -     -
dcm_n6400_r2                 ?         -     -
dcm_n6400_r3                 ?         -     -
dcm_n12000_r1                ?         -     -
dcm_n12000_r2                ?         -     -
dcm_n12000_r3                ?         -     -

Totals: 31 jobs | curves: 0 | test eval: 0

Active Slurm (lc-*):
     JOBID PARTITION                 NAME    STATE       TIME NODELIST(REASON)
    203257       gpu       lc-aco-n800-r1  RUNNING    1:14:17 gpu25
[H[J=== Learning-curve sweep status 2026-06-29T18:28:48+02:00 ===

JOB                          SLURM    ARTIFACTS TEST E MAE
--------------------------------------------------------------------------------
aco_n800_r1                  RUN?     ckpt   -
aco_n800_r1                  RUN?     ckpt   -
aco_n800_r2                  FAIL?    ckpt   -
aco_n800_r3                  FAIL?    ckpt   -
aco_n1600_r1                 FAIL?    ckpt   -
aco_n1600_r2                 ?         -     -
aco_n1600_r3                 ?         -     -
aco_n3200_r1                 ?         -     -
aco_n3200_r2                 ?         -     -
aco_n3200_r3                 ?         -     -
aco_n6400_r1                 FAIL?    ckpt   -
aco_n6400_r2                 FAIL?    ckpt   -
aco_n6400_r3                 FAIL?    ckpt   -
aco_n12000_r1                FAIL?    ckpt   -
aco_n12000_r2                FAIL?    ckpt   -
aco_n12000_r3                FAIL?    ckpt   -
dcm_n800_r1                  FAIL?    ckpt   -
dcm_n800_r2                  FAIL?    ckpt   -
dcm_n800_r3                  FAIL?     -     -
dcm_n1600_r1                 ?         -     -
dcm_n1600_r2                 ?         -     -
dcm_n1600_r3                 ?         -     -
dcm_n3200_r1                 ?         -     -
dcm_n3200_r2                 ?         -     -
dcm_n3200_r3                 ?         -     -
dcm_n6400_r1                 ?         -     -
dcm_n6400_r2                 ?         -     -
dcm_n6400_r3                 ?         -     -
dcm_n12000_r1                ?         -     -
dcm_n12000_r2                ?         -     -
dcm_n12000_r3                ?         -     -

Totals: 31 jobs | curves: 0 | test eval: 0

Active Slurm (lc-*):
     JOBID PARTITION                 NAME    STATE       TIME NODELIST(REASON)
    203257       gpu       lc-aco-n800-r1  RUNNING    1:15:17 gpu25
[H[J=== Learning-curve sweep status 2026-06-29T18:29:48+02:00 ===

JOB                          SLURM    ARTIFACTS TEST E MAE
--------------------------------------------------------------------------------
aco_n800_r1                  RUN?     ckpt   -
aco_n800_r1                  RUN?     ckpt   -
aco_n800_r2                  FAIL?    ckpt   -
aco_n800_r3                  FAIL?    ckpt   -
aco_n1600_r1                 FAIL?    ckpt   -
aco_n1600_r2                 ?         -     -
aco_n1600_r3                 ?         -     -
aco_n3200_r1                 ?         -     -
aco_n3200_r2                 ?         -     -
aco_n3200_r3                 ?         -     -
aco_n6400_r1                 FAIL?    ckpt   -
aco_n6400_r2                 FAIL?    ckpt   -
aco_n6400_r3                 FAIL?    ckpt   -
aco_n12000_r1                FAIL?    ckpt   -
aco_n12000_r2                FAIL?    ckpt   -
aco_n12000_r3                FAIL?    ckpt   -
dcm_n800_r1                  FAIL?    ckpt   -
dcm_n800_r2                  FAIL?    ckpt   -
dcm_n800_r3                  FAIL?     -     -
dcm_n1600_r1                 ?         -     -
dcm_n1600_r2                 ?         -     -
dcm_n1600_r3                 ?         -     -
dcm_n3200_r1                 ?         -     -
dcm_n3200_r2                 ?         -     -
dcm_n3200_r3                 ?         -     -
dcm_n6400_r1                 ?         -     -
dcm_n6400_r2                 ?         -     -
dcm_n6400_r3                 ?         -     -
dcm_n12000_r1                ?         -     -
dcm_n12000_r2                ?         -     -
dcm_n12000_r3                ?         -     -

Totals: 31 jobs | curves: 0 | test eval: 0

Active Slurm (lc-*):
     JOBID PARTITION                 NAME    STATE       TIME NODELIST(REASON)
    203257       gpu       lc-aco-n800-r1  RUNNING    1:16:18 gpu25
[H[J=== Learning-curve sweep status 2026-06-29T18:30:49+02:00 ===

JOB                          SLURM    ARTIFACTS TEST E MAE
--------------------------------------------------------------------------------
aco_n800_r1                  RUN?     ckpt   -
aco_n800_r1                  RUN?     ckpt   -
aco_n800_r2                  FAIL?    ckpt   -
aco_n800_r3                  FAIL?    ckpt   -
aco_n1600_r1                 FAIL?    ckpt   -
aco_n1600_r2                 ?         -     -
aco_n1600_r3                 ?         -     -
aco_n3200_r1                 ?         -     -
aco_n3200_r2                 ?         -     -
aco_n3200_r3                 ?         -     -
aco_n6400_r1                 FAIL?    ckpt   -
aco_n6400_r2                 FAIL?    ckpt   -
aco_n6400_r3                 FAIL?    ckpt   -
aco_n12000_r1                FAIL?    ckpt   -
aco_n12000_r2                FAIL?    ckpt   -
aco_n12000_r3                FAIL?    ckpt   -
dcm_n800_r1                  FAIL?    ckpt   -
dcm_n800_r2                  FAIL?    ckpt   -
dcm_n800_r3                  FAIL?     -     -
dcm_n1600_r1                 ?         -     -
dcm_n1600_r2                 ?         -     -
dcm_n1600_r3                 ?         -     -
dcm_n3200_r1                 ?         -     -
dcm_n3200_r2                 ?         -     -
dcm_n3200_r3                 ?         -     -
dcm_n6400_r1                 ?         -     -
dcm_n6400_r2                 ?         -     -
dcm_n6400_r3                 ?         -     -
dcm_n12000_r1                ?         -     -
dcm_n12000_r2                ?         -     -
dcm_n12000_r3                ?         -     -

Totals: 31 jobs | curves: 0 | test eval: 0

Active Slurm (lc-*):
     JOBID PARTITION                 NAME    STATE       TIME NODELIST(REASON)
    203257       gpu       lc-aco-n800-r1  RUNNING    1:17:18 gpu25
[H[J=== Learning-curve sweep status 2026-06-29T18:31:49+02:00 ===

JOB                          SLURM    ARTIFACTS TEST E MAE
--------------------------------------------------------------------------------
aco_n800_r1                  RUN?     ckpt   -
aco_n800_r1                  RUN?     ckpt   -
aco_n800_r2                  FAIL?    ckpt   -
aco_n800_r3                  FAIL?    ckpt   -
aco_n1600_r1                 FAIL?    ckpt   -
aco_n1600_r2                 ?         -     -
aco_n1600_r3                 ?         -     -
aco_n3200_r1                 ?         -     -
aco_n3200_r2                 ?         -     -
aco_n3200_r3                 ?         -     -
aco_n6400_r1                 FAIL?    ckpt   -
aco_n6400_r2                 FAIL?    ckpt   -
aco_n6400_r3                 FAIL?    ckpt   -
aco_n12000_r1                FAIL?    ckpt   -
aco_n12000_r2                FAIL?    ckpt   -
aco_n12000_r3                FAIL?    ckpt   -
dcm_n800_r1                  FAIL?    ckpt   -
dcm_n800_r2                  FAIL?    ckpt   -
dcm_n800_r3                  FAIL?     -     -
dcm_n1600_r1                 ?         -     -
dcm_n1600_r2                 ?         -     -
dcm_n1600_r3                 ?         -     -
dcm_n3200_r1                 ?         -     -
dcm_n3200_r2                 ?         -     -
dcm_n3200_r3                 ?         -     -
dcm_n6400_r1                 ?         -     -
dcm_n6400_r2                 ?         -     -
dcm_n6400_r3                 ?         -     -
dcm_n12000_r1                ?         -     -
dcm_n12000_r2                ?         -     -
dcm_n12000_r3                ?         -     -

Totals: 31 jobs | curves: 0 | test eval: 0

Active Slurm (lc-*):
     JOBID PARTITION                 NAME    STATE       TIME NODELIST(REASON)
    203257       gpu       lc-aco-n800-r1  RUNNING    1:18:18 gpu25
[H[J=== Learning-curve sweep status 2026-06-29T18:32:49+02:00 ===

JOB                          SLURM    ARTIFACTS TEST E MAE
--------------------------------------------------------------------------------
aco_n800_r1                  RUN?     ckpt   -
aco_n800_r1                  RUN?     ckpt   -
aco_n800_r2                  FAIL?    ckpt   -
aco_n800_r3                  FAIL?    ckpt   -
aco_n1600_r1                 FAIL?    ckpt   -
aco_n1600_r2                 ?         -     -
aco_n1600_r3                 ?         -     -
aco_n3200_r1                 ?         -     -
aco_n3200_r2                 ?         -     -
aco_n3200_r3                 ?         -     -
aco_n6400_r1                 FAIL?    ckpt   -
aco_n6400_r2                 FAIL?    ckpt   -
aco_n6400_r3                 FAIL?    ckpt   -
aco_n12000_r1                FAIL?    ckpt   -
aco_n12000_r2                FAIL?    ckpt   -
aco_n12000_r3                FAIL?    ckpt   -
dcm_n800_r1                  FAIL?    ckpt   -
dcm_n800_r2                  FAIL?    ckpt   -
dcm_n800_r3                  FAIL?     -     -
dcm_n1600_r1                 ?         -     -
dcm_n1600_r2                 ?         -     -
dcm_n1600_r3                 ?         -     -
dcm_n3200_r1                 ?         -     -
dcm_n3200_r2                 ?         -     -
dcm_n3200_r3                 ?         -     -
dcm_n6400_r1                 ?         -     -
dcm_n6400_r2                 ?         -     -
dcm_n6400_r3                 ?         -     -
dcm_n12000_r1                ?         -     -
dcm_n12000_r2                ?         -     -
dcm_n12000_r3                ?         -     -

Totals: 31 jobs | curves: 0 | test eval: 0

Active Slurm (lc-*):
     JOBID PARTITION                 NAME    STATE       TIME NODELIST(REASON)
    203257       gpu       lc-aco-n800-r1  RUNNING    1:19:18 gpu25
[H[J=== Learning-curve sweep status 2026-06-29T18:33:49+02:00 ===

JOB                          SLURM    ARTIFACTS TEST E MAE
--------------------------------------------------------------------------------
aco_n800_r1                  RUN?     ckpt   -
aco_n800_r1                  RUN?     ckpt   -
aco_n800_r2                  FAIL?    ckpt   -
aco_n800_r3                  FAIL?    ckpt   -
aco_n1600_r1                 FAIL?    ckpt   -
aco_n1600_r2                 ?         -     -
aco_n1600_r3                 ?         -     -
aco_n3200_r1                 ?         -     -
aco_n3200_r2                 ?         -     -
aco_n3200_r3                 ?         -     -
aco_n6400_r1                 FAIL?    ckpt   -
aco_n6400_r2                 FAIL?    ckpt   -
aco_n6400_r3                 FAIL?    ckpt   -
aco_n12000_r1                FAIL?    ckpt   -
aco_n12000_r2                FAIL?    ckpt   -
aco_n12000_r3                FAIL?    ckpt   -
dcm_n800_r1                  FAIL?    ckpt   -
dcm_n800_r2                  FAIL?    ckpt   -
dcm_n800_r3                  FAIL?     -     -
dcm_n1600_r1                 ?         -     -
dcm_n1600_r2                 ?         -     -
dcm_n1600_r3                 ?         -     -
dcm_n3200_r1                 ?         -     -
dcm_n3200_r2                 ?         -     -
dcm_n3200_r3                 ?         -     -
dcm_n6400_r1                 ?         -     -
dcm_n6400_r2                 ?         -     -
dcm_n6400_r3                 ?         -     -
dcm_n12000_r1                ?         -     -
dcm_n12000_r2                ?         -     -
dcm_n12000_r3                ?         -     -

Totals: 31 jobs | curves: 0 | test eval: 0

Active Slurm (lc-*):
     JOBID PARTITION                 NAME    STATE       TIME NODELIST(REASON)
    203257       gpu       lc-aco-n800-r1  RUNNING    1:20:19 gpu25
[H[J=== Learning-curve sweep status 2026-06-29T18:34:50+02:00 ===

JOB                          SLURM    ARTIFACTS TEST E MAE
--------------------------------------------------------------------------------
aco_n800_r1                  RUN?     ckpt   -
aco_n800_r1                  RUN?     ckpt   -
aco_n800_r2                  FAIL?    ckpt   -
aco_n800_r3                  FAIL?    ckpt   -
aco_n1600_r1                 FAIL?    ckpt   -
aco_n1600_r2                 ?         -     -
aco_n1600_r3                 ?         -     -
aco_n3200_r1                 ?         -     -
aco_n3200_r2                 ?         -     -
aco_n3200_r3                 ?         -     -
aco_n6400_r1                 FAIL?    ckpt   -
aco_n6400_r2                 FAIL?    ckpt   -
aco_n6400_r3                 FAIL?    ckpt   -
aco_n12000_r1                FAIL?    ckpt   -
aco_n12000_r2                FAIL?    ckpt   -
aco_n12000_r3                FAIL?    ckpt   -
dcm_n800_r1                  FAIL?    ckpt   -
dcm_n800_r2                  FAIL?    ckpt   -
dcm_n800_r3                  FAIL?     -     -
dcm_n1600_r1                 ?         -     -
dcm_n1600_r2                 ?         -     -
dcm_n1600_r3                 ?         -     -
dcm_n3200_r1                 ?         -     -
dcm_n3200_r2                 ?         -     -
dcm_n3200_r3                 ?         -     -
dcm_n6400_r1                 ?         -     -
dcm_n6400_r2                 ?         -     -
dcm_n6400_r3                 ?         -     -
dcm_n12000_r1                ?         -     -
dcm_n12000_r2                ?         -     -
dcm_n12000_r3                ?         -     -

Totals: 31 jobs | curves: 0 | test eval: 0

Active Slurm (lc-*):
     JOBID PARTITION                 NAME    STATE       TIME NODELIST(REASON)
    203257       gpu       lc-aco-n800-r1  RUNNING    1:21:19 gpu25
[H[J=== Learning-curve sweep status 2026-06-29T18:35:50+02:00 ===

JOB                          SLURM    ARTIFACTS TEST E MAE
--------------------------------------------------------------------------------
aco_n800_r1                  RUN?     ckpt   -
aco_n800_r1                  RUN?     ckpt   -
aco_n800_r2                  FAIL?    ckpt   -
aco_n800_r3                  FAIL?    ckpt   -
aco_n1600_r1                 FAIL?    ckpt   -
aco_n1600_r2                 ?         -     -
aco_n1600_r3                 ?         -     -
aco_n3200_r1                 ?         -     -
aco_n3200_r2                 ?         -     -
aco_n3200_r3                 ?         -     -
aco_n6400_r1                 FAIL?    ckpt   -
aco_n6400_r2                 FAIL?    ckpt   -
aco_n6400_r3                 FAIL?    ckpt   -
aco_n12000_r1                FAIL?    ckpt   -
aco_n12000_r2                FAIL?    ckpt   -
aco_n12000_r3                FAIL?    ckpt   -
dcm_n800_r1                  FAIL?    ckpt   -
dcm_n800_r2                  FAIL?    ckpt   -
dcm_n800_r3                  FAIL?     -     -
dcm_n1600_r1                 ?         -     -
dcm_n1600_r2                 ?         -     -
dcm_n1600_r3                 ?         -     -
dcm_n3200_r1                 ?         -     -
dcm_n3200_r2                 ?         -     -
dcm_n3200_r3                 ?         -     -
dcm_n6400_r1                 ?         -     -
dcm_n6400_r2                 ?         -     -
dcm_n6400_r3                 ?         -     -
dcm_n12000_r1                ?         -     -
dcm_n12000_r2                ?         -     -
dcm_n12000_r3                ?         -     -

Totals: 31 jobs | curves: 0 | test eval: 0

Active Slurm (lc-*):
     JOBID PARTITION                 NAME    STATE       TIME NODELIST(REASON)
    203257       gpu       lc-aco-n800-r1  RUNNING    1:22:19 gpu25
[H[J=== Learning-curve sweep status 2026-06-29T18:36:50+02:00 ===

JOB                          SLURM    ARTIFACTS TEST E MAE
--------------------------------------------------------------------------------
aco_n800_r1                  RUN?     ckpt   -
aco_n800_r1                  RUN?     ckpt   -
aco_n800_r2                  FAIL?    ckpt   -
aco_n800_r3                  FAIL?    ckpt   -
aco_n1600_r1                 FAIL?    ckpt   -
aco_n1600_r2                 ?         -     -
aco_n1600_r3                 ?         -     -
aco_n3200_r1                 ?         -     -
aco_n3200_r2                 ?         -     -
aco_n3200_r3                 ?         -     -
aco_n6400_r1                 FAIL?    ckpt   -
aco_n6400_r2                 FAIL?    ckpt   -
aco_n6400_r3                 FAIL?    ckpt   -
aco_n12000_r1                FAIL?    ckpt   -
aco_n12000_r2                FAIL?    ckpt   -
aco_n12000_r3                FAIL?    ckpt   -
dcm_n800_r1                  FAIL?    ckpt   -
dcm_n800_r2                  FAIL?    ckpt   -
dcm_n800_r3                  FAIL?     -     -
dcm_n1600_r1                 ?         -     -
dcm_n1600_r2                 ?         -     -
dcm_n1600_r3                 ?         -     -
dcm_n3200_r1                 ?         -     -
dcm_n3200_r2                 ?         -     -
dcm_n3200_r3                 ?         -     -
dcm_n6400_r1                 ?         -     -
dcm_n6400_r2                 ?         -     -
dcm_n6400_r3                 ?         -     -
dcm_n12000_r1                ?         -     -
dcm_n12000_r2                ?         -     -
dcm_n12000_r3                ?         -     -

Totals: 31 jobs | curves: 0 | test eval: 0

Active Slurm (lc-*):
     JOBID PARTITION                 NAME    STATE       TIME NODELIST(REASON)
    203257       gpu       lc-aco-n800-r1  RUNNING    1:23:19 gpu25
[H[J=== Learning-curve sweep status 2026-06-29T18:37:50+02:00 ===

JOB                          SLURM    ARTIFACTS TEST E MAE
--------------------------------------------------------------------------------
aco_n800_r1                  RUN?     ckpt   -
aco_n800_r1                  RUN?     ckpt   -
aco_n800_r2                  FAIL?    ckpt   -
aco_n800_r3                  FAIL?    ckpt   -
aco_n1600_r1                 FAIL?    ckpt   -
aco_n1600_r2                 ?         -     -
aco_n1600_r3                 ?         -     -
aco_n3200_r1                 ?         -     -
aco_n3200_r2                 ?         -     -
aco_n3200_r3                 ?         -     -
aco_n6400_r1                 FAIL?    ckpt   -
aco_n6400_r2                 FAIL?    ckpt   -
aco_n6400_r3                 FAIL?    ckpt   -
aco_n12000_r1                FAIL?    ckpt   -
aco_n12000_r2                FAIL?    ckpt   -
aco_n12000_r3                FAIL?    ckpt   -
dcm_n800_r1                  FAIL?    ckpt   -
dcm_n800_r2                  FAIL?    ckpt   -
dcm_n800_r3                  FAIL?     -     -
dcm_n1600_r1                 ?         -     -
dcm_n1600_r2                 ?         -     -
dcm_n1600_r3                 ?         -     -
dcm_n3200_r1                 ?         -     -
dcm_n3200_r2                 ?         -     -
dcm_n3200_r3                 ?         -     -
dcm_n6400_r1                 ?         -     -
dcm_n6400_r2                 ?         -     -
dcm_n6400_r3                 ?         -     -
dcm_n12000_r1                ?         -     -
dcm_n12000_r2                ?         -     -
dcm_n12000_r3                ?         -     -

Totals: 31 jobs | curves: 0 | test eval: 0

Active Slurm (lc-*):
     JOBID PARTITION                 NAME    STATE       TIME NODELIST(REASON)
    203257       gpu       lc-aco-n800-r1  RUNNING    1:24:20 gpu25
[H[J=== Learning-curve sweep status 2026-06-29T18:38:51+02:00 ===

JOB                          SLURM    ARTIFACTS TEST E MAE
--------------------------------------------------------------------------------
aco_n800_r1                  RUN?     ckpt   -
aco_n800_r1                  RUN?     ckpt   -
aco_n800_r2                  FAIL?    ckpt   -
aco_n800_r3                  FAIL?    ckpt   -
aco_n1600_r1                 FAIL?    ckpt   -
aco_n1600_r2                 ?         -     -
aco_n1600_r3                 ?         -     -
aco_n3200_r1                 ?         -     -
aco_n3200_r2                 ?         -     -
aco_n3200_r3                 ?         -     -
aco_n6400_r1                 FAIL?    ckpt   -
aco_n6400_r2                 FAIL?    ckpt   -
aco_n6400_r3                 FAIL?    ckpt   -
aco_n12000_r1                FAIL?    ckpt   -
aco_n12000_r2                FAIL?    ckpt   -
aco_n12000_r3                FAIL?    ckpt   -
dcm_n800_r1                  FAIL?    ckpt   -
dcm_n800_r2                  FAIL?    ckpt   -
dcm_n800_r3                  FAIL?     -     -
dcm_n1600_r1                 ?         -     -
dcm_n1600_r2                 ?         -     -
dcm_n1600_r3                 ?         -     -
dcm_n3200_r1                 ?         -     -
dcm_n3200_r2                 ?         -     -
dcm_n3200_r3                 ?         -     -
dcm_n6400_r1                 ?         -     -
dcm_n6400_r2                 ?         -     -
dcm_n6400_r3                 ?         -     -
dcm_n12000_r1                ?         -     -
dcm_n12000_r2                ?         -     -
dcm_n12000_r3                ?         -     -

Totals: 31 jobs | curves: 0 | test eval: 0

Active Slurm (lc-*):
     JOBID PARTITION                 NAME    STATE       TIME NODELIST(REASON)
    203257       gpu       lc-aco-n800-r1  RUNNING    1:25:20 gpu25
[H[J=== Learning-curve sweep status 2026-06-29T18:39:51+02:00 ===

JOB                          SLURM    ARTIFACTS TEST E MAE
--------------------------------------------------------------------------------
aco_n800_r1                  RUN?     ckpt   -
aco_n800_r1                  RUN?     ckpt   -
aco_n800_r2                  FAIL?    ckpt   -
aco_n800_r3                  FAIL?    ckpt   -
aco_n1600_r1                 FAIL?    ckpt   -
aco_n1600_r2                 ?         -     -
aco_n1600_r3                 ?         -     -
aco_n3200_r1                 ?         -     -
aco_n3200_r2                 ?         -     -
aco_n3200_r3                 ?         -     -
aco_n6400_r1                 FAIL?    ckpt   -
aco_n6400_r2                 FAIL?    ckpt   -
aco_n6400_r3                 FAIL?    ckpt   -
aco_n12000_r1                FAIL?    ckpt   -
aco_n12000_r2                FAIL?    ckpt   -
aco_n12000_r3                FAIL?    ckpt   -
dcm_n800_r1                  FAIL?    ckpt   -
dcm_n800_r2                  FAIL?    ckpt   -
dcm_n800_r3                  FAIL?     -     -
dcm_n1600_r1                 ?         -     -
dcm_n1600_r2                 ?         -     -
dcm_n1600_r3                 ?         -     -
dcm_n3200_r1                 ?         -     -
dcm_n3200_r2                 ?         -     -
dcm_n3200_r3                 ?         -     -
dcm_n6400_r1                 ?         -     -
dcm_n6400_r2                 ?         -     -
dcm_n6400_r3                 ?         -     -
dcm_n12000_r1                ?         -     -
dcm_n12000_r2                ?         -     -
dcm_n12000_r3                ?         -     -

Totals: 31 jobs | curves: 0 | test eval: 0

Active Slurm (lc-*):
     JOBID PARTITION                 NAME    STATE       TIME NODELIST(REASON)
    203257       gpu       lc-aco-n800-r1  RUNNING    1:26:20 gpu25
[H[J=== Learning-curve sweep status 2026-06-29T18:40:51+02:00 ===

JOB                          SLURM    ARTIFACTS TEST E MAE
--------------------------------------------------------------------------------
aco_n800_r1                  RUN?     ckpt   -
aco_n800_r1                  RUN?     ckpt   -
aco_n800_r2                  FAIL?    ckpt   -
aco_n800_r3                  FAIL?    ckpt   -
aco_n1600_r1                 FAIL?    ckpt   -
aco_n1600_r2                 ?         -     -
aco_n1600_r3                 ?         -     -
aco_n3200_r1                 ?         -     -
aco_n3200_r2                 ?         -     -
aco_n3200_r3                 ?         -     -
aco_n6400_r1                 FAIL?    ckpt   -
aco_n6400_r2                 FAIL?    ckpt   -
aco_n6400_r3                 FAIL?    ckpt   -
aco_n12000_r1                FAIL?    ckpt   -
aco_n12000_r2                FAIL?    ckpt   -
aco_n12000_r3                FAIL?    ckpt   -
dcm_n800_r1                  FAIL?    ckpt   -
dcm_n800_r2                  FAIL?    ckpt   -
dcm_n800_r3                  FAIL?     -     -
dcm_n1600_r1                 ?         -     -
dcm_n1600_r2                 ?         -     -
dcm_n1600_r3                 ?         -     -
dcm_n3200_r1                 ?         -     -
dcm_n3200_r2                 ?         -     -
dcm_n3200_r3                 ?         -     -
dcm_n6400_r1                 ?         -     -
dcm_n6400_r2                 ?         -     -
dcm_n6400_r3                 ?         -     -
dcm_n12000_r1                ?         -     -
dcm_n12000_r2                ?         -     -
dcm_n12000_r3                ?         -     -

Totals: 31 jobs | curves: 0 | test eval: 0

Active Slurm (lc-*):
     JOBID PARTITION                 NAME    STATE       TIME NODELIST(REASON)
    203257       gpu       lc-aco-n800-r1  RUNNING    1:27:20 gpu25
[H[J=== Learning-curve sweep status 2026-06-29T18:41:51+02:00 ===

JOB                          SLURM    ARTIFACTS TEST E MAE
--------------------------------------------------------------------------------
aco_n800_r1                  RUN?     ckpt   -
aco_n800_r1                  RUN?     ckpt   -
aco_n800_r2                  FAIL?    ckpt   -
aco_n800_r3                  FAIL?    ckpt   -
aco_n1600_r1                 FAIL?    ckpt   -
aco_n1600_r2                 ?         -     -
aco_n1600_r3                 ?         -     -
aco_n3200_r1                 ?         -     -
aco_n3200_r2                 ?         -     -
aco_n3200_r3                 ?         -     -
aco_n6400_r1                 FAIL?    ckpt   -
aco_n6400_r2                 FAIL?    ckpt   -
aco_n6400_r3                 FAIL?    ckpt   -
aco_n12000_r1                FAIL?    ckpt   -
aco_n12000_r2                FAIL?    ckpt   -
aco_n12000_r3                FAIL?    ckpt   -
dcm_n800_r1                  FAIL?    ckpt   -
dcm_n800_r2                  FAIL?    ckpt   -
dcm_n800_r3                  FAIL?     -     -
dcm_n1600_r1                 ?         -     -
dcm_n1600_r2                 ?         -     -
dcm_n1600_r3                 ?         -     -
dcm_n3200_r1                 ?         -     -
dcm_n3200_r2                 ?         -     -
dcm_n3200_r3                 ?         -     -
dcm_n6400_r1                 ?         -     -
dcm_n6400_r2                 ?         -     -
dcm_n6400_r3                 ?         -     -
dcm_n12000_r1                ?         -     -
dcm_n12000_r2                ?         -     -
dcm_n12000_r3                ?         -     -

Totals: 31 jobs | curves: 0 | test eval: 0

Active Slurm (lc-*):
     JOBID PARTITION                 NAME    STATE       TIME NODELIST(REASON)
    203257       gpu       lc-aco-n800-r1  RUNNING    1:28:21 gpu25
[H[J=== Learning-curve sweep status 2026-06-29T18:42:52+02:00 ===

JOB                          SLURM    ARTIFACTS TEST E MAE
--------------------------------------------------------------------------------
aco_n800_r1                  RUN?     ckpt   -
aco_n800_r1                  RUN?     ckpt   -
aco_n800_r2                  FAIL?    ckpt   -
aco_n800_r3                  FAIL?    ckpt   -
aco_n1600_r1                 FAIL?    ckpt   -
aco_n1600_r2                 ?         -     -
aco_n1600_r3                 ?         -     -
aco_n3200_r1                 ?         -     -
aco_n3200_r2                 ?         -     -
aco_n3200_r3                 ?         -     -
aco_n6400_r1                 FAIL?    ckpt   -
aco_n6400_r2                 FAIL?    ckpt   -
aco_n6400_r3                 FAIL?    ckpt   -
aco_n12000_r1                FAIL?    ckpt   -
aco_n12000_r2                FAIL?    ckpt   -
aco_n12000_r3                FAIL?    ckpt   -
dcm_n800_r1                  FAIL?    ckpt   -
dcm_n800_r2                  FAIL?    ckpt   -
dcm_n800_r3                  FAIL?     -     -
dcm_n1600_r1                 ?         -     -
dcm_n1600_r2                 ?         -     -
dcm_n1600_r3                 ?         -     -
dcm_n3200_r1                 ?         -     -
dcm_n3200_r2                 ?         -     -
dcm_n3200_r3                 ?         -     -
dcm_n6400_r1                 ?         -     -
dcm_n6400_r2                 ?         -     -
dcm_n6400_r3                 ?         -     -
dcm_n12000_r1                ?         -     -
dcm_n12000_r2                ?         -     -
dcm_n12000_r3                ?         -     -

Totals: 31 jobs | curves: 0 | test eval: 0

Active Slurm (lc-*):
     JOBID PARTITION                 NAME    STATE       TIME NODELIST(REASON)
    203257       gpu       lc-aco-n800-r1  RUNNING    1:29:21 gpu25
[H[J=== Learning-curve sweep status 2026-06-29T18:43:52+02:00 ===

JOB                          SLURM    ARTIFACTS TEST E MAE
--------------------------------------------------------------------------------
aco_n800_r1                  RUN?     ckpt   -
aco_n800_r1                  RUN?     ckpt   -
aco_n800_r2                  FAIL?    ckpt   -
aco_n800_r3                  FAIL?    ckpt   -
aco_n1600_r1                 FAIL?    ckpt   -
aco_n1600_r2                 ?         -     -
aco_n1600_r3                 ?         -     -
aco_n3200_r1                 ?         -     -
aco_n3200_r2                 ?         -     -
aco_n3200_r3                 ?         -     -
aco_n6400_r1                 FAIL?    ckpt   -
aco_n6400_r2                 FAIL?    ckpt   -
aco_n6400_r3                 FAIL?    ckpt   -
aco_n12000_r1                FAIL?    ckpt   -
aco_n12000_r2                FAIL?    ckpt   -
aco_n12000_r3                FAIL?    ckpt   -
dcm_n800_r1                  FAIL?    ckpt   -
dcm_n800_r2                  FAIL?    ckpt   -
dcm_n800_r3                  FAIL?     -     -
dcm_n1600_r1                 ?         -     -
dcm_n1600_r2                 ?         -     -
dcm_n1600_r3                 ?         -     -
dcm_n3200_r1                 ?         -     -
dcm_n3200_r2                 ?         -     -
dcm_n3200_r3                 ?         -     -
dcm_n6400_r1                 ?         -     -
dcm_n6400_r2                 ?         -     -
dcm_n6400_r3                 ?         -     -
dcm_n12000_r1                ?         -     -
dcm_n12000_r2                ?         -     -
dcm_n12000_r3                ?         -     -

Totals: 31 jobs | curves: 0 | test eval: 0

Active Slurm (lc-*):
     JOBID PARTITION                 NAME    STATE       TIME NODELIST(REASON)
    203257       gpu       lc-aco-n800-r1  RUNNING    1:30:22 gpu25
[H[J=== Learning-curve sweep status 2026-06-29T18:44:53+02:00 ===

JOB                          SLURM    ARTIFACTS TEST E MAE
--------------------------------------------------------------------------------
aco_n800_r1                  RUN?     ckpt   -
aco_n800_r1                  RUN?     ckpt   -
aco_n800_r2                  FAIL?    ckpt   -
aco_n800_r3                  FAIL?    ckpt   -
aco_n1600_r1                 FAIL?    ckpt   -
aco_n1600_r2                 ?         -     -
aco_n1600_r3                 ?         -     -
aco_n3200_r1                 ?         -     -
aco_n3200_r2                 ?         -     -
aco_n3200_r3                 ?         -     -
aco_n6400_r1                 FAIL?    ckpt   -
aco_n6400_r2                 FAIL?    ckpt   -
aco_n6400_r3                 FAIL?    ckpt   -
aco_n12000_r1                FAIL?    ckpt   -
aco_n12000_r2                FAIL?    ckpt   -
aco_n12000_r3                FAIL?    ckpt   -
dcm_n800_r1                  FAIL?    ckpt   -
dcm_n800_r2                  FAIL?    ckpt   -
dcm_n800_r3                  FAIL?     -     -
dcm_n1600_r1                 ?         -     -
dcm_n1600_r2                 ?         -     -
dcm_n1600_r3                 ?         -     -
dcm_n3200_r1                 ?         -     -
dcm_n3200_r2                 ?         -     -
dcm_n3200_r3                 ?         -     -
dcm_n6400_r1                 ?         -     -
dcm_n6400_r2                 ?         -     -
dcm_n6400_r3                 ?         -     -
dcm_n12000_r1                ?         -     -
dcm_n12000_r2                ?         -     -
dcm_n12000_r3                ?         -     -

Totals: 31 jobs | curves: 0 | test eval: 0

Active Slurm (lc-*):
     JOBID PARTITION                 NAME    STATE       TIME NODELIST(REASON)
    203257       gpu       lc-aco-n800-r1  RUNNING    1:31:22 gpu25
[H[J=== Learning-curve sweep status 2026-06-29T18:45:53+02:00 ===

JOB                          SLURM    ARTIFACTS TEST E MAE
--------------------------------------------------------------------------------
aco_n800_r1                  RUN?     ckpt   -
aco_n800_r1                  RUN?     ckpt   -
aco_n800_r2                  FAIL?    ckpt   -
aco_n800_r3                  FAIL?    ckpt   -
aco_n1600_r1                 FAIL?    ckpt   -
aco_n1600_r2                 ?         -     -
aco_n1600_r3                 ?         -     -
aco_n3200_r1                 ?         -     -
aco_n3200_r2                 ?         -     -
aco_n3200_r3                 ?         -     -
aco_n6400_r1                 FAIL?    ckpt   -
aco_n6400_r2                 FAIL?    ckpt   -
aco_n6400_r3                 FAIL?    ckpt   -
aco_n12000_r1                FAIL?    ckpt   -
aco_n12000_r2                FAIL?    ckpt   -
aco_n12000_r3                FAIL?    ckpt   -
dcm_n800_r1                  FAIL?    ckpt   -
dcm_n800_r2                  FAIL?    ckpt   -
dcm_n800_r3                  FAIL?     -     -
dcm_n1600_r1                 ?         -     -
dcm_n1600_r2                 ?         -     -
dcm_n1600_r3                 ?         -     -
dcm_n3200_r1                 ?         -     -
dcm_n3200_r2                 ?         -     -
dcm_n3200_r3                 ?         -     -
dcm_n6400_r1                 ?         -     -
dcm_n6400_r2                 ?         -     -
dcm_n6400_r3                 ?         -     -
dcm_n12000_r1                ?         -     -
dcm_n12000_r2                ?         -     -
dcm_n12000_r3                ?         -     -

Totals: 31 jobs | curves: 0 | test eval: 0

Active Slurm (lc-*):
     JOBID PARTITION                 NAME    STATE       TIME NODELIST(REASON)
    203257       gpu       lc-aco-n800-r1  RUNNING    1:32:22 gpu25
[H[J=== Learning-curve sweep status 2026-06-29T18:46:53+02:00 ===

JOB                          SLURM    ARTIFACTS TEST E MAE
--------------------------------------------------------------------------------
aco_n800_r1                  RUN?     ckpt   -
aco_n800_r1                  RUN?     ckpt   -
aco_n800_r2                  FAIL?    ckpt   -
aco_n800_r3                  FAIL?    ckpt   -
aco_n1600_r1                 FAIL?    ckpt   -
aco_n1600_r2                 ?         -     -
aco_n1600_r3                 ?         -     -
aco_n3200_r1                 ?         -     -
aco_n3200_r2                 ?         -     -
aco_n3200_r3                 ?         -     -
aco_n6400_r1                 FAIL?    ckpt   -
aco_n6400_r2                 FAIL?    ckpt   -
aco_n6400_r3                 FAIL?    ckpt   -
aco_n12000_r1                FAIL?    ckpt   -
aco_n12000_r2                FAIL?    ckpt   -
aco_n12000_r3                FAIL?    ckpt   -
dcm_n800_r1                  FAIL?    ckpt   -
dcm_n800_r2                  FAIL?    ckpt   -
dcm_n800_r3                  FAIL?     -     -
dcm_n1600_r1                 ?         -     -
dcm_n1600_r2                 ?         -     -
dcm_n1600_r3                 ?         -     -
dcm_n3200_r1                 ?         -     -
dcm_n3200_r2                 ?         -     -
dcm_n3200_r3                 ?         -     -
dcm_n6400_r1                 ?         -     -
dcm_n6400_r2                 ?         -     -
dcm_n6400_r3                 ?         -     -
dcm_n12000_r1                ?         -     -
dcm_n12000_r2                ?         -     -
dcm_n12000_r3                ?         -     -

Totals: 31 jobs | curves: 0 | test eval: 0

Active Slurm (lc-*):
     JOBID PARTITION                 NAME    STATE       TIME NODELIST(REASON)
    203257       gpu       lc-aco-n800-r1  RUNNING    1:33:22 gpu25
[H[J=== Learning-curve sweep status 2026-06-29T18:47:53+02:00 ===

JOB                          SLURM    ARTIFACTS TEST E MAE
--------------------------------------------------------------------------------
aco_n800_r1                  RUN?     ckpt   -
aco_n800_r1                  RUN?     ckpt   -
aco_n800_r2                  FAIL?    ckpt   -
aco_n800_r3                  FAIL?    ckpt   -
aco_n1600_r1                 FAIL?    ckpt   -
aco_n1600_r2                 ?         -     -
aco_n1600_r3                 ?         -     -
aco_n3200_r1                 ?         -     -
aco_n3200_r2                 ?         -     -
aco_n3200_r3                 ?         -     -
aco_n6400_r1                 FAIL?    ckpt   -
aco_n6400_r2                 FAIL?    ckpt   -
aco_n6400_r3                 FAIL?    ckpt   -
aco_n12000_r1                FAIL?    ckpt   -
aco_n12000_r2                FAIL?    ckpt   -
aco_n12000_r3                FAIL?    ckpt   -
dcm_n800_r1                  FAIL?    ckpt   -
dcm_n800_r2                  FAIL?    ckpt   -
dcm_n800_r3                  FAIL?     -     -
dcm_n1600_r1                 ?         -     -
dcm_n1600_r2                 ?         -     -
dcm_n1600_r3                 ?         -     -
dcm_n3200_r1                 ?         -     -
dcm_n3200_r2                 ?         -     -
dcm_n3200_r3                 ?         -     -
dcm_n6400_r1                 ?         -     -
dcm_n6400_r2                 ?         -     -
dcm_n6400_r3                 ?         -     -
dcm_n12000_r1                ?         -     -
dcm_n12000_r2                ?         -     -
dcm_n12000_r3                ?         -     -

Totals: 31 jobs | curves: 0 | test eval: 0

Active Slurm (lc-*):
     JOBID PARTITION                 NAME    STATE       TIME NODELIST(REASON)
    203257       gpu       lc-aco-n800-r1  RUNNING    1:34:23 gpu25
[H[J=== Learning-curve sweep status 2026-06-29T18:48:54+02:00 ===

JOB                          SLURM    ARTIFACTS TEST E MAE
--------------------------------------------------------------------------------
aco_n800_r1                  RUN?     ckpt   -
aco_n800_r1                  RUN?     ckpt   -
aco_n800_r2                  FAIL?    ckpt   -
aco_n800_r3                  FAIL?    ckpt   -
aco_n1600_r1                 FAIL?    ckpt   -
aco_n1600_r2                 ?         -     -
aco_n1600_r3                 ?         -     -
aco_n3200_r1                 ?         -     -
aco_n3200_r2                 ?         -     -
aco_n3200_r3                 ?         -     -
aco_n6400_r1                 FAIL?    ckpt   -
aco_n6400_r2                 FAIL?    ckpt   -
aco_n6400_r3                 FAIL?    ckpt   -
aco_n12000_r1                FAIL?    ckpt   -
aco_n12000_r2                FAIL?    ckpt   -
aco_n12000_r3                FAIL?    ckpt   -
dcm_n800_r1                  FAIL?    ckpt   -
dcm_n800_r2                  FAIL?    ckpt   -
dcm_n800_r3                  FAIL?     -     -
dcm_n1600_r1                 ?         -     -
dcm_n1600_r2                 ?         -     -
dcm_n1600_r3                 ?         -     -
dcm_n3200_r1                 ?         -     -
dcm_n3200_r2                 ?         -     -
dcm_n3200_r3                 ?         -     -
dcm_n6400_r1                 ?         -     -
dcm_n6400_r2                 ?         -     -
dcm_n6400_r3                 ?         -     -
dcm_n12000_r1                ?         -     -
dcm_n12000_r2                ?         -     -
dcm_n12000_r3                ?         -     -

Totals: 31 jobs | curves: 0 | test eval: 0

Active Slurm (lc-*):
     JOBID PARTITION                 NAME    STATE       TIME NODELIST(REASON)
    203257       gpu       lc-aco-n800-r1  RUNNING    1:35:23 gpu25
[H[J=== Learning-curve sweep status 2026-06-29T18:49:54+02:00 ===

JOB                          SLURM    ARTIFACTS TEST E MAE
--------------------------------------------------------------------------------
aco_n800_r1                  RUN?     ckpt   -
aco_n800_r1                  RUN?     ckpt   -
aco_n800_r2                  FAIL?    ckpt   -
aco_n800_r3                  FAIL?    ckpt   -
aco_n1600_r1                 FAIL?    ckpt   -
aco_n1600_r2                 ?         -     -
aco_n1600_r3                 ?         -     -
aco_n3200_r1                 ?         -     -
aco_n3200_r2                 ?         -     -
aco_n3200_r3                 ?         -     -
aco_n6400_r1                 FAIL?    ckpt   -
aco_n6400_r2                 FAIL?    ckpt   -
aco_n6400_r3                 FAIL?    ckpt   -
aco_n12000_r1                FAIL?    ckpt   -
aco_n12000_r2                FAIL?    ckpt   -
aco_n12000_r3                FAIL?    ckpt   -
dcm_n800_r1                  FAIL?    ckpt   -
dcm_n800_r2                  FAIL?    ckpt   -
dcm_n800_r3                  FAIL?     -     -
dcm_n1600_r1                 ?         -     -
dcm_n1600_r2                 ?         -     -
dcm_n1600_r3                 ?         -     -
dcm_n3200_r1                 ?         -     -
dcm_n3200_r2                 ?         -     -
dcm_n3200_r3                 ?         -     -
dcm_n6400_r1                 ?         -     -
dcm_n6400_r2                 ?         -     -
dcm_n6400_r3                 ?         -     -
dcm_n12000_r1                ?         -     -
dcm_n12000_r2                ?         -     -
dcm_n12000_r3                ?         -     -

Totals: 31 jobs | curves: 0 | test eval: 0

Active Slurm (lc-*):
     JOBID PARTITION                 NAME    STATE       TIME NODELIST(REASON)
    203257       gpu       lc-aco-n800-r1  RUNNING    1:36:23 gpu25
[H[J=== Learning-curve sweep status 2026-06-29T18:50:54+02:00 ===

JOB                          SLURM    ARTIFACTS TEST E MAE
--------------------------------------------------------------------------------
aco_n800_r1                  RUN?     ckpt   -
aco_n800_r1                  RUN?     ckpt   -
aco_n800_r2                  FAIL?    ckpt   -
aco_n800_r3                  FAIL?    ckpt   -
aco_n1600_r1                 FAIL?    ckpt   -
aco_n1600_r2                 ?         -     -
aco_n1600_r3                 ?         -     -
aco_n3200_r1                 ?         -     -
aco_n3200_r2                 ?         -     -
aco_n3200_r3                 ?         -     -
aco_n6400_r1                 FAIL?    ckpt   -
aco_n6400_r2                 FAIL?    ckpt   -
aco_n6400_r3                 FAIL?    ckpt   -
aco_n12000_r1                FAIL?    ckpt   -
aco_n12000_r2                FAIL?    ckpt   -
aco_n12000_r3                FAIL?    ckpt   -
dcm_n800_r1                  FAIL?    ckpt   -
dcm_n800_r2                  FAIL?    ckpt   -
dcm_n800_r3                  FAIL?     -     -
dcm_n1600_r1                 ?         -     -
dcm_n1600_r2                 ?         -     -
dcm_n1600_r3                 ?         -     -
dcm_n3200_r1                 ?         -     -
dcm_n3200_r2                 ?         -     -
dcm_n3200_r3                 ?         -     -
dcm_n6400_r1                 ?         -     -
dcm_n6400_r2                 ?         -     -
dcm_n6400_r3                 ?         -     -
dcm_n12000_r1                ?         -     -
dcm_n12000_r2                ?         -     -
dcm_n12000_r3                ?         -     -

Totals: 31 jobs | curves: 0 | test eval: 0

Active Slurm (lc-*):
     JOBID PARTITION                 NAME    STATE       TIME NODELIST(REASON)
    203257       gpu       lc-aco-n800-r1  RUNNING    1:37:23 gpu25
[H[J=== Learning-curve sweep status 2026-06-29T18:51:54+02:00 ===

JOB                          SLURM    ARTIFACTS TEST E MAE
--------------------------------------------------------------------------------
aco_n800_r1                  RUN?     ckpt   -
aco_n800_r1                  RUN?     ckpt   -
aco_n800_r2                  FAIL?    ckpt   -
aco_n800_r3                  FAIL?    ckpt   -
aco_n1600_r1                 FAIL?    ckpt   -
aco_n1600_r2                 ?         -     -
aco_n1600_r3                 ?         -     -
aco_n3200_r1                 ?         -     -
aco_n3200_r2                 ?         -     -
aco_n3200_r3                 ?         -     -
aco_n6400_r1                 FAIL?    ckpt   -
aco_n6400_r2                 FAIL?    ckpt   -
aco_n6400_r3                 FAIL?    ckpt   -
aco_n12000_r1                FAIL?    ckpt   -
aco_n12000_r2                FAIL?    ckpt   -
aco_n12000_r3                FAIL?    ckpt   -
dcm_n800_r1                  FAIL?    ckpt   -
dcm_n800_r2                  FAIL?    ckpt   -
dcm_n800_r3                  FAIL?     -     -
dcm_n1600_r1                 ?         -     -
dcm_n1600_r2                 ?         -     -
dcm_n1600_r3                 ?         -     -
dcm_n3200_r1                 ?         -     -
dcm_n3200_r2                 ?         -     -
dcm_n3200_r3                 ?         -     -
dcm_n6400_r1                 ?         -     -
dcm_n6400_r2                 ?         -     -
dcm_n6400_r3                 ?         -     -
dcm_n12000_r1                ?         -     -
dcm_n12000_r2                ?         -     -
dcm_n12000_r3                ?         -     -

Totals: 31 jobs | curves: 0 | test eval: 0

Active Slurm (lc-*):
     JOBID PARTITION                 NAME    STATE       TIME NODELIST(REASON)
    203257       gpu       lc-aco-n800-r1  RUNNING    1:38:24 gpu25
[H[J=== Learning-curve sweep status 2026-06-29T18:52:55+02:00 ===

JOB                          SLURM    ARTIFACTS TEST E MAE
--------------------------------------------------------------------------------
aco_n800_r1                  RUN?     ckpt   -
aco_n800_r1                  RUN?     ckpt   -
aco_n800_r2                  FAIL?    ckpt   -
aco_n800_r3                  FAIL?    ckpt   -
aco_n1600_r1                 FAIL?    ckpt   -
aco_n1600_r2                 ?         -     -
aco_n1600_r3                 ?         -     -
aco_n3200_r1                 ?         -     -
aco_n3200_r2                 ?         -     -
aco_n3200_r3                 ?         -     -
aco_n6400_r1                 FAIL?    ckpt   -
aco_n6400_r2                 FAIL?    ckpt   -
aco_n6400_r3                 FAIL?    ckpt   -
aco_n12000_r1                FAIL?    ckpt   -
aco_n12000_r2                FAIL?    ckpt   -
aco_n12000_r3                FAIL?    ckpt   -
dcm_n800_r1                  FAIL?    ckpt   -
dcm_n800_r2                  FAIL?    ckpt   -
dcm_n800_r3                  FAIL?     -     -
dcm_n1600_r1                 ?         -     -
dcm_n1600_r2                 ?         -     -
dcm_n1600_r3                 ?         -     -
dcm_n3200_r1                 ?         -     -
dcm_n3200_r2                 ?         -     -
dcm_n3200_r3                 ?         -     -
dcm_n6400_r1                 ?         -     -
dcm_n6400_r2                 ?         -     -
dcm_n6400_r3                 ?         -     -
dcm_n12000_r1                ?         -     -
dcm_n12000_r2                ?         -     -
dcm_n12000_r3                ?         -     -

Totals: 31 jobs | curves: 0 | test eval: 0

Active Slurm (lc-*):
     JOBID PARTITION                 NAME    STATE       TIME NODELIST(REASON)
    203257       gpu       lc-aco-n800-r1  RUNNING    1:39:24 gpu25
[H[J=== Learning-curve sweep status 2026-06-29T18:53:55+02:00 ===

JOB                          SLURM    ARTIFACTS TEST E MAE
--------------------------------------------------------------------------------
aco_n800_r1                  RUN?     ckpt   -
aco_n800_r1                  RUN?     ckpt   -
aco_n800_r2                  FAIL?    ckpt   -
aco_n800_r3                  FAIL?    ckpt   -
aco_n1600_r1                 FAIL?    ckpt   -
aco_n1600_r2                 ?         -     -
aco_n1600_r3                 ?         -     -
aco_n3200_r1                 ?         -     -
aco_n3200_r2                 ?         -     -
aco_n3200_r3                 ?         -     -
aco_n6400_r1                 FAIL?    ckpt   -
aco_n6400_r2                 FAIL?    ckpt   -
aco_n6400_r3                 FAIL?    ckpt   -
aco_n12000_r1                FAIL?    ckpt   -
aco_n12000_r2                FAIL?    ckpt   -
aco_n12000_r3                FAIL?    ckpt   -
dcm_n800_r1                  FAIL?    ckpt   -
dcm_n800_r2                  FAIL?    ckpt   -
dcm_n800_r3                  FAIL?     -     -
dcm_n1600_r1                 ?         -     -
dcm_n1600_r2                 ?         -     -
dcm_n1600_r3                 ?         -     -
dcm_n3200_r1                 ?         -     -
dcm_n3200_r2                 ?         -     -
dcm_n3200_r3                 ?         -     -
dcm_n6400_r1                 ?         -     -
dcm_n6400_r2                 ?         -     -
dcm_n6400_r3                 ?         -     -
dcm_n12000_r1                ?         -     -
dcm_n12000_r2                ?         -     -
dcm_n12000_r3                ?         -     -

Totals: 31 jobs | curves: 0 | test eval: 0

Active Slurm (lc-*):
     JOBID PARTITION                 NAME    STATE       TIME NODELIST(REASON)
    203257       gpu       lc-aco-n800-r1  RUNNING    1:40:24 gpu25
[H[J=== Learning-curve sweep status 2026-06-29T18:54:55+02:00 ===

JOB                          SLURM    ARTIFACTS TEST E MAE
--------------------------------------------------------------------------------
aco_n800_r1                  RUN?     ckpt   -
aco_n800_r1                  RUN?     ckpt   -
aco_n800_r2                  FAIL?    ckpt   -
aco_n800_r3                  FAIL?    ckpt   -
aco_n1600_r1                 FAIL?    ckpt   -
aco_n1600_r2                 ?         -     -
aco_n1600_r3                 ?         -     -
aco_n3200_r1                 ?         -     -
aco_n3200_r2                 ?         -     -
aco_n3200_r3                 ?         -     -
aco_n6400_r1                 FAIL?    ckpt   -
aco_n6400_r2                 FAIL?    ckpt   -
aco_n6400_r3                 FAIL?    ckpt   -
aco_n12000_r1                FAIL?    ckpt   -
aco_n12000_r2                FAIL?    ckpt   -
aco_n12000_r3                FAIL?    ckpt   -
dcm_n800_r1                  FAIL?    ckpt   -
dcm_n800_r2                  FAIL?    ckpt   -
dcm_n800_r3                  FAIL?     -     -
dcm_n1600_r1                 ?         -     -
dcm_n1600_r2                 ?         -     -
dcm_n1600_r3                 ?         -     -
dcm_n3200_r1                 ?         -     -
dcm_n3200_r2                 ?         -     -
dcm_n3200_r3                 ?         -     -
dcm_n6400_r1                 ?         -     -
dcm_n6400_r2                 ?         -     -
dcm_n6400_r3                 ?         -     -
dcm_n12000_r1                ?         -     -
dcm_n12000_r2                ?         -     -
dcm_n12000_r3                ?         -     -

Totals: 31 jobs | curves: 0 | test eval: 0

Active Slurm (lc-*):
     JOBID PARTITION                 NAME    STATE       TIME NODELIST(REASON)
    203257       gpu       lc-aco-n800-r1  RUNNING    1:41:24 gpu25
[H[J=== Learning-curve sweep status 2026-06-29T18:55:56+02:00 ===

JOB                          SLURM    ARTIFACTS TEST E MAE
--------------------------------------------------------------------------------
aco_n800_r1                  RUN?     ckpt   -
aco_n800_r1                  RUN?     ckpt   -
aco_n800_r2                  FAIL?    ckpt   -
aco_n800_r3                  FAIL?    ckpt   -
aco_n1600_r1                 FAIL?    ckpt   -
aco_n1600_r2                 ?         -     -
aco_n1600_r3                 ?         -     -
aco_n3200_r1                 ?         -     -
aco_n3200_r2                 ?         -     -
aco_n3200_r3                 ?         -     -
aco_n6400_r1                 FAIL?    ckpt   -
aco_n6400_r2                 FAIL?    ckpt   -
aco_n6400_r3                 FAIL?    ckpt   -
aco_n12000_r1                FAIL?    ckpt   -
aco_n12000_r2                FAIL?    ckpt   -
aco_n12000_r3                FAIL?    ckpt   -
dcm_n800_r1                  FAIL?    ckpt   -
dcm_n800_r2                  FAIL?    ckpt   -
dcm_n800_r3                  FAIL?     -     -
dcm_n1600_r1                 ?         -     -
dcm_n1600_r2                 ?         -     -
dcm_n1600_r3                 ?         -     -
dcm_n3200_r1                 ?         -     -
dcm_n3200_r2                 ?         -     -
dcm_n3200_r3                 ?         -     -
dcm_n6400_r1                 ?         -     -
dcm_n6400_r2                 ?         -     -
dcm_n6400_r3                 ?         -     -
dcm_n12000_r1                ?         -     -
dcm_n12000_r2                ?         -     -
dcm_n12000_r3                ?         -     -

Totals: 31 jobs | curves: 0 | test eval: 0

Active Slurm (lc-*):
     JOBID PARTITION                 NAME    STATE       TIME NODELIST(REASON)
    203257       gpu       lc-aco-n800-r1  RUNNING    1:42:25 gpu25
[H[J=== Learning-curve sweep status 2026-06-29T18:56:56+02:00 ===

JOB                          SLURM    ARTIFACTS TEST E MAE
--------------------------------------------------------------------------------
aco_n800_r1                  RUN?     ckpt   -
aco_n800_r1                  RUN?     ckpt   -
aco_n800_r2                  FAIL?    ckpt   -
aco_n800_r3                  FAIL?    ckpt   -
aco_n1600_r1                 FAIL?    ckpt   -
aco_n1600_r2                 ?         -     -
aco_n1600_r3                 ?         -     -
aco_n3200_r1                 ?         -     -
aco_n3200_r2                 ?         -     -
aco_n3200_r3                 ?         -     -
aco_n6400_r1                 FAIL?    ckpt   -
aco_n6400_r2                 FAIL?    ckpt   -
aco_n6400_r3                 FAIL?    ckpt   -
aco_n12000_r1                FAIL?    ckpt   -
aco_n12000_r2                FAIL?    ckpt   -
aco_n12000_r3                FAIL?    ckpt   -
dcm_n800_r1                  FAIL?    ckpt   -
dcm_n800_r2                  FAIL?    ckpt   -
dcm_n800_r3                  FAIL?     -     -
dcm_n1600_r1                 ?         -     -
dcm_n1600_r2                 ?         -     -
dcm_n1600_r3                 ?         -     -
dcm_n3200_r1                 ?         -     -
dcm_n3200_r2                 ?         -     -
dcm_n3200_r3                 ?         -     -
dcm_n6400_r1                 ?         -     -
dcm_n6400_r2                 ?         -     -
dcm_n6400_r3                 ?         -     -
dcm_n12000_r1                ?         -     -
dcm_n12000_r2                ?         -     -
dcm_n12000_r3                ?         -     -

Totals: 31 jobs | curves: 0 | test eval: 0

Active Slurm (lc-*):
     JOBID PARTITION                 NAME    STATE       TIME NODELIST(REASON)
    203257       gpu       lc-aco-n800-r1  RUNNING    1:43:25 gpu25
[H[J=== Learning-curve sweep status 2026-06-29T18:57:56+02:00 ===

JOB                          SLURM    ARTIFACTS TEST E MAE
--------------------------------------------------------------------------------
aco_n800_r1                  RUN?     ckpt   -
aco_n800_r1                  RUN?     ckpt   -
aco_n800_r2                  FAIL?    ckpt   -
aco_n800_r3                  FAIL?    ckpt   -
aco_n1600_r1                 FAIL?    ckpt   -
aco_n1600_r2                 ?         -     -
aco_n1600_r3                 ?         -     -
aco_n3200_r1                 ?         -     -
aco_n3200_r2                 ?         -     -
aco_n3200_r3                 ?         -     -
aco_n6400_r1                 FAIL?    ckpt   -
aco_n6400_r2                 FAIL?    ckpt   -
aco_n6400_r3                 FAIL?    ckpt   -
aco_n12000_r1                FAIL?    ckpt   -
aco_n12000_r2                FAIL?    ckpt   -
aco_n12000_r3                FAIL?    ckpt   -
dcm_n800_r1                  FAIL?    ckpt   -
dcm_n800_r2                  FAIL?    ckpt   -
dcm_n800_r3                  FAIL?     -     -
dcm_n1600_r1                 ?         -     -
dcm_n1600_r2                 ?         -     -
dcm_n1600_r3                 ?         -     -
dcm_n3200_r1                 ?         -     -
dcm_n3200_r2                 ?         -     -
dcm_n3200_r3                 ?         -     -
dcm_n6400_r1                 ?         -     -
dcm_n6400_r2                 ?         -     -
dcm_n6400_r3                 ?         -     -
dcm_n12000_r1                ?         -     -
dcm_n12000_r2                ?         -     -
dcm_n12000_r3                ?         -     -

Totals: 31 jobs | curves: 0 | test eval: 0

Active Slurm (lc-*):
     JOBID PARTITION                 NAME    STATE       TIME NODELIST(REASON)
    203257       gpu       lc-aco-n800-r1  RUNNING    1:44:25 gpu25
[H[J=== Learning-curve sweep status 2026-06-29T18:58:56+02:00 ===

JOB                          SLURM    ARTIFACTS TEST E MAE
--------------------------------------------------------------------------------
aco_n800_r1                  RUN?     ckpt   -
aco_n800_r1                  RUN?     ckpt   -
aco_n800_r2                  FAIL?    ckpt   -
aco_n800_r3                  FAIL?    ckpt   -
aco_n1600_r1                 FAIL?    ckpt   -
aco_n1600_r2                 ?         -     -
aco_n1600_r3                 ?         -     -
aco_n3200_r1                 ?         -     -
aco_n3200_r2                 ?         -     -
aco_n3200_r3                 ?         -     -
aco_n6400_r1                 FAIL?    ckpt   -
aco_n6400_r2                 FAIL?    ckpt   -
aco_n6400_r3                 FAIL?    ckpt   -
aco_n12000_r1                FAIL?    ckpt   -
aco_n12000_r2                FAIL?    ckpt   -
aco_n12000_r3                FAIL?    ckpt   -
dcm_n800_r1                  FAIL?    ckpt   -
dcm_n800_r2                  FAIL?    ckpt   -
dcm_n800_r3                  FAIL?     -     -
dcm_n1600_r1                 ?         -     -
dcm_n1600_r2                 ?         -     -
dcm_n1600_r3                 ?         -     -
dcm_n3200_r1                 ?         -     -
dcm_n3200_r2                 ?         -     -
dcm_n3200_r3                 ?         -     -
dcm_n6400_r1                 ?         -     -
dcm_n6400_r2                 ?         -     -
dcm_n6400_r3                 ?         -     -
dcm_n12000_r1                ?         -     -
dcm_n12000_r2                ?         -     -
dcm_n12000_r3                ?         -     -

Totals: 31 jobs | curves: 0 | test eval: 0

Active Slurm (lc-*):
     JOBID PARTITION                 NAME    STATE       TIME NODELIST(REASON)
    203257       gpu       lc-aco-n800-r1  RUNNING    1:45:26 gpu25
[H[J=== Learning-curve sweep status 2026-06-29T18:59:57+02:00 ===

JOB                          SLURM    ARTIFACTS TEST E MAE
--------------------------------------------------------------------------------
aco_n800_r1                  RUN?     ckpt   -
aco_n800_r1                  RUN?     ckpt   -
aco_n800_r2                  FAIL?    ckpt   -
aco_n800_r3                  FAIL?    ckpt   -
aco_n1600_r1                 FAIL?    ckpt   -
aco_n1600_r2                 ?         -     -
aco_n1600_r3                 ?         -     -
aco_n3200_r1                 ?         -     -
aco_n3200_r2                 ?         -     -
aco_n3200_r3                 ?         -     -
aco_n6400_r1                 FAIL?    ckpt   -
aco_n6400_r2                 FAIL?    ckpt   -
aco_n6400_r3                 FAIL?    ckpt   -
aco_n12000_r1                FAIL?    ckpt   -
aco_n12000_r2                FAIL?    ckpt   -
aco_n12000_r3                FAIL?    ckpt   -
dcm_n800_r1                  FAIL?    ckpt   -
dcm_n800_r2                  FAIL?    ckpt   -
dcm_n800_r3                  FAIL?     -     -
dcm_n1600_r1                 ?         -     -
dcm_n1600_r2                 ?         -     -
dcm_n1600_r3                 ?         -     -
dcm_n3200_r1                 ?         -     -
dcm_n3200_r2                 ?         -     -
dcm_n3200_r3                 ?         -     -
dcm_n6400_r1                 ?         -     -
dcm_n6400_r2                 ?         -     -
dcm_n6400_r3                 ?         -     -
dcm_n12000_r1                ?         -     -
dcm_n12000_r2                ?         -     -
dcm_n12000_r3                ?         -     -

Totals: 31 jobs | curves: 0 | test eval: 0

Active Slurm (lc-*):
     JOBID PARTITION                 NAME    STATE       TIME NODELIST(REASON)
    203257       gpu       lc-aco-n800-r1  RUNNING    1:46:26 gpu25
[H[J=== Learning-curve sweep status 2026-06-29T19:00:57+02:00 ===

JOB                          SLURM    ARTIFACTS TEST E MAE
--------------------------------------------------------------------------------
aco_n800_r1                  RUN?     ckpt   -
aco_n800_r1                  RUN?     ckpt   -
aco_n800_r2                  FAIL?    ckpt   -
aco_n800_r3                  FAIL?    ckpt   -
aco_n1600_r1                 FAIL?    ckpt   -
aco_n1600_r2                 ?         -     -
aco_n1600_r3                 ?         -     -
aco_n3200_r1                 ?         -     -
aco_n3200_r2                 ?         -     -
aco_n3200_r3                 ?         -     -
aco_n6400_r1                 FAIL?    ckpt   -
aco_n6400_r2                 FAIL?    ckpt   -
aco_n6400_r3                 FAIL?    ckpt   -
aco_n12000_r1                FAIL?    ckpt   -
aco_n12000_r2                FAIL?    ckpt   -
aco_n12000_r3                FAIL?    ckpt   -
dcm_n800_r1                  FAIL?    ckpt   -
dcm_n800_r2                  FAIL?    ckpt   -
dcm_n800_r3                  FAIL?     -     -
dcm_n1600_r1                 ?         -     -
dcm_n1600_r2                 ?         -     -
dcm_n1600_r3                 ?         -     -
dcm_n3200_r1                 ?         -     -
dcm_n3200_r2                 ?         -     -
dcm_n3200_r3                 ?         -     -
dcm_n6400_r1                 ?         -     -
dcm_n6400_r2                 ?         -     -
dcm_n6400_r3                 ?         -     -
dcm_n12000_r1                ?         -     -
dcm_n12000_r2                ?         -     -
dcm_n12000_r3                ?         -     -

Totals: 31 jobs | curves: 0 | test eval: 0

Active Slurm (lc-*):
     JOBID PARTITION                 NAME    STATE       TIME NODELIST(REASON)
    203257       gpu       lc-aco-n800-r1  RUNNING    1:47:26 gpu25
[H[J=== Learning-curve sweep status 2026-06-29T19:01:57+02:00 ===

JOB                          SLURM    ARTIFACTS TEST E MAE
--------------------------------------------------------------------------------
aco_n800_r1                  RUN?     ckpt   -
aco_n800_r1                  RUN?     ckpt   -
aco_n800_r2                  FAIL?    ckpt   -
aco_n800_r3                  FAIL?    ckpt   -
aco_n1600_r1                 FAIL?    ckpt   -
aco_n1600_r2                 ?         -     -
aco_n1600_r3                 ?         -     -
aco_n3200_r1                 ?         -     -
aco_n3200_r2                 ?         -     -
aco_n3200_r3                 ?         -     -
aco_n6400_r1                 FAIL?    ckpt   -
aco_n6400_r2                 FAIL?    ckpt   -
aco_n6400_r3                 FAIL?    ckpt   -
aco_n12000_r1                FAIL?    ckpt   -
aco_n12000_r2                FAIL?    ckpt   -
aco_n12000_r3                FAIL?    ckpt   -
dcm_n800_r1                  FAIL?    ckpt   -
dcm_n800_r2                  FAIL?    ckpt   -
dcm_n800_r3                  FAIL?     -     -
dcm_n1600_r1                 ?         -     -
dcm_n1600_r2                 ?         -     -
dcm_n1600_r3                 ?         -     -
dcm_n3200_r1                 ?         -     -
dcm_n3200_r2                 ?         -     -
dcm_n3200_r3                 ?         -     -
dcm_n6400_r1                 ?         -     -
dcm_n6400_r2                 ?         -     -
dcm_n6400_r3                 ?         -     -
dcm_n12000_r1                ?         -     -
dcm_n12000_r2                ?         -     -
dcm_n12000_r3                ?         -     -

Totals: 31 jobs | curves: 0 | test eval: 0

Active Slurm (lc-*):
     JOBID PARTITION                 NAME    STATE       TIME NODELIST(REASON)
    203257       gpu       lc-aco-n800-r1  RUNNING    1:48:27 gpu25
[H[J=== Learning-curve sweep status 2026-06-29T19:02:58+02:00 ===

JOB                          SLURM    ARTIFACTS TEST E MAE
--------------------------------------------------------------------------------
aco_n800_r1                  RUN?     ckpt   -
aco_n800_r1                  RUN?     ckpt   -
aco_n800_r2                  FAIL?    ckpt   -
aco_n800_r3                  FAIL?    ckpt   -
aco_n1600_r1                 FAIL?    ckpt   -
aco_n1600_r2                 ?         -     -
aco_n1600_r3                 ?         -     -
aco_n3200_r1                 ?         -     -
aco_n3200_r2                 ?         -     -
aco_n3200_r3                 ?         -     -
aco_n6400_r1                 FAIL?    ckpt   -
aco_n6400_r2                 FAIL?    ckpt   -
aco_n6400_r3                 FAIL?    ckpt   -
aco_n12000_r1                FAIL?    ckpt   -
aco_n12000_r2                FAIL?    ckpt   -
aco_n12000_r3                FAIL?    ckpt   -
dcm_n800_r1                  FAIL?    ckpt   -
dcm_n800_r2                  FAIL?    ckpt   -
dcm_n800_r3                  FAIL?     -     -
dcm_n1600_r1                 ?         -     -
dcm_n1600_r2                 ?         -     -
dcm_n1600_r3                 ?         -     -
dcm_n3200_r1                 ?         -     -
dcm_n3200_r2                 ?         -     -
dcm_n3200_r3                 ?         -     -
dcm_n6400_r1                 ?         -     -
dcm_n6400_r2                 ?         -     -
dcm_n6400_r3                 ?         -     -
dcm_n12000_r1                ?         -     -
dcm_n12000_r2                ?         -     -
dcm_n12000_r3                ?         -     -

Totals: 31 jobs | curves: 0 | test eval: 0

Active Slurm (lc-*):
     JOBID PARTITION                 NAME    STATE       TIME NODELIST(REASON)
    203257       gpu       lc-aco-n800-r1  RUNNING    1:49:27 gpu25
[H[J=== Learning-curve sweep status 2026-06-29T19:03:58+02:00 ===

JOB                          SLURM    ARTIFACTS TEST E MAE
--------------------------------------------------------------------------------
aco_n800_r1                  RUN?     ckpt   -
aco_n800_r1                  RUN?     ckpt   -
aco_n800_r2                  FAIL?    ckpt   -
aco_n800_r3                  FAIL?    ckpt   -
aco_n1600_r1                 FAIL?    ckpt   -
aco_n1600_r2                 ?         -     -
aco_n1600_r3                 ?         -     -
aco_n3200_r1                 ?         -     -
aco_n3200_r2                 ?         -     -
aco_n3200_r3                 ?         -     -
aco_n6400_r1                 FAIL?    ckpt   -
aco_n6400_r2                 FAIL?    ckpt   -
aco_n6400_r3                 FAIL?    ckpt   -
aco_n12000_r1                FAIL?    ckpt   -
aco_n12000_r2                FAIL?    ckpt   -
aco_n12000_r3                FAIL?    ckpt   -
dcm_n800_r1                  FAIL?    ckpt   -
dcm_n800_r2                  FAIL?    ckpt   -
dcm_n800_r3                  FAIL?     -     -
dcm_n1600_r1                 ?         -     -
dcm_n1600_r2                 ?         -     -
dcm_n1600_r3                 ?         -     -
dcm_n3200_r1                 ?         -     -
dcm_n3200_r2                 ?         -     -
dcm_n3200_r3                 ?         -     -
dcm_n6400_r1                 ?         -     -
dcm_n6400_r2                 ?         -     -
dcm_n6400_r3                 ?         -     -
dcm_n12000_r1                ?         -     -
dcm_n12000_r2                ?         -     -
dcm_n12000_r3                ?         -     -

Totals: 31 jobs | curves: 0 | test eval: 0

Active Slurm (lc-*):
     JOBID PARTITION                 NAME    STATE       TIME NODELIST(REASON)
    203257       gpu       lc-aco-n800-r1  RUNNING    1:50:27 gpu25
[H[J=== Learning-curve sweep status 2026-06-29T19:04:58+02:00 ===

JOB                          SLURM    ARTIFACTS TEST E MAE
--------------------------------------------------------------------------------
aco_n800_r1                  RUN?     ckpt   -
aco_n800_r1                  RUN?     ckpt   -
aco_n800_r2                  FAIL?    ckpt   -
aco_n800_r3                  FAIL?    ckpt   -
aco_n1600_r1                 FAIL?    ckpt   -
aco_n1600_r2                 ?         -     -
aco_n1600_r3                 ?         -     -
aco_n3200_r1                 ?         -     -
aco_n3200_r2                 ?         -     -
aco_n3200_r3                 ?         -     -
aco_n6400_r1                 FAIL?    ckpt   -
aco_n6400_r2                 FAIL?    ckpt   -
aco_n6400_r3                 FAIL?    ckpt   -
aco_n12000_r1                FAIL?    ckpt   -
aco_n12000_r2                FAIL?    ckpt   -
aco_n12000_r3                FAIL?    ckpt   -
dcm_n800_r1                  FAIL?    ckpt   -
dcm_n800_r2                  FAIL?    ckpt   -
dcm_n800_r3                  FAIL?     -     -
dcm_n1600_r1                 ?         -     -
dcm_n1600_r2                 ?         -     -
dcm_n1600_r3                 ?         -     -
dcm_n3200_r1                 ?         -     -
dcm_n3200_r2                 ?         -     -
dcm_n3200_r3                 ?         -     -
dcm_n6400_r1                 ?         -     -
dcm_n6400_r2                 ?         -     -
dcm_n6400_r3                 ?         -     -
dcm_n12000_r1                ?         -     -
dcm_n12000_r2                ?         -     -
dcm_n12000_r3                ?         -     -

Totals: 31 jobs | curves: 0 | test eval: 0

Active Slurm (lc-*):
     JOBID PARTITION                 NAME    STATE       TIME NODELIST(REASON)
    203257       gpu       lc-aco-n800-r1  RUNNING    1:51:27 gpu25
[H[J=== Learning-curve sweep status 2026-06-29T19:05:59+02:00 ===

JOB                          SLURM    ARTIFACTS TEST E MAE
--------------------------------------------------------------------------------
aco_n800_r1                  RUN?     ckpt   -
aco_n800_r1                  RUN?     ckpt   -
aco_n800_r2                  FAIL?    ckpt   -
aco_n800_r3                  FAIL?    ckpt   -
aco_n1600_r1                 FAIL?    ckpt   -
aco_n1600_r2                 ?         -     -
aco_n1600_r3                 ?         -     -
aco_n3200_r1                 ?         -     -
aco_n3200_r2                 ?         -     -
aco_n3200_r3                 ?         -     -
aco_n6400_r1                 FAIL?    ckpt   -
aco_n6400_r2                 FAIL?    ckpt   -
aco_n6400_r3                 FAIL?    ckpt   -
aco_n12000_r1                FAIL?    ckpt   -
aco_n12000_r2                FAIL?    ckpt   -
aco_n12000_r3                FAIL?    ckpt   -
dcm_n800_r1                  FAIL?    ckpt   -
dcm_n800_r2                  FAIL?    ckpt   -
dcm_n800_r3                  FAIL?     -     -
dcm_n1600_r1                 ?         -     -
dcm_n1600_r2                 ?         -     -
dcm_n1600_r3                 ?         -     -
dcm_n3200_r1                 ?         -     -
dcm_n3200_r2                 ?         -     -
dcm_n3200_r3                 ?         -     -
dcm_n6400_r1                 ?         -     -
dcm_n6400_r2                 ?         -     -
dcm_n6400_r3                 ?         -     -
dcm_n12000_r1                ?         -     -
dcm_n12000_r2                ?         -     -
dcm_n12000_r3                ?         -     -

Totals: 31 jobs | curves: 0 | test eval: 0

Active Slurm (lc-*):
     JOBID PARTITION                 NAME    STATE       TIME NODELIST(REASON)
    203257       gpu       lc-aco-n800-r1  RUNNING    1:52:28 gpu25
[H[J=== Learning-curve sweep status 2026-06-29T19:06:59+02:00 ===

JOB                          SLURM    ARTIFACTS TEST E MAE
--------------------------------------------------------------------------------
aco_n800_r1                  RUN?     ckpt   -
aco_n800_r1                  RUN?     ckpt   -
aco_n800_r2                  FAIL?    ckpt   -
aco_n800_r3                  FAIL?    ckpt   -
aco_n1600_r1                 FAIL?    ckpt   -
aco_n1600_r2                 ?         -     -
aco_n1600_r3                 ?         -     -
aco_n3200_r1                 ?         -     -
aco_n3200_r2                 ?         -     -
aco_n3200_r3                 ?         -     -
aco_n6400_r1                 FAIL?    ckpt   -
aco_n6400_r2                 FAIL?    ckpt   -
aco_n6400_r3                 FAIL?    ckpt   -
aco_n12000_r1                FAIL?    ckpt   -
aco_n12000_r2                FAIL?    ckpt   -
aco_n12000_r3                FAIL?    ckpt   -
dcm_n800_r1                  FAIL?    ckpt   -
dcm_n800_r2                  FAIL?    ckpt   -
dcm_n800_r3                  FAIL?     -     -
dcm_n1600_r1                 ?         -     -
dcm_n1600_r2                 ?         -     -
dcm_n1600_r3                 ?         -     -
dcm_n3200_r1                 ?         -     -
dcm_n3200_r2                 ?         -     -
dcm_n3200_r3                 ?         -     -
dcm_n6400_r1                 ?         -     -
dcm_n6400_r2                 ?         -     -
dcm_n6400_r3                 ?         -     -
dcm_n12000_r1                ?         -     -
dcm_n12000_r2                ?         -     -
dcm_n12000_r3                ?         -     -

Totals: 31 jobs | curves: 0 | test eval: 0

Active Slurm (lc-*):
     JOBID PARTITION                 NAME    STATE       TIME NODELIST(REASON)
    203257       gpu       lc-aco-n800-r1  RUNNING    1:53:28 gpu25
[H[J=== Learning-curve sweep status 2026-06-29T19:07:59+02:00 ===

JOB                          SLURM    ARTIFACTS TEST E MAE
--------------------------------------------------------------------------------
aco_n800_r1                  RUN?     ckpt   -
aco_n800_r1                  RUN?     ckpt   -
aco_n800_r2                  FAIL?    ckpt   -
aco_n800_r3                  FAIL?    ckpt   -
aco_n1600_r1                 FAIL?    ckpt   -
aco_n1600_r2                 ?         -     -
aco_n1600_r3                 ?         -     -
aco_n3200_r1                 ?         -     -
aco_n3200_r2                 ?         -     -
aco_n3200_r3                 ?         -     -
aco_n6400_r1                 FAIL?    ckpt   -
aco_n6400_r2                 FAIL?    ckpt   -
aco_n6400_r3                 FAIL?    ckpt   -
aco_n12000_r1                FAIL?    ckpt   -
aco_n12000_r2                FAIL?    ckpt   -
aco_n12000_r3                FAIL?    ckpt   -
dcm_n800_r1                  FAIL?    ckpt   -
dcm_n800_r2                  FAIL?    ckpt   -
dcm_n800_r3                  FAIL?     -     -
dcm_n1600_r1                 ?         -     -
dcm_n1600_r2                 ?         -     -
dcm_n1600_r3                 ?         -     -
dcm_n3200_r1                 ?         -     -
dcm_n3200_r2                 ?         -     -
dcm_n3200_r3                 ?         -     -
dcm_n6400_r1                 ?         -     -
dcm_n6400_r2                 ?         -     -
dcm_n6400_r3                 ?         -     -
dcm_n12000_r1                ?         -     -
dcm_n12000_r2                ?         -     -
dcm_n12000_r3                ?         -     -

Totals: 31 jobs | curves: 0 | test eval: 0

Active Slurm (lc-*):
     JOBID PARTITION                 NAME    STATE       TIME NODELIST(REASON)
    203257       gpu       lc-aco-n800-r1  RUNNING    1:54:28 gpu25
[H[J=== Learning-curve sweep status 2026-06-29T19:08:59+02:00 ===

JOB                          SLURM    ARTIFACTS TEST E MAE
--------------------------------------------------------------------------------
aco_n800_r1                  RUN?     ckpt   -
aco_n800_r1                  RUN?     ckpt   -
aco_n800_r2                  FAIL?    ckpt   -
aco_n800_r3                  FAIL?    ckpt   -
aco_n1600_r1                 FAIL?    ckpt   -
aco_n1600_r2                 ?         -     -
aco_n1600_r3                 ?         -     -
aco_n3200_r1                 ?         -     -
aco_n3200_r2                 ?         -     -
aco_n3200_r3                 ?         -     -
aco_n6400_r1                 FAIL?    ckpt   -
aco_n6400_r2                 FAIL?    ckpt   -
aco_n6400_r3                 FAIL?    ckpt   -
aco_n12000_r1                FAIL?    ckpt   -
aco_n12000_r2                FAIL?    ckpt   -
aco_n12000_r3                FAIL?    ckpt   -
dcm_n800_r1                  FAIL?    ckpt   -
dcm_n800_r2                  FAIL?    ckpt   -
dcm_n800_r3                  FAIL?     -     -
dcm_n1600_r1                 ?         -     -
dcm_n1600_r2                 ?         -     -
dcm_n1600_r3                 ?         -     -
dcm_n3200_r1                 ?         -     -
dcm_n3200_r2                 ?         -     -
dcm_n3200_r3                 ?         -     -
dcm_n6400_r1                 ?         -     -
dcm_n6400_r2                 ?         -     -
dcm_n6400_r3                 ?         -     -
dcm_n12000_r1                ?         -     -
dcm_n12000_r2                ?         -     -
dcm_n12000_r3                ?         -     -

Totals: 31 jobs | curves: 0 | test eval: 0

Active Slurm (lc-*):
     JOBID PARTITION                 NAME    STATE       TIME NODELIST(REASON)
    203257       gpu       lc-aco-n800-r1  RUNNING    1:55:29 gpu25
[H[J=== Learning-curve sweep status 2026-06-29T19:10:00+02:00 ===

JOB                          SLURM    ARTIFACTS TEST E MAE
--------------------------------------------------------------------------------
aco_n800_r1                  RUN?     ckpt   -
aco_n800_r1                  RUN?     ckpt   -
aco_n800_r2                  FAIL?    ckpt   -
aco_n800_r3                  FAIL?    ckpt   -
aco_n1600_r1                 FAIL?    ckpt   -
aco_n1600_r2                 ?         -     -
aco_n1600_r3                 ?         -     -
aco_n3200_r1                 ?         -     -
aco_n3200_r2                 ?         -     -
aco_n3200_r3                 ?         -     -
aco_n6400_r1                 FAIL?    ckpt   -
aco_n6400_r2                 FAIL?    ckpt   -
aco_n6400_r3                 FAIL?    ckpt   -
aco_n12000_r1                FAIL?    ckpt   -
aco_n12000_r2                FAIL?    ckpt   -
aco_n12000_r3                FAIL?    ckpt   -
dcm_n800_r1                  FAIL?    ckpt   -
dcm_n800_r2                  FAIL?    ckpt   -
dcm_n800_r3                  FAIL?     -     -
dcm_n1600_r1                 ?         -     -
dcm_n1600_r2                 ?         -     -
dcm_n1600_r3                 ?         -     -
dcm_n3200_r1                 ?         -     -
dcm_n3200_r2                 ?         -     -
dcm_n3200_r3                 ?         -     -
dcm_n6400_r1                 ?         -     -
dcm_n6400_r2                 ?         -     -
dcm_n6400_r3                 ?         -     -
dcm_n12000_r1                ?         -     -
dcm_n12000_r2                ?         -     -
dcm_n12000_r3                ?         -     -

Totals: 31 jobs | curves: 0 | test eval: 0

Active Slurm (lc-*):
     JOBID PARTITION                 NAME    STATE       TIME NODELIST(REASON)
    203257       gpu       lc-aco-n800-r1  RUNNING    1:56:29 gpu25
[H[J=== Learning-curve sweep status 2026-06-29T19:11:00+02:00 ===

JOB                          SLURM    ARTIFACTS TEST E MAE
--------------------------------------------------------------------------------
aco_n800_r1                  RUN?     ckpt   -
aco_n800_r1                  RUN?     ckpt   -
aco_n800_r2                  FAIL?    ckpt   -
aco_n800_r3                  FAIL?    ckpt   -
aco_n1600_r1                 FAIL?    ckpt   -
aco_n1600_r2                 ?         -     -
aco_n1600_r3                 ?         -     -
aco_n3200_r1                 ?         -     -
aco_n3200_r2                 ?         -     -
aco_n3200_r3                 ?         -     -
aco_n6400_r1                 FAIL?    ckpt   -
aco_n6400_r2                 FAIL?    ckpt   -
aco_n6400_r3                 FAIL?    ckpt   -
aco_n12000_r1                FAIL?    ckpt   -
aco_n12000_r2                FAIL?    ckpt   -
aco_n12000_r3                FAIL?    ckpt   -
dcm_n800_r1                  FAIL?    ckpt   -
dcm_n800_r2                  FAIL?    ckpt   -
dcm_n800_r3                  FAIL?     -     -
dcm_n1600_r1                 ?         -     -
dcm_n1600_r2                 ?         -     -
dcm_n1600_r3                 ?         -     -
dcm_n3200_r1                 ?         -     -
dcm_n3200_r2                 ?         -     -
dcm_n3200_r3                 ?         -     -
dcm_n6400_r1                 ?         -     -
dcm_n6400_r2                 ?         -     -
dcm_n6400_r3                 ?         -     -
dcm_n12000_r1                ?         -     -
dcm_n12000_r2                ?         -     -
dcm_n12000_r3                ?         -     -

Totals: 31 jobs | curves: 0 | test eval: 0

Active Slurm (lc-*):
     JOBID PARTITION                 NAME    STATE       TIME NODELIST(REASON)
    203257       gpu       lc-aco-n800-r1  RUNNING    1:57:29 gpu25
[H[J=== Learning-curve sweep status 2026-06-29T19:12:00+02:00 ===

JOB                          SLURM    ARTIFACTS TEST E MAE
--------------------------------------------------------------------------------
aco_n800_r1                  RUN?     ckpt   -
aco_n800_r1                  RUN?     ckpt   -
aco_n800_r2                  FAIL?    ckpt   -
aco_n800_r3                  FAIL?    ckpt   -
aco_n1600_r1                 FAIL?    ckpt   -
aco_n1600_r2                 ?         -     -
aco_n1600_r3                 ?         -     -
aco_n3200_r1                 ?         -     -
aco_n3200_r2                 ?         -     -
aco_n3200_r3                 ?         -     -
aco_n6400_r1                 FAIL?    ckpt   -
aco_n6400_r2                 FAIL?    ckpt   -
aco_n6400_r3                 FAIL?    ckpt   -
aco_n12000_r1                FAIL?    ckpt   -
aco_n12000_r2                FAIL?    ckpt   -
aco_n12000_r3                FAIL?    ckpt   -
dcm_n800_r1                  FAIL?    ckpt   -
dcm_n800_r2                  FAIL?    ckpt   -
dcm_n800_r3                  FAIL?     -     -
dcm_n1600_r1                 ?         -     -
dcm_n1600_r2                 ?         -     -
dcm_n1600_r3                 ?         -     -
dcm_n3200_r1                 ?         -     -
dcm_n3200_r2                 ?         -     -
dcm_n3200_r3                 ?         -     -
dcm_n6400_r1                 ?         -     -
dcm_n6400_r2                 ?         -     -
dcm_n6400_r3                 ?         -     -
dcm_n12000_r1                ?         -     -
dcm_n12000_r2                ?         -     -
dcm_n12000_r3                ?         -     -

Totals: 31 jobs | curves: 0 | test eval: 0

Active Slurm (lc-*):
     JOBID PARTITION                 NAME    STATE       TIME NODELIST(REASON)
    203257       gpu       lc-aco-n800-r1  RUNNING    1:58:30 gpu25
[H[J=== Learning-curve sweep status 2026-06-29T19:13:01+02:00 ===

JOB                          SLURM    ARTIFACTS TEST E MAE
--------------------------------------------------------------------------------
aco_n800_r1                  RUN?     ckpt   -
aco_n800_r1                  RUN?     ckpt   -
aco_n800_r2                  FAIL?    ckpt   -
aco_n800_r3                  FAIL?    ckpt   -
aco_n1600_r1                 FAIL?    ckpt   -
aco_n1600_r2                 ?         -     -
aco_n1600_r3                 ?         -     -
aco_n3200_r1                 ?         -     -
aco_n3200_r2                 ?         -     -
aco_n3200_r3                 ?         -     -
aco_n6400_r1                 FAIL?    ckpt   -
aco_n6400_r2                 FAIL?    ckpt   -
aco_n6400_r3                 FAIL?    ckpt   -
aco_n12000_r1                FAIL?    ckpt   -
aco_n12000_r2                FAIL?    ckpt   -
aco_n12000_r3                FAIL?    ckpt   -
dcm_n800_r1                  FAIL?    ckpt   -
dcm_n800_r2                  FAIL?    ckpt   -
dcm_n800_r3                  FAIL?     -     -
dcm_n1600_r1                 ?         -     -
dcm_n1600_r2                 ?         -     -
dcm_n1600_r3                 ?         -     -
dcm_n3200_r1                 ?         -     -
dcm_n3200_r2                 ?         -     -
dcm_n3200_r3                 ?         -     -
dcm_n6400_r1                 ?         -     -
dcm_n6400_r2                 ?         -     -
dcm_n6400_r3                 ?         -     -
dcm_n12000_r1                ?         -     -
dcm_n12000_r2                ?         -     -
dcm_n12000_r3                ?         -     -

Totals: 31 jobs | curves: 0 | test eval: 0

Active Slurm (lc-*):
     JOBID PARTITION                 NAME    STATE       TIME NODELIST(REASON)
    203257       gpu       lc-aco-n800-r1  RUNNING    1:59:30 gpu25
[H[J=== Learning-curve sweep status 2026-06-29T19:14:01+02:00 ===

JOB                          SLURM    ARTIFACTS TEST E MAE
--------------------------------------------------------------------------------
aco_n800_r1                  RUN?     ckpt   -
aco_n800_r1                  RUN?     ckpt   -
aco_n800_r2                  FAIL?    ckpt   -
aco_n800_r3                  FAIL?    ckpt   -
aco_n1600_r1                 FAIL?    ckpt   -
aco_n1600_r2                 ?         -     -
aco_n1600_r3                 ?         -     -
aco_n3200_r1                 ?         -     -
aco_n3200_r2                 ?         -     -
aco_n3200_r3                 ?         -     -
aco_n6400_r1                 FAIL?    ckpt   -
aco_n6400_r2                 FAIL?    ckpt   -
aco_n6400_r3                 FAIL?    ckpt   -
aco_n12000_r1                FAIL?    ckpt   -
aco_n12000_r2                FAIL?    ckpt   -
aco_n12000_r3                FAIL?    ckpt   -
dcm_n800_r1                  FAIL?    ckpt   -
dcm_n800_r2                  FAIL?    ckpt   -
dcm_n800_r3                  FAIL?     -     -
dcm_n1600_r1                 ?         -     -
dcm_n1600_r2                 ?         -     -
dcm_n1600_r3                 ?         -     -
dcm_n3200_r1                 ?         -     -
dcm_n3200_r2                 ?         -     -
dcm_n3200_r3                 ?         -     -
dcm_n6400_r1                 ?         -     -
dcm_n6400_r2                 ?         -     -
dcm_n6400_r3                 ?         -     -
dcm_n12000_r1                ?         -     -
dcm_n12000_r2                ?         -     -
dcm_n12000_r3                ?         -     -

Totals: 31 jobs | curves: 0 | test eval: 0

Active Slurm (lc-*):
     JOBID PARTITION                 NAME    STATE       TIME NODELIST(REASON)
    203257       gpu       lc-aco-n800-r1  RUNNING    2:00:30 gpu25
[H[J=== Learning-curve sweep status 2026-06-29T19:15:01+02:00 ===

JOB                          SLURM    ARTIFACTS TEST E MAE
--------------------------------------------------------------------------------
aco_n800_r1                  RUN?     ckpt   -
aco_n800_r1                  RUN?     ckpt   -
aco_n800_r2                  FAIL?    ckpt   -
aco_n800_r3                  FAIL?    ckpt   -
aco_n1600_r1                 FAIL?    ckpt   -
aco_n1600_r2                 ?         -     -
aco_n1600_r3                 ?         -     -
aco_n3200_r1                 ?         -     -
aco_n3200_r2                 ?         -     -
aco_n3200_r3                 ?         -     -
aco_n6400_r1                 FAIL?    ckpt   -
aco_n6400_r2                 FAIL?    ckpt   -
aco_n6400_r3                 FAIL?    ckpt   -
aco_n12000_r1                FAIL?    ckpt   -
aco_n12000_r2                FAIL?    ckpt   -
aco_n12000_r3                FAIL?    ckpt   -
dcm_n800_r1                  FAIL?    ckpt   -
dcm_n800_r2                  FAIL?    ckpt   -
dcm_n800_r3                  FAIL?     -     -
dcm_n1600_r1                 ?         -     -
dcm_n1600_r2                 ?         -     -
dcm_n1600_r3                 ?         -     -
dcm_n3200_r1                 ?         -     -
dcm_n3200_r2                 ?         -     -
dcm_n3200_r3                 ?         -     -
dcm_n6400_r1                 ?         -     -
dcm_n6400_r2                 ?         -     -
dcm_n6400_r3                 ?         -     -
dcm_n12000_r1                ?         -     -
dcm_n12000_r2                ?         -     -
dcm_n12000_r3                ?         -     -

Totals: 31 jobs | curves: 0 | test eval: 0

Active Slurm (lc-*):
     JOBID PARTITION                 NAME    STATE       TIME NODELIST(REASON)
    203257       gpu       lc-aco-n800-r1  RUNNING    2:01:31 gpu25
[H[J=== Learning-curve sweep status 2026-06-29T19:16:02+02:00 ===

JOB                          SLURM    ARTIFACTS TEST E MAE
--------------------------------------------------------------------------------
aco_n800_r1                  FAIL?    ckpt   -
aco_n800_r1                  FAIL?    ckpt   -
aco_n800_r2                  FAIL?    ckpt   -
aco_n800_r3                  FAIL?    ckpt   -
aco_n1600_r1                 FAIL?    ckpt   -
aco_n1600_r2                 ?         -     -
aco_n1600_r3                 ?         -     -
aco_n3200_r1                 ?         -     -
aco_n3200_r2                 ?         -     -
aco_n3200_r3                 ?         -     -
aco_n6400_r1                 FAIL?    ckpt   -
aco_n6400_r2                 FAIL?    ckpt   -
aco_n6400_r3                 FAIL?    ckpt   -
aco_n12000_r1                FAIL?    ckpt   -
aco_n12000_r2                FAIL?    ckpt   -
aco_n12000_r3                FAIL?    ckpt   -
dcm_n800_r1                  FAIL?    ckpt   -
dcm_n800_r2                  FAIL?    ckpt   -
dcm_n800_r3                  FAIL?     -     -
dcm_n1600_r1                 ?         -     -
dcm_n1600_r2                 ?         -     -
dcm_n1600_r3                 ?         -     -
dcm_n3200_r1                 ?         -     -
dcm_n3200_r2                 ?         -     -
dcm_n3200_r3                 ?         -     -
dcm_n6400_r1                 ?         -     -
dcm_n6400_r2                 ?         -     -
dcm_n6400_r3                 ?         -     -
dcm_n12000_r1                ?         -     -
dcm_n12000_r2                ?         -     -
dcm_n12000_r3                ?         -     -

Totals: 31 jobs | curves: 0 | test eval: 0

Active Slurm (lc-*):
     JOBID PARTITION                 NAME    STATE       TIME NODELIST(REASON)
[H[J=== Learning-curve sweep status 2026-06-29T19:17:02+02:00 ===

JOB                          SLURM    ARTIFACTS TEST E MAE
--------------------------------------------------------------------------------
aco_n800_r1                  FAIL?    ckpt   -
aco_n800_r1                  FAIL?    ckpt   -
aco_n800_r2                  RUN?     ckpt   -
aco_n800_r3                  FAIL?    ckpt   -
aco_n1600_r1                 FAIL?    ckpt   -
aco_n1600_r2                 ?         -     -
aco_n1600_r3                 ?         -     -
aco_n3200_r1                 ?         -     -
aco_n3200_r2                 ?         -     -
aco_n3200_r3                 ?         -     -
aco_n6400_r1                 FAIL?    ckpt   -
aco_n6400_r2                 FAIL?    ckpt   -
aco_n6400_r3                 FAIL?    ckpt   -
aco_n12000_r1                FAIL?    ckpt   -
aco_n12000_r2                FAIL?    ckpt   -
aco_n12000_r3                FAIL?    ckpt   -
dcm_n800_r1                  FAIL?    ckpt   -
dcm_n800_r2                  FAIL?    ckpt   -
dcm_n800_r3                  FAIL?     -     -
dcm_n1600_r1                 ?         -     -
dcm_n1600_r2                 ?         -     -
dcm_n1600_r3                 ?         -     -
dcm_n3200_r1                 ?         -     -
dcm_n3200_r2                 ?         -     -
dcm_n3200_r3                 ?         -     -
dcm_n6400_r1                 ?         -     -
dcm_n6400_r2                 ?         -     -
dcm_n6400_r3                 ?         -     -
dcm_n12000_r1                ?         -     -
dcm_n12000_r2                ?         -     -
dcm_n12000_r3                ?         -     -
aco_n800_r2                  RUN?     ckpt   -

Totals: 32 jobs | curves: 0 | test eval: 0

Active Slurm (lc-*):
     JOBID PARTITION                 NAME    STATE       TIME NODELIST(REASON)
    203262       gpu       lc-aco-n800-r2  RUNNING       0:51 gpu08
[H[J=== Learning-curve sweep status 2026-06-29T19:18:02+02:00 ===

JOB                          SLURM    ARTIFACTS TEST E MAE
--------------------------------------------------------------------------------
aco_n800_r1                  FAIL?    ckpt   -
aco_n800_r1                  FAIL?    ckpt   -
aco_n800_r2                  RUN?     ckpt   -
aco_n800_r3                  FAIL?    ckpt   -
aco_n1600_r1                 FAIL?    ckpt   -
aco_n1600_r2                 ?         -     -
aco_n1600_r3                 ?         -     -
aco_n3200_r1                 ?         -     -
aco_n3200_r2                 ?         -     -
aco_n3200_r3                 ?         -     -
aco_n6400_r1                 FAIL?    ckpt   -
aco_n6400_r2                 FAIL?    ckpt   -
aco_n6400_r3                 FAIL?    ckpt   -
aco_n12000_r1                FAIL?    ckpt   -
aco_n12000_r2                FAIL?    ckpt   -
aco_n12000_r3                FAIL?    ckpt   -
dcm_n800_r1                  FAIL?    ckpt   -
dcm_n800_r2                  FAIL?    ckpt   -
dcm_n800_r3                  FAIL?     -     -
dcm_n1600_r1                 ?         -     -
dcm_n1600_r2                 ?         -     -
dcm_n1600_r3                 ?         -     -
dcm_n3200_r1                 ?         -     -
dcm_n3200_r2                 ?         -     -
dcm_n3200_r3                 ?         -     -
dcm_n6400_r1                 ?         -     -
dcm_n6400_r2                 ?         -     -
dcm_n6400_r3                 ?         -     -
dcm_n12000_r1                ?         -     -
dcm_n12000_r2                ?         -     -
dcm_n12000_r3                ?         -     -
aco_n800_r2                  RUN?     ckpt   -

Totals: 32 jobs | curves: 0 | test eval: 0

Active Slurm (lc-*):
     JOBID PARTITION                 NAME    STATE       TIME NODELIST(REASON)
    203262       gpu       lc-aco-n800-r2  RUNNING       1:51 gpu08
[H[J=== Learning-curve sweep status 2026-06-29T19:19:02+02:00 ===

JOB                          SLURM    ARTIFACTS TEST E MAE
--------------------------------------------------------------------------------
aco_n800_r1                  FAIL?    ckpt   -
aco_n800_r1                  FAIL?    ckpt   -
aco_n800_r2                  RUN?     ckpt   -
aco_n800_r3                  FAIL?    ckpt   -
aco_n1600_r1                 FAIL?    ckpt   -
aco_n1600_r2                 ?         -     -
aco_n1600_r3                 ?         -     -
aco_n3200_r1                 ?         -     -
aco_n3200_r2                 ?         -     -
aco_n3200_r3                 ?         -     -
aco_n6400_r1                 FAIL?    ckpt   -
aco_n6400_r2                 FAIL?    ckpt   -
aco_n6400_r3                 FAIL?    ckpt   -
aco_n12000_r1                FAIL?    ckpt   -
aco_n12000_r2                FAIL?    ckpt   -
aco_n12000_r3                FAIL?    ckpt   -
dcm_n800_r1                  FAIL?    ckpt   -
dcm_n800_r2                  FAIL?    ckpt   -
dcm_n800_r3                  FAIL?     -     -
dcm_n1600_r1                 ?         -     -
dcm_n1600_r2                 ?         -     -
dcm_n1600_r3                 ?         -     -
dcm_n3200_r1                 ?         -     -
dcm_n3200_r2                 ?         -     -
dcm_n3200_r3                 ?         -     -
dcm_n6400_r1                 ?         -     -
dcm_n6400_r2                 ?         -     -
dcm_n6400_r3                 ?         -     -
dcm_n12000_r1                ?         -     -
dcm_n12000_r2                ?         -     -
dcm_n12000_r3                ?         -     -
aco_n800_r2                  RUN?     ckpt   -

Totals: 32 jobs | curves: 0 | test eval: 0

Active Slurm (lc-*):
     JOBID PARTITION                 NAME    STATE       TIME NODELIST(REASON)
    203262       gpu       lc-aco-n800-r2  RUNNING       2:51 gpu08
[H[J=== Learning-curve sweep status 2026-06-29T19:20:02+02:00 ===

JOB                          SLURM    ARTIFACTS TEST E MAE
--------------------------------------------------------------------------------
aco_n800_r1                  FAIL?    ckpt   -
aco_n800_r1                  FAIL?    ckpt   -
aco_n800_r2                  RUN?     ckpt   -
aco_n800_r3                  FAIL?    ckpt   -
aco_n1600_r1                 FAIL?    ckpt   -
aco_n1600_r2                 ?         -     -
aco_n1600_r3                 ?         -     -
aco_n3200_r1                 ?         -     -
aco_n3200_r2                 ?         -     -
aco_n3200_r3                 ?         -     -
aco_n6400_r1                 FAIL?    ckpt   -
aco_n6400_r2                 FAIL?    ckpt   -
aco_n6400_r3                 FAIL?    ckpt   -
aco_n12000_r1                FAIL?    ckpt   -
aco_n12000_r2                FAIL?    ckpt   -
aco_n12000_r3                FAIL?    ckpt   -
dcm_n800_r1                  FAIL?    ckpt   -
dcm_n800_r2                  FAIL?    ckpt   -
dcm_n800_r3                  FAIL?     -     -
dcm_n1600_r1                 ?         -     -
dcm_n1600_r2                 ?         -     -
dcm_n1600_r3                 ?         -     -
dcm_n3200_r1                 ?         -     -
dcm_n3200_r2                 ?         -     -
dcm_n3200_r3                 ?         -     -
dcm_n6400_r1                 ?         -     -
dcm_n6400_r2                 ?         -     -
dcm_n6400_r3                 ?         -     -
dcm_n12000_r1                ?         -     -
dcm_n12000_r2                ?         -     -
dcm_n12000_r3                ?         -     -
aco_n800_r2                  RUN?     ckpt   -

Totals: 32 jobs | curves: 0 | test eval: 0

Active Slurm (lc-*):
     JOBID PARTITION                 NAME    STATE       TIME NODELIST(REASON)
    203262       gpu       lc-aco-n800-r2  RUNNING       3:51 gpu08
[H[J=== Learning-curve sweep status 2026-06-29T19:21:02+02:00 ===

JOB                          SLURM    ARTIFACTS TEST E MAE
--------------------------------------------------------------------------------
aco_n800_r1                  FAIL?    ckpt   -
aco_n800_r1                  FAIL?    ckpt   -
aco_n800_r2                  RUN?     ckpt   -
aco_n800_r3                  FAIL?    ckpt   -
aco_n1600_r1                 FAIL?    ckpt   -
aco_n1600_r2                 ?         -     -
aco_n1600_r3                 ?         -     -
aco_n3200_r1                 ?         -     -
aco_n3200_r2                 ?         -     -
aco_n3200_r3                 ?         -     -
aco_n6400_r1                 FAIL?    ckpt   -
aco_n6400_r2                 FAIL?    ckpt   -
aco_n6400_r3                 FAIL?    ckpt   -
aco_n12000_r1                FAIL?    ckpt   -
aco_n12000_r2                FAIL?    ckpt   -
aco_n12000_r3                FAIL?    ckpt   -
dcm_n800_r1                  FAIL?    ckpt   -
dcm_n800_r2                  FAIL?    ckpt   -
dcm_n800_r3                  FAIL?     -     -
dcm_n1600_r1                 ?         -     -
dcm_n1600_r2                 ?         -     -
dcm_n1600_r3                 ?         -     -
dcm_n3200_r1                 ?         -     -
dcm_n3200_r2                 ?         -     -
dcm_n3200_r3                 ?         -     -
dcm_n6400_r1                 ?         -     -
dcm_n6400_r2                 ?         -     -
dcm_n6400_r3                 ?         -     -
dcm_n12000_r1                ?         -     -
dcm_n12000_r2                ?         -     -
dcm_n12000_r3                ?         -     -
aco_n800_r2                  RUN?     ckpt   -

Totals: 32 jobs | curves: 0 | test eval: 0

Active Slurm (lc-*):
     JOBID PARTITION                 NAME    STATE       TIME NODELIST(REASON)
    203262       gpu       lc-aco-n800-r2  RUNNING       4:51 gpu08
[H[J=== Learning-curve sweep status 2026-06-29T19:22:02+02:00 ===

JOB                          SLURM    ARTIFACTS TEST E MAE
--------------------------------------------------------------------------------
aco_n800_r1                  FAIL?    ckpt   -
aco_n800_r1                  FAIL?    ckpt   -
aco_n800_r2                  RUN?     ckpt   -
aco_n800_r3                  FAIL?    ckpt   -
aco_n1600_r1                 FAIL?    ckpt   -
aco_n1600_r2                 ?         -     -
aco_n1600_r3                 ?         -     -
aco_n3200_r1                 ?         -     -
aco_n3200_r2                 ?         -     -
aco_n3200_r3                 ?         -     -
aco_n6400_r1                 FAIL?    ckpt   -
aco_n6400_r2                 FAIL?    ckpt   -
aco_n6400_r3                 FAIL?    ckpt   -
aco_n12000_r1                FAIL?    ckpt   -
aco_n12000_r2                FAIL?    ckpt   -
aco_n12000_r3                FAIL?    ckpt   -
dcm_n800_r1                  FAIL?    ckpt   -
dcm_n800_r2                  FAIL?    ckpt   -
dcm_n800_r3                  FAIL?     -     -
dcm_n1600_r1                 ?         -     -
dcm_n1600_r2                 ?         -     -
dcm_n1600_r3                 ?         -     -
dcm_n3200_r1                 ?         -     -
dcm_n3200_r2                 ?         -     -
dcm_n3200_r3                 ?         -     -
dcm_n6400_r1                 ?         -     -
dcm_n6400_r2                 ?         -     -
dcm_n6400_r3                 ?         -     -
dcm_n12000_r1                ?         -     -
dcm_n12000_r2                ?         -     -
dcm_n12000_r3                ?         -     -
aco_n800_r2                  RUN?     ckpt   -

Totals: 32 jobs | curves: 0 | test eval: 0

Active Slurm (lc-*):
     JOBID PARTITION                 NAME    STATE       TIME NODELIST(REASON)
    203262       gpu       lc-aco-n800-r2  RUNNING       5:52 gpu08
[H[J=== Learning-curve sweep status 2026-06-29T19:23:03+02:00 ===

JOB                          SLURM    ARTIFACTS TEST E MAE
--------------------------------------------------------------------------------
aco_n800_r1                  FAIL?    ckpt   -
aco_n800_r1                  FAIL?    ckpt   -
aco_n800_r2                  RUN?     ckpt   -
aco_n800_r3                  FAIL?    ckpt   -
aco_n1600_r1                 FAIL?    ckpt   -
aco_n1600_r2                 ?         -     -
aco_n1600_r3                 ?         -     -
aco_n3200_r1                 ?         -     -
aco_n3200_r2                 ?         -     -
aco_n3200_r3                 ?         -     -
aco_n6400_r1                 FAIL?    ckpt   -
aco_n6400_r2                 FAIL?    ckpt   -
aco_n6400_r3                 FAIL?    ckpt   -
aco_n12000_r1                FAIL?    ckpt   -
aco_n12000_r2                FAIL?    ckpt   -
aco_n12000_r3                FAIL?    ckpt   -
dcm_n800_r1                  FAIL?    ckpt   -
dcm_n800_r2                  FAIL?    ckpt   -
dcm_n800_r3                  FAIL?     -     -
dcm_n1600_r1                 ?         -     -
dcm_n1600_r2                 ?         -     -
dcm_n1600_r3                 ?         -     -
dcm_n3200_r1                 ?         -     -
dcm_n3200_r2                 ?         -     -
dcm_n3200_r3                 ?         -     -
dcm_n6400_r1                 ?         -     -
dcm_n6400_r2                 ?         -     -
dcm_n6400_r3                 ?         -     -
dcm_n12000_r1                ?         -     -
dcm_n12000_r2                ?         -     -
dcm_n12000_r3                ?         -     -
aco_n800_r2                  RUN?     ckpt   -

Totals: 32 jobs | curves: 0 | test eval: 0

Active Slurm (lc-*):
     JOBID PARTITION                 NAME    STATE       TIME NODELIST(REASON)
    203262       gpu       lc-aco-n800-r2  RUNNING       6:52 gpu08
[H[J=== Learning-curve sweep status 2026-06-29T19:24:03+02:00 ===

JOB                          SLURM    ARTIFACTS TEST E MAE
--------------------------------------------------------------------------------
aco_n800_r1                  FAIL?    ckpt   -
aco_n800_r1                  FAIL?    ckpt   -
aco_n800_r2                  RUN?     ckpt   -
aco_n800_r3                  FAIL?    ckpt   -
aco_n1600_r1                 FAIL?    ckpt   -
aco_n1600_r2                 ?         -     -
aco_n1600_r3                 ?         -     -
aco_n3200_r1                 ?         -     -
aco_n3200_r2                 ?         -     -
aco_n3200_r3                 ?         -     -
aco_n6400_r1                 FAIL?    ckpt   -
aco_n6400_r2                 FAIL?    ckpt   -
aco_n6400_r3                 FAIL?    ckpt   -
aco_n12000_r1                FAIL?    ckpt   -
aco_n12000_r2                FAIL?    ckpt   -
aco_n12000_r3                FAIL?    ckpt   -
dcm_n800_r1                  FAIL?    ckpt   -
dcm_n800_r2                  FAIL?    ckpt   -
dcm_n800_r3                  FAIL?     -     -
dcm_n1600_r1                 ?         -     -
dcm_n1600_r2                 ?         -     -
dcm_n1600_r3                 ?         -     -
dcm_n3200_r1                 ?         -     -
dcm_n3200_r2                 ?         -     -
dcm_n3200_r3                 ?         -     -
dcm_n6400_r1                 ?         -     -
dcm_n6400_r2                 ?         -     -
dcm_n6400_r3                 ?         -     -
dcm_n12000_r1                ?         -     -
dcm_n12000_r2                ?         -     -
dcm_n12000_r3                ?         -     -
aco_n800_r2                  RUN?     ckpt   -

Totals: 32 jobs | curves: 0 | test eval: 0

Active Slurm (lc-*):
     JOBID PARTITION                 NAME    STATE       TIME NODELIST(REASON)
    203262       gpu       lc-aco-n800-r2  RUNNING       7:52 gpu08
[H[J=== Learning-curve sweep status 2026-06-29T19:25:03+02:00 ===

JOB                          SLURM    ARTIFACTS TEST E MAE
--------------------------------------------------------------------------------
aco_n800_r1                  FAIL?    ckpt   -
aco_n800_r1                  FAIL?    ckpt   -
aco_n800_r2                  RUN?     ckpt   -
aco_n800_r3                  FAIL?    ckpt   -
aco_n1600_r1                 FAIL?    ckpt   -
aco_n1600_r2                 ?         -     -
aco_n1600_r3                 ?         -     -
aco_n3200_r1                 ?         -     -
aco_n3200_r2                 ?         -     -
aco_n3200_r3                 ?         -     -
aco_n6400_r1                 FAIL?    ckpt   -
aco_n6400_r2                 FAIL?    ckpt   -
aco_n6400_r3                 FAIL?    ckpt   -
aco_n12000_r1                FAIL?    ckpt   -
aco_n12000_r2                FAIL?    ckpt   -
aco_n12000_r3                FAIL?    ckpt   -
dcm_n800_r1                  FAIL?    ckpt   -
dcm_n800_r2                  FAIL?    ckpt   -
dcm_n800_r3                  FAIL?     -     -
dcm_n1600_r1                 ?         -     -
dcm_n1600_r2                 ?         -     -
dcm_n1600_r3                 ?         -     -
dcm_n3200_r1                 ?         -     -
dcm_n3200_r2                 ?         -     -
dcm_n3200_r3                 ?         -     -
dcm_n6400_r1                 ?         -     -
dcm_n6400_r2                 ?         -     -
dcm_n6400_r3                 ?         -     -
dcm_n12000_r1                ?         -     -
dcm_n12000_r2                ?         -     -
dcm_n12000_r3                ?         -     -
aco_n800_r2                  RUN?     ckpt   -

Totals: 32 jobs | curves: 0 | test eval: 0

Active Slurm (lc-*):
     JOBID PARTITION                 NAME    STATE       TIME NODELIST(REASON)
    203262       gpu       lc-aco-n800-r2  RUNNING       8:52 gpu08
[H[J=== Learning-curve sweep status 2026-06-29T19:26:03+02:00 ===

JOB                          SLURM    ARTIFACTS TEST E MAE
--------------------------------------------------------------------------------
aco_n800_r1                  FAIL?    ckpt   -
aco_n800_r1                  FAIL?    ckpt   -
aco_n800_r2                  RUN?     ckpt   -
aco_n800_r3                  FAIL?    ckpt   -
aco_n1600_r1                 FAIL?    ckpt   -
aco_n1600_r2                 ?         -     -
aco_n1600_r3                 ?         -     -
aco_n3200_r1                 ?         -     -
aco_n3200_r2                 ?         -     -
aco_n3200_r3                 ?         -     -
aco_n6400_r1                 FAIL?    ckpt   -
aco_n6400_r2                 FAIL?    ckpt   -
aco_n6400_r3                 FAIL?    ckpt   -
aco_n12000_r1                FAIL?    ckpt   -
aco_n12000_r2                FAIL?    ckpt   -
aco_n12000_r3                FAIL?    ckpt   -
dcm_n800_r1                  FAIL?    ckpt   -
dcm_n800_r2                  FAIL?    ckpt   -
dcm_n800_r3                  FAIL?     -     -
dcm_n1600_r1                 ?         -     -
dcm_n1600_r2                 ?         -     -
dcm_n1600_r3                 ?         -     -
dcm_n3200_r1                 ?         -     -
dcm_n3200_r2                 ?         -     -
dcm_n3200_r3                 ?         -     -
dcm_n6400_r1                 ?         -     -
dcm_n6400_r2                 ?         -     -
dcm_n6400_r3                 ?         -     -
dcm_n12000_r1                ?         -     -
dcm_n12000_r2                ?         -     -
dcm_n12000_r3                ?         -     -
aco_n800_r2                  RUN?     ckpt   -

Totals: 32 jobs | curves: 0 | test eval: 0

Active Slurm (lc-*):
     JOBID PARTITION                 NAME    STATE       TIME NODELIST(REASON)
    203262       gpu       lc-aco-n800-r2  RUNNING       9:52 gpu08
[H[J=== Learning-curve sweep status 2026-06-29T19:27:03+02:00 ===

JOB                          SLURM    ARTIFACTS TEST E MAE
--------------------------------------------------------------------------------
aco_n800_r1                  FAIL?    ckpt   -
aco_n800_r1                  FAIL?    ckpt   -
aco_n800_r2                  RUN?     ckpt   -
aco_n800_r3                  FAIL?    ckpt   -
aco_n1600_r1                 FAIL?    ckpt   -
aco_n1600_r2                 ?         -     -
aco_n1600_r3                 ?         -     -
aco_n3200_r1                 ?         -     -
aco_n3200_r2                 ?         -     -
aco_n3200_r3                 ?         -     -
aco_n6400_r1                 FAIL?    ckpt   -
aco_n6400_r2                 FAIL?    ckpt   -
aco_n6400_r3                 FAIL?    ckpt   -
aco_n12000_r1                FAIL?    ckpt   -
aco_n12000_r2                FAIL?    ckpt   -
aco_n12000_r3                FAIL?    ckpt   -
dcm_n800_r1                  FAIL?    ckpt   -
dcm_n800_r2                  FAIL?    ckpt   -
dcm_n800_r3                  FAIL?     -     -
dcm_n1600_r1                 ?         -     -
dcm_n1600_r2                 ?         -     -
dcm_n1600_r3                 ?         -     -
dcm_n3200_r1                 ?         -     -
dcm_n3200_r2                 ?         -     -
dcm_n3200_r3                 ?         -     -
dcm_n6400_r1                 ?         -     -
dcm_n6400_r2                 ?         -     -
dcm_n6400_r3                 ?         -     -
dcm_n12000_r1                ?         -     -
dcm_n12000_r2                ?         -     -
dcm_n12000_r3                ?         -     -
aco_n800_r2                  RUN?     ckpt   -

Totals: 32 jobs | curves: 0 | test eval: 0

Active Slurm (lc-*):
     JOBID PARTITION                 NAME    STATE       TIME NODELIST(REASON)
    203262       gpu       lc-aco-n800-r2  RUNNING      10:52 gpu08
[H[J=== Learning-curve sweep status 2026-06-29T19:28:03+02:00 ===

JOB                          SLURM    ARTIFACTS TEST E MAE
--------------------------------------------------------------------------------
aco_n800_r1                  FAIL?    ckpt   -
aco_n800_r1                  FAIL?    ckpt   -
aco_n800_r2                  RUN?     ckpt   -
aco_n800_r3                  FAIL?    ckpt   -
aco_n1600_r1                 FAIL?    ckpt   -
aco_n1600_r2                 ?         -     -
aco_n1600_r3                 ?         -     -
aco_n3200_r1                 ?         -     -
aco_n3200_r2                 ?         -     -
aco_n3200_r3                 ?         -     -
aco_n6400_r1                 FAIL?    ckpt   -
aco_n6400_r2                 FAIL?    ckpt   -
aco_n6400_r3                 FAIL?    ckpt   -
aco_n12000_r1                FAIL?    ckpt   -
aco_n12000_r2                FAIL?    ckpt   -
aco_n12000_r3                FAIL?    ckpt   -
dcm_n800_r1                  FAIL?    ckpt   -
dcm_n800_r2                  FAIL?    ckpt   -
dcm_n800_r3                  FAIL?     -     -
dcm_n1600_r1                 ?         -     -
dcm_n1600_r2                 ?         -     -
dcm_n1600_r3                 ?         -     -
dcm_n3200_r1                 ?         -     -
dcm_n3200_r2                 ?         -     -
dcm_n3200_r3                 ?         -     -
dcm_n6400_r1                 ?         -     -
dcm_n6400_r2                 ?         -     -
dcm_n6400_r3                 ?         -     -
dcm_n12000_r1                ?         -     -
dcm_n12000_r2                ?         -     -
dcm_n12000_r3                ?         -     -
aco_n800_r2                  RUN?     ckpt   -

Totals: 32 jobs | curves: 0 | test eval: 0

Active Slurm (lc-*):
     JOBID PARTITION                 NAME    STATE       TIME NODELIST(REASON)
    203262       gpu       lc-aco-n800-r2  RUNNING      11:52 gpu08
[H[J=== Learning-curve sweep status 2026-06-29T19:29:03+02:00 ===

JOB                          SLURM    ARTIFACTS TEST E MAE
--------------------------------------------------------------------------------
aco_n800_r1                  FAIL?    ckpt   -
aco_n800_r1                  FAIL?    ckpt   -
aco_n800_r2                  RUN?     ckpt   -
aco_n800_r3                  FAIL?    ckpt   -
aco_n1600_r1                 FAIL?    ckpt   -
aco_n1600_r2                 ?         -     -
aco_n1600_r3                 ?         -     -
aco_n3200_r1                 ?         -     -
aco_n3200_r2                 ?         -     -
aco_n3200_r3                 ?         -     -
aco_n6400_r1                 FAIL?    ckpt   -
aco_n6400_r2                 FAIL?    ckpt   -
aco_n6400_r3                 FAIL?    ckpt   -
aco_n12000_r1                FAIL?    ckpt   -
aco_n12000_r2                FAIL?    ckpt   -
aco_n12000_r3                FAIL?    ckpt   -
dcm_n800_r1                  FAIL?    ckpt   -
dcm_n800_r2                  FAIL?    ckpt   -
dcm_n800_r3                  FAIL?     -     -
dcm_n1600_r1                 ?         -     -
dcm_n1600_r2                 ?         -     -
dcm_n1600_r3                 ?         -     -
dcm_n3200_r1                 ?         -     -
dcm_n3200_r2                 ?         -     -
dcm_n3200_r3                 ?         -     -
dcm_n6400_r1                 ?         -     -
dcm_n6400_r2                 ?         -     -
dcm_n6400_r3                 ?         -     -
dcm_n12000_r1                ?         -     -
dcm_n12000_r2                ?         -     -
dcm_n12000_r3                ?         -     -
aco_n800_r2                  RUN?     ckpt   -

Totals: 32 jobs | curves: 0 | test eval: 0

Active Slurm (lc-*):
     JOBID PARTITION                 NAME    STATE       TIME NODELIST(REASON)
    203262       gpu       lc-aco-n800-r2  RUNNING      12:53 gpu08
[H[J=== Learning-curve sweep status 2026-06-29T19:30:04+02:00 ===

JOB                          SLURM    ARTIFACTS TEST E MAE
--------------------------------------------------------------------------------
aco_n800_r1                  FAIL?    ckpt   -
aco_n800_r1                  FAIL?    ckpt   -
aco_n800_r2                  RUN?     ckpt   -
aco_n800_r3                  FAIL?    ckpt   -
aco_n1600_r1                 FAIL?    ckpt   -
aco_n1600_r2                 ?         -     -
aco_n1600_r3                 ?         -     -
aco_n3200_r1                 ?         -     -
aco_n3200_r2                 ?         -     -
aco_n3200_r3                 ?         -     -
aco_n6400_r1                 FAIL?    ckpt   -
aco_n6400_r2                 FAIL?    ckpt   -
aco_n6400_r3                 FAIL?    ckpt   -
aco_n12000_r1                FAIL?    ckpt   -
aco_n12000_r2                FAIL?    ckpt   -
aco_n12000_r3                FAIL?    ckpt   -
dcm_n800_r1                  FAIL?    ckpt   -
dcm_n800_r2                  FAIL?    ckpt   -
dcm_n800_r3                  FAIL?     -     -
dcm_n1600_r1                 ?         -     -
dcm_n1600_r2                 ?         -     -
dcm_n1600_r3                 ?         -     -
dcm_n3200_r1                 ?         -     -
dcm_n3200_r2                 ?         -     -
dcm_n3200_r3                 ?         -     -
dcm_n6400_r1                 ?         -     -
dcm_n6400_r2                 ?         -     -
dcm_n6400_r3                 ?         -     -
dcm_n12000_r1                ?         -     -
dcm_n12000_r2                ?         -     -
dcm_n12000_r3                ?         -     -
aco_n800_r2                  RUN?     ckpt   -

Totals: 32 jobs | curves: 0 | test eval: 0

Active Slurm (lc-*):
     JOBID PARTITION                 NAME    STATE       TIME NODELIST(REASON)
    203262       gpu       lc-aco-n800-r2  RUNNING      13:53 gpu08
[H[J=== Learning-curve sweep status 2026-06-29T19:31:04+02:00 ===

JOB                          SLURM    ARTIFACTS TEST E MAE
--------------------------------------------------------------------------------
aco_n800_r1                  FAIL?    ckpt   -
aco_n800_r1                  FAIL?    ckpt   -
aco_n800_r2                  RUN?     ckpt   -
aco_n800_r3                  FAIL?    ckpt   -
aco_n1600_r1                 FAIL?    ckpt   -
aco_n1600_r2                 ?         -     -
aco_n1600_r3                 ?         -     -
aco_n3200_r1                 ?         -     -
aco_n3200_r2                 ?         -     -
aco_n3200_r3                 ?         -     -
aco_n6400_r1                 FAIL?    ckpt   -
aco_n6400_r2                 FAIL?    ckpt   -
aco_n6400_r3                 FAIL?    ckpt   -
aco_n12000_r1                FAIL?    ckpt   -
aco_n12000_r2                FAIL?    ckpt   -
aco_n12000_r3                FAIL?    ckpt   -
dcm_n800_r1                  FAIL?    ckpt   -
dcm_n800_r2                  FAIL?    ckpt   -
dcm_n800_r3                  FAIL?     -     -
dcm_n1600_r1                 ?         -     -
dcm_n1600_r2                 ?         -     -
dcm_n1600_r3                 ?         -     -
dcm_n3200_r1                 ?         -     -
dcm_n3200_r2                 ?         -     -
dcm_n3200_r3                 ?         -     -
dcm_n6400_r1                 ?         -     -
dcm_n6400_r2                 ?         -     -
dcm_n6400_r3                 ?         -     -
dcm_n12000_r1                ?         -     -
dcm_n12000_r2                ?         -     -
dcm_n12000_r3                ?         -     -
aco_n800_r2                  RUN?     ckpt   -

Totals: 32 jobs | curves: 0 | test eval: 0

Active Slurm (lc-*):
     JOBID PARTITION                 NAME    STATE       TIME NODELIST(REASON)
    203262       gpu       lc-aco-n800-r2  RUNNING      14:53 gpu08
[H[J=== Learning-curve sweep status 2026-06-29T19:32:04+02:00 ===

JOB                          SLURM    ARTIFACTS TEST E MAE
--------------------------------------------------------------------------------
aco_n800_r1                  FAIL?    ckpt   -
aco_n800_r1                  FAIL?    ckpt   -
aco_n800_r2                  RUN?     ckpt   -
aco_n800_r3                  FAIL?    ckpt   -
aco_n1600_r1                 FAIL?    ckpt   -
aco_n1600_r2                 ?         -     -
aco_n1600_r3                 ?         -     -
aco_n3200_r1                 ?         -     -
aco_n3200_r2                 ?         -     -
aco_n3200_r3                 ?         -     -
aco_n6400_r1                 FAIL?    ckpt   -
aco_n6400_r2                 FAIL?    ckpt   -
aco_n6400_r3                 FAIL?    ckpt   -
aco_n12000_r1                FAIL?    ckpt   -
aco_n12000_r2                FAIL?    ckpt   -
aco_n12000_r3                FAIL?    ckpt   -
dcm_n800_r1                  FAIL?    ckpt   -
dcm_n800_r2                  FAIL?    ckpt   -
dcm_n800_r3                  FAIL?     -     -
dcm_n1600_r1                 ?         -     -
dcm_n1600_r2                 ?         -     -
dcm_n1600_r3                 ?         -     -
dcm_n3200_r1                 ?         -     -
dcm_n3200_r2                 ?         -     -
dcm_n3200_r3                 ?         -     -
dcm_n6400_r1                 ?         -     -
dcm_n6400_r2                 ?         -     -
dcm_n6400_r3                 ?         -     -
dcm_n12000_r1                ?         -     -
dcm_n12000_r2                ?         -     -
dcm_n12000_r3                ?         -     -
aco_n800_r2                  RUN?     ckpt   -

Totals: 32 jobs | curves: 0 | test eval: 0

Active Slurm (lc-*):
     JOBID PARTITION                 NAME    STATE       TIME NODELIST(REASON)
    203262       gpu       lc-aco-n800-r2  RUNNING      15:53 gpu08
[H[J=== Learning-curve sweep status 2026-06-29T19:33:04+02:00 ===

JOB                          SLURM    ARTIFACTS TEST E MAE
--------------------------------------------------------------------------------
aco_n800_r1                  FAIL?    ckpt   -
aco_n800_r1                  FAIL?    ckpt   -
aco_n800_r2                  RUN?     ckpt   -
aco_n800_r3                  FAIL?    ckpt   -
aco_n1600_r1                 FAIL?    ckpt   -
aco_n1600_r2                 ?         -     -
aco_n1600_r3                 ?         -     -
aco_n3200_r1                 ?         -     -
aco_n3200_r2                 ?         -     -
aco_n3200_r3                 ?         -     -
aco_n6400_r1                 FAIL?    ckpt   -
aco_n6400_r2                 FAIL?    ckpt   -
aco_n6400_r3                 FAIL?    ckpt   -
aco_n12000_r1                FAIL?    ckpt   -
aco_n12000_r2                FAIL?    ckpt   -
aco_n12000_r3                FAIL?    ckpt   -
dcm_n800_r1                  FAIL?    ckpt   -
dcm_n800_r2                  FAIL?    ckpt   -
dcm_n800_r3                  FAIL?     -     -
dcm_n1600_r1                 ?         -     -
dcm_n1600_r2                 ?         -     -
dcm_n1600_r3                 ?         -     -
dcm_n3200_r1                 ?         -     -
dcm_n3200_r2                 ?         -     -
dcm_n3200_r3                 ?         -     -
dcm_n6400_r1                 ?         -     -
dcm_n6400_r2                 ?         -     -
dcm_n6400_r3                 ?         -     -
dcm_n12000_r1                ?         -     -
dcm_n12000_r2                ?         -     -
dcm_n12000_r3                ?         -     -
aco_n800_r2                  RUN?     ckpt   -

Totals: 32 jobs | curves: 0 | test eval: 0

Active Slurm (lc-*):
     JOBID PARTITION                 NAME    STATE       TIME NODELIST(REASON)
    203262       gpu       lc-aco-n800-r2  RUNNING      16:53 gpu08
[H[J=== Learning-curve sweep status 2026-06-29T19:34:04+02:00 ===

JOB                          SLURM    ARTIFACTS TEST E MAE
--------------------------------------------------------------------------------
aco_n800_r1                  FAIL?    ckpt   -
aco_n800_r1                  FAIL?    ckpt   -
aco_n800_r2                  RUN?     ckpt   -
aco_n800_r3                  FAIL?    ckpt   -
aco_n1600_r1                 FAIL?    ckpt   -
aco_n1600_r2                 ?         -     -
aco_n1600_r3                 ?         -     -
aco_n3200_r1                 ?         -     -
aco_n3200_r2                 ?         -     -
aco_n3200_r3                 ?         -     -
aco_n6400_r1                 FAIL?    ckpt   -
aco_n6400_r2                 FAIL?    ckpt   -
aco_n6400_r3                 FAIL?    ckpt   -
aco_n12000_r1                FAIL?    ckpt   -
aco_n12000_r2                FAIL?    ckpt   -
aco_n12000_r3                FAIL?    ckpt   -
dcm_n800_r1                  FAIL?    ckpt   -
dcm_n800_r2                  FAIL?    ckpt   -
dcm_n800_r3                  FAIL?     -     -
dcm_n1600_r1                 ?         -     -
dcm_n1600_r2                 ?         -     -
dcm_n1600_r3                 ?         -     -
dcm_n3200_r1                 ?         -     -
dcm_n3200_r2                 ?         -     -
dcm_n3200_r3                 ?         -     -
dcm_n6400_r1                 ?         -     -
dcm_n6400_r2                 ?         -     -
dcm_n6400_r3                 ?         -     -
dcm_n12000_r1                ?         -     -
dcm_n12000_r2                ?         -     -
dcm_n12000_r3                ?         -     -
aco_n800_r2                  RUN?     ckpt   -

Totals: 32 jobs | curves: 0 | test eval: 0

Active Slurm (lc-*):
     JOBID PARTITION                 NAME    STATE       TIME NODELIST(REASON)
    203262       gpu       lc-aco-n800-r2  RUNNING      17:53 gpu08
[H[J=== Learning-curve sweep status 2026-06-29T19:35:05+02:00 ===

JOB                          SLURM    ARTIFACTS TEST E MAE
--------------------------------------------------------------------------------
aco_n800_r1                  FAIL?    ckpt   -
aco_n800_r1                  FAIL?    ckpt   -
aco_n800_r2                  RUN?     ckpt   -
aco_n800_r3                  FAIL?    ckpt   -
aco_n1600_r1                 FAIL?    ckpt   -
aco_n1600_r2                 ?         -     -
aco_n1600_r3                 ?         -     -
aco_n3200_r1                 ?         -     -
aco_n3200_r2                 ?         -     -
aco_n3200_r3                 ?         -     -
aco_n6400_r1                 FAIL?    ckpt   -
aco_n6400_r2                 FAIL?    ckpt   -
aco_n6400_r3                 FAIL?    ckpt   -
aco_n12000_r1                FAIL?    ckpt   -
aco_n12000_r2                FAIL?    ckpt   -
aco_n12000_r3                FAIL?    ckpt   -
dcm_n800_r1                  FAIL?    ckpt   -
dcm_n800_r2                  FAIL?    ckpt   -
dcm_n800_r3                  FAIL?     -     -
dcm_n1600_r1                 ?         -     -
dcm_n1600_r2                 ?         -     -
dcm_n1600_r3                 ?         -     -
dcm_n3200_r1                 ?         -     -
dcm_n3200_r2                 ?         -     -
dcm_n3200_r3                 ?         -     -
dcm_n6400_r1                 ?         -     -
dcm_n6400_r2                 ?         -     -
dcm_n6400_r3                 ?         -     -
dcm_n12000_r1                ?         -     -
dcm_n12000_r2                ?         -     -
dcm_n12000_r3                ?         -     -
aco_n800_r2                  RUN?     ckpt   -

Totals: 32 jobs | curves: 0 | test eval: 0

Active Slurm (lc-*):
     JOBID PARTITION                 NAME    STATE       TIME NODELIST(REASON)
    203262       gpu       lc-aco-n800-r2  RUNNING      18:54 gpu08
[H[J=== Learning-curve sweep status 2026-06-29T19:36:05+02:00 ===

JOB                          SLURM    ARTIFACTS TEST E MAE
--------------------------------------------------------------------------------
aco_n800_r1                  FAIL?    ckpt   -
aco_n800_r1                  FAIL?    ckpt   -
aco_n800_r2                  RUN?     ckpt   -
aco_n800_r3                  FAIL?    ckpt   -
aco_n1600_r1                 FAIL?    ckpt   -
aco_n1600_r2                 ?         -     -
aco_n1600_r3                 ?         -     -
aco_n3200_r1                 ?         -     -
aco_n3200_r2                 ?         -     -
aco_n3200_r3                 ?         -     -
aco_n6400_r1                 FAIL?    ckpt   -
aco_n6400_r2                 FAIL?    ckpt   -
aco_n6400_r3                 FAIL?    ckpt   -
aco_n12000_r1                FAIL?    ckpt   -
aco_n12000_r2                FAIL?    ckpt   -
aco_n12000_r3                FAIL?    ckpt   -
dcm_n800_r1                  FAIL?    ckpt   -
dcm_n800_r2                  FAIL?    ckpt   -
dcm_n800_r3                  FAIL?     -     -
dcm_n1600_r1                 ?         -     -
dcm_n1600_r2                 ?         -     -
dcm_n1600_r3                 ?         -     -
dcm_n3200_r1                 ?         -     -
dcm_n3200_r2                 ?         -     -
dcm_n3200_r3                 ?         -     -
dcm_n6400_r1                 ?         -     -
dcm_n6400_r2                 ?         -     -
dcm_n6400_r3                 ?         -     -
dcm_n12000_r1                ?         -     -
dcm_n12000_r2                ?         -     -
dcm_n12000_r3                ?         -     -
aco_n800_r2                  RUN?     ckpt   -

Totals: 32 jobs | curves: 0 | test eval: 0

Active Slurm (lc-*):
     JOBID PARTITION                 NAME    STATE       TIME NODELIST(REASON)
    203262       gpu       lc-aco-n800-r2  RUNNING      19:54 gpu08
[H[J=== Learning-curve sweep status 2026-06-29T19:37:05+02:00 ===

JOB                          SLURM    ARTIFACTS TEST E MAE
--------------------------------------------------------------------------------
aco_n800_r1                  FAIL?    ckpt   -
aco_n800_r1                  FAIL?    ckpt   -
aco_n800_r2                  RUN?     ckpt   -
aco_n800_r3                  FAIL?    ckpt   -
aco_n1600_r1                 FAIL?    ckpt   -
aco_n1600_r2                 ?         -     -
aco_n1600_r3                 ?         -     -
aco_n3200_r1                 ?         -     -
aco_n3200_r2                 ?         -     -
aco_n3200_r3                 ?         -     -
aco_n6400_r1                 FAIL?    ckpt   -
aco_n6400_r2                 FAIL?    ckpt   -
aco_n6400_r3                 FAIL?    ckpt   -
aco_n12000_r1                FAIL?    ckpt   -
aco_n12000_r2                FAIL?    ckpt   -
aco_n12000_r3                FAIL?    ckpt   -
dcm_n800_r1                  FAIL?    ckpt   -
dcm_n800_r2                  FAIL?    ckpt   -
dcm_n800_r3                  FAIL?     -     -
dcm_n1600_r1                 ?         -     -
dcm_n1600_r2                 ?         -     -
dcm_n1600_r3                 ?         -     -
dcm_n3200_r1                 ?         -     -
dcm_n3200_r2                 ?         -     -
dcm_n3200_r3                 ?         -     -
dcm_n6400_r1                 ?         -     -
dcm_n6400_r2                 ?         -     -
dcm_n6400_r3                 ?         -     -
dcm_n12000_r1                ?         -     -
dcm_n12000_r2                ?         -     -
dcm_n12000_r3                ?         -     -
aco_n800_r2                  RUN?     ckpt   -

Totals: 32 jobs | curves: 0 | test eval: 0

Active Slurm (lc-*):
     JOBID PARTITION                 NAME    STATE       TIME NODELIST(REASON)
    203262       gpu       lc-aco-n800-r2  RUNNING      20:54 gpu08
[H[J=== Learning-curve sweep status 2026-06-29T19:38:05+02:00 ===

JOB                          SLURM    ARTIFACTS TEST E MAE
--------------------------------------------------------------------------------
aco_n800_r1                  FAIL?    ckpt   -
aco_n800_r1                  FAIL?    ckpt   -
aco_n800_r2                  RUN?     ckpt   -
aco_n800_r3                  FAIL?    ckpt   -
aco_n1600_r1                 FAIL?    ckpt   -
aco_n1600_r2                 ?         -     -
aco_n1600_r3                 ?         -     -
aco_n3200_r1                 ?         -     -
aco_n3200_r2                 ?         -     -
aco_n3200_r3                 ?         -     -
aco_n6400_r1                 FAIL?    ckpt   -
aco_n6400_r2                 FAIL?    ckpt   -
aco_n6400_r3                 FAIL?    ckpt   -
aco_n12000_r1                FAIL?    ckpt   -
aco_n12000_r2                FAIL?    ckpt   -
aco_n12000_r3                FAIL?    ckpt   -
dcm_n800_r1                  FAIL?    ckpt   -
dcm_n800_r2                  FAIL?    ckpt   -
dcm_n800_r3                  FAIL?     -     -
dcm_n1600_r1                 ?         -     -
dcm_n1600_r2                 ?         -     -
dcm_n1600_r3                 ?         -     -
dcm_n3200_r1                 ?         -     -
dcm_n3200_r2                 ?         -     -
dcm_n3200_r3                 ?         -     -
dcm_n6400_r1                 ?         -     -
dcm_n6400_r2                 ?         -     -
dcm_n6400_r3                 ?         -     -
dcm_n12000_r1                ?         -     -
dcm_n12000_r2                ?         -     -
dcm_n12000_r3                ?         -     -
aco_n800_r2                  RUN?     ckpt   -

Totals: 32 jobs | curves: 0 | test eval: 0

Active Slurm (lc-*):
     JOBID PARTITION                 NAME    STATE       TIME NODELIST(REASON)
    203262       gpu       lc-aco-n800-r2  RUNNING      21:54 gpu08
[H[J=== Learning-curve sweep status 2026-06-29T19:39:05+02:00 ===

JOB                          SLURM    ARTIFACTS TEST E MAE
--------------------------------------------------------------------------------
aco_n800_r1                  FAIL?    ckpt   -
aco_n800_r1                  FAIL?    ckpt   -
aco_n800_r2                  RUN?     ckpt   -
aco_n800_r3                  FAIL?    ckpt   -
aco_n1600_r1                 FAIL?    ckpt   -
aco_n1600_r2                 ?         -     -
aco_n1600_r3                 ?         -     -
aco_n3200_r1                 ?         -     -
aco_n3200_r2                 ?         -     -
aco_n3200_r3                 ?         -     -
aco_n6400_r1                 FAIL?    ckpt   -
aco_n6400_r2                 FAIL?    ckpt   -
aco_n6400_r3                 FAIL?    ckpt   -
aco_n12000_r1                FAIL?    ckpt   -
aco_n12000_r2                FAIL?    ckpt   -
aco_n12000_r3                FAIL?    ckpt   -
dcm_n800_r1                  FAIL?    ckpt   -
dcm_n800_r2                  FAIL?    ckpt   -
dcm_n800_r3                  FAIL?     -     -
dcm_n1600_r1                 ?         -     -
dcm_n1600_r2                 ?         -     -
dcm_n1600_r3                 ?         -     -
dcm_n3200_r1                 ?         -     -
dcm_n3200_r2                 ?         -     -
dcm_n3200_r3                 ?         -     -
dcm_n6400_r1                 ?         -     -
dcm_n6400_r2                 ?         -     -
dcm_n6400_r3                 ?         -     -
dcm_n12000_r1                ?         -     -
dcm_n12000_r2                ?         -     -
dcm_n12000_r3                ?         -     -
aco_n800_r2                  RUN?     ckpt   -

Totals: 32 jobs | curves: 0 | test eval: 0

Active Slurm (lc-*):
     JOBID PARTITION                 NAME    STATE       TIME NODELIST(REASON)
    203262       gpu       lc-aco-n800-r2  RUNNING      22:54 gpu08
[H[J=== Learning-curve sweep status 2026-06-29T19:40:06+02:00 ===

JOB                          SLURM    ARTIFACTS TEST E MAE
--------------------------------------------------------------------------------
aco_n800_r1                  FAIL?    ckpt   -
aco_n800_r1                  FAIL?    ckpt   -
aco_n800_r2                  RUN?     ckpt   -
aco_n800_r3                  FAIL?    ckpt   -
aco_n1600_r1                 FAIL?    ckpt   -
aco_n1600_r2                 ?         -     -
aco_n1600_r3                 ?         -     -
aco_n3200_r1                 ?         -     -
aco_n3200_r2                 ?         -     -
aco_n3200_r3                 ?         -     -
aco_n6400_r1                 FAIL?    ckpt   -
aco_n6400_r2                 FAIL?    ckpt   -
aco_n6400_r3                 FAIL?    ckpt   -
aco_n12000_r1                FAIL?    ckpt   -
aco_n12000_r2                FAIL?    ckpt   -
aco_n12000_r3                FAIL?    ckpt   -
dcm_n800_r1                  FAIL?    ckpt   -
dcm_n800_r2                  FAIL?    ckpt   -
dcm_n800_r3                  FAIL?     -     -
dcm_n1600_r1                 ?         -     -
dcm_n1600_r2                 ?         -     -
dcm_n1600_r3                 ?         -     -
dcm_n3200_r1                 ?         -     -
dcm_n3200_r2                 ?         -     -
dcm_n3200_r3                 ?         -     -
dcm_n6400_r1                 ?         -     -
dcm_n6400_r2                 ?         -     -
dcm_n6400_r3                 ?         -     -
dcm_n12000_r1                ?         -     -
dcm_n12000_r2                ?         -     -
dcm_n12000_r3                ?         -     -
aco_n800_r2                  RUN?     ckpt   -

Totals: 32 jobs | curves: 0 | test eval: 0

Active Slurm (lc-*):
     JOBID PARTITION                 NAME    STATE       TIME NODELIST(REASON)
    203262       gpu       lc-aco-n800-r2  RUNNING      23:55 gpu08
[H[J=== Learning-curve sweep status 2026-06-29T19:41:06+02:00 ===

JOB                          SLURM    ARTIFACTS TEST E MAE
--------------------------------------------------------------------------------
aco_n800_r1                  FAIL?    ckpt   -
aco_n800_r1                  FAIL?    ckpt   -
aco_n800_r2                  RUN?     ckpt   -
aco_n800_r3                  FAIL?    ckpt   -
aco_n1600_r1                 FAIL?    ckpt   -
aco_n1600_r2                 ?         -     -
aco_n1600_r3                 ?         -     -
aco_n3200_r1                 ?         -     -
aco_n3200_r2                 ?         -     -
aco_n3200_r3                 ?         -     -
aco_n6400_r1                 FAIL?    ckpt   -
aco_n6400_r2                 FAIL?    ckpt   -
aco_n6400_r3                 FAIL?    ckpt   -
aco_n12000_r1                FAIL?    ckpt   -
aco_n12000_r2                FAIL?    ckpt   -
aco_n12000_r3                FAIL?    ckpt   -
dcm_n800_r1                  FAIL?    ckpt   -
dcm_n800_r2                  FAIL?    ckpt   -
dcm_n800_r3                  FAIL?     -     -
dcm_n1600_r1                 ?         -     -
dcm_n1600_r2                 ?         -     -
dcm_n1600_r3                 ?         -     -
dcm_n3200_r1                 ?         -     -
dcm_n3200_r2                 ?         -     -
dcm_n3200_r3                 ?         -     -
dcm_n6400_r1                 ?         -     -
dcm_n6400_r2                 ?         -     -
dcm_n6400_r3                 ?         -     -
dcm_n12000_r1                ?         -     -
dcm_n12000_r2                ?         -     -
dcm_n12000_r3                ?         -     -
aco_n800_r2                  RUN?     ckpt   -

Totals: 32 jobs | curves: 0 | test eval: 0

Active Slurm (lc-*):
     JOBID PARTITION                 NAME    STATE       TIME NODELIST(REASON)
    203262       gpu       lc-aco-n800-r2  RUNNING      24:55 gpu08
[H[J=== Learning-curve sweep status 2026-06-29T19:42:06+02:00 ===

JOB                          SLURM    ARTIFACTS TEST E MAE
--------------------------------------------------------------------------------
aco_n800_r1                  FAIL?    ckpt   -
aco_n800_r1                  FAIL?    ckpt   -
aco_n800_r2                  RUN?     ckpt   -
aco_n800_r3                  FAIL?    ckpt   -
aco_n1600_r1                 FAIL?    ckpt   -
aco_n1600_r2                 ?         -     -
aco_n1600_r3                 ?         -     -
aco_n3200_r1                 ?         -     -
aco_n3200_r2                 ?         -     -
aco_n3200_r3                 ?         -     -
aco_n6400_r1                 FAIL?    ckpt   -
aco_n6400_r2                 FAIL?    ckpt   -
aco_n6400_r3                 FAIL?    ckpt   -
aco_n12000_r1                FAIL?    ckpt   -
aco_n12000_r2                FAIL?    ckpt   -
aco_n12000_r3                FAIL?    ckpt   -
dcm_n800_r1                  FAIL?    ckpt   -
dcm_n800_r2                  FAIL?    ckpt   -
dcm_n800_r3                  FAIL?     -     -
dcm_n1600_r1                 ?         -     -
dcm_n1600_r2                 ?         -     -
dcm_n1600_r3                 ?         -     -
dcm_n3200_r1                 ?         -     -
dcm_n3200_r2                 ?         -     -
dcm_n3200_r3                 ?         -     -
dcm_n6400_r1                 ?         -     -
dcm_n6400_r2                 ?         -     -
dcm_n6400_r3                 ?         -     -
dcm_n12000_r1                ?         -     -
dcm_n12000_r2                ?         -     -
dcm_n12000_r3                ?         -     -
aco_n800_r2                  RUN?     ckpt   -

Totals: 32 jobs | curves: 0 | test eval: 0

Active Slurm (lc-*):
     JOBID PARTITION                 NAME    STATE       TIME NODELIST(REASON)
    203262       gpu       lc-aco-n800-r2  RUNNING      25:55 gpu08
[H[J=== Learning-curve sweep status 2026-06-29T19:43:06+02:00 ===

JOB                          SLURM    ARTIFACTS TEST E MAE
--------------------------------------------------------------------------------
aco_n800_r1                  FAIL?    ckpt   -
aco_n800_r1                  FAIL?    ckpt   -
aco_n800_r2                  RUN?     ckpt   -
aco_n800_r3                  FAIL?    ckpt   -
aco_n1600_r1                 FAIL?    ckpt   -
aco_n1600_r2                 ?         -     -
aco_n1600_r3                 ?         -     -
aco_n3200_r1                 ?         -     -
aco_n3200_r2                 ?         -     -
aco_n3200_r3                 ?         -     -
aco_n6400_r1                 FAIL?    ckpt   -
aco_n6400_r2                 FAIL?    ckpt   -
aco_n6400_r3                 FAIL?    ckpt   -
aco_n12000_r1                FAIL?    ckpt   -
aco_n12000_r2                FAIL?    ckpt   -
aco_n12000_r3                FAIL?    ckpt   -
dcm_n800_r1                  FAIL?    ckpt   -
dcm_n800_r2                  FAIL?    ckpt   -
dcm_n800_r3                  FAIL?     -     -
dcm_n1600_r1                 ?         -     -
dcm_n1600_r2                 ?         -     -
dcm_n1600_r3                 ?         -     -
dcm_n3200_r1                 ?         -     -
dcm_n3200_r2                 ?         -     -
dcm_n3200_r3                 ?         -     -
dcm_n6400_r1                 ?         -     -
dcm_n6400_r2                 ?         -     -
dcm_n6400_r3                 ?         -     -
dcm_n12000_r1                ?         -     -
dcm_n12000_r2                ?         -     -
dcm_n12000_r3                ?         -     -
aco_n800_r2                  RUN?     ckpt   -

Totals: 32 jobs | curves: 0 | test eval: 0

Active Slurm (lc-*):
     JOBID PARTITION                 NAME    STATE       TIME NODELIST(REASON)
    203262       gpu       lc-aco-n800-r2  RUNNING      26:55 gpu08
[H[J=== Learning-curve sweep status 2026-06-29T19:44:06+02:00 ===

JOB                          SLURM    ARTIFACTS TEST E MAE
--------------------------------------------------------------------------------
aco_n800_r1                  FAIL?    ckpt   -
aco_n800_r1                  FAIL?    ckpt   -
aco_n800_r2                  RUN?     ckpt   -
aco_n800_r3                  FAIL?    ckpt   -
aco_n1600_r1                 FAIL?    ckpt   -
aco_n1600_r2                 ?         -     -
aco_n1600_r3                 ?         -     -
aco_n3200_r1                 ?         -     -
aco_n3200_r2                 ?         -     -
aco_n3200_r3                 ?         -     -
aco_n6400_r1                 FAIL?    ckpt   -
aco_n6400_r2                 FAIL?    ckpt   -
aco_n6400_r3                 FAIL?    ckpt   -
aco_n12000_r1                FAIL?    ckpt   -
aco_n12000_r2                FAIL?    ckpt   -
aco_n12000_r3                FAIL?    ckpt   -
dcm_n800_r1                  FAIL?    ckpt   -
dcm_n800_r2                  FAIL?    ckpt   -
dcm_n800_r3                  FAIL?     -     -
dcm_n1600_r1                 ?         -     -
dcm_n1600_r2                 ?         -     -
dcm_n1600_r3                 ?         -     -
dcm_n3200_r1                 ?         -     -
dcm_n3200_r2                 ?         -     -
dcm_n3200_r3                 ?         -     -
dcm_n6400_r1                 ?         -     -
dcm_n6400_r2                 ?         -     -
dcm_n6400_r3                 ?         -     -
dcm_n12000_r1                ?         -     -
dcm_n12000_r2                ?         -     -
dcm_n12000_r3                ?         -     -
aco_n800_r2                  RUN?     ckpt   -

Totals: 32 jobs | curves: 0 | test eval: 0

Active Slurm (lc-*):
     JOBID PARTITION                 NAME    STATE       TIME NODELIST(REASON)
    203262       gpu       lc-aco-n800-r2  RUNNING      27:56 gpu08
[H[J=== Learning-curve sweep status 2026-06-29T19:45:07+02:00 ===

JOB                          SLURM    ARTIFACTS TEST E MAE
--------------------------------------------------------------------------------
aco_n800_r1                  FAIL?    ckpt   -
aco_n800_r1                  FAIL?    ckpt   -
aco_n800_r2                  RUN?     ckpt   -
aco_n800_r3                  FAIL?    ckpt   -
aco_n1600_r1                 FAIL?    ckpt   -
aco_n1600_r2                 ?         -     -
aco_n1600_r3                 ?         -     -
aco_n3200_r1                 ?         -     -
aco_n3200_r2                 ?         -     -
aco_n3200_r3                 ?         -     -
aco_n6400_r1                 FAIL?    ckpt   -
aco_n6400_r2                 FAIL?    ckpt   -
aco_n6400_r3                 FAIL?    ckpt   -
aco_n12000_r1                FAIL?    ckpt   -
aco_n12000_r2                FAIL?    ckpt   -
aco_n12000_r3                FAIL?    ckpt   -
dcm_n800_r1                  FAIL?    ckpt   -
dcm_n800_r2                  FAIL?    ckpt   -
dcm_n800_r3                  FAIL?     -     -
dcm_n1600_r1                 ?         -     -
dcm_n1600_r2                 ?         -     -
dcm_n1600_r3                 ?         -     -
dcm_n3200_r1                 ?         -     -
dcm_n3200_r2                 ?         -     -
dcm_n3200_r3                 ?         -     -
dcm_n6400_r1                 ?         -     -
dcm_n6400_r2                 ?         -     -
dcm_n6400_r3                 ?         -     -
dcm_n12000_r1                ?         -     -
dcm_n12000_r2                ?         -     -
dcm_n12000_r3                ?         -     -
aco_n800_r2                  RUN?     ckpt   -

Totals: 32 jobs | curves: 0 | test eval: 0

Active Slurm (lc-*):
     JOBID PARTITION                 NAME    STATE       TIME NODELIST(REASON)
    203262       gpu       lc-aco-n800-r2  RUNNING      28:56 gpu08
[H[J=== Learning-curve sweep status 2026-06-29T19:46:07+02:00 ===

JOB                          SLURM    ARTIFACTS TEST E MAE
--------------------------------------------------------------------------------
aco_n800_r1                  FAIL?    ckpt   -
aco_n800_r1                  FAIL?    ckpt   -
aco_n800_r2                  RUN?     ckpt   -
aco_n800_r3                  FAIL?    ckpt   -
aco_n1600_r1                 FAIL?    ckpt   -
aco_n1600_r2                 ?         -     -
aco_n1600_r3                 ?         -     -
aco_n3200_r1                 ?         -     -
aco_n3200_r2                 ?         -     -
aco_n3200_r3                 ?         -     -
aco_n6400_r1                 FAIL?    ckpt   -
aco_n6400_r2                 FAIL?    ckpt   -
aco_n6400_r3                 FAIL?    ckpt   -
aco_n12000_r1                FAIL?    ckpt   -
aco_n12000_r2                FAIL?    ckpt   -
aco_n12000_r3                FAIL?    ckpt   -
dcm_n800_r1                  FAIL?    ckpt   -
dcm_n800_r2                  FAIL?    ckpt   -
dcm_n800_r3                  FAIL?     -     -
dcm_n1600_r1                 ?         -     -
dcm_n1600_r2                 ?         -     -
dcm_n1600_r3                 ?         -     -
dcm_n3200_r1                 ?         -     -
dcm_n3200_r2                 ?         -     -
dcm_n3200_r3                 ?         -     -
dcm_n6400_r1                 ?         -     -
dcm_n6400_r2                 ?         -     -
dcm_n6400_r3                 ?         -     -
dcm_n12000_r1                ?         -     -
dcm_n12000_r2                ?         -     -
dcm_n12000_r3                ?         -     -
aco_n800_r2                  RUN?     ckpt   -

Totals: 32 jobs | curves: 0 | test eval: 0

Active Slurm (lc-*):
     JOBID PARTITION                 NAME    STATE       TIME NODELIST(REASON)
    203262       gpu       lc-aco-n800-r2  RUNNING      29:56 gpu08
[H[J=== Learning-curve sweep status 2026-06-29T19:47:07+02:00 ===

JOB                          SLURM    ARTIFACTS TEST E MAE
--------------------------------------------------------------------------------
aco_n800_r1                  FAIL?    ckpt   -
aco_n800_r1                  FAIL?    ckpt   -
aco_n800_r2                  RUN?     ckpt   -
aco_n800_r3                  FAIL?    ckpt   -
aco_n1600_r1                 FAIL?    ckpt   -
aco_n1600_r2                 ?         -     -
aco_n1600_r3                 ?         -     -
aco_n3200_r1                 ?         -     -
aco_n3200_r2                 ?         -     -
aco_n3200_r3                 ?         -     -
aco_n6400_r1                 FAIL?    ckpt   -
aco_n6400_r2                 FAIL?    ckpt   -
aco_n6400_r3                 FAIL?    ckpt   -
aco_n12000_r1                FAIL?    ckpt   -
aco_n12000_r2                FAIL?    ckpt   -
aco_n12000_r3                FAIL?    ckpt   -
dcm_n800_r1                  FAIL?    ckpt   -
dcm_n800_r2                  FAIL?    ckpt   -
dcm_n800_r3                  FAIL?     -     -
dcm_n1600_r1                 ?         -     -
dcm_n1600_r2                 ?         -     -
dcm_n1600_r3                 ?         -     -
dcm_n3200_r1                 ?         -     -
dcm_n3200_r2                 ?         -     -
dcm_n3200_r3                 ?         -     -
dcm_n6400_r1                 ?         -     -
dcm_n6400_r2                 ?         -     -
dcm_n6400_r3                 ?         -     -
dcm_n12000_r1                ?         -     -
dcm_n12000_r2                ?         -     -
dcm_n12000_r3                ?         -     -
aco_n800_r2                  RUN?     ckpt   -

Totals: 32 jobs | curves: 0 | test eval: 0

Active Slurm (lc-*):
     JOBID PARTITION                 NAME    STATE       TIME NODELIST(REASON)
    203262       gpu       lc-aco-n800-r2  RUNNING      30:56 gpu08
[H[J=== Learning-curve sweep status 2026-06-29T19:48:07+02:00 ===

JOB                          SLURM    ARTIFACTS TEST E MAE
--------------------------------------------------------------------------------
aco_n800_r1                  FAIL?    ckpt   -
aco_n800_r1                  FAIL?    ckpt   -
aco_n800_r2                  RUN?     ckpt   -
aco_n800_r3                  FAIL?    ckpt   -
aco_n1600_r1                 FAIL?    ckpt   -
aco_n1600_r2                 ?         -     -
aco_n1600_r3                 ?         -     -
aco_n3200_r1                 ?         -     -
aco_n3200_r2                 ?         -     -
aco_n3200_r3                 ?         -     -
aco_n6400_r1                 FAIL?    ckpt   -
aco_n6400_r2                 FAIL?    ckpt   -
aco_n6400_r3                 FAIL?    ckpt   -
aco_n12000_r1                FAIL?    ckpt   -
aco_n12000_r2                FAIL?    ckpt   -
aco_n12000_r3                FAIL?    ckpt   -
dcm_n800_r1                  FAIL?    ckpt   -
dcm_n800_r2                  FAIL?    ckpt   -
dcm_n800_r3                  FAIL?     -     -
dcm_n1600_r1                 ?         -     -
dcm_n1600_r2                 ?         -     -
dcm_n1600_r3                 ?         -     -
dcm_n3200_r1                 ?         -     -
dcm_n3200_r2                 ?         -     -
dcm_n3200_r3                 ?         -     -
dcm_n6400_r1                 ?         -     -
dcm_n6400_r2                 ?         -     -
dcm_n6400_r3                 ?         -     -
dcm_n12000_r1                ?         -     -
dcm_n12000_r2                ?         -     -
dcm_n12000_r3                ?         -     -
aco_n800_r2                  RUN?     ckpt   -

Totals: 32 jobs | curves: 0 | test eval: 0

Active Slurm (lc-*):
     JOBID PARTITION                 NAME    STATE       TIME NODELIST(REASON)
    203262       gpu       lc-aco-n800-r2  RUNNING      31:57 gpu08
[H[J=== Learning-curve sweep status 2026-06-29T19:49:08+02:00 ===

JOB                          SLURM    ARTIFACTS TEST E MAE
--------------------------------------------------------------------------------
aco_n800_r1                  FAIL?    ckpt   -
aco_n800_r1                  FAIL?    ckpt   -
aco_n800_r2                  RUN?     ckpt   -
aco_n800_r3                  FAIL?    ckpt   -
aco_n1600_r1                 FAIL?    ckpt   -
aco_n1600_r2                 ?         -     -
aco_n1600_r3                 ?         -     -
aco_n3200_r1                 ?         -     -
aco_n3200_r2                 ?         -     -
aco_n3200_r3                 ?         -     -
aco_n6400_r1                 FAIL?    ckpt   -
aco_n6400_r2                 FAIL?    ckpt   -
aco_n6400_r3                 FAIL?    ckpt   -
aco_n12000_r1                FAIL?    ckpt   -
aco_n12000_r2                FAIL?    ckpt   -
aco_n12000_r3                FAIL?    ckpt   -
dcm_n800_r1                  FAIL?    ckpt   -
dcm_n800_r2                  FAIL?    ckpt   -
dcm_n800_r3                  FAIL?     -     -
dcm_n1600_r1                 ?         -     -
dcm_n1600_r2                 ?         -     -
dcm_n1600_r3                 ?         -     -
dcm_n3200_r1                 ?         -     -
dcm_n3200_r2                 ?         -     -
dcm_n3200_r3                 ?         -     -
dcm_n6400_r1                 ?         -     -
dcm_n6400_r2                 ?         -     -
dcm_n6400_r3                 ?         -     -
dcm_n12000_r1                ?         -     -
dcm_n12000_r2                ?         -     -
dcm_n12000_r3                ?         -     -
aco_n800_r2                  RUN?     ckpt   -

Totals: 32 jobs | curves: 0 | test eval: 0

Active Slurm (lc-*):
     JOBID PARTITION                 NAME    STATE       TIME NODELIST(REASON)
    203262       gpu       lc-aco-n800-r2  RUNNING      32:57 gpu08
[H[J=== Learning-curve sweep status 2026-06-29T19:50:08+02:00 ===

JOB                          SLURM    ARTIFACTS TEST E MAE
--------------------------------------------------------------------------------
aco_n800_r1                  FAIL?    ckpt   -
aco_n800_r1                  FAIL?    ckpt   -
aco_n800_r2                  RUN?     ckpt   -
aco_n800_r3                  FAIL?    ckpt   -
aco_n1600_r1                 FAIL?    ckpt   -
aco_n1600_r2                 ?         -     -
aco_n1600_r3                 ?         -     -
aco_n3200_r1                 ?         -     -
aco_n3200_r2                 ?         -     -
aco_n3200_r3                 ?         -     -
aco_n6400_r1                 FAIL?    ckpt   -
aco_n6400_r2                 FAIL?    ckpt   -
aco_n6400_r3                 FAIL?    ckpt   -
aco_n12000_r1                FAIL?    ckpt   -
aco_n12000_r2                FAIL?    ckpt   -
aco_n12000_r3                FAIL?    ckpt   -
dcm_n800_r1                  FAIL?    ckpt   -
dcm_n800_r2                  FAIL?    ckpt   -
dcm_n800_r3                  FAIL?     -     -
dcm_n1600_r1                 ?         -     -
dcm_n1600_r2                 ?         -     -
dcm_n1600_r3                 ?         -     -
dcm_n3200_r1                 ?         -     -
dcm_n3200_r2                 ?         -     -
dcm_n3200_r3                 ?         -     -
dcm_n6400_r1                 ?         -     -
dcm_n6400_r2                 ?         -     -
dcm_n6400_r3                 ?         -     -
dcm_n12000_r1                ?         -     -
dcm_n12000_r2                ?         -     -
dcm_n12000_r3                ?         -     -
aco_n800_r2                  RUN?     ckpt   -

Totals: 32 jobs | curves: 0 | test eval: 0

Active Slurm (lc-*):
     JOBID PARTITION                 NAME    STATE       TIME NODELIST(REASON)
    203262       gpu       lc-aco-n800-r2  RUNNING      33:57 gpu08
[H[J=== Learning-curve sweep status 2026-06-29T19:51:08+02:00 ===

JOB                          SLURM    ARTIFACTS TEST E MAE
--------------------------------------------------------------------------------
aco_n800_r1                  FAIL?    ckpt   -
aco_n800_r1                  FAIL?    ckpt   -
aco_n800_r2                  RUN?     ckpt   -
aco_n800_r3                  FAIL?    ckpt   -
aco_n1600_r1                 FAIL?    ckpt   -
aco_n1600_r2                 ?         -     -
aco_n1600_r3                 ?         -     -
aco_n3200_r1                 ?         -     -
aco_n3200_r2                 ?         -     -
aco_n3200_r3                 ?         -     -
aco_n6400_r1                 FAIL?    ckpt   -
aco_n6400_r2                 FAIL?    ckpt   -
aco_n6400_r3                 FAIL?    ckpt   -
aco_n12000_r1                FAIL?    ckpt   -
aco_n12000_r2                FAIL?    ckpt   -
aco_n12000_r3                FAIL?    ckpt   -
dcm_n800_r1                  FAIL?    ckpt   -
dcm_n800_r2                  FAIL?    ckpt   -
dcm_n800_r3                  FAIL?     -     -
dcm_n1600_r1                 ?         -     -
dcm_n1600_r2                 ?         -     -
dcm_n1600_r3                 ?         -     -
dcm_n3200_r1                 ?         -     -
dcm_n3200_r2                 ?         -     -
dcm_n3200_r3                 ?         -     -
dcm_n6400_r1                 ?         -     -
dcm_n6400_r2                 ?         -     -
dcm_n6400_r3                 ?         -     -
dcm_n12000_r1                ?         -     -
dcm_n12000_r2                ?         -     -
dcm_n12000_r3                ?         -     -
aco_n800_r2                  RUN?     ckpt   -

Totals: 32 jobs | curves: 0 | test eval: 0

Active Slurm (lc-*):
     JOBID PARTITION                 NAME    STATE       TIME NODELIST(REASON)
    203262       gpu       lc-aco-n800-r2  RUNNING      34:57 gpu08
[H[J=== Learning-curve sweep status 2026-06-29T19:52:08+02:00 ===

JOB                          SLURM    ARTIFACTS TEST E MAE
--------------------------------------------------------------------------------
aco_n800_r1                  FAIL?    ckpt   -
aco_n800_r1                  FAIL?    ckpt   -
aco_n800_r2                  RUN?     ckpt   -
aco_n800_r3                  FAIL?    ckpt   -
aco_n1600_r1                 FAIL?    ckpt   -
aco_n1600_r2                 ?         -     -
aco_n1600_r3                 ?         -     -
aco_n3200_r1                 ?         -     -
aco_n3200_r2                 ?         -     -
aco_n3200_r3                 ?         -     -
aco_n6400_r1                 FAIL?    ckpt   -
aco_n6400_r2                 FAIL?    ckpt   -
aco_n6400_r3                 FAIL?    ckpt   -
aco_n12000_r1                FAIL?    ckpt   -
aco_n12000_r2                FAIL?    ckpt   -
aco_n12000_r3                FAIL?    ckpt   -
dcm_n800_r1                  FAIL?    ckpt   -
dcm_n800_r2                  FAIL?    ckpt   -
dcm_n800_r3                  FAIL?     -     -
dcm_n1600_r1                 ?         -     -
dcm_n1600_r2                 ?         -     -
dcm_n1600_r3                 ?         -     -
dcm_n3200_r1                 ?         -     -
dcm_n3200_r2                 ?         -     -
dcm_n3200_r3                 ?         -     -
dcm_n6400_r1                 ?         -     -
dcm_n6400_r2                 ?         -     -
dcm_n6400_r3                 ?         -     -
dcm_n12000_r1                ?         -     -
dcm_n12000_r2                ?         -     -
dcm_n12000_r3                ?         -     -
aco_n800_r2                  RUN?     ckpt   -

Totals: 32 jobs | curves: 0 | test eval: 0

Active Slurm (lc-*):
     JOBID PARTITION                 NAME    STATE       TIME NODELIST(REASON)
    203262       gpu       lc-aco-n800-r2  RUNNING      35:58 gpu08
[H[J=== Learning-curve sweep status 2026-06-29T19:53:09+02:00 ===

JOB                          SLURM    ARTIFACTS TEST E MAE
--------------------------------------------------------------------------------
aco_n800_r1                  FAIL?    ckpt   -
aco_n800_r2                  RUN?     ckpt   -
aco_n800_r3                  FAIL?    ckpt   -
aco_n1600_r1                 FAIL?    ckpt   -

Totals: 4 jobs | curves: 0 | test eval: 0

Active Slurm (lc-*):
     JOBID PARTITION                 NAME    STATE       TIME NODELIST(REASON)
    203263       gpu    lc-bf-aco-n800-r1  RUNNING       0:38 gpu25
    203262       gpu       lc-aco-n800-r2  RUNNING      36:58 gpu08
[H[J=== Learning-curve sweep status 2026-06-29T19:54:09+02:00 ===

JOB                          SLURM    ARTIFACTS TEST E MAE
--------------------------------------------------------------------------------
aco_n800_r1                  FAIL?    ckpt   -
aco_n800_r2                  RUN?     ckpt   -
aco_n800_r3                  FAIL?    ckpt   -
aco_n1600_r1                 FAIL?    ckpt   -

Totals: 4 jobs | curves: 0 | test eval: 0

Active Slurm (lc-*):
     JOBID PARTITION                 NAME    STATE       TIME NODELIST(REASON)
    203263       gpu    lc-bf-aco-n800-r1  RUNNING       1:38 gpu25
    203262       gpu       lc-aco-n800-r2  RUNNING      37:58 gpu08
[H[J=== Learning-curve sweep status 2026-06-29T19:55:09+02:00 ===

JOB                          SLURM    ARTIFACTS TEST E MAE
--------------------------------------------------------------------------------
aco_n800_r1                  FAIL?    ckpt   -
aco_n800_r2                  RUN?     ckpt   -
aco_n800_r3                  FAIL?    ckpt   -
aco_n1600_r1                 FAIL?    ckpt   -

Totals: 4 jobs | curves: 0 | test eval: 0

Active Slurm (lc-*):
     JOBID PARTITION                 NAME    STATE       TIME NODELIST(REASON)
    203263       gpu    lc-bf-aco-n800-r1  RUNNING       2:38 gpu25
    203262       gpu       lc-aco-n800-r2  RUNNING      38:58 gpu08
[H[J=== Learning-curve sweep status 2026-06-29T19:56:09+02:00 ===

JOB                          SLURM    ARTIFACTS TEST E MAE
--------------------------------------------------------------------------------
aco_n800_r1                  FAIL?    ckpt   -
aco_n800_r2                  RUN?     ckpt   -
aco_n800_r3                  FAIL?    ckpt   -
aco_n1600_r1                 FAIL?    ckpt   -
aco_n1600_r2                 ?         -     -
aco_n1600_r3                 ?         -     -
aco_n3200_r1                 ?         -     -
aco_n3200_r2                 ?         -     -
aco_n3200_r3                 ?         -     -
aco_n6400_r1                 FAIL?    ckpt   -
aco_n6400_r2                 FAIL?    ckpt   -
aco_n6400_r3                 FAIL?    ckpt   -
aco_n12000_r1                FAIL?    ckpt   -
aco_n12000_r2                FAIL?    ckpt   -
aco_n12000_r3                FAIL?    ckpt   -
dcm_n800_r1                  FAIL?    ckpt   -
dcm_n800_r2                  FAIL?    ckpt   -
dcm_n800_r3                  FAIL?     -     -
dcm_n1600_r1                 ?         -     -
dcm_n1600_r2                 ?         -     -
dcm_n1600_r3                 ?         -     -
dcm_n3200_r1                 ?         -     -
dcm_n3200_r2                 ?         -     -
dcm_n3200_r3                 ?         -     -
dcm_n6400_r1                 ?         -     -
dcm_n6400_r2                 ?         -     -
dcm_n6400_r3                 ?         -     -
dcm_n12000_r1                ?         -     -
dcm_n12000_r2                ?         -     -
dcm_n12000_r3                ?         -     -

Totals: 30 jobs | curves: 0 | test eval: 0

Active Slurm (lc-*):
     JOBID PARTITION                 NAME    STATE       TIME NODELIST(REASON)
    203263       gpu    lc-bf-aco-n800-r1  RUNNING       3:39 gpu25
    203262       gpu       lc-aco-n800-r2  RUNNING      39:59 gpu08
[H[J=== Learning-curve sweep status 2026-06-29T19:57:10+02:00 ===

JOB                          SLURM    ARTIFACTS TEST E MAE
--------------------------------------------------------------------------------
aco_n800_r1                  FAIL?    ckpt   -
aco_n800_r2                  RUN?     ckpt   -
aco_n800_r3                  FAIL?    ckpt   -
aco_n1600_r1                 FAIL?    ckpt   -
aco_n1600_r2                 ?         -     -
aco_n1600_r3                 ?         -     -
aco_n3200_r1                 ?         -     -
aco_n3200_r2                 ?         -     -
aco_n3200_r3                 ?         -     -
aco_n6400_r1                 FAIL?    ckpt   -
aco_n6400_r2                 FAIL?    ckpt   -
aco_n6400_r3                 FAIL?    ckpt   -
aco_n12000_r1                FAIL?    ckpt   -
aco_n12000_r2                FAIL?    ckpt   -
aco_n12000_r3                FAIL?    ckpt   -
dcm_n800_r1                  FAIL?    ckpt   -
dcm_n800_r2                  FAIL?    ckpt   -
dcm_n800_r3                  FAIL?     -     -
dcm_n1600_r1                 ?         -     -
dcm_n1600_r2                 ?         -     -
dcm_n1600_r3                 ?         -     -
dcm_n3200_r1                 ?         -     -
dcm_n3200_r2                 ?         -     -
dcm_n3200_r3                 ?         -     -
dcm_n6400_r1                 ?         -     -
dcm_n6400_r2                 ?         -     -
dcm_n6400_r3                 ?         -     -
dcm_n12000_r1                ?         -     -
dcm_n12000_r2                ?         -     -
dcm_n12000_r3                ?         -     -

Totals: 30 jobs | curves: 0 | test eval: 0

Active Slurm (lc-*):
     JOBID PARTITION                 NAME    STATE       TIME NODELIST(REASON)
    203263       gpu    lc-bf-aco-n800-r1  RUNNING       4:39 gpu25
    203262       gpu       lc-aco-n800-r2  RUNNING      40:59 gpu08
[H[J=== Learning-curve sweep status 2026-06-29T19:58:10+02:00 ===

JOB                          SLURM    ARTIFACTS TEST E MAE
--------------------------------------------------------------------------------
aco_n800_r1                  FAIL?    ckpt curves  -
aco_n800_r2                  RUN?     ckpt   -
aco_n800_r3                  FAIL?    ckpt   -
aco_n1600_r1                 FAIL?    ckpt   -
aco_n1600_r2                 ?         -     -
aco_n1600_r3                 ?         -     -
aco_n3200_r1                 ?         -     -
aco_n3200_r2                 ?         -     -
aco_n3200_r3                 ?         -     -
aco_n6400_r1                 FAIL?    ckpt   -
aco_n6400_r2                 FAIL?    ckpt   -
aco_n6400_r3                 FAIL?    ckpt   -
aco_n12000_r1                FAIL?    ckpt   -
aco_n12000_r2                FAIL?    ckpt   -
aco_n12000_r3                FAIL?    ckpt   -
dcm_n800_r1                  FAIL?    ckpt   -
dcm_n800_r2                  FAIL?    ckpt   -
dcm_n800_r3                  FAIL?     -     -
dcm_n1600_r1                 ?         -     -
dcm_n1600_r2                 ?         -     -
dcm_n1600_r3                 ?         -     -
dcm_n3200_r1                 ?         -     -
dcm_n3200_r2                 ?         -     -
dcm_n3200_r3                 ?         -     -
dcm_n6400_r1                 ?         -     -
dcm_n6400_r2                 ?         -     -
dcm_n6400_r3                 ?         -     -
dcm_n12000_r1                ?         -     -
dcm_n12000_r2                ?         -     -
dcm_n12000_r3                ?         -     -

Totals: 30 jobs | curves: 1 | test eval: 0

Active Slurm (lc-*):
     JOBID PARTITION                 NAME    STATE       TIME NODELIST(REASON)
    203263       gpu    lc-bf-aco-n800-r1  RUNNING       5:39 gpu25
    203262       gpu       lc-aco-n800-r2  RUNNING      41:59 gpu08
[H[J=== Learning-curve sweep status 2026-06-29T19:59:10+02:00 ===

JOB                          SLURM    ARTIFACTS TEST E MAE
--------------------------------------------------------------------------------
aco_n800_r1                  FAIL?    ckpt curves  -
aco_n800_r2                  RUN?     ckpt   -
aco_n800_r3                  FAIL?    ckpt   -
aco_n1600_r1                 FAIL?    ckpt   -
aco_n1600_r2                 ?         -     -
aco_n1600_r3                 ?         -     -
aco_n3200_r1                 ?         -     -
aco_n3200_r2                 ?         -     -
aco_n3200_r3                 ?         -     -
aco_n6400_r1                 FAIL?    ckpt   -
aco_n6400_r2                 FAIL?    ckpt   -
aco_n6400_r3                 FAIL?    ckpt   -
aco_n12000_r1                FAIL?    ckpt   -
aco_n12000_r2                FAIL?    ckpt   -
aco_n12000_r3                FAIL?    ckpt   -
dcm_n800_r1                  FAIL?    ckpt   -
dcm_n800_r2                  FAIL?    ckpt   -
dcm_n800_r3                  FAIL?     -     -
dcm_n1600_r1                 ?         -     -
dcm_n1600_r2                 ?         -     -
dcm_n1600_r3                 ?         -     -
dcm_n3200_r1                 ?         -     -
dcm_n3200_r2                 ?         -     -
dcm_n3200_r3                 ?         -     -
dcm_n6400_r1                 ?         -     -
dcm_n6400_r2                 ?         -     -
dcm_n6400_r3                 ?         -     -
dcm_n12000_r1                ?         -     -
dcm_n12000_r2                ?         -     -
dcm_n12000_r3                ?         -     -

Totals: 30 jobs | curves: 1 | test eval: 0

Active Slurm (lc-*):
     JOBID PARTITION                 NAME    STATE       TIME NODELIST(REASON)
    203263       gpu    lc-bf-aco-n800-r1  RUNNING       6:39 gpu25
    203262       gpu       lc-aco-n800-r2  RUNNING      42:59 gpu08
[H[J=== Learning-curve sweep status 2026-06-29T20:00:10+02:00 ===

JOB                          SLURM    ARTIFACTS TEST E MAE
--------------------------------------------------------------------------------
aco_n800_r1                  FAIL?    ckpt curves  -
aco_n800_r2                  RUN?     ckpt   -
aco_n800_r3                  FAIL?    ckpt   -
aco_n1600_r1                 FAIL?    ckpt   -
aco_n1600_r2                 ?         -     -
aco_n1600_r3                 ?         -     -
aco_n3200_r1                 ?         -     -
aco_n3200_r2                 ?         -     -
aco_n3200_r3                 ?         -     -
aco_n6400_r1                 FAIL?    ckpt   -
aco_n6400_r2                 FAIL?    ckpt   -
aco_n6400_r3                 FAIL?    ckpt   -
aco_n12000_r1                FAIL?    ckpt   -
aco_n12000_r2                FAIL?    ckpt   -
aco_n12000_r3                FAIL?    ckpt   -
dcm_n800_r1                  FAIL?    ckpt   -
dcm_n800_r2                  FAIL?    ckpt   -
dcm_n800_r3                  FAIL?     -     -
dcm_n1600_r1                 ?         -     -
dcm_n1600_r2                 ?         -     -
dcm_n1600_r3                 ?         -     -
dcm_n3200_r1                 ?         -     -
dcm_n3200_r2                 ?         -     -
dcm_n3200_r3                 ?         -     -
dcm_n6400_r1                 ?         -     -
dcm_n6400_r2                 ?         -     -
dcm_n6400_r3                 ?         -     -
dcm_n12000_r1                ?         -     -
dcm_n12000_r2                ?         -     -
dcm_n12000_r3                ?         -     -

Totals: 30 jobs | curves: 1 | test eval: 0

Active Slurm (lc-*):
     JOBID PARTITION                 NAME    STATE       TIME NODELIST(REASON)
    203263       gpu    lc-bf-aco-n800-r1  RUNNING       7:40 gpu25
    203262       gpu       lc-aco-n800-r2  RUNNING      44:00 gpu08
[H[J=== Learning-curve sweep status 2026-06-29T20:01:11+02:00 ===

JOB                          SLURM    ARTIFACTS TEST E MAE
--------------------------------------------------------------------------------
aco_n800_r1                  FAIL?    ckpt curves eval  0.303
aco_n800_r2                  RUN?     ckpt   -
aco_n800_r3                  FAIL?    ckpt   -
aco_n1600_r1                 FAIL?    ckpt   -
aco_n1600_r2                 ?         -     -
aco_n1600_r3                 ?         -     -
aco_n3200_r1                 ?         -     -
aco_n3200_r2                 ?         -     -
aco_n3200_r3                 ?         -     -
aco_n6400_r1                 FAIL?    ckpt   -
aco_n6400_r2                 FAIL?    ckpt   -
aco_n6400_r3                 FAIL?    ckpt   -
aco_n12000_r1                FAIL?    ckpt   -
aco_n12000_r2                FAIL?    ckpt   -
aco_n12000_r3                FAIL?    ckpt   -
dcm_n800_r1                  FAIL?    ckpt   -
dcm_n800_r2                  FAIL?    ckpt   -
dcm_n800_r3                  FAIL?     -     -
dcm_n1600_r1                 ?         -     -
dcm_n1600_r2                 ?         -     -
dcm_n1600_r3                 ?         -     -
dcm_n3200_r1                 ?         -     -
dcm_n3200_r2                 ?         -     -
dcm_n3200_r3                 ?         -     -
dcm_n6400_r1                 ?         -     -
dcm_n6400_r2                 ?         -     -
dcm_n6400_r3                 ?         -     -
dcm_n12000_r1                ?         -     -
dcm_n12000_r2                ?         -     -
dcm_n12000_r3                ?         -     -

Totals: 30 jobs | curves: 1 | test eval: 1

Active Slurm (lc-*):
     JOBID PARTITION                 NAME    STATE       TIME NODELIST(REASON)
    203262       gpu       lc-aco-n800-r2  RUNNING      45:00 gpu08
[H[J=== Learning-curve sweep status 2026-06-29T20:02:11+02:00 ===

JOB                          SLURM    ARTIFACTS TEST E MAE
--------------------------------------------------------------------------------
aco_n800_r1                  FAIL?    ckpt curves eval  0.303
aco_n800_r2                  RUN?     ckpt   -
aco_n800_r3                  FAIL?    ckpt   -
aco_n1600_r1                 FAIL?    ckpt   -
aco_n1600_r2                 ?         -     -
aco_n1600_r3                 ?         -     -
aco_n3200_r1                 ?         -     -
aco_n3200_r2                 ?         -     -
aco_n3200_r3                 ?         -     -
aco_n6400_r1                 FAIL?    ckpt   -
aco_n6400_r2                 FAIL?    ckpt   -
aco_n6400_r3                 FAIL?    ckpt   -
aco_n12000_r1                FAIL?    ckpt   -
aco_n12000_r2                FAIL?    ckpt   -
aco_n12000_r3                FAIL?    ckpt   -
dcm_n800_r1                  FAIL?    ckpt   -
dcm_n800_r2                  FAIL?    ckpt   -
dcm_n800_r3                  FAIL?     -     -
dcm_n1600_r1                 ?         -     -
dcm_n1600_r2                 ?         -     -
dcm_n1600_r3                 ?         -     -
dcm_n3200_r1                 ?         -     -
dcm_n3200_r2                 ?         -     -
dcm_n3200_r3                 ?         -     -
dcm_n6400_r1                 ?         -     -
dcm_n6400_r2                 ?         -     -
dcm_n6400_r3                 ?         -     -
dcm_n12000_r1                ?         -     -
dcm_n12000_r2                ?         -     -
dcm_n12000_r3                ?         -     -

Totals: 30 jobs | curves: 1 | test eval: 1

Active Slurm (lc-*):
     JOBID PARTITION                 NAME    STATE       TIME NODELIST(REASON)
    203262       gpu       lc-aco-n800-r2  RUNNING      46:01 gpu08
[H[J=== Learning-curve sweep status 2026-06-29T20:03:12+02:00 ===

JOB                          SLURM    ARTIFACTS TEST E MAE
--------------------------------------------------------------------------------
aco_n800_r1                  FAIL?    ckpt curves eval  0.303
aco_n800_r2                  RUN?     ckpt   -
aco_n800_r3                  FAIL?    ckpt   -
aco_n1600_r1                 FAIL?    ckpt   -
aco_n1600_r2                 ?         -     -
aco_n1600_r3                 ?         -     -
aco_n3200_r1                 ?         -     -
aco_n3200_r2                 ?         -     -
aco_n3200_r3                 ?         -     -
aco_n6400_r1                 FAIL?    ckpt   -
aco_n6400_r2                 FAIL?    ckpt   -
aco_n6400_r3                 FAIL?    ckpt   -
aco_n12000_r1                FAIL?    ckpt   -
aco_n12000_r2                FAIL?    ckpt   -
aco_n12000_r3                FAIL?    ckpt   -
dcm_n800_r1                  FAIL?    ckpt   -
dcm_n800_r2                  FAIL?    ckpt   -
dcm_n800_r3                  FAIL?     -     -
dcm_n1600_r1                 ?         -     -
dcm_n1600_r2                 ?         -     -
dcm_n1600_r3                 ?         -     -
dcm_n3200_r1                 ?         -     -
dcm_n3200_r2                 ?         -     -
dcm_n3200_r3                 ?         -     -
dcm_n6400_r1                 ?         -     -
dcm_n6400_r2                 ?         -     -
dcm_n6400_r3                 ?         -     -
dcm_n12000_r1                ?         -     -
dcm_n12000_r2                ?         -     -
dcm_n12000_r3                ?         -     -

Totals: 30 jobs | curves: 1 | test eval: 1

Active Slurm (lc-*):
     JOBID PARTITION                 NAME    STATE       TIME NODELIST(REASON)
    203262       gpu       lc-aco-n800-r2  RUNNING      47:01 gpu08
[H[J=== Learning-curve sweep status 2026-06-29T20:04:12+02:00 ===

JOB                          SLURM    ARTIFACTS TEST E MAE
--------------------------------------------------------------------------------
aco_n800_r1                  FAIL?    ckpt curves eval  0.303
aco_n800_r2                  RUN?     ckpt   -
aco_n800_r3                  FAIL?    ckpt   -
aco_n1600_r1                 FAIL?    ckpt   -
aco_n1600_r2                 ?         -     -
aco_n1600_r3                 ?         -     -
aco_n3200_r1                 ?         -     -
aco_n3200_r2                 ?         -     -
aco_n3200_r3                 ?         -     -
aco_n6400_r1                 FAIL?    ckpt   -
aco_n6400_r2                 FAIL?    ckpt   -
aco_n6400_r3                 FAIL?    ckpt   -
aco_n12000_r1                FAIL?    ckpt   -
aco_n12000_r2                FAIL?    ckpt   -
aco_n12000_r3                FAIL?    ckpt   -
dcm_n800_r1                  FAIL?    ckpt   -
dcm_n800_r2                  FAIL?    ckpt   -
dcm_n800_r3                  FAIL?     -     -
dcm_n1600_r1                 ?         -     -
dcm_n1600_r2                 ?         -     -
dcm_n1600_r3                 ?         -     -
dcm_n3200_r1                 ?         -     -
dcm_n3200_r2                 ?         -     -
dcm_n3200_r3                 ?         -     -
dcm_n6400_r1                 ?         -     -
dcm_n6400_r2                 ?         -     -
dcm_n6400_r3                 ?         -     -
dcm_n12000_r1                ?         -     -
dcm_n12000_r2                ?         -     -
dcm_n12000_r3                ?         -     -

Totals: 30 jobs | curves: 1 | test eval: 1

Active Slurm (lc-*):
     JOBID PARTITION                 NAME    STATE       TIME NODELIST(REASON)
    203262       gpu       lc-aco-n800-r2  RUNNING      48:01 gpu08
[H[J=== Learning-curve sweep status 2026-06-29T20:05:12+02:00 ===

JOB                          SLURM    ARTIFACTS TEST E MAE
--------------------------------------------------------------------------------
aco_n800_r1                  FAIL?    ckpt curves eval  0.303
aco_n800_r2                  RUN?     ckpt   -
aco_n800_r3                  FAIL?    ckpt   -
aco_n1600_r1                 FAIL?    ckpt   -
aco_n1600_r2                 ?         -     -
aco_n1600_r3                 ?         -     -
aco_n3200_r1                 ?         -     -
aco_n3200_r2                 ?         -     -
aco_n3200_r3                 ?         -     -
aco_n6400_r1                 FAIL?    ckpt   -
aco_n6400_r2                 FAIL?    ckpt   -
aco_n6400_r3                 FAIL?    ckpt   -
aco_n12000_r1                FAIL?    ckpt   -
aco_n12000_r2                FAIL?    ckpt   -
aco_n12000_r3                FAIL?    ckpt   -
dcm_n800_r1                  FAIL?    ckpt   -
dcm_n800_r2                  FAIL?    ckpt   -
dcm_n800_r3                  FAIL?     -     -
dcm_n1600_r1                 ?         -     -
dcm_n1600_r2                 ?         -     -
dcm_n1600_r3                 ?         -     -
dcm_n3200_r1                 ?         -     -
dcm_n3200_r2                 ?         -     -
dcm_n3200_r3                 ?         -     -
dcm_n6400_r1                 ?         -     -
dcm_n6400_r2                 ?         -     -
dcm_n6400_r3                 ?         -     -
dcm_n12000_r1                ?         -     -
dcm_n12000_r2                ?         -     -
dcm_n12000_r3                ?         -     -

Totals: 30 jobs | curves: 1 | test eval: 1

Active Slurm (lc-*):
     JOBID PARTITION                 NAME    STATE       TIME NODELIST(REASON)
    203262       gpu       lc-aco-n800-r2  RUNNING      49:02 gpu08
[H[J=== Learning-curve sweep status 2026-06-29T20:06:13+02:00 ===

JOB                          SLURM    ARTIFACTS TEST E MAE
--------------------------------------------------------------------------------
aco_n800_r1                  FAIL?    ckpt curves eval  0.303
aco_n800_r2                  RUN?     ckpt   -
aco_n800_r3                  FAIL?    ckpt   -
aco_n1600_r1                 FAIL?    ckpt   -
aco_n1600_r2                 ?         -     -
aco_n1600_r3                 ?         -     -
aco_n3200_r1                 ?         -     -
aco_n3200_r2                 ?         -     -
aco_n3200_r3                 ?         -     -
aco_n6400_r1                 FAIL?    ckpt   -
aco_n6400_r2                 FAIL?    ckpt   -
aco_n6400_r3                 FAIL?    ckpt   -
aco_n12000_r1                FAIL?    ckpt   -
aco_n12000_r2                FAIL?    ckpt   -
aco_n12000_r3                FAIL?    ckpt   -
dcm_n800_r1                  FAIL?    ckpt   -
dcm_n800_r2                  FAIL?    ckpt   -
dcm_n800_r3                  FAIL?     -     -
dcm_n1600_r1                 ?         -     -
dcm_n1600_r2                 ?         -     -
dcm_n1600_r3                 ?         -     -
dcm_n3200_r1                 ?         -     -
dcm_n3200_r2                 ?         -     -
dcm_n3200_r3                 ?         -     -
dcm_n6400_r1                 ?         -     -
dcm_n6400_r2                 ?         -     -
dcm_n6400_r3                 ?         -     -
dcm_n12000_r1                ?         -     -
dcm_n12000_r2                ?         -     -
dcm_n12000_r3                ?         -     -

Totals: 30 jobs | curves: 1 | test eval: 1

Active Slurm (lc-*):
     JOBID PARTITION                 NAME    STATE       TIME NODELIST(REASON)
    203262       gpu       lc-aco-n800-r2  RUNNING      50:02 gpu08
[H[J=== Learning-curve sweep status 2026-06-29T20:07:13+02:00 ===

JOB                          SLURM    ARTIFACTS TEST E MAE
--------------------------------------------------------------------------------
aco_n800_r1                  FAIL?    ckpt curves eval  0.303
aco_n800_r2                  RUN?     ckpt   -
aco_n800_r3                  FAIL?    ckpt   -
aco_n1600_r1                 FAIL?    ckpt   -
aco_n1600_r2                 ?         -     -
aco_n1600_r3                 ?         -     -
aco_n3200_r1                 ?         -     -
aco_n3200_r2                 ?         -     -
aco_n3200_r3                 ?         -     -
aco_n6400_r1                 FAIL?    ckpt   -
aco_n6400_r2                 FAIL?    ckpt   -
aco_n6400_r3                 FAIL?    ckpt   -
aco_n12000_r1                FAIL?    ckpt   -
aco_n12000_r2                FAIL?    ckpt   -
aco_n12000_r3                FAIL?    ckpt   -
dcm_n800_r1                  FAIL?    ckpt   -
dcm_n800_r2                  FAIL?    ckpt   -
dcm_n800_r3                  FAIL?     -     -
dcm_n1600_r1                 ?         -     -
dcm_n1600_r2                 ?         -     -
dcm_n1600_r3                 ?         -     -
dcm_n3200_r1                 ?         -     -
dcm_n3200_r2                 ?         -     -
dcm_n3200_r3                 ?         -     -
dcm_n6400_r1                 ?         -     -
dcm_n6400_r2                 ?         -     -
dcm_n6400_r3                 ?         -     -
dcm_n12000_r1                ?         -     -
dcm_n12000_r2                ?         -     -
dcm_n12000_r3                ?         -     -

Totals: 30 jobs | curves: 1 | test eval: 1

Active Slurm (lc-*):
     JOBID PARTITION                 NAME    STATE       TIME NODELIST(REASON)
    203262       gpu       lc-aco-n800-r2  RUNNING      51:02 gpu08
[H[J=== Learning-curve sweep status 2026-06-29T20:08:13+02:00 ===

JOB                          SLURM    ARTIFACTS TEST E MAE
--------------------------------------------------------------------------------
aco_n800_r1                  FAIL?    ckpt curves eval  0.303
aco_n800_r2                  RUN?     ckpt   -
aco_n800_r3                  FAIL?    ckpt   -
aco_n1600_r1                 FAIL?    ckpt   -
aco_n1600_r2                 ?         -     -
aco_n1600_r3                 ?         -     -
aco_n3200_r1                 ?         -     -
aco_n3200_r2                 ?         -     -
aco_n3200_r3                 ?         -     -
aco_n6400_r1                 FAIL?    ckpt   -
aco_n6400_r2                 FAIL?    ckpt   -
aco_n6400_r3                 FAIL?    ckpt   -
aco_n12000_r1                FAIL?    ckpt   -
aco_n12000_r2                FAIL?    ckpt   -
aco_n12000_r3                FAIL?    ckpt   -
dcm_n800_r1                  FAIL?    ckpt   -
dcm_n800_r2                  FAIL?    ckpt   -
dcm_n800_r3                  FAIL?     -     -
dcm_n1600_r1                 ?         -     -
dcm_n1600_r2                 ?         -     -
dcm_n1600_r3                 ?         -     -
dcm_n3200_r1                 ?         -     -
dcm_n3200_r2                 ?         -     -
dcm_n3200_r3                 ?         -     -
dcm_n6400_r1                 ?         -     -
dcm_n6400_r2                 ?         -     -
dcm_n6400_r3                 ?         -     -
dcm_n12000_r1                ?         -     -
dcm_n12000_r2                ?         -     -
dcm_n12000_r3                ?         -     -

Totals: 30 jobs | curves: 1 | test eval: 1

Active Slurm (lc-*):
     JOBID PARTITION                 NAME    STATE       TIME NODELIST(REASON)
    203262       gpu       lc-aco-n800-r2  RUNNING      52:03 gpu08
[H[J=== Learning-curve sweep status 2026-06-29T20:09:14+02:00 ===

JOB                          SLURM    ARTIFACTS TEST E MAE
--------------------------------------------------------------------------------
aco_n800_r1                  FAIL?    ckpt curves eval  0.303
aco_n800_r2                  RUN?     ckpt   -
aco_n800_r3                  FAIL?    ckpt   -
aco_n1600_r1                 FAIL?    ckpt   -
aco_n1600_r2                 ?         -     -
aco_n1600_r3                 ?         -     -
aco_n3200_r1                 ?         -     -
aco_n3200_r2                 ?         -     -
aco_n3200_r3                 ?         -     -
aco_n6400_r1                 FAIL?    ckpt   -
aco_n6400_r2                 FAIL?    ckpt   -
aco_n6400_r3                 FAIL?    ckpt   -
aco_n12000_r1                FAIL?    ckpt   -
aco_n12000_r2                FAIL?    ckpt   -
aco_n12000_r3                FAIL?    ckpt   -
dcm_n800_r1                  FAIL?    ckpt   -
dcm_n800_r2                  FAIL?    ckpt   -
dcm_n800_r3                  FAIL?     -     -
dcm_n1600_r1                 ?         -     -
dcm_n1600_r2                 ?         -     -
dcm_n1600_r3                 ?         -     -
dcm_n3200_r1                 ?         -     -
dcm_n3200_r2                 ?         -     -
dcm_n3200_r3                 ?         -     -
dcm_n6400_r1                 ?         -     -
dcm_n6400_r2                 ?         -     -
dcm_n6400_r3                 ?         -     -
dcm_n12000_r1                ?         -     -
dcm_n12000_r2                ?         -     -
dcm_n12000_r3                ?         -     -

Totals: 30 jobs | curves: 1 | test eval: 1

Active Slurm (lc-*):
     JOBID PARTITION                 NAME    STATE       TIME NODELIST(REASON)
    203262       gpu       lc-aco-n800-r2  RUNNING      53:03 gpu08
[H[J=== Learning-curve sweep status 2026-06-29T20:10:14+02:00 ===

JOB                          SLURM    ARTIFACTS TEST E MAE
--------------------------------------------------------------------------------
aco_n800_r1                  FAIL?    ckpt curves eval  0.303
aco_n800_r2                  RUN?     ckpt   -
aco_n800_r3                  FAIL?    ckpt   -
aco_n1600_r1                 FAIL?    ckpt   -
aco_n1600_r2                 ?         -     -
aco_n1600_r3                 ?         -     -
aco_n3200_r1                 ?         -     -
aco_n3200_r2                 ?         -     -
aco_n3200_r3                 ?         -     -
aco_n6400_r1                 FAIL?    ckpt   -
aco_n6400_r2                 FAIL?    ckpt   -
aco_n6400_r3                 FAIL?    ckpt   -
aco_n12000_r1                FAIL?    ckpt   -
aco_n12000_r2                FAIL?    ckpt   -
aco_n12000_r3                FAIL?    ckpt   -
dcm_n800_r1                  FAIL?    ckpt   -
dcm_n800_r2                  FAIL?    ckpt   -
dcm_n800_r3                  FAIL?     -     -
dcm_n1600_r1                 ?         -     -
dcm_n1600_r2                 ?         -     -
dcm_n1600_r3                 ?         -     -
dcm_n3200_r1                 ?         -     -
dcm_n3200_r2                 ?         -     -
dcm_n3200_r3                 ?         -     -
dcm_n6400_r1                 ?         -     -
dcm_n6400_r2                 ?         -     -
dcm_n6400_r3                 ?         -     -
dcm_n12000_r1                ?         -     -
dcm_n12000_r2                ?         -     -
dcm_n12000_r3                ?         -     -

Totals: 30 jobs | curves: 1 | test eval: 1

Active Slurm (lc-*):
     JOBID PARTITION                 NAME    STATE       TIME NODELIST(REASON)
    203262       gpu       lc-aco-n800-r2  RUNNING      54:03 gpu08
[H[J=== Learning-curve sweep status 2026-06-29T20:11:14+02:00 ===

JOB                          SLURM    ARTIFACTS TEST E MAE
--------------------------------------------------------------------------------
aco_n800_r1                  FAIL?    ckpt curves eval  0.303
aco_n800_r2                  RUN?     ckpt   -
aco_n800_r3                  FAIL?    ckpt   -
aco_n1600_r1                 FAIL?    ckpt   -
aco_n1600_r2                 ?         -     -
aco_n1600_r3                 ?         -     -
aco_n3200_r1                 ?         -     -
aco_n3200_r2                 ?         -     -
aco_n3200_r3                 ?         -     -
aco_n6400_r1                 FAIL?    ckpt   -
aco_n6400_r2                 FAIL?    ckpt   -
aco_n6400_r3                 FAIL?    ckpt   -
aco_n12000_r1                FAIL?    ckpt   -
aco_n12000_r2                FAIL?    ckpt   -
aco_n12000_r3                FAIL?    ckpt   -
dcm_n800_r1                  FAIL?    ckpt   -
dcm_n800_r2                  FAIL?    ckpt   -
dcm_n800_r3                  FAIL?     -     -
dcm_n1600_r1                 ?         -     -
dcm_n1600_r2                 ?         -     -
dcm_n1600_r3                 ?         -     -
dcm_n3200_r1                 ?         -     -
dcm_n3200_r2                 ?         -     -
dcm_n3200_r3                 ?         -     -
dcm_n6400_r1                 ?         -     -
dcm_n6400_r2                 ?         -     -
dcm_n6400_r3                 ?         -     -
dcm_n12000_r1                ?         -     -
dcm_n12000_r2                ?         -     -
dcm_n12000_r3                ?         -     -

Totals: 30 jobs | curves: 1 | test eval: 1

Active Slurm (lc-*):
     JOBID PARTITION                 NAME    STATE       TIME NODELIST(REASON)
    203262       gpu       lc-aco-n800-r2  RUNNING      55:04 gpu08
[H[J=== Learning-curve sweep status 2026-06-29T20:12:15+02:00 ===

JOB                          SLURM    ARTIFACTS TEST E MAE
--------------------------------------------------------------------------------
aco_n800_r1                  FAIL?    ckpt curves eval  0.303
aco_n800_r2                  RUN?     ckpt   -
aco_n800_r3                  FAIL?    ckpt   -
aco_n1600_r1                 FAIL?    ckpt   -
aco_n1600_r2                 ?         -     -
aco_n1600_r3                 ?         -     -
aco_n3200_r1                 ?         -     -
aco_n3200_r2                 ?         -     -
aco_n3200_r3                 ?         -     -
aco_n6400_r1                 FAIL?    ckpt   -
aco_n6400_r2                 FAIL?    ckpt   -
aco_n6400_r3                 FAIL?    ckpt   -
aco_n12000_r1                FAIL?    ckpt   -
aco_n12000_r2                FAIL?    ckpt   -
aco_n12000_r3                FAIL?    ckpt   -
dcm_n800_r1                  FAIL?    ckpt   -
dcm_n800_r2                  FAIL?    ckpt   -
dcm_n800_r3                  FAIL?     -     -
dcm_n1600_r1                 ?         -     -
dcm_n1600_r2                 ?         -     -
dcm_n1600_r3                 ?         -     -
dcm_n3200_r1                 ?         -     -
dcm_n3200_r2                 ?         -     -
dcm_n3200_r3                 ?         -     -
dcm_n6400_r1                 ?         -     -
dcm_n6400_r2                 ?         -     -
dcm_n6400_r3                 ?         -     -
dcm_n12000_r1                ?         -     -
dcm_n12000_r2                ?         -     -
dcm_n12000_r3                ?         -     -

Totals: 30 jobs | curves: 1 | test eval: 1

Active Slurm (lc-*):
     JOBID PARTITION                 NAME    STATE       TIME NODELIST(REASON)
    203262       gpu       lc-aco-n800-r2  RUNNING      56:04 gpu08
[H[J=== Learning-curve sweep status 2026-06-29T20:13:15+02:00 ===

JOB                          SLURM    ARTIFACTS TEST E MAE
--------------------------------------------------------------------------------
aco_n800_r1                  FAIL?    ckpt curves eval  0.303
aco_n800_r2                  RUN?     ckpt   -
aco_n800_r3                  FAIL?    ckpt   -
aco_n1600_r1                 FAIL?    ckpt   -
aco_n1600_r2                 ?         -     -
aco_n1600_r3                 ?         -     -
aco_n3200_r1                 ?         -     -
aco_n3200_r2                 ?         -     -
aco_n3200_r3                 ?         -     -
aco_n6400_r1                 FAIL?    ckpt   -
aco_n6400_r2                 FAIL?    ckpt   -
aco_n6400_r3                 FAIL?    ckpt   -
aco_n12000_r1                FAIL?    ckpt   -
aco_n12000_r2                FAIL?    ckpt   -
aco_n12000_r3                FAIL?    ckpt   -
dcm_n800_r1                  FAIL?    ckpt   -
dcm_n800_r2                  FAIL?    ckpt   -
dcm_n800_r3                  FAIL?     -     -
dcm_n1600_r1                 ?         -     -
dcm_n1600_r2                 ?         -     -
dcm_n1600_r3                 ?         -     -
dcm_n3200_r1                 ?         -     -
dcm_n3200_r2                 ?         -     -
dcm_n3200_r3                 ?         -     -
dcm_n6400_r1                 ?         -     -
dcm_n6400_r2                 ?         -     -
dcm_n6400_r3                 ?         -     -
dcm_n12000_r1                ?         -     -
dcm_n12000_r2                ?         -     -
dcm_n12000_r3                ?         -     -

Totals: 30 jobs | curves: 1 | test eval: 1

Active Slurm (lc-*):
     JOBID PARTITION                 NAME    STATE       TIME NODELIST(REASON)
    203262       gpu       lc-aco-n800-r2  RUNNING      57:04 gpu08
[H[J=== Learning-curve sweep status 2026-06-29T20:14:15+02:00 ===

JOB                          SLURM    ARTIFACTS TEST E MAE
--------------------------------------------------------------------------------
aco_n800_r1                  FAIL?    ckpt curves eval  0.303
aco_n800_r2                  RUN?     ckpt   -
aco_n800_r3                  FAIL?    ckpt   -
aco_n1600_r1                 FAIL?    ckpt   -
aco_n1600_r2                 ?         -     -
aco_n1600_r3                 ?         -     -
aco_n3200_r1                 ?         -     -
aco_n3200_r2                 ?         -     -
aco_n3200_r3                 ?         -     -
aco_n6400_r1                 FAIL?    ckpt   -
aco_n6400_r2                 FAIL?    ckpt   -
aco_n6400_r3                 FAIL?    ckpt   -
aco_n12000_r1                FAIL?    ckpt   -
aco_n12000_r2                FAIL?    ckpt   -
aco_n12000_r3                FAIL?    ckpt   -
dcm_n800_r1                  FAIL?    ckpt   -
dcm_n800_r2                  FAIL?    ckpt   -
dcm_n800_r3                  FAIL?     -     -
dcm_n1600_r1                 ?         -     -
dcm_n1600_r2                 ?         -     -
dcm_n1600_r3                 ?         -     -
dcm_n3200_r1                 ?         -     -
dcm_n3200_r2                 ?         -     -
dcm_n3200_r3                 ?         -     -
dcm_n6400_r1                 ?         -     -
dcm_n6400_r2                 ?         -     -
dcm_n6400_r3                 ?         -     -
dcm_n12000_r1                ?         -     -
dcm_n12000_r2                ?         -     -
dcm_n12000_r3                ?         -     -

Totals: 30 jobs | curves: 1 | test eval: 1

Active Slurm (lc-*):
     JOBID PARTITION                 NAME    STATE       TIME NODELIST(REASON)
    203262       gpu       lc-aco-n800-r2  RUNNING      58:05 gpu08
[H[J=== Learning-curve sweep status 2026-06-29T20:15:16+02:00 ===

JOB                          SLURM    ARTIFACTS TEST E MAE
--------------------------------------------------------------------------------
aco_n800_r1                  FAIL?    ckpt curves eval  0.303
aco_n800_r2                  RUN?     ckpt   -
aco_n800_r3                  FAIL?    ckpt   -
aco_n1600_r1                 FAIL?    ckpt   -
aco_n1600_r2                 ?         -     -
aco_n1600_r3                 ?         -     -
aco_n3200_r1                 ?         -     -
aco_n3200_r2                 ?         -     -
aco_n3200_r3                 ?         -     -
aco_n6400_r1                 FAIL?    ckpt   -
aco_n6400_r2                 FAIL?    ckpt   -
aco_n6400_r3                 FAIL?    ckpt   -
aco_n12000_r1                FAIL?    ckpt   -
aco_n12000_r2                FAIL?    ckpt   -
aco_n12000_r3                FAIL?    ckpt   -
dcm_n800_r1                  FAIL?    ckpt   -
dcm_n800_r2                  FAIL?    ckpt   -
dcm_n800_r3                  FAIL?     -     -
dcm_n1600_r1                 ?         -     -
dcm_n1600_r2                 ?         -     -
dcm_n1600_r3                 ?         -     -
dcm_n3200_r1                 ?         -     -
dcm_n3200_r2                 ?         -     -
dcm_n3200_r3                 ?         -     -
dcm_n6400_r1                 ?         -     -
dcm_n6400_r2                 ?         -     -
dcm_n6400_r3                 ?         -     -
dcm_n12000_r1                ?         -     -
dcm_n12000_r2                ?         -     -
dcm_n12000_r3                ?         -     -

Totals: 30 jobs | curves: 1 | test eval: 1

Active Slurm (lc-*):
     JOBID PARTITION                 NAME    STATE       TIME NODELIST(REASON)
    203262       gpu       lc-aco-n800-r2  RUNNING      59:05 gpu08
[H[J=== Learning-curve sweep status 2026-06-29T20:16:16+02:00 ===

JOB                          SLURM    ARTIFACTS TEST E MAE
--------------------------------------------------------------------------------
aco_n800_r1                  FAIL?    ckpt curves eval  0.303
aco_n800_r2                  RUN?     ckpt   -
aco_n800_r3                  FAIL?    ckpt   -
aco_n1600_r1                 FAIL?    ckpt   -
aco_n1600_r2                 ?         -     -
aco_n1600_r3                 ?         -     -
aco_n3200_r1                 ?         -     -
aco_n3200_r2                 ?         -     -
aco_n3200_r3                 ?         -     -
aco_n6400_r1                 FAIL?    ckpt   -
aco_n6400_r2                 FAIL?    ckpt   -
aco_n6400_r3                 FAIL?    ckpt   -
aco_n12000_r1                FAIL?    ckpt   -
aco_n12000_r2                FAIL?    ckpt   -
aco_n12000_r3                FAIL?    ckpt   -
dcm_n800_r1                  FAIL?    ckpt   -
dcm_n800_r2                  FAIL?    ckpt   -
dcm_n800_r3                  FAIL?     -     -
dcm_n1600_r1                 ?         -     -
dcm_n1600_r2                 ?         -     -
dcm_n1600_r3                 ?         -     -
dcm_n3200_r1                 ?         -     -
dcm_n3200_r2                 ?         -     -
dcm_n3200_r3                 ?         -     -
dcm_n6400_r1                 ?         -     -
dcm_n6400_r2                 ?         -     -
dcm_n6400_r3                 ?         -     -
dcm_n12000_r1                ?         -     -
dcm_n12000_r2                ?         -     -
dcm_n12000_r3                ?         -     -

Totals: 30 jobs | curves: 1 | test eval: 1

Active Slurm (lc-*):
     JOBID PARTITION                 NAME    STATE       TIME NODELIST(REASON)
    203262       gpu       lc-aco-n800-r2  RUNNING    1:00:05 gpu08
[H[J=== Learning-curve sweep status 2026-06-29T20:17:16+02:00 ===

JOB                          SLURM    ARTIFACTS TEST E MAE
--------------------------------------------------------------------------------
aco_n800_r1                  FAIL?    ckpt curves eval  0.303
aco_n800_r2                  RUN?     ckpt   -
aco_n800_r3                  FAIL?    ckpt   -
aco_n1600_r1                 FAIL?    ckpt   -
aco_n1600_r2                 ?         -     -
aco_n1600_r3                 ?         -     -
aco_n3200_r1                 ?         -     -
aco_n3200_r2                 ?         -     -
aco_n3200_r3                 ?         -     -
aco_n6400_r1                 FAIL?    ckpt   -
aco_n6400_r2                 FAIL?    ckpt   -
aco_n6400_r3                 FAIL?    ckpt   -
aco_n12000_r1                FAIL?    ckpt   -
aco_n12000_r2                FAIL?    ckpt   -
aco_n12000_r3                FAIL?    ckpt   -
dcm_n800_r1                  FAIL?    ckpt   -
dcm_n800_r2                  FAIL?    ckpt   -
dcm_n800_r3                  FAIL?     -     -
dcm_n1600_r1                 ?         -     -
dcm_n1600_r2                 ?         -     -
dcm_n1600_r3                 ?         -     -
dcm_n3200_r1                 ?         -     -
dcm_n3200_r2                 ?         -     -
dcm_n3200_r3                 ?         -     -
dcm_n6400_r1                 ?         -     -
dcm_n6400_r2                 ?         -     -
dcm_n6400_r3                 ?         -     -
dcm_n12000_r1                ?         -     -
dcm_n12000_r2                ?         -     -
dcm_n12000_r3                ?         -     -

Totals: 30 jobs | curves: 1 | test eval: 1

Active Slurm (lc-*):
     JOBID PARTITION                 NAME    STATE       TIME NODELIST(REASON)
    203262       gpu       lc-aco-n800-r2  RUNNING    1:01:06 gpu08
[H[J=== Learning-curve sweep status 2026-06-29T20:18:17+02:00 ===

JOB                          SLURM    ARTIFACTS TEST E MAE
--------------------------------------------------------------------------------
aco_n800_r1                  FAIL?    ckpt curves eval  0.303
aco_n800_r2                  RUN?     ckpt   -
aco_n800_r3                  FAIL?    ckpt   -
aco_n1600_r1                 FAIL?    ckpt   -
aco_n1600_r2                 ?         -     -
aco_n1600_r3                 ?         -     -
aco_n3200_r1                 ?         -     -
aco_n3200_r2                 ?         -     -
aco_n3200_r3                 ?         -     -
aco_n6400_r1                 FAIL?    ckpt   -
aco_n6400_r2                 FAIL?    ckpt   -
aco_n6400_r3                 FAIL?    ckpt   -
aco_n12000_r1                FAIL?    ckpt   -
aco_n12000_r2                FAIL?    ckpt   -
aco_n12000_r3                FAIL?    ckpt   -
dcm_n800_r1                  FAIL?    ckpt   -
dcm_n800_r2                  FAIL?    ckpt   -
dcm_n800_r3                  FAIL?     -     -
dcm_n1600_r1                 ?         -     -
dcm_n1600_r2                 ?         -     -
dcm_n1600_r3                 ?         -     -
dcm_n3200_r1                 ?         -     -
dcm_n3200_r2                 ?         -     -
dcm_n3200_r3                 ?         -     -
dcm_n6400_r1                 ?         -     -
dcm_n6400_r2                 ?         -     -
dcm_n6400_r3                 ?         -     -
dcm_n12000_r1                ?         -     -
dcm_n12000_r2                ?         -     -
dcm_n12000_r3                ?         -     -

Totals: 30 jobs | curves: 1 | test eval: 1

Active Slurm (lc-*):
     JOBID PARTITION                 NAME    STATE       TIME NODELIST(REASON)
    203262       gpu       lc-aco-n800-r2  RUNNING    1:02:06 gpu08
[H[J=== Learning-curve sweep status 2026-06-29T20:19:17+02:00 ===

JOB                          SLURM    ARTIFACTS TEST E MAE
--------------------------------------------------------------------------------
aco_n800_r1                  FAIL?    ckpt curves eval  0.303
aco_n800_r2                  RUN?     ckpt   -
aco_n800_r3                  FAIL?    ckpt   -
aco_n1600_r1                 FAIL?    ckpt   -
aco_n1600_r2                 ?         -     -
aco_n1600_r3                 ?         -     -
aco_n3200_r1                 ?         -     -
aco_n3200_r2                 ?         -     -
aco_n3200_r3                 ?         -     -
aco_n6400_r1                 FAIL?    ckpt   -
aco_n6400_r2                 FAIL?    ckpt   -
aco_n6400_r3                 FAIL?    ckpt   -
aco_n12000_r1                FAIL?    ckpt   -
aco_n12000_r2                FAIL?    ckpt   -
aco_n12000_r3                FAIL?    ckpt   -
dcm_n800_r1                  FAIL?    ckpt   -
dcm_n800_r2                  FAIL?    ckpt   -
dcm_n800_r3                  FAIL?     -     -
dcm_n1600_r1                 ?         -     -
dcm_n1600_r2                 ?         -     -
dcm_n1600_r3                 ?         -     -
dcm_n3200_r1                 ?         -     -
dcm_n3200_r2                 ?         -     -
dcm_n3200_r3                 ?         -     -
dcm_n6400_r1                 ?         -     -
dcm_n6400_r2                 ?         -     -
dcm_n6400_r3                 ?         -     -
dcm_n12000_r1                ?         -     -
dcm_n12000_r2                ?         -     -
dcm_n12000_r3                ?         -     -

Totals: 30 jobs | curves: 1 | test eval: 1

Active Slurm (lc-*):
     JOBID PARTITION                 NAME    STATE       TIME NODELIST(REASON)
    203262       gpu       lc-aco-n800-r2  RUNNING    1:03:06 gpu08
[H[J=== Learning-curve sweep status 2026-06-29T20:20:17+02:00 ===

JOB                          SLURM    ARTIFACTS TEST E MAE
--------------------------------------------------------------------------------
aco_n800_r1                  FAIL?    ckpt curves eval  0.303
aco_n800_r2                  RUN?     ckpt   -
aco_n800_r3                  FAIL?    ckpt   -
aco_n1600_r1                 FAIL?    ckpt   -
aco_n1600_r2                 ?         -     -
aco_n1600_r3                 ?         -     -
aco_n3200_r1                 ?         -     -
aco_n3200_r2                 ?         -     -
aco_n3200_r3                 ?         -     -
aco_n6400_r1                 FAIL?    ckpt   -
aco_n6400_r2                 FAIL?    ckpt   -
aco_n6400_r3                 FAIL?    ckpt   -
aco_n12000_r1                FAIL?    ckpt   -
aco_n12000_r2                FAIL?    ckpt   -
aco_n12000_r3                FAIL?    ckpt   -
dcm_n800_r1                  FAIL?    ckpt   -
dcm_n800_r2                  FAIL?    ckpt   -
dcm_n800_r3                  FAIL?     -     -
dcm_n1600_r1                 ?         -     -
dcm_n1600_r2                 ?         -     -
dcm_n1600_r3                 ?         -     -
dcm_n3200_r1                 ?         -     -
dcm_n3200_r2                 ?         -     -
dcm_n3200_r3                 ?         -     -
dcm_n6400_r1                 ?         -     -
dcm_n6400_r2                 ?         -     -
dcm_n6400_r3                 ?         -     -
dcm_n12000_r1                ?         -     -
dcm_n12000_r2                ?         -     -
dcm_n12000_r3                ?         -     -

Totals: 30 jobs | curves: 1 | test eval: 1

Active Slurm (lc-*):
     JOBID PARTITION                 NAME    STATE       TIME NODELIST(REASON)
    203262       gpu       lc-aco-n800-r2  RUNNING    1:04:07 gpu08
[H[J=== Learning-curve sweep status 2026-06-29T20:21:18+02:00 ===

JOB                          SLURM    ARTIFACTS TEST E MAE
--------------------------------------------------------------------------------
aco_n800_r1                  FAIL?    ckpt curves eval  0.303
aco_n800_r2                  RUN?     ckpt   -
aco_n800_r3                  FAIL?    ckpt   -
aco_n1600_r1                 FAIL?    ckpt   -
aco_n1600_r2                 ?         -     -
aco_n1600_r3                 ?         -     -
aco_n3200_r1                 ?         -     -
aco_n3200_r2                 ?         -     -
aco_n3200_r3                 ?         -     -
aco_n6400_r1                 FAIL?    ckpt   -
aco_n6400_r2                 FAIL?    ckpt   -
aco_n6400_r3                 FAIL?    ckpt   -
aco_n12000_r1                FAIL?    ckpt   -
aco_n12000_r2                FAIL?    ckpt   -
aco_n12000_r3                FAIL?    ckpt   -
dcm_n800_r1                  FAIL?    ckpt   -
dcm_n800_r2                  FAIL?    ckpt   -
dcm_n800_r3                  FAIL?     -     -
dcm_n1600_r1                 ?         -     -
dcm_n1600_r2                 ?         -     -
dcm_n1600_r3                 ?         -     -
dcm_n3200_r1                 ?         -     -
dcm_n3200_r2                 ?         -     -
dcm_n3200_r3                 ?         -     -
dcm_n6400_r1                 ?         -     -
dcm_n6400_r2                 ?         -     -
dcm_n6400_r3                 ?         -     -
dcm_n12000_r1                ?         -     -
dcm_n12000_r2                ?         -     -
dcm_n12000_r3                ?         -     -

Totals: 30 jobs | curves: 1 | test eval: 1

Active Slurm (lc-*):
     JOBID PARTITION                 NAME    STATE       TIME NODELIST(REASON)
    203262       gpu       lc-aco-n800-r2  RUNNING    1:05:07 gpu08
[H[J=== Learning-curve sweep status 2026-06-29T20:22:18+02:00 ===

JOB                          SLURM    ARTIFACTS TEST E MAE
--------------------------------------------------------------------------------
aco_n800_r1                  FAIL?    ckpt curves eval  0.303
aco_n800_r2                  RUN?     ckpt   -
aco_n800_r3                  FAIL?    ckpt   -
aco_n1600_r1                 FAIL?    ckpt   -
aco_n1600_r2                 ?         -     -
aco_n1600_r3                 ?         -     -
aco_n3200_r1                 ?         -     -
aco_n3200_r2                 ?         -     -
aco_n3200_r3                 ?         -     -
aco_n6400_r1                 FAIL?    ckpt   -
aco_n6400_r2                 FAIL?    ckpt   -
aco_n6400_r3                 FAIL?    ckpt   -
aco_n12000_r1                FAIL?    ckpt   -
aco_n12000_r2                FAIL?    ckpt   -
aco_n12000_r3                FAIL?    ckpt   -
dcm_n800_r1                  FAIL?    ckpt   -
dcm_n800_r2                  FAIL?    ckpt   -
dcm_n800_r3                  FAIL?     -     -
dcm_n1600_r1                 ?         -     -
dcm_n1600_r2                 ?         -     -
dcm_n1600_r3                 ?         -     -
dcm_n3200_r1                 ?         -     -
dcm_n3200_r2                 ?         -     -
dcm_n3200_r3                 ?         -     -
dcm_n6400_r1                 ?         -     -
dcm_n6400_r2                 ?         -     -
dcm_n6400_r3                 ?         -     -
dcm_n12000_r1                ?         -     -
dcm_n12000_r2                ?         -     -
dcm_n12000_r3                ?         -     -

Totals: 30 jobs | curves: 1 | test eval: 1

Active Slurm (lc-*):
     JOBID PARTITION                 NAME    STATE       TIME NODELIST(REASON)
    203262       gpu       lc-aco-n800-r2  RUNNING    1:06:08 gpu08
[H[J=== Learning-curve sweep status 2026-06-29T20:23:19+02:00 ===

JOB                          SLURM    ARTIFACTS TEST E MAE
--------------------------------------------------------------------------------
aco_n800_r1                  FAIL?    ckpt curves eval  0.303
aco_n800_r2                  FAIL?    ckpt curves  -
aco_n800_r3                  FAIL?    ckpt   -
aco_n1600_r1                 FAIL?    ckpt   -
aco_n1600_r2                 ?         -     -
aco_n1600_r3                 ?         -     -
aco_n3200_r1                 ?         -     -
aco_n3200_r2                 ?         -     -
aco_n3200_r3                 ?         -     -
aco_n6400_r1                 FAIL?    ckpt   -
aco_n6400_r2                 FAIL?    ckpt   -
aco_n6400_r3                 FAIL?    ckpt   -
aco_n12000_r1                FAIL?    ckpt   -
aco_n12000_r2                FAIL?    ckpt   -
aco_n12000_r3                FAIL?    ckpt   -
dcm_n800_r1                  FAIL?    ckpt   -
dcm_n800_r2                  FAIL?    ckpt   -
dcm_n800_r3                  FAIL?     -     -
dcm_n1600_r1                 ?         -     -
dcm_n1600_r2                 ?         -     -
dcm_n1600_r3                 ?         -     -
dcm_n3200_r1                 ?         -     -
dcm_n3200_r2                 ?         -     -
dcm_n3200_r3                 ?         -     -
dcm_n6400_r1                 ?         -     -
dcm_n6400_r2                 ?         -     -
dcm_n6400_r3                 ?         -     -
dcm_n12000_r1                ?         -     -
dcm_n12000_r2                ?         -     -
dcm_n12000_r3                ?         -     -

Totals: 30 jobs | curves: 2 | test eval: 1

Active Slurm (lc-*):
     JOBID PARTITION                 NAME    STATE       TIME NODELIST(REASON)
    203262       gpu       lc-aco-n800-r2  RUNNING    1:07:08 gpu08
[H[J=== Learning-curve sweep status 2026-06-29T20:24:19+02:00 ===

JOB                          SLURM    ARTIFACTS TEST E MAE
--------------------------------------------------------------------------------
aco_n800_r1                  FAIL?    ckpt curves eval  0.303
aco_n800_r2                  FAIL?    ckpt curves  -
aco_n800_r3                  RUN?     ckpt   -
aco_n1600_r1                 FAIL?    ckpt   -
aco_n1600_r2                 ?         -     -
aco_n1600_r3                 ?         -     -
aco_n3200_r1                 ?         -     -
aco_n3200_r2                 ?         -     -
aco_n3200_r3                 ?         -     -
aco_n6400_r1                 FAIL?    ckpt   -
aco_n6400_r2                 FAIL?    ckpt   -
aco_n6400_r3                 FAIL?    ckpt   -
aco_n12000_r1                FAIL?    ckpt   -
aco_n12000_r2                FAIL?    ckpt   -
aco_n12000_r3                FAIL?    ckpt   -
dcm_n800_r1                  FAIL?    ckpt   -
dcm_n800_r2                  FAIL?    ckpt   -
dcm_n800_r3                  FAIL?     -     -
dcm_n1600_r1                 ?         -     -
dcm_n1600_r2                 ?         -     -
dcm_n1600_r3                 ?         -     -
dcm_n3200_r1                 ?         -     -
dcm_n3200_r2                 ?         -     -
dcm_n3200_r3                 ?         -     -
dcm_n6400_r1                 ?         -     -
dcm_n6400_r2                 ?         -     -
dcm_n6400_r3                 ?         -     -
dcm_n12000_r1                ?         -     -
dcm_n12000_r2                ?         -     -
dcm_n12000_r3                ?         -     -
aco_n800_r3                  RUN?     ckpt   -

Totals: 31 jobs | curves: 2 | test eval: 1

Active Slurm (lc-*):
     JOBID PARTITION                 NAME    STATE       TIME NODELIST(REASON)
    203272       gpu       lc-aco-n800-r3  RUNNING       0:08 gpu25
[H[J=== Learning-curve sweep status 2026-06-29T20:25:19+02:00 ===

JOB                          SLURM    ARTIFACTS TEST E MAE
--------------------------------------------------------------------------------
aco_n800_r1                  FAIL?    ckpt curves eval  0.303
aco_n800_r2                  FAIL?    ckpt curves  -
aco_n800_r3                  RUN?     ckpt   -
aco_n1600_r1                 FAIL?    ckpt   -
aco_n1600_r2                 ?         -     -
aco_n1600_r3                 ?         -     -
aco_n3200_r1                 ?         -     -
aco_n3200_r2                 ?         -     -
aco_n3200_r3                 ?         -     -
aco_n6400_r1                 FAIL?    ckpt   -
aco_n6400_r2                 FAIL?    ckpt   -
aco_n6400_r3                 FAIL?    ckpt   -
aco_n12000_r1                FAIL?    ckpt   -
aco_n12000_r2                FAIL?    ckpt   -
aco_n12000_r3                FAIL?    ckpt   -
dcm_n800_r1                  FAIL?    ckpt   -
dcm_n800_r2                  FAIL?    ckpt   -
dcm_n800_r3                  FAIL?     -     -
dcm_n1600_r1                 ?         -     -
dcm_n1600_r2                 ?         -     -
dcm_n1600_r3                 ?         -     -
dcm_n3200_r1                 ?         -     -
dcm_n3200_r2                 ?         -     -
dcm_n3200_r3                 ?         -     -
dcm_n6400_r1                 ?         -     -
dcm_n6400_r2                 ?         -     -
dcm_n6400_r3                 ?         -     -
dcm_n12000_r1                ?         -     -
dcm_n12000_r2                ?         -     -
dcm_n12000_r3                ?         -     -
aco_n800_r3                  RUN?     ckpt   -

Totals: 31 jobs | curves: 2 | test eval: 1

Active Slurm (lc-*):
     JOBID PARTITION                 NAME    STATE       TIME NODELIST(REASON)
    203272       gpu       lc-aco-n800-r3  RUNNING       1:09 gpu25
[H[J=== Learning-curve sweep status 2026-06-29T20:26:20+02:00 ===

JOB                          SLURM    ARTIFACTS TEST E MAE
--------------------------------------------------------------------------------
aco_n800_r1                  FAIL?    ckpt curves eval  0.303
aco_n800_r2                  FAIL?    ckpt curves  -
aco_n800_r3                  RUN?     ckpt   -
aco_n1600_r1                 FAIL?    ckpt   -
aco_n1600_r2                 ?         -     -
aco_n1600_r3                 ?         -     -
aco_n3200_r1                 ?         -     -
aco_n3200_r2                 ?         -     -
aco_n3200_r3                 ?         -     -
aco_n6400_r1                 FAIL?    ckpt   -
aco_n6400_r2                 FAIL?    ckpt   -
aco_n6400_r3                 FAIL?    ckpt   -
aco_n12000_r1                FAIL?    ckpt   -
aco_n12000_r2                FAIL?    ckpt   -
aco_n12000_r3                FAIL?    ckpt   -
dcm_n800_r1                  FAIL?    ckpt   -
dcm_n800_r2                  FAIL?    ckpt   -
dcm_n800_r3                  FAIL?     -     -
dcm_n1600_r1                 ?         -     -
dcm_n1600_r2                 ?         -     -
dcm_n1600_r3                 ?         -     -
dcm_n3200_r1                 ?         -     -
dcm_n3200_r2                 ?         -     -
dcm_n3200_r3                 ?         -     -
dcm_n6400_r1                 ?         -     -
dcm_n6400_r2                 ?         -     -
dcm_n6400_r3                 ?         -     -
dcm_n12000_r1                ?         -     -
dcm_n12000_r2                ?         -     -
dcm_n12000_r3                ?         -     -
aco_n800_r3                  RUN?     ckpt   -

Totals: 31 jobs | curves: 2 | test eval: 1

Active Slurm (lc-*):
     JOBID PARTITION                 NAME    STATE       TIME NODELIST(REASON)
    203272       gpu       lc-aco-n800-r3  RUNNING       2:09 gpu25
[H[J=== Learning-curve sweep status 2026-06-29T20:27:20+02:00 ===

JOB                          SLURM    ARTIFACTS TEST E MAE
--------------------------------------------------------------------------------
aco_n800_r1                  FAIL?    ckpt curves eval  0.303
aco_n800_r2                  FAIL?    ckpt curves  -
aco_n800_r3                  RUN?     ckpt   -
aco_n1600_r1                 FAIL?    ckpt   -
aco_n1600_r2                 ?         -     -
aco_n1600_r3                 ?         -     -
aco_n3200_r1                 ?         -     -
aco_n3200_r2                 ?         -     -
aco_n3200_r3                 ?         -     -
aco_n6400_r1                 FAIL?    ckpt   -
aco_n6400_r2                 FAIL?    ckpt   -
aco_n6400_r3                 FAIL?    ckpt   -
aco_n12000_r1                FAIL?    ckpt   -
aco_n12000_r2                FAIL?    ckpt   -
aco_n12000_r3                FAIL?    ckpt   -
dcm_n800_r1                  FAIL?    ckpt   -
dcm_n800_r2                  FAIL?    ckpt   -
dcm_n800_r3                  FAIL?     -     -
dcm_n1600_r1                 ?         -     -
dcm_n1600_r2                 ?         -     -
dcm_n1600_r3                 ?         -     -
dcm_n3200_r1                 ?         -     -
dcm_n3200_r2                 ?         -     -
dcm_n3200_r3                 ?         -     -
dcm_n6400_r1                 ?         -     -
dcm_n6400_r2                 ?         -     -
dcm_n6400_r3                 ?         -     -
dcm_n12000_r1                ?         -     -
dcm_n12000_r2                ?         -     -
dcm_n12000_r3                ?         -     -
aco_n800_r3                  RUN?     ckpt   -

Totals: 31 jobs | curves: 2 | test eval: 1

Active Slurm (lc-*):
     JOBID PARTITION                 NAME    STATE       TIME NODELIST(REASON)
    203272       gpu       lc-aco-n800-r3  RUNNING       3:09 gpu25
[H[J=== Learning-curve sweep status 2026-06-29T20:28:20+02:00 ===

JOB                          SLURM    ARTIFACTS TEST E MAE
--------------------------------------------------------------------------------
aco_n800_r1                  FAIL?    ckpt curves eval  0.303
aco_n800_r2                  FAIL?    ckpt curves  -
aco_n800_r3                  RUN?     ckpt   -
aco_n1600_r1                 FAIL?    ckpt   -
aco_n1600_r2                 ?         -     -
aco_n1600_r3                 ?         -     -
aco_n3200_r1                 ?         -     -
aco_n3200_r2                 ?         -     -
aco_n3200_r3                 ?         -     -
aco_n6400_r1                 FAIL?    ckpt   -
aco_n6400_r2                 FAIL?    ckpt   -
aco_n6400_r3                 FAIL?    ckpt   -
aco_n12000_r1                FAIL?    ckpt   -
aco_n12000_r2                FAIL?    ckpt   -
aco_n12000_r3                FAIL?    ckpt   -
dcm_n800_r1                  FAIL?    ckpt   -
dcm_n800_r2                  FAIL?    ckpt   -
dcm_n800_r3                  FAIL?     -     -
dcm_n1600_r1                 ?         -     -
dcm_n1600_r2                 ?         -     -
dcm_n1600_r3                 ?         -     -
dcm_n3200_r1                 ?         -     -
dcm_n3200_r2                 ?         -     -
dcm_n3200_r3                 ?         -     -
dcm_n6400_r1                 ?         -     -
dcm_n6400_r2                 ?         -     -
dcm_n6400_r3                 ?         -     -
dcm_n12000_r1                ?         -     -
dcm_n12000_r2                ?         -     -
dcm_n12000_r3                ?         -     -
aco_n800_r3                  RUN?     ckpt   -

Totals: 31 jobs | curves: 2 | test eval: 1

Active Slurm (lc-*):
     JOBID PARTITION                 NAME    STATE       TIME NODELIST(REASON)
    203272       gpu       lc-aco-n800-r3  RUNNING       4:09 gpu25
[H[J=== Learning-curve sweep status 2026-06-29T20:29:20+02:00 ===

JOB                          SLURM    ARTIFACTS TEST E MAE
--------------------------------------------------------------------------------
aco_n800_r1                  FAIL?    ckpt curves eval  0.303
aco_n800_r2                  FAIL?    ckpt curves  -
aco_n800_r3                  RUN?     ckpt   -
aco_n1600_r1                 FAIL?    ckpt   -
aco_n1600_r2                 ?         -     -
aco_n1600_r3                 ?         -     -
aco_n3200_r1                 ?         -     -
aco_n3200_r2                 ?         -     -
aco_n3200_r3                 ?         -     -
aco_n6400_r1                 FAIL?    ckpt   -
aco_n6400_r2                 FAIL?    ckpt   -
aco_n6400_r3                 FAIL?    ckpt   -
aco_n12000_r1                FAIL?    ckpt   -
aco_n12000_r2                FAIL?    ckpt   -
aco_n12000_r3                FAIL?    ckpt   -
dcm_n800_r1                  FAIL?    ckpt   -
dcm_n800_r2                  FAIL?    ckpt   -
dcm_n800_r3                  FAIL?     -     -
dcm_n1600_r1                 ?         -     -
dcm_n1600_r2                 ?         -     -
dcm_n1600_r3                 ?         -     -
dcm_n3200_r1                 ?         -     -
dcm_n3200_r2                 ?         -     -
dcm_n3200_r3                 ?         -     -
dcm_n6400_r1                 ?         -     -
dcm_n6400_r2                 ?         -     -
dcm_n6400_r3                 ?         -     -
dcm_n12000_r1                ?         -     -
dcm_n12000_r2                ?         -     -
dcm_n12000_r3                ?         -     -
aco_n800_r3                  RUN?     ckpt   -

Totals: 31 jobs | curves: 2 | test eval: 1

Active Slurm (lc-*):
     JOBID PARTITION                 NAME    STATE       TIME NODELIST(REASON)
    203272       gpu       lc-aco-n800-r3  RUNNING       5:09 gpu25
[H[J=== Learning-curve sweep status 2026-06-29T20:30:20+02:00 ===

JOB                          SLURM    ARTIFACTS TEST E MAE
--------------------------------------------------------------------------------
aco_n800_r1                  FAIL?    ckpt curves eval  0.303
aco_n800_r2                  FAIL?    ckpt curves  -
aco_n800_r3                  RUN?     ckpt   -
aco_n1600_r1                 FAIL?    ckpt   -
aco_n1600_r2                 ?         -     -
aco_n1600_r3                 ?         -     -
aco_n3200_r1                 ?         -     -
aco_n3200_r2                 ?         -     -
aco_n3200_r3                 ?         -     -
aco_n6400_r1                 FAIL?    ckpt   -
aco_n6400_r2                 FAIL?    ckpt   -
aco_n6400_r3                 FAIL?    ckpt   -
aco_n12000_r1                FAIL?    ckpt   -
aco_n12000_r2                FAIL?    ckpt   -
aco_n12000_r3                FAIL?    ckpt   -
dcm_n800_r1                  FAIL?    ckpt   -
dcm_n800_r2                  FAIL?    ckpt   -
dcm_n800_r3                  FAIL?     -     -
dcm_n1600_r1                 ?         -     -
dcm_n1600_r2                 ?         -     -
dcm_n1600_r3                 ?         -     -
dcm_n3200_r1                 ?         -     -
dcm_n3200_r2                 ?         -     -
dcm_n3200_r3                 ?         -     -
dcm_n6400_r1                 ?         -     -
dcm_n6400_r2                 ?         -     -
dcm_n6400_r3                 ?         -     -
dcm_n12000_r1                ?         -     -
dcm_n12000_r2                ?         -     -
dcm_n12000_r3                ?         -     -
aco_n800_r3                  RUN?     ckpt   -

Totals: 31 jobs | curves: 2 | test eval: 1

Active Slurm (lc-*):
     JOBID PARTITION                 NAME    STATE       TIME NODELIST(REASON)
    203272       gpu       lc-aco-n800-r3  RUNNING       6:09 gpu25
[H[J=== Learning-curve sweep status 2026-06-29T20:31:20+02:00 ===

JOB                          SLURM    ARTIFACTS TEST E MAE
--------------------------------------------------------------------------------
aco_n800_r1                  FAIL?    ckpt curves eval  0.303
aco_n800_r2                  FAIL?    ckpt curves  -
aco_n800_r3                  RUN?     ckpt   -
aco_n1600_r1                 FAIL?    ckpt   -
aco_n1600_r2                 ?         -     -
aco_n1600_r3                 ?         -     -
aco_n3200_r1                 ?         -     -
aco_n3200_r2                 ?         -     -
aco_n3200_r3                 ?         -     -
aco_n6400_r1                 FAIL?    ckpt   -
aco_n6400_r2                 FAIL?    ckpt   -
aco_n6400_r3                 FAIL?    ckpt   -
aco_n12000_r1                FAIL?    ckpt   -
aco_n12000_r2                FAIL?    ckpt   -
aco_n12000_r3                FAIL?    ckpt   -
dcm_n800_r1                  FAIL?    ckpt   -
dcm_n800_r2                  FAIL?    ckpt   -
dcm_n800_r3                  FAIL?     -     -
dcm_n1600_r1                 ?         -     -
dcm_n1600_r2                 ?         -     -
dcm_n1600_r3                 ?         -     -
dcm_n3200_r1                 ?         -     -
dcm_n3200_r2                 ?         -     -
dcm_n3200_r3                 ?         -     -
dcm_n6400_r1                 ?         -     -
dcm_n6400_r2                 ?         -     -
dcm_n6400_r3                 ?         -     -
dcm_n12000_r1                ?         -     -
dcm_n12000_r2                ?         -     -
dcm_n12000_r3                ?         -     -
aco_n800_r3                  RUN?     ckpt   -

Totals: 31 jobs | curves: 2 | test eval: 1

Active Slurm (lc-*):
     JOBID PARTITION                 NAME    STATE       TIME NODELIST(REASON)
    203272       gpu       lc-aco-n800-r3  RUNNING       7:10 gpu25
[H[J=== Learning-curve sweep status 2026-06-29T20:32:21+02:00 ===

JOB                          SLURM    ARTIFACTS TEST E MAE
--------------------------------------------------------------------------------
aco_n800_r1                  FAIL?    ckpt curves eval  0.303
aco_n800_r2                  FAIL?    ckpt curves  -
aco_n800_r3                  RUN?     ckpt   -
aco_n1600_r1                 FAIL?    ckpt   -
aco_n1600_r2                 ?         -     -
aco_n1600_r3                 ?         -     -
aco_n3200_r1                 ?         -     -
aco_n3200_r2                 ?         -     -
aco_n3200_r3                 ?         -     -
aco_n6400_r1                 FAIL?    ckpt   -
aco_n6400_r2                 FAIL?    ckpt   -
aco_n6400_r3                 FAIL?    ckpt   -
aco_n12000_r1                FAIL?    ckpt   -
aco_n12000_r2                FAIL?    ckpt   -
aco_n12000_r3                FAIL?    ckpt   -
dcm_n800_r1                  FAIL?    ckpt   -
dcm_n800_r2                  FAIL?    ckpt   -
dcm_n800_r3                  FAIL?     -     -
dcm_n1600_r1                 ?         -     -
dcm_n1600_r2                 ?         -     -
dcm_n1600_r3                 ?         -     -
dcm_n3200_r1                 ?         -     -
dcm_n3200_r2                 ?         -     -
dcm_n3200_r3                 ?         -     -
dcm_n6400_r1                 ?         -     -
dcm_n6400_r2                 ?         -     -
dcm_n6400_r3                 ?         -     -
dcm_n12000_r1                ?         -     -
dcm_n12000_r2                ?         -     -
dcm_n12000_r3                ?         -     -
aco_n800_r3                  RUN?     ckpt   -

Totals: 31 jobs | curves: 2 | test eval: 1

Active Slurm (lc-*):
     JOBID PARTITION                 NAME    STATE       TIME NODELIST(REASON)
    203272       gpu       lc-aco-n800-r3  RUNNING       8:10 gpu25
[H[J=== Learning-curve sweep status 2026-06-29T20:33:21+02:00 ===

JOB                          SLURM    ARTIFACTS TEST E MAE
--------------------------------------------------------------------------------
aco_n800_r1                  FAIL?    ckpt curves eval  0.303
aco_n800_r2                  FAIL?    ckpt curves  -
aco_n800_r3                  RUN?     ckpt   -
aco_n1600_r1                 FAIL?    ckpt   -
aco_n1600_r2                 ?         -     -
aco_n1600_r3                 ?         -     -
aco_n3200_r1                 ?         -     -
aco_n3200_r2                 ?         -     -
aco_n3200_r3                 ?         -     -
aco_n6400_r1                 FAIL?    ckpt   -
aco_n6400_r2                 FAIL?    ckpt   -
aco_n6400_r3                 FAIL?    ckpt   -
aco_n12000_r1                FAIL?    ckpt   -
aco_n12000_r2                FAIL?    ckpt   -
aco_n12000_r3                FAIL?    ckpt   -
dcm_n800_r1                  FAIL?    ckpt   -
dcm_n800_r2                  FAIL?    ckpt   -
dcm_n800_r3                  FAIL?     -     -
dcm_n1600_r1                 ?         -     -
dcm_n1600_r2                 ?         -     -
dcm_n1600_r3                 ?         -     -
dcm_n3200_r1                 ?         -     -
dcm_n3200_r2                 ?         -     -
dcm_n3200_r3                 ?         -     -
dcm_n6400_r1                 ?         -     -
dcm_n6400_r2                 ?         -     -
dcm_n6400_r3                 ?         -     -
dcm_n12000_r1                ?         -     -
dcm_n12000_r2                ?         -     -
dcm_n12000_r3                ?         -     -
aco_n800_r3                  RUN?     ckpt   -

Totals: 31 jobs | curves: 2 | test eval: 1

Active Slurm (lc-*):
     JOBID PARTITION                 NAME    STATE       TIME NODELIST(REASON)
    203272       gpu       lc-aco-n800-r3  RUNNING       9:11 gpu25
[H[J=== Learning-curve sweep status 2026-06-29T20:34:22+02:00 ===

JOB                          SLURM    ARTIFACTS TEST E MAE
--------------------------------------------------------------------------------
aco_n800_r1                  FAIL?    ckpt curves eval  0.303
aco_n800_r2                  FAIL?    ckpt curves  -
aco_n800_r3                  RUN?     ckpt   -
aco_n1600_r1                 FAIL?    ckpt   -
aco_n1600_r2                 ?         -     -
aco_n1600_r3                 ?         -     -
aco_n3200_r1                 ?         -     -
aco_n3200_r2                 ?         -     -
aco_n3200_r3                 ?         -     -
aco_n6400_r1                 FAIL?    ckpt   -
aco_n6400_r2                 FAIL?    ckpt   -
aco_n6400_r3                 FAIL?    ckpt   -
aco_n12000_r1                FAIL?    ckpt   -
aco_n12000_r2                FAIL?    ckpt   -
aco_n12000_r3                FAIL?    ckpt   -
dcm_n800_r1                  FAIL?    ckpt   -
dcm_n800_r2                  FAIL?    ckpt   -
dcm_n800_r3                  FAIL?     -     -
dcm_n1600_r1                 ?         -     -
dcm_n1600_r2                 ?         -     -
dcm_n1600_r3                 ?         -     -
dcm_n3200_r1                 ?         -     -
dcm_n3200_r2                 ?         -     -
dcm_n3200_r3                 ?         -     -
dcm_n6400_r1                 ?         -     -
dcm_n6400_r2                 ?         -     -
dcm_n6400_r3                 ?         -     -
dcm_n12000_r1                ?         -     -
dcm_n12000_r2                ?         -     -
dcm_n12000_r3                ?         -     -
aco_n800_r3                  RUN?     ckpt   -

Totals: 31 jobs | curves: 2 | test eval: 1

Active Slurm (lc-*):
     JOBID PARTITION                 NAME    STATE       TIME NODELIST(REASON)
    203272       gpu       lc-aco-n800-r3  RUNNING      10:11 gpu25
[H[J=== Learning-curve sweep status 2026-06-29T20:35:22+02:00 ===

JOB                          SLURM    ARTIFACTS TEST E MAE
--------------------------------------------------------------------------------
aco_n800_r1                  FAIL?    ckpt curves eval  0.303
aco_n800_r2                  FAIL?    ckpt curves  -
aco_n800_r3                  RUN?     ckpt   -
aco_n1600_r1                 FAIL?    ckpt   -
aco_n1600_r2                 ?         -     -
aco_n1600_r3                 ?         -     -
aco_n3200_r1                 ?         -     -
aco_n3200_r2                 ?         -     -
aco_n3200_r3                 ?         -     -
aco_n6400_r1                 FAIL?    ckpt   -
aco_n6400_r2                 FAIL?    ckpt   -
aco_n6400_r3                 FAIL?    ckpt   -
aco_n12000_r1                FAIL?    ckpt   -
aco_n12000_r2                FAIL?    ckpt   -
aco_n12000_r3                FAIL?    ckpt   -
dcm_n800_r1                  FAIL?    ckpt   -
dcm_n800_r2                  FAIL?    ckpt   -
dcm_n800_r3                  FAIL?     -     -
dcm_n1600_r1                 ?         -     -
dcm_n1600_r2                 ?         -     -
dcm_n1600_r3                 ?         -     -
dcm_n3200_r1                 ?         -     -
dcm_n3200_r2                 ?         -     -
dcm_n3200_r3                 ?         -     -
dcm_n6400_r1                 ?         -     -
dcm_n6400_r2                 ?         -     -
dcm_n6400_r3                 ?         -     -
dcm_n12000_r1                ?         -     -
dcm_n12000_r2                ?         -     -
dcm_n12000_r3                ?         -     -
aco_n800_r3                  RUN?     ckpt   -

Totals: 31 jobs | curves: 2 | test eval: 1

Active Slurm (lc-*):
     JOBID PARTITION                 NAME    STATE       TIME NODELIST(REASON)
    203272       gpu       lc-aco-n800-r3  RUNNING      11:12 gpu25
[H[J=== Learning-curve sweep status 2026-06-29T20:36:23+02:00 ===

JOB                          SLURM    ARTIFACTS TEST E MAE
--------------------------------------------------------------------------------
aco_n800_r1                  FAIL?    ckpt curves eval  0.303
aco_n800_r2                  FAIL?    ckpt curves  -
aco_n800_r3                  RUN?     ckpt   -
aco_n1600_r1                 FAIL?    ckpt   -
aco_n1600_r2                 ?         -     -
aco_n1600_r3                 ?         -     -
aco_n3200_r1                 ?         -     -
aco_n3200_r2                 ?         -     -
aco_n3200_r3                 ?         -     -
aco_n6400_r1                 FAIL?    ckpt   -
aco_n6400_r2                 FAIL?    ckpt   -
aco_n6400_r3                 FAIL?    ckpt   -
aco_n12000_r1                FAIL?    ckpt   -
aco_n12000_r2                FAIL?    ckpt   -
aco_n12000_r3                FAIL?    ckpt   -
dcm_n800_r1                  FAIL?    ckpt   -
dcm_n800_r2                  FAIL?    ckpt   -
dcm_n800_r3                  FAIL?     -     -
dcm_n1600_r1                 ?         -     -
dcm_n1600_r2                 ?         -     -
dcm_n1600_r3                 ?         -     -
dcm_n3200_r1                 ?         -     -
dcm_n3200_r2                 ?         -     -
dcm_n3200_r3                 ?         -     -
dcm_n6400_r1                 ?         -     -
dcm_n6400_r2                 ?         -     -
dcm_n6400_r3                 ?         -     -
dcm_n12000_r1                ?         -     -
dcm_n12000_r2                ?         -     -
dcm_n12000_r3                ?         -     -
aco_n800_r3                  RUN?     ckpt   -

Totals: 31 jobs | curves: 2 | test eval: 1

Active Slurm (lc-*):
     JOBID PARTITION                 NAME    STATE       TIME NODELIST(REASON)
    203272       gpu       lc-aco-n800-r3  RUNNING      12:12 gpu25
[H[J=== Learning-curve sweep status 2026-06-29T20:37:23+02:00 ===

JOB                          SLURM    ARTIFACTS TEST E MAE
--------------------------------------------------------------------------------
aco_n800_r1                  FAIL?    ckpt curves eval  0.303
aco_n800_r2                  FAIL?    ckpt curves  -
aco_n800_r3                  RUN?     ckpt   -
aco_n1600_r1                 FAIL?    ckpt   -
aco_n1600_r2                 ?         -     -
aco_n1600_r3                 ?         -     -
aco_n3200_r1                 ?         -     -
aco_n3200_r2                 ?         -     -
aco_n3200_r3                 ?         -     -
aco_n6400_r1                 FAIL?    ckpt   -
aco_n6400_r2                 FAIL?    ckpt   -
aco_n6400_r3                 FAIL?    ckpt   -
aco_n12000_r1                FAIL?    ckpt   -
aco_n12000_r2                FAIL?    ckpt   -
aco_n12000_r3                FAIL?    ckpt   -
dcm_n800_r1                  FAIL?    ckpt   -
dcm_n800_r2                  FAIL?    ckpt   -
dcm_n800_r3                  FAIL?     -     -
dcm_n1600_r1                 ?         -     -
dcm_n1600_r2                 ?         -     -
dcm_n1600_r3                 ?         -     -
dcm_n3200_r1                 ?         -     -
dcm_n3200_r2                 ?         -     -
dcm_n3200_r3                 ?         -     -
dcm_n6400_r1                 ?         -     -
dcm_n6400_r2                 ?         -     -
dcm_n6400_r3                 ?         -     -
dcm_n12000_r1                ?         -     -
dcm_n12000_r2                ?         -     -
dcm_n12000_r3                ?         -     -
aco_n800_r3                  RUN?     ckpt   -

Totals: 31 jobs | curves: 2 | test eval: 1

Active Slurm (lc-*):
     JOBID PARTITION                 NAME    STATE       TIME NODELIST(REASON)
    203272       gpu       lc-aco-n800-r3  RUNNING      13:12 gpu25
[H[J=== Learning-curve sweep status 2026-06-29T20:38:23+02:00 ===

JOB                          SLURM    ARTIFACTS TEST E MAE
--------------------------------------------------------------------------------
aco_n800_r1                  FAIL?    ckpt curves eval  0.303
aco_n800_r2                  FAIL?    ckpt curves  -
aco_n800_r3                  RUN?     ckpt   -
aco_n1600_r1                 FAIL?    ckpt   -
aco_n1600_r2                 ?         -     -
aco_n1600_r3                 ?         -     -
aco_n3200_r1                 ?         -     -
aco_n3200_r2                 ?         -     -
aco_n3200_r3                 ?         -     -
aco_n6400_r1                 FAIL?    ckpt   -
aco_n6400_r2                 FAIL?    ckpt   -
aco_n6400_r3                 FAIL?    ckpt   -
aco_n12000_r1                FAIL?    ckpt   -
aco_n12000_r2                FAIL?    ckpt   -
aco_n12000_r3                FAIL?    ckpt   -
dcm_n800_r1                  FAIL?    ckpt   -
dcm_n800_r2                  FAIL?    ckpt   -
dcm_n800_r3                  FAIL?     -     -
dcm_n1600_r1                 ?         -     -
dcm_n1600_r2                 ?         -     -
dcm_n1600_r3                 ?         -     -
dcm_n3200_r1                 ?         -     -
dcm_n3200_r2                 ?         -     -
dcm_n3200_r3                 ?         -     -
dcm_n6400_r1                 ?         -     -
dcm_n6400_r2                 ?         -     -
dcm_n6400_r3                 ?         -     -
dcm_n12000_r1                ?         -     -
dcm_n12000_r2                ?         -     -
dcm_n12000_r3                ?         -     -
aco_n800_r3                  RUN?     ckpt   -

Totals: 31 jobs | curves: 2 | test eval: 1

Active Slurm (lc-*):
     JOBID PARTITION                 NAME    STATE       TIME NODELIST(REASON)
    203272       gpu       lc-aco-n800-r3  RUNNING      14:12 gpu25
[H[J=== Learning-curve sweep status 2026-06-29T20:39:23+02:00 ===

JOB                          SLURM    ARTIFACTS TEST E MAE
--------------------------------------------------------------------------------
aco_n800_r1                  FAIL?    ckpt curves eval  0.303
aco_n800_r2                  FAIL?    ckpt curves  -
aco_n800_r3                  RUN?     ckpt   -
aco_n1600_r1                 FAIL?    ckpt   -
aco_n1600_r2                 ?         -     -
aco_n1600_r3                 ?         -     -
aco_n3200_r1                 ?         -     -
aco_n3200_r2                 ?         -     -
aco_n3200_r3                 ?         -     -
aco_n6400_r1                 FAIL?    ckpt   -
aco_n6400_r2                 FAIL?    ckpt   -
aco_n6400_r3                 FAIL?    ckpt   -
aco_n12000_r1                FAIL?    ckpt   -
aco_n12000_r2                FAIL?    ckpt   -
aco_n12000_r3                FAIL?    ckpt   -
dcm_n800_r1                  FAIL?    ckpt   -
dcm_n800_r2                  FAIL?    ckpt   -
dcm_n800_r3                  FAIL?     -     -
dcm_n1600_r1                 ?         -     -
dcm_n1600_r2                 ?         -     -
dcm_n1600_r3                 ?         -     -
dcm_n3200_r1                 ?         -     -
dcm_n3200_r2                 ?         -     -
dcm_n3200_r3                 ?         -     -
dcm_n6400_r1                 ?         -     -
dcm_n6400_r2                 ?         -     -
dcm_n6400_r3                 ?         -     -
dcm_n12000_r1                ?         -     -
dcm_n12000_r2                ?         -     -
dcm_n12000_r3                ?         -     -
aco_n800_r3                  RUN?     ckpt   -

Totals: 31 jobs | curves: 2 | test eval: 1

Active Slurm (lc-*):
     JOBID PARTITION                 NAME    STATE       TIME NODELIST(REASON)
    203272       gpu       lc-aco-n800-r3  RUNNING      15:12 gpu25
[H[J=== Learning-curve sweep status 2026-06-29T20:40:23+02:00 ===

JOB                          SLURM    ARTIFACTS TEST E MAE
--------------------------------------------------------------------------------
aco_n800_r1                  FAIL?    ckpt curves eval  0.303
aco_n800_r2                  FAIL?    ckpt curves  -
aco_n800_r3                  RUN?     ckpt   -
aco_n1600_r1                 FAIL?    ckpt   -
aco_n1600_r2                 ?         -     -
aco_n1600_r3                 ?         -     -
aco_n3200_r1                 ?         -     -
aco_n3200_r2                 ?         -     -
aco_n3200_r3                 ?         -     -
aco_n6400_r1                 FAIL?    ckpt   -
aco_n6400_r2                 FAIL?    ckpt   -
aco_n6400_r3                 FAIL?    ckpt   -
aco_n12000_r1                FAIL?    ckpt   -
aco_n12000_r2                FAIL?    ckpt   -
aco_n12000_r3                FAIL?    ckpt   -
dcm_n800_r1                  FAIL?    ckpt   -
dcm_n800_r2                  FAIL?    ckpt   -
dcm_n800_r3                  FAIL?     -     -
dcm_n1600_r1                 ?         -     -
dcm_n1600_r2                 ?         -     -
dcm_n1600_r3                 ?         -     -
dcm_n3200_r1                 ?         -     -
dcm_n3200_r2                 ?         -     -
dcm_n3200_r3                 ?         -     -
dcm_n6400_r1                 ?         -     -
dcm_n6400_r2                 ?         -     -
dcm_n6400_r3                 ?         -     -
dcm_n12000_r1                ?         -     -
dcm_n12000_r2                ?         -     -
dcm_n12000_r3                ?         -     -
aco_n800_r3                  RUN?     ckpt   -

Totals: 31 jobs | curves: 2 | test eval: 1

Active Slurm (lc-*):
     JOBID PARTITION                 NAME    STATE       TIME NODELIST(REASON)
    203272       gpu       lc-aco-n800-r3  RUNNING      16:13 gpu25
[H[J=== Learning-curve sweep status 2026-06-29T20:41:24+02:00 ===

JOB                          SLURM    ARTIFACTS TEST E MAE
--------------------------------------------------------------------------------
aco_n800_r1                  FAIL?    ckpt curves eval  0.303
aco_n800_r2                  FAIL?    ckpt curves  -
aco_n800_r3                  RUN?     ckpt   -
aco_n1600_r1                 FAIL?    ckpt   -
aco_n1600_r2                 ?         -     -
aco_n1600_r3                 ?         -     -
aco_n3200_r1                 ?         -     -
aco_n3200_r2                 ?         -     -
aco_n3200_r3                 ?         -     -
aco_n6400_r1                 FAIL?    ckpt   -
aco_n6400_r2                 FAIL?    ckpt   -
aco_n6400_r3                 FAIL?    ckpt   -
aco_n12000_r1                FAIL?    ckpt   -
aco_n12000_r2                FAIL?    ckpt   -
aco_n12000_r3                FAIL?    ckpt   -
dcm_n800_r1                  FAIL?    ckpt   -
dcm_n800_r2                  FAIL?    ckpt   -
dcm_n800_r3                  FAIL?     -     -
dcm_n1600_r1                 ?         -     -
dcm_n1600_r2                 ?         -     -
dcm_n1600_r3                 ?         -     -
dcm_n3200_r1                 ?         -     -
dcm_n3200_r2                 ?         -     -
dcm_n3200_r3                 ?         -     -
dcm_n6400_r1                 ?         -     -
dcm_n6400_r2                 ?         -     -
dcm_n6400_r3                 ?         -     -
dcm_n12000_r1                ?         -     -
dcm_n12000_r2                ?         -     -
dcm_n12000_r3                ?         -     -
aco_n800_r3                  RUN?     ckpt   -

Totals: 31 jobs | curves: 2 | test eval: 1

Active Slurm (lc-*):
     JOBID PARTITION                 NAME    STATE       TIME NODELIST(REASON)
    203272       gpu       lc-aco-n800-r3  RUNNING      17:13 gpu25
[H[J=== Learning-curve sweep status 2026-06-29T20:42:24+02:00 ===

JOB                          SLURM    ARTIFACTS TEST E MAE
--------------------------------------------------------------------------------
aco_n800_r1                  FAIL?    ckpt curves eval  0.303
aco_n800_r2                  FAIL?    ckpt curves  -
aco_n800_r3                  RUN?     ckpt   -
aco_n1600_r1                 FAIL?    ckpt   -
aco_n1600_r2                 ?         -     -
aco_n1600_r3                 ?         -     -
aco_n3200_r1                 ?         -     -
aco_n3200_r2                 ?         -     -
aco_n3200_r3                 ?         -     -
aco_n6400_r1                 FAIL?    ckpt   -
aco_n6400_r2                 FAIL?    ckpt   -
aco_n6400_r3                 FAIL?    ckpt   -
aco_n12000_r1                FAIL?    ckpt   -
aco_n12000_r2                FAIL?    ckpt   -
aco_n12000_r3                FAIL?    ckpt   -
dcm_n800_r1                  FAIL?    ckpt   -
dcm_n800_r2                  FAIL?    ckpt   -
dcm_n800_r3                  FAIL?     -     -
dcm_n1600_r1                 ?         -     -
dcm_n1600_r2                 ?         -     -
dcm_n1600_r3                 ?         -     -
dcm_n3200_r1                 ?         -     -
dcm_n3200_r2                 ?         -     -
dcm_n3200_r3                 ?         -     -
dcm_n6400_r1                 ?         -     -
dcm_n6400_r2                 ?         -     -
dcm_n6400_r3                 ?         -     -
dcm_n12000_r1                ?         -     -
dcm_n12000_r2                ?         -     -
dcm_n12000_r3                ?         -     -
aco_n800_r3                  RUN?     ckpt   -

Totals: 31 jobs | curves: 2 | test eval: 1

Active Slurm (lc-*):
     JOBID PARTITION                 NAME    STATE       TIME NODELIST(REASON)
    203272       gpu       lc-aco-n800-r3  RUNNING      18:13 gpu25
[H[J=== Learning-curve sweep status 2026-06-29T20:43:24+02:00 ===

JOB                          SLURM    ARTIFACTS TEST E MAE
--------------------------------------------------------------------------------
aco_n800_r1                  FAIL?    ckpt curves eval  0.303
aco_n800_r2                  FAIL?    ckpt curves  -
aco_n800_r3                  RUN?     ckpt   -
aco_n1600_r1                 FAIL?    ckpt   -
aco_n1600_r2                 ?         -     -
aco_n1600_r3                 ?         -     -
aco_n3200_r1                 ?         -     -
aco_n3200_r2                 ?         -     -
aco_n3200_r3                 ?         -     -
aco_n6400_r1                 FAIL?    ckpt   -
aco_n6400_r2                 FAIL?    ckpt   -
aco_n6400_r3                 FAIL?    ckpt   -
aco_n12000_r1                FAIL?    ckpt   -
aco_n12000_r2                FAIL?    ckpt   -
aco_n12000_r3                FAIL?    ckpt   -
dcm_n800_r1                  FAIL?    ckpt   -
dcm_n800_r2                  FAIL?    ckpt   -
dcm_n800_r3                  FAIL?     -     -
dcm_n1600_r1                 ?         -     -
dcm_n1600_r2                 ?         -     -
dcm_n1600_r3                 ?         -     -
dcm_n3200_r1                 ?         -     -
dcm_n3200_r2                 ?         -     -
dcm_n3200_r3                 ?         -     -
dcm_n6400_r1                 ?         -     -
dcm_n6400_r2                 ?         -     -
dcm_n6400_r3                 ?         -     -
dcm_n12000_r1                ?         -     -
dcm_n12000_r2                ?         -     -
dcm_n12000_r3                ?         -     -
aco_n800_r3                  RUN?     ckpt   -

Totals: 31 jobs | curves: 2 | test eval: 1

Active Slurm (lc-*):
     JOBID PARTITION                 NAME    STATE       TIME NODELIST(REASON)
    203272       gpu       lc-aco-n800-r3  RUNNING      19:13 gpu25
[H[J=== Learning-curve sweep status 2026-06-29T20:44:24+02:00 ===

JOB                          SLURM    ARTIFACTS TEST E MAE
--------------------------------------------------------------------------------
aco_n800_r1                  FAIL?    ckpt curves eval  0.303
aco_n800_r2                  FAIL?    ckpt curves  -
aco_n800_r3                  RUN?     ckpt   -
aco_n1600_r1                 FAIL?    ckpt   -
aco_n1600_r2                 ?         -     -
aco_n1600_r3                 ?         -     -
aco_n3200_r1                 ?         -     -
aco_n3200_r2                 ?         -     -
aco_n3200_r3                 ?         -     -
aco_n6400_r1                 FAIL?    ckpt   -
aco_n6400_r2                 FAIL?    ckpt   -
aco_n6400_r3                 FAIL?    ckpt   -
aco_n12000_r1                FAIL?    ckpt   -
aco_n12000_r2                FAIL?    ckpt   -
aco_n12000_r3                FAIL?    ckpt   -
dcm_n800_r1                  FAIL?    ckpt   -
dcm_n800_r2                  FAIL?    ckpt   -
dcm_n800_r3                  FAIL?     -     -
dcm_n1600_r1                 ?         -     -
dcm_n1600_r2                 ?         -     -
dcm_n1600_r3                 ?         -     -
dcm_n3200_r1                 ?         -     -
dcm_n3200_r2                 ?         -     -
dcm_n3200_r3                 ?         -     -
dcm_n6400_r1                 ?         -     -
dcm_n6400_r2                 ?         -     -
dcm_n6400_r3                 ?         -     -
dcm_n12000_r1                ?         -     -
dcm_n12000_r2                ?         -     -
dcm_n12000_r3                ?         -     -
aco_n800_r3                  RUN?     ckpt   -

Totals: 31 jobs | curves: 2 | test eval: 1

Active Slurm (lc-*):
     JOBID PARTITION                 NAME    STATE       TIME NODELIST(REASON)
    203272       gpu       lc-aco-n800-r3  RUNNING      20:13 gpu25
[H[J=== Learning-curve sweep status 2026-06-29T20:45:24+02:00 ===

JOB                          SLURM    ARTIFACTS TEST E MAE
--------------------------------------------------------------------------------
aco_n800_r1                  FAIL?    ckpt curves eval  0.303
aco_n800_r2                  FAIL?    ckpt curves  -
aco_n800_r3                  RUN?     ckpt   -
aco_n1600_r1                 FAIL?    ckpt   -
aco_n1600_r2                 ?         -     -
aco_n1600_r3                 ?         -     -
aco_n3200_r1                 ?         -     -
aco_n3200_r2                 ?         -     -
aco_n3200_r3                 ?         -     -
aco_n6400_r1                 FAIL?    ckpt   -
aco_n6400_r2                 FAIL?    ckpt   -
aco_n6400_r3                 FAIL?    ckpt   -
aco_n12000_r1                FAIL?    ckpt   -
aco_n12000_r2                FAIL?    ckpt   -
aco_n12000_r3                FAIL?    ckpt   -
dcm_n800_r1                  FAIL?    ckpt   -
dcm_n800_r2                  FAIL?    ckpt   -
dcm_n800_r3                  FAIL?     -     -
dcm_n1600_r1                 ?         -     -
dcm_n1600_r2                 ?         -     -
dcm_n1600_r3                 ?         -     -
dcm_n3200_r1                 ?         -     -
dcm_n3200_r2                 ?         -     -
dcm_n3200_r3                 ?         -     -
dcm_n6400_r1                 ?         -     -
dcm_n6400_r2                 ?         -     -
dcm_n6400_r3                 ?         -     -
dcm_n12000_r1                ?         -     -
dcm_n12000_r2                ?         -     -
dcm_n12000_r3                ?         -     -
aco_n800_r3                  RUN?     ckpt   -

Totals: 31 jobs | curves: 2 | test eval: 1

Active Slurm (lc-*):
     JOBID PARTITION                 NAME    STATE       TIME NODELIST(REASON)
    203272       gpu       lc-aco-n800-r3  RUNNING      21:13 gpu25
[H[J=== Learning-curve sweep status 2026-06-29T20:46:24+02:00 ===

JOB                          SLURM    ARTIFACTS TEST E MAE
--------------------------------------------------------------------------------
aco_n800_r1                  FAIL?    ckpt curves eval  0.303
aco_n800_r2                  FAIL?    ckpt curves  -
aco_n800_r3                  RUN?     ckpt   -
aco_n1600_r1                 FAIL?    ckpt   -
aco_n1600_r2                 ?         -     -
aco_n1600_r3                 ?         -     -
aco_n3200_r1                 ?         -     -
aco_n3200_r2                 ?         -     -
aco_n3200_r3                 ?         -     -
aco_n6400_r1                 FAIL?    ckpt   -
aco_n6400_r2                 FAIL?    ckpt   -
aco_n6400_r3                 FAIL?    ckpt   -
aco_n12000_r1                FAIL?    ckpt   -
aco_n12000_r2                FAIL?    ckpt   -
aco_n12000_r3                FAIL?    ckpt   -
dcm_n800_r1                  FAIL?    ckpt   -
dcm_n800_r2                  FAIL?    ckpt   -
dcm_n800_r3                  FAIL?     -     -
dcm_n1600_r1                 ?         -     -
dcm_n1600_r2                 ?         -     -
dcm_n1600_r3                 ?         -     -
dcm_n3200_r1                 ?         -     -
dcm_n3200_r2                 ?         -     -
dcm_n3200_r3                 ?         -     -
dcm_n6400_r1                 ?         -     -
dcm_n6400_r2                 ?         -     -
dcm_n6400_r3                 ?         -     -
dcm_n12000_r1                ?         -     -
dcm_n12000_r2                ?         -     -
dcm_n12000_r3                ?         -     -
aco_n800_r3                  RUN?     ckpt   -

Totals: 31 jobs | curves: 2 | test eval: 1

Active Slurm (lc-*):
     JOBID PARTITION                 NAME    STATE       TIME NODELIST(REASON)
    203272       gpu       lc-aco-n800-r3  RUNNING      22:14 gpu25
[H[J=== Learning-curve sweep status 2026-06-29T20:47:25+02:00 ===

JOB                          SLURM    ARTIFACTS TEST E MAE
--------------------------------------------------------------------------------
aco_n800_r1                  FAIL?    ckpt curves eval  0.303
aco_n800_r2                  FAIL?    ckpt curves  -
aco_n800_r3                  RUN?     ckpt   -
aco_n1600_r1                 FAIL?    ckpt   -
aco_n1600_r2                 ?         -     -
aco_n1600_r3                 ?         -     -
aco_n3200_r1                 ?         -     -
aco_n3200_r2                 ?         -     -
aco_n3200_r3                 ?         -     -
aco_n6400_r1                 FAIL?    ckpt   -
aco_n6400_r2                 FAIL?    ckpt   -
aco_n6400_r3                 FAIL?    ckpt   -
aco_n12000_r1                FAIL?    ckpt   -
aco_n12000_r2                FAIL?    ckpt   -
aco_n12000_r3                FAIL?    ckpt   -
dcm_n800_r1                  FAIL?    ckpt   -
dcm_n800_r2                  FAIL?    ckpt   -
dcm_n800_r3                  FAIL?     -     -
dcm_n1600_r1                 ?         -     -
dcm_n1600_r2                 ?         -     -
dcm_n1600_r3                 ?         -     -
dcm_n3200_r1                 ?         -     -
dcm_n3200_r2                 ?         -     -
dcm_n3200_r3                 ?         -     -
dcm_n6400_r1                 ?         -     -
dcm_n6400_r2                 ?         -     -
dcm_n6400_r3                 ?         -     -
dcm_n12000_r1                ?         -     -
dcm_n12000_r2                ?         -     -
dcm_n12000_r3                ?         -     -
aco_n800_r3                  RUN?     ckpt   -

Totals: 31 jobs | curves: 2 | test eval: 1

Active Slurm (lc-*):
     JOBID PARTITION                 NAME    STATE       TIME NODELIST(REASON)
    203272       gpu       lc-aco-n800-r3  RUNNING      23:14 gpu25
[H[J=== Learning-curve sweep status 2026-06-29T20:48:25+02:00 ===

JOB                          SLURM    ARTIFACTS TEST E MAE
--------------------------------------------------------------------------------
aco_n800_r1                  FAIL?    ckpt curves eval  0.303
aco_n800_r2                  FAIL?    ckpt curves  -
aco_n800_r3                  RUN?     ckpt   -
aco_n1600_r1                 FAIL?    ckpt   -
aco_n1600_r2                 ?         -     -
aco_n1600_r3                 ?         -     -
aco_n3200_r1                 ?         -     -
aco_n3200_r2                 ?         -     -
aco_n3200_r3                 ?         -     -
aco_n6400_r1                 FAIL?    ckpt   -
aco_n6400_r2                 FAIL?    ckpt   -
aco_n6400_r3                 FAIL?    ckpt   -
aco_n12000_r1                FAIL?    ckpt   -
aco_n12000_r2                FAIL?    ckpt   -
aco_n12000_r3                FAIL?    ckpt   -
dcm_n800_r1                  FAIL?    ckpt   -
dcm_n800_r2                  FAIL?    ckpt   -
dcm_n800_r3                  FAIL?     -     -
dcm_n1600_r1                 ?         -     -
dcm_n1600_r2                 ?         -     -
dcm_n1600_r3                 ?         -     -
dcm_n3200_r1                 ?         -     -
dcm_n3200_r2                 ?         -     -
dcm_n3200_r3                 ?         -     -
dcm_n6400_r1                 ?         -     -
dcm_n6400_r2                 ?         -     -
dcm_n6400_r3                 ?         -     -
dcm_n12000_r1                ?         -     -
dcm_n12000_r2                ?         -     -
dcm_n12000_r3                ?         -     -
aco_n800_r3                  RUN?     ckpt   -

Totals: 31 jobs | curves: 2 | test eval: 1

Active Slurm (lc-*):
     JOBID PARTITION                 NAME    STATE       TIME NODELIST(REASON)
    203272       gpu       lc-aco-n800-r3  RUNNING      24:14 gpu25
[H[J=== Learning-curve sweep status 2026-06-29T20:49:25+02:00 ===

JOB                          SLURM    ARTIFACTS TEST E MAE
--------------------------------------------------------------------------------
aco_n800_r1                  FAIL?    ckpt curves eval  0.303
aco_n800_r2                  FAIL?    ckpt curves  -
aco_n800_r3                  RUN?     ckpt   -
aco_n1600_r1                 FAIL?    ckpt   -
aco_n1600_r2                 ?         -     -
aco_n1600_r3                 ?         -     -
aco_n3200_r1                 ?         -     -
aco_n3200_r2                 ?         -     -
aco_n3200_r3                 ?         -     -
aco_n6400_r1                 FAIL?    ckpt   -
aco_n6400_r2                 FAIL?    ckpt   -
aco_n6400_r3                 FAIL?    ckpt   -
aco_n12000_r1                FAIL?    ckpt   -
aco_n12000_r2                FAIL?    ckpt   -
aco_n12000_r3                FAIL?    ckpt   -
dcm_n800_r1                  FAIL?    ckpt   -
dcm_n800_r2                  FAIL?    ckpt   -
dcm_n800_r3                  FAIL?     -     -
dcm_n1600_r1                 ?         -     -
dcm_n1600_r2                 ?         -     -
dcm_n1600_r3                 ?         -     -
dcm_n3200_r1                 ?         -     -
dcm_n3200_r2                 ?         -     -
dcm_n3200_r3                 ?         -     -
dcm_n6400_r1                 ?         -     -
dcm_n6400_r2                 ?         -     -
dcm_n6400_r3                 ?         -     -
dcm_n12000_r1                ?         -     -
dcm_n12000_r2                ?         -     -
dcm_n12000_r3                ?         -     -
aco_n800_r3                  RUN?     ckpt   -

Totals: 31 jobs | curves: 2 | test eval: 1

Active Slurm (lc-*):
     JOBID PARTITION                 NAME    STATE       TIME NODELIST(REASON)
    203272       gpu       lc-aco-n800-r3  RUNNING      25:14 gpu25
[H[J=== Learning-curve sweep status 2026-06-29T20:50:25+02:00 ===

JOB                          SLURM    ARTIFACTS TEST E MAE
--------------------------------------------------------------------------------
aco_n800_r1                  FAIL?    ckpt curves eval  0.303
aco_n800_r2                  FAIL?    ckpt curves  -
aco_n800_r3                  RUN?     ckpt   -
aco_n1600_r1                 FAIL?    ckpt   -
aco_n1600_r2                 ?         -     -
aco_n1600_r3                 ?         -     -
aco_n3200_r1                 ?         -     -
aco_n3200_r2                 ?         -     -
aco_n3200_r3                 ?         -     -
aco_n6400_r1                 FAIL?    ckpt   -
aco_n6400_r2                 FAIL?    ckpt   -
aco_n6400_r3                 FAIL?    ckpt   -
aco_n12000_r1                FAIL?    ckpt   -
aco_n12000_r2                FAIL?    ckpt   -
aco_n12000_r3                FAIL?    ckpt   -
dcm_n800_r1                  FAIL?    ckpt   -
dcm_n800_r2                  FAIL?    ckpt   -
dcm_n800_r3                  FAIL?     -     -
dcm_n1600_r1                 ?         -     -
dcm_n1600_r2                 ?         -     -
dcm_n1600_r3                 ?         -     -
dcm_n3200_r1                 ?         -     -
dcm_n3200_r2                 ?         -     -
dcm_n3200_r3                 ?         -     -
dcm_n6400_r1                 ?         -     -
dcm_n6400_r2                 ?         -     -
dcm_n6400_r3                 ?         -     -
dcm_n12000_r1                ?         -     -
dcm_n12000_r2                ?         -     -
dcm_n12000_r3                ?         -     -
aco_n800_r3                  RUN?     ckpt   -

Totals: 31 jobs | curves: 2 | test eval: 1

Active Slurm (lc-*):
     JOBID PARTITION                 NAME    STATE       TIME NODELIST(REASON)
    203272       gpu       lc-aco-n800-r3  RUNNING      26:14 gpu25
[H[J=== Learning-curve sweep status 2026-06-29T20:51:25+02:00 ===

JOB                          SLURM    ARTIFACTS TEST E MAE
--------------------------------------------------------------------------------
aco_n800_r1                  FAIL?    ckpt curves eval  0.303
aco_n800_r2                  FAIL?    ckpt curves  -
aco_n800_r3                  RUN?     ckpt   -
aco_n1600_r1                 FAIL?    ckpt   -
aco_n1600_r2                 ?         -     -
aco_n1600_r3                 ?         -     -
aco_n3200_r1                 ?         -     -
aco_n3200_r2                 ?         -     -
aco_n3200_r3                 ?         -     -
aco_n6400_r1                 FAIL?    ckpt   -
aco_n6400_r2                 FAIL?    ckpt   -
aco_n6400_r3                 FAIL?    ckpt   -
aco_n12000_r1                FAIL?    ckpt   -
aco_n12000_r2                FAIL?    ckpt   -
aco_n12000_r3                FAIL?    ckpt   -
dcm_n800_r1                  FAIL?    ckpt   -
dcm_n800_r2                  FAIL?    ckpt   -
dcm_n800_r3                  FAIL?     -     -
dcm_n1600_r1                 ?         -     -
dcm_n1600_r2                 ?         -     -
dcm_n1600_r3                 ?         -     -
dcm_n3200_r1                 ?         -     -
dcm_n3200_r2                 ?         -     -
dcm_n3200_r3                 ?         -     -
dcm_n6400_r1                 ?         -     -
dcm_n6400_r2                 ?         -     -
dcm_n6400_r3                 ?         -     -
dcm_n12000_r1                ?         -     -
dcm_n12000_r2                ?         -     -
dcm_n12000_r3                ?         -     -
aco_n800_r3                  RUN?     ckpt   -

Totals: 31 jobs | curves: 2 | test eval: 1

Active Slurm (lc-*):
     JOBID PARTITION                 NAME    STATE       TIME NODELIST(REASON)
    203272       gpu       lc-aco-n800-r3  RUNNING      27:15 gpu25
[H[J=== Learning-curve sweep status 2026-06-29T20:52:26+02:00 ===

JOB                          SLURM    ARTIFACTS TEST E MAE
--------------------------------------------------------------------------------
aco_n800_r1                  FAIL?    ckpt curves eval  0.303
aco_n800_r2                  FAIL?    ckpt curves  -
aco_n800_r3                  RUN?     ckpt   -
aco_n1600_r1                 FAIL?    ckpt   -
aco_n1600_r2                 ?         -     -
aco_n1600_r3                 ?         -     -
aco_n3200_r1                 ?         -     -
aco_n3200_r2                 ?         -     -
aco_n3200_r3                 ?         -     -
aco_n6400_r1                 FAIL?    ckpt   -
aco_n6400_r2                 FAIL?    ckpt   -
aco_n6400_r3                 FAIL?    ckpt   -
aco_n12000_r1                FAIL?    ckpt   -
aco_n12000_r2                FAIL?    ckpt   -
aco_n12000_r3                FAIL?    ckpt   -
dcm_n800_r1                  FAIL?    ckpt   -
dcm_n800_r2                  FAIL?    ckpt   -
dcm_n800_r3                  FAIL?     -     -
dcm_n1600_r1                 ?         -     -
dcm_n1600_r2                 ?         -     -
dcm_n1600_r3                 ?         -     -
dcm_n3200_r1                 ?         -     -
dcm_n3200_r2                 ?         -     -
dcm_n3200_r3                 ?         -     -
dcm_n6400_r1                 ?         -     -
dcm_n6400_r2                 ?         -     -
dcm_n6400_r3                 ?         -     -
dcm_n12000_r1                ?         -     -
dcm_n12000_r2                ?         -     -
dcm_n12000_r3                ?         -     -
aco_n800_r3                  RUN?     ckpt   -

Totals: 31 jobs | curves: 2 | test eval: 1

Active Slurm (lc-*):
     JOBID PARTITION                 NAME    STATE       TIME NODELIST(REASON)
    203272       gpu       lc-aco-n800-r3  RUNNING      28:15 gpu25
[H[J=== Learning-curve sweep status 2026-06-29T20:53:26+02:00 ===

JOB                          SLURM    ARTIFACTS TEST E MAE
--------------------------------------------------------------------------------
aco_n800_r1                  FAIL?    ckpt curves eval  0.303
aco_n800_r2                  FAIL?    ckpt curves  -
aco_n800_r3                  RUN?     ckpt   -
aco_n1600_r1                 FAIL?    ckpt   -
aco_n1600_r2                 ?         -     -
aco_n1600_r3                 ?         -     -
aco_n3200_r1                 ?         -     -
aco_n3200_r2                 ?         -     -
aco_n3200_r3                 ?         -     -
aco_n6400_r1                 FAIL?    ckpt   -
aco_n6400_r2                 FAIL?    ckpt   -
aco_n6400_r3                 FAIL?    ckpt   -
aco_n12000_r1                FAIL?    ckpt   -
aco_n12000_r2                FAIL?    ckpt   -
aco_n12000_r3                FAIL?    ckpt   -
dcm_n800_r1                  FAIL?    ckpt   -
dcm_n800_r2                  FAIL?    ckpt   -
dcm_n800_r3                  FAIL?     -     -
dcm_n1600_r1                 ?         -     -
dcm_n1600_r2                 ?         -     -
dcm_n1600_r3                 ?         -     -
dcm_n3200_r1                 ?         -     -
dcm_n3200_r2                 ?         -     -
dcm_n3200_r3                 ?         -     -
dcm_n6400_r1                 ?         -     -
dcm_n6400_r2                 ?         -     -
dcm_n6400_r3                 ?         -     -
dcm_n12000_r1                ?         -     -
dcm_n12000_r2                ?         -     -
dcm_n12000_r3                ?         -     -
aco_n800_r3                  RUN?     ckpt   -

Totals: 31 jobs | curves: 2 | test eval: 1

Active Slurm (lc-*):
     JOBID PARTITION                 NAME    STATE       TIME NODELIST(REASON)
    203272       gpu       lc-aco-n800-r3  RUNNING      29:15 gpu25
[H[J=== Learning-curve sweep status 2026-06-29T20:54:26+02:00 ===

JOB                          SLURM    ARTIFACTS TEST E MAE
--------------------------------------------------------------------------------
aco_n800_r1                  FAIL?    ckpt curves eval  0.303
aco_n800_r2                  FAIL?    ckpt curves  -
aco_n800_r3                  RUN?     ckpt   -
aco_n1600_r1                 FAIL?    ckpt   -
aco_n1600_r2                 ?         -     -
aco_n1600_r3                 ?         -     -
aco_n3200_r1                 ?         -     -
aco_n3200_r2                 ?         -     -
aco_n3200_r3                 ?         -     -
aco_n6400_r1                 FAIL?    ckpt   -
aco_n6400_r2                 FAIL?    ckpt   -
aco_n6400_r3                 FAIL?    ckpt   -
aco_n12000_r1                FAIL?    ckpt   -
aco_n12000_r2                FAIL?    ckpt   -
aco_n12000_r3                FAIL?    ckpt   -
dcm_n800_r1                  FAIL?    ckpt   -
dcm_n800_r2                  FAIL?    ckpt   -
dcm_n800_r3                  FAIL?     -     -
dcm_n1600_r1                 ?         -     -
dcm_n1600_r2                 ?         -     -
dcm_n1600_r3                 ?         -     -
dcm_n3200_r1                 ?         -     -
dcm_n3200_r2                 ?         -     -
dcm_n3200_r3                 ?         -     -
dcm_n6400_r1                 ?         -     -
dcm_n6400_r2                 ?         -     -
dcm_n6400_r3                 ?         -     -
dcm_n12000_r1                ?         -     -
dcm_n12000_r2                ?         -     -
dcm_n12000_r3                ?         -     -
aco_n800_r3                  RUN?     ckpt   -

Totals: 31 jobs | curves: 2 | test eval: 1

Active Slurm (lc-*):
     JOBID PARTITION                 NAME    STATE       TIME NODELIST(REASON)
    203272       gpu       lc-aco-n800-r3  RUNNING      30:16 gpu25
