step,time_fs,E_pot_eV,E_kin_eV,E_tot_eV,T_K
0,0.0,-68.16954040527344,0.7802276914959269,-67.38931271377751,402.40753147112156
1000,500.0,-67.89256286621094,0.4966954740378055,-67.39586739217313,256.17393714546887
2000,1000.0,-67.832763671875,0.4524651430743833,-67.38029852880062,233.36185486085242
3000,1500.0,-67.83935546875,0.4482370195469271,-67.39111844920308,231.18117251647612
4000,2000.0,-67.7690658569336,0.38160399020098557,-67.38746186673261,196.81475211663943
5000,2500.0,-67.8109130859375,0.4292415655310441,-67.38167152040646,221.3841429531585
6000,3000.0,-67.82039642333984,0.4423700743645597,-67.37802634897528,228.1552571922119
7000,3500.0,-67.83170318603516,0.44983902780656243,-67.3818641582286,232.00741874713762
8000,4000.0,-67.89051055908203,0.5108390385685398,-67.3796715205135,263.468572994785
9000,4500.0,-67.79938507080078,0.39949889023826174,-67.39988618056252,206.0441637722502
10000,5000.0,-67.90695190429688,0.508106832535165,-67.39884507176171,262.0594198753246
11000,5500.0,-67.8893814086914,0.4978485745876656,-67.39153283410374,256.768656290745
12000,6000.0,-67.72985076904297,0.3771099884501916,-67.35274078059278,194.49694134079192
13000,6500.0,-67.74726104736328,0.37821339429137485,-67.3690476530719,195.0660301152624
14000,7000.0,-67.75288391113281,0.37698932906639854,-67.37589458206641,194.43471047496874
15000,7500.0,-67.78999328613281,0.4133148484252257,-67.37667843770758,213.1698345085258
16000,8000.0,-67.71913146972656,0.35726477692453834,-67.36186669280202,184.26164378778
17000,8500.0,-67.7318115234375,0.36190116881726336,-67.36991035462023,186.65289320999298
18000,9000.0,-67.69058227539062,0.29714319208911716,-67.3934390833015,153.25354345316154
19000,9500.0,-67.7750473022461,0.3982668353261904,-67.3767804669199,205.40872339861653
20000,10000.0,-67.66883850097656,0.2959190755791845,-67.37291942539738,152.62219736231643
21000,10500.0,-67.78639221191406,0.4112232535806954,-67.37516895833336,212.09108079675812
22000,11000.0,-67.716552734375,0.32246550846249045,-67.39408722591251,166.31369362983992
23000,11500.0,-67.78816223144531,0.4002864278256352,-67.38787580361968,206.45034143029778
24000,12000.0,-67.77182006835938,0.4037050354381032,-67.36811503292127,208.21351065050843
25000,12500.0,-67.86135864257812,0.47553500858085584,-67.38582363399726,245.26028878086774
26000,13000.0,-67.77754211425781,0.3911584567709268,-67.38638365748689,201.74253069825042
27000,13500.0,-67.81061553955078,0.4271960067743649,-67.38341953277641,220.3291326545927
28000,14000.0,-67.8126449584961,0.42985194621767686,-67.38279301227841,221.69895078174838
29000,14500.0,-67.8265609741211,0.434593866868476,-67.39196710725261,224.14462735067593
30000,15000.0,-67.70756530761719,0.31031157139879123,-67.3972537362184,160.04522115088778
31000,15500.0,-67.79115295410156,0.40176291942114756,-67.38939003468042,207.21185162105863
32000,16000.0,-67.75311279296875,0.36351876243625314,-67.38959403053249,187.48717769160768
33000,16500.0,-67.79025268554688,0.39517768238233436,-67.39507500316454,203.81547257706407
34000,17000.0,-67.77388000488281,0.37484501161252565,-67.39903499327029,193.3287647328367
35000,17500.0,-67.77629852294922,0.40150483386619457,-67.37479368908302,207.07874230923986
36000,18000.0,-67.7529067993164,0.3634951991585703,-67.38941160015784,187.47502477713277
37000,18500.0,-67.7142333984375,0.3175467352048005,-67.3966866632327,163.77680417299663
38000,19000.0,-67.83082580566406,0.4449036815931665,-67.3859221240709,229.46198168006785
39000,19500.0,-67.75463104248047,0.3456435462256623,-67.40898749625481,178.26791809826372
40000,20000.0,-67.76245880126953,0.3819683593416433,-67.38049044192789,197.00267788245685
41000,20500.0,-67.72999572753906,0.3335670706654676,-67.3964286568736,172.0393968960338
42000,21000.0,-67.75711822509766,0.35415045358886266,-67.4029677715088,182.65541117213246
43000,21500.0,-67.79830932617188,0.41215705048560436,-67.38615227568627,212.57269265377812
44000,22000.0,-67.79991912841797,0.40651042761543554,-67.39340870080254,209.66041000206084
45000,22500.0,-67.77693176269531,0.38179709305395443,-67.39513466964137,196.9143461751818
46000,23000.0,-67.87069702148438,0.46799047951509365,-67.40270654196928,241.36914860402445
47000,23500.0,-67.74516296386719,0.35723932925886964,-67.38792363460831,184.24851898788498
48000,24000.0,-67.83032989501953,0.4564414776470769,-67.37388841737246,235.41267540611275
49000,24500.0,-67.762451171875,0.37038543139171937,-67.39206574048328,191.02870708606005
50000,25000.0,-67.77184295654297,0.3877195691444191,-67.38412338739855,199.96890192824821
51000,25500.0,-67.86839294433594,0.47194908392106955,-67.39644386041486,243.41082469991548
52000,26000.0,-67.84748077392578,0.45222471340088377,-67.3952560605249,233.2378516852924
53000,26500.0,-67.77632904052734,0.3996045753597705,-67.37672446516757,206.09867156442817
54000,27000.0,-67.76262664794922,0.37759626182576256,-67.38503038612346,194.74774001253408
55000,27500.0,-67.82991027832031,0.42210396227445784,-67.40780631604585,217.70287742207205
56000,28000.0,-67.7674789428711,0.39356652015874344,-67.37391242271235,202.98450512966207
57000,28500.0,-67.72557067871094,0.3408240397555227,-67.38474663895542,175.78222613590904
58000,29000.0,-67.62939453125,0.24475659512746084,-67.38463793612254,126.23481367045588
59000,29500.0,-67.65897369384766,0.2735543411824441,-67.38541935266521,141.08743942089495
60000,30000.0,-67.74108123779297,0.358959567420164,-67.38212167037281,185.13574306307981
61000,30500.0,-67.81620025634766,0.43053689303636467,-67.3856633633113,222.05221658031124
62000,31000.0,-67.85423278808594,0.4722033081709325,-67.382029479915,243.54194251839652
63000,31500.0,-67.80308532714844,0.40383231754710047,-67.39925300960134,208.2791572301419
64000,32000.0,-67.78850555419922,0.3843688958693085,-67.4041366583299,198.24077028654972
65000,32500.0,-67.76557922363281,0.3667561026377593,-67.39882312099505,189.15685705984774
66000,33000.0,-67.70401763916016,0.30342310391691674,-67.40059453524324,156.49244902396478
67000,33500.0,-67.7110366821289,0.31370403324442026,-67.39733264888449,161.79490552096206
68000,34000.0,-67.77782440185547,0.38361818450532925,-67.39420621735015,197.85358599391455
69000,34500.0,-67.77726745605469,0.39407644582835827,-67.38319101022633,203.24750262664918
70000,35000.0,-67.8386001586914,0.45049192674710137,-67.3881082319443,232.3441556430797
71000,35500.0,-67.77943420410156,0.40415629165752925,-67.37527791244403,208.44624899509608
72000,36000.0,-67.80619049072266,0.4092403739904091,-67.39695011673224,211.0683976879316
73000,36500.0,-67.74054718017578,0.3400399781520285,-67.40050720202375,175.3778412392663
74000,37000.0,-67.8600082397461,0.4560827446681455,-67.40392549507794,235.2276565275438
75000,37500.0,-67.69780731201172,0.31438410172461095,-67.3834232102871,162.14565528456012
76000,38000.0,-67.75614929199219,0.36062303290507614,-67.3955262590871,185.99368625936333
77000,38500.0,-67.7070083618164,0.3155181186584039,-67.391490243158,162.7305319301187
78000,39000.0,-67.78059387207031,0.38964164018685576,-67.39095223188346,200.96022263107554
79000,39500.0,-67.6813735961914,0.2853010900975572,-67.39607250609384,147.14590195082482
80000,40000.0,-67.66254425048828,0.2829183387462875,-67.379625911742,145.91698236770216
81000,40500.0,-67.76957702636719,0.3796606670232041,-67.38991635934399,195.8124704861037
82000,41000.0,-67.83382415771484,0.44558524226503493,-67.3882389154498,229.8135010512767
83000,41500.0,-67.85624694824219,0.4683953867744218,-67.38785156146777,241.577982169504
84000,42000.0,-67.80242156982422,0.41563687708958,-67.38678469273464,214.36743596898728
85000,42500.0,-67.80754852294922,0.42882334752764023,-67.37872517542158,221.16844428442263
86000,43000.0,-67.81433868408203,0.4174971063401779,-67.39684157774185,215.32686136347465
87000,43500.0,-67.83405303955078,0.46055636139831363,-67.37349667815246,237.53495359576667
88000,44000.0,-67.83726501464844,0.44927713481013226,-67.3879878798383,231.7176187616861
89000,44500.0,-67.90996551513672,0.5367471667374598,-67.37321834839926,276.8308594338929
90000,45000.0,-67.7304916381836,0.33575223174559077,-67.394739406438,173.1664080053591
91000,45500.0,-67.7120361328125,0.3316189616033546,-67.38041717120915,171.03464691437347
92000,46000.0,-67.87569427490234,0.478905105384273,-67.39678916951807,246.9984382342429
93000,46500.0,-67.79129791259766,0.3942285291226256,-67.39706938347503,203.3259405796867
94000,47000.0,-67.69058990478516,0.291586883155812,-67.39900302162934,150.38784080467516
95000,47500.0,-67.83158111572266,0.42424619661138246,-67.40733491911128,218.80774878302273
96000,48000.0,-67.82142639160156,0.426177701708629,-67.39524868989294,219.80393516127936
97000,48500.0,-67.7497329711914,0.3591155208337572,-67.39061745035765,185.2161770554548
98000,49000.0,-67.85262298583984,0.451294635105286,-67.40132835073456,232.75815772532954
99000,49500.0,-67.74681854248047,0.3760393431763716,-67.3707791993041,193.94474904306264
100000,50000.0,-67.78215789794922,0.3927757737047664,-67.38938212424445,202.5766724776905
101000,50500.0,-67.8253173828125,0.423571362066895,-67.4017460207456,218.4596984559727
102000,51000.0,-67.71660614013672,0.33640372527195433,-67.38020241486477,173.50242004975442
103000,51500.0,-67.78768920898438,0.38607702244562986,-67.40161218653874,199.1217477326332
104000,52000.0,-67.76448059082031,0.3852910806505333,-67.37918951016978,198.71639311488255
105000,52500.0,-67.80318450927734,0.41513404213984795,-67.38805046713749,214.10809555712476
106000,53000.0,-67.76651763916016,0.35976408973007173,-67.40675354943008,185.5506807027869
107000,53500.0,-67.83226013183594,0.4335456380728503,-67.39871449376308,223.60399649808988
108000,54000.0,-67.78810119628906,0.38438433227465113,-67.40371686401441,198.2487317134978
109000,54500.0,-67.81520080566406,0.4086442116483984,-67.40655659401567,210.7609230635119
110000,55000.0,-67.76277160644531,0.3630976192345968,-67.39967398721072,187.26997033275396
111000,55500.0,-67.8415298461914,0.4301158803494181,-67.41141396584199,221.83507653527212
112000,56000.0,-67.85778045654297,0.4520914248683421,-67.40568903167463,233.1691072534578
113000,56500.0,-67.82317352294922,0.42297868897857105,-67.40019483397064,218.15402343694777
114000,57000.0,-67.86261749267578,0.4552637529924569,-67.40735373968333,234.8052562178632
115000,57500.0,-67.79158782958984,0.37751751928260235,-67.41407031030724,194.70712803123652
116000,58000.0,-67.7641830444336,0.35954891139969564,-67.4046341330339,185.43970107248603
117000,58500.0,-67.77420806884766,0.3645912642841908,-67.40961680456347,188.04032752957272
118000,59000.0,-67.79306030273438,0.3890616988028855,-67.40399860393148,200.66111407178565
119000,59500.0,-67.81273651123047,0.4165824281431765,-67.3961540830873,214.85511010501818
120000,60000.0,-67.92371368408203,0.5349065642220475,-67.38880711985999,275.88155665635816
121000,60500.0,-67.83242797851562,0.4194104000203612,-67.41301757849526,216.31365508435078
122000,61000.0,-67.7946548461914,0.39796437786170724,-67.3966904683297,205.25272898444197
123000,61500.0,-67.81578826904297,0.4063049066949956,-67.40948336234797,209.55441124405553
124000,62000.0,-67.75129699707031,0.3500202198926522,-67.40127677717766,180.52521614803086
125000,62500.0,-67.84265899658203,0.44181178380083086,-67.4008472127812,227.86731518497166
126000,63000.0,-67.7471923828125,0.3352803097461565,-67.41191207306635,172.92301114966028
127000,63500.0,-67.82957458496094,0.4257948740366607,-67.40377971092428,219.60648928729324
128000,64000.0,-67.7158432006836,0.31814300758131364,-67.39770019310228,164.0843355484302
129000,64500.0,-67.78195190429688,0.3725874406266249,-67.40936446367024,192.1644077413342
130000,65000.0,-67.68370056152344,0.27581317957925977,-67.40788738194418,142.25245008786067
131000,65500.0,-67.77901458740234,0.3764516800687844,-67.40256290733356,194.15741449036582
132000,66000.0,-67.8944091796875,0.48732570482882154,-67.40708347485868,251.34141743495687
133000,66500.0,-67.7219009399414,0.30526397296692026,-67.41663696697448,157.44188926845703
134000,67000.0,-67.81486511230469,0.40714013997317927,-67.40772497233151,209.98518826637837
135000,67500.0,-67.85183715820312,0.44607154125858584,-67.40576561694454,230.06431293565944
136000,68000.0,-67.8073501586914,0.39750708911503896,-67.40984306957637,205.0168793245004
137000,68500.0,-67.79041290283203,0.3653242386456744,-67.42508866418636,188.41836384724138
138000,69000.0,-67.77082061767578,0.37392948975509444,-67.39689112792068,192.85657835099937
139000,69500.0,-67.7247085571289,0.32610630115676575,-67.39860225597214,168.19145625819834
140000,70000.0,-67.82844543457031,0.42722737092131496,-67.401218063649,220.34530891837883
141000,70500.0,-67.74755096435547,0.3449823203461321,-67.40256864400934,177.92688652911187
142000,71000.0,-67.74049377441406,0.32076610126439087,-67.41972767314967,165.43721326006434
143000,71500.0,-67.77344512939453,0.3701424929572218,-67.4033026364373,190.903410000618
144000,72000.0,-67.7323989868164,0.3270186251822934,-67.40538036163412,168.66199333733033
145000,72500.0,-67.77921295166016,0.36527602429279077,-67.41393692736736,188.39349697961177
146000,73000.0,-67.8001480102539,0.37973600281603653,-67.42041200743787,195.85132541365311
147000,73500.0,-67.68767547607422,0.27401841763118684,-67.41365705844304,141.32678988254597
148000,74000.0,-67.82280731201172,0.40358238123825313,-67.41922493077347,208.1502509452657
149000,74500.0,-67.73143005371094,0.3115227337854406,-67.4199073199255,160.66988606798114
150000,75000.0,-67.76507568359375,0.34958633124676364,-67.41548935234698,180.3014352430099
151000,75500.0,-67.69725036621094,0.2867137371997838,-67.41053662901115,147.87448392688484
152000,76000.0,-67.83860778808594,0.42531101270003413,-67.4132967753859,219.35693464040176
153000,76500.0,-67.77852630615234,0.35886671473466847,-67.41965959141767,185.0878536836487
154000,77000.0,-67.8718490600586,0.47304518154857644,-67.39880387851002,243.9761442154158
155000,77500.0,-67.82941436767578,0.4095623861831877,-67.4198519814926,211.2344775810346
156000,78000.0,-67.8218994140625,0.4075581819350627,-67.41434123212744,210.20079614054947
157000,78500.0,-67.84246826171875,0.4100264560944328,-67.43244180562432,211.47382467092848
158000,79000.0,-67.81571960449219,0.4030194162203038,-67.41270018827188,207.85989805770893
159000,79500.0,-67.77355194091797,0.3539462319067881,-67.41960570901118,182.55008250480594
160000,80000.0,-67.79547882080078,0.3869405052842724,-67.40853831551651,199.56709465040228
161000,80500.0,-67.81331634521484,0.3977266195490005,-67.41558972566584,205.1301035806709
162000,81000.0,-67.89311981201172,0.4992217571232223,-67.3938980548885,257.47688415860387
163000,81500.0,-67.79232025146484,0.38413888600434387,-67.40818136546049,198.12214119534562
164000,82000.0,-67.74817657470703,0.3414410412864658,-67.40673553342056,176.10044870822594
165000,82500.0,-67.72936248779297,0.3143153627388429,-67.41504712505413,162.11020270337102
166000,83000.0,-67.86534118652344,0.4539348576745163,-67.41140632884893,234.11986977195184
167000,83500.0,-67.8234634399414,0.40676866978568854,-67.41669477015571,209.79360008924425
168000,84000.0,-67.82286071777344,0.411054819288336,-67.4118058984851,212.00420970958422
169000,84500.0,-67.87532806396484,0.46363535128471484,-67.41169271268014,239.12296275401084
170000,85000.0,-67.7703857421875,0.34796567297764114,-67.42242006920986,179.46557014805865
171000,85500.0,-67.91647338867188,0.5005217905815986,-67.41595159809027,258.14738491180333
172000,86000.0,-67.74295806884766,0.3147319097764668,-67.42822615907119,162.3250395605844
173000,86500.0,-67.86064147949219,0.4650662749200075,-67.39557520457218,239.86097097145543
174000,87000.0,-67.81527709960938,0.3994290217122275,-67.41584807789715,206.0081286232861
175000,87500.0,-67.8523941040039,0.41955144912610504,-67.4328426548778,216.38640208253764
176000,88000.0,-67.74991607666016,0.3258305651846427,-67.42408551147551,168.04924362836067
177000,88500.0,-67.7724838256836,0.36908267624836977,-67.40340114943523,190.35680260604667
178000,89000.0,-67.79754638671875,0.3807834280407576,-67.41676295867799,196.39154181929294
179000,89500.0,-67.92814636230469,0.512829371514623,-67.41531699079006,264.495100220579
180000,90000.0,-67.92454528808594,0.5195402213436658,-67.40500506674228,267.9562648821419
181000,90500.0,-67.78909301757812,0.37332090864988343,-67.41577210892824,192.54269866828986
182000,91000.0,-67.8770980834961,0.45162216907604,-67.42547591442005,232.9270855115138
183000,91500.0,-67.80835723876953,0.39549382867025223,-67.41286341009928,203.9785270913955
184000,92000.0,-67.87156677246094,0.4512877277140578,-67.42027904474688,232.75459519315675
185000,92500.0,-67.75838470458984,0.3503629761663085,-67.40802172842353,180.70199493643022
186000,93000.0,-67.7040023803711,0.3065209415282552,-67.39748143884285,158.09017901953445
187000,93500.0,-67.84148406982422,0.42961662890405955,-67.41186744092016,221.5775843392121
188000,94000.0,-67.8231201171875,0.4225616825623971,-67.4005584346251,217.93894965224467
189000,94500.0,-67.87059020996094,0.4584629565593251,-67.41212725340161,236.455266367527
190000,95000.0,-67.82771301269531,0.413037012847871,-67.41467599984745,213.02653899356682
191000,95500.0,-67.88655090332031,0.4810100665988023,-67.40554083672151,248.08408573870042
192000,96000.0,-67.78643035888672,0.38691761341707537,-67.39951274546965,199.5552880202738
193000,96500.0,-67.7518081665039,0.3526033887431291,-67.39920477776077,181.85750236630196
194000,97000.0,-67.77091217041016,0.3778610357051217,-67.39305113470503,194.88429887138034
195000,97500.0,-67.7107162475586,0.3172601172691358,-67.39345613028947,163.62897909933764
196000,98000.0,-67.74974060058594,0.35530839725902574,-67.39443220332691,183.25262818835952
197000,98500.0,-67.79044342041016,0.3700322356961595,-67.420411184714,190.8465440975817
198000,99000.0,-67.84318542480469,0.45045968785958534,-67.3927257369451,232.32752822612935
199000,99500.0,-67.86912536621094,0.46260422456772776,-67.40652114164321,238.59115241026217
200000,100000.0,-67.74586486816406,0.33813932665500807,-67.40772554150905,174.39756780698593
201000,100500.0,-67.91668701171875,0.5158378310716575,-67.40084918064709,266.0467329004648
202000,101000.0,-67.79198455810547,0.4039073196692458,-67.38807723843622,208.31784006485356
203000,101500.0,-67.79606628417969,0.39674739284099547,-67.3993188913387,204.62506100577409
204000,102000.0,-67.71124267578125,0.3126740411551541,-67.3985686346261,161.26368036887638
205000,102500.0,-67.78773498535156,0.39136497348834964,-67.39637001186321,201.84904304505818
206000,103000.0,-67.77300262451172,0.3777633397994811,-67.39523928471223,194.83391156950404
207000,103500.0,-67.90028381347656,0.512635644372482,-67.38764816910408,264.3951841808157
208000,104000.0,-67.82075500488281,0.40912353718483213,-67.41163146769799,211.00813834180784
209000,104500.0,-67.79182434082031,0.40637787912998663,-67.38544646169032,209.5920472543513
210000,105000.0,-67.91956329345703,0.5196376147597602,-67.39992567869727,268.0064961730577
211000,105500.0,-67.73883819580078,0.3320945919432897,-67.40674360385749,171.2799563709234
212000,106000.0,-67.87264251708984,0.4787337081378662,-67.39390880895198,246.91003898415315
213000,106500.0,-67.8657455444336,0.4807423526449506,-67.38500319178864,247.9460105172182
214000,107000.0,-67.7782211303711,0.3865625892495973,-67.3916585411215,199.3721819854527
215000,107500.0,-67.82382202148438,0.4270273284217753,-67.3967946930626,220.24213569175993
216000,108000.0,-67.77427673339844,0.37810374197080704,-67.39617299142763,195.00947621424004
217000,108500.0,-67.89415740966797,0.5015709292605157,-67.39258648040746,258.6884850426439
218000,109000.0,-67.75959777832031,0.35983209922385345,-67.39976567909646,185.5857570437161
219000,109500.0,-67.76424407958984,0.36910174982969385,-67.39514232976015,190.36663993027983
220000,110000.0,-67.82169342041016,0.42665571919740314,-67.39503770121276,220.05047580544544
221000,110500.0,-67.85511016845703,0.451536542274542,-67.40357362618249,232.88292292898288
222000,111000.0,-67.817138671875,0.4066230969699536,-67.41051557490505,209.71851995806242
223000,111500.0,-67.7857437133789,0.3895759687542173,-67.39616774462469,200.92635216046259
224000,112000.0,-67.72712707519531,0.32569278959585996,-67.40143428559945,167.97818496794227
225000,112500.0,-67.7421875,0.33969673907327086,-67.40249076092672,175.2008134409803
226000,113000.0,-67.86048126220703,0.45865670561986704,-67.40182455658716,236.5551937118488
227000,113500.0,-67.80607604980469,0.4096845383923237,-67.39639151141236,211.29747838128552
228000,114000.0,-67.8136215209961,0.4105415274095429,-67.40307999358654,211.73947606821181
229000,114500.0,-67.80187225341797,0.4093213964130215,-67.39255085700495,211.11018553195797
230000,115000.0,-67.81539154052734,0.4064743957862852,-67.40891714474105,209.64182635067186
231000,115500.0,-67.73457336425781,0.32154859787101675,-67.4130247663868,165.8407909993434
232000,116000.0,-67.79375457763672,0.40308675798730675,-67.39066781964941,207.8946300141877
233000,116500.0,-67.81849670410156,0.42227692210610673,-67.39621978199546,217.7920825857135
234000,117000.0,-67.7728042602539,0.3667849366607307,-67.40601932359317,189.17172839565492
235000,117500.0,-67.7171630859375,0.32890389692121713,-67.38825918901628,169.63433455884993
236000,118000.0,-67.70409393310547,0.3222385227438996,-67.38185541036157,166.196624261894
237000,118500.0,-67.64613342285156,0.2563346108359244,-67.38979881201564,132.20625094621298
238000,119000.0,-67.7486343383789,0.36697088410726975,-67.38166345427163,189.26763200656328
239000,119500.0,-67.78460693359375,0.37873621371296967,-67.40587071988078,195.335677649107
240000,120000.0,-67.77938842773438,0.3730501607707518,-67.40633826696363,192.40305868001477
241000,120500.0,-67.82369995117188,0.4297033052110748,-67.3939966459608,221.6222882110731
242000,121000.0,-67.83295440673828,0.4367843381690075,-67.39617006856928,225.27437724088452
243000,121500.0,-67.75856018066406,0.364646272897123,-67.39391390776694,188.06869858122977
244000,122000.0,-67.79933166503906,0.3981327652236005,-67.40119889981545,205.33957586692122
245000,122500.0,-67.76541137695312,0.37405719956507405,-67.39135417738805,192.92244552020998
246000,123000.0,-67.8027572631836,0.41775720560878815,-67.3850000575748,215.46100926127386
247000,123500.0,-67.87684631347656,0.5019384819505901,-67.37490783152597,258.87805274488073
248000,124000.0,-67.82461547851562,0.4159850302351516,-67.40863044828048,214.54699822935098
249000,124500.0,-67.71800231933594,0.33595727184977464,-67.38204504748616,173.2721587792377
250000,125000.0,-67.84026336669922,0.4411012749874596,-67.39916209171176,227.50086562057717
251000,125500.0,-67.64573669433594,0.26783976760852357,-67.37789692672742,138.14011074959072
252000,126000.0,-67.77758026123047,0.4112623738265104,-67.36631788740395,212.1112573192278
253000,126500.0,-67.72807312011719,0.3376316953808004,-67.39044142473638,174.13575365942629
254000,127000.0,-67.81966400146484,0.4397405517062591,-67.37992344975858,226.79906369458638
255000,127500.0,-67.79306030273438,0.4020207880827048,-67.39103951465167,207.34484906869096
256000,128000.0,-67.73897552490234,0.3594177373499114,-67.37955778755243,185.37204719895388
257000,128500.0,-67.80580139160156,0.42278574892923965,-67.38301564267232,218.05451334544549
258000,129000.0,-67.74638366699219,0.35935609538835617,-67.38702757160384,185.3402549543888
259000,129500.0,-67.74150085449219,0.3461917594000407,-67.39530909509214,178.55066262608045
260000,130000.0,-67.77167510986328,0.38538058757784804,-67.38629452228544,198.762556897664
261000,130500.0,-67.76974487304688,0.3925293723817196,-67.37721550066516,202.44958938484564
262000,131000.0,-67.80213928222656,0.4327727961170747,-67.36936648610948,223.20539820808983
263000,131500.0,-67.64968872070312,0.2605661947815448,-67.38912252592158,134.3887180238748
264000,132000.0,-67.71598052978516,0.3345925910237292,-67.38138793876142,172.56831572362657
265000,132500.0,-67.7708969116211,0.3904779411124247,-67.38041897050867,201.39155029951547
266000,133000.0,-67.77326965332031,0.3821759524111483,-67.39109370090917,197.10974536488607
267000,133500.0,-67.69440460205078,0.299707004944048,-67.39469759710673,154.5758466902186
268000,134000.0,-67.74871826171875,0.36702688792375626,-67.381691373795,189.29651634095814
269000,134500.0,-67.78075408935547,0.38499249744979896,-67.39576159190567,198.5623968775587
270000,135000.0,-67.79566192626953,0.40556113346208195,-67.39010079280744,209.1708053378652
271000,135500.0,-67.709716796875,0.32861268934128474,-67.38110410753372,169.48414234616186
272000,136000.0,-67.7133560180664,0.3379860113091638,-67.37537000675724,174.3184944152949
273000,136500.0,-67.84996032714844,0.47464721499965046,-67.37531311214879,244.8024034387264
274000,137000.0,-67.71947479248047,0.33562360566053806,-67.38385118681992,173.10006826129077
275000,137500.0,-67.74310302734375,0.3506498384674846,-67.39245318887626,180.84994604319888
276000,138000.0,-67.71465301513672,0.3392182069408056,-67.37543480819592,174.95400736596682
277000,138500.0,-67.69715118408203,0.33308022102370033,-67.36407096305832,171.7883010112344
278000,139000.0,-67.73065948486328,0.3426649957250352,-67.38799448913825,176.73171120970616
279000,139500.0,-67.87458801269531,0.49888099043753353,-67.37570702225779,257.3011315132028
280000,140000.0,-67.85125732421875,0.47728589668356775,-67.37397142753518,246.16332076367726
281000,140500.0,-67.73995208740234,0.34867486816848897,-67.39127721923386,179.8313422030508
282000,141000.0,-67.69664764404297,0.31309796430652925,-67.38354967973643,161.4823215049674
283000,141500.0,-67.65010833740234,0.2558911619283211,-67.39421717547403,131.97753927372662
284000,142000.0,-67.73722076416016,0.34257113159715974,-67.394649632563,176.68330017225676
285000,142500.0,-67.66297912597656,0.2826749780374992,-67.38030414793906,145.79146749153466
286000,143000.0,-67.78105926513672,0.39124337763051775,-67.3898158875062,201.78632918662868
287000,143500.0,-67.73760986328125,0.3553779785001935,-67.38223188478106,183.288515168276
288000,144000.0,-67.70020294189453,0.3103319036056073,-67.38987103828893,160.05570761944486
289000,144500.0,-67.76233673095703,0.3905592254125266,-67.3717775055445,201.43347320856864
290000,145000.0,-67.74517059326172,0.3612377662609095,-67.3839328270008,186.31073900554253
291000,145500.0,-67.68592834472656,0.3060016769886097,-67.37992666773795,157.82236493929
292000,146000.0,-67.75162506103516,0.38052835987345834,-67.3710967011617,196.25998874487826
293000,146500.0,-67.81756591796875,0.43600650441538935,-67.38155941355336,224.87320439852067
294000,147000.0,-67.83580780029297,0.44656198624697774,-67.38924581404599,230.31726314397977
295000,147500.0,-67.84486389160156,0.4729691206833159,-67.37189477091825,243.9369153270225
296000,148000.0,-67.838134765625,0.4770023396100429,-67.36113242601496,246.01707434967273
297000,148500.0,-67.66941833496094,0.3005323750439141,-67.36888595991702,155.00153671385826
298000,149000.0,-67.85562133789062,0.4832688171215026,-67.37235252076913,249.24905108401677
299000,149500.0,-67.73001098632812,0.3801496970527211,-67.34986128927541,196.0646909201361
300000,150000.0,-67.81671905517578,0.44794592619350443,-67.36877312898228,231.03103921685707
301000,150500.0,-67.77320098876953,0.40989864889484967,-67.36330233987468,211.40790727239335
302000,151000.0,-67.78498840332031,0.423183194625092,-67.36180520869522,218.2594985607935
303000,151500.0,-67.67890930175781,0.31436469880809514,-67.36454460294972,162.13564810354927
304000,152000.0,-67.59939575195312,0.23675332722610645,-67.36264242472701,122.10707594083071
305000,152500.0,-67.783935546875,0.43214644410701825,-67.35178910276798,222.8823530650553
306000,153000.0,-67.62340545654297,0.27415345303159266,-67.34925200351138,141.39643527289905
307000,153500.0,-67.74591064453125,0.3934190199446265,-67.35249162458662,202.90843093016724
308000,154000.0,-67.81446075439453,0.453381816387048,-67.36107893800748,233.83463511325235
309000,154500.0,-67.63569641113281,0.2788404455845125,-67.3568559655483,143.8137823163343
310000,155000.0,-67.65408325195312,0.30690505123847206,-67.34717820071465,158.2882861131267
311000,155500.0,-67.67057037353516,0.3185399906131834,-67.35203038292197,164.28908214180518
312000,156000.0,-67.81388854980469,0.46112918275266873,-67.35275936705202,237.83038995324588
313000,156500.0,-67.74853515625,0.39335314780697495,-67.35518200844302,202.87445694463196
314000,157000.0,-67.73300170898438,0.39294573865100346,-67.34005597033337,202.66433300960617
315000,157500.0,-67.76972198486328,0.412569728752508,-67.35715225611078,212.7855341672062
316000,158000.0,-67.67952728271484,0.3323278269490392,-67.3471994557658,171.40024884956682
317000,158500.0,-67.75536346435547,0.3963006705183108,-67.35906279383715,204.3946610480644
318000,159000.0,-67.78964233398438,0.4337369550076412,-67.35590537897673,223.7026694576592
319000,159500.0,-67.82988739013672,0.47356173934863033,-67.3563256507881,244.24256227702458
320000,160000.0,-67.70901489257812,0.3637830463112985,-67.34523184626683,187.62348382752643
321000,160500.0,-67.70581817626953,0.35152533214754583,-67.35429284412199,181.30148763093277
322000,161000.0,-67.66129302978516,0.3166519790911379,-67.34464105069402,163.31532785923326
323000,161500.0,-67.6270523071289,0.27354658406727667,-67.35350572306163,141.08343863804672
324000,162000.0,-67.70710754394531,0.350438470666552,-67.35666907327877,180.74093171836418
325000,162500.0,-67.66111755371094,0.3009602561220215,-67.36015729758891,155.22221917653047
326000,163000.0,-67.81336975097656,0.45710524678877223,-67.35626450418779,235.7550186793491
327000,163500.0,-67.63301849365234,0.2918444303943057,-67.34117406325804,150.52067247626164
328000,164000.0,-67.80859375,0.45657173058379025,-67.35202201941621,235.4798542095582
329000,164500.0,-67.74981689453125,0.39542859673187397,-67.35438829779937,203.9448832928198
330000,165000.0,-67.63813018798828,0.28753079162890904,-67.35059939635937,148.29588508898846
331000,165500.0,-67.70459747314453,0.3471273800051096,-67.35747009313943,179.0332150683777
332000,166000.0,-67.79977416992188,0.4523174625493114,-67.34745670737256,233.28568766480402
333000,166500.0,-67.81910705566406,0.47274467447550833,-67.34636238118856,243.82115572836133
334000,167000.0,-67.75736999511719,0.40161872941426935,-67.35575126570292,207.13748468258274
335000,167500.0,-67.69480895996094,0.34285712042789046,-67.35195183953304,176.83080078093423
336000,168000.0,-67.81140899658203,0.45813737940195354,-67.35327161718008,236.2873478206345
337000,168500.0,-67.72437286376953,0.38251793836037556,-67.34185492540915,197.28612685342628
338000,169000.0,-67.80809783935547,0.461427907198453,-67.34666993215701,237.98445903862742
339000,169500.0,-67.65250396728516,0.3028750824257455,-67.34962888485941,156.209803358015
340000,170000.0,-67.81977844238281,0.4730884586122325,-67.34668998377057,243.99846464385604
341000,170500.0,-67.68406677246094,0.3356284552460825,-67.34843831721486,173.1025694667323
342000,171000.0,-67.73635864257812,0.3921627559513713,-67.34419588662675,202.26050456468198
343000,171500.0,-67.65705108642578,0.33091493776589354,-67.32613614865988,170.6715420186906
344000,172000.0,-67.73960876464844,0.3895682980988408,-67.3500404665496,200.92239596981662
345000,172500.0,-67.79047393798828,0.44100988481401077,-67.34946405317427,227.45373054129314
346000,173000.0,-67.84587097167969,0.4970383614331762,-67.34883261024652,256.35078356074945
347000,173500.0,-67.594482421875,0.2570985724616561,-67.33738384941334,132.6002691479509
348000,174000.0,-67.739990234375,0.40199895657500817,-67.33799127779999,207.3335893259053
349000,174500.0,-67.85147094726562,0.49477488551293664,-67.35669606175269,255.18338106076695
350000,175000.0,-67.79141235351562,0.4358558139096173,-67.35555653960601,224.7954847852529
351000,175500.0,-67.80103302001953,0.45427184290857925,-67.34676117711095,234.2936721089613
352000,176000.0,-67.80774688720703,0.4509405319665061,-67.35680635524052,232.57552671707936
353000,176500.0,-67.66893005371094,0.3277465217743668,-67.34118353193657,169.03741076223727
354000,177000.0,-67.74363708496094,0.4000088761273098,-67.34362820883362,206.3071923278036
355000,177500.0,-67.75566101074219,0.40037440862762674,-67.35528660211456,206.49571810396898
356000,178000.0,-67.70279693603516,0.36601617415930443,-67.33678076187586,188.7752341108989
357000,178500.0,-67.71858215332031,0.36941058897660417,-67.3491715643437,190.525925738877
358000,179000.0,-67.7873306274414,0.44128552544776745,-67.34604510199364,227.59589399974524
359000,179500.0,-67.74856567382812,0.39685377649271214,-67.3517118973354,204.6799290694724
360000,180000.0,-67.82780456542969,0.4884989482345161,-67.33930561719517,251.94652538978366
361000,180500.0,-67.77548217773438,0.43146055478466977,-67.34402162294971,222.52860116406924
362000,181000.0,-67.66751861572266,0.3148227340583082,-67.35269588166435,162.3718827775732
363000,181500.0,-67.69558715820312,0.3759805450709753,-67.31960661313215,193.91442353589903
364000,182000.0,-67.7834701538086,0.44794304311244393,-67.33552711069615,231.02955224895624
365000,182500.0,-67.7652816772461,0.4118063764585985,-67.3534753007875,212.39183023233818
366000,183000.0,-67.75836944580078,0.40601546075748873,-67.3523539850433,209.40512760996256
367000,183500.0,-67.78314971923828,0.4482483853167854,-67.3349013339215,231.18703448656746
368000,184000.0,-67.83206176757812,0.48652394290942724,-67.3455378246687,250.92790348469907
369000,184500.0,-67.72068786621094,0.3844318566592055,-67.33625600955173,198.27324272545192
370000,185000.0,-67.64424896240234,0.29172039900490015,-67.35252856339744,150.45670247650435
371000,185500.0,-67.74943542480469,0.3986766694847046,-67.35075875531999,205.6200980445536
372000,186000.0,-67.67768859863281,0.32110719674087373,-67.35658140189194,165.6131354814665
373000,186500.0,-67.72998809814453,0.37808789587208563,-67.35190020227245,195.00130348525408
374000,187000.0,-67.8111572265625,0.4595640264900089,-67.35159320007249,237.02315038088983
375000,187500.0,-67.81825256347656,0.4576069569911802,-67.36064560648538,236.01377899542783
376000,188000.0,-67.67973327636719,0.32003206558214453,-67.35970121078505,165.0586295592755
377000,188500.0,-67.79432678222656,0.426640190758407,-67.36768659146816,220.04246691153904
378000,189000.0,-67.78406524658203,0.43369041185164453,-67.35037483473039,223.67866452074702
379000,189500.0,-67.85106658935547,0.5081566076342089,-67.34290998172126,262.0850917079874
380000,190000.0,-67.8306884765625,0.47559467091342283,-67.35509380564908,245.29106001884324
381000,190500.0,-67.72233581542969,0.3756191268256899,-67.346716688604,193.72801971365698
382000,191000.0,-67.73345947265625,0.37613618946172966,-67.35732328319452,193.9946981477251
383000,191500.0,-67.76577758789062,0.4146135184977906,-67.35116406939284,213.83963208658187
384000,192000.0,-67.869873046875,0.513338076205227,-67.35653497066977,264.7574679896609
385000,192500.0,-67.7974624633789,0.45354078044855284,-67.34392168293036,233.91662186696541
386000,193000.0,-67.64794921875,0.3035161157446799,-67.34443310300531,156.5404204820606
387000,193500.0,-67.7347640991211,0.38210792563467605,-67.35265617348642,197.07466011029626
388000,194000.0,-67.79019927978516,0.44188589162220065,-67.34831338816295,227.9055367782132
389000,194500.0,-67.79717254638672,0.4524445439792644,-67.34472800240745,233.3512307429088
390000,195000.0,-67.73102569580078,0.39959481070441,-67.33143088509637,206.09363537960402
391000,195500.0,-67.79269409179688,0.4416107927023947,-67.35108329909448,227.76365271227183
392000,196000.0,-67.8035888671875,0.45305618070784764,-67.35053268647965,233.66668638334417
393000,196500.0,-67.73653411865234,0.40675387453091305,-67.32978024412144,209.78596933989175
394000,197000.0,-67.70823669433594,0.3776039105673336,-67.3306327837686,194.75168490099165
395000,197500.0,-67.63160705566406,0.3086043310248358,-67.32300272463922,159.16470076946678
396000,198000.0,-67.74172973632812,0.42125806718025444,-67.32047166914786,217.26660149845122
397000,198500.0,-67.66455078125,0.32841836289629545,-67.3361324183537,169.38391721203752
398000,199000.0,-67.62286376953125,0.27277517374456994,-67.35008859578669,140.6855787221591
399000,199500.0,-67.64358520507812,0.3142856812437335,-67.3292995238344,162.09489427826955
400000,200000.0,-67.7629165649414,0.427077640428517,-67.33583892451288,220.2680844380771
401000,200500.0,-67.67515563964844,0.33667626115391086,-67.33847937849453,173.64298221217285
402000,201000.0,-67.82662200927734,0.4791299277475603,-67.34749208152978,247.11439183755132
403000,201500.0,-67.90938568115234,0.5822215535827575,-67.32716412756959,300.2845716707581
404000,202000.0,-67.72952270507812,0.3960270636451042,-67.33349564143302,204.2535465149087
405000,202500.0,-67.76057434082031,0.4148462391356927,-67.34572810168461,213.95965927664614
406000,203000.0,-67.9075698852539,0.5738611379460334,-67.33370874730787,295.972632662292
407000,203500.0,-67.7386474609375,0.4149228204558512,-67.32372464048164,213.99915659305475
408000,204000.0,-67.65824127197266,0.31502618495350687,-67.34321508701915,162.4768139065306
409000,204500.0,-67.61846160888672,0.27250219903022865,-67.34595940985649,140.54479022906997
410000,205000.0,-67.81521606445312,0.4856000031977335,-67.3296160612554,250.45137553950659
411000,205500.0,-67.62394714355469,0.2860116487038452,-67.33793549485084,147.51237719624157
412000,206000.0,-67.87014770507812,0.538768602829203,-67.33137910224892,277.8734283103518
413000,206500.0,-67.59614562988281,0.25934803536578527,-67.33679759451702,133.76044434328514
414000,207000.0,-67.7454605102539,0.40827256357424296,-67.33718794667966,210.5692431401678
415000,207500.0,-67.7331314086914,0.3829221619059983,-67.35020924678541,197.49460778909352
416000,208000.0,-67.77032470703125,0.4446186432576888,-67.32570606377357,229.31497129552957
417000,208500.0,-67.7860107421875,0.4435891019157322,-67.34242164027177,228.7839786193149
418000,209000.0,-67.69309997558594,0.38225550005752773,-67.31084447552841,197.1507725834311
419000,209500.0,-67.66341400146484,0.33805688892712965,-67.32535711253772,174.3550500100182
420000,210000.0,-67.83326721191406,0.49288474857396153,-67.3403824633401,254.20853058052182
421000,210500.0,-67.77733612060547,0.4436626031108537,-67.33367351749462,228.82188734110395
422000,211000.0,-67.79399108886719,0.4608607408510842,-67.3331303480161,237.6919392879626
423000,211500.0,-67.83531188964844,0.5048542100103725,-67.33045767963806,260.38185854896403
424000,212000.0,-67.74343872070312,0.4113628640820878,-67.33207585662103,212.16308582534796
425000,212500.0,-67.81597900390625,0.4867843598104586,-67.3291946440958,251.0622152034955
426000,213000.0,-67.7163314819336,0.396051274719379,-67.32028020721421,204.26603353470995
427000,213500.0,-67.82231140136719,0.49217848745182324,-67.33013291391536,253.84427179064372
428000,214000.0,-67.77339935302734,0.45341426325358214,-67.31998508977377,233.8513697967406
429000,214500.0,-67.61744689941406,0.3046188187657615,-67.3128280806483,157.10914677247004
430000,215000.0,-67.81085205078125,0.4675122723961618,-67.34333977838509,241.1225101568651
431000,215500.0,-67.72718811035156,0.4110717095438712,-67.31611640080769,212.0129209692715
432000,216000.0,-67.87626647949219,0.5565168620370307,-67.31974961745516,287.0272089997274
433000,216500.0,-67.77617645263672,0.45308485172173113,-67.32309160091499,233.68147364614882
434000,217000.0,-67.76525115966797,0.4503874508106704,-67.3148637088573,232.2902714960088
435000,217500.0,-67.72892761230469,0.40859137935046047,-67.32033623295423,210.73367446053757
436000,218000.0,-67.75325012207031,0.4350643554111851,-67.31818576665913,224.38728489169966
437000,218500.0,-67.8416976928711,0.5128337422918297,-67.32886395057926,264.4973544774908
438000,219000.0,-67.81851959228516,0.4933695255243097,-67.32515006676084,254.45855746117465
439000,219500.0,-67.738525390625,0.41411013285517884,-67.32441525776981,213.58000765126732
440000,220000.0,-67.85970306396484,0.5389491014226757,-67.32075396254217,277.96652163967735
441000,220500.0,-67.70825958251953,0.3674297855620985,-67.34082979695744,189.5043134312793
442000,221000.0,-67.80620574951172,0.4792441781858799,-67.32696157132584,247.17331724785754
443000,221500.0,-67.62493896484375,0.2857616611025449,-67.33917730374121,147.38344445694753
444000,222000.0,-67.83978271484375,0.5065284525963437,-67.33325426224741,261.24536010555806
445000,222500.0,-67.8248291015625,0.4961759123937404,-67.32865318916876,255.90596983167816
446000,223000.0,-67.62816619873047,0.29650981948203703,-67.33165637924843,152.9268773913253
447000,223500.0,-67.66911315917969,0.3515586595738737,-67.31755449960582,181.31867646889003
448000,224000.0,-67.72573852539062,0.40566573671897693,-67.32007278867165,209.22475515129756
449000,224500.0,-67.72894287109375,0.4008165675497171,-67.32812630354404,206.72376445799569
450000,225000.0,-67.75470733642578,0.4100816972476616,-67.34462563917812,211.5023156567634
451000,225500.0,-67.85124969482422,0.5146528318112531,-67.33659686301297,265.4355617867349
452000,226000.0,-67.79605865478516,0.4700989926168391,-67.32595966216832,242.45662801752889
453000,226500.0,-67.832763671875,0.5027326991376534,-67.33003097273735,259.2876754501263
454000,227000.0,-67.635498046875,0.29647217901870326,-67.3390258678563,152.90746407634217
455000,227500.0,-67.88160705566406,0.5417594642058835,-67.33984759145818,279.415984613698
456000,228000.0,-67.81385040283203,0.488844201992094,-67.32500620083994,252.12459227183916
457000,228500.0,-67.78369140625,0.46306839281355194,-67.32062301343645,238.83055021685792
458000,229000.0,-67.75121307373047,0.41294808849595055,-67.33826498523452,212.9806756778527
459000,229500.0,-67.79887390136719,0.46954110292361906,-67.32933279844357,242.16889276187368
460000,230000.0,-67.75311279296875,0.4296406811225926,-67.32347211184616,221.58998942812627
461000,230500.0,-67.81233978271484,0.4731493914650269,-67.33919039124982,244.02989116094298
462000,231000.0,-67.77566528320312,0.43359056695381537,-67.34207471624931,223.6271688621036
463000,231500.0,-67.6409912109375,0.31597670038189973,-67.3250145105556,162.96704845131
464000,232000.0,-67.73836517333984,0.4011685255019668,-67.33719664783787,206.90528907227193
465000,232500.0,-67.7151870727539,0.3958462364821992,-67.3193408362717,204.16028372375087
466000,233000.0,-67.78631591796875,0.44724782135954366,-67.33906809660921,230.67098708591615
467000,233500.0,-67.71375274658203,0.3813775077373804,-67.33237523884465,196.69794230574163
468000,234000.0,-67.7813491821289,0.4347098324111576,-67.34663934971775,224.20443733726682
469000,234500.0,-67.8259048461914,0.4726127985925736,-67.35329204759883,243.75313987979462
470000,235000.0,-67.81831359863281,0.4759239341940747,-67.34238966443874,245.4608797079101
471000,235500.0,-67.73988342285156,0.3987679025806201,-67.34111552027095,205.66715211007318
472000,236000.0,-67.72945404052734,0.3868388563389209,-67.34261518418842,199.51466854245794
473000,236500.0,-67.68403625488281,0.34024103659371463,-67.3437952182891,175.48153844468746
474000,237000.0,-67.74835968017578,0.3941087122646846,-67.3542509679111,203.26414425207847
475000,237500.0,-67.81047821044922,0.47342527411442137,-67.3370529363348,244.1721794405421
476000,238000.0,-67.76060485839844,0.43403092584214004,-67.3265739325563,223.85428683695056
477000,238500.0,-67.82051849365234,0.46438526616177417,-67.35613322749057,239.50973625331122
478000,239000.0,-67.76006317138672,0.4230899415872347,-67.33697322979948,218.21140269701505
479000,239500.0,-67.78854370117188,0.46063097016183635,-67.32791273101004,237.5734335531977
480000,240000.0,-67.71488952636719,0.3766217910906881,-67.3382677352765,194.24515036176132
481000,240500.0,-67.84883117675781,0.5172959325602464,-67.33153524419757,266.79875827338185
482000,241000.0,-67.7842025756836,0.4350794878645273,-67.34912308781907,224.39508955341688
483000,241500.0,-67.84593963623047,0.5027187067667199,-67.34322092946375,259.280458793363
484000,242000.0,-67.74739074707031,0.400089890712551,-67.34730085635776,206.34897612965452
485000,242500.0,-67.85031127929688,0.4949716359582939,-67.35533964333858,255.28485638892437
486000,243000.0,-67.85123443603516,0.5023625644956123,-67.34887187153954,259.096776089287
487000,243500.0,-67.72506713867188,0.38465349582892416,-67.34041364284295,198.3875545758719
488000,244000.0,-67.88292694091797,0.5481913325993193,-67.33473560831865,282.733262776419
489000,244500.0,-67.86314392089844,0.5229410483158095,-67.34020287258262,269.71026362089066
490000,245000.0,-67.80543518066406,0.46577412158778286,-67.33966105907628,240.226047516859
491000,245500.0,-67.58311462402344,0.24986083634559683,-67.33325378767785,128.86735944012108
492000,246000.0,-67.77250671386719,0.45108014397696067,-67.32142656989022,232.6475325239779
493000,246500.0,-67.70415496826172,0.3634184808162572,-67.34073648744547,187.43545679065232
494000,247000.0,-67.8301773071289,0.4901074890960841,-67.34006981803282,252.7761408525891
495000,247500.0,-67.75909423828125,0.41367203059157476,-67.34542220768968,213.35405354536934
496000,248000.0,-67.8182601928711,0.47630463049384003,-67.34195556237725,245.65722631275187
497000,248500.0,-67.75684356689453,0.42264090344554983,-67.33420266344898,217.9798083405198
498000,249000.0,-67.7597885131836,0.4095352221060758,-67.35025329107752,211.22046753071925
499000,249500.0,-67.84014129638672,0.49581727732612135,-67.3443240190606,255.72100145150844
500000,250000.0,-67.63086700439453,0.2902187972141663,-67.34064820718037,149.68224153843732
501000,250500.0,-67.8895263671875,0.5391691081965697,-67.35035725899093,278.07999157128137
502000,251000.0,-67.63814544677734,0.3021215431996268,-67.33602390357771,155.82116057699847
503000,251500.0,-67.82241821289062,0.46876849348431404,-67.3536497194063,241.77041439376305
504000,252000.0,-67.74464416503906,0.39035898625183657,-67.35428517878722,201.33019855267605
505000,252500.0,-67.78388977050781,0.43658924308247765,-67.34730052742533,225.17375567486178
506000,253000.0,-67.70806121826172,0.37272821250169025,-67.33533300576003,192.23701175598663
507000,253500.0,-67.86055755615234,0.5096114984444754,-67.35094605770787,262.8354611525746
508000,254000.0,-67.8567886352539,0.49782562660285645,-67.35896300865105,256.7568207175912
509000,254500.0,-67.8573989868164,0.5052670346659213,-67.35213195215049,260.5947755632926
510000,255000.0,-67.67105865478516,0.33312482205840505,-67.33793383272675,171.8113042863965
511000,255500.0,-67.75242614746094,0.41555099211713004,-67.3368751553438,214.32314023310047
512000,256000.0,-67.74120330810547,0.4177593615629411,-67.32344394654253,215.4621212087196
513000,256500.0,-67.84130859375,0.48432229775717633,-67.35698629599283,249.7923906074337
514000,257000.0,-67.67971801757812,0.3371692516473932,-67.34254876593073,173.89724528138103
515000,257500.0,-67.791748046875,0.4427917674876282,-67.34895627938737,228.37274817662825
516000,258000.0,-67.81438446044922,0.474641831074077,-67.33974262937514,244.79962664392244
517000,258500.0,-67.6360855102539,0.284898102009507,-67.3511874082444,146.9380582104756
518000,259000.0,-67.89359283447266,0.5393812295799502,-67.35421160489271,278.189394561189
519000,259500.0,-67.65526580810547,0.315396999028805,-67.33986880907666,162.66806368951302
520000,260000.0,-67.82489776611328,0.4767734125009641,-67.34812435361232,245.8990036968937
521000,260500.0,-67.6304702758789,0.2783417439007154,-67.3521285319782,143.55657366339287
522000,261000.0,-67.76824951171875,0.41098892515348234,-67.35726058656527,211.9702243788482
523000,261500.0,-67.8313217163086,0.48386183986623715,-67.34745987644236,249.55490644062084
524000,262000.0,-67.67034912109375,0.32562684615475646,-67.34472227493899,167.94417420718563
525000,262500.0,-67.66427612304688,0.33199528738479916,-67.33228083566208,171.22873939582553
526000,263000.0,-67.72455596923828,0.3870377449883198,-67.33751822424996,199.61724666332518
527000,263500.0,-67.65174102783203,0.2985793069001596,-67.35316172093187,153.99422905342865
528000,264000.0,-67.73490142822266,0.383591675522816,-67.35130975269983,197.83991381292014
529000,264500.0,-67.90070343017578,0.5536596992296156,-67.34704373094617,285.553608607336
530000,265000.0,-67.7174301147461,0.377801245074791,-67.3396288696713,194.85346146299466
531000,265500.0,-67.88939666748047,0.5207129392250727,-67.36868372825539,268.56110179438247
532000,266000.0,-67.74151611328125,0.398130237588572,-67.34338587569268,205.3382722226346
533000,266500.0,-67.83965301513672,0.49239260182192135,-67.3472604133148,253.95470267647715
534000,267000.0,-67.73686981201172,0.38584901546742323,-67.35102079654429,199.00415164336545
535000,267500.0,-67.69168090820312,0.33610966142269777,-67.35557124678043,173.35075469749378
536000,268000.0,-67.76358032226562,0.41343928439300687,-67.35014103787262,213.23401317222465
537000,268500.0,-67.69075012207031,0.3294150085101301,-67.36133511356019,169.89794370146626
538000,269000.0,-67.65885162353516,0.30659255828480075,-67.35225906525035,158.1271158298112
539000,269500.0,-67.7020492553711,0.3460243290429975,-67.35602492632809,178.46430932510765
540000,270000.0,-67.76404571533203,0.40130846576602813,-67.36273724956601,206.97746417811362
541000,270500.0,-67.75371551513672,0.39877596909452534,-67.35493954604219,205.67131246734266
542000,271000.0,-67.79396057128906,0.42570677618625813,-67.3682537951028,219.56105224513897
543000,271500.0,-67.74202728271484,0.3928308059117104,-67.34919647680313,202.60505569811332
544000,272000.0,-67.7291259765625,0.37533854743566053,-67.35378742912684,193.58330905937746
545000,272500.0,-67.7900619506836,0.4221895839383454,-67.36787236674525,217.74703735484675
546000,273000.0,-67.79460144042969,0.4408683527742933,-67.3537330876554,227.38073446675293
547000,273500.0,-67.80082702636719,0.44470380738102694,-67.35612321898616,229.35889524877547
548000,274000.0,-67.75414276123047,0.39484578944051674,-67.35929697178995,203.64429662306347
549000,274500.0,-67.8227767944336,0.4622969222562578,-67.36047987217734,238.43265923458816
550000,275000.0,-67.79595947265625,0.4306074647718401,-67.36535200788441,222.0886144141408
551000,275500.0,-67.85987091064453,0.49892788711083735,-67.3609430235337,257.3253187789767
552000,276000.0,-67.70674896240234,0.3466351394852602,-67.36011382291709,178.77933880297255
553000,276500.0,-67.8262710571289,0.46344820124472996,-67.36282285588418,239.02643889767265
554000,277000.0,-67.87101745605469,0.5133419394245702,-67.35767551663012,264.75946047028725
555000,277500.0,-67.80023193359375,0.4412756364663501,-67.3589562971274,227.5907936929447
556000,278000.0,-67.79242706298828,0.42593836245821426,-67.36648870053007,219.68049437855234
557000,278500.0,-67.8266372680664,0.44250209100400284,-67.3841351770624,228.2233456368678
558000,279000.0,-67.70952606201172,0.3429909202118821,-67.36653514179984,176.8998088940457
559000,279500.0,-67.74533081054688,0.36797434043879895,-67.37735647010808,189.78517116815792
560000,280000.0,-67.63389587402344,0.27115519077356576,-67.36274068324987,139.85006191662612
561000,280500.0,-67.91282653808594,0.5509014038692813,-67.36192513421666,284.13099974697604
562000,281000.0,-67.64954376220703,0.30097052854253825,-67.3485732336645,155.22751724455273
563000,281500.0,-67.69513702392578,0.34856200225138184,-67.3465750216744,179.77313086860917
564000,282000.0,-67.82869720458984,0.47262271697972363,-67.35607448761012,243.758255352794
565000,282500.0,-67.88871002197266,0.5230684184426816,-67.36564160352998,269.7759555963184
566000,283000.0,-67.81975555419922,0.46499329924212673,-67.3547622549571,239.8233332886181
567000,283500.0,-67.74395751953125,0.39127946257866186,-67.35267805695258,201.80494023448588
568000,284000.0,-67.76383209228516,0.4049334009945802,-67.35889869129058,208.8470482148806
569000,284500.0,-67.73929595947266,0.3720676494222522,-67.36722831005041,191.8963220303144
570000,285000.0,-67.74018859863281,0.3839588462336668,-67.35622975239914,198.02928450687577
571000,285500.0,-67.6534652709961,0.2957193233712968,-67.35774594762479,152.51917385551437
572000,286000.0,-67.76632690429688,0.41799553534709627,-67.34833136894977,215.5839293815337
573000,286500.0,-67.81558227539062,0.45018845459005435,-67.36539382080058,232.18763789458325
574000,287000.0,-67.7319564819336,0.38003359067826326,-67.35192289125533,196.00480829863614
575000,287500.0,-67.8163070678711,0.47028898150951864,-67.34601808636158,242.55461603069915
576000,288000.0,-67.81689453125,0.4458788684431981,-67.3710156628068,229.96494067181027
577000,288500.0,-67.72293090820312,0.3601006138874692,-67.36283029431566,185.72424523649255
578000,289000.0,-67.7184066772461,0.35528731944577496,-67.36311935780031,183.24175716841046
579000,289500.0,-67.78501892089844,0.4279354790563322,-67.35708344184211,220.71052031722138
580000,290000.0,-67.8521728515625,0.49147754010584005,-67.36069531145667,253.48275361554855
581000,290500.0,-67.74958801269531,0.39120421674313094,-67.35838379595218,201.76613170300269
582000,291000.0,-67.69034576416016,0.34276649293610595,-67.34757927122405,176.78405905970345
583000,291500.0,-67.72566986083984,0.38428896555591874,-67.34138089528392,198.19954570499297
584000,292000.0,-67.70164489746094,0.35782029616925365,-67.34382460129169,184.54815646912562
585000,292500.0,-67.81685638427734,0.4498363398963447,-67.367020044381,232.0060324398746
586000,293000.0,-67.68540954589844,0.3344461135728706,-67.35096343232557,172.492769020967
587000,293500.0,-67.78083801269531,0.4327407862597748,-67.34809722643554,223.1888889149704
588000,294000.0,-67.6896743774414,0.35900942560151106,-67.33066495183989,185.16145774598354
589000,294500.0,-67.81909942626953,0.4695150721076708,-67.34958435416186,242.1554671984105
590000,295000.0,-67.820556640625,0.4614488511641755,-67.35910778946082,237.99526102583894
591000,295500.0,-67.79073333740234,0.4419599158753622,-67.34877342152699,227.94371527060508
592000,296000.0,-67.89014434814453,0.5355169450021575,-67.35462740314237,276.19636453315957
593000,296500.0,-67.70532989501953,0.36280460162026335,-67.34252529339926,187.11884458299312
594000,297000.0,-67.68781280517578,0.3386011820602004,-67.34921162311558,174.63577275090904
595000,297500.0,-67.82428741455078,0.46976586307375506,-67.35452155147702,242.28481427834265
596000,298000.0,-67.89906311035156,0.544050346060871,-67.35501276429069,280.5975219036524
597000,298500.0,-67.81188201904297,0.4465637471854096,-67.36531827185756,230.31817135948552
598000,299000.0,-67.70502471923828,0.33918557701118085,-67.3658391422271,174.93717826649302
599000,299500.0,-67.7590103149414,0.3912234639659913,-67.36778685097542,201.7760585839931
600000,300000.0,-67.76129150390625,0.38964464817773264,-67.37164685572851,200.96177402203057
601000,300500.0,-67.70634460449219,0.3502186969183478,-67.35612590757384,180.62758197128272
602000,301000.0,-67.77873229980469,0.4203858949572383,-67.35834640484745,216.81677297389746
603000,301500.0,-67.77558135986328,0.4290224070400406,-67.34655895282324,221.27111052899963
604000,302000.0,-67.84378051757812,0.48232529971634547,-67.36145521786177,248.7624258154604
605000,302500.0,-67.76274871826172,0.40450355849610414,-67.35824515976562,208.62535413683335
606000,303000.0,-67.83700561523438,0.48561245780247275,-67.3513931574319,250.4577990833044
607000,303500.0,-67.71448516845703,0.3694209820385856,-67.34506418641844,190.53128602852317
608000,304000.0,-67.72074890136719,0.35605561215902265,-67.36469328920816,183.63800915684283
609000,304500.0,-67.8813247680664,0.52360528876844,-67.35771947929797,270.0528499758223
610000,305000.0,-67.808837890625,0.4495048603801531,-67.35933303024484,231.83506971284274
611000,305500.0,-67.7337646484375,0.38311553457074493,-67.35064911386675,197.59434100482375
612000,306000.0,-67.81025695800781,0.4615692043368348,-67.34868775367097,238.05733396126845
613000,306500.0,-67.6837387084961,0.3262760949839869,-67.35746261351211,168.27902853436314
614000,307000.0,-67.89652252197266,0.5208133766701971,-67.37570914530247,268.6129030631663
615000,307500.0,-67.84410858154297,0.4931918431927094,-67.35091673835026,254.36691663731693
616000,308000.0,-67.79254150390625,0.43575334846326375,-67.35678815544298,224.74263756158007
617000,308500.0,-67.8462142944336,0.48078834465100184,-67.36542594978259,247.96973119494373
618000,309000.0,-67.83271026611328,0.47950805548513614,-67.35320221062814,247.30941368965568
619000,309500.0,-67.85063171386719,0.4919255533927279,-67.35870616047445,253.71381939648379
620000,310000.0,-67.75758361816406,0.41794138792997954,-67.33964223023408,215.55600249724725
621000,310500.0,-67.81055450439453,0.47401577157088365,-67.33653873282364,244.4767323632144
622000,311000.0,-67.75128936767578,0.41163236300560685,-67.33965700467017,212.3020816566027
623000,311500.0,-67.68211364746094,0.3432502532249441,-67.338863394236,177.0335615905376
624000,312000.0,-67.59776306152344,0.2627244182279445,-67.33503864329549,135.50183587254236
625000,312500.0,-67.75248718261719,0.41481132196651005,-67.33767586065068,213.94165051842094
626000,313000.0,-67.81144714355469,0.47037781236668164,-67.34106933118801,242.60043112588102
627000,313500.0,-67.68696594238281,0.3475953467839728,-67.33937059559884,179.2745719932156
628000,314000.0,-67.77435302734375,0.4482143319861919,-67.32613869535756,231.16947125874069
629000,314500.0,-67.76972961425781,0.41075674461530093,-67.35897286964251,211.850475748745
630000,315000.0,-67.61079406738281,0.28737116985021544,-67.3234228975326,148.21355911333646
631000,315500.0,-67.80252075195312,0.4725600045983851,-67.32996074735475,243.72591103222942
632000,316000.0,-67.7789077758789,0.4348084614923342,-67.34409931438657,224.25530593052508
633000,316500.0,-67.79230499267578,0.46691280647983185,-67.32539218619596,240.813331692398
634000,317000.0,-67.81144714355469,0.4772454139998616,-67.33420172955482,246.14244155496027
635000,317500.0,-67.8237533569336,0.4858850845162519,-67.33786827241734,250.59840809282903
636000,318000.0,-67.72493743896484,0.384803727265517,-67.34013371169932,198.46503742120998
637000,318500.0,-67.61695098876953,0.2879385868315088,-67.32901240193802,148.506208130086
638000,319000.0,-67.81002044677734,0.46528270676497,-67.34473774001238,239.97259711009724
639000,319500.0,-67.76040649414062,0.40922019871499316,-67.35118629542563,211.0579921577699
640000,320000.0,-67.74061584472656,0.4121142500705645,-67.328501594656,212.55061805997704
641000,320500.0,-67.70413208007812,0.38746802452205814,-67.31666405555606,199.83916614516545
642000,321000.0,-67.7544937133789,0.41683212954369014,-67.33766158383521,214.98389523438593
643000,321500.0,-67.80254364013672,0.47125288556100225,-67.33129075457572,243.0517558453459
644000,322000.0,-67.66676330566406,0.32527336330671947,-67.34148994235734,167.76186311794035
645000,322500.0,-67.76029968261719,0.43329031975346954,-67.32700936286372,223.47231440610418
646000,323000.0,-67.68651580810547,0.3598763619362376,-67.32663944616922,185.6085858269301
647000,323500.0,-67.70506286621094,0.3819627872499769,-67.32310007896096,196.99980403976062
648000,324000.0,-67.72608184814453,0.38795131704106106,-67.33813053110347,200.0884274206497
649000,324500.0,-67.70075225830078,0.35363292234211235,-67.34711933595867,182.38849104902752
650000,325000.0,-67.73106384277344,0.38692952650087026,-67.34413431627257,199.56143227110513
651000,325500.0,-67.7912826538086,0.4643354317022647,-67.32694722210633,239.4840338051003
652000,326000.0,-67.77374267578125,0.44458581552053644,-67.32915686026071,229.2980401755306
653000,326500.0,-67.80518341064453,0.48083541521441375,-67.32434799543012,247.99400814567747
654000,327000.0,-67.76414489746094,0.42211038320423483,-67.3420345142567,217.70618905857182
655000,327500.0,-67.81420135498047,0.4894591705733342,-67.32474218440713,252.44176633705942
656000,328000.0,-67.70658111572266,0.37552367012298055,-67.33105744559967,193.67878729532794
657000,328500.0,-67.7628173828125,0.4284192577273457,-67.33439812508516,220.96003232878257
658000,329000.0,-67.90249633789062,0.5549609076120028,-67.34753543027863,286.2247153352734
659000,329500.0,-67.74215698242188,0.40224985928809126,-67.33990712313378,207.4629940400825
660000,330000.0,-67.83580780029297,0.49457328338942197,-67.34123451690354,255.07940344788918
661000,330500.0,-67.85845184326172,0.5192623632811676,-67.33918947998055,267.8129577703232
662000,331000.0,-67.66163635253906,0.32162566404792825,-67.34001068849113,165.88053838379142
663000,331500.0,-67.7222900390625,0.38565878782407653,-67.33663125123843,198.90604049297812
664000,332000.0,-67.69715118408203,0.3678353224764293,-67.32931586160561,189.7134717454419
665000,332500.0,-67.76374816894531,0.43808939403221,-67.32565877491311,225.94746833219958
666000,333000.0,-67.73612976074219,0.4005329128332384,-67.33559684790895,206.57746768399952
667000,333500.0,-67.78455352783203,0.4580296182129526,-67.32652390961908,236.23176928307822
668000,334000.0,-67.77581787109375,0.443278689336198,-67.33253918175755,228.623881302558
669000,334500.0,-67.85022735595703,0.5260028490606196,-67.32422450689641,271.2894073670107
670000,335000.0,-67.84166717529297,0.5200354214466445,-67.32163175384632,268.21166757188985
671000,335500.0,-67.85661315917969,0.5363520405185951,-67.3202611186611,276.6270705039614
672000,336000.0,-67.75023651123047,0.43438473928688487,-67.31585177194358,224.0367684336087
673000,336500.0,-67.85186767578125,0.5379300306159581,-67.3139376451653,277.4409292104478
674000,337000.0,-67.7611083984375,0.44284902648127566,-67.31825937195623,228.40227987684773
675000,337500.0,-67.74565124511719,0.43520052667419307,-67.310450718443,224.45751611061382
676000,338000.0,-67.69072723388672,0.3820813666036227,-67.30864586728309,197.0609621164402
677000,338500.0,-67.75452423095703,0.4251834960656124,-67.32934073489142,219.29116710274775
678000,339000.0,-67.76655578613281,0.44921080297034205,-67.31734498316247,231.68340768176822
679000,339500.0,-67.783935546875,0.4615287812091857,-67.32240676566582,238.03648546897716
680000,340000.0,-67.6986083984375,0.3878940013883314,-67.31071439704917,200.05886649813826
681000,340500.0,-67.6888198852539,0.37748149945849113,-67.31133838579541,194.68855057152496
682000,341000.0,-67.70401763916016,0.3777666572023145,-67.32625098195784,194.83562254169794
683000,341500.0,-67.79618072509766,0.47836505207493174,-67.31781567302272,246.7199022101521
684000,342000.0,-67.684326171875,0.3743493404430411,-67.30997683143195,193.07311908745945
685000,342500.0,-67.810302734375,0.49432283330474863,-67.31597990107025,254.95023217977268
686000,343000.0,-67.80008697509766,0.47149028583819835,-67.32859668925946,243.1741965899622
687000,343500.0,-67.74878692626953,0.435812509904289,-67.31297441636524,224.77315046146907
688000,344000.0,-67.6647720336914,0.34144587102249313,-67.32332616266892,176.10293967614928
689000,344500.0,-67.8155517578125,0.48814807986933495,-67.32740367794317,251.76556273715957
690000,345000.0,-67.94451141357422,0.6041275620028895,-67.34038385157133,311.58273869150264
691000,345500.0,-67.923583984375,0.5957348633462762,-67.32784912102872,307.2541495045263
692000,346000.0,-67.86747741699219,0.5425481125003874,-67.3249293044918,279.8227351262077
693000,346500.0,-67.76051330566406,0.44130929833700433,-67.31920400732706,227.60815502274917
694000,347000.0,-67.75617980957031,0.43433083311514364,-67.32184897645517,224.00896597320147
695000,347500.0,-67.71617889404297,0.3919071251694816,-67.32427176887349,202.12866131811504
696000,348000.0,-67.71475982666016,0.3967834753999005,-67.31797635126026,204.6436708213656
697000,348500.0,-67.6148910522461,0.31074342358805424,-67.30414762865804,160.2679517400938
698000,349000.0,-67.64109802246094,0.3321241754239875,-67.30897384703695,171.29521424445142
699000,349500.0,-67.83505249023438,0.5211157934287133,-67.31393669680565,268.76887648297236
700000,350000.0,-67.81934356689453,0.5050794815619092,-67.31426408533262,260.49804382404795
701000,350500.0,-67.74010467529297,0.41784483344368406,-67.32225984184929,215.5062038898585
702000,351000.0,-67.79530334472656,0.48396228556211285,-67.31134105916445,249.60671196478359
703000,351500.0,-67.7045669555664,0.3775425724329812,-67.32702438313342,194.72004935729228
704000,352000.0,-67.79607391357422,0.4828284294723234,-67.3132454841019,249.02191827557107
705000,352500.0,-67.81934356689453,0.5045414201151579,-67.31480214677937,260.2205351161068
706000,353000.0,-67.80669403076172,0.489886838837599,-67.31680719192411,252.66233903960136
707000,353500.0,-67.67074584960938,0.35908243631158393,-67.3116634132978,185.19911349690292
708000,354000.0,-67.62448120117188,0.30175400369928984,-67.32272719747259,155.63159967745494
709000,354500.0,-67.74076080322266,0.42256844539995614,-67.3181923578227,217.94243762991778
710000,355000.0,-67.7790756225586,0.4797342721591856,-67.2993413503994,247.42608641785293
711000,355500.0,-67.73633575439453,0.42878087823620054,-67.30755487615833,221.14654046978256
712000,356000.0,-67.74703979492188,0.43959832400228754,-67.30744147091958,226.72570882666025
713000,356500.0,-67.74700164794922,0.4588097563766416,-67.28819189157258,236.63413063999778
714000,357000.0,-67.8359146118164,0.5187034619695495,-67.31721114984686,267.52470076586724
715000,357500.0,-67.78195190429688,0.4749052337725026,-67.30704667052437,244.93547830724017
716000,358000.0,-67.63333892822266,0.3274687339344981,-67.30587019428816,168.89413986819872
717000,358500.0,-67.5954360961914,0.2926072586100462,-67.30282883758136,150.91410611438863
718000,359000.0,-67.84673309326172,0.545369900754766,-67.30136319250695,281.2780908616618
719000,359500.0,-67.78971099853516,0.49818618555916594,-67.291524812976,256.9427813559276
720000,360000.0,-67.7430191040039,0.4293036276586435,-67.31371547634527,221.41615190110704
721000,360500.0,-67.78800201416016,0.49193998390120114,-67.29606203025895,253.7212620255469
722000,361000.0,-67.83741760253906,0.5263426405700207,-67.31107496196904,271.4646570588677
723000,361500.0,-67.80953979492188,0.5000475372185105,-67.30949225770337,257.9027856400622
724000,362000.0,-67.76801300048828,0.4725229757878153,-67.29549002470047,243.7068131811571
725000,362500.0,-67.72137451171875,0.41960147522758623,-67.30177303649117,216.41220337134806
726000,363000.0,-67.74601745605469,0.4483038148911549,-67.29771364116353,231.2156226518372
727000,363500.0,-67.85906219482422,0.546721065023582,-67.31234112980064,281.9749626645374
728000,364000.0,-67.63645935058594,0.3357294723068413,-67.3007298782791,173.15466967606795
729000,364500.0,-67.67264556884766,0.3677027450320562,-67.3049428238156,189.64509406197791
730000,365000.0,-67.75325775146484,0.44391946795779913,-67.30933828350705,228.95436706478927
731000,365500.0,-67.8558349609375,0.5594982818233482,-67.29633667911415,288.5648957411335
732000,366000.0,-67.6397476196289,0.33537417521586216,-67.30437344441305,172.97142287916736
733000,366500.0,-67.763916015625,0.4488239335423265,-67.31509208208267,231.48387724568374
734000,367000.0,-67.80804443359375,0.4911967679935903,-67.31684766560016,253.3379435635242
735000,367500.0,-67.77143096923828,0.45800034300133635,-67.31343062623695,236.21667040134383
736000,368000.0,-67.78186798095703,0.4721374137830633,-67.30973056717397,243.5079570571661
737000,368500.0,-67.82740020751953,0.511094285474383,-67.31630592204515,263.6002182547719
738000,369000.0,-67.62413787841797,0.3037868464466722,-67.3203510319713,156.68005161111384
739000,369500.0,-67.66322326660156,0.34060245604568345,-67.32262081055588,175.66794288928438
740000,370000.0,-67.77594757080078,0.4663465595063491,-67.30960101129443,240.521286114824
741000,370500.0,-67.74955749511719,0.4396797929054321,-67.30987770221175,226.76772694593924
742000,371000.0,-67.69474792480469,0.37939652928522555,-67.31535139551946,195.6762397213323
743000,371500.0,-67.63961791992188,0.3305319659343798,-67.30908595398749,170.47402179347665
744000,372000.0,-67.65569305419922,0.3405340420543182,-67.3151590121449,175.6326579260827
745000,372500.0,-67.69444274902344,0.37499225618063026,-67.3194504928428,193.4047070812298
746000,373000.0,-67.77742004394531,0.46627117977161586,-67.3111488641737,240.48240852395202
747000,373500.0,-67.77494049072266,0.449744872666228,-67.32519561805643,231.95885761811044
748000,374000.0,-67.73961639404297,0.42971295383438934,-67.30990344020859,221.62726455161115
749000,374500.0,-67.78585052490234,0.483105808640075,-67.30274471626227,249.16497839429417
750000,375000.0,-67.69107055664062,0.363375039482081,-67.32769551715855,187.41305163861762
751000,375500.0,-67.72492218017578,0.4055999555164808,-67.3193222246593,209.19082806616308
752000,376000.0,-67.8338851928711,0.5264639717234477,-67.30742122114765,271.5272343942703
753000,376500.0,-67.67780303955078,0.36376612874840325,-67.31403691080237,187.61475848388972
754000,377000.0,-67.67430114746094,0.3613690312302698,-67.31293211623067,186.3784397714403
755000,377500.0,-67.66084289550781,0.35114783609374656,-67.30969505941407,181.10679157386485
756000,378000.0,-67.78657531738281,0.4706776598401517,-67.31589765754266,242.75507942013164
757000,378500.0,-67.83230590820312,0.5230537536559496,-67.30925215454718,269.76839213671207
758000,379000.0,-67.73136138916016,0.4144569510139213,-67.31690443814624,213.75888138344845
759000,379500.0,-67.704833984375,0.3795645332043169,-67.32526945117068,195.76288884068026
760000,380000.0,-67.7392349243164,0.4423858713596064,-67.2968490529568,228.16340459565666
761000,380500.0,-67.67708587646484,0.37192294435050155,-67.30516293211434,191.8216894437641
762000,381000.0,-67.70640563964844,0.40922581254293017,-67.29717982710551,211.06088752622048
763000,381500.0,-67.69744873046875,0.401735631195576,-67.29571309927317,207.19777754036377
764000,382000.0,-67.722900390625,0.4123504094248214,-67.31054998120018,212.67241879047677
765000,382500.0,-67.65513610839844,0.3539312962029445,-67.3012048121955,182.54237931792858
766000,383000.0,-67.64546203613281,0.34072648990280213,-67.30473554623,175.73191416178082
767000,383500.0,-67.64176177978516,0.34735752147497206,-67.29440425831018,179.151912035668
768000,384000.0,-67.83146667480469,0.5131800829264337,-67.31828659187825,264.6759819234764
769000,384500.0,-67.77645111083984,0.4453483858865946,-67.33110272495325,229.69134082599857
770000,385000.0,-67.7209701538086,0.4054580743300804,-67.31551207947851,209.1176519169391
771000,385500.0,-67.80994415283203,0.5040779281484874,-67.30586622468354,259.9814861049047
772000,386000.0,-67.75492858886719,0.4389820607659441,-67.31594652810125,226.4078670346086
773000,386500.0,-67.70567321777344,0.3802143537745131,-67.32545886399892,196.09803804699783
774000,387000.0,-67.83991241455078,0.5227094265844627,-67.31720298796631,269.59080319906485
775000,387500.0,-67.75519561767578,0.4360451633782367,-67.31915045429754,224.89314301128485
776000,388000.0,-67.73763275146484,0.41857832461432315,-67.31905442685051,215.884506755227
777000,388500.0,-67.72779083251953,0.41131884620913206,-67.3164719863104,212.14038331966944
778000,389000.0,-67.7959976196289,0.47207095974301455,-67.32392665988588,243.47368295166615
779000,389500.0,-67.80330657958984,0.46225164270769803,-67.34105493688214,238.4093060114705
780000,390000.0,-67.86786651611328,0.5374781923415647,-67.33038832377171,277.20789066720636
781000,390500.0,-67.63884735107422,0.3234874610046558,-67.31535989006956,166.84077233296173
782000,391000.0,-67.61663818359375,0.2831668895537854,-67.33347129403997,146.0451740712017
783000,391500.0,-67.838623046875,0.524585473308664,-67.31403757356634,270.5583865589465
784000,392000.0,-67.58663177490234,0.2955009917418697,-67.29113078316047,152.40656789061794
785000,392500.0,-67.75260925292969,0.4240430498457628,-67.32856620308392,218.7029745108835
786000,393000.0,-67.72410583496094,0.3951072119242267,-67.32899862303671,203.7791269776989
787000,393500.0,-67.79242706298828,0.476303581177712,-67.31612348181056,245.65668512110048
788000,394000.0,-67.75614929199219,0.44072811964212716,-67.31542117235006,227.30840831227198
789000,394500.0,-67.72726440429688,0.41900417901546216,-67.30826022528142,216.1041439460064
790000,395000.0,-67.685791015625,0.38744997131967335,-67.29834104430533,199.82985508803944
791000,395500.0,-67.5813217163086,0.26474112662127675,-67.31658058968732,136.54196640764545
792000,396000.0,-67.74311065673828,0.42126978629662293,-67.32184087044166,217.27264570931462
793000,396500.0,-67.83016204833984,0.5054612779987389,-67.32470077034111,260.6949578317712
794000,397000.0,-67.78436279296875,0.4515296913933467,-67.3328331015754,232.87938954222892
795000,397500.0,-67.76619720458984,0.4445400511789986,-67.32165715341084,229.2744369172659
796000,398000.0,-67.7396469116211,0.4266852831341155,-67.31296162848697,220.06572359903527
797000,398500.0,-67.66702270507812,0.36234341141746995,-67.30467929366066,186.88098272155506
798000,399000.0,-67.5881576538086,0.27142987259700435,-67.31672778121158,139.99173086238986
799000,399500.0,-67.6937484741211,0.3699977808175279,-67.32375069330357,190.82877376872975
800000,400000.0,-67.71305084228516,0.3913909953506116,-67.32165984693455,201.86246399059914
801000,400500.0,-67.72467041015625,0.41156116303938295,-67.31310924711687,212.26535980865847
802000,401000.0,-67.75923156738281,0.44821936119776384,-67.31101220618505,231.1720651074799
803000,401500.0,-67.8217544555664,0.5221555345193544,-67.29959892104705,269.3051297462368
804000,402000.0,-67.86979675292969,0.5497743366949924,-67.32002241623469,283.54970748530536
805000,402500.0,-67.82815551757812,0.4992014672859947,-67.32895405029213,257.466419542439
806000,403000.0,-67.73851013183594,0.42717746065522055,-67.31133267118072,220.31956737242623
807000,403500.0,-67.76465606689453,0.4539223535203856,-67.31073371337415,234.11342067273156
808000,404000.0,-67.73724365234375,0.427708935062111,-67.30953471728164,220.59367877150618
809000,404500.0,-67.64958190917969,0.34417766603053335,-67.30540424314916,177.51188080660688
810000,405000.0,-67.7880859375,0.47652265355234447,-67.31156328394765,245.76967313017815
811000,405500.0,-67.71334838867188,0.39252619309132764,-67.32082219558055,202.4479496450461
812000,406000.0,-67.70282745361328,0.40119927244107695,-67.3016281811722,206.92114700708052
813000,406500.0,-67.68830108642578,0.3661861181723716,-67.32211496825342,188.86288384639542
814000,407000.0,-67.65811157226562,0.35533177984444925,-67.30277979242118,183.2646879096207
815000,407500.0,-67.79552459716797,0.48948710949867263,-67.3060374876693,252.45617602041202
816000,408000.0,-67.75175476074219,0.45646183217431807,-67.29529292856787,235.42317338657497
817000,408500.0,-67.74181365966797,0.44351204064694566,-67.29830161902102,228.74423376626441
818000,409000.0,-67.7177734375,0.39838982562006947,-67.31938361187993,205.47215644655142
819000,409500.0,-67.7642593383789,0.4587521771952913,-67.30550716118361,236.60443380087779
820000,410000.0,-67.72880554199219,0.42185845584800674,-67.30694708614418,217.5762558779955
821000,410500.0,-67.64987182617188,0.3307045873910032,-67.31916723878088,170.5630524379871
822000,411000.0,-67.7332763671875,0.42670412903373833,-67.30657223815376,220.07544349494287
823000,411500.0,-67.72380065917969,0.40751451646971953,-67.31628614270997,210.17827539140046
824000,412000.0,-67.7702407836914,0.4695776206786802,-67.30066316301273,242.18772703272714
825000,412500.0,-67.74581146240234,0.44999983957419615,-67.29581162282815,232.09035846736327
826000,413000.0,-67.83686828613281,0.5199327339698353,-67.31693555216297,268.1587058345583
827000,413500.0,-67.7852554321289,0.5005114599970055,-67.2847439721319,258.14205684527855
828000,414000.0,-67.71382141113281,0.41599007383544256,-67.29783133729737,214.5495994991661
829000,414500.0,-67.6433334350586,0.33926680985829,-67.3040666252003,174.9790746383289
830000,415000.0,-67.72999572753906,0.43666910640219925,-67.29332662113686,225.21494570399628
831000,415500.0,-67.75566864013672,0.4593579312608222,-67.2963107088759,236.91685541939472
832000,416000.0,-67.66941833496094,0.3861922558279282,-67.28322607913302,199.18118010272102
833000,416500.0,-67.69076538085938,0.3930630182115303,-67.29770236264784,202.72482070948917
834000,417000.0,-67.58968353271484,0.2763939598604115,-67.31328957285443,142.55199131385493
835000,417500.0,-67.74858856201172,0.46396898449981416,-67.2846195775119,239.29503626533096
836000,418000.0,-67.77931213378906,0.4855764651733226,-67.29373566861574,250.4392356495717
837000,418500.0,-67.71229553222656,0.4151027452097238,-67.29719278701684,214.09195396085593
838000,419000.0,-67.84880828857422,0.548873907308432,-67.29993438126579,283.0853051439643
839000,419500.0,-67.69921112060547,0.4040501615599586,-67.2951609590455,208.39151170360583
840000,420000.0,-67.62080383300781,0.3262607297643434,-67.29454310324347,168.27110382190466
841000,420500.0,-67.77230072021484,0.4662153808387376,-67.30608533937611,240.45362985961722
842000,421000.0,-67.73585510253906,0.42703239116826225,-67.3088227113708,220.24474683635074
843000,421500.0,-67.69044494628906,0.39106123940863563,-67.29938370688043,201.69239020823431
844000,422000.0,-67.80020904541016,0.48974880684166466,-67.3104602385685,252.59114813551867
845000,422500.0,-67.69020080566406,0.3994085893919016,-67.29079221627217,205.99759052053201
846000,423000.0,-67.68876647949219,0.37257184780900143,-67.31619463168319,192.15636564372997
847000,423500.0,-67.89256286621094,0.5831200592326249,-67.30944280697831,300.74798183232616
848000,424000.0,-67.78903198242188,0.48913521766132645,-67.29989676476055,252.27468550532942
849000,424500.0,-67.73692321777344,0.44828932285951695,-67.28863389491391,231.20814829179974
850000,425000.0,-67.80138397216797,0.5038517789316797,-67.2975321932363,259.8648481682208
851000,425500.0,-67.70277404785156,0.41879226575977785,-67.28398178209179,215.9948482993184
852000,426000.0,-67.73345184326172,0.4260488604929691,-67.30740298276875,219.7374844621943
853000,426500.0,-67.72462463378906,0.43519897694172505,-67.28942565684734,224.45671682596435
854000,427000.0,-67.69190216064453,0.396441730564703,-67.29546043007983,204.46741368896215
855000,427500.0,-67.72618865966797,0.4308845489965191,-67.29530411067145,222.23152241404645
856000,428000.0,-67.77651977539062,0.47184619301783176,-67.3046735823728,243.35775804407382
857000,428500.0,-67.65021514892578,0.3580604486124088,-67.29215470031338,184.67201666132354
858000,429000.0,-67.68639373779297,0.40948888587794785,-67.27690485191502,211.19656931820785
859000,429500.0,-67.79138946533203,0.4945023485134817,-67.29688711681855,255.04281832199138
860000,430000.0,-67.64021301269531,0.3629000440994586,-67.27731296859585,187.1680696654518
861000,430500.0,-67.72257995605469,0.44573314905470657,-67.27684680699998,229.88978494477124
862000,431000.0,-67.67877960205078,0.38236602386705243,-67.29641357818373,197.20777596057903
863000,431500.0,-67.69840240478516,0.4106185552619567,-67.2877838495232,211.77920368654964
864000,432000.0,-67.59369659423828,0.3002185500813781,-67.2934780441569,154.83967943826477
865000,432500.0,-67.6678695678711,0.39138660497036903,-67.27648296290073,201.86019962329343
866000,433000.0,-67.7097396850586,0.41408932324222475,-67.29565036181637,213.56927495737426
867000,433500.0,-67.681640625,0.3858101537907872,-67.29583047120921,198.98410847963981
868000,434000.0,-67.6368408203125,0.3672945619268262,-67.26954625838567,189.4345709575635
869000,434500.0,-67.90975189208984,0.6071005115158338,-67.302651380574,313.11605683405463
870000,435000.0,-67.75780487060547,0.48014665632854864,-67.27765821427693,247.63877624855218
871000,435500.0,-67.73407745361328,0.44743790870157685,-67.28663954491171,230.76902587498404
872000,436000.0,-67.74498748779297,0.4686284631178354,-67.27635902467513,241.69819281701072
873000,436500.0,-67.78890228271484,0.5132882285538399,-67.27561405416101,264.7317587376529
874000,437000.0,-67.61394500732422,0.33781182194096554,-67.27613318538326,174.22865511014186
875000,437500.0,-67.72109985351562,0.4398258445939638,-67.28127400892166,226.84305405889592
876000,438000.0,-67.54065704345703,0.26545821304544887,-67.27519883041158,136.91180841780186
877000,438500.0,-67.69709777832031,0.4146370756847009,-67.28246070263562,213.85178185970105
878000,439000.0,-67.76599884033203,0.49179920286760614,-67.27419963746442,253.64865328732293
879000,439500.0,-67.6812515258789,0.3848443062849288,-67.29640721959397,198.48596631569683
880000,440000.0,-67.68724822998047,0.4137709144652404,-67.27347731551522,213.40505354951915
881000,440500.0,-67.79025268554688,0.5173495040488094,-67.27290318149807,266.82638811875245
882000,441000.0,-67.71778869628906,0.4392665211743223,-67.27852217511474,226.55457934946799
883000,441500.0,-67.75757598876953,0.4742025261111181,-67.28337346265842,244.57305223797132
884000,442000.0,-67.8272476196289,0.5402467162763639,-67.28700090335255,278.6357749817009
885000,442500.0,-67.6094970703125,0.32811818095070316,-67.2813788893618,169.22909641160376
886000,443000.0,-67.59746551513672,0.306830970005239,-67.29063454513148,158.2500782328905
887000,443500.0,-67.68959045410156,0.3974291022898308,-67.29216135181173,204.976657109676
888000,444000.0,-67.74479675292969,0.4632041246402331,-67.28159262828946,238.90055479361436
889000,444500.0,-67.57170867919922,0.3076246865536107,-67.26408399264561,158.6594427304587
890000,445000.0,-67.76725006103516,0.49140193994730613,-67.27584812108785,253.44376233966068
891000,445500.0,-67.6868896484375,0.4107807775908115,-67.27610887084668,211.86287091294454
892000,446000.0,-67.73307800292969,0.4382165880232438,-67.29486141490645,226.01306946441747
893000,446500.0,-67.8089828491211,0.5192962178395999,-67.2896866312815,267.8304184801086
894000,447000.0,-67.68191528320312,0.397383223164361,-67.28453206003877,204.95299465084818
895000,447500.0,-67.77630615234375,0.5005037772077601,-67.275802375136,258.1380943965103
896000,448000.0,-67.71913146972656,0.4288125705175271,-67.29031889920904,221.16288597101803
897000,448500.0,-67.73841094970703,0.46109473046828314,-67.27731621923874,237.81262096239328
898000,449000.0,-67.7806167602539,0.4845489443999404,-67.29606781585396,249.90928509480577
899000,449500.0,-67.76422119140625,0.4822426474038694,-67.28197854400238,248.7197973450839
900000,450000.0,-67.7369384765625,0.4378290403669709,-67.29910943619552,225.81318922767633
901000,450500.0,-67.69741821289062,0.414697390112579,-67.28272082277805,213.88288942009538
902000,451000.0,-67.68284606933594,0.4060411306335833,-67.27680493870236,209.41836701633713
903000,451500.0,-67.7415542602539,0.4514576786047748,-67.29009658164914,232.8422484758461
904000,452000.0,-67.67765808105469,0.41789510858917284,-67.25976297246551,215.5321336247436
905000,452500.0,-67.7804946899414,0.4890259099746894,-67.29146877996672,252.21830935150936
906000,453000.0,-67.71109008789062,0.4328856763754718,-67.27820441151515,223.26361693914552
907000,453500.0,-67.62638092041016,0.3325755703139851,-67.29380535009616,171.52802410929274
908000,454000.0,-67.67253875732422,0.36380714969552036,-67.3087316076287,187.63591530547902
909000,454500.0,-67.7507553100586,0.4617348055881519,-67.28902050447044,238.14274388900796
910000,455000.0,-67.6828842163086,0.38987899658691416,-67.29300521972168,201.08264074577133
911000,455500.0,-67.69283294677734,0.4119223192951277,-67.28091062748221,212.45162850808254
912000,456000.0,-67.63616943359375,0.3337194462014304,-67.30244998739232,172.11798557463584
913000,456500.0,-67.63389587402344,0.3477643233422708,-67.28613155068116,179.3617227575916
914000,457000.0,-67.69664001464844,0.3866783357242946,-67.30996167892414,199.43187898629884
915000,457500.0,-67.71603393554688,0.4382656254534062,-67.27776831009346,226.03836083953323
916000,458000.0,-67.60906982421875,0.3034311814599403,-67.30563864275881,156.49661506957415
917000,458500.0,-67.6759033203125,0.3615004785213824,-67.31440284179112,186.44623457097344
918000,459000.0,-67.74114990234375,0.42935895744212776,-67.31179094490162,221.4446885985755
919000,459500.0,-67.80535888671875,0.5035559658688219,-67.30180292084992,259.7122806476125
920000,460000.0,-67.72563934326172,0.43646018169187023,-67.28917916156985,225.10719141910846
921000,460500.0,-67.78892517089844,0.4803679229999833,-67.30855724789845,247.75289598054752
922000,461000.0,-67.68992614746094,0.3858462329179911,-67.30407991454295,199.00271652530904
923000,461500.0,-67.62284088134766,0.32676831046631216,-67.29607257088135,168.53289188650155
924000,462000.0,-67.7267837524414,0.4197836299400875,-67.30700012250132,216.50615085488704
925000,462500.0,-67.82011413574219,0.5013038475802256,-67.31881028816196,258.55073592038366
926000,463000.0,-67.83736419677734,0.5332296872483574,-67.30413450952899,275.0166963970797
927000,463500.0,-67.69876098632812,0.4049694843089851,-67.29379150201915,208.86565842012612
928000,464000.0,-67.74118041992188,0.45288070638575767,-67.28829971353612,233.57618435482297
929000,464500.0,-67.67053985595703,0.37016247732291224,-67.30037737863412,190.91371706784102
930000,465000.0,-67.74189758300781,0.43652608217725586,-67.30537150083056,225.14118002517284
931000,465500.0,-67.77042388916016,0.4495848274580011,-67.32083906170216,231.87631325590908
932000,466000.0,-67.68995666503906,0.37748768859025095,-67.31246897644881,194.69174265668235
933000,466500.0,-67.80715942382812,0.5063607637505088,-67.30079866007762,261.15887348730143
934000,467000.0,-67.6109619140625,0.3046644804174384,-67.30629743364506,157.13269706776777
935000,467500.0,-67.8010025024414,0.5022589396401491,-67.29874356280126,259.04333089278794
936000,468000.0,-67.74452209472656,0.441157139755981,-67.30336495497058,227.52967824007519
937000,468500.0,-67.82706451416016,0.5209853567886876,-67.30607915737147,268.70160293334294
938000,469000.0,-67.60775756835938,0.29735529062413235,-67.31040227773525,153.36293465887542
939000,469500.0,-67.64717864990234,0.34202990803871247,-67.30514874186363,176.40416058454076
940000,470000.0,-67.78488159179688,0.48122362288381015,-67.30365796891307,248.1942287885009
941000,470500.0,-67.70500946044922,0.40171384227606843,-67.30329561817315,207.186539762715
942000,471000.0,-67.70053100585938,0.387529201101298,-67.31300180475807,199.87071836575961
943000,471500.0,-67.70968627929688,0.40265494561549764,-67.30703133368138,207.6719199610938
944000,472000.0,-67.71845245361328,0.42767273876318324,-67.2907797148501,220.57501029375453
945000,472500.0,-67.69715118408203,0.4016868180851387,-67.29546436599689,207.17260185961237
946000,473000.0,-67.64241790771484,0.3272562077107685,-67.31516170000407,168.784528079235
947000,473500.0,-67.90098571777344,0.58616951600318,-67.31481620177026,302.32075909304376
948000,474000.0,-67.74691009521484,0.4452158078068146,-67.30169428740803,229.62296281481935
949000,474500.0,-67.6635971069336,0.35919608767413735,-67.30440101925946,185.25772992996718
950000,475000.0,-67.69738006591797,0.3935826307375418,-67.30379743518043,202.99281426597634
951000,475500.0,-67.73664855957031,0.4185630937049558,-67.31808546586535,215.87665131417128
952000,476000.0,-67.6920394897461,0.38068045627434055,-67.31135903347176,196.33843345773806
953000,476500.0,-67.7372817993164,0.4386523026344744,-67.29862949668193,226.23779212299812
954000,477000.0,-67.8350601196289,0.5177292532410624,-67.31733086638785,267.0222462467044
955000,477500.0,-67.66836547851562,0.3780201532345894,-67.29034532528104,194.9663647771983
956000,478000.0,-67.68866729736328,0.38579133586641523,-67.30287596149687,198.97440301215067
957000,478500.0,-67.73584747314453,0.431315151737621,-67.30453232140691,222.45360859219696
958000,479000.0,-67.7939453125,0.48194541745269115,-67.31199989504731,248.56649905506345
959000,479500.0,-67.75505065917969,0.4448123793942144,-67.31023827978548,229.41489197420552
960000,480000.0,-67.68392944335938,0.37462713273329645,-67.30930231062608,193.21639227681402
961000,480500.0,-67.77017974853516,0.4516860546821118,-67.31849369385304,232.96003493040277
962000,481000.0,-67.70238494873047,0.3883605584922422,-67.31402439023823,200.2994963739058
963000,481500.0,-67.6418228149414,0.33216787747501436,-67.30965493746639,171.31775386290593
964000,482000.0,-67.62351989746094,0.31595716911027816,-67.30756272835066,162.95697507031443
965000,482500.0,-67.7857666015625,0.47572523988927023,-67.31004136167323,245.35840182153768
966000,483000.0,-67.84877014160156,0.5321644624655478,-67.31660567913602,274.4672997530175
967000,483500.0,-67.81217193603516,0.5231484224041301,-67.28902351363102,269.8172181623428
968000,484000.0,-67.77320861816406,0.46832060068184733,-67.30488801748221,241.53941075345548
969000,484500.0,-67.73802947998047,0.4457179120837422,-67.29231156789673,229.88192637740724
970000,485000.0,-67.71807861328125,0.3874162073576424,-67.3306624059236,199.8124411039401
971000,485500.0,-67.76580047607422,0.44815303816060037,-67.31764743791362,231.1378585675743
972000,486000.0,-67.81499481201172,0.5096493134854477,-67.30534549852626,262.8549645071159
973000,486500.0,-67.79358673095703,0.49675863882898036,-67.29682809212805,256.2065147993635
974000,487000.0,-67.72269439697266,0.43007342834001594,-67.29262096863265,221.81318163395588
975000,487500.0,-67.75440979003906,0.44535859535932315,-67.30905119467974,229.69660642828762
976000,488000.0,-67.72406768798828,0.39171572016234096,-67.33235196782594,202.0299429346557
977000,488500.0,-67.7071533203125,0.38089033953647844,-67.32626298077602,196.4466821219864
978000,489000.0,-67.71630859375,0.4196001669225661,-67.29670842682744,216.4115286044828
979000,489500.0,-67.70436096191406,0.4142941817424982,-67.29006678017157,213.6749320678491
980000,490000.0,-67.7417221069336,0.4429022593230578,-67.29881984761053,228.42973506292768
981000,490500.0,-67.75727844238281,0.4437620999108249,-67.31351634247198,228.87320346600194
982000,491000.0,-67.79332733154297,0.5087666314543432,-67.28456070008862,262.3997154803482
983000,491500.0,-67.80645751953125,0.5056768388313265,-67.30078068069993,260.8061347400877
984000,492000.0,-67.75386047363281,0.457102652183093,-67.29675782144972,235.75368049451163
985000,492500.0,-67.6756362915039,0.3557582813374396,-67.31987801016646,183.4846588422518
986000,493000.0,-67.62751007080078,0.325474111762192,-67.30203595903859,167.8654004459458
987000,493500.0,-67.7003173828125,0.39241570424631034,-67.3079016785662,202.39096430107136
988000,494000.0,-67.67203521728516,0.37410121000129165,-67.29793400728387,192.94514419034218
989000,494500.0,-67.76013946533203,0.45863622054441483,-67.30150324478761,236.5446284002935
990000,495000.0,-67.78448486328125,0.4764489238789709,-67.30803593940227,245.73164656923728
991000,495500.0,-67.82710266113281,0.5138989254688545,-67.31320373566396,265.0467296630976
992000,496000.0,-67.749755859375,0.44057952303827064,-67.30917633633673,227.23176864260293
993000,496500.0,-67.77056884765625,0.4707230197557055,-67.29984582790054,242.77847409305176
994000,497000.0,-67.72724151611328,0.4209357211271155,-67.30630579498616,217.10034941468527
995000,497500.0,-67.69308471679688,0.3722845111226688,-67.3208002056742,192.0081698697162
996000,498000.0,-67.80352783203125,0.505700045196616,-67.29782778683463,260.818103574663
997000,498500.0,-67.75634002685547,0.4557906086874555,-67.30054941816802,235.07698548609693
998000,499000.0,-67.83460998535156,0.5208504990697063,-67.31375948628185,268.6320491833458
999000,499500.0,-67.72430419921875,0.4187293097850711,-67.30557488943369,215.96237834388202
1000000,500000.0,-67.75118255615234,0.4639893173016518,-67.28719323885069,239.3055230407743
1001000,500500.0,-67.73561096191406,0.4332877327923595,-67.3023232291217,223.47098016400324
1002000,501000.0,-67.64933776855469,0.3524732876080929,-67.2968644809466,181.7904018555637
1003000,501500.0,-67.62875366210938,0.33064294657155385,-67.29811071553782,170.5312607824706
1004000,502000.0,-67.68827056884766,0.3842938653712944,-67.30397670347637,198.20207281679825
1005000,502500.0,-67.83372497558594,0.5175140260878716,-67.31621094949807,266.9112414357177
1006000,503000.0,-67.8535385131836,0.559671948486323,-67.29386656469727,288.65446545765116
1007000,503500.0,-67.74034881591797,0.43569796262666716,-67.3046508532913,224.71407195435256
1008000,504000.0,-67.66014099121094,0.3717267730147844,-67.28841421819615,191.72051279518863
1009000,504500.0,-67.66178894042969,0.357912840535979,-67.30387609989371,184.59588683113583
1010000,505000.0,-67.66859436035156,0.3524771498760389,-67.31611721047553,181.7923938455007
1011000,505500.0,-67.67182922363281,0.38163645224837167,-67.29019277138444,196.83149462975132
1012000,506000.0,-67.84674835205078,0.5378314874120788,-67.3089168646387,277.39010490896686
1013000,506500.0,-67.73038482666016,0.42599170016575283,-67.3043931264944,219.70800364983157
1014000,507000.0,-67.73931884765625,0.4328858839774629,-67.30643296367879,223.26372401122933
1015000,507500.0,-67.71002197265625,0.4122053485610201,-67.29781662409523,212.59760270185086
1016000,508000.0,-67.74212646484375,0.43606378021132347,-67.30606268463242,224.90274476462932
1017000,508500.0,-67.78443145751953,0.4843697857215138,-67.30006167179802,249.81688283542294
1018000,509000.0,-67.70390319824219,0.3985351196474132,-67.30536807859477,205.5470927907983
1019000,509500.0,-67.7615737915039,0.45756718869695684,-67.30400660280695,235.99326823775584
1020000,510000.0,-67.76105499267578,0.45592057878172665,-67.30513441389405,235.1440184117041
1021000,510500.0,-67.66331481933594,0.3600933632098604,-67.30322145612608,185.72050565212524
1022000,511000.0,-67.77704620361328,0.4667465239168605,-67.31029967969643,240.72757037371974
1023000,511500.0,-67.6997299194336,0.38807669758827146,-67.31165322184532,200.15309325736297
1024000,512000.0,-67.6667709350586,0.3580399151508366,-67.30873101990775,184.6614263943106
1025000,512500.0,-67.72515106201172,0.42772631610314493,-67.29742474590857,220.60264315702224
1026000,513000.0,-67.70276641845703,0.37976255683103083,-67.323003861626,195.86502082044396
1027000,513500.0,-67.74858856201172,0.45239502014321825,-67.2961935418685,233.3256885007793
1028000,514000.0,-67.63743591308594,0.3285055896169327,-67.308930323469,169.4289049633216
1029000,514500.0,-67.64282989501953,0.33024144337692196,-67.31258845164261,170.32418288560717
1030000,515000.0,-67.74761962890625,0.45242759006410116,-67.29519203884215,233.34248665035227
1031000,515500.0,-67.7890625,0.49221056077116987,-67.29685193922883,253.86081381472852
1032000,516000.0,-67.73159790039062,0.4341453785404203,-67.2974525218502,223.9133165641535
1033000,516500.0,-67.64449310302734,0.33095751911447424,-67.31353558391287,170.69350362753354
1034000,517000.0,-67.67530059814453,0.37311305174502296,-67.30218754639951,192.43549511105164
1035000,517500.0,-67.79523468017578,0.4897917491870729,-67.3054429309887,252.61329593083488
1036000,518000.0,-67.66828155517578,0.36897535201663717,-67.29930620315915,190.3014494320575
1037000,518500.0,-67.60556030273438,0.30566261352132856,-67.29989768921304,157.64749073991487
1038000,519000.0,-67.59109497070312,0.2877091195515811,-67.30338585115155,148.38785888066107
1039000,519500.0,-67.77995300292969,0.49741662420254146,-67.28253637872714,256.5458750563818
1040000,520000.0,-67.68622589111328,0.3850611266845339,-67.30116476442875,198.59779285393515
1041000,520500.0,-67.87396240234375,0.563169339644843,-67.3107930626989,290.4582678066688
1042000,521000.0,-67.78398132324219,0.4989052155007882,-67.2850761077414,257.31362574791183
1043000,521500.0,-67.71961212158203,0.4259776221850287,-67.293634499397,219.7007428392592
1044000,522000.0,-67.77428436279297,0.4625221847227087,-67.31176217807025,238.54883982397968
1045000,522500.0,-67.7818374633789,0.47793558760856436,-67.30390187577034,246.4984031046357
1046000,523000.0,-67.8299789428711,0.5324954679298218,-67.29748347494127,274.63801798467443
1047000,523500.0,-67.78624725341797,0.477881874326937,-67.30836537909103,246.47070012856545
1048000,524000.0,-67.76283264160156,0.4438045387047657,-67.3190281028968,228.89509155135764
1049000,524500.0,-67.83415985107422,0.5141463821344453,-67.32001346893978,265.1743570557572
1050000,525000.0,-67.77547454833984,0.4696522114935328,-67.3058223368463,242.2261977330143
1051000,525500.0,-67.68009185791016,0.3861845831067735,-67.29390727480339,199.17722284663643
1052000,526000.0,-67.76898956298828,0.4755857282248183,-67.29340383476347,245.2864477687459
1053000,526500.0,-67.79029846191406,0.503164224177241,-67.28713423773682,259.51023730974896
1054000,527000.0,-67.7896499633789,0.49686845425016685,-67.29278150912874,256.263152820596
1055000,527500.0,-67.655029296875,0.35631037370850405,-67.29871892316649,183.7694040911139
1056000,528000.0,-67.69991302490234,0.40165692164846345,-67.29825610325388,207.15718257699348
1057000,528500.0,-67.66804504394531,0.363446926495976,-67.30459811744933,187.45012783588876
1058000,529000.0,-67.62154388427734,0.3341007370863961,-67.28744314719094,172.3146388406809
1059000,529500.0,-67.73342895507812,0.44840851193754966,-67.28502044314058,231.26962083781706
1060000,530000.0,-67.7988510131836,0.5003899899988485,-67.29846102318474,258.079407899799
1061000,530500.0,-67.84089660644531,0.5331356323750348,-67.30776097407028,274.96818698141925
1062000,531000.0,-67.69742584228516,0.399502046072914,-67.29792379621225,206.04579141459868
1063000,531500.0,-67.80513000488281,0.503831006900105,-67.30129899798271,259.8541348571698
1064000,532000.0,-67.70154571533203,0.39920020827656066,-67.30234550705548,205.89011659831223
1065000,532500.0,-67.73956298828125,0.44122277275266825,-67.29834021552858,227.5635288870951
1066000,533000.0,-67.75264739990234,0.45016282489419757,-67.30248457500815,232.17441921142895
1067000,533500.0,-67.70970916748047,0.401353550170028,-67.30835561731044,207.000716754149
1068000,534000.0,-67.76978302001953,0.4762021837206641,-67.29358083629887,245.60438871989246
1069000,534500.0,-67.56957244873047,0.2552830173698661,-67.3142894313606,131.66388474285975
1070000,535000.0,-67.69007110595703,0.3931275201532971,-67.29694358580373,202.75808800754126
1071000,535500.0,-67.68399810791016,0.38286745868490407,-67.30113064922526,197.46639424527294
1072000,536000.0,-67.75928497314453,0.45211208310861933,-67.30717289003591,233.1797618759034
1073000,536500.0,-67.72952270507812,0.4212508861894843,-67.30827181888864,217.26289785552643
1074000,537000.0,-67.81473541259766,0.5128361659463305,-67.30189924665133,264.49860449314065
1075000,537500.0,-67.77337646484375,0.4777527240742823,-67.29562374076947,246.40409004163044
1076000,538000.0,-67.74714660644531,0.43125789001340187,-67.31588871643191,222.42407548366728
1077000,538500.0,-67.70479583740234,0.39591590177519576,-67.30887993562715,204.19621405394744
1078000,539000.0,-67.69261932373047,0.3860277469723309,-67.30659157675814,199.09633358521387
1079000,539500.0,-67.66070556640625,0.3585422767633817,-67.30216328964286,184.92052267942518
1080000,540000.0,-67.722412109375,0.4150976193654543,-67.30731449000955,214.08931027317135
1081000,540500.0,-67.68047332763672,0.38643464898334134,-67.29403867865338,199.30619595691132
1082000,541000.0,-67.70504760742188,0.39186274260582526,-67.31318486481605,202.10577072082407
1083000,541500.0,-67.80387115478516,0.5130394653748489,-67.29083168941031,264.6034575021677
1084000,542000.0,-67.84315490722656,0.5391182286619798,-67.30403667856459,278.0537501187671
1085000,542500.0,-67.8455581665039,0.5478610014126847,-67.29769716509122,282.56289230786166
1086000,543000.0,-67.60478973388672,0.2974232252356762,-67.30736650865104,153.397972378801
1087000,543500.0,-67.77854919433594,0.46262347521443054,-67.31592571912151,238.6010810571217
1088000,544000.0,-67.62496948242188,0.32493750260590515,-67.30003197981597,167.58864076630383
1089000,544500.0,-67.67108917236328,0.3651246438722346,-67.30596452849105,188.3154215382848
1090000,545000.0,-67.72402954101562,0.42815636607647994,-67.29587317493915,220.82444424158405
1091000,545500.0,-67.80785369873047,0.5092151298324306,-67.29863856889804,262.6310314502402
1092000,546000.0,-67.68672943115234,0.38336297997367863,-67.30336645117866,197.72196258869437
1093000,546500.0,-67.79120635986328,0.4727791558375814,-67.3184272040257,243.83893971622132
1094000,547000.0,-67.68142700195312,0.3827295290974866,-67.29869747285564,197.3952561590521
1095000,547500.0,-67.6491470336914,0.34502488915220336,-67.3041221445392,177.94884166907363
1096000,548000.0,-67.62088775634766,0.319422393052555,-67.30146536329511,164.74418696730916
1097000,548500.0,-67.76766204833984,0.4704012094215871,-67.29726083891826,242.61249830987208
1098000,549000.0,-67.64680480957031,0.3138634844361905,-67.33294132513412,161.87714351529337
1099000,549500.0,-67.7416000366211,0.4354723751403517,-67.30612766148074,224.59772373384155
1100000,550000.0,-67.64309692382812,0.33045898583497046,-67.31263793799316,170.43638183020707
1101000,550500.0,-67.70088958740234,0.3895299068111844,-67.31135968059115,200.9025954122817
1102000,551000.0,-67.80723571777344,0.5013601418155434,-67.3058755759579,258.579770040189
1103000,551500.0,-67.8090591430664,0.4949268446251715,-67.31413229844124,255.26175496610955
1104000,552000.0,-67.7151107788086,0.4108776613791703,-67.30423311742942,211.91283936002475
1105000,552500.0,-67.69308471679688,0.37369478513220666,-67.31938993166467,192.73552790771143
1106000,553000.0,-67.70760345458984,0.4132301654047891,-67.29437328918506,213.1261586872459
1107000,553500.0,-67.71678161621094,0.42405242174167784,-67.29272919446926,218.70780812745656
1108000,554000.0,-67.70118713378906,0.4045399652486224,-67.29664716854045,208.6441311573998
1109000,554500.0,-67.72459411621094,0.4298017874064642,-67.29479232880448,221.67308104702656
1110000,555000.0,-67.79222106933594,0.49500648987085605,-67.29721457946508,255.30283252213408
1111000,555500.0,-67.7125015258789,0.40608838322919855,-67.3064131426497,209.4427378513695
1112000,556000.0,-67.72874450683594,0.4291394782973756,-67.29960502853856,221.33149079515
1113000,556500.0,-67.7563247680664,0.44762669484285084,-67.30869807322355,230.86639356125568
1114000,557000.0,-67.73187255859375,0.4264043482406804,-67.30546821035307,219.92082959155064
1115000,557500.0,-67.73818969726562,0.4519730992838788,-67.28621659798175,233.10808005989273
1116000,558000.0,-67.7178955078125,0.40127876915978383,-67.31661673865271,206.96214795934557
1117000,558500.0,-67.67475891113281,0.3719051749110307,-67.30285373622178,191.8125247392156
1118000,559000.0,-67.76405334472656,0.46341560070467847,-67.30063774402188,239.0096249560634
1119000,559500.0,-67.69876861572266,0.40070745076306175,-67.29806116495959,206.6674867620889
1120000,560000.0,-67.78602600097656,0.48205609864436133,-67.3039699023322,248.62358360308158
1121000,560500.0,-67.77532958984375,0.46607020862736276,-67.30925938121639,240.3787563427525
1122000,561000.0,-67.7131576538086,0.4040887663659527,-67.30906888744263,208.411422384619
1123000,561500.0,-67.67913055419922,0.36324577327957963,-67.31588478091965,187.34638174979133
1124000,562000.0,-67.73397827148438,0.427097269787338,-67.30688100169704,220.27820840818686
1125000,562500.0,-67.6806640625,0.37018911576758146,-67.31047494673241,190.9274560197885
1126000,563000.0,-67.61251831054688,0.3040512922555705,-67.30846701829131,156.81644126547565
1127000,563500.0,-67.62174987792969,0.3046124696621485,-67.31713740826754,157.1058721807838
1128000,564000.0,-67.70439147949219,0.3843930826424241,-67.31999839684977,198.25324477286927
1129000,564500.0,-67.76728820800781,0.4426437279114772,-67.32464448009634,228.29639579763906
1130000,565000.0,-67.79830169677734,0.49121934791477184,-67.30708234886256,253.34958930545633
1131000,565500.0,-67.76866149902344,0.4616146684851011,-67.30704683053834,238.08078239289125
1132000,566000.0,-67.67343139648438,0.364351244957299,-67.30908015152707,187.91653599295768
1133000,566500.0,-67.81989288330078,0.5176026755133454,-67.30229020778744,266.95696295632007
1134000,567000.0,-67.65705871582031,0.3413478787394044,-67.31571083708091,176.05239951566696
1135000,567500.0,-67.79010009765625,0.48177797960527907,-67.30832211805097,248.4801418908839
1136000,568000.0,-67.70941925048828,0.3971712804588958,-67.31224797002939,204.84368381524322
1137000,568500.0,-67.68621063232422,0.3787853319058551,-67.30742530041836,195.36101067812504
1138000,569000.0,-67.76922607421875,0.453393833199299,-67.31583224101945,233.8408328627129
1139000,569500.0,-67.64985656738281,0.332805770593725,-67.31705079678909,171.64675140816172
1140000,570000.0,-67.80384063720703,0.5064277942596012,-67.29741284294742,261.19344491047843
1141000,570500.0,-67.78804016113281,0.48561372291565574,-67.30242643821715,250.45845157369732
1142000,571000.0,-67.64205169677734,0.33406777266692034,-67.30798392411042,172.29763722588027
1143000,571500.0,-67.78356170654297,0.4809618036946292,-67.30259990284834,248.05919383042595
1144000,572000.0,-67.78120422363281,0.4860697054569201,-67.2951345181759,250.6936275496644
1145000,572500.0,-67.76409149169922,0.4700557576313056,-67.29403573406792,242.43432929115534
1146000,573000.0,-67.67890930175781,0.38173012301654796,-67.29717917874126,196.87980594067207
1147000,573500.0,-67.78539276123047,0.4927384523936668,-67.2926543088368,254.13307736934038
1148000,574000.0,-67.83905029296875,0.5313126894622157,-67.30773760350654,274.0279922593454
1149000,574500.0,-67.73615264892578,0.43758743455272736,-67.29856521437306,225.68857944984032
1150000,575000.0,-67.6358871459961,0.3332678636097004,-67.30261928238639,171.88507890139923
1151000,575500.0,-67.6240234375,0.3219696436430555,-67.30205379385694,166.05794810823508
1152000,576000.0,-67.78244018554688,0.488741859681845,-67.29369832586502,252.0718085564171
1153000,576500.0,-67.741455078125,0.43352785613817196,-67.30792722198683,223.5948253490565
1154000,577000.0,-67.779541015625,0.47999019348473754,-67.29955082214026,247.55807951421266
1155000,577500.0,-67.67074584960938,0.3787273965569583,-67.29201845305242,195.33113014326503
1156000,578000.0,-67.69770050048828,0.3992226803704029,-67.29847782011788,205.90170672758939
1157000,578500.0,-67.81299591064453,0.5220885227875387,-67.29090738785699,269.270568007563
1158000,579000.0,-67.72249603271484,0.4216455502421329,-67.30085048247271,217.46644842021124
1159000,579500.0,-67.73870086669922,0.4394362370158556,-67.29926462968336,226.64211140400454
1160000,580000.0,-67.71148681640625,0.4308867043192738,-67.28060011208697,222.2326340358444
1161000,580500.0,-67.7171401977539,0.4219479593412561,-67.29519223841265,217.6224178896353
1162000,581000.0,-67.83326721191406,0.5300749005240497,-67.30319231139,273.38959452427576
1163000,581500.0,-67.89303588867188,0.5940427755454454,-67.29899311312643,306.3814441617318
1164000,582000.0,-67.76716613769531,0.47239343296931396,-67.294772704726,243.64000062582085
1165000,582500.0,-67.59080505371094,0.30221011494807537,-67.28859493876286,155.86684203516734
1166000,583000.0,-67.72679901123047,0.4233929160319973,-67.30340609519847,218.36766374714776
1167000,583500.0,-67.84327697753906,0.5472558668913701,-67.29602111064769,282.25079022332363
1168000,584000.0,-67.73690795898438,0.44602834537934194,-67.29087961360503,230.04203437861037
1169000,584500.0,-67.68623352050781,0.3929122387243369,-67.29332128178348,202.64705520347175
1170000,585000.0,-67.71214294433594,0.43245704088638104,-67.27968590344956,223.04254538407775
1171000,585500.0,-67.76751708984375,0.48184629983402777,-67.28567079000972,248.51537849540327
1172000,586000.0,-67.80992126464844,0.5230949664992832,-67.28682629814915,269.7896479300293
1173000,586500.0,-67.63107299804688,0.3476639262650016,-67.28340907178188,179.3099423087929
1174000,587000.0,-67.71417999267578,0.4365578139301133,-67.27762217874567,225.15754588410834
1175000,587500.0,-67.737060546875,0.46944938202972947,-67.26761116484528,242.12158711136072
1176000,588000.0,-67.58937072753906,0.3126896177814776,-67.27668110975759,161.27171411571183
1177000,588500.0,-67.69529724121094,0.4127779741490763,-67.28251926706186,212.8929380915819
1178000,589000.0,-67.7514877319336,0.45453161788898105,-67.29695611404462,234.42765275299743
1179000,589500.0,-67.77694702148438,0.4893257505113993,-67.28762127097298,252.3729540680806
1180000,590000.0,-67.71167755126953,0.4307655354218872,-67.28091201584765,222.17014038505522
1181000,590500.0,-67.5644302368164,0.31058361577002025,-67.25384662104639,160.185529813436
1182000,591000.0,-67.73283386230469,0.43338794222413746,-67.29944592008054,223.52266383341336
1183000,591500.0,-67.76902770996094,0.48100042393254233,-67.2880272860284,248.0791124705522
1184000,592000.0,-67.7081298828125,0.4168847161702671,-67.29124516664223,215.0110171307501
1185000,592500.0,-67.74573516845703,0.47070568506697413,-67.27502948339006,242.7695336140387
1186000,593000.0,-67.73613739013672,0.4657416204231153,-67.2703957697136,240.2092848287535
1187000,593500.0,-67.6983413696289,0.40731293163608695,-67.29102843799282,210.07430669589237
1188000,594000.0,-67.74140167236328,0.4628577714893291,-67.27854390087396,238.72192089226525
1189000,594500.0,-67.72068786621094,0.4387525497948867,-67.28193531641605,226.289495251198
1190000,595000.0,-67.71949005126953,0.4412666020250216,-67.2782234492445,227.58613412078023
1191000,595500.0,-67.6839599609375,0.4267495592165319,-67.25721040172097,220.09887440865114
1192000,596000.0,-67.68968200683594,0.4144187780199337,-67.275263228816,213.73919341229995
1193000,596500.0,-67.62210845947266,0.35774840703413485,-67.26436005243852,184.51107917781943
1194000,597000.0,-67.68714141845703,0.41982034785147154,-67.26732107060556,216.52508835767227
1195000,597500.0,-67.67959594726562,0.4054200740701858,-67.27417587319545,209.09805303452808
1196000,598000.0,-67.83517456054688,0.5583619861446601,-67.27681257440221,287.97884381800134
1197000,598500.0,-67.72904205322266,0.46250430059120873,-67.26653775263145,238.53961596626758
1198000,599000.0,-67.6273193359375,0.37049400314162134,-67.25682533279588,191.0847036756989
1199000,599500.0,-67.8422622680664,0.5606042295028384,-67.28165803856356,289.1352954853243
1200000,600000.0,-67.80783081054688,0.5386931237994379,-67.26913768674744,277.8344995074182
1201000,600500.0,-67.66934204101562,0.3972703593911039,-67.27207168162452,204.8947844221112
1202000,601000.0,-67.60108947753906,0.33845175494847685,-67.26263772259058,174.55870474137936
1203000,601500.0,-67.64337921142578,0.3768849719258982,-67.26649423949988,194.38088759767558
1204000,602000.0,-67.6629638671875,0.3952281450843565,-67.26773572210314,203.8414990454571
1205000,602500.0,-67.76580810546875,0.5036795857011135,-67.26212851976764,259.7760383840983
1206000,603000.0,-67.62483215332031,0.3563179786706674,-67.26851417464964,183.7733264000558
1207000,603500.0,-67.61907958984375,0.3545973733564322,-67.26448221648732,182.885912963332
1208000,604000.0,-67.7447280883789,0.4744029016905661,-67.27032518668834,244.67639725273
1209000,604500.0,-67.76748657226562,0.49558952495013314,-67.27189704731549,255.60353667499894
1210000,605000.0,-67.75732421875,0.47506105006330274,-67.2822631686867,245.0158415776384
1211000,605500.0,-67.75720977783203,0.4857415740871781,-67.27146820374486,250.52439165104752
1212000,606000.0,-67.69625854492188,0.42021609208120153,-67.27604245284067,216.72919603074686
1213000,606500.0,-67.63285827636719,0.36707012180810467,-67.26578815455909,189.31881449938825
1214000,607000.0,-67.81282043457031,0.5552897338669901,-67.25753070070333,286.3943096254974
1215000,607500.0,-67.77381134033203,0.5226332143825481,-67.25117812594948,269.551496257803
1216000,608000.0,-67.67713165283203,0.4285357199603818,-67.24859593287165,221.02009848667018
1217000,608500.0,-67.76171112060547,0.5021944239090931,-67.25951669669638,259.01005648281983
1218000,609000.0,-67.75325012207031,0.5012280747052024,-67.25202204736512,258.51165556483755
1219000,609500.0,-67.6728515625,0.41934807295344556,-67.25350348954656,216.28150949221825
1220000,610000.0,-67.66498565673828,0.40545750933569,-67.25952814740259,209.11736051738944
1221000,610500.0,-67.64385986328125,0.36962314846040717,-67.27423671482084,190.63555468194096
1222000,611000.0,-67.75082397460938,0.47742027059602926,-67.27340370401335,246.23262498729957
1223000,611500.0,-67.81280517578125,0.5495860136628246,-67.26321916211843,283.4525786505821
1224000,612000.0,-67.81855010986328,0.5471126897426939,-67.27143742012059,282.17694567308547
1225000,612500.0,-67.8332748413086,0.5726091444254382,-67.26066569688315,295.3269088209931
1226000,613000.0,-67.72814178466797,0.45542030073422507,-67.27272148393375,234.88599673887893
1227000,613500.0,-67.70919799804688,0.4296216020806934,-67.27957639596619,221.58014928756577
1228000,614000.0,-67.75111389160156,0.48151384287609145,-67.26960004872547,248.34391164640303
1229000,614500.0,-67.78058624267578,0.4999407835320175,-67.28064545914377,257.84772672850943
1230000,615000.0,-67.876953125,0.5940545011275058,-67.2828986238725,306.3874917073181
1231000,615500.0,-67.62931823730469,0.37303323090744894,-67.25628500639723,192.3943269923624
1232000,616000.0,-67.74620056152344,0.4651960768743719,-67.28100448464906,239.92791717780676
1233000,616500.0,-67.8482437133789,0.5719334174275007,-67.2763102959514,294.97839820524314
1234000,617000.0,-67.67676544189453,0.412919235529434,-67.2638462063651,212.96579457178828
1235000,617500.0,-67.77519989013672,0.5053818007020768,-67.26981808943464,260.65396689655273
1236000,618000.0,-67.7701644897461,0.48288751933856844,-67.28727697040753,249.05239426029937
1237000,618500.0,-67.71501159667969,0.4431982263186255,-67.27181337036106,228.58238197533726
1238000,619000.0,-67.87721252441406,0.611065394868832,-67.26614712954523,315.16097133791175
1239000,619500.0,-67.72476196289062,0.4478348907269042,-67.27692707216372,230.9737719492282
1240000,620000.0,-67.79330444335938,0.5465138130295879,-67.24679063032978,281.8680710940322
1241000,620500.0,-67.85271453857422,0.5942477885823048,-67.25846674999191,306.4871809754609
1242000,621000.0,-67.66487884521484,0.4041755763355092,-67.26070326887934,208.45619519380926
1243000,621500.0,-67.68811798095703,0.43538250464354344,-67.25273547631349,224.55137243771753
1244000,622000.0,-67.73340606689453,0.45269448909233695,-67.2807115778022,233.48014156862166
1245000,622500.0,-67.7266616821289,0.46481459250034896,-67.26184708962856,239.73116411851575
1246000,623000.0,-67.7978744506836,0.5369386974271079,-67.26093575325649,276.9296426389269
1247000,623500.0,-67.6390151977539,0.38214170169490075,-67.256873496059,197.0920803341181
1248000,624000.0,-67.78253936767578,0.516328487265518,-67.26621088041027,266.29979203938603
1249000,624500.0,-67.6989974975586,0.43697270182826536,-67.26202479573033,225.37152702929498
1250000,625000.0,-67.69457244873047,0.4269038309785577,-67.26766861775191,220.17844107823893
1251000,625500.0,-67.7688980102539,0.5044172967943069,-67.2644807134596,260.15651770210565
1252000,626000.0,-67.77362823486328,0.5116791907076157,-67.26194904415567,263.9018869517627
1253000,626500.0,-67.76979064941406,0.4980173256727707,-67.27177332374129,256.855690765848
1254000,627000.0,-67.74114227294922,0.45802977727786476,-67.28311249567136,236.2318513218463
1255000,627500.0,-67.67264556884766,0.40585300424279735,-67.26679256460486,209.3213396006918
1256000,628000.0,-67.64546966552734,0.3813283011242865,-67.26414136440306,196.67256367342316
1257000,628500.0,-67.75291442871094,0.4797519089870272,-67.27316251972391,247.43518272708684
1258000,629000.0,-67.7773666381836,0.5199000070882809,-67.25746663109531,268.14182673149315
1259000,629500.0,-67.78083801269531,0.5092753358437246,-67.27156267685159,262.66208309407267
1260000,630000.0,-67.75525665283203,0.4868326332922552,-67.26842401953978,251.08711256724843
1261000,630500.0,-67.7866439819336,0.5076822687809798,-67.27896171315261,261.84044834414726
1262000,631000.0,-67.65750122070312,0.3714277739146242,-67.2860734467885,191.56630205501756
1263000,631500.0,-67.7198486328125,0.4387623977954864,-67.28108623501701,226.294574421874
1264000,632000.0,-67.84542083740234,0.5717471216217878,-67.27367371578056,294.88231492581394
1265000,632500.0,-67.82304382324219,0.5352342279447434,-67.28780959529745,276.05055136295454
1266000,633000.0,-67.74809265136719,0.46588659391769655,-67.28220605744949,240.28405585613314
1267000,633500.0,-67.81756591796875,0.5385630881134162,-67.27900282985533,277.76743275243695
1268000,634000.0,-67.81531524658203,0.5291202852865772,-67.28619496129545,272.8972454761671
1269000,634500.0,-67.71163177490234,0.41982855607452085,-67.29180321882782,216.52932180235905
1270000,635000.0,-67.72138214111328,0.45043316588025384,-67.27094897523303,232.313849341941
1271000,635500.0,-67.63108825683594,0.3533833433714574,-67.27770491346448,182.25976906365963
1272000,636000.0,-67.71018981933594,0.43304789500640717,-67.27714192432953,223.3472822583143
1273000,636500.0,-67.78225708007812,0.506281423704473,-67.27597565637365,261.11795333999055
1274000,637000.0,-67.77660369873047,0.5009315097054569,-67.27567218902502,258.3587002278647
1275000,637500.0,-67.8259048461914,0.5471139896921391,-67.27879085649927,282.17761613050834
1276000,638000.0,-67.61495971679688,0.36897330087755853,-67.24598641591932,190.3003915436714
1277000,638500.0,-67.70816040039062,0.43738703970878573,-67.27077336068184,225.58522449929313
1278000,639000.0,-67.62159729003906,0.3553795794376908,-67.26621771060137,183.289340862254
1279000,639500.0,-67.68589782714844,0.4229116088839136,-67.26298621826453,218.1194264396915
1280000,640000.0,-67.70606231689453,0.4354870852796405,-67.27057523161488,224.60531058432545
1281000,640500.0,-67.66165924072266,0.3977411936497369,-67.26391804707292,205.13762026838228
1282000,641000.0,-67.59890747070312,0.32634151414116364,-67.27256595656196,168.31276889225782
1283000,641500.0,-67.61811828613281,0.3552126408380996,-67.26290564529471,183.2032411884012
1284000,642000.0,-67.655029296875,0.38641949413240423,-67.2686098027426,199.2983797434881
1285000,642500.0,-67.82990264892578,0.5651875698014548,-67.26471507912433,291.49918320112965
1286000,643000.0,-67.78409576416016,0.5194108278099345,-67.26468493635022,267.88952932140154
1287000,643500.0,-67.78009033203125,0.5052631513814952,-67.27482718064975,260.5927727339687
1288000,644000.0,-67.71247863769531,0.4338328064174052,-67.27864583127791,223.7521054487315
1289000,644500.0,-67.70881652832031,0.4368841079806671,-67.27193242033965,225.32583417334524
1290000,645000.0,-67.77729797363281,0.4864834785190584,-67.29081449511375,250.90703371089035
1291000,645500.0,-67.83746337890625,0.5632539671406248,-67.27420941176563,290.5019149907451
1292000,646000.0,-67.67659759521484,0.41758853242049804,-67.25900906279435,215.37401496196227
1293000,646500.0,-67.75935363769531,0.4885525911738646,-67.27080104652144,251.97419208636387
1294000,647000.0,-67.72222900390625,0.45029028805220295,-67.27193871585405,232.2401591682717
1295000,647500.0,-67.8201904296875,0.5429951320327987,-67.2771952976547,280.0532883717765
1296000,648000.0,-67.81536865234375,0.5521566840684224,-67.26321196827533,284.7784187142168
1297000,648500.0,-67.76624298095703,0.4924992931261564,-67.27374368783087,254.00972941397265
1298000,649000.0,-67.70040893554688,0.4212911627211639,-67.27911777282571,217.2836707399883
1299000,649500.0,-67.75624084472656,0.48803356091713157,-67.26820728380943,251.7064988390628
1300000,650000.0,-67.68894958496094,0.4132068328904424,-67.2757427520705,213.11412479046984
1301000,650500.0,-67.67899322509766,0.39526414916013597,-67.28372907593752,203.86006838286366
1302000,651000.0,-67.74238586425781,0.46608269475387243,-67.27630316950393,240.38519614410941
1303000,651500.0,-67.76747131347656,0.4890336822422984,-67.27843763123427,252.22231794932836
1304000,652000.0,-67.76005554199219,0.48941427345271654,-67.27064126853946,252.41861035365247
1305000,652500.0,-67.73213195800781,0.4536463081196236,-67.27848564988818,233.97104845305088
1306000,653000.0,-67.66195678710938,0.3928032206956244,-67.26915356641375,202.5908284426195
1307000,653500.0,-67.71533966064453,0.437862307956521,-67.27747735268801,225.83034720442433
1308000,654000.0,-67.6792221069336,0.40658000897303387,-67.27264209796056,209.69629704202717
1309000,654500.0,-67.78822326660156,0.5005184686098596,-67.28770479799171,258.14567158316646
1310000,655000.0,-67.75285339355469,0.4753862981591449,-67.27746709539554,245.18359040889635
1311000,655500.0,-67.76798248291016,0.478276041628329,-67.28970644128182,246.67399449054287
1312000,656000.0,-67.61917114257812,0.3390452877736767,-67.28012585480445,174.8648231753173
1313000,656500.0,-67.74921417236328,0.46832749066794827,-67.28088668169534,241.54296430882013
1314000,657000.0,-67.85332489013672,0.5573433475806303,-67.29598154255609,287.4534743207632
1315000,657500.0,-67.65977478027344,0.3832020597340859,-67.27657272053935,197.63896692334686
1316000,658000.0,-67.63959503173828,0.37132764018761577,-67.26826739155067,191.5146574308371
1317000,658500.0,-67.58231353759766,0.3022424743186478,-67.28007106327901,155.8835315920415
1318000,659000.0,-67.65272521972656,0.37070631280058536,-67.28201890692598,191.1942037699693
1319000,659500.0,-67.70645141601562,0.4379124153194249,-67.2685390006962,225.85619040434463
1320000,660000.0,-67.71511840820312,0.44352750002355845,-67.27159090817956,228.75220704079524
1321000,660500.0,-67.6426773071289,0.36784064686592993,-67.27483666026298,189.71621783412715
1322000,661000.0,-67.69219970703125,0.4172798039157011,-67.27491990311555,215.21478621775822
1323000,661500.0,-67.76446533203125,0.4896301554737418,-67.2748351765575,252.52995291700498
1324000,662000.0,-67.65776824951172,0.3940886487658036,-67.26367960074592,203.2537963713952
1325000,662500.0,-67.7782974243164,0.5238245705596646,-67.25447285375674,270.1659459928761
1326000,663000.0,-67.80960083007812,0.5438845294107375,-67.26571630066739,280.51200088256553
1327000,663500.0,-67.65367889404297,0.38329934405327437,-67.2703795499897,197.68914194682037
1328000,664000.0,-67.73460388183594,0.44880076971240246,-67.28580311212353,231.47193034900118
1329000,664500.0,-67.68828582763672,0.4111523062304721,-67.27713352140624,212.0544892371673
1330000,665000.0,-67.76779174804688,0.5120065779198714,-67.255785170127,264.0707390462922
1331000,665500.0,-67.66361999511719,0.3925115488444029,-67.27110844627279,202.44039677897962
1332000,666000.0,-67.9187240600586,0.6424346102952219,-67.27628944976337,331.3398492238234
1333000,666500.0,-67.5741195678711,0.2919536096525742,-67.28216595821851,150.5769823923112
1334000,667000.0,-67.83275604248047,0.5509373462291633,-67.2818186962513,284.14953725400505
1335000,667500.0,-67.72783660888672,0.4630787778000306,-67.26475783108668,238.83590634151074
1336000,668000.0,-67.77198028564453,0.5076604030032719,-67.26431988264126,261.82917092637933
1337000,668500.0,-67.7637710571289,0.4914701495187395,-67.27230090761017,253.47894187194643
1338000,669000.0,-67.70314025878906,0.44298746930493965,-67.26015278948412,228.47368266801718
1339000,669500.0,-67.61702728271484,0.35897656449578763,-67.25805071821905,185.1445094159259
1340000,670000.0,-67.71752166748047,0.453947914898053,-67.26357375258242,234.12660412033313
1341000,670500.0,-67.65538024902344,0.38433832289325437,-67.27104192613018,198.22500207432427
1342000,671000.0,-67.65045166015625,0.3780397831417856,-67.27241187701446,194.97648903013618
1343000,671500.0,-67.70579528808594,0.449700373333125,-67.25609491475281,231.93590679621414
1344000,672000.0,-67.62358093261719,0.3449738265245595,-67.27860710609262,177.92250578512005
1345000,672500.0,-67.69831085205078,0.43853900378474947,-67.25977184826603,226.17935750072917
1346000,673000.0,-67.61914825439453,0.34197127764223845,-67.27717697675229,176.37392157434996
1347000,673500.0,-67.69041442871094,0.4243132475442363,-67.2661011811667,218.84233073988818
1348000,674000.0,-67.81393432617188,0.5508233353493401,-67.26311099082254,284.0907353975591
1349000,674500.0,-67.78936004638672,0.534284891466812,-67.25507515491991,275.56092486958124
1350000,675000.0,-67.72749328613281,0.46784462422942136,-67.2596486619034,241.29392278712623
1351000,675500.0,-67.69025421142578,0.4351685950602982,-67.25508561636548,224.44104717204195
1352000,676000.0,-67.85574340820312,0.6037819107944957,-67.25196149740863,311.4044668215911
1353000,676500.0,-67.74756622314453,0.48631492578742225,-67.2612512973571,250.82010153788536
1354000,677000.0,-67.84248352050781,0.5842881818205372,-67.25819533868727,301.350448691912
1355000,677500.0,-67.75343322753906,0.5104442065115534,-67.24298902102751,263.26493578076486
1356000,678000.0,-67.7387924194336,0.48851382918881275,-67.25027859024478,251.95420033922434
1357000,678500.0,-67.83963775634766,0.5643404081901169,-67.27529734815754,291.0622540630187
1358000,679000.0,-67.65300750732422,0.40491449796550066,-67.24809300935871,208.8372988540823
1359000,679500.0,-67.71942138671875,0.4827789917413973,-67.23664239497735,248.99642044272005
1360000,680000.0,-67.78289031982422,0.5178001106536552,-67.26509020917057,267.0587914203744
1361000,680500.0,-67.73110961914062,0.48346874184629574,-67.24764087729433,249.3521635675404
1362000,681000.0,-67.72804260253906,0.46440432717889446,-67.26363827536017,239.51956709747415
1363000,681500.0,-67.62379455566406,0.3708306486559335,-67.25296390700812,191.25833080002647
1364000,682000.0,-67.6779556274414,0.431034382195016,-67.24692124524638,222.30879986548368
1365000,682500.0,-67.67642211914062,0.4152616042936031,-67.26116051484702,214.17388657167248
1366000,683000.0,-67.6469497680664,0.3919069871392877,-67.25504278092711,202.12859012814036
1367000,683500.0,-67.7719497680664,0.510175318175463,-67.26177444989095,263.1262548639673
1368000,684000.0,-67.79963684082031,0.5394554495114059,-67.2601813913089,278.2276739759401
1369000,684500.0,-67.74376678466797,0.4827129213578166,-67.26105386331015,248.9623442105511
1370000,685000.0,-67.78005981445312,0.5361658741639554,-67.24389394028917,276.5310539897694
1371000,685500.0,-67.74243927001953,0.48688538535156584,-67.25555388466796,251.11431978662628
1372000,686000.0,-67.73443603515625,0.4774909461154866,-67.25694508904077,246.26907634839614
1373000,686500.0,-67.73027801513672,0.48868127585935295,-67.24159673927737,252.04056205398987
1374000,687000.0,-67.71217346191406,0.45910536733251534,-67.25306809458155,236.78659392260812
1375000,687500.0,-67.70600891113281,0.4635986875945872,-67.24241022353823,239.104053216193
1376000,688000.0,-67.80305480957031,0.5550718602497476,-67.24798294932056,286.28193988337875
1377000,688500.0,-67.77761840820312,0.5258553897466166,-67.25176301845651,271.213354262017
1378000,689000.0,-67.6664810180664,0.4180871945446938,-67.24839382352171,215.63120321178076
1379000,689500.0,-67.77318572998047,0.5287008687296971,-67.24448486125077,272.6809286456421
1380000,690000.0,-67.73983001708984,0.4715446070300435,-67.2682854100598,243.20221309970063
1381000,690500.0,-67.74066162109375,0.4772951122706916,-67.26336650882305,246.1680737629696
1382000,691000.0,-67.72109985351562,0.4716949134576119,-67.24940494005801,243.27973462212452
1383000,691500.0,-67.8155517578125,0.5723517620651076,-67.24319999574739,295.1941621863969
1384000,692000.0,-67.71845245361328,0.4673880013646943,-67.25106445224858,241.0584165601481
1385000,692500.0,-67.62457275390625,0.3766173243947772,-67.24795542951148,194.24284663415088
1386000,693000.0,-67.70335388183594,0.4608784469177631,-67.24247543491818,237.7010713075794
1387000,693500.0,-67.75240325927734,0.5026934401185427,-67.2497098191588,259.2674273544223
1388000,694000.0,-67.67113494873047,0.41849816650827876,-67.2526367822222,215.84316468811977
1389000,694500.0,-67.70230865478516,0.45096327697048055,-67.25134537781467,232.58725760154095
1390000,695000.0,-67.7539291381836,0.5047764893946801,-67.24915264878891,260.34177363343736
1391000,695500.0,-67.68025970458984,0.4366190794196465,-67.2436406251702,225.18914396076744
1392000,696000.0,-67.67749786376953,0.4276325935776379,-67.24986527019189,220.5543051519199
1393000,696500.0,-67.724365234375,0.4645409249738301,-67.25982430940117,239.5900183030178
1394000,697000.0,-67.71517181396484,0.46477778359789745,-67.25039403036695,239.71217968649273
1395000,697500.0,-67.63277435302734,0.3775448345527971,-67.25522951847455,194.72121606037254
1396000,698000.0,-67.6258544921875,0.3666676125705268,-67.25918687961698,189.11121772929994
1397000,698500.0,-67.61603546142578,0.3643781480921758,-67.25165731333361,187.93041146060975
1398000,699000.0,-67.75064849853516,0.5011554178093823,-67.24949308072577,258.4741822959316
1399000,699500.0,-67.79532623291016,0.5463281626031639,-67.248998070307,281.7723206731895
1400000,700000.0,-67.71049499511719,0.4588959228840018,-67.25159907223319,236.67857157935458
1401000,700500.0,-67.79523468017578,0.5411050890583026,-67.25412959111748,279.07848635432555
1402000,701000.0,-67.72179412841797,0.45767516347273546,-67.26411896494524,236.04895693408872
1403000,701500.0,-67.76811981201172,0.4951943576345033,-67.27292545437722,255.39972654914223
1404000,702000.0,-67.75472259521484,0.5024733430152964,-67.25224925219955,259.15391083486446
1405000,702500.0,-67.74136352539062,0.47948632824325055,-67.26187719714737,247.29820772264355
1406000,703000.0,-67.61454772949219,0.3538169135998159,-67.26073081589237,182.48338574275826
1407000,703500.0,-67.7262191772461,0.47047734921555573,-67.25574182803054,242.65176790626245
1408000,704000.0,-67.69371795654297,0.44638154162395294,-67.24733641491902,230.22419765026544
1409000,704500.0,-67.75257873535156,0.4964524632914234,-67.25612627206014,256.04860276469975
1410000,705000.0,-67.73344421386719,0.4796386233820495,-67.25380559048514,247.37675493588284
1411000,705500.0,-67.75690460205078,0.5023763124365714,-67.25452828961421,259.10386667969345
1412000,706000.0,-67.65071868896484,0.3949332230379797,-67.25578546592686,203.68939107242252
1413000,706500.0,-67.782958984375,0.5257624896803839,-67.25719649469461,271.165440445661
1414000,707000.0,-67.7115249633789,0.4696080667290671,-67.24191689664984,242.20342978221012
1415000,707500.0,-67.76028442382812,0.4959926092632615,-67.26429181456486,255.81143004406113
1416000,708000.0,-67.70618438720703,0.44932870084247384,-67.25685568636456,231.7442142799028
1417000,708500.0,-67.6858901977539,0.4215926981524409,-67.26429749960147,217.43918960951038
1418000,709000.0,-67.87094116210938,0.6119151015387962,-67.25902606057058,315.59921310664373
1419000,709500.0,-67.6352310180664,0.3693549252676232,-67.26587609279878,190.49721681715107
1420000,710000.0,-67.65293884277344,0.4137410357644509,-67.23919780700899,213.38964341429926
1421000,710500.0,-67.78189849853516,0.5418415498615822,-67.24005694867357,279.4583208271379
1422000,711000.0,-67.79314422607422,0.5436528003889921,-67.24949142568522,280.3924851250153
1423000,711500.0,-67.73371124267578,0.47537149323352323,-67.25833974944226,245.17595467174172
1424000,712000.0,-67.80833435058594,0.5569244916215784,-67.25140985896437,287.23744662223214
1425000,712500.0,-67.7743148803711,0.5169350847460543,-67.25737979562504,266.6126486547045
1426000,713000.0,-67.64319610595703,0.3961207974716513,-67.24707530848538,204.30189034859632
1427000,713500.0,-67.74652862548828,0.49583819875424767,-67.25069042673404,255.73179181480742
1428000,714000.0,-67.7029800415039,0.4415391821666893,-67.26144085933721,227.726719110434
1429000,714500.0,-67.76663208007812,0.5169978410867748,-67.24963423899135,266.6450156476077
1430000,715000.0,-67.77947235107422,0.5319824114144243,-67.2474899396598,274.3734057335116
1431000,715500.0,-67.67046356201172,0.40754045616025597,-67.26292310585146,210.1916539563369
1432000,716000.0,-67.70929718017578,0.4686140226182089,-67.24068315755757,241.69074503494497
1433000,716500.0,-67.808837890625,0.5535898151187477,-67.25524807550626,285.51756542039215
1434000,717000.0,-67.58833312988281,0.3474775307533238,-67.24085559912949,179.2138076053607
1435000,717500.0,-67.75208282470703,0.5043242720111213,-67.24775855269591,260.108539562166
1436000,718000.0,-67.83113861083984,0.5778018670246744,-67.25333674381517,298.0050894412766
1437000,718500.0,-67.6337661743164,0.4065988272213013,-67.2271673470951,209.7060026765675
1438000,719000.0,-67.6429443359375,0.40156387643459884,-67.2413804595029,207.10919389979765
1439000,719500.0,-67.78911590576172,0.5579796465509222,-67.2311362592108,287.78164967355264
1440000,720000.0,-67.72106170654297,0.4786855930848397,-67.24237611345814,246.8852233310739
1441000,720500.0,-67.66281127929688,0.4142782040163555,-67.24853307528052,213.66669145116032
1442000,721000.0,-67.72647857666016,0.4876782593889269,-67.23880031727123,251.5232497536341
1443000,721500.0,-67.6817398071289,0.44899984849927577,-67.23273995862964,231.5746065345136
1444000,722000.0,-67.77752685546875,0.5199351966955603,-67.2575916587732,268.15997600144743
1445000,722500.0,-67.71293640136719,0.4631264176085067,-67.24980998375868,238.86047688410693
1446000,723000.0,-67.63060760498047,0.3876913528589674,-67.2429162521215,199.95434919460436
1447000,723500.0,-67.74895477294922,0.5011737414703411,-67.24778103147888,258.48363284383487
1448000,724000.0,-67.63652801513672,0.39264248289122183,-67.2438855322455,202.50792686941375
1449000,724500.0,-67.72720336914062,0.468873819728144,-67.25832954941248,241.82473709243257
1450000,725000.0,-67.76934814453125,0.5121091599098399,-67.25723898462141,264.12364637809617
1451000,725500.0,-67.7466812133789,0.4978819631136186,-67.2487992502653,256.78587664123324
1452000,726000.0,-67.75196075439453,0.5129188983697098,-67.23904185602483,264.5412742812391
1453000,726500.0,-67.84323120117188,0.5967690175264379,-67.24646218364543,307.78752128219486
1454000,727000.0,-67.74942779541016,0.5063585028873202,-67.24306929252283,261.15770743233486
1455000,727500.0,-67.6264877319336,0.3798008622670808,-67.24668686966652,195.88477709945175
1456000,728000.0,-67.62663269042969,0.3728801630950827,-67.2537525273346,192.31538126768058
1457000,728500.0,-67.76581573486328,0.5087688159468154,-67.25704691891647,262.4008421466187
1458000,729000.0,-67.72303009033203,0.44859116102641494,-67.27443892930562,231.36382329919704
1459000,729500.0,-67.54094696044922,0.30437124201097243,-67.23657571843825,156.9814574430215
1460000,730000.0,-67.85235595703125,0.5868655382616816,-67.26549041876957,302.6797371220798
1461000,730500.0,-67.74794006347656,0.48189212039375495,-67.26604794308281,248.53901074856657
1462000,731000.0,-67.70955657958984,0.44122646387306036,-67.26833011571678,227.56543260656255
1463000,731500.0,-67.8117446899414,0.5507512883474588,-67.26099340159395,284.0535766854383
1464000,732000.0,-67.82765197753906,0.5634973010845221,-67.26415467645454,290.62741606274517
1465000,732500.0,-67.76544952392578,0.481813344811083,-67.2836361791147,248.4983817269249
1466000,733000.0,-67.67561340332031,0.41727130615462016,-67.2583420971657,215.21040344193923
1467000,733500.0,-67.73883819580078,0.4720365545400263,-67.26680164126076,243.45593824335194
1468000,734000.0,-67.6761703491211,0.4106498650059019,-67.26552048411519,211.79535189163042
1469000,734500.0,-67.76781463623047,0.5006181830144122,-67.26719645321606,258.19709993904956
1470000,735000.0,-67.60326385498047,0.3474798626040837,-67.25578399237638,179.21501027263113
1471000,735500.0,-67.826416015625,0.5530379145643896,-67.27337810106062,285.2329191022501
1472000,736000.0,-67.62743377685547,0.3725408483597343,-67.25489292849574,192.14037747515746
1473000,736500.0,-67.72014617919922,0.4599946376661703,-67.26015154153305,237.24524090947742
1474000,737000.0,-67.77960968017578,0.5098008209752596,-67.26980885920052,262.933105485242
1475000,737500.0,-67.80351257324219,0.5443947685094055,-67.25911780473278,280.77516003263537
1476000,738000.0,-67.6594467163086,0.3969029864466815,-67.26254372986192,204.70530942486923
1477000,738500.0,-67.59247589111328,0.3233449385222445,-67.26913095259104,166.7672654311286
1478000,739000.0,-67.6889877319336,0.427820842922181,-67.2611668890114,220.65139598176904
1479000,739500.0,-67.75688171386719,0.5007359194905298,-67.25614579437666,258.2578232961349
1480000,740000.0,-67.91918182373047,0.6511620713151439,-67.26801975241533,335.841094287689
1481000,740500.0,-67.6701431274414,0.4111233230594831,-67.25901980438192,212.03954097729522
1482000,741000.0,-67.65240478515625,0.3785494958693414,-67.27385528928691,195.23937670086454
1483000,741500.0,-67.78043365478516,0.5093941021663377,-67.27103955261882,262.72333760121916
1484000,742000.0,-67.70755004882812,0.42924651114587653,-67.27830353768225,221.38669368633296
1485000,742500.0,-67.84395599365234,0.5739907579130054,-67.26996523573933,296.0394850074562
1486000,743000.0,-67.76421356201172,0.5005346015913966,-67.26367896042032,258.1539922738396
1487000,743500.0,-67.87776947021484,0.6107250226029375,-67.26704444761191,314.9854221170974
1488000,744000.0,-67.7597885131836,0.5060308172006408,-67.25375769598296,260.98870139767047
1489000,744500.0,-67.65587615966797,0.4055230657314871,-67.25035309393648,209.15117165699957
1490000,745000.0,-67.6303939819336,0.3747829244503201,-67.25561105748328,193.2967428731264
1491000,745500.0,-67.71755981445312,0.43483295986094106,-67.28272685459218,224.26794112425586
1492000,746000.0,-67.85552978515625,0.5921264081236824,-67.26340337703257,305.3930651385459
1493000,746500.0,-67.77335357666016,0.5172256628257005,-67.25612791383446,266.7625161985055
1494000,747000.0,-67.73930358886719,0.4630379334293543,-67.27626565543784,238.8148405903749
1495000,747500.0,-67.70205688476562,0.4542160667216654,-67.24784081804395,234.26490517600632
1496000,748000.0,-67.69580078125,0.43672858559683864,-67.25907219565316,225.24562248738863
1497000,748500.0,-67.74932098388672,0.4805146253518018,-67.26880635853492,247.82855867734708
1498000,749000.0,-67.6858139038086,0.4176049847532656,-67.26820891905533,215.38250036011988
1499000,749500.0,-67.85084533691406,0.5927160960940919,-67.25812924081997,305.6972005634957
1500000,750000.0,-67.72000885009766,0.4570332338430262,-67.26297561625464,235.71787753190267
1501000,750500.0,-67.55499267578125,0.2853670430776902,-67.26962563270357,147.17991763139824
1502000,751000.0,-67.6614990234375,0.4065903849713983,-67.2549086384661,209.70164853100135
1503000,751500.0,-67.65885162353516,0.3952279668185529,-67.2636236567166,203.84140710370374
1504000,752000.0,-67.6233901977539,0.33906660593053667,-67.28432359182337,174.8758181540537
1505000,752500.0,-67.80802917480469,0.5467039261075035,-67.26132524869719,281.96612315654966
1506000,753000.0,-67.49983215332031,0.22653587950582751,-67.27329627381448,116.83736049767644
1507000,753500.0,-67.75119018554688,0.47894163745460805,-67.27224854809226,247.01727988829248
1508000,754000.0,-67.68923950195312,0.42362331655145713,-67.26561618540167,218.48649432096104
1509000,754500.0,-67.7065658569336,0.43079916733828516,-67.27576668959532,222.18748626575623
1510000,755000.0,-67.65738677978516,0.38103926494944895,-67.2763475148357,196.5234913771051
1511000,755500.0,-67.67777252197266,0.4081899953642938,-67.26958252660836,210.5266580462192
1512000,756000.0,-67.47872924804688,0.1975147864011713,-67.2812144616457,101.86954204656823
1513000,756500.0,-67.70303344726562,0.45271327704483283,-67.25032017022079,233.4898315779198
1514000,757000.0,-67.80768585205078,0.5305769892641716,-67.2771088627866,273.6485500736546
1515000,757500.0,-67.79681396484375,0.5484445569567654,-67.24836940788698,282.86386489385075
1516000,758000.0,-67.65773010253906,0.39905784584306137,-67.258672256696,205.81669224275157
1517000,758500.0,-67.70301055908203,0.4561699928579805,-67.24684056622405,235.27265535170687
1518000,759000.0,-67.74761199951172,0.5050311039658252,-67.2425808955459,260.47309276267083
1519000,759500.0,-67.86946105957031,0.6080457992347844,-67.26141526033553,313.6035951535208
1520000,760000.0,-67.70318603515625,0.4247399760351471,-67.27844605912111,219.06241874818045
1521000,760500.0,-67.63518524169922,0.36360391491778377,-67.27158132678143,187.53109564051525
1522000,761000.0,-67.7133560180664,0.44557559550506026,-67.26778042256134,229.80852567176836
1523000,761500.0,-67.76777648925781,0.497060694754348,-67.27071579450346,256.3623021171148
1524000,762000.0,-67.75311279296875,0.47685706273909484,-67.27625573022965,245.94214685394905
1525000,762500.0,-67.73619079589844,0.4515846520715992,-67.28460614382684,232.90773587126162
1526000,763000.0,-67.71258544921875,0.44035821248931284,-67.27222723672944,227.11762628048825
1527000,763500.0,-67.73516082763672,0.46238882083319444,-67.27277200680352,238.48005652629396
1528000,764000.0,-67.67915344238281,0.41046024929066943,-67.26869319309215,211.6975563471676
1529000,764500.0,-67.67765045166016,0.38844845509047815,-67.28920199656967,200.34482961893974
1530000,765000.0,-67.72023010253906,0.4484030644270877,-67.27182703811198,231.26681124869128
1531000,765500.0,-67.7032699584961,0.43565862721846316,-67.26761133127764,224.69378446047443
1532000,766000.0,-67.68981170654297,0.4314359065027083,-67.25837580004026,222.51588865154602
1533000,766500.0,-67.71416473388672,0.4434395193428268,-67.27072521454389,228.7068304296646
1534000,767000.0,-67.87124633789062,0.5999130010986441,-67.27133333679198,309.40905135869286
1535000,767500.0,-67.75776672363281,0.4882918921672599,-67.26947483146556,251.8397348697741
1536000,768000.0,-67.6822738647461,0.4124985454083819,-67.26977531933771,212.74882089221754
1537000,768500.0,-67.90349578857422,0.6338683894833043,-67.26962739909091,326.921764851105
1538000,769000.0,-67.74525451660156,0.4765062205346642,-67.2687482960669,245.76119769390303
1539000,769500.0,-67.71270751953125,0.42500680536591207,-67.28770071416534,219.20003771952375
1540000,770000.0,-67.8434066772461,0.5696798622658806,-67.27372681498021,293.8161124013609
1541000,770500.0,-67.66316986083984,0.387117841514526,-67.27605201932532,199.65855697022835
1542000,771000.0,-67.7584228515625,0.4722316822226362,-67.28619116933986,243.556576621016
1543000,771500.0,-67.68946838378906,0.4002769903079801,-67.28919139348108,206.44547396888336
1544000,772000.0,-67.84976196289062,0.5698960306294056,-67.27986593226122,293.92760264772915
1545000,772500.0,-67.79894256591797,0.5172989289129624,-67.281643637005,266.8003036618793
1546000,773000.0,-67.76532745361328,0.47594811254807073,-67.28937934106521,245.4733498520137
1547000,773500.0,-67.7049560546875,0.4199254722734554,-67.28503058241404,216.57930696540555
1548000,774000.0,-67.68028259277344,0.40738727644471473,-67.27289531632873,210.11265051686115
1549000,774500.0,-67.74919128417969,0.4803069214049802,-67.26888436277471,247.72143400921715
1550000,775000.0,-67.7268295288086,0.4475664368483284,-67.27926309196026,230.83531510673342
1551000,775500.0,-67.76575469970703,0.47746751085442257,-67.2882871888526,246.25698945932908
1552000,776000.0,-67.74358367919922,0.45815213699875784,-67.28543154220046,236.29495914764223
1553000,776500.0,-67.6906967163086,0.40929515151714985,-67.28140156479144,211.09664955537505
1554000,777000.0,-67.71276092529297,0.4232414575636006,-67.28951946772936,218.2895480521369
1555000,777500.0,-67.81124114990234,0.5210259572308504,-67.2902151926715,268.7225428767536
1556000,778000.0,-67.83177947998047,0.5529320208596138,-67.27884745912085,285.17830373188883
1557000,778500.0,-67.85131072998047,0.5795858369601566,-67.2717248930203,298.9251835955609
1558000,779000.0,-67.64572143554688,0.3684699344630549,-67.27725150108382,190.04077702537933
1559000,779500.0,-67.5953140258789,0.3352212029527147,-67.2600928229262,172.8925264346196
1560000,780000.0,-67.6762466430664,0.3971563391773051,-67.2790903038891,204.83597775160632
1561000,780500.0,-67.64085388183594,0.3493316785199045,-67.29152220331603,180.17009643471755
1562000,781000.0,-67.84832000732422,0.5762114342328277,-67.27210857309139,297.18481333378463
1563000,781500.0,-67.7000961303711,0.4365561638883149,-67.26353996648278,225.15669486426614
1564000,782000.0,-67.62687683105469,0.35347611966692843,-67.27340071138777,182.30761904443634
1565000,782500.0,-67.70552825927734,0.4303787457708084,-67.27514951350653,221.97065109444725
1566000,783000.0,-67.68698120117188,0.41350647862329926,-67.27347472254857,213.26866903568063
1567000,783500.0,-67.71403503417969,0.4503545422114841,-67.2636804919682,232.2732986708873
1568000,784000.0,-67.69432067871094,0.43873518276846435,-67.25558549594247,226.28053809380947
1569000,784500.0,-67.5702896118164,0.308959147236773,-67.26133046457963,159.34769954985845
1570000,785000.0,-67.67437744140625,0.39898951183017217,-67.27538792957608,205.78144852897165
1571000,785500.0,-67.68627166748047,0.42764308981226734,-67.2586285776682,220.5597186535336
1572000,786000.0,-67.8020248413086,0.5368302465698123,-67.26519459473879,276.87370840043997
1573000,786500.0,-67.58380889892578,0.3236979271074845,-67.26011097181829,166.94932160110585
1574000,787000.0,-67.7006607055664,0.4391811597179917,-67.26147954584842,226.51055362044147
1575000,787500.0,-67.64215087890625,0.38629969175577344,-67.25585118715048,199.23659088471032
1576000,788000.0,-67.73345947265625,0.47030136874383327,-67.26315810391242,242.56100482776012
1577000,788500.0,-67.64929962158203,0.374239539522508,-67.27506008205953,193.01648854503372
1578000,789000.0,-67.74274444580078,0.47991870858084223,-67.26282573721994,247.52121070780206
1579000,789500.0,-67.73210144042969,0.4641916468849312,-67.26790979354476,239.4098758457804
1580000,790000.0,-67.62003326416016,0.3513422459448609,-67.26869101821529,181.20705972524334
1581000,790500.0,-67.68254089355469,0.3994932950316471,-67.28304759852304,206.04127800786833
1582000,791000.0,-67.67048645019531,0.40368906963785084,-67.26679738055746,208.2052761846755
1583000,791500.0,-67.65082550048828,0.36998560312594025,-67.28083989736234,190.82249304469983
1584000,792000.0,-67.76860046386719,0.49732234581356843,-67.27127811805362,256.4972503610637
1585000,792500.0,-67.70722198486328,0.4434836728282794,-67.263738312035,228.72960287837472
1586000,793000.0,-67.61091613769531,0.3318037016666136,-67.2791124360287,171.12992780946365
1587000,793500.0,-67.70946502685547,0.451205310838965,-67.25825971601651,232.7120881511495
1588000,794000.0,-67.65033721923828,0.36260089076520297,-67.28773632847307,187.01377937803795
1589000,794500.0,-67.63540649414062,0.3600924041460611,-67.27531408999457,185.72001100870227
1590000,795000.0,-67.80284881591797,0.5370024659602933,-67.26584634995767,276.96253167670955
1591000,795500.0,-67.81231689453125,0.5444451250527943,-67.26787176947846,280.8011317490194
1592000,796000.0,-67.63758850097656,0.382194779343982,-67.25539372163259,197.1194554785482
1593000,796500.0,-67.78235626220703,0.5214343478574333,-67.2609219143496,268.9331730116621
1594000,797000.0,-67.74311065673828,0.4798329109775319,-67.26327774576075,247.4769600331201
1595000,797500.0,-67.59256744384766,0.34146119281845677,-67.2511062510292,176.11084199256106
1596000,798000.0,-67.61860656738281,0.3615641644398162,-67.257042402943,186.47908099965798
1597000,798500.0,-67.66954803466797,0.3963092638604618,-67.27323877080751,204.399093120445
1598000,799000.0,-67.69658660888672,0.43537866513069245,-67.26120794375602,224.5493921838695
1599000,799500.0,-67.70413208007812,0.4500541102709528,-67.25407796980717,232.11834893392978
1600000,800000.0,-67.66552734375,0.40514376257394463,-67.26038358117606,208.95554357436484
1601000,800500.0,-67.642333984375,0.3716340366381131,-67.27069994773689,191.67268340279378
1602000,801000.0,-67.6819839477539,0.4055618313107846,-67.27642211644311,209.17116525789476
1603000,801500.0,-67.7611083984375,0.5008769192587659,-67.26023147917873,258.33054484817967
1604000,802000.0,-67.82339477539062,0.5598409870030226,-67.2635537883876,288.74164817747777
1605000,802500.0,-67.63729095458984,0.39196223669982777,-67.24532871789002,202.15708545010102
1606000,803000.0,-67.65223693847656,0.39303852059078387,-67.25919841788578,202.7121859014723
1607000,803500.0,-67.66651916503906,0.4106915573692468,-67.25582760766981,211.81685500052757
1608000,804000.0,-67.79238891601562,0.5278191662410968,-67.26456974977452,272.22618482432335
1609000,804500.0,-67.7486343383789,0.4886789650613703,-67.25995537331754,252.0393702448269
1610000,805000.0,-67.7242660522461,0.45025939750292077,-67.27400665474318,232.22422716557824
1611000,805500.0,-67.6558609008789,0.3913355167558845,-67.26452538412302,201.83385054275956
1612000,806000.0,-67.76434326171875,0.4945067748469978,-67.26983648687175,255.0451012324329
1613000,806500.0,-67.7527847290039,0.48271954356426805,-67.27006518543963,248.9657596568113
1614000,807000.0,-67.60018920898438,0.3428105349332246,-67.25737867405115,176.80677400757668
1615000,807500.0,-67.59015655517578,0.3280563029032442,-67.26210025227253,169.19718240419078
1616000,808000.0,-67.69700622558594,0.44146344648811126,-67.25554277909782,227.68765793919763
1617000,808500.0,-67.71124267578125,0.46287924765979,-67.24836342812146,238.7329973675491
1618000,809000.0,-67.7774429321289,0.5140158109796562,-67.26342712114925,265.1070141292593
1619000,809500.0,-67.6784896850586,0.4036275367536344,-67.27486214830496,208.17354019746085
1620000,810000.0,-67.72167205810547,0.4805885575116133,-67.24108350059386,247.86668967199176
1621000,810500.0,-67.62896728515625,0.37274595239492553,-67.25622133276133,192.24616122187098
1622000,811000.0,-67.6820068359375,0.4159336794390799,-67.26607315649842,214.52051372064727
1623000,811500.0,-67.63207244873047,0.38068090154391254,-67.25139154718656,196.3386631084301
1624000,812000.0,-67.75846862792969,0.4919259320308724,-67.26654269589882,253.7140146815816
1625000,812500.0,-67.50665283203125,0.2531770022061829,-67.25347582982506,130.57769365723752
1626000,813000.0,-67.82048797607422,0.5602668913882436,-67.26022108468598,288.96131114787414
1627000,813500.0,-67.64945983886719,0.3696901694907184,-67.27976966937646,190.67012121637464
1628000,814000.0,-67.73512268066406,0.4818449080926513,-67.25327777257141,248.51466069569193
1629000,814500.0,-67.70018005371094,0.4244192211966602,-67.27576083251428,218.89698734377149
1630000,815000.0,-67.77913665771484,0.5244498266981862,-67.25468683101666,270.4884259330039
1631000,815500.0,-67.729248046875,0.4706996919987901,-67.25854835487621,242.76644264995198
1632000,816000.0,-67.58731842041016,0.32622095962154407,-67.26109746078862,168.25059211081754
1633000,816500.0,-67.74430847167969,0.4917997663775007,-67.25250870530219,253.64894392123418
1634000,817000.0,-67.79471588134766,0.5287966726129995,-67.26591920873466,272.7303401246312
1635000,817500.0,-67.71857452392578,0.46635515088971374,-67.25221937303607,240.52571717694772
1636000,818000.0,-67.79734802246094,0.5328867102296423,-67.26446131223129,274.83980375797347
1637000,818500.0,-67.66897583007812,0.41083138924246665,-67.25814444083566,211.88897420308433
1638000,819000.0,-67.75372314453125,0.48779146583905475,-67.2659316786922,251.58163672020692
1639000,819500.0,-67.76129913330078,0.504923728412026,-67.25637540488876,260.4177131189904
1640000,820000.0,-67.72089385986328,0.4429747490122075,-67.27791911085107,228.4671220939005
1641000,820500.0,-67.66027069091797,0.40486196012905,-67.25540873078891,208.81020212154462
1642000,821000.0,-67.6279525756836,0.3618601306085792,-67.26609244507502,186.63172748563767
1643000,821500.0,-67.68207550048828,0.42059736681063076,-67.26147813367766,216.92584096446842
1644000,822000.0,-67.8254623413086,0.5684934568619916,-67.25696888444661,293.20421605993823
1645000,822500.0,-67.72294616699219,0.45830215424470877,-67.26464401274748,236.3723315227568
1646000,823000.0,-67.8072509765625,0.5404527934018298,-67.26679818316067,278.74206060608367
1647000,823500.0,-67.64695739746094,0.3819168117234128,-67.26504058573752,196.9760918614383
1648000,824000.0,-67.82913208007812,0.5619971098789577,-67.26713497019917,289.85368264319885
1649000,824500.0,-67.86167907714844,0.5914466890344888,-67.27023238811395,305.04249557563827
1650000,825000.0,-67.70783996582031,0.42055521392636214,-67.28728475189395,216.90410033889486
1651000,825500.0,-67.74110412597656,0.46975932463552583,-67.27134480134103,242.2814420360906
1652000,826000.0,-67.66565704345703,0.39268744343396694,-67.27296960002306,202.53111556319743
1653000,826500.0,-67.64854431152344,0.3708811229298473,-67.27766318859359,191.28436323669828
1654000,827000.0,-67.5939712524414,0.34189160777929295,-67.25207964466212,176.33283132181217
1655000,827500.0,-67.78266906738281,0.5199964528883022,-67.2626726144945,268.19156928322565
1656000,828000.0,-67.74809265136719,0.5040582312286959,-67.24403442013849,259.97132728978283
1657000,828500.0,-67.77486419677734,0.5214592376369467,-67.2534049591404,268.9460100781262
1658000,829000.0,-67.68486785888672,0.41814642826160625,-67.26672143062511,215.66175338843098
1659000,829500.0,-67.6795425415039,0.418878920833579,-67.26066362067033,216.03954122001045
1660000,830000.0,-67.74906921386719,0.49058963338671807,-67.25847958048047,253.02480992178724
1661000,830500.0,-67.84322357177734,0.588421361579556,-67.25480221019778,303.4821631671625
1662000,831000.0,-67.73125457763672,0.4667869138422964,-67.26446766379442,240.7484017417526
1663000,831500.0,-67.79966735839844,0.5604263008255802,-67.23924105757285,289.04352760708343
1664000,832000.0,-67.58334350585938,0.34343958652680306,-67.23990391933258,177.1312114784572
1665000,832500.0,-67.71794891357422,0.4664491293679646,-67.25149978420626,240.57418719135063
1666000,833000.0,-67.7637939453125,0.5290513353119637,-67.23474261000054,272.86168407610194
1667000,833500.0,-67.62194061279297,0.3745852722167921,-67.24735534057618,193.19480244182583
1668000,834000.0,-67.6768569946289,0.43214822973262956,-67.24470876489627,222.88327401313524
1669000,834500.0,-67.53884887695312,0.3023798864758717,-67.23646899047725,155.95440281025805
1670000,835000.0,-67.67324829101562,0.41339386311248455,-67.25985442790314,213.21058684992096
1671000,835500.0,-67.63282775878906,0.38911207055036473,-67.2437156882387,200.6870936297787
1672000,836000.0,-67.69546508789062,0.44676474655900716,-67.24870034133161,230.42183810015396
1673000,836500.0,-67.7011947631836,0.4520450345047182,-67.24914972867887,233.14518112021057
1674000,837000.0,-67.63491821289062,0.3820194303936577,-67.25289878249697,197.02901811133458
1675000,837500.0,-67.84330749511719,0.5887298356842053,-67.25457765943298,303.6412607028276
1676000,838000.0,-67.76132202148438,0.5196511074523538,-67.24167091403203,268.01345511745126
1677000,838500.0,-67.66581726074219,0.4060902229702658,-67.25972703777192,209.44368670984952
1678000,839000.0,-67.75667572021484,0.5021489961419855,-67.25452672407286,258.9866268150174
1679000,839500.0,-67.67298126220703,0.4246233827558728,-67.24835787945116,219.00228500233897
1680000,840000.0,-67.73533630371094,0.491832048093219,-67.24350425561772,253.66559342710977
1681000,840500.0,-67.64580535888672,0.3881309466871558,-67.25767441219956,200.18107258468564
1682000,841000.0,-67.65083312988281,0.4062983667306112,-67.2445347631522,209.55103821467895
1683000,841500.0,-67.64826965332031,0.39780684396201066,-67.2504628093583,205.1714798460291
1684000,842000.0,-67.78140258789062,0.5238609450047751,-67.25754164288585,270.1847063506859
1685000,842500.0,-67.73865509033203,0.4957744059194715,-67.24288068441255,255.69889024332048
1686000,843000.0,-67.79621124267578,0.5334420405343957,-67.26276920214138,275.12621899229885
1687000,843500.0,-67.63441467285156,0.394419830057839,-67.23999484279372,203.4246052873693
1688000,844000.0,-67.69853210449219,0.44564593185761375,-67.25288617263458,229.84480210531748
1689000,844500.0,-67.82273864746094,0.5711712968439249,-67.25156735061701,294.5853295330302
1690000,845000.0,-67.89447784423828,0.638197195953636,-67.25628064828464,329.1543750813348
1691000,845500.0,-67.82009887695312,0.558335433731343,-67.26176344322178,287.96514923728597
1692000,846000.0,-67.71955108642578,0.45431376392661704,-67.26523732249916,234.3152931480108
1693000,846500.0,-67.54817199707031,0.30495236491639766,-67.24321963215391,157.28117537972423
1694000,847000.0,-67.72899627685547,0.4775371855989313,-67.25145909125654,246.29292466420486
1695000,847500.0,-67.70753479003906,0.445510041039253,-67.2620247489998,229.7747155275631
1696000,848000.0,-67.7530746459961,0.5080744561486958,-67.2450001898474,262.04272154239044
1697000,848500.0,-67.66604614257812,0.4129628310161486,-67.25308331156198,212.98827922900225
1698000,849000.0,-67.69522857666016,0.45284665760407766,-67.24238191905607,233.55862347312805
1699000,849500.0,-67.58815002441406,0.34992226413603633,-67.23822776027802,180.47469482631564
1700000,850000.0,-67.7619400024414,0.5041849700009013,-67.2577550324405,260.0366936399147
1701000,850500.0,-67.80345153808594,0.5656260487911062,-67.23782548929483,291.72533160594884
1702000,851000.0,-67.74899291992188,0.4865103309897015,-67.26248258893217,250.92088304813277
1703000,851500.0,-67.59263610839844,0.34002112344088553,-67.25261498495755,175.3681167987596
1704000,852000.0,-67.72454071044922,0.4774254403902962,-67.24711527005893,246.2352913424826
1705000,852500.0,-67.63172149658203,0.38477480869146413,-67.24694668789057,198.45012247762992
1706000,853000.0,-67.72889709472656,0.48452424797675653,-67.24437284674981,249.89654775313244
1707000,853500.0,-67.59199523925781,0.34362434269965153,-67.24837089655816,177.22650068217342
1708000,854000.0,-67.63053894042969,0.3723661050528807,-67.25817283537681,192.05025247252237
1709000,854500.0,-67.71552276611328,0.44650659734152504,-67.26901616877176,230.28869595396966
1710000,855000.0,-67.79840087890625,0.5448074471083009,-67.25359343179795,280.98800171729033
1711000,855500.0,-67.77201843261719,0.5184394463285961,-67.25357898628859,267.38853297343456
1712000,856000.0,-67.66899871826172,0.4008105414351334,-67.26818817682658,206.72065645001234
1713000,856500.0,-67.75667572021484,0.49507610389285067,-67.26159961632199,255.3387364089763
1714000,857000.0,-67.78243255615234,0.5293428027218688,-67.25308975343047,273.0120102977967
1715000,857500.0,-67.64700317382812,0.38703697577511326,-67.25996619805301,199.61684993658633
1716000,858000.0,-67.5665283203125,0.3000004506203157,-67.26652786969218,154.72719321571986
1717000,858500.0,-67.64437103271484,0.3763681917692985,-67.26800284094554,194.11435485422496
1718000,859000.0,-67.71695709228516,0.4481445958456732,-67.26881249643948,231.1335043884715
1719000,859500.0,-67.80831909179688,0.5384534673219483,-67.26986562447493,277.7108951127539
1720000,860000.0,-67.66814422607422,0.4192006258031998,-67.24894360027102,216.20546266076178
1721000,860500.0,-67.86055755615234,0.592035015358237,-67.26852254079411,305.3459287224227
1722000,861000.0,-67.69171142578125,0.4348498069508629,-67.25686161883038,224.27663012099592
1723000,861500.0,-67.80743408203125,0.5441851863256689,-67.26324889570559,280.6670666515404
1724000,862000.0,-67.693359375,0.4260813408656584,-67.26727803413434,219.75423642670108
1725000,862500.0,-67.6503677368164,0.36892030169357487,-67.28144743512283,190.2730568681282
1726000,863000.0,-67.62113952636719,0.35730813210198786,-67.2638313942652,184.28400450391982
1727000,863500.0,-67.84687042236328,0.5826438412947113,-67.26422658106857,300.5023693182782
1728000,864000.0,-67.67755889892578,0.4187227474465771,-67.2588361514792,215.9589937749122
1729000,864500.0,-67.76776885986328,0.5127857639129662,-67.25498309595031,264.4726093150044
1730000,865000.0,-67.67645263671875,0.421148262472892,-67.25530437424585,217.20996900294352
1731000,865500.0,-67.5919189453125,0.338203279311421,-67.25371566600109,174.43055180752663
1732000,866000.0,-67.8216781616211,0.551700180345988,-67.2699779812751,284.5429739356548
1733000,866500.0,-67.7142105102539,0.4582703619878931,-67.255940148266,236.35593445850938
1734000,867000.0,-67.79801177978516,0.5373003342103081,-67.26071144557484,277.11615917352685
1735000,867500.0,-67.75103759765625,0.49071709043678735,-67.26032050721946,253.09054672842203
1736000,868000.0,-67.72471618652344,0.46305589702688077,-67.26166028949656,238.82410543320958
1737000,868500.0,-67.7978515625,0.5339511298475064,-67.26390043265249,275.3887851329525
1738000,869000.0,-67.77035522460938,0.5128654123325694,-67.2574898122768,264.51368850799827
1739000,869500.0,-67.77932739257812,0.5171759931661688,-67.26215139941196,266.7368987469603
1740000,870000.0,-67.73554229736328,0.45936350913653223,-67.27617878822674,236.91973224524926
1741000,870500.0,-67.780029296875,0.5216526056769136,-67.25837669119808,269.0457409085961
1742000,871000.0,-67.7822036743164,0.5189177188003324,-67.26328595551607,267.63520512673
1743000,871500.0,-67.7201156616211,0.45206350215098084,-67.26805215947012,233.15470592947537
1744000,872000.0,-67.6722640991211,0.4119758278668038,-67.2602882712543,212.47922590365746
1745000,872500.0,-67.64824676513672,0.38971041894226055,-67.25853634619446,200.99569572371473
1746000,873000.0,-67.81712341308594,0.5518470437849999,-67.26527636930093,284.6187197142272
1747000,873500.0,-67.75360107421875,0.4946852114289624,-67.25891586278979,255.1371310658458
1748000,874000.0,-67.72235107421875,0.4649927604454038,-67.25735831377335,239.82305540068663
1749000,874500.0,-67.68478393554688,0.43138572663557195,-67.2533982089113,222.49000805709395
1750000,875000.0,-67.8359375,0.5683468702824737,-67.26759062971753,293.12861307345935
1751000,875500.0,-67.66326904296875,0.40798564032367374,-67.25528340264508,210.42126059835124
1752000,876000.0,-67.64462280273438,0.3590444933627049,-67.28557830937167,185.17954417302278
1753000,876500.0,-67.7153549194336,0.45096534706729563,-67.2643895723663,232.5883252675035
1754000,877000.0,-67.59922790527344,0.34193269490219713,-67.25729521037124,176.35402227399618
1755000,877500.0,-67.75694274902344,0.5000955596969708,-67.25684718932646,257.9275535472039
1756000,878000.0,-67.5986099243164,0.3411734134403216,-67.25743651087609,175.9624178973567
1757000,878500.0,-67.70826721191406,0.43232626768949667,-67.27594094422457,222.97509825304869
1758000,879000.0,-67.6312255859375,0.361391865261264,-67.26983372067623,186.39021657216918
1759000,879500.0,-67.5776138305664,0.3279708271330759,-67.24964300343333,169.15309771705532
1760000,880000.0,-67.73661041259766,0.47109957602663244,-67.26551083657102,242.9726854509608
1761000,880500.0,-67.78047943115234,0.5108278218659104,-67.26965160928643,263.46278790709124
1762000,881000.0,-67.76752471923828,0.4999975410642963,-67.26752717817398,257.87699979675045
1763000,881500.0,-67.68571472167969,0.43394709786203206,-67.25176762381766,223.8110520083087
1764000,882000.0,-67.80725860595703,0.5325134511168954,-67.27474515484013,274.6472929309461
1765000,882500.0,-67.75050354003906,0.48424068761044153,-67.26626285242862,249.75029964084987
1766000,883000.0,-67.66690063476562,0.39614749092985607,-67.27075314383576,204.31565767413434
1767000,883500.0,-67.8120346069336,0.5405553665304669,-67.27147924040312,278.79496336759803
1768000,884000.0,-67.55723571777344,0.2893763012414352,-67.267859416532,149.24771873393254
1769000,884500.0,-67.70849609375,0.43304989967820506,-67.27544619407179,223.34831618089663
1770000,885000.0,-67.80926513671875,0.5508606521734899,-67.25840448454527,284.10998179351776
1771000,885500.0,-67.7773666381836,0.517766200544919,-67.25960043763868,267.0413020601566
1772000,886000.0,-67.83982849121094,0.565528695822855,-67.27429979538809,291.67512117627257
1773000,886500.0,-67.8311996459961,0.574499993671387,-67.25669965232471,296.3021266782156
1774000,887000.0,-67.7114028930664,0.4528837130810217,-67.25851917998538,233.5777350775572
1775000,887500.0,-67.7127456665039,0.4686376753384929,-67.24410799116541,241.70294408002604
1776000,888000.0,-67.76590728759766,0.5164488639237095,-67.24945842367394,266.3618770876322
1777000,888500.0,-67.79447937011719,0.5384083237223174,-67.25607104639487,277.68761200618485
1778000,889000.0,-67.78874969482422,0.5321088604696668,-67.25664083435456,274.4386226602262
1779000,889500.0,-67.60427856445312,0.3373991144158782,-67.26687945003725,174.01579850661435
1780000,890000.0,-67.63605499267578,0.3771808457753427,-67.25887414690044,194.53348646936334
1781000,890500.0,-67.64962768554688,0.38606347000967955,-67.2635642155372,199.11475797521285
1782000,891000.0,-67.75015258789062,0.49379333181727836,-67.25635925607335,254.67713832677873
1783000,891500.0,-67.7596664428711,0.48105242347379457,-67.2786140193973,248.10593157382297
1784000,892000.0,-67.77499389648438,0.5102551817746682,-67.26473871470971,263.16744503724726
1785000,892500.0,-67.74858093261719,0.47911599813528233,-67.2694649344819,247.10720754897474
1786000,893000.0,-67.67814636230469,0.4132714240114316,-67.26487493829326,213.14743808328873
1787000,893500.0,-67.69921875,0.4401543528006794,-67.25906439719932,227.012484313645
1788000,894000.0,-67.8553466796875,0.5856222797613049,-67.26972439992619,302.03851842455083
1789000,894500.0,-67.78331756591797,0.515933271331287,-67.26738429458668,266.0959568381679
1790000,895000.0,-67.75257110595703,0.4770517862649399,-67.2755193196921,246.04257678512008
1791000,895500.0,-67.73892974853516,0.4812059466650821,-67.25772380187007,248.18511216315983
1792000,896000.0,-67.77531433105469,0.5051640218623996,-67.27015030919229,260.54164603658285
1793000,896500.0,-67.69418334960938,0.42336328523537664,-67.27082006437399,218.35238147012322
1794000,897000.0,-67.75090789794922,0.4806977003885636,-67.27021019756066,247.92298082413868
1795000,897500.0,-67.65902709960938,0.4007870122391945,-67.25824008737018,206.7085211134196
1796000,898000.0,-67.79166412353516,0.5434428087842738,-67.24822131475088,280.284180582373
1797000,898500.0,-67.69722747802734,0.4449785666935991,-67.25224891133375,229.5006041600663
1798000,899000.0,-67.63370513916016,0.37555205050901963,-67.25815308865114,193.6934246649223
1799000,899500.0,-67.66698455810547,0.40843435909985065,-67.25855019900561,210.6526902399984
1800000,900000.0,-67.62520599365234,0.38040067019681084,-67.24480532345554,196.1941319595653
1801000,900500.0,-67.6549301147461,0.3930684740509327,-67.26186164069516,202.72763459432042
1802000,901000.0,-67.82868957519531,0.5485118729149646,-67.28017770228035,282.89858353927025
1803000,901500.0,-67.75859069824219,0.48755804266975444,-67.27103265557243,251.4612471949823
1804000,902000.0,-67.61277770996094,0.3614267078288892,-67.25135100213205,186.4081868541535
1805000,902500.0,-67.75399780273438,0.47511822599673503,-67.27887957673764,245.04533043900904
1806000,903000.0,-67.81102752685547,0.5523695994872742,-67.25865792736819,284.88823123310857
1807000,903500.0,-67.74046325683594,0.48098929637129173,-67.25947396046465,248.07337335810726
1808000,904000.0,-67.6739730834961,0.40740484119141546,-67.26656824230467,210.12170964977557
1809000,904500.0,-67.64938354492188,0.39854810678467456,-67.2508354381372,205.553790991725
1810000,905000.0,-67.65113067626953,0.38543543207977204,-67.26569524418976,198.79084330799597
1811000,905500.0,-67.70388793945312,0.42507071997214513,-67.27881721948098,219.23300209543544
1812000,906000.0,-67.6134262084961,0.3425231499632305,-67.27090305853287,176.65855333094893
1813000,906500.0,-67.74597930908203,0.4844747391134057,-67.26150456996862,249.87101323326843
1814000,907000.0,-67.6897964477539,0.4243012221301244,-67.26549522562378,218.83612855396163
1815000,907500.0,-67.63800048828125,0.38268258623325563,-67.25531790204799,197.3710450700056
1816000,908000.0,-67.71671295166016,0.46538655460668793,-67.25132639705348,240.0261573132146
1817000,908500.0,-67.71598052978516,0.4580338810975,-67.25794664868765,236.23396789364583
1818000,909000.0,-67.75701904296875,0.49910629892673714,-67.25791274404202,257.4173358391298
1819000,909500.0,-67.60095977783203,0.34998388139957376,-67.25097589643245,180.5064743327166
1820000,910000.0,-67.6978759765625,0.4471910019579357,-67.25068497460457,230.64168210816425
1821000,910500.0,-67.82711791992188,0.5431105159277324,-67.28400740399414,280.1127983697397
1822000,911000.0,-67.75431060791016,0.49964938557566546,-67.25466122233449,257.69743632793865
1823000,911500.0,-67.75362396240234,0.495142453693931,-67.25848150870841,255.37295675254697
1824000,912000.0,-67.69145965576172,0.4331233936331359,-67.25833626212858,223.38622116851
1825000,912500.0,-67.70452117919922,0.4284922019994253,-67.2760289771998,220.9976538138727
1826000,913000.0,-67.71980285644531,0.4588831634978948,-67.26091969294741,236.67199084257436
1827000,913500.0,-67.70829010009766,0.4447430251764301,-67.26354707492122,229.37912208308285
1828000,914000.0,-67.86162567138672,0.5998043185389513,-67.26182135284776,309.35299761818015
1829000,914500.0,-67.66959381103516,0.3938080090232592,-67.2757858020119,203.10905458991158
1830000,915000.0,-67.6565933227539,0.39285324377857717,-67.26374007897533,202.61662817460416
1831000,915500.0,-67.75704956054688,0.4924191260745142,-67.26463043447237,253.9683827331149
1832000,916000.0,-67.86280059814453,0.5961632338285664,-67.26663736431597,307.4750843806046
1833000,916500.0,-67.90888214111328,0.6460127445925297,-67.26286939652076,333.18529537440946
1834000,917000.0,-67.6821060180664,0.4105285244755871,-67.27157749359083,211.73276972003669
1835000,917500.0,-67.64031219482422,0.3752368719323624,-67.26507532289186,193.53086925399853
1836000,918000.0,-67.68864440917969,0.4250732069543805,-67.26357120222531,219.2342847727783
1837000,918500.0,-67.67510986328125,0.4157024439196399,-67.25940741936161,214.4012524901366
1838000,919000.0,-67.74411010742188,0.47862540485149024,-67.26548470257039,246.85418085633253
1839000,919500.0,-67.5545425415039,0.29311456355758836,-67.26142797794631,151.17575195683767
1840000,920000.0,-67.6764907836914,0.40295735878433575,-67.27353342490707,207.8278915294999
1841000,920500.0,-67.79097747802734,0.5347761288281192,-67.25620134919923,275.8142837494116
1842000,921000.0,-67.69720458984375,0.44606062801273194,-67.25114396183102,230.05868435778115
1843000,921500.0,-67.70823669433594,0.45347432605342797,-67.25476236828251,233.88234757833263
1844000,922000.0,-67.65695190429688,0.39953756342777097,-67.2574143408691,206.06410972250822
1845000,922500.0,-67.62973022460938,0.3733320275002197,-67.25639819710915,192.5484332880238
1846000,923000.0,-67.71955108642578,0.4487757885615645,-67.27077529786422,231.45904615717927
1847000,923500.0,-67.6521987915039,0.40295112804043065,-67.24924766346348,207.8246779826066
1848000,924000.0,-67.67247009277344,0.4169427503822064,-67.25552734239123,215.04094865487045
1849000,924500.0,-67.7878646850586,0.523662626958705,-67.26420205809988,270.0824225222149
1850000,925000.0,-67.6448974609375,0.3857463546744619,-67.25915110626303,198.95120366840285
1851000,925500.0,-67.74176025390625,0.49137157472620896,-67.25038867918003,253.42810127841219
1852000,926000.0,-67.64763641357422,0.3863198910552503,-67.26131652251897,199.24700880543847
1853000,926500.0,-67.6707534790039,0.40208975883483306,-67.26866372016907,207.38042118489517
1854000,927000.0,-67.79344940185547,0.5240682211997522,-67.26938118065571,270.2916104030062
1855000,927500.0,-67.66439056396484,0.39693102768274946,-67.26745953628209,204.71977187564931
1856000,928000.0,-67.63121032714844,0.3726338055276788,-67.25857652162075,192.18832074209456
1857000,928500.0,-67.64803314208984,0.3965044905839868,-67.25152865150585,204.49978257910837
1858000,929000.0,-67.68234252929688,0.4150801939883607,-67.26726233530852,214.08032302104274
1859000,929500.0,-67.85262298583984,0.5811126055725877,-67.27151038026726,299.7126244864091
1860000,930000.0,-67.75782012939453,0.4788303874975735,-67.27898974189696,246.95990199582022
1861000,930500.0,-67.80806732177734,0.5375256390657761,-67.27054168271157,277.23236162533107
1862000,931000.0,-67.64777374267578,0.3948249391721724,-67.25294880350361,203.63354296088713
1863000,931500.0,-67.61804962158203,0.36505731876469655,-67.25299230281733,188.28069817403394
1864000,932000.0,-67.60523986816406,0.3320989520255811,-67.27314091613849,171.28220511186274
1865000,932500.0,-67.88932800292969,0.6186360404358874,-67.2706919624938,319.06558127099487
1866000,933000.0,-67.62937927246094,0.37201358262762946,-67.2573656898333,191.8684367276062
1867000,933500.0,-67.85580444335938,0.5788649010150339,-67.27693954234434,298.5533561698136
1868000,934000.0,-67.54796600341797,0.27285921637509175,-67.27510678704287,140.72892425815485
1869000,934500.0,-67.75791931152344,0.48178407732021256,-67.27613523420322,248.48328682721564
1870000,935000.0,-67.66719818115234,0.3848444833867973,-67.28235369776554,198.48605765714302
1871000,935500.0,-67.55394744873047,0.28531833261723966,-67.26862911611323,147.15479489304846
1872000,936000.0,-67.66947174072266,0.41649185488113455,-67.25297988584153,214.8083963531316
1873000,936500.0,-67.71456909179688,0.4415483289208177,-67.27302076287606,227.73143660865907
1874000,937000.0,-67.58867645263672,0.32526532294392213,-67.2634111296928,167.75771624827567
1875000,937500.0,-67.8338623046875,0.5502168150071466,-67.28364548968035,283.777918566845
1876000,938000.0,-67.71996307373047,0.44239677814820977,-67.27756629558226,228.16902984316582
1877000,938500.0,-67.76858520507812,0.4882688313281714,-67.28031637374995,251.82784109128818
1878000,939000.0,-67.61251831054688,0.34342698196022897,-67.26909132858664,177.12471059086295
1879000,939500.0,-67.74339294433594,0.4628770469407582,-67.28051589739518,238.7318623323245
1880000,940000.0,-67.71649932861328,0.4427685214014222,-67.27373080721186,228.36075885573067
1881000,940500.0,-67.74378967285156,0.4345566350706658,-67.3092330377809,224.12542480760763
1882000,941000.0,-67.7122573852539,0.42333307600242553,-67.28892430925148,218.3368008607806
1883000,941500.0,-67.70295715332031,0.4160307476491217,-67.2869264056712,214.5705772844159
1884000,942000.0,-67.74303436279297,0.441816002501436,-67.30121836029153,227.86949100738227
1885000,942500.0,-67.7126235961914,0.4207335347400689,-67.29189006145134,216.99607046407215
1886000,943000.0,-67.65972900390625,0.38629644071947117,-67.27343256318677,199.2349141414886
1887000,943500.0,-67.68848419189453,0.39362056024874864,-67.29486363164578,203.01237665928923
1888000,944000.0,-67.73153686523438,0.4457864478559648,-67.28575041737841,229.91727414988208
1889000,944500.0,-67.68175506591797,0.40274454323596315,-67.279010522682,207.71813051946054
1890000,945000.0,-67.83534240722656,0.5480950968568344,-67.28724731036972,282.68362856323387
1891000,945500.0,-67.69573974609375,0.41925092026067595,-67.27648882583307,216.23140235593058
1892000,946000.0,-67.66024017333984,0.377100446483518,-67.28313972685632,194.49202000911353
1893000,946500.0,-67.75849914550781,0.4729121634990766,-67.28558698200874,243.9075392869779
1894000,947000.0,-67.77001190185547,0.4771587921090745,-67.29285310974639,246.09776574862462
1895000,947500.0,-67.72746276855469,0.437698124145564,-67.28976464440912,225.74566833081496
1896000,948000.0,-67.76834106445312,0.484611225661632,-67.28372983879149,249.94140706259466
1897000,948500.0,-67.72802734375,0.44874974528991457,-67.27927759846008,231.44561416960653
1898000,949000.0,-67.62027740478516,0.34524769252272103,-67.27502971226244,178.0637539636649
1899000,949500.0,-67.71052551269531,0.4313297273714138,-67.27919578532389,222.46112607059217
1900000,950000.0,-67.83172607421875,0.5350721681506276,-67.29665390606812,275.9669679649136
1901000,950500.0,-67.78300476074219,0.4958970458155721,-67.28710771492662,255.76214257131093
1902000,951000.0,-67.722900390625,0.4432608530266064,-67.2796395375984,228.6146821093077
1903000,951500.0,-67.76060485839844,0.4649606716232977,-67.29564418677514,239.8065053809523
1904000,952000.0,-67.77442169189453,0.5079603071682052,-67.26646138472633,261.9838484596226
1905000,952500.0,-67.7076644897461,0.4437798427364721,-67.26388464700962,228.8823544442969
1906000,953000.0,-67.81768798828125,0.5165202006283318,-67.30116778765291,266.3986694592992
1907000,953500.0,-67.76390838623047,0.4698243171133432,-67.29408406911712,242.3149623313169
1908000,954000.0,-67.66059112548828,0.3817234925813684,-67.27886763290691,196.87638625039156
1909000,954500.0,-67.68636322021484,0.40368108973507455,-67.28268213047977,208.20116049766185
1910000,955000.0,-67.53504943847656,0.2513446079744014,-67.28370483050216,129.63262435563485
1911000,955500.0,-67.69915008544922,0.41057316302068286,-67.28857692242853,211.75579234142816
1912000,956000.0,-67.77801513671875,0.5040657619075478,-67.2739493748112,259.97521128662135
1913000,956500.0,-67.79927825927734,0.5340786945652861,-67.26519956471206,275.45457746991264
1914000,957000.0,-67.70435333251953,0.41368948862172156,-67.2906638438978,213.36305763852354
1915000,957500.0,-67.76827239990234,0.5000363270146923,-67.26823607288765,257.89700390417283
1916000,958000.0,-67.65815734863281,0.3768668079964794,-67.28129054063633,194.37151943235807
1917000,958500.0,-67.62490844726562,0.33464902941481783,-67.2902594178508,172.59742419271285
1918000,959000.0,-67.6949462890625,0.40445007428631385,-67.29049621477618,208.59776930606026
1919000,959500.0,-67.71116638183594,0.4271913852293194,-67.28397499660662,220.326749062529
1920000,960000.0,-67.65194702148438,0.38378985544395994,-67.26815716604041,197.94212640255765
1921000,960500.0,-67.69990539550781,0.40400939684875015,-67.29589599865906,208.3704870373612
1922000,961000.0,-67.80931091308594,0.5142996276250899,-67.29501128546084,265.25339441917237
1923000,961500.0,-67.71874237060547,0.4139543397872362,-67.30478803081823,213.49965635820968
1924000,962000.0,-67.71642303466797,0.4278089618532981,-67.28861407281467,220.64526824283783
1925000,962500.0,-67.70234680175781,0.42161471380779336,-67.28073208795001,217.45054432765315
1926000,963000.0,-67.8358154296875,0.5490813517630837,-67.28673407792442,283.1922959773116
1927000,963500.0,-67.76032257080078,0.4793507277249606,-67.28097184307582,247.22827086904812
1928000,964000.0,-67.67372131347656,0.3681418613645872,-67.30557945211197,189.87157118055296
1929000,964500.0,-67.7878189086914,0.48894548735664956,-67.29887342133476,252.17683086061163
1930000,965000.0,-67.70013427734375,0.42382118430562593,-67.27631309303813,218.58854590844078
1931000,965500.0,-67.58426666259766,0.30097396115625497,-67.2832927014414,155.22928763751275
1932000,966000.0,-67.8656234741211,0.5561754172566062,-67.30944805686448,286.85110662253436
1933000,966500.0,-67.67283630371094,0.3732415099983767,-67.29959479371256,192.50174829482424
1934000,967000.0,-67.70094299316406,0.4046311028485142,-67.29631189031555,208.691135970221
1935000,967500.0,-67.6829833984375,0.3844309477322403,-67.29855245070526,198.27277394042886
1936000,968000.0,-67.73819732666016,0.44191315089955463,-67.2962841757606,227.91959592867562
1937000,968500.0,-67.67509460449219,0.37302591499314625,-67.30206868949904,192.39055376174386
1938000,969000.0,-67.81755065917969,0.5247485942754769,-67.29280206490421,270.6425172637418
1939000,969500.0,-67.72343444824219,0.4298371527463605,-67.29359729549583,221.69132095222656
1940000,970000.0,-67.70812225341797,0.40773051316441117,-67.30039174025356,210.2896770984459
1941000,970500.0,-67.74867248535156,0.4586291949507501,-67.29004329040082,236.5410049044415
1942000,971000.0,-67.77104949951172,0.46354057186805236,-67.30750892764367,239.07407965038723
1943000,971500.0,-67.7876205444336,0.48300833101320245,-67.3046122134204,249.11470367111912
1944000,972000.0,-67.80690002441406,0.48969713015811095,-67.31720289425596,252.56449554821612
1945000,972500.0,-67.77345275878906,0.49930688252022093,-67.27414587626885,257.52078813848703
1946000,973000.0,-67.74224853515625,0.44439139280768114,-67.29785714234856,229.19776539062514
1947000,973500.0,-67.66748046875,0.38293040829554187,-67.28455006045446,197.49886091839915
1948000,974000.0,-67.70348358154297,0.4009033169153383,-67.30258026462764,206.76850601031023
1949000,974500.0,-67.80747985839844,0.5121239281802081,-67.29535593021824,264.1312632100643
1950000,975000.0,-67.78179931640625,0.48888738422158745,-67.29291193218467,252.14686378894024
1951000,975500.0,-67.71759796142578,0.4215663870767153,-67.29603157434907,217.42561950023526
1952000,976000.0,-67.76524353027344,0.46974156771066333,-67.29550196256278,242.27228378603317
1953000,976500.0,-67.76013946533203,0.48070563386422965,-67.2794338314678,247.92707256606678
1954000,977000.0,-67.6636734008789,0.3746896127811551,-67.28898378809775,193.24861676986782
1955000,977500.0,-67.78767395019531,0.49567330515169206,-67.29200064504361,255.64674686154183
1956000,978000.0,-67.68399047851562,0.3848352350791112,-67.29915524343652,198.48128778200683
1957000,978500.0,-67.7018814086914,0.4047091584570939,-67.29717225023431,208.7313936605188
1958000,979000.0,-67.85316467285156,0.5493206020357828,-67.30384407081579,283.3156908692002
1959000,979500.0,-67.7739486694336,0.4778882701912731,-67.29606039924232,246.47399883740027
1960000,980000.0,-67.79496765136719,0.4969522342252574,-67.29801541714193,256.3063628903364
1961000,980500.0,-67.6688461303711,0.38746231688839966,-67.28138381348269,199.8362223958009
1962000,981000.0,-67.59617614746094,0.30793799063251365,-67.28823815682843,158.82103135691395
1963000,981500.0,-67.79536437988281,0.48823631930850425,-67.30712806057431,251.8110728046457
1964000,982000.0,-67.82032012939453,0.5303559432253994,-67.28996418616913,273.534544134397
1965000,982500.0,-67.80030822753906,0.5287897693939945,-67.27151845814507,272.7267797443098
1966000,983000.0,-67.68753814697266,0.39456677216659747,-67.29297137480606,203.50039164037773
1967000,983500.0,-67.75582122802734,0.4708500988510883,-67.28497112917626,242.84401596708665
1968000,984000.0,-67.70710754394531,0.44491676012161185,-67.2621907838237,229.46872701659504
1969000,984500.0,-67.783447265625,0.4929566123244064,-67.2904906533006,254.24559477951652
1970000,985000.0,-67.79264068603516,0.5165456961702921,-67.27609498986486,266.4118189517045
1971000,985500.0,-67.62787628173828,0.35183111877832857,-67.27604516295995,181.45919908438583
1972000,986000.0,-67.80204772949219,0.49744184879415704,-67.30460588069803,256.5588848043759
1973000,986500.0,-67.7214126586914,0.43921464298158935,-67.28219801570982,226.52782283248916
1974000,987000.0,-67.75328063964844,0.4801855174735329,-67.27309512217491,247.65881913807493
1975000,987500.0,-67.6485366821289,0.3701495989138299,-67.27838708321508,190.9070749441833
1976000,988000.0,-67.61128234863281,0.3438082724265582,-67.26747407620626,177.32136364099352
1977000,988500.0,-67.65904235839844,0.37696832988223744,-67.2820740285162,194.4238800084866
1978000,989000.0,-67.72808074951172,0.44574280481678047,-67.28233794469494,229.89476496717108
1979000,989500.0,-67.78585815429688,0.5218084028116834,-67.26404975148519,269.1260942991465
1980000,990000.0,-67.81951904296875,0.5418215815495993,-67.27769746141915,279.4480220397195
1981000,990500.0,-67.73138427734375,0.4615546946495438,-67.2698295826942,238.04985049521252
1982000,991000.0,-67.73188018798828,0.4523459401435375,-67.27953424784474,233.30037517015623
1983000,991500.0,-67.65434265136719,0.4025045974378511,-67.25183805392933,207.59437690579423
1984000,992000.0,-67.56326293945312,0.2907890099523187,-67.2724739295008,149.97633248506003
1985000,992500.0,-67.56375885009766,0.3107105625729221,-67.25304828752473,160.25100345675924
1986000,993000.0,-67.59051513671875,0.34426827917760083,-67.24624685754115,177.5586151294561
1987000,993500.0,-67.57914733886719,0.31728601855678334,-67.2618613203104,163.64233785773314
1988000,994000.0,-67.77464294433594,0.5080209305398897,-67.26662201379605,262.0151153598044
1989000,994500.0,-67.73808288574219,0.4719328635326293,-67.26615002220956,243.40245892856066
1990000,995000.0,-67.82511138916016,0.564454379300268,-67.26065700985988,291.1210354079964
1991000,995500.0,-67.78515625,0.5191006638741628,-67.26605558612583,267.7295602442902
1992000,996000.0,-67.68578338623047,0.4556728664624376,-67.23011051976803,235.01625916397865
1993000,996500.0,-67.61174011230469,0.37275059852543163,-67.23898951377926,192.2485574940467
1994000,997000.0,-67.77069091796875,0.5067336893484226,-67.26395722862033,261.35121230187383
1995000,997500.0,-67.6910171508789,0.43386607854193776,-67.25715107233697,223.76926576442636
1996000,998000.0,-67.73816680908203,0.4843937313435408,-67.25377307773849,249.82923294649237
1997000,998500.0,-67.82194519042969,0.5446742819258724,-67.27727090850381,280.9193209040829
1998000,999000.0,-67.6197738647461,0.3729341800174347,-67.24683968472866,192.3432408484392
1999000,999500.0,-67.71864318847656,0.4654501848617968,-67.25319300361477,240.05897503317547
2000000,1000000.0,-67.60791778564453,0.3520661553334362,-67.2558516303111,181.5804207238857
2001000,1000500.0,-67.7139892578125,0.4565564584636634,-67.25743279934883,235.4719775137839
2002000,1001000.0,-67.57147979736328,0.3282366372824848,-67.2432431600808,169.29019103895286
2003000,1001500.0,-67.7289047241211,0.4778493538157441,-67.25105537030535,246.45392746236308
2004000,1002000.0,-67.79424285888672,0.558310633240872,-67.23593222564584,287.9523582222292
2005000,1002500.0,-67.6515121459961,0.41183531739219986,-67.23967682860389,212.40675670800152
2006000,1003000.0,-67.71707153320312,0.47829419538964024,-67.23877733781349,246.68335741159245
2007000,1003500.0,-67.7710189819336,0.5112999337736784,-67.25971904815991,263.7062827092545
2008000,1004000.0,-67.74703979492188,0.4857061978888518,-67.26133359703303,250.50614614554124
2009000,1004500.0,-67.62875366210938,0.38386247141992286,-67.24489119068946,197.97957856677982
2010000,1005000.0,-67.63774871826172,0.3772163244009191,-67.2605323938608,194.55178480239329
2011000,1005500.0,-67.79951477050781,0.5268395398630574,-67.27267523064475,271.72093611699404
2012000,1006000.0,-67.61735534667969,0.3584961126434622,-67.25885923403622,184.8967132328472
2013000,1006500.0,-67.8241958618164,0.5751510516561912,-67.24904481016021,296.6379140892049
2014000,1007000.0,-67.6321792602539,0.3863259690104934,-67.2458532912434,199.25014355058073
2015000,1007500.0,-67.68309783935547,0.41696777851373895,-67.26613006084173,215.05385707729266
2016000,1008000.0,-67.7444076538086,0.4947040387202177,-67.24970361508838,255.14684136436625
2017000,1008500.0,-67.7923812866211,0.5430793959410964,-67.24930189068,280.09674803323145
2018000,1009000.0,-67.76261138916016,0.5235937311291273,-67.23901765803103,270.04688904780585
2019000,1009500.0,-67.63628387451172,0.38625868393965496,-67.25002519057206,199.2154408355194
2020000,1010000.0,-67.6004409790039,0.36646550230789443,-67.23397547669602,189.006978040351
2021000,1010500.0,-67.72127532958984,0.4790133923356019,-67.24226193725424,247.05428793715626
2022000,1011000.0,-67.82980346679688,0.5938497627023307,-67.23595370409454,306.28189652636
2023000,1011500.0,-67.62176513671875,0.3843935292175948,-67.23737160750116,198.25347509693236
2024000,1012000.0,-67.64896392822266,0.39521673149655623,-67.2537471967261,203.83561241294973
2025000,1012500.0,-67.8031997680664,0.5591816404215024,-67.2440181276449,288.40158586855773
2026000,1013000.0,-67.63726043701172,0.39607435093484783,-67.24118608607687,204.27793524366456
2027000,1013500.0,-67.70616912841797,0.4687725827224953,-67.23739654569547,241.77252344508236
2028000,1014000.0,-67.72676849365234,0.48410031102881834,-67.24266818262353,249.67789950137387
2029000,1014500.0,-67.78602600097656,0.5449309838149163,-67.24109501716164,281.0517165811654
2030000,1015000.0,-67.68885040283203,0.452869580829755,-67.23598082200228,233.57044627659775
2031000,1015500.0,-67.79227447509766,0.5585673481620226,-67.23370712693563,288.0847606207058
2032000,1016000.0,-67.66691589355469,0.42989800180504867,-67.23701789174964,221.72270425195555
2033000,1016500.0,-67.6345443725586,0.3999527152929447,-67.23459165726565,206.27822701041157
2034000,1017000.0,-67.84616088867188,0.596297394656965,-67.2498634940149,307.5442787047287
2035000,1017500.0,-67.74177551269531,0.5078526052709554,-67.23392290742436,261.9283005021746
2036000,1018000.0,-67.68020629882812,0.4537076036946766,-67.22649869513344,234.00266204651345
2037000,1018500.0,-67.65267944335938,0.4108355095244367,-67.24184393383494,211.89109926544063
2038000,1019000.0,-67.72154235839844,0.47477926569673223,-67.2467630927017,244.87050944883202
2039000,1019500.0,-67.70475006103516,0.47788964776337167,-67.22686041327178,246.47470932921394
2040000,1020000.0,-67.764892578125,0.5233596428667104,-67.24153293525829,269.9261564964593
2041000,1020500.0,-67.68812561035156,0.4559279307391073,-67.23219767961245,235.1478102317757
2042000,1021000.0,-67.76033782958984,0.528660308366683,-67.23167752122316,272.6600093733143
2043000,1021500.0,-67.67838287353516,0.45693792021712415,-67.22144495331803,235.66871890637213
2044000,1022000.0,-67.74771118164062,0.5123992864732632,-67.23531189516736,264.2732810494541
2045000,1022500.0,-67.68913269042969,0.46510293950879017,-67.22402975092089,239.8798809727605
2046000,1023000.0,-67.65894317626953,0.41677959064510295,-67.24216358562443,214.9567979540444
2047000,1023500.0,-67.70985412597656,0.47953088909866187,-67.2303232368779,247.3211902750725
2048000,1024000.0,-67.66082763671875,0.4376482332586921,-67.22317940346005,225.71993677982306
2049000,1024500.0,-67.7741470336914,0.538422051715052,-67.23572498197636,277.6946923081641
2050000,1025000.0,-67.85395812988281,0.6246164658251842,-67.22934166405763,322.15002475369164
2051000,1025500.0,-67.66973876953125,0.44310109819749705,-67.22663767133375,228.53228751203412
2052000,1026000.0,-67.57514190673828,0.3556402229217398,-67.21950168381655,183.42376944272274
2053000,1026500.0,-67.77153015136719,0.541548516381389,-67.2299816349858,279.30718689445627
2054000,1027000.0,-67.75553894042969,0.5380274210328486,-67.21751151939684,277.49115895450456
2055000,1027500.0,-67.60149383544922,0.37712618485813393,-67.22436765059109,194.50529474404817
2056000,1028000.0,-67.79256439208984,0.5496258650643311,-67.24293852702552,283.4731322713786
2057000,1028500.0,-67.70751190185547,0.4796311290767043,-67.22788077277876,247.37288969891816
2058000,1029000.0,-67.78971099853516,0.5613534805347554,-67.22835751800041,289.52172660215365
2059000,1029500.0,-67.73086547851562,0.5018723064001183,-67.22899317211551,258.8439222722003
2060000,1030000.0,-67.80465698242188,0.569780123119173,-67.2348768593027,293.86782259175317
2061000,1030500.0,-67.72724914550781,0.4927349151082022,-67.23451423039961,254.13125299124226
2062000,1031000.0,-67.71636199951172,0.4776518156341049,-67.23871018387761,246.3520458540696
2063000,1031500.0,-67.62724304199219,0.3948949717715962,-67.2323480702206,203.66966273177428
2064000,1032000.0,-67.54918670654297,0.3211115967300051,-67.22807510981296,165.6154048046194
2065000,1032500.0,-67.70640563964844,0.46865526069900576,-67.23775037894943,241.7120138446488
2066000,1033000.0,-67.77194213867188,0.5333034380396806,-67.2386387006322,275.0547338497411
2067000,1033500.0,-67.65438079833984,0.4156998748442806,-67.23868092349556,214.39992747272856
2068000,1034000.0,-67.746826171875,0.5043594869031355,-67.24246668497186,260.1267018728875
2069000,1034500.0,-67.65386962890625,0.42173453630462276,-67.23213509260162,217.51234356355488
2070000,1035000.0,-67.53816223144531,0.3073996134476266,-67.23076261799768,158.54335980496558
2071000,1035500.0,-67.65142822265625,0.4206363562829704,-67.23079186637328,216.94595003966347
2072000,1036000.0,-67.77637481689453,0.5365030350856012,-67.23987178180893,276.704946938798
2073000,1036500.0,-67.66682434082031,0.4393895714443263,-67.22743476937599,226.6180433304813
2074000,1037000.0,-67.67472839355469,0.44557508064104656,-67.22915331291364,229.80826012728812
2075000,1037500.0,-67.66015625,0.4518433229083625,-67.20831292709164,233.0411470459995
2076000,1038000.0,-67.60961151123047,0.38270338918190233,-67.22690812204857,197.3817743267386
2077000,1038500.0,-67.75753784179688,0.5358092348834395,-67.22172860691343,276.3471149498426
2078000,1039000.0,-67.66738891601562,0.43848326743562527,-67.22890564858,226.15061111437458
2079000,1039500.0,-67.70132446289062,0.4806645423077187,-67.2206599205829,247.90587932722113
2080000,1040000.0,-67.71688842773438,0.4905866485222232,-67.22630177921215,253.02327045841488
2081000,1040500.0,-67.73068237304688,0.4987807441704103,-67.23190162887647,257.24942884572255
2082000,1041000.0,-67.62250518798828,0.38517166429898403,-67.2373335236893,198.65480335106363
2083000,1041500.0,-67.6814956665039,0.4506130597864673,-67.23088260671744,232.40663079986038
2084000,1042000.0,-67.74080657958984,0.5141421678394424,-67.2266644117504,265.17218350556476
2085000,1042500.0,-67.7920150756836,0.553785517090176,-67.23822955859342,285.61849999126787
2086000,1043000.0,-67.62459564208984,0.3832542058642869,-67.24134143622555,197.66586163082607
2087000,1043500.0,-67.90391540527344,0.6874444020900173,-67.21647100318341,354.55394352679053
2088000,1044000.0,-67.70148468017578,0.46554204863560544,-67.23594263154017,240.10635437494054
2089000,1044500.0,-67.6213607788086,0.38453118619386173,-67.23682959261473,198.3244725821705
2090000,1045000.0,-67.7198257446289,0.4741796032358479,-67.24564614139305,244.5612296152264
2091000,1045500.0,-67.61466979980469,0.38996762358035614,-67.22470217622433,201.12835069690664
2092000,1046000.0,-67.79100799560547,0.5497950990390179,-67.24121289656645,283.56041579993956
2093000,1046500.0,-67.59840393066406,0.3576691073446307,-67.24073482331943,184.47017984465347
2094000,1047000.0,-67.70166015625,0.4776056222922534,-67.22405453395774,246.32822133608914
2095000,1047500.0,-67.55902862548828,0.3171628187464968,-67.24186580674179,163.57879675034172
2096000,1048000.0,-67.75975036621094,0.5168502704790575,-67.24290009573188,266.56890514215337
2097000,1048500.0,-67.62559509277344,0.3921611442709137,-67.23343394850252,202.25967332995202
2098000,1049000.0,-67.75011444091797,0.5118742735547641,-67.2382401673632,264.00250220524447
2099000,1049500.0,-67.6183090209961,0.38097411739569603,-67.2373349036004,196.48989110045147
2100000,1050000.0,-67.69570922851562,0.4385719536289216,-67.2571372748867,226.19635159822172
2101000,1050500.0,-67.71221160888672,0.46996283376939807,-67.24224877511732,242.38640320202452
2102000,1051000.0,-67.63516998291016,0.38878719556195096,-67.24638278734821,200.51953723111558
2103000,1051500.0,-67.70689392089844,0.4911919054945763,-67.21570201540386,253.33543569787636
2104000,1052000.0,-67.85725402832031,0.6197592172206453,-67.23749481109967,319.6448670388373
2105000,1052500.0,-67.66598510742188,0.4328545111032419,-67.23313059631863,223.24754324629617
2106000,1053000.0,-67.68693542480469,0.44845107128113376,-67.23848435352356,231.29157109743917
2107000,1053500.0,-67.7629623413086,0.5185816381418205,-67.24438070316677,267.46186933047323
2108000,1054000.0,-67.66204833984375,0.43423450044627304,-67.22781383939747,223.95928176959941
2109000,1054500.0,-67.83963012695312,0.5924117375660052,-67.24721838938711,305.5402256633422
2110000,1055000.0,-67.7464828491211,0.502729454582498,-67.2437533945386,259.2860020495984
2111000,1055500.0,-67.69416046142578,0.4389446155789165,-67.25521584584686,226.38855443465673
2112000,1056000.0,-67.58538818359375,0.337987967305394,-67.24740021628836,174.31950323313507
2113000,1056500.0,-67.61080169677734,0.35348687231675097,-67.2573148244606,182.31316479386183
2114000,1057000.0,-67.6489486694336,0.3916428460035437,-67.25730582343004,201.99235761094923
2115000,1057500.0,-67.7748794555664,0.5242803161250278,-67.25059913944138,270.4009997469733
2116000,1058000.0,-67.7753677368164,0.5316912870623784,-67.24367644975403,274.22325644615006
2117000,1058500.0,-67.66284942626953,0.4266438560697091,-67.23620557019983,220.04435731979964
2118000,1059000.0,-67.59465789794922,0.3522839140235123,-67.2423739839257,181.69273119156713
2119000,1059500.0,-67.81088256835938,0.5689081091927887,-67.24197445916658,293.41807570972185
2120000,1060000.0,-67.60029602050781,0.3621223703428254,-67.23817365016498,186.7669793425787
2121000,1060500.0,-67.60308837890625,0.3623634999374958,-67.24072487896875,186.8913435070573
2122000,1061000.0,-67.69354248046875,0.42143217205593836,-67.2721103084128,217.35639722603779
2123000,1061500.0,-67.65719604492188,0.42622963948716347,-67.23096640543471,219.83072241002475
2124000,1062000.0,-67.7303237915039,0.4870788561053078,-67.2432449353986,251.214103592397
2125000,1062500.0,-67.68936920166016,0.4572633062185043,-67.23210589544165,235.83653886331265
2126000,1063000.0,-67.70922088623047,0.4676760482148288,-67.24154483801564,241.20697860578426
2127000,1063500.0,-67.78336334228516,0.5324635882458544,-67.2508997540393,274.62157582930206
2128000,1064000.0,-67.70480346679688,0.44743254442103964,-67.25737092237584,230.76625921223592
2129000,1064500.0,-67.6639404296875,0.4187270582802787,-67.24521337140722,215.96121711556944
2130000,1065000.0,-67.73638916015625,0.49943762151914395,-67.2369515386371,257.588217631694
2131000,1065500.0,-67.8338394165039,0.571741390560628,-67.26209802594327,294.8793590935625
2132000,1066000.0,-67.62650299072266,0.37800358021269986,-67.24849941050995,194.95781713283722
2133000,1066500.0,-67.679443359375,0.4254824362563313,-67.25396092311867,219.44534745998945
2134000,1067000.0,-67.71419525146484,0.4603040639168636,-67.25389118754798,237.40482952068797
2135000,1067500.0,-67.63736724853516,0.38987143722710693,-67.24749581130806,201.07874195654264
2136000,1068000.0,-67.5472183227539,0.301016569718371,-67.24620175303554,155.25126328191442
2137000,1068500.0,-67.76879119873047,0.5091828914812487,-67.25960830724922,262.6144043099077
2138000,1069000.0,-67.72708129882812,0.49253132039977277,-67.23454997842835,254.02624768967112
2139000,1069500.0,-67.77928161621094,0.5325399729543588,-67.24674164325658,274.66097174196506
2140000,1070000.0,-67.59143829345703,0.342979046701853,-67.24845924675517,176.89368505364268
2141000,1070500.0,-67.70866394042969,0.44983432445971816,-67.25882961596997,232.00499296526152
2142000,1071000.0,-67.73165130615234,0.48449026438397913,-67.24716104176836,249.87902049304012
2143000,1071500.0,-67.6423568725586,0.39301688059208967,-67.24933999196651,202.70102493070638
2144000,1072000.0,-67.65457153320312,0.40562005028989645,-67.24895148291323,209.20119207689197
2145000,1072500.0,-67.75469207763672,0.4968687905899037,-67.25782328704682,256.2633262900136
2146000,1073000.0,-67.68701934814453,0.45237163809302255,-67.2346477100515,233.3136290555654
2147000,1073500.0,-67.77989959716797,0.5369894524475147,-67.24291014472045,276.9558198724375
2148000,1074000.0,-67.58045196533203,0.33894700058933247,-67.2415049647427,174.81413091758498
2149000,1074500.0,-67.77828216552734,0.5350699606379219,-67.24321220488942,275.96582942580727
2150000,1075000.0,-67.71127319335938,0.469103428757349,-67.24216976460202,241.94315944997373
2151000,1075500.0,-67.80461883544922,0.5531954075894789,-67.25142342785973,285.31414715931714
2152000,1076000.0,-67.68830871582031,0.44516648014886395,-67.24314223567144,229.59752175282486
2153000,1076500.0,-67.54508209228516,0.306098912227169,-67.23898318005799,157.8725146491082
2154000,1077000.0,-67.73771667480469,0.4806130873544016,-67.25710358745029,247.87934109873734
2155000,1077500.0,-67.72744750976562,0.4757410323578677,-67.25170647740775,245.3665468904367
2156000,1078000.0,-67.81254577636719,0.5639620600933155,-67.24858371627387,290.8671185592035
2157000,1078500.0,-67.79227447509766,0.5399089938373339,-67.25236548126033,278.46159242641124
2158000,1079000.0,-67.7844009399414,0.5314370464128007,-67.2529638935286,274.09213016940885
2159000,1079500.0,-67.72352600097656,0.4626875519799529,-67.26083844899661,238.63412906774676
2160000,1080000.0,-67.78170013427734,0.5331473817109915,-67.24855275256635,274.9742467782328
2161000,1080500.0,-67.65641784667969,0.4076705354556454,-67.24874731122404,210.2587432031346
2162000,1081000.0,-67.6070556640625,0.3593326472418401,-67.24772301682066,185.32816141956565
2163000,1081500.0,-67.67747497558594,0.43921045963712596,-67.23826451594881,226.52566524523976
2164000,1082000.0,-67.65831756591797,0.407240602220524,-67.25107696369744,210.03700232706944
2165000,1082500.0,-67.6961441040039,0.4498295849170569,-67.24631451908685,232.00254851515623
2166000,1083000.0,-67.63563537597656,0.38525661942021117,-67.25037875655636,198.6986195101047
2167000,1083500.0,-67.71702575683594,0.4595160230638431,-67.2575097337721,236.99839230009357
2168000,1084000.0,-67.77005004882812,0.5023114706661187,-67.26773857816201,259.07042411277547
2169000,1084500.0,-67.65763092041016,0.4051668770697757,-67.25246404334038,208.96746502666647
2170000,1085000.0,-67.57470703125,0.3097441125993599,-67.26496291865064,159.75255056616027
2171000,1085500.0,-67.71026611328125,0.4652487427466389,-67.24501737053461,239.95507994565355
2172000,1086000.0,-67.75867462158203,0.5193041696726218,-67.23937045190941,267.83451968996303
2173000,1086500.0,-67.68116760253906,0.4613627619489036,-67.21980484059016,237.95085995038178
2174000,1087000.0,-67.66593933105469,0.41399808687743406,-67.25194124417726,213.52221920591097
2175000,1087500.0,-67.70518493652344,0.43655755269640484,-67.26862738382704,225.1574111511158
2176000,1088000.0,-67.67046356201172,0.41624830436531335,-67.25421525764641,214.6827835827463
2177000,1088500.0,-67.58175659179688,0.3454245843592462,-67.23633200743762,178.15498708452097
2178000,1089000.0,-67.7131118774414,0.45628178121156926,-67.25683009622983,235.33031092572097
2179000,1089500.0,-67.73978424072266,0.49209713545486883,-67.24768710526779,253.80231396649637
2180000,1090000.0,-67.70713806152344,0.4595623586900284,-67.24757570283342,237.02229020214915
2181000,1090500.0,-67.60770416259766,0.34799862597994663,-67.25970553661772,179.4825658743791
2182000,1091000.0,-67.79556274414062,0.5450716547499167,-67.2504910893907,281.1242685353196
2183000,1091500.0,-67.71734619140625,0.46869765854206313,-67.24864853286418,241.7338808093187
2184000,1092000.0,-67.68753814697266,0.45139744716390345,-67.23614069980876,232.81118371654293
2185000,1092500.0,-67.71369934082031,0.47580610765308823,-67.23789323316723,245.40010989927995
2186000,1093000.0,-67.70291137695312,0.44554396988552014,-67.2573674070676,229.79221455178492
2187000,1093500.0,-67.7101821899414,0.47332471618868377,-67.23685747375272,244.12031603309453
2188000,1094000.0,-67.7071762084961,0.4627852592373219,-67.24439094925877,238.68452222435116
2189000,1094500.0,-67.62232971191406,0.36613549393197936,-67.25619421798208,188.83677406353218
2190000,1095000.0,-67.73131561279297,0.4732198286046119,-67.25809578418836,244.06621957606237
2191000,1095500.0,-67.58472442626953,0.33807582803496383,-67.24664859823457,174.36481797867
2192000,1096000.0,-67.56153106689453,0.31942753006701763,-67.24210353682751,164.74683641609388
2193000,1096500.0,-67.6843490600586,0.4436536761747112,-67.24069538388389,228.81728321544182
2194000,1097000.0,-67.59725189208984,0.3638862242091731,-67.23336566788068,187.67669850272785
2195000,1097500.0,-67.83753967285156,0.584030336726219,-67.25350933612535,301.2174633992372
2196000,1098000.0,-67.79552459716797,0.5392564728917987,-67.25626812427618,278.12505048386294
2197000,1098500.0,-67.63240051269531,0.38903725691905194,-67.24336325577626,200.6485080104459
2198000,1099000.0,-67.7483901977539,0.5063328260398975,-67.24205737171401,261.1444644304523
2199000,1099500.0,-67.79931640625,0.5634231396349251,-67.23589326661508,290.5891668103949
2200000,1100000.0,-67.69991302490234,0.4430860821770251,-67.25682694272533,228.52454290133073
2201000,1100500.0,-67.71826171875,0.47171106429130255,-67.2465506544587,243.2880645201626
2202000,1101000.0,-67.53433990478516,0.30754281712340087,-67.22679708766175,158.61721803672793
2203000,1101500.0,-67.67780303955078,0.4469124059813018,-67.23089063356947,230.497994412307
2204000,1102000.0,-67.83697509765625,0.596996947097706,-67.23997815055854,307.90507744832814
2205000,1102500.0,-67.76007843017578,0.5253260789781109,-67.23475235119767,270.94035877357555
2206000,1103000.0,-67.73174285888672,0.4985398223586517,-67.23320303652807,257.1251718466388
2207000,1103500.0,-67.74552154541016,0.49966990307543274,-67.24585164233473,257.70801836254634
2208000,1104000.0,-67.5671615600586,0.32252908264598157,-67.24463247741261,166.34648243049747
2209000,1104500.0,-67.64156341552734,0.3998200667951795,-67.24174334873216,206.20981268069622
2210000,1105000.0,-67.8682861328125,0.6203192572299573,-67.24796687558255,319.9337113340714
2211000,1105500.0,-67.84309387207031,0.5908510105411551,-67.25224286152915,304.73527049933614
2212000,1106000.0,-67.63139343261719,0.3945288374446538,-67.23686459517253,203.48082655959325
2213000,1106500.0,-67.68709564208984,0.45773998716374664,-67.2293556549261,236.08239017641654
2214000,1107000.0,-67.6535873413086,0.4144304683874333,-67.23915687292116,213.74522279574632
2215000,1107500.0,-67.63855743408203,0.4172339906095521,-67.22132344347249,215.1911577056753
2216000,1108000.0,-67.7300033569336,0.5036753537632693,-67.22632800317032,259.77385573449516
2217000,1108500.0,-67.73806762695312,0.5066607232503411,-67.23140690370279,261.31357955988057
2218000,1109000.0,-67.7959976196289,0.5603733379126355,-67.23562428171627,289.01621163856566
2219000,1109500.0,-67.7378921508789,0.50544077131494,-67.23245137956397,260.6843813755699
2220000,1110000.0,-67.66650390625,0.45354786992578444,-67.21295603632421,233.92027831118455
2221000,1110500.0,-67.71245574951172,0.49087986122282257,-67.2215758882889,253.17449682519245
2222000,1111000.0,-67.71047973632812,0.47195264429423106,-67.23852709203389,243.41266098564418
2223000,1111500.0,-67.65412139892578,0.4249410460345441,-67.22918035289123,219.16612191456653
2224000,1112000.0,-67.73383331298828,0.5035599328978895,-67.2302733800904,259.71432666878263
2225000,1112500.0,-67.8134765625,0.5825396418044931,-67.23093692069551,300.44862775014855
2226000,1113000.0,-67.69566345214844,0.4648477148808977,-67.23081573726753,239.74824720277223
2227000,1113500.0,-67.55196380615234,0.3091970294622333,-67.2427667766901,159.4703888624421
2228000,1114000.0,-67.71148681640625,0.4640427281998627,-67.2474440882064,239.33307006062114
2229000,1114500.0,-67.6787109375,0.4329841994653234,-67.24572673803468,223.31443086668514
2230000,1115000.0,-67.60391235351562,0.36791171889968693,-67.23600063461593,189.7528737000654
2231000,1115500.0,-67.7041015625,0.4637094127472403,-67.24039214975276,239.1611604373754
2232000,1116000.0,-67.72223663330078,0.48003614981551695,-67.24220048348526,247.58178179218353
2233000,1116500.0,-67.78748321533203,0.5548438092448619,-67.23263940608717,286.16432108706346
2234000,1117000.0,-67.72224426269531,0.4752555676512858,-67.24698869504402,245.1161652950111
2235000,1117500.0,-67.75179290771484,0.5160435472184963,-67.23574936049634,266.1528323477613
2236000,1118000.0,-67.74959564208984,0.5151313152358632,-67.23446432685398,265.6823427403538
2237000,1118500.0,-67.72412872314453,0.4971366396047827,-67.22699208353976,256.4014711701034
2238000,1119000.0,-67.66143035888672,0.4130314945814606,-67.24839886430526,213.02369291159818
2239000,1119500.0,-67.66254425048828,0.4292469704232134,-67.23329728006507,221.38693056162128
2240000,1120000.0,-67.58149719238281,0.3341790687972938,-67.24731812358552,172.35503893255387
2241000,1120500.0,-67.65865325927734,0.43990095827945325,-67.21875230099789,226.8817944331315
2242000,1121000.0,-67.64966583251953,0.4357321896094781,-67.21393364291005,224.7317247444455
2243000,1121500.0,-67.60308837890625,0.37403612270666114,-67.2290522561996,192.91157499272478
2244000,1122000.0,-67.657958984375,0.4209255868474405,-67.23703339752755,217.09512259370507
2245000,1122500.0,-67.78760528564453,0.5687683055406516,-67.21883698010387,293.345971062373
2246000,1123000.0,-67.7462387084961,0.49689016767057687,-67.24934854082552,256.2743516590918
2247000,1123500.0,-67.65711975097656,0.4217631588957231,-67.23535659208083,217.52710585199262
2248000,1124000.0,-67.7347412109375,0.4989760188365679,-67.23576519210093,257.35014303111205
2249000,1124500.0,-67.77767944335938,0.5505090744218865,-67.2271703689375,283.92865327020985
2250000,1125000.0,-67.62654876708984,0.38822799997631396,-67.23832076711354,200.231128452911
2251000,1125500.0,-67.69660186767578,0.474793548756925,-67.22180831891886,244.87787603048076
2252000,1126000.0,-67.7480697631836,0.499529926663674,-67.24853983651992,257.63582461329344
2253000,1126500.0,-67.65184020996094,0.4378014266191571,-67.21403878334178,225.7989472567574
2254000,1127000.0,-67.64064025878906,0.4043286147427524,-67.23631164404631,208.5351257526067
2255000,1127500.0,-67.7794418334961,0.5238408041802256,-67.25560102931587,270.17431858878365
2256000,1128000.0,-67.7091064453125,0.47183308498877274,-67.23727336032373,243.35099749241232
2257000,1128500.0,-67.64314270019531,0.42687480715854176,-67.21626789303677,220.1634718533655
2258000,1129000.0,-67.5780029296875,0.3391929655700725,-67.23880996411742,174.94098896403315
2259000,1129500.0,-67.69215393066406,0.4483567126147218,-67.24379721804934,231.2429049985073
2260000,1130000.0,-67.6928939819336,0.4705087076870256,-67.22238527424656,242.66794124288256
2261000,1130500.0,-67.70463562011719,0.4687490926104939,-67.2358865275067,241.76040826628585
2262000,1131000.0,-67.69390869140625,0.45653284029680113,-67.23737585110945,235.45979628985594
2263000,1131500.0,-67.66880798339844,0.44119053024921134,-67.22761745314922,227.5468996051996
2264000,1132000.0,-67.70340728759766,0.46901773410804326,-67.2343895534896,241.89896187449256
2265000,1132500.0,-67.74156188964844,0.5079315440471269,-67.23363034560131,261.96901369193023
2266000,1133000.0,-67.7948226928711,0.5619445843422528,-67.23287810852884,289.8265922543354
2267000,1133500.0,-67.7403793334961,0.5093468850298729,-67.23103244846622,262.6989850544754
2268000,1134000.0,-67.61392974853516,0.3839384266628548,-67.2299913218723,198.01875297976682
2269000,1134500.0,-67.58415222167969,0.3451246861791263,-67.23902753550055,178.00031263798425
2270000,1135000.0,-67.70085144042969,0.47259956203605114,-67.22825187839364,243.74631303925378
2271000,1135500.0,-67.63032531738281,0.4113308669290446,-67.21899445045376,212.14658308453195
2272000,1136000.0,-67.76911163330078,0.5267581715916421,-67.24235346170914,271.6789698991871
2273000,1136500.0,-67.66864013671875,0.41999695194706915,-67.24864318477168,216.61617307426428
2274000,1137000.0,-67.79124450683594,0.5624387324754642,-67.22880577436047,290.0814523838002
2275000,1137500.0,-67.76333618164062,0.5255713929589537,-67.23776478868167,271.0668810625718
2276000,1138000.0,-67.73274993896484,0.4887678268529771,-67.24398211211187,252.08520129465035
2277000,1138500.0,-67.7220230102539,0.4961316185662499,-67.22589139168765,255.88312500064467
2278000,1139000.0,-67.59730529785156,0.3680717937895506,-67.22923350406201,189.83543337076495
2279000,1139500.0,-67.74258422851562,0.4906577115178103,-67.25192651699781,253.05992166285793
2280000,1140000.0,-67.76414489746094,0.5324971422281061,-67.23164775523283,274.6388815149578
2281000,1140500.0,-67.77522277832031,0.5466917902876886,-67.22853098803263,281.95986402816015
2282000,1141000.0,-67.63661193847656,0.4117772962187452,-67.22483464225782,212.37683190856487
2283000,1141500.0,-67.60302734375,0.36624209213208014,-67.23678525161792,188.89175278196188
2284000,1142000.0,-67.61601257324219,0.3910065295652757,-67.22500604367691,201.66417324893692
2285000,1142500.0,-67.6867904663086,0.4626231342082278,-67.22416733210036,238.6009051809438
2286000,1143000.0,-67.71438598632812,0.47370190113954896,-67.24068408518858,244.31485163679082
2287000,1143500.0,-67.72129821777344,0.48296527529351846,-67.23833294247991,249.09249740227915
2288000,1144000.0,-67.74402618408203,0.5107511444880671,-67.23327503959396,263.4232410483039
2289000,1144500.0,-67.61761474609375,0.38336749247363433,-67.23424725362011,197.7242899400403
2290000,1145000.0,-67.80492401123047,0.5710834379317472,-67.23384057329872,294.54001572482713
2291000,1145500.0,-67.62666320800781,0.37637838237399907,-67.25028482563381,194.11961072520523
2292000,1146000.0,-67.814697265625,0.5871801939665507,-67.22751707165845,302.8420228584614
2293000,1146500.0,-67.67351531982422,0.4332265525867802,-67.24028876723744,223.43942607310083
2294000,1147000.0,-67.60811614990234,0.36141183002196214,-67.24670431988038,186.4005135279893
2295000,1147500.0,-67.64399719238281,0.41086391447559534,-67.23313327790721,211.90574930465596
2296000,1148000.0,-67.87248992919922,0.6355266177220963,-67.23696331147713,327.7770069034713
2297000,1148500.0,-67.70792388916016,0.4571003111295669,-67.25082357803059,235.75247308085437
2298000,1149000.0,-67.73485565185547,0.5023632911133344,-67.23249236074213,259.0971508471264
2299000,1149500.0,-67.61013793945312,0.35271890920171595,-67.25741903025141,181.9170827978619
2300000,1150000.0,-67.64209747314453,0.3825194639953234,-67.25957800914921,197.28691370962218
2301000,1150500.0,-67.70775604248047,0.4692663706535741,-67.2384896718269,242.027197797943
2302000,1151000.0,-67.82445526123047,0.5766697615358048,-67.24778549969466,297.42119863593047
2303000,1151500.0,-67.62686920166016,0.3869840420011464,-67.23988515965901,199.58954899668683
2304000,1152000.0,-67.68221282958984,0.43677222069443605,-67.24544060889541,225.26812757417426
2305000,1152500.0,-67.75141906738281,0.5171310198122996,-67.23428804757052,266.71370344575564
2306000,1153000.0,-67.8472671508789,0.5835654754360933,-67.26370167544282,300.9777081505132
2307000,1153500.0,-67.84004974365234,0.5894760816278486,-67.2505736620245,304.0261419257384
2308000,1154000.0,-67.83635711669922,0.5652355410515673,-67.27112157564765,291.5239246869161
2309000,1154500.0,-67.60625457763672,0.37958621234336076,-67.22666836529336,195.77406999833738
2310000,1155000.0,-67.6307373046875,0.3953061782518333,-67.23543112643567,203.88174516160944
2311000,1155500.0,-67.56725311279297,0.3330962628607449,-67.23415684993222,171.79657469353987
2312000,1156000.0,-67.69035339355469,0.4479243317520872,-67.2424290618026,231.01990174255445
2313000,1156500.0,-67.6863021850586,0.4328075320934636,-67.25349465296513,223.22331351494736
2314000,1157000.0,-67.62060546875,0.3827787874359046,-67.23782668131409,197.42066146904457
2315000,1157500.0,-67.75471496582031,0.5348151514756277,-67.21989981434469,275.83440993491683
2316000,1158000.0,-67.6518783569336,0.4178423008392795,-67.23403605609431,215.5048976825837
2317000,1158500.0,-67.67617797851562,0.4409149958914058,-67.23526298262422,227.40479095926395
2318000,1159000.0,-67.69425964355469,0.44962096440519417,-67.24463867914949,231.89495112261565
2319000,1159500.0,-67.84587097167969,0.611813482117148,-67.23405748956255,315.5468022257423
2320000,1160000.0,-67.69276428222656,0.45250366997438496,-67.24026061225217,233.38172536134078
2321000,1160500.0,-67.7959213256836,0.5691027610984492,-67.22681856458514,293.5184687023146
2322000,1161000.0,-67.7295150756836,0.49063451434686295,-67.23888056133673,253.0479575703247
2323000,1161500.0,-67.81629180908203,0.5901264751103487,-67.22616533397168,304.36158661532124
2324000,1162000.0,-67.7382583618164,0.4990372561851247,-67.23922110563129,257.3817265938786
2325000,1162500.0,-67.84832763671875,0.6084795165796087,-67.23984812013914,313.82728770889827
2326000,1163000.0,-67.64130401611328,0.41121816148525664,-67.23008585462803,212.08845451525355
2327000,1163500.0,-67.79463195800781,0.5515603441993635,-67.24307161380845,284.47085252906163
2328000,1164000.0,-67.6441650390625,0.3935361257860362,-67.25062891327646,202.96882903328014
2329000,1164500.0,-67.62773132324219,0.3931555097577861,-67.2345758134844,202.772523828997
2330000,1165000.0,-67.8742446899414,0.6259202484429479,-67.24832444149845,322.8224591603497
2331000,1165500.0,-67.61400604248047,0.38951464200573976,-67.22449140047473,200.89472248910258
2332000,1166000.0,-67.7906494140625,0.5566730585695171,-67.23397635549298,287.1077683822606
2333000,1166500.0,-67.6407241821289,0.4156200895532402,-67.22510409257566,214.35877768739638
2334000,1167000.0,-67.7740478515625,0.5364768219224164,-67.23757102964008,276.69142732855573
2335000,1167500.0,-67.67733764648438,0.4512080700425124,-67.22612957644186,232.71351122841327
2336000,1168000.0,-67.57902526855469,0.351060309804067,-67.22796495875062,181.06164931788922
2337000,1168500.0,-67.66244506835938,0.4381517549310759,-67.2242933134283,225.9796313733816
2338000,1169000.0,-67.73684692382812,0.5060457612806709,-67.23080116254745,260.9964089046208
2339000,1169500.0,-67.58402252197266,0.34939113772489866,-67.23463138424776,180.20076290831972
2340000,1170000.0,-67.7779541015625,0.5309422240113536,-67.24701187755115,273.8369222816945
2341000,1170500.0,-67.75313568115234,0.5136403920298938,-67.23949528912244,264.9133893521744
2342000,1171000.0,-67.80577850341797,0.5770758982518748,-67.22870260516609,297.63066630176036
2343000,1171500.0,-67.6908187866211,0.46036293305347625,-67.23045585356762,237.43519166266566
2344000,1172000.0,-67.71890258789062,0.49811050357510733,-67.22079208431552,256.9037478779906
2345000,1172500.0,-67.63056945800781,0.4091526419574906,-67.22141681605032,211.0231493185358
2346000,1173000.0,-67.65766143798828,0.45040134983353836,-67.20726008815474,232.29744000789722
2347000,1173500.0,-67.70932006835938,0.4833996785609186,-67.22592038979846,249.31654372670826
2348000,1174000.0,-67.76597595214844,0.5193575125643565,-67.24661843958408,267.8620316350253
2349000,1174500.0,-67.69056701660156,0.4694254137607348,-67.22114160284083,242.1092253199697
2350000,1175000.0,-67.64493560791016,0.4099125891958145,-67.23502301871434,211.41509707373004
2351000,1175500.0,-67.58928680419922,0.3545088645366083,-67.2347779396626,182.8402639610126
2352000,1176000.0,-67.76466369628906,0.5183817539888623,-67.2462819423002,267.3587777721387
2353000,1176500.0,-67.78803253173828,0.5450709251381238,-67.24296160660016,281.12389223326863
2354000,1177000.0,-67.69788360595703,0.4550617787693764,-67.24282182718765,234.7010866922023
2355000,1177500.0,-67.64519500732422,0.4060816936305259,-67.2391133136937,209.43928764713073
2356000,1178000.0,-67.72344970703125,0.48386092018621285,-67.23958878684503,249.55443210963728
2357000,1178500.0,-67.66046142578125,0.4221546593934366,-67.23830676638781,217.72902479254262
2358000,1179000.0,-67.71735382080078,0.4803363309719361,-67.23701748982884,247.73660218559613
2359000,1179500.0,-67.75027465820312,0.5050450810186561,-67.24522957718447,260.48030151902265
2360000,1180000.0,-67.71080780029297,0.46786222828955537,-67.2429455720034,241.3030021962008
2361000,1180500.0,-67.68585968017578,0.47146684743422496,-67.21439283274155,243.1621080799191
2362000,1181000.0,-67.67644500732422,0.44059817385457467,-67.23584683346965,227.2413879230138
2363000,1181500.0,-67.67501831054688,0.4468081223237451,-67.22821018822313,230.44420943432232
2364000,1182000.0,-67.7236328125,0.49933700599593495,-67.22429580650406,257.5363245179741
2365000,1182500.0,-67.61076354980469,0.3799018267539154,-67.23086172305077,195.93685019344235
2366000,1183000.0,-67.65975189208984,0.4390041340241677,-67.22074775806567,226.41925146180867
2367000,1183500.0,-67.64567565917969,0.4268074938259829,-67.21886816535371,220.12875456213712
2368000,1184000.0,-67.76201629638672,0.5264878720651621,-67.23552842432156,271.5395611517226
2369000,1184500.0,-67.54943084716797,0.34077294383226614,-67.2086579033357,175.7558730795256
2370000,1185000.0,-67.67350006103516,0.4483025612166298,-67.22519749981852,231.21497606100684
2371000,1185500.0,-67.73046112060547,0.5050389232271963,-67.22542219737828,260.4771255978298
2372000,1186000.0,-67.76679229736328,0.5610345020936056,-67.20575779526968,289.35721138628185
2373000,1186500.0,-67.72233581542969,0.5025033385367652,-67.21983247689292,259.1693812211132
2374000,1187000.0,-67.70048522949219,0.49403787229427004,-67.20644735719792,254.80326167610812
2375000,1187500.0,-67.87147521972656,0.6277529769932335,-67.24372224273333,323.767700888906
2376000,1188000.0,-67.76966094970703,0.5532374697603467,-67.21642347994668,285.3358409988613
2377000,1188500.0,-67.71810150146484,0.4867092895349031,-67.23139221192994,251.0234972182171
2378000,1189000.0,-67.69672393798828,0.4785868379093301,-67.21813710007895,246.83428970383923
2379000,1189500.0,-67.66956329345703,0.44733060901578797,-67.22223268444124,230.71368536072575
2380000,1190000.0,-67.73670196533203,0.5135142349950484,-67.22318773033699,264.8483230368883
2381000,1190500.0,-67.66311645507812,0.430870804746083,-67.23224565033205,222.22443372705138
2382000,1191000.0,-67.55453491210938,0.3324611287533504,-67.22207378335602,171.4690001264033
2383000,1191500.0,-67.77189636230469,0.5443374830325759,-67.22755887927211,280.74561467354164
2384000,1192000.0,-67.63921356201172,0.41859382480416024,-67.22061973720756,215.892501079445
2385000,1192500.0,-67.58776092529297,0.367451217953219,-67.22030970733975,189.51536732708217
2386000,1193000.0,-67.75817108154297,0.5305811263065262,-67.22758995523644,273.6506837802888
2387000,1193500.0,-67.68596649169922,0.4572565882935426,-67.22870990340567,235.8330740496052
2388000,1194000.0,-67.5103988647461,0.3090914352508356,-67.20130742949526,159.41592795774807
2389000,1194500.0,-67.7603759765625,0.5361855597361369,-67.22419041682636,276.54120695228727
2390000,1195000.0,-67.6429214477539,0.4045551305081084,-67.23836631724579,208.6519527391001
2391000,1195500.0,-67.65339660644531,0.42734455135952765,-67.22605205508579,220.40574549528046
2392000,1196000.0,-67.6605224609375,0.4359649789373802,-67.22455748200012,224.85178736182618
2393000,1196500.0,-67.61555480957031,0.3982589070923532,-67.21729590247796,205.4046343601959
2394000,1197000.0,-67.778076171875,0.546424199613321,-67.23165197226167,281.8218523888777
2395000,1197500.0,-67.72611999511719,0.5054606660650319,-67.22065932905215,260.6946422229622
2396000,1198000.0,-67.75839233398438,0.5305219480841893,-67.22787038590019,273.62016222532856
2397000,1198500.0,-67.77790832519531,0.5601772036259878,-67.21773112156933,288.9150540982899
2398000,1199000.0,-67.65709686279297,0.441221181203429,-67.21587568158954,227.56270803517256
2399000,1199500.0,-67.72663116455078,0.5066100613714799,-67.2200211031793,261.287450364731
2400000,1200000.0,-67.7349624633789,0.5080100857719848,-67.22695237760692,262.0095220998758
2401000,1200500.0,-67.79068756103516,0.5746107290771381,-67.21607683195802,296.35923918750024
2402000,1201000.0,-67.57662963867188,0.36365341086382164,-67.21297622780806,187.55662349819065
2403000,1201500.0,-67.65605163574219,0.44147016162339875,-67.21458147411879,227.69112131411242
2404000,1202000.0,-67.76133728027344,0.530900346480434,-67.230436933793,273.81532367141045
2405000,1202500.0,-67.69315338134766,0.47400677574413536,-67.21914660560353,244.4720927067721
2406000,1203000.0,-67.7770004272461,0.5597143976733377,-67.21728602957276,288.6763589033027
2407000,1203500.0,-67.58924865722656,0.36880251363082694,-67.22044614359574,190.2123069049011
2408000,1204000.0,-67.82562255859375,0.6074409203663871,-67.21818163822736,313.2916249236458
2409000,1204500.0,-67.58918762207031,0.3649120145382902,-67.22427560753202,188.20575656955387
2410000,1205000.0,-67.66361999511719,0.4568963885453326,-67.20672360657186,235.6472986751939
2411000,1205500.0,-67.70325469970703,0.4903746436385992,-67.21288005606843,252.91392755401807
2412000,1206000.0,-67.60704040527344,0.4014018609635795,-67.20563854430986,207.0256333616834
2413000,1206500.0,-67.62646484375,0.4069580604425915,-67.21950678330741,209.89127955840266
2414000,1207000.0,-67.75708770751953,0.5178016927307239,-67.2392860147888,267.0596073869631
2415000,1207500.0,-67.68134307861328,0.46134957145251,-67.21999350716077,237.94405686565347
2416000,1208000.0,-67.60809326171875,0.3910053505099747,-67.21708791120878,201.66356514345912
2417000,1208500.0,-67.64421844482422,0.4187728926078586,-67.22544555221636,215.98485646959278
2418000,1209000.0,-67.70626831054688,0.49107870581024693,-67.21518960473662,253.27705222080832
2419000,1209500.0,-67.77143096923828,0.5407907569550217,-67.23064021228326,278.9163675175782
2420000,1210000.0,-67.82064819335938,0.6059009683928271,-67.21474722496654,312.4973846281287
2421000,1210500.0,-67.70343780517578,0.5020683863305393,-67.20136941884525,258.9450517778969
2422000,1211000.0,-67.62857055664062,0.412862362653714,-67.21570819398691,212.93646201441356
2423000,1211500.0,-67.66251373291016,0.43643830121790644,-67.22607543169225,225.09590642165045
2424000,1212000.0,-67.7405014038086,0.5144692523046351,-67.22603215150396,265.3408794563178
2425000,1212500.0,-67.72987365722656,0.5024320242408167,-67.22744163298574,259.1326004068663
2426000,1213000.0,-67.78215026855469,0.5495366474722065,-67.23261362108248,283.42711771511256
2427000,1213500.0,-67.5725326538086,0.32829636115769373,-67.2442362926509,169.32099401794815
2428000,1214000.0,-67.73773956298828,0.48551531746738497,-67.25222424552089,250.4076983205719
2429000,1214500.0,-67.60723876953125,0.3775691389373909,-67.22966963059386,194.73375120558072
2430000,1215000.0,-67.77592468261719,0.5361818589317219,-67.23974282368546,276.5392982382217
2431000,1215500.0,-67.56800079345703,0.3411775016358666,-67.22682329182116,175.96452641092955
2432000,1216000.0,-67.65386199951172,0.4224073958186703,-67.23145460369305,217.85937525574667
2433000,1216500.0,-67.80022430419922,0.5643605355035847,-67.23586376869564,291.0726348564922
2434000,1217000.0,-67.7445068359375,0.4927743210355866,-67.25173251490192,254.1515768558486
2435000,1217500.0,-67.7150650024414,0.5010920627516361,-67.21397293968977,258.44150651080923
2436000,1218000.0,-67.56501007080078,0.33033206321541325,-67.23467800758537,170.37092065960192
2437000,1218500.0,-67.69580841064453,0.448129068764922,-67.2476793418796,231.12549619508877
2438000,1219000.0,-67.83307647705078,0.5679149141942867,-67.26516156285649,292.9058288977043
2439000,1219500.0,-67.6699447631836,0.43252258164687735,-67.23742218153672,223.0763484596793
2440000,1220000.0,-67.64871215820312,0.39919730838114115,-67.24951484982198,205.88862095829586
2441000,1220500.0,-67.7022933959961,0.4519303181919903,-67.25036307780411,233.08601543213328
2442000,1221000.0,-67.60517883300781,0.35555289892817094,-67.24962593407965,183.37873152228843
2443000,1221500.0,-67.70592498779297,0.442377272689142,-67.26354771510383,228.1589697751636
2444000,1222000.0,-67.77996063232422,0.5239913904896433,-67.25596924183458,270.2519844621006
2445000,1222500.0,-67.66956329345703,0.43588206429346615,-67.23368122916357,224.80902359229594
2446000,1223000.0,-67.67606353759766,0.44840415558105734,-67.2276593820166,231.2673740184829
2447000,1223500.0,-67.54767608642578,0.3110767698663538,-67.23659931655942,160.43987726188402
2448000,1224000.0,-67.65062713623047,0.40853861133605396,-67.24208852489441,210.70645901221474
2449000,1224500.0,-67.63996887207031,0.3840825241596185,-67.25588634791069,198.0930722055465
2450000,1225000.0,-67.73722076416016,0.47810717632266975,-67.25911358783749,246.58690110544248
2451000,1225500.0,-67.8358383178711,0.5737141700316424,-67.26212414783946,295.89683299985995
2452000,1226000.0,-67.7205581665039,0.48438840768391167,-67.23616975882,249.8264872342431
2453000,1226500.0,-67.67667388916016,0.4253720159260177,-67.25130187323414,219.38839745292094
2454000,1227000.0,-67.73941802978516,0.5072440407598855,-67.23217398902527,261.6144293780018
2455000,1227500.0,-67.69171905517578,0.4438953707156452,-67.24782368446013,228.9419387546484
2456000,1228000.0,-67.73353576660156,0.48289420147336265,-67.2506415651282,249.05584061499403
2457000,1228500.0,-67.688232421875,0.42918153782129376,-67.2590508840537,221.35318326951258
2458000,1229000.0,-67.67066192626953,0.4058915837840403,-67.26477034248549,209.34123725124442
2459000,1229500.0,-67.63566589355469,0.38877928005296153,-67.24688661350173,200.51545475561838
2460000,1230000.0,-67.70123291015625,0.44305929532193183,-67.25817361483432,228.51072740573701
2461000,1230500.0,-67.83087921142578,0.5723934615697205,-67.25848574985606,295.2156689784497
2462000,1231000.0,-67.88003540039062,0.6212010174302964,-67.25883438296033,320.38848492059674
2463000,1231500.0,-67.76368713378906,0.5066869225407293,-67.25700021124834,261.32709201513734
2464000,1232000.0,-67.64612579345703,0.3971154181739763,-67.24901037528305,204.81487247667906
2465000,1232500.0,-67.73672485351562,0.489343280204788,-67.24738157331083,252.3819951220202
2466000,1233000.0,-67.68670654296875,0.43443324402427563,-67.25227329894447,224.06178506894582
2467000,1233500.0,-67.63799285888672,0.3786513946173925,-67.25934146426933,195.29193164618394
2468000,1234000.0,-67.6620864868164,0.4151452078159586,-67.24694127900045,214.1138543275579
2469000,1234500.0,-67.77359771728516,0.5201931142629589,-67.2534046030222,268.29299867258703
2470000,1235000.0,-67.8167953491211,0.5632504323029774,-67.25354491681811,290.5000918751247
2471000,1235500.0,-67.71405792236328,0.45375941627896665,-67.26029850608431,234.029384725509
2472000,1236000.0,-67.74296569824219,0.4953511477833023,-67.24761455045889,255.4805920931685
2473000,1236500.0,-67.82103729248047,0.5683531594372716,-67.2526841330432,293.13185674615244
2474000,1237000.0,-67.82878875732422,0.5887925563996675,-67.23999620092455,303.673609321771
2475000,1237500.0,-67.68193817138672,0.4562187085093286,-67.2257194628774,235.29778076729605
2476000,1238000.0,-67.83316802978516,0.5918165774697791,-67.24135145231537,305.23326795373663
2477000,1238500.0,-67.83977508544922,0.5793053733833539,-67.26046971206587,298.7805326727099
2478000,1239000.0,-67.59269714355469,0.36688126673442045,-67.22581587682026,189.22141126077548
2479000,1239500.0,-67.7206039428711,0.4932278554211494,-67.22737608744994,254.3854901795114
2480000,1240000.0,-67.74505615234375,0.520078005778159,-67.22497814656559,268.2336307192004
2481000,1240500.0,-67.85201263427734,0.6171386087662146,-67.23487402551113,318.2932711001211
2482000,1241000.0,-67.59761047363281,0.36677893889063873,-67.23083153474218,189.16863500652846
2483000,1241500.0,-67.74462127685547,0.5112731147113332,-67.23334816214414,263.69245060256003
2484000,1242000.0,-67.69609069824219,0.4704133307279818,-67.22567736751421,242.61874995287025
2485000,1242500.0,-67.80179595947266,0.5686882713915925,-67.23310768808106,293.30469292689116
2486000,1243000.0,-67.6469955444336,0.39970785989756324,-67.24728768453603,206.15194123986436
2487000,1243500.0,-67.71763610839844,0.46952449513760586,-67.24811161326083,242.16032718768858
2488000,1244000.0,-67.68439483642578,0.4504963597862405,-67.23389847663954,232.3464420119901
2489000,1244500.0,-67.63878631591797,0.39993274593766304,-67.23885356998031,206.267927684905
2490000,1245000.0,-67.64769744873047,0.41455408670679644,-67.23314336202367,213.8089797519294
2491000,1245500.0,-67.75052642822266,0.5089520577710102,-67.24157437045164,262.4953503151189
2492000,1246000.0,-67.66226196289062,0.4415194143938213,-67.2207425484968,227.71652375237483
2493000,1246500.0,-67.69107818603516,0.45898987395032703,-67.23208831208483,236.7270274558777
2494000,1247000.0,-67.72281646728516,0.5013185822602473,-67.2214978850249,258.558335427911
2495000,1247500.0,-67.8486099243164,0.6225184929174912,-67.22609143139891,321.0679815141607
2496000,1248000.0,-67.71370697021484,0.486556647678786,-67.22715032253606,250.9447711832548
2497000,1248500.0,-67.68962860107422,0.4552280971789925,-67.23440050389523,234.78686649902187
2498000,1249000.0,-67.65459442138672,0.4270968444363567,-67.22749757695036,220.27798903063817
2499000,1249500.0,-67.80780029296875,0.5757263524269249,-67.23207394054182,296.93462922188695
2500000,1250000.0,-67.64571380615234,0.41669906158273134,-67.22901474456961,214.91526456378685
2501000,1250500.0,-67.79419708251953,0.580189401395117,-67.21400768112441,299.23647589779955
2502000,1251000.0,-67.68526458740234,0.44560831653765204,-67.23965627086469,229.8254017581928
2503000,1251500.0,-67.7491455078125,0.5276927439192391,-67.22145276389327,272.1609816855267
2504000,1252000.0,-67.76131439208984,0.514362769782652,-67.2469516223072,265.2859603996334
2505000,1252500.0,-67.6151123046875,0.3809584752809268,-67.23415382940658,196.4818235775221
2506000,1253000.0,-67.7066879272461,0.4627603275218176,-67.24392759972427,238.6716635291257
2507000,1253500.0,-67.71773529052734,0.4848772182090201,-67.23285807231832,250.07859445744208
2508000,1254000.0,-67.78437805175781,0.5486219478504059,-67.2357561039074,282.95535540667584
2509000,1254500.0,-67.71887969970703,0.47115656221489927,-67.24772313749213,243.00207645002214
2510000,1255000.0,-67.64388275146484,0.3963030710957702,-67.24757968036907,204.39589916157928
2511000,1255500.0,-67.76148986816406,0.5221936416369537,-67.2392962265271,269.32478374120745
2512000,1256000.0,-67.61614227294922,0.37102704302481027,-67.24511522992441,191.35962247941177
2513000,1256500.0,-67.74763488769531,0.4906855599109515,-67.25694932778435,253.07428465363807
2514000,1257000.0,-67.71113586425781,0.45718978126499404,-67.25394608299281,235.79861788797933
2515000,1257500.0,-67.78458404541016,0.5538909976581331,-67.23069304775203,285.67290228361463
2516000,1258000.0,-67.7378921508789,0.49548663188385644,-67.24240551899506,255.5504689035558
2517000,1258500.0,-67.61824035644531,0.3707126392500683,-67.24752771719524,191.19746667763994
2518000,1259000.0,-67.59260559082031,0.3443670164765476,-67.24823857434376,177.60953953673663
2519000,1259500.0,-67.72736358642578,0.49727790577616954,-67.23008568064961,256.4743301213144
2520000,1260000.0,-67.78777313232422,0.5220568032271189,-67.2657163290971,269.25420843695684
2521000,1260500.0,-67.84616088867188,0.5966352329530894,-67.24952565571878,307.718521014072
2522000,1261000.0,-67.72107696533203,0.46196951512754486,-67.25910745020448,238.26379686801562
2523000,1261500.0,-67.64432525634766,0.3955239867496526,-67.248801269598,203.99408131796
2524000,1262000.0,-67.57723236083984,0.3270101688072833,-67.25022219203257,168.65763190664785
2525000,1262500.0,-67.65782165527344,0.3912325272164449,-67.26658912805699,201.78073301465213
2526000,1263000.0,-67.74071502685547,0.4866008950666505,-67.25411413178882,250.96759206274763
2527000,1263500.0,-67.8276596069336,0.5915861335295716,-67.23607347340402,305.11441498538886
2528000,1264000.0,-67.68511199951172,0.44067750810046646,-67.24443449141125,227.28230507886252
2529000,1264500.0,-67.66503143310547,0.4125409548283493,-67.25249047827712,212.77069382775446
2530000,1265000.0,-67.66384887695312,0.4212796835069833,-67.24256919344614,217.27775026024634
2531000,1265500.0,-67.81169891357422,0.5611412625935129,-67.25055765098071,289.4122738118976
2532000,1266000.0,-67.8513412475586,0.5947937855373007,-67.25654746202129,306.76878247364584
2533000,1266500.0,-67.69698333740234,0.4448201032779145,-67.25216323412442,229.41887561770727
2534000,1267000.0,-67.6370620727539,0.3803829913414089,-67.2566790814125,196.18501397434247
2535000,1267500.0,-67.67272186279297,0.4222294617343393,-67.25049240105864,217.7676045887726
2536000,1268000.0,-67.71795654296875,0.46280069895481146,-67.25515584401394,238.6924853595607
2537000,1268500.0,-67.65050506591797,0.4056158700910076,-67.24488919582696,209.1990361119932
2538000,1269000.0,-67.61860656738281,0.3788834720304611,-67.23972309535235,195.41162708883618
2539000,1269500.0,-67.70999908447266,0.46749985202094674,-67.2424992324517,241.11610426716814
2540000,1270000.0,-67.76286315917969,0.5162502558198167,-67.24661290335987,266.2594436599434
2541000,1270500.0,-67.65170288085938,0.40397454428370055,-67.24772833657568,208.35251159913986
2542000,1271000.0,-67.68881225585938,0.44782692526117285,-67.2409853305982,230.96966370821482
2543000,1271500.0,-67.7617416381836,0.5108463675444733,-67.25089527063912,263.472352962025
2544000,1272000.0,-67.68270874023438,0.43460078377672695,-67.24810795645764,224.1481947913154
2545000,1272500.0,-67.69844818115234,0.4536835568427969,-67.24476462430955,233.99025972548583
2546000,1273000.0,-67.71076965332031,0.4501016046877901,-67.26066804863252,232.14284448983796
2547000,1273500.0,-67.76669311523438,0.5033392047286998,-67.26335391050567,259.6004846728398
2548000,1274000.0,-67.67537689208984,0.4134388008018813,-67.26193809128796,213.23376375694085
2549000,1274500.0,-67.78990173339844,0.5376057457051826,-67.25229598769326,277.27367714818337
2550000,1275000.0,-67.70304870605469,0.4474386874864121,-67.25561001856828,230.76942753835294
2551000,1275500.0,-67.6801986694336,0.4323416501462167,-67.24785701928738,222.98303185564208
2552000,1276000.0,-67.6629638671875,0.41343207540043575,-67.24953179178706,213.23029508718798
2553000,1276500.0,-67.68579864501953,0.43496237107240365,-67.25083627394713,224.33468580240165
2554000,1277000.0,-67.74720001220703,0.515608320082268,-67.23159169212477,265.92836110759924
2555000,1277500.0,-67.78276824951172,0.5380316931983651,-67.24473655631336,277.49336235179265
2556000,1278000.0,-67.73725891113281,0.49791780217308856,-67.23934110895972,256.8043608703996
2557000,1278500.0,-67.75430297851562,0.5210602667143308,-67.2332427118013,268.740238217106
2558000,1279000.0,-67.65363311767578,0.4162454043997503,-67.23738771327604,214.68128790655294
2559000,1279500.0,-67.6998062133789,0.47101402418955085,-67.22879218918935,242.92856153181765
2560000,1280000.0,-67.53109741210938,0.28612906991168063,-67.2449683421977,147.57293795164978
2561000,1280500.0,-67.67854309082031,0.4416535263866861,-67.23688956443362,227.78569288925323
2562000,1281000.0,-67.69441986083984,0.4601565923653265,-67.23426326847452,237.32877010410604
2563000,1281500.0,-67.75727081298828,0.5174845437702612,-67.23978626921802,266.8960357377132
2564000,1282000.0,-67.73441314697266,0.4883675850645295,-67.24604556190813,251.87877397627102
2565000,1282500.0,-67.79259490966797,0.5584779800332397,-67.23411692963472,288.0386684241744
2566000,1283000.0,-67.71836853027344,0.4828676604855969,-67.23550086978784,249.04215192708148
2567000,1283500.0,-67.83409118652344,0.5978517382740557,-67.23623944824938,308.34594158446083
2568000,1284000.0,-67.7145004272461,0.4628069839627466,-67.25169344328334,238.69572689348215
2569000,1284500.0,-67.7656478881836,0.5197365794926965,-67.24591130869089,268.0575378809048
2570000,1285000.0,-67.7314453125,0.4876840995298591,-67.24376121297014,251.52626184449113
2571000,1285500.0,-67.61283111572266,0.37349161833299177,-67.23933949738966,192.6307433031145
2572000,1286000.0,-67.74563598632812,0.4910736018100123,-67.25456238451811,253.27441979932746
2573000,1286500.0,-67.73637390136719,0.5041608554378418,-67.23221304592934,260.02425639640353
2574000,1287000.0,-67.75921630859375,0.5165041110623924,-67.24271219753136,266.3903711605042
2575000,1287500.0,-67.68876647949219,0.45246452332797726,-67.23630195616421,233.36153522259283
2576000,1288000.0,-67.75991821289062,0.508175761595856,-67.25174245129477,262.0949704888975
2577000,1288500.0,-67.7898941040039,0.5562696345778488,-67.23362446942606,286.8996998217713
2578000,1289000.0,-67.74189758300781,0.51229737209464,-67.22960021091318,264.22071804256507
2579000,1289500.0,-67.75721740722656,0.5106266899343554,-67.24659071729221,263.35905279878995
2580000,1290000.0,-67.68345642089844,0.44077038671401975,-67.24268603418442,227.3302078308589
2581000,1290500.0,-67.5650405883789,0.330781521122598,-67.2342590672563,170.60273151289735
2582000,1291000.0,-67.68556213378906,0.4417100099878064,-67.24385212380126,227.81482467570885
2583000,1291500.0,-67.63043975830078,0.3879024132350453,-67.24253734506574,200.06320496306094
2584000,1292000.0,-67.58720397949219,0.3492063945315244,-67.23799758496067,180.10548039885214
2585000,1292500.0,-67.55128479003906,0.31455549191540666,-67.23672929812365,162.23405089567234
2586000,1293000.0,-67.79669189453125,0.5553986986856059,-67.24129319584564,286.4505089428945
2587000,1293500.0,-67.64124298095703,0.4195728866347421,-67.22167009432229,216.39745861773318
2588000,1294000.0,-67.68406677246094,0.4401955152289431,-67.243871257232,227.03371410506037
2589000,1294500.0,-67.70951080322266,0.4722636401441632,-67.2372471630785,243.5730591279211
2590000,1295000.0,-67.64554595947266,0.4120249211252822,-67.23352103834738,212.50454607259212
2591000,1295500.0,-67.7174301147461,0.47790850351605463,-67.23952161123005,246.4844343069017
2592000,1296000.0,-67.68706512451172,0.44431421608198307,-67.24275090842974,229.1579609899179
2593000,1296500.0,-67.64399719238281,0.3987803603207247,-67.24521683206208,205.67357727095612
2594000,1297000.0,-67.58031463623047,0.3418336672564759,-67.23848096897399,176.302948118469
2595000,1297500.0,-67.75080871582031,0.5123895398529621,-67.23841917596735,264.26825416632977
2596000,1298000.0,-67.5874252319336,0.3439607946333484,-67.24346443730025,177.40002796603343
2597000,1298500.0,-67.6800537109375,0.4464153200655212,-67.23363839087197,230.2416191022808
2598000,1299000.0,-67.73165893554688,0.4987265861350527,-67.23293234941183,257.221496485009
2599000,1299500.0,-67.67149353027344,0.43855635241015717,-67.23293717786328,226.18830516767412
2600000,1300000.0,-67.71218872070312,0.4872382752313536,-67.22495044547178,251.29632504862138
2601000,1300500.0,-67.6129379272461,0.3801271962653549,-67.23281073098075,196.05308599198642
2602000,1301000.0,-67.61446380615234,0.3744824415877751,-67.23998136456457,193.14176687280747
2603000,1301500.0,-67.70012664794922,0.47882417397299576,-67.22130247397622,246.95669732990754
2604000,1302000.0,-67.70464324951172,0.4672881289659902,-67.23735512054573,241.00690671774865
2605000,1302500.0,-67.61787414550781,0.3967708677237588,-67.22110327778405,204.6371683299915
2606000,1303000.0,-67.73802185058594,0.5028199715799601,-67.23520187900598,259.3326867826602
2607000,1303500.0,-67.71255493164062,0.45909879815920573,-67.25345613348142,236.78320582853746
2608000,1304000.0,-67.59835052490234,0.38089612524159605,-67.21745439966075,196.4496661372163
2609000,1304500.0,-67.59695434570312,0.3658699988767812,-67.23108434682635,188.6998432535333
2610000,1305000.0,-67.6919937133789,0.4712540670475386,-67.22073964633137,243.0523652047492
2611000,1305500.0,-67.68257141113281,0.4496863497127875,-67.23288506142002,231.92867402236644
2612000,1306000.0,-67.66596221923828,0.43929382781597853,-67.22666839142231,226.56866292837887
2613000,1306500.0,-67.80697631835938,0.5822204877298958,-67.22475583062948,300.2840219501782
2614000,1307000.0,-67.62429809570312,0.3884821531552183,-67.2358159425479,200.3622096160806
2615000,1307500.0,-67.75263977050781,0.5178701080479847,-67.23476966245983,267.0948930340041
2616000,1308000.0,-67.6565933227539,0.41420513672245096,-67.24238818603146,213.62900651675992
2617000,1308500.0,-67.65840911865234,0.4221116711227782,-67.23629744752957,217.70685331097843
2618000,1309000.0,-67.70924377441406,0.47560740208055174,-67.2336363723335,245.29762620150112
2619000,1309500.0,-67.5927963256836,0.3616084107722718,-67.23118791491132,186.50190133481678
2620000,1310000.0,-67.73789978027344,0.4958460437749945,-67.24205373649845,255.7358379355328
2621000,1310500.0,-67.51002502441406,0.2824566474074116,-67.22756837700665,145.6788620420541
2622000,1311000.0,-67.66077423095703,0.44367189492576115,-67.21710233603127,228.82667965537394
2623000,1311500.0,-67.76466369628906,0.5401101381830111,-67.22455355810605,278.5653339373773
2624000,1312000.0,-67.78986358642578,0.544178610829113,-67.24568497559667,280.6636752962141
2625000,1312500.0,-67.68521118164062,0.44803748662334353,-67.23717369501728,231.07826210698718
2626000,1313000.0,-67.6988296508789,0.48220906495326493,-67.21662058592564,248.70247697668913
2627000,1313500.0,-67.74119567871094,0.5084703048584895,-67.23272537385245,262.24688310174076
2628000,1314000.0,-67.78136444091797,0.5522806246246389,-67.22908381629333,284.8423418661631
2629000,1314500.0,-67.64202880859375,0.3909708310259965,-67.25105797756775,201.6457614939774
2630000,1315000.0,-67.77306365966797,0.5459712283720727,-67.2270924312959,281.58822951057573
2631000,1315500.0,-67.76041412353516,0.52772194187245,-67.2326921816627,272.17604072073357
2632000,1316000.0,-67.80537414550781,0.5777742878955241,-67.22759985761229,297.9908653251597
2633000,1316500.0,-67.64959716796875,0.4096347066678764,-67.23996246130088,211.27177734370076
2634000,1317000.0,-67.6448745727539,0.41257386895511855,-67.23230070379878,212.78766950376303
2635000,1317500.0,-67.73957061767578,0.5136651357309792,-67.2259054819448,264.92615107773446
2636000,1318000.0,-67.59495544433594,0.37132046996433243,-67.2236349743716,191.51095934131402
2637000,1318500.0,-67.7052001953125,0.47329538694239204,-67.2319048083701,244.1051892826231
2638000,1319000.0,-67.7241439819336,0.4965071062066868,-67.2276368757269,256.07678520539395
2639000,1319500.0,-67.63741302490234,0.4141399175438089,-67.22327310735854,213.59536929910155
2640000,1320000.0,-67.7703857421875,0.5478500943813482,-67.22253564780615,282.55726693516135
2641000,1320500.0,-67.49340057373047,0.2764094394181566,-67.21699113431231,142.55997499693663
2642000,1321000.0,-67.76768493652344,0.551708645492726,-67.21597629103071,284.54733989041324
2643000,1321500.0,-67.75776672363281,0.5431597415256739,-67.21460698210714,280.1381867936174
2644000,1322000.0,-67.80748748779297,0.6044041409022018,-67.20308334689076,311.72538606654757
2645000,1322500.0,-67.69530487060547,0.4826273226100685,-67.2126775479954,248.91819609692507
2646000,1323000.0,-67.73601531982422,0.5148152656618757,-67.22120005416234,265.5193381068641
2647000,1323500.0,-67.68119812011719,0.47699984102367876,-67.2041982790935,246.01578568742462
2648000,1324000.0,-67.58121490478516,0.3701551353134468,-67.2110597694717,190.9099303784717
2649000,1324500.0,-67.82205200195312,0.6041524502409763,-67.21789955171215,311.5955749629659
2650000,1325000.0,-67.78809356689453,0.5807378565490214,-67.20735571034551,299.51934522813843
2651000,1325500.0,-67.635009765625,0.4220657232847213,-67.21294404234028,217.6831554131847
2652000,1326000.0,-67.55496978759766,0.3654432116396137,-67.18952657595804,188.4797249464752
2653000,1326500.0,-67.62010955810547,0.4206944906602897,-67.19941506744517,216.9759332247332
2654000,1327000.0,-67.56171417236328,0.35142154691528077,-67.210292625448,181.24795971904993
2655000,1327500.0,-67.74533081054688,0.5301257194992732,-67.21520509104761,273.415804742901
2656000,1328000.0,-67.73462677001953,0.5185297770436426,-67.21609699297589,267.4351216301229
2657000,1328500.0,-67.68763732910156,0.47345808360080494,-67.21417924550076,244.1891011475878
2658000,1329000.0,-67.78135681152344,0.5579428886215514,-67.22341392290188,287.76269153122917
2659000,1329500.0,-67.62347412109375,0.4064061043319594,-67.21706801676179,209.60660458674917
2660000,1330000.0,-67.7243881225586,0.49749763008064,-67.22689049247795,256.587654367467
2661000,1330500.0,-67.67586517333984,0.4615593914860594,-67.21430578185378,238.05227291934406
2662000,1331000.0,-67.64017486572266,0.4299497150717249,-67.21022515065093,221.74937570724265
2663000,1331500.0,-67.71192932128906,0.5131099726303092,-67.19881934865876,264.63982208000806
2664000,1332000.0,-67.56363677978516,0.34359096146066576,-67.2200458183245,177.20928408998614
2665000,1332500.0,-67.80339050292969,0.5887044519002531,-67.21468605102943,303.6281688503454
2666000,1333000.0,-67.72921752929688,0.4957798294155193,-67.23343769988135,255.7016874468552
2667000,1333500.0,-67.66645812988281,0.4619474641290337,-67.20451066575377,238.25242392140777
2668000,1334000.0,-67.60372924804688,0.38879532280147283,-67.2149339252454,200.52372890801877
2669000,1334500.0,-67.65391540527344,0.46599083591958673,-67.18792456935385,240.3378193499356
2670000,1335000.0,-67.72529602050781,0.518516861918861,-67.20677915858896,267.42846057010337
2671000,1335500.0,-67.68136596679688,0.47437156016846865,-67.20699440662841,244.6602326578595
2672000,1336000.0,-67.8221435546875,0.6055596569261631,-67.21658389776134,312.32135100837894
2673000,1336500.0,-67.795654296875,0.5697324139919627,-67.22592188288304,293.84321629756676
2674000,1337000.0,-67.75601959228516,0.5368886374097485,-67.21913095487541,276.9038238577806
2675000,1337500.0,-67.68721771240234,0.47457704985686777,-67.21264066254548,244.7662153077356
2676000,1338000.0,-67.62994384765625,0.4022271478352215,-67.22771669982103,207.45128045982247
2677000,1338500.0,-67.69606018066406,0.47693822110778555,-67.21912195955628,245.98400481305382
2678000,1339000.0,-67.8053207397461,0.5783915627408376,-67.22692917700526,298.3092288611495
2679000,1339500.0,-67.71961975097656,0.49357368100686033,-67.2260460699697,254.56385198566403
2680000,1340000.0,-67.70149993896484,0.4860420356097885,-67.21545790335506,250.67935664515568
2681000,1340500.0,-67.69043731689453,0.47184814841656586,-67.21858916847796,243.35876655375145
2682000,1341000.0,-67.69093322753906,0.47737496762079773,-67.21355825991826,246.20925968172284
2683000,1341500.0,-67.79728698730469,0.5772507432540932,-67.22003624405059,297.72084375444456
2684000,1342000.0,-67.71747589111328,0.49420245741348934,-67.22327343369979,254.88814752707674
2685000,1342500.0,-67.6355972290039,0.42561116911162433,-67.20998605989229,219.51174227150705
2686000,1343000.0,-67.63601684570312,0.41915564662141336,-67.2168611990817,216.1822643537707
2687000,1343500.0,-67.776611328125,0.5467254076179243,-67.22988592050707,281.9772023859527
2688000,1344000.0,-67.62871551513672,0.4096335357344528,-67.21908197940226,211.27117342713433
2689000,1344500.0,-67.86131286621094,0.6280619998466054,-67.23325086636433,323.9270814453114
2690000,1345000.0,-67.61703491210938,0.39083697270465684,-67.22619793940471,201.5767231898461
2691000,1345500.0,-67.74259185791016,0.5037517154769348,-67.23884014243322,259.8132397874196
2692000,1346000.0,-67.59906005859375,0.36819578019783195,-67.23086427839591,189.8993801712134
2693000,1346500.0,-67.82334899902344,0.5944333906559943,-67.22891560836744,306.5829064580647
2694000,1347000.0,-67.62805938720703,0.3912215350518032,-67.23683785215523,201.77506373389318
2695000,1347500.0,-67.76690673828125,0.5337663728673342,-67.23314036541392,275.2934955128538
2696000,1348000.0,-67.75696563720703,0.5262432718355591,-67.23072236537148,271.41340698459334
2697000,1348500.0,-67.74609375,0.5148669090206114,-67.23122684097939,265.54597350667393
2698000,1349000.0,-67.832763671875,0.6026529842767476,-67.23011068759826,310.82221559137867
2699000,1349500.0,-67.69959259033203,0.4719401624153946,-67.22765242791664,243.4062233750525
2700000,1350000.0,-67.66061401367188,0.4394639722004178,-67.22115004147146,226.65641600672015
2701000,1350500.0,-67.61593627929688,0.3799089781044406,-67.23602730119244,195.94053854921708
2702000,1351000.0,-67.63323974609375,0.3951353728003981,-67.23810437329335,203.7936511336443
2703000,1351500.0,-67.70115661621094,0.46411506914653605,-67.23704154706441,239.37038037668964
2704000,1352000.0,-67.710205078125,0.4787294370490946,-67.2314756410759,246.90783614220328
2705000,1352500.0,-67.69373321533203,0.46039400391734986,-67.23333921141469,237.4512166637882
2706000,1353000.0,-67.59037780761719,0.3668798372152962,-67.2234979704019,189.2206739769438
2707000,1353500.0,-67.72257995605469,0.5070086148557045,-67.21557134119898,261.4930069291725
2708000,1354000.0,-67.62266540527344,0.3987807954640757,-67.22388460980936,205.67380169898348
2709000,1354500.0,-67.6004638671875,0.3829283700541193,-67.21753549713338,197.49780968206346
2710000,1355000.0,-67.66612243652344,0.4440078590290681,-67.22211457749437,228.99995533752184
2711000,1355500.0,-67.58971405029297,0.3769441731414545,-67.21276987715152,194.41142101153892
2712000,1356000.0,-67.65978240966797,0.4443478670979679,-67.21543454257,229.17531672135573
2713000,1356500.0,-67.78018188476562,0.5625356650719806,-67.21764621969365,290.13144600400676
2714000,1357000.0,-67.75082397460938,0.5465546277688104,-67.20426934684056,281.8891215625521
2715000,1357500.0,-67.57310485839844,0.34901666812470283,-67.22408819027373,180.0076277644787
2716000,1358000.0,-67.72103881835938,0.49692148771102584,-67.22411733064835,256.2905051746617
2717000,1358500.0,-67.63367462158203,0.3959325554376031,-67.23774206614443,204.20480328918268
2718000,1359000.0,-67.66573333740234,0.45240971993513357,-67.21332361746721,233.33327001453773
2719000,1359500.0,-67.81310272216797,0.577236975232695,-67.23586574693527,297.71374280742043
2720000,1360000.0,-67.61062622070312,0.38632068152387583,-67.22430553917926,199.24741649479864
2721000,1360500.0,-67.80528259277344,0.581612842892294,-67.22366974988114,299.9706251536076
2722000,1361000.0,-67.604248046875,0.3892590525308755,-67.21498899434413,200.76290054690398
2723000,1361500.0,-67.76416015625,0.556556733378177,-67.20760342287183,287.0477729045234
2724000,1362000.0,-67.80712127685547,0.5855350500638256,-67.22158622679164,301.993529137941
2725000,1362500.0,-67.64514923095703,0.43567589318904415,-67.20947333776799,224.70268949765227
2726000,1363000.0,-67.75789642333984,0.5394611936839656,-67.21843522965588,278.23063657048175
2727000,1363500.0,-67.70233917236328,0.47464816048289826,-67.22769101188038,244.80289107789116
2728000,1364000.0,-67.74591827392578,0.5159096223288522,-67.23000865159693,266.0837597105919
2729000,1364500.0,-67.73707580566406,0.5288317742790014,-67.20824403138506,272.74844403829684
2730000,1365000.0,-67.57145690917969,0.34851379652378645,-67.2229431126559,179.74826844952835
2731000,1365500.0,-67.69178009033203,0.45921326620177144,-67.23256682413026,236.84224346965587
2732000,1366000.0,-67.6985855102539,0.4771146383793866,-67.22147087187452,246.0749931739485
2733000,1366500.0,-67.73139190673828,0.5131130116398886,-67.2182788950984,264.64138946906166
2734000,1367000.0,-67.54605865478516,0.312748907265219,-67.23330974751994,161.30229305446858
2735000,1367500.0,-67.7362060546875,0.5161510379452237,-67.22005501674228,266.20827139263224
2736000,1368000.0,-67.57489776611328,0.3508946613427313,-67.22400310477055,180.97621504127403
2737000,1368500.0,-67.64064025878906,0.4222883433835274,-67.21835191540553,217.79797318419287
2738000,1369000.0,-67.7230453491211,0.5077393777587305,-67.21530597136237,261.8699026726875
2739000,1369500.0,-67.619873046875,0.4030892938468676,-67.21678375302814,207.89593790033064
2740000,1370000.0,-67.59284973144531,0.3748775914124069,-67.2179721400329,193.3455679775676
2741000,1370500.0,-67.65409088134766,0.4196977140289589,-67.2343931673187,216.46183916217453
2742000,1371000.0,-67.78321838378906,0.5578093772908552,-67.22540900649821,287.69383218979016
2743000,1371500.0,-67.75894927978516,0.5266330652815807,-67.23231621450357,271.6144455020759
2744000,1372000.0,-67.60224151611328,0.3912516528415361,-67.21098986327175,201.79059718079833
2745000,1372500.0,-67.55915832519531,0.33493066153243184,-67.22422766366289,172.74267779812482
2746000,1373000.0,-67.58631134033203,0.3582543585478333,-67.22805698178419,184.7720269779175
2747000,1373500.0,-67.70378875732422,0.4902028737116198,-67.2135858836126,252.82533609148717
2748000,1374000.0,-67.76963806152344,0.5422102936885883,-67.22742776783485,279.6485028660326
2749000,1374500.0,-67.7081298828125,0.47066398464393705,-67.23746589816857,242.7480263483026
2750000,1375000.0,-67.73792266845703,0.5102564094854471,-67.22766625897158,263.1680782371059
2751000,1375500.0,-67.57555389404297,0.364372514632974,-67.21118137941,187.92750596720603
2752000,1376000.0,-67.83516693115234,0.6135316218715278,-67.22163530928081,316.43294403385573
2753000,1376500.0,-67.83539581298828,0.608225259729389,-67.22717055325889,313.6961530765701
2754000,1377000.0,-67.74370574951172,0.512927510053478,-67.23077823945825,264.54571581342867
2755000,1377500.0,-67.71604919433594,0.48160799203055105,-67.23444120230539,248.3924696881761
2756000,1378000.0,-67.74088287353516,0.5143691325059302,-67.22651374102922,265.2892420157509
2757000,1378500.0,-67.74102783203125,0.5066011483708823,-67.23442668366037,261.28285342641726
2758000,1379000.0,-67.6709213256836,0.44687176826763886,-67.22404955741595,230.47703524587655
2759000,1379500.0,-67.80020904541016,0.5797125823713337,-67.22049646303883,298.99055336978574
2760000,1380000.0,-67.63683319091797,0.4084921607230243,-67.22834103019494,210.68250180494266
2761000,1380500.0,-67.72514343261719,0.48867630066679557,-67.23646713195039,252.03799606591045
2762000,1381000.0,-67.72484588623047,0.49167179584481535,-67.23317409038566,253.582942282584
2763000,1381500.0,-67.58953857421875,0.35967558186762444,-67.22986299235113,185.50503219424073
2764000,1382000.0,-67.62447357177734,0.4061060047685543,-67.21836756700878,209.4518262754669
2765000,1382500.0,-67.78233337402344,0.5480687226232938,-67.23426465140014,282.6700258799028
2766000,1383000.0,-67.63544464111328,0.3983820447859442,-67.23706259632733,205.46814343049564
2767000,1383500.0,-67.76632690429688,0.5344807978163776,-67.2318461064805,275.6619648498171
2768000,1384000.0,-67.8686752319336,0.6465813405928394,-67.22209389134075,333.4785524779228
2769000,1384500.0,-67.72398376464844,0.48278985411936176,-67.24119391052908,249.00202278515192
2770000,1385000.0,-67.7446060180664,0.5103208579141044,-67.2342851601523,263.2013179354219
2771000,1385500.0,-67.7371597290039,0.4974016242505903,-67.23975810475332,256.53813873312305
2772000,1386000.0,-67.69168090820312,0.47180672938183044,-67.2198741788213,243.3374044158711
2773000,1386500.0,-67.46306610107422,0.25147110037508236,-67.21159500069913,129.69786363804263
2774000,1387000.0,-67.85799407958984,0.6479610309111067,-67.21003304867874,334.1901367772496
2775000,1387500.0,-67.58460998535156,0.34118972470890097,-67.24342026064267,175.97083054073724
2776000,1388000.0,-67.68468475341797,0.46479003236523864,-67.21989472105273,239.71849706830713
2777000,1388500.0,-67.52113342285156,0.3037407439742387,-67.21739267887732,156.6562739596297
2778000,1389000.0,-67.63484954833984,0.40196736840498276,-67.23288217993486,207.31729752075384
2779000,1389500.0,-67.72300720214844,0.49429631606968233,-67.22871088607876,254.93655574247012
2780000,1390000.0,-67.71340942382812,0.49246251065710767,-67.22094691317102,253.99075861514987
2781000,1390500.0,-67.61283111572266,0.38180262243992436,-67.23102849328274,196.91719799213595
2782000,1391000.0,-67.67282104492188,0.443675387330635,-67.22914565759125,228.82848088601403
2783000,1391500.0,-67.6763916015625,0.4580762371758538,-67.21831536438664,236.25581331789687
2784000,1392000.0,-67.58876037597656,0.36237673723769215,-67.22638363873887,186.8981707311528
2785000,1392500.0,-67.61644744873047,0.4024394052804583,-67.21400804345001,207.5607536245218
2786000,1393000.0,-67.61278533935547,0.37808718182103324,-67.23469815753444,195.00093520875677
2787000,1393500.0,-67.70538330078125,0.47459691721879543,-67.23078638356246,244.77646202950322
2788000,1394000.0,-67.74636840820312,0.5212652031119682,-67.22510320509116,268.8459355036554
2789000,1394500.0,-67.71182250976562,0.49472778269417195,-67.21709472707145,255.1590874741242
2790000,1395000.0,-67.5468521118164,0.32140894547241544,-67.225443166344,165.76876436199422
2791000,1395500.0,-67.7078857421875,0.46867288621325615,-67.23921285597424,241.7211043188241
2792000,1396000.0,-67.67827606201172,0.4546918604708778,-67.22358420154085,234.51029891195904
2793000,1396500.0,-67.72562408447266,0.4900821864099492,-67.2355418980627,252.76309082683622
2794000,1397000.0,-67.68167877197266,0.4527796534724746,-67.22889911850018,233.52406565431357
2795000,1397500.0,-67.75249481201172,0.5258973184017603,-67.22659749360996,271.2349792399538
2796000,1398000.0,-67.58741760253906,0.361153044010405,-67.22626455852865,186.26704295109872
2797000,1398500.0,-67.63011169433594,0.40943263815388614,-67.22067905618205,211.1675591868869
2798000,1399000.0,-67.7259521484375,0.5199637364969283,-67.20598841194057,268.1746955905396
2799000,1399500.0,-67.56175231933594,0.34630140744682725,-67.2154509118891,178.6072143228722
2800000,1400000.0,-67.61358642578125,0.38764675798480713,-67.22593966779644,199.93134909678332
2801000,1400500.0,-67.55853271484375,0.35490248703443406,-67.20363022780931,183.0432773369899
2802000,1401000.0,-67.78621673583984,0.5580033578369115,-67.22821337800293,287.79387892427894
2803000,1401500.0,-67.67962646484375,0.4667717347474281,-67.21285473009632,240.74057302436344
2804000,1402000.0,-67.56131744384766,0.35500340187572443,-67.20631404197194,183.0953248259666
2805000,1402500.0,-67.5447769165039,0.3394896720816512,-67.20528724442225,175.09401728665893
2806000,1403000.0,-67.78446960449219,0.5615339726490061,-67.22293563184319,289.6148165897781
2807000,1403500.0,-67.60198974609375,0.3975902957803062,-67.20439945031345,205.05979370595222
2808000,1404000.0,-67.73118591308594,0.5174225720330841,-67.21376334105285,266.86407340921573
2809000,1404500.0,-67.71550750732422,0.5112118497270959,-67.20429565759713,263.66085278651065
2810000,1405000.0,-67.62346649169922,0.4096457214644567,-67.21382077023476,211.27745829703
2811000,1405500.0,-67.6634292602539,0.45840030111904184,-67.20502895913486,236.4229514146838
2812000,1406000.0,-67.75936889648438,0.5302157248644105,-67.22915317161997,273.46222559824724
2813000,1406500.0,-67.7205810546875,0.509990694639775,-67.21059036004773,263.03103406873345
2814000,1407000.0,-67.66316986083984,0.45333716275415825,-67.20983269808569,233.81160471023253
2815000,1407500.0,-67.71031951904297,0.4802728042020355,-67.23004671484094,247.70383783880777
2816000,1408000.0,-67.67449188232422,0.4536716689381687,-67.22082021338605,233.9841284609743
2817000,1408500.0,-67.70752716064453,0.4727213094811155,-67.23480585116342,243.80910507978922
2818000,1409000.0,-67.75245666503906,0.5255448751141589,-67.2269117899249,271.05320431079775
2819000,1409500.0,-67.86003875732422,0.6300312448550901,-67.23000751246913,324.94273242945786
2820000,1410000.0,-67.75162506103516,0.5157707090918324,-67.23585435194332,266.01211430065956
2821000,1410500.0,-67.58960723876953,0.36820980173978435,-67.22139743702975,189.9066118731204
2822000,1411000.0,-67.77590942382812,0.5425783098222938,-67.23333111400584,279.8383095923512
2823000,1411500.0,-67.71598052978516,0.4858842241410445,-67.23009630564411,250.5979643486924
2824000,1412000.0,-67.80667877197266,0.5864498112056292,-67.22022896076703,302.4653231757214
2825000,1412500.0,-67.71733856201172,0.5126001093857143,-67.204738452626,264.37685677913294
2826000,1413000.0,-67.68032836914062,0.4543853633457641,-67.22594300579486,234.352221016411
2827000,1413500.0,-67.70694732666016,0.4846148550151021,-67.22233247164506,249.94327892536836
2828000,1414000.0,-67.6146240234375,0.3639128068129908,-67.25071121662451,187.6904086543912
2829000,1414500.0,-67.54507446289062,0.31343573102137173,-67.23163873186925,161.65652689579667
2830000,1415000.0,-67.7636947631836,0.5228984400873585,-67.24079632309623,269.688288148579
2831000,1415500.0,-67.6415023803711,0.42164527323461193,-67.21985710713648,217.46630555177177
2832000,1416000.0,-67.70612335205078,0.4871516647150911,-67.2189716873357,251.2516551087711
2833000,1416500.0,-67.67391204833984,0.4639228784513084,-67.20998916988853,239.27125676946417
2834000,1417000.0,-67.77750396728516,0.5417177308066867,-67.23578623647848,279.394460340292
2835000,1417500.0,-67.71827697753906,0.4824223628292287,-67.23585461470984,248.81248675033615
2836000,1418000.0,-67.6517333984375,0.4186820168073407,-67.23305138163016,215.9379866815098
2837000,1418500.0,-67.686279296875,0.46041471115539934,-67.2258645857196,237.4618965571551
2838000,1419000.0,-67.7777099609375,0.5444806542786647,-67.23322930665884,280.81945617948173
2839000,1419500.0,-67.68791961669922,0.4460866666338661,-67.24183295006536,230.07211394681997
2840000,1420000.0,-67.79668426513672,0.5633860607887231,-67.23329820434799,290.57004315311826
2841000,1420500.0,-67.74762725830078,0.5010298586428331,-67.24659739965794,258.4094243351269
2842000,1421000.0,-67.56632995605469,0.3275621853655836,-67.23876777068911,168.9423380545813
2843000,1421500.0,-67.7130355834961,0.49269313301283907,-67.22034245048326,254.10970360247018
2844000,1422000.0,-67.65657043457031,0.411120251982515,-67.2454501825878,212.0379570492763
2845000,1422500.0,-67.7254409790039,0.4904952056129253,-67.23494577339098,252.976108180272
2846000,1423000.0,-67.68074798583984,0.45745068735938516,-67.22329729848046,235.93318191144843
2847000,1423500.0,-67.7176742553711,0.47697845002328576,-67.24069580534781,246.00475313915996
2848000,1424000.0,-67.72200775146484,0.4725566453784926,-67.24945110608635,243.72417849261393
2849000,1424500.0,-67.59696197509766,0.37736054174556366,-67.2196014333521,194.62616584050085
2850000,1425000.0,-67.67184448242188,0.42486152158527035,-67.2469829608366,219.1251066600804
2851000,1425500.0,-67.75176239013672,0.4940700753803576,-67.25769231475635,254.8198706282377
2852000,1426000.0,-67.703369140625,0.4516186979738437,-67.25175044265116,232.92529526786885
2853000,1426500.0,-67.71057891845703,0.4787824763900361,-67.231796442067,246.93519152895996
2854000,1427000.0,-67.75082397460938,0.5141988766525878,-67.23662509795679,265.2014314465943
2855000,1427500.0,-67.65493774414062,0.4205240912413134,-67.2344136528993,216.88804861066257
2856000,1428000.0,-67.64690399169922,0.4041262236959395,-67.24277776800328,208.43074124738143
2857000,1428500.0,-67.7073745727539,0.4542306989324248,-67.25314387382149,234.27245183434187
2858000,1429000.0,-67.8096923828125,0.5641147306741906,-67.24557765213831,290.9458594091475
2859000,1429500.0,-67.677734375,0.4515861798405605,-67.22614819515944,232.90852382808893
2860000,1430000.0,-67.61395263671875,0.36359315353989097,-67.25035948317885,187.52554538953046
2861000,1430500.0,-67.671630859375,0.43289739419709455,-67.2387334651779,223.26966048223534
2862000,1431000.0,-67.74247741699219,0.5107534377061617,-67.23172397928603,263.42442379052466
2863000,1431500.0,-67.7362060546875,0.4872626724210363,-67.24894338226646,251.3089080586607
2864000,1432000.0,-67.68205261230469,0.443135883771432,-67.23891672853325,228.5502283991502
2865000,1432500.0,-67.65843200683594,0.411880833488896,-67.24655117334704,212.43023193236655
2866000,1433000.0,-67.72262573242188,0.47373856001854314,-67.24888717240333,244.33375869323515
2867000,1433500.0,-67.71727752685547,0.47715590535022184,-67.24012162150525,246.09627688387843
2868000,1434000.0,-67.80265045166016,0.5562333270733881,-67.24641712458677,286.8809739890392
2869000,1434500.0,-67.6551742553711,0.4115599107416395,-67.24361434462945,212.26471392791223
2870000,1435000.0,-67.59955596923828,0.34663564647403966,-67.25292032276424,178.77960028574924
2871000,1435500.0,-67.63551330566406,0.39178996627194496,-67.24372333939212,202.06823585095788
2872000,1436000.0,-67.67008972167969,0.4234663801921091,-67.24662334148758,218.40555336788844
2873000,1436500.0,-67.61776733398438,0.3590054290234609,-67.25876190496092,185.15939648473244
2874000,1437000.0,-67.59841918945312,0.344327736837386,-67.25409145261574,177.58928080610661
2875000,1437500.0,-67.70303344726562,0.4604430852432469,-67.24259036202238,237.47653067841603
2876000,1438000.0,-67.66828918457031,0.41554110219633317,-67.25274808237398,214.3180394418088
2877000,1438500.0,-67.57611846923828,0.3303374103822048,-67.24578105885608,170.37367849582387
2878000,1439000.0,-67.69985961914062,0.4399948651786283,-67.25986475396199,226.9302275301582
2879000,1439500.0,-67.81365966796875,0.5559809221939687,-67.25767874577478,286.7507945227558
2880000,1440000.0,-67.74111938476562,0.5056140035498566,-67.23550538121577,260.7737270329771
2881000,1440500.0,-67.7233657836914,0.4661156750556224,-67.25725010863579,240.4022059502968
2882000,1441000.0,-67.64891815185547,0.41802162347792454,-67.23089652837754,215.59738450552086
2883000,1441500.0,-67.69721221923828,0.4598557378562111,-67.23735648138206,237.1736024246393
2884000,1442000.0,-67.79216766357422,0.5443223265845964,-67.24784533698963,280.7377976364334
2885000,1442500.0,-67.61640930175781,0.3715272111239728,-67.24488209063384,191.61758744566245
2886000,1443000.0,-67.74629974365234,0.510014454136505,-67.23628528951583,263.0432881844645
2887000,1443500.0,-67.65428161621094,0.41392072889336384,-67.24036088731758,213.4823213200136
2888000,1444000.0,-67.89136505126953,0.6420876210206925,-67.24927743024884,331.1608872375568
2889000,1444500.0,-67.642822265625,0.40693080167749185,-67.23589146394751,209.87722067213875
2890000,1445000.0,-67.7050552368164,0.4537858137302527,-67.25126942308616,234.042999383544
2891000,1445500.0,-67.75445556640625,0.49341606334269766,-67.26103950306356,254.4825596451803
2892000,1446000.0,-67.68048095703125,0.43092262206889614,-67.24955833496236,222.25115884997118
2893000,1446500.0,-67.78575897216797,0.5365030072588878,-67.24925596490908,276.70493258698866
2894000,1447000.0,-67.70555114746094,0.4569939749790972,-67.24855717248184,235.69762951623466
2895000,1447500.0,-67.67384338378906,0.4220633335846571,-67.2517800502044,217.68192290975745
2896000,1448000.0,-67.78642272949219,0.5268274161606126,-67.25959531333157,271.7146832382174
2897000,1448500.0,-67.64866638183594,0.39398216200780073,-67.25468421982814,203.1988751299559
2898000,1449000.0,-67.72991943359375,0.4714126827563381,-67.25850675083741,243.13417229327766
2899000,1449500.0,-67.66259765625,0.4148581738639291,-67.24773948238607,213.96581469073965
2900000,1450000.0,-67.6348876953125,0.39532594823072637,-67.23956174708178,203.8919416574405
2901000,1450500.0,-67.66967010498047,0.42640429886122855,-67.24326580611924,219.9208041237756
2902000,1451000.0,-67.57073211669922,0.3195665759284637,-67.25116554077076,164.81855022794093
2903000,1451500.0,-67.65473937988281,0.397897251384736,-67.25684212849808,205.21810806520418
2904000,1452000.0,-67.67009735107422,0.41343105335043967,-67.25666629772378,213.22976795822237
2905000,1452500.0,-67.8050308227539,0.5538682546589984,-67.25116256809491,285.6611724331622
2906000,1453000.0,-67.84429168701172,0.5772179480188716,-67.26707373899285,297.7039293975288
2907000,1453500.0,-67.61507415771484,0.36970374097062936,-67.24537041674421,190.67712079584214
2908000,1454000.0,-67.73700714111328,0.48090809698836073,-67.25609904412492,248.03149424563998
2909000,1454500.0,-67.61934661865234,0.3509313761852301,-67.26841524246711,180.9951509612617
2910000,1455000.0,-67.73979187011719,0.4933069934454227,-67.24648487667176,254.42630613277794
2911000,1455500.0,-67.61539459228516,0.3658066687512165,-67.24958792353394,188.66718032734647
2912000,1456000.0,-67.68031311035156,0.4405199288504568,-67.2397931815011,227.20103255072928
2913000,1456500.0,-67.5981216430664,0.3515964963666594,-67.24652514669975,181.3381910420712
2914000,1457000.0,-67.73497772216797,0.482906148403062,-67.25207157376491,249.06200232207183
2915000,1457500.0,-67.8510971069336,0.5957530250858533,-67.25534408184774,307.26351654041866
2916000,1458000.0,-67.71512603759766,0.4749740889799314,-67.24015194861772,244.97099083051043
2917000,1458500.0,-67.61809539794922,0.36925992374847044,-67.24883547420075,190.4482191627164
2918000,1459000.0,-67.84357452392578,0.5838266648597653,-67.25974785906601,301.1124183029108
2919000,1459500.0,-67.71327209472656,0.46771604989852184,-67.24555604482804,241.22760973560068
2920000,1460000.0,-67.70952606201172,0.46136102097337767,-67.24816504103835,237.94996203087527
2921000,1460500.0,-67.83360290527344,0.5765413617737749,-67.25706154349966,297.35497561944044
2922000,1461000.0,-67.73733520507812,0.4826733757415103,-67.25466182933661,248.94194830047027
2923000,1461500.0,-67.73977661132812,0.4878325686762827,-67.25194404265184,251.60283577715612
2924000,1462000.0,-67.6383285522461,0.3742003380427827,-67.26412821420331,192.99627012564383
2925000,1462500.0,-67.74176025390625,0.4854217660067996,-67.25633848789946,250.35944854332098
2926000,1463000.0,-67.69709777832031,0.4409877541644882,-67.25611002415583,227.44231651415555
2927000,1463500.0,-67.75773620605469,0.48987359582421885,-67.26786261023047,252.655508868894
2928000,1464000.0,-67.71028900146484,0.44792316808079735,-67.26236583338405,231.01930157148095
2929000,1464500.0,-67.63980865478516,0.3920995866703919,-67.24770906811476,202.22792459514133
2930000,1465000.0,-67.73147583007812,0.4851259615013641,-67.24634986857676,250.2068854362591
2931000,1465500.0,-67.70059967041016,0.4501872825010701,-67.25041238790908,232.18703338202883
2932000,1466000.0,-67.7070083618164,0.45152019907264335,-67.25548816274376,232.8744938157842
2933000,1466500.0,-67.7721176147461,0.5158488447202133,-67.25626877002588,266.05241326169283
2934000,1467000.0,-67.69541931152344,0.434434632933303,-67.26098467859013,224.0625014078546
2935000,1467500.0,-67.6626968383789,0.4146313685140262,-67.24806546986488,213.8488383491234
2936000,1468000.0,-67.84330749511719,0.5823733965650039,-67.26093409855218,300.3628856813001
2937000,1468500.0,-67.7093505859375,0.45146155209317046,-67.25788903384434,232.84424625280334
2938000,1469000.0,-67.67048645019531,0.420138761170539,-67.25034768902478,216.68931210813645
2939000,1469500.0,-67.82555389404297,0.5704538812583881,-67.25510001278458,294.2153177557486
2940000,1470000.0,-67.7306900024414,0.48528350678764764,-67.24540649565375,250.28814044737865
2941000,1470500.0,-67.72943878173828,0.46609944912270795,-67.26333933261557,240.3938373193432
2942000,1471000.0,-67.75125885009766,0.4856317542728323,-67.26562709582483,250.4677513640144
2943000,1471500.0,-67.72766876220703,0.45976647832672285,-67.2679022838803,237.12756623890388
2944000,1472000.0,-67.7691650390625,0.5132596966426506,-67.25590534241985,264.71704321797193
2945000,1472500.0,-67.78060150146484,0.5225467214347631,-67.25805478003008,269.5068869546635
2946000,1473000.0,-67.53739166259766,0.29044305603278714,-67.24694860656487,149.79790448990065
2947000,1473500.0,-67.58122253417969,0.33330060119519306,-67.2479219329845,171.9019635250905
2948000,1474000.0,-67.64228057861328,0.39919267928718755,-67.2430878993261,205.88623347283345
2949000,1474500.0,-67.71302032470703,0.46152729228379263,-67.25149303242324,238.03571754597402
2950000,1475000.0,-67.66648864746094,0.40037737859983263,-67.26611126886111,206.49724988654597
2951000,1475500.0,-67.8603286743164,0.5876432055730387,-67.27268546874336,303.08082412075964
2952000,1476000.0,-67.6650619506836,0.39604336689496805,-67.26901858378862,204.26195502258432
2953000,1476500.0,-67.70175170898438,0.43549114761892016,-67.26626056136546,224.6074057623605
2954000,1477000.0,-67.72319793701172,0.46365425327304266,-67.25954368373867,239.13271157803467
2955000,1477500.0,-67.77498626708984,0.5085947724304425,-67.2663914946594,262.3110780654978
2956000,1478000.0,-67.7806625366211,0.5138540687452486,-67.26680846787585,265.0235945147135
2957000,1478500.0,-67.76669311523438,0.5022294136680917,-67.26446370156629,259.02810267971705
2958000,1479000.0,-67.67806243896484,0.4300634888718234,-67.24799895009302,221.80805528827102
2959000,1479500.0,-67.76095581054688,0.494399350985155,-67.26655645956173,254.98969667356317
2960000,1480000.0,-67.81269073486328,0.5440235146845204,-67.26866722017876,280.58368344592924
2961000,1480500.0,-67.63880157470703,0.37651508109574316,-67.26228649361128,194.19011398441006
2962000,1481000.0,-67.74652099609375,0.48988688666821983,-67.25663410942553,252.66236370855668
2963000,1481500.0,-67.6552505493164,0.396912869074943,-67.25833768024147,204.71040645498815
2964000,1482000.0,-67.84188842773438,0.5797740946801729,-67.2621143330542,299.0222787451151
2965000,1482500.0,-67.73158264160156,0.4836574295658928,-67.24792521203567,249.44948049218888
2966000,1483000.0,-67.72734069824219,0.47862586406610863,-67.24871483417608,246.8544176992734
2967000,1483500.0,-67.65311431884766,0.39085637209618623,-67.26225794675148,201.58672855282214
2968000,1484000.0,-67.80091857910156,0.5700146612580965,-67.23090391784346,293.9887871698484
2969000,1484500.0,-67.61473083496094,0.37186959372069994,-67.24286124124023,191.79417350774324
2970000,1485000.0,-67.62969207763672,0.3787197041420253,-67.25097237349469,195.3271627299856
2971000,1485500.0,-67.7551040649414,0.4875354767009792,-67.26756858824042,251.44960864909487
2972000,1486000.0,-67.69119262695312,0.45393227347036624,-67.23726035348275,234.11853695177103
2973000,1486500.0,-67.65237426757812,0.4237562941029785,-67.22861797347515,218.55507836230186
2974000,1487000.0,-67.65973663330078,0.41488342042731147,-67.24485321287347,213.9788357708161
2975000,1487500.0,-67.65225982666016,0.4086985825089579,-67.2435612441512,210.78896519021438
2976000,1488000.0,-67.77072143554688,0.5212555203197946,-67.24946591522708,268.840941540305
2977000,1488500.0,-67.7140884399414,0.4772730916931945,-67.23681534824821,246.1567165061986
2978000,1489000.0,-67.65476989746094,0.40063421110006375,-67.25413568636087,206.62971292720198
2979000,1489500.0,-67.63362884521484,0.3802592871439071,-67.25336955807094,196.12121272594806
2980000,1490000.0,-67.66291809082031,0.41685223712968394,-67.24606585369062,214.99426585328575
2981000,1490500.0,-67.74698638916016,0.5044766761363435,-67.24250971302381,260.1871429858655
2982000,1491000.0,-67.7347183227539,0.4926522550235453,-67.24206606773036,254.08862051231267
2983000,1491500.0,-67.66343688964844,0.4155162802309889,-67.24792060941745,214.3052373509457
2984000,1492000.0,-67.75419616699219,0.5107557053204971,-67.2434404616717,263.42559332743934
2985000,1492500.0,-67.67977142333984,0.4368171701894214,-67.24295425315042,225.29131057000365
2986000,1493000.0,-67.63945007324219,0.3945682559887621,-67.24488181725343,203.50115693135743
2987000,1493500.0,-67.71257019042969,0.4666637162282514,-67.24590647420143,240.68486176708709
2988000,1494000.0,-67.78250122070312,0.5458034169086705,-67.23669780379446,281.50167965150735
2989000,1494500.0,-67.7989730834961,0.5395714507285474,-67.25940163276755,278.2875023618668
2990000,1495000.0,-67.66140747070312,0.4172176316990079,-67.24418983900412,215.18272049064
2991000,1495500.0,-67.57429504394531,0.33991226558710574,-67.23438277835821,175.31197264917577
2992000,1496000.0,-67.76701354980469,0.5032908428218158,-67.26372270698288,259.5755417032701
2993000,1496500.0,-67.71393585205078,0.4823442003229755,-67.23159165172781,248.77217392686453
2994000,1497000.0,-67.72579193115234,0.47618191961342105,-67.24961001153892,245.5939373741353
2995000,1497500.0,-67.74651336669922,0.4832305658192252,-67.26328280087999,249.229322724856
2996000,1498000.0,-67.7399673461914,0.4944294781085616,-67.24553786808285,255.00523493437157
2997000,1498500.0,-67.65039825439453,0.3989470610409089,-67.25145119335362,205.75955425695
2998000,1499000.0,-67.65209197998047,0.3976806302526306,-67.25441134972783,205.10638430048127
2999000,1499500.0,-67.70399475097656,0.44689382092343505,-67.25710093005313,230.48840904723997
3000000,1500000.0,-67.60148620605469,0.34918469699328325,-67.25230150906141,180.09428975168876
3001000,1500500.0,-67.71736145019531,0.4574437212759067,-67.2599177289194,235.92958910836398
3002000,1501000.0,-67.69269561767578,0.4343785345417395,-67.25831708313405,224.03356829574568
3003000,1501500.0,-67.61276245117188,0.3540116443242261,-67.25875080684764,182.58381938663632
3004000,1502000.0,-67.67778778076172,0.4208105968753406,-67.25697718388638,217.03581576401803
3005000,1502500.0,-67.70974731445312,0.4486016572201077,-67.26114565723302,231.36923677969736
3006000,1503000.0,-67.75917053222656,0.5036024920048932,-67.25556804022168,259.7362768063869
3007000,1503500.0,-67.76691436767578,0.507936372706314,-67.25897799496947,261.9715041044662
3008000,1504000.0,-67.58020782470703,0.3259881777337507,-67.25421964697328,168.13053333072156
3009000,1504500.0,-67.72305297851562,0.4727066376055588,-67.25034634091007,243.8015379640752
3010000,1505000.0,-67.69371795654297,0.43690393412388745,-67.25681402241908,225.33605963629515
3011000,1505500.0,-67.64192962646484,0.3837914723402205,-67.25813815412462,197.94296032737208
3012000,1506000.0,-67.64436340332031,0.39005492113100854,-67.2543084821893,201.17337497923396
3013000,1506500.0,-67.62632751464844,0.3714806957602066,-67.25484681888823,191.5935968427748
3014000,1507000.0,-67.61278533935547,0.3667128080001895,-67.24607253135528,189.1345275675466
3015000,1507500.0,-67.79954528808594,0.5404595928000893,-67.25908569528585,278.74556744017696
3016000,1508000.0,-67.69355010986328,0.4613976536717719,-67.23215245619151,237.96885558450404
3017000,1508500.0,-67.7443618774414,0.48438067945171753,-67.25998119798969,249.82250134797712
3018000,1509000.0,-67.6570816040039,0.3985952943834154,-67.2584863096205,205.57812830419456
3019000,1509500.0,-67.66571044921875,0.40097555473344115,-67.26473489448531,206.80576313714442
3020000,1510000.0,-67.66907501220703,0.422402290429263,-67.24667272177777,217.85674211779096
3021000,1510500.0,-67.68195343017578,0.42796015058529446,-67.25399327959049,220.7232448195372
3022000,1511000.0,-67.75922393798828,0.49946008596951763,-67.25976385201876,257.5998038188023
3023000,1511500.0,-67.64703369140625,0.3989410878563431,-67.2480926035499,205.75647354796934
3024000,1512000.0,-67.67662811279297,0.4328738659923034,-67.24375424680066,223.2575256568335
3025000,1512500.0,-67.75249481201172,0.5048823639414842,-67.24761244807023,260.3963791229495
3026000,1513000.0,-67.69923400878906,0.460684350472628,-67.23854965831643,237.60096479738317
3027000,1513500.0,-67.68775939941406,0.42518316701219594,-67.26257623240187,219.2909973912975
3028000,1514000.0,-67.75395965576172,0.510145529824753,-67.24381412593696,263.1108913273914
3029000,1514500.0,-67.55066680908203,0.3060857013383263,-67.2445811077437,157.86570104684097
3030000,1515000.0,-67.62801361083984,0.3837883702118408,-67.244225240628,197.9413603843847
3031000,1515500.0,-67.80923461914062,0.5762654399004301,-67.2329691792402,297.2126671098326
3032000,1516000.0,-67.81869506835938,0.5734276880470439,-67.24526738031233,295.7490780438519
3033000,1516500.0,-67.78211212158203,0.5320747004091008,-67.25003742117293,274.42100438571856
3034000,1517000.0,-67.82329559326172,0.577380366460102,-67.24591522680161,297.7876977701632
3035000,1517500.0,-67.7229232788086,0.4926883396742699,-67.23023493913432,254.1072314067738
3036000,1518000.0,-67.82395935058594,0.5768477859359721,-67.24711156464997,297.5130158838874
3037000,1518500.0,-67.67374420166016,0.4180120063689736,-67.25573219529119,215.59242441872183
3038000,1519000.0,-67.65287017822266,0.41240775605558155,-67.24046242216707,212.70199569010992
3039000,1519500.0,-67.69231414794922,0.4666688113767913,-67.22564533657243,240.6874896232485
3040000,1520000.0,-67.66263580322266,0.4349889129684318,-67.22764689025422,224.34837495875647
3041000,1520500.0,-67.5735855102539,0.3346808831877776,-67.23890462706613,172.6138529843137
3042000,1521000.0,-67.74658966064453,0.5094364126929344,-67.2371532479516,262.74515953185374
3043000,1521500.0,-67.6460189819336,0.4072097727351949,-67.2388092091984,210.0211018185089
3044000,1522000.0,-67.80645751953125,0.5606030877464457,-67.2458544317848,289.1347066170023
3045000,1522500.0,-67.72679901123047,0.48927411557809525,-67.23752489565237,252.34632301374216
3046000,1523000.0,-67.70742797851562,0.4758565323141223,-67.2315714462015,245.42611674778476
3047000,1523500.0,-67.72283935546875,0.47147285257527877,-67.25136650289348,243.16520527066731
3048000,1524000.0,-67.65388488769531,0.41365085328599027,-67.24023403440933,213.3431312115989
3049000,1524500.0,-67.81690216064453,0.5618720417256516,-67.25503011891888,289.78917792568353
3050000,1525000.0,-67.7110366821289,0.4666597394570841,-67.24437694267182,240.6828107213653
3051000,1525500.0,-67.70603942871094,0.4606014571650168,-67.24543797154593,237.55821203219057
3052000,1526000.0,-67.74873352050781,0.5080172004815872,-67.24071632002622,262.0131915578551
3053000,1526500.0,-67.7666015625,0.5351984308279041,-67.2314031316721,276.03208876597404
3054000,1527000.0,-67.73603820800781,0.5002058623308372,-67.23583234567698,257.98444285156046
3055000,1527500.0,-67.65921020507812,0.4284381984503879,-67.23077200662773,220.9698011304885
3056000,1528000.0,-67.62269592285156,0.37995786112257024,-67.24273806172899,195.96575028531774
3057000,1528500.0,-67.74055480957031,0.5173736289209155,-67.22318118064939,266.83883067922176
3058000,1529000.0,-67.69956970214844,0.4589433050022921,-67.24062639714614,236.7030092165532
3059000,1529500.0,-67.67708587646484,0.43569098459204914,-67.2413948918728,224.71047298738978
3060000,1530000.0,-67.75851440429688,0.5222482169517121,-67.23626618734517,269.35293131649934
3061000,1530500.0,-67.71997833251953,0.4721589898702499,-67.24781934264928,243.51908506515426
3062000,1531000.0,-67.70899963378906,0.4791838607671135,-67.22981577302195,247.14220814489306
3063000,1531500.0,-67.84513854980469,0.6077223590061819,-67.23741619079851,313.43677874160795
3064000,1532000.0,-67.67503356933594,0.4328896300085452,-67.24214393932739,223.26565605124412
3065000,1532500.0,-67.75098419189453,0.49238387435060604,-67.25860031754392,253.95020142610338
3066000,1533000.0,-67.58684539794922,0.3426783604279909,-67.24416703752122,176.73860414260747
3067000,1533500.0,-67.80647277832031,0.5646719422655918,-67.24180083605472,291.2332449293575
3068000,1534000.0,-67.75182342529297,0.4970859507437648,-67.2547374745492,256.37532805873013
3069000,1534500.0,-67.7375259399414,0.486816176622099,-67.2507097633193,251.07862493205425
3070000,1535000.0,-67.69654083251953,0.45022917433915255,-67.24631165818037,232.20863937132566
3071000,1535500.0,-67.55093383789062,0.3120574001897409,-67.23887643770088,160.94564376058815
3072000,1536000.0,-67.7961654663086,0.5533448796212398,-67.24282058668736,285.3912383366497
3073000,1536500.0,-67.78701782226562,0.5257709911970305,-67.26124683106859,271.16982515843756
3074000,1537000.0,-67.65988159179688,0.39768711803945683,-67.26219447375742,205.10973041894118
3075000,1537500.0,-67.75444030761719,0.49057594484521094,-67.26386436277198,253.0177499670364
3076000,1538000.0,-67.65186309814453,0.41331739594450506,-67.23854570220003,213.17114840824476
3077000,1538500.0,-67.73030090332031,0.49012454649110043,-67.24017635682921,252.7849383155562
3078000,1539000.0,-67.7574691772461,0.5172945401963425,-67.24017463704975,266.7980401525979
3079000,1539500.0,-67.77275848388672,0.5418556134964517,-67.23090287039027,279.4655742387421
3080000,1540000.0,-67.87173461914062,0.6144993242885078,-67.25723529485212,316.9320428803334
3081000,1540500.0,-67.76527404785156,0.5287185451146811,-67.23655550273688,272.69004535673076
3082000,1541000.0,-67.74044799804688,0.49987663438615776,-67.24057136366072,257.8146413872523
3083000,1541500.0,-67.76902770996094,0.5327241617721833,-67.23630354818876,274.7559683286194
3084000,1542000.0,-67.76555633544922,0.5369502441129008,-67.22860609133632,276.93559791759395
3085000,1542500.0,-67.6483383178711,0.4385024523782031,-67.20983586549289,226.16050587390225
3086000,1543000.0,-67.62336730957031,0.385269075050482,-67.23809823451982,198.70504358282713
3087000,1543500.0,-67.56492614746094,0.34065805562677376,-67.22426809183416,175.69661873663154
3088000,1544000.0,-67.69908142089844,0.47724714270945195,-67.22183427818898,246.14333314823037
3089000,1544500.0,-67.59827423095703,0.3702972383014571,-67.22797699265557,190.9832209233257
3090000,1545000.0,-67.598876953125,0.380622027275397,-67.2182549258496,196.30829831963996
3091000,1545500.0,-67.7497329711914,0.5184720587459042,-67.2312609124455,267.4053530408166
3092000,1546000.0,-67.69149780273438,0.4641883300214526,-67.22730947271292,239.40816515176223
3093000,1546500.0,-67.61566162109375,0.39634875239065415,-67.2193128687031,204.41945958798945
3094000,1547000.0,-67.6756591796875,0.43765555113035504,-67.23800362855715,225.72371101996293
3095000,1547500.0,-67.82855224609375,0.5921864665608557,-67.23636577953289,305.42404067006106
3096000,1548000.0,-67.73778533935547,0.5107261477421409,-67.22705919161332,263.41034881321326
3097000,1548500.0,-67.6188735961914,0.3994862152217666,-67.21938738096964,206.03762654964868
3098000,1549000.0,-67.764892578125,0.5373123565296464,-67.22758022159536,277.1223597633037
3099000,1549500.0,-67.70002746582031,0.4605615552768851,-67.23946591054343,237.53763237258715
3100000,1550000.0,-67.77486419677734,0.5409036555518246,-67.23396054122551,278.97459570678654
3101000,1550500.0,-67.76526641845703,0.5404329522743763,-67.22483346618266,278.7318274149175
3102000,1551000.0,-67.64067077636719,0.4238840830080139,-67.21678669335917,218.62098632530441
3103000,1551500.0,-67.70341491699219,0.47070570523492394,-67.23270921175727,242.76954401579061
3104000,1552000.0,-67.66594696044922,0.4381802132187501,-67.22776674723048,225.99430892125346
3105000,1552500.0,-67.87461853027344,0.626165744294246,-67.2484527859792,322.94907525022194
3106000,1553000.0,-67.6023178100586,0.37289598834907683,-67.22942182170952,192.3235432458622
3107000,1553500.0,-67.77525329589844,0.545616554739518,-67.22963674115891,281.4053042664325
3108000,1554000.0,-67.67908477783203,0.44721440473846047,-67.23187037309357,230.65375224518087
3109000,1554500.0,-67.80785369873047,0.5700485431746593,-67.2378051555558,294.0062619897684
3110000,1555000.0,-67.73416900634766,0.5094585539346772,-67.22471045241298,262.75657902199816
3111000,1555500.0,-67.70606994628906,0.47276420288478893,-67.23330574340427,243.83122763308583
3112000,1556000.0,-67.75969696044922,0.5452325644151946,-67.21446439603402,281.2072587468951
3113000,1556500.0,-67.72148895263672,0.4961794694516885,-67.22530948318503,255.90780440756387
3114000,1557000.0,-67.73286437988281,0.5277922233476613,-67.20507215653515,272.2122888509347
3115000,1557500.0,-67.65605926513672,0.4490654005237354,-67.20699386461298,231.60841541957785
3116000,1558000.0,-67.72773742675781,0.5110224324134734,-67.21671499434434,263.5631595689749
3117000,1558500.0,-67.68494415283203,0.48730986640559115,-67.19763428642644,251.33324866465557
3118000,1559000.0,-67.7240219116211,0.5066930992676602,-67.21732881235343,261.33027770242313
3119000,1559500.0,-67.6616439819336,0.44183539291390445,-67.21980858901969,227.87949173934894
3120000,1560000.0,-67.69304656982422,0.4775389357838515,-67.21550763404036,246.29382733351667
3121000,1560500.0,-67.67732238769531,0.4640735688702119,-67.21324881882511,239.34897633792892
3122000,1561000.0,-67.66280364990234,0.4387564488437831,-67.22404720105857,226.29150621115056
3123000,1561500.0,-67.5473861694336,0.3305566007744822,-67.21682956865911,170.48672737327323
3124000,1562000.0,-67.6072998046875,0.37682558325781695,-67.23047422142969,194.35025750394726
3125000,1562500.0,-67.63768005371094,0.4139566602256825,-67.22372339348526,213.50085313950476
3126000,1563000.0,-67.60478210449219,0.3831575886078937,-67.2216245158843,197.61603064934917
3127000,1563500.0,-67.47760009765625,0.24850719491459708,-67.22909290274166,128.16921002465844
3128000,1564000.0,-67.67062377929688,0.45416051709337435,-67.2164632622035,234.23625509214185
3129000,1564500.0,-67.76929473876953,0.55521762850307,-67.21407711026646,286.35712081277364
3130000,1565000.0,-67.61769104003906,0.38583133543765136,-67.2318597046014,198.9950330524536
3131000,1565500.0,-67.70174407958984,0.4615773975406115,-67.24016668204924,238.0615596596672
3132000,1566000.0,-67.59835815429688,0.36728495004322254,-67.23107320425365,189.42961356577146
3133000,1566500.0,-67.78986358642578,0.5588401157881506,-67.23102347063764,288.22544230669547
3134000,1567000.0,-67.78914642333984,0.5709161457182867,-67.21823027762156,294.45373367231
3135000,1567500.0,-67.76593780517578,0.5307051487320409,-67.23523265644374,273.71464915686073
3136000,1568000.0,-67.63958740234375,0.41505624109951955,-67.22453116124423,214.06796916206642
3137000,1568500.0,-67.63430786132812,0.4192405510614124,-67.21506731026672,216.22605437363714
3138000,1569000.0,-67.60320281982422,0.386453086000171,-67.21674973382405,199.31570496884586
3139000,1569500.0,-67.69744110107422,0.4702732111049381,-67.22716788996928,242.5464823414611
3140000,1570000.0,-67.78848266601562,0.557493505399065,-67.23098916061656,287.530919197055
3141000,1570500.0,-67.64244842529297,0.4196795331222275,-67.22276889217075,216.4524622406971
3142000,1571000.0,-67.78455352783203,0.5484421197119743,-67.23611140812005,282.86260786891984
3143000,1571500.0,-67.7790298461914,0.5529158824060724,-67.22611396378534,285.1699802189936
3144000,1572000.0,-67.55621337890625,0.32721789082212976,-67.22899548808412,168.7647658934797
3145000,1572500.0,-67.81108856201172,0.5823671754543186,-67.2287213865574,300.3596771028029
3146000,1573000.0,-67.7373275756836,0.5021634487137467,-67.23516412696985,258.99408082336555
3147000,1573500.0,-67.61400604248047,0.3849441602097399,-67.22906188227073,198.53746663006518
3148000,1574000.0,-67.63002014160156,0.40844009153146554,-67.2215800500701,210.65564677907105
3149000,1574500.0,-67.62792205810547,0.39598008448888233,-67.23194197361659,204.22931670803067
3150000,1575000.0,-67.784912109375,0.5589396382762237,-67.22597247109877,288.2767716803999
3151000,1575500.0,-67.75057983398438,0.5246200939564963,-67.22595974002788,270.57624238434715
3152000,1576000.0,-67.76973724365234,0.547763464852785,-67.22197377879957,282.5125871895927
3153000,1576500.0,-67.81222534179688,0.5821549149672376,-67.23007042682964,300.2502023692525
3154000,1577000.0,-67.6515121459961,0.417848363156893,-67.2336637828392,215.5080243625163
3155000,1577500.0,-67.67581176757812,0.4418326934949428,-67.23397907408318,227.87809949637602
3156000,1578000.0,-67.62345123291016,0.40013408554394014,-67.22331714736622,206.37176990280167
3157000,1578500.0,-67.64405059814453,0.41163186278012825,-67.2324187353644,212.3018236620426
3158000,1579000.0,-67.815673828125,0.5823690368277903,-67.23330479129721,300.36063711833685
3159000,1579500.0,-67.63582611083984,0.4189598246786645,-67.21686628616118,216.08126790690227
3160000,1580000.0,-67.82877349853516,0.5976496456641149,-67.23112385287104,308.241711000003
3161000,1580500.0,-67.63356018066406,0.4176929364422287,-67.21586724422184,215.4278620185564
3162000,1581000.0,-67.63969421386719,0.418778689067978,-67.22091552479921,215.98784603178512
3163000,1581500.0,-67.67704772949219,0.4713911922283309,-67.20565653726386,243.1230884129955
3164000,1582000.0,-67.56356048583984,0.3646215675026759,-67.19893891833716,188.0559566125688
3165000,1582500.0,-67.72132110595703,0.5070341636996214,-67.21428694225742,261.50618391241034
3166000,1583000.0,-67.693359375,0.48338481426214835,-67.20997456073785,249.3088773674642
3167000,1583500.0,-67.70196533203125,0.49881065304405786,-67.20315467898719,257.2648545427912
3168000,1584000.0,-67.66620635986328,0.44557227910407743,-67.2206340807592,229.8068152162854
3169000,1584500.0,-67.74658203125,0.5389640115983713,-67.20761801965163,277.9742116602455
3170000,1585000.0,-67.73751068115234,0.5393401293394798,-67.19817055181286,278.16819684353453
3171000,1585500.0,-67.65219116210938,0.4520796067312191,-67.20011155537816,233.1630119719931
3172000,1586000.0,-67.7937240600586,0.5816855411670518,-67.21203851889155,300.0081197639712
3173000,1586500.0,-67.69000244140625,0.5058741074044617,-67.18412833400178,260.9078772960331
3174000,1587000.0,-67.70597839355469,0.5103790161342053,-67.19559937742048,263.23131341756215
3175000,1587500.0,-67.76377868652344,0.5650545829894665,-67.19872410353398,291.43059438364253
3176000,1588000.0,-67.6673812866211,0.46454644013757795,-67.20283484648351,239.592862784768
3177000,1588500.0,-67.73951721191406,0.5404506118192186,-67.19906660009484,278.7409354405931
3178000,1589000.0,-67.75439453125,0.5704474583972867,-67.18394707285272,294.21200512315556
3179000,1589500.0,-67.65773010253906,0.4578223985551526,-67.19990770398391,236.12489439017648
3180000,1590000.0,-67.6626968383789,0.4769528300969433,-67.18574400828196,245.99153949469655
3181000,1590500.0,-67.59817504882812,0.40530900919999857,-67.19286603962813,209.04077060180705
3182000,1591000.0,-67.63235473632812,0.44354964475372055,-67.18880509157441,228.76362833011467
3183000,1591500.0,-67.63082885742188,0.45795415600176004,-67.17287470142011,236.1928491544333
3184000,1592000.0,-67.77165985107422,0.5827886838523901,-67.18887116722183,300.57707281409466
3185000,1592500.0,-67.53807067871094,0.3532893369203601,-67.18478134179058,182.21128462207835
3186000,1593000.0,-67.54049682617188,0.3403899421909477,-67.20010688398092,175.55833747971008
3187000,1593500.0,-67.61920928955078,0.4285583655127836,-67.190650924038,221.03177807833313
3188000,1594000.0,-67.69442749023438,0.5074658727253663,-67.18696161750901,261.72884066409614
3189000,1594500.0,-67.70855712890625,0.5257259029500735,-67.18283122595618,271.1465706003719
3190000,1595000.0,-67.66896057128906,0.48223702408848124,-67.18672354720059,248.71689708341836
3191000,1595500.0,-67.66277313232422,0.4792787790937934,-67.18349435323043,247.19116289226608
3192000,1596000.0,-67.63019561767578,0.4504358381756592,-67.17975977950012,232.31522759576248
3193000,1596500.0,-67.55765533447266,0.3735406378280871,-67.18411469664457,192.65602542810223
3194000,1597000.0,-67.6015625,0.4254094147288672,-67.17615308527114,219.4076861299298
3195000,1597500.0,-67.67405700683594,0.4826369297123557,-67.19142007712358,248.9231510227219
3196000,1598000.0,-67.7774658203125,0.5811844386657081,-67.1962813816468,299.74967287368827
3197000,1598500.0,-67.73294830322266,0.5409338744130776,-67.19201442880959,278.9901812819888
3198000,1599000.0,-67.57334899902344,0.3933031389713466,-67.18004586005209,202.848664560798
3199000,1599500.0,-67.52072143554688,0.3425657674089549,-67.17815566813792,176.68053355712968
3200000,1600000.0,-67.69113159179688,0.497919197526488,-67.19321239427039,256.80508053303544
3201000,1600500.0,-67.60545349121094,0.40964376892320753,-67.19580972228773,211.27645126111886
3202000,1601000.0,-67.57283782958984,0.38568425874948525,-67.18715357084037,198.9191772892361
3203000,1601500.0,-67.54822540283203,0.3503384491945231,-67.19788695363751,180.68934499042317
3204000,1602000.0,-67.55619812011719,0.3596001088952245,-67.19659801122197,185.46610651543276
3205000,1602500.0,-67.60089874267578,0.41468730655789293,-67.18621143611789,213.87768876085974
3206000,1603000.0,-67.6429214477539,0.4359996657441832,-67.20692178200973,224.86967730914841
3207000,1603500.0,-67.71812438964844,0.5061128706403838,-67.21201151900806,261.0310209955207
3208000,1604000.0,-67.68019104003906,0.48052430173770033,-67.19966673830136,247.83354933661928
3209000,1604500.0,-67.54900360107422,0.3543083692585074,-67.19469523181571,182.73685721089134
3210000,1605000.0,-67.68538665771484,0.48843802735276975,-67.19694863036207,251.915105046843
3211000,1605500.0,-67.6042709350586,0.3926179384173235,-67.21165299664128,202.49526789657756
3212000,1606000.0,-67.58697509765625,0.38214916471806953,-67.20482593293818,197.09592943709583
3213000,1606500.0,-67.64608001708984,0.4475759042308859,-67.19850411285896,230.84019797116642
3214000,1607000.0,-67.86688995361328,0.6467570212469645,-67.22013293236631,333.5691609235397
3215000,1607500.0,-67.67742919921875,0.45653658211114845,-67.22089261710761,235.46172615506214
3216000,1608000.0,-67.65325164794922,0.4337623462747054,-67.21948930167451,223.71576516960533
3217000,1608500.0,-67.5821304321289,0.36857684865142465,-67.21355358347748,190.09591871682403
3218000,1609000.0,-67.88074493408203,0.6607437067995467,-67.22000122728248,340.78288541451
3219000,1609500.0,-67.7061767578125,0.5058315624764613,-67.20034519533604,260.8859344713425
3220000,1610000.0,-67.69123840332031,0.48313012328211846,-67.20810828003819,249.177518829849
3221000,1610500.0,-67.74546813964844,0.5310788944229227,-67.21438924522552,273.9074109397415
3222000,1611000.0,-67.61610412597656,0.407927867280548,-67.20817625869601,210.3914637737535
3223000,1611500.0,-67.69784545898438,0.46501348252634606,-67.23283197645803,239.83374294937252
3224000,1612000.0,-67.63157653808594,0.41120162637366964,-67.22037491171227,212.07992642337877
3225000,1612500.0,-67.75550079345703,0.536231606320053,-67.21926918713697,276.56495577890325
3226000,1613000.0,-67.65462493896484,0.4554164843335244,-67.19920845463132,234.8840284052735
3227000,1613500.0,-67.56813049316406,0.3621269607604074,-67.20600353240366,186.7693468804497
3228000,1614000.0,-67.72270965576172,0.5104021397232008,-67.21230751603852,263.2432395597227
3229000,1614500.0,-67.61688995361328,0.41620826596963173,-67.20068168764365,214.66213351848185
3230000,1615000.0,-67.62268829345703,0.41744950554118765,-67.20523878791585,215.30231094027576
3231000,1615500.0,-67.71755981445312,0.5175786898305431,-67.19998112462258,266.9445921836439
3232000,1616000.0,-67.67855834960938,0.47706963730448443,-67.2014887123049,246.05178357543988
3233000,1616500.0,-67.65645599365234,0.4531852635879986,-67.20327073006435,233.73326172247002
3234000,1617000.0,-67.7037582397461,0.502660237106615,-67.20109800263948,259.25030268400513
3235000,1617500.0,-67.523681640625,0.3365099254918193,-67.18717171513318,173.55719350727628
3236000,1618000.0,-67.76366424560547,0.560688505126488,-67.20297574047898,289.17876118904866
3237000,1618500.0,-67.68818664550781,0.4853152938315772,-67.20287135167624,250.30453482304597
3238000,1619000.0,-67.65283203125,0.4591160955821115,-67.19371593566788,236.79212708745737
3239000,1619500.0,-67.67334747314453,0.4641141173081165,-67.20923335583642,239.36988945980355
3240000,1620000.0,-67.65139770507812,0.4337081028719434,-67.21768960220618,223.68778878009496
3241000,1620500.0,-67.90817260742188,0.7105881031650064,-67.19758450425687,366.49045862385884
3242000,1621000.0,-67.57520294189453,0.36874336422931886,-67.20645957766521,190.18180021447176
3243000,1621500.0,-67.63796997070312,0.4321132072874565,-67.20585676341567,222.8652109581299
3244000,1622000.0,-67.59716033935547,0.40381434016582646,-67.19334599918965,208.26988527824932
3245000,1622500.0,-67.75443267822266,0.5461013722802225,-67.20833130594244,281.6553520818269
3246000,1623000.0,-67.53170776367188,0.3404366104468147,-67.19127115322506,175.58240693769804
3247000,1623500.0,-67.68489074707031,0.47001723342150975,-67.2148735136488,242.4144601781582
3248000,1624000.0,-67.7056655883789,0.4964339486263712,-67.20923163975253,256.0390537051869
3249000,1624500.0,-67.72171020507812,0.5142842645538053,-67.20742594052432,265.24547081474407
3250000,1625000.0,-67.4722671508789,0.28664828712968965,-67.18561886374921,147.84072762545094
3251000,1625500.0,-67.78508758544922,0.5810199397794953,-67.20406764566972,299.66483149795636
3252000,1626000.0,-67.65882110595703,0.45556202408660446,-67.20325908187043,234.95909148417496
3253000,1626500.0,-67.60965728759766,0.4261392033516832,-67.18351808424597,219.78407938205862
3254000,1627000.0,-67.55770874023438,0.3612220245601381,-67.19648671567424,186.30262012048163
3255000,1627500.0,-67.5601577758789,0.37218709971810554,-67.1879706761608,191.95792930113004
3256000,1628000.0,-67.61516571044922,0.4316429880252497,-67.18352272242397,222.62269230028525
3257000,1628500.0,-67.7204360961914,0.533674093841547,-67.18676200234987,275.24590200216664
3258000,1629000.0,-67.66413116455078,0.4730590200331671,-67.19107214451762,243.983281504292
3259000,1629500.0,-67.68924713134766,0.5033031861062489,-67.1859439452414,259.58190783289245
3260000,1630000.0,-67.55133056640625,0.3496464760110089,-67.20168409039525,180.33245529827664
3261000,1630500.0,-67.5970687866211,0.3922922285312883,-67.2047765580898,202.32728089400928
3262000,1631000.0,-67.79549407958984,0.5820949746607452,-67.2133991049291,300.2192877644082
3263000,1631500.0,-67.63057708740234,0.44465718527093007,-67.18591990213142,229.33484959077006
3264000,1632000.0,-67.67203521728516,0.4901673786773199,-67.18186783860784,252.80702929555082
3265000,1632500.0,-67.69886016845703,0.4917585418769903,-67.20710162658004,253.62768211565185
3266000,1633000.0,-67.80296325683594,0.6034757771561525,-67.19948747967979,311.2465763967206
3267000,1633500.0,-67.70487213134766,0.5009987592022694,-67.20387337214538,258.3933845953897
3268000,1634000.0,-67.7138442993164,0.5306745538090968,-67.18316974550731,273.69886962538334
3269000,1634500.0,-67.6090316772461,0.4259489178125684,-67.18308275943353,219.68593837155046
3270000,1635000.0,-67.54690551757812,0.36459759034068717,-67.18230792723743,188.04359023455794
3271000,1635500.0,-67.80060577392578,0.6049320083858707,-67.19567376553991,311.99763717140104
3272000,1636000.0,-67.7435073852539,0.54613708672615,-67.19737029852776,281.67377204074427
3273000,1636500.0,-67.5848159790039,0.3751319751855688,-67.20968400381834,193.47676807123273
3274000,1637000.0,-67.62700653076172,0.43532362796997043,-67.19168290279175,224.52100640850324
3275000,1637500.0,-67.62752532958984,0.43534050807685837,-67.19218482151298,224.5297124339594
3276000,1638000.0,-67.79230499267578,0.5755342185122104,-67.21677077416356,296.8355348995822
3277000,1638500.0,-67.55545043945312,0.3510810938405264,-67.2043693456126,181.072368820538
3278000,1639000.0,-67.69090270996094,0.48297067331306637,-67.20793203664788,249.09528146614252
3279000,1639500.0,-67.65351104736328,0.4436953036004567,-67.20981574376282,228.8387528323477
3280000,1640000.0,-67.62427520751953,0.42255020977037105,-67.20172499774915,217.93303248477088
3281000,1640500.0,-67.80897521972656,0.5893928074573596,-67.2195824122692,303.98319272802723
3282000,1641000.0,-67.60025787353516,0.3963886729754059,-67.20386920055975,204.44004889049683
3283000,1641500.0,-67.6860580444336,0.4875176301854731,-67.19854041424811,251.44040419207747
3284000,1642000.0,-67.64311218261719,0.4542454908044016,-67.18886669181279,234.28008083899383
3285000,1642500.0,-67.60562896728516,0.4111896673492817,-67.19443929993588,212.07375847838628
3286000,1643000.0,-67.51298522949219,0.30698456020557746,-67.20600066928661,158.32929338258333
3287000,1643500.0,-67.69691467285156,0.5101630942296909,-67.18675157862187,263.11995028403936
3288000,1644000.0,-67.62776184082031,0.4380016448697192,-67.1897601959506,225.90221112811486
3289000,1644500.0,-67.7699203491211,0.5704664617094312,-67.19945388741166,294.22180620560005
3290000,1645000.0,-67.6304931640625,0.4352159164811923,-67.1952772475813,224.4654535041617
3291000,1645500.0,-67.74038696289062,0.5343531921186246,-67.206033770772,275.59615137716787
3292000,1646000.0,-67.734375,0.52553856487448,-67.20883643512552,271.04994976343954
3293000,1646500.0,-67.74090576171875,0.5353923268779283,-67.20551343484082,276.13209192108206
3294000,1647000.0,-67.77680206298828,0.5795329992550925,-67.19726906373319,298.89793220382586
3295000,1647500.0,-67.68659973144531,0.48642425242192633,-67.20017547902339,250.87648746419165
3296000,1648000.0,-67.6593246459961,0.4752513327625796,-67.18407331323351,245.11398112348155
3297000,1648500.0,-67.64424896240234,0.4623413683154411,-67.18190759408691,238.45558258011218
3298000,1649000.0,-67.66764831542969,0.46311459255824744,-67.20453372287145,238.85437803714697
3299000,1649500.0,-67.64590454101562,0.44481052509101837,-67.20109401592461,229.4139356052124
3300000,1650000.0,-67.63268280029297,0.4399214253806928,-67.19276137491228,226.89235047436912
3301000,1650500.0,-67.72605895996094,0.5476136588952877,-67.17844530106565,282.43532378787904
3302000,1651000.0,-67.79183959960938,0.5999951296541822,-67.1918444699552,309.45140969800536
3303000,1651500.0,-67.63465118408203,0.4456875872496885,-67.18896359683234,229.8662861460404
3304000,1652000.0,-67.71138000488281,0.5215052942005376,-67.18987471068228,268.9697640518247
3305000,1652500.0,-67.63433074951172,0.43567176203054586,-67.19865898748117,224.70055882565546
3306000,1653000.0,-67.85875701904297,0.6634748275557019,-67.19528219148727,342.191478795151
3307000,1653500.0,-67.72738647460938,0.5278839375272528,-67.19950253708213,272.2595910385046
3308000,1654000.0,-67.72250366210938,0.5283587171786921,-67.19414494493068,272.5044617469026
3309000,1654500.0,-67.73613739013672,0.5435057055676857,-67.19263168456904,280.3166200095122
3310000,1655000.0,-67.5296630859375,0.332539632673862,-67.19712345326364,171.5094890365102
3311000,1655500.0,-67.54429626464844,0.3415796005253299,-67.2027166641231,176.17191154129574
3312000,1656000.0,-67.50623321533203,0.30770758346055016,-67.19852563187148,158.70219735202838
3313000,1656500.0,-67.59288024902344,0.3937486430215292,-67.19913160600191,203.07843618650207
3314000,1657000.0,-67.68160247802734,0.477272162863065,-67.20433031516428,246.15623745598847
3315000,1657500.0,-67.55738830566406,0.3527298070841666,-67.2046584985799,181.9227034519646
3316000,1658000.0,-67.5761947631836,0.38209345189943017,-67.19410131128416,197.06719518674262
3317000,1658500.0,-67.82747650146484,0.6172540731667232,-67.21022242829812,318.3528226193608
3318000,1659000.0,-67.72684478759766,0.5214370632489381,-67.20540772434872,268.9345734925786
3319000,1659500.0,-67.59745025634766,0.4072303650819377,-67.19021989126571,210.03172245593345
3320000,1660000.0,-67.73403930664062,0.5531486063500635,-67.18089070029056,285.29000911419485
3321000,1660500.0,-67.70453643798828,0.5026852762764003,-67.20185116171189,259.2632167994783
3322000,1661000.0,-67.68985748291016,0.5016445382466314,-67.18821294466352,258.7264493583427
3323000,1661500.0,-67.75827026367188,0.5884766854912951,-67.16979357818057,303.51069683623996
3324000,1662000.0,-67.6275405883789,0.4559530584151588,-67.17158752996374,235.1607699949342
3325000,1662500.0,-67.73616790771484,0.5274164067199516,-67.2087515009949,272.0184589688493
3326000,1663000.0,-67.79092407226562,0.6124286110442321,-67.17849546122139,315.86405899037953
3327000,1663500.0,-67.70106506347656,0.5120431320399419,-67.18902193143663,264.08959207263695
3328000,1664000.0,-67.63127136230469,0.45061800723488576,-67.18065335506981,232.4091824787188
3329000,1664500.0,-67.57121276855469,0.4034373065049114,-67.16777546204978,208.07542770333365
3330000,1665000.0,-67.67078399658203,0.5021112699189648,-67.16867272666306,258.9671692689152
3331000,1665500.0,-67.68619537353516,0.5164711577446335,-67.16972421579052,266.37337527148657
3332000,1666000.0,-67.65956115722656,0.48671238117757437,-67.172848776049,251.02509175313182
3333000,1666500.0,-67.63864135742188,0.47204757131458513,-67.16659378610728,243.4616202168365
3334000,1667000.0,-67.66854095458984,0.4937211734032414,-67.1748197811866,254.6399221531105
3335000,1667500.0,-67.66304016113281,0.4956318043965445,-67.16740835673627,255.6253425758248
3336000,1668000.0,-67.8056640625,0.6462486656062678,-67.15941539689373,333.30697317922886
3337000,1668500.0,-67.56610870361328,0.4052767258380213,-67.16083197777526,209.02412024686265
3338000,1669000.0,-67.56217193603516,0.4067656757481158,-67.15540626028704,209.79205589479702
3339000,1669500.0,-67.8132095336914,0.6411437225033484,-67.17206581118806,330.67406540789904
3340000,1670000.0,-67.7633056640625,0.5832030068362409,-67.18010265722626,300.7907626010381
3341000,1670500.0,-67.65518951416016,0.4853554508037876,-67.16983406335636,250.3252460439302
3342000,1671000.0,-67.69859313964844,0.5314887881492952,-67.16710435149915,274.11881630819084
3343000,1671500.0,-67.5278549194336,0.36457162485500577,-67.16328329457859,188.03019836560688
3344000,1672000.0,-67.67509460449219,0.5098799085067431,-67.16521469598544,262.97389539652215
3345000,1672500.0,-67.63370513916016,0.46857470688246183,-67.16513043227769,241.67046768726507
3346000,1673000.0,-67.6170883178711,0.4382965551764425,-67.17879176269466,226.05431304634644
3347000,1673500.0,-67.5851058959961,0.424889085625965,-67.16021681037013,219.1393229942277
3348000,1674000.0,-67.58509826660156,0.4191264730868847,-67.16597179351467,216.1672179126588
3349000,1674500.0,-67.66719818115234,0.5081148187500812,-67.15908336240226,262.06353881786566
3350000,1675000.0,-67.7184066772461,0.551583229527839,-67.16682344771826,284.4826557868018
3351000,1675500.0,-67.79136657714844,0.6178686158599342,-67.1734979612885,318.66977703004636
3352000,1676000.0,-67.65083312988281,0.4953716732351667,-67.15546145664764,255.49117822912228
3353000,1676500.0,-67.685302734375,0.5207996657049933,-67.16450306867,268.6058315432473
3354000,1677000.0,-67.6651611328125,0.5060274783759016,-67.1591336544366,260.9869793769886
3355000,1677500.0,-67.6789779663086,0.5188748824701538,-67.16010308383844,267.6131120094613
3356000,1678000.0,-67.65235900878906,0.504429155336304,-67.14792985345275,260.1626338226483
3357000,1678500.0,-67.56085205078125,0.3889732888922861,-67.17187876188896,200.61551608254527
3358000,1679000.0,-67.70581817626953,0.5460770730035823,-67.15974110326594,281.64281957107926
3359000,1679500.0,-67.5400390625,0.3897240713712633,-67.15031499112874,201.0027370532054
3360000,1680000.0,-67.61029052734375,0.44373051126603885,-67.16656001607771,228.8569114159896
3361000,1680500.0,-67.73815155029297,0.570312537182235,-67.16783901311074,294.14241862464513
3362000,1681000.0,-67.5445785522461,0.38477144352593606,-67.15980710872016,198.44838687151403
3363000,1681500.0,-67.84561157226562,0.6795509997163428,-67.16606057254928,350.4828696611493
3364000,1682000.0,-67.4855728149414,0.32229088444383996,-67.16328193049756,166.22363015087524
3365000,1682500.0,-67.65640258789062,0.49308821063755476,-67.16331437725307,254.3134674696517
3366000,1683000.0,-67.64216613769531,0.4682548916926499,-67.17391124600266,241.50552091280179
3367000,1683500.0,-67.62892150878906,0.47593883087828354,-67.15298267791079,245.4685627701558
3368000,1684000.0,-67.67822265625,0.5096256249559654,-67.16859703129404,262.84274699320673
3369000,1684500.0,-67.66670989990234,0.4945976399905621,-67.17211225991178,255.0919655241224
3370000,1685000.0,-67.83185577392578,0.6707660937189251,-67.16108968020686,345.951996974679
3371000,1685500.0,-67.70426177978516,0.5266603338474677,-67.17760144593768,271.62850944315994
3372000,1686000.0,-67.74278259277344,0.5715386995797299,-67.1712438931937,294.77481989537245
3373000,1686500.0,-67.63211822509766,0.46310909717040216,-67.16900912792725,238.8515437549478
3374000,1687000.0,-67.71200561523438,0.543403354025281,-67.16860226120909,280.2638315325454
3375000,1687500.0,-67.64608001708984,0.469552168798326,-67.17652784829151,242.17460005908055
3376000,1688000.0,-67.63159942626953,0.45785865264345,-67.17374077362608,236.14359267317323
3377000,1688500.0,-67.69151306152344,0.5319153339145908,-67.15959772760884,274.3388100745528
3378000,1689000.0,-67.72590637207031,0.5650416869359509,-67.16086468513436,291.423943159753
3379000,1689500.0,-67.54267120361328,0.37023712999592523,-67.17243407361735,190.95221967187868
3380000,1690000.0,-67.60836791992188,0.4379053722839452,-67.17046254763792,225.8525579127626
3381000,1690500.0,-67.67566680908203,0.4892915564606102,-67.18637525262142,252.35531826289315
3382000,1691000.0,-67.65967559814453,0.492408996120661,-67.16726660202387,253.96315814320556
3383000,1691500.0,-67.80392456054688,0.6063400147181585,-67.19758454582872,312.72382564003294
3384000,1692000.0,-67.58184814453125,0.41923473008909373,-67.16261341444216,216.2230521691178
3385000,1692500.0,-67.5094223022461,0.34653329782789155,-67.1628890044182,178.7268133025458
3386000,1693000.0,-67.74140930175781,0.5728999233895079,-67.1685093783683,295.4768799722485
3387000,1693500.0,-67.51773834228516,0.36037536453021407,-67.15736297775494,185.86594967626328
3388000,1694000.0,-67.71147155761719,0.5244661528910811,-67.18700540472611,270.4968462736977
3389000,1694500.0,-67.69991302490234,0.534539067730235,-67.16537395717211,275.69201793874225
3390000,1695000.0,-67.74651336669922,0.5614114685455449,-67.18510189815368,289.551634297729
3391000,1695500.0,-67.67450714111328,0.5200923802488279,-67.15441476086446,268.24104444639966
3392000,1696000.0,-67.55413055419922,0.3925767841535952,-67.16155377004563,202.47404231607467
3393000,1696500.0,-67.60595703125,0.43202214289957064,-67.17393488835043,222.8182439048793
3394000,1697000.0,-67.73812866210938,0.5879915501636158,-67.15013711194575,303.26048512013625
3395000,1697500.0,-67.58527374267578,0.39180689449347655,-67.19346684818231,202.07696669185594
3396000,1698000.0,-67.65019989013672,0.46808589853470356,-67.18211399160201,241.41836158704868
3397000,1698500.0,-67.60569763183594,0.4329528045483815,-67.17274482728756,223.2982387330746
3398000,1699000.0,-67.68743896484375,0.5151566491641901,-67.17228231567955,265.6954088794714
3399000,1699500.0,-67.75990295410156,0.5878669656596047,-67.17203598844196,303.196229847906
3400000,1700000.0,-67.75717163085938,0.5958394931360186,-67.16133213772336,307.3081130024481
3401000,1700500.0,-67.66010284423828,0.48138357569986995,-67.17871926853842,248.2767254988382
3402000,1701000.0,-67.58267974853516,0.4124323101076962,-67.17024743842747,212.7146596029738
3403000,1701500.0,-67.6637954711914,0.5069209777847624,-67.15687449340665,261.4478075370367
3404000,1702000.0,-67.72883605957031,0.56647112868102,-67.1623649308893,292.1611870826291
3405000,1702500.0,-67.57789611816406,0.4038064997926632,-67.1740896183714,208.26584155454557
3406000,1703000.0,-67.81126403808594,0.6327814583959369,-67.17848257969,326.36117303859436
3407000,1703500.0,-67.57815551757812,0.4187301833892095,-67.15942533418891,215.96282891092628
3408000,1704000.0,-67.47736358642578,0.31637713952739427,-67.16098644689839,163.1735775578762
3409000,1704500.0,-67.56048583984375,0.39400351458392857,-67.16648232525982,203.20988786065465
3410000,1705000.0,-67.74162292480469,0.5797907932881687,-67.16183213151652,299.03089116133134
3411000,1705500.0,-67.78213500976562,0.61120222946982,-67.1709327802958,315.2315446777246
3412000,1706000.0,-67.5988540649414,0.42224632040052745,-67.17660774454087,217.7762995560477
3413000,1706500.0,-67.66693878173828,0.4855803585583047,-67.18135842317997,250.44124368832348
3414000,1707000.0,-67.60742950439453,0.45519810033061875,-67.15223140406391,234.77139542841317
3415000,1707500.0,-67.73307037353516,0.5621659567066863,-67.17090441682846,289.9407664981858
3416000,1708000.0,-67.71794891357422,0.5449321739615789,-67.17301673961263,281.05233040708544
3417000,1708500.0,-67.66407775878906,0.49544202281866756,-67.1686357359704,255.527461486619
3418000,1709000.0,-67.54203033447266,0.3667915895826269,-67.17523874489002,189.17515968360652
3419000,1709500.0,-67.68734741210938,0.5157242007467769,-67.1716232113626,265.98812731771784
3420000,1710000.0,-67.60179901123047,0.42290984445822644,-67.17888916677224,218.118516425611
3421000,1710500.0,-67.6520767211914,0.4813948762616868,-67.17068184492972,248.2825538374559
3422000,1711000.0,-67.62500762939453,0.46437996795512415,-67.1606276614394,239.5070036686023
3423000,1711500.0,-67.64027404785156,0.48322929213862426,-67.15704475571293,249.22866581576127
3424000,1712000.0,-67.65089416503906,0.4844008478974064,-67.16649331714166,249.83290335566247
3425000,1712500.0,-67.75676727294922,0.5871055947902779,-67.16966167815895,302.8035478457171
3426000,1713000.0,-67.74430084228516,0.5802496587534256,-67.16405118353173,299.2675540241904
3427000,1713500.0,-67.73116302490234,0.5524421684700374,-67.1787208564323,284.9256591602808
3428000,1714000.0,-67.66771697998047,0.48875212677370145,-67.17896485320676,252.07710387614793
3429000,1714500.0,-67.71395874023438,0.5362789307219307,-67.17767980951244,276.58936364848483
3430000,1715000.0,-67.45926666259766,0.2862871523353346,-67.17297951026232,147.65446999487884
3431000,1715500.0,-67.52539825439453,0.3333247867155847,-67.19207346767895,171.91443736530948
3432000,1716000.0,-67.745361328125,0.5801020760540868,-67.16525925207091,299.1914372824033
3433000,1716500.0,-67.73939514160156,0.5740792288038749,-67.16531591279768,296.08511444766947
3434000,1717000.0,-67.7196273803711,0.5378162309604643,-67.18181114941063,277.38223629433026
3435000,1717500.0,-67.7965316772461,0.6143350958931546,-67.18219658135294,316.84734101203026
3436000,1718000.0,-67.67109680175781,0.48385646036397323,-67.18724034139385,249.5521319271677
3437000,1718500.0,-67.8356704711914,0.667854172311929,-67.16781629887947,344.4501544766505
3438000,1719000.0,-67.63434600830078,0.44681212391317554,-67.1875338843876,230.4462732802255
3439000,1719500.0,-67.70299530029297,0.5178602090702111,-67.18513509122276,267.0897875715175
3440000,1720000.0,-67.66024017333984,0.461913758675808,-67.19832641466404,238.23504011360717
3441000,1720500.0,-67.5593490600586,0.38002467168449555,-67.1793243883741,196.00020826930572
3442000,1721000.0,-67.6480484008789,0.4421887559324119,-67.2058596449465,228.06174102573115
3443000,1721500.0,-67.82238006591797,0.6221068240821412,-67.20027324183583,320.85566062165407
3444000,1722000.0,-67.89600372314453,0.7008435562642364,-67.1951601668803,361.4646448692545
3445000,1722500.0,-67.83055877685547,0.6241309018765103,-67.20642787497896,321.8995919735085
3446000,1723000.0,-67.63921356201172,0.45165870188028595,-67.18755486013143,232.94592754408268
3447000,1723500.0,-67.55651092529297,0.3552582806458341,-67.20125264464714,183.22678021754285
3448000,1724000.0,-67.72527313232422,0.5365060906746587,-67.18876704164956,276.7065228788258
3449000,1724500.0,-67.75525665283203,0.5755239391140188,-67.17973271371801,296.83023323277854
3450000,1725000.0,-67.80687713623047,0.6203806277776983,-67.18649650845278,319.96536359518785
3451000,1725500.0,-67.6236801147461,0.44212274018018594,-67.18155737456591,228.02769297004048
3452000,1726000.0,-67.56583404541016,0.3733500731788486,-67.1924839722313,192.55774046472354
3453000,1726500.0,-67.64120483398438,0.45290268835135145,-67.18830214563302,233.58752169725247
3454000,1727000.0,-67.78572845458984,0.5882561035666616,-67.19747235102318,303.39693026688286
3455000,1727500.0,-67.67735290527344,0.48378193939621755,-67.19357096587721,249.51369725097734
3456000,1728000.0,-67.62944793701172,0.4318156251533358,-67.19763231185838,222.71173102745502
3457000,1728500.0,-67.72529602050781,0.5230503370183539,-67.20224568348947,269.7666299835409
3458000,1729000.0,-67.75605773925781,0.576397327765334,-67.17966041149248,297.28068913817816
3459000,1729500.0,-67.81282043457031,0.6101343224439701,-67.20268611212634,314.6807646492833
3460000,1730000.0,-67.69011688232422,0.48838188559866874,-67.20173499672555,251.8861495702219
3461000,1730500.0,-67.65904998779297,0.4681504680391257,-67.19089951975384,241.45166373098183
3462000,1731000.0,-67.58705139160156,0.38589020480524056,-67.20116118679633,199.025395313559
3463000,1731500.0,-67.68718719482422,0.5015068794935823,-67.18568031533064,258.6554509567176
3464000,1732000.0,-67.7716064453125,0.5638882533295554,-67.20771819198295,290.8290522383919
3465000,1732500.0,-67.66920471191406,0.4702530858482803,-67.19895162606578,242.53610260880077
3466000,1733000.0,-67.64503479003906,0.45014962170979556,-67.19488516832926,232.16760958277737
3467000,1733500.0,-67.68343353271484,0.48588803383754986,-67.19754549887729,250.59992922456527
3468000,1734000.0,-67.77645874023438,0.5839169250195084,-67.19254181521487,301.1589705702403
3469000,1734500.0,-67.61532592773438,0.4289561213046085,-67.18636980642977,221.23692322770577
3470000,1735000.0,-67.76258087158203,0.5694419462174426,-67.1931389253646,293.69340564435544
3471000,1735500.0,-67.7691879272461,0.582506391633932,-67.18668153561217,300.4314787573579
3472000,1736000.0,-67.72853088378906,0.5258852405303704,-67.20264564325869,271.2287499988433
3473000,1736500.0,-67.61234283447266,0.40977789076455023,-67.20256494370811,211.34562547741413
3474000,1737000.0,-67.67123413085938,0.46661879828112124,-67.20461533257826,240.6616950422702
3475000,1737500.0,-67.61199951171875,0.42575443698864845,-67.1862450747301,219.58563361548363
3476000,1738000.0,-67.71415710449219,0.5166555914698008,-67.19750151302239,266.46849817070375
3477000,1738500.0,-67.67778015136719,0.4714711630848289,-67.20630898828236,243.16433390492526
3478000,1739000.0,-67.80669403076172,0.6098961986832425,-67.19679783207847,314.55795076330685
3479000,1739500.0,-67.76110076904297,0.5631342994185767,-67.19796646962439,290.44019558094845
3480000,1740000.0,-67.74884796142578,0.5412643012970746,-67.2075836601287,279.1606011070862
3481000,1740500.0,-67.77037811279297,0.5715003620338178,-67.19887775075915,294.7550470554934
3482000,1741000.0,-67.72679138183594,0.5165379341110136,-67.21025344772492,266.4078156188986
3483000,1741500.0,-67.6576156616211,0.4600722575118127,-67.19754340410928,237.28527385219218
3484000,1742000.0,-67.75826263427734,0.5582323640426665,-67.20003027023468,287.91199037168576
3485000,1742500.0,-67.63838195800781,0.4375364284277548,-67.20084552958006,225.66227270750878
3486000,1743000.0,-67.73594665527344,0.5298125773069997,-67.20613407796644,273.254299610533
3487000,1743500.0,-67.60074615478516,0.3955700975863948,-67.20517605719876,204.01786328339102
3488000,1744000.0,-67.7755355834961,0.5691810041689858,-67.20635457932711,293.5588230773419
3489000,1744500.0,-67.79273223876953,0.5719988233593268,-67.22073341541021,295.0121317420768
3490000,1745000.0,-67.79368591308594,0.5804574439027324,-67.2132284691832,299.3747205730328
3491000,1745500.0,-67.71644592285156,0.5133479842676708,-67.2030979385839,264.76257813762555
3492000,1746000.0,-67.8350601196289,0.6211347305193718,-67.21392538910953,320.3542970130349
3493000,1746500.0,-67.66358184814453,0.45200701662783616,-67.2115748315167,233.1255731517231
3494000,1747000.0,-67.68647766113281,0.4581662063550628,-67.22831145477775,236.30221551011408
3495000,1747500.0,-67.90637969970703,0.67296664216585,-67.23341305754118,347.08694421900435
3496000,1748000.0,-67.66551208496094,0.43561629541428143,-67.22989578954666,224.67195155578628
3497000,1748500.0,-67.73908996582031,0.5268761406680926,-67.21221382515222,271.73981322141447
3498000,1749000.0,-67.72498321533203,0.5059395530754291,-67.2190436622566,260.94163132858864
3499000,1749500.0,-67.8774185180664,0.6437963385977832,-67.23362217946863,332.0421694961499
3500000,1750000.0,-67.78160095214844,0.5532509354358519,-67.22835001671258,285.342786009015
3501000,1750500.0,-67.74442291259766,0.5330260363186761,-67.21139687627898,274.9116620990305
3502000,1751000.0,-67.71366882324219,0.48239039486518565,-67.231278428377,248.79599906393778
3503000,1751500.0,-67.8536148071289,0.6202758495561005,-67.23333895757281,319.91132354256644
3504000,1752000.0,-67.74038696289062,0.5352179192445721,-67.20516904364605,276.0421400442472
3505000,1752500.0,-67.63478088378906,0.41143350220429364,-67.22334738158477,212.19951789856765
3506000,1753000.0,-67.58306884765625,0.3528967152997451,-67.2301721323565,182.00878745506427
3507000,1753500.0,-67.6766128540039,0.43938566559468323,-67.23722718840922,226.6160288629992
3508000,1754000.0,-67.83394622802734,0.5935175758009228,-67.24042865222643,306.1105689607794
3509000,1754500.0,-67.69222259521484,0.4647513850340895,-67.22747121018075,239.69856445466732
3510000,1755000.0,-67.7071533203125,0.4711646610872909,-67.23598865922521,243.0062534963925
3511000,1755500.0,-67.62887573242188,0.39106845100812837,-67.23780728141375,201.69610963780784
3512000,1756000.0,-67.6277847290039,0.4095129666404493,-67.21827176236346,211.20898912886025
3513000,1756500.0,-67.60115051269531,0.3787755403910215,-67.2223749723043,195.3559606403521
3514000,1757000.0,-67.8101577758789,0.5973770222022704,-67.21278075367664,308.10110366768487
3515000,1757500.0,-67.70417022705078,0.48374628631135946,-67.22042394073942,249.4953089394326
3516000,1758000.0,-67.78350067138672,0.5595982658990638,-67.22390240548765,288.6164631816816
3517000,1758500.0,-67.62141418457031,0.40050387918962344,-67.22091030538068,206.5624933925407
3518000,1759000.0,-67.73352813720703,0.5036116667954642,-67.22991647041157,259.7410087645905
3519000,1759500.0,-67.8294677734375,0.6266595593829006,-67.2028082140546,323.2037636097798
3520000,1760000.0,-67.69127655029297,0.48249676517469864,-67.20877978511827,248.85086024630735
3521000,1760500.0,-67.7819595336914,0.5595221663428629,-67.22243736734855,288.5772143381829
3522000,1761000.0,-67.81997680664062,0.6070767785486137,-67.21290002809201,313.1038164010918
3523000,1761500.0,-67.70336151123047,0.4791681388183379,-67.22419337241213,247.1340994470531
3524000,1762000.0,-67.66839599609375,0.4472411637361005,-67.22115483235766,230.66755337311102
3525000,1762500.0,-67.64155578613281,0.4168295804236223,-67.22472620570919,214.98258050904982
3526000,1763000.0,-67.61640167236328,0.39901098073502544,-67.21739069162825,205.79252125697087
3527000,1763500.0,-67.76882934570312,0.5636164916197051,-67.20521285408341,290.6888893602972
3528000,1764000.0,-67.66706085205078,0.44523315630924987,-67.22182769574154,229.63191041834045
3529000,1764500.0,-67.71119689941406,0.5014537637398708,-67.20974313567419,258.6280561595754
3530000,1765000.0,-67.66958618164062,0.45974261007412803,-67.2098435715665,237.11525603162477
3531000,1765500.0,-67.5675048828125,0.3554471397409663,-67.21205774307154,183.3241855302437
3532000,1766000.0,-67.67333984375,0.45782776311384854,-67.21551208063615,236.12766119638678
3533000,1766500.0,-67.73226928710938,0.5179916200882149,-67.21427766702116,267.15756366295767
3534000,1767000.0,-67.74512481689453,0.5216956510573633,-67.22342916583717,269.0679418449084
3535000,1767500.0,-67.58443450927734,0.37982497393342707,-67.20460953534392,195.8972128489641
3536000,1768000.0,-67.59703826904297,0.40200748205341136,-67.19503078698956,207.3379863971144
3537000,1768500.0,-67.76692962646484,0.5457695466940643,-67.22116007977078,281.4842108669479
3538000,1769000.0,-67.66281127929688,0.4504677905246965,-67.21234348877218,232.3317072286196
3539000,1769500.0,-67.69075775146484,0.4860889870045667,-67.20466876446028,250.7035721338877
3540000,1770000.0,-67.56114196777344,0.3373867476190241,-67.22375522015442,174.00942025030722
3541000,1770500.0,-67.78340911865234,0.5560594030081306,-67.22734971564421,286.7912715156118
3542000,1771000.0,-67.787353515625,0.5790007895858172,-67.20835272603918,298.62344158836527
3543000,1771500.0,-67.63092041015625,0.4222073964717796,-67.20871301368447,217.75622428538847
3544000,1772000.0,-67.58859252929688,0.3849490992154964,-67.20364343008139,198.54001395456552
3545000,1772500.0,-67.6142578125,0.4056690831161073,-67.20858872938389,209.22648107748964
3546000,1773000.0,-67.73917388916016,0.5325574625440822,-67.20661642661608,274.6699921121771
3547000,1773500.0,-67.77632904052734,0.5716908999452363,-67.2046381405821,294.85331822866664
3548000,1774000.0,-67.69774627685547,0.48132136457813934,-67.21642491227733,248.24463970619263
3549000,1774500.0,-67.49214935302734,0.283908078623741,-67.2082412744036,146.42744717845628
3550000,1775000.0,-67.6857681274414,0.4759718448882526,-67.20979628255316,245.48558996157752
3551000,1775500.0,-67.81820678710938,0.6176794502574527,-67.20052733685192,318.57221363417676
3552000,1776000.0,-67.70469665527344,0.484865033630373,-67.21983162164307,250.07231018136622
3553000,1776500.0,-67.67255401611328,0.4566554632105079,-67.21589855290277,235.52303985906576
3554000,1777000.0,-67.5682601928711,0.3724669907116214,-67.19579320215948,192.10228491040837
3555000,1777500.0,-67.60726928710938,0.39946659878614144,-67.20780268832323,206.02750924476163
3556000,1778000.0,-67.70744323730469,0.47776757169407197,-67.22967566561061,246.41174779858127
3557000,1778500.0,-67.54425811767578,0.31606127402600653,-67.22819684364977,163.01066786103294
3558000,1779000.0,-67.68952941894531,0.48123366444626364,-67.20829575449905,248.19940778996812
3559000,1779500.0,-67.73065948486328,0.5301568046961082,-67.20050268016718,273.43183713634204
3560000,1780000.0,-67.63397979736328,0.44382679088777416,-67.19015300647551,228.9065682601849
3561000,1780500.0,-67.5857925415039,0.3692604533596209,-67.21653208814429,190.4484923131288
3562000,1781000.0,-67.73017883300781,0.517517854452399,-67.21266097855542,266.913215939745
3563000,1781500.0,-67.7935791015625,0.5881222274418945,-67.2054568741206,303.3278827805175
3564000,1782000.0,-67.68560791015625,0.4593824290423417,-67.22622548111391,236.92949031033135
3565000,1782500.0,-67.6607894897461,0.43729846163389663,-67.22349102811219,225.5395397782212
3566000,1783000.0,-67.71125030517578,0.5175542160158249,-67.19369608915996,266.9319696537417
3567000,1783500.0,-67.76840209960938,0.558960400260483,-67.20944169934889,288.2874798094823
3568000,1784000.0,-67.56512451171875,0.3558832895826372,-67.20924122213611,183.54913266176862
3569000,1784500.0,-67.6902084350586,0.49076604670639273,-67.1994423883522,253.11579624445005
3570000,1785000.0,-67.63542938232422,0.44654592297900286,-67.18888345934522,230.3089784085319
3571000,1785500.0,-67.64482879638672,0.4399872043336824,-67.20484159205304,226.92627639930592
3572000,1786000.0,-67.82276153564453,0.6070617178121955,-67.21569981783233,313.0960487278469
3573000,1786500.0,-67.66829681396484,0.4649848156844845,-67.20331199828036,239.81895783831544
3574000,1787000.0,-67.75770568847656,0.5627842418906256,-67.19492144658594,290.2596511229254
3575000,1787500.0,-67.63815307617188,0.4396955963617804,-67.19845747981009,226.7758776818426
3576000,1788000.0,-67.80018615722656,0.5945296999730113,-67.20565645725355,306.6325786177957
3577000,1788500.0,-67.62628173828125,0.4202151082031762,-67.20606663007807,216.72868858922465
3578000,1789000.0,-67.70323181152344,0.5150554464469206,-67.18817636507652,265.6432129165769
3579000,1789500.0,-67.75474548339844,0.5586905271025044,-67.19605495629594,288.1482909643591
3580000,1790000.0,-67.68293762207031,0.468961684372954,-67.21397593769736,241.87005385727818
3581000,1790500.0,-67.72064971923828,0.5199919044676847,-67.2006578147706,268.1892234055636
3582000,1791000.0,-67.6518325805664,0.4506012637471665,-67.20123131681925,232.40054691549187
3583000,1791500.0,-67.74517059326172,0.528948497381844,-67.21622209587987,272.8086447414922
3584000,1792000.0,-67.63629150390625,0.4349905101441897,-67.20130099376206,224.3491987125928
3585000,1792500.0,-67.61536407470703,0.4050488485665967,-67.21031522614044,208.90659105471548
3586000,1793000.0,-67.59822082519531,0.3818927085549602,-67.21632811664036,196.96366049477015
3587000,1793500.0,-67.76927947998047,0.5615935151171532,-67.20768596486332,289.6455260068956
3588000,1794000.0,-67.696533203125,0.48764599103085066,-67.20888721209415,251.5066071370497
3589000,1794500.0,-67.64930725097656,0.4470728551456881,-67.20223439583087,230.58074711753787
3590000,1795000.0,-67.73735046386719,0.5372404535544564,-67.20011001031273,277.0852753338903
3591000,1795500.0,-67.80359649658203,0.5788107200758276,-67.22478577650621,298.52541199629036
3592000,1796000.0,-67.68406677246094,0.47296600994759863,-67.21110076251334,243.9353109447445
3593000,1796500.0,-67.61318969726562,0.43001120616954536,-67.18317849109609,221.78109014285045
3594000,1797000.0,-67.59268188476562,0.3942597796989652,-67.19842210506665,203.34205826868813
3595000,1797500.0,-67.6946029663086,0.5050688149724885,-67.1895341513361,260.4925424608372
3596000,1798000.0,-67.74504089355469,0.5429774550084869,-67.2020634385462,280.04417133095035
3597000,1798500.0,-67.69352722167969,0.4829420867643392,-67.21058513491535,249.0805377667943
3598000,1799000.0,-67.56951904296875,0.3473140628315082,-67.22220498013723,179.12949795625505
3599000,1799500.0,-67.71186065673828,0.5140428320325464,-67.19781782470574,265.12095041389756
3600000,1800000.0,-67.67166900634766,0.45687132513301304,-67.21479768121465,235.63437205647517
3601000,1800500.0,-67.6929702758789,0.4978541344722207,-67.19511614140669,256.7715238375438
3602000,1801000.0,-67.56974792480469,0.38041376440630753,-67.18933416039837,196.20088538369723
3603000,1801500.0,-67.67363739013672,0.48711697497666906,-67.18652041516005,251.23376364944718
3604000,1802000.0,-67.8066177368164,0.6104120221630639,-67.19620571465335,314.8239900944562
3605000,1802500.0,-67.68287658691406,0.4790491433168291,-67.20382744359723,247.0727267393932
3606000,1803000.0,-67.61353302001953,0.41520914830687605,-67.19832387171266,214.14683205366475
3607000,1803500.0,-67.62794494628906,0.43961541957518385,-67.18832952671387,226.7345259801185
3608000,1804000.0,-67.74144744873047,0.5398164688455283,-67.20163097988494,278.4138720571425
3609000,1804500.0,-67.51129913330078,0.2827176336963003,-67.22858149960449,145.8134674263595
3610000,1805000.0,-67.68292999267578,0.4704654664815864,-67.2124645261942,242.645639308552
3611000,1805500.0,-67.82632446289062,0.6101721113167846,-67.21615235157384,314.70025450742605
3612000,1806000.0,-67.60835266113281,0.4010181571311238,-67.2073345040017,206.82773560219928
3613000,1806500.0,-67.81855773925781,0.6255688428261765,-67.19298889643163,322.6412194167065
3614000,1807000.0,-67.64385223388672,0.4406537878169399,-67.20319844606978,227.27007118759752
3615000,1807500.0,-67.79312133789062,0.58710063933382,-67.2060206985568,302.80099203666
3616000,1808000.0,-67.64557647705078,0.4479822242070724,-67.19759425284371,231.0497601545992
3617000,1808500.0,-67.81266784667969,0.6121724285275468,-67.20049541815214,315.73193118298565
3618000,1809000.0,-67.7215805053711,0.5153790549179376,-67.20620145045315,265.8101161006146
3619000,1809500.0,-67.7366943359375,0.5279305437619716,-67.20876379217553,272.28362850867995
3620000,1810000.0,-67.56465148925781,0.36024984397209486,-67.20440164528571,185.8012116280087
3621000,1810500.0,-67.61239624023438,0.406613339016546,-67.20578290121783,209.71348722981432
3622000,1811000.0,-67.5357666015625,0.33399486095089986,-67.2017717406116,172.26003253179042
3623000,1811500.0,-67.590087890625,0.3851743263841601,-67.20491356424084,198.6561763388926
3624000,1812000.0,-67.55284881591797,0.34416822981350026,-67.20868058610446,177.5070140159968
3625000,1812500.0,-67.6224136352539,0.4020759583684267,-67.22033767688548,207.37330350414598
3626000,1813000.0,-67.68624877929688,0.45820854332912236,-67.22804023596775,236.3240510812005
3627000,1813500.0,-67.56890106201172,0.36263884896023013,-67.20626221305149,187.03335656521864
3628000,1814000.0,-67.66087341308594,0.43522034857270936,-67.22565306451322,224.46773938432986
3629000,1814500.0,-67.74182891845703,0.5080864016559908,-67.23374251680104,262.0488825158539
3630000,1815000.0,-67.6213607788086,0.3976812229090061,-67.2236795558996,205.10668996688054
3631000,1815500.0,-67.72802734375,0.51134076998838,-67.21668657376162,263.727344253893
3632000,1816000.0,-67.74482727050781,0.5313253343071522,-67.21350193620066,274.0345139207684
3633000,1816500.0,-67.74828338623047,0.5237325143064293,-67.22455087192404,270.11846737858866
3634000,1817000.0,-67.69364166259766,0.4636417490916375,-67.22999991350602,239.1262624647474
3635000,1817500.0,-67.67011260986328,0.4370772566696825,-67.2330353531936,225.42545187212818
3636000,1818000.0,-67.7359848022461,0.5124655059401786,-67.22351929630591,264.30743417232736
3637000,1818500.0,-67.61051177978516,0.380587674388537,-67.22992410539662,196.2905805937108
3638000,1819000.0,-67.7312240600586,0.502885077997952,-67.22833898206065,259.36626584327627
3639000,1819500.0,-67.58882141113281,0.38120546028804103,-67.20761595084477,196.60920770923966
3640000,1820000.0,-67.50848388671875,0.2837793480311256,-67.22470453868762,146.36105353392944
3641000,1820500.0,-67.65094757080078,0.41779861196608953,-67.23314895883469,215.48236486068473
3642000,1821000.0,-67.70032501220703,0.47036061190823875,-67.2299644002988,242.5915598770166
3643000,1821500.0,-67.60807800292969,0.4015647846655223,-67.20651321826416,207.10966232583263
3644000,1822000.0,-67.60651397705078,0.38433145321644624,-67.22218252383433,198.22145899361016
3645000,1822500.0,-67.75267028808594,0.5231265962712219,-67.22954369181471,269.8059611916394
3646000,1823000.0,-67.65764617919922,0.4363757640406741,-67.22127041515854,225.06365246374875
3647000,1823500.0,-67.77522277832031,0.5589167665765268,-67.21630601174378,288.2649754517914
3648000,1824000.0,-67.8099594116211,0.5782285033975976,-67.2317309082235,298.22512993911465
3649000,1824500.0,-67.65613555908203,0.42938397912447934,-67.22675157995755,221.45759369479052
3650000,1825000.0,-67.63764953613281,0.4267204475477351,-67.21092908858508,220.0838598751948
3651000,1825500.0,-67.75128173828125,0.5260151044183451,-67.2252666338629,271.2957281478589
3652000,1826000.0,-67.62987518310547,0.41271266195148526,-67.21716252115398,212.85925289879265
3653000,1826500.0,-67.63973999023438,0.4295362540934524,-67.21020373614093,221.5361305053103
3654000,1827000.0,-67.64877319335938,0.4224127369930946,-67.22636045636628,217.862130001366
3655000,1827500.0,-67.77577209472656,0.549854391404944,-67.22591770332161,283.5909962252019
3656000,1828000.0,-67.73728942871094,0.511407431933387,-67.22588199677755,263.7617255877341
3657000,1828500.0,-67.67501831054688,0.4640796625645048,-67.21093864798237,239.35211920058896
3658000,1829000.0,-67.80722045898438,0.5927992579418877,-67.21442120104248,305.7400918300437
3659000,1829500.0,-67.88720703125,0.6647331439436909,-67.22247388730631,342.84046369663463
3660000,1830000.0,-67.63231658935547,0.4020204453710461,-67.23029614398442,207.34467231291302
3661000,1830500.0,-67.62040710449219,0.3961244047296439,-67.22428269976254,204.3037508154831
3662000,1831000.0,-67.60701751708984,0.37424067169785225,-67.232776845392,193.01707247186744
3663000,1831500.0,-67.77117156982422,0.5600868939360035,-67.21108467588822,288.8684762854148
3664000,1832000.0,-67.70650482177734,0.48583059276233576,-67.220674229015,250.57030361458771
3665000,1832500.0,-67.80062866210938,0.5766269795140062,-67.22400168259537,297.39913352856377
3666000,1833000.0,-67.63162994384766,0.42776909307093103,-67.20386085077672,220.62470565774893
3667000,1833500.0,-67.7740707397461,0.5493630962969376,-67.22470764344915,283.337607562134
3668000,1834000.0,-67.68055725097656,0.4739392697991263,-67.20661798117743,244.43727607441363
3669000,1834500.0,-67.67530822753906,0.456064567008599,-67.21924366053047,235.21828128082313
3670000,1835000.0,-67.64752197265625,0.431112100646472,-67.21640987200978,222.3488836647913
3671000,1835500.0,-67.71409606933594,0.5005623663199684,-67.21353370301597,258.1683121140713
3672000,1836000.0,-67.85572814941406,0.6370446034385517,-67.21868354597551,328.5599179583149
3673000,1836500.0,-67.669677734375,0.44576275082262456,-67.22391498355238,229.90505225005265
3674000,1837000.0,-67.64019012451172,0.42339575358103426,-67.21679437093069,218.36912723160984
3675000,1837500.0,-67.63728332519531,0.42317746756888447,-67.21410585762642,218.2565447941223
3676000,1838000.0,-67.71542358398438,0.4974141115063824,-67.21800947247799,256.5445791169147
3677000,1838500.0,-67.65492248535156,0.4521886113992569,-67.20273387395231,233.21923184199002
3678000,1839000.0,-67.64517974853516,0.4224865734017366,-67.22269317513341,217.90021161171921
3679000,1839500.0,-67.65205383300781,0.4332942526818587,-67.21875958032595,223.4743428396266
3680000,1840000.0,-67.5865478515625,0.36924857196628047,-67.21729927959622,190.44236440685648
3681000,1840500.0,-67.66815948486328,0.44254743011727643,-67.22561205474601,228.2467295808759
3682000,1841000.0,-67.59850311279297,0.3995775940675576,-67.19892551872542,206.08475578661916
3683000,1841500.0,-67.7059555053711,0.48789493099628967,-67.2180605743748,251.63499955130092
3684000,1842000.0,-67.71243286132812,0.5059273256487078,-67.20650553567941,260.9353249533384
3685000,1842500.0,-67.6658935546875,0.46006941028033405,-67.20582414440716,237.2838053739475
3686000,1843000.0,-67.70565032958984,0.4867366518486394,-67.2189136777412,251.03760951036716
3687000,1843500.0,-67.6344985961914,0.42637250895557893,-67.20812608723583,219.90440827215744
3688000,1844000.0,-67.69656372070312,0.4775912274661396,-67.21897249323699,246.3207971104361
3689000,1844500.0,-67.70020294189453,0.48846647148491346,-67.21173647040962,251.92977529390748
3690000,1845000.0,-67.85565185546875,0.6363456657719363,-67.21930618969681,328.1994362884889
3691000,1845500.0,-67.6519546508789,0.44313679516080723,-67.2088178557181,228.55069845417734
3692000,1846000.0,-67.70188903808594,0.47574249425663095,-67.2261465438293,245.36730087427884
3693000,1846500.0,-67.67314910888672,0.4661143537865651,-67.20703475510015,240.40152449714466
3694000,1847000.0,-67.80533599853516,0.5903104979181083,-67.21502550061705,304.4564975811996
3695000,1847500.0,-67.72374725341797,0.5196111051297044,-67.20413614828827,267.992823658089
3696000,1848000.0,-67.68212890625,0.4827257862939875,-67.19940311995602,248.9689793854667
3697000,1848500.0,-67.59390258789062,0.38723008129986786,-67.20667250659076,199.71644537311965
3698000,1849000.0,-67.65568542480469,0.457130689117421,-67.19855473568727,235.7681407266412
3699000,1849500.0,-67.72209930419922,0.5182031223882008,-67.20389618181102,267.26664735655817
3700000,1850000.0,-67.69505310058594,0.48065798855284325,-67.21439511203309,247.90249918530864
3701000,1850500.0,-67.77794647216797,0.5670188332032635,-67.2109276389647,292.44366926978273
3702000,1851000.0,-67.73941802978516,0.5419891326310243,-67.19742889715413,279.53443760508134
3703000,1851500.0,-67.73951721191406,0.5306496798298511,-67.20886753208421,273.68604070801064
3704000,1852000.0,-67.79521942138672,0.5851399922348697,-67.21007942915185,301.789775480552
3705000,1852500.0,-67.73504638671875,0.5305713897044431,-67.2044749970143,273.64566206412576
3706000,1853000.0,-67.69251251220703,0.4750321338143773,-67.21748037839265,245.000927833258
3707000,1853500.0,-67.87328338623047,0.6668536610102901,-67.20642972522018,343.9341342334705
3708000,1854000.0,-67.84262084960938,0.6517909549630727,-67.1908298946463,336.165445139503
3709000,1854500.0,-67.63695526123047,0.43495607396209773,-67.20199918726837,224.33143802660337
3710000,1855000.0,-67.59201049804688,0.39934985712607174,-67.1926606409208,205.9672989705551
3711000,1855500.0,-67.77239227294922,0.5572677217340227,-67.2151245512152,287.41446979608344
3712000,1856000.0,-67.69786071777344,0.5060302713735212,-67.19183044639992,260.988419883766
3713000,1856500.0,-67.62483215332031,0.418891907543664,-67.20594024577665,216.04623920061815
3714000,1857000.0,-67.66392517089844,0.45545694081159144,-67.20846823008685,234.90489409826085
3715000,1857500.0,-67.56968688964844,0.3601951071671301,-67.20949178248131,185.7729807630874
3716000,1858000.0,-67.7837142944336,0.5757731989001448,-67.20794109553344,296.95879059663946
3717000,1858500.0,-67.79484558105469,0.5868914770829852,-67.2079541039717,302.69311523870374
3718000,1859000.0,-67.76951599121094,0.5460659541649012,-67.22345003704604,281.63708495735654
3719000,1859500.0,-67.65876007080078,0.4565313837253849,-67.20222868707539,235.45904505362785
3720000,1860000.0,-67.70228576660156,0.4813177127585106,-67.22096805384305,248.24275625635076
3721000,1860500.0,-67.87303924560547,0.6470676372319442,-67.22597160837353,333.72936314798454
3722000,1861000.0,-67.74022674560547,0.5240526907209849,-67.21617405488449,270.2836004570745
3723000,1861500.0,-67.61215209960938,0.4064124184622716,-67.20573968114711,209.60986114072696
3724000,1862000.0,-67.80551147460938,0.5936609028922869,-67.2118505717171,306.18449084493886
3725000,1862500.0,-67.69129180908203,0.4774062203750712,-67.21388558870696,246.22537849400794
3726000,1863000.0,-67.75174713134766,0.5483186030542431,-67.20342852829341,282.7989033453879
3727000,1863500.0,-67.65743255615234,0.44000379460311695,-67.21742876154923,226.9348329392011
3728000,1864000.0,-67.80001068115234,0.5853578927180995,-67.21465278843425,301.9021590789792
3729000,1864500.0,-67.73099517822266,0.5132566803383743,-67.21773849788428,264.71548753932683
3730000,1865000.0,-67.69120025634766,0.48459274582242506,-67.20660751052523,249.9318759647391
3731000,1865500.0,-67.78129577636719,0.563287092070682,-67.2180086842965,290.5189993899272
3732000,1866000.0,-67.65282440185547,0.4281990514747415,-67.22462535038073,220.84645951473
3733000,1866500.0,-67.64130401611328,0.42949313710302744,-67.21181087901026,221.51389263568518
3734000,1867000.0,-67.77814483642578,0.5639597573834496,-67.21418507904234,290.8659309215396
3735000,1867500.0,-67.7132568359375,0.504816802223613,-67.20844003371388,260.3625652384449
3736000,1868000.0,-67.69593048095703,0.4791943523181594,-67.21673612863887,247.14761923091794
3737000,1868500.0,-67.73799133300781,0.5281594470941376,-67.20983188591367,272.4016868983609
3738000,1869000.0,-67.64102935791016,0.44702957175764546,-67.19399978615252,230.55842342725387
3739000,1869500.0,-67.61636352539062,0.42010386634794916,-67.19625965904268,216.67131487531256
3740000,1870000.0,-67.61753845214844,0.40385150133606634,-67.21368695081237,208.28905139468662
3741000,1870500.0,-67.7009506225586,0.5112083579820995,-67.1897422645765,263.6590518962066
3742000,1871000.0,-67.72845458984375,0.5438267774055331,-67.18462781243822,280.4822149084132
3743000,1871500.0,-67.69933319091797,0.5008834500421437,-67.19844974087583,258.33391314239213
3744000,1872000.0,-67.60972595214844,0.40982566087022276,-67.19990029127821,211.37026322164098
3745000,1872500.0,-67.59935760498047,0.3914983370084442,-67.20785926797203,201.9178261522133
3746000,1873000.0,-67.65174102783203,0.4420280506066063,-67.20971297722542,227.97885620357405
3747000,1873500.0,-67.74413299560547,0.5426217510172652,-67.2015112445882,279.86071467259006
3748000,1874000.0,-67.70213317871094,0.5010100801745552,-67.20112309853639,258.3992234608401
3749000,1874500.0,-67.67424774169922,0.47681400429438664,-67.19743373740484,245.91993917966002
3750000,1875000.0,-67.68743133544922,0.4638327124830243,-67.2235986229662,239.2247530819953
3751000,1875500.0,-67.78640747070312,0.5713276539832164,-67.2150798167199,294.6659717495728
3752000,1876000.0,-67.70955657958984,0.5068206625116654,-67.20273591707817,261.39606927927446
3753000,1876500.0,-67.6567611694336,0.4388978522448539,-67.21786331718874,226.36443593946797
3754000,1877000.0,-67.74754333496094,0.5272249973853728,-67.22031833757556,271.9197383534854
3755000,1877500.0,-67.68049621582031,0.45749896629945247,-67.22299724952086,235.95808209034016
3756000,1878000.0,-67.70051574707031,0.48657779319793093,-67.21393795387237,250.95567712296128
3757000,1878500.0,-67.74427795410156,0.5271876119849779,-67.21709034211659,271.9004565888801
3758000,1879000.0,-67.78968048095703,0.5817218579855176,-67.20795862297152,300.02685040046225
3759000,1879500.0,-67.70526123046875,0.48853412242066135,-67.21672710804809,251.96466670618716
3760000,1880000.0,-67.67019653320312,0.4546273235168467,-67.21556920968628,234.47701355610283
3761000,1880500.0,-67.65380859375,0.43245762816430433,-67.2213509655857,223.04284827650514
3762000,1881000.0,-67.58319854736328,0.3744823711710499,-67.20871617619223,193.1417305549212
3763000,1881500.0,-67.72835540771484,0.5217959870522506,-67.20655942066259,269.1196907900694
3764000,1882000.0,-67.5896224975586,0.3686688758564376,-67.22095362170215,190.1433823493009
3765000,1882500.0,-67.75326538085938,0.5477281824282765,-67.2055371984311,282.4943900485459
3766000,1883000.0,-67.60648345947266,0.400637074508916,-67.20584638496373,206.6311897490328
3767000,1883500.0,-67.63446807861328,0.4191011077569681,-67.21536697085631,216.1541355779661
3768000,1884000.0,-67.70637512207031,0.48661982486952904,-67.21975529720078,250.97735523230776
3769000,1884500.0,-67.73673248291016,0.5092187511615427,-67.22751373174862,262.6328991743988
3770000,1885000.0,-67.66354370117188,0.43583248639503264,-67.22771121477685,224.7834534671368
3771000,1885500.0,-67.64897155761719,0.42709343008333683,-67.22187812753386,220.27622805575191
3772000,1886000.0,-67.58033752441406,0.36459949549580456,-67.21573802891825,188.04457283076187
3773000,1886500.0,-67.70890045166016,0.4951353046847379,-67.21376514697542,255.36926960432956
3774000,1887000.0,-67.52539825439453,0.307856509927808,-67.21754174446673,158.77900715090266
3775000,1887500.0,-67.78762817382812,0.5513932795801693,-67.23623489424796,284.3846878597749
3776000,1888000.0,-67.74961853027344,0.5286244862243935,-67.22099404404905,272.6415338692944
3777000,1888500.0,-67.67142486572266,0.4506559637192894,-67.22076890200337,232.42875878363424
3778000,1889000.0,-67.74576568603516,0.5256488220042413,-67.22011686403091,271.1068155987565
3779000,1889500.0,-67.70125579833984,0.47868621066093553,-67.2225695876789,246.8855418499818
3780000,1890000.0,-67.55147552490234,0.3533791283316482,-67.19809639657069,182.25759512932845
3781000,1890500.0,-67.7499008178711,0.5427576498338686,-67.20714316803722,279.9308053754904
3782000,1891000.0,-67.68228149414062,0.47672418248044524,-67.20555731166019,245.87361299204278
3783000,1891500.0,-67.62026977539062,0.4108069854032976,-67.20946278998733,211.87638776352895
3784000,1892000.0,-67.72553253173828,0.5222539765405938,-67.20327855519768,269.3559018621098
3785000,1892500.0,-67.61656188964844,0.39986988133830836,-67.21669200831013,206.23550485690367
3786000,1893000.0,-67.66575622558594,0.4589589328528809,-67.20679729273306,236.7110693826383
3787000,1893500.0,-67.64112854003906,0.4311791409852343,-67.20994939905383,222.3834601576848
3788000,1894000.0,-67.80340576171875,0.6001820269912668,-67.20322373472749,309.547803221171
3789000,1894500.0,-67.53904724121094,0.30748931737310886,-67.23155792383783,158.58962519083948
3790000,1895000.0,-67.55038452148438,0.3408597107378699,-67.2095248107465,175.8006236782008
3791000,1895500.0,-67.67594909667969,0.45915218457547097,-67.21679691210421,236.8107402216608
3792000,1896000.0,-67.69380187988281,0.4661454529362356,-67.22765642694658,240.41756408685183
3793000,1896500.0,-67.6634292602539,0.46155506905770294,-67.2018741911962,238.05004359866774
3794000,1897000.0,-67.6716079711914,0.449739286851996,-67.22186868433941,231.9559766979113
3795000,1897500.0,-67.55439758300781,0.32961139542523327,-67.22478618758258,169.9992315365191
3796000,1898000.0,-67.67210388183594,0.43919649681530837,-67.23290738502062,226.5184638286261
3797000,1898500.0,-67.82456970214844,0.6019955071473806,-67.22257419500106,310.48311746462537
3798000,1899000.0,-67.59321594238281,0.3705394430228741,-67.22267649935993,191.10813959145088
3799000,1899500.0,-67.73265838623047,0.5241964855146507,-67.20846190071582,270.35776356175296
3800000,1900000.0,-67.68147277832031,0.4589212357057533,-67.22255154261455,236.691626832618
3801000,1900500.0,-67.67888641357422,0.4589238331231941,-67.21996258045102,236.69296646763988
3802000,1901000.0,-67.7088851928711,0.500496753165218,-67.20838843970587,258.13447170066
3803000,1901500.0,-67.5901107788086,0.37945004603804805,-67.21066073277055,195.70384133638697
3804000,1902000.0,-67.7171859741211,0.5176703213360115,-67.19951565278508,266.9918517314944
3805000,1902500.0,-67.64574432373047,0.4422819469338344,-67.20346237679664,228.10980489381285
3806000,1903000.0,-67.68182373046875,0.46765558660110906,-67.21416814386764,241.19642539477084
3807000,1903500.0,-67.59525299072266,0.3827839014641402,-67.21246908925852,197.42329906253246
3808000,1904000.0,-67.55208587646484,0.33418107494396493,-67.21790480152087,172.3560736158117
3809000,1904500.0,-67.72200775146484,0.5096454292887753,-67.21236232217606,262.8529612072949
3810000,1905000.0,-67.64036560058594,0.4291120311440222,-67.21125356944192,221.31733474641288
3811000,1905500.0,-67.7577896118164,0.548167036214428,-67.20962257560198,282.72073175710966
3812000,1906000.0,-67.60892486572266,0.4125363654043317,-67.19638850031832,212.76832680232081
3813000,1906500.0,-67.71826171875,0.506103245104307,-67.21215847364569,261.0260565623764
3814000,1907000.0,-67.72468566894531,0.5098467593100546,-67.21483890963526,262.9567984816663
3815000,1907500.0,-67.6281967163086,0.4259183738900191,-67.20227834241858,219.67018514386004
3816000,1908000.0,-67.76942443847656,0.5582545544723699,-67.21116988400419,287.92343523084236
3817000,1908500.0,-67.60663604736328,0.3946402650756663,-67.21199578228762,203.53829608858092
3818000,1909000.0,-67.80339050292969,0.5915878765628756,-67.21180262636682,305.1153139662079
3819000,1909500.0,-67.65697479248047,0.4643243821560461,-67.19265041032442,239.478334929418
3820000,1910000.0,-67.72512817382812,0.530630081843077,-67.19449809198505,273.6759329182391
3821000,1910500.0,-67.76838684082031,0.5656268427032324,-67.20275999811707,291.7257410713169
3822000,1911000.0,-67.67102813720703,0.456220138901309,-67.21480799830572,235.29851850130902
3823000,1911500.0,-67.77906799316406,0.5686286680925684,-67.21043932507149,293.27395213585123
3824000,1912000.0,-67.62202453613281,0.421116748080657,-67.20090778805215,217.1937152491697
3825000,1912500.0,-67.54464721679688,0.35639749484764677,-67.18824972194923,183.81433738805205
3826000,1913000.0,-67.7714614868164,0.5617019387926715,-67.20975954802374,289.70144622620325
3827000,1913500.0,-67.6368408203125,0.4447237123360004,-67.1921171079765,229.36916135940214
3828000,1914000.0,-67.57093811035156,0.3625518237290196,-67.20838628662254,186.98847273342338
3829000,1914500.0,-67.80492401123047,0.5913674019938986,-67.21355660923658,305.00160276623234
3830000,1915000.0,-67.74349212646484,0.5290604694946284,-67.21443165697022,272.8663950905124
3831000,1915500.0,-67.77015686035156,0.5587603941764007,-67.21139646617516,288.18432536437354
3832000,1916000.0,-67.7579345703125,0.5588819403183073,-67.1990526299942,288.2470135814896
3833000,1916500.0,-67.711669921875,0.500608827890425,-67.21106109398457,258.19227497270793
3834000,1917000.0,-67.628662109375,0.42814459630741125,-67.2005175130676,220.81837390625947
3835000,1917500.0,-67.70098876953125,0.499293657861841,-67.20169511166941,257.51396743449095
3836000,1918000.0,-67.63243103027344,0.42701301391306923,-67.20541801636037,220.23475289033487
3837000,1918500.0,-67.72930908203125,0.5302464701744989,-67.19906261185675,273.4780826928772
3838000,1919000.0,-67.74626159667969,0.5418087000360763,-67.20445289664362,279.4413783149262
3839000,1919500.0,-67.6423110961914,0.44194323170678973,-67.20036786448462,227.9351103016158
3840000,1920000.0,-67.79814147949219,0.5879374171117276,-67.21020406238046,303.23256564481034
3841000,1920500.0,-67.63909912109375,0.44065476394381187,-67.19844435714994,227.2705746314117
3842000,1921000.0,-67.62932586669922,0.44674330543806,-67.18258256126116,230.4107797018859
3843000,1921500.0,-67.74198913574219,0.5471934510298107,-67.19479568471237,282.21859883477316
3844000,1922000.0,-67.70834350585938,0.5069013037651204,-67.20144220209426,261.43766053281655
3845000,1922500.0,-67.66183471679688,0.46758539950892786,-67.19424931728794,241.1602259432343
3846000,1923000.0,-67.7392578125,0.5482891468019704,-67.19096866569802,282.78371109075164
3847000,1923500.0,-67.7681884765625,0.569791772343455,-67.19839670421905,293.87383075531613
3848000,1924000.0,-67.63665008544922,0.43223779210430346,-67.20441229334492,222.9294663917073
3849000,1924500.0,-67.69104766845703,0.4956689643265752,-67.19537870413046,255.6445080526161
3850000,1925000.0,-67.53025817871094,0.3330646275757834,-67.19719355113516,171.78025858855221
3851000,1925500.0,-67.7919692993164,0.5966872728030784,-67.19528202651333,307.7453609068372
3852000,1926000.0,-67.75022888183594,0.5477082614166973,-67.20252062041924,282.4841156566198
3853000,1926500.0,-67.7107162475586,0.5205317275322208,-67.19018452002638,268.46764067939125
3854000,1927000.0,-67.74353790283203,0.5424118544774689,-67.20112604835457,279.75245916030264
3855000,1927500.0,-67.70992279052734,0.5160909142624228,-67.19383187626492,266.1772622102583
3856000,1928000.0,-67.72998046875,0.5279828694875309,-67.20199759926247,272.3106158436391
3857000,1928500.0,-67.53997802734375,0.3437243771649264,-67.19625365017882,177.27809411146598
3858000,1929000.0,-67.6718978881836,0.4688829061467226,-67.20301498203688,241.82942347220347
3859000,1929500.0,-67.69135284423828,0.48515462441870444,-67.20619821981958,250.2216685232187
3860000,1930000.0,-67.65860748291016,0.47064101601235375,-67.1879664668978,242.73618012644013
3861000,1930500.0,-67.7617416381836,0.5630808028216597,-67.19866083536193,290.4126043614338
3862000,1931000.0,-67.61322784423828,0.40585657657621216,-67.20737126766207,209.32318205499934
3863000,1931500.0,-67.75670623779297,0.5572027584139269,-67.19950347937905,287.38096453914255
3864000,1932000.0,-67.63340759277344,0.4212691450046163,-67.21213844776882,217.27231495877072
3865000,1932500.0,-67.62432861328125,0.4241828670129011,-67.20014574626835,218.77508612868257
3866000,1933000.0,-67.7664566040039,0.557308991423437,-67.20914761258047,287.4357549081383
3867000,1933500.0,-67.60701751708984,0.41021296115751665,-67.19680455593233,211.5700158762144
3868000,1934000.0,-67.66059875488281,0.4559428695163959,-67.20465588536642,235.15551500380244
3869000,1934500.0,-67.92015075683594,0.7051213261330774,-67.21502943070286,363.67093263868935
3870000,1935000.0,-67.73057556152344,0.5260114045483911,-67.20456415697505,271.29381991574775
3871000,1935500.0,-67.68900299072266,0.48840864115547983,-67.20059434956718,251.899948923522
3872000,1936000.0,-67.68146514892578,0.4811605586328632,-67.20030459029292,248.16170298888596
3873000,1936500.0,-67.6666259765625,0.4668373853284744,-67.19978859123403,240.77443274063143
3874000,1937000.0,-67.51166534423828,0.31103568570150697,-67.20062965853677,160.41868783533744
3875000,1937500.0,-67.82340240478516,0.6158904283103048,-67.20751197647485,317.6495138718559
3876000,1938000.0,-67.59798431396484,0.40905245904523174,-67.18893185491962,210.97147932674096
3877000,1938500.0,-67.69278717041016,0.5023923573523388,-67.19039481305782,259.1121419498703
3878000,1939000.0,-67.70391082763672,0.48989698109210983,-67.2140138465446,252.66756997365528
3879000,1939500.0,-67.64788055419922,0.45312666933054097,-67.19475388486867,233.70304135121313
3880000,1940000.0,-67.73480987548828,0.5269393526372848,-67.207870522851,271.77241520767984
3881000,1940500.0,-67.57781219482422,0.3777009243776088,-67.20011127044661,194.8017204077251
3882000,1941000.0,-67.63335418701172,0.4555707366542686,-67.17778345035745,234.96358504789325
3883000,1941500.0,-67.66097259521484,0.4710375765223219,-67.18993501869252,242.94070880138278
3884000,1942000.0,-67.6589584350586,0.47245191886063304,-67.18650651619797,243.67016510653346
3885000,1942500.0,-67.63561248779297,0.44547187460356996,-67.1901406131894,229.75503093890308
3886000,1943000.0,-67.62765502929688,0.4476867612494516,-67.17996826804742,230.89737320305514
3887000,1943500.0,-67.7428970336914,0.5555573615027418,-67.18733967218867,286.53234032785537
3888000,1944000.0,-67.66853332519531,0.4645928975452501,-67.20394042765007,239.61682349642135
3889000,1944500.0,-67.65804290771484,0.4705315374913336,-67.1875113702235,242.67971586367042
3890000,1945000.0,-67.7593994140625,0.5692543238849085,-67.1901450901776,293.59663820004806
3891000,1945500.0,-67.74829864501953,0.5598871617710803,-67.18841148324844,288.76546311590266
3892000,1946000.0,-67.53636932373047,0.3591141320482408,-67.17725519168222,185.21546078024758
3893000,1946500.0,-67.69217681884766,0.5155716394804412,-67.17660517936721,265.909442847462
3894000,1947000.0,-67.57648468017578,0.3944213701794075,-67.18206330999638,203.4253996151345
3895000,1947500.0,-67.5887222290039,0.4158487404246115,-67.1728734885793,214.47670586877229
3896000,1948000.0,-67.6643295288086,0.4883124128805098,-67.17601711592809,251.8503185617565
3897000,1948500.0,-67.5900650024414,0.40845673649489395,-67.18160826594651,210.66423152775104
3898000,1949000.0,-67.6512451171875,0.4479290180184566,-67.20331609916904,231.022318715064
3899000,1949500.0,-67.55623626708984,0.3674394012652916,-67.18879686582456,189.50927279304955
3900000,1950000.0,-67.7014389038086,0.5132382671619689,-67.18820063664663,264.70599082324685
3901000,1950500.0,-67.8648452758789,0.6640611655039679,-67.20078411037494,342.4938864242844
3902000,1951000.0,-67.71775817871094,0.5178437749222078,-67.19991440378872,267.08131155227085
3903000,1951500.0,-67.85540771484375,0.6754246366371132,-67.17998307820663,348.35467093305397
3904000,1952000.0,-67.63780212402344,0.4523535961838543,-67.18544852783958,233.3043238229896
3905000,1952500.0,-67.71145629882812,0.5285814314384895,-67.18287486738963,272.6193280820575
3906000,1953000.0,-67.58167266845703,0.3994104394957502,-67.18226222896128,205.99854472368423
3907000,1953500.0,-67.77742004394531,0.590996315372606,-67.1864237285727,304.8102124158719
3908000,1954000.0,-67.64558410644531,0.4452852987176229,-67.20029880772769,229.65880320626258
3909000,1954500.0,-67.6316146850586,0.4297174585143056,-67.20189722654429,221.62958786972064
3910000,1955000.0,-67.7078628540039,0.49798982411821213,-67.2098730298857,256.8415066593338
3911000,1955500.0,-67.74826049804688,0.5430812507771798,-67.2051792472697,280.0977046770647
3912000,1956000.0,-67.70071411132812,0.5084776409713692,-67.19223647035676,262.2506667499074
3913000,1956500.0,-67.74425506591797,0.5452964446895061,-67.19895862122846,281.24020541589385
3914000,1957000.0,-67.7221908569336,0.5255673660604521,-67.19662349087314,271.06480416334966
3915000,1957500.0,-67.69410705566406,0.49519859311509884,-67.19890846254896,255.40191102594255
3916000,1958000.0,-67.59805297851562,0.38296640655576414,-67.21508657195986,197.51742725639406
3917000,1958500.0,-67.5394287109375,0.33893594986887116,-67.20049276106863,174.80843143627936
3918000,1959000.0,-67.61896514892578,0.4350006912723415,-67.18396445765345,224.35444969598112
3919000,1959500.0,-67.6191177368164,0.41746546934665335,-67.20165226746975,215.31054437728443
3920000,1960000.0,-67.67357635498047,0.4721694893369053,-67.20140686564356,243.52450023370648
3921000,1960500.0,-67.6596450805664,0.4652402759140473,-67.19440480465236,239.95071312140507
3922000,1961000.0,-67.56422424316406,0.35389964412582064,-67.21032459903824,182.52605455227342
3923000,1961500.0,-67.75401306152344,0.5532811646722926,-67.20073189685114,285.3583769352881
3924000,1962000.0,-67.72248077392578,0.5430063078823865,-67.17947446604339,280.0590523892469
3925000,1962500.0,-67.59741973876953,0.4158595511686952,-67.18156018760084,214.4822815806927
3926000,1963000.0,-67.73650360107422,0.5465117623350673,-67.18999183873915,281.8670134349298
3927000,1963500.0,-67.63428497314453,0.4593771331513526,-67.17490783999318,236.92675891993966
3928000,1964000.0,-67.66439056396484,0.46740077349169185,-67.19698979047315,241.0650038681259
3929000,1964500.0,-67.69918060302734,0.5083344132133151,-67.19084618981402,262.17679609755186
3930000,1965000.0,-67.69267272949219,0.5049749585879311,-67.18769777090425,260.4441354170547
3931000,1965500.0,-67.71260833740234,0.5124487523227365,-67.2001595850796,264.2987933846297
3932000,1966000.0,-67.69258880615234,0.4998406975292333,-67.1927481086231,257.7961067184096
3933000,1966500.0,-67.8464584350586,0.65478179611066,-67.19167663894794,337.7079910095622
3934000,1967000.0,-67.62075805664062,0.4259156553299424,-67.19484240131068,219.66878302873195
3935000,1967500.0,-67.71443939208984,0.5198873138474336,-67.19455207824241,268.1352801095629
3936000,1968000.0,-67.62669372558594,0.41988468282465796,-67.20680904276128,216.5582695405877
3937000,1968500.0,-67.57073974609375,0.36464584392280963,-67.20609390217093,188.06847733492387
3938000,1969000.0,-67.71080017089844,0.49792279116347726,-67.21287737973496,256.8069339748007
3939000,1969500.0,-67.62723541259766,0.4066757407732408,-67.22055967182442,209.74567134368866
3940000,1970000.0,-67.58891296386719,0.38916517820740243,-67.19974778565978,200.71448425100849
3941000,1970500.0,-67.68709564208984,0.475093943586947,-67.2120016985029,245.0328066274506
3942000,1971000.0,-67.67572784423828,0.4778296434865965,-67.19789820075168,246.44376173127813
3943000,1971500.0,-67.7490005493164,0.5253388432251501,-67.22366170609125,270.9469420174134
3944000,1972000.0,-67.65715789794922,0.43909117265065317,-67.21806672529857,226.46414220230454
3945000,1972500.0,-67.80658721923828,0.5935820701373903,-67.2130051491009,306.1438323363486
3946000,1973000.0,-67.65055847167969,0.4359494426259395,-67.21460902905375,224.84377440765505
3947000,1973500.0,-67.6228256225586,0.40794024580748667,-67.21488537675111,210.3978480799284
3948000,1974000.0,-67.64891815185547,0.4226712049919633,-67.22624694686351,217.995436561134
3949000,1974500.0,-67.66035461425781,0.4451351086777323,-67.21521950558008,229.5813417115442
3950000,1975000.0,-67.73555755615234,0.5075620971164384,-67.22799545903591,261.7784690227159
3951000,1975500.0,-67.85260772705078,0.6400967589814458,-67.21251096806934,330.13408712850554
3952000,1976000.0,-67.8281021118164,0.5995810275836935,-67.22852108423271,309.2378338485723
3953000,1976500.0,-67.6682357788086,0.462145198801787,-67.2060905800068,238.35440687127763
3954000,1977000.0,-67.72151947021484,0.4888834316590874,-67.23263603855575,252.1448252289968
3955000,1977500.0,-67.703857421875,0.49331353502134667,-67.21054388685366,254.42967999331657
3956000,1978000.0,-67.64215850830078,0.4133429624595702,-67.22881554584121,213.1843345054928
3957000,1978500.0,-67.62135314941406,0.38544738272935086,-67.23590576668471,198.79700693362588
3958000,1979000.0,-67.77421569824219,0.5589066576957273,-67.21530904054646,288.2597617304472
3959000,1979500.0,-67.63118743896484,0.41587431613668857,-67.21531312282815,214.48989670943936
3960000,1980000.0,-67.71536254882812,0.49287876447695733,-67.22248378435117,254.20544424337973
3961000,1980500.0,-67.73724365234375,0.513643876964082,-67.22359977537967,264.91518672975957
3962000,1981000.0,-67.60525512695312,0.3770521915436148,-67.22820293540951,194.4671322084633
3963000,1981500.0,-67.66169738769531,0.4318948491204801,-67.22980253857483,222.75259130631895
3964000,1982000.0,-67.73782348632812,0.5168015951909706,-67.22102189113716,266.54380054418
3965000,1982500.0,-67.77825927734375,0.546362427136233,-67.23189685020752,281.7899928300735
3966000,1983000.0,-67.8796615600586,0.6500055586946489,-67.22965600136395,335.24461534468156
3967000,1983500.0,-67.74771881103516,0.5129276065658595,-67.2347912044693,264.54576559032023
3968000,1984000.0,-67.63506317138672,0.4208337674196971,-67.21422940396702,217.04776612371296
3969000,1984500.0,-67.72401428222656,0.49156259251648077,-67.23245168971008,253.52661995224057
3970000,1985000.0,-67.73435974121094,0.5022496250902767,-67.23211011612067,259.0385268528112
3971000,1985500.0,-67.66593933105469,0.4359432034825074,-67.22999612757218,224.8405565286508
3972000,1986000.0,-67.62813568115234,0.40523330237726485,-67.22290237877507,209.001724313161
3973000,1986500.0,-67.6878433227539,0.48013938563863745,-67.20770393711527,247.63502634270912
3974000,1987000.0,-67.64633178710938,0.4362734594953601,-67.21005832761402,225.01088822583876
3975000,1987500.0,-67.683837890625,0.4424177915512051,-67.24142009907379,228.17986764310461
3976000,1988000.0,-67.7144775390625,0.4941880959100377,-67.22028944315247,254.88074048780453
3977000,1988500.0,-67.7684097290039,0.5352580316532584,-67.23315169735065,276.06282828120254
3978000,1989000.0,-67.80081939697266,0.5614582176238881,-67.23936117934876,289.57574544043734
3979000,1989500.0,-67.7114486694336,0.4860513174215343,-67.22539735201205,250.68414380022966
3980000,1990000.0,-67.71520233154297,0.48412149828071127,-67.23108083326225,249.68882696501788
3981000,1990500.0,-67.6755599975586,0.4378201321836607,-67.23773986537493,225.80859477391004
3982000,1991000.0,-67.58338928222656,0.35988419855770715,-67.22350508366885,185.6126276156733
3983000,1991500.0,-67.61168670654297,0.369663260280649,-67.24202344626232,190.65624261540228
3984000,1992000.0,-67.69691467285156,0.45923683926755865,-67.237677833584,236.85440143240962
3985000,1992500.0,-67.81017303466797,0.5785250727749476,-67.23164796189302,298.37808753386565
3986000,1993000.0,-67.71089172363281,0.47903494051380535,-67.23185678311901,247.06540155090394
3987000,1993500.0,-67.61665344238281,0.3728195589144792,-67.24383388346833,192.2841242654243
3988000,1994000.0,-67.6297378540039,0.40406714289748435,-67.22567071110642,208.40026993942504
3989000,1994500.0,-67.57511901855469,0.35140074590556597,-67.22371827264912,181.23723146233377
3990000,1995000.0,-67.76324462890625,0.5239571202288652,-67.23928750867738,270.2343093511133
3991000,1995500.0,-67.7629165649414,0.5130508678438523,-67.24986569709755,264.60933840008295
3992000,1996000.0,-67.75696563720703,0.5177873841657344,-67.2391782530413,267.0522276510487
3993000,1996500.0,-67.63298034667969,0.42486975930135396,-67.20811058737833,219.12935531599237
3994000,1997000.0,-67.60489654541016,0.36190699580466634,-67.2429895496055,186.65589851683137
3995000,1997500.0,-67.55081939697266,0.31311443865086647,-67.23770495832179,161.49081825573592
3996000,1998000.0,-67.77900695800781,0.5326540019636765,-67.24635295604413,274.71978294881626
3997000,1998500.0,-67.77345275878906,0.5410976114303189,-67.23235514735875,279.07462971881904
3998000,1999000.0,-67.59107208251953,0.35935263414846075,-67.23171944837107,185.33846979729
3999000,1999500.0,-67.74903106689453,0.5069665810764723,-67.24206448581806,261.4713277328
4000000,2000000.0,-67.67938995361328,0.4438840192191019,-67.23550593439418,228.9360841461126
4001000,2000500.0,-67.75626373291016,0.5425689677180481,-67.2136947651921,279.8334913410263
4002000,2001000.0,-67.61848449707031,0.37814709992774415,-67.24033739714257,195.03183836391872
4003000,2001500.0,-67.68567657470703,0.4470099266834287,-67.2386666480236,230.54829135182604
4004000,2002000.0,-67.69752502441406,0.47256306053937147,-67.22496196387469,243.72748715376682
4005000,2002500.0,-67.61772155761719,0.38402809346988354,-67.23369346414731,198.06499922155572
4006000,2003000.0,-67.6580581665039,0.42726493446508157,-67.23079323203882,220.36468256159245
4007000,2003500.0,-67.69509887695312,0.4554290424224741,-67.23966983453064,234.89050532172922
4008000,2004000.0,-67.53256225585938,0.310630768514665,-67.2219314873447,160.20984914967772
4009000,2004500.0,-67.76350402832031,0.516824418232909,-67.2466796100874,266.55557167723157
4010000,2005000.0,-67.69654846191406,0.4612160500593989,-67.23533241185466,237.87519233445823
4011000,2005500.0,-67.70494079589844,0.4762364118692581,-67.22870438402919,245.6220421112456
4012000,2006000.0,-67.6805419921875,0.4459623953387074,-67.23457959684879,230.0080202141025
4013000,2006500.0,-67.67045593261719,0.43444118826082057,-67.23601474435637,224.06588236086753
4014000,2007000.0,-67.63207244873047,0.3952779954203789,-67.2367944533101,203.86720968208334
4015000,2007500.0,-67.79438781738281,0.5495591187875662,-67.24482869859524,283.4387074428823
4016000,2008000.0,-67.71634674072266,0.49036271571769724,-67.22598402500496,252.90777565085182
4017000,2008500.0,-67.7803955078125,0.5551296212249558,-67.22526588658755,286.3117304838691
4018000,2009000.0,-67.739501953125,0.5113425236543592,-67.22815942947064,263.7282487185838
4019000,2009500.0,-67.73207092285156,0.47848419252447966,-67.25358673032709,246.78134967571054
4020000,2010000.0,-67.8127670288086,0.5905074377439852,-67.22225959106461,304.55807058359784
4021000,2010500.0,-67.88919067382812,0.6368698422659826,-67.25232083156214,328.46978374132027
4022000,2011000.0,-67.6078872680664,0.3687119185091112,-67.2391753495573,190.1655818787449
4023000,2011500.0,-67.5970230102539,0.37631863089794204,-67.22070437935596,194.08879351089212
4024000,2012000.0,-67.61128234863281,0.3731411262418878,-67.23814122239092,192.44997471630506
4025000,2012500.0,-67.61066436767578,0.358500670137377,-67.2521636975384,184.89906379012163
4026000,2013000.0,-67.73516082763672,0.4844986040173192,-67.2506622236194,249.88332171344325
4027000,2013500.0,-67.79271697998047,0.5337270186368075,-67.25898996134366,275.27319831123964
4028000,2014000.0,-67.58903503417969,0.3578538608919429,-67.23118117328775,184.5654676942322
4029000,2014500.0,-67.62476348876953,0.3764637735030677,-67.24829971526647,194.16365175814033
4030000,2015000.0,-67.7036361694336,0.45523458759108026,-67.24840158184251,234.79021397147758
4031000,2015500.0,-67.7154769897461,0.4566219203280516,-67.25885506941805,235.50573989820205
4032000,2016000.0,-67.68848419189453,0.43203840248521463,-67.25644578940931,222.82662989244812
4033000,2016500.0,-67.8050765991211,0.5627753178922009,-67.24230128122889,290.2550485124105
4034000,2017000.0,-67.66627502441406,0.418844653576757,-67.24743037083731,216.0218676583331
4035000,2017500.0,-67.64726257324219,0.39564180702605006,-67.25162076621613,204.0548478955874
4036000,2018000.0,-67.62589263916016,0.3833040629615454,-67.24258857619861,197.69157575460403
4037000,2018500.0,-67.78852081298828,0.5318587078457127,-67.25666210514257,274.30960480941985
4038000,2019000.0,-67.66380310058594,0.414102800456656,-67.24970030012928,213.57622591880448
4039000,2019500.0,-67.8056640625,0.5550097861045444,-67.25065427639545,286.24992473727247
4040000,2020000.0,-67.60938262939453,0.34543847137260725,-67.26394415802193,178.16214940242767
4041000,2020500.0,-67.82152557373047,0.5715430613457092,-67.24998251238476,294.77706950468485
4042000,2021000.0,-67.6662368774414,0.41616271888830786,-67.2500741585531,214.63864231359253
4043000,2021500.0,-67.70270538330078,0.4437060697323937,-67.25899931356838,228.8443055352618
4044000,2022000.0,-67.67284393310547,0.43330982343829794,-67.23953410966718,223.48237355903086
4045000,2022500.0,-67.77976989746094,0.5251792066578972,-67.25459069080304,270.86460841446524
4046000,2023000.0,-67.73307800292969,0.4858383469278891,-67.2472396560018,250.5743028761532
4047000,2023500.0,-67.77513122558594,0.5421255889287754,-67.23300563665717,279.6048158325272
4048000,2024000.0,-67.65542602539062,0.3999369224574788,-67.25548910293314,206.27008175229778
4049000,2024500.0,-67.6307373046875,0.3752249311958539,-67.25551237349164,193.5247107410994
4050000,2025000.0,-67.62965393066406,0.38024659246310005,-67.24940733820097,196.11466536134915
4051000,2025500.0,-67.75459289550781,0.5124537433427652,-67.24213915216505,264.3013675358309
4052000,2026000.0,-67.71267700195312,0.4611901773384088,-67.25148682461472,237.86184830950302
4053000,2026500.0,-67.71260833740234,0.4616531639991986,-67.25095517340314,238.10063670589443
4054000,2027000.0,-67.70298767089844,0.4616074177687705,-67.24138025312966,238.07704278855297
4055000,2027500.0,-67.71353912353516,0.4446279832539427,-67.26891114028122,229.31978845964392
4056000,2028000.0,-67.77692413330078,0.5228013966442833,-67.2541227366565,269.6382373585352
4057000,2028500.0,-67.76166534423828,0.5134403382422086,-67.24822500599608,264.81021030362064
4058000,2029000.0,-67.75586700439453,0.5158297379143659,-67.24003726648017,266.04255880169467
4059000,2029500.0,-67.60417175292969,0.37400323233048793,-67.2301685205992,192.89461156624137
4060000,2030000.0,-67.67654418945312,0.4216915238032964,-67.25485266564984,217.49015958486532
4061000,2030500.0,-67.72998046875,0.4844500098132197,-67.24553045893678,249.85825893506635
4062000,2031000.0,-67.7587661743164,0.5311870280333945,-67.227579146283,273.96318155610555
4063000,2031500.0,-67.74445343017578,0.5041864821214077,-67.24026694805437,260.03747352594905
4064000,2032000.0,-67.62501525878906,0.3744062591220009,-67.25060899966707,193.10247526815445
4065000,2032500.0,-67.69117736816406,0.44914443463115794,-67.24203293353291,231.64917777704937
4066000,2033000.0,-67.732177734375,0.48604167162519457,-67.24613606274981,250.67916891772236
4067000,2033500.0,-67.64202880859375,0.4009145059960152,-67.24111430259774,206.77427685180135
4068000,2034000.0,-67.73739624023438,0.48403408394642916,-67.25336215628795,249.64374245077025
4069000,2034500.0,-67.68086242675781,0.4407597324500161,-67.2401026943078,227.32471282456257
4070000,2035000.0,-67.70660400390625,0.45606519180415667,-67.25053881210209,235.21860352321568
4071000,2035500.0,-67.60684967041016,0.36993370639904205,-67.23691596401112,190.79572696860413
4072000,2036000.0,-67.72140502929688,0.4742140901111606,-67.24719093918571,244.57901644657576
4073000,2036500.0,-67.7497329711914,0.5145662406274163,-67.23516673056399,265.3909018177096
4074000,2037000.0,-67.7269515991211,0.4841056030210133,-67.24284599610009,249.68062888093695
4075000,2037500.0,-67.67137145996094,0.43291614523766137,-67.23845531472328,223.2793314539648
4076000,2038000.0,-67.72171020507812,0.4800220428080376,-67.2416881622701,247.57450601087243
4077000,2038500.0,-67.70492553710938,0.4746624107216778,-67.2302631263877,244.81024073168152
4078000,2039000.0,-67.63118743896484,0.3827475477985947,-67.24843989116624,197.40454942191917
4079000,2039500.0,-67.75517272949219,0.5325624344208603,-67.22261029507133,274.6725563901217
4080000,2040000.0,-67.63923645019531,0.4015035346175582,-67.23773291557775,207.07807221326374
4081000,2040500.0,-67.75345611572266,0.508003034486954,-67.24545308123571,262.00588535353387
4082000,2041000.0,-67.67945098876953,0.4358429310244934,-67.24360805774504,224.78884035304748
4083000,2041500.0,-67.65641784667969,0.4120122167976352,-67.24440562988205,212.49799373257247
4084000,2042000.0,-67.74205017089844,0.4963275150506775,-67.24572265584776,255.98415989287113
4085000,2042500.0,-67.64488983154297,0.4200324099649497,-67.22485742157802,216.63446077874042
4086000,2043000.0,-67.68649291992188,0.4344477447146092,-67.25204517520727,224.06926389476212
4087000,2043500.0,-67.701416015625,0.4685362655817808,-67.23287975004322,241.6506413351858
4088000,2044000.0,-67.73287200927734,0.4947982661530724,-67.23807374312427,255.19543977873323
4089000,2044500.0,-67.64949035644531,0.4022237272596519,-67.24726662918566,207.44951627561548
4090000,2045000.0,-67.6722183227539,0.43467393761842826,-67.23754438513548,224.18592436330766
4091000,2045500.0,-67.69180297851562,0.45835450280023304,-67.23344847571539,236.39933063241955
4092000,2046000.0,-67.70392608642578,0.47304615816740003,-67.23087992825837,243.97664791295725
4093000,2046500.0,-67.58737182617188,0.33847875658132504,-67.24889306959055,174.57263101000396
4094000,2047000.0,-67.7252426147461,0.49103957268978043,-67.23420304205631,253.25686905815294
4095000,2047500.0,-67.71642303466797,0.48619258263788295,-67.23023045203009,250.75700225887346
4096000,2048000.0,-67.67723846435547,0.4384084144749644,-67.2388300498805,226.1120052106735
4097000,2048500.0,-67.67943572998047,0.4373977053233222,-67.24203802465715,225.59072535970097
4098000,2049000.0,-67.77690124511719,0.536044366467775,-67.24085687864941,276.4683856012879
4099000,2049500.0,-67.71424102783203,0.4772143727858474,-67.23702665504618,246.1264318459465
4100000,2050000.0,-67.8323974609375,0.5819341652975912,-67.2504632956399,300.1363492843086
4101000,2050500.0,-67.72611236572266,0.4937553120538913,-67.23235705366876,254.657529385314
4102000,2051000.0,-67.68914031982422,0.4410664170908822,-67.24807390273334,227.48288743258553
4103000,2051500.0,-67.76034545898438,0.5083297237451015,-67.25201573523927,262.1743774736703
4104000,2052000.0,-67.74449920654297,0.4949344929568039,-67.24956471358617,255.2656996431386
4105000,2052500.0,-67.74754333496094,0.49499497573608214,-67.25254835922486,255.29689403186785
4106000,2053000.0,-67.71612548828125,0.4839145795470828,-67.23221090873416,249.58210727572447
4107000,2053500.0,-67.7688980102539,0.5264454069031669,-67.24245260335074,271.51765946687044
4108000,2054000.0,-67.94729614257812,0.6986616012942896,-67.24863454128383,360.33928733220785
4109000,2054500.0,-67.70105743408203,0.4638139646084919,-67.23724346947354,239.21508374316875
4110000,2055000.0,-67.63519287109375,0.41581021266045814,-67.21938265843329,214.45683492259204
4111000,2055500.0,-67.60485076904297,0.351698556885835,-67.25315221215713,181.39082942190538
4112000,2056000.0,-67.61856842041016,0.36378530252410224,-67.25478311788605,187.6246474840266
4113000,2056500.0,-67.6352310180664,0.3848547947150733,-67.25037622335134,198.4913757920964
4114000,2057000.0,-67.81607818603516,0.5619817210009252,-67.25409646503424,289.84574572877165
4115000,2057500.0,-67.69326782226562,0.4231905061563601,-67.27007731610927,218.2632695308333
4116000,2058000.0,-67.69830322265625,0.45090557522063934,-67.2473976474356,232.55749754692067
4117000,2058500.0,-67.70765686035156,0.45902160338063247,-67.24863525697093,236.74339211694183
4118000,2059000.0,-67.72400665283203,0.471551895105535,-67.2524547577265,243.20597197227036
4119000,2059500.0,-67.6331787109375,0.37268950598486095,-67.26048920495263,192.21704861694545
4120000,2060000.0,-67.7729721069336,0.5255887242074228,-67.24738338272617,271.075819767247
4121000,2060500.0,-67.7161636352539,0.4648440455343167,-67.25131958971959,239.74635471329017
4122000,2061000.0,-67.70140075683594,0.4584677289224999,-67.24293302791344,236.45772774502663
4123000,2061500.0,-67.91261291503906,0.6746915328796418,-67.23792138215943,347.9765678785589
4124000,2062000.0,-67.80441284179688,0.5588247746649994,-67.24558806713188,288.2175300221603
4125000,2062500.0,-67.77669525146484,0.5271166395567983,-67.24957861190805,271.8638520951695
4126000,2063000.0,-67.79090118408203,0.5509543387394741,-67.23994684534256,284.1583012522612
4127000,2063500.0,-67.67823791503906,0.44004286557392513,-67.23819504946513,226.954984047764
4128000,2064000.0,-67.81317901611328,0.5784274208222383,-67.23475159529104,298.327722901001
4129000,2064500.0,-67.67881774902344,0.42256758417759327,-67.25625016484584,217.94199344885516
4130000,2065000.0,-67.61243438720703,0.35094704085901723,-67.26148734634802,181.00323011915197
4131000,2065500.0,-67.76814270019531,0.5202581518834664,-67.24788454831184,268.3265422504508
4132000,2066000.0,-67.63069915771484,0.3783675935516432,-67.2523315641632,195.1455593915949
4133000,2066500.0,-67.74614715576172,0.4925391874773548,-67.25360796828437,254.03030518635342
4134000,2067000.0,-67.67137908935547,0.42473927068083395,-67.24663981867464,219.06205495708323
4135000,2067500.0,-67.73725891113281,0.47850216396651174,-67.2587567471663,246.79061856440026
4136000,2068000.0,-67.73336029052734,0.4690079069497084,-67.26435238357763,241.89389345335087
4137000,2068500.0,-67.68126678466797,0.42983820462605005,-67.25142858004192,221.6918634660516
4138000,2069000.0,-67.74345397949219,0.49976670777469706,-67.24368727171749,257.75794601890914
4139000,2069500.0,-67.73970031738281,0.46247718103592217,-67.27722313634689,238.52562887837465
4140000,2070000.0,-67.75833129882812,0.49980726000900416,-67.25852403881912,257.7788610988032
4141000,2070500.0,-67.86280059814453,0.6070093946881367,-67.2557912034564,313.0690627346287
4142000,2071000.0,-67.62703704833984,0.36894233861867715,-67.25809470972116,190.28442255628346
4143000,2071500.0,-67.82124328613281,0.5744420152828835,-67.24680127084993,296.2722239453971
4144000,2072000.0,-67.757568359375,0.5062414726189015,-67.2513268867561,261.097348306486
4145000,2072500.0,-67.70600128173828,0.464412683271899,-67.24158859846638,239.5238768070568
4146000,2073000.0,-67.72644805908203,0.46097569412479644,-67.26547236495723,237.75122719021633
4147000,2073500.0,-67.75545501708984,0.4813864247563425,-67.2740685923335,248.2781949183354
4148000,2074000.0,-67.6214599609375,0.37560301365179666,-67.2458569472857,193.71970923890558
4149000,2074500.0,-67.63963317871094,0.3940959023742662,-67.24553727633668,203.25753746736953
4150000,2075000.0,-67.74339294433594,0.5047973003814784,-67.23859564395445,260.3525070358996
4151000,2075500.0,-67.7259292602539,0.4855214170731476,-67.24040784318076,250.41084423211112
4152000,2076000.0,-67.78803253173828,0.5461361415988399,-67.24189639013944,281.67328458515675
4153000,2076500.0,-67.73149871826172,0.4783245870205941,-67.25317413124112,246.69903209389716
4154000,2077000.0,-67.55323791503906,0.30833106320721193,-67.24490685183186,159.02376110644394
4155000,2077500.0,-67.74174499511719,0.4944607865164009,-67.24728420860079,255.021382450347
4156000,2078000.0,-67.66900634765625,0.41689094660846027,-67.25211540104779,215.01423051997048
4157000,2078500.0,-67.62967681884766,0.397175333002109,-67.23250148584555,204.8457739408929
4158000,2079000.0,-67.57366943359375,0.34186332781445744,-67.2318061057793,176.31824574510992
4159000,2079500.0,-67.69293212890625,0.44812112895755885,-67.2448109999487,231.12140118754652
4160000,2080000.0,-67.62650299072266,0.3733949897400172,-67.25310800098264,192.58090647472167
4161000,2080500.0,-67.69938659667969,0.4439237127927457,-67.25546288388693,228.95655636615726
4162000,2081000.0,-67.74214172363281,0.49201185316797896,-67.25012987046483,253.75832906962637
4163000,2081500.0,-67.77151489257812,0.5223289517541703,-67.24918594082395,269.39457081855124
4164000,2082000.0,-67.80335235595703,0.56146405538559,-67.24188830057145,289.5787563041908
4165000,2082500.0,-67.68773651123047,0.45249953663076176,-67.2352369745997,233.37959356235152
4166000,2083000.0,-67.72272491455078,0.4672854029736637,-67.25543951157712,241.00550076938913
4167000,2083500.0,-67.71517181396484,0.45021319831484485,-67.26495861565,232.20039963236937
4168000,2084000.0,-67.75689697265625,0.5142124548853443,-67.24268451777091,265.20843450888606
4169000,2084500.0,-67.65143585205078,0.38890316209692666,-67.26253268995386,200.57934772948866
4170000,2085000.0,-67.66165161132812,0.4129240352146195,-67.24872757611351,212.96827004079356
4171000,2085500.0,-67.6321029663086,0.3829858773865776,-67.24911708892202,197.5274694646478
4172000,2086000.0,-67.77139282226562,0.5142545533111228,-67.2571382689545,265.2301470471374
4173000,2086500.0,-67.72461700439453,0.4712744920647754,-67.25334251232975,243.06289954088737
4174000,2087000.0,-67.7494888305664,0.5097029740000604,-67.23978585656634,262.8826402682534
4175000,2087500.0,-67.61581420898438,0.37437747073178534,-67.24143673825259,193.08762746773937
4176000,2088000.0,-67.58586883544922,0.3383541482665492,-67.24751468718267,174.50836345721615
4177000,2088500.0,-67.77506256103516,0.5253015579507169,-67.24976100308444,270.9277118934272
4178000,2089000.0,-67.63959503173828,0.4012039901263564,-67.23839104161192,206.92358018409826
4179000,2089500.0,-67.56339263916016,0.32445978253005,-67.2389328566301,167.3422535147946
4180000,2090000.0,-67.64527893066406,0.39261486592844713,-67.25266406473561,202.49368324035774
4181000,2090500.0,-67.57402801513672,0.3303758122707408,-67.24365220286597,170.39348452083172
4182000,2091000.0,-67.6302719116211,0.3820502981086309,-67.24822161351246,197.04493833708395
4183000,2091500.0,-67.65602111816406,0.4151723126660888,-67.24084880549798,214.1278338311703
4184000,2092000.0,-67.80860900878906,0.5517402165180837,-67.25686879227098,284.56362285309024
4185000,2092500.0,-67.69922637939453,0.4508097468340803,-67.24841663256045,232.50807343021683
4186000,2093000.0,-67.59370422363281,0.36271340168344457,-67.23099082194936,187.07180761949442
4187000,2093500.0,-67.7083511352539,0.44915496742033223,-67.25919616783358,231.6546101319085
4188000,2094000.0,-67.77629089355469,0.5363343326845768,-67.23995656087011,276.61793757282777
4189000,2094500.0,-67.6934814453125,0.4642071904020787,-67.22927425491042,239.41789251634194
4190000,2095000.0,-67.80348205566406,0.5580764284172819,-67.24540562724678,287.8315655536956
4191000,2095500.0,-67.7636947631836,0.5237092142307469,-67.23998554895284,270.10645021226577
4192000,2096000.0,-67.68470001220703,0.4404416601025462,-67.24425835210448,227.16066493242843
4193000,2096500.0,-67.58671569824219,0.3566209091411279,-67.23009478910106,183.92956477015474
4194000,2097000.0,-67.73925018310547,0.5034973518088294,-67.23575283129664,259.6820500630688
4195000,2097500.0,-67.71772766113281,0.4859925771536988,-67.23173508397912,250.65384812316609
4196000,2098000.0,-67.60772705078125,0.3713506148241792,-67.23637643595707,191.52650674980734
4197000,2098500.0,-67.70509338378906,0.46658210848438125,-67.23851127530469,240.64277203979637
4198000,2099000.0,-67.6151123046875,0.38427236979389534,-67.23083993489361,198.19098633225923
4199000,2099500.0,-67.69438171386719,0.4516800641561309,-67.24270164971105,232.95694527747392
4200000,2100000.0,-67.71905517578125,0.49031887737165997,-67.22873629840959,252.88516573735487
4201000,2100500.0,-67.64322662353516,0.4211683521085249,-67.22205827142663,217.2203303638274
4202000,2101000.0,-67.82408905029297,0.5968992438312449,-67.22718980646172,307.85468635006055
4203000,2101500.0,-67.60902404785156,0.3711498947183331,-67.23787415313323,191.42298404330703
4204000,2102000.0,-67.58475494384766,0.35329989148686936,-67.23145505236079,182.21672820874034
4205000,2102500.0,-67.74072265625,0.505255921631633,-67.23546673461837,260.5890439432235
4206000,2103000.0,-67.68402862548828,0.45695175475008826,-67.22707687073819,235.67585415717113
4207000,2103500.0,-67.62133026123047,0.3984662198998931,-67.22286404133058,205.51155729568484
4208000,2104000.0,-67.64778900146484,0.4283989160558719,-67.21939008540897,220.94954097876644
4209000,2104500.0,-67.74847412109375,0.5049099490212219,-67.24356417207252,260.4106063081208
4210000,2105000.0,-67.67228698730469,0.45852007591983435,-67.21376691138485,236.4847260510428
4211000,2105500.0,-67.82975006103516,0.6022208083501145,-67.22752925268504,310.59931803250805
4212000,2106000.0,-67.78099822998047,0.5558740054578576,-67.22512422452262,286.6956515172968
4213000,2106500.0,-67.51283264160156,0.28535248737682156,-67.22748015422474,147.17241043353894
4214000,2107000.0,-67.52090454101562,0.2980311298237642,-67.22287341119186,153.71150314338257
4215000,2107500.0,-67.63301086425781,0.40076828403460807,-67.2322425802232,206.6988619194963
4216000,2108000.0,-67.79988098144531,0.5588176149491478,-67.24106336649616,288.21383735191387
4217000,2108500.0,-67.63818359375,0.3940663280262363,-67.24411726572376,203.24228430407464
4218000,2109000.0,-67.71674346923828,0.4764094712901901,-67.24033399794808,245.71129863871076
4219000,2109500.0,-67.73237609863281,0.5049276392671032,-67.2274484593657,260.4197301680578
4220000,2110000.0,-67.75679779052734,0.5190485782958565,-67.23774921223149,267.7026967668465
4221000,2110500.0,-67.69658660888672,0.4537370872094358,-67.24284952167729,234.01786836195527
4222000,2111000.0,-67.61988830566406,0.39345925526372955,-67.22642905040033,202.92918255897337
4223000,2111500.0,-67.59337615966797,0.3567805659108572,-67.23659559375712,184.01190879266215
4224000,2112000.0,-67.6472396850586,0.3982526018070782,-67.24898708325152,205.4013823681039
4225000,2112500.0,-67.77864837646484,0.5339553157796095,-67.24469306068524,275.39094405479403
4226000,2113000.0,-67.65019989013672,0.4089070256182874,-67.24129286451843,210.89647108623893
4227000,2113500.0,-67.63711547851562,0.40336731919622304,-67.2337481593194,208.03933129143934
4228000,2114000.0,-67.73626708984375,0.5036722823521061,-67.23259480749164,259.77227163411294
4229000,2114500.0,-67.78755950927734,0.5585066754797792,-67.22905283379757,288.05346828828107
4230000,2115000.0,-67.69942474365234,0.4645677916981129,-67.23485695195423,239.60387499166808
4231000,2115500.0,-67.7397689819336,0.5007013441714775,-67.23906763776212,258.2399908493488
4232000,2116000.0,-67.63621520996094,0.40841626196630326,-67.22779894799463,210.64335652508814
4233000,2116500.0,-67.67120361328125,0.43900796811362125,-67.23219564516764,226.421228918504
4234000,2117000.0,-67.8691635131836,0.6477440049729514,-67.22141950821064,334.07820423116067
4235000,2117500.0,-67.583740234375,0.3674579711611448,-67.21628226321386,189.518850338209
4236000,2118000.0,-67.61772155761719,0.4026629848641955,-67.215058572753,207.6760662561544
4237000,2118500.0,-67.65809631347656,0.42883450426222997,-67.22926180921434,221.1741984432079
4238000,2119000.0,-67.77629089355469,0.5348145230680429,-67.24147637048665,275.83408582959765
4239000,2119500.0,-67.70035552978516,0.46988743409158595,-67.23046809569357,242.34751532537928
4240000,2120000.0,-67.5854263305664,0.3501318224253114,-67.2352945081411,180.58277588368597
4241000,2120500.0,-67.72589111328125,0.49206886954064055,-67.2338222437406,253.78773563648662
4242000,2121000.0,-67.88912963867188,0.6472157375513222,-67.24191390112055,333.80574685569013
4243000,2121500.0,-67.73735809326172,0.5023848750875766,-67.23497321817415,259.10828292291495
4244000,2122000.0,-67.66246032714844,0.43260844498252776,-67.2298518821659,223.1206330362453
4245000,2122500.0,-67.73338317871094,0.49244308525564273,-67.2409400934553,253.9807398373796
4246000,2123000.0,-67.6011962890625,0.38303277548822023,-67.21816351357428,197.55165746709682
4247000,2123500.0,-67.53528594970703,0.30522200220546136,-67.23006394750156,157.42024257391296
4248000,2124000.0,-67.73715209960938,0.5083718120979089,-67.22878028751147,262.1960848167209
4249000,2124500.0,-67.77713012695312,0.5479781024589057,-67.22915202449423,282.62328793782467
4250000,2125000.0,-67.64769744873047,0.4006366648286523,-67.24706078390182,206.63097845375913
4251000,2125500.0,-67.76949310302734,0.525974835488323,-67.24351826753902,271.2749591840016
4252000,2126000.0,-67.70085906982422,0.46678485296110467,-67.23407421686312,240.74733882880798
4253000,2126500.0,-67.60028839111328,0.36488212219023686,-67.23540626892304,188.19033939566845
4254000,2127000.0,-67.5070571899414,0.29540355574607247,-67.21165363419533,152.35631463894208
4255000,2127500.0,-67.68534851074219,0.4376522679033841,-67.2476962428388,225.72201767419344
4256000,2128000.0,-67.76082611083984,0.5194463608492302,-67.24137974999061,267.90785571866286
4257000,2128500.0,-67.62462615966797,0.394927386574356,-67.22969877309362,203.68638087816137
4258000,2129000.0,-67.72469329833984,0.48312259592786294,-67.24157070241198,249.17363654769278
4259000,2129500.0,-67.6878662109375,0.43792228377293385,-67.24994392716457,225.8612801237423
4260000,2130000.0,-67.62416076660156,0.38793971481348405,-67.23622105178808,200.08244349594452
4261000,2130500.0,-67.73543548583984,0.4946615859514831,-67.24077389988837,255.12494607141932
4262000,2131000.0,-67.72198486328125,0.494167074332025,-67.22781778894922,254.86989847154706
4263000,2131500.0,-67.62008666992188,0.3828257582700445,-67.23726091165183,197.44488698375446
4264000,2132000.0,-67.5180892944336,0.2807923870772324,-67.23729690735637,144.820508899129
4265000,2132500.0,-67.81780242919922,0.5914624558212508,-67.22633997337797,305.0506273989627
4266000,2133000.0,-67.65805053710938,0.42935481740042014,-67.22869571970895,221.44255334500542
4267000,2133500.0,-67.74897766113281,0.506463998210438,-67.24251366292238,261.2121173347522
4268000,2134000.0,-67.6841049194336,0.44654651878508456,-67.23755840064851,230.30928569941275
4269000,2134500.0,-67.74410247802734,0.5173155929574195,-67.22678688506993,266.80889825172454
4270000,2135000.0,-67.66525268554688,0.43137012651847095,-67.2338825590284,222.48196219473644
4271000,2135500.0,-67.55071258544922,0.3313494298306196,-67.2193631556186,170.89563414092095
4272000,2136000.0,-67.65583801269531,0.41362612852604136,-67.24221188416927,213.33037925505377
4273000,2136500.0,-67.68140411376953,0.47250765298641384,-67.20889646078312,243.69891034618416
4274000,2137000.0,-67.71551513671875,0.4924786172680011,-67.22303651945074,253.99906570499127
4275000,2137500.0,-67.74229431152344,0.5145123075595928,-67.22778200396384,265.36308548547214
4276000,2138000.0,-67.69615936279297,0.4717874191643045,-67.22437194362867,243.32744504497018
4277000,2138500.0,-67.65869903564453,0.4380307227877167,-67.22066831285682,225.91720825437588
4278000,2139000.0,-67.70046997070312,0.47980467190723775,-67.2206652987959,247.4623955480448
4279000,2139500.0,-67.61229705810547,0.38804432480783885,-67.22425273329763,200.13639678426577
4280000,2140000.0,-67.74087524414062,0.5236017412663989,-67.21727350287422,270.0510203284581
4281000,2140500.0,-67.7972640991211,0.5739214242797982,-67.22334267484129,296.0037257329638
4282000,2141000.0,-67.62015533447266,0.42367651851020305,-67.19647881596245,218.51393357891322
4283000,2141500.0,-67.90138244628906,0.6718657637166058,-67.22951668257245,346.5191589634455
4284000,2142000.0,-67.6715316772461,0.45752621656373554,-67.21400546068236,235.97213659225235
4285000,2142500.0,-67.62237548828125,0.39292526386783727,-67.22945022441341,202.65377300636464
4286000,2143000.0,-67.76278686523438,0.5461695957747679,-67.2166172694596,281.69053879504867
4287000,2143500.0,-67.80928039550781,0.580920930701173,-67.22835946480664,299.61376691868657
4288000,2144000.0,-67.74105072021484,0.5289076523322161,-67.21214306788262,272.78757864018263
4289000,2144500.0,-67.70629119873047,0.5046119397489011,-67.20167925898157,260.25690607812743
4290000,2145000.0,-67.62379455566406,0.41155778883149696,-67.21223676683256,212.26361953888738
4291000,2145500.0,-67.70326232910156,0.47505073917102236,-67.22821158993054,245.01052366755263
4292000,2146000.0,-67.65203857421875,0.4398083961005816,-67.21223017811816,226.83405488439038
4293000,2146500.0,-67.7059326171875,0.4843659300087005,-67.2215666871788,249.81489422633845
4294000,2147000.0,-67.77497863769531,0.5493865958665839,-67.22559204182873,283.3497276187727
4295000,2147500.0,-67.63018798828125,0.3981559961933881,-67.23203199208787,205.3515573914272
4296000,2148000.0,-67.6475830078125,0.4183425345218377,-67.22924047329066,215.76289647389936
4297000,2148500.0,-67.64956665039062,0.4378892338614834,-67.21167741652914,225.8442344158969
4298000,2149000.0,-67.72724914550781,0.519068030820775,-67.20818111468704,267.7127295337153
4299000,2149500.0,-67.8277359008789,0.6176980253961848,-67.21003787548273,318.5817938833853
4300000,2150000.0,-67.7751235961914,0.5706012806422638,-67.20452231554914,294.2913399513874
4301000,2150500.0,-67.78399658203125,0.566475280155877,-67.21752130187538,292.1633282329207
4302000,2151000.0,-67.70484161376953,0.47748849851472597,-67.2273531152548,246.26781398230628
4303000,2151500.0,-67.72652435302734,0.5279159274662271,-67.19860842556112,272.27609005861734
4304000,2152000.0,-67.69754028320312,0.4910638080408502,-67.20647647516228,253.26936859886987
4305000,2152500.0,-67.7220230102539,0.5175564707912055,-67.2044665394627,266.9331325688815
4306000,2153000.0,-67.5602035522461,0.341416152998725,-67.21878739924738,176.08761241115334
4307000,2153500.0,-67.77249145507812,0.5573674497413849,-67.21512400533673,287.4659051677045
4308000,2154000.0,-67.67108917236328,0.4377164541218377,-67.23337271824144,225.75512213588317
4309000,2154500.0,-67.68651580810547,0.4729089618712545,-67.21360684623421,243.90588802650274
4310000,2155000.0,-67.79325103759766,0.5670554694141706,-67.22619556818348,292.462564635013
4311000,2155500.0,-67.62995147705078,0.40818390507472996,-67.22176757197605,210.52351693957044
4312000,2156000.0,-67.72230529785156,0.5124416723374804,-67.20986362551409,264.29514183595893
4313000,2156500.0,-67.70045471191406,0.481070954204601,-67.21938375770947,248.11548891935357
4314000,2157000.0,-67.76686096191406,0.550458930486939,-67.21640203142712,283.90279120801904
4315000,2157500.0,-67.65409851074219,0.43649945987874567,-67.21759905086344,225.12744940071238
4316000,2158000.0,-67.6341323852539,0.4140703528953264,-67.22006203235858,213.55949087697093
4317000,2158500.0,-67.69480895996094,0.4740396501507178,-67.22076930981022,244.4890478968347
4318000,2159000.0,-67.7623519897461,0.5280774743789923,-67.2342745153671,272.3594089347495
4319000,2159500.0,-67.55182647705078,0.336691519913849,-67.21513495713693,173.6508520173425
4320000,2160000.0,-67.68118286132812,0.46709471895273685,-67.21408814237539,240.90715423928194
4321000,2160500.0,-67.74671936035156,0.5223271953263727,-67.2243921650252,269.3936649294346
4322000,2161000.0,-67.7308120727539,0.5058146364798285,-67.22499743627408,260.8772047779505
4323000,2161500.0,-67.69193267822266,0.48390992129804977,-67.2080227569246,249.57970475333929
4324000,2162000.0,-67.74592590332031,0.5283808890460717,-67.21754501427424,272.5158970324194
4325000,2162500.0,-67.76020812988281,0.5382838065210787,-67.22192432336173,277.62339144579937
4326000,2163000.0,-67.78654479980469,0.5651007950826412,-67.22144400472204,291.4544285727404
4327000,2163500.0,-67.7104721069336,0.493068403820921,-67.21740370311267,254.30325197451512
4328000,2164000.0,-67.74136352539062,0.5274081318840705,-67.21395539350655,272.01419116815913
4329000,2164500.0,-67.685302734375,0.45829149824280074,-67.2270112361322,236.36683562012493
4330000,2165000.0,-67.72276306152344,0.512965638663041,-67.20979742286039,264.56538089302006
4331000,2165500.0,-67.53932189941406,0.3306119999171492,-67.20870989949691,170.5152998431935
4332000,2166000.0,-67.63534545898438,0.41564601926308675,-67.21969943972128,214.37215110472678
4333000,2166500.0,-67.7801513671875,0.568106145803916,-67.21204522138359,293.0044578502638
4334000,2167000.0,-67.69196319580078,0.46524166892965646,-67.22672152687113,239.95143157831026
4335000,2167500.0,-67.7164306640625,0.4967233749439591,-67.21970728911855,256.1883272201784
4336000,2168000.0,-67.50763702392578,0.302378527272523,-67.20525849665326,155.95370179224716
4337000,2168500.0,-67.75359344482422,0.5174891585118604,-67.23610428631235,266.898415820855
4338000,2169000.0,-67.66519927978516,0.44910090780114686,-67.216098371984,231.62672852997903
4339000,2169500.0,-67.65619659423828,0.44673788657646357,-67.20945870766182,230.40798488859977
4340000,2170000.0,-67.7112808227539,0.4933256282147674,-67.21795519453914,254.43591713686462
4341000,2170500.0,-67.62252044677734,0.4053795648055468,-67.2171408819718,209.07716011652124
4342000,2171000.0,-67.74925231933594,0.5298744467424402,-67.2193778725935,273.2862091762412
4343000,2171500.0,-67.6724853515625,0.44179299086945983,-67.23069236069304,227.8576226077861
4344000,2172000.0,-67.73871612548828,0.5142143475416024,-67.22450177794668,265.2094106587216
4345000,2172500.0,-67.5149917602539,0.29643912986639376,-67.2185526303875,152.8904187600287
4346000,2173000.0,-67.64602661132812,0.4398245928234108,-67.20620201850471,226.8424084500516
4347000,2173500.0,-67.70964050292969,0.48122646305988315,-67.2284140398698,248.195693627874
4348000,2174000.0,-67.7651596069336,0.5364066735111418,-67.22875293342246,276.6552478269496
4349000,2174500.0,-67.57965850830078,0.34435352487085846,-67.23530498342993,177.6025811529211
4350000,2175000.0,-67.74971771240234,0.526305814093939,-67.2234118983084,271.44566356313004
4351000,2175500.0,-67.70703125,0.47352849877488745,-67.23350275122512,244.2254182338557
4352000,2176000.0,-67.66532897949219,0.41117433973826323,-67.25415463975392,212.06585316282198
4353000,2176500.0,-67.57929992675781,0.34503779329655243,-67.23426213346126,177.95549706586337
4354000,2177000.0,-67.55306243896484,0.3294848048751173,-67.22357763408972,169.93394163289867
4355000,2177500.0,-67.73340606689453,0.49799678672964287,-67.23540928016489,256.845097671687
4356000,2178000.0,-67.59976959228516,0.3709628814406346,-67.22880671084452,191.3265307230119
4357000,2178500.0,-67.72432708740234,0.4996216010756431,-67.2247054863267,257.6831062904521
4358000,2179000.0,-67.63270568847656,0.4063148050111774,-67.22639088346538,209.55951636532188
4359000,2179500.0,-67.67987823486328,0.45440839791752446,-67.22546983694576,234.36410124735076
4360000,2180000.0,-67.70093536376953,0.4801976415207016,-67.22073772224883,247.66507219464518
4361000,2180500.0,-67.70271301269531,0.4750337237012742,-67.22767928899404,245.00174782781662
4362000,2181000.0,-67.68206024169922,0.4699827496203969,-67.21207749207882,242.3966749323475
4363000,2181500.0,-67.61109924316406,0.38403937042146113,-67.2270598727426,198.07081538303822
4364000,2182000.0,-67.71485900878906,0.501714321489074,-67.21314468729999,258.762440521737
4365000,2182500.0,-67.74286651611328,0.5238553396732643,-67.21901117644002,270.1818153643226
4366000,2183000.0,-67.70183563232422,0.49861958947410645,-67.20321604285012,257.1663122577939
4367000,2183500.0,-67.71208953857422,0.5003022495754345,-67.21178728899878,258.0341552029502
4368000,2184000.0,-67.73310089111328,0.507581796106212,-67.22551909500707,261.7886289054446
4369000,2184500.0,-67.66326141357422,0.4504220032038169,-67.2128394103704,232.3080921186092
4370000,2185000.0,-67.67778778076172,0.4482862799135787,-67.22950150084814,231.20657887254336
4371000,2185500.0,-67.66828155517578,0.4636918826992599,-67.20458967247652,239.15211920055282
4372000,2186000.0,-67.74461364746094,0.523320222940047,-67.2212934245209,269.90582541163326
4373000,2186500.0,-67.65048217773438,0.45086053741627496,-67.1996216403181,232.53426900495185
4374000,2187000.0,-67.73699951171875,0.5269946642383403,-67.2100048474804,271.80094252744186
4375000,2187500.0,-67.64234161376953,0.4232055323879798,-67.21913608138155,218.2710194080029
4376000,2188000.0,-67.6905517578125,0.4701773700086342,-67.22037438780387,242.49705166962323
4377000,2188500.0,-67.70397186279297,0.49194440827877467,-67.2120274545142,253.72354392719825
4378000,2189000.0,-67.7450180053711,0.5285621764436909,-67.21645582892741,272.6093971926391
4379000,2189500.0,-67.63874053955078,0.44107948474331865,-67.19766105480747,227.48962715974005
4380000,2190000.0,-67.62864685058594,0.4390889653846999,-67.18955788520124,226.4630037904624
4381000,2190500.0,-67.716552734375,0.5216217827047848,-67.19493095167022,269.02984375926115
4382000,2191000.0,-67.71239471435547,0.49678101221032056,-67.21561370214515,256.21805401702255
4383000,2191500.0,-67.85125732421875,0.6416854251981816,-67.20957189902057,330.95345211333773
4384000,2192000.0,-67.6203842163086,0.4208270527474952,-67.1995571635611,217.04430298763765
4385000,2192500.0,-67.80108642578125,0.6001362155622229,-67.20095021021903,309.52417567721733
4386000,2193000.0,-67.82505798339844,0.6401787596308984,-67.18487922376754,330.17637949941843
4387000,2193500.0,-67.7091064453125,0.5206493164585912,-67.18845712885391,268.5282879367301
4388000,2194000.0,-67.66246795654297,0.47414481578242046,-67.18832314076055,244.54328775874978
4389000,2194500.0,-67.69146728515625,0.49316809560150143,-67.19829918955475,254.35466866193676
4390000,2195000.0,-67.65308380126953,0.46215042699191616,-67.19093337427762,238.3571033445083
4391000,2195500.0,-67.66195678710938,0.4771237601014483,-67.18483302700793,246.07969776172155
4392000,2196000.0,-67.736572265625,0.5627781451307681,-67.17379412049424,290.25650667918035
4393000,2196500.0,-67.6807632446289,0.5021851783150613,-67.17857806631385,259.0052880072686
4394000,2197000.0,-67.6735610961914,0.4830920379265305,-67.19046905826488,249.15787605877793
4395000,2197500.0,-67.76148986816406,0.5894786450948547,-67.1720112230692,304.0274640506017
4396000,2198000.0,-67.77262115478516,0.5910099512735598,-67.1816112035116,304.8172452209133
4397000,2198500.0,-67.84822082519531,0.6820765224346459,-67.16614430276067,351.7854245099756
4398000,2199000.0,-67.67598724365234,0.4889962986641215,-67.18699094498822,252.2030371245439
4399000,2199500.0,-67.70426940917969,0.534055533638922,-67.17021387554077,275.4426320707601
4400000,2200000.0,-67.65370178222656,0.47246928704696134,-67.1812324951796,243.67912286215108
4401000,2200500.0,-67.69625091552734,0.5135051669352577,-67.18274574859208,264.84364612578224
4402000,2201000.0,-67.53974914550781,0.3675531575703557,-67.17219598793746,189.56794335089958
4403000,2201500.0,-67.5899658203125,0.4072946214728104,-67.18267119883969,210.06486310950697
4404000,2202000.0,-67.64559936523438,0.468653610100824,-67.17694575513354,241.71116253784822
4405000,2202500.0,-67.69207000732422,0.528210822284462,-67.16385918503975,272.42818398855985
4406000,2203000.0,-67.77423095703125,0.5869626315140195,-67.18726832551724,302.7298136015763
4407000,2203500.0,-67.7119140625,0.535934077034201,-67.1759799854658,276.4115031050684
4408000,2204000.0,-67.55377197265625,0.3744365363937716,-67.17933543626248,193.118090968963
4409000,2204500.0,-67.72834777832031,0.5657563516227173,-67.16259142669759,291.7925361430139
4410000,2205000.0,-67.7212142944336,0.5508361767273972,-67.17037811770619,284.09735842222346
4411000,2205500.0,-67.69168853759766,0.5298066106593028,-67.16188192693835,273.2512222729852
4412000,2206000.0,-67.53462982177734,0.35879102075766456,-67.17583880101968,185.04881402027175
4413000,2206500.0,-67.72906494140625,0.5618137043490281,-67.16725123705722,289.7590900423958
4414000,2207000.0,-67.64514923095703,0.4847101199240693,-67.16043911103296,249.99241242482137
4415000,2207500.0,-67.56609344482422,0.3937797727180047,-67.17231367210621,203.09449153092356
4416000,2208000.0,-67.55326843261719,0.38113600922498114,-67.17213242339221,196.57338786953315
4417000,2208500.0,-67.75920104980469,0.5872633914194669,-67.17193765838522,302.88493248858293
4418000,2209000.0,-67.71707916259766,0.5401121493144551,-67.1769670132832,278.5663711915643
4419000,2209500.0,-67.79560089111328,0.6257262420960663,-67.16987464901722,322.7223991189166
4420000,2210000.0,-67.65953826904297,0.4943618750391661,-67.16517639400381,254.970368209476
4421000,2210500.0,-67.81082916259766,0.6473373291585904,-67.16349183343907,333.8684585218636
4422000,2211000.0,-67.66864776611328,0.5054482589662791,-67.163199507147,260.68824318068744
4423000,2211500.0,-67.77727508544922,0.606576721092128,-67.1706983643571,312.84590849952485
4424000,2212000.0,-67.6305923461914,0.4629645316426267,-67.16762781454878,238.77698313911475
4425000,2212500.0,-67.62847137451172,0.4534576840560145,-67.1750136904557,233.87376435939424
4426000,2213000.0,-67.67679595947266,0.5105195753348677,-67.16627638413779,263.3038077440012
4427000,2213500.0,-67.61784362792969,0.46001784562382686,-67.15782578230586,237.2572105653264
4428000,2214000.0,-67.77606201171875,0.5916667447358953,-67.18439526698286,305.15599074192664
4429000,2214500.0,-67.63258361816406,0.4625291784253906,-67.17005443973868,238.55244687184884
4430000,2215000.0,-67.64478302001953,0.4766991478780142,-67.16808387214152,245.86070123221236
4431000,2215500.0,-67.6776351928711,0.504442008530503,-67.17319318434059,260.16926294156514
4432000,2216000.0,-67.60860443115234,0.4452185438130298,-67.16338588733932,229.6243739279074
4433000,2216500.0,-67.64960479736328,0.4697268333003976,-67.17987796406288,242.26468441763427
4434000,2217000.0,-67.81983947753906,0.6400401923785682,-67.1797992851605,330.1049125333511
4435000,2217500.0,-67.65961456298828,0.5046497411227836,-67.15496482186549,260.2764023837778
4436000,2218000.0,-67.7187728881836,0.5448680290048378,-67.17390485917876,281.0192472263936
4437000,2218500.0,-67.7098388671875,0.5554253651806164,-67.15441350200689,286.4642623619888
4438000,2219000.0,-67.78150177001953,0.6152338444430682,-67.16626792557646,317.31087645088473
4439000,2219500.0,-67.66758728027344,0.4919334290255044,-67.17565385124793,253.71788130556354
4440000,2220000.0,-67.78150939941406,0.597769259302662,-67.1837401401114,308.3034025158805
4441000,2220500.0,-67.8487777709961,0.6670488677829992,-67.1817289032131,344.0348134023702
4442000,2221000.0,-67.74858856201172,0.5807828935646748,-67.16780566844704,299.54257336332444
4443000,2221500.0,-67.65313720703125,0.4909679655949787,-67.16216924143627,253.2199372309837
4444000,2222000.0,-67.75856018066406,0.5733694042033664,-67.1851907764607,295.71901777053097
4445000,2222500.0,-67.72317504882812,0.5535224106527115,-67.1696526381754,285.48280112647717
4446000,2223000.0,-67.70558166503906,0.5276088855657094,-67.17797277947335,272.11773119159403
4447000,2223500.0,-67.70481872558594,0.5332617026524334,-67.1715570229335,275.0332085509852
4448000,2224000.0,-67.58538818359375,0.4104254435005223,-67.17496274009322,211.67960503340794
4449000,2224500.0,-67.6825180053711,0.5194614600227455,-67.16305654534835,267.91564321609184
4450000,2225000.0,-67.63531494140625,0.47367776144968887,-67.16163717995656,244.30240143396804
4451000,2225500.0,-67.62236022949219,0.45276446092318856,-67.169595768569,233.51622999772053
4452000,2226000.0,-67.5068588256836,0.33117641487123334,-67.17568241081236,170.8064005447886
4453000,2226500.0,-67.59480285644531,0.4302004086929015,-67.16460244775242,221.87867258090245
4454000,2227000.0,-67.71512603759766,0.5534894360236507,-67.161636601574,285.46579424601634
4455000,2227500.0,-67.50055694580078,0.3447081654327913,-67.15584878036799,177.78548934067499
4456000,2228000.0,-67.8060531616211,0.6359849676462608,-67.17006819397483,328.0134038726424
4457000,2228500.0,-67.65776062011719,0.495001281035471,-67.16275933908172,255.3001460312392
4458000,2229000.0,-67.67056274414062,0.5259747761004369,-67.14458796804018,271.27492855431115
4459000,2229500.0,-67.5694351196289,0.41838218123584514,-67.15105293839306,215.78334452578034
4460000,2230000.0,-67.73136901855469,0.5949433476909005,-67.13642567086379,306.84592013190587
4461000,2230500.0,-67.52531433105469,0.3813314144386346,-67.14398291661605,196.67416938564688
4462000,2231000.0,-67.6529312133789,0.4943896813937859,-67.15854153198512,254.98470951861398
4463000,2231500.0,-67.7462387084961,0.5947078394119116,-67.15153086908418,306.72445519773106
4464000,2232000.0,-67.63902282714844,0.47946362161517314,-67.15955920553327,247.2864966308017
4465000,2232500.0,-67.76728820800781,0.600667435945211,-67.1666207720626,309.7981560618093
4466000,2233000.0,-67.64518737792969,0.5036261629678226,-67.14156121496187,259.7484852602316
4467000,2233500.0,-67.70848083496094,0.5534734704601457,-67.15500736450079,285.4575599022874
4468000,2234000.0,-67.63961791992188,0.48244615148585657,-67.15717176843602,248.82475590547506
4469000,2234500.0,-67.61071014404297,0.45523642172199047,-67.15547372232098,234.79115993648244
4470000,2235000.0,-67.6242446899414,0.46283505612694653,-67.16140963381446,238.71020529564842
4471000,2235500.0,-67.69334411621094,0.5556968135643722,-67.13764730264657,286.6042636401024
4472000,2236000.0,-67.6624755859375,0.4924593168739675,-67.17001626906354,253.98911140062071
4473000,2236500.0,-67.58497619628906,0.4235498328709435,-67.16142636341812,218.4485946324455
4474000,2237000.0,-67.60992431640625,0.4530037685386088,-67.15692054786764,233.63965446449234
4475000,2237500.0,-67.66117095947266,0.4938886340846688,-67.16728232538799,254.72629109408268
4476000,2238000.0,-67.67305755615234,0.5089548295233984,-67.16410272662894,262.4967798645294
4477000,2238500.0,-67.7190933227539,0.5574984265694093,-67.1615948961845,287.533457322825
4478000,2239000.0,-67.56794738769531,0.3969017668055104,-67.1710456208898,204.70468038696364
4479000,2239500.0,-67.5508041381836,0.4006789339927665,-67.15012520419083,206.65277905142304
4480000,2240000.0,-67.69013214111328,0.5371777640214908,-67.15295437709179,277.0529427975234
4481000,2240500.0,-67.66715240478516,0.5004259104793806,-67.16672649430578,258.0979341224103
4482000,2241000.0,-67.77598571777344,0.6174861245592885,-67.15849959321415,318.47250464176835
4483000,2241500.0,-67.62870788574219,0.4573981307249557,-67.17130975501723,235.90607548373035
4484000,2242000.0,-67.62794494628906,0.463771308413561,-67.1641736378755,239.1930835318315
4485000,2242500.0,-67.63121032714844,0.4682643776688641,-67.16294594947958,241.51041336703477
4486000,2243000.0,-67.61106872558594,0.46489560627996596,-67.14617311930597,239.77294750486072
4487000,2243500.0,-67.69573211669922,0.5452800761348398,-67.15045204056437,281.2317632268395
4488000,2244000.0,-67.56920623779297,0.42031934235519286,-67.14888689543777,216.78244803440353
4489000,2244500.0,-67.58992004394531,0.42822500420555354,-67.16169503973975,220.8598448052738
4490000,2245000.0,-67.66999053955078,0.5303283598694466,-67.13966217968134,273.520317838279
4491000,2245500.0,-67.67109680175781,0.49955701605116803,-67.17153978570664,257.6497961419502
4492000,2246000.0,-67.53610229492188,0.38485425357041153,-67.15124804135147,198.49109669320018
4493000,2246500.0,-67.60287475585938,0.43519402811958474,-67.16768072773979,224.4541644385999
4494000,2247000.0,-67.61747741699219,0.4584724318381107,-67.15900498515407,236.46015330449126
4495000,2247500.0,-67.82563781738281,0.6796403289174695,-67.14599748846534,350.5289417804876
4496000,2248000.0,-67.70126342773438,0.5456081978104569,-67.15565522992392,281.4009941256482
4497000,2248500.0,-67.60035705566406,0.44480701470576167,-67.1555500409583,229.41212510107232
4498000,2249000.0,-67.62987518310547,0.48948491301131436,-67.14039027009416,252.4550431677007
4499000,2249500.0,-67.7135009765625,0.5715246579498809,-67.14197631861262,294.7675778330015
4500000,2250000.0,-67.73761749267578,0.5856133355997201,-67.15200415707606,302.03390541475426
4501000,2250500.0,-67.60816955566406,0.47812382712380697,-67.13004572854025,246.59548886495892
4502000,2251000.0,-67.72682189941406,0.5650263301407397,-67.16179556927332,291.4160227922505
4503000,2251500.0,-67.82546997070312,0.6919284005613012,-67.13354157014183,356.8665950458491
4504000,2252000.0,-67.53375244140625,0.3924020207799996,-67.14135042062625,202.38390696388623
4505000,2252500.0,-67.61234283447266,0.47382897298354876,-67.1385138614891,244.38038977087754
4506000,2253000.0,-67.61711883544922,0.48254449779892133,-67.13457433765029,248.87547865923148
4507000,2253500.0,-67.5411376953125,0.39643674064452233,-67.14470095466798,204.46484010501476
4508000,2254000.0,-67.62641143798828,0.48697353076252303,-67.13943790722575,251.15978135844745
4509000,2254500.0,-67.64482116699219,0.5065900189343345,-67.13823114805786,261.27711334677554
4510000,2255000.0,-67.64236450195312,0.5115760006308497,-67.13078850132227,263.8486659952185
4511000,2255500.0,-67.76981353759766,0.6326491740755955,-67.13716436352206,326.29294653576557
4512000,2256000.0,-67.71446228027344,0.5747888525100127,-67.13967342776343,296.45110751222325
4513000,2256500.0,-67.68303680419922,0.5581610716760605,-67.12487573252317,287.87522086764056
4514000,2257000.0,-67.72980499267578,0.5820652308809744,-67.14773976179481,300.20394721558546
4515000,2257500.0,-67.6677474975586,0.5457935055503634,-67.12195399200823,281.4965678036797
4516000,2258000.0,-67.56363677978516,0.4290752156699847,-67.13456156411517,221.29834692505145
4517000,2258500.0,-67.5954360961914,0.4671719474583636,-67.12826414873304,240.94698534582582
4518000,2259000.0,-67.77417755126953,0.6342415756147163,-67.13993597565481,327.11423803753195
4519000,2259500.0,-67.6824951171875,0.5499277212806922,-67.1325673959068,283.62881658790445
4520000,2260000.0,-67.59996032714844,0.4754423908742619,-67.12451793627417,245.21252059334094
4521000,2260500.0,-67.57185363769531,0.4565923937485881,-67.11526124394672,235.4905113718575
4522000,2261000.0,-67.61764526367188,0.5077528256112155,-67.10989243806065,261.87683849050205
4523000,2261500.0,-67.71980285644531,0.6024229240212813,-67.11737993242403,310.70356051094393
4524000,2262000.0,-67.63581085205078,0.5215500820104586,-67.11426077004032,268.9928636575254
4525000,2262500.0,-67.63426208496094,0.5193540287639913,-67.11490805619695,267.86023484221676
4526000,2263000.0,-67.54713439941406,0.43683498396684173,-67.11029941544722,225.30049814213936
4527000,2263500.0,-67.53255462646484,0.4276485905678861,-67.10490603589696,220.56255570419702
4528000,2264000.0,-67.59038543701172,0.47864140209928274,-67.11174403491243,246.86243154143983
4529000,2264500.0,-67.69281768798828,0.5798348352877873,-67.1129828527005,299.0536061104939
4530000,2265000.0,-67.52269744873047,0.4179512480935314,-67.10474620063694,215.56108794104532
4531000,2265500.0,-67.69877624511719,0.577214928526595,-67.12156131659059,297.70237207465163
4532000,2266000.0,-67.71050262451172,0.6058894336823388,-67.10461319082938,312.4914355258033
4533000,2266500.0,-67.60745239257812,0.5073682153151385,-67.10008417726299,261.6784732164806
4534000,2267000.0,-67.57138061523438,0.47764124822012405,-67.09373936701425,246.34659564124016
4535000,2267500.0,-67.57298278808594,0.4597500189200418,-67.11323276916589,237.11907719232914
4536000,2268000.0,-67.70390319824219,0.6042775691026899,-67.0996256291395,311.66010583367375
4537000,2268500.0,-67.61678314208984,0.5212027233892157,-67.09558041870064,268.81371117827723
4538000,2269000.0,-67.62958526611328,0.5292324231202568,-67.10035284299302,272.95508129682224
4539000,2269500.0,-67.67012023925781,0.5609396704119611,-67.10918056884586,289.30830132665216
4540000,2270000.0,-67.47799682617188,0.34944827845187637,-67.12854854772,180.23023361173128
4541000,2270500.0,-67.73259735107422,0.6104095162202879,-67.12218783485393,314.8226976380906
4542000,2271000.0,-67.61932373046875,0.5152658520773076,-67.10405787839144,265.75173099566393
4543000,2271500.0,-67.69612121582031,0.5817574417468435,-67.11436377407347,300.0452029579422
4544000,2272000.0,-67.67342376708984,0.5645193537455647,-67.10890441334428,291.1545464028323
4545000,2272500.0,-67.46882629394531,0.36618592043695414,-67.10264037350836,188.86278186306146
4546000,2273000.0,-67.75196075439453,0.6486113647746828,-67.10334938961985,334.52555071798275
4547000,2273500.0,-67.56481170654297,0.47049708931720213,-67.09431461722576,242.66194899270826
4548000,2274000.0,-67.64115905761719,0.5331084137051257,-67.10805064391207,274.95414877451196
4549000,2274500.0,-67.7469482421875,0.644021095763975,-67.10292714642353,332.1580894736301
4550000,2275000.0,-67.60059356689453,0.4917206789794029,-67.10887288791513,253.60815407874858
4551000,2275500.0,-67.77045440673828,0.6591808816882679,-67.11127352505001,339.9768481487152
4552000,2276000.0,-67.70958709716797,0.5934733816273428,-67.11611371554062,306.08777552690157
4553000,2276500.0,-67.64222717285156,0.5180258310015157,-67.12420134185005,267.1752081650957
4554000,2277000.0,-67.63375854492188,0.5282527709787813,-67.1055057739431,272.4498193018324
4555000,2277500.0,-67.72856140136719,0.6251138356681969,-67.10344756569899,322.40654650104364
4556000,2278000.0,-67.66043090820312,0.5429188618334365,-67.11751204636968,280.013951517952
4557000,2278500.0,-67.5970458984375,0.4862756163655367,-67.11077028207197,250.79982744662078
4558000,2279000.0,-67.64697265625,0.53697015897659,-67.11000249727341,276.9458691387055
4559000,2279500.0,-67.48262786865234,0.3691427998093986,-67.11348506884295,190.38781172561596
4560000,2280000.0,-67.64617156982422,0.5216900983529787,-67.12448147147124,269.0650780013295
4561000,2280500.0,-67.49827575683594,0.3837926374044099,-67.11448311943153,197.94356121684265
4562000,2281000.0,-67.60746765136719,0.4971212366037162,-67.11034641476347,256.39352697162906
4563000,2281500.0,-67.6156997680664,0.5062639057933701,-67.10943586227303,261.10891836284185
4564000,2282000.0,-67.61801147460938,0.5230192401190434,-67.09499223449033,269.7505915544716
4565000,2282500.0,-67.69059753417969,0.5854831658024106,-67.10511436837727,301.96676949099975
4566000,2283000.0,-67.57881164550781,0.4632164552390127,-67.1155951902688,238.90691438052798
4567000,2283500.0,-67.47628784179688,0.3681720358782833,-67.10811580591859,189.88713388321287
4568000,2284000.0,-67.57278442382812,0.4607383439703491,-67.11204607985778,237.62881229673528
4569000,2284500.0,-67.61526489257812,0.4929660777747581,-67.12229881480337,254.25047664740174
4570000,2285000.0,-67.5025634765625,0.41045608777817677,-67.09210738878433,211.69541001989978
4571000,2285500.0,-67.59825134277344,0.48540009848048815,-67.11285124429295,250.34827337500653
4572000,2286000.0,-67.63446807861328,0.525806326308468,-67.10866175230481,271.18804947311236
4573000,2286500.0,-67.76290130615234,0.6434146029861056,-67.11948670316623,331.8452868593964
4574000,2287000.0,-67.6125259399414,0.49033814542531606,-67.1221877945161,252.89510336196435
4575000,2287500.0,-67.6627197265625,0.5637876036286426,-67.09893212293386,290.77714149729786
4576000,2288000.0,-67.48544311523438,0.40487189176694155,-67.08057122346743,208.81532442870056
4577000,2288500.0,-67.70972442626953,0.6214762704133064,-67.08824815585622,320.53044844564255
4578000,2289000.0,-67.60726165771484,0.5162725343736224,-67.09098912334122,266.2709339696817
4579000,2289500.0,-67.73599243164062,0.6367373470636034,-67.09925508457702,328.4014484747022
4580000,2290000.0,-67.67816925048828,0.5740453632216557,-67.10412388726662,296.0676480522939
4581000,2290500.0,-67.52837371826172,0.4331558743581033,-67.09521784390361,223.40297331470654
4582000,2291000.0,-67.7447509765625,0.641986559209642,-67.10276441735286,331.1087639479657
4583000,2291500.0,-67.8375244140625,0.7238219025914955,-67.113702511471,373.3158771744195
4584000,2292000.0,-67.79603576660156,0.6941622129955632,-67.101873553606,358.01869840905766
4585000,2292500.0,-67.6171646118164,0.4959964716543877,-67.12116814016201,255.81342209752913
4586000,2293000.0,-67.66913604736328,0.5562108641255978,-67.11292518323768,286.86938857689813
4587000,2293500.0,-67.63101196289062,0.52484239041012,-67.10616957248051,270.6908932332372
4588000,2294000.0,-67.70011901855469,0.5827950744957208,-67.11732394405897,300.5803688301618
4589000,2294500.0,-67.60066986083984,0.4881886312481594,-67.11248122959168,251.78647737583285
4590000,2295000.0,-67.71598052978516,0.6043144010497439,-67.11166612873541,311.6791021511011
4591000,2295500.0,-67.54066467285156,0.4456891013238036,-67.09497557152775,229.8670670396613
4592000,2296000.0,-67.76757049560547,0.6513002901145555,-67.1162702054909,335.912381536886
4593000,2296500.0,-67.64215087890625,0.5278331841791553,-67.11431769472709,272.2334146674985
4594000,2297000.0,-67.51203155517578,0.4077006167727854,-67.104330938403,210.2742578390616
4595000,2297500.0,-67.58731079101562,0.47574594908407264,-67.11156484193155,245.3690827241127
4596000,2298000.0,-67.6554183959961,0.5334139247009281,-67.12200447129517,275.1117180674223
4597000,2298500.0,-67.68348693847656,0.5740974660513398,-67.10938947242522,296.09452042724854
4598000,2299000.0,-67.575439453125,0.4791959299239462,-67.09624352320105,247.14843289141376
4599000,2299500.0,-67.80196380615234,0.7040725238747568,-67.09789128227759,363.1300060189703
4600000,2300000.0,-67.63907623291016,0.519325132891013,-67.11975110001914,267.84533160686425
4601000,2300500.0,-67.58808898925781,0.4848539704446559,-67.10323501881315,250.06660427102344
4602000,2301000.0,-67.70138549804688,0.6034903371700397,-67.09789516087683,311.2540858190475
4603000,2301500.0,-67.51558685302734,0.4124058693868383,-67.1031809836405,212.70102262837432
4604000,2302000.0,-67.46898651123047,0.35606571444328655,-67.11292079678718,183.64321947598066
4605000,2302500.0,-67.75707244873047,0.6452681703863689,-67.1118042783441,332.80127636103174
4606000,2303000.0,-67.73773956298828,0.6427081125063432,-67.09503145048194,331.48090977682455
4607000,2303500.0,-67.58401489257812,0.483830839650399,-67.10018405292773,249.53891787668437
4608000,2304000.0,-67.60508728027344,0.5008080233530844,-67.10427925692035,258.2950113345196
4609000,2304500.0,-67.52562713623047,0.42597456139993006,-67.09965257483054,219.6991642193392
4610000,2305000.0,-67.64738464355469,0.5501377124424113,-67.09724693111228,283.73712090206703
4611000,2305500.0,-67.6810531616211,0.5884648262156289,-67.09258833540547,303.5045803373027
4612000,2306000.0,-67.6302261352539,0.5162332733467706,-67.11399286190714,266.2506848384721
4613000,2306500.0,-67.6369400024414,0.5392187792760411,-67.09772122316537,278.10560975516984
4614000,2307000.0,-67.64903259277344,0.5541224988362051,-67.09491009393723,285.7923005293011
4615000,2307500.0,-67.59274291992188,0.48169919406696,-67.11104372585491,248.43950773455217
4616000,2308000.0,-67.67984771728516,0.590500233548254,-67.0893474837369,304.5543549725627
4617000,2308500.0,-67.54151153564453,0.45140852555915867,-67.09010301008537,232.8168974713044
4618000,2309000.0,-67.53070068359375,0.4282186896894642,-67.10248199390429,220.85658805232893
4619000,2309500.0,-67.7119140625,0.6248501536307104,-67.08706390886928,322.2705507667795
4620000,2310000.0,-67.55719757080078,0.4719854764558655,-67.08521209434491,243.42959438759877
4621000,2310500.0,-67.53549194335938,0.4463882011136077,-67.08910374224577,230.22763232558145
4622000,2311000.0,-67.55958557128906,0.47029207020340735,-67.08929350108565,242.55620904476
4623000,2311500.0,-67.72663879394531,0.632367492863745,-67.09427130108156,326.1476676096803
4624000,2312000.0,-67.55311584472656,0.45980243785539204,-67.09331340687118,237.14611260084715
4625000,2312500.0,-67.70297241210938,0.611427418823171,-67.0915449932862,315.3476875585571
4626000,2313000.0,-67.6135482788086,0.5198842123963258,-67.09366406641227,268.13368051588293
4627000,2313500.0,-67.55842590332031,0.4718692290230698,-67.08655667429724,243.36963901433907
4628000,2314000.0,-67.64561462402344,0.5418289333269238,-67.10378569069651,279.45181376692597
4629000,2314500.0,-67.6719741821289,0.5642372458497256,-67.10773693627918,291.009047411691
4630000,2315000.0,-67.55931091308594,0.4598598481216362,-67.0994510649643,237.17572232089708
4631000,2315500.0,-67.55888366699219,0.45900859830381846,-67.09987506868836,236.7366846635736
4632000,2316000.0,-67.74178314208984,0.6320964021079927,-67.10968673998185,326.00785078054696
4633000,2316500.0,-67.61248779296875,0.5072822757081461,-67.1052055172606,261.6341493024715
4634000,2317000.0,-67.72142028808594,0.6374704196730582,-67.08394986841287,328.7795354644041
4635000,2317500.0,-67.60260009765625,0.49077258786872147,-67.11182750978753,253.11916989167423
4636000,2318000.0,-67.63142395019531,0.5371059803341384,-67.09431796986118,277.0159198915919
4637000,2318500.0,-67.6198501586914,0.520972249645838,-67.09887790904557,268.6948428387497
4638000,2319000.0,-67.71442413330078,0.5950832616700973,-67.11934087163068,306.9180816811569
4639000,2319500.0,-67.55602264404297,0.4465765593709007,-67.10944608467207,230.32477932789322
4640000,2320000.0,-67.80718994140625,0.7080620677588095,-67.09912787364745,365.18763935290036
4641000,2320500.0,-67.51995086669922,0.427713486576195,-67.09223738012302,220.5960262446438
4642000,2321000.0,-67.5246353149414,0.4327932801911387,-67.09184203475027,223.21596300317262
4643000,2321500.0,-67.54617309570312,0.4524096921342094,-67.09376340356891,233.33325567602938
4644000,2322000.0,-67.62909698486328,0.5648232360310419,-67.06427374883224,291.3112756777472
4645000,2322500.0,-67.61845397949219,0.5289717281930066,-67.08948225129919,272.82062618418627
4646000,2323000.0,-67.62228393554688,0.5492359176965006,-67.07304801785037,283.272014367717
4647000,2323500.0,-67.76094818115234,0.6808248014936094,-67.08012337965873,351.13984125336566
4648000,2324000.0,-67.64408874511719,0.5668198465429002,-67.07726889857429,292.34104059912
4649000,2324500.0,-67.58625793457031,0.5116976808824583,-67.07456025368785,263.9114233802899
4650000,2325000.0,-67.7248306274414,0.651382954252626,-67.07344767318878,335.9550161063902
4651000,2325500.0,-67.73668670654297,0.6634800146618502,-67.07320669188113,342.19415407905
4652000,2326000.0,-67.70629119873047,0.6246730306246544,-67.08161816810582,322.17919841872697
4653000,2326500.0,-67.68819427490234,0.6085088978002214,-67.07968537710212,313.8424412654654
4654000,2327000.0,-67.52716827392578,0.4402059451592283,-67.08696232876655,227.03909340977515
4655000,2327500.0,-67.6846694946289,0.6058083118310885,-67.07886118279782,312.4495964008071
4656000,2328000.0,-67.5584945678711,0.4764066234485518,-67.08208794442254,245.70982984577225
4657000,2328500.0,-67.66454315185547,0.5685223800917016,-67.09602077176376,293.21913340470394
4658000,2329000.0,-67.58424377441406,0.5055964238939755,-67.07864735052009,260.76466021055546
4659000,2329500.0,-67.63516998291016,0.5537886112915865,-67.08138137161858,285.6200958458691
4660000,2330000.0,-67.7001953125,0.6231276091335868,-67.07706770336641,321.38213718380644
4661000,2330500.0,-67.78842163085938,0.7213702528864876,-67.06705137797289,372.0514228150355
4662000,2331000.0,-67.66937255859375,0.5868046489767882,-67.08256790961696,302.6483330754226
4663000,2331500.0,-67.67124938964844,0.5957715911545588,-67.07547779849388,307.27309211170166
4664000,2332000.0,-67.51532745361328,0.43056158042873943,-67.08476587318454,222.06494926428576
4665000,2332500.0,-67.81230926513672,0.7441884910557287,-67.068120774081,383.82007829123296
4666000,2333000.0,-67.61869049072266,0.5277245622103973,-67.09096592851226,272.17739217715643
4667000,2333500.0,-67.79877471923828,0.7171352648052491,-67.08163945443303,369.8672000321792
4668000,2334000.0,-67.6160659790039,0.5237199258051041,-67.0923460531988,270.11197477675154
4669000,2334500.0,-67.5926284790039,0.5022532233802648,-67.09037525562364,259.04038269439104
4670000,2335000.0,-67.5534439086914,0.4723071975198864,-67.08113671117152,243.59552412914215
4671000,2335500.0,-67.40228271484375,0.3262790956118413,-67.07600361923191,168.28057612779122
4672000,2336000.0,-67.52264404296875,0.43201514852652456,-67.09062889444222,222.81463651126543
4673000,2336500.0,-67.68511962890625,0.5857142840061658,-67.09940534490008,302.0859702151792
4674000,2337000.0,-67.73664855957031,0.6440584995806728,-67.09259005998965,332.1773807365641
4675000,2337500.0,-67.73239135742188,0.6598633043851387,-67.07252805303673,340.3288121149532
4676000,2338000.0,-67.67530822753906,0.5831082853220269,-67.09219994221704,300.7419093609807
4677000,2338500.0,-67.63890075683594,0.5493256372952039,-67.08957511954074,283.3182878371572
4678000,2339000.0,-67.49844360351562,0.4179630906498123,-67.08048051286582,215.56719581685036
4679000,2339500.0,-67.74777221679688,0.6513142466261792,-67.09645797017069,335.91957969897595
4680000,2340000.0,-67.52890014648438,0.4434593447264019,-67.08544080175797,228.7170555008225
4681000,2340500.0,-67.68309783935547,0.5938071664675276,-67.08929067288794,306.2599272398506
4682000,2341000.0,-67.77378845214844,0.697374108294728,-67.07641434385371,359.6752544026068
4683000,2341500.0,-67.65155029296875,0.5665332776573045,-67.08501701531145,292.1932408233547
4684000,2342000.0,-67.7232437133789,0.6239545552108807,-67.09928915816802,321.80864002810506
4685000,2342500.0,-67.71275329589844,0.6273231084518016,-67.08543018744663,323.54599337903403
4686000,2343000.0,-67.64167022705078,0.5432747754317896,-67.098395451619,280.1975162825603
4687000,2343500.0,-67.6304702758789,0.5549394497173289,-67.07553082616158,286.2136482858462
4688000,2344000.0,-67.67388153076172,0.580130006344204,-67.09375152441751,299.2058425120841
4689000,2344500.0,-67.56119537353516,0.4810850390437291,-67.08011033449142,248.12275326719265
4690000,2345000.0,-67.68487548828125,0.6032780052278747,-67.08159748305337,311.1445742320705
4691000,2345500.0,-67.70854187011719,0.6195932777271201,-67.08894859239007,319.55928266046817
4692000,2346000.0,-67.660888671875,0.5678628355916283,-67.09302583628337,292.8789690179965
4693000,2346500.0,-67.52857208251953,0.4423509825135505,-67.08622110000599,228.1454104452692
4694000,2347000.0,-67.59583282470703,0.49752560500061527,-67.09830721970641,256.6020826152888
4695000,2347500.0,-67.67220306396484,0.5745498816542037,-67.09765318231064,296.327856731422
4696000,2348000.0,-67.62457275390625,0.5416155679457989,-67.08295718596045,279.3417691770509
4697000,2348500.0,-67.5471420288086,0.4576847913197944,-67.0894572374888,236.05392255913713
4698000,2349000.0,-67.56819152832031,0.47794015263344075,-67.09025137568688,246.5007575460528
4699000,2349500.0,-67.48560333251953,0.3965076545663613,-67.08909567795317,204.50141442369787
4700000,2350000.0,-67.71145629882812,0.6191777687929135,-67.09227853003522,319.3449812118773
4701000,2350500.0,-67.6630630493164,0.570315988342562,-67.09274706097385,294.1441985831407
4702000,2351000.0,-67.6052017211914,0.51721693057112,-67.08798479062028,266.75801248113146
4703000,2351500.0,-67.59407043457031,0.49033444811634375,-67.10373598645397,252.8931964506962
4704000,2352000.0,-67.5233154296875,0.4563397728468679,-67.06697565684063,235.3602204906606
4705000,2352500.0,-67.64279174804688,0.5585746906942961,-67.08421705735257,288.0885475797168
4706000,2353000.0,-67.70170593261719,0.6003059123790352,-67.10140002023815,309.6116979196297
4707000,2353500.0,-67.62300109863281,0.5245205346183773,-67.09848056401444,270.5248940049907
4708000,2354000.0,-67.61287689208984,0.5270616967703067,-67.08581519531954,271.83551499392934
4709000,2354500.0,-67.5032730102539,0.4120801130112019,-67.0911928972427,212.53301164849034
4710000,2355000.0,-67.58917999267578,0.5021634740468712,-67.08701651862891,258.99409388909004
4711000,2355500.0,-67.649658203125,0.5649604723614928,-67.08469773076351,291.38205621215633
4712000,2356000.0,-67.68234252929688,0.5956050523155012,-67.08673747698137,307.1871986169569
4713000,2356500.0,-67.70282745361328,0.6197858638546996,-67.08304158975858,319.65861021451366
4714000,2357000.0,-67.68965911865234,0.603543317832951,-67.0861158008194,311.28141094222656
4715000,2357500.0,-67.52936553955078,0.4557833288529832,-67.0735822106978,235.07323086388672
4716000,2358000.0,-67.68624114990234,0.5996965999439765,-67.08654454995836,309.29744104877125
4717000,2358500.0,-67.60792541503906,0.5226881048011749,-67.08523731023789,269.5798063499746
4718000,2359000.0,-67.65070343017578,0.5520508074190278,-67.09865262275676,284.72381214027985
4719000,2359500.0,-67.57343292236328,0.4841620340073124,-67.08927088835597,249.70973353095465
4720000,2360000.0,-67.61363220214844,0.5215376058600842,-67.09209459628835,268.9864290014255
4721000,2360500.0,-67.68419647216797,0.5947443227277274,-67.08945214944025,306.74327170631864
4722000,2361000.0,-67.53627014160156,0.45862328832883853,-67.07764685327273,236.53795852558483
4723000,2361500.0,-67.49687194824219,0.40433592256439294,-67.09253602567779,208.53889480938184
4724000,2362000.0,-67.62962341308594,0.5577868264516951,-67.07183658663425,287.6822014471006
4725000,2362500.0,-67.60218811035156,0.5049776307255776,-67.09721047962599,260.44551358951105
4726000,2363000.0,-67.62886047363281,0.5407384336201759,-67.08812204001264,278.88938141564523
4727000,2363500.0,-67.53430938720703,0.44519951326089297,-67.08910987394614,229.61455879625882
4728000,2364000.0,-67.6500244140625,0.5553899068187199,-67.09463450724378,286.44597448008426
4729000,2364500.0,-67.45368957519531,0.3620765547628674,-67.09161302043245,186.74334965776393
4730000,2365000.0,-67.66958618164062,0.56984885839168,-67.09973732324895,293.90327325780356
4731000,2365500.0,-67.55937957763672,0.45784285441563594,-67.10153672322109,236.13544463392063
4732000,2366000.0,-67.64393615722656,0.5548912341379565,-67.08904492308861,286.188780785647
4733000,2366500.0,-67.56639099121094,0.46969330114056596,-67.09669769007037,242.2473899870343
4734000,2367000.0,-67.7338638305664,0.6281066550517479,-67.10575717551465,323.95011265923085
4735000,2367500.0,-67.62483215332031,0.5363222702053504,-67.08850988311497,276.61171627032616
4736000,2368000.0,-67.6543197631836,0.5613452362912843,-67.0929745268923,289.5174745796989
4737000,2368500.0,-67.71542358398438,0.6054655455845249,-67.10995803839985,312.27281246881563
4738000,2369000.0,-67.6711196899414,0.5662267606625488,-67.10489292927886,292.0351526799089
4739000,2369500.0,-67.63298797607422,0.5263839256363599,-67.10660405043785,271.48595010167213
4740000,2370000.0,-67.55633544921875,0.45345943997620125,-67.10287600924255,233.8746699867073
4741000,2370500.0,-67.70487213134766,0.5892681354879477,-67.11560399585971,303.9188923449448
4742000,2371000.0,-67.5944595336914,0.49331404646835064,-67.10114548722305,254.42994377545168
4743000,2371500.0,-67.59490203857422,0.4977979313725908,-67.09710410720163,256.7425367215652
4744000,2372000.0,-67.75331115722656,0.6399287288387973,-67.11338242838777,330.04742448418654
4745000,2372500.0,-67.67900085449219,0.571115078377973,-67.10788577611422,294.5563344917706
4746000,2373000.0,-67.5147705078125,0.40688127722700873,-67.10788923058549,209.8516781131094
4747000,2373500.0,-67.57392883300781,0.4632587307126256,-67.11067010229519,238.92871823235706
4748000,2374000.0,-67.66592407226562,0.5709740633339058,-67.09495000893172,294.48360506111607
4749000,2374500.0,-67.6180191040039,0.5310083580046341,-67.08701074599927,273.8710313209819
4750000,2375000.0,-67.79058074951172,0.6836222610856111,-67.1069584884261,352.5826493221863
4751000,2375500.0,-67.69498443603516,0.5953601516009636,-67.0996242844342,307.0608894727587
4752000,2376000.0,-67.75813293457031,0.6462943263008019,-67.11183860826951,333.33052298087387
4753000,2376500.0,-67.58997344970703,0.4819212944542115,-67.10805215525282,248.55405746092922
4754000,2377000.0,-67.83146667480469,0.7194787226981205,-67.11198795210657,371.0758537573102
4755000,2377500.0,-67.56537628173828,0.47649609836889173,-67.08888018336938,245.75597712074725
4756000,2378000.0,-67.5213623046875,0.42067483274525913,-67.10068747194224,216.96579452657173
4757000,2378500.0,-67.725341796875,0.624611540489663,-67.10073025638533,322.14748447970453
4758000,2379000.0,-67.6332015991211,0.5279947536153694,-67.10520684550572,272.3167451602466
4759000,2379500.0,-67.64618682861328,0.5678936144864309,-67.07829321412684,292.8948434341624
4760000,2380000.0,-67.66130828857422,0.565735181093154,-67.09557310748106,291.78161730402064
4761000,2380500.0,-67.67692565917969,0.6001671479443087,-67.07675851123538,309.5401292554527
4762000,2381000.0,-67.68465423583984,0.5825573466569166,-67.10209688918293,300.45775914350514
4763000,2381500.0,-67.64937591552734,0.5599230022074423,-67.0894529133199,288.78394805521003
4764000,2382000.0,-67.68519592285156,0.6097513967576134,-67.07544452609395,314.48326822373565
4765000,2382500.0,-67.71808624267578,0.6390132590878214,-67.07907298358796,329.57526497659416
4766000,2383000.0,-67.55390930175781,0.4505827837316146,-67.1033265180262,232.39101572668525
4767000,2383500.0,-67.59221649169922,0.5105290819643642,-67.08168740973485,263.3087108502995
4768000,2384000.0,-67.53690338134766,0.4380248339746842,-67.09887854737298,225.91417106056497
4769000,2384500.0,-67.5845947265625,0.5153124338659123,-67.06928229269658,265.7757558575962
4770000,2385000.0,-67.5775146484375,0.49198262336793774,-67.08553202506957,253.74325360920864
4771000,2385500.0,-67.5212173461914,0.4426685849395406,-67.07854876125187,228.30921597232873
4772000,2386000.0,-67.60602569580078,0.526089631497694,-67.07993606430308,271.3341659761434
4773000,2386500.0,-67.62471008300781,0.5407491229448865,-67.08396096006292,278.89489450473036
4774000,2387000.0,-67.7343521118164,0.6520830694615086,-67.0822690423549,336.31610510133686
4775000,2387500.0,-67.572021484375,0.4704364526824492,-67.10158503169255,242.6306752520123
4776000,2388000.0,-67.58537292480469,0.5033980905981584,-67.08197483420653,259.63085544489223
4777000,2388500.0,-67.68171691894531,0.5920802097372163,-67.0896367092081,305.36923801877253
4778000,2389000.0,-67.64893341064453,0.5525692301880349,-67.09636418045649,284.99119207181576
4779000,2389500.0,-67.54380798339844,0.4546762748592508,-67.08913170853918,234.50226053089457
4780000,2390000.0,-67.47293090820312,0.3746955358820413,-67.09823537232108,193.25167164786336
4781000,2390500.0,-67.49684143066406,0.4016608507748018,-67.09518057988926,207.15920904958332
4782000,2391000.0,-67.70606231689453,0.6094704868141653,-67.09659183008037,314.3383870843699
4783000,2391500.0,-67.70691680908203,0.6228555823056323,-67.0840612267764,321.2418375693167
4784000,2392000.0,-67.6850357055664,0.5919311663852577,-67.09310453918116,305.2923679358499
4785000,2392500.0,-67.52950286865234,0.43643457590728235,-67.09306829274506,225.0939850683474
4786000,2393000.0,-67.68598175048828,0.6064973456838377,-67.07948440480445,312.8049701139
4787000,2393500.0,-67.54995727539062,0.45438353380788105,-67.09557374158274,234.3512774202899
4788000,2394000.0,-67.5790786743164,0.48290011266105526,-67.09617856165535,249.05888934868213
4789000,2394500.0,-67.51736450195312,0.4329339536435207,-67.0844305483096,223.28851625568282
4790000,2395000.0,-67.6517105102539,0.5634245921148254,-67.08828591813908,290.58991593639695
4791000,2395500.0,-67.73492431640625,0.6371785960909836,-67.09774572031526,328.62902554458503
4792000,2396000.0,-67.60220336914062,0.5136335936017193,-67.0885697755389,264.9098830184088
4793000,2396500.0,-67.50848388671875,0.42564694761512756,-67.08283693910363,219.53019526853777
4794000,2397000.0,-67.57437133789062,0.4796858414383135,-67.09468549645231,247.40110795701906
4795000,2397500.0,-67.71544647216797,0.61398374438313,-67.10146272778483,316.66612917429535
4796000,2398000.0,-67.72750091552734,0.6342977908229899,-67.09320312470436,327.1432313986227
4797000,2398500.0,-67.58865356445312,0.5056290234867167,-67.0830245409664,260.78147366358326
4798000,2399000.0,-67.44388580322266,0.3386451405603128,-67.10524066266234,174.65844463465555
4799000,2399500.0,-67.58829498291016,0.49186481390193604,-67.09643016900822,253.68249260711346
4800000,2400000.0,-67.5806884765625,0.5052819907334616,-67.07540648582903,260.60248925287965
4801000,2400500.0,-67.62201690673828,0.5420561611758391,-67.07996074556245,279.5690080151693
4802000,2401000.0,-67.67914581298828,0.5902776083163046,-67.08886820467198,304.43953455410235
4803000,2401500.0,-67.54690551757812,0.46198705504809656,-67.08491846253003,238.2728431966814
4804000,2402000.0,-67.5547103881836,0.4827774586791198,-67.07193292950447,248.9956297558303
4805000,2402500.0,-67.76053619384766,0.6719604121318093,-67.08857578171585,346.5679745022104
4806000,2403000.0,-67.59923553466797,0.5123206238046137,-67.08691491086336,264.2327102639576
4807000,2403500.0,-67.74595642089844,0.6512195461930467,-67.09473687470539,335.8707373316241
4808000,2404000.0,-67.80696105957031,0.713066047802151,-67.09389501176817,367.76847476635646
4809000,2404500.0,-67.70220947265625,0.6173050875136267,-67.08490438514262,318.37913360220693
4810000,2405000.0,-67.62824249267578,0.5351603394814489,-67.09308215319433,276.01244290507407
4811000,2405500.0,-67.5365982055664,0.42443921997889766,-67.11215898558751,218.90730184642285
4812000,2406000.0,-67.6418228149414,0.5460756441556615,-67.09574717078574,281.64208263342505
4813000,2406500.0,-67.66708374023438,0.5853445281082316,-67.08173921212614,301.8952661940885
4814000,2407000.0,-67.74989318847656,0.6418257591853842,-67.10806742929118,331.0258302844629
4815000,2407500.0,-67.64601135253906,0.5400968633969169,-67.10591448914215,278.55848737968495
4816000,2408000.0,-67.5926742553711,0.49976409935119026,-67.0929101560199,257.7566007074368
4817000,2408500.0,-67.64582061767578,0.5516242053948913,-67.0941964122809,284.50378935805304
4818000,2409000.0,-67.68657684326172,0.5976669650303628,-67.08890987823136,308.250643576345
4819000,2409500.0,-67.67747497558594,0.599016401053514,-67.07845857453242,308.9466240252231
4820000,2410000.0,-67.65794372558594,0.5635698069819343,-67.094373918604,290.6648114532353
4821000,2410500.0,-67.84162902832031,0.7357043548155454,-67.10592467350477,379.4443295728928
4822000,2411000.0,-67.55670166015625,0.4726989775062526,-67.08400268265,243.7975872177915
4823000,2411500.0,-67.70730590820312,0.5978102591347976,-67.10949564906832,308.32454844728005
4824000,2412000.0,-67.52647399902344,0.4450497050469111,-67.08142429397653,229.53729423074853
4825000,2412500.0,-67.58959197998047,0.5034966980504584,-67.08609528193001,259.681712882916
4826000,2413000.0,-67.63066101074219,0.5379728662137632,-67.09268814452842,277.46302194999
4827000,2413500.0,-67.73893737792969,0.6520169887412598,-67.08692038918842,336.28202353796377
4828000,2414000.0,-67.68659210205078,0.604522818223606,-67.08206928382718,311.78659467073885
4829000,2414500.0,-67.55557250976562,0.46531813905790087,-67.09025437070773,239.99087154676243
4830000,2415000.0,-67.57962036132812,0.49498002147108616,-67.08464033985705,255.28918127195485
4831000,2415500.0,-67.73413848876953,0.6409260903887148,-67.09321239838081,330.5618202223294
4832000,2416000.0,-67.6371841430664,0.5462844568314186,-67.09089968623499,281.7497791357502
4833000,2416500.0,-67.6523666381836,0.5698474843708689,-67.08251915381273,293.9025645975896
4834000,2417000.0,-67.48941802978516,0.40002301752599834,-67.08939501225916,206.31448584660563
4835000,2417500.0,-67.75535583496094,0.6729110300906248,-67.0824448048703,347.0582619277254
4836000,2418000.0,-67.70707702636719,0.6106480247041662,-67.09642900166303,314.9457099475465
4837000,2418500.0,-67.71006774902344,0.6173946778100486,-67.09267307121338,318.42534038315034
4838000,2419000.0,-67.63846588134766,0.5602715653509925,-67.07819431599667,288.963721774711
4839000,2419500.0,-67.69290924072266,0.5930024432977368,-67.09990679742492,305.844886005346
4840000,2420000.0,-67.61180877685547,0.5162926177875775,-67.0955161590679,266.2812921216946
4841000,2420500.0,-67.6179428100586,0.5407977014217594,-67.07714510863683,278.91994917168734
4842000,2421000.0,-67.67117309570312,0.5925802135693959,-67.07859288213373,305.6271182632532
4843000,2421500.0,-67.53372192382812,0.44198200525396425,-67.09173991857416,227.95510801199566
4844000,2422000.0,-67.53652954101562,0.44313394994852207,-67.09339559106711,228.5492310173449
4845000,2422500.0,-67.53852844238281,0.4526047406693816,-67.08592370171343,233.43385323288516
4846000,2423000.0,-67.71025085449219,0.6184413600147075,-67.09180949447747,318.96517357133666
4847000,2423500.0,-67.53559875488281,0.45413656926463875,-67.08146218561818,234.22390384294803
4848000,2424000.0,-67.7129898071289,0.6136574526098295,-67.09933235451908,316.4978420595668
4849000,2424500.0,-67.54496002197266,0.4593920700213074,-67.08556795195135,236.93446270824649
4850000,2425000.0,-67.67430114746094,0.5866827252555131,-67.08761842220542,302.58545011927936
4851000,2425500.0,-67.85301971435547,0.7519154363973332,-67.10110427795813,387.80530085461794
4852000,2426000.0,-67.638427734375,0.5439123558701039,-67.0945153785049,280.52635256085796
4853000,2426500.0,-67.59900665283203,0.5071685749542298,-67.0918380778778,261.575507395489
4854000,2427000.0,-67.6785659790039,0.5980212947912125,-67.0805446842127,308.43339146640886
4855000,2427500.0,-67.69285583496094,0.6115602165586919,-67.08129561840225,315.41617885862036
4856000,2428000.0,-67.6537857055664,0.5726930580029647,-67.08109264756344,295.370187797063
4857000,2428500.0,-67.800537109375,0.7017827938766437,-67.09875431549835,361.94906280672734
4858000,2429000.0,-67.52518463134766,0.4319061935017215,-67.09327843784594,222.75844224509126
4859000,2429500.0,-67.58425903320312,0.5051292908830822,-67.07912974232005,260.5237333069976
4860000,2430000.0,-67.55464935302734,0.4638529968930273,-67.09079635613432,239.23521489903356
4861000,2430500.0,-67.57141876220703,0.47387886918801353,-67.09753989301902,244.40612406445274
4862000,2431000.0,-67.71263885498047,0.6197156342527192,-67.09292322072776,319.62238883827035
4863000,2431500.0,-67.5132064819336,0.4187889984263487,-67.09441748350724,215.99316315074697
4864000,2432000.0,-67.64684295654297,0.54080366443684,-67.10603929210613,278.9230246356895
4865000,2432500.0,-67.54545593261719,0.46161122847118075,-67.083844704146,238.07900818322787
4866000,2433000.0,-67.69710540771484,0.5842003073020684,-67.11290510041277,301.30512683466225
4867000,2433500.0,-67.65225982666016,0.5580233936711237,-67.09423643298904,287.8042125367285
4868000,2434000.0,-67.56974792480469,0.4787411303668553,-67.09100679443783,246.91386704726608
4869000,2434500.0,-67.425537109375,0.33581606095205785,-67.08972104842294,173.19932833578332
4870000,2435000.0,-67.7603530883789,0.6624819589106136,-67.09787112946829,341.67940030203954
4871000,2435500.0,-67.65618133544922,0.5720458699378398,-67.08413546551138,295.0363963224421
4872000,2436000.0,-67.61724853515625,0.5191048579033266,-67.09814367725292,267.73172334224375
4873000,2436500.0,-67.59600067138672,0.5124062544635556,-67.08359441692316,264.2768748359904
4874000,2437000.0,-67.57072448730469,0.47463376090276566,-67.09609072640193,244.79546440032183
4875000,2437500.0,-67.6316909790039,0.5278938290278204,-67.10379714997609,272.26469264457336
4876000,2438000.0,-67.53973388671875,0.45970436670315773,-67.08002952001559,237.09553176308748
4877000,2438500.0,-67.6824951171875,0.5957007046749101,-67.08679441251259,307.23653194650757
4878000,2439000.0,-67.60153198242188,0.5272163882518794,-67.07431559417,271.9152981366168
4879000,2439500.0,-67.67208862304688,0.5893528511654379,-67.08273577188143,303.9625850093136
4880000,2440000.0,-67.56929016113281,0.48445461300847664,-67.08483554812433,249.8606330631067
4881000,2440500.0,-67.53935241699219,0.4429359356998163,-67.09641648129237,228.44710387435026
4882000,2441000.0,-67.7009506225586,0.6049248240123424,-67.09602579854625,311.99393178379665
4883000,2441500.0,-67.7540283203125,0.6702811721591472,-67.08374714815335,345.70189551076754
4884000,2442000.0,-67.7622299194336,0.6829949336386552,-67.07923498579494,352.25910109119536
4885000,2442500.0,-67.60465240478516,0.526211592585842,-67.07844081219932,271.3970682044956
4886000,2443000.0,-67.74153900146484,0.6601315548030424,-67.0814074466618,340.4671640212766
4887000,2443500.0,-67.60350036621094,0.5203226544832128,-67.08317771172773,268.3598098878602
4888000,2444000.0,-67.63166046142578,0.5482550717964577,-67.08340538962932,282.76613668394367
4889000,2444500.0,-67.5985336303711,0.5100652025277417,-67.08846842784335,263.0694619989372
4890000,2445000.0,-67.6692886352539,0.5777278321421724,-67.09156080311173,297.9669054667329
4891000,2445500.0,-67.72270965576172,0.641114448852614,-67.0815952069091,330.6589673311997
4892000,2446000.0,-67.57799530029297,0.4928631717548765,-67.08513212853809,254.19740219505223
4893000,2446500.0,-67.70951843261719,0.6309016728504252,-67.07861675976676,325.39166135718483
4894000,2447000.0,-67.6087417602539,0.5132336449256493,-67.09550811532826,264.703606874654
4895000,2447500.0,-67.70970916748047,0.6431410015061918,-67.06656816597427,331.7041751078667
4896000,2448000.0,-67.45401000976562,0.37660272922548294,-67.07740728054014,194.23531908019308
4897000,2448500.0,-67.58551788330078,0.5030978915452096,-67.08241999175557,259.4760258212275
4898000,2449000.0,-67.73609161376953,0.6496732209914154,-67.08641839277811,335.0732100020738
4899000,2449500.0,-67.67488861083984,0.5978181322975519,-67.0770704785423,308.32860908242975
4900000,2450000.0,-67.63664245605469,0.5465143445682532,-67.09012811148644,281.868345238573
4901000,2450500.0,-67.63043212890625,0.5428879678464418,-67.08754416105981,279.99801774223585
4902000,2451000.0,-67.69873809814453,0.6222562360384429,-67.07648186210609,320.9327208146759
4903000,2451500.0,-67.5833511352539,0.5056789693102401,-67.07767216594367,260.8072335485123
4904000,2452000.0,-67.5596694946289,0.49627040334955386,-67.06339909127935,255.95470415973352
4905000,2452500.0,-67.4785385131836,0.4059997910543214,-67.07253872212927,209.39704585813655
4906000,2453000.0,-67.69586944580078,0.6224420212110908,-67.0734274245897,321.0285407317642
4907000,2453500.0,-67.61054992675781,0.5426159123711747,-67.06793401438664,279.8577033527074
4908000,2454000.0,-67.67967987060547,0.6009536743443848,-67.07872619626109,309.9457853870425
4909000,2454500.0,-67.65784454345703,0.5846596106336638,-67.07318493282337,301.5420155299473
4910000,2455000.0,-67.62506866455078,0.5622596735238385,-67.06280899102694,289.9891015591668
4911000,2455500.0,-67.64153289794922,0.5708314344460717,-67.07070146350314,294.4100432799907
4912000,2456000.0,-67.60311126708984,0.5183253470924093,-67.08478591999743,267.3296855466166
4913000,2456500.0,-67.56697845458984,0.4939050886928383,-67.073073365897,254.7347776657937
4914000,2457000.0,-67.63975524902344,0.5743098999224663,-67.06544534910097,296.20408458475356
4915000,2457500.0,-67.53744506835938,0.46293178576370764,-67.07451328259566,238.7600942380346
4916000,2458000.0,-67.50493621826172,0.4217425334140737,-67.08319368484764,217.51646812502344
4917000,2458500.0,-67.6268539428711,0.5531522074940057,-67.07370173537709,285.2918664277202
4918000,2459000.0,-67.49633026123047,0.44217097439899783,-67.05415928683148,228.05257008365243
4919000,2459500.0,-67.78376007080078,0.7079803822958547,-67.07577968850492,365.14550954148376
4920000,2460000.0,-67.5608139038086,0.485604127229182,-67.07520977657941,250.4535025356809
4921000,2460500.0,-67.60652923583984,0.5210965234933445,-67.0854327123465,268.75893788785726
4922000,2461000.0,-67.75467681884766,0.6755933156868065,-67.07908350316085,348.4416682554226
4923000,2461500.0,-67.72622680664062,0.6398780546916377,-67.08634875194899,330.0212889615819
4924000,2462000.0,-67.62136840820312,0.5397237837029946,-67.08164462450013,278.366069089089
4925000,2462500.0,-67.49683380126953,0.4245690276510091,-67.07226477361853,218.9742510017396
4926000,2463000.0,-67.65909576416016,0.5855582097762403,-67.07353755438392,302.00547391099116
4927000,2463500.0,-67.57972717285156,0.5001288748400635,-67.0795982980115,257.9447360500023
4928000,2464000.0,-67.81071472167969,0.7448136101439301,-67.06590111153575,384.14248754676237
4929000,2464500.0,-67.61161804199219,0.526832968800752,-67.08478507319144,271.71754704866146
4930000,2465000.0,-67.5093765258789,0.42673556856733086,-67.08264095731158,220.09165863988258
4931000,2465500.0,-67.6396713256836,0.553395072922573,-67.08627625276102,285.41712585987653
4932000,2466000.0,-67.66926574707031,0.5973844001196731,-67.07188134695063,308.1049088768075
4933000,2466500.0,-67.68047332763672,0.6025017944206864,-67.07797153321603,310.7442384349355
4934000,2467000.0,-67.69221496582031,0.6125441412832401,-67.07967082453708,315.9236444662556
4935000,2467500.0,-67.43717956542969,0.36048732372915526,-67.07669224170053,185.92369336488454
4936000,2468000.0,-67.4446792602539,0.3645049316597724,-67.08017432859414,187.99580091425736
4937000,2468500.0,-67.54060363769531,0.46378580132935165,-67.07681783636596,239.20055834787647
4938000,2469000.0,-67.62400817871094,0.5518044824920996,-67.07220369621884,284.5967684492325
4939000,2469500.0,-67.7006607055664,0.6077827275189658,-67.09287797804744,313.46791419664595
4940000,2470000.0,-67.60662078857422,0.5230198075540914,-67.08360098102013,269.75088421280634
4941000,2470500.0,-67.7142333984375,0.6329337015498566,-67.08129969688764,326.4396934402924
4942000,2471000.0,-67.57410430908203,0.5058720914661087,-67.06823221761593,260.90683756265133
4943000,2471500.0,-67.45172119140625,0.364389998096495,-67.08733119330975,187.93652317778924
4944000,2472000.0,-67.65303802490234,0.5626354412480041,-67.09040258365434,290.18290621892976
4945000,2472500.0,-67.60411834716797,0.5074021040233552,-67.09671624314461,261.6959515392405
4946000,2473000.0,-67.61597442626953,0.5244500272324393,-67.0915243990371,270.4885293598556
4947000,2473500.0,-67.6932601928711,0.6078573141686472,-67.08540287870245,313.5063827487188
4948000,2474000.0,-67.72806549072266,0.638050942702498,-67.09001454802016,329.0789440111465
4949000,2474500.0,-67.67346954345703,0.5743024129620145,-67.09916713049502,296.20022313596564
4950000,2475000.0,-67.5030288696289,0.4181322984201054,-67.0848965712088,215.65446583032403
4951000,2475500.0,-67.4459228515625,0.352698085217679,-67.09322476634482,181.9063426919889
4952000,2476000.0,-67.75213623046875,0.6530211724141074,-67.09911505805464,336.7999378305973
4953000,2476500.0,-67.72843933105469,0.6436858494407416,-67.08475348161394,331.9851839912466
4954000,2477000.0,-67.55546569824219,0.47087723835950207,-67.08458845988268,242.85801334593535
4955000,2477500.0,-67.5355453491211,0.4461331861572961,-67.0894121629638,230.09610669508143
4956000,2478000.0,-67.547607421875,0.47385205347617654,-67.07375536839882,244.39229368580484
4957000,2478500.0,-67.60277557373047,0.5207638080636994,-67.08201176566676,268.5873377303838
4958000,2479000.0,-67.70143127441406,0.6108509428489919,-67.09058033156506,315.050366307017
4959000,2479500.0,-67.49783325195312,0.405788298193456,-67.09204495375967,209.28796703282413
4960000,2480000.0,-67.62122344970703,0.5336248115448955,-67.08759863816213,275.2204843355587
4961000,2480500.0,-67.52296447753906,0.45356428628995227,-67.06940019124912,233.92874515830175
4962000,2481000.0,-67.6602554321289,0.5631075551156814,-67.09714787701323,290.42640203192894
4963000,2481500.0,-67.50047302246094,0.42721883910372865,-67.07325418335721,220.34090857769456
4964000,2482000.0,-67.55875396728516,0.47774888506957935,-67.08100508221558,246.4021100498631
4965000,2482500.0,-67.49906158447266,0.43202027923581077,-67.06704130523684,222.8172827081142
4966000,2483000.0,-67.65437316894531,0.5750648056859883,-67.07930836325933,296.59343216636756
4967000,2483500.0,-67.69339752197266,0.6221734118694837,-67.07122411010317,320.89000370819497
4968000,2484000.0,-67.54503631591797,0.47984293788991,-67.06519337802806,247.48213147871516
4969000,2484500.0,-67.44276428222656,0.37422756089546133,-67.0685367213311,193.01031048984188
4970000,2485000.0,-67.64860534667969,0.5661546396733598,-67.08245070700633,291.9979558083505
4971000,2485500.0,-67.6930923461914,0.6290352060120821,-67.06405714017933,324.4290188860489
4972000,2486000.0,-67.71915435791016,0.6524429575468654,-67.06671140036329,336.5017197335946
4973000,2486500.0,-67.73382568359375,0.6508129133012239,-67.08301277029253,335.6610137599067
4974000,2487000.0,-67.6628646850586,0.6000243088539144,-67.06284037620468,309.466459060983
4975000,2487500.0,-67.66098022460938,0.5963379210643063,-67.06464230354507,307.5651804641963
4976000,2488000.0,-67.70807647705078,0.6285834955815485,-67.07949298146923,324.1960462791137
4977000,2488500.0,-67.69164276123047,0.618986593337636,-67.07265616789283,319.24638122129176
4978000,2489000.0,-67.60401916503906,0.5187101024233173,-67.08530906261575,267.52812562330007
4979000,2489500.0,-67.89521789550781,0.8114936516967286,-67.08372424381109,418.5331547995582
4980000,2490000.0,-67.65662384033203,0.5769837306915683,-67.07964010964047,297.5831302801235
4981000,2490500.0,-67.60393524169922,0.5191843869536017,-67.08475085474562,267.7727409697264
4982000,2491000.0,-67.70185089111328,0.6087469041548101,-67.09310398695847,313.9651945984583
4983000,2491500.0,-67.72901153564453,0.6331688668194875,-67.09584266882504,326.5609814651489
4984000,2492000.0,-67.83869171142578,0.7604368365754345,-67.07825487485034,392.20026869249716
4985000,2492500.0,-67.52611541748047,0.4337252753129061,-67.09239014216756,223.69664557876087
4986000,2493000.0,-67.68973541259766,0.6091313298700731,-67.08060408272759,314.1634646737185
4987000,2493500.0,-67.66099548339844,0.5921701606835676,-67.06882532271487,305.4156308072742
4988000,2494000.0,-67.62542724609375,0.5473745294867254,-67.07805271660702,282.311991232459
4989000,2494500.0,-67.6446533203125,0.5658602981844373,-67.07879302212807,291.84614726161755
4990000,2495000.0,-67.72588348388672,0.6407686479966093,-67.08511483589011,330.4806182795547
4991000,2495500.0,-67.5863037109375,0.506358474205965,-67.07994523673153,261.1576926397385
4992000,2496000.0,-67.68014526367188,0.5865797309918236,-67.09356553268005,302.53233015460916
4993000,2496500.0,-67.48627471923828,0.4070630707704939,-67.07921164846779,209.9454393213677
4994000,2497000.0,-67.57343292236328,0.49076961998186475,-67.08266330238142,253.11763918462972
4995000,2497500.0,-67.67272186279297,0.5766881424346626,-67.0960337203583,297.43067870465427
4996000,2498000.0,-67.71113586425781,0.6282024489006035,-67.0829334153572,323.9995189628885
4997000,2498500.0,-67.54489135742188,0.47350165706008185,-67.07138970036179,244.21157444400677
4998000,2499000.0,-67.62841796875,0.5462584099811383,-67.08215955876886,281.73634530247546
4999000,2499500.0,-67.61393737792969,0.5188205907350542,-67.09511678719463,267.5851106922319
5000000,2500000.0,-67.55596923828125,0.45869477015186144,-67.09727446812938,236.57482574301537
