{
  "mae": 0.005678057204931974,
  "rmse": 0.00785544142127037,
  "r2": -0.058385610580444336,
  "mean_error": 0.004191133193671703,
  "std_error": 0.006643971893936396,
  "max_abs_error": 0.03433704376220703,
  "mae_kcal_mol": 0.13093799352645874,
  "rmse_kcal_mol": 0.18114922940731049,
  "mean_error_kcal_mol": 0.09664899855852127,
  "std_error_kcal_mol": 0.15321232378482819,
  "max_abs_error_kcal_mol": 0.7918242812156677,
  "mae_overall": 0.11059519648551941,
  "rmse_overall": 0.15893854200839996,
  "r2_overall": 0.9998728036880493,
  "r_overall": 0.9999369654689761,
  "mae_x": 0.12312071025371552,
  "mae_y": 0.15129807591438293,
  "mae_z": 0.057366788387298584,
  "r2_x": 0.999889075756073,
  "r2_y": 0.9998749494552612,
  "r2_z": 0.999851405620575,
  "mae_components": [
    0.019490385428071022,
    0.02275397628545761,
    0.018567189574241638
  ],
  "mae_magnitude": 0.2340007722377777,
  "rmse_magnitude": 0.2752896249294281,
  "r2_magnitude": 0.9997377395629883,
  "mae_overall_kcal_mol_ang": 0.4674451947212219,
  "rmse_overall_kcal_mol_ang": 0.6599192023277283,
  "mae_x_kcal_mol_ang": 0.4494551122188568,
  "mae_y_kcal_mol_ang": 0.5247146487236023,
  "mae_z_kcal_mol_ang": 0.42816591262817383,
  "mae_magnitude_kcal_mol_ang": 0.6380770802497864,
  "rmse_magnitude_kcal_mol_ang": 0.8647387027740479,
  "r": NaN,
  "mae_overall_debye": 0.11059519648551941,
  "rmse_overall_debye": 0.15893854200839996,
  "mae_x_debye": 0.12312071025371552,
  "mae_y_debye": 0.15129807591438293,
  "mae_z_debye": 0.057366788387298584,
  "mae_magnitude_debye": 0.2340007722377777,
  "rmse_magnitude_debye": 0.2752896249294281
}