{
  "final_energy_eV": -68.00946044921875,
  "final_max_abs_force_eV_per_A": 0.0017693936824798584,
  "fmax_target_eV_per_A": 0.003
}