{
  "mae": 0.006247237324714661,
  "rmse": 0.0076570771634578705,
  "r2": 0.9179871678352356,
  "mean_error": 0.005580155178904533,
  "std_error": 0.005243347492069006,
  "max_abs_error": 0.04261207580566406,
  "mae_kcal_mol": 0.14406348764896393,
  "rmse_kcal_mol": 0.17657488584518433,
  "mean_error_kcal_mol": 0.12868033349514008,
  "std_error_kcal_mol": 0.12091343104839325,
  "max_abs_error_kcal_mol": 0.9826493859291077,
  "mae_overall": 0.03029460459947586,
  "rmse_overall": 0.04424336552619934,
  "r2_overall": 0.9998356103897095,
  "r_overall": 0.9999186864667187,
  "mae_x": 0.03381379693746567,
  "mae_y": 0.04097200185060501,
  "mae_z": 0.016098011285066605,
  "r2_x": 0.9998807907104492,
  "r2_y": 0.9998623132705688,
  "r2_z": 0.9997495412826538,
  "mae_components": [
    0.016966475173830986,
    0.020593106746673584,
    0.023665567860007286
  ],
  "mae_magnitude": 0.059909846633672714,
  "rmse_magnitude": 0.07305620610713959,
  "r2_magnitude": 0.9996592402458191,
  "mae_overall_kcal_mol_ang": 0.47062450647354126,
  "rmse_overall_kcal_mol_ang": 0.7501912117004395,
  "mae_x_kcal_mol_ang": 0.39125287532806396,
  "mae_y_kcal_mol_ang": 0.4748842716217041,
  "mae_z_kcal_mol_ang": 0.5457363128662109,
  "mae_magnitude_kcal_mol_ang": 0.6415897607803345,
  "rmse_magnitude_kcal_mol_ang": 0.9857078194618225,
  "r": 0.9922259168743587,
  "mae_overall_debye": 0.03029460459947586,
  "rmse_overall_debye": 0.04424336552619934,
  "mae_x_debye": 0.03381379693746567,
  "mae_y_debye": 0.04097200185060501,
  "mae_z_debye": 0.016098011285066605,
  "mae_magnitude_debye": 0.059909846633672714,
  "rmse_magnitude_debye": 0.07305620610713959
}