step,time_fs,E_pot_eV,E_kin_eV,E_tot_eV,T_K
0,0.0,-68.02061462402344,0.7802276914959265,-67.24038693252751,402.4075314711214
1000,500.0,-67.6578369140625,0.4238079221124722,-67.23402899195003,218.58170584563982
2000,1000.0,-67.63848876953125,0.40442710415974675,-67.2340616653715,208.58592231315012
3000,1500.0,-67.74632263183594,0.5084198285930708,-67.23790280324286,262.2208496379373
4000,2000.0,-67.66229248046875,0.42547137558431686,-67.23682110488443,219.43964284610524
5000,2500.0,-67.69096374511719,0.45440040559734857,-67.23656333951983,234.3599791559821
6000,3000.0,-67.5815658569336,0.35485704194947143,-67.22670881498412,183.01983873739053
7000,3500.0,-67.5616226196289,0.3291397513538627,-67.23248286827504,169.75597802403564
8000,4000.0,-67.62750244140625,0.3945440775426046,-67.23295836386364,203.48868673972095
9000,4500.0,-67.72611236572266,0.4928666203718959,-67.23324574535076,254.1991808418202
10000,5000.0,-67.55534362792969,0.3258775470336426,-67.22946608089605,168.07347482405655
11000,5500.0,-67.72067260742188,0.48154116820981485,-67.23913143921206,248.35800486586973
12000,6000.0,-67.64372253417969,0.406214100282053,-67.23750843389763,209.50757724306806
13000,6500.0,-67.73977661132812,0.5109626526140305,-67.2288139587141,263.5323277466904
14000,7000.0,-67.58734893798828,0.3568181696838801,-67.2305307683044,184.03130318437763
15000,7500.0,-67.50953674316406,0.2766672794738933,-67.23286946369016,142.69295769093003
16000,8000.0,-67.61742401123047,0.38017052253909006,-67.23725348869138,196.07543180084664
17000,8500.0,-67.65046691894531,0.4129779266946184,-67.23748899225069,212.99606492383865
18000,9000.0,-67.56571197509766,0.33260206364285333,-67.2331099114548,171.5416882168174
19000,9500.0,-67.65725708007812,0.4259274193581499,-67.23132966071998,219.67485040316984
20000,10000.0,-67.5938720703125,0.3612593172289091,-67.23261275308359,186.32185405814585
21000,10500.0,-67.70896911621094,0.4761819164140062,-67.23278719979693,245.59393572401618
22000,11000.0,-67.71446228027344,0.47860362081928703,-67.23585865945415,246.84294559934293
23000,11500.0,-67.62816619873047,0.3973590674213706,-67.23080713130909,204.94053616851852
24000,12000.0,-67.58671569824219,0.3527260377557672,-67.23398966048642,181.9207593962062
25000,12500.0,-67.68682861328125,0.45236759912799934,-67.23446101415325,233.3115459329559
26000,13000.0,-67.57186889648438,0.34558366730522977,-67.22628522917914,178.23703515368095
27000,13500.0,-67.65908813476562,0.4220142941083514,-67.23707384065727,217.65663047932992
28000,14000.0,-67.57701110839844,0.3400723529185974,-67.23693875547984,175.39453873672625
29000,14500.0,-67.53245544433594,0.30087845220429194,-67.23157699213165,155.18002827128961
30000,15000.0,-67.5181655883789,0.28329745805001955,-67.23486813032889,146.11251562653248
31000,15500.0,-67.64130401611328,0.40166645804497697,-67.23963755806831,207.16210103582537
32000,16000.0,-67.54458618164062,0.3085351986933239,-67.2360509829473,159.12904531763937
33000,16500.0,-67.61209106445312,0.3663617216305623,-67.24572934282256,188.9534524777046
34000,17000.0,-67.63492584228516,0.39777851960139143,-67.23714732268377,205.1568713719112
35000,17500.0,-67.68663024902344,0.44809371235686624,-67.23853653666657,231.10726089654392
36000,18000.0,-67.59204864501953,0.35840834719975484,-67.23364029781978,184.8514476316186
37000,18500.0,-67.67214965820312,0.43845580874961904,-67.2336938494535,226.1364491175964
38000,19000.0,-67.69052124023438,0.4509118629271106,-67.23960937730726,232.5607404726298
39000,19500.0,-67.7022933959961,0.46188189120041945,-67.24041150479567,238.21860425488913
40000,20000.0,-67.56648254394531,0.32539553941565974,-67.24108700452965,167.82487624467151
41000,20500.0,-67.7245101928711,0.47724488443851615,-67.24726530843257,246.14216843023513
42000,21000.0,-67.65409851074219,0.41495192641853534,-67.23914658432365,214.0141681835462
43000,21500.0,-67.54658508300781,0.30173443500274066,-67.24485064800507,155.62150699430836
44000,22000.0,-67.6478500366211,0.41252855741702993,-67.23532147920406,212.7642997818368
45000,22500.0,-67.5411148071289,0.29823946543527396,-67.24287534169363,153.81895359670403
46000,23000.0,-67.64476013183594,0.411777021400911,-67.23298311043503,212.37669016947063
47000,23500.0,-67.62793731689453,0.3902960115537894,-67.23764130534074,201.2977189405545
48000,24000.0,-67.56643676757812,0.3284751137314988,-67.23796165384663,169.41318682621812
49000,24500.0,-67.5701904296875,0.3303818104949626,-67.23980861919254,170.39657814417862
50000,25000.0,-67.67346954345703,0.43437418450317145,-67.23909535895386,224.03132473492226
51000,25500.0,-67.57493591308594,0.32937321855202356,-67.24556269453392,169.8763902574329
52000,26000.0,-67.5443344116211,0.3036312729165704,-67.24070313870452,156.59981354613245
53000,26500.0,-67.64685821533203,0.3986886269647579,-67.24816958836728,205.62626519304538
54000,27000.0,-67.64163970947266,0.39523682982590713,-67.24640287964675,203.84597825767548
55000,27500.0,-67.69593048095703,0.4549725083456538,-67.24095797261138,234.65504488769426
56000,28000.0,-67.73514556884766,0.49717799802470886,-67.23796757082295,256.4228020454997
57000,28500.0,-67.55357360839844,0.31264020407570836,-67.24093340432273,161.24622867399248
58000,29000.0,-67.55897521972656,0.31102638401213445,-67.24794883571442,160.41389042824753
59000,29500.0,-67.60550689697266,0.3578716892258529,-67.2476352077468,184.5746627739726
60000,30000.0,-67.58100891113281,0.33620425964865785,-67.24480465148416,173.3995443508284
61000,30500.0,-67.61811828613281,0.37492072275085037,-67.24319756338197,193.36781324727704
62000,31000.0,-67.5770034790039,0.33123376269278415,-67.24576971631112,170.83597805857983
63000,31500.0,-67.630126953125,0.38186415057893297,-67.24826280254607,196.94893153197867
64000,32000.0,-67.64968872070312,0.40855234710980387,-67.24113637359332,210.7135433273035
65000,32500.0,-67.61564636230469,0.3731019309055043,-67.24254443139918,192.42975946538388
66000,33000.0,-67.56906127929688,0.32527229202366226,-67.2437889872732,167.76131059670166
67000,33500.0,-67.64862060546875,0.4050004456484043,-67.24362015982035,208.88162693329545
68000,34000.0,-67.6706771850586,0.41876304450413787,-67.25191414055446,215.9797772457314
69000,34500.0,-67.57294464111328,0.33294574387493303,-67.23999889723835,171.71894354281264
70000,35000.0,-67.63370513916016,0.3907201219563115,-67.24298501720385,201.5164566526484
71000,35500.0,-67.55265045166016,0.3054607933839442,-67.24718965827621,157.5434006849589
72000,36000.0,-67.50626373291016,0.2605204553840534,-67.2457432775261,134.36512763066506
73000,36500.0,-67.66175079345703,0.4163251355241986,-67.24542565793283,214.7224097551112
74000,37000.0,-67.72270202636719,0.4723838367471279,-67.25031818962006,243.6350513115073
75000,37500.0,-67.58460998535156,0.3385813460907489,-67.24602863926081,174.6255422200162
76000,38000.0,-67.55470275878906,0.3017731555982699,-67.2529296031908,155.64147739453105
77000,38500.0,-67.6052474975586,0.36572780605474764,-67.23951969150384,188.62650637619467
78000,39000.0,-67.73877716064453,0.4993508998034113,-67.23942626084111,257.5434903399902
79000,39500.0,-67.5705795288086,0.32549580801115074,-67.24508372079744,167.87659042815332
80000,40000.0,-67.59483337402344,0.35482177512186247,-67.24001159890157,183.00164964054662
81000,40500.0,-67.5977783203125,0.3570940460762281,-67.24068427423627,184.17358823686413
82000,41000.0,-67.5887222290039,0.3463702883506894,-67.24235194065322,178.6427400992459
83000,41500.0,-67.73680114746094,0.4959854553657208,-67.24081569209521,255.80774037464653
84000,42000.0,-67.66908264160156,0.4281362735997088,-67.24094636800186,220.81408141536454
85000,42500.0,-67.62480926513672,0.374292428532153,-67.25051683660456,193.04376639744166
86000,43000.0,-67.5752182006836,0.32930587925256904,-67.24591232143102,169.84165957360835
87000,43500.0,-67.63296508789062,0.38706457294505725,-67.24590051494556,199.63108335736052
88000,44000.0,-67.5698013305664,0.3190905205434763,-67.25071081002292,164.5730215516272
89000,44500.0,-67.6845703125,0.44354799016498586,-67.24102232233501,228.76277496516033
90000,45000.0,-67.61793518066406,0.3659831153276632,-67.2519520653364,188.75818380240685
91000,45500.0,-67.60673522949219,0.35337128943782786,-67.25336394005436,182.25355216860547
92000,46000.0,-67.68196105957031,0.4340176056752766,-67.24794345389503,223.8474168738299
93000,46500.0,-67.55387115478516,0.30814718616008774,-67.24572396862507,158.92892531756598
94000,47000.0,-67.54911041259766,0.30837232692194544,-67.24073808567572,159.0450431370181
95000,47500.0,-67.60961151123047,0.36148892571550095,-67.24812258551496,186.44027613583077
96000,48000.0,-67.71096801757812,0.46429205556611297,-67.246675962012,239.46166227937283
97000,48500.0,-67.57748413085938,0.33435223925537516,-67.243131891604,172.44435272815454
98000,49000.0,-67.72702026367188,0.4824831304233497,-67.24453713324853,248.84382803418217
99000,49500.0,-67.63868713378906,0.3934984586989038,-67.24518867509016,202.94940198689886
100000,50000.0,-67.64417266845703,0.3997947582461852,-67.24437791021084,206.19675963113528
101000,50500.0,-67.62847137451172,0.38226143295097254,-67.24620994156075,197.15383251200274
102000,51000.0,-67.61565399169922,0.3717107255466414,-67.24394326615258,191.71223620860732
103000,51500.0,-67.67462158203125,0.42790241757353525,-67.24671916445772,220.6934686413784
104000,52000.0,-67.68954467773438,0.4423357611321599,-67.24720891660222,228.1375599183298
105000,52500.0,-67.55146789550781,0.30475100466763977,-67.24671689084018,157.17732251533317
106000,53000.0,-67.69951629638672,0.4533914381617467,-67.24612485822497,233.8395976064413
107000,53500.0,-67.66532135009766,0.4179623682458064,-67.24735898185185,215.56682323226266
108000,54000.0,-67.54017639160156,0.2990891596747708,-67.2410872319268,154.25718895434122
109000,54500.0,-67.64372253417969,0.402923012843626,-67.24079952133606,207.8101773860932
110000,55000.0,-67.64537048339844,0.39902081165640507,-67.24634967174204,205.79759161892747
111000,55500.0,-67.56797790527344,0.3240443202582591,-67.24393358501518,167.12797613264962
112000,56000.0,-67.72396850585938,0.47752177343760593,-67.24644673242177,246.28497574126712
113000,56500.0,-67.62179565429688,0.37405038539312496,-67.24774526890376,192.91893106648968
114000,57000.0,-67.58617401123047,0.340285979705711,-67.24588803152476,175.50471814844857
115000,57500.0,-67.58712768554688,0.342193052912304,-67.24493463263457,176.4883036194134
116000,58000.0,-67.59172058105469,0.347351740525574,-67.24436884052912,179.14893047323156
117000,58500.0,-67.5687255859375,0.3140401522217333,-67.25468543371576,161.96826108039087
118000,59000.0,-67.57698059082031,0.3262188144549844,-67.25076177636532,168.24948572714354
119000,59500.0,-67.61735534667969,0.36920450637785784,-67.24815084030183,190.41963729161404
120000,60000.0,-67.6064453125,0.35563573993671665,-67.25080957256328,183.42145731389618
121000,60500.0,-67.59774017333984,0.3503223308275705,-67.24741784251228,180.68103183731745
122000,61000.0,-67.53031921386719,0.28222153070287165,-67.24809768316432,145.55759906496064
123000,61500.0,-67.58174896240234,0.33430708249341873,-67.24744187990892,172.4210628330301
124000,62000.0,-67.61009216308594,0.3598640406321291,-67.2502281224538,185.60223103380386
125000,62500.0,-67.60995483398438,0.3647583275691255,-67.24519650641525,188.12649151070642
126000,63000.0,-67.56863403320312,0.3135359153558464,-67.25509811784728,161.70819762110858
127000,63500.0,-67.55499267578125,0.30414281410931254,-67.25084986167194,156.86364425973156
128000,64000.0,-67.65596008300781,0.40125691242977746,-67.25470317057804,206.9508752079888
129000,64500.0,-67.61528778076172,0.3645045068714156,-67.2507832738903,187.9955818268859
130000,65000.0,-67.625,0.37266060472910867,-67.2523393952709,192.20214260539208
131000,65500.0,-67.70880889892578,0.4512990636292101,-67.25750983529657,232.76044176548828
132000,66000.0,-67.64595794677734,0.3926519827102061,-67.25330596406714,202.51282646314587
133000,66500.0,-67.71000671386719,0.4550121844046863,-67.25499452946251,234.67550807446372
134000,67000.0,-67.66246795654297,0.40656731827280884,-67.25590063827016,209.68975173043947
135000,67500.0,-67.5916519165039,0.3387427927824914,-67.25290912372141,174.70880940650085
136000,68000.0,-67.7319564819336,0.48082147300198214,-67.25113500893161,247.9868173584893
137000,68500.0,-67.63722229003906,0.38473335998291774,-67.25248893005615,198.42874503528762
138000,69000.0,-67.6859130859375,0.4348749497912146,-67.25103813614629,224.28959770524136
139000,69500.0,-67.52557373046875,0.2776875137884577,-67.24788621668029,143.2191502069363
140000,70000.0,-67.66487884521484,0.4135229529273151,-67.25135589228753,213.27716576565314
141000,70500.0,-67.62797546386719,0.38235736355640776,-67.24561810031078,197.2033093487601
142000,71000.0,-67.66338348388672,0.41167166139381156,-67.25171182249291,212.32235005717422
143000,71500.0,-67.61921691894531,0.3698602241815275,-67.24935669476379,190.7578280346399
144000,72000.0,-67.58599090576172,0.3377418118431609,-67.24824909391856,174.19254694461185
145000,72500.0,-67.72704315185547,0.4744735054318115,-67.25256964642365,244.71281159374462
146000,73000.0,-67.62920379638672,0.3853551169408973,-67.24384867944582,198.74942025018012
147000,73500.0,-67.66065979003906,0.4078963375959743,-67.25276345244309,210.37520213285606
148000,74000.0,-67.64739990234375,0.3981828670953958,-67.24921703524835,205.36541623476637
149000,74500.0,-67.64396667480469,0.3900794273786192,-67.25388724742606,201.18601423661244
150000,75000.0,-67.52940368652344,0.283248979767484,-67.24615470675596,146.08751263545986
151000,75500.0,-67.62503814697266,0.3753770932475724,-67.24966105372508,193.60318931380712
152000,76000.0,-67.69373321533203,0.43457388326029844,-67.25915933207173,224.13432067414513
153000,76500.0,-67.59331512451172,0.3428304674168631,-67.25048465709486,176.8170543162923
154000,77000.0,-67.66130828857422,0.41363609287568515,-67.24767219569853,213.33551843350972
155000,77500.0,-67.57462310791016,0.3238932212423253,-67.25072988666783,167.0500458275959
156000,78000.0,-67.58782196044922,0.3372905416728732,-67.25053141877635,173.9598014047761
157000,78500.0,-67.70706176757812,0.4612161943642005,-67.24584557321393,237.87526676060284
158000,79000.0,-67.58601379394531,0.3353554827735986,-67.25065831117172,172.9617821298958
159000,79500.0,-67.57034301757812,0.31296304022684235,-67.25737997735128,161.41273352900268
160000,80000.0,-67.67318725585938,0.41778613300434114,-67.25540112285503,215.4759287546003
161000,80500.0,-67.74678802490234,0.4864565234323668,-67.26033150146998,250.89313144875024
162000,81000.0,-67.7106704711914,0.4475556413462862,-67.26311482984512,230.82974725599556
163000,81500.0,-67.68561553955078,0.4307112434869222,-67.25490429606386,222.14213896474394
164000,82000.0,-67.56433868408203,0.3115971894608032,-67.25274149462123,160.70828706919303
165000,82500.0,-67.59097290039062,0.3330274846435432,-67.25794541574709,171.76110187848244
166000,83000.0,-67.62800598144531,0.37202106401064894,-67.25598491743466,191.87229529979695
167000,83500.0,-67.66015625,0.4072203332311611,-67.25293591676883,210.02654846332703
168000,84000.0,-67.64313507080078,0.39055551020120977,-67.25257956059957,201.43155706404931
169000,84500.0,-67.74443817138672,0.49361393492856065,-67.25082423645816,254.5846132088813
170000,85000.0,-67.60516357421875,0.356311353017587,-67.24885222120116,183.7699091761742
171000,85500.0,-67.56787872314453,0.3127473003882585,-67.25513142275628,161.30146429717362
172000,86000.0,-67.60287475585938,0.3479261902522284,-67.25494856560715,179.44520667436723
173000,86500.0,-67.59146881103516,0.339084120658462,-67.2523846903767,174.88485148945776
174000,87000.0,-67.70164489746094,0.44793348099722863,-67.25371141646372,231.0246205255358
175000,87500.0,-67.69055938720703,0.4376161428788971,-67.25294324432814,225.7033859567005
176000,88000.0,-67.6526107788086,0.4050569563945154,-67.24755382241408,208.91077271995746
177000,88500.0,-67.6519775390625,0.40552360411787963,-67.24645393494463,209.1514493333004
178000,89000.0,-67.65995788574219,0.41316886295852356,-67.24678902278366,213.09454154991056
179000,89500.0,-67.5742416381836,0.3247114541735539,-67.24953018401004,167.4720548098621
180000,90000.0,-67.64803314208984,0.39932532502235757,-67.24870781706748,205.95464637772227
181000,90500.0,-67.7082290649414,0.4550221244443173,-67.2532069404971,234.68063471487167
182000,91000.0,-67.57386779785156,0.3198722277465766,-67.25399557010499,164.97619215087838
183000,91500.0,-67.57501983642578,0.3269110866062319,-67.24810874981955,168.60652961385256
184000,92000.0,-67.63778686523438,0.39266174691734995,-67.24512511831702,202.51786241679935
185000,92500.0,-67.63646697998047,0.38985502530668686,-67.24661195467378,201.07027740131738
186000,93000.0,-67.70231628417969,0.456974279462436,-67.24534200471726,235.6874714247864
187000,93500.0,-67.6730728149414,0.42992894372113305,-67.24314387122027,221.73866274741297
188000,94000.0,-67.5750732421875,0.32248674517978826,-67.25258649700771,166.32464660558983
189000,94500.0,-67.61154174804688,0.3638290963683801,-67.2477126516785,187.6472344454503
190000,95000.0,-67.74732971191406,0.5000413392212667,-67.2472883726928,257.89958898247346
191000,95500.0,-67.68392181396484,0.4426269285726993,-67.24129488539215,228.28773142886357
192000,96000.0,-67.52764129638672,0.28256396704053,-67.24507732934619,145.73421284427795
193000,96500.0,-67.71544647216797,0.46342084847637793,-67.2520256236916,239.01233152861693
194000,97000.0,-67.57546997070312,0.3264214669785207,-67.24904850372461,168.35400509069788
195000,97500.0,-67.60355377197266,0.3578262307372451,-67.24572754123541,184.55121726135565
196000,98000.0,-67.60152435302734,0.35221839500277513,-67.24930595802456,181.65893932838844
197000,98500.0,-67.64096069335938,0.3954036776296051,-67.24555701572977,203.93203110295292
198000,99000.0,-67.5730209350586,0.3277920534536689,-67.24522888160493,169.0608940234332
199000,99500.0,-67.62161254882812,0.37889270095554733,-67.24271984787258,195.41638696726983
200000,100000.0,-67.69093322753906,0.43972533291801036,-67.25120789462105,226.79121450507682
201000,100500.0,-67.58026885986328,0.32912928056147234,-67.2511395793018,169.75057764442303
202000,101000.0,-67.7186279296875,0.47072147819362203,-67.24790645149388,242.7776790223315
203000,101500.0,-67.57096862792969,0.32077865478951473,-67.25018997314017,165.44368782269703
204000,102000.0,-67.57867431640625,0.32621831193885875,-67.25245600446739,168.24922655116728
205000,102500.0,-67.67555236816406,0.4292832364619395,-67.24626913170212,221.40563500812974
206000,103000.0,-67.6337661743164,0.3851174403543015,-67.2486487339621,198.62683699718494
207000,103500.0,-67.64692687988281,0.40020949119381644,-67.24671738868899,206.41066085957803
208000,104000.0,-67.5453872680664,0.2966950340766371,-67.24869223398977,153.0224030290562
209000,104500.0,-67.59608459472656,0.35090925999412403,-67.24517533473244,180.9837443911469
210000,105000.0,-67.67603302001953,0.42825363386282495,-67.24777938615671,220.8746107381355
211000,105500.0,-67.55463409423828,0.30866312125921974,-67.24597097297907,159.1950222171043
212000,106000.0,-67.69581604003906,0.45085308116738637,-67.24496295887168,232.5304233958534
213000,106500.0,-67.5446548461914,0.29961266828774424,-67.24504217790366,154.5271919431439
214000,107000.0,-67.63349914550781,0.3900327360259768,-67.24346640948184,201.1619328663116
215000,107500.0,-67.62956237792969,0.38542969393484383,-67.24413268399485,198.78788382224462
216000,108000.0,-67.68238067626953,0.43978878328688825,-67.24259189298265,226.82393944753835
217000,108500.0,-67.56878662109375,0.3213230936064892,-67.24746352748726,165.7244857010134
218000,109000.0,-67.6982192993164,0.4529578313311013,-67.2452614679853,233.61596204947395
219000,109500.0,-67.59508514404297,0.358216324121281,-67.23686881992168,184.75241047382949
220000,110000.0,-67.64058685302734,0.39758326577496045,-67.24300358725239,205.05616793474692
221000,110500.0,-67.60670471191406,0.36067832182805254,-67.24602639008602,186.02220188275777
222000,111000.0,-67.65457916259766,0.4022622790009322,-67.25231688359672,207.46939958815568
223000,111500.0,-67.52582550048828,0.27762558249808816,-67.24819991799019,143.18720873914418
224000,112000.0,-67.59468078613281,0.34204315228259535,-67.25263763385021,176.41099138988795
225000,112500.0,-67.5954360961914,0.349143048091463,-67.24629304809994,180.072809058357
226000,113000.0,-67.62732696533203,0.37402300572306024,-67.25330395960897,192.90480982269978
227000,113500.0,-67.64588165283203,0.3982862793103459,-67.24759537352169,205.41875176053094
228000,114000.0,-67.59978485107422,0.3506049844276358,-67.24917986664659,180.82681227898007
229000,114500.0,-67.66851043701172,0.42020367850015045,-67.24830675851157,216.7227936451844
230000,115000.0,-67.57725524902344,0.3213658485488002,-67.25588940047464,165.74653684195738
231000,115500.0,-67.61266326904297,0.3589480044925016,-67.25371526455046,185.12977940756244
232000,116000.0,-67.53518676757812,0.2825043708937852,-67.25268239668434,145.70347574207284
233000,116500.0,-67.63748168945312,0.378579048517308,-67.25890264093582,195.25461867220997
234000,117000.0,-67.61387634277344,0.3695133171294354,-67.244363025644,190.57890845513276
235000,117500.0,-67.67282104492188,0.417723035634518,-67.25509800928735,215.44338587370848
236000,118000.0,-67.65949249267578,0.41673908913381563,-67.24275340354197,214.93590903487936
237000,118500.0,-67.66453552246094,0.41407537483591655,-67.25046014762502,213.56208097565377
238000,119000.0,-67.77613830566406,0.5247307039630578,-67.251407601701,270.6332902181802
239000,119500.0,-67.67596435546875,0.42612218762262133,-67.24984216784613,219.77530340857984
240000,120000.0,-67.6952133178711,0.4475839083732384,-67.24762940949786,230.84432615989994
241000,120500.0,-67.69979858398438,0.45035914482166883,-67.2494394391627,232.27567249717282
242000,121000.0,-67.57536315917969,0.3339201116138032,-67.24144304756588,172.2214800726198
243000,121500.0,-67.74798583984375,0.4948006072232957,-67.25318523262045,255.1966472010022
244000,122000.0,-67.63526153564453,0.3876846576027133,-67.24757687804181,199.95089607243102
245000,122500.0,-67.6938247680664,0.4478647492804101,-67.245960018786,230.9891716933549
246000,123000.0,-67.70249938964844,0.4551245164775476,-67.24737487317088,234.73344407524635
247000,123500.0,-67.71453094482422,0.4697090823376095,-67.2448218624866,242.2555292425557
248000,124000.0,-67.59993743896484,0.3494393485566103,-67.25049809040823,180.22562795988185
249000,124500.0,-67.6904067993164,0.43221964212902114,-67.25818715718738,222.92010542332687
250000,125000.0,-67.65370178222656,0.4028770836142579,-67.2508246986123,207.7864890858523
251000,125500.0,-67.63375091552734,0.37680100098745706,-67.25694991453989,194.337579037339
252000,126000.0,-67.63536071777344,0.37832536568288394,-67.25703535209055,195.12378009228024
253000,126500.0,-67.68480682373047,0.4309335435220845,-67.25387328020838,222.2567916608359
254000,127000.0,-67.57221984863281,0.3213403617747213,-67.2508794868581,165.7333918716442
255000,127500.0,-67.64268493652344,0.39033226658355596,-67.25235266993988,201.31641770912012
256000,128000.0,-67.64810943603516,0.388941164863311,-67.25916827117184,200.59894790463812
257000,128500.0,-67.572998046875,0.3251953900615977,-67.2478026568134,167.72164790713427
258000,129000.0,-67.59073638916016,0.3421412137129709,-67.24859517544718,176.4615672135354
259000,129500.0,-67.65174865722656,0.40380447485437326,-67.2479441823722,208.2647971793875
260000,130000.0,-67.70277404785156,0.4508023374734178,-67.25197171037814,232.50425200402742
261000,130500.0,-67.575439453125,0.3267098031266477,-67.24872964999835,168.50271634366462
262000,131000.0,-67.54307556152344,0.29511458812450897,-67.24796097339893,152.20727769942317
263000,131500.0,-67.62879943847656,0.380771077797153,-67.24802836067941,196.38517210043247
264000,132000.0,-67.67443084716797,0.4323368655311716,-67.2420939816368,222.98056415916022
265000,132500.0,-67.71548461914062,0.46559238396350705,-67.24989223517711,240.1323151492984
266000,133000.0,-67.66972351074219,0.42211925462311795,-67.24760425611908,217.71076455084454
267000,133500.0,-67.61122131347656,0.36437201843506384,-67.2468492950415,187.92725004989072
268000,134000.0,-67.61154174804688,0.3686117333352065,-67.24293001471167,190.11391072049145
269000,134500.0,-67.67191314697266,0.43042797853233344,-67.24148516844032,221.99604321299
270000,135000.0,-67.80550384521484,0.5551954566220717,-67.25030838859277,286.34568552023296
271000,135500.0,-67.66336822509766,0.417705279566481,-67.24566294553118,215.4342280655644
272000,136000.0,-67.68318176269531,0.4383993798427066,-67.2447823828526,226.107345540036
273000,136500.0,-67.55829620361328,0.315696984297324,-67.24259921931596,162.82278305246075
274000,137000.0,-67.72856140136719,0.48855344046006044,-67.24000796090712,251.9746301112703
275000,137500.0,-67.70004272460938,0.45918667972451055,-67.24085604488486,236.82853132023888
276000,138000.0,-67.64146423339844,0.4005112635416256,-67.2409529698568,206.56630192035004
277000,138500.0,-67.72732543945312,0.4931146863475793,-67.23421075310554,254.32712249014259
278000,139000.0,-67.63362121582031,0.39364529638418694,-67.23997591943612,203.02513448281735
279000,139500.0,-67.78942108154297,0.5480068137479683,-67.241414267795,282.63809597281625
280000,140000.0,-67.49996948242188,0.2609323146594047,-67.23903716776248,134.57754674384708
281000,140500.0,-67.65433502197266,0.41757031360396285,-67.2367647083687,215.36461848825573
282000,141000.0,-67.64306640625,0.40076585545003884,-67.24230055079997,206.69760936113144
283000,141500.0,-67.62913513183594,0.385124929349232,-67.2440102024867,198.63069949526854
284000,142000.0,-67.57777404785156,0.3289221745980668,-67.2488518732535,169.64376139014834
285000,142500.0,-67.64616394042969,0.40508865573867536,-67.24107528469101,208.92712186389545
286000,143000.0,-67.5960693359375,0.3521922741324853,-67.24387706180501,181.64546731880998
287000,143500.0,-67.61820983886719,0.3790218014257838,-67.23918803744141,195.48297137859726
288000,144000.0,-67.49900817871094,0.25248014220362763,-67.24652803650731,130.21828355623023
289000,144500.0,-67.67475891113281,0.4267662297084386,-67.24799268142438,220.10747232381064
290000,145000.0,-67.65106201171875,0.41126102863346486,-67.23980098308529,212.1105635271224
291000,145500.0,-67.65309143066406,0.4103452550530435,-67.24274617561102,211.63824731750762
292000,146000.0,-67.56483459472656,0.3287339903251326,-67.23610060440143,169.5467041214068
293000,146500.0,-67.66957092285156,0.4260388895833056,-67.24353203326825,219.7323419003653
294000,147000.0,-67.70170593261719,0.46042606877375253,-67.24127986384343,237.46775432305435
295000,147500.0,-67.623046875,0.3819419065988106,-67.24110496840119,196.98903470744528
296000,148000.0,-67.7081069946289,0.46559465108830356,-67.2425123435406,240.13348443373016
297000,148500.0,-67.67852020263672,0.4344406009858463,-67.24407960165087,224.06557946996114
298000,149000.0,-67.68266296386719,0.44169370569511646,-67.24096925817207,227.80641563018887
299000,149500.0,-67.59322357177734,0.3518295114543944,-67.24139406032295,181.45837009656128
300000,150000.0,-67.56029510498047,0.31801966718288255,-67.24227543779759,164.02072193178432
301000,150500.0,-67.65727996826172,0.41209464357898007,-67.24518532468274,212.540505883794
302000,151000.0,-67.53841400146484,0.29710590579194796,-67.24130809567289,153.2343128016926
303000,151500.0,-67.5732421875,0.33291506944391785,-67.24032711805609,171.70312300452792
304000,152000.0,-67.74224090576172,0.49782116799688036,-67.24441973776484,256.7545211624175
305000,152500.0,-67.62400817871094,0.3869094525232738,-67.23709872618767,199.55107898595588
306000,153000.0,-67.61988067626953,0.37227783491768834,-67.24760284135185,192.00472657336172
307000,153500.0,-67.66352081298828,0.42493888134417546,-67.2385819316441,219.16500546136047
308000,154000.0,-67.57510375976562,0.33310930864242166,-67.2419944511232,171.80330314070713
309000,154500.0,-67.63212585449219,0.3911289539232445,-67.24099690056894,201.72731441172712
310000,155000.0,-67.6376953125,0.40025698416709615,-67.2374383283329,206.43515567096196
311000,155500.0,-67.58370971679688,0.33873633133726566,-67.24497338545962,174.70547687389353
312000,156000.0,-67.58177185058594,0.34483814236189536,-67.23693370822404,177.8525257913919
313000,156500.0,-67.56534576416016,0.3200067506902501,-67.2453390134699,165.04557323832233
314000,157000.0,-67.54631805419922,0.3030655147616976,-67.24325253943752,156.3080200799514
315000,157500.0,-67.72632598876953,0.4876715504574127,-67.23865443831212,251.51978957835593
316000,158000.0,-67.73470306396484,0.49372089183147316,-67.24098217213337,254.63977693063066
317000,158500.0,-67.65592956542969,0.42539307816688376,-67.23053648726281,219.39926044131082
318000,159000.0,-67.64773559570312,0.4107061881732886,-67.23702940752983,211.82440093333932
319000,159500.0,-67.69437408447266,0.44953265329224257,-67.24484143118042,231.84940408890785
320000,160000.0,-67.5809555053711,0.3394981065156008,-67.24145739885549,175.09836740109603
321000,160500.0,-67.7401351928711,0.5017550425280809,-67.23838015034302,258.78344266375825
322000,161000.0,-67.66179656982422,0.4268414898515217,-67.23495507997269,220.1462882345074
323000,161500.0,-67.69469451904297,0.45522092031136824,-67.2394735987316,234.78316498263652
324000,162000.0,-67.60160064697266,0.36465760825677307,-67.23694303871588,188.07454486705743
325000,162500.0,-67.6994400024414,0.4579410084349877,-67.24149899400642,236.18606821093772
326000,163000.0,-67.71833038330078,0.47880815998768017,-67.2395222233131,246.94843801231332
327000,163500.0,-67.55428314208984,0.3160110199416921,-67.23827212214815,162.98474898858618
328000,164000.0,-67.63288116455078,0.3880792467334715,-67.24480191781731,200.15440799566116
329000,164500.0,-67.58853912353516,0.348801320875633,-67.23973780265952,179.8965610132575
330000,165000.0,-67.59468841552734,0.3510563750654624,-67.24363204046188,181.0596199507364
331000,165500.0,-67.68280792236328,0.44716747592373096,-67.23564044643955,230.62954840225655
332000,166000.0,-67.56575012207031,0.3284107571802393,-67.23733936489008,169.3799945142705
333000,166500.0,-67.59983825683594,0.36170409785276014,-67.23813415898317,186.5512525719911
334000,167000.0,-67.6048355102539,0.36652577639203543,-67.23830973386187,189.0380647931992
335000,167500.0,-67.70674133300781,0.4714626955878367,-67.23527863741998,243.15996673800782
336000,168000.0,-67.59654998779297,0.36248700869383815,-67.23406297909914,186.9550439553963
337000,168500.0,-67.60034942626953,0.36237528269530306,-67.23797414357423,186.8974205414087
338000,169000.0,-67.71227264404297,0.4679144808910598,-67.24435816315192,241.32995181695063
339000,169500.0,-67.70228576660156,0.4597835910681561,-67.2425021755334,237.13639224714726
340000,170000.0,-67.62584686279297,0.38824660552597445,-67.23760025726699,200.2407243867546
341000,170500.0,-67.67792510986328,0.4406838197444607,-67.23724129011882,227.28556035050556
342000,171000.0,-67.59771728515625,0.35522501670824397,-67.242492268448,183.20962412431706
343000,171500.0,-67.77379608154297,0.5341289338894044,-67.23966714765356,275.4804887296918
344000,172000.0,-67.66819763183594,0.42536133648805813,-67.24283629534789,219.3828894629923
345000,172500.0,-67.68712615966797,0.44220214220134085,-67.24492401746663,228.06864508142417
346000,173000.0,-67.7929458618164,0.5534203432246594,-67.23952551859175,285.43015918334476
347000,173500.0,-67.55049896240234,0.3075639093219561,-67.24293505308039,158.62809647599175
348000,174000.0,-67.68482971191406,0.43885269139700855,-67.24597702051706,226.3411439370196
349000,174500.0,-67.70091247558594,0.45409129281582217,-67.24682118277012,234.2005522185432
350000,175000.0,-67.50967407226562,0.26824685346087157,-67.24142721880476,138.35006793865958
351000,175500.0,-67.72146606445312,0.4779459638328279,-67.2435201006203,246.5037547101188
352000,176000.0,-67.68475341796875,0.43932373122498547,-67.24542968674376,226.58408580702343
353000,176500.0,-67.69084167480469,0.4423340888525209,-67.24850758595217,228.13669742917594
354000,177000.0,-67.58043670654297,0.3355804396040625,-67.24485626693891,173.07780508552938
355000,177500.0,-67.74065399169922,0.49319529474322765,-67.24745869695599,254.36869679705612
356000,178000.0,-67.50226593017578,0.26037263470858907,-67.2418932954672,134.28888815113578
357000,178500.0,-67.6806869506836,0.43523814333666827,-67.24544880734693,224.47691715014858
358000,179000.0,-67.66978454589844,0.42425262137465386,-67.24553192452379,218.8110623966723
359000,179500.0,-67.6913070678711,0.4500298490596165,-67.24127721881148,232.10583605561138
360000,180000.0,-67.73770141601562,0.49550223547489003,-67.24219918054074,255.5585165576167
361000,180500.0,-67.61115264892578,0.3723106174585167,-67.23884203146727,192.0216343830612
362000,181000.0,-67.59484100341797,0.35759661422279515,-67.23724438919517,184.43279104325046
363000,181500.0,-67.65654754638672,0.40841940938165094,-67.24812813700507,210.6449798251253
364000,182000.0,-67.61683654785156,0.3747305021457901,-67.24210604570577,193.26970572693193
365000,182500.0,-67.58271789550781,0.34502549354276896,-67.23769240196505,177.94915338745813
366000,183000.0,-67.71546173095703,0.4727399424121867,-67.24272178854484,243.81871513577434
367000,183500.0,-67.57372283935547,0.34366828018093387,-67.23005455917453,177.24916172532096
368000,184000.0,-67.6332015991211,0.3899618022706577,-67.24323979685043,201.12534831838147
369000,184500.0,-67.54436492919922,0.30635263621090447,-67.23801229298832,158.00337445206424
370000,185000.0,-67.59417724609375,0.357846587331913,-67.23633065876184,184.56171630810667
371000,185500.0,-67.61705780029297,0.38032265497539947,-67.23673514531757,196.1538950992135
372000,186000.0,-67.66737365722656,0.42698996225195246,-67.24038369497461,220.22286384544782
373000,186500.0,-67.6002426147461,0.36500568740382533,-67.23523692734227,188.25406896220113
374000,187000.0,-67.610107421875,0.3700189826035717,-67.24008843927143,190.83970872845708
375000,187500.0,-67.5953598022461,0.3635704360186653,-67.23178936622743,187.5138286794762
376000,188000.0,-67.6953125,0.4621133274187572,-67.23319917258124,238.3379689971681
377000,188500.0,-67.59563446044922,0.362021981843973,-67.23361247860525,186.71520331815458
378000,189000.0,-67.67644500732422,0.4404119793908876,-67.23603302793333,227.14535691139687
379000,189500.0,-67.66080474853516,0.41888397424156204,-67.24192077429359,216.04214754820686
380000,190000.0,-67.62284851074219,0.38046395699274205,-67.24238455374945,196.22677253821047
381000,190500.0,-67.7203598022461,0.4806092607754374,-67.23975054147066,247.87736751562596
382000,191000.0,-67.57868194580078,0.34534394259128226,-67.2333380032095,178.1133955656175
383000,191500.0,-67.60601806640625,0.36815251259694554,-67.2378655538093,189.87706462325843
384000,192000.0,-67.6062240600586,0.37497006643507286,-67.23125399362353,193.39326257492598
385000,192500.0,-67.74172973632812,0.5039193958189031,-67.23781034050923,259.8997220197515
386000,193000.0,-67.55560302734375,0.3225176963905293,-67.23308533095322,166.3406098948272
387000,193500.0,-67.70416259765625,0.4600765090089535,-67.2440860886473,237.2874665896304
388000,194000.0,-67.60505676269531,0.37372432042349324,-67.23133244227182,192.75076092723566
389000,194500.0,-67.63277435302734,0.4059503658811569,-67.22682398714619,209.37155450203315
390000,195000.0,-67.69194030761719,0.4565627187423487,-67.23537758887484,235.4752062934332
391000,195500.0,-67.58519744873047,0.35048164047857944,-67.23471580825189,180.763196831076
392000,196000.0,-67.74589538574219,0.5103862668639096,-67.23550911887828,263.235053028798
393000,196500.0,-67.68258666992188,0.439099656586223,-67.24348701333565,226.46851784752585
394000,197000.0,-67.5837631225586,0.3444292179642944,-67.2393339045943,177.64162036059204
395000,197500.0,-67.66175079345703,0.42258810696899823,-67.23916268648803,217.9525782126596
396000,198000.0,-67.58303833007812,0.3456696323710966,-67.23736869770703,178.281372198271
397000,198500.0,-67.62356567382812,0.3915240943303464,-67.23204157949777,201.93111065933468
398000,199000.0,-67.57215118408203,0.3337708246678727,-67.23838035941417,172.14448435451405
399000,199500.0,-67.60044860839844,0.360753774282692,-67.23969483411575,186.06111697939667
400000,200000.0,-67.56165313720703,0.32256308404635947,-67.23909005316067,166.36401887497613
401000,200500.0,-67.73936462402344,0.49830529389917017,-67.24105933012427,257.004212260779
402000,201000.0,-67.63624572753906,0.39766297968033776,-67.23858274785873,205.09728090245676
403000,201500.0,-67.63813018798828,0.40508991689253976,-67.23304027109575,208.92777231224395
404000,202000.0,-67.63348388671875,0.3953268637823897,-67.23815702293636,203.8924138591949
405000,202500.0,-67.60823822021484,0.36813681273842075,-67.24010140747642,189.86896731860972
406000,203000.0,-67.67273712158203,0.438015496694599,-67.23472162488743,225.90935529733238
407000,203500.0,-67.71578979492188,0.47776800172928335,-67.23802179319259,246.41196959205226
408000,204000.0,-67.6631851196289,0.42752494415973813,-67.23566017546916,220.49878426103956
409000,204500.0,-67.70452117919922,0.4704841533303105,-67.23403702586891,242.65527717291906
410000,205000.0,-67.59263610839844,0.35536834274689566,-67.23726776565154,183.28354546553322
411000,205500.0,-67.61869049072266,0.3849541265270308,-67.23373636419562,198.542606823348
412000,206000.0,-67.66128540039062,0.4251630395754798,-67.23612236081514,219.28061653425786
413000,206500.0,-67.59098052978516,0.36011740820609944,-67.23086312157906,185.73290701609403
414000,207000.0,-67.67289733886719,0.44306321440582613,-67.22983412446136,228.51274869887072
415000,207500.0,-67.69683074951172,0.4590279071800585,-67.23780284233166,236.74664334269755
416000,208000.0,-67.58478546142578,0.35084041878973987,-67.23394504263604,180.94823909003844
417000,208500.0,-67.59290313720703,0.36252358215836583,-67.23037955504867,186.97390695877127
418000,209000.0,-67.56776428222656,0.33472258760678997,-67.23304169461977,172.63536231100014
419000,209500.0,-67.6739501953125,0.4375667236526857,-67.23638347165982,225.677897667777
420000,210000.0,-67.65469360351562,0.4172203140053526,-67.23747328951028,215.18410390766888
421000,210500.0,-67.5679702758789,0.32658829319877025,-67.24138198268014,168.44004680417075
422000,211000.0,-67.77198791503906,0.5322532336161834,-67.23973468142287,274.5130840541676
423000,211500.0,-67.61129760742188,0.37201881051870095,-67.23927879690318,191.8711330465959
424000,212000.0,-67.6407241821289,0.4074435724284713,-67.23328060970043,210.14168553843515
425000,212500.0,-67.71250915527344,0.47413006642878175,-67.23837908884465,244.5356806832086
426000,213000.0,-67.64441680908203,0.40341160491675937,-67.24100520416528,208.0621719412582
427000,213500.0,-67.60337829589844,0.3642738631586429,-67.2391044327398,187.87662582453197
428000,214000.0,-67.6559066772461,0.41175307079633194,-67.24415360644976,212.36433748861742
429000,214500.0,-67.59222412109375,0.34970865899963977,-67.2425154620941,180.36452658109215
430000,215000.0,-67.56128692626953,0.32377404146342137,-67.23751288480611,166.98857807766507
431000,215500.0,-67.62825775146484,0.38625022512414053,-67.2420075263407,199.21107814613086
432000,216000.0,-67.60676574707031,0.3531645716115287,-67.25360117545878,182.14693609858028
433000,216500.0,-67.689453125,0.4443559204279197,-67.24509720457208,229.1794702789151
434000,217000.0,-67.6140365600586,0.3766928880534926,-67.2373436720051,194.28181908501875
435000,217500.0,-67.63665008544922,0.3972600141962865,-67.23939007125293,204.88944882026775
436000,218000.0,-67.65190124511719,0.4061998308625719,-67.24570141425461,209.5002176967055
437000,218500.0,-67.6053237915039,0.3526805738835497,-67.25264321762036,181.89731110695732
438000,219000.0,-67.6377944946289,0.3863637479109705,-67.25143074671793,199.26962826542538
439000,219500.0,-67.57170104980469,0.32366562929227355,-67.24803542051241,166.9326637918117
440000,220000.0,-67.69740295410156,0.4467191238513382,-67.25068383025022,230.39830789048287
441000,220500.0,-67.57129669189453,0.3309422601168066,-67.24035443177772,170.68563369975337
442000,221000.0,-67.55686950683594,0.30514711569175823,-67.25172239114418,157.38161936501098
443000,221500.0,-67.65287780761719,0.4021835352045304,-67.25069427241266,207.42878696049058
444000,222000.0,-67.64419555664062,0.3989445278995924,-67.24525102874104,205.75824777275935
445000,222500.0,-67.69202423095703,0.4457180210498083,-67.24630620990722,229.88198257736806
446000,223000.0,-67.67042541503906,0.4212827967891413,-67.24914261824992,217.2793559558678
447000,223500.0,-67.60203552246094,0.3422597658131866,-67.25977575664776,176.5227112340803
448000,224000.0,-67.65216064453125,0.39501075338936603,-67.25714989114188,203.7293778578898
449000,224500.0,-67.78945922851562,0.5342446931206114,-67.25521453539501,275.54019230979117
450000,225000.0,-67.5121078491211,0.264783414543252,-67.24732443457785,136.5637766797988
451000,225500.0,-67.70864868164062,0.45566313967406763,-67.25298554196655,235.01124250930238
452000,226000.0,-67.77983093261719,0.5293692642629099,-67.25046166835428,273.0256580105417
453000,226500.0,-67.70191955566406,0.4475500526639487,-67.25436950300012,230.82686485655225
454000,227000.0,-67.65848541259766,0.4070401272666005,-67.25144528533106,209.93360605927552
455000,227500.0,-67.6307144165039,0.3707649861970191,-67.25994943030689,191.22446495767036
456000,228000.0,-67.55428314208984,0.299649107161526,-67.25463403492832,154.54598553046196
457000,228500.0,-67.5766830444336,0.3211034874225572,-67.25557955701103,165.61122237630056
458000,229000.0,-67.62467956542969,0.3819852713453234,-67.24269429408436,197.01140035889202
459000,229500.0,-67.62910461425781,0.3713027842297272,-67.25780183002809,191.5018378080971
460000,230000.0,-67.67951965332031,0.4232450856926157,-67.2562745676277,218.29141928338996
461000,230500.0,-67.65145111083984,0.39208221075121713,-67.25936890008863,202.21896285125763
462000,231000.0,-67.5401382446289,0.28248271431686717,-67.25765553031204,145.6923062209796
463000,231500.0,-67.66667175292969,0.413391857527609,-67.25327989540207,213.20955245641284
464000,232000.0,-67.5747299194336,0.3245987165494048,-67.25013120288419,167.41390964335207
465000,232500.0,-67.69013977050781,0.4392310553359075,-67.2509087151719,226.5362876115002
466000,233000.0,-67.62686157226562,0.3738301460159122,-67.2530314262497,192.80534116820368
467000,233500.0,-67.68498229980469,0.4349694407613879,-67.2500128590433,224.33833204070288
468000,234000.0,-67.6727294921875,0.4233999736274605,-67.24932951856005,218.37130374813646
469000,234500.0,-67.685546875,0.43181599976448176,-67.25373087523552,222.711924235602
470000,235000.0,-67.6281967163086,0.3852711525844719,-67.24292556372413,198.70611508456122
471000,235500.0,-67.62580871582031,0.3719872357838319,-67.25382148003648,191.85484817071418
472000,236000.0,-67.74223327636719,0.4897797900385381,-67.25245348632865,252.60712792181286
473000,236500.0,-67.669189453125,0.421195856366639,-67.24799359675836,217.23451586471805
474000,237000.0,-67.60113525390625,0.34907528905040064,-67.25205996485585,180.03786189005478
475000,237500.0,-67.71792602539062,0.4670781791422917,-67.25084784624833,240.89862372394037
476000,238000.0,-67.64743041992188,0.39439609021459454,-67.25303432970728,203.41236130805194
477000,238500.0,-67.64667510986328,0.3960718143220331,-67.25060329554125,204.27662696902598
478000,239000.0,-67.69572448730469,0.4419356848845405,-67.25378880242015,227.93121797871459
479000,239500.0,-67.52964782714844,0.285411470282263,-67.24423635686617,147.20283125253368
480000,240000.0,-67.74455261230469,0.5036318261077075,-67.24092078619698,259.7514060616416
481000,240500.0,-67.63700103759766,0.3918433229154421,-67.24515771468221,202.0957548885815
482000,241000.0,-67.59966278076172,0.3587338335053336,-67.24092894725638,185.01931932110517
483000,241500.0,-67.57441711425781,0.3209607625213954,-67.25345635173642,165.53761107567385
484000,242000.0,-67.50238037109375,0.25678973702773467,-67.24559063406602,132.44098525435203
485000,242500.0,-67.69304656982422,0.4563910688352589,-67.23665550098896,235.38667673194473
486000,243000.0,-67.64279174804688,0.401889692231752,-67.24090205581513,207.27723552671725
487000,243500.0,-67.664794921875,0.4159081388213676,-67.24888678305363,214.50734098012825
488000,244000.0,-67.65564727783203,0.41513295890870133,-67.24051431892333,214.10753687358087
489000,244500.0,-67.61895751953125,0.3712784260777746,-67.24767909345347,191.48927493202225
490000,245000.0,-67.69007873535156,0.43849180084839046,-67.25158693450317,226.1550122777828
491000,245500.0,-67.6731948852539,0.42414900707642716,-67.24904587817748,218.757622645137
492000,246000.0,-67.62409973144531,0.3814348037000538,-67.24266492774525,196.72749307297786
493000,246500.0,-67.66048431396484,0.4098714891985803,-67.25061282476626,211.39389948152615
494000,247000.0,-67.66371154785156,0.41710606616406526,-67.2466054816875,215.12517983679902
495000,247500.0,-67.73985290527344,0.4891654458952917,-67.25068745937814,252.29027591456926
496000,248000.0,-67.74833679199219,0.5088952144473039,-67.23944157754488,262.46603299938846
497000,248500.0,-67.53466033935547,0.2894724181434439,-67.24518792121202,149.29729165436532
498000,249000.0,-67.698486328125,0.45202523910896114,-67.24646108901604,233.1349715154658
499000,249500.0,-67.6197509765625,0.38765119442665563,-67.23209978213585,199.93363722066337
500000,250000.0,-67.69548797607422,0.4547309288194696,-67.24075704725475,234.53044866809668
501000,250500.0,-67.5343246459961,0.29469987150925997,-67.23962477448683,151.99338489451333
502000,251000.0,-67.68988800048828,0.45900420613574167,-67.23088379435254,236.7344193741807
503000,251500.0,-67.53507995605469,0.29770758017973964,-67.23737237587495,153.54463029975068
504000,252000.0,-67.63059997558594,0.3788230732351058,-67.25177690235083,195.38047601536408
505000,252500.0,-67.6046371459961,0.36671708388880386,-67.23792006210729,189.13673288504674
506000,253000.0,-67.65037536621094,0.4110075205965646,-67.23936784561437,211.97981510015802
507000,253500.0,-67.6513442993164,0.4057067802935367,-67.24563751902286,209.2459236431383
508000,254000.0,-67.62564086914062,0.3958648918459016,-67.22977597729472,204.1699053495122
509000,254500.0,-67.58444213867188,0.3472366034188012,-67.23720553525307,179.08954775787532
510000,255000.0,-67.70260620117188,0.45445224288769354,-67.24815395828418,234.38671457728697
511000,255500.0,-67.52574157714844,0.2869397267183653,-67.23880185043008,147.99103949816475
512000,256000.0,-67.72241973876953,0.48782884733141113,-67.23459089143812,251.6009164692158
513000,256500.0,-67.6357421875,0.39177017435419614,-67.24397201314581,202.0580280400186
514000,257000.0,-67.66407775878906,0.426099387383457,-67.2379783714056,219.76354403620806
515000,257500.0,-67.5280532836914,0.2864175272198103,-67.2416357564716,147.72171169367977
516000,258000.0,-67.49688720703125,0.2609730450313158,-67.23591416199993,134.59855369937466
517000,258500.0,-67.50366973876953,0.2700977433401705,-67.23357199542936,139.30467649135724
518000,259000.0,-67.60420227050781,0.36743127959350164,-67.23677099091431,189.50508398774048
519000,259500.0,-67.57303619384766,0.33826171780787223,-67.23477447603979,174.4606918440264
520000,260000.0,-67.68000030517578,0.4433909105793576,-67.23660939459643,228.6817601421976
521000,260500.0,-67.64837646484375,0.4107007936572947,-67.23767567118645,211.82161867645684
522000,261000.0,-67.60272979736328,0.35890762003436744,-67.24382217732891,185.1089508593262
523000,261500.0,-67.62032318115234,0.38968017558333035,-67.23064300556901,200.98009751367533
524000,262000.0,-67.53006744384766,0.29410615484895114,-67.23596128899871,151.68717164641637
525000,262500.0,-67.54153442382812,0.3099835385261965,-67.23155088530193,159.87603605281834
526000,263000.0,-67.69523620605469,0.46286473788603927,-67.23237146816865,238.72551385690102
527000,263500.0,-67.51917266845703,0.27979313735097494,-67.23937953110605,144.30513932169768
528000,264000.0,-67.53047943115234,0.296670660403595,-67.23380877074875,153.00983214787797
529000,264500.0,-67.75881958007812,0.5180139425748217,-67.2408056375033,267.1690766313253
530000,265000.0,-67.61622619628906,0.37437034780459516,-67.24185584848446,193.08395377148545
531000,265500.0,-67.54801177978516,0.30654779608912325,-67.24146398369604,158.104029434824
532000,266000.0,-67.61895751953125,0.38207837754598944,-67.23687914198526,197.05942049042932
533000,266500.0,-67.71517181396484,0.4698785939715604,-67.24529321999329,242.34295597569692
534000,267000.0,-67.58561706542969,0.3419399536817558,-67.24367711174793,176.35776603699705
535000,267500.0,-67.5015640258789,0.2569950248584029,-67.24456900102051,132.5468637947841
536000,268000.0,-67.6252670288086,0.3844231695231372,-67.24084385928546,198.26876227824542
537000,268500.0,-67.59563446044922,0.35008634572033337,-67.24554811472889,180.559320975857
538000,269000.0,-67.61314392089844,0.37607944134751775,-67.23706447955092,193.96542993691364
539000,269500.0,-67.49300384521484,0.25372270433624866,-67.23928114087859,130.85914309753778
540000,270000.0,-67.64866638183594,0.4052997600425632,-67.24336662179337,209.03600028840708
541000,270500.0,-67.59171295166016,0.35450200210840993,-67.23721094955175,182.83672461881633
542000,271000.0,-67.62513732910156,0.389760638007988,-67.23537669109358,201.02159653509636
543000,271500.0,-67.58684539794922,0.3465212672332494,-67.24032413071598,178.7206084447269
544000,272000.0,-67.61810302734375,0.37406560877530853,-67.24403741856844,192.92678262535114
545000,272500.0,-67.62904357910156,0.3916313112994035,-67.23741226780216,201.98640851189788
546000,273000.0,-67.71475982666016,0.47605045046004896,-67.2387093762001,245.5261312989989
547000,273500.0,-67.67874145507812,0.4461302992477975,-67.23261115583033,230.09461775263864
548000,274000.0,-67.6368179321289,0.40075603003726745,-67.23606190209163,206.6925418402755
549000,274500.0,-67.61436462402344,0.37729118369980874,-67.23707344032363,194.59039397507732
550000,275000.0,-67.58932495117188,0.3475145380319288,-67.24181041313994,179.23289435118144
551000,275500.0,-67.71864318847656,0.48002263538377854,-67.23862055309279,247.5748116356839
552000,276000.0,-67.76791381835938,0.5266516465942711,-67.2412621717651,271.6240289355438
553000,276500.0,-67.58423614501953,0.34951720556640664,-67.23471893945313,180.2657832215591
554000,277000.0,-67.63859558105469,0.4034213299048618,-67.23517425114983,208.06718766743472
555000,277500.0,-67.62124633789062,0.3885407165494311,-67.2327056213412,200.39241406941727
556000,278000.0,-67.69690704345703,0.46126191737854666,-67.23564512607848,237.8988487040983
557000,278500.0,-67.59927368164062,0.3672969864593981,-67.23197669518123,189.43582142608426
558000,279000.0,-67.61441040039062,0.3727925878888537,-67.24161781250177,192.2702137826749
559000,279500.0,-67.62528991699219,0.38995868843365783,-67.23533122855854,201.1237423365967
560000,280000.0,-67.5601806640625,0.3203142309003998,-67.2398664331621,165.20415816640318
561000,280500.0,-67.66016387939453,0.41419675366156516,-67.24596712573296,213.62468289831622
562000,281000.0,-67.71343994140625,0.47426009979685635,-67.2391798416094,244.60274624269348
563000,281500.0,-67.65415954589844,0.4209013025550998,-67.23325824334334,217.08259781120776
564000,282000.0,-67.75580596923828,0.5171757123882289,-67.23863025685006,266.7367539339026
565000,282500.0,-67.5245590209961,0.28923376509665827,-67.23532525589944,149.17420478564506
566000,283000.0,-67.72505187988281,0.48119858181367636,-67.24385329806914,248.18131369291052
567000,283500.0,-67.52742004394531,0.29188618374380626,-67.2355338602015,150.54220703916718
568000,284000.0,-67.6574935913086,0.4234047741583025,-67.2340888171503,218.37377965329458
569000,284500.0,-67.64138793945312,0.40456471341531575,-67.23682322603781,208.65689518612638
570000,285000.0,-67.61727905273438,0.3758378871265125,-67.24144116560787,193.84084676862747
571000,285500.0,-67.5483169555664,0.3091979703644765,-67.23911898520193,159.47087413892376
572000,286000.0,-67.59907531738281,0.3748324376987824,-67.22424287968403,193.32227965464028
573000,286500.0,-67.63658905029297,0.3913602941604163,-67.24522875613255,201.84662965109237
574000,287000.0,-67.51685333251953,0.2877564047258324,-67.2290969277937,148.41224651833792
575000,287500.0,-67.56845092773438,0.33906302649559644,-67.22938790123878,174.873972037088
576000,288000.0,-67.57455444335938,0.3385716749047102,-67.23598276845466,174.62055424260566
577000,288500.0,-67.61760711669922,0.385280336482959,-67.23232678021625,198.71085174023204
578000,289000.0,-67.6390609741211,0.40852355197704454,-67.23053742214405,210.6986920493774
579000,289500.0,-67.62716674804688,0.39403036098910676,-67.23313638705777,203.2237340695939
580000,290000.0,-67.68476867675781,0.45027152603637577,-67.23449715072144,232.23048253597997
581000,290500.0,-67.54374694824219,0.31259681088054525,-67.23115013736164,161.22384834996842
582000,291000.0,-67.63005065917969,0.3905692987137225,-67.23948136046596,201.4386685794997
583000,291500.0,-67.71971130371094,0.4784259692695348,-67.2412853344414,246.7513206514245
584000,292000.0,-67.63682556152344,0.4013712990487718,-67.23545426247466,207.0098708543681
585000,292500.0,-67.70655059814453,0.46925262356254593,-67.23729797458199,242.02010764589397
586000,293000.0,-67.54365539550781,0.305432855577407,-67.2382225399304,157.52899157863533
587000,293500.0,-67.56625366210938,0.3357948602856148,-67.23045880182376,173.18839395349738
588000,294000.0,-67.58690643310547,0.3560893366530362,-67.23081709645243,183.65540278505424
589000,294500.0,-67.70497131347656,0.46873654007606486,-67.2362347734005,241.75393421461047
590000,295000.0,-67.68314361572266,0.45318561141981767,-67.22995800430284,233.73344111900414
591000,295500.0,-67.63074493408203,0.3981613025894364,-67.23258363149259,205.3542941998718
592000,296000.0,-67.64793395996094,0.41496971161470253,-67.23296424834624,214.02334101471376
593000,296500.0,-67.696044921875,0.4638980464747377,-67.23214687540026,239.2584495152456
594000,297000.0,-67.7391357421875,0.5039330353011763,-67.23520270688633,259.9067566718818
595000,297500.0,-67.64328002929688,0.41233866637666916,-67.2309413629202,212.6663622366395
596000,298000.0,-67.54419708251953,0.31091678994996985,-67.23328029256956,160.3573665743774
597000,298500.0,-67.55951690673828,0.32683291166916856,-67.23268399506911,168.56621037910935
598000,299000.0,-67.6165542602539,0.37695036973630747,-67.2396038905176,194.4146169458354
599000,299500.0,-67.55516815185547,0.32416588540437974,-67.23100226645109,167.19067415131332
600000,300000.0,-67.59225463867188,0.35671266560704196,-67.23554197306483,183.97688876717183
601000,300500.0,-67.63658905029297,0.3990343299639733,-67.237554720329,205.8045637744117
602000,301000.0,-67.69512939453125,0.4608493334652395,-67.23428006106602,237.68605585415432
603000,301500.0,-67.6305923461914,0.39407299398431295,-67.2365193522071,203.24572231552148
604000,302000.0,-67.67733764648438,0.4462514679472741,-67.2310861785371,230.15711130135446
605000,302500.0,-67.57109832763672,0.33487502009495906,-67.23622330754176,172.71398036307482
606000,303000.0,-67.62020874023438,0.3943254947639326,-67.22588324547044,203.3759512429599
607000,303500.0,-67.68704986572266,0.4570811560828957,-67.22996870963976,235.74259374033596
608000,304000.0,-67.57355499267578,0.34519377141485,-67.22836122126093,178.0359437998511
609000,304500.0,-67.64132690429688,0.4094306855995908,-67.23189621869729,211.16655214424713
610000,305000.0,-67.60204315185547,0.3714624769477515,-67.23058067490771,191.58420037117259
611000,305500.0,-67.64949798583984,0.41625504517661926,-67.23324294066323,214.6862602002354
612000,306000.0,-67.6558609008789,0.421205915724204,-67.2346549851547,217.23970404413038
613000,306500.0,-67.6092758178711,0.37945947777646327,-67.22981634009463,195.70870581712063
614000,307000.0,-67.67268371582031,0.43829716146277425,-67.23438655435754,226.05462574248472
615000,307500.0,-67.60552978515625,0.36942293791386144,-67.23610684724238,190.53229478398032
616000,308000.0,-67.7064208984375,0.4721647843753323,-67.23425611406216,243.52207361902353
617000,308500.0,-67.59327697753906,0.36205938706744323,-67.23121759047162,186.73449530664055
618000,309000.0,-67.57154083251953,0.3398152496298047,-67.23172558288972,175.26193603509972
619000,309500.0,-67.49229431152344,0.26082464968832497,-67.2314696618351,134.52201783131252
620000,310000.0,-67.57646942138672,0.3481849760091016,-67.22828444537761,179.5786771199029
621000,310500.0,-67.77420043945312,0.549690766969441,-67.22450967248368,283.506605853139
622000,311000.0,-67.69315338134766,0.45982638010064886,-67.233327001247,237.15846097032528
623000,311500.0,-67.71822357177734,0.48915954990877775,-67.22906402186857,252.28723502098842
624000,312000.0,-67.60690307617188,0.37507124863610464,-67.23183182753577,193.4454479564368
625000,312500.0,-67.57930755615234,0.34567419688822804,-67.23363335926412,178.28372637781527
626000,313000.0,-67.69635009765625,0.46019273067427485,-67.23615736698197,237.34740867314676
627000,313500.0,-67.61312103271484,0.3822673873172288,-67.23085364539762,197.15690351531725
628000,314000.0,-67.52418518066406,0.29225100221328126,-67.23193417845079,150.73036454925895
629000,314500.0,-67.65766143798828,0.4229347822805992,-67.23472665570768,218.13137827049383
630000,315000.0,-67.70549011230469,0.472489705073067,-67.23300040723161,243.68965359256762
631000,315500.0,-67.60567474365234,0.3708413072902449,-67.2348334363621,191.2638280603376
632000,316000.0,-67.54732513427734,0.31358700397349387,-67.23373813030385,161.73454690957635
633000,316500.0,-67.63961029052734,0.41306493426158863,-67.22654535626576,213.04093964518654
634000,317000.0,-67.61749267578125,0.3901918019497441,-67.22730087383151,201.2439721561523
635000,317500.0,-67.6260757446289,0.3957568242218091,-67.2303189204071,204.11416876605455
636000,318000.0,-67.54879760742188,0.3152181102102131,-67.23357949721166,162.57580061210376
637000,318500.0,-67.53890991210938,0.31415829956264374,-67.22475161254673,162.02919634367856
638000,319000.0,-67.58165740966797,0.3458089178089916,-67.23584849185897,178.35320957323742
639000,319500.0,-67.66230773925781,0.4361513807760622,-67.22615635848175,224.94792532845216
640000,320000.0,-67.5972671508789,0.36286901701101026,-67.2343981338679,187.152067241791
641000,320500.0,-67.60186004638672,0.3723250348866312,-67.22953501150009,192.02907026584387
642000,321000.0,-67.65543365478516,0.4309083014764604,-67.22452535330869,222.2437729108228
643000,321500.0,-67.63591003417969,0.411173792271738,-67.22473624190795,212.06557080338334
644000,322000.0,-67.6739273071289,0.4479597231559936,-67.22596758397292,231.03815509043804
645000,322500.0,-67.52893829345703,0.30166755523626354,-67.22727073822077,155.58701331762043
646000,323000.0,-67.69475555419922,0.4615003605840458,-67.23325519361518,238.02182734580353
647000,323500.0,-67.60334777832031,0.38072336302191145,-67.2226244152984,196.36056289323702
648000,324000.0,-67.6865463256836,0.45674636852030603,-67.2297999571633,235.56992486675287
649000,324500.0,-67.68401336669922,0.4530731051386685,-67.23094026156055,233.6754152691584
650000,325000.0,-67.63082885742188,0.399320239915488,-67.23150861750639,205.95202370061793
651000,325500.0,-67.63822937011719,0.403647313176959,-67.23458205694023,208.18374001704956
652000,326000.0,-67.52018737792969,0.29723885009911855,-67.22294852783057,153.3028796970422
653000,326500.0,-67.64706420898438,0.42234363419924636,-67.22472057478512,217.82648978378168
654000,327000.0,-67.6618423461914,0.4362941435274281,-67.22554820266397,225.02155615056904
655000,327500.0,-67.60472106933594,0.37515385022829273,-67.22956721910765,193.48805026749326
656000,328000.0,-67.64282989501953,0.41526528721646466,-67.22756460780306,214.17578606320998
657000,328500.0,-67.54753112792969,0.32310326848657567,-67.22442785944311,166.64262253067275
658000,329000.0,-67.6407470703125,0.4156970646854857,-67.22505000562701,214.3984781149628
659000,329500.0,-67.77572631835938,0.5451102125439112,-67.23061610581546,281.1441549695867
660000,330000.0,-67.68472290039062,0.4602654870873954,-67.22445741330323,237.3849332687509
661000,330500.0,-67.6915512084961,0.47676494843115363,-67.21478626006494,245.8946382975676
662000,331000.0,-67.5593490600586,0.33649529764996494,-67.22285376240863,173.54964910223208
663000,331500.0,-67.61571502685547,0.3939451631711783,-67.22176986368429,203.1797927381428
664000,332000.0,-67.54725646972656,0.32859913286632364,-67.21865733686023,169.47715050559532
665000,332500.0,-67.74067687988281,0.5205059422409596,-67.22017093764185,268.4543417468901
666000,333000.0,-67.4543685913086,0.23140634236124896,-67.22296224894734,119.34933354879209
667000,333500.0,-67.6932601928711,0.4741604462975182,-67.21909974657358,244.55134929907277
668000,334000.0,-67.51573944091797,0.29992132170920976,-67.21581811920876,154.68638196262899
669000,334500.0,-67.51658630371094,0.3037108939734854,-67.21287540973745,156.640878626641
670000,335000.0,-67.62801361083984,0.4100911093775172,-67.21792250146233,211.50717002425426
671000,335500.0,-67.7143325805664,0.4967109007441678,-67.21762167982224,256.1818935701045
672000,336000.0,-67.58781433105469,0.36724827904522234,-67.22056605200946,189.41070025887058
673000,336500.0,-67.62648010253906,0.3981513124355988,-67.22832879010346,205.34914171273425
674000,337000.0,-67.63848114013672,0.4139613638501515,-67.22451977628657,213.5032790645676
675000,337500.0,-67.49595642089844,0.2759702448624906,-67.21998617603595,142.33345753426846
676000,338000.0,-67.64033508300781,0.42002069163080585,-67.220314391377,216.62841697131446
677000,338500.0,-67.59072875976562,0.36637751115779743,-67.22435124860783,188.96159602957675
678000,339000.0,-67.712890625,0.4941122615795821,-67.21877836342041,254.84162843621752
679000,339500.0,-67.66851806640625,0.4509745714529,-67.21754349495335,232.5930828046697
680000,340000.0,-67.61165618896484,0.39535355250917914,-67.21630263645567,203.90617874447457
681000,340500.0,-67.59939575195312,0.3741979650024521,-67.22519778695067,192.9950462145831
682000,341000.0,-67.63993835449219,0.4146120345402419,-67.22532631995195,213.838866725777
683000,341500.0,-67.70671081542969,0.48622777303339826,-67.2204830423963,250.77515193536553
684000,342000.0,-67.6907958984375,0.4683194265321689,-67.22247647190532,241.53880517808457
685000,342500.0,-67.74580383300781,0.5179401055331094,-67.2278637274747,267.130994694462
686000,343000.0,-67.57889556884766,0.3543611032750088,-67.22453446557265,182.76405512457242
687000,343500.0,-67.68415832519531,0.45931039551640324,-67.22484792967892,236.89233854851616
688000,344000.0,-67.74517059326172,0.5240498878059013,-67.22112070545582,270.2821548353002
689000,344500.0,-67.66852569580078,0.44121922619644094,-67.22730646960434,227.56169972754049
690000,345000.0,-67.65996551513672,0.4336409788860832,-67.22632453625063,223.653169145664
691000,345500.0,-67.63555145263672,0.40899280231713725,-67.22655865031957,210.9407109793088
692000,346000.0,-67.67224884033203,0.44920845234532664,-67.2230403879867,231.6821953315528
693000,346500.0,-67.6138687133789,0.3856584788468857,-67.22821023453201,198.90588113597246
694000,347000.0,-67.63980865478516,0.4110956684911396,-67.22871298629401,212.0252779529213
695000,347500.0,-67.5772705078125,0.3522646239916647,-67.22500588382084,181.68278223156173
696000,348000.0,-67.55960083007812,0.32750538336864926,-67.23209544670948,168.91304205340356
697000,348500.0,-67.62371826171875,0.393348633945939,-67.23036962777282,202.8721288913
698000,349000.0,-67.74353790283203,0.5105410110283037,-67.23299689180372,263.3148633429949
699000,349500.0,-67.57654571533203,0.3454605783272129,-67.23108513700481,178.173551208757
700000,350000.0,-67.60260772705078,0.37557598424781363,-67.22703174280296,193.70576864713667
701000,350500.0,-67.65373992919922,0.42595417066311164,-67.2277857585361,219.6886475635509
702000,351000.0,-67.61366271972656,0.3891595322905273,-67.22450318743604,200.71157233247834
703000,351500.0,-67.67427825927734,0.4448359216057331,-67.22944233767161,229.4270340236686
704000,352000.0,-67.6578369140625,0.42774230009147185,-67.23009461397103,220.61088700347347
705000,352500.0,-67.75996398925781,0.5315885411262722,-67.22837544813154,274.170264558054
706000,353000.0,-67.72418975830078,0.49818564085460876,-67.22600411744617,256.942500420992
707000,353500.0,-67.66295623779297,0.42920499045631794,-67.23375124733666,221.36527911931313
708000,354000.0,-67.60212707519531,0.36651620762173925,-67.23561086757357,189.0331296373773
709000,354500.0,-67.62874603271484,0.40316624118347855,-67.22557979153136,207.9356239921169
710000,355000.0,-67.60681915283203,0.3744969486287924,-67.23232220420324,193.14924897403043
711000,355500.0,-67.66049194335938,0.42712644807305683,-67.23336549528632,220.29325729975616
712000,356000.0,-67.47908782958984,0.24513010676313504,-67.2339577228267,126.42745473783356
713000,356500.0,-67.57513427734375,0.3483632430740825,-67.22677103426967,179.67061952382352
714000,357000.0,-67.62488555908203,0.397109056961076,-67.22777650212096,204.81159163954877
715000,357500.0,-67.67645263671875,0.44643666102309554,-67.23001597569565,230.25262584063464
716000,358000.0,-67.68975830078125,0.46470303332847457,-67.22505526745277,239.6736267464688
717000,358500.0,-67.52426147460938,0.2908917914547718,-67.2333696831546,150.02934271673195
718000,359000.0,-67.57500457763672,0.3497574193424017,-67.22524715829432,180.38967504657006
719000,359500.0,-67.6627197265625,0.42958887169954224,-67.23313085486296,221.56326837956072
720000,360000.0,-67.51995086669922,0.2937960231021477,-67.22615484359707,151.52721917097588
721000,360500.0,-67.6498794555664,0.42692351484468527,-67.22295594072172,220.18859316084834
722000,361000.0,-67.62106323242188,0.39472701401524657,-67.22633621840663,203.58303742116206
723000,361500.0,-67.62178802490234,0.38707723673527017,-67.23471078816708,199.6376147899336
724000,362000.0,-67.62590026855469,0.39822320506321585,-67.22767706349147,205.38622080531923
725000,362500.0,-67.57080078125,0.3411771799620774,-67.22962360128793,175.9643605055703
726000,363000.0,-67.4861831665039,0.25996604487196373,-67.22621712163195,134.07918678541785
727000,363500.0,-67.55829620361328,0.33342797535621205,-67.22486822825707,171.96765758115583
728000,364000.0,-67.66753387451172,0.43909265037991474,-67.2284412241318,226.46490435082967
729000,364500.0,-67.62786102294922,0.4010916987981359,-67.22676932415108,206.86566519763042
730000,365000.0,-67.5989761352539,0.3703183535204395,-67.22865778173346,190.9941112355253
731000,365500.0,-67.53826904296875,0.30898550595701735,-67.22928353701174,159.36129423210556
732000,366000.0,-67.5245132446289,0.2919132027388838,-67.23260004189002,150.55614226247508
733000,366500.0,-67.68358612060547,0.4569439339519867,-67.22664218665348,235.67182052943335
734000,367000.0,-67.5348129272461,0.3047108711048563,-67.23010205614123,157.1566233680139
735000,367500.0,-67.70194244384766,0.46756226061728473,-67.23438018323037,241.14829190863315
736000,368000.0,-67.61246490478516,0.3809792455452391,-67.23148565923992,196.49253597709597
737000,368500.0,-67.57425689697266,0.33828950442712513,-67.23596739254553,174.4750229745199
738000,369000.0,-67.63790130615234,0.41019670173161815,-67.22770460442072,211.56162997103533
739000,369500.0,-67.62275695800781,0.39646792959855254,-67.22628902840925,204.4809260119074
740000,370000.0,-67.70044708251953,0.461530172645558,-67.23891690987398,238.03720311138062
741000,370500.0,-67.574951171875,0.34864595768711787,-67.22630521418789,179.81643143332425
742000,371000.0,-67.47893524169922,0.24937937298225882,-67.22955586871696,128.61904156362638
743000,371500.0,-67.64159393310547,0.4103815980776993,-67.23121233502776,211.6569914700125
744000,372000.0,-67.60620880126953,0.3770498116022863,-67.22915898966724,194.46590473816778
745000,372500.0,-67.6029281616211,0.37634695194641754,-67.22658120967468,194.10340027675025
746000,373000.0,-67.60765838623047,0.37862523758765027,-67.22903314864281,195.27844098713157
747000,373500.0,-67.6140365600586,0.38738798714130224,-67.2266485729173,199.79788634291484
748000,374000.0,-67.58385467529297,0.35172579793285424,-67.23212887736011,181.40487916995352
749000,374500.0,-67.72937774658203,0.5017686583649031,-67.22760908821712,258.79046512059267
750000,375000.0,-67.6861343383789,0.45604063858915345,-67.23009369978975,235.20594004209752
751000,375500.0,-67.680908203125,0.44592524998549266,-67.23498295313951,229.98886225539928
752000,376000.0,-67.5530014038086,0.31716292121164646,-67.23583848259695,163.57884959741236
753000,376500.0,-67.6201400756836,0.3873181383735627,-67.23282193731004,199.7618613844204
754000,377000.0,-67.74238586425781,0.5040542254323108,-67.2383316388255,259.9692612741153
755000,377500.0,-67.588134765625,0.3548751720050268,-67.23325959361998,183.02918943204156
756000,378000.0,-67.75022888183594,0.512163473373681,-67.23806540846226,264.151658902066
757000,378500.0,-67.77582550048828,0.5378808464233789,-67.2379446540649,277.41556214165627
758000,379000.0,-67.621337890625,0.39598308628474516,-67.22535480434026,204.23086490386672
759000,379500.0,-67.67855834960938,0.44065111240623,-67.23790723720315,227.26869132703735
760000,380000.0,-67.55175018310547,0.3231570073729116,-67.22859317573256,166.67033871253884
761000,380500.0,-67.65547943115234,0.4285053607648043,-67.22697407038754,221.00444053312285
762000,381000.0,-67.56800079345703,0.33599228905619843,-67.23200850440084,173.29021913232387
763000,381500.0,-67.56381225585938,0.33160642875532376,-67.23220582710405,171.02818301608664
764000,382000.0,-67.59131622314453,0.3667473361961526,-67.22456888694838,189.15233571029145
765000,382500.0,-67.60668182373047,0.3701752753327502,-67.23650654839771,190.92031772506297
766000,383000.0,-67.64534759521484,0.41310864880708187,-67.23223894640776,213.06348570774375
767000,383500.0,-67.70597839355469,0.4782821908778539,-67.22769620267684,246.67716600617695
768000,384000.0,-67.60798645019531,0.37884004090812035,-67.2291464092872,195.38922720362234
769000,384500.0,-67.5916748046875,0.36447981299109733,-67.22719499169641,187.98284579671213
770000,385000.0,-67.57447814941406,0.3462739484061603,-67.2282042010079,178.59305214317547
771000,385500.0,-67.52423858642578,0.2959376367267346,-67.22830094969905,152.6317703954814
772000,386000.0,-67.67044067382812,0.4445276814869224,-67.22591299234121,229.26805716772907
773000,386500.0,-67.70834350585938,0.4766841575323404,-67.23165934832703,245.85296986345392
774000,387000.0,-67.6380386352539,0.4115737398846858,-67.22646489536922,212.27184639882591
775000,387500.0,-67.57917022705078,0.35027040709894547,-67.22889981995183,180.65425183490464
776000,388000.0,-67.57251739501953,0.3449534777595201,-67.22756391726001,177.9120107765511
777000,388500.0,-67.613037109375,0.37968702668474735,-67.23335008269025,195.82606565383185
778000,389000.0,-67.65361022949219,0.41386765145268056,-67.23974257803951,213.45494628306608
779000,389500.0,-67.62445068359375,0.39764908860178033,-67.22680159499197,205.09011648789843
780000,390000.0,-67.65361785888672,0.4234284953162868,-67.23018936357043,218.38601399556688
781000,390500.0,-67.53580474853516,0.30298203375219207,-67.23282271478297,156.26496420366558
782000,391000.0,-67.62042236328125,0.39114416993880685,-67.22927819334244,201.73516217120556
783000,391500.0,-67.7233657836914,0.4899084453915519,-67.23345733829986,252.67348276102342
784000,392000.0,-67.64697265625,0.40979461854611937,-67.23717803770388,211.35425294009147
785000,392500.0,-67.58901977539062,0.3514193972475492,-67.23760037814307,181.24685101386711
786000,393000.0,-67.48529815673828,0.24460812024299394,-67.24069003649528,126.15823677835758
787000,393500.0,-67.5949935913086,0.35809034495055747,-67.23690324635804,184.68743589312672
788000,394000.0,-67.62210083007812,0.38810656609651056,-67.23399426398161,200.16849813570838
789000,394500.0,-67.56670379638672,0.34007682625480273,-67.22662697013192,175.39684588911194
790000,395000.0,-67.6644515991211,0.434059300814586,-67.23039229830651,223.8689214144489
791000,395500.0,-67.57954406738281,0.3460760687470332,-67.23346799863577,178.4909944156357
792000,396000.0,-67.64910888671875,0.4127956136957465,-67.236313273023,212.90203580306945
793000,396500.0,-67.6812515258789,0.43923662536474606,-67.24201490051416,226.5391603902795
794000,397000.0,-67.6467514038086,0.41848704997771846,-67.22826435383088,215.83743126482548
795000,397500.0,-67.67524719238281,0.44147723366624303,-67.23376995871656,227.69476876643236
796000,398000.0,-67.59376525878906,0.36062271986858213,-67.23314253892048,185.99352480874552
797000,398500.0,-67.6438217163086,0.4028127554382202,-67.24100896087037,207.75331140861078
798000,399000.0,-67.6014175415039,0.36290441864689094,-67.23851312285701,187.17032586688217
799000,399500.0,-67.61461639404297,0.3754923475853326,-67.23912404645763,193.66263249181137
800000,400000.0,-67.70465850830078,0.4636196238765578,-67.24103888442423,239.11485124045925
801000,400500.0,-67.69058227539062,0.45907842704620516,-67.23150384834442,236.77269929386145
802000,401000.0,-67.6288833618164,0.39605736613875414,-67.23282599567766,204.2691752240663
803000,401500.0,-67.60617065429688,0.3725037084187853,-67.23366694587808,192.1212223078657
804000,402000.0,-67.63004302978516,0.4026893613939267,-67.22735366839123,207.68967012376072
805000,402500.0,-67.61769104003906,0.3892522929385701,-67.2284387471005,200.75941424299165
806000,403000.0,-67.65838623046875,0.4290508913711253,-67.22933533909763,221.28580150893066
807000,403500.0,-67.66427612304688,0.4321868938904641,-67.23208922915641,222.903215305248
808000,404000.0,-67.46585083007812,0.22928076223174543,-67.23657006784637,118.25305170417103
809000,404500.0,-67.64231872558594,0.40249074406198876,-67.23982798152394,207.58723193664733
810000,405000.0,-67.59461975097656,0.3583843195293093,-67.23623543144726,184.83905520354105
811000,405500.0,-67.61498260498047,0.3757392565452482,-67.23924334843522,193.78997740168919
812000,406000.0,-67.56350708007812,0.32101965363288376,-67.24248742644524,165.56798455133733
813000,406500.0,-67.75831604003906,0.5166343434970474,-67.24168169654202,266.45753938987906
814000,407000.0,-67.52908325195312,0.29405260407508715,-67.23503064787803,151.6595524847872
815000,407500.0,-67.7808837890625,0.5406207027925629,-67.24026308626993,278.828660971813
816000,408000.0,-67.6031494140625,0.36130044139224904,-67.24184897267025,186.34306411417668
817000,408500.0,-67.67147827148438,0.434773371282976,-67.2367049002014,224.23720792569836
818000,409000.0,-67.60884857177734,0.3638112333200148,-67.24503733845732,187.63802146150266
819000,409500.0,-67.68756103515625,0.4471490174104629,-67.24041201774578,230.62002830339338
820000,410000.0,-67.6427001953125,0.4065394545935804,-67.23616074071892,209.67538085575987
821000,410500.0,-67.65193939208984,0.4149610655885076,-67.23697832650133,214.01888177019316
822000,411000.0,-67.69579315185547,0.45773407642638375,-67.23805907542908,236.07934167498894
823000,411500.0,-67.69762420654297,0.46100261735116377,-67.2366215891918,237.76511302018596
824000,412000.0,-67.62966918945312,0.3958830009032652,-67.23378618854986,204.1792452142086
825000,412500.0,-67.6064224243164,0.3672779154169224,-67.23914450889949,189.42598541127873
826000,413000.0,-67.74322509765625,0.5074028493424816,-67.23582224831377,261.6963359424514
827000,413500.0,-67.60920715332031,0.3724625130924457,-67.23674464022787,192.0999755490527
828000,414000.0,-67.59651947021484,0.3611852930607709,-67.23533417715407,186.2836756096053
829000,414500.0,-67.59678649902344,0.3620599243235332,-67.2347265746999,186.73477239998044
830000,415000.0,-67.64083099365234,0.4033307916296489,-67.2375002020227,208.0204919602339
831000,415500.0,-67.60317993164062,0.36418221768950537,-67.23899771395112,187.8293590748279
832000,416000.0,-67.72795104980469,0.48642761859554484,-67.24152343120915,250.8782235902368
833000,416500.0,-67.6867904663086,0.449860330693443,-67.23693013561515,232.0184058502823
834000,417000.0,-67.66525268554688,0.42113406990045965,-67.24411861564641,217.20264909094863
835000,417500.0,-67.60126495361328,0.3630887557169307,-67.23817619789635,187.26539891558556
836000,418000.0,-67.61666870117188,0.375140742552943,-67.24152795861893,193.48128989825966
837000,418500.0,-67.65924072265625,0.4229773760331719,-67.23626334662308,218.15334627677672
838000,419000.0,-67.73237609863281,0.4963923024548233,-67.23598379617799,256.01757442001093
839000,419500.0,-67.69261932373047,0.4551640571415116,-67.23745526658895,234.75383743112428
840000,420000.0,-67.67769622802734,0.438215471927519,-67.23948075609982,226.01249383075256
841000,420500.0,-67.71956634521484,0.4826021432241968,-67.23696420199065,248.90520966408883
842000,421000.0,-67.59441375732422,0.3589816821767796,-67.23543207514744,185.14714889334678
843000,421500.0,-67.62454986572266,0.385568888137821,-67.23898097758483,198.85967414220588
844000,422000.0,-67.68492126464844,0.44767192498092473,-67.23724933966751,230.88972130059227
845000,422500.0,-67.62751007080078,0.3804771773290126,-67.24703289347177,196.23359101305036
846000,423000.0,-67.64443969726562,0.40409269470606834,-67.24034700255956,208.41344845170931
847000,423500.0,-67.50729370117188,0.2654043824395935,-67.24188931873228,136.88404493099418
848000,424000.0,-67.73212432861328,0.4927791433721995,-67.23934518524108,254.15406400747557
849000,424500.0,-67.51382446289062,0.26932787342468917,-67.24449658946594,138.90761105056427
850000,425000.0,-67.6801528930664,0.43471114054027904,-67.24544175252613,224.20511201341117
851000,425500.0,-67.55475616455078,0.3135552508285723,-67.24120091372221,161.71817001754394
852000,426000.0,-67.69896697998047,0.4560748564557037,-67.24289212352477,235.22358813041942
853000,426500.0,-67.61320495605469,0.3726230671142744,-67.24058188894041,192.1827823351948
854000,427000.0,-67.68753814697266,0.44466402367471847,-67.24287412329794,229.33837654221983
855000,427500.0,-67.67713928222656,0.4374025648037176,-67.23973671742284,225.59323166847653
856000,428000.0,-67.55419921875,0.3078970796670796,-67.24630213908291,158.79993125909652
857000,428500.0,-67.67312622070312,0.4277403287873083,-67.24538589191582,220.60987029046663
858000,429000.0,-67.64735412597656,0.4013781989879179,-67.24597592698865,207.01342954308083
859000,429500.0,-67.65193939208984,0.4026039243546592,-67.24933546773518,207.6456054123405
860000,430000.0,-67.7542953491211,0.5073444376122213,-67.24695091150888,261.66620971078953
861000,430500.0,-67.58074951171875,0.34222522867969457,-67.23852428303906,176.50489848174647
862000,431000.0,-67.59270477294922,0.34092267929461506,-67.2517820936546,175.8331001229057
863000,431500.0,-67.5630111694336,0.32363003806721197,-67.23938113136639,166.9143073848613
864000,432000.0,-67.72789001464844,0.48259461302844375,-67.24529540162,248.9013259164117
865000,432500.0,-67.5377426147461,0.2942358984647955,-67.2435067162813,151.75408776429467
866000,433000.0,-67.703125,0.4587631714557256,-67.24436182854427,236.61010416255544
867000,433500.0,-67.57886505126953,0.3351705354023085,-67.24369451586722,172.8663943143336
868000,434000.0,-67.58519744873047,0.34295035157012654,-67.24224709716034,176.87888535190288
869000,434500.0,-67.69982147216797,0.44507025280677887,-67.2547512193612,229.54789187220084
870000,435000.0,-67.60771179199219,0.3604256767786866,-67.2472861152135,185.89189854725475
871000,435500.0,-67.60728454589844,0.36345795567038697,-67.24382659022805,187.4558162046781
872000,436000.0,-67.64363098144531,0.4054888613265497,-67.23814212011877,209.1335305115925
873000,436500.0,-67.62228393554688,0.3792669476366286,-67.24301698791025,195.60940713912046
874000,437000.0,-67.64531707763672,0.39484927474310066,-67.25046780289362,203.64609419065113
875000,437500.0,-67.63250732421875,0.39447369605570487,-67.23803362816305,203.45238702783774
876000,438000.0,-67.62059020996094,0.37528867777630387,-67.24530153218463,193.5575884566153
877000,438500.0,-67.74324798583984,0.4980366783417902,-67.24521130749805,256.86567203138424
878000,439000.0,-67.68851470947266,0.43632033660774255,-67.25219437286492,225.03506540293964
879000,439500.0,-67.68000793457031,0.43468203705127734,-67.24532589751904,224.1901016987376
880000,440000.0,-67.71533966064453,0.47143573410925477,-67.24390392653528,243.1460611792085
881000,440500.0,-67.73431396484375,0.4920358051411075,-67.24227815970264,253.77068245631796
882000,441000.0,-67.64923858642578,0.4002800930511368,-67.24895849337464,206.447074228946
883000,441500.0,-67.66058349609375,0.41565272554037364,-67.24493077055338,214.37560991106983
884000,442000.0,-67.646484375,0.401666274073062,-67.24481810092693,207.1620061511078
885000,442500.0,-67.63407897949219,0.38884843239221145,-67.24523054709998,200.55112052656744
886000,443000.0,-67.57565307617188,0.3309398607661935,-67.24471321540568,170.68439621899248
887000,443500.0,-67.64045715332031,0.3977656862202268,-67.24269146710009,205.15025247169632
888000,444000.0,-67.60093688964844,0.3577753883161791,-67.24316150133225,184.5249949503839
889000,444500.0,-67.57445526123047,0.3348543356308643,-67.2396009255996,172.7033122155239
890000,445000.0,-67.49027252197266,0.25631490698960363,-67.23395761498305,132.19608855868836
891000,445500.0,-67.64579772949219,0.4006584627798918,-67.2451392667123,206.6422208895827
892000,446000.0,-67.58399200439453,0.3394821823102355,-67.2445098220843,175.090154388098
893000,446500.0,-67.62787628173828,0.3887630462593672,-67.23911323547891,200.50708207046773
894000,447000.0,-67.58970642089844,0.3374232327726401,-67.2522831881258,174.02823770675226
895000,447500.0,-67.65419006347656,0.40896592343651417,-67.24522414004005,210.92684802094658
896000,448000.0,-67.67003631591797,0.4211370948360463,-67.24889922108193,217.20420922124848
897000,448500.0,-67.59228515625,0.342038307600108,-67.2502468486499,176.40849271323017
898000,449000.0,-67.67066192626953,0.42243788318042114,-67.24822404308911,217.8750993118356
899000,449500.0,-67.5823974609375,0.3364554846725038,-67.245941976265,173.52911529888817
900000,450000.0,-67.65017700195312,0.404060457527843,-67.24611654442528,208.39682191633682
901000,450500.0,-67.62232208251953,0.37742739888823246,-67.2448946836313,194.66064784881175
902000,451000.0,-67.70465850830078,0.46317709867891865,-67.24148140962187,238.88661597742427
903000,451500.0,-67.67196655273438,0.4267364798069737,-67.2452300729274,220.09212861768427
904000,452000.0,-67.5384292602539,0.3000950730300831,-67.23833418722383,154.77599534201116
905000,452500.0,-67.60011291503906,0.3595081188087045,-67.24060479623036,185.41866202706123
906000,453000.0,-67.5796890258789,0.3428452567230263,-67.23684376915588,176.82468199760913
907000,453500.0,-67.7499771118164,0.5139282862174063,-67.236048825599,265.06187266106554
908000,454000.0,-67.54011535644531,0.3008122107684899,-67.23930314567683,155.1458638178195
909000,454500.0,-67.56517791748047,0.3286939293723928,-67.23648398810808,169.52604242319214
910000,455000.0,-67.71322631835938,0.475478881185109,-67.23774743717426,245.23134070966165
911000,455500.0,-67.62684631347656,0.39177806136397236,-67.23506825211258,202.0620958168603
912000,456000.0,-67.6369400024414,0.39546999537495037,-67.24147000706645,203.9662349135687
913000,456500.0,-67.66619110107422,0.4304186965970449,-67.23577240447717,221.99125599419804
914000,457000.0,-67.51639556884766,0.27924155079901425,-67.23715401804864,144.02065495234442
915000,457500.0,-67.55821990966797,0.3239422504916353,-67.23427765917633,167.0753329833836
916000,458000.0,-67.6333236694336,0.3934560272623635,-67.23986764217123,202.92751769617055
917000,458500.0,-67.63701629638672,0.40435630493376407,-67.23265999145295,208.54940714960455
918000,459000.0,-67.64846801757812,0.40726665317946603,-67.24120136439866,210.05043827941333
919000,459500.0,-67.63693237304688,0.39826637759728956,-67.23866599544958,205.4084873219442
920000,460000.0,-67.67698669433594,0.42827979953598655,-67.24870689479995,220.88810585508787
921000,460500.0,-67.63529205322266,0.395008422076543,-67.24028363114611,203.72817546806382
922000,461000.0,-67.71814727783203,0.4786085263325766,-67.23953875149945,246.84547564988455
923000,461500.0,-67.53634643554688,0.29594699809347297,-67.2403994374534,152.63659858156277
924000,462000.0,-67.67121124267578,0.4279316391654143,-67.24327960351037,220.70853986838287
925000,462500.0,-67.69056701660156,0.4547764013545392,-67.23579061524703,234.55390142526812
926000,463000.0,-67.63042449951172,0.390275120046092,-67.24014937946562,201.2869440089123
927000,463500.0,-67.62418365478516,0.3884158084856173,-67.23576784629954,200.32799191910397
928000,464000.0,-67.63845825195312,0.40415050741456193,-67.23430774453857,208.44326573397979
929000,464500.0,-67.64425659179688,0.4074823275092489,-67.23677426428763,210.16167372465011
930000,465000.0,-67.609130859375,0.3715244993119608,-67.23760636006304,191.61618881089282
931000,465500.0,-67.58479309082031,0.3455288320304886,-67.23926425878983,178.20875350232888
932000,466000.0,-67.69293212890625,0.4506739282419032,-67.24225820066435,232.43802410358876
933000,466500.0,-67.5831298828125,0.3396744955050782,-67.24345538730742,175.1893411753006
934000,467000.0,-67.55945587158203,0.3237141910046848,-67.23574168057735,166.957709812388
935000,467500.0,-67.62255859375,0.38256539004820284,-67.2399932037018,197.31060037156826
936000,468000.0,-67.6919937133789,0.45786143489200776,-67.2341322784869,236.14502763605174
937000,468500.0,-67.67472839355469,0.43310312388326844,-67.24162526967142,223.3757669125324
938000,469000.0,-67.70619201660156,0.46452149215333316,-67.24167052444822,239.57999569883327
939000,469500.0,-67.60446166992188,0.3608746348356226,-67.24358703508625,186.12345159951735
940000,470000.0,-67.63614654541016,0.394655344146553,-67.2414912012636,203.54607321794782
941000,470500.0,-67.6849136352539,0.43934349118603694,-67.24557014406787,226.5942771360872
942000,471000.0,-67.68997955322266,0.4528435865196241,-67.23713596670304,233.55703954124846
943000,471500.0,-67.78528594970703,0.5449850658235896,-67.24030088388344,281.0796097306196
944000,472000.0,-67.71379852294922,0.4815078340619934,-67.23229068888722,248.34081256125822
945000,472500.0,-67.70317840576172,0.45978542058183297,-67.24339298517988,237.13733583078383
946000,473000.0,-67.64078521728516,0.398253977683294,-67.24253123960186,205.40209198525494
947000,473500.0,-67.64114379882812,0.40325259432999205,-67.23789120449813,207.98016119183694
948000,474000.0,-67.73439025878906,0.4900748036443658,-67.2443154551447,252.75928311723268
949000,474500.0,-67.62081146240234,0.3837367658886658,-67.23707469651367,197.9147451174204
950000,475000.0,-67.69031524658203,0.4483457269583395,-67.2419695196237,231.23723907442567
951000,475500.0,-67.66529083251953,0.4239802001316864,-67.24131063238785,218.67055936006176
952000,476000.0,-67.67707824707031,0.4378593342616773,-67.23921891280864,225.82881350187256
953000,476500.0,-67.63129425048828,0.3857983109752741,-67.245495939513,198.97800047013408
954000,477000.0,-67.70525360107422,0.4693098351318578,-67.23594376594237,242.0496148867024
955000,477500.0,-67.57011413574219,0.3310937336665129,-67.23902040207568,170.76375717304822
956000,478000.0,-67.68280792236328,0.4378946904028623,-67.24491323196042,225.8470486627771
957000,478500.0,-67.59988403320312,0.36098696130574975,-67.23889707189737,186.18138471065325
958000,479000.0,-67.69568634033203,0.45582448716245744,-67.23986185316957,235.09445853100948
959000,479500.0,-67.72747039794922,0.4823573353875774,-67.24511306256164,248.778948422284
960000,480000.0,-67.64483642578125,0.41006509778681505,-67.23477132799444,211.49375437633742
961000,480500.0,-67.71605682373047,0.47631518310259513,-67.23974164062787,245.66266888968937
962000,481000.0,-67.6759262084961,0.4410547557413092,-67.23487145275479,227.4768730153245
963000,481500.0,-67.60966491699219,0.3711504495482338,-67.23851446744395,191.42327020045468
964000,482000.0,-67.70918273925781,0.46303821897414454,-67.24614452028366,238.81498786196678
965000,482500.0,-67.82028198242188,0.5727991606166107,-67.24748282180526,295.4249109135395
966000,483000.0,-67.49845886230469,0.2595168309046506,-67.23894203140004,133.8475017457056
967000,483500.0,-67.57133483886719,0.3334278685673421,-67.23790697029985,171.96760250409818
968000,484000.0,-67.68694305419922,0.45086999702637776,-67.23607305717285,232.53914786069055
969000,484500.0,-67.59178161621094,0.34785852505661896,-67.24392309115431,179.41030790747072
970000,485000.0,-67.50675964355469,0.2706717124930318,-67.23608793106166,139.60070483341806
971000,485500.0,-67.63831329345703,0.4051610442559115,-67.23315224920113,208.96445671479262
972000,486000.0,-67.68431091308594,0.4472462799802658,-67.23706463310567,230.6701921094791
973000,486500.0,-67.53660583496094,0.3026139725178111,-67.23399186244313,156.0751342163788
974000,487000.0,-67.64224243164062,0.41118791667340043,-67.23105451496723,212.07285555585807
975000,487500.0,-67.68374633789062,0.4525388732167695,-67.23120746467386,233.39988166368963
976000,488000.0,-67.6432113647461,0.4132997286097254,-67.22991163613636,213.16203636485815
977000,488500.0,-67.70182800292969,0.47021542111523434,-67.23161258181446,242.51667677655496
978000,489000.0,-67.6876449584961,0.45445155409885263,-67.23319340439724,234.38635932994032
979000,489500.0,-67.7052001953125,0.47644280732956806,-67.22875738798294,245.72849191890487
980000,490000.0,-67.6387710571289,0.4085340591575072,-67.2302369979714,210.70411119637612
981000,490500.0,-67.52393341064453,0.2903824259957818,-67.23355098464874,149.76663415203612
982000,491000.0,-67.53936004638672,0.30107452130905243,-67.23828552507767,155.281152193581
983000,491500.0,-67.65515899658203,0.41630053209614054,-67.23885846448589,214.7097203762818
984000,492000.0,-67.5145034790039,0.2804157522499143,-67.234087726754,144.62625702524772
985000,492500.0,-67.67657470703125,0.4430372116967334,-67.23353749533452,228.49933763170196
986000,493000.0,-67.60201263427734,0.37006191847869785,-67.23195071579865,190.86185318668305
987000,493500.0,-67.67936706542969,0.443871166415985,-67.2354958990137,228.9294552288989
988000,494000.0,-67.5284652709961,0.3021387282970262,-67.22632654269907,155.8300239033043
989000,494500.0,-67.65835571289062,0.42075442800822666,-67.2376012848824,217.0068463036833
990000,495000.0,-67.67070007324219,0.43332629728070005,-67.23737377596149,223.49087005092306
991000,495500.0,-67.62786102294922,0.39314051536804184,-67.23472050758117,202.7647903744828
992000,496000.0,-67.64292907714844,0.40475405346551124,-67.23817502368293,208.75454855454464
993000,496500.0,-67.62395477294922,0.38652103641122787,-67.237433736538,199.35075083747356
994000,497000.0,-67.65811157226562,0.4212697298905041,-67.23684184237513,217.27261661749017
995000,497500.0,-67.78626251220703,0.5438595300827294,-67.2424029821243,280.49910731574926
996000,498000.0,-67.68562316894531,0.43735618146222366,-67.24826698748309,225.56930915693871
997000,498500.0,-67.5997314453125,0.3604499080708134,-67.23928153724168,185.9043959945453
998000,499000.0,-67.57489776611328,0.3342596997665246,-67.24063806634676,172.3966248819401
999000,499500.0,-67.47801208496094,0.23387959038109005,-67.24413249457984,120.62492738021825
1000000,500000.0,-67.7100601196289,0.4813536019350526,-67.22870651769385,248.2612663337246
1001000,500500.0,-67.70854949951172,0.4684248473473959,-67.24012465216433,241.59317665257024
1002000,501000.0,-67.7217788696289,0.488500489600866,-67.23327838002804,251.947320359553
1003000,501500.0,-67.61767578125,0.37557878444932014,-67.24209699680068,193.7072128693658
1004000,502000.0,-67.64225006103516,0.39889784075067625,-67.24335222028448,205.7341685705578
1005000,502500.0,-67.61032104492188,0.37460318169385404,-67.23571786322802,193.20403937167717
1006000,503000.0,-67.72747039794922,0.48870720277805724,-67.23876319517116,252.0539340317704
1007000,503500.0,-67.6795425415039,0.4434521746293193,-67.23609036687459,228.71335747638827
1008000,504000.0,-67.61396026611328,0.3791724013250342,-67.23478786478825,195.5606442609593
1009000,504500.0,-67.67285919189453,0.43825455709207856,-67.23460463480245,226.0326522598355
1010000,505000.0,-67.6546859741211,0.41797172905922364,-67.23671424506188,215.57165113296506
1011000,505500.0,-67.55088806152344,0.32178785192153064,-67.22910020960191,165.96418783966467
1012000,506000.0,-67.56024932861328,0.3225822677833887,-67.23766706082989,166.37391301273422
1013000,506500.0,-67.64546203613281,0.4132915954523888,-67.23217044068042,213.15784163580332
1014000,507000.0,-67.7435073852539,0.5077006095030827,-67.23580677575082,261.84990769144713
1015000,507500.0,-67.70314025878906,0.4536321678932176,-67.24950809089584,233.96375553886122
1016000,508000.0,-67.56622314453125,0.33826079481224763,-67.22796234971901,174.4602158030003
1017000,508500.0,-67.59957122802734,0.3682773277941586,-67.23129390023318,189.94143887701543
1018000,509000.0,-67.56221771240234,0.32388716520483773,-67.2383305471975,167.04692238667934
1019000,509500.0,-67.62100219726562,0.376938760520457,-67.24406343674517,194.4086294168825
1020000,510000.0,-67.65433502197266,0.4074716785844371,-67.24686334338821,210.15618147207687
1021000,510500.0,-67.6038818359375,0.36740742339004645,-67.23647441254745,189.49277999488388
1022000,511000.0,-67.62687683105469,0.39343241273883406,-67.23344441831586,202.9153383513153
1023000,511500.0,-67.5849838256836,0.35100995008981045,-67.23397387559379,181.03567596610944
1024000,512000.0,-67.69046020507812,0.45257782505184807,-67.23788238002628,233.41997132722128
1025000,512500.0,-67.71923065185547,0.4788830673043603,-67.2403475845511,246.98707195048667
1026000,513000.0,-67.60713958740234,0.37169415224528113,-67.23544543515706,191.70368842010737
1027000,513500.0,-67.69737243652344,0.4643404147034679,-67.23303202181997,239.4866038205398
1028000,514000.0,-67.61181640625,0.3793973347925784,-67.23241907145743,195.67665516701436
1029000,514500.0,-67.69051361083984,0.4492921071117399,-67.2412215037281,231.72534082409948
1030000,515000.0,-67.62982940673828,0.39685563827568315,-67.2329737684626,204.68088929620833
1031000,515500.0,-67.52960205078125,0.28307165546343505,-67.24653039531782,145.9960564666518
1032000,516000.0,-67.62553405761719,0.380832304507361,-67.24470175310982,196.4167501764011
1033000,516500.0,-67.63030242919922,0.3999563723833417,-67.23034605681588,206.28011317868663
1034000,517000.0,-67.63672637939453,0.3999384193641423,-67.23678796003038,206.2708537916933
1035000,517500.0,-67.63230895996094,0.39613835290943117,-67.2361706070515,204.31094468037395
1036000,518000.0,-67.61556243896484,0.38056223485732454,-67.23500020410752,196.27745998921475
1037000,518500.0,-67.55902862548828,0.3321417075406944,-67.22688691794758,171.30425654823324
1038000,519000.0,-67.65728759765625,0.4134463360841722,-67.24384126157207,213.23765012803312
1039000,519500.0,-67.62454223632812,0.39104069667531344,-67.2335015396528,201.68179515925573
1040000,520000.0,-67.61338806152344,0.3741125945996829,-67.23927546692376,192.9510158713724
1041000,520500.0,-67.58369445800781,0.34091955755692516,-67.24277490045088,175.8314900662884
1042000,521000.0,-67.65941619873047,0.414337737806488,-67.24507846092398,213.69739639253507
1043000,521500.0,-67.60537719726562,0.369765905060145,-67.23561129220548,190.70918233131545
1044000,522000.0,-67.50892639160156,0.2678981097901528,-67.24102828181141,138.17020111109156
1045000,522500.0,-67.66209411621094,0.4231717970549272,-67.238922319156,218.25362018948627
1046000,523000.0,-67.68794250488281,0.4453211637537174,-67.2426213411291,229.6773008330428
1047000,523500.0,-67.67682647705078,0.43613677744566864,-67.24068969960511,224.94039356535407
1048000,524000.0,-67.62459564208984,0.38642397950381596,-67.23817166258603,199.30069310311018
1049000,524500.0,-67.65773010253906,0.4246545341687196,-67.23307556837034,219.01835154712091
1050000,525000.0,-67.63909912109375,0.4026900073090195,-67.23640911378473,207.69000325869155
1051000,525500.0,-67.5681381225586,0.331271054650467,-67.23686706790812,170.85521162949567
1052000,526000.0,-67.52717590332031,0.2946828392072998,-67.23249306411302,151.98460037345396
1053000,526500.0,-67.64398956298828,0.40881932893032263,-67.23517023405796,210.85124094623401
1054000,527000.0,-67.66860961914062,0.4310254411910795,-67.23758417794954,222.30418848426487
1055000,527500.0,-67.6625747680664,0.4202417081403661,-67.24233305992604,216.74240768068802
1056000,528000.0,-67.6413345336914,0.40804523571446144,-67.23328929797694,210.45199731066654
1057000,528500.0,-67.64094543457031,0.3919879057572809,-67.24895752881304,202.1703244342559
1058000,529000.0,-67.63719177246094,0.4005317774435325,-67.2366599950174,206.57688209933778
1059000,529500.0,-67.5661849975586,0.3253328451656455,-67.24085215239295,167.79254127545593
1060000,530000.0,-67.5724868774414,0.33162767496899714,-67.24085920247241,171.03914088965433
1061000,530500.0,-67.63640594482422,0.3978481523044109,-67.23855779251981,205.19278489361406
1062000,531000.0,-67.72942352294922,0.49422921143517845,-67.23519431151404,254.90194608862765
1063000,531500.0,-67.76715850830078,0.5262700019894265,-67.24088850631135,271.4271932361592
1064000,532000.0,-67.53763580322266,0.30122499888809806,-67.23641080433455,155.35876198849792
1065000,532500.0,-67.48011016845703,0.2376252076008552,-67.24248496085617,122.55675394273304
1066000,533000.0,-67.6167221069336,0.376264179700856,-67.24045792723274,194.060709950101
1067000,533500.0,-67.58442687988281,0.3474238340313191,-67.2370030458515,179.18611317002404
1068000,534000.0,-67.619873046875,0.37444179157962476,-67.24543125529537,193.12080136541476
1069000,534500.0,-67.66424560546875,0.42649683247808506,-67.23774877299067,219.9685289414707
1070000,535000.0,-67.56273651123047,0.32393666558833534,-67.23879984564213,167.07245253300363
1071000,535500.0,-67.61155700683594,0.37426701733898965,-67.23728998949694,193.03066040847963
1072000,536000.0,-67.7157974243164,0.476599014442595,-67.23919840987381,245.80905675842098
1073000,536500.0,-67.59999084472656,0.3654004756861783,-67.23459036904039,188.45768359916792
1074000,537000.0,-67.62720489501953,0.39451457900500897,-67.23269031601453,203.47347267615302
1075000,537500.0,-67.58281707763672,0.3496513950974659,-67.23316568253925,180.33499234926808
1076000,538000.0,-67.56527709960938,0.3291784014757495,-67.23609869813363,169.77591207701667
1077000,538500.0,-67.61831665039062,0.3803515363114097,-67.23796511407922,196.16879083702975
1078000,539000.0,-67.57381439208984,0.34002534901134235,-67.2337890430785,175.37029616434108
1079000,539500.0,-67.73355102539062,0.4974607418684827,-67.23609028352215,256.56862903094486
1080000,540000.0,-67.54351806640625,0.30860800574175284,-67.2349100606645,159.16659602873474
1081000,540500.0,-67.56285095214844,0.3272869906356672,-67.23556396151277,168.80040457394924
1082000,541000.0,-67.57020568847656,0.3322662244359109,-67.23793946404065,171.3684769507858
1083000,541500.0,-67.5638656616211,0.3321097393429797,-67.23175592227811,171.2877687413172
1084000,542000.0,-67.67147064208984,0.4366763226238008,-67.23479431946605,225.21866751745262
1085000,542500.0,-67.74349975585938,0.5050806592494982,-67.23841909660987,260.4986512241194
1086000,543000.0,-67.61751556396484,0.38576630384730337,-67.23174926011754,198.961492584684
1087000,543500.0,-67.57810974121094,0.34497580647257203,-67.23313393473836,177.92352695624848
1088000,544000.0,-67.64320373535156,0.41107152479260256,-67.23213221055896,212.01282568259717
1089000,544500.0,-67.5684814453125,0.3336965702255207,-67.23478487508697,172.10618714054263
1090000,545000.0,-67.67520904541016,0.43679675153389164,-67.23841229387627,225.2807795149575
1091000,545500.0,-67.67413330078125,0.4401971604227303,-67.23393614035852,227.03456262450914
1092000,546000.0,-67.62097930908203,0.3849906518228645,-67.23598865725917,198.56144498340421
1093000,546500.0,-67.6632080078125,0.4247722604789536,-67.23843574733354,219.07906966108536
1094000,547000.0,-67.62327575683594,0.3878869807374421,-67.23538877609849,200.055245551555
1095000,547500.0,-67.65245819091797,0.4151527641853429,-67.23730542673263,214.1177515744564
1096000,548000.0,-67.57099914550781,0.32964758715495396,-67.24135155835286,170.0178976576723
1097000,548500.0,-67.611572265625,0.37684879396141624,-67.23472347166359,194.36222857603417
1098000,549000.0,-67.60095977783203,0.3636218327143287,-67.2373379451177,187.5403368611943
1099000,549500.0,-67.52311706542969,0.28388862745628235,-67.23922843797341,146.4174151117063
1100000,550000.0,-67.61408233642578,0.37562971409074525,-67.23845262233503,193.73348016480784
1101000,550500.0,-67.60458374023438,0.372311485218115,-67.23227225501626,192.02208193574575
1102000,551000.0,-67.58889770507812,0.35556483898275937,-67.23333286609537,183.3848896834828
1103000,551500.0,-67.59986877441406,0.3614824524891695,-67.23838632192489,186.43693752704118
1104000,552000.0,-67.49954986572266,0.26528247351017836,-67.23426739221247,136.82116960384937
1105000,552500.0,-67.63007354736328,0.3917837733132171,-67.23828977405006,202.0650417920167
1106000,553000.0,-67.66497039794922,0.4323103198601544,-67.23266007808907,222.96687305583012
1107000,553500.0,-67.53076171875,0.29106306334534787,-67.23969865540465,150.11767731373268
1108000,554000.0,-67.59000396728516,0.35172222858377106,-67.23828173870139,181.40303825483454
1109000,554500.0,-67.61618041992188,0.3751345211334889,-67.24104589878839,193.4780811605129
1110000,555000.0,-67.56661224365234,0.3291079518467127,-67.23750429180564,169.7395772203809
1111000,555500.0,-67.6800308227539,0.4406328620165253,-67.23939796073738,227.25927856926228
1112000,556000.0,-67.63675689697266,0.4061566546296292,-67.23060024234303,209.47794927236467
1113000,556500.0,-67.60415649414062,0.36677939597894094,-67.23737709816169,189.16887075280786
1114000,557000.0,-67.54081726074219,0.29857702569482436,-67.24224023504736,153.99305250686703
1115000,557500.0,-67.59362030029297,0.35296435202330206,-67.24065594826966,182.0436715373136
1116000,558000.0,-67.7035903930664,0.46927736332927794,-67.23431302973712,242.03286734228556
1117000,558500.0,-67.64583587646484,0.40229749444793006,-67.24353838201691,207.48756218511363
1118000,559000.0,-67.69501495361328,0.45834881383210385,-67.23666613978118,236.39639650992373
1119000,559500.0,-67.66246795654297,0.4244214760599297,-67.23804648048304,218.89815030424054
1120000,560000.0,-67.65145111083984,0.4065709731369849,-67.24488013770286,209.69163675052656
1121000,560500.0,-67.57688903808594,0.3351863621565781,-67.24170267592936,172.87455706629208
1122000,561000.0,-67.78065490722656,0.5349499556719192,-67.24570495155464,275.90393608023675
1123000,561500.0,-67.65670776367188,0.4132984178179981,-67.24340934585388,213.16136031545742
1124000,562000.0,-67.636474609375,0.39412149857477474,-67.24235311080022,203.27073887507902
1125000,562500.0,-67.70687103271484,0.4591679731641393,-67.2477030595507,236.818883289461
1126000,563000.0,-67.63778686523438,0.3915212745409031,-67.24626559069347,201.92965633449907
1127000,563500.0,-67.56221771240234,0.3213010701871685,-67.24091664221517,165.71312697855333
1128000,564000.0,-67.72798919677734,0.4812840051555935,-67.24670519162176,248.22537133983278
1129000,564500.0,-67.7393798828125,0.49617800445154625,-67.24320187836095,255.90704882416526
1130000,565000.0,-67.57955169677734,0.33379075252599455,-67.24576094425134,172.1547622775892
1131000,565500.0,-67.61990356445312,0.37094969162451136,-67.24895387282861,191.31972798913748
1132000,566000.0,-67.7401123046875,0.4936941050031375,-67.24641819968436,254.62596144883736
1133000,566500.0,-67.63235473632812,0.382321155572126,-67.250033580756,197.18463484421073
1134000,567000.0,-67.57144165039062,0.3236965373925846,-67.24774511299805,166.948604846563
1135000,567500.0,-67.62537384033203,0.3743795699380749,-67.25099427039396,193.08871014710365
1136000,568000.0,-67.56976318359375,0.3254017272737055,-67.24436145632005,167.82806767290256
1137000,568500.0,-67.58981323242188,0.34893829624484773,-67.24087493617702,179.96720695520347
1138000,569000.0,-67.55806732177734,0.30995228919961443,-67.24811503257773,159.8599190083875
1139000,569500.0,-67.54827880859375,0.2981783261724023,-67.25010048242135,153.78742062227067
1140000,570000.0,-67.61856079101562,0.3659296770284294,-67.25263111398719,188.73062265030333
1141000,570500.0,-67.53936767578125,0.2900050710977212,-67.24936260468353,149.57201089696306
1142000,571000.0,-67.74173736572266,0.49474108325747934,-67.24699628246518,255.1659473265827
1143000,571500.0,-67.61628723144531,0.3679237613267407,-67.24836347011858,189.7590846605279
1144000,572000.0,-67.58146667480469,0.34241371295276185,-67.23905296185193,176.60211047751747
1145000,572500.0,-67.58930969238281,0.3475251258085917,-67.24178456657422,179.23835506619724
1146000,573000.0,-67.5158462524414,0.27139211563441173,-67.244454136807,139.97225746215256
1147000,573500.0,-67.6473388671875,0.40082095681548274,-67.24651791037202,206.72602825050262
1148000,574000.0,-67.66963195800781,0.4184880088133302,-67.25114394919449,215.83792579055918
1149000,574500.0,-67.63180541992188,0.3818372731482826,-67.2499681467736,196.93506932144936
1150000,575000.0,-67.66519927978516,0.41391857176480046,-67.25128070802036,213.48120876685797
1151000,575500.0,-67.78316497802734,0.5276928357015637,-67.25547214232579,272.1610290228605
1152000,576000.0,-67.66478729248047,0.41327691221057755,-67.25151038026989,213.15026865786925
1153000,576500.0,-67.64908599853516,0.4049364038641664,-67.24414959467099,208.8485969644965
1154000,577000.0,-67.67620849609375,0.4315788281195148,-67.24462966797424,222.5896014095522
1155000,577500.0,-67.74154663085938,0.4868744489473935,-67.25467218191199,251.10867926469388
1156000,578000.0,-67.68383026123047,0.4306961389560626,-67.2531341222744,222.13434870422964
1157000,578500.0,-67.56747436523438,0.3254404547926501,-67.24203391044172,167.84804164392202
1158000,579000.0,-67.76734161376953,0.5206137171479999,-67.24672789662154,268.5099273596149
1159000,579500.0,-67.54975128173828,0.30534631916680777,-67.24440496257148,157.48435985926523
1160000,580000.0,-67.47036743164062,0.2242928308943595,-67.24607460074627,115.68049351570612
1161000,580500.0,-67.568359375,0.3247299806108614,-67.24362939438915,167.48160994099257
1162000,581000.0,-67.69084167480469,0.43209561687256914,-67.25874605793211,222.8561385866805
1163000,581500.0,-67.6122817993164,0.3561764566196798,-67.25610534269673,183.70033547726828
1164000,582000.0,-67.57357025146484,0.32861706054372203,-67.24495319092112,169.48639682238914
1165000,582500.0,-67.4668960571289,0.22879943850848694,-67.23809661862042,118.00480584796003
1166000,583000.0,-67.58978271484375,0.3437130017633155,-67.24606971308043,177.27222717373533
1167000,583500.0,-67.69197845458984,0.4431959247232129,-67.24878252986663,228.58119491245995
1168000,584000.0,-67.65961456298828,0.4107590681344939,-67.24885549485379,211.85167411895534
1169000,584500.0,-67.59442901611328,0.3521863896931901,-67.2422426264201,181.6424323807827
1170000,585000.0,-67.6174087524414,0.37342236318682576,-67.24398638925459,192.59502450882653
1171000,585500.0,-67.64864349365234,0.4025426491967577,-67.24610084445558,207.6140023491573
1172000,586000.0,-67.60090637207031,0.354207755288677,-67.24669861678163,182.68496489833663
1173000,586500.0,-67.62339782714844,0.3731297066309996,-67.25026812051743,192.4440849773507
1174000,587000.0,-67.62802124023438,0.38075060280361883,-67.24727063743076,196.3746119886923
1175000,587500.0,-67.59719848632812,0.3485046639038441,-67.24869382242429,179.74355824110214
1176000,588000.0,-67.6328125,0.3907888860701736,-67.24202361392983,201.55192219381624
1177000,588500.0,-67.68018341064453,0.43298160836331284,-67.24720180228123,223.3130944888877
1178000,589000.0,-67.57312774658203,0.32621597545795095,-67.24691177112408,168.24802149586782
1179000,589500.0,-67.63256072998047,0.38357987978618685,-67.24898085019429,197.83383008465654
1180000,590000.0,-67.6976089477539,0.44716455546846656,-67.25044439228544,230.6280421583658
1181000,590500.0,-67.61798858642578,0.3625680460844019,-67.25542054034138,186.99683951924138
1182000,591000.0,-67.66679382324219,0.4124579575158314,-67.25433586572636,212.72788742135145
1183000,591500.0,-67.62362670898438,0.37819630105397034,-67.2454304079304,195.05721416634933
1184000,592000.0,-67.66035461425781,0.4144364710908344,-67.24591814316697,213.74831872925924
1185000,592500.0,-67.47249603271484,0.22323050421466914,-67.24926552850017,115.1325915872697
1186000,593000.0,-67.63459777832031,0.37972917114325755,-67.25486860717706,195.84780193376542
1187000,593500.0,-67.57585144042969,0.3187341145629133,-67.25711732586677,164.38920283767598
1188000,594000.0,-67.59334564208984,0.34243389658928436,-67.25091174550056,176.61252031997458
1189000,594500.0,-67.66785430908203,0.41388132497459845,-67.25397298410743,213.46199849136562
1190000,595000.0,-67.6854476928711,0.43893730467658165,-67.24651038819451,226.38478378899336
1191000,595500.0,-67.57698822021484,0.31998961681409105,-67.25699860340075,165.036736329706
1192000,596000.0,-67.7210464477539,0.4559236744288084,-67.2651227733251,235.14561501191972
1193000,596500.0,-67.62366485595703,0.36821151985188516,-67.25545333610515,189.907498000666
1194000,597000.0,-67.73030090332031,0.4787440508067782,-67.25155685251353,246.91537328324438
1195000,597500.0,-67.63983154296875,0.37982209603627765,-67.26000944693247,195.8957285546993
1196000,598000.0,-67.53063201904297,0.2711606214690286,-67.25947139757395,139.8528628333062
1197000,598500.0,-67.69525146484375,0.44448695984965686,-67.2507645049941,229.247054717152
1198000,599000.0,-67.63245391845703,0.3798981017650778,-67.25255581669195,195.93492900610278
1199000,599500.0,-67.71809387207031,0.4599482300541721,-67.25814564201615,237.22130588026837
1200000,600000.0,-67.69103240966797,0.4380125103166148,-67.25301989935136,225.90781505336804
1201000,600500.0,-67.64610290527344,0.39372494494780585,-67.25237796032563,203.06621375008825
1202000,601000.0,-67.65638732910156,0.39929372828831744,-67.25709360081325,205.93835015562425
1203000,601500.0,-67.55834197998047,0.3041615660084143,-67.25418041397205,156.87331567425605
1204000,602000.0,-67.58692169189453,0.331561477197556,-67.25536021469698,171.00499895636375
1205000,602500.0,-67.54488372802734,0.29508810536118124,-67.24979562266616,152.1936190411451
1206000,603000.0,-67.76109313964844,0.5086158689464033,-67.25247727070203,262.3219587314918
1207000,603500.0,-67.47117614746094,0.21804218597347091,-67.25313396148746,112.45668254343121
1208000,604000.0,-67.60958099365234,0.3610217731754844,-67.24855922047686,186.19933915999988
1209000,604500.0,-67.58554077148438,0.3364400506453589,-67.24910072083901,173.52115509851112
1210000,605000.0,-67.69576263427734,0.4406491050346297,-67.25511352924272,227.26765601201427
1211000,605500.0,-67.54843139648438,0.29473896629284535,-67.25369243019153,152.01354828467169
1212000,606000.0,-67.60098266601562,0.34801973787743395,-67.25296292813819,179.49345447349594
1213000,606500.0,-67.72908782958984,0.47163457171968143,-67.25745325787017,243.2486129763922
1214000,607000.0,-67.5826416015625,0.32706878494344965,-67.25557281661905,168.68786356199175
1215000,607500.0,-67.658935546875,0.40219991706396613,-67.25673562981103,207.4372360115667
1216000,608000.0,-67.57470703125,0.318767303337275,-67.25593972791272,164.40632016497545
1217000,608500.0,-67.68144226074219,0.4223691300516737,-67.25907313069051,217.83963943631244
1218000,609000.0,-67.55941772460938,0.3073390858830628,-67.25207863872632,158.51214231793256
1219000,609500.0,-67.61192321777344,0.3608337427605159,-67.25108947501292,186.10236124450975
1220000,610000.0,-67.6029052734375,0.35232293238369317,-67.2505823410538,181.7128551658551
1221000,610500.0,-67.64273834228516,0.389210851176056,-67.2535274911091,200.73804038311093
1222000,611000.0,-67.61872100830078,0.36961551406477916,-67.249105494236,190.6316171924973
1223000,611500.0,-67.64984130859375,0.40029055993595575,-67.2495507486578,206.45247259320314
1224000,612000.0,-67.72791290283203,0.47741086963780444,-67.25050203319422,246.22777638165027
1225000,612500.0,-67.59089660644531,0.3464496003528547,-67.24444700609246,178.68364578274736
1226000,613000.0,-67.81484985351562,0.5667146267144583,-67.24813522680117,292.2867727848824
1227000,613500.0,-67.58950805664062,0.34050254556805115,-67.24900551107257,175.61641340742884
1228000,614000.0,-67.62208557128906,0.3790953055007188,-67.24299026578835,195.52088158566892
1229000,614500.0,-67.5620346069336,0.30668643810624807,-67.25534816882734,158.17553496132285
1230000,615000.0,-67.71083068847656,0.45379379597574687,-67.25703689250082,234.04711627882972
1231000,615500.0,-67.61123657226562,0.356797758114609,-67.25443881415102,184.0207757841157
1232000,616000.0,-67.60850524902344,0.35737784825617513,-67.25112740076726,184.31996106610794
1233000,616500.0,-67.7458267211914,0.494269920416002,-67.2515568007754,254.92294201156201
1234000,617000.0,-67.52794647216797,0.28261431999039066,-67.24533215217758,145.76018270727636
1235000,617500.0,-67.55939483642578,0.30277046199285257,-67.25662437443293,156.15584468594946
1236000,618000.0,-67.64956665039062,0.39468247522176636,-67.25488417516885,203.5600662473183
1237000,618500.0,-67.6650390625,0.4125454442864766,-67.25249361821352,212.7730092951268
1238000,619000.0,-67.71208953857422,0.4571485433694164,-67.2549409952048,235.77734917380354
1239000,619500.0,-67.54890441894531,0.2891461471765794,-67.25975827176873,149.1290152706921
1240000,620000.0,-67.72876739501953,0.47348857116555426,-67.25527882385397,244.20482530837452
1241000,620500.0,-67.78706359863281,0.528910441434107,-67.2581531571987,272.78901713771245
1242000,621000.0,-67.59273529052734,0.32969156509496794,-67.26304372543238,170.04057956767514
1243000,621500.0,-67.6002426147461,0.3412871064166137,-67.25895550832948,176.02105579297867
1244000,622000.0,-67.68238067626953,0.42137582840723303,-67.2610048478623,217.32733762095492
1245000,622500.0,-67.61600494384766,0.357264061867256,-67.2587408819804,184.26127499231302
1246000,623000.0,-67.6456527709961,0.3833622495182508,-67.26229052147784,197.7215858515332
1247000,623500.0,-67.640625,0.3752175966181614,-67.26540740338184,193.52092788471558
1248000,624000.0,-67.64852905273438,0.3887687516321166,-67.25976030110226,200.51002465375367
1249000,624500.0,-67.67207336425781,0.40975241188967154,-67.26232095236814,211.33248458116506
1250000,625000.0,-67.55885314941406,0.3018523793564334,-67.25700077005763,155.6823375656118
1251000,625500.0,-67.71929931640625,0.45692167212674684,-67.2623776442795,235.66033884756223
1252000,626000.0,-67.61067199707031,0.3525404372884221,-67.25813155978189,181.825034742085
1253000,626500.0,-67.75933074951172,0.49654882858829885,-67.26278192092342,256.0983037964086
1254000,627000.0,-67.62860107421875,0.3695718200942173,-67.25902925412453,190.60908174159542
1255000,627500.0,-67.66421508789062,0.40154485440141036,-67.26267023348922,207.09938316185233
1256000,628000.0,-67.646484375,0.38844133306538986,-67.25804304193461,200.34115638795078
1257000,628500.0,-67.68944549560547,0.43563922073180267,-67.25380627487367,224.68377543813816
1258000,629000.0,-67.61337280273438,0.3571435133140598,-67.25622928942032,184.19910128809457
1259000,629500.0,-67.64956665039062,0.39498405258322467,-67.2545825978074,203.71560674260544
1260000,630000.0,-67.69696807861328,0.4390788204298655,-67.25788925818341,226.45777146369898
1261000,630500.0,-67.62909698486328,0.3752670265913947,-67.2538299582719,193.54642171648584
1262000,631000.0,-67.4915771484375,0.22962303151792005,-67.26195411691958,118.42957932559374
1263000,631500.0,-67.63378143310547,0.37628775474318876,-67.25749367836228,194.07286893227104
1264000,632000.0,-67.70834350585938,0.45289901597608817,-67.25544448988329,233.58562764570772
1265000,632500.0,-67.63885498046875,0.3834911775916003,-67.25536380287716,197.78808134803938
1266000,633000.0,-67.58148956298828,0.33135504046584313,-67.25013452252244,170.89852786270868
1267000,633500.0,-67.75920867919922,0.5074461261777874,-67.25176255302144,261.7186562531185
1268000,634000.0,-67.71830749511719,0.4597818330238795,-67.2585256620933,237.13548552432098
1269000,634500.0,-67.60620880126953,0.3534350062011649,-67.25277379506836,182.28641450575046
1270000,635000.0,-67.63904571533203,0.38033595391267166,-67.25870976141935,196.16075411303376
1271000,635500.0,-67.6978988647461,0.44178456965373153,-67.25611429509236,227.85327931073303
1272000,636000.0,-67.75936889648438,0.498707462447444,-67.26066143403693,257.21163331813204
1273000,636500.0,-67.58380889892578,0.3314302407005677,-67.25237865822521,170.93731287527794
1274000,637000.0,-67.62655639648438,0.3750544145655279,-67.25150198191885,193.43676567450905
1275000,637500.0,-67.67073059082031,0.42144753131107743,-67.24928305950924,217.36431886226413
1276000,638000.0,-67.69231414794922,0.4415041316680963,-67.25081001628112,227.708641586694
1277000,638500.0,-67.68822479248047,0.43213322373632285,-67.25609156874414,222.87553457246057
1278000,639000.0,-67.61264038085938,0.3628200505353394,-67.24982033032404,187.12681246191798
1279000,639500.0,-67.59215545654297,0.3456162831377819,-67.24653917340518,178.25385698249738
1280000,640000.0,-67.61419677734375,0.36478891354891085,-67.24940786379484,188.1422664296912
1281000,640500.0,-67.57693481445312,0.31958838039048837,-67.25734643406264,164.8297960217445
1282000,641000.0,-67.72469329833984,0.4708960111296887,-67.25379728721016,242.86769552485828
1283000,641500.0,-67.63174438476562,0.37349394526644547,-67.25825043949918,192.63194343425215
1284000,642000.0,-67.65699005126953,0.40465340534677513,-67.25233664592275,208.7026386294686
1285000,642500.0,-67.61762237548828,0.36803850130658133,-67.2495838741817,189.81826255507326
1286000,643000.0,-67.65436553955078,0.40130849399558954,-67.2530570455552,206.9774787376944
1287000,643500.0,-67.65845489501953,0.4017873188714751,-67.25666757614806,207.22443579704031
1288000,644000.0,-67.62407684326172,0.3750145695209543,-67.24906227374076,193.4162153323423
1289000,644500.0,-67.48729705810547,0.23975799049561164,-67.24753906760986,123.65675066061068
1290000,645000.0,-67.643310546875,0.395791641397619,-67.24751890547738,204.13212595204422
1291000,645500.0,-67.60889434814453,0.35401921315071233,-67.25487513499382,182.58772305836658
1292000,646000.0,-67.67324829101562,0.42366608043719345,-67.24958221057844,218.5085500745351
1293000,646500.0,-67.62187194824219,0.37342805863899137,-67.2484438896032,192.5979619755065
1294000,647000.0,-67.7308349609375,0.47991154903750727,-67.25092341189999,247.51751812653214
1295000,647500.0,-67.65003204345703,0.39819142283257186,-67.25184062062446,205.36982891213538
1296000,648000.0,-67.62571716308594,0.3815111820959672,-67.24420598098997,196.76688572988076
1297000,648500.0,-67.64373779296875,0.3909281369916663,-67.25280965597709,201.62374176672262
1298000,649000.0,-67.54405212402344,0.29844077400313235,-67.24561135002031,153.92277980633338
1299000,649500.0,-67.69078826904297,0.44194701513127155,-67.24884125391169,227.93706162752085
1300000,650000.0,-67.69073486328125,0.4355226295419627,-67.25521223373929,224.62364276993608
1301000,650500.0,-67.69206237792969,0.4431569813884341,-67.24890539654125,228.56110963301344
1302000,651000.0,-67.6019287109375,0.3490782318796116,-67.25285047905788,180.03937967345473
1303000,651500.0,-67.48631286621094,0.23703309645479087,-67.24927976975614,122.25136874910136
1304000,652000.0,-67.72718811035156,0.4766897122497259,-67.25049839810184,245.85583474525123
1305000,652500.0,-67.71155548095703,0.46439652175977775,-67.24715895919725,239.51554140154835
1306000,653000.0,-67.70589447021484,0.4599073835073777,-67.24598708670747,237.20023900678538
1307000,653500.0,-67.554443359375,0.3047383902884085,-67.2497049690866,157.17081656679682
1308000,654000.0,-67.63275909423828,0.38825847264014024,-67.24450062159814,200.24684492844926
1309000,654500.0,-67.64706420898438,0.40355250791434066,-67.24351170107003,208.13484358320528
1310000,655000.0,-67.58296966552734,0.3378531824749955,-67.24511648305234,174.249987075901
1311000,655500.0,-67.69544219970703,0.4572836806053718,-67.23815851910166,235.8470470865069
1312000,656000.0,-67.6563949584961,0.4102979190032626,-67.24609703949284,211.61383344044387
1313000,656500.0,-67.62077331542969,0.3760225567345882,-67.2447507586951,193.93609132599636
1314000,657000.0,-67.7190170288086,0.47042309601043436,-67.24859393279816,242.6237864611212
1315000,657500.0,-67.55684661865234,0.31552940502489635,-67.24131721362745,162.7363529474051
1316000,658000.0,-67.63504028320312,0.38799519865005905,-67.24704508455306,200.1110596473014
1317000,658500.0,-67.75990295410156,0.5132275288009331,-67.24667542530062,264.70045244335654
1318000,659000.0,-67.66343688964844,0.41770141453328047,-67.24573547511515,215.43223464942932
1319000,659500.0,-67.71514129638672,0.46983526573443574,-67.24530603065229,242.32060915420575
1320000,660000.0,-67.654052734375,0.4124887385123443,-67.24156399586266,212.7437629214881
1321000,660500.0,-67.6990966796875,0.45309895682228346,-67.24599772286521,233.6887484439499
1322000,661000.0,-67.75825500488281,0.5144898865271164,-67.2437651183557,265.35152169142816
1323000,661500.0,-67.67581939697266,0.43573621212624486,-67.24008318484641,224.7337993837592
1324000,662000.0,-67.66944122314453,0.4237128771784269,-67.2457283459661,218.53268579969057
1325000,662500.0,-67.58153533935547,0.3337600185465753,-67.2477753208089,172.1389110268259
1326000,663000.0,-67.67948913574219,0.4321106133559213,-67.24737852238627,222.86387312098665
1327000,663500.0,-67.71259307861328,0.46330745961190684,-67.24928561900137,238.9538504806543
1328000,664000.0,-67.63922119140625,0.389552625513063,-67.24966856589319,200.91431273126543
1329000,664500.0,-67.62488555908203,0.3847143022841494,-67.24017125679788,198.41891590258638
1330000,665000.0,-67.60745239257812,0.365471617968602,-67.24198077460952,188.49437569631516
1331000,665500.0,-67.75949096679688,0.5175273354037306,-67.24196363139315,266.91810580236194
1332000,666000.0,-67.65303802490234,0.41177612595409857,-67.24126189894824,212.3762283369245
1333000,666500.0,-67.69503021240234,0.45306290668612753,-67.24196730571622,233.67015535060312
1334000,667000.0,-67.54608154296875,0.30829216651832353,-67.23778937645042,159.00369988492028
1335000,667500.0,-67.57464599609375,0.33463793684554427,-67.24000805924821,172.59170312760878
1336000,668000.0,-67.66016387939453,0.4263438884779499,-67.23381999091659,219.8896470737563
1337000,668500.0,-67.51052856445312,0.27542831530326145,-67.23510024914987,142.05395382203477
1338000,669000.0,-67.67533111572266,0.4369038609510891,-67.23842725477157,225.3360218969461
1339000,669500.0,-67.4458236694336,0.21315581950442464,-67.23266784992917,109.93650709964227
1340000,670000.0,-67.71284484863281,0.4764667567074419,-67.23637809192537,245.74084396707684
1341000,670500.0,-67.56464385986328,0.33597366684643654,-67.22867019301684,173.28061460592406
1342000,671000.0,-67.52436828613281,0.2854503803331934,-67.23891790579962,147.22289936561782
1343000,671500.0,-67.66548919677734,0.42408735562450234,-67.24140184115284,218.72582550585176
1344000,672000.0,-67.54383850097656,0.2997537734620008,-67.24408472751456,154.59996785903266
1345000,672500.0,-67.75968170166016,0.5203161626792148,-67.23936553898095,268.35646169751766
1346000,673000.0,-67.62020874023438,0.3808525514023912,-67.23935618883199,196.427192644847
1347000,673500.0,-67.73202514648438,0.4846889794321586,-67.24733616705221,249.98150907794377
1348000,674000.0,-67.63365173339844,0.38655231125515155,-67.24709942214328,199.36688104264013
1349000,674500.0,-67.61624145507812,0.37359774834267556,-67.24264370673545,192.68548054927658
1350000,675000.0,-67.68439483642578,0.4454256856593912,-67.2389691507664,229.73120868905113
1351000,675500.0,-67.69792938232422,0.4513080743592487,-67.24662130796497,232.7650891084
1352000,676000.0,-67.65853881835938,0.4106894876587521,-67.24784933070062,211.81578753381226
1353000,676500.0,-67.56298828125,0.3168364977536425,-67.24615178349636,163.41049456543726
1354000,677000.0,-67.62054443359375,0.37896491311264974,-67.2415795204811,195.45363085927534
1355000,677500.0,-67.62770080566406,0.38608562185975664,-67.2416151838043,199.126182936675
1356000,678000.0,-67.75395965576172,0.5089390397687672,-67.24502061599296,262.4886361953762
1357000,678500.0,-67.58857727050781,0.3483608904895906,-67.24021638001823,179.6694061629953
1358000,679000.0,-67.62371826171875,0.3861102502644731,-67.23760801145427,199.1388851973792
1359000,679500.0,-67.66666412353516,0.42606777031465665,-67.2405963532205,219.74723732632458
1360000,680000.0,-67.72352600097656,0.48671777657675414,-67.23680822439981,251.0278744655232
1361000,680500.0,-67.581787109375,0.34494480884756357,-67.23684230052744,177.90753972854935
1362000,681000.0,-67.6576919555664,0.41769595230832857,-67.23999600325807,215.42941747120918
1363000,681500.0,-67.70123291015625,0.46383572433310993,-67.23739718582314,239.22630646336245
1364000,682000.0,-67.65508270263672,0.41679040119128763,-67.23829230144543,214.96237356389707
1365000,682500.0,-67.71052551269531,0.46520475005387935,-67.24532076264143,239.93239042682578
1366000,683000.0,-67.66487121582031,0.42763250787650847,-67.2372387079438,220.55426095100225
1367000,683500.0,-67.60921478271484,0.370242706361894,-67.23897207635295,190.95509571907428
1368000,684000.0,-67.6446304321289,0.4047286774415138,-67.2399017546874,208.74146070430982
1369000,684500.0,-67.58760070800781,0.3486553223831761,-67.23894538562463,179.8212613365241
1370000,685000.0,-67.63896179199219,0.4006493317477604,-67.23831246024443,206.63751150008034
1371000,685500.0,-67.62702178955078,0.3937719040011278,-67.23324988554965,203.09043318876425
1372000,686000.0,-67.69110107421875,0.4538905805150016,-67.23721049370374,234.09703353753582
1373000,686500.0,-67.51165771484375,0.27050951758697794,-67.24114819725678,139.517051750512
1374000,687000.0,-67.683837890625,0.44564308563910343,-67.2381948049859,229.84333414951783
1375000,687500.0,-67.731689453125,0.486479572038345,-67.24520988108665,250.9050189179296
1376000,688000.0,-67.59495544433594,0.3540996751920629,-67.24085576914388,182.62922188209447
1377000,688500.0,-67.63302612304688,0.39622922966895946,-67.23679689337791,204.3578149630728
1378000,689000.0,-67.60999298095703,0.3725065720028097,-67.23748640895423,192.12269922004273
1379000,689500.0,-67.63777923583984,0.3991157708271499,-67.23866346501269,205.84656743189396
1380000,690000.0,-67.65624237060547,0.4134145320742585,-67.24282783853121,213.22124700204856
1381000,690500.0,-67.55213165283203,0.3155523865389504,-67.23657926629308,162.74820581348604
1382000,691000.0,-67.59429931640625,0.35153615450853043,-67.24276316189771,181.30706933434573
1383000,691500.0,-67.68080139160156,0.4459384701500401,-67.23486292145152,229.99568064167187
1384000,692000.0,-67.7123031616211,0.47472630828243867,-67.23757685333865,244.84319631627952
1385000,692500.0,-67.65153503417969,0.4152850239322241,-67.23625001024746,214.18596540336245
1386000,693000.0,-67.59562683105469,0.3631297463684537,-67.23249708468623,187.28654011202417
1387000,693500.0,-67.54680633544922,0.3087679726394201,-67.2380383628098,159.2491000017531
1388000,694000.0,-67.5710678100586,0.33569681337923996,-67.23537099667935,173.13782562069824
1389000,694500.0,-67.66683959960938,0.4335097312040898,-67.23332986840529,223.58547729583873
1390000,695000.0,-67.6375732421875,0.3962980883231333,-67.24127515386436,204.39332926402432
1391000,695500.0,-67.65286254882812,0.4146774048673341,-67.23818514396079,213.8725818992364
1392000,696000.0,-67.59834289550781,0.35516690789979366,-67.24317598760801,183.1796541265586
1393000,696500.0,-67.73402404785156,0.4918929520007386,-67.24213109585082,253.69700501548203
1394000,697000.0,-67.6883773803711,0.4553448130194788,-67.23303256735161,234.8470634566095
1395000,697500.0,-67.70813751220703,0.4688563450217195,-67.23928116718531,241.81572439837913
1396000,698000.0,-67.70498657226562,0.47305796859598376,-67.23192860366964,243.98273921869247
1397000,698500.0,-67.59934997558594,0.3641367914599253,-67.23521318412601,187.8059302000153
1398000,699000.0,-67.62041473388672,0.38437545843441506,-67.2360392754523,198.24415497239644
1399000,699500.0,-67.5439682006836,0.3023058289970882,-67.2416623716865,155.91620718153442
1400000,700000.0,-67.58496856689453,0.35033338167308276,-67.23463518522145,180.68673138311888
1401000,700500.0,-67.57467651367188,0.33466302225872085,-67.24001349141315,172.60464109341333
1402000,701000.0,-67.49588775634766,0.2617038177598942,-67.23418393858776,134.97545451048256
1403000,701500.0,-67.57061767578125,0.33279640722550613,-67.23782126855575,171.6419221898037
1404000,702000.0,-67.70097351074219,0.46656312111764875,-67.23441038962454,240.63297918130232
1405000,702500.0,-67.65457916259766,0.4152125437414887,-67.23936661885617,214.14858327125884
1406000,703000.0,-67.6539077758789,0.4163490886699824,-67.23755868720892,214.73476374660737
1407000,703500.0,-67.62187194824219,0.38486568486994666,-67.23700626337224,198.4969924606506
1408000,704000.0,-67.6415786743164,0.40800971507206957,-67.23356895924434,210.43367730718938
1409000,704500.0,-67.67655181884766,0.4360870595770683,-67.2404647592706,224.91475124966655
1410000,705000.0,-67.6207504272461,0.383658762224166,-67.23709166502192,197.8745142176213
1411000,705500.0,-67.58528900146484,0.3462321886331113,-67.23905681283173,178.5715142672828
1412000,706000.0,-67.58909606933594,0.35517163609655195,-67.23392443323938,183.18209272494028
1413000,706500.0,-67.653076171875,0.4109813746007157,-67.24209479727429,211.96633013190828
1414000,707000.0,-67.7529525756836,0.5076490658604955,-67.2453035098231,261.82332372089263
1415000,707500.0,-67.74799346923828,0.508387695827933,-67.23960577341035,262.20427695429714
1416000,708000.0,-67.5648422241211,0.3234390277412209,-67.24140319637988,166.81579256078453
1417000,708500.0,-67.64222717285156,0.4003372382001102,-67.24188993465145,206.47654721303076
1418000,709000.0,-67.55452728271484,0.3196134089471682,-67.23491387376768,164.84270466343924
1419000,709500.0,-67.5495834350586,0.311014945338402,-67.2385684897202,160.40799085750666
1420000,710000.0,-67.72120666503906,0.4791339095606876,-67.24207275547838,247.1164454836969
1421000,710500.0,-67.6477279663086,0.4100160514724707,-67.23771191483613,211.46845841914674
1422000,711000.0,-67.71739196777344,0.4789686820273286,-67.23842328574611,247.03122830343693
1423000,711500.0,-67.72280883789062,0.4834426870319234,-67.2393661508587,249.33872562673312
1424000,712000.0,-67.58545684814453,0.342683283221832,-67.2427735649227,176.7411431057065
1425000,712500.0,-67.6708755493164,0.4286085823876518,-67.24226696692875,221.05767775976483
1426000,713000.0,-67.65682983398438,0.4135673728449793,-67.2432624611394,213.30007562851782
1427000,713500.0,-67.65425109863281,0.41760315597467834,-67.23664794265814,215.38155715561058
1428000,714000.0,-67.65074157714844,0.41532082067074144,-67.2354207564777,214.2044278052209
1429000,714500.0,-67.58728790283203,0.3485898800043036,-67.23869802282773,179.78750900188805
1430000,715000.0,-67.59564971923828,0.3558194965510582,-67.23983022268722,183.51623098877934
1431000,715500.0,-67.5877914428711,0.34394134815454047,-67.24385009471655,177.38999831748572
1432000,716000.0,-67.64990997314453,0.41314503151045023,-67.23676494163408,213.08225032480397
1433000,716500.0,-67.6808090209961,0.44763145518242425,-67.23317756581368,230.86884873750432
1434000,717000.0,-67.6462173461914,0.408639019095056,-67.23757832709634,210.75824497018695
1435000,717500.0,-67.66060638427734,0.4223962087512522,-67.23821017552609,217.85360545260693
1436000,718000.0,-67.595458984375,0.3582952916829352,-67.23716369269206,184.79313850988603
1437000,718500.0,-67.71798706054688,0.4888804237008395,-67.22910663684604,252.1432738548704
1438000,719000.0,-67.669189453125,0.4383914808571562,-67.23079797226784,226.10327158661045
1439000,719500.0,-67.5914077758789,0.3558104667792435,-67.23559730909966,183.51157382494716
1440000,720000.0,-67.72879028320312,0.4909951540536558,-67.23779512914948,253.23395985625066
1441000,720500.0,-67.57200622558594,0.3329041681291744,-67.23910205745676,171.69750058019778
1442000,721000.0,-67.7773208618164,0.541964979653514,-67.23535588216289,279.5219805490661
1443000,721500.0,-67.63121795654297,0.3939329869621082,-67.23728496958086,203.173512778731
1444000,722000.0,-67.59355163574219,0.3630189370677967,-67.2305326986744,187.22938949095877
1445000,722500.0,-67.68286895751953,0.4410942544900767,-67.24177470302945,227.49724475316586
1446000,723000.0,-67.6585922241211,0.4250918052285602,-67.23350041889253,219.24387695424514
1447000,723500.0,-67.63772583007812,0.4003770133745911,-67.23734881670353,206.49706151924053
1448000,724000.0,-67.69401550292969,0.46231067486837096,-67.23170482806131,238.43975223417283
1449000,724500.0,-67.58057403564453,0.34601470703037107,-67.23455932861415,178.4593467092059
1450000,725000.0,-67.615234375,0.37485587232963286,-67.24037850267037,193.3343662186706
1451000,725500.0,-67.72605895996094,0.4798784608376754,-67.24618049912326,247.5004526712038
1452000,726000.0,-67.69386291503906,0.453372699686892,-67.24049021535217,233.82993311555995
1453000,726500.0,-67.6681900024414,0.42646686751570084,-67.2417231349257,219.95307431626952
1454000,727000.0,-67.71983337402344,0.479887108945126,-67.23994626507832,247.50491298914562
1455000,727500.0,-67.6567153930664,0.41859613343436797,-67.23811925963204,215.89369177056386
1456000,728000.0,-67.57247924804688,0.3326226105864452,-67.23985663746043,171.55228543727011
1457000,728500.0,-67.65264892578125,0.41588440953864647,-67.2367645162426,214.4951024474698
1458000,729000.0,-67.65359497070312,0.4110235410662822,-67.24257142963684,211.98807776212496
1459000,729500.0,-67.65126037597656,0.4160866194387218,-67.23517375653785,214.59939352508118
1460000,730000.0,-67.61580657958984,0.37393553115714984,-67.2418710484327,192.85969424359618
1461000,730500.0,-67.60438537597656,0.36250191461924763,-67.24188346135732,186.96273178385164
1462000,731000.0,-67.62248992919922,0.3878731400216645,-67.23461678917755,200.04810711192954
1463000,731500.0,-67.73204803466797,0.49319395932310994,-67.23885407534486,254.36800804540206
1464000,732000.0,-67.69426727294922,0.45295381158045467,-67.24131346136876,233.6138888368048
1465000,732500.0,-67.66567993164062,0.43261476026210033,-67.23306517137853,223.12389018296162
1466000,733000.0,-67.79473876953125,0.553023672637721,-67.24171509689353,285.2255737354853
1467000,733500.0,-67.73471069335938,0.4911974537717912,-67.24351323958759,253.33829725811356
1468000,734000.0,-67.68224334716797,0.44491502585360615,-67.23732832131437,229.46783255653588
1469000,734500.0,-67.65830993652344,0.41033309658284883,-67.24797683994059,211.63197650703674
1470000,735000.0,-67.6197738647461,0.37305139563287576,-67.24672246911322,192.40369556822625
1471000,735500.0,-67.74732971191406,0.5090944698056503,-67.23823524210842,262.5688002527922
1472000,736000.0,-67.62728881835938,0.38776185966428034,-67.2395269586951,199.99071354027828
1473000,736500.0,-67.63763427734375,0.3983325261898835,-67.23930175115386,205.44260389092292
1474000,737000.0,-67.58562469482422,0.35029700924965523,-67.23532768557456,180.66797206800533
1475000,737500.0,-67.72283935546875,0.489123721636961,-67.23371563383179,252.2687563556247
1476000,738000.0,-67.6389389038086,0.4019222448072692,-67.23701665900133,207.29402473030444
1477000,738500.0,-67.62138366699219,0.38328832148490743,-67.23809534550728,197.68345698514142
1478000,739000.0,-67.60735321044922,0.36995019186447603,-67.23740301858474,190.80422945515102
1479000,739500.0,-67.60441589355469,0.3695509353132444,-67.23486495824145,190.59831027930537
1480000,740000.0,-67.61087799072266,0.3737770047901358,-67.23710098593251,192.77793323367752
1481000,740500.0,-67.6983642578125,0.465050017658174,-67.23331424015433,239.85258618240704
1482000,741000.0,-67.53019714355469,0.29097804983170783,-67.23921909372298,150.07383103842298
1483000,741500.0,-67.64920043945312,0.40740289167657984,-67.24179754777654,210.120704174757
1484000,742000.0,-67.60453033447266,0.36569487076458274,-67.23883546370807,188.6095197850265
1485000,742500.0,-67.61566162109375,0.375842751876583,-67.23981886921716,193.84335579527243
1486000,743000.0,-67.58377838134766,0.3501244549132186,-67.23365392643444,180.5789760411699
1487000,743500.0,-67.61775207519531,0.38573745782127317,-67.23201461737403,198.9466150582208
1488000,744000.0,-67.5530014038086,0.32057069246063297,-67.23243071134796,165.33642989233078
1489000,744500.0,-67.6211166381836,0.3857814951721753,-67.23533514301141,198.96932760977748
1490000,745000.0,-67.59041595458984,0.35491819792137835,-67.23549775666847,183.05138032961807
1491000,745500.0,-67.55227661132812,0.3259471241204243,-67.2263294872077,168.10935966132132
1492000,746000.0,-67.70045471191406,0.46642949103408815,-67.23402522087997,240.56405859229733
1493000,746500.0,-67.56834411621094,0.33693425931775395,-67.23140985689318,173.77604645145553
1494000,747000.0,-67.66563415527344,0.43218871282973625,-67.2334454424437,222.90415343506623
1495000,747500.0,-67.58895111083984,0.355822248992117,-67.23312886184773,183.51765057824542
1496000,748000.0,-67.61505126953125,0.3909436302445076,-67.22410763928674,201.6317325131397
1497000,748500.0,-67.630615234375,0.39894520054504473,-67.23167003382996,205.75859469404782
1498000,749000.0,-67.64198303222656,0.4112553593560959,-67.23072767287047,212.10763956026486
1499000,749500.0,-67.67005920410156,0.4371863330291844,-67.23287287107237,225.48170871746632
1500000,750000.0,-67.64892578125,0.41821476885204917,-67.23071101239795,215.69700049462725
1501000,750500.0,-67.59949493408203,0.3675000838714686,-67.23199485021057,189.5405702438079
1502000,751000.0,-67.66787719726562,0.4321020890482714,-67.23577510821735,222.85947665360118
1503000,751500.0,-67.55902099609375,0.33325486918981123,-67.22576612690393,171.87837694440964
1504000,752000.0,-67.66459655761719,0.42653483127397707,-67.2380617263432,219.98812706881282
1505000,752500.0,-67.68965911865234,0.46257731941672925,-67.22708179923562,238.57727590278213
1506000,753000.0,-67.68440246582031,0.4500928274433157,-67.234309638377,232.13831756863206
1507000,753500.0,-67.56979370117188,0.3376521129858881,-67.23214158818598,174.1462841727001
1508000,754000.0,-67.50513458251953,0.27249264802028034,-67.23264193449926,140.53986423326356
1509000,754500.0,-67.64808654785156,0.4115988006151229,-67.23648774723644,212.2847716343462
1510000,755000.0,-67.64347076416016,0.40921635813623397,-67.23425440602392,211.05601135417274
1511000,755500.0,-67.68936157226562,0.45912186181841436,-67.23023971044721,236.79510106151878
1512000,756000.0,-67.68598175048828,0.4555270992212738,-67.23045465126701,234.94107875661115
1513000,756500.0,-67.61353302001953,0.3821888123356967,-67.23134420768383,197.11637795502457
1514000,757000.0,-67.6638412475586,0.4286206040262346,-67.23522064353236,221.06387799843753
1515000,757500.0,-67.69063568115234,0.4608180479694761,-67.22981763318286,237.6699201552318
1516000,758000.0,-67.5525894165039,0.31529581052240857,-67.23729360598149,162.61587505596918
1517000,758500.0,-67.55738067626953,0.3326725804949603,-67.22470809577457,171.57805774419097
1518000,759000.0,-67.72480010986328,0.4922526277823269,-67.23254748208096,253.88251015068352
1519000,759500.0,-67.52781677246094,0.2951127770905938,-67.23270399537034,152.2063436468445
1520000,760000.0,-67.63003540039062,0.3999399674199834,-67.23009543297064,206.27165221161144
1521000,760500.0,-67.65850830078125,0.4230906395438943,-67.23541766123735,218.21176267272412
1522000,761000.0,-67.63336181640625,0.40799087713137666,-67.22537093927487,210.4239615161519
1523000,761500.0,-67.63813781738281,0.410446955179621,-67.22769086220319,211.6906998225038
1524000,762000.0,-67.72176361083984,0.49252264772074006,-67.22924096311911,254.0217746987752
1525000,762500.0,-67.6297378540039,0.39852728837512624,-67.23121056562879,205.54305376093097
1526000,763000.0,-67.65324401855469,0.42353919771992116,-67.22970482083477,218.4431094837942
1527000,763500.0,-67.55827331542969,0.3308450199171123,-67.22742829551258,170.63548143119735
1528000,764000.0,-67.72700500488281,0.49359195167974246,-67.23341305320307,254.57327520462044
1529000,764500.0,-67.53028106689453,0.2973046146977361,-67.2329764521968,153.3367982186178
1530000,765000.0,-67.64686584472656,0.4081352170645077,-67.23873062766205,210.4984057800726
1531000,765500.0,-67.67744445800781,0.4406472583396587,-67.23679719966816,227.26670356701294
1532000,766000.0,-67.720703125,0.47784549700731066,-67.24285762799269,246.45193828820535
1533000,766500.0,-67.55274963378906,0.3224495939715986,-67.23030003981746,166.30548562714506
1534000,767000.0,-67.64253234863281,0.40524010102558866,-67.23729224760723,209.00523076047008
1535000,767500.0,-67.64553833007812,0.410776230501691,-67.23476209957643,211.86052572201078
1536000,768000.0,-67.741455078125,0.5067400526666501,-67.23471502545836,261.35449422484044
1537000,768500.0,-67.64447784423828,0.4091349701263521,-67.23534287411194,211.01403495612269
1538000,769000.0,-67.71842193603516,0.47794980361823736,-67.24047213241693,246.50573510454066
1539000,769500.0,-67.58867645263672,0.3523156505496351,-67.23636080208708,181.70909951234546
1540000,770000.0,-67.6837158203125,0.437852096926772,-67.24586372338572,225.82508079909184
1541000,770500.0,-67.63697052001953,0.39044466603087036,-67.24652585398866,201.3743884587173
1542000,771000.0,-67.6387710571289,0.40105097854738075,-67.23772007858153,206.84466346215518
1543000,771500.0,-67.70680236816406,0.468075424563681,-67.23872694360038,241.41295956803575
1544000,772000.0,-67.50941467285156,0.2710354127802696,-67.2383792600713,139.78828563371252
1545000,772500.0,-67.53205871582031,0.2953968049754313,-67.23666191084489,152.35283288486076
1546000,773000.0,-67.7177734375,0.4825522528703112,-67.2352211846297,248.87947838798812
1547000,773500.0,-67.59063720703125,0.35186894654864054,-67.23876826048262,181.4787090041672
1548000,774000.0,-67.64175415039062,0.40852102490232417,-67.2332331254883,210.69738869407334
1549000,774500.0,-67.53556060791016,0.3016166524309144,-67.23394395547925,155.56075986305999
1550000,775000.0,-67.57543182373047,0.3458172660244757,-67.22961455770599,178.35751521993743
1551000,775500.0,-67.5765609741211,0.3433496575311256,-67.23321131658997,177.08483001115903
1552000,776000.0,-67.64781951904297,0.4132042486941114,-67.23461527034885,213.11279197432177
1553000,776500.0,-67.58998107910156,0.35946618348376747,-67.2305148956178,185.39703360913492
1554000,777000.0,-67.61370086669922,0.37864771658461815,-67.2350531501146,195.2900346767409
1555000,777500.0,-67.66034698486328,0.42522294389900817,-67.23512404096428,219.31151258065336
1556000,778000.0,-67.7176284790039,0.48115145844442764,-67.23647702055948,248.15700950722132
1557000,778500.0,-67.60985565185547,0.3765482953627291,-67.23330735649274,194.20724445969708
1558000,779000.0,-67.5873794555664,0.35883033564212385,-67.22854911992428,185.0690909288944
1559000,779500.0,-67.6903076171875,0.4589837344885289,-67.23132388269897,236.7238609883277
1560000,780000.0,-67.60765075683594,0.37532549985603814,-67.2323252569799,193.57657968490798
1561000,780500.0,-67.66670989990234,0.43290436285296896,-67.23380553704938,223.2732546120498
1562000,781000.0,-67.60406494140625,0.3662669583808369,-67.23779798302542,188.90457771228444
1563000,781500.0,-67.64385986328125,0.4032998011482468,-67.240560062133,208.00450841689644
1564000,782000.0,-67.70574188232422,0.47199414952036334,-67.23374773280385,243.43406757730082
1565000,782500.0,-67.58033752441406,0.3437431123909675,-67.2365944120231,177.28775692675046
1566000,783000.0,-67.6074447631836,0.3666938150250495,-67.24075094815855,189.1247318164797
1567000,783500.0,-67.57025146484375,0.3366720588935263,-67.23357940595022,173.64081486891348
1568000,784000.0,-67.66046905517578,0.42690980088322134,-67.23355925429256,220.1815200955886
1569000,784500.0,-67.72589874267578,0.4839811819739766,-67.24191756070181,249.61645791270962
1570000,785000.0,-67.6054916381836,0.36462746308331684,-67.24086417510027,188.05899729681798
1571000,785500.0,-67.57225036621094,0.33473617787607224,-67.23751418833487,172.64237158120872
1572000,786000.0,-67.61203002929688,0.37388656463149783,-67.23814346466537,192.83443943794506
1573000,786500.0,-67.51805877685547,0.2827014634631413,-67.23535731339233,145.80512752291878
1574000,787000.0,-67.60427856445312,0.3685335767300115,-67.23574498772311,190.07360094052916
1575000,787500.0,-67.75677490234375,0.5229095648439064,-67.23386533749985,269.69402581448014
1576000,788000.0,-67.677734375,0.4364745977374742,-67.24125977726253,225.11462658885225
1577000,788500.0,-67.56953430175781,0.33381396593145535,-67.23572033582636,172.16673474317884
1578000,789000.0,-67.6248779296875,0.3789579705597099,-67.24591995912779,195.45005019221998
1579000,789500.0,-67.61692810058594,0.37746580603029917,-67.23946229455564,194.68045658336243
1580000,790000.0,-67.62411499023438,0.39154972352164885,-67.23256526671273,201.94432908226176
1581000,790500.0,-67.56413269042969,0.3258288516223638,-67.23830383880733,168.04835984741544
1582000,791000.0,-67.71650695800781,0.47588868881971064,-67.2406182691881,245.44270167571744
1583000,791500.0,-67.63970184326172,0.4005885558754395,-67.23911328738627,206.60616594669864
1584000,792000.0,-67.79672241210938,0.560798079934768,-67.2359243321746,289.2352751126019
1585000,792500.0,-67.61688995361328,0.3757963384423367,-67.24109361517094,193.81941776320085
1586000,793000.0,-67.50935363769531,0.2668226378633442,-67.24253099983197,137.61551943553633
1587000,793500.0,-67.55388641357422,0.3197506012868685,-67.23413581228735,164.91346250933123
1588000,794000.0,-67.62252044677734,0.3831386746862773,-67.23938177209106,197.6062756706538
1589000,794500.0,-67.72858428955078,0.4910003462576979,-67.23758394329309,253.23663776942172
1590000,795000.0,-67.76688385009766,0.5347658332309673,-67.23211801686669,275.80897372788826
1591000,795500.0,-67.66493225097656,0.42507477584676856,-67.2398574751298,219.23509393928174
1592000,796000.0,-67.67418670654297,0.44057120649020476,-67.23361550005276,227.22747932858084
1593000,796500.0,-67.67279052734375,0.44024987777698094,-67.23254064956677,227.06175194452547
1594000,797000.0,-67.7385025024414,0.5015557690577112,-67.23694673338369,258.6806660689601
1595000,797500.0,-67.65534973144531,0.4202906714782369,-67.23505905996707,216.76766084222012
1596000,798000.0,-67.69197082519531,0.4602291734038143,-67.2317416517915,237.36620424909708
1597000,798500.0,-67.62294006347656,0.39587892352411264,-67.22706113995245,204.17714227926083
1598000,799000.0,-67.54359436035156,0.31764527529643627,-67.22594908505512,163.8276268693176
1599000,799500.0,-67.6470947265625,0.4151362240528105,-67.23195850250968,214.1092208929962
1600000,800000.0,-67.66070556640625,0.42072482982849646,-67.23998073657775,216.9915808490332
1601000,800500.0,-67.66079711914062,0.4328163226542304,-67.22798079648639,223.22784730411811
1602000,801000.0,-67.75109100341797,0.5241768193070602,-67.22691418411091,270.34762058664944
1603000,801500.0,-67.45934295654297,0.23298059558093437,-67.22636236096203,120.16126493619193
1604000,802000.0,-67.679443359375,0.4500992607816707,-67.22934409859333,232.14163560493705
1605000,802500.0,-67.67591094970703,0.45232464307288417,-67.22358630663415,233.28939106676873
1606000,803000.0,-67.60285186767578,0.3702534059721874,-67.23259846170359,190.96061411301596
1607000,803500.0,-67.68162536621094,0.44512289986091874,-67.23650246635002,229.57504493447556
1608000,804000.0,-67.54173278808594,0.3176671505356005,-67.22406563755034,163.83890916689353
1609000,804500.0,-67.65664672851562,0.4360569035375413,-67.22058982497808,224.8991980751801
1610000,805000.0,-67.6583251953125,0.42631279813941325,-67.2320123971731,219.873612028449
1611000,805500.0,-67.62028503417969,0.3939988687205567,-67.22628616545913,203.20749172625517
1612000,806000.0,-67.61163330078125,0.39163180539914166,-67.2200014953821,201.9866633470673
1613000,806500.0,-67.58576202392578,0.3615657316610298,-67.22419629226475,186.47988930424228
1614000,807000.0,-67.59125518798828,0.3643226129318795,-67.2269325750564,187.90176883870814
1615000,807500.0,-67.63137817382812,0.4097287528625965,-67.22164942096553,211.3202822833153
1616000,808000.0,-67.5915298461914,0.3752188370739436,-67.21631100911746,193.5215676578929
1617000,808500.0,-67.64966583251953,0.4268897765410961,-67.22277605597843,220.17119241025807
1618000,809000.0,-67.70970153808594,0.48074523576098,-67.22895630232496,247.9474975031545
1619000,809500.0,-67.5678482055664,0.34285923945403873,-67.22498896611236,176.8318936825202
1620000,810000.0,-67.6675796508789,0.44613840058524373,-67.22144125029367,230.098796070377
1621000,810500.0,-67.53446197509766,0.31267163206366394,-67.22179034303399,161.26243786419445
1622000,811000.0,-67.83309173583984,0.6048508310578974,-67.22824090478194,311.9557694339224
1623000,811500.0,-67.58492279052734,0.36040044114172415,-67.22452234938562,185.8788831025508
1624000,812000.0,-67.55467987060547,0.327334757369195,-67.22734511323627,168.82504057897043
1625000,812500.0,-67.68094635009766,0.4584806134534817,-67.22246573664417,236.46437302609402
1626000,813000.0,-67.70228576660156,0.47360946966468237,-67.22867629693688,244.2671794994946
1627000,813500.0,-67.7533950805664,0.5298140816348048,-67.2235809989316,273.2550754774308
1628000,814000.0,-67.60154724121094,0.3780762374067751,-67.22347100380416,194.99529055557025
1629000,814500.0,-67.58268737792969,0.35849011138843734,-67.22419726654125,184.89361804634382
1630000,815000.0,-67.67993927001953,0.45464536974282516,-67.22529390027671,234.48632101510168
1631000,815500.0,-67.72579193115234,0.5026925845091809,-67.22309934664317,259.26698606830166
1632000,816000.0,-67.58287811279297,0.35161502157044383,-67.23126309122253,181.34774553700407
1633000,816500.0,-67.58843994140625,0.36194712110563937,-67.2264928203006,186.67659340306787
1634000,817000.0,-67.72683715820312,0.4986332505766631,-67.22820390762647,257.1733580607267
1635000,817500.0,-67.67115783691406,0.4481278953621612,-67.2230299415519,231.1248910049455
1636000,818000.0,-67.66254425048828,0.43854487616304494,-67.22399937432523,226.18238621821703
1637000,818500.0,-67.658447265625,0.43423268738869086,-67.22421457823631,223.95834667330124
1638000,819000.0,-67.68486022949219,0.4576468464719044,-67.22721338302028,236.03435225582967
1639000,819500.0,-67.6854476928711,0.46281969662500927,-67.22262799624609,238.70228353213432
1640000,820000.0,-67.62770080566406,0.40513843480668443,-67.22256237085737,208.952795743578
1641000,820500.0,-67.71743774414062,0.4917976042886554,-67.22564013985198,253.64782880978075
1642000,821000.0,-67.66056823730469,0.43743868704416655,-67.22312955026052,225.6118619500837
1643000,821500.0,-67.7873764038086,0.5583593580272591,-67.22901704578133,287.9774883492744
1644000,822000.0,-67.61776733398438,0.3984457587834326,-67.21932157520094,205.50100434113608
1645000,822500.0,-67.5341796875,0.3171664449031085,-67.21701324259689,163.58066696431484
1646000,823000.0,-67.72203063964844,0.5090483677415588,-67.21298227190688,262.5450228119131
1647000,823500.0,-67.52497863769531,0.3089333257119793,-67.21604531198334,159.33438192967617
1648000,824000.0,-67.64009094238281,0.4217824439669631,-67.21830849841585,217.53705225353224
1649000,824500.0,-67.55703735351562,0.34456997980047627,-67.21246737371514,177.71421919762474
1650000,825000.0,-67.61387634277344,0.395445273316457,-67.21843106945698,203.95348435031696
1651000,825500.0,-67.64106750488281,0.42426932214273827,-67.21679818274008,218.81967592696836
1652000,826000.0,-67.67278289794922,0.4577216242546241,-67.2150612736946,236.07291938601628
1653000,826500.0,-67.72469329833984,0.5080261647713895,-67.21666713356845,262.0178149489114
1654000,827000.0,-67.65463256835938,0.43913642818403853,-67.21549614017533,226.487483039439
1655000,827500.0,-67.6937026977539,0.47436597457514934,-67.21933672317876,244.65735185159753
1656000,828000.0,-67.6434097290039,0.4194983771622745,-67.22391135184164,216.35902987031275
1657000,828500.0,-67.61593627929688,0.4013181139008631,-67.21461816539602,206.98244026671512
1658000,829000.0,-67.64495849609375,0.4202074340285352,-67.22475106206521,216.72473058349502
1659000,829500.0,-67.64376068115234,0.43321662422601703,-67.21054405692632,223.43430545614527
1660000,830000.0,-67.56336212158203,0.3522126858314364,-67.2111494357506,181.65599478595524
1661000,830500.0,-67.52345275878906,0.30196728583649035,-67.22148547295257,155.74160133373195
1662000,831000.0,-67.54273223876953,0.3333030772957578,-67.20942916147378,171.90324059014063
1663000,831500.0,-67.67823791503906,0.456869194353271,-67.22136872068579,235.6332730928964
1664000,832000.0,-67.64595031738281,0.43409697623758936,-67.21185334114523,223.88835276011014
1665000,832500.0,-67.64000701904297,0.43462770024810626,-67.20537931879487,224.16207713735582
1666000,833000.0,-67.57610321044922,0.3599141790151645,-67.21618903143406,185.6280902325597
1667000,833500.0,-67.50992584228516,0.29755262205927646,-67.21237322022589,153.46470963631276
1668000,834000.0,-67.70293426513672,0.48527301002897594,-67.21766125510774,250.2827266754867
1669000,834500.0,-67.55685424804688,0.3448997499008559,-67.21195449814601,177.8843002822788
1670000,835000.0,-67.58199310302734,0.36486286062739187,-67.21713024239995,188.1804051187372
1671000,835500.0,-67.60101318359375,0.38640438981809455,-67.21460879377565,199.29058959466084
1672000,836000.0,-67.57176208496094,0.36579749043119963,-67.20596459452973,188.66244654880813
1673000,836500.0,-67.6961669921875,0.4786159223826672,-67.21755106980483,246.84929021105947
1674000,837000.0,-67.5398178100586,0.3293550050751572,-67.21046280498344,169.86699653769546
1675000,837500.0,-67.69624328613281,0.4857091503389098,-67.2105341357939,250.50766889095596
1676000,838000.0,-67.60511779785156,0.38777953295278483,-67.21733826489877,199.9998286543374
1677000,838500.0,-67.57706451416016,0.365863882749649,-67.2112006314105,188.69668882098975
1678000,839000.0,-67.5838394165039,0.36925967031074414,-67.21457974619317,190.4480884505526
1679000,839500.0,-67.63504791259766,0.42239420144060225,-67.21265371115706,217.85257016901937
1680000,840000.0,-67.72755432128906,0.5164076493883064,-67.21114667190075,266.3406204216191
1681000,840500.0,-67.63761901855469,0.4222002617051727,-67.21541875684952,217.75254448287802
1682000,841000.0,-67.55355834960938,0.3415805335021374,-67.21197781610724,176.1723927301822
1683000,841500.0,-67.67044067382812,0.45926281211725145,-67.21117786171088,236.86779709939768
1684000,842000.0,-67.69889068603516,0.4829465741156144,-67.21594411191954,249.08285214754392
1685000,842500.0,-67.60249328613281,0.39488996846845814,-67.20760331766435,203.66708224547915
1686000,843000.0,-67.53555297851562,0.3318301049055072,-67.20372287361012,171.14354545249506
1687000,843500.0,-67.58248901367188,0.37614161056741074,-67.20634740310446,193.99749411841256
1688000,844000.0,-67.61393737792969,0.40904523191261993,-67.20489214601707,210.96775188585974
1689000,844500.0,-67.73515319824219,0.5267292567522276,-67.20842394148995,271.66405688177116
1690000,845000.0,-67.65896606445312,0.45144576308261875,-67.20752030137051,232.83610296741406
1691000,845500.0,-67.76400756835938,0.5595690188932559,-67.20443854946612,288.6013788472772
1692000,846000.0,-67.69574737548828,0.4824803548562415,-67.21326702063205,248.84239651730496
1693000,846500.0,-67.58916473388672,0.3799151994186013,-67.20924953446811,195.9437472326581
1694000,847000.0,-67.71234130859375,0.5057305180900535,-67.2066107905037,260.83382016862475
1695000,847500.0,-67.52458190917969,0.31361346158264664,-67.21096844759704,161.7481925944243
1696000,848000.0,-67.67371368408203,0.46249563179319003,-67.21121805228884,238.53514497703003
1697000,848500.0,-67.59163665771484,0.3837788208645169,-67.20785783685032,197.9364352460877
1698000,849000.0,-67.77436828613281,0.5680543799918049,-67.206313906141,292.97775929432515
1699000,849500.0,-67.61817169189453,0.40850701831254177,-67.20966467358198,210.69016470384577
1700000,850000.0,-67.5751724243164,0.37195543148760507,-67.2032169928288,191.83844489706172
1701000,850500.0,-67.66944885253906,0.46619891799939633,-67.20324993453967,240.44513904262558
1702000,851000.0,-67.59165954589844,0.38463458539356643,-67.20702496050487,198.37780139523719
1703000,851500.0,-67.73802947998047,0.5259794011062637,-67.2120500788742,271.27731393129545
1704000,852000.0,-67.60655975341797,0.38664194498943916,-67.21991780842853,199.41311022694666
1705000,852500.0,-67.60030364990234,0.3873191567850234,-67.21298449311732,199.76238663678757
1706000,853000.0,-67.59207153320312,0.37597021299503375,-67.2161013202081,193.90909470020154
1707000,853500.0,-67.71723175048828,0.5062417925631424,-67.21098995792514,261.0975133198194
1708000,854000.0,-67.55596923828125,0.34248174180373075,-67.21348749647751,176.63719680204247
1709000,854500.0,-67.57046508789062,0.3573367610722609,-67.21312832681836,184.2987700824576
1710000,855000.0,-67.58831787109375,0.3652342700018218,-67.22308360109193,188.37196193113775
1711000,855500.0,-67.7367935180664,0.5154470835432884,-67.22134643452311,265.84520230877564
1712000,856000.0,-67.72016906738281,0.5118610237516716,-67.20830804363113,263.9956685326986
1713000,856500.0,-67.59784698486328,0.38974052996076286,-67.20810645490252,201.01122567831345
1714000,857000.0,-67.61064910888672,0.39667608921938274,-67.21397301966734,204.58828569688558
1715000,857500.0,-67.61922454833984,0.4071235878256591,-67.21210096051418,209.9766513881097
1716000,858000.0,-67.56604766845703,0.35731165828972405,-67.20873601016731,184.28582315829198
1717000,858500.0,-67.662353515625,0.4630102539337291,-67.19934326169127,238.80056470959252
1718000,859000.0,-67.52728271484375,0.3157053966641312,-67.21157731817962,162.82712178562497
1719000,859500.0,-67.68392181396484,0.479646232900986,-67.20427558106385,247.38067959501032
1720000,860000.0,-67.6292953491211,0.4156792490527726,-67.21361610006832,214.38928958594775
1721000,860500.0,-67.65228271484375,0.44051318908994674,-67.21176952575381,227.197556475195
1722000,861000.0,-67.61275482177734,0.4101485374819306,-67.20260628429541,211.5367889444566
1723000,861500.0,-67.50492095947266,0.2951697844847893,-67.20975117498787,152.23574558300217
1724000,862000.0,-67.60309600830078,0.39366495660629897,-67.20943105169448,203.0352743708712
1725000,862500.0,-67.59138488769531,0.3822602717981236,-67.2091246158972,197.1532336398316
1726000,863000.0,-67.58240509033203,0.3773588190032289,-67.2050462713288,194.6252773248818
1727000,863500.0,-67.54781341552734,0.34545506406067233,-67.20235835146667,178.17070718974736
1728000,864000.0,-67.60238647460938,0.39582242965859393,-67.20656404495078,204.14800519887464
1729000,864500.0,-67.7041015625,0.49372700329766306,-67.21037455920234,254.64292895926278
1730000,865000.0,-67.58159637451172,0.38033531513448715,-67.20126105937723,196.16042465901003
1731000,865500.0,-67.63191223144531,0.427417545195722,-67.20449468624959,220.4433925433867
1732000,866000.0,-67.7182846069336,0.5087251997238017,-67.2095594072098,262.37834679452294
1733000,866500.0,-67.63697052001953,0.4265331052968779,-67.21043741472265,219.9872368848429
1734000,867000.0,-67.72481536865234,0.5194517619692895,-67.20536360668305,267.9106413816353
1735000,867500.0,-67.61957550048828,0.41051522745239943,-67.20906027303589,211.72591169341808
1736000,868000.0,-67.64282989501953,0.43020995168395315,-67.21261994333558,221.88359444091049
1737000,868500.0,-67.5605239868164,0.3498320342805813,-67.21069195253583,180.42815818862076
1738000,869000.0,-67.68675231933594,0.4796153763250899,-67.20713694301085,247.36476511431275
1739000,869500.0,-67.61166381835938,0.406243427536971,-67.20542039082241,209.5227029664755
1740000,870000.0,-67.6224365234375,0.41277004455994726,-67.20966647887755,212.88884835416067
1741000,870500.0,-67.6191177368164,0.4126649467724526,-67.20645279004395,212.83464348333928
1742000,871000.0,-67.64531707763672,0.4414421210095361,-67.20387495662719,227.67665918423882
1743000,871500.0,-67.5560073852539,0.3494518371068029,-67.20655554814711,180.23206901126906
1744000,872000.0,-67.64122009277344,0.4428931902718225,-67.19832690250162,228.42505764047758
1745000,872500.0,-67.62571716308594,0.4238602338787416,-67.2018569292072,218.6086859810039
1746000,873000.0,-67.55615997314453,0.3540519225307271,-67.2021080506138,182.60459313489827
1747000,873500.0,-67.5935287475586,0.3885691997885516,-67.20495954777004,200.4071044861606
1748000,874000.0,-67.69456481933594,0.4907866874945344,-67.2037781318414,253.12644186584268
1749000,874500.0,-67.63170623779297,0.42558930103020576,-67.20611693676277,219.50046366558524
1750000,875000.0,-67.5678939819336,0.36084351012895627,-67.20705047180464,186.10739882862256
1751000,875500.0,-67.57674407958984,0.3759015553344266,-67.20084252425542,193.87368406299572
1752000,876000.0,-67.62335968017578,0.4158878054646075,-67.20747187471117,214.49685391848004
1753000,876500.0,-67.64512634277344,0.44828141784584014,-67.1968449249276,231.20407122932863
1754000,877000.0,-67.50248718261719,0.30749251930616,-67.19499466331102,158.59127660873853
1755000,877500.0,-67.76701354980469,0.5576489614324636,-67.20936458837222,287.61109666234375
1756000,878000.0,-67.69242858886719,0.4916760558100768,-67.20075253305711,253.58513938751082
1757000,878500.0,-67.6744384765625,0.4730597397111127,-67.20137873685138,243.98365268289626
1758000,879000.0,-67.59370422363281,0.390485224685936,-67.20321899894688,201.3953068501595
1759000,879500.0,-67.57917785644531,0.37831946195340016,-67.20085839449192,195.1207352052121
1760000,880000.0,-67.5711898803711,0.37536691349169954,-67.19582296687939,193.5979390381806
1761000,880500.0,-67.57810974121094,0.37603820141124306,-67.20207153979969,193.944160170235
1762000,881000.0,-67.69694519042969,0.49609132416622337,-67.20085386626346,255.86234290046607
1763000,881500.0,-67.59719848632812,0.3968663977505437,-67.20033208857758,204.68643856569182
1764000,882000.0,-67.57365417480469,0.37423967000863206,-67.19941450479605,193.01655584410508
1765000,882500.0,-67.57369232177734,0.37790862734297676,-67.19578369443437,194.90884456966387
1766000,883000.0,-67.58314514160156,0.38654455328379783,-67.19660058831776,199.36287981820823
1767000,883500.0,-67.53365325927734,0.32899795086810774,-67.20465530840923,169.68284349669702
1768000,884000.0,-67.62892150878906,0.4261792674471135,-67.20274224134195,219.80474270113643
1769000,884500.0,-67.6630859375,0.46098693840121846,-67.20209899909878,237.7570264992738
1770000,885000.0,-67.59355926513672,0.39448259026622123,-67.1990766748705,203.45697427504427
1771000,885500.0,-67.68324279785156,0.48681916722235324,-67.19642363062921,251.08016735368201
1772000,886000.0,-67.50254821777344,0.3057747281453575,-67.19677348962809,157.70531459004098
1773000,886500.0,-67.55571746826172,0.36042269144568406,-67.19529477681604,185.8903588422465
1774000,887000.0,-67.62759399414062,0.4277607510326648,-67.19983324310796,220.62040319698943
1775000,887500.0,-67.61310577392578,0.4100024524786754,-67.2031033214471,211.46144464921355
1776000,888000.0,-67.59893035888672,0.4064337843084526,-67.19249657457827,209.62088071554237
1777000,888500.0,-67.68679809570312,0.4891602996718937,-67.19763779603123,252.2876217162159
1778000,889000.0,-67.56383514404297,0.37382291862527905,-67.19001222541769,192.8016135942463
1779000,889500.0,-67.55934143066406,0.37012475249938614,-67.18921667816467,190.89426024353733
1780000,890000.0,-67.64527130126953,0.4510323898988217,-67.1942389113707,232.62290304605625
1781000,890500.0,-67.71334838867188,0.5163331194510775,-67.1970152692208,266.3021811193643
1782000,891000.0,-67.54137420654297,0.34748692495048,-67.1938872815925,179.21865272394464
1783000,891500.0,-67.58876037597656,0.39136415306710454,-67.19739622290946,201.84861990743872
1784000,892000.0,-67.53130340576172,0.3381273721718613,-67.19317603358986,174.3914022041683
1785000,892500.0,-67.61998748779297,0.42522293616853113,-67.19476455162443,219.3115085936093
1786000,893000.0,-67.65890502929688,0.46091878276570714,-67.19798624653117,237.72187478479236
1787000,893500.0,-67.64433288574219,0.44581420349461204,-67.19851868224758,229.93158930192575
1788000,894000.0,-67.63095092773438,0.43263148798446094,-67.19831943974991,223.1325176151018
1789000,894500.0,-67.60513305664062,0.4167710003466217,-67.188362056294,214.95236745145633
1790000,895000.0,-67.5914077758789,0.3997507404034356,-67.19165703547547,206.17405714103577
1791000,895500.0,-67.58191680908203,0.37738331866115915,-67.20453349042087,194.63791318358955
1792000,896000.0,-67.57508850097656,0.3828373824945605,-67.192251118482,197.45088225352472
1793000,896500.0,-67.60318756103516,0.4085257540745155,-67.19466180696064,210.69982779554098
1794000,897000.0,-67.6559066772461,0.4649418303771465,-67.19096484686895,239.7967878851031
1795000,897500.0,-67.69931030273438,0.5044406151743435,-67.19486968756003,260.16854430901884
1796000,898000.0,-67.65189361572266,0.4614596490486214,-67.19043396667404,238.00083010531708
1797000,898500.0,-67.57774353027344,0.3902822807676538,-67.18746124950579,201.29063719786038
1798000,899000.0,-67.5861587524414,0.3967440679447037,-67.1894146844967,204.62334616878002
1799000,899500.0,-67.60530853271484,0.41704850023878454,-67.18826003247607,215.09548983458356
1800000,900000.0,-67.62989044189453,0.4429950396584313,-67.1868954022361,228.47758712731047
1801000,900500.0,-67.57977294921875,0.3905204564948041,-67.18925249272395,201.41347788585895
1802000,901000.0,-67.58113098144531,0.38631760536531246,-67.19481337608,199.24582994591375
1803000,901500.0,-67.61124420166016,0.41917522673698326,-67.19206897492317,216.19236292635185
1804000,902000.0,-67.7391128540039,0.5426493361882196,-67.19646351781569,279.87494190480703
1805000,902500.0,-67.5397720336914,0.34773732027771515,-67.19203471341369,179.3477957505545
1806000,903000.0,-67.57026672363281,0.3757749808511939,-67.19449174278162,193.80840244597536
1807000,903500.0,-67.60531616210938,0.4107499926398601,-67.19456616946951,211.84699337328038
1808000,904000.0,-67.65120697021484,0.4508628824137174,-67.20034408780113,232.53547845270975
1809000,904500.0,-67.66063690185547,0.46189611793208835,-67.19874078392338,238.22594178473355
1810000,905000.0,-67.47885131835938,0.28944601497184214,-67.18940530338753,149.28367404604012
1811000,905500.0,-67.55844116210938,0.36588136218030054,-67.19255979992907,188.70570395159416
1812000,906000.0,-67.59165954589844,0.394769362521891,-67.19689018337655,203.60487894025454
1813000,906500.0,-67.71541595458984,0.5183229001773345,-67.1970930544125,267.3284235341737
1814000,907000.0,-67.6065673828125,0.412465543894228,-67.19410183891827,212.73180014559418
1815000,907500.0,-67.56249237060547,0.36353184366795543,-67.19896052693751,187.4939244223573
1816000,908000.0,-67.58304595947266,0.38913156578452973,-67.19391439368813,200.6971484242205
1817000,908500.0,-67.65557098388672,0.4663879714677975,-67.18918301241892,240.5426446046103
1818000,909000.0,-67.55254364013672,0.3581966918138758,-67.19434694832285,184.74228498296813
1819000,909500.0,-67.7365951538086,0.5438130790520096,-67.19278207475658,280.4751498930508
1820000,910000.0,-67.621826171875,0.434217737162962,-67.18760843471203,223.95063599666665
1821000,910500.0,-67.55732727050781,0.3734775849161452,-67.18384968559167,192.62350547665324
1822000,911000.0,-67.64654541015625,0.45220976922377015,-67.19433564093248,233.23014412827064
1823000,911500.0,-67.70462799072266,0.5219007055324865,-67.18272728519017,269.1737000306929
1824000,912000.0,-67.561767578125,0.3755215518617447,-67.18624602626326,193.67769478825056
1825000,912500.0,-67.61492919921875,0.425767047494564,-67.18916215172419,219.59213756633207
1826000,913000.0,-67.57926177978516,0.39459372029474316,-67.18466805949042,203.51429031360232
1827000,913500.0,-67.60818481445312,0.4253585386383532,-67.18282627581478,219.3814464537202
1828000,914000.0,-67.60031127929688,0.41109609671457276,-67.1892151825823,212.02549881195583
1829000,914500.0,-67.67318725585938,0.47651663923310067,-67.19667061662628,245.76657120571846
1830000,915000.0,-67.69114685058594,0.49692375844681913,-67.19422309213911,256.29167632148864
1831000,915500.0,-67.62206268310547,0.4357788281387888,-67.18628385496667,224.75577887076776
1832000,916000.0,-67.57913970947266,0.3894868277465579,-67.1896528817261,200.88037710313506
1833000,916500.0,-67.55947875976562,0.37000997725307555,-67.18946878251255,190.83506416007958
1834000,917000.0,-67.58837890625,0.40271997102388374,-67.18565893522612,207.70545724047616
1835000,917500.0,-67.73457336425781,0.5392299546779007,-67.1953434095799,278.11137354172155
1836000,918000.0,-67.57852935791016,0.3881970731080046,-67.19033228480215,200.21517771844188
1837000,918500.0,-67.59720611572266,0.4065695895631522,-67.19063652615951,209.69092316327925
1838000,919000.0,-67.55577087402344,0.36052230126483,-67.1952485727586,185.94173325752257
1839000,919500.0,-67.61631774902344,0.4394529013029976,-67.17686484772044,226.6507061190161
1840000,920000.0,-67.6058578491211,0.4160016470655445,-67.18985620205555,214.55556846823401
1841000,920500.0,-67.67851257324219,0.4937113130652426,-67.18480126017694,254.63483661934026
1842000,921000.0,-67.72673034667969,0.5351432614623519,-67.19158708521734,276.00363480510254
1843000,921500.0,-67.6094741821289,0.4306924486144837,-67.17878173351443,222.13244538644017
1844000,922000.0,-67.62068176269531,0.434033285117478,-67.18664847757783,223.8555036486264
1845000,922500.0,-67.59906005859375,0.4041430706274168,-67.19491698796634,208.4394301624027
1846000,923000.0,-67.54107666015625,0.35270235693921154,-67.18837430321703,181.90854586028937
1847000,923500.0,-67.63457489013672,0.44454597960439207,-67.19002891053232,229.27749454141087
1848000,924000.0,-67.67870330810547,0.4947063319065271,-67.18399697619894,255.14802409019362
1849000,924500.0,-67.66743469238281,0.4803331220546371,-67.18710157032818,247.7349471655256
1850000,925000.0,-67.60075378417969,0.4114383456924637,-67.18931543848723,212.20201595924848
1851000,925500.0,-67.63388061523438,0.45036009822706297,-67.18352051700731,232.2761642222363
1852000,926000.0,-67.6598892211914,0.4646486373466459,-67.19524058384476,239.64557166330755
1853000,926500.0,-67.47924041748047,0.2863160822968979,-67.19292433518358,147.66939081164188
1854000,927000.0,-67.70132446289062,0.5064011678929411,-67.19492329499768,261.1797121878431
1855000,927500.0,-67.50827026367188,0.3169235671511964,-67.19134669652068,163.45540117631285
1856000,928000.0,-67.65904235839844,0.4705473619917791,-67.18849499640666,242.6878774532044
1857000,928500.0,-67.5338363647461,0.34395195460172195,-67.18988441014437,177.39546866194348
1858000,929000.0,-67.7358627319336,0.5438623187447614,-67.19200041318884,280.50054558641904
1859000,929500.0,-67.58448791503906,0.3898149089633365,-67.19467300607573,201.04958713503328
1860000,930000.0,-67.66732025146484,0.4748414531507237,-67.19247879831411,244.90258303468644
1861000,930500.0,-67.59917449951172,0.4009626335366603,-67.19821186597505,206.79909894545153
1862000,931000.0,-67.58573913574219,0.39446897580801393,-67.19127015993418,203.4499525292395
1863000,931500.0,-67.57943725585938,0.38825231909416197,-67.19118493676521,200.24367119689128
1864000,932000.0,-67.63853454589844,0.44076240520673515,-67.1977721406917,227.3260913163096
1865000,932500.0,-67.71728515625,0.5251632998698768,-67.19212185638013,270.85640438457665
1866000,933000.0,-67.61842346191406,0.42902056648328263,-67.18940289543077,221.2701612498218
1867000,933500.0,-67.64214324951172,0.45271336280558944,-67.18942988670612,233.48987580959056
1868000,934000.0,-67.4285659790039,0.2459564806951565,-67.18260949830875,126.85366249446837
1869000,934500.0,-67.50074768066406,0.3186333629396348,-67.18211431772443,164.33723952945567
1870000,935000.0,-67.56190490722656,0.3685791606439674,-67.1933257465826,190.09711114208918
1871000,935500.0,-67.56708526611328,0.37332937204406363,-67.19375589406921,192.5470637191552
1872000,936000.0,-67.67953491210938,0.48433825689497734,-67.1951966552144,249.80062163706378
1873000,936500.0,-67.7072525024414,0.5072193631234377,-67.20003313931797,261.60170172571037
1874000,937000.0,-67.65518188476562,0.45825847287199795,-67.19692341189362,236.34980256927898
1875000,937500.0,-67.54891204833984,0.3570865710388126,-67.19182547730104,184.1697329374601
1876000,938000.0,-67.56681823730469,0.363725528988462,-67.20309270831622,187.59381889233927
1877000,938500.0,-67.67974090576172,0.48128985595088086,-67.19845104981084,248.22838892574313
1878000,939000.0,-67.7332534790039,0.5321471437930605,-67.20110633521085,274.458367534487
1879000,939500.0,-67.5938720703125,0.38755635496980484,-67.2063157153427,199.8847231509202
1880000,940000.0,-67.6888656616211,0.4833266736105378,-67.20553898801056,249.27889094638772
1881000,940500.0,-67.5328369140625,0.33018519466753316,-67.20265171939496,170.29517224609734
1882000,941000.0,-67.61307525634766,0.41656963915407336,-67.19650561719358,214.84851410029918
1883000,941500.0,-67.62799835205078,0.4217869896323427,-67.20621136241844,217.5393967101623
1884000,942000.0,-67.62486267089844,0.42043716633466777,-67.20442550456377,216.84321652191733
1885000,942500.0,-67.70819091796875,0.5042199107337197,-67.20397100723503,260.054714551239
1886000,943000.0,-67.6325454711914,0.43117351759143135,-67.20137195359997,222.3805598555763
1887000,943500.0,-67.60106658935547,0.3991580286760976,-67.20190856067937,205.8683621936868
1888000,944000.0,-67.64675903320312,0.44619172583285766,-67.20056730737026,230.12629891536866
1889000,944500.0,-67.62596893310547,0.4267891655639605,-67.19917976754151,220.11930164120525
1890000,945000.0,-67.62633514404297,0.4203914604992587,-67.20594368354371,216.81964343857095
1891000,945500.0,-67.64814758300781,0.44856420323148655,-67.19958337977633,231.34991964026608
1892000,946000.0,-67.72055053710938,0.51529390637514,-67.20525663073424,265.7662001831344
1893000,946500.0,-67.61103057861328,0.4052620686345836,-67.2057685099787,209.0165606983899
1894000,947000.0,-67.54620361328125,0.34359695869306256,-67.20260665458818,177.2123772017928
1895000,947500.0,-67.60466003417969,0.40003506805648736,-67.2046249661232,206.32070098646784
1896000,948000.0,-67.64886474609375,0.44378628489803257,-67.20507846119571,228.8856770312278
1897000,948500.0,-67.66877746582031,0.4719950055322731,-67.19678246028803,243.43450907103818
1898000,949000.0,-67.6760482788086,0.4804257388293009,-67.1956225399793,247.78271487240335
1899000,949500.0,-67.55796813964844,0.35198612783218375,-67.20598201181626,181.53914601705358
1900000,950000.0,-67.56090545654297,0.3613207803420835,-67.19958467620089,186.35355406048953
1901000,950500.0,-67.72335052490234,0.522477775178305,-67.20087274972404,269.47132747226124
1902000,951000.0,-67.53499603271484,0.3370316272173692,-67.19796440549747,173.82626458208043
1903000,951500.0,-67.73289489746094,0.5286841846651154,-67.20421071279583,272.67232373028673
1904000,952000.0,-67.70897674560547,0.50474694983785,-67.20422979576762,260.32653841393113
1905000,952500.0,-67.63521575927734,0.43920912234835735,-67.19600663692898,226.5249755298168
1906000,953000.0,-67.56478118896484,0.3625516477130595,-67.20222954125178,186.9883819520415
1907000,953500.0,-67.62330627441406,0.4288557605456362,-67.19445051386843,221.1851615103061
1908000,954000.0,-67.6533203125,0.4492229317242118,-67.20409738077579,231.6896631658503
1909000,954500.0,-67.66011810302734,0.46291722618401165,-67.19720087684333,238.7525850396447
1910000,955000.0,-67.603515625,0.3984766273846,-67.2050389976154,205.5169250239459
1911000,955500.0,-67.64974212646484,0.4401238950804045,-67.20961823138444,226.99677554534102
1912000,956000.0,-67.53327178955078,0.3376946163923702,-67.19557717315841,174.16820558239627
1913000,956500.0,-67.49266815185547,0.29257656548253747,-67.20009158637293,150.89827593326515
1914000,957000.0,-67.61323547363281,0.4142878863139154,-67.1989475873189,213.6716851594105
1915000,957500.0,-67.73648071289062,0.5346323298205078,-67.20184838307011,275.74011847136313
1916000,958000.0,-67.58026123046875,0.3847343748114179,-67.19552685565733,198.42926843971952
1917000,958500.0,-67.67951202392578,0.47709656948761364,-67.20241545443817,246.065674024918
1918000,959000.0,-67.60462188720703,0.41555040833696416,-67.18907147887006,214.32283914466433
1919000,959500.0,-67.77456665039062,0.5764021905958506,-67.19816445979477,297.28319717480065
1920000,960000.0,-67.67808532714844,0.48230624306286823,-67.19577908408557,248.75259722187488
1921000,960500.0,-67.69095611572266,0.49020004949278706,-67.20075606622987,252.82387948216504
1922000,961000.0,-67.60672760009766,0.4109351586153043,-67.19579244148235,211.9424939353638
1923000,961500.0,-67.55375671386719,0.357400113532781,-67.19635660033441,184.33144452804365
1924000,962000.0,-67.62742614746094,0.42808687095506115,-67.19933927650588,220.78860167849095
1925000,962500.0,-67.62337493896484,0.4276975751732826,-67.19567736379156,220.5878198345945
1926000,963000.0,-67.6636734008789,0.4580666316477308,-67.20560676923118,236.25085920398556
1927000,963500.0,-67.59776306152344,0.3922849019927963,-67.20547815953064,202.32350218389564
1928000,964000.0,-67.63665771484375,0.43163863771907246,-67.20501907712467,222.62044860144067
1929000,964500.0,-67.66302490234375,0.45924028867739664,-67.20378461366636,236.85618048807896
1930000,965000.0,-67.69469451904297,0.49366432613491795,-67.20103019290805,254.61060280291792
1931000,965500.0,-67.75272369384766,0.5449825766897851,-67.20774111715787,281.0783259435909
1932000,966000.0,-67.54690551757812,0.34630469638686834,-67.20060082119126,178.608910615195
1933000,966500.0,-67.54801177978516,0.34399866927754036,-67.20401311050762,177.41956206132477
1934000,967000.0,-67.59687805175781,0.39114523941999346,-67.20573281233781,201.7357137631177
1935000,967500.0,-67.54701232910156,0.34253566127199575,-67.20447666782957,176.66500612021875
1936000,968000.0,-67.53793334960938,0.3403212369534948,-67.19761211265588,175.5229023044351
1937000,968500.0,-67.65504455566406,0.4514354203295191,-67.20360913533455,232.8307686249025
1938000,969000.0,-67.62174987792969,0.41591173692182537,-67.20583814100786,214.50919672395656
1939000,969500.0,-67.60659790039062,0.40645767359682317,-67.2001402267938,209.6332017721603
1940000,970000.0,-67.56746673583984,0.3613365473128751,-67.20613018852697,186.36168597872853
1941000,970500.0,-67.6946029663086,0.5000617637405259,-67.19454120256806,257.91012306177646
1942000,971000.0,-67.57201385498047,0.38028361641925384,-67.19173023856122,196.1337607087247
1943000,971500.0,-67.62551879882812,0.4286228084817967,-67.19689599034633,221.06501496080205
1944000,972000.0,-67.69054412841797,0.4895756962229471,-67.20096843219503,252.50186520246098
1945000,972500.0,-67.5232925415039,0.328524918330303,-67.1947676231736,169.43887387357515
1946000,973000.0,-67.52849578857422,0.3383132545581341,-67.19018253401609,174.48727225981906
1947000,973500.0,-67.49920654296875,0.3096118030935164,-67.18959473987523,159.68431107374417
1948000,974000.0,-67.66938781738281,0.46902134306948906,-67.20036647431333,241.90082321994646
1949000,974500.0,-67.54196166992188,0.3442159524857569,-67.19774571743612,177.5316272961294
1950000,975000.0,-67.4944839477539,0.29609677531781736,-67.19838717243609,152.713847163965
1951000,975500.0,-67.61137390136719,0.42183726824740686,-67.18953663311979,217.56532823450357
1952000,976000.0,-67.56187438964844,0.3751520800148478,-67.1867223096336,193.4871372683389
1953000,976500.0,-67.55948638916016,0.3671790377130049,-67.19230735144716,189.37498858921685
1954000,977000.0,-67.66090393066406,0.4673693255678424,-67.19353460509622,241.04878439585636
1955000,977500.0,-67.62999725341797,0.43614074114009554,-67.19385651227788,224.94243786666152
1956000,978000.0,-67.58555603027344,0.3834113491150532,-67.20214468115839,197.74690928949988
1957000,978500.0,-67.60375213623047,0.41007542646584316,-67.19367670976463,211.49908146005458
1958000,979000.0,-67.50054168701172,0.3051171044483165,-67.1954245825634,157.3661408700519
1959000,979500.0,-67.56959533691406,0.3742277884610792,-67.19536754845298,193.01042785829668
1960000,980000.0,-67.64250946044922,0.45210214981902036,-67.19040731063019,233.1746387168686
1961000,980500.0,-67.69181060791016,0.4978315224905157,-67.19397908541964,256.7598615601871
1962000,981000.0,-67.69786834716797,0.5029190986875474,-67.19494924848043,259.3838122362949
1963000,981500.0,-67.5526351928711,0.3573045263283625,-67.19533066654273,184.28214480260513
1964000,982000.0,-67.63009643554688,0.43100577794814016,-67.19909065759873,222.29404703819958
1965000,982500.0,-67.58729553222656,0.3884657938246101,-67.19882973840195,200.35377218439456
1966000,983000.0,-67.69043731689453,0.4948074712315376,-67.19562984566299,255.20018735811624
1967000,983500.0,-67.59052276611328,0.3908142480861851,-67.1997085180271,201.56500281934078
1968000,984000.0,-67.67240905761719,0.4821535123549089,-67.19025554526227,248.67382536099421
1969000,984500.0,-67.61390686035156,0.42409637741412115,-67.18981048293745,218.73047855281425
1970000,985000.0,-67.41293334960938,0.22624558783171342,-67.18668776177766,116.68764066940054
1971000,985500.0,-67.58204650878906,0.39067150197584094,-67.19137500681322,201.49138057993966
1972000,986000.0,-67.70547485351562,0.5130875084847635,-67.19238734503087,264.62823605011675
1973000,986500.0,-67.6355972290039,0.4410840517506676,-67.19451317725324,227.49198262363032
1974000,987000.0,-67.55604553222656,0.3665112357338444,-67.18953429649272,189.0305653536992
1975000,987500.0,-67.5808334350586,0.3853151257938113,-67.19551830926478,198.72879455468765
1976000,988000.0,-67.56990051269531,0.3764078365362241,-67.19349267615908,194.13480190188574
1977000,988500.0,-67.6361312866211,0.4458102703392174,-67.19032101628187,229.9295607513238
1978000,989000.0,-67.59902954101562,0.40483763933781264,-67.19419190167781,208.79765851450284
1979000,989500.0,-67.69136047363281,0.49682319692736315,-67.19453727670545,256.2398110605573
1980000,990000.0,-67.60150146484375,0.4042970764215728,-67.19720438842218,208.51885965732328
1981000,990500.0,-67.65277862548828,0.45818303575785185,-67.19459558973043,236.3108953845998
1982000,991000.0,-67.58538818359375,0.3914433387503317,-67.19394484484341,201.8894604411222
1983000,991500.0,-67.60218811035156,0.40744644048791545,-67.19474166986365,210.14316475883916
1984000,992000.0,-67.61640930175781,0.4155950397645864,-67.20081426199323,214.3458580951723
1985000,992500.0,-67.68814849853516,0.48996939123830335,-67.19817910729685,252.7049159798286
1986000,993000.0,-67.57369995117188,0.3760793192155051,-67.19762063195637,193.96536694652985
1987000,993500.0,-67.58496856689453,0.38983990826311027,-67.19512865863142,201.0624806872875
1988000,994000.0,-67.7121353149414,0.5147768505747068,-67.1973584643667,265.49952527457503
1989000,994500.0,-67.71134185791016,0.5130961147077387,-67.19824574320242,264.6326747658667
1990000,995000.0,-67.5854263305664,0.38861748739185276,-67.19680884317455,200.43200913317182
1991000,995500.0,-67.72718048095703,0.5264871352717702,-67.20069334568527,271.53918114571496
1992000,996000.0,-67.65340423583984,0.4577928302803295,-67.19561140555952,236.1096443591777
1993000,996500.0,-67.66575622558594,0.4635953577324768,-67.20216086785346,239.1023358180455
1994000,997000.0,-67.6827392578125,0.4826594736484083,-67.20007978416409,248.93477820508858
1995000,997500.0,-67.62684631347656,0.43052604501344854,-67.19632026846311,222.04662164158938
1996000,998000.0,-67.55094909667969,0.34709042109625404,-67.20385867558343,179.01415326957135
1997000,998500.0,-67.5498275756836,0.3468489874984986,-67.20297858818509,178.88963231351468
1998000,999000.0,-67.53060150146484,0.33662800697171374,-67.19397349449314,173.61809480231452
1999000,999500.0,-67.57147216796875,0.3706085211844008,-67.20086364678436,191.14376710475437
2000000,1000000.0,-67.65196990966797,0.44994188568411736,-67.20202802398386,232.06046836976748
2001000,1000500.0,-67.55815887451172,0.3595022792589776,-67.19865659525274,185.4156502411222
2002000,1001000.0,-67.45875549316406,0.25786175207904344,-67.20089374108503,132.993884023774
2003000,1001500.0,-67.68202209472656,0.48091876910850506,-67.20110332561806,248.0369984613576
2004000,1002000.0,-67.63446807861328,0.43591851725132086,-67.19854956136196,224.82782444356667
2005000,1002500.0,-67.6175308227539,0.41677517702268446,-67.20075564573122,214.95452159943454
2006000,1003000.0,-67.66858673095703,0.4724315771168298,-67.1961551538402,243.65967371921298
2007000,1003500.0,-67.55931091308594,0.357501643266225,-67.20180926981972,184.38380915166755
2008000,1004000.0,-67.67686462402344,0.48102752091983597,-67.1958371031036,248.09308791885528
2009000,1004500.0,-67.76850891113281,0.5762598114633154,-67.1922490996695,297.2097642066031
2010000,1005000.0,-67.58627319335938,0.38569524252603726,-67.20057795083333,198.92484224378296
2011000,1005500.0,-67.62350463867188,0.4213817337244523,-67.20212290494742,217.33038332690802
2012000,1006000.0,-67.47481536865234,0.27711590097804795,-67.1976994676743,142.92433716389593
2013000,1006500.0,-67.62196350097656,0.423321343463935,-67.19864215751262,218.33074972737003
2014000,1007000.0,-67.6640396118164,0.46295602588102885,-67.20108358593538,238.77259623697685
2015000,1007500.0,-67.63058471679688,0.4316561889745857,-67.19892852782229,222.62950077618694
2016000,1008000.0,-67.75588989257812,0.5502246835785716,-67.20566520899955,283.78197683398656
2017000,1008500.0,-67.54853820800781,0.34248439871617053,-67.20605380929165,176.6385671219989
2018000,1009000.0,-67.52755737304688,0.3266530731014793,-67.20090429994539,168.47345746239554
2019000,1009500.0,-67.56968688964844,0.36564047060115523,-67.20404641904729,188.5814625451783
2020000,1010000.0,-67.58465576171875,0.37621874187860316,-67.20843701984015,194.0372750962917
2021000,1010500.0,-67.5468978881836,0.34540713384174476,-67.20149075434185,178.14598686606269
2022000,1011000.0,-67.70730590820312,0.5076696760953429,-67.19963623210778,261.83395358422405
2023000,1011500.0,-67.58056640625,0.37169066006018603,-67.20887574618982,191.70188730281959
2024000,1012000.0,-67.63153076171875,0.4360153923374169,-67.19551536938134,224.87778840239798
2025000,1012500.0,-67.66425323486328,0.47154426239105934,-67.19270897247222,243.202035349892
2026000,1013000.0,-67.56597900390625,0.3752319336909987,-67.19074707021525,193.5283223237388
2027000,1013500.0,-67.71305084228516,0.5148208044486231,-67.19823003783654,265.5221947723307
2028000,1014000.0,-67.667724609375,0.47695999715455206,-67.19076461222045,245.99523595150228
2029000,1014500.0,-67.6069107055664,0.4128389146032266,-67.19407179096318,212.9243685291178
2030000,1015000.0,-67.58160400390625,0.3857826124039249,-67.19582139150232,198.9699038293546
2031000,1015500.0,-67.67133331298828,0.4760203864016089,-67.19531292658667,245.5106255643592
2032000,1016000.0,-67.65935516357422,0.4670273534921143,-67.1923278100821,240.87241006266402
2033000,1016500.0,-67.59734344482422,0.40278720850614064,-67.19455623631808,207.74013541141554
2034000,1017000.0,-67.62419891357422,0.4372321936324305,-67.1869667199418,225.5053616233362
2035000,1017500.0,-67.642578125,0.45210066249565106,-67.19047746250435,233.1738716201197
2036000,1018000.0,-67.66502380371094,0.46532929299088865,-67.19969451072005,239.99662426060317
2037000,1018500.0,-67.69544982910156,0.5011944423885828,-67.19425538671298,258.4943094777196
2038000,1019000.0,-67.67681121826172,0.47624056584459135,-67.20057065241713,245.62418455117418
2039000,1019500.0,-67.74845123291016,0.5593417185890638,-67.18910951432109,288.4841472297513
2040000,1020000.0,-67.62240600585938,0.4293104977355747,-67.1930955081238,221.4196951881873
2041000,1020500.0,-67.68496704101562,0.4875580075050138,-67.19740903351061,251.46122905853747
2042000,1021000.0,-67.66828918457031,0.4721555341818427,-67.19613365038848,243.5173027712718
2043000,1021500.0,-67.69772338867188,0.49826186087162916,-67.19946152780025,256.9818113929457
2044000,1022000.0,-67.63050842285156,0.43205488100039874,-67.19845354185117,222.8351287943582
2045000,1022500.0,-67.50641632080078,0.30992718342823694,-67.19648913737254,159.8469705427078
2046000,1023000.0,-67.5636215209961,0.36473601196931993,-67.19888550902678,188.11498209425153
2047000,1023500.0,-67.48174285888672,0.2828410257492352,-67.19890183313748,145.87710768415332
2048000,1024000.0,-67.5123291015625,0.3216312865014958,-67.190697815061,165.88343820096733
2049000,1024500.0,-67.59981536865234,0.40689333965367147,-67.19292202899867,209.85789938850093
2050000,1025000.0,-67.54403686523438,0.3437825285047692,-67.2002543367296,177.3080860450681
2051000,1025500.0,-67.58190155029297,0.38166930424027723,-67.20023224605269,196.84843825929784
2052000,1026000.0,-67.75129699707031,0.5538773488562256,-67.1974196482141,285.665862824822
2053000,1026500.0,-67.57720947265625,0.38834996407824857,-67.188859508578,200.2940322356433
2054000,1027000.0,-67.49258422851562,0.30298175231940433,-67.18960247619621,156.26481905286585
2055000,1027500.0,-67.51726531982422,0.32850744041886526,-67.18875787940536,169.42985952651517
2056000,1028000.0,-67.72090148925781,0.5264782002406578,-67.19442328901715,271.5345728450192
2057000,1028500.0,-67.638427734375,0.4397714533216969,-67.1986562810533,226.81500140472195
2058000,1029000.0,-67.666259765625,0.47175876009914075,-67.19450100552586,243.31266394479582
2059000,1029500.0,-67.73309326171875,0.5429330569809627,-67.1901602047378,280.0212727580684
2060000,1030000.0,-67.6539535522461,0.4581495520669687,-67.19580400017912,236.29362595217682
2061000,1030500.0,-67.57666015625,0.3853499888584553,-67.19131016739155,198.74677540814344
2062000,1031000.0,-67.6966781616211,0.5067729665209023,-67.1899051951002,261.3714697602966
2063000,1031500.0,-67.5523452758789,0.3682165287145587,-67.18412874716435,189.91008135432787
2064000,1032000.0,-67.65630340576172,0.46463410073214934,-67.19166930502956,239.6380743093694
2065000,1032500.0,-67.68607330322266,0.4982117838742366,-67.18786151934842,256.95598385423637
2066000,1033000.0,-67.7366943359375,0.5515096861299056,-67.1851846498076,284.4447252986367
2067000,1033500.0,-67.57172393798828,0.3836199360980609,-67.18810400189022,197.85448938931432
2068000,1034000.0,-67.6869888305664,0.506800542593482,-67.18018828797292,261.3856922999672
2069000,1034500.0,-67.70625305175781,0.5158742918676579,-67.19037875989015,266.0655377943104
2070000,1035000.0,-67.64430236816406,0.4544143868378898,-67.18988798132617,234.3671900721729
2071000,1035500.0,-67.64918518066406,0.4568594359133569,-67.1923257447507,235.6282401137294
2072000,1036000.0,-67.43582916259766,0.2446629831660219,-67.19116617943163,126.18653268949429
2073000,1036500.0,-67.53812408447266,0.3515455004446087,-67.18657858402804,181.31188956196328
2074000,1037000.0,-67.58812713623047,0.39678554754809925,-67.19134158868236,204.6447395453427
2075000,1037500.0,-67.66716003417969,0.4715813963071169,-67.19557863787257,243.2211874098066
2076000,1038000.0,-67.70193481445312,0.508255239679551,-67.19367957477357,262.1359618300334
2077000,1038500.0,-67.62999725341797,0.4376857059247713,-67.19231154749319,225.73926355227542
2078000,1039000.0,-67.68804931640625,0.4953981182155831,-67.19265119819066,255.50481740061693
2079000,1039500.0,-67.54075622558594,0.35135248274843645,-67.1894037428375,181.21233942359535
2080000,1040000.0,-67.67510986328125,0.48199537070836557,-67.19311449257289,248.5922627731729
2081000,1040500.0,-67.63534545898438,0.4401051534917916,-67.19524030549259,226.98710944851854
2082000,1041000.0,-67.55451965332031,0.3540192884388238,-67.20050036488149,182.58776188870215
2083000,1041500.0,-67.65859985351562,0.46472929671733765,-67.19387055679829,239.6871722609329
2084000,1042000.0,-67.69908142089844,0.5037208526825442,-67.19536056821589,259.7973220994929
2085000,1042500.0,-67.72671508789062,0.5342783834634591,-67.19243670442717,275.5575683243156
2086000,1043000.0,-67.62894439697266,0.44554848499360006,-67.18339591197906,229.79454324828797
2087000,1043500.0,-67.6402359008789,0.4495941340308558,-67.19064176684805,231.88111318168683
2088000,1044000.0,-67.52822875976562,0.33426936073931995,-67.19395939902631,172.4016075918036
2089000,1044500.0,-67.60791778564453,0.41270211670009865,-67.19521566894443,212.85381411646605
2090000,1045000.0,-67.7529067993164,0.5631646347705499,-67.18974216454586,290.45584123700104
2091000,1045500.0,-67.66326141357422,0.4739548393924256,-67.1893065741818,244.44530619392089
2092000,1046000.0,-67.59071350097656,0.3978876726058885,-67.19282582837067,205.21316774740652
2093000,1046500.0,-67.64409637451172,0.4558972141975077,-67.18819916031421,235.13196797468186
2094000,1047000.0,-67.58781433105469,0.3960188427023624,-67.19179548835233,204.24930650995736
2095000,1047500.0,-67.64328002929688,0.4560420289627411,-67.18723800033413,235.20665713636288
2096000,1048000.0,-67.61925506591797,0.4266637679230669,-67.19259129799491,220.05462698831315
2097000,1048500.0,-67.57963562011719,0.3890636263255916,-67.1905719937916,200.66210820421966
2098000,1049000.0,-67.65553283691406,0.4684388514595322,-67.18709398545452,241.60039936493564
2099000,1049500.0,-67.65857696533203,0.4679328982906847,-67.19064406704135,241.33945071118362
2100000,1050000.0,-67.71051025390625,0.5307525916249456,-67.1797576622813,273.73911813896393
2101000,1050500.0,-67.56594848632812,0.37721139344663107,-67.1887370928815,194.54924163049043
2102000,1051000.0,-67.68862915039062,0.5052340936624246,-67.1833950567282,260.57778602543624
2103000,1051500.0,-67.61941528320312,0.4378945354109322,-67.18152074779219,225.84696872467615
2104000,1052000.0,-67.64436340332031,0.46304668730399906,-67.18131671601631,238.81935545843842
2105000,1052500.0,-67.64522552490234,0.45956700978704884,-67.18565851511529,237.02468903583707
2106000,1053000.0,-67.65338897705078,0.4772466088730791,-67.17614236817771,246.14305781863192
2107000,1053500.0,-67.69784545898438,0.5152483101832042,-67.18259714880116,265.742683649126
2108000,1054000.0,-67.47500610351562,0.2942008066902441,-67.18080529682538,151.73598895220934
2109000,1054500.0,-67.61536407470703,0.4307103795720636,-67.18465369513497,222.14169339500904
2110000,1055000.0,-67.5079116821289,0.3212698147597089,-67.1866418673692,165.69700678755498
2111000,1055500.0,-67.749755859375,0.5688731901380516,-67.18088266923695,293.40006597900964
2112000,1056000.0,-67.53616333007812,0.3549107554951655,-67.18125257458296,183.04754184965495
2113000,1056500.0,-67.63516235351562,0.4551553151132052,-67.18000703840242,234.74932867288723
2114000,1057000.0,-67.60066986083984,0.41285919444938507,-67.18781066639046,212.93482799232348
2115000,1057500.0,-67.51881408691406,0.32897743107333804,-67.18983665584072,169.67226027842682
2116000,1058000.0,-67.47503662109375,0.28921997036773184,-67.18581665072603,149.16709006403866
2117000,1058500.0,-67.6146469116211,0.4225215697493617,-67.19212534187173,217.9182612067436
2118000,1059000.0,-67.63233947753906,0.44243536900663083,-67.18990410853243,228.188933330627
2119000,1059500.0,-67.60848236083984,0.42203699854526455,-67.18644536229458,217.66834044106446
2120000,1060000.0,-67.52554321289062,0.3409643794600785,-67.18457883343055,175.8546072557965
2121000,1060500.0,-67.58399963378906,0.39191585512616534,-67.19208377866289,202.13316385033383
2122000,1061000.0,-67.55209350585938,0.3677872300240849,-67.1843062758353,189.68866774881215
2123000,1061500.0,-67.7208480834961,0.5362862637864019,-67.18456181970969,276.59314572441485
2124000,1062000.0,-67.529296875,0.33570984895821143,-67.19358702604178,173.14454880575354
2125000,1062500.0,-67.63239288330078,0.4374091324473391,-67.19498375085344,225.59661897360056
2126000,1063000.0,-67.53166961669922,0.3428462067927147,-67.1888234099065,176.82517200226062
2127000,1063500.0,-67.55193328857422,0.3627324918387983,-67.18920079673542,187.0816534918917
2128000,1064000.0,-67.5968246459961,0.4102829378308093,-67.18654170816528,211.60610680283386
2129000,1064500.0,-67.62223052978516,0.43075668566010594,-67.19147384412506,222.1655760625743
2130000,1065000.0,-67.58351135253906,0.39607053721361396,-67.18744081532544,204.27596829201164
2131000,1065500.0,-67.59414672851562,0.413401973981503,-67.18074475453412,213.21477008363001
2132000,1066000.0,-67.65724182128906,0.4713347970150333,-67.18590702427403,243.09400221313712
2133000,1066500.0,-67.541259765625,0.3492568440301809,-67.19200292159482,180.13150005752306
2134000,1067000.0,-67.66836547851562,0.47315803037618615,-67.19520744813944,244.03434673583743
2135000,1067500.0,-67.49417877197266,0.30690549532683953,-67.18727327664581,158.2885151546048
2136000,1068000.0,-67.65756225585938,0.4741461196820057,-67.18341613617737,244.5439602534832
2137000,1068500.0,-67.66718292236328,0.47552414602260634,-67.19165877634067,245.25468634545268
2138000,1069000.0,-67.58968353271484,0.4034094812144613,-67.18627405150038,208.06107662791743
2139000,1069500.0,-67.61819458007812,0.4302839793437014,-67.18791060073443,221.92177469027175
2140000,1070000.0,-67.7509536743164,0.5529102750496352,-67.19804339926677,285.16708818826135
2141000,1070500.0,-67.57864379882812,0.3874323835616751,-67.19121141526645,199.82078408689793
2142000,1071000.0,-67.66201782226562,0.4659305640383226,-67.19608725822731,240.30673373323552
2143000,1071500.0,-67.52726745605469,0.3273446847323413,-67.19992277132235,168.83016068139855
2144000,1072000.0,-67.53817749023438,0.3373192706856865,-67.20085821954869,173.97461858090793
2145000,1072500.0,-67.65359497070312,0.4565643724430059,-67.19703059826011,235.47605920035573
2146000,1073000.0,-67.5533676147461,0.36332910469613083,-67.19003851004996,187.38936047253324
2147000,1073500.0,-67.60286712646484,0.4110057604678411,-67.191861365997,211.97890730226464
2148000,1074000.0,-67.65274810791016,0.46033428280040717,-67.19241382510975,237.42041510738673
2149000,1074500.0,-67.54402923583984,0.3455065099165785,-67.19852272592327,178.197240726182
2150000,1075000.0,-67.64613342285156,0.4527688789463537,-67.1933645439052,233.51850862204424
2151000,1075500.0,-67.61173248291016,0.4151440909344514,-67.19658839197571,214.11327828862062
2152000,1076000.0,-67.63090515136719,0.4310265064778071,-67.19987864488938,222.30473791285735
2153000,1076500.0,-67.63758087158203,0.44094733078491366,-67.19663354079712,227.42146789193205
2154000,1077000.0,-67.55255126953125,0.3497849278611144,-67.20276634167014,180.40386274489234
2155000,1077500.0,-67.57394409179688,0.37107439884775706,-67.20286969294912,191.38404655461508
2156000,1078000.0,-67.68779754638672,0.48999564747406704,-67.19780189891266,252.71845780503494
2157000,1078500.0,-67.58463287353516,0.3918010611971499,-67.192831812338,202.07395813114897
2158000,1079000.0,-67.51293182373047,0.3074931679407851,-67.20543865578968,158.59161114628589
2159000,1079500.0,-67.61498260498047,0.41598566722961716,-67.19899693775085,214.54732676341
2160000,1080000.0,-67.5622329711914,0.3600544885816016,-67.20217848260981,185.7004558085155
2161000,1080500.0,-67.59603118896484,0.39393737013801766,-67.20209381882682,203.1757734303548
2162000,1081000.0,-67.59701538085938,0.39542481001496327,-67.20159057084442,203.94293026882306
2163000,1081500.0,-67.6980209350586,0.4910550268939532,-67.20696590816463,253.264839664964
2164000,1082000.0,-67.54335021972656,0.3429094207266274,-67.20044079899994,176.85777500184346
2165000,1082500.0,-67.53782653808594,0.3376599145518778,-67.20016662353406,174.15030788135047
2166000,1083000.0,-67.66805267333984,0.4679108478414313,-67.2001418254984,241.32807804785904
2167000,1083500.0,-67.62506103515625,0.4251447021899264,-67.19991633296632,219.27115890780522
2168000,1084000.0,-67.6468276977539,0.44584504450381246,-67.2009826532501,229.94749575399825
2169000,1084500.0,-67.57467651367188,0.36944777353196473,-67.20522874013992,190.54510391634312
2170000,1085000.0,-67.71385955810547,0.5142273815093306,-67.19963217659614,265.2161330127676
2171000,1085500.0,-67.77507781982422,0.569096075358148,-67.20598174446607,293.5150204880561
2172000,1086000.0,-67.65036010742188,0.44750759579332905,-67.20285251162855,230.8049674480313
2173000,1086500.0,-67.65861511230469,0.4550479392461024,-67.20356717305859,234.69394886761833
2174000,1087000.0,-67.71039581298828,0.5028098635259454,-67.20758594946234,259.3274734877357
2175000,1087500.0,-67.74686431884766,0.5445030339810801,-67.20236128486657,280.8309986572766
2176000,1088000.0,-67.57328033447266,0.373464713896718,-67.19981562057593,192.61686716425842
2177000,1088500.0,-67.69572448730469,0.49277326582577446,-67.20295122147891,254.1510326244911
2178000,1089000.0,-67.59500122070312,0.3982444257268159,-67.19675679497631,205.3971655012696
2179000,1089500.0,-67.58509826660156,0.38119287497897236,-67.20390539162258,196.6027167538297
2180000,1090000.0,-67.7794189453125,0.579971913217797,-67.1994470320947,299.1243049488402
2181000,1090500.0,-67.61197662353516,0.40874257765695965,-67.20323404587819,210.81165597534934
2182000,1091000.0,-67.49981689453125,0.29835109931023757,-67.20146579522101,153.8765294973575
2183000,1091500.0,-67.6247329711914,0.4158466309677059,-67.2088863402237,214.47561790258578
2184000,1092000.0,-67.70848083496094,0.5013101224644837,-67.20717071249645,258.55397223295256
2185000,1092500.0,-67.6088638305664,0.3975094296625798,-67.21135440090383,205.01808647719244
2186000,1093000.0,-67.59701538085938,0.3932582667229726,-67.20375711413641,202.8255214054133
2187000,1093500.0,-67.633056640625,0.42830570138536556,-67.20475093923963,220.90146490320006
2188000,1094000.0,-67.70223999023438,0.4946000009822536,-67.20763998925212,255.09318322101876
2189000,1094500.0,-67.6565933227539,0.4559370556832343,-67.20065626707067,235.15251648135
2190000,1095000.0,-67.72039794921875,0.5100000895274066,-67.21039785969134,263.03587954343465
2191000,1095500.0,-67.5876693725586,0.38250139372909614,-67.2051679788295,197.2775938517079
2192000,1096000.0,-67.54724884033203,0.3475376615748558,-67.19971117875717,179.24482046958195
2193000,1096500.0,-67.52751159667969,0.3245425568160576,-67.20296903986363,167.38494489381725
2194000,1097000.0,-67.61766815185547,0.4116721029154072,-67.20599604894007,212.32257777482297
2195000,1097500.0,-67.61994934082031,0.4175253418921188,-67.2024239989282,215.34142403393628
2196000,1098000.0,-67.62466430664062,0.4232058093317869,-67.20145849730883,218.27116224358153
2197000,1098500.0,-67.73464965820312,0.5348401341631313,-67.19980952403999,275.8472949192841
2198000,1099000.0,-67.70128631591797,0.49849813685163935,-67.20278817906633,257.10367227394
2199000,1099500.0,-67.60565948486328,0.40806947248670244,-67.19759001237658,210.46449758436182
2200000,1100000.0,-67.5991439819336,0.4006697122192545,-67.19847426971434,206.64802286146056
2201000,1100500.0,-67.64911651611328,0.45050859955355793,-67.19860791655972,232.3527547519834
2202000,1101000.0,-67.67454528808594,0.469581396847252,-67.20496389123869,242.18967461634915
2203000,1101500.0,-67.60517883300781,0.40185435492610977,-67.2033244780817,207.259010080367
2204000,1102000.0,-67.51412200927734,0.31329330965666324,-67.20082869962069,161.58307214607967
2205000,1102500.0,-67.6003189086914,0.4013217612256659,-67.19899714746575,206.98432139832113
2206000,1103000.0,-67.69660949707031,0.4925373487962529,-67.20407214827407,254.02935687455744
2207000,1103500.0,-67.65287017822266,0.4511623610102755,-67.20170781721238,232.68993649628203
2208000,1104000.0,-67.62602996826172,0.42929416212981764,-67.1967358061319,221.41126999274826
2209000,1104500.0,-67.66543579101562,0.4685771607290549,-67.19685863028657,241.67173327468385
2210000,1105000.0,-67.63558197021484,0.4357102255751702,-67.19987174463968,224.72039665019386
2211000,1105500.0,-67.65979766845703,0.4600876689175347,-67.1997099995395,237.29322238542252
2212000,1106000.0,-67.67951202392578,0.4713908987642403,-67.20812112516154,243.12293705697266
2213000,1106500.0,-67.56269073486328,0.35908115818018627,-67.20360957668309,185.19845429228067
2214000,1107000.0,-67.76065063476562,0.553387454161211,-67.20726318060441,285.4131964339078
2215000,1107500.0,-67.64176177978516,0.44035366934607095,-67.20140811043909,227.11528312466717
2216000,1108000.0,-67.6290283203125,0.43225815894195935,-67.19677016137054,222.93997072134633
2217000,1108500.0,-67.55659484863281,0.35579543175421235,-67.2007994168786,183.50381941251817
2218000,1109000.0,-67.5711441040039,0.3712243467518367,-67.19991975725208,191.4613831662063
2219000,1109500.0,-67.50514221191406,0.31310359245916436,-67.19203861945489,161.48522426147466
2220000,1110000.0,-67.62185668945312,0.42219890037660546,-67.19965778907653,217.7518423687718
2221000,1110500.0,-67.63247680664062,0.43405742793891333,-67.19841937870171,223.8679554665796
2222000,1111000.0,-67.7135009765625,0.5126815378743963,-67.2008194386881,264.41885405438876
2223000,1111500.0,-67.67343139648438,0.4822055501003512,-67.19122584638403,248.70066416832574
2224000,1112000.0,-67.52327728271484,0.31934432807340235,-67.20393295464145,164.7039244440771
2225000,1112500.0,-67.6128158569336,0.4150021850062174,-67.19781367192738,214.04008937863424
2226000,1113000.0,-67.74528503417969,0.5429753835541852,-67.20230965062551,280.0431029648551
2227000,1113500.0,-67.62024688720703,0.41908560819607216,-67.20116127901096,216.14614157812858
2228000,1114000.0,-67.60552978515625,0.40254917449582794,-67.20298061066042,207.61736781480224
2229000,1114500.0,-67.71249389648438,0.5102155602010798,-67.2022783362833,263.14700995170176
2230000,1115000.0,-67.66362762451172,0.46340510791460615,-67.20022251659711,239.00421323100252
2231000,1115500.0,-67.69497680664062,0.4864246931172613,-67.20855211352337,250.87671475569107
2232000,1116000.0,-67.6593017578125,0.4629233511786887,-67.19637840663381,238.7557440456825
2233000,1116500.0,-67.71556091308594,0.5114662683923565,-67.20409464469358,263.7920708760037
2234000,1117000.0,-67.77189636230469,0.5699750974549193,-67.20192126484977,293.96838187977
2235000,1117500.0,-67.62420654296875,0.42014454381735583,-67.20406199915139,216.6922945460277
2236000,1118000.0,-67.64292907714844,0.44182935129201006,-67.20109972585642,227.87637573336877
2237000,1118500.0,-67.68855285644531,0.4877022947527816,-67.20085056169253,251.53564614963773
2238000,1119000.0,-67.72394561767578,0.52489431002014,-67.19905130765564,270.71767111145243
2239000,1119500.0,-67.58050537109375,0.37720628753900487,-67.20329908355474,194.54660822525992
2240000,1120000.0,-67.69293212890625,0.48951907572089676,-67.20341305318536,252.4726628084559
2241000,1120500.0,-67.52245330810547,0.3211873783516229,-67.20126592975384,165.6544896712788
2242000,1121000.0,-67.77239990234375,0.569478445256697,-67.20292145708706,293.71223026240926
2243000,1121500.0,-67.54307556152344,0.34537976795075415,-67.19769579357268,178.13187272892034
2244000,1122000.0,-67.65021514892578,0.4523021013313187,-67.19791304759447,233.27776501622313
2245000,1122500.0,-67.60977172851562,0.4075914108159427,-67.20218031769969,210.21793415304788
2246000,1123000.0,-67.68219757080078,0.48649387919485165,-67.19570369160593,250.91239792740973
2247000,1123500.0,-67.61793518066406,0.41316931642454413,-67.20476586423952,213.09477542797453
2248000,1124000.0,-67.63990020751953,0.437760720994485,-67.20213948652504,225.77795306478006
2249000,1124500.0,-67.58912658691406,0.38690013813250457,-67.20222644878156,199.54627502803763
2250000,1125000.0,-67.58305358886719,0.3764219163785267,-67.20663167248865,194.14206367257938
2251000,1125500.0,-67.64241027832031,0.44347488159970244,-67.19893539672061,228.72506874477654
2252000,1126000.0,-67.59880828857422,0.4019501200625271,-67.1968581685117,207.30840157539689
2253000,1126500.0,-67.59867095947266,0.40082686418342045,-67.19784409528924,206.72907501412718
2254000,1127000.0,-67.59388732910156,0.3959365645280548,-67.1979507645735,204.20687100378663
2255000,1127500.0,-67.69478607177734,0.49011829139411706,-67.20466778038323,252.7817122084036
2256000,1128000.0,-67.54427337646484,0.3466456908900011,-67.19762768557484,178.78478075893184
2257000,1128500.0,-67.73558807373047,0.5353434467763997,-67.20024462695407,276.10688168923747
2258000,1129000.0,-67.68184661865234,0.48439128765050304,-67.19745533100183,249.82797259583614
2259000,1129500.0,-67.57258605957031,0.37591099538989037,-67.19667506418043,193.87855283330154
2260000,1130000.0,-67.61991119384766,0.426375873270349,-67.19353532057731,219.9061434394893
2261000,1130500.0,-67.57762145996094,0.3810613649607102,-67.19656009500022,196.53488960235916
2262000,1131000.0,-67.55416107177734,0.3593914917873021,-67.19476957999004,185.35851087849667
2263000,1131500.0,-67.60919189453125,0.40944943014172824,-67.19974246438952,211.1762197643692
2264000,1132000.0,-67.66466522216797,0.4649091278303365,-67.19975609433763,239.77992133284144
2265000,1132500.0,-67.73092651367188,0.532968402891544,-67.19795811078033,274.881937282294
2266000,1133000.0,-67.60353088378906,0.4075493758500907,-67.19598150793897,210.19625434466843
2267000,1133500.0,-67.65499877929688,0.44878983141347156,-67.2062089478834,231.46628884983465
2268000,1134000.0,-67.6161880493164,0.41673194855764545,-67.19945610075877,214.93222623604865
2269000,1134500.0,-67.63555145263672,0.4345580457315406,-67.20099340690518,224.1261523651739
2270000,1135000.0,-67.60936737060547,0.4093636231752903,-67.20000374743017,211.13196426059295
2271000,1135500.0,-67.60939025878906,0.4139136360562789,-67.19547662273278,213.47866314292813
2272000,1136000.0,-67.66858673095703,0.4703819187645658,-67.19820481219247,242.6025490274293
2273000,1136500.0,-67.58692932128906,0.39018946352317924,-67.19673985776588,201.24276609736745
2274000,1137000.0,-67.75135040283203,0.5498577277729045,-67.20149267505913,283.5927169787841
2275000,1137500.0,-67.70037841796875,0.5029450950508174,-67.19743332291793,259.3972200305641
2276000,1138000.0,-67.6368637084961,0.43829425953433215,-67.19856944896176,226.05312905392367
2277000,1138500.0,-67.58435821533203,0.3870971000863557,-67.19726111524568,199.6478594430832
2278000,1139000.0,-67.53521728515625,0.34198201828291275,-67.19323526687333,176.37946112997875
2279000,1139500.0,-67.56705474853516,0.37006625423803874,-67.19698849429712,190.8640893829017
2280000,1140000.0,-67.51695251464844,0.3210034337653817,-67.19594908088305,165.5596190486598
2281000,1140500.0,-67.6082534790039,0.4133314912315551,-67.19492198777235,213.17841814466786
2282000,1141000.0,-67.58614349365234,0.390980021407868,-67.19516347224447,201.6505014934961
2283000,1141500.0,-67.58463287353516,0.3823150763660195,-67.20231779716913,197.18149945392753
2284000,1142000.0,-67.6134262084961,0.4221123853029236,-67.19131382319317,217.70722165405633
2285000,1142500.0,-67.61489868164062,0.41194646537477375,-67.20295221626586,212.4640820064792
2286000,1143000.0,-67.61609649658203,0.41177560677350467,-67.20432088980853,212.3759605661398
2287000,1143500.0,-67.61553955078125,0.41431267725352894,-67.20122687352772,213.6844712485502
2288000,1144000.0,-67.71739196777344,0.5211852614063698,-67.19620670636706,268.80470504649264
2289000,1144500.0,-67.65167999267578,0.44909368446254705,-67.20258630821323,231.6230030458843
2290000,1145000.0,-67.6407470703125,0.44184728625390246,-67.1988997840586,227.885625807188
2291000,1145500.0,-67.61959075927734,0.42164370550796304,-67.19794705376938,217.4654969865059
2292000,1146000.0,-67.63717651367188,0.43653955859849014,-67.20063695507338,225.14813057750655
2293000,1146500.0,-67.60780334472656,0.40092326586726323,-67.2068800788593,206.7787948126522
2294000,1147000.0,-67.52954864501953,0.3316185688108157,-67.19793007620872,171.03444432905425
2295000,1147500.0,-67.61890411376953,0.4131691970837545,-67.20573491668577,213.09471387718227
2296000,1148000.0,-67.65515899658203,0.45346140027377524,-67.20169759630825,233.87568102299363
2297000,1148500.0,-67.6593246459961,0.4560057082304369,-67.20331893776566,235.18792448128403
2298000,1149000.0,-67.51404571533203,0.3168435596961732,-67.19720215563586,163.4141368084545
2299000,1149500.0,-67.56968688964844,0.36728229694519504,-67.20240459270325,189.4282452131231
2300000,1150000.0,-67.69758605957031,0.4889982164968384,-67.20858784307347,252.20402625930262
2301000,1150500.0,-67.49588012695312,0.2975195270718075,-67.19836059988131,153.44764068021624
2302000,1151000.0,-67.65571594238281,0.4502555163802972,-67.20546042600252,232.22222545121807
2303000,1151500.0,-67.6772232055664,0.4785158280887706,-67.19870737747763,246.7976659247642
2304000,1152000.0,-67.539794921875,0.33875465171664004,-67.20104027015836,174.71492572929822
2305000,1152500.0,-67.70378112792969,0.49689425582163976,-67.20688687210804,256.2764601497227
2306000,1153000.0,-67.53993225097656,0.34025164965971066,-67.19968060131686,175.48701220284212
2307000,1153500.0,-67.72514343261719,0.5189522762675886,-67.2061911563496,267.65302836633555
2308000,1154000.0,-67.59576416015625,0.3906527490011509,-67.2051114111551,201.48170861067348
2309000,1154500.0,-67.75424194335938,0.5469830102006458,-67.20725893315873,282.11006260168637
2310000,1155000.0,-67.58097839355469,0.37147097854103767,-67.20950741501365,191.5885851234765
2311000,1155500.0,-67.73609161376953,0.5331406208487905,-67.20295099292073,274.97075981936354
2312000,1156000.0,-67.65518951416016,0.45407811055653263,-67.20111140360362,234.19375338215514
2313000,1156500.0,-67.6512451171875,0.45193043087864243,-67.19931468630885,233.08607355101063
2314000,1157000.0,-67.5640869140625,0.36038742916673233,-67.20369948489576,185.87217209140226
2315000,1157500.0,-67.70774841308594,0.5056030248027753,-67.20214538828316,260.7680646724126
2316000,1158000.0,-67.69098663330078,0.48961696046893827,-67.20136967283185,252.52314750703476
2317000,1158500.0,-67.52671813964844,0.32790316361168703,-67.19881497603674,169.11819981364903
2318000,1159000.0,-67.53402709960938,0.334785100194899,-67.19924199941448,172.66760358690075
2319000,1159500.0,-67.63675689697266,0.433428334565349,-67.20332856240731,223.5434964473983
2320000,1160000.0,-67.59808349609375,0.3980141812819874,-67.20006931481176,205.2784154239675
2321000,1160500.0,-67.65821838378906,0.4576962767154196,-67.20052210707364,236.0598462269996
2322000,1161000.0,-67.61125183105469,0.404666340967547,-67.20658549008714,208.70931026042913
2323000,1161500.0,-67.57139587402344,0.3637534920501733,-67.20764238197326,187.60824102418397
2324000,1162000.0,-67.59701538085938,0.4000514976955945,-67.19696388316378,206.32917468022174
2325000,1162500.0,-67.5591049194336,0.3600096220561608,-67.19909529737744,185.677315604771
2326000,1163000.0,-67.66156768798828,0.4598574551993843,-67.2017102327889,237.1744881556055
2327000,1163500.0,-67.73703002929688,0.5308917059948686,-67.206138323302,273.8108672845057
2328000,1164000.0,-67.57098388671875,0.37221957236277314,-67.19876431435598,191.97467727985912
2329000,1164500.0,-67.58040618896484,0.3706891151435203,-67.20971707382132,191.1853339659338
2330000,1165000.0,-67.56623077392578,0.3652200724844138,-67.20101070144136,188.36463946873934
2331000,1165500.0,-67.57953643798828,0.3788386974618848,-67.2006977405264,195.38853431244559
2332000,1166000.0,-67.64923858642578,0.4392013899131755,-67.2100371965126,226.5209874758324
2333000,1166500.0,-67.53915405273438,0.33339214011151064,-67.20576191262286,171.9491753194813
2334000,1167000.0,-67.63479614257812,0.426906056506977,-67.20789008607115,220.1795889090673
2335000,1167500.0,-67.6114730834961,0.40013772922347285,-67.21133535427262,206.37364915433582
2336000,1168000.0,-67.6639404296875,0.45669653164037943,-67.20724389804712,235.544221170196
2337000,1168500.0,-67.5765151977539,0.368025959053211,-67.2084892387007,189.81179380592113
2338000,1169000.0,-67.63232421875,0.43095712668858543,-67.20136709206142,222.26895483309875
2339000,1169500.0,-67.69990539550781,0.49096989174008304,-67.20893550376773,253.2209306529106
2340000,1170000.0,-67.6443099975586,0.4394768604179363,-67.20483313714065,226.66306318914297
2341000,1170500.0,-67.69612884521484,0.49218180944637385,-67.20394703576846,253.8459851310458
2342000,1171000.0,-67.56314849853516,0.3619181607664299,-67.20123033776872,186.66165691883532
2343000,1171500.0,-67.61163330078125,0.41072976008917533,-67.20090354069208,211.8365583030244
2344000,1172000.0,-67.66311645507812,0.4598115962256793,-67.20330485885245,237.15083609018205
2345000,1172500.0,-67.569580078125,0.3677829020238284,-67.20179717610117,189.68643555439198
2346000,1173000.0,-67.65267181396484,0.45041032178954954,-67.2022614921753,232.30206735285086
2347000,1173500.0,-67.63645935058594,0.4366304706054312,-67.1998288799805,225.1950190392889
2348000,1174000.0,-67.64588928222656,0.44072637666584147,-67.20516290556073,227.3075093608605
2349000,1174500.0,-67.4949951171875,0.28992338171024146,-67.20507173547726,149.52987906144708
2350000,1175000.0,-67.6240005493164,0.4198038128088417,-67.20419673650757,216.51656030136263
2351000,1175500.0,-67.62906646728516,0.43101621824275044,-67.19805024904241,222.29943168838278
2352000,1176000.0,-67.64420318603516,0.4395347455731876,-67.20466844046197,226.69291783630223
2353000,1176500.0,-67.57563781738281,0.3733619271950944,-67.20227589018772,192.56385425108036
2354000,1177000.0,-67.69420623779297,0.4923619963086761,-67.2018442414843,253.93891768298275
2355000,1177500.0,-67.70611572265625,0.503707513042539,-67.20240820961371,259.7904420929721
2356000,1178000.0,-67.65717315673828,0.45418951893068604,-67.20298363780759,234.2512129792919
2357000,1178500.0,-67.63961029052734,0.43568246587621096,-67.20392782465113,224.70607940401774
2358000,1179000.0,-67.56950378417969,0.3659941933331161,-67.20350959084656,188.76389735612523
2359000,1179500.0,-67.63884735107422,0.4373137068527814,-67.20153364422144,225.54740259950407
2360000,1180000.0,-67.48011779785156,0.2828054233113627,-67.1973123745402,145.85874549412242
2361000,1180500.0,-67.56016540527344,0.35480315292223535,-67.20536225235121,182.9920451193739
2362000,1181000.0,-67.65950775146484,0.4584564361762759,-67.20105131528857,236.45190343735203
2363000,1181500.0,-67.64810180664062,0.44780737560149825,-67.20029443103913,230.95958084346074
2364000,1182000.0,-67.65420532226562,0.4563440346328447,-67.19786128763278,235.36241853463324
2365000,1182500.0,-67.58171844482422,0.3827307808358315,-67.19898766398839,197.3959017512849
2366000,1183000.0,-67.6412124633789,0.4383654981014621,-67.20284696527744,226.08987081053746
2367000,1183500.0,-67.51716613769531,0.3129116420048171,-67.20425449569049,161.38622456005345
2368000,1184000.0,-67.68509674072266,0.48690315454689176,-67.19819358617576,251.12348436525542
2369000,1184500.0,-67.65577697753906,0.4475807979671735,-67.20819617957189,230.84272194764227
2370000,1185000.0,-67.58407592773438,0.3811264871231658,-67.2029494406112,196.56847678328526
2371000,1185500.0,-67.61473083496094,0.4099520889021974,-67.20477874605874,211.4354693054678
2372000,1186000.0,-67.65667724609375,0.45056817585799347,-67.20610907023575,232.38348162038784
2373000,1186500.0,-67.5616683959961,0.35483538031660544,-67.20683301567949,183.0086666086591
2374000,1187000.0,-67.5517578125,0.3427917495609693,-67.20896606293903,176.79708532905448
2375000,1187500.0,-67.62701416015625,0.4143564631416078,-67.21265769701465,213.7070541065122
2376000,1188000.0,-67.72960662841797,0.5198280183034427,-67.20977861011453,268.1046980451929
2377000,1188500.0,-67.56413269042969,0.3565210693092533,-67.20761162112044,183.87807172431053
2378000,1189000.0,-67.66873168945312,0.4692845674426062,-67.19944712201053,242.0365829108208
2379000,1189500.0,-67.58924102783203,0.37945201115353205,-67.2097890166785,195.70485485754187
2380000,1190000.0,-67.6465072631836,0.4392699215755196,-67.20723734160808,226.55633312861056
2381000,1190500.0,-67.6129379272461,0.4109594287476613,-67.20197849849843,211.95501141475697
2382000,1191000.0,-67.53890228271484,0.3395514310053172,-67.19935085170953,175.1258698551971
2383000,1191500.0,-67.61188507080078,0.4093411211528711,-67.2025439496479,211.12035869545662
2384000,1192000.0,-67.54906463623047,0.345261079116978,-67.20380355711349,178.07065818714796
2385000,1192500.0,-67.56795501708984,0.36158002246607146,-67.20637499462377,186.4872598803475
2386000,1193000.0,-67.61212158203125,0.410563440108885,-67.20155814192236,211.7507776861193
2387000,1193500.0,-67.478515625,0.28307157856534465,-67.19544404643466,145.99601680595907
2388000,1194000.0,-67.59449005126953,0.38878299671177563,-67.20570705455775,200.5173716466939
2389000,1194500.0,-67.59850311279297,0.3962651220232972,-67.20223799076967,204.37632667941554
2390000,1195000.0,-67.64746856689453,0.45048890188110163,-67.19697966501343,232.34259554866975
2391000,1195500.0,-67.67693328857422,0.4760531941512299,-67.20088009442298,245.5275463756583
2392000,1196000.0,-67.5699234008789,0.363427928700559,-67.20649547217835,187.44032959873252
2393000,1196500.0,-67.64359283447266,0.44741946479165134,-67.196173369681,230.75951330789022
2394000,1197000.0,-67.68506622314453,0.49015239809501093,-67.19491382504953,252.79930296231163
2395000,1197500.0,-67.68126678466797,0.49119240454185076,-67.19007438012612,253.33569308476993
2396000,1198000.0,-67.66317749023438,0.46897143896465787,-67.19420605126972,241.87508485170565
2397000,1198500.0,-67.65989685058594,0.45907226470351664,-67.20082458588242,236.76952102534267
2398000,1199000.0,-67.58721160888672,0.38686323089480484,-67.20034837799192,199.52723987896763
2399000,1199500.0,-67.5388412475586,0.3454303523754977,-67.19341089518309,178.1579619766025
2400000,1200000.0,-67.68253326416016,0.4879636502984498,-67.1945696138617,251.6704419805406
2401000,1200500.0,-67.73370361328125,0.5373558338382858,-67.19634777944296,277.1447834694029
2402000,1201000.0,-67.55061340332031,0.3532435125094483,-67.19736989081086,182.18765038264144
2403000,1201500.0,-67.53397369384766,0.3398472782213525,-67.1941264156263,175.27845499052998
2404000,1202000.0,-67.72610473632812,0.530898651189252,-67.19520608513888,273.81444931390286
2405000,1202500.0,-67.47744750976562,0.28958762309961655,-67.187859886666,149.35670936349302
2406000,1203000.0,-67.63775634765625,0.4457975702361819,-67.19195877742007,229.92301059017512
2407000,1203500.0,-67.55380249023438,0.3541930837103885,-67.19960940652399,182.67739793594063
2408000,1204000.0,-67.58318328857422,0.38218001401401097,-67.20100327456021,197.11184016310918
2409000,1204500.0,-67.5906982421875,0.388346721934194,-67.2023515202533,200.29236007865646
2410000,1205000.0,-67.57706451416016,0.38178704151089676,-67.19527747264927,196.90916202615276
2411000,1205500.0,-67.66686248779297,0.4695825312154478,-67.19727995657752,242.1902596741604
2412000,1206000.0,-67.57586669921875,0.3891254973558402,-67.18674120186292,200.6940185924605
2413000,1206500.0,-67.64617156982422,0.45714511116764933,-67.18902645865657,235.77557899330924
2414000,1207000.0,-67.64129638671875,0.44867854886031433,-67.19261783785844,231.40889414569907
2415000,1207500.0,-67.71371459960938,0.5199577302493609,-67.19375686936002,268.17159782909977
2416000,1208000.0,-67.58475494384766,0.39915732706918394,-67.18559761677847,205.86800033533535
2417000,1208500.0,-67.60527038574219,0.4098882329533648,-67.19538215278882,211.40253518249375
2418000,1209000.0,-67.64395141601562,0.4438854515866146,-67.20006596442902,228.93682289901923
2419000,1209500.0,-67.6339111328125,0.4411168421402941,-67.19279429067221,227.50889448139876
2420000,1210000.0,-67.57868194580078,0.3858124926819924,-67.19286945311879,198.98531477806594
2421000,1210500.0,-67.72222900390625,0.5223638447720567,-67.19986515913419,269.41256712058754
2422000,1211000.0,-67.62818908691406,0.4328528787671771,-67.19533620814688,223.24670135830178
2423000,1211500.0,-67.72443389892578,0.532797318362494,-67.19163658056328,274.7936993182249
2424000,1212000.0,-67.71281433105469,0.5224859627276273,-67.19032836832706,269.4755502543382
2425000,1212500.0,-67.63209533691406,0.43924072512883855,-67.19285461178522,226.54127487040634
2426000,1213000.0,-67.63368225097656,0.43749086736054965,-67.19619138361601,225.63877428930977
2427000,1213500.0,-67.64896392822266,0.45456111476458316,-67.19440281345807,234.44286595938132
2428000,1214000.0,-67.55823516845703,0.36102456466090005,-67.19721060379614,186.2007788868482
2429000,1214500.0,-67.55242919921875,0.35962409646068166,-67.19280510275807,185.47847825910046
2430000,1215000.0,-67.69175720214844,0.49787282175806974,-67.19388438039037,256.78116192736087
2431000,1215500.0,-67.71498107910156,0.5259829839389227,-67.18899809516265,271.2791618006568
2432000,1216000.0,-67.5550308227539,0.3648070974554702,-67.19022372529844,188.15164489834953
2433000,1216500.0,-67.51585388183594,0.3272539129593297,-67.1885999688766,168.7833445461819
2434000,1217000.0,-67.61238861083984,0.42887295906098905,-67.18351565177885,221.19403175700916
2435000,1217500.0,-67.629150390625,0.4413348003398546,-67.18781559028514,227.62130784740077
2436000,1218000.0,-67.67436981201172,0.49260388980986985,-67.18176592220185,254.06367583724364
2437000,1218500.0,-67.598388671875,0.4127817906897496,-67.18560688118525,212.89490649737914
2438000,1219000.0,-67.6326904296875,0.44902776705923075,-67.18366266262827,231.5890057142866
2439000,1219500.0,-67.56549072265625,0.38189035100356583,-67.18360037165269,196.96244457222951
2440000,1220000.0,-67.53559875488281,0.3492299504143853,-67.18636880446843,180.1176294993993
2441000,1220500.0,-67.73326873779297,0.5441378644721934,-67.18913087332078,280.6426600963139
2442000,1221000.0,-67.50772094726562,0.31837796585538414,-67.18934298141023,164.2055168139735
2443000,1221500.0,-67.6515121459961,0.46298085857048593,-67.1885312874256,238.78540385887126
2444000,1222000.0,-67.59766387939453,0.4054123561868555,-67.19225152320767,209.09407248575627
2445000,1222500.0,-67.56053161621094,0.3698833974173889,-67.19064821879356,190.76977978249613
2446000,1223000.0,-67.69119262695312,0.5063731684678819,-67.18481945848524,261.1652713013641
2447000,1223500.0,-67.68122100830078,0.4888347786846317,-67.19238622961615,252.11973213942457
2448000,1224000.0,-67.6345443725586,0.4425999005198001,-67.1919444720388,228.27379153392496
2449000,1224500.0,-67.6734619140625,0.4768447913258915,-67.19661712273661,245.93581779238326
2450000,1225000.0,-67.61994171142578,0.42808622399889823,-67.19185548742688,220.78826800662142
2451000,1225500.0,-67.57418823242188,0.37992759304570967,-67.19426063937617,195.9501393268442
2452000,1226000.0,-67.62760162353516,0.4371278885378314,-67.19047373499733,225.45156558905677
2453000,1226500.0,-67.58739471435547,0.4040558523870721,-67.1833388619684,208.39444678488496
2454000,1227000.0,-67.51243591308594,0.32170819626233743,-67.1907277168236,165.92310491280497
2455000,1227500.0,-67.58536529541016,0.40035667828370697,-67.18500861712644,206.48657356320652
2456000,1228000.0,-67.6371078491211,0.4458296180690359,-67.19127823105205,229.9395394694348
2457000,1228500.0,-67.6119613647461,0.42643101411444073,-67.18553035063165,219.93458269023117
2458000,1229000.0,-67.67938232421875,0.4922923935708268,-67.18708993064793,253.90301961601224
2459000,1229500.0,-67.6308364868164,0.4475462647227936,-67.18329022209362,230.82491120114344
2460000,1230000.0,-67.67325592041016,0.49210142871827994,-67.18115449169187,253.8045282451615
2461000,1230500.0,-67.58425903320312,0.3987324597844409,-67.18552657341868,205.64887225628897
2462000,1231000.0,-67.6811294555664,0.49629138194778005,-67.18483807361862,255.96552400888515
2463000,1231500.0,-67.67620849609375,0.48847408078073956,-67.18773441531302,251.93369983796427
2464000,1232000.0,-67.67151641845703,0.4886963743201799,-67.18282004413685,252.04834918384518
2465000,1232500.0,-67.7115478515625,0.5298163357694861,-67.18173151579302,273.2562380621257
2466000,1233000.0,-67.68894958496094,0.5055278005200641,-67.18342178444087,260.7292672569371
2467000,1233500.0,-67.69843292236328,0.517356071543046,-67.18107685082023,266.82977534683016
2468000,1234000.0,-67.70050048828125,0.5186545681700525,-67.1818459201112,267.4994834692059
2469000,1234500.0,-67.60196685791016,0.4128629943635333,-67.18910386354662,212.93678782288174
2470000,1235000.0,-67.66267395019531,0.48707710674981025,-67.1755968434455,251.21320135086532
2471000,1235500.0,-67.6226577758789,0.4409043473674238,-67.18175342851148,227.39929891342126
2472000,1236000.0,-67.64826965332031,0.4691874198628256,-67.17908223345749,241.98647841159064
2473000,1236500.0,-67.56150817871094,0.3892178067095323,-67.1722903720014,200.7416277449628
2474000,1237000.0,-67.46826171875,0.2935777910138309,-67.17468392773617,151.41466454505766
2475000,1237500.0,-67.74650573730469,0.5692440072491981,-67.17726173005549,293.5913173277507
2476000,1238000.0,-67.59519958496094,0.42215130373139303,-67.17304828122954,217.72729408791096
2477000,1238500.0,-67.52183532714844,0.338778189892046,-67.1830571372564,174.72706569710977
2478000,1239000.0,-67.63815307617188,0.4653817755480748,-67.1727713006238,240.02369248249886
2479000,1239500.0,-67.69123077392578,0.5182091328042937,-67.1730216411215,267.2697472679423
2480000,1240000.0,-67.48194885253906,0.30023221157755564,-67.18171664096151,154.8467254442101
2481000,1240500.0,-67.51437377929688,0.3335945995019042,-67.18077917979497,172.05359507335493
2482000,1241000.0,-67.63990783691406,0.45982361418635204,-67.18008422272771,237.15703443194863
2483000,1241500.0,-67.68209838867188,0.504381751525071,-67.1777166371468,260.13818499717274
2484000,1242000.0,-67.69660949707031,0.5140758306717252,-67.18253366639858,265.13796967773374
2485000,1242500.0,-67.58409118652344,0.40476037130117754,-67.17933081522226,208.757807019583
2486000,1243000.0,-67.67144775390625,0.4911886580087936,-67.18025909589745,253.3337607858583
2487000,1243500.0,-67.67195892333984,0.48942041031398154,-67.18253851302586,252.42177547996053
2488000,1244000.0,-67.61054229736328,0.42396057744257765,-67.18658171992071,218.66043882989965
2489000,1244500.0,-67.62675476074219,0.43765551358357463,-67.18909924715861,225.72369165496553
2490000,1245000.0,-67.49264526367188,0.3070778144863185,-67.18556744918556,158.37738988738715
2491000,1245500.0,-67.61736297607422,0.42873129215845207,-67.18863168391577,221.1209661260883
2492000,1246000.0,-67.55583953857422,0.3687973589723883,-67.18704217960183,190.20964835612043
2493000,1246500.0,-67.6019058227539,0.42659109604151013,-67.1753147267124,220.01714599041554
2494000,1247000.0,-67.64067840576172,0.45069315027978357,-67.18998525548193,232.44793799526113
2495000,1247500.0,-67.52597045898438,0.34123766639912423,-67.18473279258525,175.99555678081765
2496000,1248000.0,-67.73694610595703,0.5598290864878056,-67.17711701946922,288.73551040897263
2497000,1248500.0,-67.67097473144531,0.4841459499418822,-67.18682878150344,249.7014380690833
2498000,1249000.0,-67.57311248779297,0.3852750822669579,-67.18783740552601,198.70814184398782
2499000,1249500.0,-67.52550506591797,0.33894242032671773,-67.18656264559125,174.81176861720476
2500000,1250000.0,-67.53006744384766,0.34771363526422866,-67.18235380858343,179.33558005004318
2501000,1250500.0,-67.678466796875,0.49471334552624957,-67.18375345134875,255.15164141040665
2502000,1251000.0,-67.6264877319336,0.4439930106050667,-67.18249472132852,228.99229716579356
2503000,1251500.0,-67.44978332519531,0.2666686199871176,-67.1831147052082,137.53608370920887
2504000,1252000.0,-67.58924102783203,0.4026546504359117,-67.18658637739613,207.67176772029305
2505000,1252500.0,-67.7040023803711,0.5176241183615484,-67.18637826200954,266.9680222454316
2506000,1253000.0,-67.55655670166016,0.3756986784794413,-67.18085802318072,193.7690489990303
2507000,1253500.0,-67.71192932128906,0.5262863364964836,-67.18564298479258,271.43561786493655
2508000,1254000.0,-67.74725341796875,0.55746684424243,-67.18978657372632,287.5171685312627
2509000,1254500.0,-67.68206787109375,0.4969963533041222,-67.18507151778962,256.32911759362395
2510000,1255000.0,-67.61644744873047,0.4283686914477447,-67.18807875728272,220.93395243957627
2511000,1255500.0,-67.55276489257812,0.37334276409163586,-67.1794221284865,192.55397075522123
2512000,1256000.0,-67.55064392089844,0.37441459942449623,-67.17622932147394,193.1067768336788
2513000,1256500.0,-67.64300537109375,0.45807799520061027,-67.18492737589314,236.25672003065552
2514000,1257000.0,-67.59725952148438,0.4214236505806283,-67.17583587090375,217.3520022194501
2515000,1257500.0,-67.58260345458984,0.3992464746767597,-67.18335697991309,205.91397879661292
2516000,1258000.0,-67.57886505126953,0.3951365888069132,-67.18372846246262,203.79427829695229
2517000,1258500.0,-67.56334686279297,0.3837806879822226,-67.17956617481074,197.93739822424791
2518000,1259000.0,-67.71440124511719,0.5412088313164296,-67.17319241380076,279.1319921020158
2519000,1259500.0,-67.61981201171875,0.4471182796271239,-67.17269373209163,230.6041750907336
2520000,1260000.0,-67.53235626220703,0.3571221103739129,-67.17523415183312,184.18806258182383
2521000,1260500.0,-67.53143310546875,0.3535557187821011,-67.17787738668665,182.34867280834789
2522000,1261000.0,-67.6943588256836,0.5223901014117187,-67.17196872427188,269.4261091541071
2523000,1261500.0,-67.54642486572266,0.3696110470381199,-67.17681381868454,190.62931329430123
2524000,1262000.0,-67.70333862304688,0.5291790379922799,-67.1741595850546,272.927547568142
2525000,1262500.0,-67.606201171875,0.43787550044715456,-67.16832567142785,225.83715131769495
2526000,1263000.0,-67.59563446044922,0.41835855030872704,-67.1772759101405,215.77115672066702
2527000,1263500.0,-67.61499786376953,0.4438209278560994,-67.17117693591344,228.90354436327777
2528000,1264000.0,-67.54469299316406,0.36691175330531106,-67.17778123985875,189.2371349089731
2529000,1264500.0,-67.6219711303711,0.44738615636520007,-67.1745849740059,230.7423342692435
2530000,1265000.0,-67.67268371582031,0.501910776139119,-67.1707729396812,258.86376329152887
2531000,1265500.0,-67.58956146240234,0.42055154185201743,-67.16900992055032,216.90220644255083
2532000,1266000.0,-67.60941314697266,0.4422555395401214,-67.16715760743253,228.0961851079062
2533000,1266500.0,-67.73233795166016,0.5550586893161783,-67.17727926234397,286.2751468883049
2534000,1267000.0,-67.61068725585938,0.4345193825354215,-67.17616787332395,224.10621156907214
2535000,1267500.0,-67.61023712158203,0.44292365321420557,-67.16731346836782,228.44076910211797
2536000,1268000.0,-67.60029602050781,0.4286049149463477,-67.17169110556146,221.05578625294177
2537000,1268500.0,-67.58026123046875,0.4077922407508955,-67.17246898971786,210.3215135046278
2538000,1269000.0,-67.56353759765625,0.3921676633246791,-67.17136993433157,202.2630355745402
2539000,1269500.0,-67.75125122070312,0.5758548588641547,-67.17539636183896,297.00090725680855
2540000,1270000.0,-67.46112060546875,0.29375714456439517,-67.16736346090435,151.5071673110192
2541000,1270500.0,-67.67550659179688,0.5085472253441554,-67.16695936645272,262.28655534497665
2542000,1271000.0,-67.56034851074219,0.3882541169240344,-67.17209439381816,200.24459843939863
2543000,1271500.0,-67.72933959960938,0.5548695095294698,-67.17447009007991,286.17757617682753
2544000,1272000.0,-67.5873794555664,0.4166429215720099,-67.1707365339944,214.88630998632513
2545000,1272500.0,-67.56855773925781,0.3936422358008259,-67.17491550345699,203.02355596694488
2546000,1273000.0,-67.56160736083984,0.38484917029378857,-67.17675819054605,198.4884749600575
2547000,1273500.0,-67.70539093017578,0.5333630174139024,-67.17202791276188,275.08546230140786
2548000,1274000.0,-67.64120483398438,0.4660750581506413,-67.17512977583374,240.38125751607998
2549000,1274500.0,-67.57556915283203,0.4091306589991034,-67.16643849383293,211.01181146406657
2550000,1275000.0,-67.69898986816406,0.5356165293762285,-67.16337333878784,276.2477258249719
2551000,1275500.0,-67.6069107055664,0.44371939485665673,-67.16319131070975,228.8511780551937
2552000,1276000.0,-67.58402252197266,0.4086909540345294,-67.17533156793813,210.785030754668
2553000,1276500.0,-67.45401763916016,0.28225699165504037,-67.17176064750511,145.57588828281507
2554000,1277000.0,-67.68950653076172,0.5122560960490342,-67.17725043471269,264.1994296522629
2555000,1277500.0,-67.58708953857422,0.413564941529377,-67.17352459704485,213.29882166160482
2556000,1278000.0,-67.58055877685547,0.4043222276027477,-67.17623654925272,208.5318315434028
2557000,1278500.0,-67.55561065673828,0.3832318687913505,-67.17237878794693,197.65434113946364
2558000,1279000.0,-67.57424926757812,0.3997689272309065,-67.17448034034722,206.18343711617334
2559000,1279500.0,-67.5860824584961,0.4088287194793202,-67.17725373901678,210.85608418325629
2560000,1280000.0,-67.63839721679688,0.46752403051769814,-67.17087318627918,241.12857448489876
2561000,1280500.0,-67.52468872070312,0.34961444151119603,-67.17507427919193,180.3159332956201
2562000,1281000.0,-67.65130615234375,0.47002310809162556,-67.18128304425213,242.4174900776674
2563000,1281500.0,-67.58433532714844,0.4082825665106193,-67.17605276063782,210.57440221998326
2564000,1282000.0,-67.5872802734375,0.4203093569196239,-67.16697091651788,216.77729798074384
2565000,1282500.0,-67.56517028808594,0.38879967549192934,-67.17637061259401,200.52597383657098
2566000,1283000.0,-67.64330291748047,0.4671286008513478,-67.17617431662912,240.9246290499432
2567000,1283500.0,-67.51659393310547,0.34535115244452586,-67.17124278066095,178.11711409455162
2568000,1284000.0,-67.76671600341797,0.5981768716835301,-67.16853913173443,308.513631265475
2569000,1284500.0,-67.67330932617188,0.49676554498061165,-67.17654378119127,256.2100766922061
2570000,1285000.0,-67.58836364746094,0.41101222253661707,-67.17735142492432,211.98224015647205
2571000,1285500.0,-67.71043395996094,0.5365541203731758,-67.17387983958776,276.731294509759
2572000,1286000.0,-67.53741455078125,0.3605778927866447,-67.1768366579946,185.9704049482457
2573000,1286500.0,-67.49107360839844,0.3208046630737056,-67.17026894532474,165.45710176525907
2574000,1287000.0,-67.63088989257812,0.4555522126155177,-67.17533767996261,234.95403115383402
2575000,1287500.0,-67.67618560791016,0.5058552424797037,-67.17033036543046,260.89814758778766
2576000,1288000.0,-67.60001373291016,0.4236126276107058,-67.17640110529945,218.48098142990543
2577000,1288500.0,-67.55736541748047,0.3817129513575666,-67.1756524661229,196.87094954531815
2578000,1289000.0,-67.6634750366211,0.48577321331929574,-67.1777018233018,250.54070979180676
2579000,1289500.0,-67.59609985351562,0.41746655896729346,-67.17863329454833,215.31110635625134
2580000,1290000.0,-67.67894744873047,0.5035944351964271,-67.17535301353404,259.73212145476106
2581000,1290500.0,-67.49978637695312,0.32923103954892274,-67.1705553374042,169.80306050729914
2582000,1291000.0,-67.59556579589844,0.42385152609550847,-67.17171426980293,218.6041948848872
2583000,1291500.0,-67.58722686767578,0.4115900569461123,-67.17563681072967,212.2802620299052
2584000,1292000.0,-67.62958526611328,0.4633888172506941,-67.16619644886259,238.9958112146138
2585000,1292500.0,-67.53551483154297,0.36242675884347225,-67.1730880726995,186.923969701276
2586000,1293000.0,-67.5448226928711,0.3781969294822905,-67.16662576338881,195.05753828236286
2587000,1293500.0,-67.6438217163086,0.475706235573369,-67.16811548073522,245.34860022139907
2588000,1294000.0,-67.54229736328125,0.37539277017268424,-67.16690459310857,193.61127479039823
2589000,1294500.0,-67.63170623779297,0.4617894902926247,-67.16991674750034,238.17094788276003
2590000,1295000.0,-67.62379455566406,0.4569144048708077,-67.16688015079326,235.6565907128127
2591000,1295500.0,-67.63529968261719,0.4613882757082829,-67.1739114069089,237.96401883854006
2592000,1296000.0,-67.53325653076172,0.3652733070732371,-67.16798322368848,188.39209555586717
2593000,1296500.0,-67.64752197265625,0.4772853518300014,-67.17023662082624,246.16303975188924
2594000,1297000.0,-67.55764770507812,0.386317938307449,-67.17132976677068,199.24600166299678
2595000,1297500.0,-67.6464614868164,0.4691000798366636,-67.17736140697974,241.94143222224162
2596000,1298000.0,-67.59012603759766,0.4180426711011335,-67.17208336649652,215.60823995475852
2597000,1298500.0,-67.55622100830078,0.38052873553088673,-67.1756922727699,196.26018249265226
2598000,1299000.0,-67.64918518066406,0.4772445100772086,-67.17194067058685,246.1419753509439
2599000,1299500.0,-67.46321105957031,0.29133700371689913,-67.17187405585341,150.2589638508394
2600000,1300000.0,-67.6624526977539,0.4870002241634907,-67.17545247359041,251.17354865446507
2601000,1300500.0,-67.63760375976562,0.46432158535392315,-67.1732821744117,239.47689246044314
2602000,1301000.0,-67.56742095947266,0.39238068541600124,-67.17504027405666,202.37290311045575
2603000,1301500.0,-67.61088562011719,0.4355686054914811,-67.1753170146257,224.64735516639982
2604000,1302000.0,-67.65238952636719,0.4799312675952228,-67.17245825877197,247.5276881015548
2605000,1302500.0,-67.58845520019531,0.4140927640808853,-67.17436243611442,213.57104959240283
2606000,1303000.0,-67.6439208984375,0.4678556938944439,-67.17606520454305,241.29963203921315
2607000,1303500.0,-67.55928039550781,0.3888142986849598,-67.17046609682285,200.5335158439539
2608000,1304000.0,-67.5893325805664,0.4145835148421025,-67.1747490657243,213.82415750505632
2609000,1304500.0,-67.63402557373047,0.45998946250000317,-67.17403611123046,237.24257178370172
2610000,1305000.0,-67.5438003540039,0.37194537994446747,-67.17185497405944,191.83326074799143
2611000,1305500.0,-67.59654998779297,0.419398621755421,-67.17715136603755,216.30758036722492
2612000,1306000.0,-67.72317504882812,0.5496278517722475,-67.17354719705588,283.47415692897164
2613000,1306500.0,-67.63831329345703,0.46380589670718525,-67.17450739674985,239.21092267033788
2614000,1307000.0,-67.52751159667969,0.351791353734955,-67.17572024294473,181.43869000336088
2615000,1307500.0,-67.5796127319336,0.4032688966711658,-67.17634383526243,207.9885692308497
2616000,1308000.0,-67.66211700439453,0.48827069957780517,-67.17384630481672,251.8288046532477
2617000,1308500.0,-67.5859603881836,0.4151944343792227,-67.17076595380438,214.13924324930704
2618000,1309000.0,-67.58757019042969,0.4095886093651663,-67.17798158106451,211.24800235853525
2619000,1309500.0,-67.63371276855469,0.4566366621256501,-67.17707610642904,235.51334307666613
2620000,1310000.0,-67.72265625,0.5446635302164773,-67.17799271978352,280.913775639689
2621000,1310500.0,-67.56722259521484,0.39246994536224156,-67.1747526498526,202.4189395111338
2622000,1311000.0,-67.54229736328125,0.3705743168722133,-67.17172304640904,191.12612600718367
2623000,1311500.0,-67.6158447265625,0.4457958793202227,-67.17004884724227,229.92213848921733
2624000,1312000.0,-67.58396911621094,0.4118729954583403,-67.1720961207526,212.42618941687795
2625000,1312500.0,-67.62371826171875,0.45080624842267114,-67.17291201329608,232.50626910166687
2626000,1313000.0,-67.77059936523438,0.589929428844777,-67.18066993638959,304.2599587159547
2627000,1313500.0,-67.56502532958984,0.3906607469738829,-67.17436458261596,201.4858336173849
2628000,1314000.0,-67.54243469238281,0.3618472404761312,-67.18058745190667,186.62507931557747
2629000,1314500.0,-67.52924346923828,0.35113772926252795,-67.17810573997575,181.10157890960542
2630000,1315000.0,-67.62637329101562,0.4512968349720816,-67.17507645604354,232.75929232100773
2631000,1315500.0,-67.66180419921875,0.48351808201050955,-67.17828611720824,249.37761107972187
2632000,1316000.0,-67.70488739013672,0.5233977647615409,-67.18148962537518,269.9458181128835
2633000,1316500.0,-67.65431213378906,0.47811390660197267,-67.17619822718709,246.59037229098217
2634000,1317000.0,-67.56802368164062,0.39226674200534417,-67.17575693963528,202.31413605167322
2635000,1317500.0,-67.52728271484375,0.35340490034028665,-67.17387781450347,182.27088721123005
2636000,1318000.0,-67.46463012695312,0.29198706093354576,-67.17264306601957,150.59423510911046
2637000,1318500.0,-67.67474365234375,0.5051952343339632,-67.16954841800978,260.557744072797
2638000,1319000.0,-67.56449890136719,0.38597100990505867,-67.17852789146212,199.06707107193375
2639000,1319500.0,-67.6454849243164,0.4689153366236882,-67.17656958769271,241.84614970266463
2640000,1320000.0,-67.48007202148438,0.30673220641101356,-67.17333981507336,158.1991402636481
2641000,1320500.0,-67.60912322998047,0.4261442132777796,-67.18297901670269,219.78666328418782
2642000,1321000.0,-67.60737609863281,0.4292959404150018,-67.17808015821781,221.4121871549549
2643000,1321500.0,-67.64227294921875,0.4681124947718177,-67.17416045444693,241.43207877017377
2644000,1322000.0,-67.57586669921875,0.4019613106138077,-67.17390538860494,207.31417317536147
2645000,1322500.0,-67.50468444824219,0.32693559938646943,-67.17774884885571,168.61917224047605
2646000,1323000.0,-67.60553741455078,0.4287950147917926,-67.176742399759,221.15383149072593
2647000,1323500.0,-67.6385498046875,0.46625828636524197,-67.17229151832225,240.47575866534316
2648000,1324000.0,-67.6224594116211,0.44200041019410286,-67.180459001427,227.96460048016715
2649000,1324500.0,-67.58071899414062,0.40522843158661287,-67.17549056255402,208.99921217104665
2650000,1325000.0,-67.62808990478516,0.44588279850353557,-67.18220710628162,229.96696762611626
2651000,1325500.0,-67.57750701904297,0.3982211666160987,-67.17928585242687,205.38516946289522
2652000,1326000.0,-67.63420104980469,0.45941794091173455,-67.17478310889295,236.9478057890769
2653000,1326500.0,-67.70570373535156,0.5224958477447247,-67.18320788760684,269.48064851651486
2654000,1327000.0,-67.57913208007812,0.40044487273690116,-67.17868720734123,206.53206042888195
2655000,1327500.0,-67.66624450683594,0.4845099912874591,-67.18173451554848,249.8891947724453
2656000,1328000.0,-67.6144790649414,0.4333175812715913,-67.18116148366981,223.48637471225726
2657000,1328500.0,-67.43826293945312,0.264419319846077,-67.17384361960704,136.37599246000136
2658000,1329000.0,-67.6353988647461,0.4564337310766047,-67.1789651336695,235.40868006176
2659000,1329500.0,-67.58758544921875,0.40960026742091715,-67.17798518179784,211.254015076986
2660000,1330000.0,-67.6065902709961,0.42875872397299575,-67.1778315470231,221.13511426373404
2661000,1330500.0,-67.48697662353516,0.3124098079245412,-67.17456681561062,161.12740035315466
2662000,1331000.0,-67.57524871826172,0.39761747866554203,-67.17763123959618,205.07381345668043
2663000,1331500.0,-67.64388275146484,0.46659118446007947,-67.17729156700476,240.64745303358347
2664000,1332000.0,-67.64395904541016,0.4642749811279434,-67.17968406428221,239.45285602628803
2665000,1332500.0,-67.67811584472656,0.49776757037687935,-67.18034827434968,256.726877839587
2666000,1333000.0,-67.59564208984375,0.4164438457115647,-67.17919824413218,214.78363531013716
2667000,1333500.0,-67.5159912109375,0.33372352428520824,-67.1822676866523,172.12008887299868
2668000,1334000.0,-67.53146362304688,0.35381761085674923,-67.17764601219012,182.48374535757893
2669000,1334500.0,-67.51077270507812,0.32803067683279924,-67.18274202824533,169.18396559086634
2670000,1335000.0,-67.61199951171875,0.42686236949711354,-67.18513714222163,220.15705704819112
2671000,1335500.0,-67.68988037109375,0.5053161774675492,-67.1845641936262,260.62012128443047
2672000,1336000.0,-67.43876647949219,0.26277696472275414,-67.17598951476943,135.52893707068523
2673000,1336500.0,-67.49403381347656,0.31361176602047613,-67.18042204745609,161.74731809715266
2674000,1337000.0,-67.61941528320312,0.4379900518258712,-67.18142523137725,225.89623193997792
2675000,1337500.0,-67.57958221435547,0.39920678524738246,-67.18037542910808,205.89350871400077
2676000,1338000.0,-67.57313537597656,0.39504342004142545,-67.17809195593513,203.74622589719925
2677000,1338500.0,-67.61031341552734,0.4204109901145036,-67.18990242541284,216.82971596527943
2678000,1339000.0,-67.51504516601562,0.3379268726063423,-67.17711829340928,174.28799324278313
2679000,1339500.0,-67.71852111816406,0.530384105118251,-67.18813701304582,273.5490688147018
2680000,1340000.0,-67.59986877441406,0.4201232926376529,-67.17974548177641,216.68133411119786
2681000,1340500.0,-67.58346557617188,0.3951236995978301,-67.18834187657404,203.78763060312357
2682000,1341000.0,-67.59463500976562,0.40901009387048337,-67.18562491589515,210.94962921096496
2683000,1341500.0,-67.69099426269531,0.5015944271612589,-67.18939983553405,258.70060423853494
2684000,1342000.0,-67.64187622070312,0.46246211677414195,-67.17941410392898,238.51785938690122
2685000,1342500.0,-67.5730972290039,0.38002823588369766,-67.1930689931202,196.0020465283399
2686000,1343000.0,-67.6693115234375,0.47766618080920087,-67.1916453426283,246.35945478701635
2687000,1343500.0,-67.66243743896484,0.47513605188986024,-67.18730138707498,245.05452425989873
2688000,1344000.0,-67.66185760498047,0.47780092534574203,-67.18405667963472,246.42895016243017
2689000,1344500.0,-67.63954162597656,0.4588694544407615,-67.1806721715358,236.6649203067552
2690000,1345000.0,-67.50775146484375,0.330874572635156,-67.1768768922086,170.6507234386855
2691000,1345500.0,-67.57088470458984,0.3878665584864438,-67.1830181461034,200.04471264212245
2692000,1346000.0,-67.77519226074219,0.5944247252021427,-67.18076753554004,306.57843719360324
2693000,1346500.0,-67.57615661621094,0.39295129182634697,-67.18320532438459,202.66719709608523
2694000,1347000.0,-67.57738494873047,0.395815216277818,-67.18156973245264,204.14428485059267
2695000,1347500.0,-67.5252456665039,0.34868821818758067,-67.17655744831633,179.83822756265332
2696000,1348000.0,-67.52796173095703,0.3449189747637812,-67.18304275619325,177.89421563098657
2697000,1348500.0,-67.72709655761719,0.5351916370406257,-67.19190492057656,276.02858482578085
2698000,1349000.0,-67.56929779052734,0.38582683281448943,-67.18347095771286,198.99271079512863
2699000,1349500.0,-67.67276763916016,0.48807849607734194,-67.18468914308282,251.72967444163828
2700000,1350000.0,-67.4466323852539,0.2687965171857817,-67.17783586806813,138.63356059739388
2701000,1350500.0,-67.55719757080078,0.37562368048969347,-67.18157389031109,193.73036829562966
2702000,1351000.0,-67.69013214111328,0.5095505224549826,-67.1805816186583,262.8040123874535
2703000,1351500.0,-67.41051483154297,0.22595696824366965,-67.1845578632993,116.5387832304442
2704000,1352000.0,-67.67664337158203,0.49433070201603707,-67.18231266956599,254.95429051904975
2705000,1352500.0,-67.72773742675781,0.543768400950231,-67.18396902580758,280.45210687004163
2706000,1353000.0,-67.52452850341797,0.3431728350030895,-67.18135566841488,176.9936326366092
2707000,1353500.0,-67.62683868408203,0.4409185096027662,-67.18592017447926,227.40660317886372
2708000,1354000.0,-67.64379119873047,0.46268224173207684,-67.18110895699839,238.6313902726968
2709000,1354500.0,-67.5702133178711,0.39104573706245443,-67.17916758080864,201.68439477186774
2710000,1355000.0,-67.56221771240234,0.3724102491402463,-67.1898074632621,192.07302007410772
2711000,1355500.0,-67.62882995605469,0.4433311233547852,-67.1854988326999,228.65092449035402
2712000,1356000.0,-67.65940856933594,0.47048123825813964,-67.18892733107779,242.65377370539397
2713000,1356500.0,-67.61213684082031,0.4278913439486401,-67.18424549687167,220.6877573469613
2714000,1357000.0,-67.59385681152344,0.40439995309546906,-67.18945685842797,208.57191897428905
2715000,1357500.0,-67.67472076416016,0.48591353925808345,-67.18880722490208,250.61308381190935
2716000,1358000.0,-67.68524932861328,0.4976305429846641,-67.18761878562862,256.65620506643853
2717000,1358500.0,-67.43316650390625,0.24909425342758773,-67.18407225047866,128.47198928975828
2718000,1359000.0,-67.61177062988281,0.4287308242233401,-67.18303980565948,221.12072478549587
2719000,1359500.0,-67.61053466796875,0.4245438219587919,-67.18599084600996,218.96125100123373
2720000,1360000.0,-67.5135269165039,0.33277235488431334,-67.1807545616196,171.62951703762698
2721000,1360500.0,-67.56884002685547,0.38869829650460574,-67.18014173035087,200.47368696124397
2722000,1361000.0,-67.62065887451172,0.4347174114447662,-67.18594146306695,224.20834627338718
2723000,1361500.0,-67.52354431152344,0.3483863163572358,-67.1751579951662,179.68251972041722
2724000,1362000.0,-67.61642456054688,0.4376581415537959,-67.17876641899308,225.72504704778362
2725000,1362500.0,-67.60344696044922,0.4261417344368636,-67.17730522601235,219.78538480578362
2726000,1363000.0,-67.65328216552734,0.47396499359095406,-67.17931717193639,244.45054328817994
2727000,1363500.0,-67.60877227783203,0.42986461934302184,-67.17890765848901,221.70548702897685
2728000,1364000.0,-67.54175567626953,0.3558265750717832,-67.18592910119774,183.51988178210863
2729000,1364500.0,-67.58937072753906,0.4106384953419269,-67.17873223219713,211.789487913123
2730000,1365000.0,-67.61514282226562,0.4324820507817604,-67.18266077148387,223.05544440108477
2731000,1365500.0,-67.71529388427734,0.5308432544674734,-67.18445062980987,273.7858780925716
2732000,1366000.0,-67.60346984863281,0.42015869772305564,-67.18331115090976,216.69959451540257
2733000,1366500.0,-67.64511108398438,0.4664254486221457,-67.17868563536223,240.56197369191673
2734000,1367000.0,-67.6227035522461,0.44084450403445397,-67.18185904821163,227.368434323305
2735000,1367500.0,-67.6349105834961,0.45214500488399956,-67.18276557861209,233.1967414967331
2736000,1368000.0,-67.50323486328125,0.31687185893985864,-67.18636300434139,163.4287323283496
2737000,1368500.0,-67.6064682006836,0.42200774909583955,-67.18446045158775,217.6532548463486
2738000,1369000.0,-67.58416748046875,0.4069433322585909,-67.17722414821016,209.8836834012407
2739000,1369500.0,-67.60073852539062,0.40976877007401985,-67.1909697553166,211.34092142166008
2740000,1370000.0,-67.70533752441406,0.517126320354785,-67.18821120405927,266.71127966982675
2741000,1370500.0,-67.45465850830078,0.26723809166956697,-67.18742041663121,137.82979245150918
2742000,1371000.0,-67.60690307617188,0.4287086892664823,-67.17819438690539,221.109308536822
2743000,1371500.0,-67.55949401855469,0.3767598660794275,-67.18273415247526,194.31636343966426
2744000,1372000.0,-67.64258575439453,0.46852361661289355,-67.17406213778163,241.64411754680833
2745000,1372500.0,-67.639892578125,0.45879195853391236,-67.18110061959109,236.62495128628314
2746000,1373000.0,-67.62448120117188,0.44021359065412435,-67.18426761051775,227.04303662373889
2747000,1373500.0,-67.51220703125,0.33342757156278713,-67.1787794596872,171.96744932205775
2748000,1374000.0,-67.6754379272461,0.5011559770690805,-67.17428195017702,258.4744707377763
2749000,1374500.0,-67.47384643554688,0.2942707583547005,-67.17957567719218,151.77206698035806
2750000,1375000.0,-67.68416595458984,0.5020343377146392,-67.18213161687521,258.927490981704
2751000,1375500.0,-67.54634857177734,0.37225841704784757,-67.1740901547295,191.99471168007582
2752000,1376000.0,-67.55302429199219,0.3736187372833768,-67.17940555470881,192.6963057326273
2753000,1376500.0,-67.62528228759766,0.44651653827553767,-67.17876574932212,230.2938230556608
2754000,1377000.0,-67.57305908203125,0.3948775943028853,-67.17818148772837,203.6607001887072
2755000,1377500.0,-67.64424896240234,0.45777660941279447,-67.18647235298955,236.10127834072662
2756000,1378000.0,-67.58847045898438,0.41590887341893124,-67.17256158556545,214.50771985362303
2757000,1378500.0,-67.62234497070312,0.4382352320707367,-67.18410973863239,226.02268525376977
2758000,1379000.0,-67.60669708251953,0.42989219904133796,-67.1768048834782,221.71971143864477
2759000,1379500.0,-67.63590240478516,0.4577548015999043,-67.17814760318525,236.09003081869227
2760000,1380000.0,-67.62539672851562,0.45033844352863833,-67.17505828498699,232.2649956699883
2761000,1380500.0,-67.6019058227539,0.4308431003686472,-67.17106272238526,222.21014501331254
2762000,1381000.0,-67.53313446044922,0.34900048269487055,-67.18413397775434,179.99928002325447
2763000,1381500.0,-67.66365814208984,0.47449010308547784,-67.18916803900437,244.7213719421056
2764000,1382000.0,-67.6230697631836,0.43902858498522135,-67.18404117819837,226.43186220478398
2765000,1382500.0,-67.55139923095703,0.3700745333495953,-67.18132469760744,190.86835938879943
2766000,1383000.0,-67.6400375366211,0.4521726020564152,-67.18786493456467,233.21097491878206
2767000,1383500.0,-67.59932708740234,0.4144367363296708,-67.18489035107267,213.74845552792272
2768000,1384000.0,-67.60489654541016,0.4249138877459361,-67.17998265766423,219.1521148497099
2769000,1384500.0,-67.6308822631836,0.4475164469759502,-67.18336581620764,230.80953250331964
2770000,1385000.0,-67.66613006591797,0.4809768903596252,-67.18515317555834,248.06697487650433
2771000,1385500.0,-67.60626983642578,0.42192084309055133,-67.18434899333523,217.60843250610202
2772000,1386000.0,-67.7645263671875,0.5834626316892739,-67.18106373549823,300.92466581590253
2773000,1386500.0,-67.60199737548828,0.4214358120059224,-67.18056156348236,217.35827455403282
2774000,1387000.0,-67.56047821044922,0.37721318792347913,-67.18326502252575,194.55016714365354
2775000,1387500.0,-67.73409271240234,0.5467675070666786,-67.18732520533567,281.9989154518105
2776000,1388000.0,-67.74713134765625,0.5628087704204379,-67.18432257723582,290.272301872495
2777000,1388500.0,-67.61182403564453,0.4196223353274704,-67.19220170031706,216.4229621042053
2778000,1389000.0,-67.81828308105469,0.6246029445223267,-67.19368013653236,322.1430510533674
2779000,1389500.0,-67.53849029541016,0.3514418563323211,-67.18704843907784,181.2584344336312
2780000,1390000.0,-67.56967163085938,0.38574497423971293,-67.18392665661966,198.95049170015855
2781000,1390500.0,-67.61343383789062,0.43362671636926237,-67.17980712152136,223.6458131593936
2782000,1391000.0,-67.58216857910156,0.395534937079661,-67.1866336420219,203.99972902223334
2783000,1391500.0,-67.6146469116211,0.4286367064705314,-67.18601020515057,221.07218293932948
2784000,1392000.0,-67.66063690185547,0.47318402571574575,-67.18745287613973,244.0477540021213
2785000,1392500.0,-67.541259765625,0.3552245977990824,-67.18603516782592,183.20940806917898
2786000,1393000.0,-67.5533447265625,0.37283930789450287,-67.18050541866799,192.29430993095121
2787000,1393500.0,-67.72677612304688,0.5457333959873921,-67.18104272705948,281.46556590370005
2788000,1394000.0,-67.563720703125,0.37881096268647146,-67.18490974043853,195.37422992075116
2789000,1394500.0,-67.50816345214844,0.3227651236020496,-67.18539832854638,166.46822209635747
2790000,1395000.0,-67.48432159423828,0.30017120821764803,-67.18415038602063,154.8152625626187
2791000,1395500.0,-67.51573181152344,0.3323242086002241,-67.18340760292321,171.39838266251587
2792000,1396000.0,-67.57231140136719,0.386484876382412,-67.18582652498478,199.3321010662692
2793000,1396500.0,-67.57964324951172,0.3928505090965836,-67.18679274041513,202.61521774449204
2794000,1397000.0,-67.62156677246094,0.43357315777054195,-67.1879936146904,223.6181899620436
2795000,1397500.0,-67.60968017578125,0.4205213302868055,-67.18915884549445,216.88662463032946
2796000,1398000.0,-67.61091613769531,0.4191312090731537,-67.19178492862216,216.16966052853152
2797000,1398500.0,-67.61735534667969,0.4289993541283684,-67.18835599255132,221.25922083913048
2798000,1399000.0,-67.48289489746094,0.30109057186505295,-67.18180432559589,155.289430372745
2799000,1399500.0,-67.59855651855469,0.40831571179849446,-67.1902408067562,210.59149711884308
2800000,1400000.0,-67.55034637451172,0.3601664381193294,-67.19017993639238,185.7581945143028
2801000,1400500.0,-67.61322021484375,0.4236314880350994,-67.18958872680865,218.49070881705853
2802000,1401000.0,-67.58033752441406,0.3860491515349016,-67.19428837287916,199.10737312826032
2803000,1401500.0,-67.5936508178711,0.4012700620330226,-67.19238075583807,206.95765720180853
2804000,1402000.0,-67.62173461914062,0.4285288077775135,-67.19320581136311,221.0165334831777
2805000,1402500.0,-67.6850814819336,0.49497912091146107,-67.19010236102213,255.28871680244214
2806000,1403000.0,-67.66122436523438,0.4704716017156858,-67.19075276351869,242.64880359563878
2807000,1403500.0,-67.48395538330078,0.2977952247616391,-67.18616015853914,153.5898335657119
2808000,1404000.0,-67.56412506103516,0.3801304332526296,-67.18399462778252,196.05475548933035
2809000,1404500.0,-67.51752471923828,0.32373721631299895,-67.19378750292529,166.96958526564487
2810000,1405000.0,-67.6167984008789,0.4220051087480333,-67.19479329213087,217.65189306971018
2811000,1405500.0,-67.58080291748047,0.3918616838513125,-67.18894123362915,202.10522466126406
2812000,1406000.0,-67.70197296142578,0.5197915639709605,-67.18218139745483,268.085896484949
2813000,1406500.0,-67.59042358398438,0.404557211643242,-67.18586637234114,208.65302609814762
2814000,1407000.0,-67.61344909667969,0.4214709185640843,-67.1919781781156,217.37638099086192
2815000,1407500.0,-67.54938507080078,0.36131139985307636,-67.1880736709477,186.34871601197307
2816000,1408000.0,-67.64718627929688,0.46035580043314384,-67.18683047886373,237.43151296711028
2817000,1408500.0,-67.69136810302734,0.49619580325670265,-67.19517229977065,255.91622867425798
2818000,1409000.0,-67.64308166503906,0.4479095289749113,-67.19517213606414,231.0122671134748
2819000,1409500.0,-67.56066131591797,0.3701767469394595,-67.1904845689785,190.92107671584174
2820000,1410000.0,-67.63850402832031,0.4460508124026823,-67.19245321591762,230.05362189274302
2821000,1410500.0,-67.63587188720703,0.4448932855720074,-67.19097860163502,229.45661986420646
2822000,1411000.0,-67.71806335449219,0.5188834955597099,-67.19917985893248,267.6175542666952
2823000,1411500.0,-67.56009674072266,0.37390352834499807,-67.18619321237766,192.84318858405794
2824000,1412000.0,-67.72746276855469,0.5412710534194842,-67.18619171513521,279.16408355835097
2825000,1412500.0,-67.60598754882812,0.41724636654397523,-67.18874118228415,215.19754067474335
2826000,1413000.0,-67.52379608154297,0.33078571584781297,-67.19301036569516,170.60489496984377
2827000,1413500.0,-67.697021484375,0.49887399219981143,-67.1981474921752,257.29752212635697
2828000,1414000.0,-67.66007232666016,0.4719539341421027,-67.18811839251805,243.41332623311445
2829000,1414500.0,-67.61211395263672,0.41140250107131393,-67.20071145156541,212.1835288616094
2830000,1415000.0,-67.61013793945312,0.4154113994133455,-67.19472654003978,214.2511443837432
2831000,1415500.0,-67.64334106445312,0.45135660600318106,-67.19198445844994,232.7901196209618
2832000,1416000.0,-67.67259216308594,0.4739595250797304,-67.1986326380062,244.44772286777405
2833000,1416500.0,-67.6376953125,0.4453429704813833,-67.19235234201862,229.68854779536568
2834000,1417000.0,-67.58946990966797,0.39625420546117196,-67.19321570420679,204.3706963911486
2835000,1417500.0,-67.63469696044922,0.44527114180958993,-67.18942581863963,229.65150168841475
2836000,1418000.0,-67.65259552001953,0.4616211431476195,-67.1909743768719,238.08412174240365
2837000,1418500.0,-67.63887786865234,0.4462744035348237,-67.19260346511751,230.1689404805406
2838000,1419000.0,-67.65927124023438,0.4686988964413519,-67.19057234379302,241.7345192639678
2839000,1419500.0,-67.64334106445312,0.44945522823101247,-67.19388583622211,231.80947160752686
2840000,1420000.0,-67.67642211914062,0.4745999131781868,-67.20182220596244,244.77800721514097
2841000,1420500.0,-67.6954345703125,0.5054741660669952,-67.18996040424551,260.7016049372111
2842000,1421000.0,-67.55880737304688,0.36194235709446876,-67.19686501595241,186.67413633316897
2843000,1421500.0,-67.55311584472656,0.3632922441374688,-67.1898236005891,187.37034939848203
2844000,1422000.0,-67.56575775146484,0.3707440750310307,-67.19501367643382,191.2136798871361
2845000,1422500.0,-67.64957427978516,0.45262394969481207,-67.19695033009035,233.44376041330145
2846000,1423000.0,-67.6019287109375,0.3986910322480594,-67.20323767868945,205.6275057336291
2847000,1423500.0,-67.67135620117188,0.47293902382380953,-67.19841717734806,243.92139267501847
2848000,1424000.0,-67.59305572509766,0.3887661727861889,-67.20428955231147,200.5086945971111
2849000,1424500.0,-67.58426666259766,0.38608010808971543,-67.19818655450794,199.12333917373815
2850000,1425000.0,-67.62129211425781,0.42115958245674423,-67.20013253180107,217.21580735860292
2851000,1425500.0,-67.47543334960938,0.27324439480265617,-67.20218895480672,140.92758254970425
2852000,1426000.0,-67.7021713256836,0.5035087261328975,-67.1986625995507,259.6879164450497
2853000,1426500.0,-67.58800506591797,0.38604618757981224,-67.20195887833816,199.10584444905052
2854000,1427000.0,-67.57413482666016,0.3722858757572325,-67.20184895090293,192.0088736889117
2855000,1427500.0,-67.58451843261719,0.38416555511972816,-67.20035287749747,198.13589596591487
2856000,1428000.0,-67.6696548461914,0.47495923778282273,-67.19469560840858,244.96333122853397
2857000,1428500.0,-67.51888275146484,0.32643817353499344,-67.19244457792985,168.36262160639305
2858000,1429000.0,-67.6299057006836,0.42999402595740066,-67.1999116747262,221.77222933614664
2859000,1429500.0,-67.56299591064453,0.371448920153732,-67.19154699049079,191.57720836604958
2860000,1430000.0,-67.63323974609375,0.4376802018409183,-67.19555954425283,225.73642478505346
2861000,1430500.0,-67.66539764404297,0.4630538320185246,-67.20234381202444,238.82304039165297
2862000,1431000.0,-67.74889373779297,0.5414401208643087,-67.20745361692866,279.251281198047
2863000,1431500.0,-67.66485595703125,0.4625052951852558,-67.202350661846,238.54012893464804
2864000,1432000.0,-67.55396270751953,0.35391927116691074,-67.20004343635262,182.5361773269983
2865000,1432500.0,-67.60942840576172,0.40970013107438147,-67.19972827468733,211.30552040897086
2866000,1433000.0,-67.5567626953125,0.3487890290169725,-67.20797366629553,179.89022140681354
2867000,1433500.0,-67.56819152832031,0.35946192912774744,-67.20872959919257,185.39483939721106
2868000,1434000.0,-67.60696411132812,0.4021737115837595,-67.20479039974437,207.42372036387064
2869000,1434500.0,-67.59056091308594,0.3856872715052483,-67.20487364158069,198.9207311377123
2870000,1435000.0,-67.63829040527344,0.4299078427656416,-67.2083825625078,221.72777979170203
2871000,1435500.0,-67.65753173828125,0.4478893543268515,-67.2096423839544,231.0018619068761
2872000,1436000.0,-67.65499877929688,0.44732690589062746,-67.20767187340624,230.71177544972053
2873000,1436500.0,-67.65209197998047,0.4459756787049722,-67.2061163012755,230.01487119707386
2874000,1437000.0,-67.59659576416016,0.3979597612679154,-67.19863600289224,205.25034794601967
2875000,1437500.0,-67.55513000488281,0.35032412112206684,-67.20480588376074,180.68195519340532
2876000,1438000.0,-67.62975311279297,0.4324910569526929,-67.19726205584027,223.06008939260772
2877000,1438500.0,-67.6041488647461,0.39131520721737006,-67.21283365752872,201.82337576552723
2878000,1439000.0,-67.53878021240234,0.33058254630732753,-67.20819766609502,170.50010895141867
2879000,1439500.0,-67.705810546875,0.4980291867430858,-67.20778136013192,256.86180819038725
2880000,1440000.0,-67.65875244140625,0.45699316046892663,-67.20175928093732,235.69720942729052
2881000,1440500.0,-67.5188980102539,0.32223114894148647,-67.19666686131242,166.19282117510411
2882000,1441000.0,-67.6923599243164,0.48787994139585683,-67.20447998292055,251.6272685669054
2883000,1441500.0,-67.65313720703125,0.4519770120030979,-67.20116019502815,233.1100980704036
2884000,1442000.0,-67.57024383544922,0.37010938781468694,-67.20013444763453,190.88633580697984
2885000,1442500.0,-67.62199401855469,0.4215165174081683,-67.20047750114652,217.3998988927331
2886000,1443000.0,-67.62250518798828,0.4180704008749727,-67.20443478711331,215.62254176685838
2887000,1443500.0,-67.6242446899414,0.42040826444013707,-67.20383642550127,216.82831018090982
2888000,1444000.0,-67.795654296875,0.5865832424556601,-67.20907105441934,302.5341412150338
2889000,1444500.0,-67.71762084960938,0.5051442450683007,-67.21247660454108,260.5314460257648
2890000,1445000.0,-67.65341186523438,0.4482160260015287,-67.20519583923284,231.17034495822276
2891000,1445500.0,-67.62576293945312,0.42453535771867884,-67.20122758173444,218.95688551407298
2892000,1446000.0,-67.6255874633789,0.43180763962831226,-67.19377982375059,222.70761244073057
2893000,1446500.0,-67.67605590820312,0.47395844534580456,-67.20209746285732,244.44716598794463
2894000,1447000.0,-67.61389923095703,0.4088483487764724,-67.20505088218056,210.86620812156
2895000,1447500.0,-67.65990447998047,0.4491700435330931,-67.21073443644738,231.66238573560267
2896000,1448000.0,-67.63043212890625,0.42841281646905083,-67.2020193124372,220.95671020771684
2897000,1448500.0,-67.53399658203125,0.33414840507882065,-67.19984817695243,172.33922391933274
2898000,1449000.0,-67.5587387084961,0.3528631197703137,-67.20587558872577,181.99146034117905
2899000,1449500.0,-67.78742980957031,0.5823295795328047,-67.2051002300375,300.3402867605545
2900000,1450000.0,-67.56515502929688,0.35954113914094477,-67.20561389015593,185.43569247923563
2901000,1450500.0,-67.70181274414062,0.5014950446262414,-67.20031769951439,258.6493470465336
2902000,1451000.0,-67.55296325683594,0.3551464470354697,-67.19781680980047,183.16910130205096
2903000,1451500.0,-67.55101776123047,0.3525559953296576,-67.19846176590082,181.83305890353984
2904000,1452000.0,-67.62353515625,0.42426423794813073,-67.19927091830186,218.81705372036913
2905000,1452500.0,-67.6240234375,0.4230857758979248,-67.20093766160207,218.20925421552647
2906000,1453000.0,-67.54694366455078,0.3492914322559575,-67.19765223229483,180.14933916103658
2907000,1453500.0,-67.51349639892578,0.3137866825083342,-67.19970971641744,161.83753241902272
2908000,1454000.0,-67.63497924804688,0.4330845925737452,-67.20189465547313,223.36620926852484
2909000,1454500.0,-67.65838623046875,0.46173653915703333,-67.19664969131172,238.14363798848922
2910000,1455000.0,-67.6513671875,0.4474024491469172,-67.20396473835308,230.75073737790402
2911000,1455500.0,-67.57275390625,0.3727959182167794,-67.19995798803322,192.2719314210696
2912000,1456000.0,-67.65473175048828,0.4607052604835321,-67.19402649000475,237.61174927217516
2913000,1456500.0,-67.60487365722656,0.40546855592432074,-67.19940510130225,209.12305786767644
2914000,1457000.0,-67.63941955566406,0.4428836614203509,-67.19653589424371,228.42014307305035
2915000,1457500.0,-67.64562225341797,0.44958984771346855,-67.1960324057045,231.8789024854789
2916000,1458000.0,-67.56768798828125,0.3713797208491103,-67.19630826743214,191.54151837240306
2917000,1458500.0,-67.61943054199219,0.4225960337707091,-67.19683450822149,217.95666651245168
2918000,1459000.0,-67.49341583251953,0.30411167922998217,-67.18930415328956,156.8475862422188
2919000,1459500.0,-67.59197235107422,0.39371309480204486,-67.19825925627218,203.06010195995924
2920000,1460000.0,-67.59835815429688,0.4000673642218481,-67.19829079007502,206.33735794484093
2921000,1460500.0,-67.64218139648438,0.4466655919693339,-67.19551580451504,230.37069847245382
2922000,1461000.0,-67.54258728027344,0.34656532104132104,-67.19602195923211,178.74332948417634
2923000,1461500.0,-67.67707061767578,0.4793654215340006,-67.19770519614178,247.23584929709946
2924000,1462000.0,-67.53640747070312,0.33832044588141147,-67.19808702482172,174.49098123180198
2925000,1462500.0,-67.59246826171875,0.3926976893624618,-67.19977057235629,202.53639996778622
2926000,1463000.0,-67.583251953125,0.38265272377299886,-67.20059922935201,197.3556433109466
2927000,1463500.0,-67.66094207763672,0.4643200124787777,-67.19662206515794,239.47608123980655
2928000,1464000.0,-67.50074005126953,0.31046891640168983,-67.19027113486784,160.12637286454247
2929000,1464500.0,-67.6675033569336,0.47000884622259714,-67.197494510711,242.41013442550016
2930000,1465000.0,-67.5870132446289,0.3966792344586549,-67.19033401017025,204.58990787459751
2931000,1465500.0,-67.54981994628906,0.3540772476626514,-67.19574269862642,182.61765473721377
2932000,1466000.0,-67.60004425048828,0.40785445063866355,-67.19218979984961,210.35359866084912
2933000,1466500.0,-67.5934066772461,0.3932495591972427,-67.20015711804885,202.82103044210555
2934000,1467000.0,-67.5754623413086,0.38221210527131805,-67.19325023603727,197.12839143881433
2935000,1467500.0,-67.51058197021484,0.31794771115726067,-67.19263425905758,163.98361014126397
2936000,1468000.0,-67.55199432373047,0.3573666809117567,-67.19462764281872,184.31420143523417
2937000,1468500.0,-67.57977294921875,0.3824797948393713,-67.19729315437938,197.2664540831616
2938000,1469000.0,-67.72998809814453,0.53500569900237,-67.19498239914216,275.9326860672562
2939000,1469500.0,-67.52169799804688,0.3266158856020442,-67.19508211244484,168.4542777665037
2940000,1470000.0,-67.58785247802734,0.390629360828072,-67.19722311719927,201.4696460075425
2941000,1470500.0,-67.65505981445312,0.46423449071323014,-67.1908253237399,239.4319728302536
2942000,1471000.0,-67.67372131347656,0.4794543145911788,-67.19426699888538,247.28169647234574
2943000,1471500.0,-67.52078247070312,0.33026779094601866,-67.1905146797571,170.33777181657697
2944000,1472000.0,-67.6078872680664,0.41407697350026695,-67.19381029456613,213.5629054972414
2945000,1472500.0,-67.46808624267578,0.28109206688953686,-67.18699417578624,144.9750707210376
2946000,1473000.0,-67.59001159667969,0.39655736874976605,-67.19345422792992,204.52705483872165
2947000,1473500.0,-67.6420669555664,0.44861146664262475,-67.19345548892377,231.3742960534751
2948000,1474000.0,-67.63510131835938,0.44508472783077163,-67.1900165905286,229.55535746043412
2949000,1474500.0,-67.59525299072266,0.4085330692319114,-67.18671992149075,210.7036006357799
2950000,1475000.0,-67.6397933959961,0.45462363269808576,-67.185169763298,234.4751099922036
2951000,1475500.0,-67.54574584960938,0.36107430051890504,-67.18467154909047,186.22643048068875
2952000,1476000.0,-67.63800811767578,0.44450924935653696,-67.19349886831924,229.25855067601003
2953000,1476500.0,-67.6276626586914,0.4338983933699134,-67.19376426532149,223.7859323481651
2954000,1477000.0,-67.65381622314453,0.46633557598760494,-67.18748064715693,240.5156212932432
2955000,1477500.0,-67.66522979736328,0.47683760932933256,-67.18839218803394,245.93211363071632
2956000,1478000.0,-67.54745483398438,0.35888001314976326,-67.18857482083462,185.09471242815252
2957000,1478500.0,-67.49275970458984,0.30201603530353754,-67.1907436692863,155.76674418998894
2958000,1479000.0,-67.69378662109375,0.5057906755931242,-67.18799594550063,260.86484679402395
2959000,1479500.0,-67.54319763183594,0.3568318222166622,-67.18636580961928,184.0383445673932
2960000,1480000.0,-67.60551452636719,0.420673485697355,-67.18484104066984,216.96509977781085
2961000,1480500.0,-67.57435607910156,0.3909235726996663,-67.1834325064019,201.62138770329133
2962000,1481000.0,-67.65349578857422,0.4663358980952964,-67.18715989047892,240.5157874223904
2963000,1481500.0,-67.61180114746094,0.4277276575170334,-67.1840734899439,220.60333500000272
2964000,1482000.0,-67.69023132324219,0.5009421396012088,-67.18928918364098,258.364182666076
2965000,1482500.0,-67.59426879882812,0.41209802866912665,-67.182170770159,212.5422517661621
2966000,1483000.0,-67.7055892944336,0.5126386200673507,-67.19295067436624,264.3967189148934
2967000,1483500.0,-67.71846008300781,0.534544606431229,-67.18391547657659,275.694874559981
2968000,1484000.0,-67.548095703125,0.37165762106450495,-67.1764380820605,191.6848472248536
2969000,1484500.0,-67.71127319335938,0.5241693606219968,-67.18710383273738,270.3437737210779
2970000,1485000.0,-67.64087677001953,0.4525256145916006,-67.18835115542792,233.39304344110016
2971000,1485500.0,-67.64729309082031,0.4667377852936941,-67.18055530552662,240.72306337170588
2972000,1486000.0,-67.5677490234375,0.3807086107943732,-67.18704041264313,196.35295433546332
2973000,1486500.0,-67.5813980102539,0.3878095956859467,-67.19358841456796,200.0153337054562
2974000,1487000.0,-67.64008331298828,0.450924445131503,-67.18915886785678,232.56722982678266
2975000,1487500.0,-67.5828857421875,0.4004194928618059,-67.1824662493257,206.51897059241824
2976000,1488000.0,-67.61579132080078,0.4328771177712585,-67.18291420302953,223.2592027830833
2977000,1488500.0,-67.63277435302734,0.4456999158801427,-67.1870744371472,229.8726447177773
2978000,1489000.0,-67.60992431640625,0.42281926928499336,-67.18710504712125,218.0718016880151
2979000,1489500.0,-67.62114715576172,0.4354002996307163,-67.185746856131,224.56055031866026
2980000,1490000.0,-67.53939056396484,0.35893654437409966,-67.18045401959074,185.1238687765931
2981000,1490500.0,-67.65216827392578,0.4668318191529735,-67.18533645477281,240.77156194923623
2982000,1491000.0,-67.56077575683594,0.3678433300276718,-67.19293242680827,189.7176016923327
2983000,1491500.0,-67.60311126708984,0.4179095415509756,-67.18520172553887,215.53957751912748
2984000,1492000.0,-67.68384552001953,0.4931990582978912,-67.19064646172164,254.3706378749725
2985000,1492500.0,-67.71619415283203,0.5233885979844412,-67.1928055548476,269.9410902876801
2986000,1493000.0,-67.57083129882812,0.3776653669027917,-67.19316593192534,194.78338140768386
2987000,1493500.0,-67.54415893554688,0.3567656220047237,-67.18739331354215,184.00420137540016
2988000,1494000.0,-67.5833511352539,0.3983922953015744,-67.18495883995233,205.47343020092947
2989000,1494500.0,-67.61165618896484,0.42776032306101575,-67.18389586590382,220.6201824678142
2990000,1495000.0,-67.57878112792969,0.3933705165898882,-67.1854106113398,202.88341500794215
2991000,1495500.0,-67.6698989868164,0.47626660620333416,-67.19363238061307,245.63761503639603
2992000,1496000.0,-67.56925201416016,0.38713894485457406,-67.18211306930559,199.66944115578997
2993000,1496500.0,-67.59048461914062,0.4041811482146141,-67.186303470926,208.4590689268755
2994000,1497000.0,-67.63755798339844,0.45233616249634645,-67.18522182090209,233.29533228471055
2995000,1497500.0,-67.61605072021484,0.4317174277320734,-67.18433329248278,222.66108506561883
2996000,1498000.0,-67.58968353271484,0.404042148198817,-67.18564138451603,208.38737876022157
2997000,1498500.0,-67.72357177734375,0.5357606786838105,-67.18781109865994,276.3220717725198
2998000,1499000.0,-67.55162048339844,0.3730573069468679,-67.17856317645158,192.40674436705416
2999000,1499500.0,-67.58070373535156,0.3923859429864405,-67.18831779236513,202.37561473677337
3000000,1500000.0,-67.55925750732422,0.3760981030116018,-67.18315940431262,193.97505481213796
3001000,1500500.0,-67.6231918334961,0.44141391608827,-67.18177791740783,227.66211231174796
3002000,1501000.0,-67.66635131835938,0.4807574718718137,-67.18559384648756,247.95380835729242
3003000,1501500.0,-67.6217041015625,0.44230852058909287,-67.1793955809734,228.1235104301983
3004000,1502000.0,-67.69227600097656,0.5157909206795074,-67.17648508029706,266.02253855910624
3005000,1502500.0,-67.6792221069336,0.49934530624500084,-67.17987680068859,257.54060542568044
3006000,1503000.0,-67.68107604980469,0.4991342073492764,-67.18194184245542,257.4317297904644
3007000,1503500.0,-67.69434356689453,0.5108699035264012,-67.18347366336813,263.4844917985359
3008000,1504000.0,-67.48639678955078,0.3105006631019565,-67.17589612644882,160.14274643270204
3009000,1504500.0,-67.57473754882812,0.39730451740160966,-67.17743303142652,204.9124016392869
3010000,1505000.0,-67.66114044189453,0.4829951267600608,-67.17814531513447,249.10789349125807
3011000,1505500.0,-67.56168365478516,0.38528060534094116,-67.17640304944422,198.71099040549362
3012000,1506000.0,-67.55182647705078,0.3798915441002192,-67.17193493295056,195.93154684759094
3013000,1506500.0,-67.57360076904297,0.3990511971472585,-67.17454957189571,205.81326313443526
3014000,1507000.0,-67.70683288574219,0.5340832143315368,-67.17274967141066,275.45690856889775
3015000,1507500.0,-67.57549285888672,0.39951409239552604,-67.1759787664912,206.05200438422082
3016000,1508000.0,-67.73888397216797,0.5658378199705338,-67.17304615219743,291.83455397587886
3017000,1508500.0,-67.74701690673828,0.5686111137328219,-67.17840579300545,293.26489836007636
3018000,1509000.0,-67.56812286376953,0.3938899921765283,-67.174232871593,203.15133793705348
3019000,1509500.0,-67.53012084960938,0.35831176812126525,-67.1718090814881,184.80163634064505
3020000,1510000.0,-67.60320281982422,0.426849013317843,-67.17635380650637,220.1501685114361
3021000,1510500.0,-67.52660369873047,0.3464819106272088,-67.18012178810326,178.700310017926
3022000,1511000.0,-67.61854553222656,0.4354380951387771,-67.18310743708778,224.58004359897475
3023000,1511500.0,-67.55294036865234,0.3673552634359895,-67.18558510521635,189.46587815766063
3024000,1512000.0,-67.54649353027344,0.3681726691868392,-67.1783208610866,189.8874605162399
3025000,1512500.0,-67.65892028808594,0.4861157458994773,-67.17280454218646,250.71737320883446
3026000,1513000.0,-67.71771240234375,0.538501224676399,-67.17921117766736,277.7355262804548
3027000,1513500.0,-67.6677017211914,0.4918671527768236,-67.17583456841459,253.68369889712366
3028000,1514000.0,-67.57178497314453,0.3984182980577332,-67.1733666750868,205.48684129237284
3029000,1514500.0,-67.6083755493164,0.4290579100694965,-67.1793176392469,221.28942144848995
3030000,1515000.0,-67.57545471191406,0.3915103955202267,-67.18394431639383,201.92404540847977
3031000,1515500.0,-67.7008056640625,0.5190052573848094,-67.1818004066777,267.68035372382775
3032000,1516000.0,-67.531982421875,0.3611684662584468,-67.17081395561655,186.27499707632634
3033000,1516500.0,-67.61949920654297,0.44493531737494446,-67.17456388916803,229.47829804129185
3034000,1517000.0,-67.58436584472656,0.40708544222949067,-67.17728040249708,209.95697754756554
3035000,1517500.0,-67.61923217773438,0.4471153812535236,-67.17211679648085,230.60268023560542
3036000,1518000.0,-67.59896850585938,0.42122274167246365,-67.17774576418691,217.24838213692
3037000,1518500.0,-67.61759185791016,0.43331685434582756,-67.18427500356432,223.4859997955434
3038000,1519000.0,-67.6539077758789,0.4771098575861809,-67.17679791829272,246.0725274486053
3039000,1519500.0,-67.62120819091797,0.4419418338967183,-67.17926635702125,227.93438937193537
3040000,1520000.0,-67.57128143310547,0.39435257552290354,-67.17692885758257,203.3899183213995
3041000,1520500.0,-67.60098266601562,0.4269371137299448,-67.17404555228568,220.1956068748035
3042000,1521000.0,-67.77848815917969,0.6047305001395517,-67.17375765904013,311.89370797630056
3043000,1521500.0,-67.63731384277344,0.45106346181406987,-67.18625038095936,232.63892858943206
3044000,1522000.0,-67.62039184570312,0.4455610224001235,-67.174830823303,229.80100949764716
3045000,1522500.0,-67.63642120361328,0.4593138665438992,-67.17710733706939,236.8941287536339
3046000,1523000.0,-67.52509307861328,0.3501840571763577,-67.17490902143692,180.60971629794537
3047000,1523500.0,-67.69108581542969,0.509644748566913,-67.18144106686277,262.8526101205452
3048000,1524000.0,-67.5768814086914,0.40007926338546007,-67.17680214530594,206.34349501624698
3049000,1524500.0,-67.66162109375,0.4918947181538918,-67.16972637559611,253.6979159205144
3050000,1525000.0,-67.6722183227539,0.501170917034275,-67.17104740571963,258.4821761224732
3051000,1525500.0,-67.64452362060547,0.4732643680940055,-67.17125925251146,244.089191108828
3052000,1526000.0,-67.53185272216797,0.34824763572678485,-67.18360508644119,179.61099427884307
3053000,1526500.0,-67.63040924072266,0.4568042192206472,-67.17360502150201,235.59976174356703
3054000,1527000.0,-67.56214141845703,0.3897447501774539,-67.17239666827957,201.01340228265528
3055000,1527500.0,-67.59275817871094,0.4179981067436543,-67.17476007196728,215.5852555961152
3056000,1528000.0,-67.6019515991211,0.42502025410675215,-67.17693134501434,219.2069739955132
3057000,1528500.0,-67.4990234375,0.31813986732189803,-67.1808835701781,164.0827159391118
3058000,1529000.0,-67.5528793334961,0.3699404114637004,-67.18293892203239,190.7991851495261
3059000,1529500.0,-67.68855285644531,0.5144438759147626,-67.17410898053055,265.3277914173805
3060000,1530000.0,-67.65135192871094,0.46939654448673895,-67.1819553842242,242.09433580321624
3061000,1530500.0,-67.62026977539062,0.44551650713308927,-67.17475326825753,229.77805045772166
3062000,1531000.0,-67.60606384277344,0.42845877712921815,-67.17760506564422,220.9804147185978
3063000,1531500.0,-67.61148071289062,0.4356116063480219,-67.1758691065426,224.6695331392151
3064000,1532000.0,-67.61637878417969,0.4324256935702646,-67.18395309060942,223.0263778009041
3065000,1532500.0,-67.54114532470703,0.36614384444220993,-67.17500148026483,188.84108089376267
3066000,1533000.0,-67.70433807373047,0.5247853332813904,-67.17955274044908,270.6614656461685
3067000,1533500.0,-67.73048400878906,0.5459630804848226,-67.18452092830424,281.5840271844718
3068000,1534000.0,-67.67544555664062,0.49537128660464325,-67.18007427003599,255.4909788219028
3069000,1534500.0,-67.63563537597656,0.4542724012553236,-67.18136297472124,234.29396007994404
3070000,1535000.0,-67.6308822631836,0.4564447426989086,-67.17443752048469,235.41435937793543
3071000,1535500.0,-67.74374389648438,0.5634434637388053,-67.18030043274557,290.5996490998098
3072000,1536000.0,-67.70185852050781,0.5273520983241046,-67.17450642218371,271.98529149337037
3073000,1536500.0,-67.67426300048828,0.4942705426307546,-67.17999245785752,254.9232629228875
3074000,1537000.0,-67.63895416259766,0.45947092115770843,-67.17948324143995,236.97513069721776
3075000,1537500.0,-67.54261779785156,0.3637806007703613,-67.17883719708121,187.62222252380397
3076000,1538000.0,-67.62537384033203,0.4478397193053386,-67.1775341210267,230.97626232011544
3077000,1538500.0,-67.6948471069336,0.511804736732338,-67.18304237020125,263.9666381345843
3078000,1539000.0,-67.68189239501953,0.5000341786104123,-67.18185821640913,257.89589585062345
3079000,1539500.0,-67.5728988647461,0.3987529785558599,-67.17414588619023,205.65945494675938
3080000,1540000.0,-67.63135528564453,0.46094956037600093,-67.17040572526854,237.73774853846442
3081000,1540500.0,-67.60980224609375,0.4327985538809287,-67.17700369221282,223.21868294315072
3082000,1541000.0,-67.6694564819336,0.49130474772380794,-67.17815173420979,253.39363481514138
3083000,1541500.0,-67.5419921875,0.3689182153994319,-67.17307397210057,190.27198084828794
3084000,1542000.0,-67.66534423828125,0.48452046880836386,-67.18082376947288,249.8945986223332
3085000,1542500.0,-67.70043182373047,0.5248366690454096,-67.17559515468506,270.6879424019928
3086000,1543000.0,-67.4847412109375,0.30818710324706766,-67.17655410769044,158.94951281607464
3087000,1543500.0,-67.69219207763672,0.5257241646683687,-67.16646791296834,271.14567407022116
3088000,1544000.0,-67.61959075927734,0.4510989335508475,-67.16849182572649,232.65722336951904
3089000,1544500.0,-67.55702209472656,0.38434106356668046,-67.17268103115988,198.22641559455687
3090000,1545000.0,-67.61318969726562,0.44917865473141655,-67.16401104253421,231.66682701742093
3091000,1545500.0,-67.60359191894531,0.4277159212657622,-67.17587599767955,220.59728195170123
3092000,1546000.0,-67.57522583007812,0.4009997579243293,-67.1742260721538,206.81824609103748
3093000,1546500.0,-67.70836639404297,0.5330762081330962,-67.17529018590987,274.9375385402415
3094000,1547000.0,-67.58370208740234,0.41305499981425114,-67.1706470875881,213.03581588904052
3095000,1547500.0,-67.61376190185547,0.4354200278534685,-67.178341874002,224.57072527848874
3096000,1548000.0,-67.51152801513672,0.33694077858790233,-67.17458723654882,173.77940880764464
3097000,1548500.0,-67.56636810302734,0.39264977771022813,-67.17371832531711,202.5116892199953
3098000,1549000.0,-67.56000518798828,0.3811254622627924,-67.1788797257255,196.5679482048492
3099000,1549500.0,-67.6543960571289,0.4849806096591557,-67.16941544746975,250.13191927361788
3100000,1550000.0,-67.5812759399414,0.4054231025228317,-67.17585283741857,209.0996149787742
3101000,1550500.0,-67.57798767089844,0.41017567219751067,-67.16781199870093,211.55078385137
3102000,1551000.0,-67.67662048339844,0.5082897241554397,-67.16833075924299,262.15374742386416
3103000,1551500.0,-67.629638671875,0.45645525515361,-67.17318341672139,235.41978124515725
3104000,1552000.0,-67.7078857421875,0.5288925716227957,-67.17899317056471,272.7798006657312
3105000,1552500.0,-67.72077178955078,0.5440614201077076,-67.17671036944307,280.60323341568863
3106000,1553000.0,-67.52788543701172,0.36009613192851453,-67.1677893050832,185.7219336368675
3107000,1553500.0,-67.56964111328125,0.40359414046230574,-67.16604697281895,208.15631584192934
3108000,1554000.0,-67.6405258178711,0.4728799315613908,-67.1676458863097,243.89091545444793
3109000,1554500.0,-67.64110565185547,0.4699353447169817,-67.17117030713848,242.37222554357183
3110000,1555000.0,-67.57498168945312,0.4054346851838737,-67.16954700426925,209.10558881191113
3111000,1555500.0,-67.5601806640625,0.39179391646279493,-67.16838674759971,202.07027318770727
3112000,1556000.0,-67.50332641601562,0.332053597897828,-67.1712728181178,171.25881342403872
3113000,1556500.0,-67.59657287597656,0.433088922648658,-67.1634839533279,223.36844253296255
3114000,1557000.0,-67.6460189819336,0.4816150632737318,-67.16440391865986,248.39611672806436
3115000,1557500.0,-67.65789794921875,0.4955080876596898,-67.16238986155906,255.56153486017718
3116000,1558000.0,-67.5986557006836,0.4345203083262294,-67.16413539235737,224.1066890517323
3117000,1558500.0,-67.60087585449219,0.4389567704332796,-67.16191908405891,226.39482338023885
3118000,1559000.0,-67.6087875366211,0.4449996968539266,-67.16378783976717,229.51150217836232
3119000,1559500.0,-67.63177490234375,0.46562459277406903,-67.16615030956969,240.1489270538631
3120000,1560000.0,-67.6461410522461,0.48416738253838915,-67.1619736697077,249.71249207081559
3121000,1560500.0,-67.64688873291016,0.4886411481990822,-67.15824758471108,252.01986595093013
3122000,1561000.0,-67.44185638427734,0.28034680623759095,-67.16150957803976,144.59069766875962
3123000,1561500.0,-67.58795928955078,0.4237971398082264,-67.16416214974255,218.57614480175172
3124000,1562000.0,-67.65591430664062,0.4925245682219248,-67.1633897384187,254.02276520981368
3125000,1562500.0,-67.53520965576172,0.37227869797186935,-67.16293095778985,192.00517169919652
3126000,1563000.0,-67.56314849853516,0.4011867888475778,-67.16196170968757,206.91470851214035
3127000,1563500.0,-67.6792221069336,0.5109847502702349,-67.16823735666335,263.5437247573085
3128000,1564000.0,-67.40901947021484,0.2511879760272337,-67.1578314941876,129.5518404051339
3129000,1564500.0,-67.50472259521484,0.3438962089503899,-67.16082638626446,177.36671747791442
3130000,1565000.0,-67.64677429199219,0.4816139132204887,-67.1651603787717,248.39552358058745
3131000,1565500.0,-67.61859893798828,0.44880692343010287,-67.16979201455818,231.47510416912598
3132000,1566000.0,-67.68124389648438,0.5163145882932306,-67.16492930819115,266.29262355358486
3133000,1566500.0,-67.52124786376953,0.3558425867976707,-67.16540527697187,183.528139934388
3134000,1567000.0,-67.64669799804688,0.476820865181729,-67.16987713286514,245.92347772714973
3135000,1567500.0,-67.7035140991211,0.5443743003157733,-67.15913979880533,280.7646034279891
3136000,1568000.0,-67.6689682006836,0.5127343446933563,-67.15623385599024,264.4460895164137
3137000,1568500.0,-67.65884399414062,0.49478247834549766,-67.16406151579513,255.1872971137872
3138000,1569000.0,-67.58654022216797,0.42545442639891246,-67.16108579576905,219.43090119295275
3139000,1569500.0,-67.61761474609375,0.4550449439985938,-67.16256980209516,234.6924040491388
3140000,1570000.0,-67.64643859863281,0.48745454817432277,-67.15898405045849,251.40786923252153
3141000,1570500.0,-67.63613891601562,0.4747036071861693,-67.16143530882945,244.83148807750382
3142000,1571000.0,-67.57331848144531,0.41523309816071563,-67.1580853832846,214.15918434731918
3143000,1571500.0,-67.5208969116211,0.3655989438694996,-67.1552979677516,188.56004486190747
3144000,1572000.0,-67.65352630615234,0.49590673914860334,-67.15761956700374,255.76714197117758
3145000,1572500.0,-67.56895446777344,0.4088510220408984,-67.16010344573255,210.86758687516019
3146000,1573000.0,-67.61165618896484,0.4587438207773798,-67.15291236818746,236.60012392372224
3147000,1573500.0,-67.56748962402344,0.4107269208912856,-67.15676270313215,211.83509396815572
3148000,1574000.0,-67.5151596069336,0.3603534960695751,-67.15480611086402,185.8546708747561
3149000,1574500.0,-67.51219177246094,0.3544106166060517,-67.15778115585489,182.7895919486778
3150000,1575000.0,-67.61795043945312,0.4626781445963762,-67.15527229485674,238.62927714818022
3151000,1575500.0,-67.68978118896484,0.5410452691466271,-67.14873591981822,279.0476338438949
3152000,1576000.0,-67.67845153808594,0.5263249135097086,-67.15212662457623,271.45551421164737
3153000,1576500.0,-67.68968200683594,0.5396615130102921,-67.15002049382565,278.33395257232536
3154000,1577000.0,-67.56022644042969,0.4083098073445457,-67.15191663308514,210.58845185812737
3155000,1577500.0,-67.71172332763672,0.5642436826184667,-67.14747964501825,291.01236721724007
3156000,1578000.0,-67.5224838256836,0.36692227977107134,-67.15556154591252,189.24256400249013
3157000,1578500.0,-67.67952728271484,0.527436677044442,-67.1520906056704,272.0289135211924
3158000,1579000.0,-67.55123901367188,0.40223602645402307,-67.14900298721786,207.45585966550018
3159000,1579500.0,-67.61286926269531,0.46521896505911986,-67.14765029763619,239.93972190868809
3160000,1580000.0,-67.596923828125,0.4461958507440292,-67.15072797738097,230.12842636526588
3161000,1580500.0,-67.60759735107422,0.4541032699159922,-67.15349408115823,234.20672948623843
3162000,1581000.0,-67.68753814697266,0.544600893455581,-67.14293725351708,280.88147032086175
3163000,1581500.0,-67.61734008789062,0.4641760065088933,-67.15316408138173,239.40180921961306
3164000,1582000.0,-67.58780670166016,0.4449112138625684,-67.14289548779759,229.4658664972429
3165000,1582500.0,-67.6139144897461,0.4676240553536489,-67.14629043439244,241.1801629478045
3166000,1583000.0,-67.602783203125,0.4585689876194278,-67.14421421550557,236.50995257979585
3167000,1583500.0,-67.43409729003906,0.2930692452460498,-67.14102804479302,151.15237874146038
3168000,1584000.0,-67.60238647460938,0.44783789373963,-67.15454858086974,230.97532077266928
3169000,1584500.0,-67.69254302978516,0.5437807465607789,-67.14876228322437,280.4584741993728
3170000,1585000.0,-67.55482482910156,0.4132052564642071,-67.14161957263735,213.11331173833543
3171000,1585500.0,-67.56450653076172,0.4250572671491954,-67.13944926361252,219.22606371407122
3172000,1586000.0,-67.47482299804688,0.33483449433227325,-67.1399885037146,172.6930789360925
3173000,1586500.0,-67.52943420410156,0.3894143177971769,-67.14001988630439,200.84297962281548
3174000,1587000.0,-67.58946990966797,0.4380051862084991,-67.15146472345947,225.90403759673686
3175000,1587500.0,-67.52131652832031,0.3796963144684719,-67.14162021385184,195.83085588899291
3176000,1588000.0,-67.69315338134766,0.5509043314269856,-67.14224904992066,284.1325096539966
3177000,1588500.0,-67.57542419433594,0.4287669175842264,-67.14665727675171,221.13934017227984
3178000,1589000.0,-67.56531524658203,0.4256972115121279,-67.1396180350699,219.55611920194144
3179000,1589500.0,-67.70758819580078,0.5552252085328455,-67.15236298726794,286.3610302626736
3180000,1590000.0,-67.66223907470703,0.5156526113623453,-67.14658646334469,265.9512046247877
3181000,1590500.0,-67.52111053466797,0.37553905703431273,-67.14557147763365,193.68672319541665
3182000,1591000.0,-67.54866027832031,0.3981147613641279,-67.15054551695619,205.33029025872466
3183000,1591500.0,-67.60948944091797,0.4681197834117291,-67.14136965750625,241.43583793384676
3184000,1592000.0,-67.67884063720703,0.5327192670144727,-67.14612137019256,274.7534438253379
3185000,1592500.0,-67.6991958618164,0.5531711860670461,-67.14602467574936,285.3016547508101
3186000,1593000.0,-67.6434097290039,0.5034413799747429,-67.13996834902916,259.6531822238058
3187000,1593500.0,-67.50749206542969,0.36092602541491653,-67.14656604001478,186.14995662667795
3188000,1594000.0,-67.68950653076172,0.5375333566755286,-67.1519731740862,277.2363420330033
3189000,1594500.0,-67.59498596191406,0.4487650277121403,-67.14622093420192,231.4534961787556
3190000,1595000.0,-67.69403076171875,0.541314626571463,-67.15271613514729,279.18655669627896
3191000,1595500.0,-67.66706848144531,0.5241025837892995,-67.14296589765601,270.3093331331597
3192000,1596000.0,-67.639892578125,0.49159343560650104,-67.1482991425185,253.5425274775095
3193000,1596500.0,-67.52778625488281,0.37494990866933786,-67.15283634621348,193.38286607549665
3194000,1597000.0,-67.6517105102539,0.5083456921063568,-67.14336481814755,262.1826132603572
3195000,1597500.0,-67.55752563476562,0.4148586945684032,-67.14266694019722,213.9660832474755
3196000,1598000.0,-67.58106994628906,0.43333994830638917,-67.14772999798268,223.4979106566456
3197000,1598500.0,-67.57462310791016,0.4283011765897118,-67.14632193132044,220.89913121026748
3198000,1599000.0,-67.55741119384766,0.4183521950148049,-67.13905899883285,215.76787893628835
3199000,1599500.0,-67.56969451904297,0.423648645381425,-67.14604587366155,218.49955783056666
3200000,1600000.0,-67.64479064941406,0.4981952548119136,-67.14659539460214,256.94745888230904
3201000,1600500.0,-67.48643493652344,0.34085363853505934,-67.14558129798837,175.7974918999132
3202000,1601000.0,-67.54366302490234,0.3974052016016544,-67.14625782330069,204.9643301735337
3203000,1601500.0,-67.6866683959961,0.5333160188974388,-67.15335237709866,275.0612225093587
3204000,1602000.0,-67.50943756103516,0.36032399442864915,-67.1491135666065,185.8394552106253
3205000,1602500.0,-67.5938949584961,0.4419353690462999,-67.15195958944979,227.93105508307767
3206000,1603000.0,-67.56541442871094,0.4135241664916445,-67.1518902622193,213.27779166938788
3207000,1603500.0,-67.58756256103516,0.43710387701566844,-67.15045868401948,225.4391814895615
3208000,1604000.0,-67.55352020263672,0.4088508717919356,-67.14466933084478,210.86750938327557
3209000,1604500.0,-67.68946075439453,0.5359288686044084,-67.15353188579012,276.40881682336044
3210000,1605000.0,-67.6799087524414,0.5274872826140786,-67.15242146982733,272.0550136744914
3211000,1605500.0,-67.62415313720703,0.4753341213460697,-67.14881901586097,245.15667987652427
3212000,1606000.0,-67.58399200439453,0.428585675198116,-67.15540632919641,221.04586322703994
3213000,1606500.0,-67.59243774414062,0.4433215152608045,-67.14911622887982,228.6459690530848
3214000,1607000.0,-67.6450424194336,0.49107835939727756,-67.15396406003632,253.2768735560552
3215000,1607500.0,-67.58517456054688,0.4318920646364151,-67.15328249591046,222.75115519046298
3216000,1608000.0,-67.67816162109375,0.5185175445009671,-67.15964407659278,267.42881261628594
3217000,1608500.0,-67.61088562011719,0.46225153606191083,-67.14863408405527,238.4092510082087
3218000,1609000.0,-67.69342041015625,0.541612231650437,-67.15180817850582,279.3400484609119
3219000,1609500.0,-67.6346664428711,0.48191307345695744,-67.15275336941414,248.54981742786285
3220000,1610000.0,-67.58570098876953,0.4343354986020366,-67.15136549016749,224.0113722285602
3221000,1610500.0,-67.57950592041016,0.42516277388748247,-67.15434314652268,219.2804795039367
3222000,1611000.0,-67.66991424560547,0.5149240917194078,-67.15499015388606,265.5754658573253
3223000,1611500.0,-67.60326385498047,0.44876851551714886,-67.15449533946332,231.45529503698515
3224000,1612000.0,-67.5749282836914,0.4253860468480197,-67.14954223684339,219.39563399264986
3225000,1612500.0,-67.62771606445312,0.47357305333163036,-67.15414301112149,244.24839753770522
3226000,1613000.0,-67.64405822753906,0.49453355334217103,-67.1495246741969,255.05891241634322
3227000,1613500.0,-67.69487762451172,0.5472933557323806,-67.14758426877934,282.2701253381025
3228000,1614000.0,-67.6153335571289,0.4622891144669105,-67.153044442662,238.42863231620044
3229000,1614500.0,-67.64181518554688,0.48781718700114474,-67.15399799854573,251.5949025776688
3230000,1615000.0,-67.53263092041016,0.3842090372109392,-67.14842188319922,198.1583221386567
3231000,1615500.0,-67.55034637451172,0.39886810371000997,-67.1514782708017,205.71883149747234
3232000,1616000.0,-67.75653839111328,0.606996874141209,-67.14954151697208,313.06260518071616
3233000,1616500.0,-67.52356719970703,0.3751138213752205,-67.14845337833181,193.46740512489197
3234000,1617000.0,-67.47785186767578,0.32870114541379863,-67.14915072226198,169.52976414371136
3235000,1617500.0,-67.64019775390625,0.4910601053991671,-67.14913764850708,253.26745893722128
3236000,1618000.0,-67.48207092285156,0.33553713321604367,-67.14653378963551,173.05546953285736
3237000,1618500.0,-67.55962371826172,0.41404520423773583,-67.14557851402398,213.5465202924465
3238000,1619000.0,-67.63992309570312,0.4920789459074155,-67.14784414979572,253.79293258851013
3239000,1619500.0,-67.53007507324219,0.3827027810951259,-67.14737229214707,197.38146070200918
3240000,1620000.0,-67.6236343383789,0.473680073942612,-67.14995426443629,244.30359411730765
3241000,1620500.0,-67.56771850585938,0.41435314918721117,-67.15336535667217,213.70534491287208
3242000,1621000.0,-67.69894409179688,0.5516810358376615,-67.14726305595921,284.53310003035654
3243000,1621500.0,-67.68062591552734,0.5265607093105167,-67.15406520621683,271.5771274370797
3244000,1622000.0,-67.60905456542969,0.4527785990534716,-67.15627596637621,233.5235218308211
3245000,1622500.0,-67.58812713623047,0.43601187361612065,-67.15211526261434,224.87597359889102
3246000,1623000.0,-67.62921142578125,0.4710388994169836,-67.15817252636427,242.94139109295102
3247000,1623500.0,-67.57427215576172,0.4223919858831105,-67.15188016987861,217.85142748076208
3248000,1624000.0,-67.58246612548828,0.43285659051186265,-67.14960953497642,223.24861571488336
3249000,1624500.0,-67.5669174194336,0.4222254201829724,-67.14469199925063,217.76552013223946
3250000,1625000.0,-67.640625,0.49509579315826213,-67.14552920684174,255.34889127630166
3251000,1625500.0,-67.60161590576172,0.4545559476715874,-67.14705995809013,234.44020099739654
3252000,1626000.0,-67.58145904541016,0.4324190764271299,-67.14903996898303,223.02296496608258
3253000,1626500.0,-67.73409271240234,0.5832422814982418,-67.1508504309041,300.81101876466494
3254000,1627000.0,-67.51094055175781,0.36121147927491737,-67.1497290724829,186.29718132070488
3255000,1627500.0,-67.62995147705078,0.47399550194271456,-67.15595597510807,244.46627817000356
3256000,1628000.0,-67.57711791992188,0.42696058257244457,-67.15015733734943,220.2077110837155
3257000,1628500.0,-67.67388153076172,0.5222371520764629,-67.15164437868526,269.34722453476934
3258000,1629000.0,-67.64155578613281,0.49157694776426275,-67.14997883836855,253.53402376511028
3259000,1629500.0,-67.70335388183594,0.5501652594224837,-67.15318862241345,283.75132843708695
3260000,1630000.0,-67.51517486572266,0.3665543837856486,-67.148620481937,189.05281924343362
3261000,1630500.0,-67.54292297363281,0.3880239175151321,-67.15489905611769,200.12587158966986
3262000,1631000.0,-67.6339111328125,0.4835785747403824,-67.15033255807212,249.40881060053533
3263000,1631500.0,-67.61370849609375,0.4632218777624367,-67.15048661833131,238.9097110824256
3264000,1632000.0,-67.54956817626953,0.40078996953758056,-67.14877820673195,206.71004635939119
3265000,1632500.0,-67.50282287597656,0.34890560774399304,-67.15391726823258,179.95034764723502
3266000,1633000.0,-67.69708251953125,0.546442048963582,-67.15064047056767,281.8310583079384
3267000,1633500.0,-67.60839080810547,0.4589830145090845,-67.14940779359638,236.72348965422344
3268000,1634000.0,-67.5478744506836,0.39844567862570723,-67.14942877205789,205.50096299926534
3269000,1634500.0,-67.68766784667969,0.5348394744112203,-67.15282837226847,275.84695464792384
3270000,1635000.0,-67.74752044677734,0.6027543476316012,-67.14476609914574,310.8744944041571
3271000,1635500.0,-67.61553955078125,0.47110199435527705,-67.14443755642597,242.9739327197655
3272000,1636000.0,-67.66452026367188,0.522631553448083,-67.1418887102238,269.5506396199968
3273000,1636500.0,-67.54204559326172,0.39843122749965165,-67.14361436576206,205.49350973654936
3274000,1637000.0,-67.50818634033203,0.3652495307105918,-67.14293680962145,188.37983274143014
3275000,1637500.0,-67.6324462890625,0.4894026785407595,-67.14304361052174,252.41263020202607
3276000,1638000.0,-67.6725845336914,0.5329760429462701,-67.13960849074513,274.8858776904545
3277000,1638500.0,-67.60966491699219,0.4587155510988457,-67.15094936589334,236.58554365224714
3278000,1639000.0,-67.64697265625,0.49988830478715995,-67.14708435146284,257.8206604728471
3279000,1639500.0,-67.53246307373047,0.3947305351336117,-67.13773253859685,203.584853460973
3280000,1640000.0,-67.49878692626953,0.35389441734469124,-67.14489250892484,182.52335880574358
3281000,1640500.0,-67.58333587646484,0.4412827143473176,-67.14205316211752,227.5944441563148
3282000,1641000.0,-67.73430633544922,0.5910822968321516,-67.14322403861706,304.8545579156089
3283000,1641500.0,-67.65884399414062,0.5214393874977848,-67.13740460664285,268.9357722391126
3284000,1642000.0,-67.5382308959961,0.400580548055951,-67.13765034794014,206.6020358614582
3285000,1642500.0,-67.63760375976562,0.49302707849706384,-67.14457668126856,254.28193816863273
3286000,1643000.0,-67.61038208007812,0.4650014846575838,-67.14538059542055,239.82755497014008
3287000,1643500.0,-67.57267761230469,0.43771028084011826,-67.13496733146457,225.7519382254877
3288000,1644000.0,-67.57415771484375,0.43332110374525323,-67.14083661109849,223.48819145107134
3289000,1644500.0,-67.64644622802734,0.507577686651658,-67.13886854137569,261.7865094273989
3290000,1645000.0,-67.6156234741211,0.4757157006917497,-67.13990777342934,245.3534819180681
3291000,1645500.0,-67.5030517578125,0.3604189444305923,-67.14263281338191,185.88842629472236
3292000,1646000.0,-67.51898193359375,0.3780776048346556,-67.14090432875909,194.99599581543714
3293000,1646500.0,-67.52471160888672,0.38564846656383667,-67.13906314232288,198.90071723554948
3294000,1647000.0,-67.54150390625,0.4037711392538905,-67.13773276699611,208.24760412555645
3295000,1647500.0,-67.53816223144531,0.39986945684695335,-67.13829277459836,206.23528592271285
3296000,1648000.0,-67.63954162597656,0.4966878526071349,-67.14285377336942,256.17000634278673
3297000,1648500.0,-67.66104125976562,0.5203679264156689,-67.14067333334995,268.38315918292255
3298000,1649000.0,-67.55269622802734,0.4122476906317677,-67.14044853739557,212.61944090158747
3299000,1649500.0,-67.66780090332031,0.5222185549249176,-67.1455823483954,269.33763293230857
3300000,1650000.0,-67.65180969238281,0.506691976710973,-67.14511771567184,261.32969873647465
3301000,1650500.0,-67.62251281738281,0.47629670865298246,-67.14621610872983,245.65314057155229
3302000,1651000.0,-67.52193450927734,0.3795308879852456,-67.1424036212921,195.7455360990385
3303000,1651500.0,-67.65177917480469,0.5106189990573383,-67.14116017574734,263.3550861787006
3304000,1652000.0,-67.75717163085938,0.6113066692150899,-67.14586496164428,315.2854101589677
3305000,1652500.0,-67.51634216308594,0.3697450069277913,-67.14659715615815,190.69840398296344
3306000,1653000.0,-67.68549346923828,0.5430649258068095,-67.14242854343148,280.0892849668959
3307000,1653500.0,-67.64378356933594,0.5017294413442435,-67.1420541279917,258.7702386858643
3308000,1654000.0,-67.61189270019531,0.4663377154083919,-67.14555498478693,240.51672471349738
3309000,1654500.0,-67.5780258178711,0.42641324356469285,-67.1516125743064,219.92541741305007
3310000,1655000.0,-67.5937728881836,0.45357971128096053,-67.14019317690263,233.93670069823227
3311000,1655500.0,-67.65484619140625,0.5137306980451817,-67.14111549336107,264.9599652698009
3312000,1656000.0,-67.45878601074219,0.3183831652357241,-67.14040284550646,164.20819842836707
3313000,1656500.0,-67.6623306274414,0.5182250154638026,-67.14410561197761,267.2779388533934
3314000,1657000.0,-67.6178970336914,0.47116213742802243,-67.14673489626338,243.00495190263013
3315000,1657500.0,-67.60299682617188,0.4624327668459476,-67.14056405932592,238.50272196960333
3316000,1658000.0,-67.53582000732422,0.3944369853424599,-67.14138302198175,203.4334532375398
3317000,1658500.0,-67.75379180908203,0.6181103421321505,-67.13568146694988,318.79444893486914
3318000,1659000.0,-67.56423950195312,0.4178159273119699,-67.14642357464116,215.49129536349596
3319000,1659500.0,-67.51902770996094,0.37843727800229926,-67.14059043195864,195.1814996024796
3320000,1660000.0,-67.63710021972656,0.5025468304944032,-67.13455338923215,259.19181248252926
3321000,1660500.0,-67.49876403808594,0.35853075043621313,-67.14023328764972,184.91457790085173
3322000,1661000.0,-67.58519744873047,0.4461164056132027,-67.13908104311727,230.08745201978732
3323000,1661500.0,-67.53998565673828,0.39986288459866554,-67.14012277213962,206.23189624270208
3324000,1662000.0,-67.53102111816406,0.3967253716921902,-67.13429574647188,204.61370345434713
3325000,1662500.0,-67.6886215209961,0.5496265814321002,-67.138994939564,283.47350174273765
3326000,1663000.0,-67.56221008300781,0.42238534384850857,-67.13982473915931,217.8480018080037
3327000,1663500.0,-67.5989990234375,0.46138955023918415,-67.13760947319831,237.96467618618274
3328000,1664000.0,-67.52651977539062,0.39029948367019923,-67.13622029172042,201.29950970728666
3329000,1664500.0,-67.54010772705078,0.4021079169161281,-67.13799981013466,207.38978633400464
3330000,1665000.0,-67.55293273925781,0.41243378240218637,-67.14049895685562,212.71541894848002
3331000,1665500.0,-67.66561889648438,0.5291115574300316,-67.13650733905435,272.8927440271083
3332000,1666000.0,-67.55128479003906,0.4144885522212281,-67.13679623781783,213.77517991266296
3333000,1666500.0,-67.65018463134766,0.5106013845530982,-67.13958324679456,263.3460013830101
3334000,1667000.0,-67.57559204101562,0.4359813727383746,-67.13961066827726,224.86024257183925
3335000,1667500.0,-67.5945053100586,0.45207590761493543,-67.14242940244365,233.16110412859229
3336000,1668000.0,-67.51565551757812,0.3808351942486836,-67.13482032332944,196.41824057937566
3337000,1668500.0,-67.6109848022461,0.47528424853683643,-67.13570055370926,245.13095764919262
3338000,1669000.0,-67.62408447265625,0.4857247948452908,-67.13835967781095,250.5157376473747
3339000,1669500.0,-67.54747009277344,0.40807864806195876,-67.13939144471148,210.46922994727197
3340000,1670000.0,-67.46300506591797,0.3334977807865656,-67.1295072851314,172.00366018811022
3341000,1670500.0,-67.59611511230469,0.46358090507702926,-67.13253420722766,239.09488176653562
3342000,1671000.0,-67.5836181640625,0.4444286486508791,-67.13918951541162,229.21698033525934
3343000,1671500.0,-67.63710021972656,0.49692143167646596,-67.1401787880501,256.2904762744712
3344000,1672000.0,-67.62979888916016,0.48781663670113456,-67.14198225245902,251.59461875684178
3345000,1672500.0,-67.64854431152344,0.5071185126126635,-67.14142579891077,261.54968741561777
3346000,1673000.0,-67.59894561767578,0.4619520084621667,-67.13699360921362,238.25476769092296
3347000,1673500.0,-67.6369400024414,0.49696453945531216,-67.1399754629861,256.3127093931643
3348000,1674000.0,-67.58378601074219,0.4460269003104761,-67.13775911043172,230.04128907489783
3349000,1674500.0,-67.5791015625,0.4435195717002126,-67.13558199079979,228.74811795620994
3350000,1675000.0,-67.62943267822266,0.49441599373767975,-67.13501668448498,254.99828028195518
3351000,1675500.0,-67.71883392333984,0.5898977054976587,-67.12893621784218,304.2435971923341
3352000,1676000.0,-67.78644561767578,0.6481738409940405,-67.13827177668173,334.29989496845326
3353000,1676500.0,-67.57109069824219,0.432598679364637,-67.13849201887756,223.11559635498986
3354000,1677000.0,-67.60321044921875,0.46444692821476075,-67.138763521004,239.5415388601633
3355000,1677500.0,-67.5150375366211,0.3747094698266394,-67.14032806679445,193.25885817086234
3356000,1678000.0,-67.55548095703125,0.41713303302970234,-67.13834792400155,215.13908817400724
3357000,1678500.0,-67.54251098632812,0.40593779691070725,-67.13657318941742,209.36507197337272
3358000,1679000.0,-67.55070495605469,0.4087102826429793,-67.1419946734117,210.79499961080822
3359000,1679500.0,-67.52069091796875,0.38402248106384146,-67.13666843690491,198.06210458645674
3360000,1680000.0,-67.61955261230469,0.485283558952422,-67.13426905335227,250.28816735170196
3361000,1680500.0,-67.55937194824219,0.42594763533849717,-67.13342431290368,219.68527692716597
3362000,1681000.0,-67.59895324707031,0.46223849909710324,-67.13671474797322,238.40252710839937
3363000,1681500.0,-67.55502319335938,0.42450335352392493,-67.13051983983544,218.94037914144866
3364000,1682000.0,-67.64508819580078,0.5109540837815569,-67.13413411201923,263.5279083153361
3365000,1682500.0,-67.670166015625,0.5376132786625057,-67.1325527369625,277.2775623201583
3366000,1683000.0,-67.5305404663086,0.4012772130441953,-67.1292632532644,206.96134538255995
3367000,1683500.0,-67.68511962890625,0.545854072041608,-67.13926555686464,281.5278053674027
3368000,1684000.0,-67.6243667602539,0.4913895612829981,-67.1329771989709,253.43737796263665
3369000,1684500.0,-67.52510070800781,0.3875941041268569,-67.13750660388095,199.90419252539894
3370000,1685000.0,-67.56646728515625,0.4339026603098069,-67.13256462484644,223.78813305030397
3371000,1685500.0,-67.53541564941406,0.3957329298336801,-67.13968271958038,204.1018450792029
3372000,1686000.0,-67.6470947265625,0.5148700539440132,-67.13222467261849,265.5475955214737
3373000,1686500.0,-67.62294006347656,0.49019762649612486,-67.13274243698044,252.82262980579975
3374000,1687000.0,-67.59384155273438,0.45006350567598286,-67.14377804705839,232.12319467548255
3375000,1687500.0,-67.60997009277344,0.47204893800913567,-67.1379211547643,243.4623250984837
3376000,1688000.0,-67.67334747314453,0.5285187331492122,-67.14482873999532,272.5869910295656
3377000,1688500.0,-67.62521362304688,0.4818958200232306,-67.14331780302365,248.54091885664948
3378000,1689000.0,-67.64178466796875,0.5054343359797007,-67.13635033198905,260.6810623093587
3379000,1689500.0,-67.69664001464844,0.5512064063089662,-67.14543360833947,284.2883067487449
3380000,1690000.0,-67.54251861572266,0.40197043379100605,-67.14054818193165,207.31887851363078
3381000,1690500.0,-67.66683197021484,0.5284956710169145,-67.13833629919793,272.5750965840986
3382000,1691000.0,-67.48025512695312,0.34014453848123416,-67.14011058847188,175.43176891246227
3383000,1691500.0,-67.64060974121094,0.49835097081041496,-67.14225877040052,257.0277704262986
3384000,1692000.0,-67.55303955078125,0.41486388008041397,-67.13817567070083,213.96875770918766
3385000,1692500.0,-67.5112075805664,0.3692984335751539,-67.14190914699125,190.46808085752932
3386000,1693000.0,-67.57350158691406,0.4288457592692334,-67.14465582764483,221.18000328663285
3387000,1693500.0,-67.67832946777344,0.5307952730612718,-67.14753419471216,273.76113136871584
3388000,1694000.0,-67.53427124023438,0.402463372183557,-67.13180786805081,207.57311471144305
3389000,1694500.0,-67.61898040771484,0.48018186293517784,-67.13879854477966,247.6569342860322
3390000,1695000.0,-67.49455261230469,0.35734291277692243,-67.13720969952776,184.30194286434443
3391000,1695500.0,-67.7075424194336,0.569916296325985,-67.13762612310761,293.9380548131969
3392000,1696000.0,-67.46370697021484,0.32602149465160185,-67.13768547556325,168.14771674886325
3393000,1696500.0,-67.58303833007812,0.4384349168488813,-67.14460341322925,226.1256739832411
3394000,1697000.0,-67.64813995361328,0.5070081512575186,-67.14113180235576,261.49276782537805
3395000,1697500.0,-67.63099670410156,0.48778967984136906,-67.14320702426019,251.5807155802272
3396000,1698000.0,-67.59403991699219,0.44908035272023156,-67.14495956427196,231.61612711264857
3397000,1698500.0,-67.47114562988281,0.32787242911875775,-67.14327320076406,169.10234829803957
3398000,1699000.0,-67.4847640991211,0.34530534618121256,-67.13945875293989,178.09348921485724
3399000,1699500.0,-67.57270812988281,0.4244782558851164,-67.14822987399769,218.92743487019453
3400000,1700000.0,-67.51166534423828,0.3665328468795379,-67.14513249735874,189.04171144334146
3401000,1700500.0,-67.58132934570312,0.43569203670923046,-67.1456373089939,224.7110156237027
3402000,1701000.0,-67.5573501586914,0.4094727177590008,-67.1478774409324,211.1882305051858
3403000,1701500.0,-67.67337036132812,0.5271849588172718,-67.14618540251085,271.89908820029456
3404000,1702000.0,-67.6159439086914,0.4743806341242678,-67.14156327456713,244.66491260987044
3405000,1702500.0,-67.58422088623047,0.44451621077807946,-67.13970467545239,229.26214107467055
3406000,1703000.0,-67.59382629394531,0.44812124028281636,-67.1457050536625,231.1214586042757
3407000,1703500.0,-67.58562469482422,0.4500998235196832,-67.13552487130454,232.14192584074507
3408000,1704000.0,-67.57001495361328,0.42849227137512946,-67.14152268223815,220.99768959484555
3409000,1704500.0,-67.52861022949219,0.38831970655850057,-67.14029052293368,200.27842672206958
3410000,1705000.0,-67.61968994140625,0.47699069104544506,-67.1426992503608,246.01106652634616
3411000,1705500.0,-67.720947265625,0.5769630176383641,-67.14398424798664,297.57244738755253
3412000,1706000.0,-67.60220336914062,0.4498044296860751,-67.15239893945456,231.98957454036233
3413000,1706500.0,-67.53375244140625,0.3927334272594903,-67.14101901414676,202.5548320217622
3414000,1707000.0,-67.63565063476562,0.49097644766836157,-67.14467418709727,253.2243119157699
3415000,1707500.0,-67.57234191894531,0.43414353871890654,-67.13819838022641,223.91236766418268
3416000,1708000.0,-67.56610107421875,0.422801301411566,-67.14329977280718,218.0625346398566
3417000,1708500.0,-67.62506866455078,0.48240322323486534,-67.14266544131591,248.80261537944654
3418000,1709000.0,-67.63038635253906,0.4849686577473487,-67.14541769479172,250.12575499698553
3419000,1709500.0,-67.6891098022461,0.5498618907197209,-67.13924791152637,283.5948640458138
3420000,1710000.0,-67.56015014648438,0.4194982465663771,-67.140651899918,216.35896251462506
3421000,1710500.0,-67.56133270263672,0.423387608176978,-67.13794509445974,218.36492618622933
3422000,1711000.0,-67.55594635009766,0.4062564170258362,-67.14968993307183,209.52940238025724
3423000,1711500.0,-67.62004852294922,0.4718323557893933,-67.14821616715983,243.3506214030663
3424000,1712000.0,-67.57547760009766,0.43064792829329895,-67.14482967180436,222.10948373980352
3425000,1712500.0,-67.62382507324219,0.47360306085217707,-67.15022201239002,244.2638741125569
3426000,1713000.0,-67.6566390991211,0.5142026287022221,-67.14243647041887,265.20336659071666
3427000,1713500.0,-67.59971618652344,0.453468763969888,-67.14624742255354,233.87947889739303
3428000,1714000.0,-67.6248550415039,0.4731178267437876,-67.15173721476012,244.01361144965622
3429000,1714500.0,-67.5970458984375,0.44471965692364446,-67.15232624151386,229.36706975397334
3430000,1715000.0,-67.56560516357422,0.4136350372317491,-67.15197012634248,213.33497397825
3431000,1715500.0,-67.53312683105469,0.38131991378362856,-67.15180691727106,196.66823784765901
3432000,1716000.0,-67.63813018798828,0.4881772169536268,-67.14995297103465,251.7805903788236
3433000,1716500.0,-67.6370620727539,0.4922490840505512,-67.14481298870335,253.88068244785828
3434000,1717000.0,-67.55679321289062,0.4142865035174983,-67.14250670937312,213.6709719731204
3435000,1717500.0,-67.71122741699219,0.5671521120957289,-67.14407530489646,292.512408729685
3436000,1718000.0,-67.6739730834961,0.5341399902237205,-67.13983309327237,275.4861911063797
3437000,1718500.0,-67.72720336914062,0.5848667457422797,-67.14233662339835,301.64884681605474
3438000,1719000.0,-67.64840698242188,0.5074484394177344,-67.14095854300415,261.7198493217406
3439000,1719500.0,-67.57231140136719,0.42636799012300586,-67.14594341124418,219.9020776547227
3440000,1720000.0,-67.57026672363281,0.4266116404564458,-67.14365508317637,220.02774190669726
3441000,1720500.0,-67.64075469970703,0.49670734009085254,-67.14404735961618,256.18005713988464
3442000,1721000.0,-67.66603088378906,0.5198506622908698,-67.1461802214982,268.11637682970996
3443000,1721500.0,-67.66881561279297,0.521878645940828,-67.14693696685214,269.1623226521131
3444000,1722000.0,-67.45069122314453,0.3141368509634153,-67.13655437218111,162.01813408843807
3445000,1722500.0,-67.77799987792969,0.6374296225875263,-67.14057025534215,328.7584941008906
3446000,1723000.0,-67.65444946289062,0.5121829489236707,-67.14226651396696,264.1617035442657
3447000,1723500.0,-67.69747924804688,0.5456389624155785,-67.1518402856313,281.4168611718177
3448000,1724000.0,-67.60704040527344,0.46733138602141544,-67.13970901925202,241.0292168268131
3449000,1724500.0,-67.65257263183594,0.5074162790551016,-67.14515635278083,261.703262404512
3450000,1725000.0,-67.569091796875,0.4272451954557107,-67.14184660141929,220.3545020384949
3451000,1725500.0,-67.61544799804688,0.4631015159094298,-67.15234648213745,238.84763367005004
3452000,1726000.0,-67.66863250732422,0.5174224889999373,-67.15121001832428,266.86403058432757
3453000,1726500.0,-67.56012725830078,0.4091240704130372,-67.15100318788774,211.0084133577398
3454000,1727000.0,-67.71861267089844,0.5678911072825307,-67.1507215636159,292.8935503273637
3455000,1727500.0,-67.62376403808594,0.46920777906226063,-67.15455625902368,241.99697880176737
3456000,1728000.0,-67.62281799316406,0.47220682975522305,-67.15061116340884,243.5437587985115
3457000,1728500.0,-67.63853454589844,0.4888886373793448,-67.14964590851909,252.14751011324424
3458000,1729000.0,-67.5042953491211,0.35257699140523785,-67.15171835771585,181.84388776675107
3459000,1729500.0,-67.58243560791016,0.4244700627620755,-67.15796554514809,218.9232092134358
3460000,1730000.0,-67.68773651123047,0.5331875645770149,-67.15454894665345,274.99497135402027
3461000,1730500.0,-67.64453125,0.4955727412330253,-67.14895850876698,255.5948803632019
3462000,1731000.0,-67.7734603881836,0.6208338470003748,-67.15262654118322,320.1991143715322
3463000,1731500.0,-67.6185531616211,0.4718973702870677,-67.14665579133403,243.3841530551778
3464000,1732000.0,-67.68150329589844,0.5323674519237984,-67.14913584397463,274.57199289285296
3465000,1732500.0,-67.59266662597656,0.4433699516677816,-67.14929667430879,228.67095044656446
3466000,1733000.0,-67.61540222167969,0.46194476026245834,-67.15345746141723,238.251029384549
3467000,1733500.0,-67.50959014892578,0.3592540801800586,-67.15033606874572,185.2876399439361
3468000,1734000.0,-67.51445770263672,0.36143185378165604,-67.15302584885507,186.41084091292706
3469000,1734500.0,-67.60912322998047,0.45331680584018025,-67.1558064241403,233.8011054987952
3470000,1735000.0,-67.6614990234375,0.507301745974127,-67.15419727746337,261.64419121940915
3471000,1735500.0,-67.58724212646484,0.4366326989328529,-67.15060942753199,225.19616831372102
3472000,1736000.0,-67.58409118652344,0.4373757116638082,-67.14671547485963,225.57938198605567
3473000,1736500.0,-67.7002944946289,0.5473914575238706,-67.15290303710503,282.3207219782586
3474000,1737000.0,-67.59379577636719,0.45018130701759623,-67.14361446934959,232.1839514873713
3475000,1737500.0,-67.51484680175781,0.3626248166931846,-67.15222198506463,187.02611933177477
3476000,1738000.0,-67.64393615722656,0.48994613769547646,-67.15399001953108,252.69292281313005
3477000,1738500.0,-67.5540771484375,0.40387834956998403,-67.15019879886752,208.3028985468102
3478000,1739000.0,-67.64957427978516,0.4976474858710083,-67.15192679391414,256.66494347080953
3479000,1739500.0,-67.62522888183594,0.4654603484878589,-67.15976853334809,240.06421698974665
3480000,1740000.0,-67.59817504882812,0.44360511465835295,-67.15456993416977,228.79223729598112
3481000,1740500.0,-67.61798858642578,0.457368577924743,-67.16062000850104,235.890833433863
3482000,1741000.0,-67.59381103515625,0.4371236917921787,-67.15668734336407,225.4494010900564
3483000,1741500.0,-67.65689849853516,0.49823135436083776,-67.15866714417432,256.966077460614
3484000,1742000.0,-67.59085083007812,0.439869463363573,-67.15098136671455,226.86555072441493
3485000,1742500.0,-67.7527847290039,0.5953524000741882,-67.15743232892972,307.05689157216017
3486000,1743000.0,-67.67082977294922,0.5192972921054394,-67.15153248084378,267.83097253973676
3487000,1743500.0,-67.60160064697266,0.445744601573724,-67.15585604539893,229.89569165630834
3488000,1744000.0,-67.63490295410156,0.4786153482512625,-67.1562876058503,246.84899409903497
3489000,1744500.0,-67.6693344116211,0.5188217830542216,-67.15051262856687,267.58572563863555
3490000,1745000.0,-67.6087417602539,0.4577911029574008,-67.1509506572965,236.1087534810874
3491000,1745500.0,-67.58501434326172,0.4304726538992461,-67.15454168936247,222.0190848254742
3492000,1746000.0,-67.54666137695312,0.39190408251800146,-67.15475729443513,202.12709205072733
3493000,1746500.0,-67.5627670288086,0.4037900274720918,-67.1589770013365,208.2573458475475
3494000,1747000.0,-67.60748291015625,0.4520826542392733,-67.15540025591697,233.1645837441906
3495000,1747500.0,-67.56441497802734,0.41426890516231635,-67.15014607286503,213.66189550641215
3496000,1748000.0,-67.62733459472656,0.47093940130043294,-67.15639519342614,242.89007428901854
3497000,1748500.0,-67.65825653076172,0.49630575652259473,-67.16195077423913,255.97293778979832
3498000,1749000.0,-67.53687286376953,0.3824445179070003,-67.15442834586253,197.2482597747206
3499000,1749500.0,-67.56893157958984,0.41372271595355764,-67.15520886363629,213.38019485209244
3500000,1750000.0,-67.66422271728516,0.5136229315541031,-67.15059978573105,264.9043839976634
3501000,1750500.0,-67.6473388671875,0.4956201211409384,-67.15171874604655,255.61931686038398
3502000,1751000.0,-67.65201568603516,0.4965214527042541,-67.1554942333309,256.0841845052832
3503000,1751500.0,-67.63863372802734,0.48955332616117425,-67.14908040186617,252.49032769689052
3504000,1752000.0,-67.58037567138672,0.4246935738935731,-67.15568209749314,219.03848654037841
3505000,1752500.0,-67.52025604248047,0.3668704208241475,-67.15338562165633,189.21581741166315
3506000,1753000.0,-67.61620330810547,0.456369637861259,-67.15983367024421,235.37562356703108
3507000,1753500.0,-67.56904602050781,0.4168323284724239,-67.15221369203539,214.98399783318055
3508000,1754000.0,-67.57779693603516,0.42720082973634277,-67.15059610629882,220.33162012875576
3509000,1754500.0,-67.58948516845703,0.44040664460299445,-67.14907852385403,227.1426054596727
3510000,1755000.0,-67.52645111083984,0.37824974225909347,-67.14820136858076,195.08477681718423
3511000,1755500.0,-67.56014251708984,0.4032669988459701,-67.15687551824388,207.9875904151008
3512000,1756000.0,-67.509765625,0.3543187763670344,-67.15544684863296,182.7422247451352
3513000,1756500.0,-67.52882385253906,0.37830420058938025,-67.15051965194968,195.11286405697027
3514000,1757000.0,-67.67572784423828,0.5138335570892002,-67.16189428714908,265.01301549404195
3515000,1757500.0,-67.57982635498047,0.4250158333666022,-67.15481052161387,219.20469396988685
3516000,1758000.0,-67.66127014160156,0.5047736498186902,-67.15649649178287,260.3403091035611
3517000,1758500.0,-67.59268951416016,0.44217611209623003,-67.15051340206392,228.05521988458003
3518000,1759000.0,-67.55375671386719,0.3960918086554202,-67.15766490521176,204.28693917715373
3519000,1759500.0,-67.6689224243164,0.5185653850273637,-67.15035703928905,267.45348668046154
3520000,1760000.0,-67.656005859375,0.5049955001936344,-67.15101035918137,260.4547298844565
3521000,1760500.0,-67.58016204833984,0.42608337675739966,-67.15407867158244,219.75528645117328
3522000,1761000.0,-67.63617706298828,0.48493526482718124,-67.1512417981611,250.10853238015244
3523000,1761500.0,-67.5875015258789,0.4278135300529477,-67.15968799582596,220.64762432166495
3524000,1762000.0,-67.68194580078125,0.5253526357789096,-67.15659316500233,270.9540556171632
3525000,1762500.0,-67.72809600830078,0.571046412791713,-67.15704959550906,294.5209197668575
3526000,1763000.0,-67.52054595947266,0.3696507867692199,-67.15089517270344,190.64980932035562
3527000,1763500.0,-67.63143920898438,0.4691465742015996,-67.16229263478277,241.96541199484537
3528000,1764000.0,-67.69676208496094,0.53865436514046,-67.15810771982048,277.81450947572296
3529000,1764500.0,-67.62928009033203,0.47233948841081075,-67.15694060192122,243.6121783671902
3530000,1765000.0,-67.62033081054688,0.4643890456470368,-67.15594176489984,239.5116855475382
3531000,1765500.0,-67.60318756103516,0.44241440275348654,-67.16077315828167,228.17811984853205
3532000,1766000.0,-67.5931167602539,0.4439965546346899,-67.14912020561921,228.99412502223558
3533000,1766500.0,-67.56744384765625,0.41787788828338934,-67.14956595937286,215.52325213948353
3534000,1767000.0,-67.6316909790039,0.48008991005819524,-67.15160106894571,247.60950898872278
3535000,1767500.0,-67.6431884765625,0.494212273047999,-67.14897620351451,254.89321000473024
3536000,1768000.0,-67.68951416015625,0.5291937637169146,-67.16032039643933,272.93514245687
3537000,1768500.0,-67.55390167236328,0.4022319675308448,-67.15166970483244,207.45376624934178
3538000,1769000.0,-67.54981994628906,0.39888803098950715,-67.15093191529955,205.72910912211807
3539000,1769500.0,-67.66561126708984,0.517974087012287,-67.14763718007755,267.14852086445137
3540000,1770000.0,-67.56669616699219,0.41480181121009563,-67.15189435578209,213.93674528363772
3541000,1770500.0,-67.68175506591797,0.5264666123476114,-67.15528845357036,271.5285963134419
3542000,1771000.0,-67.62381744384766,0.4690992450801832,-67.15471819876747,241.94100169113088
3543000,1771500.0,-67.61685180664062,0.4592908269012858,-67.15756097973934,236.88224590736854
3544000,1772000.0,-67.58592987060547,0.42638856610549236,-67.15954130449998,219.9126898521751
3545000,1772500.0,-67.634033203125,0.48236528605919377,-67.15166791706581,248.78304903313585
3546000,1773000.0,-67.69036865234375,0.5314446206266946,-67.15892403171705,274.0960366197299
3547000,1773500.0,-67.57601928710938,0.4206039224713022,-67.15541536463807,216.92922208930761
3548000,1774000.0,-67.56822967529297,0.4125344275542935,-67.15569524773868,212.76732734349778
3549000,1774500.0,-67.7646713256836,0.6059606323736871,-67.15871069330991,312.5281567162221
3550000,1775000.0,-67.72416687011719,0.5661466326017844,-67.1580202375154,291.9938261088512
3551000,1775500.0,-67.47441101074219,0.3127615146902626,-67.16164949605192,161.30879541633715
3552000,1776000.0,-67.54534912109375,0.3866728264882539,-67.1586762946055,199.42903756180237
3553000,1776500.0,-67.67107391357422,0.5146423341519983,-67.15643157942222,265.4301475503614
3554000,1777000.0,-67.64620208740234,0.48408070708057593,-67.16212138032176,249.66778863693608
3555000,1777500.0,-67.64413452148438,0.4814838046823129,-67.16265071680206,248.32841925163157
3556000,1778000.0,-67.7012710571289,0.5466768006800198,-67.15459425644889,281.95213304003266
3557000,1778500.0,-67.49650573730469,0.33133531749601425,-67.16517041980867,170.88835561210976
3558000,1779000.0,-67.6776123046875,0.5267665707776807,-67.15084573390982,271.6833018342838
3559000,1779500.0,-67.7195053100586,0.5631409468675364,-67.15636436319106,290.4436240461972
3560000,1780000.0,-67.62836456298828,0.4627449584049094,-67.16561960458337,238.66373680662747
3561000,1780500.0,-67.66429901123047,0.5101673235313925,-67.15413168769908,263.12213157403477
3562000,1781000.0,-67.56407928466797,0.39889184148936213,-67.16518744317861,205.73107441232378
3563000,1781500.0,-67.71096801757812,0.5535335126389203,-67.1574345049392,285.4885270484271
3564000,1782000.0,-67.55606842041016,0.3983076217733711,-67.15776079863679,205.42975927533092
3565000,1782500.0,-67.59757995605469,0.44050339863057875,-67.1570765574241,227.19250698178536
3566000,1783000.0,-67.60404968261719,0.43961952820032535,-67.16443015441686,226.73664503038927
3567000,1783500.0,-67.63460540771484,0.4826669035296338,-67.15193850418521,248.9386102148925
3568000,1784000.0,-67.7229232788086,0.5582872135250367,-67.16463606528356,287.9402793507154
3569000,1784500.0,-67.68746948242188,0.5334168999778562,-67.15405258244402,275.11325258594445
3570000,1785000.0,-67.6471176147461,0.48611205399640134,-67.16100556074969,250.7154690856927
3571000,1785500.0,-67.49320983886719,0.3305237885710455,-67.16268605029614,170.4698042648896
3572000,1786000.0,-67.55317687988281,0.39734370974951955,-67.15583317013329,204.93261534888333
3573000,1786500.0,-67.64497375488281,0.4942989432614398,-67.15067481162137,254.93791073379043
3574000,1787000.0,-67.65773010253906,0.5046932605478717,-67.1530368419912,260.2988478117107
3575000,1787500.0,-67.46024322509766,0.30918408453604945,-67.1510591405616,159.4637124321545
3576000,1788000.0,-67.59850311279297,0.4402847972214378,-67.15821831557153,227.0797618762382
3577000,1788500.0,-67.58307647705078,0.42266739010461374,-67.16040908694617,217.9934690080493
3578000,1789000.0,-67.65850830078125,0.5015308397061273,-67.15697746107513,258.66780859294204
3579000,1789500.0,-67.49139404296875,0.33974500022395493,-67.1516490427448,175.22570444488136
3580000,1790000.0,-67.5942153930664,0.43931928254090336,-67.1548961105255,226.5817913691314
3581000,1790500.0,-67.54094696044922,0.3802879190611982,-67.16065904138802,196.13597982442965
3582000,1791000.0,-67.49874114990234,0.3372676010494955,-67.16147354885285,173.94796962832874
3583000,1791500.0,-67.58904266357422,0.43047360536222695,-67.158569058212,222.01957554872536
3584000,1792000.0,-67.6607666015625,0.4942641108293913,-67.16650249073311,254.919945679296
3585000,1792500.0,-67.70623779296875,0.5388304883593309,-67.16740730460941,277.9053461770002
3586000,1793000.0,-67.66820526123047,0.5107188709436258,-67.15748639028685,263.4065957568178
3587000,1793500.0,-67.69811248779297,0.5350778068681661,-67.16303468092481,275.9698761703388
3588000,1794000.0,-67.63372039794922,0.47557973498120804,-67.15814066296801,245.28335671418193
3589000,1794500.0,-67.7110824584961,0.5517607133639022,-67.15932174513219,284.5741942352889
3590000,1795000.0,-67.57633972167969,0.42143948970402834,-67.15490023197566,217.36017135086846
3591000,1795500.0,-67.4942626953125,0.3371339571154803,-67.15712873819702,173.87904189586126
3592000,1796000.0,-67.74313354492188,0.5823958257726393,-67.16073771914924,300.37445369173577
3593000,1796500.0,-67.5433120727539,0.3816028953299973,-67.16170917742392,196.81418742977112
3594000,1797000.0,-67.62966918945312,0.4691937713691476,-67.16047541808398,241.98975424248977
3595000,1797500.0,-67.71276092529297,0.5521187406845478,-67.16064218460842,284.7588491659848
3596000,1798000.0,-67.58248901367188,0.4213387197121881,-67.1611502939597,217.3081985689424
3597000,1798500.0,-67.6059341430664,0.45158896750444594,-67.15434517556196,232.90996158395808
3598000,1799000.0,-67.52445220947266,0.36748283403749965,-67.15696937543515,189.5316735291932
3599000,1799500.0,-67.56123352050781,0.40039463698340033,-67.1608388835244,206.5061510106721
3600000,1800000.0,-67.52030181884766,0.35874221532846867,-67.1615596035192,185.0236423011708
3601000,1800500.0,-67.69804382324219,0.5442946909917906,-67.1537491322504,280.72354439881707
3602000,1801000.0,-67.58059692382812,0.424466250033316,-67.1561306737948,218.92124277365804
3603000,1801500.0,-67.56015014648438,0.4069539236832812,-67.1531962228011,209.88914599775043
3604000,1802000.0,-67.59696960449219,0.4421610544067566,-67.15480855008543,228.04745378281677
3605000,1802500.0,-67.62503051757812,0.4752646279616585,-67.14976588961646,245.1208382093042
3606000,1803000.0,-67.74462890625,0.5863053095329569,-67.15832359671704,302.3907954935751
3607000,1803500.0,-67.73863220214844,0.5849154060496489,-67.15371679609879,301.67394368762507
3608000,1804000.0,-67.56413269042969,0.40551797661034705,-67.15861471381935,209.14854690950898
3609000,1804500.0,-67.57780456542969,0.42344424448833284,-67.15436032094135,218.3941367339865
3610000,1805000.0,-67.6455307006836,0.4898854789455767,-67.15564522173801,252.6616376664026
3611000,1805500.0,-67.52096557617188,0.37485163072314454,-67.14611394544873,193.332178582401
3612000,1806000.0,-67.55451965332031,0.40518399616971296,-67.1493356571506,208.97629431434984
3613000,1806500.0,-67.47956848144531,0.32945384279206286,-67.15011463865325,169.91797273619463
3614000,1807000.0,-67.73464965820312,0.5773356705673202,-67.1573139876358,297.76464557132783
3615000,1807500.0,-67.69204711914062,0.5349952726329789,-67.15705184650764,275.9273085990958
3616000,1808000.0,-67.44739532470703,0.29568864010949875,-67.15170668459753,152.50334876269568
3617000,1808500.0,-67.63395690917969,0.4802688276169408,-67.15368808156275,247.70178688905415
3618000,1809000.0,-67.67316436767578,0.5244144232209319,-67.14874994445485,270.4701663582122
3619000,1809500.0,-67.62843322753906,0.47546585412447534,-67.15296737341458,245.22462191799474
3620000,1810000.0,-67.6116943359375,0.44999623370134123,-67.16169810223616,232.0884987148703
3621000,1810500.0,-67.61931610107422,0.4665235897191844,-67.15279251135503,240.6125906041664
3622000,1811000.0,-67.65936279296875,0.5076980072243856,-67.15166478574436,261.8485655492006
3623000,1811500.0,-67.5688705444336,0.41168462059696037,-67.15718592383664,212.3290338508998
3624000,1812000.0,-67.58213806152344,0.4273662712969224,-67.15477179022652,220.41694769495368
3625000,1812500.0,-67.5871810913086,0.4403582691623675,-67.14682282214622,227.1176555099866
3626000,1813000.0,-67.61222076416016,0.46007977462090444,-67.15214098953925,237.2891508503382
3627000,1813500.0,-67.6308822631836,0.47935909543242916,-67.15152316775117,247.2325865688665
3628000,1814000.0,-67.46504211425781,0.3094589768342906,-67.15558313742352,159.6054899316733
3629000,1814500.0,-67.5809326171875,0.4205697326243633,-67.16036288456314,216.91158845228344
3630000,1815000.0,-67.646484375,0.4918225700402738,-67.15466180495973,253.66070505935454
3631000,1815500.0,-67.61907958984375,0.4558237593746202,-67.16325583046913,235.0940831696756
3632000,1816000.0,-67.65746307373047,0.5033244331533284,-67.15413864057714,259.5928661362948
3633000,1816500.0,-67.52306365966797,0.3671444061690483,-67.15591925349892,189.35712714406884
3634000,1817000.0,-67.4720458984375,0.31525223778860556,-67.1567936606489,162.59340213371812
3635000,1817500.0,-67.59793853759766,0.43955000756716817,-67.15838853003049,226.70078930945036
3636000,1818000.0,-67.64881896972656,0.48563240957367326,-67.1631865601529,250.46808933970618
3637000,1818500.0,-67.53378295898438,0.3769250759120829,-67.15685788307229,194.4015714906707
3638000,1819000.0,-67.6902847290039,0.5312429970645698,-67.15904173193934,273.9920479497488
3639000,1819500.0,-67.54319763183594,0.38650452507245825,-67.15669310676348,199.34223500658473
3640000,1820000.0,-67.74635314941406,0.5885582677230212,-67.15779488169105,303.55277340547565
3641000,1820500.0,-67.58647155761719,0.43381663971516965,-67.15265491790201,223.74376736638766
3642000,1821000.0,-67.5423355102539,0.38088315660522826,-67.16145235364868,196.44297747824638
3643000,1821500.0,-67.5906982421875,0.430702704957126,-67.15999553723037,222.13773516219356
3644000,1822000.0,-67.53817749023438,0.3799357084842602,-67.15824178175012,195.9543249173193
3645000,1822500.0,-67.67118072509766,0.5149039991715625,-67.15627672592609,265.56510299444886
3646000,1823000.0,-67.57776641845703,0.422964587747644,-67.15480183070939,218.14675063493124
3647000,1823500.0,-67.59601593017578,0.4349816271455382,-67.16103430303025,224.34461724797882
3648000,1824000.0,-67.6344985961914,0.4749986609893734,-67.15949993520204,244.98366400498324
3649000,1824500.0,-67.53704071044922,0.3732137601275199,-67.16382695032169,192.4874361175562
3650000,1825000.0,-67.60237884521484,0.4423268145487534,-67.1600520306661,228.13294565946285
3651000,1825500.0,-67.70826721191406,0.5541987815604474,-67.15406843035362,285.8316438429143
3652000,1826000.0,-67.55777740478516,0.4012301475141784,-67.15654725727097,206.93707102783262
3653000,1826500.0,-67.68971252441406,0.5342194265554229,-67.15549309785864,275.5271609136525
3654000,1827000.0,-67.6325912475586,0.4785375933149606,-67.15405365424364,246.8088914824296
3655000,1827500.0,-67.61003112792969,0.4442895197099493,-67.16574160821973,229.14522367462556
3656000,1828000.0,-67.65681457519531,0.4992086730064452,-67.15760590218886,257.4701359398581
3657000,1828500.0,-67.53250885009766,0.37607306964709436,-67.15643578045056,193.96214369077472
3658000,1829000.0,-67.79364776611328,0.6251126512063988,-67.16853511490689,322.4059356071296
3659000,1829500.0,-67.67792510986328,0.5161998291999078,-67.16172528066338,266.2334358011361
3660000,1830000.0,-67.61688232421875,0.4616525988107366,-67.15522972540802,238.10034520625106
3661000,1830500.0,-67.54883575439453,0.3920782970910241,-67.15675745730351,202.2169443554333
3662000,1831000.0,-67.49606323242188,0.33864653651251153,-67.15741669590936,174.659164606126
3663000,1831500.0,-67.7273178100586,0.5639020518900807,-67.16341575816851,290.83616893617045
3664000,1832000.0,-67.62955474853516,0.47088723562638907,-67.15866751290876,242.86316950167463
3665000,1832500.0,-67.61608123779297,0.4519613372003413,-67.16411990059262,233.1020136884311
3666000,1833000.0,-67.57556915283203,0.41454043659922724,-67.1610287162328,213.80193961973325
3667000,1833500.0,-67.53197479248047,0.3690556031201649,-67.16291918936031,190.34283946322455
3668000,1834000.0,-67.60831451416016,0.44868221179658024,-67.15963230236358,231.41078332901924
3669000,1834500.0,-67.64784240722656,0.4883003500086946,-67.15954205721786,251.84409705677467
3670000,1835000.0,-67.66740417480469,0.5056329330166872,-67.161771241788,260.7834900292183
3671000,1835500.0,-67.57501983642578,0.41900360382533297,-67.15601623260045,216.1038472879378
3672000,1836000.0,-67.53585815429688,0.36723975942100007,-67.16861839487588,189.40630620699352
3673000,1836500.0,-67.69932556152344,0.5329602725708493,-67.16636528895259,274.8777440162558
3674000,1837000.0,-67.54884338378906,0.38386681563871755,-67.16497656815035,197.9818191260171
3675000,1837500.0,-67.62371826171875,0.45805372862529736,-67.16566453309345,236.2442043858311
3676000,1838000.0,-67.60213470458984,0.4381163658958888,-67.16401833869395,225.9613792471805
3677000,1838500.0,-67.64874267578125,0.4782283886387713,-67.17051428714248,246.64941714971772
3678000,1839000.0,-67.61994171142578,0.45205029596819457,-67.16789141545759,233.1478947543875
3679000,1839500.0,-67.62256622314453,0.4541681458958108,-67.16839807724872,234.24018969686043
3680000,1840000.0,-67.59626007080078,0.4294418750994847,-67.1668181957013,221.48745392230865
3681000,1840500.0,-67.52393341064453,0.35865552305705334,-67.16527788758748,184.97893019556614
3682000,1841000.0,-67.60734558105469,0.44450611663974976,-67.16283946441494,229.25693495685155
3683000,1841500.0,-67.62967681884766,0.46621931044379705,-67.16345750840387,240.4556565791106
3684000,1842000.0,-67.61003875732422,0.4417098161116164,-67.16832894121261,227.81472468279668
3685000,1842500.0,-67.57508087158203,0.4126191455083077,-67.16246172607373,212.81102118199868
3686000,1843000.0,-67.48704528808594,0.32422691661450403,-67.16281837147143,167.222151396836
3687000,1843500.0,-67.58199310302734,0.4182506168963445,-67.163742486131,215.71548935777602
3688000,1844000.0,-67.68522644042969,0.5149304655673995,-67.17029597486228,265.5787532110866
3689000,1844500.0,-67.67936706542969,0.5150960216665493,-67.16427104376314,265.6641398513008
3690000,1845000.0,-67.64585876464844,0.4823103418677427,-67.16354842278069,248.75471120727875
3691000,1845500.0,-67.46549224853516,0.30038992242354945,-67.16510232611161,154.92806584383231
3692000,1846000.0,-67.64710998535156,0.47926744417868417,-67.16784254117287,247.18531683571328
3693000,1846500.0,-67.74463653564453,0.5661575566691782,-67.17847897897535,291.99946026800944
3694000,1847000.0,-67.70964813232422,0.5451100315591448,-67.16453810076507,281.14406162551046
3695000,1847500.0,-67.38440704345703,0.2182783032002192,-67.16612874025681,112.57846154639306
3696000,1848000.0,-67.7818832397461,0.6088473510746583,-67.17303588867144,314.01700075389283
3697000,1848500.0,-67.66272735595703,0.4981689753942273,-67.16455838056281,256.93390510087454
3698000,1849000.0,-67.55976104736328,0.3970201896211747,-67.16274085774211,204.76575772815613
3699000,1849500.0,-67.53147888183594,0.36763317034661747,-67.16384571148932,189.6092104632215
3700000,1850000.0,-67.72066497802734,0.5509520976892124,-67.16971288033812,284.15714541594116
3701000,1850500.0,-67.52863311767578,0.36579783804142785,-67.16283527963435,188.66262583105532
3702000,1851000.0,-67.68537139892578,0.5164205555494499,-67.16895084337634,266.34727685858377
3703000,1851500.0,-67.6594009399414,0.5009542928244749,-67.15844664711693,258.37045077040915
3704000,1852000.0,-67.65673065185547,0.48944664839492374,-67.16728400346055,252.43530794169902
3705000,1852500.0,-67.60062408447266,0.4362704880737074,-67.16435359639895,225.0093556957001
3706000,1853000.0,-67.64715576171875,0.48773753342805015,-67.1594182282907,251.5538207267281
3707000,1853500.0,-67.66333770751953,0.4984490917597233,-67.1648886157598,257.0783769472247
3708000,1854000.0,-67.63895416259766,0.4743768825358183,-67.16457728006183,244.66297770360714
3709000,1854500.0,-67.49871063232422,0.33557863926908227,-67.16313199305513,173.07687655099633
3710000,1855000.0,-67.5958251953125,0.4326893284792451,-67.16313586683326,223.16234922833326
3711000,1855500.0,-67.57762145996094,0.415071238019522,-67.16255022194142,214.0757039215778
3712000,1856000.0,-67.50475311279297,0.3480068949237868,-67.15674621786918,179.48683063621064
3713000,1856500.0,-67.54492950439453,0.38678108266382266,-67.15814842173071,199.48487139191627
3714000,1857000.0,-67.59197235107422,0.43366190453308623,-67.15831044654114,223.66396168487623
3715000,1857500.0,-67.65048217773438,0.4866812379623677,-67.163800939772,251.00902943633636
3716000,1858000.0,-67.71221160888672,0.5512402405144322,-67.16097136837229,284.3057569613549
3717000,1858500.0,-67.5115966796875,0.35710515483702515,-67.15449152485047,184.17931765285226
3718000,1859000.0,-67.48675537109375,0.327812282603948,-67.1589430884898,169.07132733990775
3719000,1859500.0,-67.4920883178711,0.32964453306084224,-67.16244378481025,170.01632248867259
3720000,1860000.0,-67.63441467285156,0.46623348136313264,-67.16818119148843,240.46296532337934
3721000,1860500.0,-67.63465118408203,0.47312175925624206,-67.16152942482579,244.0156396686576
3722000,1861000.0,-67.62592315673828,0.47059318179794674,-67.15532997494033,242.71150931771444
3723000,1861500.0,-67.5091323852539,0.3495421404053152,-67.15959024484859,180.27864352770075
3724000,1862000.0,-67.60037994384766,0.43576832905718216,-67.16461161479047,224.75036390080692
3725000,1862500.0,-67.7030258178711,0.5440576979700179,-67.15896811990108,280.60131369884715
3726000,1863000.0,-67.53562927246094,0.37425445311706307,-67.16137481934388,193.02418032890102
3727000,1863500.0,-67.65392303466797,0.49052261043383,-67.16340042423414,252.990242395772
3728000,1864000.0,-67.5553970336914,0.4012366974939951,-67.1541603361974,206.94044922273386
3729000,1864500.0,-67.65374755859375,0.48956062118145327,-67.1641869374123,252.4940901512798
3730000,1865000.0,-67.6996078491211,0.5417758924475498,-67.15783195667355,279.42445758671266
3731000,1865500.0,-67.55086517333984,0.38727490782969265,-67.16359026551015,199.7395649488638
3732000,1866000.0,-67.67125701904297,0.4998990738571164,-67.17135794518585,257.826214691064
3733000,1866500.0,-67.56195831298828,0.39705063613653413,-67.16490767685174,204.78146071745172
3734000,1867000.0,-67.56099700927734,0.3992228165211142,-67.16177419275623,205.9017769482086
3735000,1867500.0,-67.61537170410156,0.4616262592537452,-67.15374544484781,238.08676040757692
3736000,1868000.0,-67.58964538574219,0.4268741211305153,-67.16277126461168,220.16311802992698
3737000,1868500.0,-67.64244079589844,0.4858967392770964,-67.15654405662134,250.60441911191032
3738000,1869000.0,-67.53081512451172,0.3756126718334574,-67.15520245267827,193.72469050922317
3739000,1869500.0,-67.62371826171875,0.462904682787913,-67.16081357893084,238.746115701123
3740000,1870000.0,-67.50737762451172,0.345829165800159,-67.16154845871156,178.36365260702323
3741000,1870500.0,-67.56964874267578,0.41053914326303337,-67.15910959941274,211.7382464290667
3742000,1871000.0,-67.50233459472656,0.3453593982324203,-67.15697519649414,178.1213669135528
3743000,1871500.0,-67.64623260498047,0.4890746191215606,-67.1571579858589,252.24343141237202
3744000,1872000.0,-67.60845184326172,0.4500872793650406,-67.15836456389668,232.13545611099934
3745000,1872500.0,-67.62213134765625,0.4631268849313073,-67.15900446272494,238.8607179088958
3746000,1873000.0,-67.51000213623047,0.348725234698444,-67.16127690153202,179.85731907007167
3747000,1873500.0,-67.57835388183594,0.4153306846601552,-67.16302319717579,214.20951522223226
3748000,1874000.0,-67.6268310546875,0.459397828773814,-67.16743322591368,236.9374328224911
3749000,1874500.0,-67.58663177490234,0.4251565022652725,-67.16147527263708,219.2772448737905
3750000,1875000.0,-67.56303405761719,0.4004559837259738,-67.16257807389121,206.53779099411778
3751000,1875500.0,-67.54801940917969,0.38160485402104366,-67.16641455515864,196.81519763748034
3752000,1876000.0,-67.56163024902344,0.3933440304295995,-67.16828621859383,202.8697545976592
3753000,1876500.0,-67.63282012939453,0.46499586267443066,-67.1678242667201,239.82465539558348
3754000,1877000.0,-67.5996322631836,0.42898456813797825,-67.17064769504562,221.25159486794524
3755000,1877500.0,-67.58214569091797,0.41743227724187065,-67.1647134136761,215.29342533229857
3756000,1878000.0,-67.65279388427734,0.4852033900605904,-67.16759049421675,250.2468197217545
3757000,1878500.0,-67.627197265625,0.4569166517885605,-67.17028061383644,235.6577495753296
3758000,1879000.0,-67.5426025390625,0.3807707023058337,-67.16183183675666,196.3849784383303
3759000,1879500.0,-67.7381820678711,0.5692643672550413,-67.16891770061605,293.60181813383764
3760000,1880000.0,-67.57919311523438,0.41309450470979664,-67.16609861052459,213.0561907971228
3761000,1880500.0,-67.54531860351562,0.37879852626308674,-67.16652007725254,195.3678157541058
3762000,1881000.0,-67.6257095336914,0.460448148136878,-67.16526138555453,237.47914189889744
3763000,1881500.0,-67.57649993896484,0.4174127884734158,-67.15908715049143,215.28337387258904
3764000,1882000.0,-67.73100280761719,0.5557649828860967,-67.17523782473108,286.6394224133377
3765000,1882500.0,-67.65947723388672,0.48911706216421197,-67.1703601717225,252.26532168902796
3766000,1883000.0,-67.53437805175781,0.37434036749732674,-67.16003768426049,193.06849123205993
3767000,1883500.0,-67.56940460205078,0.4024144877877117,-67.16699011426307,207.54790226477655
3768000,1884000.0,-67.69146728515625,0.5272875005549108,-67.16417978460134,271.9519747716965
3769000,1884500.0,-67.5824203491211,0.4195121612408112,-67.16290818788028,216.36613909891102
3770000,1885000.0,-67.54397583007812,0.372283853622318,-67.1716919764558,192.00783075961283
3771000,1885500.0,-67.5749282836914,0.4030508416318894,-67.17187744205951,207.87610591913128
3772000,1886000.0,-67.5633773803711,0.39232186867677693,-67.17105551169432,202.34256799277355
3773000,1886500.0,-67.71392822265625,0.5418844011146563,-67.17204382154159,279.48042164098746
3774000,1887000.0,-67.59249114990234,0.42589742888521215,-67.16659372101714,219.65938262073394
3775000,1887500.0,-67.72764587402344,0.5568602754665727,-67.17078559855686,287.20432672057
3776000,1888000.0,-67.56448364257812,0.393110874339775,-67.17137276823836,202.74950282041988
3777000,1888500.0,-67.58736419677734,0.4161141773665474,-67.17125001941079,214.6136067064763
3778000,1889000.0,-67.66394805908203,0.4892843449037729,-67.17466371417825,252.35159885531948
3779000,1889500.0,-67.58817291259766,0.41660618804226496,-67.17156672455539,214.8673644282682
3780000,1890000.0,-67.71431732177734,0.5440566211299465,-67.1702607006474,280.6007583115421
3781000,1890500.0,-67.61585235595703,0.4372478414040502,-67.17860451455299,225.5134320638232
3782000,1891000.0,-67.61430358886719,0.4360586619569742,-67.17824492691021,224.90010499149568
3783000,1891500.0,-67.4732437133789,0.29904128392685614,-67.17420242945205,154.23249672443748
3784000,1892000.0,-67.64973449707031,0.47405940553956244,-67.17567509153075,244.4992368677529
3785000,1892500.0,-67.47066497802734,0.2983966229628375,-67.1722683550645,153.90000861872932
3786000,1893000.0,-67.51234436035156,0.34122773271197665,-67.17111662763959,175.9904334167445
3787000,1893500.0,-67.71865844726562,0.5417538597268272,-67.1769045875388,279.4130940669938
3788000,1894000.0,-67.6480484008789,0.4743629362486369,-67.17368546463027,244.65578481484016
3789000,1894500.0,-67.65906524658203,0.48201773197497866,-67.17704751460705,248.60379574258224
3790000,1895000.0,-67.56230163574219,0.3873001592156615,-67.17500147652653,199.75258851622075
3791000,1895500.0,-67.6829833984375,0.49908647103624965,-67.18389692740125,257.40710947501543
3792000,1896000.0,-67.59455871582031,0.42056533742516394,-67.17399337839515,216.90932159956927
3793000,1896500.0,-67.70557403564453,0.5332988270332029,-67.17227520861132,275.0523556930126
3794000,1897000.0,-67.7031021118164,0.5332029879689849,-67.16989912384742,275.00292606923637
3795000,1897500.0,-67.65116119384766,0.47202506118653864,-67.17913613266111,243.45001047116992
3796000,1898000.0,-67.6901626586914,0.5225895468936703,-67.16757311179774,269.5289744650029
3797000,1898500.0,-67.715087890625,0.5429512436751898,-67.17213664694981,280.0306526644846
3798000,1899000.0,-67.68321990966797,0.5155647272468769,-67.16765518242109,265.9058778178227
3799000,1899500.0,-67.62644958496094,0.457767195263433,-67.16868238969751,236.0964229316624
3800000,1900000.0,-67.53626251220703,0.3597726245042485,-67.17648988770279,185.55508256835202
3801000,1900500.0,-67.69447326660156,0.5264799837786209,-67.16799328282295,271.53549271638093
3802000,1901000.0,-67.58281707763672,0.41532113190414544,-67.16749594573257,214.20458832588324
3803000,1901500.0,-67.63192749023438,0.46622174549864676,-67.16570574473573,240.45691247456492
3804000,1902000.0,-67.70124053955078,0.5349701385051768,-67.16627040104561,275.9143455084048
3805000,1902500.0,-67.53480529785156,0.37002661227424233,-67.16477868557732,190.84364378097314
3806000,1903000.0,-67.65121459960938,0.4827134892944852,-67.16850111031489,248.96263712759998
3807000,1903500.0,-67.55563354492188,0.3878616640633005,-67.16777188085858,200.04218831139625
3808000,1904000.0,-67.61738586425781,0.45258669868530116,-67.16479916557252,233.42454796167294
3809000,1904500.0,-67.58089447021484,0.41492683312774475,-67.16596763708709,214.00122615481075
3810000,1905000.0,-67.5665512084961,0.395432719978393,-67.1711184885177,203.94700988416162
3811000,1905500.0,-67.61610412597656,0.44770353887285713,-67.1684005871037,230.90602637198538
3812000,1906000.0,-67.69144439697266,0.5287410904407777,-67.16270330653188,272.7016732560217
3813000,1906500.0,-67.6737060546875,0.5131569796106298,-67.16054907507687,264.66406623734684
3814000,1907000.0,-67.57846069335938,0.4134000312064852,-67.1650606621529,213.21376808471658
3815000,1907500.0,-67.60467529296875,0.435736709073611,-67.16893858389514,224.73405568761135
3816000,1908000.0,-67.67367553710938,0.5001708661039743,-67.1735046710054,257.96639331881994
3817000,1908500.0,-67.5151138305664,0.3436901118782843,-67.17142371868812,177.2604215659218
3818000,1909000.0,-67.52730560302734,0.3574777351220262,-67.16982786790531,184.37147837003295
3819000,1909500.0,-67.5511245727539,0.37976378854258136,-67.17136078421133,195.86565608372663
3820000,1910000.0,-67.72796630859375,0.5614226595139145,-67.16654364907984,289.55740611281
3821000,1910500.0,-67.68147277832031,0.505335940929695,-67.17613683739062,260.6303144192065
3822000,1911000.0,-67.66789245605469,0.49455351483852406,-67.17333894121616,255.069207688556
3823000,1911500.0,-67.53740692138672,0.36333507730140324,-67.17407184408532,187.39244088273952
3824000,1912000.0,-67.68855285644531,0.5121358502256611,-67.17641700621965,264.13741208292936
3825000,1912500.0,-67.59407043457031,0.4226230168359239,-67.17144741773438,217.97058320469802
3826000,1913000.0,-67.52197265625,0.3544096229167392,-67.16756303333327,182.78907944692014
3827000,1913500.0,-67.62220001220703,0.4554163186739303,-67.1667836935331,234.8839429652551
3828000,1914000.0,-67.67774200439453,0.5123059385544758,-67.16543606584005,264.2251362502159
3829000,1914500.0,-67.71966552734375,0.5575327148469537,-67.1621328124968,287.5511417260773
3830000,1915000.0,-67.5692138671875,0.40131659554856713,-67.16789727163894,206.9816571665945
3831000,1915500.0,-67.64398193359375,0.48011899424585613,-67.1638629393479,247.62450934860365
3832000,1916000.0,-67.53726959228516,0.3652905350756333,-67.17197905720953,188.40098101070555
3833000,1916500.0,-67.73976135253906,0.5643341164230737,-67.175427236116,291.0590090430431
3834000,1917000.0,-67.54325866699219,0.37570653240551455,-67.16755213458667,193.77309971273598
3835000,1917500.0,-67.60969543457031,0.4317489103570941,-67.17794652421321,222.67732243524426
3836000,1918000.0,-67.55973052978516,0.3780313012488911,-67.18169922853626,194.97211443843804
3837000,1918500.0,-67.74267578125,0.5665201604790092,-67.17615562077098,292.18647555291477
3838000,1919000.0,-67.5394515991211,0.3642286833439323,-67.17522291577716,187.85332403979893
3839000,1919500.0,-67.69438934326172,0.51678543259782,-67.1776039106639,266.53546458112356
3840000,1920000.0,-67.7148666381836,0.5364175622819046,-67.1784490759017,276.6608637816397
3841000,1920500.0,-67.57160186767578,0.39414030324411947,-67.17746156443167,203.28043750620122
3842000,1921000.0,-67.65972137451172,0.47885570006228684,-67.18086567444944,246.9729571165145
3843000,1921500.0,-67.6712875366211,0.49665558877624405,-67.17463194784484,256.15336606112777
3844000,1922000.0,-67.63387298583984,0.46010920076118034,-67.17376378507866,237.30432757451527
3845000,1922500.0,-67.5937271118164,0.42396674358373876,-67.16976036823267,218.6636190575055
3846000,1923000.0,-67.60308837890625,0.4253624725394259,-67.17772590636683,219.38347538891048
3847000,1923500.0,-67.64208984375,0.47280035598862846,-67.16928948776138,243.8498738326884
3848000,1924000.0,-67.6303482055664,0.45302008435164676,-67.17732812121476,233.64806945170713
3849000,1924500.0,-67.63001251220703,0.45535884680731664,-67.17465366539972,234.85430147441195
3850000,1925000.0,-67.55738067626953,0.37941395093889463,-67.17796672533063,195.6852250530804
3851000,1925500.0,-67.66300201416016,0.4813864570822465,-67.1816155570779,248.27821159063166
3852000,1926000.0,-67.60771942138672,0.43917105819473123,-67.16854836319199,226.50534369379616
3853000,1926500.0,-67.54205322265625,0.365645864132797,-67.17640735852345,188.58424429437477
3854000,1927000.0,-67.61415100097656,0.44999750495096785,-67.16415349602559,232.08915437017416
3855000,1927500.0,-67.59129333496094,0.41903329486910906,-67.17226004009183,216.11916063782652
3856000,1928000.0,-67.56964874267578,0.4011228382898208,-67.16852590438596,206.88172559399518
3857000,1928500.0,-67.59635925292969,0.42766693985730975,-67.16869231307238,220.57201947014855
3858000,1929000.0,-67.57962799072266,0.41204435430915093,-67.16758363641351,212.51456886418805
3859000,1929500.0,-67.64228820800781,0.47481431129962304,-67.16747389670819,244.88858444758165
3860000,1930000.0,-67.60784149169922,0.44780509293089604,-67.16003639876833,230.95840354117806
3861000,1930500.0,-67.70024108886719,0.5319709788656325,-67.16827011000156,274.3675093217489
3862000,1931000.0,-67.6165542602539,0.4467662367752883,-67.16978802347862,230.42260668894104
3863000,1931500.0,-67.66876220703125,0.4961437961695676,-67.17261841086169,255.8894056791488
3864000,1932000.0,-67.62586975097656,0.45440007364959295,-67.17146967732697,234.35980795175752
3865000,1932500.0,-67.68359375,0.4990806824681077,-67.1845130675319,257.4041239831621
3866000,1933000.0,-67.58457946777344,0.41213193218815425,-67.17244753558528,212.5597377276946
3867000,1933500.0,-67.7518081665039,0.5783855776975373,-67.17342258880637,298.306142035949
3868000,1934000.0,-67.54086303710938,0.3665766939974979,-67.17428634311187,189.06432588101487
3869000,1934500.0,-67.6162109375,0.44348152001911234,-67.1727294174809,228.728492552976
3870000,1935000.0,-67.5780029296875,0.4076010563683375,-67.17040187331916,210.22290890973898
3871000,1935500.0,-67.66236877441406,0.4898903990240324,-67.17247837539003,252.66417522902384
3872000,1936000.0,-67.6607666015625,0.487806908823206,-67.1729596927393,251.58960154021852
3873000,1936500.0,-67.65435028076172,0.4874404006475068,-67.16690988011422,251.40057255309773
3874000,1937000.0,-67.63731384277344,0.4643667401758756,-67.17294710259756,239.50018135499784
3875000,1937500.0,-67.67456817626953,0.5080563098580713,-67.16651186641145,262.03336247439637
3876000,1938000.0,-67.65435791015625,0.47934573530588803,-67.17501217485037,247.22569599628088
3877000,1938500.0,-67.60897064208984,0.4421172950595463,-67.1668533470303,228.02488461348116
3878000,1939000.0,-67.57264709472656,0.40492207493433896,-67.16772501979223,208.84120672528385
3879000,1939500.0,-67.65412139892578,0.4917507180727716,-67.16237068085302,253.62364693748955
3880000,1940000.0,-67.56915283203125,0.40369409800745554,-67.1654587340238,208.20786959916464
3881000,1940500.0,-67.55854034423828,0.3908238668922274,-67.16771647734605,201.5699637814258
3882000,1941000.0,-67.60029602050781,0.4308158244210625,-67.16948019608675,222.19607726506965
3883000,1941500.0,-67.59739685058594,0.4292910918286187,-67.16810575875732,221.40968646483736
3884000,1942000.0,-67.67253112792969,0.5093091773347079,-67.16322195059497,262.6795370642359
3885000,1942500.0,-67.78141784667969,0.6185685312631122,-67.16284931541658,319.0307629738949
3886000,1943000.0,-67.51973724365234,0.3607905234246056,-67.15894672022773,186.08007058953166
3887000,1943500.0,-67.69176483154297,0.5251189143194739,-67.16664591722349,270.8335122468516
3888000,1944000.0,-67.54084014892578,0.3771840112963239,-67.16365613762946,194.53511910749927
3889000,1944500.0,-67.52605438232422,0.36599804648059725,-67.16005633584362,188.76588464212287
3890000,1945000.0,-67.45672607421875,0.29294929976404704,-67.1637767744547,151.09051607515164
3891000,1945500.0,-67.69483947753906,0.5276645428386603,-67.1671749347004,272.14643679389536
3892000,1946000.0,-67.59859466552734,0.4317552610549384,-67.16683940447241,222.6805978491657
3893000,1946500.0,-67.5063247680664,0.32999540044875525,-67.17632936761765,170.19728463726423
3894000,1947000.0,-67.52411651611328,0.3593074497721483,-67.16480906634114,185.315165659881
3895000,1947500.0,-67.7683334350586,0.5971474680645709,-67.17118596699402,307.9827096207964
3896000,1948000.0,-67.63997650146484,0.4641525867034033,-67.17582391476144,239.38973030185934
3897000,1948500.0,-67.66385650634766,0.48906114074791873,-67.17479536559973,252.23647985307136
3898000,1949000.0,-67.608154296875,0.4340301622782643,-67.17412413459674,223.853893023891
3899000,1949500.0,-67.57701873779297,0.39903353584058265,-67.17798520195238,205.80415420008256
3900000,1950000.0,-67.56961059570312,0.4026152717398981,-67.16699532396322,207.65145790044417
3901000,1950500.0,-67.66812896728516,0.49508748057969476,-67.17304148670546,255.34460400957437
3902000,1951000.0,-67.59706115722656,0.42183744393425626,-67.17522371329231,217.56541884614444
3903000,1951500.0,-67.67041778564453,0.49056352910435186,-67.17985425654018,253.0113464675388
3904000,1952000.0,-67.68978118896484,0.5150256894212685,-67.17475549954358,265.62786553610437
3905000,1952500.0,-67.64177703857422,0.46015103254349343,-67.18162600603073,237.32590258965652
3906000,1953000.0,-67.57283020019531,0.4026786761926276,-67.17015152400269,207.68415916135206
3907000,1953500.0,-67.59378814697266,0.41621415113264654,-67.17757399584,214.66516882977226
3908000,1954000.0,-67.6589584350586,0.4856821986083806,-67.1732762364502,250.4937683597785
3909000,1954500.0,-67.67266845703125,0.4997808570891065,-67.17288759994214,257.765243620296
3910000,1955000.0,-67.6412124633789,0.4681335868023139,-67.1730788765766,241.44295712276008
3911000,1955500.0,-67.64220428466797,0.4670517603061403,-67.17515252436183,240.8849980365213
3912000,1956000.0,-67.53168487548828,0.35545650293074876,-67.17622837255753,183.32901465657199
3913000,1956500.0,-67.71488189697266,0.5367610882181507,-67.1781208087545,276.83803952855027
3914000,1957000.0,-67.61241149902344,0.4353833038117396,-67.1770281952117,224.55178461393808
3915000,1957500.0,-67.47535705566406,0.29957304898762005,-67.17578400667644,154.50675803015238
3916000,1958000.0,-67.63296508789062,0.4587166318874835,-67.17424845600314,236.58610107605116
3917000,1958500.0,-67.6788101196289,0.5001683360218528,-67.17864178360705,257.9650884124291
3918000,1959000.0,-67.53564453125,0.3620793586477299,-67.17356517260227,186.744795779708
3919000,1959500.0,-67.75688171386719,0.5769767270822613,-67.17990498678492,297.57951812284773
3920000,1960000.0,-67.6756820678711,0.4957169419479139,-67.17996512592318,255.6692528244041
3921000,1960500.0,-67.53717803955078,0.35586554016072636,-67.18131249939006,183.53997828140754
3922000,1961000.0,-67.57730102539062,0.3928256920001671,-67.18447533339045,202.60241816481025
3923000,1961500.0,-67.67774963378906,0.49116770191990144,-67.18658193186916,253.32295254604279
3924000,1962000.0,-67.60799407958984,0.4261946898061214,-67.18179938978372,219.81269688359558
3925000,1962500.0,-67.64556884765625,0.46070395678843123,-67.18486489086781,237.6110768829059
3926000,1963000.0,-67.69744110107422,0.5128845656472488,-67.18455653542696,264.5235669552306
3927000,1963500.0,-67.6052474975586,0.4217482413842358,-67.18349925617436,217.51941204794193
3928000,1964000.0,-67.59418487548828,0.41953446955077645,-67.1746504059375,216.37764475558313
3929000,1964500.0,-67.68390655517578,0.5075498486068625,-67.17635670656892,261.7721517738457
3930000,1965000.0,-67.53591918945312,0.35050185696065705,-67.18541733249246,180.77362361384283
3931000,1965500.0,-67.63719177246094,0.4636015375223149,-67.17359023493863,239.10552308504575
3932000,1966000.0,-67.65498352050781,0.47926625116168753,-67.17571726934612,247.1847015293997
3933000,1966500.0,-67.70964813232422,0.5315344424664769,-67.17811368985774,274.1423628206747
3934000,1967000.0,-67.50904846191406,0.33380712062809365,-67.17524134128597,172.16320423322904
3935000,1967500.0,-67.53688049316406,0.35532953007425294,-67.1815509630898,183.26352757593742
3936000,1968000.0,-67.60649871826172,0.4249618172757027,-67.18153690098602,219.1768348179553
3937000,1968500.0,-67.70640563964844,0.525607751511507,-67.18079788813694,271.0856332236913
3938000,1969000.0,-67.54120635986328,0.3639651597046777,-67.1772412001586,187.71741000045816
3939000,1969500.0,-67.59754943847656,0.4199069982051132,-67.17764244027146,216.56977884391122
3940000,1970000.0,-67.44860076904297,0.27670656638655927,-67.1718942026564,142.71322017291746
3941000,1970500.0,-67.61470031738281,0.4426838920775658,-67.17201642530524,228.31711072881296
3942000,1971000.0,-67.71896362304688,0.5468991880455045,-67.17206443500137,282.0668307773092
3943000,1971500.0,-67.57437133789062,0.40015399336249113,-67.17421734452813,206.38203749033718
3944000,1972000.0,-67.69508361816406,0.519066019310414,-67.17601759885365,267.7116920840993
3945000,1972500.0,-67.70372009277344,0.5339238819467016,-67.16979621082673,275.37473185001966
3946000,1973000.0,-67.62812042236328,0.4607800525357627,-67.16734036982751,237.6503237619553
3947000,1973500.0,-67.64270782470703,0.4703183999692195,-67.17238942473782,242.56978879356944
3948000,1974000.0,-67.72254180908203,0.5436379815977531,-67.17890382748428,280.3848422365779
3949000,1974500.0,-67.60044860839844,0.4209921948498213,-67.17945641354862,217.12947610628405
3950000,1975000.0,-67.55225372314453,0.3781032255568963,-67.17415049758763,195.00920987039026
3951000,1975500.0,-67.63253021240234,0.4631366983358199,-67.16939351406653,238.86577923641372
3952000,1976000.0,-67.5804672241211,0.4122925518056775,-67.16817467231542,212.64257834524489
3953000,1976500.0,-67.68534088134766,0.5159766454571646,-67.1693642358905,266.11832732708336
3954000,1977000.0,-67.74211883544922,0.5720222753970742,-67.17009656005214,295.02422728382794
3955000,1977500.0,-67.66897583007812,0.5058340853292723,-67.16314174474886,260.88723564916916
3956000,1978000.0,-67.66120147705078,0.4939785135279379,-67.16722296352285,254.7726470044024
3957000,1978500.0,-67.64112854003906,0.4762539029969914,-67.16487463704208,245.63106327469637
3958000,1979000.0,-67.53462219238281,0.3708860432244198,-67.1637361491584,191.28690091078317
3959000,1979500.0,-67.6186294555664,0.45095681844982677,-67.16767263711658,232.58392657730076
3960000,1980000.0,-67.57040405273438,0.40428569778736634,-67.166118354947,208.51299105236035
3961000,1980500.0,-67.6361312866211,0.4647338137437817,-67.17139747287732,239.68950194684479
3962000,1981000.0,-67.61294555664062,0.44504195947941105,-67.16790359716121,229.5332994036852
3963000,1981500.0,-67.56773376464844,0.39888626145647044,-67.16884750319197,205.7281964738887
3964000,1982000.0,-67.5732650756836,0.405207808410999,-67.1680572672726,208.98857563343037
3965000,1982500.0,-67.62481689453125,0.457010622825639,-67.16780627170562,235.7062157518992
3966000,1983000.0,-67.69869232177734,0.5354308592472364,-67.1632614625301,276.151965242401
3967000,1983500.0,-67.64335632324219,0.4742639008861258,-67.16909242235606,244.6047066793282
3968000,1984000.0,-67.59346771240234,0.426699843389497,-67.16676786901284,220.07323314591437
3969000,1984500.0,-67.66389465332031,0.4981801926016239,-67.16571446071869,256.9396904489052
3970000,1985000.0,-67.62430572509766,0.4577694398793602,-67.1665362852183,236.0975806069977
3971000,1985500.0,-67.6097183227539,0.4433589609373281,-67.16635936181657,228.66528190549744
3972000,1986000.0,-67.6261978149414,0.4582791685487158,-67.16791864639269,236.36047649981353
3973000,1986500.0,-67.63301849365234,0.4642763624632815,-67.16874213118906,239.4535684590171
3974000,1987000.0,-67.61564636230469,0.45143818275262704,-67.16420817955206,232.83219336267567
3975000,1987500.0,-67.54215240478516,0.38096720426629904,-67.16118520051886,196.48632560878065
3976000,1988000.0,-67.60272979736328,0.4371489949775944,-67.16558080238569,225.4624513733166
3977000,1988500.0,-67.59870910644531,0.43301950232092445,-67.16568960412438,223.3326385452015
3978000,1989000.0,-67.57749938964844,0.41247871287762294,-67.16502067677081,212.73859213485284
3979000,1989500.0,-67.58163452148438,0.4114841748688581,-67.17015034661551,212.2256526565142
3980000,1990000.0,-67.72560119628906,0.5587016575317832,-67.16689953875728,288.15403155600836
3981000,1990500.0,-67.5816650390625,0.41698034003993784,-67.16468469902256,215.0603357665321
3982000,1991000.0,-67.5776596069336,0.41758791239071125,-67.16007169454288,215.3736951775472
3983000,1991500.0,-67.63417053222656,0.4662725450070422,-67.16789798721952,240.48311265304636
3984000,1992000.0,-67.60284423828125,0.4379961819055617,-67.16484805637569,225.89939356864463
3985000,1992500.0,-67.70844268798828,0.5462569395498045,-67.16218574843847,281.73558691790424
3986000,1993000.0,-67.44462585449219,0.281287963694365,-67.16333789079782,145.07610577851273
3987000,1993500.0,-67.74900817871094,0.589480643452516,-67.15952753525842,304.0284947166268
3988000,1994000.0,-67.60551452636719,0.4457180823662165,-67.15979644400097,229.88201420170637
3989000,1994500.0,-67.54572296142578,0.3839343743457777,-67.16178858708,198.01666297074829
3990000,1995000.0,-67.5533218383789,0.38522216529598446,-67.16809967308292,198.68084957034202
3991000,1995500.0,-67.67304229736328,0.5025994314500323,-67.17044286591324,259.21894176919574
3992000,1996000.0,-67.57108306884766,0.4058164186696799,-67.16526665017798,209.30247035223252
3993000,1996500.0,-67.7068862915039,0.5339920135500635,-67.17289427795384,275.40987116976294
3994000,1997000.0,-67.63716125488281,0.4663470368865441,-67.17081421799627,240.52153232677972
3995000,1997500.0,-67.69613647460938,0.5265272181352294,-67.16960925647415,271.55985414452635
3996000,1998000.0,-67.50788879394531,0.3430441690441322,-67.16484462490118,176.927272327314
3997000,1998500.0,-67.71353912353516,0.5431452642914784,-67.17039385924367,280.13072006545764
3998000,1999000.0,-67.50894165039062,0.34415239852122737,-67.1647892518694,177.49884892353344
3999000,1999500.0,-67.60948181152344,0.4392113819069502,-67.1702704296165,226.5261409119296
4000000,2000000.0,-67.59170532226562,0.42404012519528544,-67.16766519707033,218.70146610328425
4001000,2000500.0,-67.69450378417969,0.5164912894191038,-67.17801249476058,266.3837583141756
4002000,2001000.0,-67.61306762695312,0.4507515305331027,-67.16231609642003,232.47804799248482
4003000,2001500.0,-67.74050903320312,0.5741634847055581,-67.16634554849756,296.1285699796607
4004000,2002000.0,-67.55937194824219,0.398641251432865,-67.16073069680932,205.60183095282432
4005000,2002500.0,-67.63330841064453,0.4613852757792897,-67.17192313486524,237.96247160555424
4006000,2003000.0,-67.6891860961914,0.5200177499907932,-67.1691683462006,268.20255340303356
4007000,2003500.0,-67.5596923828125,0.3979017414244894,-67.16179064138801,205.220423832554
4008000,2004000.0,-67.5628890991211,0.3998971926567648,-67.16299190646433,206.24959084790487
4009000,2004500.0,-67.52494049072266,0.3607832466287812,-67.16415724409387,186.07631753452395
4010000,2005000.0,-67.70755767822266,0.5423309835133904,-67.16522669470926,279.71074943200506
4011000,2005500.0,-67.5207748413086,0.36845477394753967,-67.15232006736106,190.03295789041292
4012000,2006000.0,-67.70370483398438,0.5389606150762104,-67.16474421890817,277.9724598817413
4013000,2006500.0,-67.5619888305664,0.39678902872881355,-67.16519980183759,204.64653498704917
4014000,2007000.0,-67.49159240722656,0.3246005118028782,-67.16699189542368,167.41483555706478
4015000,2007500.0,-67.56368255615234,0.3906624453630128,-67.17302011078934,201.48670957267936
4016000,2008000.0,-67.7756118774414,0.5993823638118897,-67.17622951362952,309.1353717097945
4017000,2008500.0,-67.57403564453125,0.40614568225109077,-67.16788996228016,209.47229019641782
4018000,2009000.0,-67.57261657714844,0.410315498449496,-67.16230107869895,211.62290015473832
4019000,2009500.0,-67.61238861083984,0.44059725839271097,-67.17179135244713,227.2409157675741
4020000,2010000.0,-67.69668579101562,0.5274254115920348,-67.16926037942359,272.0231032904822
4021000,2010500.0,-67.59234619140625,0.4207627031226011,-67.17158348828364,217.0111142480082
4022000,2011000.0,-67.6518783569336,0.4767685857613969,-67.1751097711722,245.89651427441424
4023000,2011500.0,-67.65624237060547,0.48326895068439935,-67.17297341992106,249.24911996995374
4024000,2012000.0,-67.60274505615234,0.43151029062021795,-67.17123476553212,222.55425274632753
4025000,2012500.0,-67.49437713623047,0.3218568704918618,-67.17252026573861,165.99978461841957
4026000,2013000.0,-67.66476440429688,0.4937779587721997,-67.17098644552468,254.66920957830092
4027000,2013500.0,-67.67880249023438,0.505564673360747,-67.17323781687362,260.74828466552077
4028000,2014000.0,-67.56987762451172,0.39392421784205683,-67.17595340666966,203.16899004774936
4029000,2014500.0,-67.62427520751953,0.4496210562253341,-67.17465415129419,231.89499847945297
4030000,2015000.0,-67.59900665283203,0.4331520542712976,-67.16585459856073,223.40100307996835
4031000,2015500.0,-67.5299072265625,0.3597631388940517,-67.17014408766845,185.5501903028949
4032000,2016000.0,-67.62236022949219,0.4494191781565431,-67.17294105133564,231.79087854599533
4033000,2016500.0,-67.63690185546875,0.46879978760355195,-67.16810206786519,241.7865545402989
4034000,2017000.0,-67.56976318359375,0.3979876459091209,-67.17177553768462,205.26472963197594
4035000,2017500.0,-67.6446533203125,0.4792658474661403,-67.16538747284636,247.18449332078265
4036000,2018000.0,-67.68389129638672,0.5083059509390483,-67.17558534544767,262.1621164935688
4037000,2018500.0,-67.62854766845703,0.46169724430619274,-67.16685042415084,238.12337141233633
4038000,2019000.0,-67.53816223144531,0.3652942928535882,-67.17286793859172,188.4029191092467
4039000,2019500.0,-67.66017150878906,0.4972202355753719,-67.1629512732137,256.44458633831954
4040000,2020000.0,-67.7220687866211,0.5524239719499027,-67.16964481467119,284.9162741860886
4041000,2020500.0,-67.5508041381836,0.3747070027505954,-67.176097135433,193.2575857602678
4042000,2021000.0,-67.5499267578125,0.3785158801177565,-67.17141087769474,195.2220391572715
4043000,2021500.0,-67.5748519897461,0.40877578562064876,-67.16607620412545,210.82878319966986
4044000,2022000.0,-67.70895385742188,0.5335309279437079,-67.17542292947817,275.1720632546213
4045000,2022500.0,-67.70562744140625,0.5269819735290227,-67.17864546787723,271.7943972111646
4046000,2023000.0,-67.58927154541016,0.4127059872785948,-67.17656555813156,212.85581039262362
4047000,2023500.0,-67.52721405029297,0.3521109677467536,-67.17510308254622,181.6035330189489
4048000,2024000.0,-67.62132263183594,0.44322372076110944,-67.17809891107483,228.59553090068047
4049000,2024500.0,-67.68325805664062,0.5121332253514993,-67.17112483128912,264.1360582869242
4050000,2025000.0,-67.67499542236328,0.4956609556098704,-67.17933446675342,255.64037750463046
4051000,2025500.0,-67.66130065917969,0.48282979013995414,-67.17847086903973,249.02262004879498
4052000,2026000.0,-67.68582916259766,0.5124512794564795,-67.17337788314117,264.30009677037503
4053000,2026500.0,-67.60535430908203,0.43166117424536715,-67.17369313483667,222.6320719621763
4054000,2027000.0,-67.57640838623047,0.40676743289834016,-67.16964095333213,209.79296215651001
4055000,2027500.0,-67.51319885253906,0.3376052758290657,-67.17559357671,174.12212760294045
4056000,2028000.0,-67.54163360595703,0.36639016195629576,-67.17524344400074,188.9681207615881
4057000,2028500.0,-67.66258239746094,0.4833003779360437,-67.17928201952489,249.2653287803984
4058000,2029000.0,-67.521728515625,0.3393232313171507,-67.18240528430785,175.00817437450797
4059000,2029500.0,-67.58612823486328,0.4055160381457414,-67.18061219671753,209.14754713371877
4060000,2030000.0,-67.44351959228516,0.26911336950184883,-67.1744062227833,138.7969792503579
4061000,2030500.0,-67.62114715576172,0.4456369149943936,-67.17551024076732,229.84015159917732
4062000,2031000.0,-67.53826141357422,0.3604361291830911,-67.17782528439113,185.89728944314348
4063000,2031500.0,-67.69355773925781,0.5163835938989558,-67.17717414535886,266.3282136457595
4064000,2032000.0,-67.62528228759766,0.4460466095533889,-67.17923567804426,230.05145424575005
4065000,2032500.0,-67.63054656982422,0.4507373609118645,-67.17980920891236,232.47073991771833
4066000,2033000.0,-67.50382995605469,0.3256121462368618,-67.17821780981782,167.93659262845253
4067000,2033500.0,-67.62415313720703,0.44421386923591527,-67.17993926797112,229.10620644818965
4068000,2034000.0,-67.61325073242188,0.4399594816996678,-67.1732912507222,226.91197826961726
4069000,2034500.0,-67.66402435302734,0.48600360167265594,-67.1780207513547,250.65953409087467
4070000,2035000.0,-67.65034484863281,0.4726584992853437,-67.17768634934747,243.77671031079134
4071000,2035500.0,-67.64351654052734,0.467701629038217,-67.17581491148913,241.22017208264344
4072000,2036000.0,-67.55301666259766,0.3732190370250643,-67.17979762557259,192.49015771195465
4073000,2036500.0,-67.68582153320312,0.5074545013007883,-67.17836703190234,261.7229757775462
4074000,2037000.0,-67.6365737915039,0.4499085679572266,-67.18666522354668,232.04328453435832
4075000,2037500.0,-67.5667495727539,0.38427831596933404,-67.18247125678457,198.19405311110603
4076000,2038000.0,-67.67813873291016,0.5008797905102632,-67.17725894239989,258.332025714906
4077000,2038500.0,-67.62430572509766,0.4427301816643377,-67.18157554343333,228.3409848857401
4078000,2039000.0,-67.6172103881836,0.44327311207680403,-67.17393727610678,228.62100479457249
4079000,2039500.0,-67.57971954345703,0.40235050237815306,-67.17736904107888,207.51490137158692
4080000,2040000.0,-67.61256408691406,0.43104957905585456,-67.18151450785821,222.3166377457881
4081000,2040500.0,-67.53133392333984,0.3485723141151874,-67.18276160922466,179.77844927976543
4082000,2041000.0,-67.68494415283203,0.5051123020658079,-67.17983185076622,260.51497121344914
4083000,2041500.0,-67.60569763183594,0.4277476094898342,-67.17795002234611,220.61362536038118
4084000,2042000.0,-67.51065063476562,0.33947986270443964,-67.17117077206119,175.0889580362478
4085000,2042500.0,-67.59187316894531,0.41120248726247566,-67.18067068168284,212.08037043240725
4086000,2043000.0,-67.6709976196289,0.48839631688703544,-67.18260130274187,251.8935926015202
4087000,2043500.0,-67.730712890625,0.547384099506315,-67.18332879111868,282.3169270326121
4088000,2044000.0,-67.5245361328125,0.34431647817274663,-67.18021965463976,177.58347407623202
4089000,2044500.0,-67.64021301269531,0.46391327697796175,-67.17629973571735,239.26630474683023
4090000,2045000.0,-67.6314926147461,0.45233312392141384,-67.17915949082467,233.2937651198289
4091000,2045500.0,-67.67437744140625,0.4995374164235096,-67.17484002498274,257.63968750588185
4092000,2046000.0,-67.75960540771484,0.5812704878565006,-67.17833491985834,299.79405330625855
4093000,2046500.0,-67.52540588378906,0.34236013828995954,-67.1830457454991,176.57447899501224
4094000,2047000.0,-67.70431518554688,0.5301835917574482,-67.17413159378943,273.44565273830887
4095000,2047500.0,-67.56049346923828,0.3819763582300592,-67.17851711100822,197.00680336143824
4096000,2048000.0,-67.69808197021484,0.5203625178717692,-67.17771945234307,268.380369691056
4097000,2048500.0,-67.70094299316406,0.5186894270879272,-67.18225356607614,267.5174621839383
4098000,2049000.0,-67.62796783447266,0.446690736588088,-67.18127709788457,230.38366697392192
4099000,2049500.0,-67.59351348876953,0.4156112333694323,-67.1779022554001,214.35421005271326
4100000,2050000.0,-67.705322265625,0.5233310020998515,-67.18199126352515,269.9113848337552
4101000,2050500.0,-67.64966583251953,0.4667800097307403,-67.18288582278879,240.74484090109212
4102000,2051000.0,-67.504638671875,0.31943483162457864,-67.18520384025042,164.75060224212908
4103000,2051500.0,-67.52742767333984,0.3563504460124012,-67.17107722732744,183.79007164376213
4104000,2052000.0,-67.59722900390625,0.4217818384453319,-67.17544716546092,217.53673995179324
4105000,2052500.0,-67.59915924072266,0.4314926323670155,-67.16766660835565,222.54514538682372
4106000,2053000.0,-67.71666717529297,0.5422063195747491,-67.17446085571822,279.6464531908451
4107000,2053500.0,-67.53565216064453,0.3655130804474563,-67.17013908019707,188.51576024078378
4108000,2054000.0,-67.65304565429688,0.46996049865192635,-67.18308515564495,242.3851988499261
4109000,2054500.0,-67.57494354248047,0.4012819317327843,-67.17366161074769,206.96377907704118
4110000,2055000.0,-67.62905883789062,0.45555887358572233,-67.17349996430491,234.9574665927533
4111000,2055500.0,-67.62926483154297,0.45321169615070833,-67.17605313539227,233.74689448945125
4112000,2056000.0,-67.6658935546875,0.4927806475449883,-67.17311290714251,254.15483979442268
4113000,2056500.0,-67.62153625488281,0.45076193691049465,-67.17077431797232,232.48341514964102
4114000,2057000.0,-67.74471282958984,0.5747229359113732,-67.16998989367848,296.4171105956429
4115000,2057500.0,-67.6728286743164,0.4981722107278445,-67.17465646358856,256.93557374533384
4116000,2058000.0,-67.6607666015625,0.4872899856888024,-67.1734766158737,251.32299505503104
4117000,2058500.0,-67.55254364013672,0.3754059892539573,-67.17713765088276,193.61809261796495
4118000,2059000.0,-67.60242462158203,0.4237490260329331,-67.1786755955491,218.5513298076717
4119000,2059500.0,-67.59642791748047,0.4214045856496173,-67.17502333183086,217.34216935667246
4120000,2060000.0,-67.55888366699219,0.3839189664645214,-67.17496470052767,198.00871625528416
4121000,2060500.0,-67.61483764648438,0.44191552437396175,-67.1729221221104,227.92082006361414
4122000,2061000.0,-67.53347778320312,0.3605983390580625,-67.17287944414507,185.9809502463666
4123000,2061500.0,-67.6942367553711,0.5191924795015143,-67.17504427586958,267.77691475420534
4124000,2062000.0,-67.64601135253906,0.4756466627105347,-67.17036468982853,245.317875128023
4125000,2062500.0,-67.632080078125,0.455107292542575,-67.17697278558242,234.7245607182083
4126000,2063000.0,-67.66535949707031,0.49048814759421594,-67.17487134947609,252.9724679609913
4127000,2063500.0,-67.61234283447266,0.43404641840512814,-67.17829641606752,223.86227722757135
4128000,2064000.0,-67.52696228027344,0.35746121757711774,-67.16950106269633,184.36295933828745
4129000,2064500.0,-67.67736053466797,0.5077569310943861,-67.16960360357358,261.8789559202808
4130000,2065000.0,-67.70967864990234,0.5359848921621058,-67.17369375774024,276.43771133941385
4131000,2065500.0,-67.60514068603516,0.43152303289814953,-67.173617653137,222.56082465945448
4132000,2066000.0,-67.53912353515625,0.3587091594117896,-67.18041437574446,185.00659349608952
4133000,2066500.0,-67.4981460571289,0.3252574361485964,-67.17288862098032,167.7536485820382
4134000,2067000.0,-67.4782943725586,0.31131954184450505,-67.16697483071408,160.56508849637748
4135000,2067500.0,-67.57429504394531,0.39863460037143217,-67.17566044357388,205.59840062441887
4136000,2068000.0,-67.68186950683594,0.5085151608915938,-67.17335434594435,262.2700178939941
4137000,2068500.0,-67.66783142089844,0.49638436502229943,-67.17144705587614,256.01348063730757
4138000,2069000.0,-67.71625518798828,0.5354370051572137,-67.18081818283106,276.15513503564154
4139000,2069500.0,-67.69342803955078,0.5193341271409175,-67.17409391240986,267.8499704500391
4140000,2070000.0,-67.53337097167969,0.36010548443138407,-67.1732654872483,185.7267572513506
4141000,2070500.0,-67.55524444580078,0.38070784698474314,-67.17453659881603,196.35256039565436
4142000,2071000.0,-67.55406951904297,0.38231446752942355,-67.17175505151354,197.1811854424738
4143000,2071500.0,-67.73797607421875,0.567043811723611,-67.17093226249514,292.45655210491196
4144000,2072000.0,-67.68951416015625,0.5221714847030049,-67.16734267545324,269.31335615770524
4145000,2072500.0,-67.57659149169922,0.4027681114027406,-67.17382338029648,207.73028595551796
4146000,2073000.0,-67.61334228515625,0.4452046311556119,-67.16813765400063,229.61719838391076
4147000,2073500.0,-67.64927673339844,0.48120142076893874,-67.1680753126295,248.18277790264256
4148000,2074000.0,-67.58158874511719,0.4098531883520419,-67.17173555676514,211.38446070030932
4149000,2074500.0,-67.70246887207031,0.5365135324671808,-67.16595533960313,276.71036103195877
4150000,2075000.0,-67.52482604980469,0.3578898114878079,-67.16693623831688,184.58400944902334
4151000,2075500.0,-67.6167221069336,0.4517662353758724,-67.16495587155772,233.00138864727225
4152000,2076000.0,-67.6457748413086,0.4777965281193487,-67.16797831318925,246.42668226417746
4153000,2076500.0,-67.65670776367188,0.48409653343041986,-67.17261123024146,249.6759511803094
4154000,2077000.0,-67.64154815673828,0.47499171694136744,-67.16655643979692,244.98008256683775
4155000,2077500.0,-67.59762573242188,0.4345227349341917,-67.16310299748768,224.1079405906492
4156000,2078000.0,-67.55733489990234,0.3926471647837659,-67.16468773511858,202.51034158609426
4157000,2078500.0,-67.60087585449219,0.4356651092313982,-67.1652107452608,224.69712760101223
4158000,2079000.0,-67.66454315185547,0.48703826537848416,-67.17750488647698,251.193168659736
4159000,2079500.0,-67.61078643798828,0.4485675233325364,-67.16221891465574,231.35163200408277
4160000,2080000.0,-67.60031127929688,0.4345274265916147,-67.16578385270526,224.11036034362988
4161000,2080500.0,-67.53436279296875,0.36564352028235697,-67.16871927268639,188.58303543819088
4162000,2081000.0,-67.6064682006836,0.4367859049890064,-67.16968229569459,225.2751853385397
4163000,2081500.0,-67.58003234863281,0.4077690770038034,-67.172263271629,210.3095666506664
4164000,2082000.0,-67.62920379638672,0.4577675196013627,-67.17143627678536,236.09659021106953
4165000,2082500.0,-67.67433166503906,0.5041356951896889,-67.17019596984937,260.01127983397083
4166000,2083000.0,-67.6239013671875,0.45641578681114187,-67.16748558037636,235.39942518956352
4167000,2083500.0,-67.67037963867188,0.4990802258530821,-67.1712994128188,257.40388848097814
4168000,2084000.0,-67.64521026611328,0.4700923145414695,-67.1751179515718,242.453183756509
4169000,2084500.0,-67.66529083251953,0.48987981133407915,-67.17541102118545,252.65871455872912
4170000,2085000.0,-67.56869506835938,0.4014951922617977,-67.16719987609758,207.07376958875446
4171000,2085500.0,-67.59490966796875,0.4248648262370156,-67.17004484173174,219.12681105581726
4172000,2086000.0,-67.67109680175781,0.48886469128320637,-67.1822321104746,252.13515975764875
4173000,2086500.0,-67.66712951660156,0.49282702264530387,-67.17430249395626,254.17875805551893
4174000,2087000.0,-67.589111328125,0.41353827885631833,-67.17557304926868,213.28507021370712
4175000,2087500.0,-67.64569091796875,0.4715362295038212,-67.17415468846492,243.1978923357958
4176000,2088000.0,-67.60399627685547,0.42978068854246104,-67.174215588313,221.6621991700144
4177000,2088500.0,-67.5755844116211,0.400918733246074,-67.17466567837502,206.77645708364858
4178000,2089000.0,-67.7317886352539,0.5520313149725102,-67.1797573202814,284.71375878358543
4179000,2089500.0,-67.73751068115234,0.557122565003619,-67.18038811614872,287.33960426363075
4180000,2090000.0,-67.62535095214844,0.4463466379391818,-67.17900431420925,230.20619584671363
4181000,2090500.0,-67.63729858398438,0.4704638735449648,-67.16683471043942,242.64481774107796
4182000,2091000.0,-67.69219207763672,0.5219478542562509,-67.17024422338046,269.1980172931393
4183000,2091500.0,-67.59571838378906,0.4247702485380913,-67.17094813525097,219.07803198943554
4184000,2092000.0,-67.67110443115234,0.49600603408804045,-67.1750983970643,255.81835398518578
4185000,2092500.0,-67.64575958251953,0.47220618097872175,-67.17355340154081,243.54342418779055
4186000,2093000.0,-67.54235076904297,0.36665647510915617,-67.17569429393382,189.10547351080336
4187000,2093500.0,-67.66886901855469,0.48943124051636694,-67.17943777803832,252.4273612276272
4188000,2094000.0,-67.73771667480469,0.5648900622062917,-67.1728266125984,291.3457417144093
4189000,2094500.0,-67.60968780517578,0.4385069932376644,-67.17118081193811,226.16284785184854
4190000,2095000.0,-67.54972076416016,0.377997280507992,-67.17172348365216,194.95456801895915
4191000,2095500.0,-67.51588439941406,0.3443256567461487,-67.17155874266791,177.58820798545545
4192000,2096000.0,-67.66828918457031,0.4998425720088164,-67.1684466125615,257.79707349350616
4193000,2096500.0,-67.50556182861328,0.33251072126621956,-67.17305110734706,171.49457778905312
4194000,2097000.0,-67.58973693847656,0.41483430667998483,-67.17490263179658,213.95350503462404
4195000,2097500.0,-67.44677734375,0.2730475965201087,-67.17372974722988,140.8260825492033
4196000,2098000.0,-67.55396270751953,0.38019926276191746,-67.17376344475761,196.09025475861648
4197000,2098500.0,-67.61732482910156,0.4454212355787496,-67.17190359352281,229.7289135308744
4198000,2099000.0,-67.67007446289062,0.4947209759796278,-67.17535348691099,255.15557686660924
4199000,2099500.0,-67.5466079711914,0.37594218548424724,-67.17066578570716,193.8946393283251
4200000,2100000.0,-67.65792083740234,0.4874633308094744,-67.17045750659287,251.41239893400444
4201000,2100500.0,-67.61750793457031,0.4504493871085319,-67.16705854746178,232.32221554644764
4202000,2101000.0,-67.64443969726562,0.47171548240835853,-67.17272421485727,243.2903431929111
4203000,2101500.0,-67.59089660644531,0.42314252831456356,-67.16775407813076,218.23852464534272
4204000,2102000.0,-67.69195556640625,0.5179839428768443,-67.17397162352941,267.1536040910149
4205000,2102500.0,-67.55691528320312,0.38516879415569355,-67.17174648904744,198.65332305590226
4206000,2103000.0,-67.61483001708984,0.4376600664146098,-67.17716995067524,225.72603980732933
4207000,2103500.0,-67.63428497314453,0.45568804397500623,-67.17859692916953,235.0240870652864
4208000,2104000.0,-67.58264923095703,0.40527258819272427,-67.1773766427643,209.02198622925698
4209000,2104500.0,-67.5396728515625,0.36827700864773716,-67.17139584291476,189.9412742751626
4210000,2105000.0,-67.7261734008789,0.5542842359192099,-67.1718891649597,285.8757174869773
4211000,2105500.0,-67.63269805908203,0.461322044432336,-67.1713760146497,237.92985962508163
4212000,2106000.0,-67.66282653808594,0.4877157835367831,-67.17511075454915,251.54260307814943
4213000,2106500.0,-67.5694580078125,0.3956795707532695,-67.17377843705923,204.0743247847252
4214000,2107000.0,-67.67086029052734,0.49611007037352706,-67.17475022015381,255.8720113794085
4215000,2107500.0,-67.65676879882812,0.47645652158465607,-67.18031227724347,245.73556513560314
4216000,2108000.0,-67.62592315673828,0.45548095213024153,-67.17044220460804,234.91727809279303
4217000,2108500.0,-67.69075775146484,0.5172446312826181,-67.17351312018222,266.772299304139
4218000,2109000.0,-67.58863830566406,0.42227630027003304,-67.16636200539403,217.79176186969417
4219000,2109500.0,-67.66131591796875,0.4891699353666119,-67.17214598260213,252.2925913887459
4220000,2110000.0,-67.5963134765625,0.4253753351278248,-67.17093814143468,219.39010935294735
4221000,2110500.0,-67.56596374511719,0.39310488200392785,-67.17285886311326,202.74641223404072
4222000,2111000.0,-67.58622741699219,0.41278051148793066,-67.17344690550426,212.89424674068013
4223000,2111500.0,-67.57684326171875,0.4039347512643674,-67.17290851045438,208.3319880893309
4224000,2112000.0,-67.59359741210938,0.416578489864815,-67.17701892224456,214.8530789122126
4225000,2112500.0,-67.58414459228516,0.40967252164982804,-67.17447207063533,211.29128066780174
4226000,2113000.0,-67.52680206298828,0.35001277225642846,-67.17678929073185,180.52137498097056
4227000,2113500.0,-67.61583709716797,0.43423829541866926,-67.1815988017493,223.96123905141678
4228000,2114000.0,-67.65281677246094,0.4759833646437168,-67.17683340781723,245.4915313507515
4229000,2114500.0,-67.67013549804688,0.4970869779018034,-67.17304852014507,256.375857822202
4230000,2115000.0,-67.58558654785156,0.4085596236631061,-67.17702692418845,210.7172962572288
4231000,2115500.0,-67.62251281738281,0.4497183531478183,-67.172794464235,231.94518000315858
4232000,2116000.0,-67.53045654296875,0.3602056347989318,-67.17025090816982,185.77841045799792
4233000,2116500.0,-67.6618423461914,0.4838242508646201,-67.17801809532679,249.53551966735446
4234000,2117000.0,-67.61580657958984,0.44340547684676,-67.17240110274308,228.6892727898158
4235000,2117500.0,-67.67446899414062,0.4912512437696241,-67.183217750371,253.36603980106827
4236000,2118000.0,-67.62310791015625,0.4435369772476893,-67.17957093290856,228.75709498108404
4237000,2118500.0,-67.6005630493164,0.4220830734874432,-67.17847997582896,217.69210389363977
4238000,2119000.0,-67.60298919677734,0.4155270404969347,-67.1874621562804,214.31078702843652
4239000,2119500.0,-67.64286804199219,0.4621089731879208,-67.18075906880426,238.3357232741549
4240000,2120000.0,-67.63157653808594,0.44697866521846036,-67.18459787286747,230.5321680469431
4241000,2120500.0,-67.6833724975586,0.5063791465335814,-67.17699335102502,261.16835452782135
4242000,2121000.0,-67.58670806884766,0.40960307203459717,-67.17710499681306,211.2554615748225
4243000,2121500.0,-67.65121459960938,0.47512728547495764,-67.17608731413442,245.05000292411526
4244000,2122000.0,-67.71485900878906,0.537344971421954,-67.1775140373671,277.1391811071829
4245000,2122500.0,-67.59770202636719,0.41770307056971906,-67.17999895579747,215.4330887610464
4246000,2123000.0,-67.64109802246094,0.4646794561479755,-67.17641856631296,239.66146666152554
4247000,2123500.0,-67.52391052246094,0.34531563697800965,-67.17859488548292,178.0987967605662
4248000,2124000.0,-67.6122055053711,0.43160649944993457,-67.18059900592115,222.6038730790765
4249000,2124500.0,-67.70419311523438,0.5202321795900791,-67.1839609356443,268.31314687038093
4250000,2125000.0,-67.54059600830078,0.3569127048294713,-67.18368330347131,184.08006030359968
4251000,2125500.0,-67.61772918701172,0.4340455462660439,-67.18368364074567,223.86182741613837
4252000,2126000.0,-67.55359649658203,0.379640305908728,-67.17395619067331,195.80196910823204
4253000,2126500.0,-67.49694061279297,0.32245515781546996,-67.1744854549775,166.3083552159871
4254000,2127000.0,-67.60443115234375,0.4185191960282539,-67.1859119563155,215.85401080049627
4255000,2127500.0,-67.76217651367188,0.5783633470106957,-67.18381316666118,298.2946764139103
4256000,2128000.0,-67.66895294189453,0.48647576337550613,-67.18247717851902,250.90305457517695
4257000,2128500.0,-67.63935089111328,0.45576480584084716,-67.18358608527244,235.0636774993108
4258000,2129000.0,-67.73687744140625,0.5527089776977163,-67.18416846370853,285.0632677633261
4259000,2129500.0,-67.59603881835938,0.41419130376411656,-67.18184751459526,213.62187207808648
4260000,2130000.0,-67.60851287841797,0.4275079823101563,-67.18100489610781,220.4900360762548
4261000,2130500.0,-67.63329315185547,0.453819805080246,-67.17947334677523,234.06053064447113
4262000,2131000.0,-67.5261001586914,0.34308594832097566,-67.18301421037043,176.9488202624161
4263000,2131500.0,-67.54119110107422,0.35407279089922533,-67.187118310175,182.61535613234727
4264000,2132000.0,-67.66159057617188,0.4724372824237637,-67.1891532937481,243.6626162685541
4265000,2132500.0,-67.64976501464844,0.46205958451733725,-67.1877054301311,238.3102507444962
4266000,2133000.0,-67.59772491455078,0.4069778111708983,-67.19074710337988,209.90146612561801
4267000,2133500.0,-67.6631851196289,0.4800090702115586,-67.18317604941734,247.56781530944923
4268000,2134000.0,-67.5309066772461,0.34102274581207515,-67.18988393143403,175.8847100833223
4269000,2134500.0,-67.6517333984375,0.4704989190226203,-67.18123447941488,242.66289267523666
4270000,2135000.0,-67.74832916259766,0.5661791833682966,-67.18214997922937,292.01061437943224
4271000,2135500.0,-67.63268280029297,0.44213863504386175,-67.19054416524911,228.03589084987038
4272000,2136000.0,-67.6161880493164,0.4241158211391289,-67.19207222817728,218.74050678107153
4273000,2136500.0,-67.5325698852539,0.3472972723731305,-67.18527261288078,179.12083816760403
4274000,2137000.0,-67.65357971191406,0.47140070565015135,-67.18217900626391,243.12799502247927
4275000,2137500.0,-67.59049224853516,0.4060295434170533,-67.18446270511811,209.4123908336775
4276000,2138000.0,-67.6910400390625,0.504649758426873,-67.18639028063562,260.27641130847496
4277000,2138500.0,-67.52448272705078,0.3375727107219922,-67.1869100163288,174.10533193612116
4278000,2139000.0,-67.5700454711914,0.38413144443342223,-67.18591402675798,198.11830315650454
4279000,2139500.0,-67.61843872070312,0.43565345754764717,-67.18278526315548,224.69111816896202
4280000,2140000.0,-67.69164276123047,0.5046270439800659,-67.1870157172504,260.2646961840722
4281000,2140500.0,-67.55609130859375,0.37100515188778127,-67.18508615670596,191.34833198240818
4282000,2141000.0,-67.5208969116211,0.3369752511722097,-67.18392166044889,173.79718826831459
4283000,2141500.0,-67.63592529296875,0.45566186410763654,-67.18026342886111,235.01058462757842
4284000,2142000.0,-67.65384674072266,0.4624263617259927,-67.19142037899667,238.49941848712263
4285000,2142500.0,-67.71668243408203,0.5424142850815167,-67.17426814900051,279.75371276022673
4286000,2143000.0,-67.60905456542969,0.42937115116317753,-67.1796834142665,221.4509775899053
4287000,2143500.0,-67.57313537597656,0.3890375311265413,-67.18409784485002,200.64864943475078
4288000,2144000.0,-67.642333984375,0.456954478484709,-67.1853795058903,235.67725894110416
4289000,2144500.0,-67.6005859375,0.411756236621309,-67.18882970087869,212.36597028354123
4290000,2145000.0,-67.73674011230469,0.5601636304400849,-67.1765764818646,288.9080536389459
4291000,2145500.0,-67.54962158203125,0.37407508001999024,-67.17554650201126,192.93166748169995
4292000,2146000.0,-67.5775146484375,0.4033159433181419,-67.17419870511935,208.01283384652535
4293000,2146500.0,-67.5838623046875,0.4020888936519372,-67.18177341103556,207.37997496116176
4294000,2147000.0,-67.53744506835938,0.3555611423123524,-67.18188392604702,183.38298310155892
4295000,2147500.0,-67.55835723876953,0.3793471515532944,-67.17901008721624,195.6507728333551
4296000,2148000.0,-67.68074798583984,0.5009377042052658,-67.17981028163457,258.3618950816285
4297000,2148500.0,-67.69482421875,0.5124345200434293,-67.18238969870657,264.29145299355457
4298000,2149000.0,-67.63575744628906,0.4598950753117725,-67.17586237097728,237.1938909744554
4299000,2149500.0,-67.62840270996094,0.4559166906306263,-67.17248601933031,235.14201307236107
4300000,2150000.0,-67.64364624023438,0.4586288232141422,-67.18501741702023,236.54081317885633
4301000,2150500.0,-67.70293426513672,0.5230232577191835,-67.17991100741753,269.7526636580029
4302000,2151000.0,-67.57081604003906,0.4025909643822838,-67.16822507565678,207.63892122188128
4303000,2151500.0,-67.61334991455078,0.44232862748027973,-67.1710212870705,228.13388069074693
4304000,2152000.0,-67.59315490722656,0.42322865719292774,-67.16992625003364,218.28294617729892
4305000,2152500.0,-67.58123779296875,0.41779166321389066,-67.16344612975486,215.478780996321
4306000,2153000.0,-67.5427474975586,0.37351388308933503,-67.16923361446926,192.6422264967214
4307000,2153500.0,-67.72601318359375,0.551922415817343,-67.1740907677764,284.6575933325411
4308000,2154000.0,-67.52529907226562,0.3520601152756461,-67.17323895698998,181.57730552460254
4309000,2154500.0,-67.622802734375,0.4513994114478447,-67.17140332292716,232.8121968088242
4310000,2155000.0,-67.59619140625,0.4179440512063309,-67.17824735504367,215.55737609943267
4311000,2155500.0,-67.57090759277344,0.39812415544405594,-67.17278343732939,205.33513531684744
4312000,2156000.0,-67.59237670898438,0.4235006492967486,-67.16887605968762,218.42322788258974
4313000,2156500.0,-67.54573059082031,0.37556497399103667,-67.17016561682928,193.7000900352407
4314000,2157000.0,-67.54592895507812,0.3787158090219429,-67.16721314605618,195.32515379634452
4315000,2157500.0,-67.6787109375,0.5127487842599706,-67.16596215324003,264.45353681727227
4316000,2158000.0,-67.7420654296875,0.5760559796629011,-67.1660094500246,297.1046366232911
4317000,2158500.0,-67.7035903930664,0.5385827520688924,-67.16500764099752,277.7775745659977
4318000,2159000.0,-67.56204986572266,0.39366588491159604,-67.16838398081106,203.03575315039558
4319000,2159500.0,-67.50102233886719,0.3422466819799415,-67.15877565688724,176.51596316156798
4320000,2160000.0,-67.55226135253906,0.38843936065059165,-67.16382199188847,200.34013910212684
4321000,2160500.0,-67.63660430908203,0.4685712434081825,-67.16803306567385,241.6686813777682
4322000,2161000.0,-67.7826156616211,0.6230119952219375,-67.15960366639915,321.3225085532187
4323000,2161500.0,-67.64239501953125,0.47554485927856677,-67.16685016025268,245.2653693425965
4324000,2162000.0,-67.55265808105469,0.3811089924402086,-67.17154908861448,196.55945378620453
4325000,2162500.0,-67.66413116455078,0.5028649271229549,-67.16126623742782,259.35587289779005
4326000,2163000.0,-67.5081558227539,0.33846154457710714,-67.1696942781768,174.56375380633062
4327000,2163500.0,-67.57008361816406,0.4038969997337943,-67.16618661843027,208.31251749069315
4328000,2164000.0,-67.6129150390625,0.4521420486769868,-67.16077299038551,233.19521681364444
4329000,2164500.0,-67.68355560302734,0.5193713354611396,-67.1641842675662,267.86916088438784
4330000,2165000.0,-67.53575134277344,0.36331310188418287,-67.17243824088925,187.3811069176764
4331000,2165500.0,-67.65518951416016,0.4910062830778008,-67.16418323108236,253.23969972319296
4332000,2166000.0,-67.62663269042969,0.4592374785904766,-67.1673952118392,236.85473116738316
4333000,2166500.0,-67.55033874511719,0.3785200498433055,-67.17181869527388,195.2241897204768
4334000,2167000.0,-67.67985534667969,0.5153416582682798,-67.1645136884114,265.7908285341285
4335000,2167500.0,-67.60655212402344,0.43836494672483794,-67.1681871772986,226.08958643443975
4336000,2168000.0,-67.68818664550781,0.5265765160784315,-67.16161012942938,271.58527988094505
4337000,2168500.0,-67.5736312866211,0.40646417593913825,-67.16716711068196,209.63655539770872
4338000,2169000.0,-67.60317993164062,0.43699193674619663,-67.16618799489443,225.3814475639378
4339000,2169500.0,-67.67111206054688,0.5018893550630827,-67.16922270548379,258.85271523155455
4340000,2170000.0,-67.57588958740234,0.4017995925938203,-67.17408999480853,207.2307660495611
4341000,2170500.0,-67.54656219482422,0.3796729303676401,-67.16688926445657,195.81879538615001
4342000,2171000.0,-67.58963775634766,0.42022958323082177,-67.16940817311684,216.7361541793419
4343000,2171500.0,-67.57928466796875,0.41207080544797764,-67.16721386252077,212.52821121192304
4344000,2172000.0,-67.58193969726562,0.4179192729889431,-67.16402042427669,215.54459657186405
4345000,2172500.0,-67.62735748291016,0.46365654927855604,-67.1637009336316,239.13389575788491
4346000,2173000.0,-67.6708755493164,0.5051181197409721,-67.16575742957544,260.5179717174395
4347000,2173500.0,-67.57168579101562,0.3967351805712552,-67.17495061044437,204.6187624478359
4348000,2174000.0,-67.5755844116211,0.4062951806701826,-67.16928923095091,209.54939498318876
4349000,2174500.0,-67.61092376708984,0.4438999067607079,-67.16702386032914,228.94427824953712
4350000,2175000.0,-67.6099624633789,0.43587948889627076,-67.17408297448263,224.80769531435956
4351000,2175500.0,-67.55887603759766,0.3925188779583333,-67.16635715963932,202.44417681739242
4352000,2176000.0,-67.71661376953125,0.5485742465894836,-67.16803952294177,282.9307531695789
4353000,2176500.0,-67.57386016845703,0.40923227481365454,-67.16462789364337,211.0642204845841
4354000,2177000.0,-67.60673522949219,0.44901772939564966,-67.15771750009654,231.5838287236883
4355000,2177500.0,-67.49149322509766,0.33161274659245554,-67.1598804785052,171.03144148188088
4356000,2178000.0,-67.6131820678711,0.4499041431364563,-67.16327792473464,232.04100240412535
4357000,2178500.0,-67.60826873779297,0.4451954563592692,-67.1630732814337,229.6124664227304
4358000,2179000.0,-67.54888153076172,0.38565692403492846,-67.16322460672679,198.90507923154325
4359000,2179500.0,-67.60517120361328,0.4413906150154652,-67.16378058859782,227.65009463115265
4360000,2180000.0,-67.53610229492188,0.36843602175856865,-67.1676662731633,190.02328632638648
4361000,2180500.0,-67.68989562988281,0.5164747410660256,-67.17342088881679,266.37522339291525
4362000,2181000.0,-67.66151428222656,0.48979809864206403,-67.1717161835845,252.6165707037467
4363000,2181500.0,-67.66029357910156,0.49366507201582205,-67.16662850708575,254.6109874958693
4364000,2182000.0,-67.75826263427734,0.5891435318015081,-67.16911910247583,303.85462717925174
4365000,2182500.0,-67.7276840209961,0.5656176657232013,-67.1620663552729,291.721007983885
4366000,2183000.0,-67.63246154785156,0.4641517631265917,-67.16830978472497,239.38930553673583
4367000,2183500.0,-67.6026840209961,0.44365859836446375,-67.15902542263163,228.81982186697823
4368000,2184000.0,-67.5358657836914,0.3673948478418317,-67.16847093584957,189.4862940736981
4369000,2184500.0,-67.61524963378906,0.4484593516835761,-67.16679028210548,231.29584176911968
4370000,2185000.0,-67.65840911865234,0.48579089008647836,-67.17261822856587,250.54982670001687
4371000,2185500.0,-67.47315216064453,0.3045186176816399,-67.1686335429629,157.05746740841826
4372000,2186000.0,-67.60139465332031,0.43343485870324666,-67.16795979461706,223.54686131416088
4373000,2186500.0,-67.53863525390625,0.36954696640681933,-67.16908828749943,190.5962632898758
4374000,2187000.0,-67.66328430175781,0.4978490732803843,-67.16543522847743,256.7689134947741
4375000,2187500.0,-67.59202575683594,0.42962334398724195,-67.16240241284869,221.58104768725332
4376000,2188000.0,-67.65923309326172,0.4914504641946307,-67.16778262906709,253.46878903737365
4377000,2188500.0,-67.58472442626953,0.41543531135415857,-67.16928911491537,214.26347712350642
4378000,2189000.0,-67.56065368652344,0.39643126678237667,-67.16422241974107,204.4620169248359
4379000,2189500.0,-67.68217468261719,0.5097023737595108,-67.17247230885768,262.88233069026677
4380000,2190000.0,-67.64775085449219,0.4735500479856508,-67.17420080650653,244.23653238015294
4381000,2190500.0,-67.58629608154297,0.4217624672715025,-67.16453361427146,217.5267491422804
4382000,2191000.0,-67.65535736083984,0.48038762650497496,-67.17496973433487,247.76305819202943
4383000,2191500.0,-67.52806854248047,0.36128712876677355,-67.1667814137137,186.33619804057614
4384000,2192000.0,-67.68045806884766,0.5116273164482807,-67.16883075239937,263.87513246345964
4385000,2192500.0,-67.65996551513672,0.49438450271507883,-67.16558101242164,254.98203858122287
4386000,2193000.0,-67.68544006347656,0.5104593508299999,-67.17498071264656,263.2727465619872
4387000,2193500.0,-67.61072540283203,0.4382615991700808,-67.17246380366196,226.03628425759229
4388000,2194000.0,-67.70317077636719,0.5271161772288161,-67.17605459913837,271.8636136464908
4389000,2194500.0,-67.58766174316406,0.41599061609398413,-67.17167112707008,214.54987917255312
4390000,2195000.0,-67.60227966308594,0.4312422354308268,-67.17103742765511,222.41600153038553
4391000,2195500.0,-67.59651184082031,0.4278675364015757,-67.16864430441873,220.67547844895628
4392000,2196000.0,-67.56159973144531,0.39138878626683465,-67.17021094517848,201.86132464120257
4393000,2196500.0,-67.57440185546875,0.409850844860619,-67.16455101060814,211.38325202929087
4394000,2197000.0,-67.5186538696289,0.3534181038458916,-67.16523576578301,182.27769700554416
4395000,2197500.0,-67.66929626464844,0.4979460388184219,-67.17135022583001,256.8189241047855
4396000,2198000.0,-67.60072326660156,0.43513715961507815,-67.16558610698648,224.42483413570707
4397000,2198500.0,-67.62443542480469,0.4564706408383208,-67.16796478396637,235.42771651260796
4398000,2199000.0,-67.52227020263672,0.35677638450308047,-67.16549381813364,184.00975220427154
4399000,2199500.0,-67.59680938720703,0.4205183145872732,-67.17629107261976,216.885069263585
4400000,2200000.0,-67.51676940917969,0.3444850964190468,-67.17228431276064,177.6704400388532
4401000,2200500.0,-67.46670532226562,0.2992715853887203,-67.1674337368769,154.3512762086484
4402000,2201000.0,-67.55846405029297,0.3920842535679201,-67.16637979672505,202.22001644732407
4403000,2201500.0,-67.69497680664062,0.5251487295519882,-67.16982807708864,270.84888964789377
4404000,2202000.0,-67.6263656616211,0.45664464337546395,-67.16972101824562,235.51745945842322
4405000,2202500.0,-67.72682189941406,0.5471472413114432,-67.17967465810261,282.19476587049763
4406000,2203000.0,-67.67295837402344,0.5036770271696405,-67.1692813468538,259.7747188047685
4407000,2203500.0,-67.61857604980469,0.44759063547020084,-67.17098541433448,230.84779570412672
4408000,2204000.0,-67.60165405273438,0.4299189944597203,-67.17173505827465,221.7335313508108
4409000,2204500.0,-67.62046813964844,0.4498145968874932,-67.17065354276095,231.99481834094672
4410000,2205000.0,-67.59220123291016,0.4229644694701775,-67.16923676343998,218.14668963255482
4411000,2205500.0,-67.65354919433594,0.4825050055557355,-67.1710441887802,248.8551102766864
4412000,2206000.0,-67.5396499633789,0.3681716612682608,-67.17147830211064,189.88694067564532
4413000,2206500.0,-67.53993225097656,0.3715556863529129,-67.16837656462366,191.6322737311029
4414000,2207000.0,-67.63890838623047,0.4656952221768215,-67.17321316405365,240.18535462996775
4415000,2207500.0,-67.68013000488281,0.5175639747837346,-67.16256603009907,266.93700280207463
4416000,2208000.0,-67.57837677001953,0.4114778759984266,-67.1668988940211,212.22240397291964
4417000,2208500.0,-67.65353393554688,0.48977657890119264,-67.16375735664569,252.6054717567389
4418000,2209000.0,-67.6528549194336,0.4825324724852835,-67.1703224469483,248.86927652512512
4419000,2209500.0,-67.64027404785156,0.4740981099546825,-67.16617593789688,244.51919892282382
4420000,2210000.0,-67.59662628173828,0.42388049454486165,-67.17274578719342,218.61913555197938
4421000,2210500.0,-67.6107406616211,0.44278636703185353,-67.16795429458924,228.36996285626498
4422000,2211000.0,-67.66998291015625,0.4987094022974491,-67.1712735078588,257.2126338084511
4423000,2211500.0,-67.63311004638672,0.4718228805483356,-67.16128716583839,243.34573448556046
4424000,2212000.0,-67.80665588378906,0.6377460553038756,-67.16890982848518,328.9216963425576
4425000,2212500.0,-67.57730102539062,0.40801459839398674,-67.16928642699663,210.43619591238564
4426000,2213000.0,-67.57880401611328,0.412760495188169,-67.16604352092511,212.88392320325116
4427000,2213500.0,-67.63494873046875,0.46394341423166197,-67.17100531623709,239.28184823240375
4428000,2214000.0,-67.65425872802734,0.4849325858015735,-67.16932614222577,250.10715065518508
4429000,2214500.0,-67.6517562866211,0.47748524598030684,-67.17427104064079,246.266136466421
4430000,2215000.0,-67.5398178100586,0.3665090348411537,-67.17330877521744,189.0294302289089
4431000,2215500.0,-67.58072662353516,0.4058719658381113,-67.17485465769704,209.3311191674083
4432000,2216000.0,-67.56802368164062,0.40341980813482764,-67.1646038735058,208.0664028045933
4433000,2216500.0,-67.64631652832031,0.4659838748358077,-67.1803326534845,240.3342291254788
4434000,2217000.0,-67.54791259765625,0.37479730285020196,-67.17311529480605,193.30415862684293
4435000,2217500.0,-67.53604888916016,0.35604080960244006,-67.18000807955772,183.63037464153558
4436000,2218000.0,-67.6114501953125,0.43792838642302284,-67.17352180888948,225.86442760541271
4437000,2218500.0,-67.67088317871094,0.5016687040327512,-67.16921447467818,258.738913020482
4438000,2219000.0,-67.62730407714844,0.45345827299941527,-67.17384580414902,233.87406811080254
4439000,2219500.0,-67.71171569824219,0.5394045208357813,-67.1723111774064,278.20140717861597
4440000,2220000.0,-67.54641723632812,0.37617654407547035,-67.17024069225265,194.01551130352036
4441000,2220500.0,-67.59302520751953,0.4155995958225318,-67.177425611697,214.34820791183614
4442000,2221000.0,-67.60900115966797,0.4397404782603939,-67.16926068140758,226.79902581440138
4443000,2221500.0,-67.6280517578125,0.4569259964436733,-67.17112576136883,235.66256914228086
4444000,2222000.0,-67.5946044921875,0.4295396125733021,-67.16506487961419,221.53786266324383
4445000,2222500.0,-67.59248352050781,0.4128761395659809,-67.17960738094183,212.94356754696136
4446000,2223000.0,-67.4817123413086,0.3162706102935094,-67.16544173101508,163.1186344092231
4447000,2223500.0,-67.76464080810547,0.600181661110157,-67.16445914699531,309.5476145155973
4448000,2224000.0,-67.61144256591797,0.44584392564037734,-67.1655986402776,229.94691869286868
4449000,2224500.0,-67.68165588378906,0.5118782080353577,-67.1697776757537,264.0045314393264
4450000,2225000.0,-67.66219329833984,0.49405375538762925,-67.16813954295222,254.8114534853203
4451000,2225500.0,-67.50293731689453,0.3381724017868502,-67.16476491510768,174.4146265224132
4452000,2226000.0,-67.66204833984375,0.4904032562183654,-67.17164508362538,252.92868467904484
4453000,2226500.0,-67.66845703125,0.5028967323210137,-67.16556029892898,259.3722766365682
4454000,2227000.0,-67.5491714477539,0.37890435898455543,-67.17026708876935,195.42239967192785
4455000,2227500.0,-67.55494689941406,0.3811416688253874,-67.17380523058867,196.57630684543392
4456000,2228000.0,-67.59696197509766,0.4344646119754746,-67.16249736312218,224.07796329479817
4457000,2228500.0,-67.52377319335938,0.35524045309121854,-67.16853274026816,183.21758553972867
4458000,2229000.0,-67.56603240966797,0.40032376325525326,-67.16570864641271,206.4695974221483
4459000,2229500.0,-67.67451477050781,0.5063848171591775,-67.16812995334864,261.1712791900358
4460000,2230000.0,-67.69837188720703,0.5315793944522721,-67.16679249275477,274.1655471011556
4461000,2230500.0,-67.66704559326172,0.49794306044514686,-67.16910253281657,256.8173879893022
4462000,2231000.0,-67.53435516357422,0.3767968163667914,-67.15755834720743,194.33542079187993
4463000,2231500.0,-67.56277465820312,0.39380096042703533,-67.1689736977761,203.10541923033938
4464000,2232000.0,-67.69478607177734,0.5304455823086909,-67.16434048946866,273.5807760774872
4465000,2232500.0,-67.46098327636719,0.3014646250418759,-67.15951865132531,155.48235074350964
4466000,2233000.0,-67.66081237792969,0.4934699085500028,-67.16734246937969,254.51033066278112
4467000,2233500.0,-67.62857055664062,0.46344222618672126,-67.16512833045391,239.02335722245158
4468000,2234000.0,-67.64187622070312,0.4744919521375499,-67.16738426856557,244.7223256027972
4469000,2234500.0,-67.69425964355469,0.5300472614239369,-67.16421238213076,273.3753394777429
4470000,2235000.0,-67.57685852050781,0.40737910586469206,-67.16947941464312,210.1084364868114
4471000,2235500.0,-67.52522277832031,0.365157714635852,-67.16006506368446,188.33247800077157
4472000,2236000.0,-67.65665435791016,0.485110807453187,-67.17154355045697,250.19906963686464
4473000,2236500.0,-67.55651092529297,0.3932068797445939,-67.16330404554837,202.79901823544827
4474000,2237000.0,-67.48341369628906,0.32174751536982094,-67.16166618091924,165.94338399947998
4475000,2237500.0,-67.67222595214844,0.5087850832403991,-67.16344086890804,262.40923210960773
4476000,2238000.0,-67.61732482910156,0.45744006057606534,-67.1598847685255,235.92770107849438
4477000,2238500.0,-67.53034210205078,0.3718132418776805,-67.1585288601731,191.7651096763893
4478000,2239000.0,-67.57011413574219,0.40497155013004466,-67.16514258561214,208.86672388083983
4479000,2239500.0,-67.54960632324219,0.38043350641894513,-67.16917281682325,196.2110674557492
4480000,2240000.0,-67.68984985351562,0.5263858798510457,-67.16346397366458,271.48695800066906
4481000,2240500.0,-67.58902740478516,0.4228872367648083,-67.16614016802035,218.10685635996634
4482000,2241000.0,-67.54883575439453,0.38331219979318626,-67.16552355460135,197.69577237870527
4483000,2241500.0,-67.60997009277344,0.44940997054316706,-67.16056012223027,231.78612965921553
4484000,2242000.0,-67.7076416015625,0.5414069592065853,-67.16623464235592,279.23417785633103
4485000,2242500.0,-67.46389770507812,0.30009358051164237,-67.16380412456648,154.77522556587022
4486000,2243000.0,-67.56095886230469,0.39541315994104664,-67.16554570236364,203.93692166705546
4487000,2243500.0,-67.63442993164062,0.47015366751039567,-67.16427626413022,242.48482695123676
4488000,2244000.0,-67.5147705078125,0.34979347325575855,-67.16497703455674,180.40827008803288
4489000,2244500.0,-67.53984832763672,0.3753952245656477,-67.16445310307107,193.61254065961108
4490000,2245000.0,-67.59437561035156,0.434116060586642,-67.16025954976492,223.89819563786966
4491000,2245500.0,-67.62277221679688,0.4583820296361454,-67.16439018716073,236.41352777795723
4492000,2246000.0,-67.5474624633789,0.3791261152399729,-67.16833634813894,195.53677191006224
4493000,2246500.0,-67.59378051757812,0.4331674954880293,-67.16061302209009,223.40896698842178
4494000,2247000.0,-67.50975799560547,0.3484206887857737,-67.16133730681969,179.70024752509445
4495000,2247500.0,-67.52902221679688,0.3632136947352019,-67.16580852206167,187.32983703086256
4496000,2248000.0,-67.65680694580078,0.4932114764529822,-67.1635954693478,254.37704261962597
4497000,2248500.0,-67.6939468383789,0.5360278241497206,-67.15791901422918,276.45985379263044
4498000,2249000.0,-67.67093658447266,0.5061146815275015,-67.16482190294515,261.0319549723876
4499000,2249500.0,-67.6802978515625,0.5174098950935867,-67.16288795646891,266.85753519481324
4500000,2250000.0,-67.55705261230469,0.393566472880375,-67.16348613942431,202.9844807455345
4501000,2250500.0,-67.59054565429688,0.4277375195383481,-67.16280813475852,220.60842140195413
4502000,2251000.0,-67.60131072998047,0.4348484354747155,-67.16646229450575,224.27592277320892
4503000,2251500.0,-67.6216812133789,0.4581526166492327,-67.16352859672968,236.29520653050963
4504000,2252000.0,-67.6818618774414,0.5169972777663552,-67.16486459967506,266.6447251114194
4505000,2252500.0,-67.46804809570312,0.30315680826863123,-67.1648912874345,156.35510530284844
4506000,2253000.0,-67.68499755859375,0.5243777911839652,-67.16061976740978,270.45127314571903
4507000,2253500.0,-67.63978576660156,0.48173837174084766,-67.15804739486072,248.4597138759257
4508000,2254000.0,-67.6059341430664,0.4525875893800922,-67.15334655368632,233.42500734333302
4509000,2254500.0,-67.60489654541016,0.4447797870915954,-67.16011675831857,229.39808228110587
4510000,2255000.0,-67.66407775878906,0.5036666589483196,-67.16041109984074,259.7693713268554
4511000,2255500.0,-67.6339340209961,0.47377995267773737,-67.16015406831836,244.35510722775774
4512000,2256000.0,-67.7030029296875,0.5491446408807423,-67.15385828880676,283.2249377534028
4513000,2256500.0,-67.65966033935547,0.49945450642352196,-67.16020583293195,257.596926131487
4514000,2257000.0,-67.58100128173828,0.4276039453962938,-67.15339733634198,220.53952966514666
4515000,2257500.0,-67.52133178710938,0.3645801346563222,-67.15675165245305,188.03458735125605
4516000,2258000.0,-67.69292449951172,0.542905598961962,-67.15001890054975,280.00711110530267
4517000,2258500.0,-67.64838409423828,0.4965412878645571,-67.15184280637372,256.09441461885245
4518000,2259000.0,-67.67290496826172,0.5196165311919942,-67.15328843706972,267.9956221851798
4519000,2259500.0,-67.57421112060547,0.41578398906999026,-67.15842713153548,214.44330993441037
4520000,2260000.0,-67.63142395019531,0.47239998517707765,-67.15902396501824,243.6433799698003
4521000,2260500.0,-67.51628112792969,0.3594919729078724,-67.15678915502181,185.41033467317718
4522000,2261000.0,-67.64552307128906,0.4887771956810667,-67.156745875608,252.0900333289724
4523000,2261500.0,-67.6723403930664,0.5217615609395043,-67.1505788321269,269.1019352974108
4524000,2262000.0,-67.47515869140625,0.32222305394640116,-67.15293563745985,166.18864612847983
4525000,2262500.0,-67.60335540771484,0.4430486653995941,-67.16030674231526,228.50524495381399
4526000,2263000.0,-67.65949249267578,0.5007343732107564,-67.15875811946502,258.2570257922353
4527000,2263500.0,-67.66788482666016,0.5131524568797464,-67.1547323697804,264.66173360933306
4528000,2264000.0,-67.63375854492188,0.4809394891728091,-67.15281905574906,248.0476849699491
4529000,2264500.0,-67.67254638671875,0.519205266626047,-67.1533411200927,267.78350979726
4530000,2265000.0,-67.54795837402344,0.3986392314018436,-67.1493191426216,205.60078910862205
4531000,2265500.0,-67.57752990722656,0.42464320310238174,-67.15288670412419,219.0125074755971
4532000,2266000.0,-67.5999526977539,0.4413267255541583,-67.15862597219974,227.61714322390094
4533000,2266500.0,-67.51579284667969,0.37012135369894683,-67.14567149298074,190.89250728999613
4534000,2267000.0,-67.63423156738281,0.4876600496183211,-67.14657151776449,251.51385794542477
4535000,2267500.0,-67.66336822509766,0.5144971131762622,-67.1488711119214,265.3552488829586
4536000,2268000.0,-67.521240234375,0.36930994798192274,-67.15193028639308,190.4740194880787
4537000,2268500.0,-67.61881256103516,0.47077684287425353,-67.1480357181609,242.80623371823174
4538000,2269000.0,-67.54673767089844,0.3994889456053029,-67.14724872529314,206.03903476280337
4539000,2269500.0,-67.54359436035156,0.39740097166142024,-67.14619338869014,204.96214855421098
4540000,2270000.0,-67.70496368408203,0.5527488148250823,-67.15221486925695,285.0838140221413
4541000,2270500.0,-67.62446594238281,0.47050854707576667,-67.15395739530705,242.66785840657602
4542000,2271000.0,-67.56526184082031,0.42080619477409353,-67.14445564604623,217.03354535152764
4543000,2271500.0,-67.51203918457031,0.36076553088399294,-67.15127365368632,186.06718052335899
4544000,2272000.0,-67.5959243774414,0.44411495078073204,-67.15180942666068,229.05518860839612
4545000,2272500.0,-67.58193969726562,0.42506715526012,-67.1568725420055,219.23116357190946
4546000,2273000.0,-67.63563537597656,0.4854791963510088,-67.15015617962555,250.38906861871263
4547000,2273500.0,-67.63133239746094,0.48225391807879725,-67.14907847938214,248.72561026934326
4548000,2274000.0,-67.55154418945312,0.3941076093197249,-67.1574365801334,203.26357540100665
4549000,2274500.0,-67.6553726196289,0.5125607083172945,-67.14281191131161,264.35653542056934
4550000,2275000.0,-67.74347686767578,0.5908739287450454,-67.15260293893074,304.74709071278636
4551000,2275500.0,-67.6302490234375,0.47765580021425014,-67.15259322322325,246.35410092732278
4552000,2276000.0,-67.53990936279297,0.38668470125196736,-67.153224661541,199.43516204880126
4553000,2276500.0,-67.43436431884766,0.28214612925563265,-67.15221818959202,145.51871027572193
4554000,2277000.0,-67.52833557128906,0.37988788469252227,-67.14844768659654,195.9296594841533
4555000,2277500.0,-67.61419677734375,0.4593360208479216,-67.15486075649582,236.90555498073437
4556000,2278000.0,-67.67223358154297,0.5214966418776112,-67.15073693966536,268.96530155972374
4557000,2278500.0,-67.6518783569336,0.497987206967692,-67.1538911499659,256.8401568468473
4558000,2279000.0,-67.54305267333984,0.39201523611335815,-67.15103743722649,202.1844202440344
4559000,2279500.0,-67.52281951904297,0.3700976499912657,-67.1527218690517,190.88028194783172
4560000,2280000.0,-67.68379211425781,0.5333616268902347,-67.15043048736757,275.08474512973777
4561000,2280500.0,-67.57305145263672,0.42986070347664046,-67.14319074916008,221.70346739529646
4562000,2281000.0,-67.56681823730469,0.4167786554648636,-67.15003958183982,214.9563156287236
4563000,2281500.0,-67.6240463256836,0.47396255990282626,-67.15008376578076,244.4492880976214
4564000,2282000.0,-67.59716033935547,0.44305177234747817,-67.154108567008,228.50684738249225
4565000,2282500.0,-67.62266540527344,0.47513764086530164,-67.14752776440814,245.0553437843682
4566000,2283000.0,-67.634033203125,0.4854275131928871,-67.14860568993211,250.3624126921093
4567000,2283500.0,-67.63375854492188,0.48840463011342705,-67.14535391480845,251.89788020236705
4568000,2284000.0,-67.6695556640625,0.5141603504070297,-67.15539531365548,265.1815612836395
4569000,2284500.0,-67.61561584472656,0.46260713332559944,-67.15300871140096,238.5926526211462
4570000,2285000.0,-67.56072235107422,0.4085967804253199,-67.1521255706489,210.73646010019783
4571000,2285500.0,-67.65586853027344,0.4989097904123289,-67.15695873986111,257.31598528844063
4572000,2286000.0,-67.51634216308594,0.3638774651306318,-67.15246469795531,187.67218095072067
4573000,2286500.0,-67.59668731689453,0.4465799450906301,-67.1501073718039,230.3265255349728
4574000,2287000.0,-67.5936279296875,0.4408711618320897,-67.15275676785541,227.38218325667145
4575000,2287500.0,-67.58745574951172,0.4380878360238826,-67.14936791348784,225.94666477922158
4576000,2288000.0,-67.6880111694336,0.5300794786358118,-67.15793169079778,273.3919557153397
4577000,2288500.0,-67.6438980102539,0.49770272427180395,-67.1461952859821,256.6934330370591
4578000,2289000.0,-67.5060806274414,0.3712302240959885,-67.13485040334542,191.46441444486703
4579000,2289500.0,-67.58979034423828,0.4411577353023452,-67.14863260893594,227.52998539700505
4580000,2290000.0,-67.61474609375,0.46357210362321416,-67.15117399012678,239.09034235920404
4581000,2290500.0,-67.54696655273438,0.39355440975893036,-67.15341214297544,202.97825911180468
4582000,2291000.0,-67.60861206054688,0.457316685643652,-67.15129537490323,235.86406965072146
4583000,2291500.0,-67.56233215332031,0.4204597856993468,-67.14187236762096,216.8548826070911
4584000,2292000.0,-67.60673522949219,0.46269337169956093,-67.14404185779263,238.63713062617236
4585000,2292500.0,-67.65888214111328,0.5152857604936547,-67.14359638061963,265.7619988915167
4586000,2293000.0,-67.69926452636719,0.5603298062584117,-67.13893472010878,288.99375990337603
4587000,2293500.0,-67.5602035522461,0.4215783794365568,-67.13862517280954,217.4318046382058
4588000,2294000.0,-67.65617370605469,0.5117107443907896,-67.1444629616639,263.9181609700951
4589000,2294500.0,-67.6395492553711,0.49159233437082295,-67.14795692100027,253.54195950801082
4590000,2295000.0,-67.55164337158203,0.4088882445688317,-67.1427551270132,210.8867846372289
4591000,2295500.0,-67.58830261230469,0.4498227432222594,-67.13847986908243,231.999019866347
4592000,2296000.0,-67.73434448242188,0.5861171753507124,-67.14822730707117,302.2937640594341
4593000,2296500.0,-67.67357635498047,0.5346228142745245,-67.13895354070594,275.73521076632846
4594000,2297000.0,-67.5811538696289,0.4429603573121894,-67.13819351231672,228.4596994805518
4595000,2297500.0,-67.67158508300781,0.5345365053727535,-67.13704857763506,275.6906963861236
4596000,2298000.0,-67.58521270751953,0.44261609524213785,-67.14259661227739,228.28214406781967
4597000,2298500.0,-67.63593292236328,0.49600792622065304,-67.13992499614262,255.81932986494772
4598000,2299000.0,-67.64859008789062,0.5045250682151985,-67.14406501967542,260.2121015168264
4599000,2299500.0,-67.58129119873047,0.44045265765996344,-67.14083854107051,227.1663369945466
4600000,2300000.0,-67.62565612792969,0.4852758431661764,-67.14038028476351,250.28418788451526
4601000,2300500.0,-67.70825958251953,0.5585925010739967,-67.14966708144553,288.0977333994564
4602000,2301000.0,-67.5846939086914,0.4421750189214771,-67.14251888976993,228.05465607255618
4603000,2301500.0,-67.55679321289062,0.41487833888669284,-67.14191487400393,213.976214933029
4604000,2302000.0,-67.57514190673828,0.4359633858837375,-67.13917852085454,224.85096573399775
4605000,2302500.0,-67.64754486083984,0.5088415889480918,-67.13870327189176,262.4383752976726
4606000,2303000.0,-67.5399398803711,0.40382642956595055,-67.13611345080514,208.27612046537988
4607000,2303500.0,-67.55484771728516,0.4131715122768002,-67.14167620500835,213.09590795312772
4608000,2304000.0,-67.47789764404297,0.337160921908792,-67.14073672213418,173.89294916425413
4609000,2304500.0,-67.57818603515625,0.43878634056758886,-67.13939969458866,226.3069230630762
4610000,2305000.0,-67.6778564453125,0.5369562318062916,-67.14090021350621,276.93868610959595
4611000,2305500.0,-67.67752075195312,0.5414500877674151,-67.13607066418571,279.25642169346804
4612000,2306000.0,-67.5942153930664,0.4577637114415566,-67.13645168162485,236.0946261277593
4613000,2306500.0,-67.65203094482422,0.5145614174758849,-67.13746952734833,265.38841424578305
4614000,2307000.0,-67.65379333496094,0.521142468492196,-67.13265086646874,268.7826343213123
4615000,2307500.0,-67.66761016845703,0.5246977809217849,-67.14291238753525,270.6163099444581
4616000,2308000.0,-67.56977081298828,0.4405495087442476,-67.12922130424403,227.21628857428658
4617000,2308500.0,-67.57647705078125,0.43511846783255526,-67.1413585829487,224.41519372670106
4618000,2309000.0,-67.5824966430664,0.44756073439504146,-67.13493590867137,230.83237402917933
4619000,2309500.0,-67.67308044433594,0.538028363288244,-67.13505208104769,277.4916449288833
4620000,2310000.0,-67.53290557861328,0.39456170397179974,-67.13834387464148,203.49777768578497
4621000,2310500.0,-67.62397766113281,0.4876826911499689,-67.13629496998284,251.52553546335758
4622000,2311000.0,-67.59722900390625,0.4546323225583598,-67.1425966813479,234.479591844437
4623000,2311500.0,-67.60884094238281,0.4626527488510969,-67.14618819353171,238.61617912656538
4624000,2312000.0,-67.5628890991211,0.4322661249124263,-67.13062297420866,222.9440792226804
4625000,2312500.0,-67.71340942382812,0.5707004628897919,-67.14270896093834,294.342493843807
4626000,2313000.0,-67.62317657470703,0.4889981543748513,-67.13417842033218,252.20399421948176
4627000,2313500.0,-67.6409683227539,0.4999971060961779,-67.14097121665773,257.87677545910043
4628000,2314000.0,-67.71270751953125,0.5677798662811252,-67.14492765325012,292.8361770538156
4629000,2314500.0,-67.67174530029297,0.5310935553124472,-67.14065174498052,273.9149723893376
4630000,2315000.0,-67.65293884277344,0.5142535222491568,-67.13868532052427,265.22961527018936
4631000,2315500.0,-67.63125610351562,0.48272288606280556,-67.14853321745282,248.96748357227864
4632000,2316000.0,-67.54413604736328,0.40725308051462844,-67.13688296684866,210.04343808881217
4633000,2316500.0,-67.70295715332031,0.5660290733833543,-67.13692807993696,291.9331941735767
4634000,2317000.0,-67.66829681396484,0.5247499820181865,-67.14354683194665,270.64323300111454
4635000,2317500.0,-67.62207794189453,0.48090778885223384,-67.1411701530423,248.03133532241856
4636000,2318000.0,-67.6126937866211,0.4747888406766729,-67.13790494594443,244.87544780731866
4637000,2318500.0,-67.66273498535156,0.5193819619588593,-67.1433530233927,267.8746415700418
4638000,2319000.0,-67.56623077392578,0.4242452876655215,-67.14198548626025,218.80727998825404
4639000,2319500.0,-67.55980682373047,0.42360805786670724,-67.13619876586377,218.47862455457027
4640000,2320000.0,-67.52149200439453,0.39154124121879813,-67.12995076317573,201.93995427912603
4641000,2320500.0,-67.70702362060547,0.5647207419161805,-67.14230287868929,291.258413668104
4642000,2321000.0,-67.51044464111328,0.3716026287708274,-67.13884201234245,191.65648458995878
4643000,2321500.0,-67.53104400634766,0.3900829343895689,-67.14096107195809,201.18782300043162
4644000,2322000.0,-67.61141967773438,0.4695876155594886,-67.14183206217488,242.1928819578308
4645000,2322500.0,-67.68035888671875,0.5452827028291384,-67.13507618388961,281.23311796159214
4646000,2323000.0,-67.70580291748047,0.5629573457216425,-67.14284557175883,290.3489305551821
4647000,2323500.0,-67.67103576660156,0.5304804442154566,-67.1405553223861,273.59875633375964
4648000,2324000.0,-67.63882446289062,0.4940628258204155,-67.1447616370702,254.81613162031434
4649000,2324500.0,-67.57159423828125,0.430949187164668,-67.14064505111658,222.26485997174547
4650000,2325000.0,-67.61924743652344,0.47932806506968006,-67.13991937145376,247.21658245646364
4651000,2325500.0,-67.50992584228516,0.3762016951203552,-67.1337241471648,194.02848311930737
4652000,2326000.0,-67.68018341064453,0.5413115361117798,-67.13887187453275,279.184962771498
4653000,2326500.0,-67.6948471069336,0.5633362935429083,-67.13151081339069,290.54437537080963
4654000,2327000.0,-67.5525894165039,0.42195303620238755,-67.13063638030152,217.62503631394628
4655000,2327500.0,-67.7039566040039,0.5667780494176679,-67.13717855458624,292.3194834585946
4656000,2328000.0,-67.65919494628906,0.5238980597547804,-67.13529688653428,270.2038485255838
4657000,2328500.0,-67.50658416748047,0.38112836593548055,-67.12545580154499,196.56944579301654
4658000,2329000.0,-67.62590026855469,0.49412206337899545,-67.13177820517569,254.84668377832966
4659000,2329500.0,-67.46327209472656,0.3314742975868012,-67.13179779713977,170.96003550230947
4660000,2330000.0,-67.58750915527344,0.45507241670774656,-67.13243673856569,234.70657327844646
4661000,2330500.0,-67.72553253173828,0.5910141216025143,-67.13451841013577,304.81939609532895
4662000,2331000.0,-67.64493560791016,0.5190361559505815,-67.12589945195957,267.69628986107824
4663000,2331500.0,-67.53746795654297,0.40701860604517925,-67.13044935049778,209.92250634866443
4664000,2332000.0,-67.66755676269531,0.5236817864563739,-67.14387497623893,270.09230415836447
4665000,2332500.0,-67.61853790283203,0.487200965834991,-67.13133693699704,251.2770824835925
4666000,2333000.0,-67.56410217285156,0.4339848443626996,-67.13011732848886,223.83052001273978
4667000,2333500.0,-67.70857238769531,0.5785357492967292,-67.13003663839858,298.3835940197565
4668000,2334000.0,-67.54383850097656,0.4185547563275149,-67.12528374464905,215.8723512572629
4669000,2334500.0,-67.76837921142578,0.6340658820145343,-67.13431332941124,327.0236229149016
4670000,2335000.0,-67.55518341064453,0.43400365713470135,-67.12117975350984,223.8402228228603
4671000,2335500.0,-67.54609680175781,0.42163391393618177,-67.12446288782164,217.46044691936183
4672000,2336000.0,-67.69983673095703,0.5692225464792857,-67.13061418447775,293.5802487954004
4673000,2336500.0,-67.73450469970703,0.5960821558080311,-67.138422543899,307.43326786158616
4674000,2337000.0,-67.49591064453125,0.3642241907428552,-67.13168645378839,187.8510069514297
4675000,2337500.0,-67.55577850341797,0.42174238412230247,-67.13403611929567,217.51639112681667
4676000,2338000.0,-67.62751007080078,0.4941688923586881,-67.1333411784421,254.8708361306812
4677000,2338500.0,-67.68083953857422,0.5436647011064579,-67.13717483746777,280.39862299783164
4678000,2339000.0,-67.70404052734375,0.5677370711551655,-67.13630345618859,292.8141051878922
4679000,2339500.0,-67.58065795898438,0.452726178564678,-67.1279317804197,233.49648562110454
4680000,2340000.0,-67.74070739746094,0.6113193893344989,-67.12938800812644,315.2919706436918
4681000,2340500.0,-67.49913024902344,0.3696092043211977,-67.12952104470224,190.62836290100455
4682000,2341000.0,-67.62586975097656,0.5004255334428571,-67.12544421753371,258.097739663359
4683000,2341500.0,-67.6142349243164,0.49047352430278957,-67.12376140001362,252.96492590286007
4684000,2342000.0,-67.6419448852539,0.5169241482272263,-67.12502073702667,266.6070080736377
4685000,2342500.0,-67.78276824951172,0.6515677357617803,-67.13120051374995,336.05031837747174
4686000,2343000.0,-67.54914093017578,0.42296387358628434,-67.1261770565895,218.14638230154222
4687000,2343500.0,-67.69381713867188,0.5645627850828653,-67.129254353589,291.17694639891306
4688000,2344000.0,-67.61223602294922,0.4829772799751215,-67.1292587429741,249.09868889527874
4689000,2344500.0,-67.68681335449219,0.5543664771371168,-67.13244687735506,285.91813393264283
4690000,2345000.0,-67.70186614990234,0.576686722644994,-67.12517942725735,297.4299464388529
4691000,2345500.0,-67.61487579345703,0.49140174469821585,-67.12347404875881,253.4436616386662
4692000,2346000.0,-67.71641540527344,0.5884602922858697,-67.12795511298756,303.50224193339557
4693000,2346500.0,-67.5900650024414,0.46297591728494436,-67.12708908515646,238.78285535855684
4694000,2347000.0,-67.63084411621094,0.502515201984078,-67.12832891422686,259.1754998716045
4695000,2347500.0,-67.59174346923828,0.4621631521733849,-67.12958031706489,238.3636664400228
4696000,2348000.0,-67.71977233886719,0.5901536110444127,-67.12961872782277,304.37558215067565
4697000,2348500.0,-67.63482666015625,0.508492651093887,-67.12633400906236,262.2584083187024
4698000,2349000.0,-67.51005554199219,0.38992473690035395,-67.12013080509183,201.1062316113874
4699000,2349500.0,-67.59088134765625,0.46222844792636303,-67.12865289972989,238.3973431513955
4700000,2350000.0,-67.5535888671875,0.43016192945194626,-67.12342693773556,221.85882666087878
4701000,2350500.0,-67.53336334228516,0.40646866277217486,-67.12689467951299,209.6388695111734
4702000,2351000.0,-67.52012634277344,0.392912940907672,-67.12721340186576,202.64741735911633
4703000,2351500.0,-67.6406021118164,0.5115702104390186,-67.12903190137739,263.84567966593676
4704000,2352000.0,-67.64663696289062,0.5154810976761771,-67.13115586521445,265.86274532012993
4705000,2352500.0,-67.58522033691406,0.4628728529793783,-67.12234748393469,238.729699269331
4706000,2353000.0,-67.5583724975586,0.4394120874437302,-67.11896041011487,226.62965610433886
4707000,2353500.0,-67.6114501953125,0.4854068487603989,-67.1260433465521,250.35175487599045
4708000,2354000.0,-67.48332214355469,0.3593301848016943,-67.123991958753,185.3268913999659
4709000,2354500.0,-67.61006164550781,0.47760789031215833,-67.13245375519566,246.32939108217894
4710000,2355000.0,-67.68460845947266,0.5697461815878084,-67.11486227788485,293.8503170251094
4711000,2355500.0,-67.50736236572266,0.38081027180586013,-67.1265520939168,196.40538666659592
4712000,2356000.0,-67.62098693847656,0.493404673930458,-67.1275822645461,254.47668548137628
4713000,2356500.0,-67.61685943603516,0.4890051257298471,-67.12785431030531,252.20758974138576
4714000,2357000.0,-67.50035858154297,0.37790700540877403,-67.1224515761342,194.90800804649783
4715000,2357500.0,-67.63816833496094,0.5046120530668255,-67.13355628189412,260.2569645225876
4716000,2358000.0,-67.50550079345703,0.37453759751443466,-67.1309631959426,193.17021390248226
4717000,2358500.0,-67.54292297363281,0.4161466980580918,-67.12677627557473,214.63037946569617
4718000,2359000.0,-67.67266845703125,0.5429295315299999,-67.12973892550124,280.01945448369196
4719000,2359500.0,-67.585205078125,0.4561350577137569,-67.12907002041125,235.25463732273684
4720000,2360000.0,-67.66218566894531,0.5330216707258583,-67.12916399821945,274.90941051600106
4721000,2360500.0,-67.62085723876953,0.5007084022411594,-67.12014883652837,258.24363109491895
4722000,2361000.0,-67.6557388305664,0.5257074626851836,-67.13003136788122,271.13705991322905
4723000,2361500.0,-67.56867218017578,0.4380626150250654,-67.13060956515072,225.93365688423668
4724000,2362000.0,-67.55367279052734,0.43396432865667245,-67.11970846187067,223.81993890326527
4725000,2362500.0,-67.67135620117188,0.544474436358504,-67.12688176481338,280.8162492465184
4726000,2363000.0,-67.57568359375,0.45806659710012443,-67.11761699664987,236.25084138583176
4727000,2363500.0,-67.58260345458984,0.46440166531263855,-67.11820178927721,239.51819422255465
4728000,2364000.0,-67.64868927001953,0.5298556952729685,-67.11883357474656,273.2765379833012
4729000,2364500.0,-67.48926544189453,0.37643097202319725,-67.11283446987133,194.1467341805061
4730000,2365000.0,-67.6812744140625,0.562240108847178,-67.11903430521532,289.97901094930404
4731000,2365500.0,-67.66887664794922,0.5495637762190396,-67.11931287173017,283.4411095436057
4732000,2366000.0,-67.5116958618164,0.39687885780761534,-67.11481700400878,204.69286492156564
4733000,2366500.0,-67.525634765625,0.4121382511599496,-67.11349651446506,212.56299677869896
4734000,2367000.0,-67.58252716064453,0.465388826881531,-67.117138333763,240.02732925381653
4735000,2367500.0,-67.54835510253906,0.42655327486364464,-67.12180182767541,219.9976394707315
4736000,2368000.0,-67.60220336914062,0.4882634125855051,-67.11393995655511,251.82504633934101
4737000,2368500.0,-67.58012390136719,0.46050798838777834,-67.11961591297941,237.51000489941623
4738000,2369000.0,-67.59249114990234,0.4775657795976434,-67.1149253703047,246.30767220593148
4739000,2369500.0,-67.55130767822266,0.4319767647735062,-67.11933091344915,222.79483983976934
4740000,2370000.0,-67.54539489746094,0.4337360635308958,-67.11165883393004,223.70220967270103
4741000,2370500.0,-67.5751953125,0.4630508199765347,-67.11214449252347,238.8214869113099
4742000,2371000.0,-67.57581329345703,0.45593820059311296,-67.11987509286392,235.1531069761031
4743000,2371500.0,-67.53016662597656,0.4189812453969012,-67.11118538057966,216.09231578233903
4744000,2372000.0,-67.48729705810547,0.3778506129636465,-67.10944644514183,194.8789232743413
4745000,2372500.0,-67.66094970703125,0.5525720063396814,-67.10837770069156,284.99262389017235
4746000,2373000.0,-67.51809692382812,0.41151595962124154,-67.10658096420688,212.24204585030168
4747000,2373500.0,-67.59741973876953,0.48672964269023505,-67.1106900960793,251.03399449110813
4748000,2374000.0,-67.67079162597656,0.5483824538405663,-67.122409172136,282.83183480576395
4749000,2374500.0,-67.64924621582031,0.5307206646264823,-67.11852555119383,273.72265158083104
4750000,2375000.0,-67.60882568359375,0.49516713508455285,-67.11365854850919,255.38568634107818
4751000,2375500.0,-67.53854370117188,0.4246047527570235,-67.11393894841486,218.99267645866644
4752000,2376000.0,-67.55819702148438,0.4438901479843658,-67.11430687350001,228.93924509685516
4753000,2376500.0,-67.59256744384766,0.48486924824021344,-67.10769819560744,250.0744838939382
4754000,2377000.0,-67.49066162109375,0.37691110988786686,-67.11375051120588,194.39436842239908
4755000,2377500.0,-67.46719360351562,0.3518489472474211,-67.1153446562682,181.4683942338475
4756000,2378000.0,-67.50537872314453,0.39447948917074654,-67.11089923397378,203.4553748647844
4757000,2378500.0,-67.68798828125,0.5645211399305659,-67.12346714131944,291.15546763942115
4758000,2379000.0,-67.58150482177734,0.4720022118058195,-67.10950260997153,243.43822575372008
4759000,2379500.0,-67.5551528930664,0.4450095084406636,-67.11014338462574,229.51656256835065
4760000,2380000.0,-67.60161590576172,0.4897985814825047,-67.11181732427922,252.61681973185986
4761000,2380500.0,-67.6248550415039,0.516317020425587,-67.10853802107832,266.2938779417441
4762000,2381000.0,-67.5230484008789,0.4088308812569616,-67.11421751962195,210.85719913420425
4763000,2381500.0,-67.67427825927734,0.561091985704468,-67.11318627357288,289.38685893429806
4764000,2382000.0,-67.5138931274414,0.3975441248954736,-67.11634900254593,205.0359807703261
4765000,2382500.0,-67.64558410644531,0.5380005608716965,-67.10758354557362,277.47730565083185
4766000,2383000.0,-67.59281158447266,0.4818625263657016,-67.11094905810695,248.52374743517095
4767000,2383500.0,-67.61994171142578,0.5183556229825708,-67.10158608844321,267.3453005348511
4768000,2384000.0,-67.57176208496094,0.45960218414746656,-67.11215990081347,237.04283044212278
4769000,2384500.0,-67.67005920410156,0.5683956079896834,-67.10166359611188,293.1537498645033
4770000,2385000.0,-67.68343353271484,0.5764805112078495,-67.106953021507,297.323591542344
4771000,2385500.0,-67.64802551269531,0.5377784930621186,-67.11024701963319,277.3627727266029
4772000,2386000.0,-67.6325454711914,0.5190311033398527,-67.11351436785155,267.6936839440709
4773000,2386500.0,-67.59693145751953,0.4903620250710654,-67.10656943244847,252.90741944533735
4774000,2387000.0,-67.48556518554688,0.3821304633271945,-67.10343472221967,197.08628407251942
4775000,2387500.0,-67.60478973388672,0.5007109404667522,-67.10407879341997,258.2449402013583
4776000,2388000.0,-67.67639923095703,0.5674003877675436,-67.10899884318948,292.6404585301576
4777000,2388500.0,-67.4693374633789,0.3665317779640338,-67.10280568541488,189.04116014318376
4778000,2389000.0,-67.59540557861328,0.48372620711825615,-67.11167937149503,249.48495296435158
4779000,2389500.0,-67.5908203125,0.48050138146473137,-67.11031893103527,247.82172805602823
4780000,2390000.0,-67.59943389892578,0.4910377118112173,-67.10839618711456,253.25590929787128
4781000,2390500.0,-67.57921600341797,0.459272117767851,-67.11994388565012,236.8725965495163
4782000,2391000.0,-67.59080505371094,0.47998852900724487,-67.1108165247037,247.55722104906675
4783000,2391500.0,-67.59088134765625,0.4733544192172985,-67.11752692843895,244.13563556424208
4784000,2392000.0,-67.65734100341797,0.5493747298259756,-67.107966273592,283.34360763077234
4785000,2392500.0,-67.659423828125,0.5449601449180015,-67.11446368320699,281.066756610679
4786000,2393000.0,-67.39197540283203,0.29078791816128374,-67.10118748467075,149.97576938669778
4787000,2393500.0,-67.54740905761719,0.4399241132439677,-67.10748494437323,226.89373675742107
4788000,2394000.0,-67.62079620361328,0.5228854234512587,-67.09791078016202,269.6815747334335
4789000,2394500.0,-67.46226501464844,0.3601404640808171,-67.10212455056762,185.7447982341733
4790000,2395000.0,-67.53060913085938,0.42824898163467584,-67.1023601492247,220.87221132106052
4791000,2395500.0,-67.56069946289062,0.4627524921735038,-67.09794697071712,238.66762239702086
4792000,2396000.0,-67.6002426147461,0.5034549509529359,-67.09678766379315,259.660181544509
4793000,2396500.0,-67.49686431884766,0.39907050203616756,-67.09779381681149,205.8232197570672
4794000,2397000.0,-67.60725402832031,0.509438001149877,-67.09781602717044,262.7459787889041
4795000,2397500.0,-67.57502746582031,0.4722830351636062,-67.10274443065671,243.58306223596503
4796000,2398000.0,-67.6888656616211,0.5855524441232463,-67.10331321749784,302.0025002377751
4797000,2398500.0,-67.64401245117188,0.5399909839712133,-67.10402146720067,278.5038793738485
4798000,2399000.0,-67.62445068359375,0.5184340100516641,-67.10601667354209,267.3857291780753
4799000,2399500.0,-67.54522705078125,0.44497902595249345,-67.10024802482876,229.5008410258428
4800000,2400000.0,-67.60009765625,0.5011881868429767,-67.09890946940702,258.4910831391869
4801000,2400500.0,-67.65253448486328,0.5515072909708829,-67.10102719389239,284.44348997971593
4802000,2401000.0,-67.70713806152344,0.6095287841717821,-67.09760927735165,314.3684543275934
4803000,2401500.0,-67.58824920654297,0.4831184323207276,-67.10513077422225,249.1714891400993
4804000,2402000.0,-67.58789825439453,0.49288982297758727,-67.09500843141694,254.21114773735817
4805000,2402500.0,-67.50328063964844,0.40808568733908906,-67.09519495230934,210.47286050046077
4806000,2403000.0,-67.48082733154297,0.38177375833537125,-67.0990535732076,196.9023111415564
4807000,2403500.0,-67.47064208984375,0.36952021136338786,-67.10112187848036,190.58246420135455
4808000,2404000.0,-67.61067199707031,0.5062329314816393,-67.10443906558868,261.092943159118
4809000,2404500.0,-67.4293212890625,0.3288447490980688,-67.10047653996443,169.60382868246995
4810000,2405000.0,-67.63079833984375,0.5302254454532116,-67.10057289439054,273.46723905545537
4811000,2405500.0,-67.59357452392578,0.4974125277284614,-67.09616199619732,256.54376227310036
4812000,2406000.0,-67.51895904541016,0.42061648068818125,-67.09834256472197,216.93569907174373
4813000,2406500.0,-67.47250366210938,0.37401763021760226,-67.09848603189177,192.90203737062544
4814000,2407000.0,-67.6937255859375,0.5894477779546033,-67.1042778079829,304.01154412126886
4815000,2407500.0,-67.55662536621094,0.45862906630365263,-67.09799629990728,236.54093855386017
4816000,2408000.0,-67.61174774169922,0.5129041936743851,-67.09884354802483,264.53369023851525
4817000,2408500.0,-67.70036315917969,0.6069079163593245,-67.09345524282037,313.01672462327963
4818000,2409000.0,-67.60002136230469,0.5050872512024999,-67.09493411110219,260.5020510669651
4819000,2409500.0,-67.50989532470703,0.4190626690608496,-67.09083265564618,216.13431056920695
4820000,2410000.0,-67.56936645507812,0.47870896893132076,-67.09065748614681,246.89727957668146
4821000,2410500.0,-67.4967041015625,0.40428392748075725,-67.09242017408174,208.51207800515596
4822000,2411000.0,-67.59931182861328,0.503157397040489,-67.0961544315728,259.5067161693468
4823000,2411500.0,-67.70933532714844,0.60091361019765,-67.10842171695079,309.92512204150404
4824000,2412000.0,-67.57023620605469,0.4739212578588847,-67.0963149481958,244.42798629850765
4825000,2412500.0,-67.6010971069336,0.5067151172547041,-67.0943819896789,261.341633623151
4826000,2413000.0,-67.64778137207031,0.5546998976470692,-67.09308147442324,286.0900977398931
4827000,2413500.0,-67.53075408935547,0.4355570328279313,-67.09519705652754,224.64138648953488
4828000,2414000.0,-67.56794738769531,0.4696771962429796,-67.09827019145233,242.23908378084224
4829000,2414500.0,-67.57398986816406,0.4745937172873334,-67.09939615087673,244.77481164393689
4830000,2415000.0,-67.66891479492188,0.5677330574027292,-67.10118173751914,292.81203506883924
4831000,2415500.0,-67.56913757324219,0.4652516949318891,-67.1038858783103,239.95660255449187
4832000,2416000.0,-67.55103302001953,0.4555866081036624,-67.09544641191587,234.97177085165418
4833000,2416500.0,-67.55594635009766,0.45704303328846957,-67.09890331680919,235.72293165993943
4834000,2417000.0,-67.70832824707031,0.606465113178616,-67.1018631338917,312.78834598865967
4835000,2417500.0,-67.51617431640625,0.4139030831234312,-67.10227123328282,213.47322039883775
4836000,2418000.0,-67.51990509033203,0.4214936028308884,-67.09841148750114,217.3880805497309
4837000,2418500.0,-67.68622589111328,0.5840787464528912,-67.10214714466039,301.2424310321752
4838000,2419000.0,-67.625244140625,0.5197462988143491,-67.10549784181065,268.0625506845728
4839000,2419500.0,-67.52713012695312,0.42463576657953067,-67.1024943603736,219.00867204033142
4840000,2420000.0,-67.50309753417969,0.40377690070470895,-67.09932063347497,208.250575631473
4841000,2420500.0,-67.52690887451172,0.42950216953597975,-67.09740670497574,221.5185511720165
4842000,2421000.0,-67.55941009521484,0.4663964424135541,-67.09301365280129,240.54701355025054
4843000,2421500.0,-67.61920928955078,0.5260509751835932,-67.09315831436719,271.3142287294876
4844000,2422000.0,-67.5833969116211,0.4821106718194901,-67.10128623980161,248.6517300748455
4845000,2422500.0,-67.53663635253906,0.44481348580897356,-67.09182286673008,229.41546261484908
4846000,2423000.0,-67.6115951538086,0.5176200072034592,-67.09397514660513,266.9659018887765
4847000,2423500.0,-67.60261535644531,0.508113625033166,-67.09450173141215,262.0629231505645
4848000,2424000.0,-67.54359436035156,0.45715789188903244,-67.08643646846252,235.7821707338976
4849000,2424500.0,-67.51981353759766,0.42799524688662344,-67.09181829071103,220.74134596633766
4850000,2425000.0,-67.64692687988281,0.5510409568026347,-67.09588592308017,284.20297508447345
4851000,2425500.0,-67.68270111083984,0.5845380900107172,-67.09816302082913,301.4793404744017
4852000,2426000.0,-67.56343078613281,0.4720869369598472,-67.09134384917297,243.48192330567497
4853000,2426500.0,-67.71944427490234,0.6249051787303082,-67.09453909617204,322.29893032154206
4854000,2427000.0,-67.58399200439453,0.4892507768705109,-67.09474122752403,252.3342859227633
4855000,2427500.0,-67.63001251220703,0.5329792488548881,-67.09703326335215,274.88753115877813
4856000,2428000.0,-67.50202941894531,0.4057944992193902,-67.09623491972592,209.2911652524797
4857000,2428500.0,-67.71063232421875,0.61886248652477,-67.09176983769397,319.1823723213918
4858000,2429000.0,-67.53849029541016,0.4428404403537844,-67.09564985505637,228.397851525475
4859000,2429500.0,-67.55552673339844,0.4699342305755819,-67.08559250282286,242.37165091786287
4860000,2430000.0,-67.55500030517578,0.46729382662872865,-67.08770647854705,241.00984532454603
4861000,2430500.0,-67.56116485595703,0.4697880668660155,-67.09137678909102,242.29626602932535
4862000,2431000.0,-67.57584381103516,0.48428516393410387,-67.09155864710105,249.77323859547676
4863000,2431500.0,-67.71089172363281,0.620371540076747,-67.09052018355607,319.9606765540248
4864000,2432000.0,-67.48139953613281,0.39978558875280357,-67.08161394738,206.19203040499173
4865000,2432500.0,-67.59184265136719,0.5074601522239135,-67.08438249914327,261.72589027808255
4866000,2433000.0,-67.66498565673828,0.5774285810970814,-67.0875570756412,297.81256478431703
4867000,2433500.0,-67.72394561767578,0.6389346363270613,-67.08501098134872,329.53471477385233
4868000,2434000.0,-67.50328826904297,0.42374245567033836,-67.07954581337263,218.54794110021945
4869000,2434500.0,-67.59774017333984,0.5134156384721494,-67.08432453486769,264.79747123577454
4870000,2435000.0,-67.51988983154297,0.4368077776932263,-67.08308205384974,225.28646632870152
4871000,2435500.0,-67.5929946899414,0.5019769242407153,-67.09101776570068,258.8978796072723
4872000,2436000.0,-67.55982208251953,0.4717795761110873,-67.08804250640844,243.32339993901107
4873000,2436500.0,-67.50640869140625,0.41391048131166974,-67.09249821009458,213.47703606277648
4874000,2437000.0,-67.59593200683594,0.5084691347255774,-67.08746287211036,262.2462795980434
4875000,2437500.0,-67.47406768798828,0.3886962063699964,-67.08537148161828,200.47260896065805
4876000,2438000.0,-67.57876586914062,0.4942259596903719,-67.08453990945026,254.90026897999024
4877000,2438500.0,-67.49954223632812,0.4062861760714068,-67.09325606025672,209.54475080251595
4878000,2439000.0,-67.6908187866211,0.6009880490226776,-67.08983073759842,309.96351435204554
4879000,2439500.0,-67.50973510742188,0.42274488669912513,-67.08699022072275,218.03343838318764
4880000,2440000.0,-67.5350112915039,0.4498718333560809,-67.08513945814782,232.0243384237194
4881000,2440500.0,-67.62679290771484,0.5386008025922022,-67.08819210512264,277.7868842413733
4882000,2441000.0,-67.68219757080078,0.5979514900972214,-67.08424608070356,308.39738923923824
4883000,2441500.0,-67.55039978027344,0.4636538689934505,-67.08674591127999,239.13251338332336
4884000,2442000.0,-67.61087036132812,0.5264746332983257,-67.0843957280298,271.53273317119783
4885000,2442500.0,-67.59595489501953,0.5107961327664268,-67.0851587622531,263.44644404691206
4886000,2443000.0,-67.52149963378906,0.4308020004291125,-67.09069763335995,222.18894745086757
4887000,2443500.0,-67.56944274902344,0.48910065020416976,-67.08034209881927,252.25685711336732
4888000,2444000.0,-67.50402069091797,0.42374475124160604,-67.08027593967637,218.54912505610466
4889000,2444500.0,-67.500732421875,0.41885163055717467,-67.08188079131783,216.02546608158517
4890000,2445000.0,-67.62354278564453,0.5364521193960476,-67.08709066624849,276.6786868391249
4891000,2445500.0,-67.66412353515625,0.5820784267443875,-67.08204510841186,300.2107530683892
4892000,2446000.0,-67.54411315917969,0.45869632648024294,-67.08541683269945,236.57562842955033
4893000,2446500.0,-67.51725769042969,0.4320540102542366,-67.08520368017545,222.83467970133387
4894000,2447000.0,-67.503662109375,0.42262471136914714,-67.08103739800585,217.97145717128342
4895000,2447500.0,-67.61552429199219,0.5308737457562863,-67.0846505462359,273.8016041740685
4896000,2448000.0,-67.57500457763672,0.48376289390318283,-67.09124168373354,249.503874413463
4897000,2448500.0,-67.57992553710938,0.49767704910178284,-67.0822484880076,256.6801909003073
4898000,2449000.0,-67.60725402832031,0.5162083082641742,-67.09104572005614,266.2378089339508
4899000,2449500.0,-67.52454376220703,0.4397257023894314,-67.0848180598176,226.79140506237712
4900000,2450000.0,-67.44795227050781,0.3565901664903191,-67.09136210401749,183.91370904706562
4901000,2450500.0,-67.47928619384766,0.3908064368380366,-67.08847975700962,201.56097411705375
4902000,2451000.0,-67.58279418945312,0.4911886119072867,-67.09160557754583,253.3337370087048
4903000,2451500.0,-67.57846069335938,0.48275180823137975,-67.09570888512799,248.9824003697566
4904000,2452000.0,-67.58185577392578,0.4860898228746364,-67.09576595105115,250.70400323933941
4905000,2452500.0,-67.58262634277344,0.48288848247726346,-67.09973786029617,249.0528910053764
4906000,2453000.0,-67.4592056274414,0.3673812349975682,-67.09182439244384,189.47927316029543
4907000,2453500.0,-67.62841796875,0.5322035942536717,-67.09621437449633,274.48748222850844
4908000,2454000.0,-67.58626556396484,0.49230937230624083,-67.0939561916586,253.91177650977534
4909000,2454500.0,-67.50834655761719,0.4125659583737952,-67.0957805992434,212.78358956974182
4910000,2455000.0,-67.6618423461914,0.565565691258397,-67.096276654933,291.6942018139561
4911000,2455500.0,-67.6103515625,0.5147112001803589,-67.09564036231964,265.46566565459796
4912000,2456000.0,-67.44524383544922,0.3476503386162304,-67.09759349683299,179.30293439013005
4913000,2456500.0,-67.5386734008789,0.4375717938325962,-67.10110160704632,225.68051264620465
4914000,2457000.0,-67.65251159667969,0.5536391213109587,-67.09887247536872,285.54299541129114
4915000,2457500.0,-67.49974060058594,0.40544088800532585,-67.09429971258061,209.1087879576168
4916000,2458000.0,-67.5588150024414,0.4597263385626294,-67.09908866387877,237.10686389321847
4917000,2458500.0,-67.71086120605469,0.613468417238494,-67.0973927888162,316.4003458312619
4918000,2459000.0,-67.56977844238281,0.47332799888955657,-67.09645044349325,244.12200910752546
4919000,2459500.0,-67.51748657226562,0.42507882957588106,-67.09240774268974,219.23718467656676
4920000,2460000.0,-67.71630096435547,0.6130315607314636,-67.10326940362401,316.1750342324591
4921000,2460500.0,-67.5411376953125,0.4446080980834462,-67.09652959722905,229.3095325529905
4922000,2461000.0,-67.50270080566406,0.4024381633824566,-67.1002626422816,207.56011310751035
4923000,2461500.0,-67.57503509521484,0.4734721600199514,-67.10156293519489,244.19636115276631
4924000,2462000.0,-67.58000946044922,0.4721251431876621,-67.10788431726155,243.50162841738708
4925000,2462500.0,-67.6796875,0.5768568091914206,-67.10283069080857,297.5176696868611
4926000,2463000.0,-67.4297866821289,0.33716595338965794,-67.09262072873925,173.8955441833966
4927000,2463500.0,-67.61531829833984,0.5114369797589798,-67.10388131858086,263.7769650719087
4928000,2464000.0,-67.56288146972656,0.45806122169715047,-67.10482024802941,236.2480689866142
4929000,2464500.0,-67.57135772705078,0.47218733566793275,-67.09917039138284,243.53370459557783
4930000,2465000.0,-67.59151458740234,0.4889475902755106,-67.10256699712683,252.17791545475893
4931000,2465500.0,-67.62755584716797,0.5243647313171713,-67.10319111585079,270.4445374340605
4932000,2466000.0,-67.52587127685547,0.4346487964614557,-67.09122248039401,224.172957647276
4933000,2466500.0,-67.62164306640625,0.5278047154310699,-67.09383835097518,272.2187317246012
4934000,2467000.0,-67.48410034179688,0.39258308699657307,-67.09151725480031,202.477293048536
4935000,2467500.0,-67.60838317871094,0.5154336735190962,-67.09294950519184,265.8382860011503
4936000,2468000.0,-67.52062225341797,0.42457277444586256,-67.0960494789721,218.9761834356744
4937000,2468500.0,-67.68238830566406,0.5854619972336736,-67.09692630843038,301.95585166331557
4938000,2469000.0,-67.58895111083984,0.4918119158431951,-67.09713919499664,253.6552100875752
4939000,2469500.0,-67.5119857788086,0.4246261782600605,-67.08735960054854,219.00372680189525
4940000,2470000.0,-67.48611450195312,0.38827685755860963,-67.09783764439452,200.25632707031403
4941000,2470500.0,-67.55046081542969,0.45001823541264047,-67.10044258001705,232.09984624127645
4942000,2471000.0,-67.608642578125,0.5115011326005686,-67.09714144552443,263.81005231926224
4943000,2471500.0,-67.58473205566406,0.48998562652354904,-67.09474642914051,252.7132894343082
4944000,2472000.0,-67.55809783935547,0.4672864829164402,-67.09081135643903,241.00605775693464
4945000,2472500.0,-67.50782775878906,0.4108661388709863,-67.09696161991808,211.9068965511175
4946000,2473000.0,-67.4290771484375,0.3347173093295382,-67.09435983910797,172.63264000500862
4947000,2473500.0,-67.76636505126953,0.6659654018944182,-67.1003996493751,343.4760087887822
4948000,2474000.0,-67.57200622558594,0.4718508835138621,-67.10015534207207,243.36017719805864
4949000,2474500.0,-67.5311050415039,0.43333456262841413,-67.09777047887549,223.49513295802907
4950000,2475000.0,-67.49762725830078,0.40108144420772995,-67.09654581409305,206.86037632560436
4951000,2475500.0,-67.58021545410156,0.4815814627501861,-67.09863399135138,248.37878703843205
4952000,2476000.0,-67.49153900146484,0.39799330034782116,-67.09354570111702,205.2676459456931
4953000,2476500.0,-67.45402526855469,0.3639557419675345,-67.09006952658716,187.71255274097206
4954000,2477000.0,-67.47826385498047,0.38502126419956134,-67.0932425907809,198.57723351676864
4955000,2477500.0,-67.65369415283203,0.5568745112045371,-67.09681964162749,287.2116688954702
4956000,2478000.0,-67.57247924804688,0.475293256629645,-67.09718599141723,245.13560363193568
4957000,2478500.0,-67.49872589111328,0.40116840074317234,-67.09755749037011,206.90522472710825
4958000,2479000.0,-67.53011322021484,0.4335337594127592,-67.09657946080209,223.59787000150877
4959000,2479500.0,-67.60537719726562,0.5047115649885576,-67.10066563227707,260.3082884466326
4960000,2480000.0,-67.5751953125,0.47281539598739775,-67.1023799165126,243.85763081035535
4961000,2480500.0,-67.63565063476562,0.5303073997071551,-67.10534323505847,273.5095074975812
4962000,2481000.0,-67.49886322021484,0.4071461123567588,-67.09171710785809,209.9882685622451
4963000,2481500.0,-67.52269744873047,0.43023019834110693,-67.09246725038936,221.89403678667006
4964000,2482000.0,-67.6250228881836,0.5275078191357941,-67.0975150690478,272.0656055197932
4965000,2482500.0,-67.5697021484375,0.47534036313153605,-67.09436178530596,245.15989911817493
4966000,2483000.0,-67.56334686279297,0.4699471552814888,-67.09339970751148,242.37831691941042
4967000,2483500.0,-67.44198608398438,0.3482227494710743,-67.0937633345133,179.59815902980333
4968000,2484000.0,-67.50144958496094,0.40754039365723954,-67.0939091913037,210.19162171999767
4969000,2484500.0,-67.57404327392578,0.486822324919224,-67.08722094900656,251.08179595648187
4970000,2485000.0,-67.56364440917969,0.4735736368829816,-67.09007077229671,244.24869850812874
4971000,2485500.0,-67.60043334960938,0.5146636765245216,-67.08576967308485,265.44115501848444
4972000,2486000.0,-67.6414566040039,0.5615717767712652,-67.07988482723265,289.6343143129217
4973000,2486500.0,-67.4308090209961,0.3408855821416302,-67.08992343885447,175.8139670237861
4974000,2487000.0,-67.50331115722656,0.4093495373235954,-67.09396161990297,211.12469939051596
4975000,2487500.0,-67.50868225097656,0.4095166630178795,-67.09916558795868,211.21089555967947
4976000,2488000.0,-67.55996704101562,0.4705437643459889,-67.08942327666963,242.68602194387384
4977000,2488500.0,-67.58544921875,0.49860320007698333,-67.08684601867301,257.15785931910625
4978000,2489000.0,-67.46456909179688,0.37129913516989344,-67.09326995662698,191.4999557816375
4979000,2489500.0,-67.5090560913086,0.4216596596285215,-67.08739643168008,217.47372542846034
4980000,2490000.0,-67.56330871582031,0.46876955117615166,-67.09453916464416,241.7709599052414
4981000,2490500.0,-67.43206024169922,0.34644410738282333,-67.0856161343164,178.68081274755153
4982000,2491000.0,-67.7147216796875,0.621428846133116,-67.09329283355439,320.5059890631684
4983000,2491500.0,-67.62432098388672,0.5302980463398799,-67.09402293754684,273.5046834372752
4984000,2492000.0,-67.58043670654297,0.48733831024696583,-67.093098396296,251.34791876175402
4985000,2492500.0,-67.6188735961914,0.5247559659374028,-67.094117630254,270.64631924656135
4986000,2493000.0,-67.54727172851562,0.4614037013748114,-67.08586802714082,237.97197472687458
4987000,2493500.0,-67.42308044433594,0.3328343136906297,-67.09024613064531,171.66147269694852
4988000,2494000.0,-67.64262390136719,0.5484365711890411,-67.09418733017814,282.8597461819518
4989000,2494500.0,-67.58650207519531,0.49301715781014094,-67.09348491738517,254.27682150951048
4990000,2495000.0,-67.53429412841797,0.44698574975779143,-67.08730837866018,230.5358219444078
4991000,2495500.0,-67.65677642822266,0.5639750774318512,-67.09280135079081,290.8738323366348
4992000,2496000.0,-67.66490936279297,0.580035027834627,-67.08487433495834,299.15685672498853
4993000,2496500.0,-67.52356719970703,0.4278494192060914,-67.09571778050093,220.66613438697092
4994000,2497000.0,-67.53343200683594,0.4464807571000743,-67.08695124973586,230.27536868054915
4995000,2497500.0,-67.55776977539062,0.470684573492155,-67.08708520189847,242.75864518134009
4996000,2498000.0,-67.52218627929688,0.4408198060062897,-67.08136647329059,227.35569615385253
4997000,2498500.0,-67.46017456054688,0.3665453558502187,-67.09362920469665,189.0481630267289
4998000,2499000.0,-67.44916534423828,0.3659099618487207,-67.08325538238957,188.7204544175098
4999000,2499500.0,-67.5311279296875,0.4403723162523321,-67.09075561343516,227.12490038844786
5000000,2500000.0,-67.58895111083984,0.5063653776523886,-67.08258573318746,261.1612531373525
