{
  "mae": 0.007213399279862642,
  "rmse": 0.008169792592525482,
  "r2": 0.9175991415977478,
  "mean_error": 0.006181551143527031,
  "std_error": 0.005341716576367617,
  "max_abs_error": 0.033974647521972656,
  "mae_kcal_mol": 0.16634351015090942,
  "rmse_kcal_mol": 0.18839828670024872,
  "mean_error_kcal_mol": 0.14254873991012573,
  "std_error_kcal_mol": 0.12318185716867447,
  "max_abs_error_kcal_mol": 0.7834672927856445,
  "mae_overall": 0.030404282733798027,
  "rmse_overall": 0.04434790462255478,
  "r2_overall": 0.9998934268951416,
  "r_overall": 0.999948870147759,
  "mae_x": 0.03368733450770378,
  "mae_y": 0.0415976345539093,
  "mae_z": 0.015927879139780998,
  "r2_x": 0.9999042749404907,
  "r2_y": 0.9999112486839294,
  "r2_z": 0.999858021736145,
  "mae_components": [
    0.0160458255559206,
    0.016860976815223694,
    0.01730828359723091
  ],
  "mae_magnitude": 0.05983508378267288,
  "rmse_magnitude": 0.07344438880681992,
  "r2_magnitude": 0.9997856020927429,
  "mae_overall_kcal_mol_ang": 0.38599249720573425,
  "rmse_overall_kcal_mol_ang": 0.6041037440299988,
  "mae_x_kcal_mol_ang": 0.37002235651016235,
  "mae_y_kcal_mol_ang": 0.38882002234458923,
  "mae_z_kcal_mol_ang": 0.3991350829601288,
  "mae_magnitude_kcal_mol_ang": 0.5165451765060425,
  "rmse_magnitude_kcal_mol_ang": 0.7819170951843262,
  "r": 0.9917909954185687,
  "mae_overall_debye": 0.030404282733798027,
  "rmse_overall_debye": 0.04434790462255478,
  "mae_x_debye": 0.03368733450770378,
  "mae_y_debye": 0.0415976345539093,
  "mae_z_debye": 0.015927879139780998,
  "mae_magnitude_debye": 0.05983508378267288,
  "rmse_magnitude_debye": 0.07344438880681992
}